{
  "DroneRoutingOptimizationSlow": {
    "init_time": 8.691626071929932,
    "step_times": [
      8.281734228134155,
      7.982249975204468,
      8.074563026428223,
      7.906576871871948,
      7.951632261276245
    ],
    "total_time": 48.88838243484497
  },
  "DroneRoutingOptimizationModelReuse": {
    "init_time": 8.155108213424683,
    "step_times": [
      2.9874660968780518,
      2.8662211894989014,
      2.847371816635132,
      2.9134361743927,
      2.858222007751465
    ],
    "total_time": 22.627825498580933
  },
  "DroneRoutingOptimizationModelReuseIndex": {
    "init_time": 3.3185298442840576,
    "step_times": [
      4.595256805419922,
      4.45128607749939,
      4.460368871688843,
      4.465072154998779,
      4.455347061157227
    ],
    "total_time": 25.745860815048218
  },
  "comparisons": {
    "model_reuse_vs_slow": 2.1605426662809877,
    "model_reuse_index_vs_slow": 1.8988831947025118,
    "model_reuse_index_vs_model_reuse": 0.8788917822998242,
    "solutions_match": true
  }
}