{
  "DroneRoutingOptimizationModelReuse": {
    "init_time": 8.161801099777222,
    "step_times": [
      5.245208740234375e-06,
      1.174861192703247,
      0.938507080078125,
      0.9351789951324463,
      0.9540371894836426
    ],
    "total_time": 12.164390802383423
  },
  "DroneRoutingOptimizationModelReuseIndex": {
    "init_time": 2.0661349296569824,
    "step_times": [
      5.9604644775390625e-06,
      1.3988842964172363,
      0.8499910831451416,
      0.847832202911377,
      0.8669588565826416
    ],
    "total_time": 6.0298073291778564
  },
  "comparisons": {
    "model_reuse_index_vs_model_reuse": 2.017376366823647,
    "solution_match": false
  }
}