{
  "avg_time_to_detection": 0.0,
  "device_percentages": {
    "ground sensor": 0.0,
    "charging station": 0.0,
    "drone": 0.0,
    "undetected": 100.0
  },
  "avg_execution_time": 1.4878142161000056e-05,
  "avg_fire_size": 10095.333333333334,
  "avg_fire_percentage": 21.504597578726877,
  "avg_map_explored": 0.22224589058117653,
  "avg_distance": 409.0,
  "avg_drone_entropy": 1.5871731848161141,
  "avg_sensor_entropy": 2.3025850929940455,
  "raw_execution_times": [
    2.946636893532493e-05,
    8.043315675523547e-06,
    7.124741872151693e-06
  ],
  "raw_fire_sizes": [
    