layout_number,scenario_number,season_number,seasonal_match,historical_match,big_fire,small_fire,fast_fire,slow_fire
0004,00225,2.0,False,False,True,False,False,True
0004,00640,2.0,False,False,True,False,False,True
0004,00591,2.0,False,False,True,False,False,True
0004,00993,2.0,False,False,True,False,False,True
0004,00732,2.0,False,False,True,False,False,True
0004,00304,2.0,False,False,True,False,False,True
0004,00590,2.0,False,False,True,False,False,True
0004,00584,2.0,False,False,True,False,False,True
0004,00583,2.0,False,False,True,False,False,True
0004,00945,2.0,False,False,True,False,True,False
0004,00582,2.0,False,False,True,False,False,True
0004,00296,2.0,False,False,True,False,False,True
0004,00652,2.0,False,False,True,False,False,True
0004,00644,2.0,False,False,True,False,False,True
0004,00592,2.0,False,False,True,False,False,True
0004,00205,2.0,False,False,True,False,False,True
0004,01174,2.0,False,False,True,False,False,True
0058,01359,,False,False,True,False,False,True
0058,00088,,False,False,True,False,False,True
0058,01961,,False,False,True,False,False,True
0058,00017,,False,False,True,False,False,True
0058,00213,,False,False,True,False,False,True
0058,02312,,False,False,True,False,False,True
0058,01960,,False,False,True,False,False,True
0058,03062,,False,False,True,False,False,True
0058,03091,,False,False,True,False,False,True
0058,00018,,False,False,True,False,False,True
0058,02313,,False,False,True,False,False,True
0058,02914,,False,False,True,False,False,True
0058,02913,,False,False,True,False,False,True
0058,03712,,False,False,True,False,False,True
0058,01841,,False,False,True,False,False,True
0058,01246,,False,False,True,False,False,True
0058,03542,,False,False,True,False,False,True
0058,01020,,False,False,True,False,False,True
0058,02007,,False,False,True,False,False,True
0058,00554,,False,False,True,False,False,True
0058,02832,,False,False,True,False,False,True
0058,00553,,False,False,True,False,False,True
0058,02452,,False,False,True,False,False,True
0058,02009,,False,False,True,False,False,True
0058,01840,,False,False,True,False,False,True
0058,03714,,False,False,True,False,False,True
0058,03713,,False,False,True,False,False,True
0058,01222,,False,False,True,False,False,True
0058,03544,,False,False,True,False,False,True
0058,01019,,False,False,True,False,False,True
0058,03308,,False,False,True,False,False,True
0058,02681,,False,False,True,False,False,True
0058,01838,,False,False,True,False,False,True
0058,00122,,False,False,True,False,False,True
0058,01467,,False,False,True,False,False,True
0058,01469,,False,False,True,False,False,True
0058,02471,,False,False,True,False,False,True
0058,02015,,False,False,True,False,False,True
0058,02046,,False,False,True,False,False,True
0058,02070,,False,False,True,False,False,True
0058,01601,,False,False,True,False,False,True
0058,02470,,False,False,True,False,False,True
0058,02014,,False,False,True,False,False,True
0058,03132,,False,False,True,False,False,True
0058,01837,,False,False,True,False,False,True
0058,03307,,False,False,True,False,False,True
0058,00576,,False,False,True,False,False,True
0058,00578,,False,False,True,False,False,True
0058,03309,,False,False,True,False,False,True
0058,02680,,False,False,True,False,False,True
0058,01839,,False,False,True,False,False,True
0058,00345,,False,False,True,False,False,True
0058,02071,,False,False,True,False,False,True
0058,03226,,False,False,True,False,False,True
0058,03448,,False,False,True,False,False,True
0058,03228,,False,False,True,False,False,True
0058,03446,,False,False,True,False,False,True
0058,03076,,False,False,True,False,False,True
0058,01973,,False,False,True,False,False,True
0058,02962,,False,False,True,False,False,True
0058,00652,,False,False,True,False,False,True
0058,02595,,False,False,True,False,False,True
0058,02963,,False,False,True,False,False,True
0058,01972,,False,False,True,False,False,True
0058,03077,,False,False,True,False,False,True
0058,02327,,False,False,True,False,False,True
0058,00219,,False,False,True,False,False,True
0058,02549,,False,False,True,False,False,True
0058,00687,,False,False,True,False,False,True
0058,02547,,False,False,True,False,False,True
0058,02974,,False,False,True,False,False,True
0058,02973,,False,False,True,False,False,True
0058,00627,,False,False,True,False,False,True
0058,00686,,False,False,True,False,False,True
0058,00220,,False,False,True,False,False,True
0058,00628,,False,False,True,False,False,True
0058,02838,,False,False,True,False,False,True
0058,02467,,False,False,True,False,False,True
0058,01220,,False,False,True,False,False,True
0058,02831,,False,False,True,False,False,True
0058,02469,,False,False,True,False,False,True
0058,01842,,False,False,True,False,False,True
0058,01619,,False,False,True,False,False,True
0058,01245,,False,False,True,False,False,True
0058,02830,,False,False,True,False,False,True
0058,02468,,False,False,True,False,False,True
0058,02466,,False,False,True,False,False,True
0058,00349,,False,False,True,False,False,True
0058,02848,,False,False,True,False,False,True
0058,00347,,False,False,True,False,False,True
0058,01602,,False,False,True,False,False,True
0058,00121,,False,False,True,False,False,True
0058,03130,,False,False,True,False,False,True
0058,02472,,False,False,True,False,False,True
0058,01603,,False,False,True,False,False,True
0058,02849,,False,False,True,False,False,True
0058,02474,,False,False,True,False,False,True
0058,03131,,False,False,True,False,False,True
0058,01145,,False,False,True,False,False,True
0058,02136,,False,False,True,False,False,True
0058,00453,,False,False,True,False,False,True
0058,00454,,False,False,True,False,False,True
0058,02138,,False,False,True,False,False,True
0058,02107,,False,False,True,False,False,True
0058,00650,,False,False,True,False,False,True
0058,02332,,False,False,True,False,False,True
0058,01144,,False,False,True,False,False,True
0058,01971,,False,False,True,False,False,True
0058,02333,,False,False,True,False,False,True
0058,02106,,False,False,True,False,False,True
0058,00651,,False,False,True,False,False,True
0058,02334,,False,False,True,False,False,True
0058,02596,,False,False,True,False,False,True
0250,01845,,False,False,True,False,False,True
0250,02639,,False,False,True,False,False,True
0250,00151,,False,False,True,False,False,True
0250,02056,,False,False,True,False,False,True
0250,02638,,False,False,True,False,False,True
0250,01843,,False,False,True,False,False,True
0250,02316,,False,False,True,False,False,True
0250,02540,,False,False,True,False,False,True
0250,02541,,False,False,True,False,False,True
0250,00621,,False,False,True,False,False,True
0250,01510,,False,False,True,False,False,True
0250,02734,,False,False,True,False,False,True
0250,00894,,False,False,True,False,False,True
0250,02733,,False,False,True,False,False,True
0250,00893,,False,False,True,False,False,True
0250,02536,,False,False,True,False,False,True
0250,02640,,False,False,True,False,False,True
0250,00370,,False,False,True,False,False,True
0250,02225,,False,False,True,False,False,True
0250,02439,,False,False,True,False,False,True
0250,02857,,False,False,True,False,False,True
0250,00152,,False,False,True,False,False,True
0250,01020,,False,False,True,False,False,True
0250,01018,,False,False,True,False,False,True
0250,02856,,False,False,True,False,False,True
0250,02438,,False,False,True,False,False,True
0250,00368,,False,False,True,False,False,True
0250,02315,,False,False,True,False,False,True
0250,00069,,False,False,True,False,False,True
0250,02534,,False,False,True,False,False,True
0250,00067,,False,False,True,False,False,True
0250,02440,,False,False,True,False,False,True
0250,00919,,False,False,True,False,False,True
0250,00921,,False,False,True,False,False,True
0250,02227,,False,False,True,False,False,True
0250,00711,,False,False,True,False,False,True
0250,00710,,False,False,True,False,False,True
0111,02481,,False,False,True,False,False,True
0111,01031,,False,False,True,False,False,True
0111,02640,,False,False,True,False,False,True
0111,01235,,False,False,True,False,False,True
0111,00340,,False,False,False,True,False,True
0111,02870,,False,False,True,False,False,True
0111,02410,,False,False,True,False,False,True
0111,01098,,False,False,True,False,False,True
0111,02877,,False,False,False,True,False,True
0111,02270,,False,False,True,False,False,True
0111,01233,,False,False,True,False,False,True
0111,02641,,False,False,True,False,False,True
0111,01030,,False,False,True,False,False,True
0111,02480,,False,False,True,False,False,True
0111,02878,,False,False,True,False,False,True
0111,01099,,False,False,True,False,False,True
0111,00341,,False,False,False,True,False,True
0111,02885,,False,False,True,False,False,True
0111,02871,,False,False,True,False,False,True
0111,00802,,False,False,True,False,False,True
0111,01127,,False,False,True,False,False,True
0111,02506,,False,False,True,False,False,True
0111,01946,,False,False,True,False,False,True
0111,01526,,False,False,True,False,False,True
0111,02992,,False,False,True,False,False,True
0111,03088,,False,False,True,False,False,True
0111,01722,,False,False,True,False,False,True
0111,00803,,False,False,True,False,False,True
0111,01126,,False,False,True,False,False,True
0111,01724,,False,False,True,False,False,True
0111,01712,,False,False,True,False,False,True
0111,03277,,False,False,True,False,False,True
0111,01730,,False,False,True,False,False,True
0111,02183,,False,False,True,False,False,True
0111,00412,,False,False,True,False,False,True
0111,03297,,False,False,True,False,False,True
0111,01309,,False,False,True,False,False,True
0111,02540,,False,False,True,False,False,True
0111,01755,,False,False,True,False,False,True
0111,00013,,False,False,True,False,False,True
0111,00014,,False,False,True,False,False,True
0111,00413,,False,False,False,True,False,True
0111,02972,,False,False,True,False,False,True
0111,03298,,False,False,True,False,False,True
0111,00471,,False,False,True,False,False,True
0111,00829,,False,False,False,True,False,True
0111,00015,,False,False,True,False,False,True
0111,01308,,False,False,True,False,False,True
0111,02296,,False,False,False,True,False,True
0111,03182,,False,False,True,False,False,True
0111,01619,,False,False,False,True,False,True
0111,03343,,False,False,True,False,False,True
0111,02059,,False,False,True,False,False,True
0111,01617,,False,False,False,True,False,True
0111,01041,,False,False,False,True,False,True
0111,02664,,False,False,True,False,False,True
0111,00765,,False,False,False,True,False,True
0111,02663,,False,False,True,False,False,True
0111,02467,,False,False,True,False,False,True
0111,02058,,False,False,True,False,False,True
0111,01286,,False,False,True,False,False,True
0111,03342,,False,False,True,False,False,True
0111,03184,,False,False,True,False,False,True
0111,02466,,False,False,True,False,False,True
0111,03112,,False,False,True,False,False,True
0111,02662,,False,False,True,False,False,True
0111,00909,,False,False,True,False,False,True
0111,03568,,False,False,False,True,False,True
0111,00910,,False,False,True,False,False,True
0111,03339,,False,False,False,True,False,True
0111,00342,,False,False,False,True,False,True
0111,02886,,False,False,True,False,False,True
0111,03567,,False,False,False,True,False,True
0111,03338,,False,False,False,True,False,True
0111,01525,,False,False,True,False,False,True
0111,02991,,False,False,True,False,False,True
0111,01728,,False,False,False,True,False,True
0111,02159,,False,False,True,False,False,True
0111,02505,,False,False,True,False,False,True
0111,01710,,False,False,True,False,False,True
0111,03275,,False,False,True,False,False,True
0111,01945,,False,False,True,False,False,True
0111,02157,,False,False,True,False,False,True
0111,01123,,False,False,True,False,False,True
0111,01124,,False,False,True,False,False,True
0111,00830,,False,False,False,True,False,True
0111,01756,,False,False,True,False,False,True
0111,00473,,False,False,True,False,False,True
0111,00878,,False,False,True,False,False,True
0111,00876,,False,False,True,False,False,True
0111,01153,,False,False,True,False,False,True
0111,01968,,False,False,True,False,False,True
0111,01154,,False,False,True,False,False,True
0111,03055,,False,False,True,False,False,True
0111,02542,,False,False,True,False,False,True
0111,01969,,False,False,False,True,False,True
0111,03054,,False,False,True,False,False,True
0111,00877,,False,False,True,False,False,True
0111,02181,,False,False,True,False,False,True
0111,02660,,False,False,True,False,False,True
0111,00766,,False,False,False,True,False,True
0111,03340,,False,False,False,True,False,True
0111,02408,,False,False,True,False,False,True
0111,02295,,False,False,False,True,False,True
0111,02268,,False,False,True,False,False,True
0111,01042,,False,False,False,True,False,True
0111,01284,,False,False,True,False,False,True
0111,03111,,False,False,False,True,False,True
0244,01508,,False,False,True,False,False,True
0244,00278,,False,False,True,False,False,True
0244,01198,,False,False,True,False,False,True
0244,03099,,False,False,True,False,False,True
0244,02180,,False,False,True,False,False,True
0244,01392,,False,False,True,False,False,True
0244,02341,,False,False,True,False,False,True
0244,00624,,False,False,True,False,False,True
0244,01702,,False,False,True,False,False,True
0244,02187,,False,False,True,False,False,True
0244,01539,,False,False,False,True,False,True
0244,00276,,False,False,True,False,False,True
0244,02713,,False,False,True,False,False,True
0244,01162,,False,False,True,False,False,True
0244,02383,,False,False,True,False,False,True
0244,00418,,False,False,True,False,False,True
0244,00840,,False,False,True,False,False,True
0244,02384,,False,False,True,False,False,True
0244,01165,,False,False,True,False,False,True
0244,00427,,False,False,True,False,False,True
0244,02370,,False,False,True,False,False,True
0244,01303,,False,False,True,False,False,True
0244,02586,,False,False,True,False,False,True
0244,02324,,False,False,True,False,False,True
0244,00641,,False,False,True,False,False,True
0244,01758,,False,False,True,False,False,True
0244,02915,,False,False,True,False,False,True
0244,00028,,False,False,True,False,False,True
0244,00010,,False,False,True,False,False,True
0244,01136,,False,False,True,False,False,True
0244,01760,,False,False,True,False,False,True
0244,01599,,False,False,True,False,False,True
0244,02912,,False,False,True,False,False,True
0244,00679,,False,False,False,True,False,True
0244,03008,,False,False,True,False,False,True
0244,02771,,False,False,False,True,False,True
0244,02543,,False,False,True,False,False,True
0244,00670,,False,False,True,False,False,True
0244,01590,,False,False,True,False,False,True
0244,01756,,False,False,True,False,False,True
0244,01100,,False,False,True,False,False,True
0244,02785,,False,False,True,False,False,True
0244,02924,,False,False,True,False,False,True
0244,00019,,False,False,True,False,False,True
0244,00825,,False,False,True,False,False,True
0244,02588,,False,False,True,False,False,True
0244,01903,,False,False,True,False,False,True
0244,01107,,False,False,True,False,False,True
0244,02782,,False,False,True,False,False,True
0244,03006,,False,False,True,False,False,True
0244,01751,,False,False,True,False,False,True
0244,00445,,False,False,True,False,False,True
0244,01597,,False,False,True,False,False,True
0244,00021,,False,False,True,False,False,True
0244,01904,,False,False,True,False,False,True
0244,00648,,False,False,True,False,False,True
0244,02923,,False,False,True,False,False,True
0244,02371,,False,False,True,False,False,True
0244,00614,,False,False,True,False,False,True
0244,01164,,False,False,True,False,False,True
0244,00846,,False,False,True,False,False,True
0244,01163,,False,False,True,False,False,True
0244,01351,,False,False,False,True,True,False
0244,02382,,False,False,True,False,False,True
0244,02971,,False,False,True,False,False,True
0244,02976,,False,False,True,False,False,True
0244,02982,,False,False,True,False,False,True
0244,02175,,False,False,True,False,False,True
0244,00074,,False,False,True,False,False,True
0244,02181,,False,False,True,False,False,True
0244,00444,,False,False,True,False,False,True
0244,03007,,False,False,True,False,False,True
0244,00682,,False,False,True,False,False,True
0244,00823,,False,False,True,False,False,True
0244,00649,,False,False,True,False,False,True
0244,03000,,False,False,True,False,False,True
0244,01101,,False,False,True,False,False,True
0244,02784,,False,False,True,False,False,True
0244,02126,,False,False,True,False,False,True
0244,01902,,False,False,True,False,False,True
0244,02574,,False,False,True,False,False,True
0244,01598,,False,False,True,False,False,True
0244,02573,,False,False,True,False,False,True
0244,00640,,False,False,True,False,False,True
0244,01302,,False,False,True,False,False,True
0244,02587,,False,False,True,False,False,True
0244,00029,,False,False,True,False,False,True
0244,01759,,False,False,True,False,False,True
0244,01089,,False,False,True,False,False,True
0244,00967,,False,False,True,False,False,True
0244,02268,,False,False,True,False,False,True
0244,00732,,False,False,True,False,False,True
0244,02257,,False,False,True,False,False,True
0244,01284,,False,False,True,False,False,True
0244,00538,,False,False,True,False,False,True
0244,02439,,False,False,True,False,False,True
0244,01248,,False,False,False,True,False,True
0244,02250,,False,False,True,False,False,True
0244,00507,,False,False,True,False,False,True
0244,00735,,False,False,True,False,False,True
0244,01613,,False,False,True,False,False,True
0244,00197,,False,False,True,False,False,True
0244,01045,,False,False,True,False,False,True
0244,02857,,False,False,True,False,False,True
0244,02259,,False,False,True,False,False,True
0244,02868,,False,False,True,False,False,True
0244,02430,,False,False,True,False,False,True
0244,01087,,False,False,True,False,False,True
0244,02602,,False,False,True,False,False,True
0244,01073,,False,False,True,False,False,True
0244,01625,,False,False,True,False,False,True
0244,01074,,False,False,True,False,False,True
0244,01444,,False,False,True,False,False,True
0244,01212,,False,False,True,False,False,True
0244,02463,,False,False,True,False,False,True
0244,02651,,False,False,True,False,False,True
0244,02007,,False,False,True,False,False,True
0244,01823,,False,False,True,False,False,True
0244,02804,,False,False,True,False,False,True
0244,00905,,False,False,True,False,False,True
0244,00565,,False,False,True,False,False,True
0244,02656,,False,False,True,False,False,True
0244,00101,,False,False,True,False,False,True
0244,02464,,False,False,True,False,False,True
0244,01443,,False,False,True,False,False,True
0244,00902,,False,False,True,False,False,True
0244,02669,,False,False,True,False,False,True
0244,02803,,False,False,True,False,False,True
0244,01824,,False,False,True,False,False,True
0244,02204,,False,False,True,False,False,True
0244,01678,,False,False,True,False,False,True
0244,01224,,False,False,True,False,False,True
0244,01016,,False,False,True,False,False,True
0244,00130,,False,False,True,False,False,True
0244,01029,,False,False,True,False,False,True
0244,02260,,False,False,True,False,False,True
0244,01247,,False,False,True,False,False,True
0244,01429,,False,False,True,False,False,True
0244,02258,,False,False,True,False,False,True
0244,02856,,False,False,True,False,False,True
0244,01072,,False,False,True,False,False,True
0244,01416,,False,False,True,False,False,True
0244,02869,,False,False,True,False,False,True
0244,00539,,False,False,True,False,False,True
0244,00506,,False,False,True,False,False,True
0244,01088,,False,False,True,False,False,True
0244,02893,,False,False,True,False,False,True
0244,00992,,False,False,True,False,False,True
0244,02090,,False,False,True,False,False,True
0244,00932,,False,False,True,False,False,True
0244,01442,,False,False,True,False,False,True
0244,00756,,False,False,False,True,False,True
0244,02465,,False,False,True,False,False,True
0244,02657,,False,False,True,False,False,True
0244,01825,,False,False,True,False,False,True
0244,00903,,False,False,True,False,False,True
0244,02802,,False,False,True,False,False,True
0244,01489,,False,False,True,False,False,True
0244,02462,,False,False,True,False,False,True
0244,01445,,False,False,True,False,False,True
0244,00904,,False,False,True,False,False,True
0244,01822,,False,False,True,False,False,True
0244,01458,,False,False,True,False,False,True
0244,01800,,False,False,True,False,False,True
0244,02216,,False,False,True,False,False,True
0244,01493,,False,False,True,False,False,True
0244,00541,,False,False,True,False,False,True
0244,02818,,False,False,True,False,False,True
0244,02672,,False,False,True,False,False,True
0244,01807,,False,False,True,False,False,True
0244,02478,,False,False,True,False,False,True
0244,02681,,False,False,True,False,False,True
0244,01004,,False,False,True,False,False,True
0244,00122,,False,False,True,False,False,True
0244,02688,,False,False,True,False,False,True
0244,01831,,False,False,True,False,False,True
0244,02816,,False,False,True,False,False,True
0244,01032,,False,False,True,False,False,True
0244,02485,,False,False,True,False,False,True
0244,01456,,False,False,True,False,False,True
0244,01690,,False,False,False,True,False,True
0244,00570,,False,False,True,False,False,True
0244,00326,,False,False,True,False,False,True
0244,02811,,False,False,True,False,False,True
0244,00548,,False,False,True,False,False,True
0244,01836,,False,False,True,False,False,True
0244,02220,,False,False,True,False,False,True
0244,00583,,False,False,False,True,False,True
0244,01095,,False,False,True,False,False,True
0244,01637,,False,False,True,False,False,True
0244,01298,,False,False,False,True,False,True
0244,00944,,False,False,True,False,False,True
0244,00178,,False,False,True,False,False,True
0244,01862,,False,False,True,False,False,True
0244,02889,,False,False,True,False,False,True
0244,00716,,False,False,True,False,False,True
0244,02425,,False,False,True,False,False,True
0244,01865,,False,False,True,False,False,True
0244,01891,,False,False,True,False,False,True
0244,00943,,False,False,True,False,False,True
0244,00729,,False,False,True,False,False,True
0244,01434,,False,False,True,False,False,True
0244,01606,,False,False,True,False,False,True
0244,02413,,False,False,True,False,False,True
0244,02621,,False,False,True,False,False,True
0244,00981,,False,False,True,False,False,True
0244,02048,,False,False,True,False,False,True
0244,02874,,False,False,False,True,False,True
0244,01601,,False,False,True,False,False,True
0244,02873,,False,False,True,False,False,True
0244,02887,,False,False,True,False,False,True
0244,00986,,False,False,True,False,False,True
0244,01068,,False,False,True,False,False,True
0244,00549,,False,False,True,False,False,True
0244,02810,,False,False,True,False,False,True
0244,02448,,False,False,True,False,False,True
0244,00582,,False,False,False,True,False,True
0244,01206,,False,False,True,False,False,True
0244,00576,,False,False,True,False,False,True
0244,00571,,False,False,True,False,False,True
0244,01665,,False,False,True,False,False,True
0244,02479,,False,False,True,False,False,True
0244,00123,,False,False,True,False,False,True
0244,00781,,False,False,False,True,False,True
0244,02680,,False,False,True,False,False,True
0244,01459,,False,False,True,False,False,True
0244,02819,,False,False,True,False,False,True
0244,00540,,False,False,True,False,False,True
0244,02673,,False,False,True,False,False,True
0244,00124,,False,False,True,False,False,True
0244,02441,,False,False,True,False,False,True
0244,01056,,False,False,True,False,False,True
0244,01600,,False,False,True,False,False,True
0244,02071,,False,False,True,False,False,True
0244,00726,,False,False,True,False,False,True
0244,01290,,False,False,True,False,False,True
0244,02886,,False,False,True,False,False,True
0244,01069,,False,False,True,False,False,True
0244,02872,,False,False,True,False,False,True
0244,00177,,False,False,True,False,False,True
0244,00721,,False,False,True,False,False,True
0244,02875,,False,False,False,True,False,True
0244,02049,,False,False,True,False,False,True
0244,01638,,False,False,True,False,False,True
0244,00717,,False,False,True,False,False,True
0244,02272,,False,False,True,False,False,True
0244,02616,,False,False,True,False,False,True
0244,01058,,False,False,True,False,False,True
0244,01864,,False,False,True,False,False,True
0244,01636,,False,False,True,False,False,True
0244,01252,,False,False,True,False,False,True
0244,01094,,False,False,True,False,False,True
0244,01863,,False,False,True,False,False,True
0244,02307,,False,False,True,False,False,True
0244,00206,,False,False,True,False,False,True
0244,02551,,False,False,True,False,False,True
0244,00034,,False,False,True,False,False,True
0244,01320,,False,False,True,False,False,True
0244,02797,,False,False,True,False,False,True
0244,01744,,False,False,True,False,False,True
0244,03013,,False,False,True,False,False,True
0244,01318,,False,False,True,False,False,True
0244,02569,,False,False,True,False,False,True
0244,00691,,False,False,False,True,False,True
0244,01743,,False,False,True,False,False,True
0244,03014,,False,False,True,False,False,True
0244,01929,,False,False,True,False,False,True
0244,00033,,False,False,True,False,False,True
0244,00201,,False,False,True,False,False,True
0244,00457,,False,False,True,False,False,True
0244,02309,,False,False,True,False,False,True
0244,02594,,False,False,True,False,False,True
0244,01311,,False,False,True,False,False,True
0244,03022,,False,False,True,False,False,True
0244,01775,,False,False,True,False,False,True
0244,01547,,False,False,True,False,False,True
0244,00495,,False,False,True,False,False,True
0244,00653,,False,False,False,True,True,False
0244,00461,,False,False,True,False,False,True
0244,00839,,False,False,True,False,False,True
0244,02752,,False,False,True,False,False,True
0244,02560,,False,False,True,False,False,True
0244,00801,,False,False,True,False,False,True
0244,02558,,False,False,True,False,False,True
0244,01927,,False,False,True,False,False,True
0244,02567,,False,False,True,False,False,True
0244,00492,,False,False,True,False,False,True
0244,02593,,False,False,True,False,False,True
0244,01316,,False,False,True,False,False,True
0244,02701,,False,False,True,False,False,True
0244,02365,,False,False,True,False,False,True
0244,02391,,False,False,True,False,False,True
0244,01514,,False,False,True,False,False,True
0244,02954,,False,False,True,False,False,True
0244,00855,,False,False,False,True,False,True
0244,01345,,False,False,True,False,False,True
0244,01513,,False,False,True,False,False,True
0244,03076,,False,False,True,False,False,True
0244,02150,,False,False,True,False,False,True
0244,01148,,False,False,True,False,False,True
0244,00852,,False,False,True,False,False,True
0244,01525,,False,False,True,False,False,True
0244,00890,,False,False,True,False,False,True
0244,01728,,False,False,True,False,False,True
0244,02505,,False,False,True,False,False,True
0244,01146,,False,False,True,False,False,True
0244,00094,,False,False,True,False,False,True
0244,02708,,False,False,True,False,False,True
0244,02559,,False,False,True,False,False,True
0244,00493,,False,False,True,False,False,True
0244,01317,,False,False,True,False,False,True
0244,02754,,False,False,True,False,False,True
0244,02102,,False,False,True,False,False,True
0244,00807,,False,False,True,False,False,True
0244,00209,,False,False,True,False,False,True
0244,02906,,False,False,True,False,False,True
0244,02308,,False,False,True,False,False,True
0244,00699,,False,False,True,False,False,True
0244,02561,,False,False,True,False,False,True
0244,02753,,False,False,True,False,False,True
0244,02595,,False,False,True,False,False,True
0244,01310,,False,False,True,False,False,True
0244,01546,,False,False,True,False,False,True
0244,00494,,False,False,True,False,False,True
0244,03023,,False,False,True,False,False,True
0244,02568,,False,False,True,False,False,True
0244,01319,,False,False,True,False,False,True
0244,00200,,False,False,True,False,False,True
0244,02557,,False,False,True,False,False,True
0244,00690,,False,False,False,True,False,True
0244,01742,,False,False,True,False,False,True
0244,02339,,False,False,True,False,False,True
0244,01321,,False,False,True,False,False,True
0244,02908,,False,False,True,False,False,True
0244,02306,,False,False,True,False,False,True
0244,01375,,False,False,False,True,False,True
0244,01381,,False,False,True,False,False,True
0244,01178,,False,False,True,False,False,True
0244,02709,,False,False,True,False,False,True
0244,01386,,False,False,True,False,False,True
0244,00630,,False,False,True,False,False,True
0244,00402,,False,False,True,False,False,True
0244,01716,,False,False,True,False,False,True
0244,00891,,False,False,False,True,False,True
0244,00434,,False,False,True,False,False,True
0244,02707,,False,False,True,False,False,True
0244,03077,,False,False,True,False,False,True
0244,00853,,False,False,True,False,False,True
0244,02952,,False,False,True,False,False,True
0244,02700,,False,False,True,False,False,True
0244,02169,,False,False,True,False,False,True
0244,02955,,False,False,True,False,False,True
0244,00477,,False,False,True,False,False,True
0244,01797,,False,False,True,False,False,True
0244,02744,,False,False,True,False,False,True
0244,01300,,False,False,True,False,False,True
0244,00828,,False,False,False,True,False,True
0244,00642,,False,False,True,False,False,True
0244,02929,,False,False,True,False,False,True
0244,02327,,False,False,True,False,False,True
0244,01931,,False,False,True,False,False,True
0244,00689,,False,False,True,False,False,True
0244,00219,,False,False,True,False,False,True
0244,00680,,False,False,True,False,False,True
0244,01594,,False,False,True,False,False,True
0244,00479,,False,False,True,False,False,True
0244,01799,,False,False,True,False,False,True
0244,02920,,False,False,True,False,False,True
0244,01593,,False,False,True,False,False,True
0244,00441,,False,False,True,False,False,True
0244,01567,,False,False,True,False,False,True
0244,02786,,False,False,True,False,False,True
0244,00826,,False,False,False,True,False,True
0244,00228,,False,False,True,False,False,True
0244,01558,,False,False,True,False,False,True
0244,02973,,False,False,True,False,False,True
0244,01391,,False,False,True,False,False,True
0244,00627,,False,False,True,False,False,True
0244,01701,,False,False,True,False,False,True
0244,01157,,False,False,True,False,False,True
0244,00875,,False,False,True,False,False,True
0244,02148,,False,False,True,False,False,True
0244,02974,,False,False,True,False,False,True
0244,01706,,False,False,True,False,False,True
0244,02183,,False,False,True,False,False,True
0244,01159,,False,False,True,False,False,True
0244,03058,,False,False,True,False,False,True
0244,00629,,False,False,True,False,False,True
0244,02942,,False,False,True,False,False,True
0244,02717,,False,False,True,False,False,True
0244,00424,,False,False,True,False,False,True
0244,02373,,False,False,True,False,False,True
0244,02374,,False,False,True,False,False,True
0244,01566,,False,False,True,False,False,True
0244,01102,,False,False,True,False,False,True
0244,02787,,False,False,True,False,False,True
0244,02919,,False,False,True,False,False,True
0244,01559,,False,False,True,False,False,True
0244,00229,,False,False,True,False,False,True
0244,01939,,False,False,True,False,False,True
0244,01798,,False,False,True,False,False,True
0244,00643,,False,False,True,False,False,True
0244,02928,,False,False,True,False,False,True
0244,01301,,False,False,True,False,False,True
0244,01568,,False,False,True,False,False,True
0244,00644,,False,False,True,False,False,True
0244,02910,,False,False,True,False,False,True
0244,00079,,False,False,True,False,False,True
0244,00845,,False,False,True,False,False,True
0244,01399,,False,False,True,False,False,True
0244,02178,,False,False,True,False,False,True
0244,02375,,False,False,True,False,False,True
0244,01158,,False,False,True,False,False,True
0244,03059,,False,False,True,False,False,True
0244,02372,,False,False,True,False,False,True
0244,00874,,False,False,True,False,False,True
0244,02149,,False,False,True,False,False,True
0244,02176,,False,False,True,False,False,True
0244,00626,,False,False,False,True,False,True
0244,01686,,False,False,True,False,False,True
0244,00754,,False,False,False,True,False,True
0244,02467,,False,False,True,False,False,True
0244,00102,,False,False,True,False,False,True
0244,02458,,False,False,False,True,False,True
0244,02800,,False,False,True,False,False,True
0244,00559,,False,False,True,False,False,True
0244,01827,,False,False,True,False,False,True
0244,01229,,False,False,True,False,False,True
0244,02494,,False,False,True,False,False,True
0244,00939,,False,False,True,False,False,True
0244,02838,,False,False,True,False,False,True
0244,02807,,False,False,True,False,False,True
0244,01015,,False,False,True,False,False,True
0244,00765,,False,False,True,False,False,True
0244,01485,,False,False,False,True,False,True
0244,02200,,False,False,True,False,False,True
0244,02456,,False,False,True,False,False,True
0244,00930,,False,False,True,False,False,True
0244,01688,,False,False,True,False,False,True
0244,02809,,False,False,True,False,False,True
0244,02862,,False,False,True,False,False,True
0244,00160,,False,False,True,False,False,True
0244,02253,,False,False,True,False,False,True
0244,00990,,False,False,True,False,False,True
0244,02092,,False,False,True,False,False,True
0244,00731,,False,False,True,False,False,True
0244,01874,,False,False,True,False,False,True
0244,02853,,False,False,True,False,False,True
0244,01289,,False,False,True,False,False,True
0244,01070,,False,False,True,False,False,True
0244,01221,,False,False,True,False,False,True
0244,00909,,False,False,True,False,False,True
0244,02808,,False,False,True,False,False,True
0244,00551,,False,False,True,False,False,True
0244,02201,,False,False,True,False,False,True
0244,02457,,False,False,True,False,False,True
0244,00931,,False,False,True,False,False,True
0244,02653,,False,False,True,False,False,True
0244,01446,,False,False,True,False,False,True
0244,02495,,False,False,True,False,False,True
0244,02806,,False,False,True,False,False,True
0244,00103,,False,False,True,False,False,True
0244,02801,,False,False,True,False,False,True
0244,01071,,False,False,True,False,False,True
0244,01627,,False,False,True,False,False,True
0244,01620,,False,False,True,False,False,True
0244,00998,,False,False,False,True,False,True
0244,01076,,False,False,True,False,False,True
0244,01843,,False,False,True,False,False,True
0244,00991,,False,False,True,False,False,True
0244,00730,,False,False,True,False,False,True
0244,01633,,False,False,True,False,False,True
0244,01401,,False,False,True,False,False,True
0244,00715,,False,False,True,False,False,True
0244,02089,,False,False,True,False,False,True
0244,00518,,False,False,False,True,False,True
0244,02045,,False,False,True,False,False,True
0244,01634,,False,False,True,False,False,True
0244,00382,,False,False,True,False,False,True
0244,01250,,False,False,True,False,False,True
0244,01895,,False,False,True,False,False,True
0244,00516,,False,False,False,True,False,True
0244,02073,,False,False,True,False,False,True
0244,00724,,False,False,True,False,False,True
0244,02625,,False,False,True,False,False,True
0244,01430,,False,False,True,False,False,True
0244,02884,,False,False,True,False,False,True
0244,01857,,False,False,True,False,False,True
0244,01259,,False,False,True,False,False,True
0244,00723,,False,False,True,False,False,True
0244,00982,,False,False,True,False,False,True
0244,01098,,False,False,True,False,False,True
0244,01804,,False,False,True,False,False,True
0244,02649,,False,False,True,False,False,True
0244,03106,,False,False,False,True,False,True
0244,02488,,False,False,True,False,False,True
0244,02027,,False,False,True,False,False,True
0244,02215,,False,False,True,False,False,True
0244,02685,,False,False,True,False,False,True
0244,03101,,False,False,True,False,False,True
0244,02678,,False,False,True,False,False,True
0244,03108,,False,False,True,False,False,True
0244,00580,,False,False,False,True,False,True
0244,00128,,False,False,True,False,False,True
0244,02815,,False,False,True,False,False,True
0244,01455,,False,False,True,False,False,True
0244,01667,,False,False,True,False,False,True
0244,02472,,False,False,True,False,False,True
0244,02411,,False,False,True,False,False,True
0244,00722,,False,False,True,False,False,True
0244,02876,,False,False,False,True,False,True
0244,01099,,False,False,True,False,False,True
0244,00983,,False,False,True,False,False,True
0244,01431,,False,False,True,False,False,True
0244,00725,,False,False,True,False,False,True
0244,02885,,False,False,True,False,False,True
0244,01856,,False,False,True,False,False,True
0244,02871,,False,False,True,False,False,True
0244,01097,,False,False,True,False,False,True
0244,01090,,False,False,True,False,False,True
0244,01400,,False,False,True,False,False,True
0244,02088,,False,False,True,False,False,True
0244,02028,,False,False,True,False,False,True
0244,01030,,False,False,True,False,False,True
0244,01666,,False,False,True,False,False,True
0244,02480,,False,False,True,False,False,True
0244,02474,,False,False,True,False,False,True
0244,00575,,False,False,True,False,False,True
0244,02684,,False,False,True,False,False,True
0244,02442,,False,False,True,False,False,True
0244,02822,,False,False,True,False,False,True
0244,00544,,False,False,True,False,False,True
0244,02683,,False,False,True,False,False,True
0244,01174,,False,False,True,False,False,True
0244,01510,,False,False,True,False,False,True
0244,02361,,False,False,True,False,False,True
0244,01180,,False,False,True,False,False,True
0244,01977,,False,False,True,False,False,True
0244,02508,,False,False,True,False,False,True
0244,01983,,False,False,True,False,False,True
0244,00267,,False,False,True,False,False,True
0244,02702,,False,False,True,False,False,True
0244,01173,,False,False,True,False,False,True
0244,00635,,False,False,True,False,False,True
0244,02506,,False,False,True,False,False,True
0244,01383,,False,False,True,False,False,True
0244,01145,,False,False,True,False,False,True
0244,00860,,False,False,True,False,False,True
0244,02961,,False,False,True,False,False,True
0244,01384,,False,False,True,False,False,True
0244,02959,,False,False,True,False,False,True
0244,00632,,False,False,True,False,False,True
0244,02357,,False,False,True,False,False,True
0244,01519,,False,False,True,False,False,True
0244,02368,,False,False,True,False,False,True
0244,02758,,False,False,True,False,False,True
0244,01572,,False,False,True,False,False,True
0244,01740,,False,False,False,True,False,True
0244,00692,,False,False,True,False,False,True
0244,02767,,False,False,True,False,False,True
0244,00030,,False,False,True,False,False,True
0244,02599,,False,False,True,False,False,True
0244,02760,,False,False,True,False,False,True
0244,01323,,False,False,True,False,False,True
0244,01747,,False,False,True,False,False,True
0244,00668,,False,False,True,False,False,True
0244,03019,,False,False,True,False,False,True
0244,02332,,False,False,True,False,False,True
0244,01543,,False,False,True,False,False,True
0244,02904,,False,False,True,False,False,True
0244,02597,,False,False,True,False,False,True
0244,00496,,False,False,True,False,False,True
0244,01544,,False,False,True,False,False,True
0244,03021,,False,False,True,False,False,True
0244,02563,,False,False,True,False,False,True
0244,00234,,False,False,True,False,False,True
0244,00006,,False,False,True,False,False,True
0244,02356,,False,False,True,False,False,True
0244,01143,,False,False,True,False,False,True
0244,02369,,False,False,True,False,False,True
0244,00268,,False,False,True,False,False,True
0244,01382,,False,False,True,False,False,True
0244,01172,,False,False,True,False,False,True
0244,02703,,False,False,True,False,False,True
0244,02704,,False,False,True,False,False,True
0244,01511,,False,False,True,False,False,True
0244,02199,,False,False,True,False,False,True
0244,01378,,False,False,True,False,False,True
0244,01748,,False,False,True,False,False,True
0244,02334,,False,False,True,False,False,True
0244,02562,,False,False,True,False,False,True
0244,03020,,False,False,True,False,False,True
0244,00497,,False,False,True,False,False,True
0244,01925,,False,False,True,False,False,True
0244,02591,,False,False,True,False,False,True
0244,01574,,False,False,True,False,False,True
0244,01746,,False,False,True,False,False,True
0244,00694,,False,False,False,True,False,True
0244,02305,,False,False,True,False,False,True
0244,02759,,False,False,True,False,False,True
0244,02130,,False,False,False,True,False,True
0244,00693,,False,False,False,True,False,True
0069,00463,,False,False,True,False,False,True
0069,00464,,False,False,True,False,False,True
0069,00452,,False,False,True,False,False,True
0069,00204,,False,False,True,False,False,True
0069,03223,,False,False,True,False,False,True
0069,03224,,False,False,True,False,False,True
0069,00455,,False,False,True,False,False,True
0069,00065,,False,False,True,False,False,True
0069,00439,,False,False,True,False,False,True
0069,00406,,False,False,True,False,False,True
0069,02351,,False,False,True,False,False,True
0069,02703,,False,False,True,False,False,True
0069,00408,,False,False,True,False,False,True
0069,00454,,False,False,True,False,False,True
0069,00205,,False,False,True,False,False,True
0069,00465,,False,False,True,False,False,True
0069,00462,,False,False,True,False,False,True
0069,00409,,False,False,True,False,False,True
0069,00099,,False,False,True,False,False,True
0069,02702,,False,False,True,False,False,True
0069,00064,,False,False,True,False,False,True
0069,00572,,False,False,True,False,False,True
0069,00324,,False,False,True,False,False,True
0069,00323,,False,False,True,False,False,True
0069,02670,,False,False,True,False,False,True
0069,00127,,False,False,True,False,False,True
0069,00315,,False,False,True,False,False,True
0069,03335,,False,False,True,False,False,True
0069,00749,,False,False,True,False,False,True
0069,00977,,False,False,True,False,False,True
0069,01294,,False,False,True,False,False,True
0069,00346,,False,False,True,False,False,True
0069,00528,,False,False,True,False,False,True
0069,02240,,False,False,True,False,False,True
0069,00725,,False,False,True,False,False,True
0069,01293,,False,False,True,False,False,True
0069,00341,,False,False,True,False,False,True
0069,00348,,False,False,True,False,False,True
0069,00521,,False,False,True,False,False,True
0069,00713,,False,False,True,False,False,True
0069,00519,,False,False,True,False,False,True
0069,01256,,False,False,True,False,False,True
0069,00313,,False,False,True,False,False,True
0069,01651,,False,False,True,False,False,True
0069,03334,,False,False,True,False,False,True
0069,01463,,False,False,True,False,False,True
0069,00748,,False,False,True,False,False,True
0069,00314,,False,False,True,False,False,True
0069,00126,,False,False,True,False,False,True
0069,01669,,False,False,True,False,False,True
0069,00580,,False,False,True,False,False,True
0069,02481,,False,False,True,False,False,True
0069,00322,,False,False,True,False,False,True
0069,00110,,False,False,True,False,False,True
0069,00574,,False,False,True,False,False,True
0069,00573,,False,False,True,False,False,True
0069,00128,,False,False,True,False,False,True
0069,00385,,False,False,True,False,False,True
0069,00724,,False,False,True,False,False,True
0069,00340,,False,False,True,False,False,True
0069,00976,,False,False,True,False,False,True
0069,00533,,False,False,True,False,False,True
0069,01886,,False,False,True,False,False,True
0069,00534,,False,False,True,False,False,True
0069,01049,,False,False,True,False,False,True
0069,02852,,False,False,True,False,False,True
0069,00953,,False,False,True,False,False,True
0069,00730,,False,False,True,False,False,True
0069,01888,,False,False,True,False,False,True
0069,01275,,False,False,True,False,False,True
0069,02239,,False,False,True,False,False,True
0069,00936,,False,False,True,False,False,True
0069,00338,,False,False,True,False,False,True
0069,00551,,False,False,True,False,False,True
0069,01219,,False,False,True,False,False,True
0069,00569,,False,False,True,False,False,True
0069,03115,,False,False,True,False,False,True
0069,01642,,False,False,True,False,False,True
0069,01470,,False,False,True,False,False,True
0069,00556,,False,False,True,False,False,True
0069,00132,,False,False,True,False,False,True
0069,01479,,False,False,True,False,False,True
0069,00104,,False,False,True,False,False,True
0069,00938,,False,False,True,False,False,True
0069,00336,,False,False,True,False,False,True
0069,00560,,False,False,True,False,False,True
0069,00558,,False,False,True,False,False,True
0069,00567,,False,False,True,False,False,True
0069,00331,,False,False,True,False,False,True
0069,00103,,False,False,True,False,False,True
0069,00731,,False,False,True,False,False,True
0069,00535,,False,False,True,False,False,True
0069,00952,,False,False,True,False,False,True
0069,01048,,False,False,True,False,False,True
0069,00390,,False,False,True,False,False,True
0069,00559,,False,False,True,False,False,True
0069,03125,,False,False,True,False,False,True
0069,00566,,False,False,True,False,False,True
0069,00102,,False,False,True,False,False,True
0069,00337,,False,False,True,False,False,True
0069,00105,,False,False,True,False,False,True
0069,00568,,False,False,True,False,False,True
0069,01218,,False,False,True,False,False,True
0069,01471,,False,False,True,False,False,True
0069,01643,,False,False,True,False,False,True
0069,00339,,False,False,True,False,False,True
0069,00937,,False,False,True,False,False,True
0069,03113,,False,False,True,False,False,True
0069,00422,,False,False,True,False,False,True
0069,00041,,False,False,True,False,False,True
0069,00425,,False,False,True,False,False,True
0069,03434,,False,False,True,False,False,True
0069,03262,,False,False,True,False,False,True
0069,00413,,False,False,True,False,False,True
0069,00874,,False,False,True,False,False,True
0069,00414,,False,False,True,False,False,True
0069,00084,,False,False,True,False,False,True
0069,00873,,False,False,True,False,False,True
0069,00289,,False,False,True,False,False,True
0069,03068,,False,False,True,False,False,True
0069,00440,,False,False,True,False,False,True
0069,00447,,False,False,True,False,False,True
0069,00211,,False,False,True,False,False,True
0069,00485,,False,False,True,False,False,True
0069,00449,,False,False,True,False,False,True
0069,00220,,False,False,True,False,False,True
0069,03432,,False,False,True,False,False,True
0069,00085,,False,False,True,False,False,True
0069,03069,,False,False,True,False,True,False
0069,00872,,False,False,True,False,False,True
0069,00082,,False,False,True,False,False,True
0069,03263,,False,False,True,False,False,True
0069,00040,,False,False,True,False,False,True
0069,00424,,False,False,True,False,False,True
0069,00423,,False,False,True,False,False,True
0069,00448,,False,False,True,False,False,True
0069,00221,,False,False,True,False,False,True
0069,00219,,False,False,True,False,False,True
0069,00226,,False,False,True,False,False,True
0069,00484,,False,False,True,False,False,True
0069,00446,,False,False,True,False,False,True
0069,02311,,False,False,True,False,False,True
0069,00210,,False,False,True,False,False,True
0069,02352,,False,False,True,False,False,True
0069,03425,,False,False,True,False,False,True
0069,03070,,False,False,False,True,True,False
0069,00291,,False,False,True,False,False,True
0069,00467,,False,False,True,False,False,True
0069,00493,,False,False,True,False,False,True
0069,00458,,False,False,True,False,False,True
0069,00494,,False,False,True,False,False,True
0069,00838,,False,False,True,False,False,True
0069,00236,,False,False,True,False,False,True
0069,00209,,False,False,True,False,False,True
0069,00456,,False,False,True,False,False,True
0069,00207,,False,False,True,False,False,True
0069,00238,,False,False,True,False,False,True
0069,03424,,False,False,True,False,False,True
0069,03423,,False,False,True,False,False,True
0069,00206,,False,False,True,False,False,True
0069,00239,,False,False,True,False,False,True
0069,00837,,False,False,True,False,False,True
0069,00457,,False,False,True,False,False,True
0069,00208,,False,False,True,False,False,True
0069,00466,,False,False,True,False,False,True
0069,00389,,False,False,True,False,False,True
0069,00726,,False,False,True,False,False,True
0069,02243,,False,False,True,False,False,True
0069,00342,,False,False,True,False,False,True
0069,02082,,False,False,True,False,False,True
0069,00345,,False,False,True,False,False,True
0069,02244,,False,False,True,False,False,True
0069,01255,,False,False,True,False,False,True
0069,00387,,False,False,True,False,False,True
0069,00522,,False,False,True,False,False,True
0069,03505,,False,False,True,False,False,True
0069,00320,,False,False,True,False,False,True
0069,00571,,False,False,True,False,False,True
0069,01461,,False,False,True,False,False,True
0069,00123,,False,False,True,False,False,True
0069,00578,,False,False,True,False,False,True
0069,00124,,False,False,True,False,False,True
0069,00523,,False,False,True,False,False,True
0069,01254,,False,False,True,False,False,True
0069,00344,,False,False,True,False,False,True
0069,02084,,False,False,True,False,False,True
0069,00343,,False,False,True,False,False,True
0069,00125,,False,False,True,False,False,True
0069,01652,,False,False,True,False,False,True
0069,00579,,False,False,True,False,False,True
0069,00570,,False,False,True,False,False,True
0069,00319,,False,False,True,False,False,True
0069,02482,,False,False,True,False,False,True
0069,00321,,False,False,True,False,False,True
0069,00555,,False,False,True,False,False,True
0069,00109,,False,False,True,False,False,True
0069,01679,,False,False,True,False,False,True
0069,01480,,False,False,True,False,False,True
0069,01825,,False,False,True,False,False,True
0069,00564,,False,False,True,False,False,True
0069,00100,,False,False,True,False,False,True
0069,00332,,False,False,True,False,False,True
0069,02465,,False,False,True,False,False,True
0069,01214,,False,False,True,False,False,True
0069,01670,,False,False,True,False,False,True
0069,03127,,False,False,True,False,False,True
0069,01213,,False,False,True,False,False,True
0069,00335,,False,False,True,False,False,True
0069,00107,,False,False,True,False,False,True
0069,00563,,False,False,True,False,False,True
0069,00153,,False,False,True,False,False,True
0069,02851,,False,False,True,False,False,True
0069,00359,,False,False,True,False,False,True
0069,00734,,False,False,True,False,False,True
0069,01612,,False,False,True,False,False,True
0069,01276,,False,False,True,False,False,True
0069,00733,,False,False,True,False,False,True
0069,00106,,False,False,True,False,False,True
0069,00334,,False,False,True,False,False,True
0069,00750,,False,False,True,False,False,True
0069,01824,,False,False,True,False,False,True
0069,02669,,False,False,True,False,False,True
0069,00565,,False,False,True,False,False,True
0069,00333,,False,False,True,False,False,True
0069,02464,,False,False,True,False,False,True
0069,01678,,False,False,True,False,False,True
0069,00108,,False,False,True,False,False,True
0069,00553,,False,False,True,False,False,True
0069,00554,,False,False,True,False,False,True
0069,01613,,False,False,True,False,False,True
0069,00358,,False,False,True,False,False,True
0069,03463,,False,False,True,False,False,True
0069,02313,,False,False,True,False,False,True
0069,00212,,False,False,True,False,False,True
0069,00215,,False,False,True,False,False,True
0069,01108,,False,False,True,False,False,True
0069,00223,,False,False,True,False,False,True
0069,00815,,False,False,True,False,False,True
0069,00224,,False,False,True,False,False,True
0069,00284,,False,False,True,False,False,True
0069,00426,,False,False,True,False,False,True
0069,00421,,False,False,True,False,False,True
0069,00277,,False,False,True,False,False,True
0069,00283,,False,False,True,False,False,True
0069,03062,,False,False,True,False,False,True
0069,00241,,False,False,True,False,False,True
0069,00870,,False,False,True,False,False,True
0069,00622,,False,False,True,False,False,True
0069,00410,,False,False,True,False,False,True
0069,02378,,False,False,True,False,False,True
0069,00225,,False,False,True,False,False,True
0069,00222,,False,False,True,False,False,True
0069,00214,,False,False,True,False,False,True
0069,00445,,False,False,True,False,False,True
0069,00213,,False,False,True,False,False,True
0069,01107,,False,False,True,False,False,True
0069,03462,,False,False,True,False,False,True
0069,00411,,False,False,True,False,False,True
0069,00623,,False,False,True,False,False,True
0069,00278,,False,False,True,False,False,True
0069,00086,,False,False,True,False,False,True
0069,00871,,False,False,True,False,False,True
0069,03063,,False,False,True,False,False,True
0069,02377,,False,False,True,False,False,True
0069,00285,,False,False,True,False,False,True
0068,00390,,False,False,True,False,False,True
0068,01084,,False,False,True,False,False,True
0068,00156,,False,False,False,True,False,True
0068,00364,,False,False,True,False,False,True
0068,01619,,False,False,False,True,False,True
0068,01887,,False,False,True,False,False,True
0068,01083,,False,False,True,False,False,True
0068,00999,,False,False,True,False,False,True
0068,02639,,False,False,True,False,False,True
0068,02402,,False,False,True,False,False,True
0068,02637,,False,False,True,False,False,True
0068,00160,,False,False,True,False,False,True
0068,01220,,False,False,True,False,False,True
0068,01485,,False,False,False,True,False,True
0068,03570,,False,False,True,False,False,True
0068,00161,,False,False,True,False,False,True
0068,03141,,False,False,True,False,False,True
0068,00998,,False,False,True,False,False,True
0068,00365,,False,False,True,False,False,True
0068,02600,,False,False,False,True,False,True
0068,01886,,False,False,True,False,False,True
0068,01618,,False,False,False,True,False,True
0068,01219,,False,False,True,False,False,True
0068,03571,,False,False,True,False,False,True
0068,01484,,False,False,False,True,False,True
0068,04105,,False,False,True,False,False,True
0068,00272,,False,False,True,False,False,True
0068,00616,,False,False,True,False,False,True
0068,01166,,False,False,True,False,False,True
0068,03864,,False,False,True,False,False,True
0068,00244,,False,False,True,False,False,True
0068,00881,,False,False,True,False,False,True
0068,01533,,False,False,True,False,False,True
0068,02726,,False,False,False,True,False,True
0068,01168,,False,False,True,False,False,True
0068,03005,,False,False,True,False,False,True
0068,01300,,False,False,True,False,False,True
0068,03662,,False,False,True,False,False,True
0068,01532,,False,False,True,False,False,True
0068,00245,,False,False,True,False,False,True
0068,00880,,False,False,True,False,False,True
0068,03639,,False,False,True,False,False,True
0068,00273,,False,False,True,False,False,True
0068,00617,,False,False,True,False,False,True
0068,03865,,False,False,True,False,False,True
0068,00079,,False,False,True,False,False,True
0068,01301,,False,False,True,False,False,True
0068,01791,,False,False,True,False,False,True
0068,02310,,False,False,True,False,False,True
0068,03003,,False,False,True,False,False,True
0068,02136,,False,False,True,False,False,True
0068,02599,,False,False,False,True,False,True
0068,02935,,False,False,True,False,False,True
0068,00202,,False,False,True,False,False,True
0068,02767,,False,False,True,False,False,True
0068,03641,,False,False,True,False,False,True
0068,01915,,False,False,True,False,False,True
0068,01714,,False,False,True,False,False,True
0068,00438,,False,False,True,False,False,True
0068,01377,,False,False,True,False,False,True
0068,03240,,False,False,True,False,False,True
0068,03086,,False,False,False,True,False,True
0068,00436,,False,False,True,False,False,True
0068,02792,,False,False,False,True,False,True
0068,02766,,False,False,True,False,False,True
0068,00203,,False,False,True,False,False,True
0068,02130,,False,False,True,False,False,True
0068,00204,,False,False,True,False,False,True
0068,01922,,False,False,True,False,False,True
0068,03241,,False,False,True,False,False,True
0068,01376,,False,False,True,False,False,True
0068,01715,,False,False,False,True,False,True
0068,01232,,False,False,True,False,False,True
0068,00126,,False,False,True,False,False,True
0068,02020,,False,False,True,False,False,True
0068,01038,,False,False,True,False,False,True
0068,02883,,False,False,True,False,False,True
0068,02884,,False,False,True,False,False,True
0068,01868,,False,False,False,True,False,True
0068,03538,,False,False,True,False,False,True
0068,02021,,False,False,True,False,False,True
0068,01039,,False,False,True,False,False,True
0068,02670,,False,False,True,False,False,True
0068,01233,,False,False,True,False,False,True
0068,01867,,False,False,False,True,False,True
0068,01632,,False,False,True,False,False,True
0068,03165,,False,False,True,False,False,True
0068,03539,,False,False,True,False,False,True
0068,01869,,False,False,False,True,False,True
0068,00554,,False,False,False,True,False,True
0068,00553,,False,False,False,True,False,True
0068,03186,,False,False,False,True,False,True
0068,00155,,False,False,True,False,False,True
0068,02401,,False,False,False,True,False,True
0068,03143,,False,False,True,False,False,True
0068,03188,,False,False,True,False,False,True
0068,02400,,False,False,True,False,False,True
0068,00154,,False,False,False,True,False,True
0068,01138,,False,False,True,False,False,True
0068,03661,,False,False,True,False,False,True
0068,01136,,False,False,True,False,False,True
0068,02129,,False,False,True,False,False,True
0068,01959,,False,False,True,False,False,True
0068,01357,,False,False,False,True,False,True
0068,00612,,False,False,True,False,False,True
0068,00878,,False,False,True,False,False,True
0068,02725,,False,False,False,True,False,True
0068,01957,,False,False,True,False,False,True
0068,01359,,False,False,False,True,False,True
0068,02984,,False,False,True,False,False,True
0068,00278,,False,False,True,False,False,True
0068,02983,,False,False,True,False,False,True
0068,00882,,False,False,True,False,False,True
0068,03660,,False,False,True,False,False,True
0068,00613,,False,False,True,False,False,True
0068,00277,,False,False,True,False,False,True
0068,03401,,False,False,True,False,False,True
0068,02398,,False,False,True,False,False,True
0068,01374,,False,False,True,False,False,True
0068,02159,,False,False,False,True,False,True
0068,00864,,False,False,True,False,False,True
0068,01373,,False,False,True,False,False,True
0068,02534,,False,False,False,True,False,True
0068,01183,,False,False,True,False,False,True
0068,01184,,False,False,True,False,False,True
0068,02533,,False,False,False,True,False,True
0068,03085,,False,False,False,True,False,True
0068,01927,,False,False,True,False,False,True
0068,02309,,False,False,True,False,False,True
0068,02790,,False,False,True,False,False,True
0068,01929,,False,False,True,False,False,True
0068,01916,,False,False,True,False,False,True
0068,02135,,False,False,True,False,False,True
0068,00034,,False,False,True,False,False,True
0068,02936,,False,False,True,False,False,True
0068,02158,,False,False,False,True,False,True
0068,00865,,False,False,True,False,False,True
0068,01375,,False,False,True,False,False,True
0068,00035,,False,False,True,False,False,True
0068,01789,,False,False,True,False,False,True
0068,01921,,False,False,True,False,False,True
0068,00388,,False,False,True,False,False,True
0068,00986,,False,False,True,False,False,True
0068,00988,,False,False,True,False,False,True
0068,01402,,False,False,True,False,False,True
0068,01630,,False,False,True,False,False,True
0068,03399,,False,False,True,False,False,True
0068,01207,,False,False,True,False,False,True
0068,00917,,False,False,True,False,False,True
0068,02023,,False,False,True,False,False,True
0068,01209,,False,False,True,False,False,True
0068,02672,,False,False,True,False,False,True
0068,00125,,False,False,True,False,False,True
0068,02827,,False,False,True,False,False,True
0068,03166,,False,False,True,False,False,True
0068,02025,,False,False,True,False,False,True
0068,00918,,False,False,True,False,False,True
0068,04114,,False,False,True,False,False,True
0068,02826,,False,False,True,False,False,True
0068,04113,,False,False,True,False,False,True
0083,00613,,False,False,True,False,False,True
0083,02520,,False,False,True,False,False,True
0083,00045,,False,False,True,False,False,True
0083,01197,,False,False,True,False,False,True
0083,02349,,False,False,True,False,False,True
0083,00042,,False,False,True,False,False,True
0083,00614,,False,False,True,False,False,True
0083,02371,,False,False,True,False,False,True
0083,00419,,False,False,True,False,False,True
0083,01152,,False,False,True,False,False,True
0083,02511,,False,False,True,False,False,True
0083,00246,,False,False,True,False,False,True
0083,01199,,False,False,True,False,False,True
0083,00241,,False,False,True,False,False,True
0083,01703,,False,False,True,False,False,True
0083,01155,,False,False,True,False,False,True
0083,02119,,False,False,False,True,False,True
0083,00018,,False,False,True,False,False,True
0083,00488,,False,False,True,False,False,True
0083,00027,,False,False,True,False,False,True
0083,01591,,False,False,True,False,False,True
0083,01139,,False,False,True,False,False,True
0083,00649,,False,False,True,False,False,True
0083,01106,,False,False,True,False,False,True
0083,01562,,False,False,True,False,False,True
0083,01750,,False,False,True,False,False,True
0083,00676,,False,False,True,False,False,True
0083,01933,,False,False,True,False,False,True
0083,00029,,False,False,True,False,False,True
0083,00224,,False,False,True,False,False,True
0083,00016,,False,False,True,False,False,True
0083,00647,,False,False,True,False,False,True
0083,00475,,False,False,True,False,False,True
0083,00011,,False,False,True,False,False,True
0083,00481,,False,False,True,False,False,True
0083,01702,,False,False,True,False,False,True
0083,01395,,False,False,True,False,False,True
0083,00247,,False,False,True,False,False,True
0083,00271,,False,False,True,False,False,True
0083,00043,,False,False,True,False,False,True
0083,01191,,False,False,False,True,False,True
0083,00282,,False,False,True,False,False,True
0083,01506,,False,False,True,False,False,True
0083,02377,,False,False,True,False,False,True
0083,02713,,False,False,True,False,False,True
0083,00044,,False,False,True,False,False,True
0083,01109,,False,False,True,False,False,True
0083,00813,,False,False,True,False,False,True
0083,01136,,False,False,True,False,False,True
0083,00480,,False,False,True,False,False,True
0083,00646,,False,False,True,False,False,True
0083,00222,,False,False,True,False,False,True
0083,00010,,False,False,True,False,False,True
0083,02129,,False,False,True,False,False,True
0083,00814,,False,False,True,False,False,True
0083,00225,,False,False,True,False,False,True
0083,02749,,False,False,True,False,False,True
0083,00648,,False,False,True,False,False,True
0083,00683,,False,False,True,False,False,True
0083,01564,,False,False,True,False,False,True
0083,02785,,False,False,True,False,False,True
0083,01100,,False,False,True,False,False,True
0083,01590,,False,False,True,False,False,True
0083,02055,,False,False,True,False,False,True
0083,00366,,False,False,True,False,False,True
0083,02603,,False,False,False,True,True,False
0083,01072,,False,False,False,True,False,True
0083,01624,,False,False,True,False,False,True
0083,01623,,False,False,True,False,False,True
0083,02294,,False,False,True,False,False,True
0083,00395,,False,False,True,False,False,True
0083,01081,,False,False,True,False,False,True
0083,00153,,False,False,True,False,False,True
0083,00705,,False,False,True,False,False,True
0083,01278,,False,False,True,False,False,True
0083,00191,,False,False,True,False,False,True
0083,02090,,False,False,True,False,False,True
0083,01427,,False,False,True,False,False,True
0083,00501,,False,False,True,False,False,True
0083,00165,,False,False,True,False,False,True
0083,02632,,False,False,True,False,False,True
0083,00368,,False,False,True,False,False,True
0083,00350,,False,False,True,False,False,True
0083,01612,,False,False,True,False,False,True
0083,02860,,False,False,True,False,False,True
0083,00961,,False,False,True,False,False,True
0083,00995,,False,False,True,False,False,True
0083,00109,,False,False,True,False,False,True
0083,02205,,False,False,True,False,False,True
0083,01480,,False,False,True,False,False,True
0083,01474,,False,False,True,False,False,True
0083,01028,,False,False,True,False,False,True
0083,02659,,False,False,True,False,False,True
0083,02692,,False,False,True,False,False,True
0083,01473,,False,False,True,False,False,True
0083,01641,,False,False,True,False,False,True
0083,00793,,False,False,True,False,False,True
0083,02202,,False,False,True,False,False,True
0083,00131,,False,False,True,False,False,True
0083,01822,,False,False,True,False,False,True
0083,00904,,False,False,True,False,False,True
0083,00597,,False,False,True,False,False,True
0083,01021,,False,False,True,False,False,True
0083,01683,,False,False,True,False,False,True
0083,00903,,False,False,True,False,False,True
0083,02802,,False,False,True,False,False,True
0083,01684,,False,False,True,False,False,True
0083,00590,,False,False,True,False,False,True
0083,01421,,False,False,True,False,False,True
0083,01277,,False,False,True,False,False,True
0083,02250,,False,False,True,False,False,True
0083,01846,,False,False,True,False,False,True
0083,00500,,False,False,True,False,False,True
0083,01426,,False,False,True,False,False,True
0083,00704,,False,False,True,False,False,True
0083,01410,,False,False,True,False,False,True
0083,01622,,False,False,True,False,False,True
0083,01848,,False,False,True,False,False,True
0083,01279,,False,False,True,False,False,True
0083,01625,,False,False,True,False,False,True
0083,02602,,False,False,True,False,False,True
0083,01087,,False,False,True,False,False,True
0083,00155,,False,False,True,False,False,True
0083,01870,,False,False,True,False,False,True
0083,00956,,False,False,True,False,False,True
0083,00902,,False,False,True,False,False,True
0083,01443,,False,False,True,False,False,True
0083,01685,,False,False,True,False,False,True
0083,02464,,False,False,True,False,False,True
0083,00139,,False,False,True,False,False,True
0083,02658,,False,False,True,False,False,True
0083,02203,,False,False,True,False,False,True
0083,00302,,False,False,True,False,False,True
0083,01640,,False,False,True,False,False,True
0083,01011,,False,False,True,False,False,True
0083,01033,,False,False,True,False,False,True
0083,01457,,False,False,True,False,False,True
0083,01691,,False,False,True,False,False,True
0083,02014,,False,False,True,False,False,True
0083,00115,,False,False,True,False,False,True
0083,00929,,False,False,True,False,False,True
0083,02477,,False,False,True,False,False,True
0083,00112,,False,False,True,False,False,True
0083,01696,,False,False,True,False,False,True
0083,01450,,False,False,True,False,False,True
0083,01662,,False,False,True,False,False,True
0083,01206,,False,False,True,False,False,True
0083,01034,,False,False,True,False,False,True
0083,02810,,False,False,True,False,False,True
0083,02217,,False,False,True,False,False,True
0083,00918,,False,False,True,False,False,True
0083,01466,,False,False,True,False,False,True
0083,00786,,False,False,True,False,False,True
0083,00927,,False,False,True,False,False,True
0083,00781,,False,False,True,False,False,True
0083,01461,,False,False,True,False,False,True
0083,00123,,False,False,True,False,False,True
0083,00775,,False,False,True,False,False,True
0083,01208,,False,False,True,False,False,True
0083,00578,,False,False,True,False,False,True
0083,01698,,False,False,True,False,False,True
0083,02479,,False,False,True,False,False,True
0083,01638,,False,False,True,False,False,True
0083,00974,,False,False,True,False,False,True
0083,01607,,False,False,True,False,False,True
0083,01263,,False,False,True,False,False,True
0083,01297,,False,False,True,False,False,True
0083,00721,,False,False,True,False,False,True
0083,00973,,False,False,True,False,False,True
0083,02618,,False,False,True,False,False,True
0083,02288,,False,False,True,False,False,True
0083,00389,,False,False,False,True,True,False
0083,01855,,False,False,True,False,False,True
0083,00726,,False,False,True,False,False,True
0083,00342,,False,False,True,False,False,True
0083,01290,,False,False,True,False,False,True
0083,02844,,False,False,True,False,False,True
0083,01299,,False,False,True,False,False,True
0083,00945,,False,False,True,False,False,True
0083,01609,,False,False,True,False,False,True
0083,01094,,False,False,True,False,False,True
0083,00146,,False,False,True,False,False,True
0083,02047,,False,False,True,False,False,True
0083,00522,,False,False,True,False,False,True
0083,01636,,False,False,True,False,False,True
0083,01404,,False,False,True,False,False,True
0083,00380,,False,False,True,False,False,True
0083,02629,,False,False,True,False,False,True
0083,01890,,False,False,True,False,False,True
0083,00942,,False,False,True,False,False,True
0083,02843,,False,False,True,False,False,True
0083,00387,,False,False,False,True,True,False
0083,01403,,False,False,True,False,False,True
0083,00373,,False,False,True,False,False,True
0083,01494,,False,False,True,False,False,True
0083,01652,,False,False,True,False,False,True
0083,01699,,False,False,True,False,False,True
0083,01209,,False,False,True,False,False,True
0083,01451,,False,False,True,False,False,True
0083,01207,,False,False,True,False,False,True
0083,02482,,False,False,True,False,False,True
0083,02476,,False,False,True,False,False,True
0083,00745,,False,False,True,False,False,True
0083,01697,,False,False,True,False,False,True
0083,00928,,False,False,True,False,False,True
0083,01456,,False,False,True,False,False,True
0083,02628,,False,False,True,False,False,True
0083,00943,,False,False,True,False,False,True
0083,02842,,False,False,True,False,False,True
0083,01865,,False,False,True,False,False,True
0083,00524,,False,False,True,False,False,True
0083,02617,,False,False,True,False,False,True
0083,00386,,False,False,False,True,True,False
0083,01630,,False,False,True,False,False,True
0083,01402,,False,False,True,False,False,True
0083,02845,,False,False,True,False,False,True
0083,02079,,False,False,True,False,False,True
0083,01298,,False,False,True,False,False,True
0083,01637,,False,False,True,False,False,True
0083,01253,,False,False,True,False,False,True
0083,00375,,False,False,True,False,False,True
0083,00147,,False,False,True,False,False,True
0083,00523,,False,False,True,False,False,True
0083,00388,,False,False,False,True,False,True
0083,01057,,False,False,True,False,False,True
0083,00343,,False,False,True,False,False,True
0083,01291,,False,False,True,False,False,True
0083,00981,,False,False,True,False,False,True
0083,00344,,False,False,True,False,False,True
0083,02245,,False,False,True,False,False,True
0083,00512,,False,False,True,False,False,True
0083,01310,,False,False,True,False,False,True
0083,01774,,False,False,True,False,False,True
0083,00460,,False,False,True,False,False,True
0083,01579,,False,False,True,False,False,True
0083,00003,,False,False,True,False,False,True
0083,02330,,False,False,True,False,False,True
0083,00467,,False,False,True,False,False,True
0083,01787,,False,False,True,False,False,True
0083,01317,,False,False,True,False,False,True
0083,00458,,False,False,True,False,False,True
0083,01328,,False,False,True,False,False,True
0083,01583,,False,False,True,False,False,True
0083,02134,,False,False,True,False,False,True
0083,00035,,False,False,True,False,False,True
0083,01577,,False,False,True,False,False,True
0083,02339,,False,False,True,False,False,True
0083,00690,,False,False,True,False,False,True
0083,02765,,False,False,True,False,False,True
0083,00456,,False,False,True,False,False,True
0083,01584,,False,False,True,False,False,True
0083,02301,,False,False,True,False,False,True
0083,00831,,False,False,True,False,False,True
0083,01729,,False,False,True,False,False,True
0083,02158,,False,False,True,False,False,True
0083,00865,,False,False,True,False,False,True
0083,01524,,False,False,True,False,False,True
0083,01386,,False,False,True,False,False,True
0083,02731,,False,False,True,False,False,True
0083,00402,,False,False,True,False,False,True
0083,01178,,False,False,True,False,False,True
0083,02736,,False,False,True,False,False,True
0083,01381,,False,False,True,False,False,True
0083,02504,,False,False,True,False,False,True
0083,00854,,False,False,True,False,False,True
0083,01972,,False,False,True,False,False,True
0083,01185,,False,False,True,False,False,True
0083,02532,,False,False,True,False,False,True
0083,01515,,False,False,True,False,False,True
0083,01343,,False,False,True,False,False,True
0083,01149,,False,False,True,False,False,True
0083,01975,,False,False,True,False,False,True
0083,00296,,False,False,True,False,False,True
0083,00262,,False,False,True,False,False,True
0083,00033,,False,False,True,False,False,True
0083,00691,,False,False,True,False,False,True
0083,01788,,False,False,True,False,False,True
0083,00468,,False,False,True,False,False,True
0083,01576,,False,False,True,False,False,True
0083,00034,,False,False,True,False,False,True
0083,00206,,False,False,True,False,False,True
0083,01316,,False,False,True,False,False,True
0083,02755,,False,False,True,False,False,True
0083,02331,,False,False,True,False,False,True
0083,02706,,False,False,True,False,False,True
0083,00069,,False,False,True,False,False,True
0083,01514,,False,False,True,False,False,True
0083,01726,,False,False,True,False,False,True
0083,01170,,False,False,True,False,False,True
0083,00636,,False,False,True,False,False,True
0083,02161,,False,False,True,False,False,True
0083,01380,,False,False,True,False,False,True
0083,00252,,False,False,True,False,False,True
0083,02505,,False,False,True,False,False,True
0083,00631,,False,False,True,False,False,True
0083,00820,,False,False,True,False,False,True
0083,00478,,False,False,True,False,False,True
0083,01337,,False,False,True,False,False,True
0083,01561,,False,False,True,False,False,True
0083,00675,,False,False,True,False,False,True
0083,01559,,False,False,True,False,False,True
0083,01102,,False,False,True,False,False,True
0083,01937,,False,False,True,False,False,True
0083,01339,,False,False,True,False,False,True
0083,00476,,False,False,True,False,False,True
0083,02577,,False,False,True,False,False,True
0083,00220,,False,False,True,False,False,True
0083,02745,,False,False,True,False,False,True
0083,00015,,False,False,True,False,False,True
0083,01503,,False,False,True,False,False,True
0083,00287,,False,False,True,False,False,True
0083,00041,,False,False,True,False,False,True
0083,02140,,False,False,True,False,False,True
0083,02375,,False,False,True,False,False,True
0083,00046,,False,False,True,False,False,True
0083,01963,,False,False,True,False,False,True
0083,02515,,False,False,True,False,False,True
0083,01700,,False,False,True,False,False,True
0083,00084,,False,False,True,False,False,True
0083,01156,,False,False,True,False,False,True
0083,00873,,False,False,True,False,False,True
0083,01169,,False,False,True,False,False,True
0083,00245,,False,False,True,False,False,True
0083,00077,,False,False,True,False,False,True
0083,02720,,False,False,True,False,False,True
0083,01764,,False,False,True,False,False,True
0083,01338,,False,False,True,False,False,True
0083,00477,,False,False,True,False,False,True
0083,00013,,False,False,True,False,False,True
0083,02744,,False,False,True,False,False,True
0083,02576,,False,False,True,False,False,True
0083,01755,,False,False,True,False,False,True
0083,02786,,False,False,True,False,False,True
0083,02578,,False,False,True,False,False,True
0083,01336,,False,False,True,False,False,True
0083,01938,,False,False,True,False,False,True
0083,01560,,False,False,True,False,False,True
0083,00076,,False,False,True,False,False,True
0083,02721,,False,False,True,False,False,True
0083,02513,,False,False,True,False,False,True
0083,00049,,False,False,True,False,False,True
0083,01157,,False,False,True,False,False,True
0083,00243,,False,False,True,False,False,True
0083,00886,,False,False,True,False,False,True
0083,00288,,False,False,True,False,False,True
0083,02719,,False,False,True,False,False,True
0083,01817,,False,False,True,False,False,True
0083,02468,,False,False,True,False,False,True
0083,01642,,False,False,True,False,False,True
0083,00338,,False,False,True,False,False,True
0083,01448,,False,False,True,False,False,True
0083,00909,,False,False,True,False,False,True
0083,00135,,False,False,True,False,False,True
0083,02808,,False,False,True,False,False,True
0083,00900,,False,False,True,False,False,True
0083,00558,,False,False,True,False,False,True
0083,01228,,False,False,True,False,False,True
0083,02492,,False,False,True,False,False,True
0083,01819,,False,False,True,False,False,True
0083,02208,,False,False,True,False,False,True
0083,00907,,False,False,True,False,False,True
0083,01446,,False,False,True,False,False,True
0083,02653,,False,False,True,False,False,True
0083,00336,,False,False,True,False,False,True
0083,01620,,False,False,True,False,False,True
0083,01082,,False,False,True,False,False,True
0083,02263,,False,False,True,False,False,True
0083,00534,,False,False,True,False,False,True
0083,00706,,False,False,True,False,False,True
0083,02638,,False,False,True,False,False,True
0083,02056,,False,False,True,False,False,True
0083,00533,,False,False,True,False,False,True
0083,02600,,False,False,True,False,False,True
0083,00157,,False,False,True,False,False,True
0083,01872,,False,False,True,False,False,True
0083,00353,,False,False,True,False,False,True
0083,00737,,False,False,True,False,False,True
0083,01423,,False,False,True,False,False,True
0083,01047,,False,False,True,False,False,True
0083,00708,,False,False,True,False,False,True
0083,00354,,False,False,True,False,False,True
0083,02631,,False,False,True,False,False,True
0083,01629,,False,False,True,False,False,True
0083,00159,,False,False,True,False,False,True
0083,00906,,False,False,True,False,False,True
0083,01681,,False,False,True,False,False,True
0083,01675,,False,False,True,False,False,True
0083,01229,,False,False,True,False,False,True
0083,00901,,False,False,True,False,False,True
0083,02800,,False,False,True,False,False,True
0083,02467,,False,False,True,False,False,True
0083,00339,,False,False,True,False,False,True
0083,02697,,False,False,True,False,False,True
0083,02469,,False,False,True,False,False,True
0083,01227,,False,False,True,False,False,True
0083,01471,,False,False,True,False,False,True
0083,01889,,False,False,True,False,False,True
0083,01628,,False,False,True,False,False,True
0083,01046,,False,False,True,False,False,True
0083,00736,,False,False,True,False,False,True
0083,02601,,False,False,True,False,False,True
0083,01619,,False,False,True,False,False,True
0083,01873,,False,False,True,False,False,True
0083,01077,,False,False,True,False,False,True
0083,02429,,False,False,True,False,False,True
0083,00517,,False,False,True,False,False,True
0083,00725,,False,False,True,False,False,True
0083,00341,,False,False,True,False,False,True
0083,01869,,False,False,True,False,False,True
0083,01409,,False,False,True,False,False,True
0083,01099,,False,False,True,False,False,True
0083,01052,,False,False,True,False,False,True
0083,00346,,False,False,True,False,False,True
0083,00519,,False,False,True,False,False,True
0083,02043,,False,False,True,False,False,True
0083,00714,,False,False,True,False,False,True
0083,00370,,False,False,True,False,False,True
0083,02249,,False,False,True,False,False,True
0083,00946,,False,False,True,False,False,True
0083,00348,,False,False,True,False,False,True
0083,02612,,False,False,True,False,False,True
0083,01407,,False,False,True,False,False,True
0083,01661,,False,False,True,False,False,True
0083,01037,,False,False,True,False,False,True
0083,00778,,False,False,True,False,False,True
0083,02487,,False,False,True,False,False,True
0083,00586,,False,False,True,False,False,True
0083,00120,,False,False,True,False,False,True
0083,01496,,False,False,True,False,False,True
0083,01805,,False,False,True,False,False,True
0083,02442,,False,False,True,False,False,True
0083,01802,,False,False,True,False,False,True
0083,00349,,False,False,True,False,False,True
0083,00947,,False,False,True,False,False,True
0083,01634,,False,False,True,False,False,True
0083,01268,,False,False,True,False,False,True
0083,00385,,False,False,False,True,True,False
0083,01633,,False,False,True,False,False,True
0083,00378,,False,False,True,False,False,True
0083,01850,,False,False,True,False,False,True
0083,01408,,False,False,True,False,False,True
0083,01053,,False,False,True,False,False,True
0083,00724,,False,False,True,False,False,True
0083,02685,,False,False,True,False,False,True
0083,02027,,False,False,True,False,False,True
0083,00314,,False,False,True,False,False,True
0083,02488,,False,False,True,False,False,True
0083,01455,,False,False,True,False,False,True
0083,00914,,False,False,True,False,False,True
0083,00128,,False,False,True,False,False,True
0083,01036,,False,False,True,False,False,True
0083,02475,,False,False,True,False,False,True
0083,02163,,False,False,True,False,False,True
0083,01382,,False,False,True,False,False,True
0083,02507,,False,False,True,False,False,True
0083,02735,,False,False,True,False,False,True
0083,01144,,False,False,True,False,False,True
0083,02197,,False,False,True,False,False,True
0083,02369,,False,False,True,False,False,True
0083,01143,,False,False,True,False,False,True
0083,00859,,False,False,True,False,False,True
0083,01378,,False,False,True,False,False,True
0083,02360,,False,False,True,False,False,True
0083,00857,,False,False,True,False,False,True
0083,01186,,False,False,True,False,False,True
0083,01340,,False,False,True,False,False,True
0083,00292,,False,False,True,False,False,True
0083,00232,,False,False,True,False,False,True
0083,02333,,False,False,True,False,False,True
0083,00464,,False,False,True,False,False,True
0083,01589,,False,False,True,False,False,True
0083,00463,,False,False,True,False,False,True
0083,02750,,False,False,True,False,False,True
0083,01741,,False,False,True,False,False,True
0083,00031,,False,False,True,False,False,True
0083,00667,,False,False,True,False,False,True
0083,01574,,False,False,True,False,False,True
0083,00835,,False,False,True,False,False,True
0083,02598,,False,False,True,False,False,True
0083,01983,,False,False,True,False,False,True
0083,01379,,False,False,True,False,False,True
0083,00400,,False,False,True,False,False,True
0083,00632,,False,False,True,False,False,True
0083,02506,,False,False,True,False,False,True
0083,01575,,False,False,True,False,False,True
0083,02599,,False,False,True,False,False,True
0083,00008,,False,False,True,False,False,True
0083,02751,,False,False,True,False,False,True
0083,00234,,False,False,True,False,False,True
0083,01544,,False,False,True,False,False,True
0083,02138,,False,False,True,False,False,True
0083,01749,,False,False,True,False,False,True
0083,02332,,False,False,True,False,False,True
0242,00509,,False,False,True,False,False,True
0242,01883,,False,False,True,False,False,True
0242,00199,,False,False,True,False,False,True
0242,00360,,False,False,True,False,False,True
0242,00536,,False,False,True,False,False,True
0242,01622,,False,False,True,False,False,True
0242,02295,,False,False,True,False,False,True
0242,01884,,False,False,True,False,False,True
0242,01625,,False,False,True,False,False,True
0242,00531,,False,False,True,False,False,True
0242,00507,,False,False,True,False,False,True
0242,02065,,False,False,True,False,False,True
0242,00356,,False,False,True,False,False,True
0242,01270,,False,False,True,False,False,True
0242,00302,,False,False,True,False,False,True
0242,00130,,False,False,True,False,False,True
0242,02667,,False,False,True,False,False,True
0242,00759,,False,False,True,False,False,True
0242,01223,,False,False,True,False,False,True
0242,00761,,False,False,True,False,False,True
0242,02499,,False,False,True,False,False,True
0242,01671,,False,False,True,False,False,True
0242,02669,,False,False,True,False,False,True
0242,01682,,False,False,True,False,False,True
0242,00361,,False,False,True,False,False,True
0242,02006,,False,False,True,False,False,True
0242,02802,,False,False,True,False,False,True
0242,00555,,False,False,True,False,False,True
0242,00131,,False,False,True,False,False,True
0242,02714,,False,False,True,False,False,True
0242,01957,,False,False,True,False,False,True
0242,00429,,False,False,True,False,False,True
0242,00278,,False,False,True,False,False,True
0242,01597,,False,False,True,False,False,True
0242,00822,,False,False,True,False,False,True
0242,01590,,False,False,True,False,False,True
0242,00474,,False,False,True,False,False,True
0242,02778,,False,False,True,False,False,True
0242,01599,,False,False,True,False,False,True
0242,00017,,False,False,True,False,False,True
0242,00487,,False,False,True,False,False,True
0242,01767,,False,False,True,False,False,True
0242,00028,,False,False,True,False,False,True
0242,00410,,False,False,True,False,False,True
0242,02188,,False,False,True,False,False,True
0242,00419,,False,False,True,False,False,True
0242,01500,,False,False,True,False,False,True
0242,00230,,False,False,True,False,False,True
0242,00654,,False,False,True,False,False,True
0242,02594,,False,False,True,False,False,True
0242,01318,,False,False,True,False,False,True
0242,01327,,False,False,True,False,False,True
0242,01549,,False,False,True,False,False,True
0242,00060,,False,False,True,False,False,True
0242,00631,,False,False,True,False,False,True
0242,01728,,False,False,True,False,False,True
0242,00435,,False,False,True,False,False,True
0242,01980,,False,False,True,False,False,True
0242,01726,,False,False,True,False,False,True
0242,01910,,False,False,True,False,False,True
0242,02796,,False,False,True,False,False,True
0242,01745,,False,False,True,False,False,True
0242,01319,,False,False,True,False,False,True
0242,01310,,False,False,True,False,False,True
0242,00236,,False,False,True,False,False,True
0242,00231,,False,False,True,False,False,True
0242,01125,,False,False,True,False,False,True
0242,01727,,False,False,True,False,False,True
0242,01981,,False,False,True,False,False,True
0242,02218,,False,False,True,False,False,True
0242,01664,,False,False,True,False,False,True
0242,01456,,False,False,True,False,False,True
0242,00125,,False,False,True,False,False,True
0242,01601,,False,False,True,False,False,True
0242,02070,,False,False,True,False,False,True
0242,00727,,False,False,True,False,False,True
0242,02048,,False,False,True,False,False,True
0242,00524,,False,False,True,False,False,True
0242,02425,,False,False,True,False,False,True
0242,02422,,False,False,True,False,False,True
0242,00523,,False,False,True,False,False,True
0242,01862,,False,False,True,False,False,True
0242,00980,,False,False,True,False,False,True
0242,00726,,False,False,True,False,False,True
0242,02690,,False,False,True,False,False,True
0242,00156,,False,False,True,False,False,True
0242,00158,,False,False,True,False,False,True
0242,00964,,False,False,True,False,False,True
0242,02066,,False,False,True,False,False,True
0242,01079,,False,False,True,False,False,True
0242,01422,,False,False,True,False,False,True
0242,01673,,False,False,True,False,False,True
0242,00790,,False,False,True,False,False,True
0242,00300,,False,False,True,False,False,True
0242,00132,,False,False,True,False,False,True
0242,02067,,False,False,True,False,False,True
0242,00166,,False,False,True,False,False,True
0242,01567,,False,False,True,False,False,True
0242,00441,,False,False,True,False,False,True
0242,01593,,False,False,True,False,False,True
0242,02547,,False,False,True,False,False,True
0242,00479,,False,False,True,False,False,True
0242,00219,,False,False,True,False,False,True
0242,00817,,False,False,True,False,False,True
0242,00477,,False,False,True,False,False,True
0242,01962,,False,False,True,False,False,True
0242,01737,,False,False,True,False,False,True
0242,02389,,False,False,True,False,False,True
0242,00627,,False,False,True,False,False,True
0242,01134,,False,False,True,False,False,True
0242,00090,,False,False,True,False,False,True
0242,01377,,False,False,True,False,False,True
0242,00267,,False,False,True,False,False,True
0242,01174,,False,False,True,False,False,True
0242,02100,,False,False,True,False,False,True
0242,00834,,False,False,True,False,False,True
0242,00266,,False,False,True,False,False,True
0242,01371,,False,False,True,False,False,True
0242,01054,,False,False,True,False,False,True
0242,00516,,False,False,True,False,False,True
0242,02089,,False,False,True,False,False,True
0242,00128,,False,False,True,False,False,True
0242,00914,,False,False,True,False,False,True
0242,01658,,False,False,True,False,False,True
0242,00913,,False,False,True,False,False,True
0242,00314,,False,False,True,False,False,True
0242,00384,,False,False,True,False,False,True
0242,01269,,False,False,True,False,False,True
0242,00383,,False,False,True,False,False,True
0242,02021,,False,False,True,False,False,True
0242,00127,,False,False,True,False,False,True
0252,00354,,False,False,True,False,False,True
0252,00962,,False,False,True,False,False,True
0252,00998,,False,False,True,False,False,True
0252,00362,,False,False,True,False,False,True
0252,01828,,False,False,True,False,False,True
0252,00999,,False,False,True,False,False,True
0252,00355,,False,False,True,False,False,True
0252,02664,,False,False,True,False,False,True
0252,01829,,False,False,True,False,False,True
0252,02690,,False,False,True,False,False,True
0252,00048,,False,False,True,False,False,True
0252,02381,,False,False,True,False,False,True
0252,01306,,False,False,True,False,False,True
0252,01308,,False,False,True,False,False,True
0252,02380,,False,False,True,False,False,True
0252,02513,,False,False,True,False,False,True
0252,01309,,False,False,True,False,False,True
0252,02591,,False,False,True,False,False,True
0252,00868,,False,False,True,False,False,True
0252,00866,,False,False,True,False,False,True
0252,00065,,False,False,True,False,False,True
0252,02351,,False,False,True,False,False,True
0252,02590,,False,False,True,False,False,True
0252,00588,,False,False,True,False,False,True
0252,02641,,False,False,True,False,False,True
0252,02480,,False,False,True,False,False,True
0252,02640,,False,False,True,False,False,True
0252,00587,,False,False,True,False,False,True
0252,01633,,False,False,True,False,False,True
0252,01634,,False,False,True,False,False,True
0252,02039,,False,False,True,False,False,True
0252,00107,,False,False,True,False,False,True
0252,01028,,False,False,True,False,False,True
0252,02666,,False,False,True,False,False,True
0252,02037,,False,False,True,False,False,True
0252,00961,,False,False,True,False,False,True
0252,02436,,False,False,True,False,False,True
0252,00361,,False,False,True,False,False,True
0252,01029,,False,False,True,False,False,True
0252,00106,,False,False,True,False,False,True
0252,00360,,False,False,True,False,False,True
0252,00475,,False,False,True,False,False,True
0252,01305,,False,False,True,False,False,True
0252,02589,,False,False,True,False,False,True
0252,02511,,False,False,True,False,False,True
0252,01303,,False,False,True,False,False,True
0252,00474,,False,False,True,False,False,True
0252,02908,,False,False,True,False,False,True
0252,02796,,False,False,True,False,False,True
0252,01310,,False,False,True,False,False,True
0252,02797,,False,False,True,False,False,True
0252,01432,,False,False,True,False,False,True
0252,02479,,False,False,True,False,False,True
0252,00576,,False,False,True,False,False,True
0252,02689,,False,False,True,False,False,True
0252,02688,,False,False,True,False,False,True
0261,02049,,False,False,True,False,False,True
0261,00513,,False,False,True,False,False,True
0261,01855,,False,False,True,False,False,True
0261,00514,,False,False,True,False,False,True
0261,01056,,False,False,False,True,False,True
0261,01863,,False,False,True,False,False,True
0261,02611,,False,False,True,False,False,True
0261,01864,,False,False,True,False,False,True
0261,01058,,False,False,True,False,False,True
0261,00387,,False,False,True,False,False,True
0261,01255,,False,False,True,False,False,True
0261,01631,,False,False,False,True,False,True
0261,00525,,False,False,True,False,False,True
0261,02040,,False,False,True,False,False,True
0261,01457,,False,False,False,True,False,True
0261,00585,,False,False,True,False,False,True
0261,00115,,False,False,True,False,False,True
0261,02470,,False,False,False,True,False,True
0261,01830,,False,False,False,True,False,True
0261,02219,,False,False,True,False,False,True
0261,02817,,False,False,False,True,False,True
0261,01450,,False,False,False,True,False,True
0261,00911,,False,False,True,False,False,True
0261,02448,,False,False,True,False,False,True
0261,01837,,False,False,False,True,False,True
0261,02217,,False,False,True,False,False,True
0261,01492,,False,False,True,False,False,True
0261,02819,,False,False,True,False,False,True
0261,01459,,False,False,True,False,False,True
0261,01839,,False,False,True,False,False,True
0261,02446,,False,False,False,True,False,True
0261,02210,,False,False,True,False,False,True
0261,01698,,False,False,True,False,False,True
0261,01865,,False,False,True,False,False,True
0261,02041,,False,False,False,True,False,True
0261,02425,,False,False,True,False,False,True
0261,00386,,False,False,True,False,False,True
0261,01254,,False,False,True,False,False,True
0261,01630,,False,False,False,True,False,True
0261,01896,,False,False,True,False,False,True
0261,02610,,False,False,True,False,False,True
0261,01854,,False,False,True,False,False,True
0261,01265,,False,False,True,False,False,True
0261,01898,,False,False,True,False,False,True
0261,01838,,False,False,False,True,False,True
0261,01699,,False,False,True,False,False,True
0261,01458,,False,False,False,True,False,True
0261,02229,,False,False,True,False,False,True
0261,01451,,False,False,False,True,False,True
0261,00113,,False,False,True,False,False,True
0261,00910,,False,False,True,False,False,True
0261,02471,,False,False,True,False,False,True
0261,00114,,False,False,True,False,False,True
0261,01456,,False,False,True,False,False,True
0261,01831,,False,False,False,True,False,True
0261,00891,,False,False,True,False,False,True
0261,01729,,False,False,False,True,False,True
0261,02158,,False,False,True,False,False,True
0261,00865,,False,False,False,True,False,True
0261,01711,,False,False,False,True,False,True
0261,02700,,False,False,False,True,False,True
0261,02532,,False,False,True,False,False,True
0261,00601,,False,False,True,False,False,True
0261,01727,,False,False,False,True,False,True
0261,01512,,False,False,False,True,False,True
0261,02337,,False,False,False,True,False,True
0261,02754,,False,False,True,False,False,True
0261,00467,,False,False,True,False,False,True
0261,01926,,False,False,False,True,False,True
0261,00697,,False,False,True,False,False,True
0261,02339,,False,False,False,True,False,True
0261,01928,,False,False,False,True,False,True
0261,02534,,False,False,True,False,False,True
0261,01513,,False,False,False,True,False,True
0261,01987,,False,False,True,False,False,True
0261,01726,,False,False,False,True,False,True
0261,02701,,False,False,False,True,False,True
0261,00600,,False,False,True,False,False,True
0261,02157,,False,False,True,False,False,True
0261,00299,,False,False,True,False,False,True
0261,01710,,False,False,False,True,False,True
0261,02338,,False,False,False,True,False,True
0261,02755,,False,False,True,False,False,True
0261,00466,,False,False,True,False,False,True
0261,02336,,False,False,False,True,False,True
0261,00698,,False,False,True,False,False,True
0261,02119,,False,False,False,True,False,True
0261,00027,,False,False,True,False,False,True
0261,02542,,False,False,False,True,False,True
0261,02314,,False,False,True,False,False,True
0261,01757,,False,False,True,False,False,True
0261,01905,,False,False,True,False,False,True
0261,01106,,False,False,True,False,False,True
0261,00682,,False,False,True,False,False,True
0261,02313,,False,False,True,False,False,True
0261,00020,,False,False,True,False,False,True
0261,01759,,False,False,True,False,False,True
0261,01792,,False,False,True,False,False,True
0261,01598,,False,False,True,False,False,True
0261,01795,,False,False,True,False,False,True
0261,02110,,False,False,False,True,False,True
0261,00481,,False,False,False,True,False,True
0261,01732,,False,False,False,True,False,True
0261,01356,,False,False,True,False,False,True
0261,01369,,False,False,False,True,False,True
0261,01967,,False,False,True,False,False,True
0261,02188,,False,False,True,False,False,True
0261,00080,,False,False,True,False,False,True
0261,02723,,False,False,False,True,False,True
0261,02511,,False,False,True,False,False,True
0261,01509,,False,False,False,True,True,False
0261,01703,,False,False,True,False,False,True
0261,01367,,False,False,True,False,False,True
0261,01969,,False,False,True,False,False,True
0261,00428,,False,False,True,False,False,True
0261,01599,,False,False,True,False,False,True
0261,00480,,False,False,True,False,False,True
0261,01760,,False,False,True,False,False,True
0261,02111,,False,False,True,False,False,True
0261,01758,,False,False,True,False,False,True
0261,01793,,False,False,True,False,False,True
0261,01555,,False,False,True,False,False,True
0261,01131,,False,False,True,False,False,True
0261,02120,,False,False,False,True,False,True
0261,02312,,False,False,True,False,False,True
0261,00683,,False,False,True,False,False,True
0261,00489,,False,False,True,False,False,True
0261,00019,,False,False,True,False,False,True
0261,01756,,False,False,True,False,False,True
0261,02543,,False,False,False,True,False,True
0261,00026,,False,False,True,False,False,True
0261,01702,,False,False,True,False,False,True
0261,02187,,False,False,True,False,False,True
0261,01968,,False,False,True,False,False,True
0261,00429,,False,False,True,False,False,True
0261,02722,,False,False,False,True,False,True
0261,01361,,False,False,True,False,False,True
0261,00081,,False,False,False,True,False,True
0261,02180,,False,False,True,False,False,True
0261,01508,,False,False,True,False,False,True
0261,01733,,False,False,False,True,False,True
0261,01966,,False,False,True,False,False,True
0261,02145,,False,False,False,True,False,True
0261,00109,,False,False,True,False,False,True
0261,01813,,False,False,True,False,False,True
0261,00760,,False,False,True,False,False,True
0261,02205,,False,False,True,False,False,True
0261,02695,,False,False,True,False,False,True
0261,01814,,False,False,True,False,False,True
0261,01028,,False,False,False,True,False,True
0261,02659,,False,False,True,False,False,True
0261,02692,,False,False,True,False,False,True
0261,00131,,False,False,True,False,False,True
0261,00107,,False,False,True,False,False,True
0261,00563,,False,False,True,False,False,True
0261,00332,,False,False,True,False,False,True
0261,02465,,False,False,True,False,False,True
0261,00957,,False,False,False,True,False,True
0261,00395,,False,False,True,False,False,True
0261,00508,,False,False,True,False,False,True
0261,00191,,False,False,True,False,False,True
0261,02090,,False,False,True,False,False,True
0261,02632,,False,False,True,False,False,True
0261,00165,,False,False,True,False,False,True
0261,00959,,False,False,False,True,False,True
0261,01840,,False,False,False,True,False,True
0261,01282,,False,False,False,True,False,True
0261,02251,,False,False,True,False,False,True
0261,00506,,False,False,True,False,False,True
0261,02063,,False,False,True,False,False,True
0261,02097,,False,False,True,False,False,True
0261,01276,,False,False,True,False,False,True
0261,01044,,False,False,True,False,False,True
0261,00961,,False,False,False,True,False,True
0261,01249,,False,False,True,False,False,True
0261,00902,,False,False,True,False,False,True
0261,02490,,False,False,True,False,False,True
0261,01027,,False,False,True,False,False,True
0261,00333,,False,False,True,False,False,True
0261,02464,,False,False,True,False,False,True
0261,00759,,False,False,True,False,False,True
0261,01815,,False,False,False,True,False,True
0261,02693,,False,False,True,False,False,True
0261,01812,,False,False,True,False,False,True
0261,02694,,False,False,True,False,False,True
0261,00305,,False,False,True,False,False,True
0261,01481,,False,False,True,False,False,True
0261,02062,,False,False,True,False,False,True
0261,02250,,False,False,True,False,False,True
0261,00507,,False,False,True,False,False,True
0261,00960,,False,False,False,True,False,True
0261,00164,,False,False,True,False,False,True
0261,02091,,False,False,True,False,False,True
0261,01884,,False,False,True,False,False,True
0261,01834,,False,False,False,True,False,True
0261,01659,,False,False,True,False,False,True
0261,01833,,False,False,False,True,False,True
0261,00120,,False,False,True,False,False,True
0261,01491,,False,False,True,False,False,True
0261,01657,,False,False,True,False,False,True
0261,01258,,False,False,True,False,False,True
0261,02075,,False,False,True,False,False,True
0261,02088,,False,False,True,False,False,True
0261,01256,,False,False,True,False,False,True
0261,00526,,False,False,True,False,False,True
0261,02427,,False,False,True,False,False,True
0261,00348,,False,False,False,True,False,True
0261,01635,,False,False,False,True,False,True
0261,00119,,False,False,True,False,False,True
0261,01203,,False,False,True,False,False,True
0261,01658,,False,False,True,False,False,True
0261,00349,,False,False,True,False,False,True
0261,01634,,False,False,False,True,False,True
0261,01250,,False,False,True,False,False,True
0261,01257,,False,False,True,False,False,True
0261,02074,,False,False,True,False,False,True
0261,01266,,False,False,True,False,False,True
0261,02073,,False,False,True,False,False,True
0261,00490,,False,False,True,False,False,True
0261,02768,,False,False,True,False,False,True
0261,01313,,False,False,True,False,False,True
0261,00038,,False,False,True,False,False,True
0261,01117,,False,False,True,False,False,True
0261,02766,,False,False,False,True,False,True
0261,02137,,False,False,False,True,False,True
0261,00439,,False,False,True,False,False,True
0261,02163,,False,False,True,False,False,True
0261,00892,,False,False,True,False,False,True
0261,00268,,False,False,True,False,False,True
0261,00866,,False,False,False,True,False,True
0261,01985,,False,False,True,False,False,True
0261,00602,,False,False,True,False,False,True
0261,02552,,False,False,True,False,False,True
0261,00666,,False,False,True,False,False,True
0261,01116,,False,False,True,False,False,True
0261,02138,,False,False,False,True,False,True
0261,00491,,False,False,True,False,False,True
0261,01315,,False,False,True,False,False,True
0261,01984,,False,False,True,False,False,True
0261,00267,,False,False,True,False,False,True
0261,00893,,False,False,True,False,False,True
0261,00858,,False,False,True,False,False,True
0261,02165,,False,False,True,False,False,True
0261,00438,,False,False,True,False,False,True
0261,01355,,False,False,True,False,False,True
0261,00273,,False,False,False,True,False,True
0261,01158,,False,False,True,False,False,True
0261,02147,,False,False,True,False,False,True
0261,00422,,False,False,True,False,False,True
0261,01160,,False,False,True,False,False,True
0261,01399,,False,False,True,False,False,True
0261,02178,,False,False,True,False,False,True
0261,00070,,False,False,True,False,False,True
0261,01955,,False,False,True,False,False,True
0261,01363,,False,False,True,False,False,True
0261,01397,,False,False,True,False,False,True
0261,02512,,False,False,True,False,False,True
0261,01906,,False,False,True,False,False,True
0261,01105,,False,False,True,False,False,True
0261,02310,,False,False,True,False,False,True
0261,02328,,False,False,True,False,False,True
0261,02541,,False,False,False,True,False,True
0261,02317,,False,False,True,False,False,True
0261,00686,,False,False,True,False,False,True
0261,01796,,False,False,True,False,False,True
0261,01557,,False,False,False,True,False,True
0261,01133,,False,False,True,False,False,True
0261,00015,,False,False,True,False,False,True
0261,02326,,False,False,True,False,False,True
0261,01953,,False,False,True,False,False,True
0261,01954,,False,False,True,False,False,True
0261,00423,,False,False,True,False,False,True
0261,01730,,False,False,False,True,False,True
0261,01159,,False,False,True,False,False,True
0261,00014,,False,False,True,False,False,True
0261,02316,,False,False,True,False,False,True
0261,01412,,False,False,True,False,False,True
0261,00396,,False,False,True,False,False,True
0261,00362,,False,False,False,True,False,True
0261,02051,,False,False,True,False,False,True
0261,01886,,False,False,True,False,False,True
0261,00505,,False,False,True,False,False,True
0261,01275,,False,False,True,False,False,True
0261,00192,,False,False,True,False,False,True
0261,02093,,False,False,True,False,False,True
0261,02631,,False,False,True,False,False,True
0261,01817,,False,False,False,True,False,True
0261,00790,,False,False,True,False,False,True
0261,00132,,False,False,True,False,False,True
0261,00300,,False,False,True,False,False,True
0261,00307,,False,False,True,False,False,True
0261,01483,,False,False,True,False,False,True
0261,02206,,False,False,True,False,False,True
0261,02696,,False,False,True,False,False,True
0261,00900,,False,False,True,False,False,True
0261,02230,,False,False,True,False,False,True
0261,02466,,False,False,True,False,False,True
0261,02492,,False,False,True,False,False,True
0261,01673,,False,False,False,True,False,True
0261,02698,,False,False,True,False,False,True
0261,02208,,False,False,True,False,False,True
0261,01046,,False,False,True,False,False,True
0261,01414,,False,False,False,True,False,True
0261,00364,,False,False,True,False,False,True
0261,00363,,False,False,True,False,False,True
0261,02699,,False,False,True,False,False,True
0261,00561,,False,False,True,False,False,True
0261,01672,,False,False,False,True,False,True
0261,01816,,False,False,True,False,False,True
0261,00301,,False,False,True,False,False,True
0261,00791,,False,False,True,False,False,True
0247,01898,,False,False,True,False,False,True
0247,01262,,False,False,True,False,False,True
0247,01800,,False,False,True,False,False,True
0247,01899,,False,False,True,False,False,True
0247,01801,,False,False,True,False,False,True
0247,02797,,False,False,True,False,False,True
0247,02796,,False,False,True,False,False,True
0247,03202,,False,False,True,False,False,True
0247,00507,,False,False,True,False,False,True
0247,01089,,False,False,True,False,False,True
0247,00152,,False,False,True,False,False,True
0247,01087,,False,False,True,False,False,True
0247,01010,,False,False,True,False,False,True
0247,00506,,False,False,True,False,False,True
0247,00777,,False,False,True,False,False,True
0247,02248,,False,False,True,False,False,True
0247,00982,,False,False,True,False,False,True
0247,02246,,False,False,True,False,False,True
0247,01261,,False,False,True,False,False,True
0247,00778,,False,False,True,False,False,True
0247,02138,,False,False,True,False,False,True
0247,02139,,False,False,True,False,False,True
0247,01161,,False,False,True,False,False,True
0247,01159,,False,False,True,False,False,True
0247,03201,,False,False,True,False,False,True
0247,00151,,False,False,True,False,False,True
0247,00505,,False,False,True,False,False,True
0062,01928,,False,False,True,False,False,True
0062,01122,,False,False,True,False,False,True
0062,01780,,False,False,True,False,False,True
0062,00050,,False,False,True,False,False,True
0062,00862,,False,False,True,False,False,True
0062,01927,,False,False,True,False,False,True
0062,00578,,False,False,True,False,False,True
0062,01696,,False,False,True,False,False,True
0062,01468,,False,False,True,False,False,True
0062,00345,,False,False,True,False,False,True
0062,01469,,False,False,True,False,False,True
0062,02229,,False,False,True,False,False,True
0062,00515,,False,False,True,False,False,True
0062,02294,,False,False,True,False,False,True
0062,02260,,False,False,True,False,False,True
0062,00702,,False,False,True,False,False,True
0062,02006,,False,False,True,False,False,True
0062,02695,,False,False,True,False,False,True
0062,02693,,False,False,True,False,False,True
0062,01676,,False,False,True,False,False,True
0062,03091,,False,False,True,False,False,True
0062,00277,,False,False,True,False,False,True
0062,00444,,False,False,True,False,False,True
0062,01591,,False,False,True,False,False,True
0062,00443,,False,False,True,False,False,True
0062,00075,,False,False,True,False,False,True
0062,02379,,False,False,True,False,False,True
0062,03099,,False,False,True,False,False,True
0062,00086,,False,False,True,False,False,True
0062,01590,,False,False,True,False,False,True
0062,00225,,False,False,True,False,False,True
0062,00602,,False,False,True,False,False,True
0062,00859,,False,False,True,False,False,True
0062,00895,,False,False,True,False,False,True
0062,02108,,False,False,True,False,False,True
0062,00463,,False,False,True,False,False,True
0062,00464,,False,False,True,False,False,True
0062,01542,,False,False,True,False,False,True
0062,00894,,False,False,True,False,False,True
0062,00858,,False,False,True,False,False,True
0062,00604,,False,False,True,False,False,True
0062,01543,,False,False,True,False,False,True
0062,01407,,False,False,True,False,False,True
0062,01269,,False,False,True,False,False,True
0062,01294,,False,False,True,False,False,True
0062,00187,,False,False,True,False,False,True
0062,00588,,False,False,True,False,False,True
0062,02495,,False,False,True,False,False,True
0062,01674,,False,False,True,False,False,True
0062,02839,,False,False,True,False,False,True
0062,01448,,False,False,True,False,False,True
0062,02067,,False,False,True,False,False,True
0062,00505,,False,False,True,False,False,True
0062,02493,,False,False,True,False,False,True
0062,01675,,False,False,True,False,False,True
0062,02114,,False,False,True,False,False,True
0062,00449,,False,False,True,False,False,True
0062,00672,,False,False,True,False,False,True
0062,01337,,False,False,True,False,False,True
0062,00084,,False,False,True,False,False,True
0062,01709,,False,False,True,False,False,True
0062,00673,,False,False,True,False,False,True
0062,03060,,False,False,True,False,False,True
0062,00049,,False,False,True,False,False,True
0270,02113,3.0,False,False,True,False,False,True
0270,01306,3.0,False,False,True,False,False,True
0270,01133,3.0,False,False,True,False,False,True
0270,02114,3.0,False,False,True,False,False,True
0270,00816,3.0,False,False,True,False,False,True
0270,01561,3.0,False,False,True,False,False,True
0270,00216,3.0,False,False,True,False,False,True
0270,01102,3.0,False,False,True,False,False,True
0270,01566,3.0,False,False,True,False,False,True
0270,01559,3.0,False,False,True,False,False,True
0270,00873,3.0,False,False,True,False,False,True
0270,00242,3.0,False,False,True,False,False,True
0270,00070,3.0,False,False,True,False,False,True
0270,00880,3.0,False,False,True,False,False,True
0270,01952,3.0,False,False,True,False,False,True
0270,02149,3.0,False,False,True,False,False,True
0270,00874,3.0,False,False,True,False,False,True
0270,02182,3.0,False,False,False,True,False,True
0270,01535,3.0,False,False,True,False,False,True
0270,00245,3.0,False,False,True,False,False,True
0270,01503,3.0,False,False,True,False,False,True
0270,01103,3.0,False,False,True,False,False,True
0270,01567,3.0,False,False,True,False,False,True
0270,00217,3.0,False,False,True,False,False,True
0270,00674,3.0,False,False,True,False,False,True
0270,01104,3.0,False,False,True,False,False,True
0270,01505,3.0,False,False,True,False,False,True
0270,00281,3.0,False,False,True,False,False,True
0270,00275,3.0,False,False,True,False,False,True
0270,02146,3.0,False,False,True,False,False,True
0270,00875,3.0,False,False,True,False,False,True
0270,01534,3.0,False,False,True,False,False,True
0270,00071,3.0,False,False,True,False,False,True
0270,00243,3.0,False,False,True,False,False,True
0270,01391,3.0,False,False,True,False,False,True
0270,01217,3.0,False,False,True,False,False,True
0270,01826,3.0,False,False,True,False,False,True
0270,01210,3.0,False,False,True,False,False,True
0270,02237,3.0,False,False,True,False,False,True
0270,00309,3.0,False,False,True,False,False,True
0270,01642,3.0,False,False,True,False,False,True
0270,02239,3.0,False,False,True,False,False,True
0270,00161,3.0,False,False,True,False,False,True
0270,01875,3.0,False,False,True,False,False,True
0270,00706,3.0,False,False,True,False,False,True
0270,01872,3.0,False,False,True,False,False,True
0270,02056,3.0,False,False,True,False,False,True
0270,00391,3.0,False,False,True,False,False,True
0270,01071,3.0,False,False,True,False,False,True
0270,01644,3.0,False,False,True,False,False,True
0270,01449,3.0,False,False,True,False,False,True
0270,00339,3.0,False,False,True,False,False,True
0270,02238,3.0,False,False,True,False,False,True
0270,02236,3.0,False,False,True,False,False,True
0270,00561,3.0,False,False,True,False,False,True
0270,01873,3.0,False,False,True,False,False,True
0270,01245,3.0,False,False,True,False,False,True
0270,02066,3.0,False,False,True,False,False,True
0270,01610,3.0,False,False,True,False,False,True
0270,00384,3.0,False,False,True,False,False,True
0270,00370,3.0,False,False,True,False,False,True
0270,00145,3.0,False,False,True,False,False,True
0270,01860,3.0,False,False,True,False,False,True
0270,00173,3.0,False,False,True,False,False,True
0270,00341,3.0,False,False,True,False,False,True
0270,02240,3.0,False,False,True,False,False,True
0270,01431,3.0,False,False,True,False,False,True
0270,01869,3.0,False,False,True,False,False,True
0270,00346,3.0,False,False,True,False,False,True
0270,00174,3.0,False,False,True,False,False,True
0270,00379,3.0,False,False,True,False,False,True
0270,00782,3.0,False,False,True,False,False,True
0270,01491,3.0,False,False,True,False,False,True
0270,00575,3.0,False,False,True,False,False,True
0270,01453,3.0,False,False,True,False,False,True
0270,01661,3.0,False,False,True,False,False,True
0270,01833,3.0,False,False,True,False,False,True
0270,01454,3.0,False,False,True,False,False,True
0270,01430,3.0,False,False,True,False,False,True
0270,00172,3.0,False,False,True,False,False,True
0270,00376,3.0,False,False,True,False,False,True
0270,01832,3.0,False,False,True,False,False,True
0270,00573,3.0,False,False,True,False,False,True
0270,01455,3.0,False,False,True,False,False,True
0270,01203,3.0,False,False,True,False,False,True
0270,01835,3.0,False,False,True,False,False,True
0270,01204,3.0,False,False,True,False,False,True
0270,01452,3.0,False,False,True,False,False,True
0270,02011,3.0,False,False,True,False,False,True
0270,00574,3.0,False,False,True,False,False,True
0270,00783,3.0,False,False,True,False,False,True
0270,01511,3.0,False,False,True,False,False,True
0270,01723,3.0,False,False,True,False,False,True
0270,02152,3.0,False,False,True,False,False,True
0270,01976,3.0,False,False,True,False,False,True
0270,00602,3.0,False,False,True,False,False,True
0270,01724,3.0,False,False,True,False,False,True
0270,01516,3.0,False,False,True,False,False,True
0270,01971,3.0,False,False,True,False,False,True
0270,01712,3.0,False,False,True,False,False,True
0270,02164,3.0,False,False,True,False,False,True
0270,01188,3.0,False,False,True,False,False,True
0270,00693,3.0,False,False,True,False,False,True
0270,00667,3.0,False,False,True,False,False,True
0270,01913,3.0,False,False,True,False,False,True
0270,00499,3.0,False,False,True,False,False,True
0270,00694,3.0,False,False,True,False,False,True
0270,00803,3.0,False,False,True,False,False,True
0270,00804,3.0,False,False,True,False,False,True
0270,02165,3.0,False,False,True,False,False,True
0270,01189,3.0,False,False,True,False,False,True
0270,01941,3.0,False,False,True,False,False,True
0270,00603,3.0,False,False,True,False,False,True
0270,01187,3.0,False,False,True,False,False,True
0270,00436,3.0,False,False,True,False,False,True
0270,01510,3.0,False,False,True,False,False,True
0270,00668,3.0,False,False,True,False,False,True
0270,01111,3.0,False,False,True,False,False,True
0270,00692,3.0,False,False,True,False,False,True
0270,01951,3.0,False,False,True,False,False,True
0270,00883,3.0,False,False,True,False,False,True
0270,00877,3.0,False,False,True,False,False,True
0270,02181,3.0,False,False,False,True,False,True
0270,00074,3.0,False,False,True,False,False,True
0270,00848,3.0,False,False,True,False,False,True
0270,02175,3.0,False,False,True,False,False,True
0270,00277,3.0,False,False,True,False,False,True
0270,00042,3.0,False,False,True,False,False,True
0270,01302,3.0,False,False,True,False,False,True
0270,02110,3.0,False,False,True,False,False,True
0270,00812,3.0,False,False,True,False,False,True
0270,01565,3.0,False,False,True,False,False,True
0270,00018,3.0,False,False,True,False,False,True
0270,00488,3.0,False,False,True,False,False,True
0270,01562,3.0,False,False,True,False,False,True
0270,00020,3.0,False,False,True,False,False,True
0270,00282,3.0,False,False,True,False,False,True
0270,00878,3.0,False,False,True,False,False,True
0270,02145,3.0,False,False,True,False,False,True
0270,00072,3.0,False,False,True,False,False,True
0270,01950,3.0,False,False,True,False,False,True
0270,01563,3.0,False,False,True,False,False,True
0270,01138,3.0,False,False,True,False,False,True
0270,01564,3.0,False,False,True,False,False,True
0270,00489,3.0,False,False,True,False,False,True
0270,02129,3.0,False,False,True,False,False,True
0270,00992,3.0,False,False,True,False,False,True
0270,00357,3.0,False,False,True,False,False,True
0270,02064,3.0,False,False,True,False,False,True
0270,00961,3.0,False,False,True,False,False,True
0270,01871,3.0,False,False,True,False,False,True
0270,00702,3.0,False,False,True,False,False,True
0270,01624,3.0,False,False,True,False,False,True
0270,01072,3.0,False,False,True,False,False,True
0270,01278,3.0,False,False,True,False,False,True
0270,01849,3.0,False,False,True,False,False,True
0270,01623,3.0,False,False,True,False,False,True
0270,00599,3.0,False,False,True,False,False,True
0270,00993,3.0,False,False,True,False,False,True
0270,01841,3.0,False,False,True,False,False,True
0270,00356,3.0,False,False,True,False,False,True
0270,00562,3.0,False,False,True,False,False,True
0270,00786,3.0,False,False,True,False,False,True
0270,01208,3.0,False,False,True,False,False,True
0270,00775,3.0,False,False,True,False,False,True
0270,01665,3.0,False,False,True,False,False,True
0270,01837,3.0,False,False,True,False,False,True
0270,02013,3.0,False,False,True,False,False,True
0270,01034,3.0,False,False,True,False,False,True
0270,01206,3.0,False,False,True,False,False,True
0270,01450,3.0,False,False,True,False,False,True
0270,01252,3.0,False,False,True,False,False,True
0270,01609,3.0,False,False,True,False,False,True
0270,01403,3.0,False,False,True,False,False,True
0270,00387,3.0,False,False,True,False,False,True
0270,01864,3.0,False,False,True,False,False,True
0270,02244,3.0,False,False,True,False,False,True
0270,00345,3.0,False,False,True,False,False,True
0270,00148,3.0,False,False,True,False,False,True
0270,00170,3.0,False,False,True,False,False,True
0270,01432,3.0,False,False,True,False,False,True
0270,01207,3.0,False,False,True,False,False,True
0270,01035,3.0,False,False,True,False,False,True
0270,01663,3.0,False,False,True,False,False,True
0270,02220,3.0,False,False,True,False,False,True
0270,01664,3.0,False,False,True,False,False,True
0270,01456,3.0,False,False,True,False,False,True
0270,01209,3.0,False,False,True,False,False,True
0270,00774,3.0,False,False,True,False,False,True
0270,02070,3.0,False,False,True,False,False,True
0270,02242,3.0,False,False,True,False,False,True
0270,00388,3.0,False,False,True,False,False,True
0270,00176,3.0,False,False,True,False,False,True
0270,00149,3.0,False,False,True,False,False,True
0270,01254,3.0,False,False,True,False,False,True
0270,00386,3.0,False,False,True,False,False,True
0270,00697,3.0,False,False,True,False,False,True
0270,01113,3.0,False,False,True,False,False,True
0270,00032,3.0,False,False,True,False,False,True
0270,01185,3.0,False,False,True,False,False,True
0270,01515,3.0,False,False,True,False,False,True
0270,00068,3.0,False,False,True,False,False,True
0270,01972,3.0,False,False,True,False,False,True
0270,00898,3.0,False,False,True,False,False,True
0270,01182,3.0,False,False,True,False,False,True
0270,01975,3.0,False,False,True,False,False,True
0270,01943,3.0,False,False,True,False,False,True
0270,00059,3.0,False,False,True,False,False,True
0270,00060,3.0,False,False,True,False,False,True
0270,00897,3.0,False,False,True,False,False,True
0270,02166,3.0,False,False,True,False,False,True
0270,01728,3.0,False,False,True,False,False,True
0270,01974,3.0,False,False,True,False,False,True
0270,01726,3.0,False,False,True,False,False,True
0270,00600,3.0,False,False,True,False,False,True
0260,01131,,False,False,True,False,False,True
0260,02521,,False,False,True,False,False,True
0260,00847,,False,False,True,False,False,True
0260,02526,,False,False,True,False,False,True
0260,03294,,False,False,True,False,False,True
0260,01933,,False,False,True,False,False,True
0260,01905,,False,False,True,False,False,True
0260,00018,,False,False,True,False,False,True
0260,02340,,False,False,True,False,False,True
0260,03295,,False,False,True,False,False,True
0260,00846,,False,False,True,False,False,True
0260,02694,,False,False,True,False,False,True
0260,00554,,False,False,True,False,False,True
0260,00130,,False,False,True,False,False,True
0260,02463,,False,False,True,False,False,True
0260,01444,,False,False,True,False,False,True
0260,01212,,False,False,True,False,False,True
0260,00565,,False,False,True,False,False,True
0260,01870,,False,False,True,False,False,True
0260,02098,,False,False,True,False,False,True
0260,02805,,False,False,True,False,False,True
0260,01445,,False,False,True,False,False,True
0260,01021,,False,False,True,False,False,True
0260,02462,,False,False,True,False,False,True
0260,00563,,False,False,True,False,False,True
0260,00555,,False,False,True,False,False,True
0260,00131,,False,False,True,False,False,True
0260,02695,,False,False,True,False,False,True
0260,00506,,False,False,True,False,False,True
0260,02099,,False,False,True,False,False,True
0260,01871,,False,False,True,False,False,True
0260,03363,,False,False,True,False,False,True
0260,03364,,False,False,True,False,False,True
0260,01862,,False,False,True,False,False,True
0260,00375,,False,False,True,False,False,True
0260,02218,,False,False,True,False,False,True
0260,02688,,False,False,True,False,False,True
0260,02220,,False,False,True,False,False,True
0260,02449,,False,False,True,False,False,True
0260,02686,,False,False,True,False,False,True
0260,02216,,False,False,True,False,False,True
0260,02440,,False,False,True,False,False,True
0260,03362,,False,False,True,False,False,True
0260,02217,,False,False,True,False,False,True
0260,02441,,False,False,True,False,False,True
0260,02687,,False,False,True,False,False,True
0260,01034,,False,False,True,False,False,True
0260,02689,,False,False,True,False,False,True
0260,02219,,False,False,True,False,False,True
0260,03288,,False,False,True,False,False,True
0260,02168,,False,False,True,False,False,True
0260,01974,,False,False,True,False,False,True
0260,03244,,False,False,True,False,False,True
0260,02560,,False,False,True,False,False,True
0260,02567,,False,False,True,False,False,True
0260,01786,,False,False,True,False,False,True
0260,02338,,False,False,True,False,False,True
0260,02931,,False,False,True,False,False,True
0260,01788,,False,False,True,False,False,True
0260,01975,,False,False,True,False,False,True
0260,03245,,False,False,True,False,False,True
0260,02169,,False,False,True,False,False,True
0260,03289,,False,False,True,False,False,True
0260,01789,,False,False,True,False,False,True
0260,02339,,False,False,True,False,False,True
0260,02566,,False,False,True,False,False,True
0260,02559,,False,False,True,False,False,True
0260,02525,,False,False,True,False,False,True
0260,03290,,False,False,True,False,False,True
0260,00479,,False,False,True,False,False,True
0260,01907,,False,False,True,False,False,True
0260,02547,,False,False,True,False,False,True
0260,02927,,False,False,True,False,False,True
0260,02549,,False,False,True,False,False,True
0260,02320,,False,False,True,False,False,True
0260,00477,,False,False,True,False,False,True
0260,01132,,False,False,True,False,False,True
0260,02524,,False,False,True,False,False,True
0260,01791,,False,False,True,False,False,True
0260,02321,,False,False,True,False,False,True
0260,01906,,False,False,True,False,False,True
0260,00478,,False,False,True,False,False,True
0260,00504,,False,False,True,False,False,True
0260,02690,,False,False,True,False,False,True
0260,02451,,False,False,True,False,False,True
0260,02809,,False,False,True,False,False,True
0260,02458,,False,False,True,False,False,True
0260,02460,,False,False,True,False,False,True
0260,01023,,False,False,True,False,False,True
0260,01211,,False,False,True,False,False,True
0260,02806,,False,False,True,False,False,True
0260,02459,,False,False,True,False,False,True
0260,02808,,False,False,True,False,False,True
0260,02678,,False,False,True,False,False,True
0260,02212,,False,False,True,False,False,True
0260,02685,,False,False,True,False,False,True
0260,01857,,False,False,True,False,False,True
0260,02410,,False,False,True,False,False,True
0260,02419,,False,False,True,False,False,True
0260,01859,,False,False,True,False,False,True
0260,01861,,False,False,True,False,False,True
0260,00376,,False,False,True,False,False,True
0260,02421,,False,False,True,False,False,True
0260,02214,,False,False,True,False,False,True
0260,02442,,False,False,True,False,False,True
0260,02677,,False,False,True,False,False,True
0260,00129,,False,False,True,False,False,True
0260,02420,,False,False,True,False,False,True
0260,02411,,False,False,True,False,False,True
0260,02100,,False,False,True,False,False,True
0260,01979,,False,False,True,False,False,True
0260,01983,,False,False,True,False,False,True
0260,01977,,False,False,True,False,False,True
0260,01976,,False,False,True,False,False,True
0260,01978,,False,False,True,False,False,True
0019,00493,2.0,False,False,True,False,False,True
0019,00195,2.0,False,False,True,False,False,True
0019,00970,2.0,False,False,True,False,False,True
0067,00682,,False,False,True,False,False,True
0067,01905,,False,False,True,False,False,True
0067,01101,,False,False,True,False,False,True
0067,01768,,False,False,True,False,False,True
0067,01795,,False,False,True,False,False,True
0067,01305,,False,False,True,False,False,True
0067,01766,,False,False,True,False,False,True
0067,00472,,False,False,True,False,False,True
0067,00029,,False,False,True,False,False,True
0067,01967,,False,False,True,False,False,True
0067,01993,,False,False,True,False,False,True
0067,01732,,False,False,True,False,False,True
0067,01994,,False,False,True,False,False,True
0067,02172,,False,False,True,False,False,True
0067,00073,,False,False,True,False,False,True
0067,01969,,False,False,False,True,False,True
0067,01531,,False,False,True,False,False,True
0067,02181,,False,False,True,False,False,True
0067,02175,,False,False,True,False,False,True
0067,00473,,False,False,True,False,False,True
0067,01303,,False,False,True,False,False,True
0067,00028,,False,False,True,False,False,True
0067,01758,,False,False,True,False,False,True
0067,01756,,False,False,True,False,False,True
0067,03491,,False,False,True,False,False,True
0067,01903,,False,False,True,False,False,True
0067,00445,,False,False,True,False,False,True
0067,00876,,False,False,True,False,False,True
0067,01198,,False,False,True,False,False,True
0067,00075,,False,False,True,False,False,True
0067,02174,,False,False,True,False,False,True
0067,02180,,False,False,True,False,False,True
0067,00429,,False,False,True,False,False,True
0067,01968,,False,False,True,False,False,True
0067,01530,,False,False,True,False,False,True
0067,03293,,False,False,True,False,False,True
0067,01539,,False,False,True,False,False,True
0067,01734,,False,False,True,False,False,True
0067,01966,,False,False,True,False,False,True
0067,03116,,False,False,True,False,False,True
0067,01487,,False,False,True,False,False,True
0067,02659,,False,False,True,False,False,True
0067,00552,,False,False,True,False,False,True
0067,02661,,False,False,True,False,False,True
0067,00136,,False,False,True,False,False,True
0067,03323,,False,False,True,False,False,True
0067,02657,,False,False,True,False,False,True
0067,01670,,False,False,True,False,False,True
0067,01442,,False,False,True,False,False,True
0067,01489,,False,False,True,False,False,True
0067,01019,,False,False,True,False,False,True
0067,03118,,False,False,True,False,False,True
0067,01021,,False,False,True,False,False,True
0067,01876,,False,False,True,False,False,True
0067,01411,,False,False,True,False,False,True
0067,02407,,False,False,True,False,False,True
0067,01878,,False,False,True,False,False,True
0067,01840,,False,False,True,False,False,True
0067,01418,,False,False,True,False,False,True
0067,02090,,False,False,True,False,False,True
0067,01615,,False,False,True,False,False,True
0067,01649,,False,False,True,False,False,True
0067,01443,,False,False,True,False,False,True
0067,01671,,False,False,True,False,False,True
0067,03322,,False,False,True,False,False,True
0067,00553,,False,False,True,False,False,True
0067,02660,,False,False,True,False,False,True
0067,00137,,False,False,True,False,False,True
0067,02658,,False,False,True,False,False,True
0067,01419,,False,False,True,False,False,True
0067,02091,,False,False,True,False,False,True
0067,01614,,False,False,True,False,False,True
0067,01879,,False,False,True,False,False,True
0067,02406,,False,False,True,False,False,True
0067,02098,,False,False,True,False,False,True
0067,00152,,False,False,True,False,False,True
0067,01435,,False,False,True,False,False,True
0067,03150,,False,False,True,False,False,True
0067,00345,,False,False,True,False,False,True
0067,01899,,False,False,True,False,False,True
0067,01638,,False,False,True,False,False,True
0067,00980,,False,False,True,False,False,True
0067,00141,,False,False,True,False,False,True
0067,01058,,False,False,True,False,False,True
0067,02629,,False,False,True,False,False,True
0067,03195,,False,False,True,False,False,True
0067,01060,,False,False,True,False,False,True
0067,01897,,False,False,True,False,False,True
0067,01863,,False,False,True,False,False,True
0067,01837,,False,False,True,False,False,True
0067,01696,,False,False,True,False,False,True
0067,01206,,False,False,True,False,False,True
0067,03300,,False,False,True,False,False,True
0067,01201,,False,False,True,False,False,True
0067,00327,,False,False,True,False,False,True
0067,02828,,False,False,True,False,False,True
0067,01806,,False,False,True,False,False,True
0067,01698,,False,False,True,False,False,True
0067,01839,,False,False,True,False,False,True
0067,02826,,False,False,True,False,False,True
0067,00329,,False,False,True,False,False,True
0067,00772,,False,False,True,False,False,True
0067,01637,,False,False,True,False,False,True
0067,02845,,False,False,True,False,False,True
0067,01898,,False,False,True,False,False,True
0067,01606,,False,False,True,False,False,True
0067,01639,,False,False,True,False,False,True
0067,00981,,False,False,True,False,False,True
0067,01601,,False,False,True,False,False,True
0067,02827,,False,False,True,False,False,True
0067,00773,,False,False,True,False,False,True
0067,01807,,False,False,True,False,False,True
0067,01838,,False,False,True,False,False,True
0067,02829,,False,False,True,False,False,True
0067,03301,,False,False,True,False,False,True
0067,02990,,False,False,True,False,False,True
0067,01182,,False,False,True,False,False,True
0067,01975,,False,False,True,False,False,True
0067,01981,,False,False,True,False,False,True
0067,01986,,False,False,True,False,False,True
0067,01718,,False,False,True,False,False,True
0067,01972,,False,False,False,True,False,True
0067,00800,,False,False,True,False,False,True
0067,01125,,False,False,True,False,False,True
0067,01773,,False,False,True,False,False,True
0067,01774,,False,False,True,False,False,True
0067,00460,,False,False,True,False,False,True
0067,01917,,False,False,True,False,False,True
0067,02930,,False,False,True,False,False,True
0067,01742,,False,False,True,False,False,True
0067,00664,,False,False,True,False,False,True
0067,03485,,False,False,True,False,False,True
0067,02937,,False,False,True,False,False,True
0067,00663,,False,False,True,False,False,True
0067,03220,,False,False,True,False,False,True
0067,01745,,False,False,True,False,False,True
0067,01719,,False,False,True,False,False,True
0067,01973,,False,False,False,True,False,True
0067,01183,,False,False,True,False,False,True
0067,01980,,False,False,False,True,True,False
0067,01717,,False,False,True,False,False,True
0067,02991,,False,False,True,False,False,True
0067,02936,,False,False,True,False,False,True
0067,01744,,False,False,True,False,False,True
0067,03221,,False,False,True,False,False,True
0067,03483,,False,False,True,False,False,True
0067,03484,,False,False,True,False,False,True
0067,02790,,False,False,True,False,False,True
0067,01743,,False,False,True,False,False,True
0067,00461,,False,False,True,False,False,True
0067,00495,,False,False,True,False,False,True
0067,00801,,False,False,True,False,False,True
0067,01540,,False,False,True,False,False,True
0067,00874,,False,False,True,False,False,True
0067,02171,,False,False,True,False,False,True
0067,03291,,False,False,True,False,False,True
0067,00672,,False,False,True,False,False,True
0067,03493,,False,False,True,False,False,True
0067,02541,,False,False,True,False,False,True
0067,03467,,False,False,True,False,False,True
0067,01102,,False,False,True,False,False,True
0067,01754,,False,False,True,False,False,True
0067,01753,,False,False,True,False,False,True
0067,01765,,False,False,True,False,False,True
0067,03469,,False,False,True,False,False,True
0067,02789,,False,False,True,False,False,True
0067,01762,,False,False,True,False,False,True
0067,00875,,False,False,True,False,False,True
0067,01998,,False,False,True,False,False,True
0067,01996,,False,False,True,False,False,True
0067,02929,,False,False,True,False,False,True
0067,00446,,False,False,True,False,False,True
0067,00674,,False,False,True,False,False,True
0067,01755,,False,False,True,False,False,True
0067,03492,,False,False,True,False,False,True
0067,01875,,False,False,True,False,False,True
0067,01881,,False,False,True,False,False,True
0067,01412,,False,False,True,False,False,True
0067,00150,,False,False,True,False,False,True
0067,01843,,False,False,True,False,False,True
0067,00354,,False,False,True,False,False,True
0067,02631,,False,False,True,False,False,True
0067,01844,,False,False,True,False,False,True
0067,00135,,False,False,True,False,False,True
0067,03320,,False,False,True,False,False,True
0067,03318,,False,False,True,False,False,True
0067,00569,,False,False,True,False,False,True
0067,00567,,False,False,True,False,False,True
0067,01441,,False,False,True,False,False,True
0067,01845,,False,False,True,False,False,True
0067,00355,,False,False,True,False,False,True
0067,01880,,False,False,True,False,False,True
0067,03149,,False,False,True,False,False,True
0067,01048,,False,False,True,False,False,True
0067,01874,,False,False,True,False,False,True
0067,01202,,False,False,True,False,False,True
0067,00575,,False,False,True,False,False,True
0067,01037,,False,False,True,False,False,True
0067,02825,,False,False,True,False,False,True
0067,00127,,False,False,True,False,False,True
0067,00771,,False,False,True,False,False,True
0067,01805,,False,False,True,False,False,True
0067,01650,,False,False,True,False,False,True
0067,01604,,False,False,True,False,False,True
0067,00346,,False,False,True,False,False,True
0067,01851,,False,False,True,False,False,True
0067,01869,,False,False,True,False,False,True
0067,03196,,False,False,True,False,False,True
0067,02847,,False,False,True,False,False,True
0067,00142,,False,False,True,False,False,True
0067,01867,,False,False,True,False,False,True
0067,01651,,False,False,True,False,False,True
0067,00925,,False,False,True,False,False,True
0067,00126,,False,False,True,False,False,True
0067,00574,,False,False,True,False,False,True
0067,00128,,False,False,True,False,False,True
0067,00573,,False,False,True,False,False,True
0067,01203,,False,False,True,False,False,True
0067,02089,,False,False,True,False,False,True
0067,01861,,False,False,True,False,False,True
0067,01868,,False,False,True,False,False,True
0067,00347,,False,False,True,False,False,True
0067,01437,,False,False,True,False,False,True
0067,01605,,False,False,True,False,False,True
0067,01850,,False,False,True,False,False,True
0067,01748,,False,False,True,False,False,True
0067,00497,,False,False,True,False,False,True
0067,01313,,False,False,True,False,False,True
0067,03444,,False,False,True,False,False,True
0067,03488,,False,False,True,False,False,True
0067,02565,,False,False,True,False,False,True
0067,01314,,False,False,True,False,False,True
0067,03443,,False,False,True,False,False,True
0067,01741,,False,False,True,False,False,True
0067,03486,,False,False,True,False,False,True
0067,01518,,False,False,True,False,False,True
0067,01978,,False,False,False,True,True,False
0067,00430,,False,False,True,False,False,True
0067,02703,,False,False,True,False,False,True
0067,01529,,False,False,True,False,False,True
0067,01971,,False,False,False,True,False,True
0067,01976,,False,False,True,False,False,True
0067,01982,,False,False,True,False,False,True
0067,01915,,False,False,True,False,False,True
0067,00030,,False,False,True,False,False,True
0067,02935,,False,False,True,False,False,True
0067,01747,,False,False,True,False,False,True
0067,00802,,False,False,True,False,False,True
0067,03489,,False,False,True,False,False,True
0067,02100,,False,False,True,False,False,True
0067,02564,,False,False,True,False,False,True
0067,01312,,False,False,True,False,False,True
0067,01977,,False,False,True,False,False,True
0067,02702,,False,False,True,False,False,True
0067,01970,,False,False,False,True,False,True
0067,01979,,False,False,False,True,True,False
0049,00438,2.0,False,False,True,False,False,True
0243,01926,,False,False,True,False,False,True
0243,01787,,False,False,True,False,False,True
0243,01789,,False,False,True,False,False,True
0243,00664,,False,False,True,False,False,True
0243,01584,,False,False,True,False,False,True
0243,01147,,False,False,True,False,False,True
0243,01988,,False,False,True,False,False,True
0243,01182,,False,False,True,False,False,True
0243,01986,,False,False,True,False,False,True
0243,01691,,False,False,False,True,True,False
0243,02470,,False,False,True,False,False,True
0243,00578,,False,False,True,False,False,True
0243,01461,,False,False,True,False,False,True
0243,00775,,False,False,True,False,False,True
0243,01492,,False,False,True,False,False,True
0243,00987,,False,False,True,False,False,True
0243,02082,,False,False,True,False,False,True
0243,00148,,False,False,True,False,False,True
0243,01864,,False,False,True,False,False,True
0243,00380,,False,False,True,False,False,True
0243,01299,,False,False,True,False,False,True
0243,00945,,False,False,True,False,False,True
0243,00326,,False,False,True,False,False,True
0243,01639,,False,False,True,False,False,True
0243,01885,,False,False,True,False,False,True
0243,00350,,False,False,True,False,True,False
0243,00734,,False,False,True,False,False,True
0243,01026,,False,False,True,False,False,True
0243,01670,,False,False,True,False,False,True
0243,01489,,False,False,True,False,False,True
0243,01683,,False,False,True,False,False,True
0243,01042,,False,False,True,False,False,True
0243,01682,,False,False,True,False,False,True
0243,00757,,False,False,True,False,False,True
0243,00761,,False,False,True,False,False,True
0243,02143,,False,False,True,False,False,True
0243,00870,,False,False,True,False,False,True
0243,01155,,False,False,True,False,False,True
0243,02580,,False,False,True,False,False,True
0243,01761,,False,False,True,False,False,True
0243,01598,,False,False,True,False,False,True
0243,01957,,False,False,True,False,False,True
0243,01760,,False,False,True,False,False,True
0243,01590,,False,False,True,False,False,True
0243,02164,,False,False,True,False,False,True
0243,01940,,False,False,True,False,False,True
0243,02163,,False,False,True,False,False,True
0243,01925,,False,False,True,False,False,True
0243,01119,,False,False,True,False,False,True
0243,00656,,False,False,True,False,False,True
0243,01977,,False,False,True,False,False,True
0243,01740,,False,False,True,False,False,True
0243,01581,,False,False,True,False,False,True
0243,01924,,False,False,True,False,False,True
0243,01293,,False,False,True,False,False,True
0243,01438,,False,False,True,False,False,True
0243,01400,,False,False,True,False,False,True
0243,01233,,False,False,True,False,False,True
0243,01292,,False,False,True,False,False,True
0243,00340,,False,False,True,False,False,True
0243,01000,,False,False,True,False,False,True
0243,01452,,False,False,True,False,False,True
0243,01036,,False,False,True,False,False,True
0243,00954,,False,False,True,False,False,True
0243,01415,,False,False,True,False,False,True
0243,02607,,False,False,True,False,False,True
0243,00192,,False,False,True,False,False,True
0243,01791,,False,False,True,False,False,True
0243,01568,,False,False,True,False,False,True
0243,02583,,False,False,True,False,False,True
0243,01399,,False,False,True,False,False,True
0243,01397,,False,False,True,False,False,True
0243,02388,,False,False,True,False,False,True
0243,01156,,False,False,True,False,False,True
0243,01307,,False,False,True,False,False,True
0104,01474,,False,False,True,False,False,True
0104,00555,,False,False,True,False,False,True
0104,01487,,False,False,True,False,False,True
0104,02030,,False,False,True,False,False,True
0104,01473,,False,False,True,False,False,True
0104,02234,,False,False,True,False,False,True
0104,01026,,False,False,True,False,False,True
0104,02233,,False,False,True,False,False,True
0104,01489,,False,False,True,False,False,True
0104,01624,,False,False,True,False,False,True
0104,02409,,False,False,True,False,False,True
0104,01882,,False,False,True,False,False,True
0104,00153,,False,False,True,False,False,True
0104,01623,,False,False,True,False,False,True
0104,00165,,False,False,True,False,False,True
0104,00959,,False,False,True,False,False,True
0104,02400,,False,False,True,False,False,True
0104,02090,,False,False,True,False,False,True
0104,01427,,False,False,True,False,False,True
0104,00995,,False,False,True,False,False,True
0104,02097,,False,False,True,False,False,True
0104,02407,,False,False,True,False,False,True
0104,02000,,False,False,True,False,False,True
0104,01027,,False,False,True,False,False,True
0104,01488,,False,False,True,False,False,True
0104,01640,,False,False,True,False,False,True
0104,01472,,False,False,True,False,False,True
0104,01815,,False,False,True,False,False,True
0104,00761,,False,False,True,False,False,True
0104,00960,,False,False,True,False,False,True
0104,00994,,False,False,True,False,False,True
0104,00163,,False,False,True,False,False,True
0104,02406,,False,False,True,False,False,True
0104,02096,,False,False,True,False,False,True
0104,01426,,False,False,True,False,False,True
0104,02401,,False,False,True,False,False,True
0104,00958,,False,False,True,False,False,True
0104,01883,,False,False,True,False,False,True
0104,02408,,False,False,True,False,False,True
0104,00152,,False,False,False,True,False,True
0104,01625,,False,False,True,False,False,True
0104,01902,,False,False,True,False,False,True
0104,01562,,False,False,True,False,False,True
0104,01750,,False,False,True,False,False,True
0104,00823,,False,False,True,False,False,True
0104,00649,,False,False,True,False,False,True
0104,00815,,False,False,True,False,False,True
0104,01305,,False,False,True,False,False,True
0104,02322,,False,False,True,False,False,True
0104,01994,,False,False,True,False,False,True
0104,00045,,False,False,True,False,False,True
0104,01369,,False,False,True,False,False,True
0104,02385,,False,False,True,False,False,True
0104,01509,,False,False,True,False,False,True
0104,02323,,False,False,True,False,False,True
0104,00822,,False,False,True,False,False,True
0104,00648,,False,False,True,False,False,True
0104,01508,,False,False,True,False,False,True
0104,01368,,False,False,True,False,False,True
0104,02384,,False,False,True,False,False,True
0104,00043,,False,False,True,False,False,True
0104,00044,,False,False,True,False,False,True
0104,02167,,False,False,True,False,False,True
0104,01372,,False,False,True,False,False,True
0104,02399,,False,False,True,False,False,True
0104,02390,,False,False,True,False,False,True
0104,01185,,False,False,True,False,False,True
0104,00057,,False,False,True,False,False,True
0104,02169,,False,False,True,False,False,True
0104,02397,,False,False,True,False,False,True
0104,01981,,False,False,True,False,False,True
0104,01975,,False,False,True,False,False,True
0104,01546,,False,False,True,False,False,True
0104,00003,,False,False,True,False,False,True
0104,00655,,False,False,True,False,False,True
0104,01910,,False,False,True,False,False,True
0104,00899,,False,False,True,False,False,True
0104,01721,,False,False,True,False,False,True
0104,02396,,False,False,True,False,False,True
0104,00056,,False,False,True,False,False,True
0104,02391,,False,False,True,False,False,True
0104,00252,,False,False,False,True,False,True
0104,00609,,False,False,True,False,False,True
0104,01373,,False,False,True,False,False,True
0104,01911,,False,False,True,False,False,True
0104,00002,,False,False,True,False,False,True
0104,00654,,False,False,True,False,False,True
0104,00461,,False,False,True,False,False,True
0104,01899,,False,False,True,False,False,True
0104,01638,,False,False,True,False,False,True
0104,02071,,False,False,True,False,False,True
0104,02281,,False,False,True,False,False,True
0104,01897,,False,False,True,False,False,True
0104,01631,,False,False,True,False,False,True
0104,01450,,False,False,True,False,False,True
0104,01459,,False,False,True,False,False,True
0104,00927,,False,False,True,False,False,True
0104,02217,,False,False,True,False,False,True
0104,00920,,False,False,True,False,False,True
0104,02210,,False,False,True,False,False,True
0104,01653,,False,False,True,False,False,True
0104,01630,,False,False,True,False,False,True
0104,00729,,False,False,True,False,False,True
0104,02422,,False,False,True,False,False,True
0104,02280,,False,False,True,False,False,True
0104,01637,,False,False,True,False,False,True
0104,00921,,False,False,True,False,False,True
0104,01460,,False,False,True,False,False,True
0104,02211,,False,False,True,False,False,True
0104,00926,,False,False,True,False,False,True
0104,02216,,False,False,True,False,False,True
0104,00910,,False,False,True,False,False,True
0104,01451,,False,False,True,False,False,True
0104,00928,,False,False,True,False,False,True
0104,01627,,False,False,True,False,False,True
0104,02290,,False,False,True,False,False,True
0104,00398,,False,False,True,False,False,True
0104,02404,,False,False,True,False,False,True
0104,01629,,False,False,True,False,False,True
0104,02403,,False,False,True,False,False,True
0104,00556,,False,False,True,False,False,True
0104,00132,,False,False,True,False,False,True
0104,01219,,False,False,True,False,False,True
0104,01817,,False,False,True,False,False,True
0104,00909,,False,False,True,False,False,True
0104,00763,,False,False,True,False,False,True
0104,01819,,False,False,True,False,False,True
0104,01025,,False,False,True,False,False,True
0104,02402,,False,False,True,False,False,True
0104,02405,,False,False,True,False,False,True
0104,01626,,False,False,True,False,False,True
0104,02004,,False,False,True,False,False,True
0104,01820,,False,False,True,False,False,True
0104,01818,,False,False,True,False,False,True
0104,00901,,False,False,True,False,False,True
0104,00762,,False,False,True,False,False,True
0104,01218,,False,False,True,False,False,True
0104,00610,,False,False,True,False,False,True
0104,02388,,False,False,True,False,False,True
0104,00084,,False,False,True,False,False,True
0104,01999,,False,False,True,False,False,True
0104,00083,,False,False,True,False,False,True
0104,02182,,False,False,True,False,False,True
0104,00447,,False,False,True,False,False,True
0104,00820,,False,False,True,False,False,True
0104,01798,,False,False,True,False,False,True
0104,00818,,False,False,True,False,False,True
0104,02317,,False,False,True,False,False,True
0104,00827,,False,False,True,False,False,True
0104,00449,,False,False,True,False,False,True
0104,00829,,False,False,True,False,False,True
0104,00485,,False,False,True,False,False,True
0104,00816,,False,False,True,False,False,True
0104,02183,,False,False,True,False,False,True
0104,02389,,False,False,True,False,False,True
0104,02184,,False,False,True,False,False,True
0104,02387,,False,False,True,False,False,True
0104,02318,,False,False,True,False,False,True
0104,01797,,False,False,True,False,False,True
0104,01307,,False,False,True,False,False,True
0104,00483,,False,False,True,False,False,True
0104,00819,,False,False,True,False,False,True
0104,02316,,False,False,True,False,False,True
0104,01900,,False,False,True,False,False,True
0104,00821,,False,False,True,False,False,True
0104,00656,,False,False,True,False,False,True
0104,01748,,False,False,True,False,False,True
0104,00007,,False,False,True,False,False,True
0104,01313,,False,False,True,False,False,True
0104,01545,,False,False,True,False,False,True
0104,00009,,False,False,True,False,False,True
0104,00250,,False,False,True,False,False,True
0104,01723,,False,False,True,False,False,True
0104,02394,,False,False,True,False,False,True
0104,01982,,False,False,True,False,False,True
0104,01976,,False,False,True,False,False,True
0104,02393,,False,False,True,False,False,True
0104,01186,,False,False,True,False,False,True
0104,00008,,False,False,True,False,False,True
0104,01312,,False,False,True,False,False,True
0104,01544,,False,False,True,False,False,True
0104,01187,,False,False,True,False,False,True
0104,02392,,False,False,True,False,False,True
0104,02395,,False,False,True,False,False,True
0104,01983,,False,False,True,False,False,True
0104,01805,,False,False,True,False,False,True
0104,01657,,False,False,True,False,False,True
0104,02072,,False,False,True,False,False,True
0104,02278,,False,False,True,False,False,True
0104,01632,,False,False,True,False,False,True
0104,02418,,False,False,True,False,False,True
0104,02282,,False,False,True,False,False,True
0104,02420,,False,False,True,False,False,True
0104,01803,,False,False,True,False,False,True
0104,02215,,False,False,True,False,False,True
0104,01656,,False,False,True,False,False,True
0104,01804,,False,False,True,False,False,True
0104,02029,,False,False,True,False,False,True
0104,02421,,False,False,True,False,False,True
0104,02277,,False,False,True,False,False,True
0104,01633,,False,False,True,False,False,True
0104,02419,,False,False,True,False,False,True
0104,02410,,False,False,True,False,False,True
0104,02073,,False,False,True,False,False,True
0248,01580,,False,False,True,False,False,True
0248,00660,,False,False,True,False,False,True
0248,01746,,False,False,True,False,False,True
0248,01914,,False,False,False,True,True,False
0248,00832,,False,False,True,False,False,True
0248,00658,,False,False,True,False,False,True
0248,01117,,False,False,True,False,False,True
0248,01741,,False,False,True,False,False,True
0248,00455,,False,False,True,False,False,True
0248,01587,,False,False,True,False,False,True
0248,00031,,False,False,True,False,False,True
0248,01748,,False,False,True,False,False,True
0248,01589,,False,False,True,False,False,True
0248,01119,,False,False,True,False,False,True
0248,01925,,False,False,True,False,False,True
0248,01340,,False,False,True,False,False,True
0248,01516,,False,False,True,False,False,True
0248,01529,,False,False,True,False,False,True
0248,01511,,False,False,True,False,False,True
0248,00295,,False,False,True,False,False,True
0248,00605,,False,False,True,False,False,True
0248,00098,,False,False,True,False,False,True
0248,00850,,False,False,True,False,False,True
0248,01371,,False,False,True,False,False,True
0248,01527,,False,False,False,True,False,True
0248,00633,,False,False,True,False,False,True
0248,01385,,False,False,True,False,False,True
0248,01518,,False,False,True,False,False,True
0248,00250,,False,False,True,False,False,True
0248,01520,,False,False,True,False,False,True
0248,01588,,False,False,True,False,False,True
0248,00001,,False,False,True,False,False,True
0248,01749,,False,False,True,False,False,True
0248,00006,,False,False,True,False,False,True
0248,01312,,False,False,True,False,False,True
0248,00833,,False,False,True,False,False,True
0248,00659,,False,False,True,False,False,True
0248,01915,,False,False,False,True,True,False
0248,01129,,False,False,True,False,False,True
0248,00454,,False,False,True,False,False,True
0248,01586,,False,False,True,False,False,True
0248,00030,,False,False,True,False,False,True
0248,00692,,False,False,True,False,False,True
0248,01747,,False,False,True,False,False,True
0248,01521,,False,False,True,False,False,True
0248,00251,,False,False,True,False,False,True
0248,00632,,False,False,True,False,False,True
0248,01370,,False,False,True,False,False,True
0248,01526,,False,False,True,False,False,True
0248,00269,,False,False,True,False,False,True
0248,01519,,False,False,True,False,False,True
0248,00604,,False,False,True,False,False,True
0248,01510,,False,False,True,False,False,True
0248,00851,,False,False,True,False,False,True
0248,00099,,False,False,True,False,False,True
0248,01341,,False,False,True,False,False,True
0248,01517,,False,False,True,False,False,True
0248,01528,,False,False,False,True,False,True
0248,01668,,False,False,True,False,False,True
0248,01001,,False,False,True,False,False,True
0248,01805,,False,False,True,False,False,True
0248,01039,,False,False,True,False,False,True
0248,00923,,False,False,True,False,False,True
0248,01006,,False,False,True,False,False,True
0248,00544,,False,False,True,False,False,True
0248,01833,,False,False,True,False,False,True
0248,01659,,False,False,True,False,False,True
0248,01666,,False,False,True,False,False,True
0248,01454,,False,False,True,False,False,True
0248,01030,,False,False,True,False,False,True
0248,01202,,False,False,True,False,False,True
0248,01205,,False,False,True,False,False,True
0248,01037,,False,False,True,False,False,True
0248,00581,,False,False,True,False,False,True
0248,01453,,False,False,True,False,False,True
0248,01661,,False,False,True,False,False,True
0248,00377,,False,False,True,False,False,True
0248,01063,,False,False,True,False,False,True
0248,01894,,False,False,True,False,False,True
0248,01400,,False,False,True,False,False,True
0248,01064,,False,False,True,False,False,True
0248,01893,,False,False,True,False,False,True
0248,00941,,False,False,True,False,False,True
0248,01604,,False,False,False,True,True,False
0248,00722,,False,False,True,False,False,True
0248,01294,,False,False,True,False,False,True
0248,01851,,False,False,True,False,False,True
0248,00379,,False,False,True,False,False,True
0248,00173,,False,False,True,False,False,True
0248,01293,,False,False,True,False,False,True
0248,01603,,False,False,False,True,True,False
0248,01431,,False,False,True,False,False,True
0248,01267,,False,False,True,False,False,True
0248,01036,,False,False,True,False,False,True
0248,01204,,False,False,True,False,False,True
0248,01660,,False,False,True,False,False,True
0248,01832,,False,False,False,True,False,True
0248,01455,,False,False,True,False,False,True
0248,01667,,False,False,True,False,False,True
0248,01031,,False,False,True,False,False,True
0248,00922,,False,False,True,False,False,True
0248,01038,,False,False,True,False,False,True
0248,00545,,False,False,True,False,False,True
0248,01007,,False,False,True,False,False,True
0248,01669,,False,False,True,False,False,True
0248,01232,,False,False,True,False,False,True
0248,01430,,False,False,True,False,False,True
0248,01266,,False,False,True,False,False,True
0248,01292,,False,False,True,False,False,True
0248,00172,,False,False,True,False,False,True
0248,00529,,False,False,True,False,False,True
0248,01850,,False,False,True,False,False,True
0248,01401,,False,False,True,False,False,True
0248,00940,,False,False,True,False,False,True
0248,00382,,False,False,False,True,False,True
0248,00376,,False,False,True,False,False,True
0248,01439,,False,False,True,False,False,True
0248,01424,,False,False,True,False,False,True
0248,01286,,False,False,True,False,False,True
0248,01281,,False,False,True,False,False,True
0248,01288,,False,False,True,False,False,True
0248,01243,,False,False,True,False,False,True
0248,01244,,False,False,True,False,False,True
0248,01210,,False,False,True,False,False,True
0248,01446,,False,False,True,False,False,True
0248,01674,,False,False,True,False,False,True
0248,00752,,False,False,True,False,False,True
0248,01680,,False,False,True,False,False,True
0248,00938,,False,False,True,False,False,True
0248,00309,,False,False,False,True,True,False
0248,00331,,False,False,True,False,False,True
0248,01687,,False,False,False,True,True,False
0248,01673,,False,False,True,False,False,True
0248,01441,,False,False,True,False,False,True
0248,00558,,False,False,True,False,False,True
0248,01826,,False,False,True,False,False,True
0248,00551,,False,False,True,False,False,True
0248,01221,,False,False,True,False,False,True
0248,01226,,False,False,True,False,False,True
0248,01828,,False,False,True,False,False,True
0248,00556,,False,False,True,False,False,True
0248,01817,,False,False,True,False,False,True
0248,01219,,False,False,True,False,False,True
0248,00999,,False,False,True,False,False,True
0248,01289,,False,False,True,False,False,True
0248,01242,,False,False,True,False,False,True
0248,01046,,False,False,True,False,False,True
0248,00352,,False,False,True,False,False,True
0248,01280,,False,False,True,False,False,True
0248,01287,,False,False,True,False,False,True
0248,01425,,False,False,True,False,False,True
0248,00557,,False,False,True,False,False,True
0248,01829,,False,False,True,False,False,True
0248,01218,,False,False,True,False,False,True
0248,01816,,False,False,True,False,False,True
0248,00550,,False,False,True,False,False,True
0248,01449,,False,False,True,False,False,True
0248,01440,,False,False,True,False,False,True
0248,00330,,False,False,True,False,False,True
0248,01686,,False,False,False,True,True,False
0248,00559,,False,False,True,False,False,True
0248,01681,,False,False,False,True,False,True
0248,01211,,False,False,True,False,False,True
0248,01675,,False,False,True,False,False,True
0248,01447,,False,False,True,False,False,True
0248,00880,,False,False,True,False,False,True
0248,01363,,False,False,True,False,False,True
0248,01364,,False,False,True,False,False,True
0248,01532,,False,False,False,True,True,False
0248,00845,,False,False,True,False,False,True
0248,00422,,False,False,True,False,False,True
0248,01736,,False,False,True,False,False,True
0248,01352,,False,False,True,False,False,True
0248,00425,,False,False,True,False,False,True
0248,01301,,False,False,True,False,False,True
0248,01133,,False,False,True,False,False,True
0248,00485,,False,False,True,False,False,True
0248,00829,,False,False,True,False,False,True
0248,00816,,False,False,True,False,False,True
0248,01550,,False,False,True,False,False,True
0248,00482,,False,False,True,False,False,True
0248,01908,,False,False,True,False,False,True
0248,01134,,False,False,True,False,False,True
0248,01306,,False,False,True,False,False,True
0248,00811,,False,False,True,False,False,True
0248,00818,,False,False,True,False,False,True
0248,01102,,False,False,True,False,False,True
0248,01754,,False,False,True,False,False,True
0248,01901,,False,False,True,False,False,True
0248,01753,,False,False,True,False,False,True
0248,01595,,False,False,True,False,False,True
0248,00675,,False,False,True,False,False,True
0248,01906,,False,False,True,False,False,True
0248,00843,,False,False,True,False,False,True
0248,00424,,False,False,True,False,False,True
0248,01354,,False,False,True,False,False,True
0248,00844,,False,False,True,False,False,True
0248,01161,,False,False,True,False,False,True
0248,01353,,False,False,True,False,False,True
0248,00423,,False,False,True,False,False,True
0248,01365,,False,False,True,False,False,True
0248,00071,,False,False,True,False,False,True
0248,00881,,False,False,True,False,False,True
0248,01362,,False,False,True,False,False,True
0248,01104,,False,False,True,False,False,True
0248,01336,,False,False,True,False,False,True
0248,01907,,False,False,True,False,False,True
0248,01103,,False,False,True,False,False,True
0248,01593,,False,False,True,False,False,True
0248,01900,,False,False,True,False,False,True
0248,00483,,False,False,True,False,False,True
0248,01135,,False,False,True,False,False,True
0248,01909,,False,False,True,False,False,True
0248,00810,,False,False,True,False,False,True
0248,00828,,False,False,True,False,False,True
0248,01132,,False,False,True,False,False,True
0248,01556,,False,False,True,False,False,True
0248,01512,,False,False,True,False,False,True
0248,01515,,False,False,True,False,False,True
0248,00253,,False,False,True,False,False,True
0248,00061,,False,False,True,False,False,True
0248,01523,,False,False,True,False,False,True
0248,01375,,False,False,True,False,False,True
0248,01140,,False,False,True,False,False,True
0248,01386,,False,False,True,False,False,True
0248,00059,,False,False,True,False,False,True
0248,01114,,False,False,True,False,False,True
0248,00690,,False,False,True,False,False,True
0248,01584,,False,False,True,False,False,True
0248,00456,,False,False,True,False,False,True
0248,01910,,False,False,True,False,False,True
0248,01548,,False,False,True,False,False,True
0248,01745,,False,False,True,False,False,True
0248,00697,,False,False,True,False,False,True
0248,00467,,False,False,True,False,False,True
0248,00003,,False,False,True,False,False,True
0248,01546,,False,False,True,False,False,True
0248,01310,,False,False,True,False,False,True
0248,00004,,False,False,True,False,False,True
0248,00652,,False,False,True,False,False,True
0248,01387,,False,False,True,False,False,True
0248,01522,,False,False,True,False,False,True
0248,00060,,False,False,True,False,False,True
0248,00252,,False,False,True,False,False,True
0248,01514,,False,False,True,False,False,True
0248,01513,,False,False,True,False,False,True
0248,00806,,False,False,True,False,False,True
0248,00698,,False,False,True,False,False,True
0248,00005,,False,False,True,False,False,True
0248,01311,,False,False,True,False,False,True
0248,00466,,False,False,True,False,False,True
0248,01549,,False,False,True,False,False,True
0248,01744,,False,False,True,False,False,True
0248,01582,,False,False,True,False,False,True
0248,01585,,False,False,True,False,False,True
0248,01115,,False,False,True,False,False,True
0248,01743,,False,False,True,False,False,True
0248,01093,,False,False,True,False,False,True
0248,00728,,False,False,True,False,False,True
0248,00374,,False,False,True,False,False,True
0248,01094,,False,False,True,False,False,True
0248,00380,,False,False,False,True,False,True
0248,01290,,False,False,True,False,False,True
0248,00342,,False,False,True,False,False,True
0248,00726,,False,False,True,False,False,True
0248,01432,,False,False,True,False,False,True
0248,01899,,False,False,True,False,False,True
0248,01638,,False,False,True,False,False,True
0248,01208,,False,False,True,False,False,True
0248,01005,,False,False,True,False,False,True
0248,00775,,False,False,True,False,False,True
0248,00311,,False,False,False,True,True,False
0248,01459,,False,False,False,True,True,False
0248,01230,,False,False,True,False,False,True
0248,01239,,False,False,True,False,False,True
0248,01034,,False,False,True,False,False,True
0248,01206,,False,False,True,False,False,True
0248,00582,,False,False,True,False,False,True
0248,01830,,False,False,True,False,False,True
0248,01457,,False,False,True,False,False,True
0248,01665,,False,False,True,False,False,True
0248,01201,,False,False,True,False,False,True
0248,01033,,False,False,True,False,False,True
0248,01639,,False,False,True,False,False,True
0248,01291,,False,False,True,False,False,True
0248,00727,,False,False,True,False,False,True
0248,00381,,False,False,False,True,False,True
0248,01095,,False,False,True,False,False,True
0248,01402,,False,False,True,False,False,True
0248,01831,,False,False,False,True,False,True
0248,01664,,False,False,True,False,False,True
0248,01456,,False,False,True,False,False,True
0248,01032,,False,False,True,False,False,True
0248,01200,,False,False,True,False,False,True
0248,01207,,False,False,True,False,False,True
0248,01035,,False,False,True,False,False,True
0248,01458,,False,False,True,False,False,True
0248,00773,,False,False,True,False,False,True
0248,01460,,False,False,False,True,True,False
0248,01684,,False,False,True,False,False,True
0248,01442,,False,False,True,False,False,True
0248,01670,,False,False,True,False,False,True
0248,01026,,False,False,True,False,False,True
0248,01677,,False,False,True,False,False,True
0248,01445,,False,False,True,False,False,True
0248,01683,,False,False,True,False,False,True
0248,00751,,False,False,True,False,False,True
0248,01822,,False,False,True,False,False,True
0248,01225,,False,False,True,False,False,True
0248,01028,,False,False,True,False,False,True
0248,01814,,False,False,True,False,False,True
0248,00552,,False,False,True,False,False,True
0248,01222,,False,False,True,False,False,True
0248,01813,,False,False,True,False,False,True
0248,00162,,False,False,True,False,False,True
0248,00350,,False,False,True,False,False,True
0248,01878,,False,False,True,False,False,True
0248,00357,,False,False,True,False,False,True
0248,01876,,False,False,True,False,False,True
0248,00153,,False,False,True,False,False,True
0248,00154,,False,False,True,False,False,True
0248,00530,,False,False,True,False,False,True
0248,01223,,False,False,True,False,False,True
0248,00302,,False,False,True,False,False,True
0248,01815,,False,False,False,True,True,False
0248,01029,,False,False,True,False,False,True
0248,01682,,False,False,True,False,False,True
0248,01444,,False,False,True,False,False,True
0248,01443,,False,False,True,False,False,True
0248,00358,,False,False,True,False,False,True
0248,00155,,False,False,True,False,False,True
0248,00531,,False,False,True,False,False,True
0248,00356,,False,False,True,False,False,True
0248,00351,,False,False,True,False,False,True
0248,00163,,False,False,True,False,False,True
0248,01305,,False,False,True,False,False,True
0248,01934,,False,False,True,False,False,True
0248,01130,,False,False,True,False,False,True
0248,01302,,False,False,True,False,False,True
0248,01759,,False,False,True,False,False,True
0248,01750,,False,False,True,False,False,True
0248,00676,,False,False,True,False,False,True
0248,01139,,False,False,True,False,False,True
0248,01757,,False,False,False,True,True,False
0248,00073,,False,False,True,False,False,True
0248,01155,,False,False,True,False,False,True
0248,01367,,False,False,True,False,False,True
0248,01531,,False,False,False,True,True,False
0248,01199,,False,False,True,False,False,True
0248,01704,,False,False,True,False,False,True
0248,01369,,False,False,True,False,False,True
0248,00284,,False,False,True,False,False,True
0248,01958,,False,False,True,False,False,True
0248,00426,,False,False,True,False,False,True
0248,01197,,False,False,True,False,False,True
0248,01351,,False,False,True,False,False,True
0248,00283,,False,False,True,False,False,True
0248,01590,,False,False,True,False,False,True
0248,01751,,False,False,True,False,False,True
0248,01335,,False,False,True,False,False,True
0248,01303,,False,False,True,False,False,True
0248,01131,,False,False,True,False,False,True
0248,01758,,False,False,True,False,False,True
0248,01760,,False,False,True,False,False,True
0248,01935,,False,False,True,False,False,True
0248,00249,,False,False,True,False,False,True
0248,00282,,False,False,True,False,False,True
0248,01368,,False,False,True,False,False,True
0248,00427,,False,False,True,False,False,True
0248,01959,,False,False,True,False,False,True
0248,01198,,False,False,True,False,False,True
0248,01153,,False,False,True,False,False,True
0248,01361,,False,False,True,False,False,True
0248,01366,,False,False,True,False,False,True
0248,01530,,False,False,False,True,True,False
0324,00855,4.0,False,False,True,False,False,True
0324,01514,4.0,False,False,True,False,False,True
0324,00899,4.0,False,False,True,False,False,True
0324,01183,3.0,False,False,True,False,False,True
0324,00890,3.0,False,False,True,False,False,True
0324,01942,4.0,False,False,True,False,False,True
0324,02159,4.0,False,False,True,False,False,True
0324,02354,4.0,False,False,True,False,False,True
0324,02502,3.0,False,False,True,False,False,True
0324,02708,3.0,False,False,True,False,False,True
0324,00060,4.0,False,False,True,False,False,True
0324,02737,4.0,False,False,False,True,False,True
0324,02195,4.0,False,False,True,False,False,True
0324,02909,3.0,False,False,True,False,False,True
0324,01549,4.0,False,False,True,False,False,True
0324,02790,4.0,False,False,False,True,False,True
0324,01547,4.0,False,False,True,False,False,True
0324,01781,4.0,False,False,True,False,False,True
0324,02900,4.0,False,False,True,False,False,True
0324,02194,4.0,False,False,True,False,False,True
0324,00061,4.0,False,False,True,False,False,True
0324,02736,4.0,False,False,False,True,False,True
0324,02160,4.0,False,False,True,False,False,True
0324,02352,4.0,False,False,True,False,False,True
0324,02158,4.0,False,False,True,False,False,True
0324,02355,4.0,False,False,False,True,False,True
0324,01386,3.0,False,False,True,False,False,True
0324,02731,3.0,False,False,False,True,False,True
0324,00639,4.0,False,False,True,False,False,True
0324,01182,4.0,False,False,False,True,False,True
0324,00898,4.0,False,False,True,False,False,True
0324,02156,4.0,False,False,True,False,False,True
0324,02532,4.0,False,False,False,True,False,True
0324,01773,4.0,False,False,True,False,False,True
0324,02908,4.0,False,False,False,True,False,True
0324,01548,4.0,False,False,True,False,False,True
0324,02079,3.0,False,False,True,False,False,True
0324,01095,4.0,False,False,True,False,False,True
0324,01066,4.0,False,False,True,False,False,True
0324,00140,4.0,False,False,False,True,False,True
0324,00716,4.0,False,False,True,False,False,True
0324,01606,4.0,False,False,True,False,False,True
0324,02621,3.0,False,False,True,False,False,True
0324,01291,4.0,False,False,True,False,False,True
0324,01493,4.0,False,False,True,False,False,True
0324,01467,4.0,False,False,True,False,False,True
0324,00926,3.0,False,False,True,False,False,True
0324,01494,3.0,False,False,True,False,False,True
0324,02478,4.0,False,False,True,False,False,True
0324,02820,4.0,False,False,False,True,False,True
0324,01697,4.0,False,False,True,False,False,True
0324,00577,3.0,False,False,True,False,False,True
0324,01290,4.0,False,False,True,False,False,True
0324,02076,4.0,False,False,True,False,False,True
0324,00942,3.0,False,False,True,False,False,True
0324,02275,4.0,False,False,True,False,False,True
0324,00576,4.0,False,False,True,False,False,True
0324,02013,4.0,False,False,True,False,False,True
0324,01696,3.0,False,False,True,False,False,True
0324,00744,4.0,False,False,True,False,False,True
0324,00112,4.0,False,False,True,False,False,True
0324,02014,4.0,False,False,True,False,False,True
0324,01468,4.0,False,False,True,False,False,True
0324,02479,4.0,False,False,True,False,False,True
0324,00927,3.0,False,False,True,False,False,True
0324,01649,4.0,False,False,False,True,False,True
0324,01685,4.0,False,False,False,True,False,True
0324,00934,4.0,False,False,True,False,True,False
0324,00792,4.0,False,False,True,False,False,True
0324,01270,3.0,False,False,True,False,False,True
0324,01419,4.0,False,False,True,False,False,True
0324,02268,3.0,False,False,True,False,False,True
0324,00967,4.0,False,False,True,False,False,True
0324,00393,4.0,False,False,True,False,False,True
0324,00536,4.0,False,False,True,False,False,True
0324,00793,4.0,False,False,True,False,False,True
0324,01641,3.0,False,False,True,False,False,True
0324,01679,4.0,False,False,True,False,False,True
0324,00395,4.0,False,False,True,False,False,True
0324,00392,4.0,False,False,True,False,False,True
0324,02267,4.0,False,False,True,False,False,True
0324,01276,3.0,False,False,True,False,False,True
0324,00028,4.0,False,False,True,False,False,True
0324,02543,4.0,False,False,True,False,False,True
0324,00214,4.0,False,False,False,True,False,True
0324,02749,4.0,False,False,True,False,False,True
0324,01563,4.0,False,False,True,False,False,True
0324,02544,3.0,False,False,True,False,False,True
0324,00081,4.0,False,False,False,True,False,True
0324,02346,4.0,False,False,True,False,False,True
0324,00876,4.0,False,False,True,False,False,True
0324,01198,4.0,False,False,True,False,False,True
0324,01154,3.0,False,False,True,False,False,True
0324,02377,4.0,False,False,True,False,False,True
0324,01165,4.0,False,False,True,False,False,True
0324,02384,4.0,False,False,True,False,False,True
0324,02189,3.0,False,False,True,False,False,True
0324,02542,4.0,False,False,True,False,False,True
0324,00215,3.0,False,False,True,False,False,True
0324,00223,4.0,False,False,True,False,False,True
0324,00029,4.0,False,False,True,False,False,True
0324,01164,4.0,False,False,True,False,False,True
0324,00284,4.0,False,False,True,False,False,True
0324,00277,4.0,False,False,True,False,False,True
0324,01197,4.0,False,False,True,False,False,True
0324,00045,3.0,False,False,True,False,False,True
0324,02347,3.0,False,False,True,False,False,True
0324,01509,4.0,False,False,True,False,False,True
0324,00030,4.0,False,False,True,False,False,True
0324,01747,3.0,False,False,True,False,False,True
0324,00008,3.0,False,False,True,False,False,True
0324,01118,4.0,False,False,True,False,False,True
0324,02107,4.0,False,False,True,False,False,True
0324,00805,4.0,False,False,True,False,False,True
0324,01977,4.0,False,False,True,False,False,True
0324,00438,4.0,False,False,True,False,False,True
0324,01377,3.0,False,False,True,False,False,True
0324,02191,4.0,False,False,True,False,False,True
0324,02357,4.0,False,False,True,False,False,True
0324,01384,4.0,False,False,False,True,False,True
0324,02562,4.0,False,False,True,False,False,True
0324,00007,4.0,False,False,True,False,False,True
0324,00804,4.0,False,False,True,False,False,True
0324,01746,3.0,False,False,True,False,False,True
0324,01117,4.0,False,False,True,False,False,True
0324,02356,4.0,False,False,True,False,False,True
0324,01385,4.0,False,False,True,False,False,True
0324,02190,4.0,False,False,True,False,False,True
0324,02351,4.0,False,False,True,False,False,True
0324,01172,3.0,False,False,True,False,False,True
0324,02531,3.0,False,False,False,True,False,True
0324,01982,4.0,False,False,True,False,False,True
0324,01976,4.0,False,False,True,False,False,True
0324,00261,4.0,False,False,True,False,False,True
0324,01347,3.0,False,False,True,False,False,True
0324,01651,4.0,False,False,True,False,False,True
0324,02649,4.0,False,False,False,True,False,True
0324,01656,4.0,False,False,True,False,False,True
0324,02824,4.0,False,False,False,True,False,True
0324,00110,4.0,False,False,True,False,False,True
0324,00188,4.0,False,False,True,False,False,True
0324,00940,4.0,False,False,True,False,False,True
0324,01633,3.0,False,False,True,False,False,True
0324,01065,4.0,False,False,True,False,False,True
0324,00371,4.0,False,False,True,False,False,True
0324,01895,4.0,False,False,True,False,False,True
0324,00978,3.0,False,False,True,False,False,True
0324,01062,4.0,False,False,True,False,False,True
0324,01634,4.0,False,False,True,False,False,True
0324,01259,4.0,False,False,True,False,False,True
0324,00985,4.0,False,False,True,False,False,True
0324,01292,4.0,False,False,True,False,False,True
0324,01868,4.0,False,False,True,False,False,True
0324,02080,3.0,False,False,True,False,False,True
0324,00116,3.0,False,False,True,False,False,True
0324,01657,3.0,False,False,True,False,False,True
0324,00983,4.0,False,False,True,False,False,True
0324,00722,3.0,False,False,True,False,False,True
0324,00174,3.0,False,False,True,False,False,True
0324,02429,4.0,False,False,True,False,False,True
0324,00187,3.0,False,False,True,False,False,True
0324,01063,3.0,False,False,True,False,False,True
0324,02276,4.0,False,False,True,False,False,True
0324,00979,4.0,False,False,True,False,False,True
0324,00941,4.0,False,False,True,False,False,True
0324,01090,3.0,False,False,True,False,False,True
0324,01632,4.0,False,False,True,False,False,True
0324,01064,4.0,False,False,True,False,False,True
0324,02865,4.0,False,False,True,False,False,True
0324,01245,4.0,False,False,True,False,False,True
0324,00397,4.0,False,False,True,False,False,True
0324,02467,4.0,False,False,False,True,False,True
0324,02003,3.0,False,False,True,False,False,True
0324,01024,4.0,False,False,True,False,False,True
0324,02236,3.0,False,False,True,False,False,True
0324,02004,4.0,False,False,True,False,True,False
0324,01688,4.0,False,False,True,False,False,True
0324,01471,4.0,False,False,True,False,False,True
0324,02200,4.0,False,False,True,False,False,True
0324,02663,3.0,False,False,True,False,False,True
0324,00391,4.0,False,False,True,False,False,True
0324,01872,4.0,False,False,True,False,False,True
0324,02863,3.0,False,False,True,False,False,True
0324,01689,4.0,False,False,True,False,False,True
0324,01642,4.0,False,False,True,False,False,True
0324,02002,4.0,False,False,True,False,True,False
0324,00082,4.0,False,False,True,False,False,True
0324,00076,4.0,False,False,True,False,False,True
0324,02148,4.0,False,False,True,False,False,True
0324,00888,4.0,False,False,True,False,False,True
0324,00843,3.0,False,False,True,False,False,True
0324,00275,4.0,False,False,True,False,False,True
0324,00844,4.0,False,False,True,False,False,True
0324,02788,4.0,False,False,False,True,False,True
0324,01132,4.0,False,False,False,True,True,False
0324,00642,4.0,False,False,True,False,False,True
0324,01907,4.0,False,False,True,False,False,True
0324,00479,4.0,False,False,False,True,False,True
0324,02578,4.0,False,False,True,False,False,True
0324,01336,4.0,False,False,True,False,False,True
0324,00441,4.0,False,False,True,False,False,True
0324,01997,4.0,False,False,True,False,False,True
0324,00889,4.0,False,False,True,False,False,True
0324,02149,4.0,False,False,True,False,False,True
0324,02718,3.0,False,False,True,False,False,True
0324,01901,4.0,False,False,False,True,False,True
0324,02541,4.0,False,False,False,True,False,True
0324,02910,4.0,False,False,True,False,False,True
0324,01908,4.0,False,False,True,False,False,True
0324,00644,4.0,False,False,True,False,False,True
0105,02195,,False,False,True,False,False,True
0105,00299,,False,False,True,False,False,True
0105,02391,,False,False,True,False,False,True
0105,00208,,False,False,True,False,False,True
0105,00461,,False,False,True,False,False,True
0105,00839,,False,False,True,False,True,False
0105,00459,,False,False,True,False,False,True
0105,00450,,False,False,True,False,False,True
0105,02307,,False,False,True,False,False,True
0105,00457,,False,False,True,False,False,True
0105,02952,,False,False,True,False,False,True
0105,02194,,False,False,True,False,False,True
0105,00298,,False,False,True,False,False,True
0105,01114,,False,False,True,False,False,True
0105,02937,,False,False,True,False,False,True
0105,00451,,False,False,True,False,False,True
0105,02306,,False,False,True,False,False,True
0105,00458,,False,False,True,False,False,True
0105,00460,,False,False,True,False,False,True
0105,00838,,False,False,False,True,True,False
0105,00176,,False,False,True,False,False,True
0105,00981,,False,False,True,False,False,True
0105,01639,,False,False,True,False,False,True
0105,00171,,False,False,True,False,False,True
0105,01291,,False,False,False,True,True,False
0105,00388,,False,False,True,False,False,True
0105,00986,,False,False,True,False,False,True
0105,02610,,False,False,True,False,False,True
0105,00381,,False,False,True,False,False,True
0105,02015,,False,False,True,False,False,True
0105,00326,,False,False,True,False,False,True
0105,00546,,False,False,True,False,False,True
0105,02629,,False,False,True,False,False,True
0105,00380,,False,False,True,False,False,True
0105,00170,,False,False,True,False,False,True
0105,00389,,False,False,True,False,False,True
0105,00177,,False,False,True,False,False,True
0105,01435,,False,False,True,False,False,True
0105,00980,,False,False,True,False,False,True
0105,01034,,False,False,True,False,False,True
0105,02013,,False,False,True,False,False,True
0105,02689,,False,False,True,False,False,True
0105,02014,,False,False,True,False,False,True
0105,00327,,False,False,True,False,False,True
0105,01033,,False,False,True,False,False,True
0105,02204,,False,False,True,False,False,True
0105,00795,,False,False,True,False,False,True
0105,01011,,False,False,True,False,False,True
0105,01224,,False,False,True,False,False,True
0105,00302,,False,False,True,False,False,True
0105,01212,,False,False,True,False,False,True
0105,00565,,False,False,True,False,False,True
0105,01018,,False,False,True,False,False,True
0105,00969,,False,False,True,False,False,True
0105,00393,,False,False,True,False,False,True
0105,02295,,False,False,True,False,False,True
0105,01248,,False,False,True,False,False,True
0105,01019,,False,False,True,False,False,True
0105,01213,,False,False,True,False,False,True
0105,00303,,False,False,True,False,False,True
0105,01641,,False,False,True,False,False,True
0105,00793,,False,False,True,False,False,True
0105,01249,,False,False,True,False,False,True
0105,00162,,False,False,True,False,False,True
0105,02099,,False,False,True,False,False,True
0105,02294,,False,False,True,False,False,True
0105,00392,,False,False,True,False,False,True
0105,00026,,False,False,True,False,False,True
0105,02127,,False,False,True,False,False,True
0105,02116,,False,False,True,False,False,True
0105,01733,,False,False,True,False,False,True
0105,01705,,False,False,True,False,False,True
0105,02948,,False,False,True,False,False,True
0105,01395,,False,False,True,False,False,True
0105,00885,,False,False,True,False,False,True
0105,01392,,False,False,True,False,False,True
0105,02126,,False,False,True,False,False,True
0105,02949,,False,False,True,False,False,True
0105,01704,,False,False,True,False,False,True
0105,01732,,False,False,True,False,False,True
0105,00668,,False,False,True,False,False,True
0105,02100,,False,False,True,False,False,True
0105,02935,,False,False,True,False,False,True
0105,00498,,False,False,True,False,False,True
0105,02196,,False,False,True,False,False,True
0105,02959,,False,False,True,False,False,True
0105,01174,,False,False,True,False,False,True
0105,02950,,False,False,True,False,False,True
0105,02392,,False,False,True,False,False,True
0105,01173,,False,False,True,False,False,True
0105,00667,,False,False,True,False,False,True
0105,00497,,False,False,True,False,False,True
0105,00669,,False,False,True,False,False,True
0105,02101,,False,False,True,False,False,True
0105,02960,,False,False,True,False,False,True
0105,02016,,False,False,True,False,False,True
0105,00545,,False,False,True,False,False,True
0105,02018,,False,False,True,False,False,True
0105,01490,,False,False,True,False,False,True
0105,01292,,False,False,False,True,True,False
0105,00971,,False,False,True,False,False,True
0105,00985,,False,False,True,False,False,True
0105,01437,,False,False,True,False,False,True
0105,00175,,False,False,True,False,False,True
0105,00982,,False,False,True,False,False,True
0105,00978,,False,False,True,False,False,True
0105,01491,,False,False,True,False,False,True
0105,00544,,False,False,True,False,False,True
0105,02017,,False,False,True,False,False,True
0105,01293,,False,False,False,True,True,False
0105,00984,,False,False,True,False,False,True
0105,00738,,False,False,True,False,False,True
0105,00397,,False,False,True,False,False,True
0105,02608,,False,False,True,False,False,True
0105,00399,,False,False,True,False,False,True
0105,00160,,False,False,True,False,False,True
0105,00736,,False,False,True,False,False,True
0105,02630,,False,False,True,False,False,True
0105,02690,,False,False,True,False,False,True
0105,00301,,False,False,True,False,False,True
0105,02456,,False,False,True,False,False,True
0105,00592,,False,False,True,False,False,True
0105,02458,,False,False,True,False,False,True
0105,00398,,False,False,True,False,False,True
0105,00161,,False,False,True,False,False,True
0105,00594,,False,False,True,False,False,True
0105,00567,,False,False,True,False,False,True
0105,01013,,False,False,True,False,False,True
0105,00300,,False,False,True,False,False,True
0105,00286,,False,False,True,False,False,True
0105,00288,,False,False,True,False,False,True
0105,01391,,False,False,True,False,False,True
0105,02184,,False,False,True,False,False,True
0105,02183,,False,False,True,False,False,True
0105,01706,,False,False,True,False,False,True
0105,00412,,False,False,True,False,False,True
0105,01799,,False,False,True,False,False,True
0105,01797,,False,False,True,False,False,True
0105,00448,,False,False,True,False,False,True
0105,02318,,False,False,True,False,False,True
0105,00413,,False,False,True,False,False,True
0105,02182,,False,False,True,False,False,True
0105,01390,,False,False,True,False,False,True
0105,00414,,False,False,True,False,False,True
0105,00287,,False,False,True,False,False,True
0105,02319,,False,False,True,False,False,True
0023,00718,4.0,False,False,True,False,False,True
0023,00716,4.0,False,False,True,False,False,True
0023,00943,4.0,False,False,True,False,False,True
0023,00466,4.0,False,False,True,False,False,True
0023,00630,4.0,False,False,True,False,False,True
0023,00427,4.0,False,False,True,False,False,True
0023,00792,4.0,False,False,True,False,False,True
0023,00951,4.0,False,False,True,False,True,False
0023,00393,4.0,False,False,True,False,False,True
0023,00531,4.0,False,False,True,False,True,False
0023,00507,4.0,False,False,True,False,False,True
0023,00500,4.0,False,False,True,False,False,True
0023,00530,4.0,False,False,True,False,True,False
0023,00392,4.0,False,False,True,False,False,True
0023,00746,4.0,False,False,True,False,False,True
0023,00748,4.0,False,False,True,False,False,True
0023,00712,4.0,False,False,True,False,False,True
0023,00384,4.0,False,False,True,False,True,False
0023,00692,4.0,False,False,True,False,False,True
0023,00090,4.0,False,False,True,False,False,True
0023,00053,4.0,False,False,True,False,False,True
0023,00859,4.0,False,False,True,False,False,True
0023,00618,4.0,False,False,True,False,False,True
0023,00687,4.0,False,False,True,False,False,True
0023,00688,4.0,False,False,True,False,False,True
0023,00557,4.0,False,False,True,False,True,False
0081,02543,,False,False,True,False,False,True
0081,00026,,False,False,True,False,False,True
0081,00670,,False,False,True,False,False,True
0081,01136,,False,False,True,False,False,True
0081,03030,,False,False,True,False,False,True
0081,01733,,False,False,True,False,False,True
0081,01357,,False,False,True,False,False,True
0081,03090,,False,False,True,False,False,True
0081,01196,,False,False,True,False,False,True
0081,01734,,False,False,True,False,False,True
0081,01530,,False,False,True,False,False,True
0081,01950,,False,False,True,False,False,True
0081,00486,,False,False,True,False,False,True
0081,03031,,False,False,True,False,False,True
0081,00027,,False,False,True,False,False,True
0081,00671,,False,False,True,False,False,True
0081,00246,,False,False,True,False,False,True
0081,01358,,False,False,True,False,False,True
0081,01531,,False,False,True,False,False,True
0081,03091,,False,False,False,True,False,True
0081,03117,,False,False,True,False,False,True
0081,00139,,False,False,True,False,False,True
0081,00509,,False,False,True,False,False,True
0081,02295,,False,False,True,False,False,True
0081,00536,,False,False,True,False,False,True
0081,02053,,False,False,True,False,False,True
0081,03181,,False,False,True,False,False,True
0081,02054,,False,False,True,False,False,True
0081,00531,,False,False,True,False,False,True
0081,01241,,False,False,True,False,False,True
0081,02895,,False,False,True,False,False,True
0081,00735,,False,False,True,False,False,True
0081,03382,,False,False,True,False,False,True
0081,02096,,False,False,True,False,False,True
0081,01841,,False,False,True,False,False,True
0081,03118,,False,False,True,False,False,True
0081,00555,,False,False,True,False,False,True
0081,03116,,False,False,True,False,False,True
0081,01840,,False,False,True,False,False,True
0081,03384,,False,False,True,False,False,True
0081,03370,,False,False,True,False,False,True
0081,02894,,False,False,True,False,False,True
0081,01240,,False,False,True,False,False,True
0081,00530,,False,False,True,False,False,True
0081,02603,,False,False,True,False,False,True
0081,00508,,False,False,True,False,False,True
0081,03180,,False,False,True,False,False,True
0081,00537,,False,False,True,False,False,True
0081,02887,,False,False,True,False,False,True
0081,00512,,False,False,True,False,False,True
0081,00149,,False,False,True,False,False,True
0081,01630,,False,False,True,False,False,True
0081,00140,,False,False,True,False,False,True
0081,02425,,False,False,True,False,False,True
0081,00372,,False,False,True,False,False,True
0081,00147,,False,False,True,False,False,True
0081,03134,,False,False,True,False,False,True
0081,02688,,False,False,True,False,False,True
0081,01838,,False,False,True,False,False,True
0081,01004,,False,False,True,False,False,True
0081,00310,,False,False,False,True,False,True
0081,00122,,False,False,True,False,False,True
0081,02211,,False,False,True,False,False,True
0081,00125,,False,False,True,False,False,True
0081,01003,,False,False,True,False,False,True
0081,00146,,False,False,True,False,False,True
0081,01890,,False,False,True,False,False,True
0081,00513,,False,False,True,False,False,True
0081,00148,,False,False,True,False,False,True
0081,02886,,False,False,True,False,False,True
0081,01230,,False,False,True,False,False,True
0081,00124,,False,False,True,False,False,True
0081,00123,,False,False,True,False,False,True
0081,00311,,False,False,False,True,False,True
0081,01839,,False,False,True,False,False,True
0081,02689,,False,False,True,False,False,True
0081,00252,,False,False,True,False,False,True
0081,00863,,False,False,True,False,False,True
0081,03078,,False,False,True,False,False,True
0081,00255,,False,False,True,False,False,True
0081,00631,,False,False,True,False,False,True
0081,00607,,False,False,True,False,False,True
0081,02362,,False,False,True,False,False,True
0081,02556,,False,False,True,False,False,True
0081,03448,,False,False,False,True,False,True
0081,00034,,False,False,True,False,False,True
0081,00265,,False,False,True,False,False,True
0081,03289,,False,False,False,True,False,True
0081,00606,,False,False,True,False,False,True
0081,03077,,False,False,True,False,False,True
0081,01981,,False,False,True,False,False,True
0081,00254,,False,False,True,False,False,True
0081,00066,,False,False,True,False,False,True
0081,00862,,False,False,True,False,False,True
0081,00608,,False,False,True,False,False,True
0081,03449,,False,False,True,False,False,True
0081,00035,,False,False,True,False,False,True
0081,02557,,False,False,True,False,False,True
0081,00629,,False,False,True,False,False,True
0081,00244,,False,False,True,False,False,True
0081,03290,,False,False,False,True,False,True
0081,00627,,False,False,True,False,False,True
0081,03002,,False,False,True,False,False,True
0081,00014,,False,False,True,False,False,True
0081,00013,,False,False,True,False,False,True
0081,01338,,False,False,True,False,False,True
0081,01194,,False,False,True,False,False,True
0081,01339,,False,False,True,False,False,True
0081,03004,,False,False,True,False,False,True
0081,02541,,False,False,True,False,False,True
0081,02601,,False,False,True,False,False,True
0081,02296,,False,False,True,False,False,True
0081,01628,,False,False,True,False,False,True
0081,03372,,False,False,True,False,False,True
0081,01889,,False,False,True,False,False,True
0081,02896,,False,False,True,False,False,True
0081,00736,,False,False,True,False,False,True
0081,02095,,False,False,True,False,False,True
0081,02690,,False,False,True,False,False,True
0081,00557,,False,False,True,False,False,True
0081,03122,,False,False,True,False,False,True
0081,02652,,False,False,True,False,False,True
0081,03317,,False,False,True,False,False,True
0081,02094,,False,False,True,False,False,True
0081,01629,,False,False,True,False,False,True
0081,03316,,False,False,True,False,False,True
0081,02654,,False,False,True,False,False,True
0081,00558,,False,False,True,False,False,True
0081,00560,,False,False,True,False,False,True
0081,03123,,False,False,True,False,False,True
0081,00128,,False,False,True,False,False,True
0081,01693,,False,False,True,False,False,True
0081,01694,,False,False,True,False,False,True
0081,00119,,False,False,True,False,False,True
0081,00126,,False,False,True,False,False,True
0081,01232,,False,False,True,False,False,True
0081,00121,,False,False,True,False,False,True
0081,01497,,False,False,True,False,False,True
0081,02212,,False,False,True,False,False,True
0081,02074,,False,False,True,False,False,True
0081,01408,,False,False,True,False,False,True
0081,00382,,False,False,True,False,False,True
0081,00371,,False,False,True,False,False,True
0081,00120,,False,False,True,False,False,True
0081,01496,,False,False,True,False,False,True
0081,01498,,False,False,True,False,False,True
0081,03136,,False,False,True,False,False,True
0081,00129,,False,False,True,False,False,True
0081,00370,,False,False,True,False,False,True
0081,00384,,False,False,True,False,False,True
0081,01407,,False,False,True,False,False,True
0081,03366,,False,False,True,False,False,True
0081,02075,,False,False,True,False,False,True
0081,00510,,False,False,True,False,False,True
0081,01120,,False,False,False,True,False,True
0081,02555,,False,False,True,False,False,True
0081,02501,,False,False,True,False,False,True
0081,00064,,False,False,True,False,False,True
0081,01519,,False,False,True,False,False,True
0081,00867,,False,False,True,False,False,True
0081,00251,,False,False,True,False,False,True
0081,01145,,False,False,True,False,False,True
0081,03249,,False,False,True,False,False,True
0081,00869,,False,False,True,False,False,True
0081,01948,,False,False,True,False,False,True
0081,03247,,False,False,True,False,False,True
0081,02361,,False,False,True,False,False,True
0081,00260,,False,False,True,False,False,True
0081,02554,,False,False,True,False,False,True
0081,01587,,False,False,True,False,False,True
0081,02553,,False,False,True,False,False,True
0081,00261,,False,False,True,False,False,True
0081,01982,,False,False,True,False,False,True
0081,00266,,False,False,True,False,False,True
0081,01144,,False,False,True,False,False,True
0081,02500,,False,False,True,False,False,True
0059,01208,,False,False,True,False,False,True
0059,00775,,False,False,True,False,False,True
0059,01839,,False,False,True,False,False,True
0059,01459,,False,False,True,False,False,True
0059,00927,,False,False,True,False,False,True
0059,01230,,False,False,True,False,False,True
0059,02217,,False,False,True,False,False,True
0059,01492,,False,False,True,False,False,True
0059,00772,,False,False,True,False,False,True
0059,01206,,False,False,True,False,False,True
0059,01034,,False,False,True,False,False,True
0059,02221,,False,False,True,False,False,True
0059,02689,,False,False,True,False,False,True
0059,00929,,False,False,True,False,False,True
0059,01457,,False,False,True,False,False,True
0059,01033,,False,False,True,False,False,True
0059,01201,,False,False,True,False,False,True
0059,02616,,False,False,True,False,False,True
0059,00717,,False,False,True,False,False,True
0059,01631,,False,False,True,False,False,True
0059,01600,,False,False,True,False,False,True
0059,00719,,False,False,True,False,False,True
0059,01435,,False,False,True,False,False,True
0059,02688,,False,False,True,False,False,True
0059,02218,,False,False,True,False,False,True
0059,01456,,False,False,True,False,False,True
0059,01200,,False,False,True,False,False,True
0059,02220,,False,False,True,False,False,True
0059,01458,,False,False,True,False,False,True
0059,01231,,False,False,True,False,False,True
0059,01807,,False,False,True,False,False,True
0059,00921,,False,False,True,False,False,True
0059,00774,,False,False,True,False,False,True
0059,01434,,False,False,True,False,False,True
0059,01433,,False,False,True,False,False,True
0059,02617,,False,False,True,False,False,True
0059,00729,,False,False,True,False,False,True
0059,01584,,False,False,True,False,False,True
0059,01548,,False,False,True,False,False,True
0059,01583,,False,False,True,False,False,True
0059,00209,,False,False,True,False,False,True
0059,00434,,False,False,True,False,False,True
0059,02151,,False,False,True,False,False,True
0059,01512,,False,False,True,False,False,True
0059,01344,,False,False,True,False,False,True
0059,01176,,False,False,True,False,False,True
0059,00405,,False,False,True,False,False,True
0059,01944,,False,False,True,False,False,True
0059,01178,,False,False,True,False,False,True
0059,02731,,False,False,True,False,False,True
0059,00208,,False,False,True,False,False,True
0059,01547,,False,False,True,False,False,True
0059,01540,,False,False,True,False,False,True
0059,01911,,False,False,True,False,False,True
0059,01585,,False,False,True,False,False,True
0059,02132,,False,False,True,False,False,True
0059,01373,,False,False,True,False,False,True
0059,00403,,False,False,True,False,False,True
0059,02730,,False,False,True,False,False,True
0059,01945,,False,False,True,False,False,True
0059,01342,,False,False,True,False,False,True
0059,01513,,False,False,True,False,False,True
0059,00852,,False,False,True,False,False,True
0059,00884,,False,False,True,False,False,True
0059,00883,,False,False,True,False,False,True
0059,01509,,False,False,True,False,False,True
0059,01536,,False,False,True,False,False,True
0059,02188,,False,False,True,False,False,True
0059,00426,,False,False,True,False,False,True
0059,01732,,False,False,True,False,False,True
0059,01538,,False,False,True,False,False,True
0059,01735,,False,False,True,False,False,True
0059,01137,,False,False,True,False,False,True
0059,01108,,False,False,True,False,False,True
0059,01598,,False,False,True,False,False,True
0059,01130,,False,False,True,False,False,True
0059,01554,,False,False,True,False,False,True
0059,02128,,False,False,True,False,False,True
0059,00682,,False,False,True,False,False,True
0059,01334,,False,False,True,False,False,True
0059,01139,,False,False,True,False,False,True
0059,01101,,False,False,True,False,False,True
0059,01333,,False,False,True,False,False,True
0059,01539,,False,False,True,False,False,True
0059,01196,,False,False,True,False,False,True
0059,02189,,False,False,True,False,False,True
0059,01733,,False,False,True,False,False,True
0059,01508,,False,False,True,False,False,True
0059,01537,,False,False,True,False,False,True
0059,01705,,False,False,False,True,True,False
0059,01366,,False,False,True,False,False,True
0059,01332,,False,False,True,False,False,True
0059,00825,,False,False,True,False,False,True
0059,00683,,False,False,True,False,False,True
0059,01107,,False,False,True,False,False,True
0059,01335,,False,False,True,False,False,True
0059,01555,,False,False,True,False,False,True
0059,02129,,False,False,True,False,False,True
0059,01552,,False,False,True,False,False,True
0059,01599,,False,False,True,False,False,True
0059,01044,,False,False,True,False,False,True
0059,01420,,False,False,True,False,False,True
0059,02052,,False,False,True,False,False,True
0059,00359,,False,False,True,False,False,True
0059,01624,,False,False,True,False,False,True
0059,00392,,False,False,True,False,False,True
0059,01442,,False,False,True,False,False,True
0059,01825,,False,False,True,False,False,True
0059,01648,,False,False,True,False,False,True
0059,02454,,False,False,True,False,False,True
0059,00303,,False,False,True,False,False,True
0059,01473,,False,False,True,False,False,True
0059,01010,,False,False,True,False,False,True
0059,01474,,False,False,True,False,False,True
0059,00760,,False,False,True,False,False,True
0059,00358,,False,False,True,False,False,True
0059,02054,,False,False,True,False,False,True
0059,00393,,False,False,True,False,False,True
0059,01622,,False,False,True,False,False,True
0059,00536,,False,False,True,False,False,True
0059,02053,,False,False,True,False,False,True
0059,01841,,False,False,True,False,False,True
0059,01045,,False,False,True,False,False,True
0059,01421,,False,False,True,False,False,True
0059,00761,,False,False,True,False,False,True
0059,00302,,False,False,True,False,False,True
0059,01815,,False,False,True,False,False,True
0059,01444,,False,False,True,False,False,True
0059,01443,,False,False,True,False,False,True
0059,02044,,False,False,True,False,False,True
0059,02043,,False,False,True,False,False,True
0059,01632,,False,False,True,False,False,True
0059,01465,,False,False,True,False,False,True
0059,01233,,False,False,True,False,False,True
0059,01491,,False,False,True,False,False,True
0059,00923,,False,False,True,False,False,True
0059,01454,,False,False,True,False,False,True
0059,01008,,False,False,True,False,False,True
0059,02222,,False,False,True,False,False,True
0059,01439,,False,False,True,False,False,True
0059,01455,,False,False,True,False,False,True
0059,00922,,False,False,True,False,False,True
0059,01463,,False,False,True,False,False,True
0059,01232,,False,False,True,False,False,True
0059,01340,,False,False,True,False,False,True
0059,02152,,False,False,True,False,False,True
0059,01347,,False,False,True,False,False,True
0059,02732,,False,False,True,False,False,True
0059,01913,,False,False,True,False,False,True
0059,01128,,False,False,True,False,False,True
0059,02130,,False,False,True,False,False,True
0059,01348,,False,False,True,False,False,True
0059,02153,,False,False,True,False,False,True
0059,00657,,False,False,True,False,False,True
0059,01129,,False,False,True,False,False,True
0059,00659,,False,False,True,False,False,True
0059,01912,,False,False,True,False,False,True
0059,01550,,False,False,True,False,False,True
0059,01339,,False,False,True,False,False,True
0059,01102,,False,False,True,False,False,True
0059,01592,,False,False,True,False,False,True
0059,02317,,False,False,True,False,False,True
0059,00827,,False,False,True,False,False,True
0059,01337,,False,False,True,False,False,True
0059,01308,,False,False,True,False,False,True
0059,01535,,False,False,True,False,False,True
0059,01707,,False,False,True,False,False,True
0059,00425,,False,False,True,False,False,True
0059,00210,,False,False,True,False,False,True
0059,01309,,False,False,True,False,False,True
0059,02316,,False,False,True,False,False,True
0059,01331,,False,False,True,False,False,True
0059,01551,,False,False,True,False,False,True
0059,01195,,False,False,True,False,False,True
0059,01706,,False,False,True,False,False,True
0059,01441,,False,False,True,False,False,True
0059,01025,,False,False,True,False,False,True
0059,01828,,False,False,True,False,False,True
0059,01817,,False,False,True,False,False,True
0059,01843,,False,False,True,False,False,True
0059,00730,,False,False,True,False,False,True
0059,02067,,False,False,True,False,False,True
0059,01272,,False,False,True,False,False,True
0059,01844,,False,False,True,False,False,True
0059,01423,,False,False,True,False,False,True
0059,02069,,False,False,True,False,False,True
0059,00534,,False,False,True,False,False,True
0059,01412,,False,False,True,False,False,True
0059,02456,,False,False,True,False,False,True
0059,02032,,False,False,True,False,False,True
0059,01440,,False,False,True,False,False,True
0059,01024,,False,False,True,False,False,True
0059,01023,,False,False,True,False,False,True
0059,02068,,False,False,True,False,False,True
0059,01414,,False,False,True,False,False,True
0059,01274,,False,False,True,False,False,True
0059,01046,,False,False,True,False,False,True
0059,01842,,False,False,True,False,False,True
0047,04488,2.0,False,False,True,False,False,True
0047,02984,2.0,False,False,True,False,True,False
0047,03634,2.0,False,False,True,False,False,True
0047,04254,2.0,False,False,True,False,False,True
0047,04770,2.0,False,False,True,False,False,True
0082,00326,,False,False,True,False,False,True
0082,01200,,False,False,True,False,False,True
0082,02485,,False,False,True,False,False,True
0082,01655,,False,False,True,False,False,True
0082,00541,,False,False,True,False,False,True
0082,02216,,False,False,True,False,False,True
0082,00328,,False,False,True,False,False,True
0082,02827,,False,False,True,False,False,True
0082,02229,,False,False,True,False,False,True
0082,02675,,False,False,True,False,False,True
0082,00546,,False,False,True,False,False,True
0082,01652,,False,False,True,False,False,True
0082,01807,,False,False,True,False,False,True
0082,00512,,False,False,True,False,False,True
0082,02289,,False,False,True,False,False,True
0082,00986,,False,False,True,False,False,True
0082,00718,,False,False,True,False,False,True
0082,01891,,False,False,True,False,False,True
0082,01653,,False,False,True,False,False,True
0082,02674,,False,False,True,False,False,True
0082,00547,,False,False,True,False,False,True
0082,01806,,False,False,True,False,False,True
0082,00540,,False,False,True,False,False,True
0082,00329,,False,False,True,False,False,True
0082,02228,,False,False,True,False,False,True
0082,03135,,False,False,True,False,False,True
0082,02483,,False,False,True,False,False,True
0082,00327,,False,False,True,False,False,True
0082,01890,,False,False,True,False,False,True
0082,00717,,False,False,True,False,False,True
0082,02424,,False,False,True,False,False,True
0082,02423,,False,False,True,False,False,True
0082,02872,,False,False,True,False,False,True
0082,00653,,False,False,True,False,False,True
0082,00208,,False,False,True,False,False,True
0082,00654,,False,False,True,False,False,True
0082,02900,,False,False,True,False,False,True
0082,01320,,False,False,True,False,False,True
0082,01744,,False,False,True,False,False,True
0082,00665,,False,False,True,False,False,True
0082,01318,,False,False,True,False,False,True
0082,02737,,False,False,True,False,False,True
0082,03071,,False,False,True,False,False,True
0082,01514,,False,False,True,False,False,True
0082,00432,,False,False,True,False,False,True
0082,02739,,False,False,True,False,False,True
0082,01974,,False,False,True,False,False,True
0082,00435,,False,False,True,False,False,True
0082,01345,,False,False,True,False,False,True
0082,00297,,False,False,True,False,False,True
0082,01513,,False,False,True,False,False,True
0082,00664,,False,False,True,False,False,True
0082,01319,,False,False,True,False,False,True
0082,00831,,False,False,True,False,False,True
0082,01745,,False,False,True,False,False,True
0082,00655,,False,False,True,False,False,True
0082,02901,,False,False,True,False,False,True
0082,00209,,False,False,True,False,False,True
0082,02738,,False,False,True,False,False,True
0082,00296,,False,False,True,False,False,True
0082,00434,,False,False,True,False,False,True
0082,01972,,False,False,True,False,False,True
0082,00433,,False,False,True,False,False,True
0082,03070,,False,False,True,False,False,True
0082,01711,,False,False,True,False,False,True
0082,00402,,False,False,True,False,False,True
0082,01506,,False,False,True,False,False,True
0082,02979,,False,False,True,False,False,True
0082,01961,,False,False,True,False,False,True
0082,00847,,False,False,True,False,False,True
0082,02142,,False,False,True,False,False,True
0082,00427,,False,False,True,False,False,True
0082,01198,,False,False,True,False,False,True
0082,03099,,False,False,True,False,False,True
0082,00882,,False,False,True,False,False,True
0082,00885,,False,False,True,False,False,True
0082,00429,,False,False,True,False,False,True
0082,01769,,False,False,True,False,False,True
0082,02771,,False,False,True,False,False,True
0082,01590,,False,False,True,False,False,True
0082,00442,,False,False,True,False,False,True
0082,00648,,False,False,True,False,False,True
0082,02312,,False,False,True,False,False,True
0082,00641,,False,False,True,False,False,True
0082,01131,,False,False,True,False,False,True
0082,02575,,False,False,True,False,False,True
0082,00884,,False,False,True,False,False,True
0082,00074,,False,False,True,False,False,True
0082,00848,,False,False,True,False,False,True
0082,00883,,False,False,True,False,False,True
0082,02143,,False,False,True,False,False,True
0082,00879,,False,False,True,False,False,True
0082,01960,,False,False,True,False,False,True
0082,01553,,False,False,True,False,False,True
0082,01554,,False,False,True,False,False,True
0082,01130,,False,False,True,False,False,True
0082,00640,,False,False,True,False,False,True
0082,00649,,False,False,True,False,False,True
0082,01902,,False,False,True,False,False,True
0082,01768,,False,False,True,False,False,True
0082,02770,,False,False,True,False,False,True
0082,00443,,False,False,True,False,False,True
0082,02868,,False,False,True,False,False,True
0082,01428,,False,False,True,False,False,True
0082,01426,,False,False,True,False,False,True
0082,02866,,False,False,True,False,False,True
0082,01678,,False,False,True,False,False,True
0082,00934,,False,False,True,False,False,True
0082,01223,,False,False,True,False,False,True
0082,00305,,False,False,True,False,False,True
0082,00761,,False,False,True,False,False,True
0082,00933,,False,False,True,False,False,True
0082,00766,,False,False,True,False,False,True
0082,00302,,False,False,True,False,False,True
0082,02804,,False,False,True,False,False,True
0082,01649,,False,False,True,False,False,True
0082,00334,,False,False,True,False,False,True
0082,00768,,False,False,True,False,False,True
0082,02803,,False,False,True,False,False,True
0082,00333,,False,False,True,False,False,True
0082,00539,,False,False,True,False,False,True
0082,01427,,False,False,True,False,False,True
0082,01615,,False,False,True,False,False,True
0082,02867,,False,False,True,False,False,True
0082,00705,,False,False,True,False,False,True
0082,01876,,False,False,True,False,False,True
0082,02869,,False,False,True,False,False,True
0082,01871,,False,False,True,False,False,True
0082,00769,,False,False,True,False,False,True
0082,02802,,False,False,True,False,False,True
0082,00332,,False,False,True,False,False,True
0082,01648,,False,False,True,False,False,True
0082,01445,,False,False,True,False,False,True
0082,00335,,False,False,True,False,False,True
0082,00767,,False,False,True,False,False,True
0082,00303,,False,False,True,False,False,True
0082,01679,,False,False,True,False,False,True
0082,00552,,False,False,True,False,False,True
0082,00760,,False,False,True,False,False,True
0082,01222,,False,False,True,False,False,True
0082,01010,,False,False,True,False,False,True
0082,00985,,False,False,True,False,False,True
0082,02428,,False,False,True,False,False,True
0082,02870,,False,False,True,False,False,True
0082,03155,,False,False,True,False,False,True
0082,00516,,False,False,True,False,False,True
0082,02417,,False,False,True,False,False,True
0082,00511,,False,False,True,False,False,True
0082,02419,,False,False,True,False,False,True
0082,02426,,False,False,True,False,False,True
0082,01401,,False,False,True,False,False,True
0082,00520,,False,False,True,False,False,True
0082,03137,,False,False,True,False,False,True
0082,00322,,False,False,True,False,False,True
0082,01009,,False,False,True,False,False,True
0082,00913,,False,False,True,False,False,True
0082,00325,,False,False,True,False,False,True
0082,02640,,False,False,True,False,False,True
0082,01455,,False,False,True,False,False,True
0082,00914,,False,False,True,False,False,True
0082,01658,,False,False,True,False,False,True
0082,00545,,False,False,True,False,False,True
0082,02685,,False,False,True,False,False,True
0082,03101,,False,False,True,False,False,True
0082,00542,,False,False,True,False,False,True
0082,02215,,False,False,True,False,False,True
0082,00521,,False,False,True,False,False,True
0082,02088,,False,False,True,False,False,True
0082,00519,,False,False,True,False,False,True
0082,01400,,False,False,True,False,False,True
0082,02427,,False,False,True,False,False,True
0082,03153,,False,False,True,False,False,True
0082,02871,,False,False,True,False,False,True
0082,00984,,False,False,True,False,False,True
0082,00517,,False,False,True,False,False,True
0082,03154,,False,False,True,False,False,True
0082,02086,,False,False,True,False,False,True
0082,00543,,False,False,True,False,False,True
0082,02214,,False,False,True,False,False,True
0082,02684,,False,False,True,False,False,True
0082,01650,,False,False,True,False,False,True
0082,00544,,False,False,True,False,False,True
0082,01805,,False,False,True,False,False,True
0082,00324,,False,False,True,False,False,True
0082,00323,,False,False,True,False,False,True
0082,01453,,False,False,True,False,False,True
0082,01008,,False,False,True,False,False,True
0082,01713,,False,False,True,False,False,True
0082,00407,,False,False,True,False,False,True
0082,00867,,False,False,True,False,False,True
0082,00400,,False,False,True,False,False,True
0082,00436,,False,False,True,False,False,True
0082,00294,,False,False,True,False,False,True
0082,00293,,False,False,True,False,False,True
0082,00267,,False,False,True,False,False,True
0082,01187,,False,False,True,False,False,True
0082,00869,,False,False,False,True,True,False
0082,00431,,False,False,True,False,False,True
0082,00657,,False,False,True,False,False,True
0082,01588,,False,False,True,False,False,True
0082,02769,,False,False,True,False,False,True
0082,02793,,False,False,True,False,False,True
0082,00659,,False,False,True,False,False,True
0082,02932,,False,False,True,False,False,True
0082,02758,,False,False,True,False,False,True
0082,00833,,False,False,True,False,False,True
0082,02794,,False,False,True,False,False,True
0082,01778,,False,False,True,False,False,True
0082,00868,,False,False,True,False,False,True
0082,00266,,False,False,True,False,False,True
0082,00430,,False,False,True,False,False,True
0082,00292,,False,False,True,False,False,True
0082,00408,,False,False,True,False,False,True
0082,00295,,False,False,True,False,False,True
0082,01347,,False,False,True,False,False,True
0082,00437,,False,False,True,False,False,True
0082,00406,,False,False,True,False,False,True
0082,01712,,False,False,True,False,False,True
0082,01746,,False,False,True,False,False,True
0082,02934,,False,False,True,False,False,True
0082,01779,,False,False,True,False,False,True
0082,00658,,False,False,True,False,False,True
0082,02933,,False,False,True,False,False,True
0082,02759,,False,False,True,False,False,True
0082,01777,,False,False,True,False,False,True
0082,00651,,False,False,True,False,False,True
0082,00656,,False,False,True,False,False,True
0082,01770,,False,False,True,False,False,True
0082,00674,,False,False,True,False,False,True
0082,01938,,False,False,True,False,False,True
0082,01900,,False,False,True,False,False,True
0082,02927,,False,False,True,False,False,True
0082,00441,,False,False,True,False,False,True
0082,00673,,False,False,True,False,False,True
0082,02918,,False,False,True,False,False,True
0082,01936,,False,False,True,False,False,True
0082,01135,,False,False,True,False,False,True
0082,02743,,False,False,True,False,False,True
0082,02115,,False,False,True,False,False,True
0082,00642,,False,False,False,True,False,True
0082,01132,,False,False,True,False,False,True
0082,03093,,False,False,True,False,False,True
0082,00286,,False,False,True,False,False,True
0082,01965,,False,False,True,False,False,True
0082,03058,,False,False,True,False,False,True
0082,01505,,False,False,True,False,False,True
0082,03094,,False,False,True,False,False,True
0082,02514,,False,False,True,False,False,True
0082,00288,,False,False,True,False,False,True
0082,00886,,False,False,True,False,False,True
0082,02987,,False,False,True,False,False,True
0082,02513,,False,False,True,False,False,True
0082,00881,,False,False,True,False,False,True
0082,02917,,False,False,True,False,False,True
0082,02928,,False,False,True,False,False,True
0082,00643,,False,False,True,False,False,True
0082,02113,,False,False,True,False,False,True
0082,00644,,False,False,False,True,False,True
0082,02745,,False,False,True,False,False,True
0082,00672,,False,False,True,False,False,True
0082,01754,,False,False,True,False,False,True
0082,01753,,False,False,True,False,False,True
0082,02512,,False,False,True,False,False,True
0082,00880,,False,False,True,False,False,True
0082,00874,,False,False,True,False,False,True
0082,03057,,False,False,True,False,False,True
0082,00873,,False,False,True,False,False,True
0082,00887,,False,False,True,False,False,True
0082,02986,,False,False,True,False,False,True
0082,01963,,False,False,True,False,False,True
0082,01964,,False,False,True,False,False,True
0082,01218,,False,False,True,False,False,True
0082,00765,,False,False,True,False,False,True
0082,00301,,False,False,True,False,False,True
0082,00339,,False,False,False,True,False,True
0082,00306,,False,False,True,False,False,True
0082,00908,,False,False,True,False,False,True
0082,01216,,False,False,False,True,False,True
0082,00906,,False,False,True,False,False,True
0082,00337,,False,False,True,False,False,True
0082,01083,,False,False,True,False,False,True
0082,00707,,False,False,True,False,False,True
0082,02639,,False,False,True,False,False,True
0082,01889,,False,False,True,False,False,True
0082,02092,,False,False,True,False,False,True
0082,01617,,False,False,True,False,False,True
0082,02865,,False,False,True,False,False,True
0082,01446,,False,False,True,False,False,True
0082,00336,,False,False,True,False,False,True
0082,01680,,False,False,True,False,False,True
0082,00338,,False,False,True,False,False,True
0082,00551,,False,False,True,False,False,True
0082,02093,,False,False,True,False,False,True
0082,01616,,False,False,True,False,False,True
0082,01085,,False,False,True,False,False,True
0082,02290,,False,False,True,False,False,True
0082,01872,,False,False,True,False,False,True
0082,02899,,False,False,True,False,False,True
0082,00706,,False,False,True,False,False,True
0060,02701,,False,False,True,False,False,True
0060,01170,,False,False,False,True,False,True
0060,01389,,False,False,True,False,False,True
0060,01987,,False,False,True,False,False,True
0060,00855,,False,False,True,False,False,True
0060,01719,,False,False,True,False,False,True
0060,01973,,False,False,True,False,False,True
0060,01513,,False,False,False,True,False,True
0060,01721,,False,False,True,False,False,True
0060,01974,,False,False,True,False,False,True
0060,01141,,False,False,True,False,False,True
0060,00631,,False,False,True,False,False,True
0060,01989,,False,False,True,False,False,True
0060,00890,,False,False,False,True,False,True
0060,01380,,False,False,True,False,False,True
0060,00299,,False,False,True,False,False,True
0060,01320,,False,False,False,True,False,True
0060,01318,,False,False,False,True,False,True
0060,01585,,False,False,False,True,False,True
0060,02300,,False,False,True,False,False,True
0060,01775,,False,False,True,False,False,True
0060,02594,,False,False,True,False,False,True
0060,00492,,False,False,True,False,False,True
0060,01381,,False,False,False,True,False,True
0060,00066,,False,False,False,True,False,True
0060,02999,,False,False,True,False,False,True
0060,01512,,False,False,True,False,False,True
0060,00853,,False,False,True,False,False,True
0060,01171,,False,False,False,True,False,True
0060,02700,,False,False,True,False,False,True
0060,00854,,False,False,True,False,False,True
0060,01388,,False,False,False,True,False,True
0060,01926,,False,False,True,False,False,True
0060,01773,,False,False,True,False,False,True
0060,02595,,False,False,False,True,False,True
0060,02301,,False,False,True,False,False,True
0060,01742,,False,False,False,True,False,True
0060,00690,,False,False,True,False,False,True
0060,01321,,False,False,True,False,False,True
0060,02610,,False,False,True,False,False,True
0060,02422,,False,False,True,False,False,True
0060,01061,,False,False,True,False,False,True
0060,01637,,False,False,True,False,False,True
0060,00178,,False,False,False,True,False,True
0060,02083,,False,False,True,False,False,True
0060,01898,,False,False,False,True,False,True
0060,02880,,False,False,True,False,False,True
0060,00515,,False,False,True,False,False,True
0060,02084,,False,False,True,False,False,True
0060,02820,,False,False,True,False,False,True
0060,00917,,False,False,True,False,False,True
0060,00584,,False,False,True,False,False,True
0060,02643,,False,False,True,False,False,True
0060,00742,,False,False,True,False,False,True
0060,02644,,False,False,True,False,False,True
0060,00583,,False,False,True,False,False,True
0060,01663,,False,False,True,False,False,True
0060,00514,,False,False,False,True,False,True
0060,00513,,False,False,True,False,False,True
0060,01899,,False,False,False,True,False,True
0060,02881,,False,False,True,False,False,True
0060,02424,,False,False,False,True,False,True
0060,00380,,False,False,True,False,False,True
0060,01636,,False,False,True,False,False,True
0060,02611,,False,False,True,False,False,True
0060,00179,,False,False,False,True,False,True
0060,00582,,False,False,True,False,False,True
0060,02221,,False,False,True,False,False,True
0060,00916,,False,False,True,False,False,True
0060,00743,,False,False,True,False,False,True
0060,02821,,False,False,True,False,False,True
0060,01492,,False,False,True,False,False,True
0060,02007,,False,False,True,False,False,True
0060,00101,,False,False,False,True,False,True
0060,01685,,False,False,False,True,False,True
0060,01475,,False,False,True,False,False,True
0060,02835,,False,False,True,False,False,True
0060,01678,,False,False,False,True,False,True
0060,01472,,False,False,False,True,False,True
0060,00130,,False,False,True,False,False,True
0060,00164,,False,False,True,False,False,True
0060,02406,,False,False,True,False,False,True
0060,00163,,False,False,True,False,False,True
0060,01870,,False,False,False,True,False,True
0060,00131,,False,False,True,False,False,True
0060,01473,,False,False,False,True,False,True
0060,00100,,False,False,False,True,False,True
0060,01684,,False,False,False,True,False,True
0060,02006,,False,False,True,False,False,True
0060,01683,,False,False,True,False,False,True
0060,01871,,False,False,False,True,False,True
0060,00366,,False,False,True,False,False,True
0060,01767,,False,False,True,False,False,True
0060,00225,,False,False,True,False,False,True
0060,00646,,False,False,True,False,False,True
0060,00442,,False,False,False,True,False,True
0060,03001,,False,False,True,False,False,True
0060,00489,,False,False,True,False,False,True
0060,01769,,False,False,True,False,False,True
0060,03006,,False,False,False,True,False,True
0060,00822,,False,False,True,False,False,True
0060,01508,,False,False,False,True,False,True
0060,00278,,False,False,False,True,False,True
0060,01705,,False,False,False,True,False,True
0060,02510,,False,False,True,False,False,True
0060,01395,,False,False,False,True,False,True
0060,01359,,False,False,True,False,False,True
0060,01366,,False,False,True,False,False,True
0060,01968,,False,False,True,False,False,True
0060,01530,,False,False,True,False,False,True
0060,01368,,False,False,True,False,False,True
0060,01966,,False,False,True,False,False,True
0060,01357,,False,False,True,False,False,True
0060,02142,,False,False,True,False,False,True
0060,00271,,False,False,True,False,False,True
0060,00444,,False,False,False,True,False,True
0060,03007,,False,False,False,True,False,True
0060,00488,,False,False,True,False,False,True
0060,02322,,False,False,True,False,False,True
0060,00647,,False,False,True,False,False,True
0060,00224,,False,False,True,False,False,True
0060,00486,,False,False,True,False,False,True
0060,01554,,False,False,True,False,False,True
0060,00270,,False,False,True,False,False,True
0060,02349,,False,False,True,False,False,True
0060,01351,,False,False,True,False,False,True
0060,01531,,False,False,True,False,False,True
0060,00279,,False,False,True,False,False,True
0060,01509,,False,False,False,True,False,True
0060,02347,,False,False,True,False,False,True
0060,02949,,False,False,True,False,False,True
0060,01536,,False,False,True,False,False,True
0060,01704,,False,False,False,True,False,True
0060,01740,,False,False,False,True,False,True
0060,01586,,False,False,False,True,False,True
0060,01924,,False,False,True,False,False,True
0060,00465,,False,False,False,True,False,True
0060,00491,,False,False,False,True,False,True
0060,02597,,False,False,True,False,False,True
0060,02508,,False,False,True,False,False,True
0060,00267,,False,False,True,False,False,True
0060,01173,,False,False,False,True,False,True
0060,01713,,False,False,False,True,False,True
0060,00632,,False,False,True,False,False,True
0060,00064,,False,False,True,False,False,True
0060,00463,,False,False,False,True,False,True
0060,01715,,False,False,False,True,False,True
0060,00268,,False,False,True,False,False,True
0060,02951,,False,False,True,False,False,True
0060,02823,,False,False,False,True,False,True
0060,01463,,False,False,True,False,False,True
0060,02824,,False,False,True,False,False,True
0060,01490,,False,False,True,False,False,True
0060,01464,,False,False,True,False,False,True
0060,02223,,False,False,True,False,False,True
0060,00580,,False,False,True,False,False,True
0060,00587,,False,False,True,False,False,True
0060,00325,,False,False,False,True,False,True
0060,02426,,False,False,True,False,False,True
0060,00188,,False,False,True,False,False,True
0060,02879,,False,False,False,True,False,True
0060,01062,,False,False,False,True,False,True
0060,00349,,False,False,True,False,False,True
0060,02417,,False,False,True,False,False,True
0060,01605,,False,False,False,True,False,True
0060,00347,,False,False,True,False,False,True
0060,00378,,False,False,True,False,False,True
0060,00976,,False,False,True,False,False,True
0060,02877,,False,False,False,True,False,True
0060,00324,,False,False,False,True,False,True
0060,00586,,False,False,False,True,False,True
0060,00581,,False,False,True,False,False,True
0060,02442,,False,False,False,True,False,True
0060,01604,,False,False,False,True,False,True
0060,00977,,False,False,True,False,False,True
0060,00983,,False,False,True,False,False,True
0060,00187,,False,False,True,False,False,True
0060,02416,,False,False,False,True,False,True
0060,00984,,False,False,True,False,False,True
0060,02427,,False,False,True,False,False,True
0060,02405,,False,False,True,False,False,True
0060,01274,,False,False,True,False,False,True
0060,00952,,False,False,True,False,False,True
0060,02853,,False,False,True,False,False,True
0060,00397,,False,False,False,True,False,True
0060,01413,,False,False,True,False,False,True
0060,02898,,False,False,False,True,False,True
0060,02854,,False,False,True,False,False,True
0060,01084,,False,False,False,True,False,True
0060,01414,,False,False,True,False,False,True
0060,00102,,False,False,False,True,False,True
0060,01686,,False,False,False,True,False,True
0060,02458,,False,False,True,False,False,True
0060,00105,,False,False,True,False,False,True
0060,00133,,False,False,True,False,False,True
0060,00301,,False,False,True,False,False,True
0060,01688,,False,False,False,True,False,True
0060,00134,,False,False,True,False,False,True
0060,01220,,False,False,False,True,False,True
0060,01476,,False,False,True,False,False,True
0060,00937,,False,False,True,False,False,True
0060,02836,,False,False,True,False,False,True
0060,00954,,False,False,True,False,False,True
0060,00365,,False,False,True,False,False,True
0060,01085,,False,False,False,True,False,True
0060,00396,,False,False,False,True,True,False
0060,02899,,False,False,False,True,False,True
0060,00166,,False,False,True,False,False,True
0060,02299,,False,False,True,False,False,True
0060,01275,,False,False,True,False,False,True
0060,01221,,False,False,False,True,False,True
0060,00135,,False,False,True,False,False,True
0060,02457,,False,False,True,False,False,True
0060,00938,,False,False,True,False,False,True
0060,00104,,False,False,True,False,False,True
0060,01687,,False,False,False,True,False,True
0060,02973,,False,False,False,True,False,True
0060,01168,,False,False,True,False,False,True
0060,02974,,False,False,False,True,False,True
0060,01706,,False,False,True,False,False,True
0060,01396,,False,False,False,True,False,True
0060,01965,,False,False,True,False,False,True
0060,01192,,False,False,True,False,False,True
0060,01353,,False,False,True,False,False,True
0060,02320,,False,False,True,False,False,True
0060,00484,,False,False,True,False,False,True
0060,00689,,False,False,True,False,False,True
0060,02916,,False,False,False,True,False,True
0060,00821,,False,False,True,False,False,True
0060,01593,,False,False,False,True,False,True
0060,02918,,False,False,False,True,False,True
0060,00228,,False,False,True,False,False,True
0060,01963,,False,False,True,False,False,True
0060,01352,,False,False,True,False,False,True
0060,01194,,False,False,False,True,False,True
0060,02140,,False,False,True,False,False,True
0060,01193,,False,False,False,True,False,True
0060,01535,,False,False,True,False,False,True
0060,01592,,False,False,False,True,False,True
0060,00820,,False,False,True,False,False,True
0060,00227,,False,False,True,False,False,True
0060,00220,,False,False,False,True,False,True
0060,00476,,False,False,True,False,False,True
0060,02321,,False,False,True,False,False,True
0061,00563,,False,False,True,False,False,True
0061,02462,,False,False,True,False,False,True
0061,03544,,False,False,True,False,False,True
0061,01445,,False,False,True,False,False,True
0061,01670,,False,False,True,False,False,True
0061,01026,,False,False,True,False,False,True
0061,02695,,False,False,True,False,False,True
0061,01010,,False,False,True,False,False,True
0061,01222,,False,False,True,False,False,True
0061,01474,,False,False,True,False,False,True
0061,01480,,False,False,True,False,False,True
0061,02661,,False,False,True,False,False,True
0061,00599,,False,False,True,False,False,True
0061,01813,,False,False,True,False,False,True
0061,00555,,False,False,True,False,False,True
0061,03324,,False,False,True,False,False,True
0061,01225,,False,False,True,False,False,True
0061,01088,,False,False,True,False,False,True
0061,02893,,False,False,True,False,False,True
0061,00959,,False,False,True,False,False,True
0061,02400,,False,False,True,False,False,True
0061,01427,,False,False,True,False,False,True
0061,00191,,False,False,True,False,False,True
0061,01276,,False,False,True,False,False,True
0061,01878,,False,False,True,False,False,True
0061,00506,,False,False,True,False,False,True
0061,01871,,False,False,True,False,False,True
0061,01240,,False,False,True,False,False,True
0061,02431,,False,False,True,False,False,True
0061,01086,,False,False,True,False,False,True
0061,00154,,False,False,False,True,False,True
0061,02267,,False,False,True,False,False,True
0061,02055,,False,False,True,False,False,True
0061,02099,,False,False,True,False,False,True
0061,01278,,False,False,True,False,False,True
0061,02052,,False,False,True,False,False,True
0061,03325,,False,False,True,False,False,True
0061,01224,,False,False,True,False,False,True
0061,01481,,False,False,True,False,False,True
0061,02605,,False,False,True,False,False,True
0061,01087,,False,False,True,False,False,True
0061,00960,,False,False,True,False,False,True
0061,01421,,False,False,True,False,False,True
0061,01089,,False,False,True,False,False,True
0061,01426,,False,False,True,False,False,True
0061,02065,,False,False,True,False,False,True
0061,00481,,False,False,True,False,False,True
0061,00011,,False,False,True,False,False,True
0061,02746,,False,False,True,False,False,True
0061,03694,,False,False,True,False,False,True
0061,02574,,False,False,True,False,False,True
0061,02110,,False,False,True,False,False,True
0061,01934,,False,False,True,False,False,True
0061,02779,,False,False,True,False,False,True
0061,01101,,False,False,True,False,False,True
0061,00027,,False,False,True,False,False,True
0061,00488,,False,False,True,False,False,True
0061,02589,,False,False,True,False,False,True
0061,03497,,False,False,True,False,False,True
0061,00676,,False,False,True,False,False,True
0061,02922,,False,False,True,False,False,True
0061,01199,,False,False,True,False,False,True
0061,03295,,False,False,True,False,False,True
0061,01536,,False,False,True,False,False,True
0061,03261,,False,False,True,False,False,True
0061,01152,,False,False,True,False,False,True
0061,01360,,False,False,True,False,False,True
0061,02971,,False,False,True,False,False,True
0061,03430,,False,False,True,False,False,True
0061,03602,,False,False,True,False,False,True
0061,03266,,False,False,True,False,False,True
0061,02172,,False,False,True,False,False,True
0061,01538,,False,False,True,False,False,True
0061,02144,,False,False,True,False,False,True
0061,00841,,False,False,True,False,False,True
0061,02143,,False,False,True,False,False,True
0061,01356,,False,False,True,False,False,True
0061,03401,,False,False,True,False,False,True
0061,01751,,False,False,True,False,False,True
0061,00213,,False,False,True,False,False,True
0061,00677,,False,False,True,False,False,True
0061,00026,,False,False,True,False,False,True
0061,03465,,False,False,True,False,False,True
0061,01100,,False,False,True,False,False,True
0061,02145,,False,False,True,False,False,True
0061,03635,,False,False,True,False,False,True
0061,02725,,False,False,True,False,False,True
0061,01537,,False,False,True,False,False,True
0061,00849,,False,False,True,False,False,True
0061,03294,,False,False,True,False,False,True
0061,02174,,False,False,True,False,False,True
0061,01727,,False,False,True,False,False,True
0061,03289,,False,False,True,False,False,True
0061,02169,,False,False,True,False,False,True
0061,02535,,False,False,True,False,False,True
0061,02397,,False,False,False,True,True,False
0061,01344,,False,False,True,False,False,True
0061,01981,,False,False,True,False,False,True
0061,01149,,False,False,True,False,False,True
0061,03048,,False,False,True,False,False,True
0061,02355,,False,False,True,False,False,True
0061,02167,,False,False,True,False,False,True
0061,02193,,False,False,True,False,False,True
0061,01943,,False,False,True,False,False,True
0061,00061,,False,False,True,False,False,True
0061,02352,,False,False,True,False,False,True
0061,02399,,False,False,True,False,False,True
0061,00608,,False,False,True,False,False,True
0061,00836,,False,False,True,False,False,True
0061,03476,,False,False,True,False,False,True
0061,00035,,False,False,True,False,False,True
0061,01583,,False,False,True,False,False,True
0061,01917,,False,False,True,False,False,True
0061,01584,,False,False,True,False,False,True
0061,02301,,False,False,True,False,False,True
0061,00200,,False,False,True,False,False,True
0061,01326,,False,False,True,False,False,True
0061,03227,,False,False,True,False,False,True
0061,02561,,False,False,True,False,False,True
0061,03211,,False,False,True,False,False,True
0061,03229,,False,False,True,False,False,True
0061,01125,,False,False,True,False,False,True
0061,01541,,False,False,True,False,False,True
0061,00467,,False,False,True,False,False,True
0061,02566,,False,False,True,False,False,True
0061,01945,,False,False,True,False,False,True
0061,02398,,False,False,True,False,False,True
0061,02166,,False,False,True,False,False,True
0061,03076,,False,False,True,False,False,True
0061,01721,,False,False,True,False,False,True
0061,01345,,False,False,True,False,False,True
0061,02706,,False,False,True,False,False,True
0061,03071,,False,False,True,False,False,True
0061,01726,,False,False,True,False,False,True
0061,00855,,False,False,True,False,False,True
0061,03228,,False,False,True,False,False,True
0061,01316,,False,False,True,False,False,True
0061,03210,,False,False,True,False,False,True
0061,01547,,False,False,True,False,False,True
0061,00495,,False,False,True,False,False,True
0061,01311,,False,False,True,False,False,True
0061,03446,,False,False,True,False,False,True
0061,01115,,False,False,True,False,False,True
0061,03642,,False,False,True,False,False,True
0061,03226,,False,False,True,False,False,True
0061,01585,,False,False,True,False,False,True
0061,00239,,False,False,True,False,False,True
0061,01252,,False,False,True,False,False,True
0061,02281,,False,False,True,False,False,True
0061,02078,,False,False,True,False,False,True
0061,02272,,False,False,True,False,False,True
0061,01631,,False,False,True,False,False,True
0061,01890,,False,False,True,False,False,True
0061,00721,,False,False,True,False,False,True
0061,01435,,False,False,True,False,False,True
0061,02082,,False,False,True,False,False,True
0061,02875,,False,False,True,False,False,True
0061,01852,,False,False,True,False,False,True
0061,02085,,False,False,True,False,False,True
0061,01432,,False,False,True,False,False,True
0061,03701,,False,False,True,False,False,True
0061,02415,,False,False,True,False,False,True
0061,00726,,False,False,True,False,False,True
0061,02872,,False,False,True,False,False,True
0061,00719,,False,False,True,False,False,True
0061,01459,,False,False,True,False,False,True
0061,00927,,False,False,True,False,False,True
0061,01002,,False,False,True,False,False,True
0061,02687,,False,False,True,False,False,True
0061,02441,,False,False,True,False,False,True
0061,03593,,False,False,True,False,False,True
0061,02217,,False,False,True,False,False,True
0061,02479,,False,False,True,False,False,True
0061,01698,,False,False,True,False,False,True
0061,00547,,False,False,True,False,False,True
0061,00123,,False,False,True,False,False,True
0061,02446,,False,False,True,False,False,True
0061,01005,,False,False,True,False,False,True
0061,01237,,False,False,True,False,False,True
0061,02689,,False,False,True,False,False,True
0061,00929,,False,False,True,False,False,True
0061,02470,,False,False,True,False,False,True
0061,00743,,False,False,True,False,False,True
0061,02014,,False,False,True,False,False,True
0061,01201,,False,False,True,False,False,True
0061,02448,,False,False,True,False,False,True
0061,02810,,False,False,True,False,False,True
0061,01450,,False,False,True,False,False,True
0061,01696,,False,False,True,False,False,True
0061,02477,,False,False,True,False,False,True
0061,02084,,False,False,True,False,False,True
0061,00718,,False,False,True,False,False,True
0061,00720,,False,False,True,False,False,True
0061,02041,,False,False,True,False,False,True
0061,03709,,False,False,True,False,False,True
0061,00745,,False,False,True,False,False,True
0061,01035,,False,False,True,False,False,True
0061,01663,,False,False,True,False,False,True
0061,02688,,False,False,True,False,False,True
0061,01664,,False,False,True,False,False,True
0061,01200,,False,False,True,False,False,True
0061,02471,,False,False,True,False,False,True
0061,01494,,False,False,True,False,False,True
0061,00310,,False,False,True,False,False,True
0061,02229,,False,False,True,False,False,True
0061,02827,,False,False,True,False,False,True
0061,01493,,False,False,True,False,False,True
0061,01467,,False,False,True,False,False,True
0061,02686,,False,False,True,False,False,True
0061,00708,,False,False,True,False,False,True
0061,00195,,False,False,True,False,False,True
0061,00353,,False,False,True,False,False,True
0061,00159,,False,False,False,True,True,False
0061,01888,,False,False,True,False,False,True
0061,02638,,False,False,True,False,False,True
0061,00739,,False,False,True,False,False,True
0061,03183,,False,False,True,False,False,True
0061,02051,,False,False,True,False,False,True
0061,03513,,False,False,True,False,False,True
0061,01412,,False,False,True,False,False,True
0061,01872,,False,False,True,False,False,True
0061,00168,,False,False,True,False,False,True
0061,03342,,False,False,True,False,False,True
0061,03514,,False,False,True,False,False,True
0061,01826,,False,False,True,False,False,True
0061,00560,,False,False,True,False,False,True
0061,00132,,False,False,True,False,False,True
0061,02033,,False,False,True,False,False,True
0061,01484,,False,False,True,False,False,True
0061,02468,,False,False,True,False,False,True
0061,01221,,False,False,True,False,False,True
0061,02034,,False,False,True,False,False,True
0061,00338,,False,False,True,False,False,True
0061,00169,,False,False,True,False,False,True
0061,01084,,False,False,True,False,False,True
0061,02663,,False,False,True,False,False,True
0061,01811,,False,False,True,False,False,True
0061,03326,,False,False,True,False,False,True
0061,01471,,False,False,True,False,False,True
0061,02469,,False,False,True,False,False,True
0061,00561,,False,False,True,False,False,True
0061,00619,,False,False,True,False,False,True
0061,01364,,False,False,True,False,False,True
0061,01535,,False,False,True,False,False,True
0061,00842,,False,False,True,False,False,True
0061,01964,,False,False,True,False,False,True
0061,00617,,False,False,True,False,False,True
0061,03092,,False,False,True,False,False,True
0061,02988,,False,False,True,False,False,True
0061,01963,,False,False,True,False,False,True
0061,02147,,False,False,True,False,False,True
0061,03207,,False,False,True,False,False,True
0061,01762,,False,False,True,False,False,True
0061,01908,,False,False,True,False,False,True
0061,03697,,False,False,True,False,False,True
0061,02321,,False,False,True,False,False,True
0061,00644,,False,False,True,False,False,True
0061,01937,,False,False,True,False,False,True
0061,02548,,False,False,True,False,False,True
0061,00643,,False,False,True,False,False,True
0061,03032,,False,False,True,False,False,True
0061,01765,,False,False,True,False,False,True
0061,01939,,False,False,True,False,False,True
0061,02317,,False,False,True,False,False,True
0061,03094,,False,False,True,False,False,True
0061,01965,,False,False,True,False,False,True
0061,01192,,False,False,True,False,False,True
0061,03264,,False,False,True,False,False,True
0061,03237,,False,False,True,False,False,True
0061,02547,,False,False,True,False,False,True
0061,01907,,False,False,True,False,False,True
0061,02929,,False,False,True,False,False,True
0061,01909,,False,False,True,False,False,True
0061,00658,,False,False,True,False,False,True
0061,01128,,False,False,True,False,False,True
0061,02554,,False,False,True,False,False,True
0061,03640,,False,False,True,False,False,True
0061,03224,,False,False,True,False,False,True
0061,02934,,False,False,True,False,False,True
0061,03223,,False,False,True,False,False,True
0061,00660,,False,False,True,False,False,True
0061,01119,,False,False,True,False,False,True
0061,02101,,False,False,True,False,False,True
0061,01922,,False,False,True,False,False,True
0061,02562,,False,False,True,False,False,True
0061,00497,,False,False,True,False,False,True
0061,02152,,False,False,True,False,False,True
0061,02360,,False,False,True,False,False,True
0061,02509,,False,False,True,False,False,True
0061,01982,,False,False,True,False,False,True
0061,03087,,False,False,True,False,False,True
0061,00868,,False,False,True,False,False,True
0061,03283,,False,False,True,False,False,True
0061,01947,,False,False,True,False,False,True
0061,00439,,False,False,True,False,False,True
0061,02164,,False,False,True,False,False,True
0061,01527,,False,False,True,False,False,True
0061,01188,,False,False,True,False,False,True
0061,01518,,False,False,True,False,False,True
0061,01940,,False,False,True,False,False,True
0061,00496,,False,False,True,False,False,True
0061,02107,,False,False,True,False,False,True
0061,00802,,False,False,True,False,False,True
0061,01924,,False,False,True,False,False,True
0061,01111,,False,False,True,False,False,True
0061,03646,,False,False,True,False,False,True
0061,03225,,False,False,True,False,False,True
0061,02191,,False,False,True,False,False,True
0061,02368,,False,False,True,False,False,True
0061,01346,,False,False,True,False,False,True
0061,00260,,False,False,True,False,False,True
0061,02950,,False,False,True,False,False,True
0061,01234,,False,False,True,False,False,True
0061,01465,,False,False,True,False,False,True
0061,01233,,False,False,True,False,False,True
0061,00323,,False,False,True,False,False,True
0061,01090,,False,False,True,False,False,True
0061,02043,,False,False,True,False,False,True
0061,01632,,False,False,True,False,False,True
0061,03357,,False,False,True,False,False,True
0061,00189,,False,False,True,False,False,True
0061,02088,,False,False,True,False,False,True
0061,01097,,False,False,True,False,False,True
0061,01860,,False,False,True,False,False,True
0061,01431,,False,False,True,False,False,True
0061,00187,,False,False,True,False,False,True
0061,01293,,False,False,True,False,False,True
0061,02624,,False,False,True,False,False,True
0061,03359,,False,False,True,False,False,True
0061,00722,,False,False,True,False,False,True
0061,01099,,False,False,True,False,False,True
0061,02224,,False,False,True,False,False,True
0061,02443,,False,False,True,False,False,True
0061,01490,,False,False,True,False,False,True
0061,01000,,False,False,True,False,False,True
0061,03358,,False,False,True,False,False,True
0037,00650,2.0,False,False,True,False,False,True
0037,01189,2.0,False,False,True,False,False,True
0037,01377,2.0,False,False,True,False,False,True
0037,00110,2.0,False,False,True,False,False,True
0037,01295,2.0,False,False,True,False,False,True
0037,00982,2.0,False,False,True,False,False,True
0037,00142,2.0,False,False,True,False,False,True
0037,01267,2.0,False,False,True,False,False,True
0037,00174,2.0,False,False,False,True,False,True
0037,00535,2.0,False,False,True,False,False,True
0037,01476,2.0,False,False,True,False,False,True
0037,01220,2.0,False,False,True,False,False,True
0037,01449,2.0,False,False,True,False,False,True
0037,00568,2.0,False,False,True,False,False,True
0037,00906,2.0,False,False,True,False,False,True
0037,01229,2.0,False,False,True,False,False,True
0037,01228,2.0,False,False,True,False,False,True
0037,00844,2.0,False,False,False,True,False,True
0037,01309,2.0,False,False,True,False,False,True
0037,01390,2.0,False,False,True,False,False,True
0037,00476,2.0,False,False,True,False,False,True
0037,01561,2.0,False,False,True,False,False,True
0037,00023,2.0,False,False,True,False,False,True
0037,01310,2.0,False,False,True,False,False,True
0037,00548,2.0,False,False,True,False,False,True
0037,01458,2.0,False,False,True,False,False,True
0037,00787,2.0,False,False,True,False,False,True
0037,00788,2.0,False,False,True,False,False,True
0037,00539,2.0,False,False,True,False,False,True
0037,00734,2.0,False,False,True,False,False,True
0037,01335,2.0,False,False,True,False,False,True
0037,00870,2.0,False,False,True,False,False,True
0057,01479,,False,False,True,False,False,True
0057,02461,,False,False,True,False,False,True
0057,02005,,False,False,True,False,False,True
0057,02459,,False,False,True,False,False,True
0057,01025,,False,False,True,False,False,True
0057,01819,,False,False,True,False,False,True
0057,00331,,False,False,True,False,False,True
0057,01477,,False,False,True,False,False,True
0057,01817,,False,False,True,False,False,True
0057,00790,,False,False,True,False,False,True
0057,00730,,False,False,True,False,False,True
0057,02631,,False,False,True,False,False,True
0057,03141,,False,False,True,False,False,True
0057,01275,,False,False,True,False,False,True
0057,02252,,False,False,True,False,False,True
0057,03170,,False,False,True,False,False,True
0057,02290,,False,False,True,False,False,True
0057,02855,,False,False,True,False,False,True
0057,02435,,False,False,True,False,False,True
0057,03177,,False,False,True,False,False,True
0057,01829,,False,False,True,False,False,True
0057,01476,,False,False,True,False,False,True
0057,00330,,False,False,True,False,False,True
0057,01024,,False,False,True,False,False,True
0057,01478,,False,False,True,False,False,True
0057,02460,,False,False,True,False,False,True
0057,03176,,False,False,True,False,False,True
0057,02434,,False,False,True,False,False,True
0057,03171,,False,False,True,False,False,True
0057,02854,,False,False,True,False,False,True
0057,02862,,False,False,True,False,False,True
0057,03140,,False,False,True,False,False,True
0057,02917,,False,False,True,False,False,True
0057,01765,,False,False,True,False,False,True
0057,02548,,False,False,True,False,False,True
0057,02125,,False,False,True,False,False,True
0057,02919,,False,False,True,False,False,True
0057,01308,,False,False,True,False,False,True
0057,01595,,False,False,True,False,False,True
0057,00413,,False,False,True,False,False,True
0057,02176,,False,False,True,False,False,True
0057,00874,,False,False,True,False,False,True
0057,02727,,False,False,True,False,False,True
0057,00414,,False,False,True,False,False,True
0057,01709,,False,False,True,False,False,True
0057,02178,,False,False,True,False,False,True
0057,01990,,False,False,True,False,False,True
0057,01309,,False,False,True,False,False,True
0057,00479,,False,False,True,False,False,True
0057,01594,,False,False,True,False,False,True
0057,02549,,False,False,True,False,False,True
0057,01909,,False,False,True,False,False,True
0057,02582,,False,False,True,False,False,True
0057,02916,,False,False,True,False,False,True
0057,01159,,False,False,True,False,False,True
0057,01991,,False,False,True,False,False,True
0057,01161,,False,False,True,False,False,True
0057,01708,,False,False,True,False,False,True
0057,00071,,False,False,True,False,False,True
0057,02726,,False,False,True,False,False,True
0057,02973,,False,False,True,False,False,True
0057,02389,,False,False,True,False,False,True
0057,01396,,False,False,True,False,False,True
0057,03073,,False,False,True,False,False,True
0057,01340,,False,False,True,False,False,True
0057,00408,,False,False,True,False,False,True
0057,01385,,False,False,True,False,False,True
0057,02164,,False,False,True,False,False,True
0057,01715,,False,False,True,False,False,True
0057,03042,,False,False,True,False,False,True
0057,01527,,False,False,True,False,False,True
0057,01382,,False,False,True,False,False,True
0057,01580,,False,False,True,False,False,True
0057,00499,,False,False,True,False,False,True
0057,02792,,False,False,True,False,False,True
0057,01783,,False,False,True,False,False,True
0057,01121,,False,False,True,False,False,True
0057,00497,,False,False,True,False,False,True
0057,02591,,False,False,True,False,False,True
0057,01784,,False,False,True,False,False,True
0057,01119,,False,False,True,False,False,True
0057,03018,,False,False,True,False,False,True
0057,00407,,False,False,True,False,False,True
0057,01383,,False,False,True,False,False,True
0057,01384,,False,False,True,False,False,True
0057,01341,,False,False,True,False,False,True
0057,02590,,False,False,True,False,False,True
0057,02758,,False,False,True,False,False,True
0057,01581,,False,False,True,False,False,True
0057,00498,,False,False,True,False,False,True
0057,02878,,False,False,True,False,False,True
0057,01604,,False,False,True,False,False,True
0057,00180,,False,False,True,False,False,True
0057,01258,,False,False,True,False,False,True
0057,02240,,False,False,True,False,False,True
0057,02684,,False,False,True,False,False,True
0057,02026,,False,False,True,False,False,True
0057,00543,,False,False,True,False,False,True
0057,01668,,False,False,True,False,False,True
0057,01802,,False,False,True,False,False,True
0057,00924,,False,False,True,False,False,True
0057,00544,,False,False,True,False,False,True
0057,01666,,False,False,True,False,False,True
0057,02028,,False,False,True,False,False,True
0057,01259,,False,False,True,False,False,True
0057,02241,,False,False,True,False,False,True
0057,02879,,False,False,True,False,False,True
0057,02212,,False,False,True,False,False,True
0057,03139,,False,False,True,False,False,True
0057,00542,,False,False,True,False,False,True
0057,02685,,False,False,True,False,False,True
0057,02097,,False,False,True,False,False,True
0057,01612,,False,False,True,False,False,True
0057,01847,,False,False,True,False,False,True
0057,02860,,False,False,True,False,False,True
0057,02632,,False,False,True,False,False,True
0057,03142,,False,False,True,False,False,True
0057,01840,,False,False,True,False,False,True
0057,01849,,False,False,True,False,False,True
0057,01278,,False,False,True,False,False,True
0057,01086,,False,False,True,False,False,True
0057,03127,,False,False,True,False,False,True
0057,02462,,False,False,True,False,False,True
0057,02454,,False,False,True,False,False,True
0057,01473,,False,False,True,False,False,True
0057,01641,,False,False,True,False,False,True
0057,01474,,False,False,True,False,False,True
0057,02453,,False,False,True,False,False,True
0057,01480,,False,False,True,False,False,True
0057,01087,,False,False,True,False,False,True
0057,01279,,False,False,True,False,False,True
0057,03143,,False,False,True,False,False,True
0057,01614,,False,False,True,False,False,True
0057,02096,,False,False,True,False,False,True
0057,01277,,False,False,True,False,False,True
0057,02452,,False,False,True,False,False,True
0057,02007,,False,False,True,False,False,True
0057,02340,,False,False,True,False,False,True
0057,01358,,False,False,True,False,False,True
0057,02971,,False,False,True,False,False,True
0057,01394,,False,False,True,False,False,True
0057,01152,,False,False,True,False,False,True
0057,01360,,False,False,True,False,False,True
0057,01163,,False,False,True,False,False,True
0057,01598,,False,False,True,False,False,True
0057,00678,,False,False,True,False,False,True
0057,02580,,False,False,True,False,False,True
0057,00481,,False,False,True,False,False,True
0057,03038,,False,False,True,False,False,True
0057,02121,,False,False,True,False,False,True
0057,01162,,False,False,True,False,False,True
0057,00876,,False,False,True,False,False,True
0057,01359,,False,False,True,False,False,True
0057,00670,,False,False,True,False,False,True
0057,02127,,False,False,True,False,False,True
0057,03039,,False,False,True,False,False,True
0057,00677,,False,False,True,False,False,True
0057,02120,,False,False,True,False,False,True
0057,01597,,False,False,True,False,False,True
0057,01767,,False,False,True,False,False,True
0057,00679,,False,False,True,False,False,True
0057,02581,,False,False,True,False,False,True
0057,00480,,False,False,True,False,False,True
0057,03037,,False,False,True,False,False,True
0057,03015,,False,False,True,False,False,True
0057,02791,,False,False,True,False,False,True
0057,00697,,False,False,True,False,False,True
0057,02339,,False,False,True,False,False,True
0057,02363,,False,False,True,False,False,True
0057,00050,,False,False,True,False,False,True
0057,02390,,False,False,True,False,False,True
0057,00862,,False,False,True,False,False,True
0057,01386,,False,False,True,False,False,True
0057,01716,,False,False,True,False,False,True
0057,03041,,False,False,True,False,False,True
0057,02104,,False,False,True,False,False,True
0057,00696,,False,False,True,False,False,True
0057,02166,,False,False,True,False,False,True
0057,00069,,False,False,True,False,False,True
0057,02210,,False,False,True,False,False,True
0057,01839,,False,False,True,False,False,True
0057,01801,,False,False,True,False,False,True
0057,00788,,False,False,True,False,False,True
0057,01830,,False,False,True,False,False,True
0057,00728,,False,False,True,False,False,True
0057,03159,,False,False,True,False,False,True
0057,00179,,False,False,True,False,False,True
0057,02288,,False,False,True,False,False,True
0057,00514,,False,False,True,False,False,True
0057,00177,,False,False,True,False,False,True
0057,00513,,False,False,True,False,False,True
0057,01435,,False,False,True,False,False,True
0057,01607,,False,False,True,False,False,True
0057,01639,,False,False,True,False,False,True
0057,01606,,False,False,True,False,False,True
0057,01434,,False,False,True,False,False,True
0057,00182,,False,False,True,False,False,True
0057,02077,,False,False,True,False,False,True
0057,02242,,False,False,True,False,False,True
0057,00729,,False,False,True,False,False,True
0041,02116,3.0,False,False,True,False,False,True
0041,02324,3.0,False,False,True,False,False,True
0041,01303,3.0,False,False,True,False,False,True
0041,00814,3.0,False,False,True,False,False,True
0041,02129,4.0,False,False,True,False,False,True
0041,01932,4.0,False,False,True,False,False,True
0041,01552,3.0,False,False,True,False,False,True
0041,01136,4.0,False,False,True,False,False,True
0041,02323,3.0,False,False,True,False,False,True
0041,01935,4.0,False,False,True,False,False,True
0041,00813,3.0,False,False,True,False,False,True
0041,02127,3.0,False,False,True,False,False,True
0041,02120,3.0,False,False,True,False,False,True
0041,01597,3.0,False,False,True,False,False,True
0041,01751,3.0,False,False,True,False,False,True
0041,02379,4.0,False,False,True,False,False,True
0041,00882,4.0,False,False,True,False,False,True
0041,00411,3.0,False,False,True,False,False,True
0041,01361,3.0,False,False,True,False,False,True
0041,01153,4.0,False,False,True,False,False,True
0041,01359,3.0,False,False,True,False,False,True
0041,00885,4.0,False,False,True,False,False,True
0041,00429,4.0,False,False,True,False,False,True
0041,00086,4.0,False,False,True,False,False,True
0041,01154,3.0,False,False,True,False,False,True
0041,01366,3.0,False,False,True,False,False,True
0041,00847,3.0,False,False,True,False,False,True
0041,02383,4.0,False,False,True,False,False,True
0041,00878,3.0,False,False,True,False,False,True
0041,00612,4.0,False,False,True,False,False,True
0041,02377,4.0,False,False,True,False,False,True
0041,00418,4.0,False,False,True,False,False,True
0041,00088,4.0,False,False,True,False,False,True
0041,00427,4.0,False,False,True,False,False,True
0041,02142,3.0,False,False,True,False,False,True
0041,01357,4.0,False,False,True,False,False,True
0041,01959,3.0,False,False,True,False,False,True
0041,01165,3.0,False,False,True,False,False,True
0041,01750,3.0,False,False,True,False,False,True
0041,00488,3.0,False,False,True,False,False,True
0041,02322,3.0,False,False,True,False,False,True
0041,01137,3.0,False,False,True,False,False,True
0041,01305,3.0,False,False,True,False,False,True
0041,01934,4.0,False,False,True,False,False,True
0041,01792,3.0,False,False,True,False,False,True
0041,01933,3.0,False,False,True,False,False,True
0041,02128,3.0,False,False,True,False,False,True
0041,00089,3.0,False,False,True,False,False,True
0041,01356,3.0,False,False,True,False,False,True
0041,00426,3.0,False,False,True,False,False,True
0041,00846,3.0,False,False,True,False,False,True
0041,00879,3.0,False,False,True,False,False,True
0041,02376,4.0,False,False,True,False,False,True
0041,02382,3.0,False,False,True,False,False,True
0041,00428,4.0,False,False,True,False,False,True
0041,00884,3.0,False,False,True,False,False,True
0041,01358,4.0,False,False,True,False,False,True
0041,01367,3.0,False,False,True,False,False,True
0041,00087,3.0,False,False,True,False,False,True
0041,01155,3.0,False,False,True,False,False,True
0041,00883,3.0,False,False,True,False,False,True
0041,02378,3.0,False,False,True,False,False,True
0041,01360,4.0,False,False,True,False,False,True
0041,00562,3.0,False,False,True,False,False,True
0041,01020,4.0,False,False,True,False,False,True
0041,01676,4.0,False,False,True,False,False,True
0041,01444,3.0,False,False,True,False,False,True
0041,01649,3.0,False,False,True,False,False,True
0041,01823,3.0,False,False,True,False,False,True
0041,01443,4.0,False,False,True,False,False,True
0041,01824,4.0,False,False,True,False,False,True
0041,01018,3.0,False,False,True,False,False,True
0041,00902,3.0,False,False,True,False,False,True
0041,01475,4.0,False,False,True,False,False,True
0041,01481,3.0,False,False,False,True,False,True
0041,02009,4.0,False,False,False,True,False,True
0041,00302,3.0,False,False,True,False,False,True
0041,02031,3.0,False,False,True,False,False,True
0041,01486,3.0,False,False,True,False,False,True
0041,00792,4.0,False,False,True,False,False,True
0041,01640,3.0,False,False,True,False,False,True
0041,01472,3.0,False,False,True,False,False,True
0041,00759,3.0,False,False,True,False,False,True
0041,00993,4.0,False,False,True,False,False,True
0041,00958,3.0,False,False,True,False,False,True
0041,01614,4.0,False,False,True,False,False,True
0041,01270,3.0,False,False,True,False,False,True
0041,01248,4.0,False,False,True,False,False,True
0041,00960,3.0,False,False,True,False,False,True
0041,01045,3.0,False,False,True,False,False,True
0041,02062,3.0,False,False,True,False,False,True
0041,01283,4.0,False,False,True,False,False,True
0041,00956,4.0,False,False,True,False,False,True
0041,01241,3.0,False,False,False,True,False,True
0041,01087,4.0,False,False,True,False,False,True
0041,00703,4.0,False,False,True,False,False,True
0041,02054,3.0,False,False,True,False,False,True
0041,02266,4.0,False,False,True,False,False,True
0041,00531,3.0,False,False,True,False,False,True
0041,02098,3.0,False,False,True,False,False,True
0041,01080,4.0,False,False,True,False,False,True
0041,00394,3.0,False,False,True,False,False,True
0041,01246,4.0,False,False,True,False,False,True
0041,01074,3.0,False,False,True,False,False,True
0041,00793,4.0,False,False,True,False,False,True
0041,01641,3.0,False,False,True,False,False,True
0041,02030,3.0,False,False,True,False,False,True
0041,02205,4.0,False,False,True,False,False,True
0041,01019,4.0,False,False,True,False,False,True
0041,01445,3.0,False,False,True,False,False,True
0041,02006,3.0,False,False,True,False,False,True
0041,01822,4.0,False,False,True,False,False,True
0041,02099,3.0,False,False,True,False,False,True
0041,01278,4.0,False,False,True,False,False,True
0041,01081,4.0,False,False,True,False,False,True
0041,00957,4.0,False,False,True,False,False,True
0041,02055,4.0,False,False,True,False,False,True
0041,02293,4.0,False,False,False,True,False,True
0041,01282,3.0,False,False,True,False,False,True
0041,01044,4.0,False,False,True,False,False,True
0041,00992,3.0,False,False,True,False,False,True
0041,01043,4.0,False,False,True,False,False,True
0041,00959,3.0,False,False,True,False,False,True
0041,01253,4.0,False,False,True,False,False,True
0041,00711,4.0,False,False,True,False,False,True
0041,01862,3.0,False,False,True,False,False,True
0041,00178,3.0,False,False,True,False,False,True
0041,01630,3.0,False,False,True,False,False,True
0041,00988,4.0,False,False,True,False,False,True
0041,01254,3.0,False,False,True,False,False,True
0041,00182,3.0,False,False,True,False,False,True
0041,01262,4.0,False,False,True,False,False,True
0041,00981,3.0,False,False,True,False,False,True
0041,01601,3.0,False,False,False,True,False,True
0041,01265,3.0,False,False,True,False,False,True
0041,01291,4.0,False,False,True,False,False,True
0041,00986,3.0,False,False,True,False,False,True
0041,01068,3.0,False,False,True,False,False,True
0041,01458,4.0,False,False,True,False,False,True
0041,02229,3.0,False,False,True,False,False,True
0041,00328,3.0,False,False,True,False,False,True
0041,01467,3.0,False,False,True,False,False,True
0041,01003,4.0,False,False,True,False,False,True
0041,00125,3.0,False,False,True,False,False,True
0041,01493,4.0,False,False,True,False,False,True
0041,01209,4.0,False,False,True,False,False,True
0041,01494,4.0,False,False,True,False,False,True
0041,02211,3.0,False,False,True,False,False,True
0041,01838,3.0,False,False,True,False,False,True
0041,01460,4.0,False,False,True,False,False,True
0041,02218,3.0,False,False,True,False,False,True
0041,00319,4.0,False,False,True,False,False,True
0041,01831,3.0,False,False,True,False,False,True
0041,01469,4.0,False,False,True,False,False,True
0041,00326,3.0,False,False,True,False,False,True
0041,02227,3.0,False,False,True,False,False,True
0041,01690,3.0,False,False,True,False,False,True
0041,01456,4.0,False,False,True,False,False,True
0041,01032,4.0,False,False,True,False,False,True
0041,01836,3.0,False,False,True,False,False,True
0041,01809,4.0,False,False,True,False,False,True
0041,01451,3.0,False,False,True,False,False,True
0041,02012,3.0,False,False,False,True,False,True
0041,00389,3.0,False,False,True,False,False,True
0041,01069,4.0,False,False,True,False,False,True
0041,01263,3.0,False,False,True,False,False,True
0041,00980,3.0,False,False,True,False,False,True
0041,02286,3.0,False,False,True,False,False,True
0041,01631,3.0,False,False,True,False,False,True
0041,01255,3.0,False,False,True,False,False,True
0041,01067,3.0,False,False,True,False,False,True
0041,00989,3.0,False,False,True,False,False,True
0041,01252,3.0,False,False,True,False,False,True
0041,01636,4.0,False,False,True,False,False,True
0041,00549,4.0,False,False,True,False,False,True
0041,00576,3.0,False,False,True,False,False,True
0041,01034,3.0,False,False,True,False,False,True
0041,01450,3.0,False,False,True,False,False,True
0041,01468,3.0,False,False,True,False,False,True
0041,01457,4.0,False,False,True,False,False,True
0041,02226,3.0,False,False,True,False,False,True
0041,01461,3.0,False,False,True,False,False,True
0041,02210,4.0,False,False,True,False,False,True
0041,00123,4.0,False,False,True,False,False,True
0041,02228,3.0,False,False,True,False,False,True
0041,01459,3.0,False,False,True,False,False,True
0041,01342,4.0,False,False,True,False,False,True
0041,00290,4.0,False,False,True,False,False,True
0041,01170,4.0,False,False,True,False,False,True
0041,01726,4.0,False,False,True,False,False,True
0041,00432,3.0,False,False,True,False,False,True
0041,00264,4.0,False,False,True,False,False,True
0041,01184,3.0,False,False,True,False,False,True
0041,01183,4.0,False,False,True,False,False,True
0041,00263,4.0,False,False,True,False,False,True
0041,02150,3.0,False,False,True,False,False,True
0041,01177,4.0,False,False,True,False,False,True
0041,00899,4.0,False,False,True,False,False,True
0041,01345,4.0,False,False,True,False,False,True
0041,02354,3.0,False,False,True,False,False,True
0041,01141,3.0,False,False,True,False,False,True
0041,01373,3.0,False,False,True,False,False,True
0041,00864,4.0,False,False,False,True,False,True
0041,01728,3.0,False,False,True,False,False,True
0041,00890,4.0,False,False,True,False,False,True
0041,01942,3.0,False,False,False,True,False,True
0041,02195,3.0,False,False,True,False,False,True
0041,01146,3.0,False,False,False,True,False,True
0041,00252,4.0,False,False,True,False,False,True
0041,00060,3.0,False,False,True,False,False,True
0041,01179,3.0,False,False,True,False,False,True
0041,00897,3.0,False,False,True,False,False,True
0041,01945,3.0,False,False,True,False,False,True
0041,01549,3.0,False,False,True,False,False,True
0041,01320,4.0,False,False,True,False,False,True
0041,01318,4.0,False,False,True,False,False,True
0041,00201,4.0,False,False,True,False,False,True
0041,00691,4.0,False,False,True,False,False,True
0041,00806,4.0,False,False,True,False,False,True
0041,00005,3.0,False,False,True,False,False,True
0041,00653,3.0,False,False,True,False,False,True
0041,02104,3.0,False,False,True,False,False,True
0041,01311,3.0,False,False,True,False,False,True
0041,01927,3.0,False,False,True,False,False,True
0041,01772,4.0,False,False,True,False,False,True
0041,02103,3.0,False,False,True,False,False,True
0041,00061,3.0,False,False,True,False,False,True
0041,00862,4.0,False,False,False,True,False,True
0041,01944,4.0,False,False,True,False,False,True
0041,01729,3.0,False,False,True,False,False,True
0041,01943,3.0,False,False,False,True,False,True
0041,01344,3.0,False,False,True,False,False,True
0041,00898,3.0,False,False,True,False,False,True
0041,01176,3.0,False,False,True,False,False,True
0041,00262,4.0,False,False,True,False,False,True
0041,00050,3.0,False,False,True,False,False,True
0041,02151,4.0,False,False,True,False,False,True
0041,01185,4.0,False,False,True,False,False,True
0041,00265,4.0,False,False,True,False,False,True
0041,01343,4.0,False,False,True,False,False,True
0041,01926,3.0,False,False,True,False,False,True
0041,02102,3.0,False,False,True,False,False,True
0041,01541,4.0,False,False,True,False,False,True
0041,01546,3.0,False,False,True,False,False,True
0041,00004,3.0,False,False,True,False,False,True
0041,00652,3.0,False,False,True,False,False,True
0041,02105,4.0,False,False,True,False,False,True
0041,01321,4.0,False,False,True,False,False,True
0041,00886,3.0,False,False,True,False,False,True
0041,01365,3.0,False,False,True,False,False,True
0041,00881,3.0,False,False,True,False,False,True
0041,01362,3.0,False,False,True,False,False,True
0041,00888,4.0,False,False,True,False,False,True
0041,01166,3.0,False,False,True,False,False,True
0041,01730,4.0,False,False,True,False,False,True
0041,01398,3.0,False,False,True,False,False,True
0041,02380,3.0,False,False,True,False,False,True
0041,01353,3.0,False,False,True,False,False,True
0041,00047,3.0,False,False,True,False,False,True
0041,01307,4.0,False,False,True,False,False,True
0041,02320,4.0,False,False,False,True,False,True
0041,01936,3.0,False,False,True,False,False,True
0041,00642,3.0,False,False,True,False,False,True
0041,01556,3.0,False,False,True,False,False,True
0041,02318,3.0,False,False,False,True,False,True
0041,01752,3.0,False,False,True,False,False,True
0041,01938,3.0,False,False,True,False,False,True
0041,01331,3.0,False,False,True,False,False,True
0041,01755,4.0,False,False,True,False,False,True
0041,01167,4.0,False,False,True,False,False,True
0041,00889,3.0,False,False,True,False,False,True
0041,00425,4.0,False,False,True,False,False,True
0041,00880,4.0,False,False,True,False,False,True
0041,01738,3.0,False,False,True,False,False,True
0041,02149,4.0,False,False,True,False,False,True
0041,01363,4.0,False,False,True,False,False,True
0041,01364,3.0,False,False,True,False,False,True
0041,01330,3.0,False,False,True,False,False,True
0041,01939,4.0,False,False,False,True,False,True
0041,02326,4.0,False,False,True,False,False,True
0041,02319,4.0,False,False,False,True,False,True
0041,02321,4.0,False,False,True,False,False,True
0041,01306,4.0,False,False,True,False,False,True
0041,01937,3.0,False,False,True,False,False,True
0041,01079,4.0,False,False,True,False,False,True
0041,01845,3.0,False,False,True,False,False,True
0041,01274,4.0,False,False,False,True,False,True
0041,01046,3.0,False,False,True,False,False,True
0041,02059,3.0,False,False,False,True,False,True
0041,01628,4.0,False,False,True,False,False,True
0041,00167,3.0,False,False,True,False,False,True
0041,01083,4.0,False,False,True,False,False,True
0041,01077,3.0,False,False,True,False,False,True
0041,01245,3.0,False,False,True,False,False,True
0041,00955,3.0,False,False,True,False,False,True
0041,01084,3.0,False,False,True,False,False,True
0041,02057,4.0,False,False,False,True,False,True
0041,01818,4.0,False,False,True,False,False,True
0041,01216,3.0,False,False,True,False,False,True
0041,00102,3.0,False,False,True,False,False,True
0041,00901,4.0,False,False,True,False,False,True
0041,00337,4.0,False,False,True,False,False,True
0041,01211,3.0,False,False,True,False,False,True
0041,02209,4.0,False,False,True,False,False,True
0041,01820,4.0,False,False,True,False,False,True
0041,02200,4.0,False,False,False,True,False,True
0041,00765,3.0,False,False,True,False,False,True
0041,02032,3.0,False,False,True,False,False,True
0041,00568,3.0,False,False,True,False,False,True
0041,01644,4.0,False,False,True,False,False,True
0041,02207,4.0,False,False,True,False,False,True
0041,01449,4.0,False,False,True,False,False,True
0041,00168,4.0,False,False,True,False,False,True
0041,02056,4.0,False,False,True,False,False,True
0041,01243,3.0,False,False,True,False,False,True
0041,01082,4.0,False,False,True,False,False,True
0041,01629,3.0,False,False,True,False,False,True
0041,00166,4.0,False,False,True,False,False,True
0041,02206,4.0,False,False,True,False,False,True
0041,01642,4.0,False,False,True,False,False,True
0041,02201,3.0,False,False,True,False,False,True
0041,01817,3.0,False,False,True,False,False,True
0041,00931,4.0,False,False,True,False,False,True
0041,01210,4.0,False,False,True,False,False,True
0041,01446,3.0,False,False,True,False,False,True
0041,01680,3.0,False,False,False,True,False,True
0041,01821,3.0,False,False,True,False,False,True
0041,02208,4.0,False,False,True,False,False,True
0041,01819,3.0,False,False,True,False,False,True
0041,01826,3.0,False,False,True,False,False,True
0041,02020,4.0,False,False,True,False,False,True
0041,02212,3.0,False,False,True,False,False,True
0041,01651,4.0,False,False,True,False,False,True
0041,01463,4.0,False,False,True,False,False,True
0041,00589,3.0,False,False,True,False,False,True
0041,00119,4.0,False,False,True,False,False,True
0041,01464,4.0,False,False,True,False,False,True
0041,01835,4.0,False,False,True,False,False,True
0041,01452,4.0,False,False,True,False,False,True
0041,00143,4.0,False,False,True,False,False,True
0041,01633,4.0,False,False,True,False,False,True
0041,01634,4.0,False,False,True,False,False,True
0041,00712,3.0,False,False,True,False,False,True
0041,00978,4.0,False,False,True,False,False,True
0041,00144,4.0,False,False,True,False,False,True
0041,00949,3.0,False,False,True,False,False,True
0041,01098,3.0,False,False,True,False,False,True
0041,00982,3.0,False,False,True,False,False,True
0041,01833,4.0,False,False,True,False,False,True
0041,01454,3.0,False,False,True,False,False,True
0041,00581,3.0,False,False,True,False,False,True
0041,02019,4.0,False,False,True,False,False,True
0041,01462,3.0,False,False,True,False,False,True
0041,01650,3.0,False,False,True,False,False,True
0041,00713,4.0,False,False,True,False,False,True
0041,01097,4.0,False,False,True,False,False,True
0041,00979,3.0,False,False,True,False,False,True
0041,01635,4.0,False,False,True,False,False,True
0041,01632,3.0,False,False,True,False,False,True
0041,00142,4.0,False,False,True,False,False,True
0041,01915,4.0,False,False,False,True,False,True
0041,00008,3.0,False,False,True,False,False,True
0041,02136,4.0,False,False,True,False,False,True
0041,01771,3.0,False,False,True,False,False,True
0041,00006,4.0,False,False,True,False,False,True
0041,02107,3.0,False,False,True,False,False,True
0041,01544,3.0,False,False,True,False,False,True
0041,01312,4.0,False,False,True,False,False,True
0041,01174,4.0,False,False,True,False,False,True
0041,01948,3.0,False,False,True,False,False,True
0041,01983,4.0,False,False,True,False,False,True
0041,01187,3.0,False,False,True,False,False,True
0041,00267,3.0,False,False,True,False,False,True
0041,01984,4.0,False,False,True,False,False,True
0041,01145,4.0,False,False,False,True,False,True
0041,01383,3.0,False,False,False,True,False,True
0041,01946,3.0,False,False,True,False,False,True
0041,00860,4.0,False,False,True,False,False,True
0041,00090,3.0,False,False,True,False,False,True
0041,01941,4.0,False,False,False,True,False,True
0041,01313,4.0,False,False,True,False,False,True
0041,02106,4.0,False,False,True,False,False,True
0041,01925,4.0,False,False,True,False,False,True
0041,01913,3.0,False,False,False,True,False,True
0041,02137,4.0,False,False,True,False,False,True
0041,01914,3.0,False,False,False,True,False,True
0041,02130,4.0,False,False,True,False,False,True
0041,00859,4.0,False,False,True,False,False,True
0041,01940,3.0,False,False,True,False,False,True
0041,01144,4.0,False,False,False,True,False,True
0041,00861,3.0,False,False,True,False,False,True
0041,01947,3.0,False,False,True,False,False,True
0041,00430,3.0,False,False,True,False,False,True
0041,00602,3.0,False,False,True,False,False,True
0041,01949,3.0,False,False,True,False,False,True
0041,01175,3.0,False,False,True,False,False,True
0041,00261,4.0,False,False,True,False,False,True
0259,02052,,False,False,True,False,False,True
0259,01876,,False,False,False,True,False,True
0259,01072,,False,False,True,False,False,True
0259,02400,,False,False,True,False,False,True
0259,01017,,False,False,True,False,False,True
0259,00100,,False,False,True,False,False,True
0259,00751,,False,False,True,False,False,True
0259,01073,,False,False,True,False,False,True
0259,02054,,False,False,True,False,False,True
0259,00536,,False,False,True,False,False,True
0259,02053,,False,False,True,False,False,True
0259,01877,,False,False,True,False,False,True
0259,00750,,False,False,True,False,False,True
0259,00101,,False,False,True,False,False,True
0259,00270,,False,False,True,False,False,True
0259,02172,,False,False,True,False,False,True
0259,01531,,False,False,True,False,False,True
0259,02181,,False,False,True,False,False,True
0259,02313,,False,False,True,False,False,True
0259,01591,,False,False,True,False,False,True
0259,01101,,False,False,True,False,False,True
0259,00472,,False,False,True,False,False,True
0259,02180,,False,False,True,False,False,True
0259,00240,,False,False,True,False,False,True
0259,01350,,False,False,True,False,False,True
0259,00473,,False,False,True,False,False,True
0259,01100,,False,False,True,False,False,True
0259,02312,,False,False,True,False,False,True
0259,02592,,False,False,True,False,False,True
0259,00238,,False,False,True,False,False,True
0259,02399,,False,False,True,False,False,True
0259,02158,,False,False,True,False,False,True
0259,00865,,False,False,True,False,False,True
0259,00092,,False,False,True,False,False,True
0259,00853,,False,False,False,True,False,True
0259,00854,,False,False,False,True,False,True
0259,01972,,False,False,True,False,False,True
0259,02156,,False,False,True,False,False,True
0259,02390,,False,False,True,False,False,True
0259,01549,,False,False,True,False,False,True
0259,02594,,False,False,True,False,False,True
0259,01973,,False,False,True,False,False,True
0259,02391,,False,False,True,False,False,True
0259,02157,,False,False,True,False,False,True
0259,02195,,False,False,True,False,False,True
0259,01653,,False,False,True,False,False,True
0259,02210,,False,False,True,False,False,True
0259,02049,,False,False,True,False,False,True
0259,01899,,False,False,True,False,False,True
0259,02076,,False,False,False,True,False,True
0259,02078,,False,False,True,False,False,True
0259,01231,,False,False,True,False,False,True
0259,02211,,False,False,True,False,False,True
0259,01652,,False,False,True,False,False,True
0259,01699,,False,False,True,False,False,True
0259,02079,,False,False,True,False,False,True
0259,01891,,False,False,True,False,False,True
0259,00729,,False,False,True,False,False,True
0259,00716,,False,False,True,False,False,True
0259,02457,,False,False,True,False,False,True
0259,01022,,False,False,True,False,False,True
0259,00104,,False,False,True,False,False,True
0259,02459,,False,False,True,False,False,True
0259,00103,,False,False,True,False,False,True
0259,00534,,False,False,True,False,False,True
0259,02051,,False,False,True,False,False,True
0259,00730,,False,False,True,False,False,True
0259,01015,,False,False,True,False,False,True
0259,02050,,False,False,True,False,False,True
0259,01901,,False,False,True,False,False,True
0259,01592,,False,False,True,False,False,True
0259,00478,,False,False,True,False,False,True
0259,00471,,False,False,True,False,False,True
0259,01550,,False,False,True,False,False,True
0259,01160,,False,False,True,False,False,True
0259,02372,,False,False,True,False,False,True
0259,02171,,False,False,True,False,False,True
0259,01700,,False,False,True,False,False,True
0259,01532,,False,False,True,False,False,True
0259,00477,,False,False,True,False,False,True
0259,02311,,False,False,True,False,False,True
0259,01900,,False,False,True,False,False,True
0259,01593,,False,False,True,False,False,True
0259,02373,,False,False,True,False,False,True
0259,01159,,False,False,True,False,False,True
0259,00866,,False,False,True,False,False,True
0259,00091,,False,False,True,False,False,True
0259,01349,,False,False,True,False,False,True
0259,02197,,False,False,True,False,False,True
0259,02155,,False,False,True,False,False,True
0259,01925,,False,False,True,False,False,True
0259,02153,,False,False,True,False,False,True
0259,01923,,False,False,True,False,False,True
0259,02081,,False,False,True,False,False,True
0259,01260,,False,False,True,False,False,True
0259,02075,,False,False,True,False,False,True
0259,01258,,False,False,True,False,False,True
0259,01894,,False,False,False,True,False,True
0259,01867,,False,False,True,False,False,True
0259,01893,,False,False,False,True,False,True
0259,00714,,False,False,True,False,False,True
0259,02214,,False,False,True,False,False,True
0259,01233,,False,False,False,True,False,True
0259,01866,,False,False,True,False,False,True
0259,02073,,False,False,True,False,False,True
0259,02074,,False,False,True,False,False,True
0065,00878,,False,False,True,False,False,True
0065,01196,,False,False,True,False,False,True
0065,02946,,False,False,True,False,False,True
0065,02519,,False,False,True,False,False,True
0065,00081,,False,False,True,False,False,True
0065,00876,,False,False,True,False,False,True
0065,00416,,False,False,True,False,False,True
0065,00086,,False,False,True,False,False,True
0065,02771,,False,False,True,False,False,True
0065,03039,,False,False,True,False,False,True
0065,02923,,False,False,True,False,False,True
0065,00087,,False,False,True,False,False,True
0065,00246,,False,False,True,False,False,True
0065,00080,,False,False,True,False,False,True
0065,00042,,False,False,True,False,False,True
0065,02518,,False,False,True,False,False,True
0065,01197,,False,False,True,False,False,True
0065,02947,,False,False,True,False,False,True
0065,02922,,False,False,True,False,False,True
0065,02770,,False,False,True,False,False,True
0065,01087,,False,False,True,False,False,True
0065,02857,,False,False,True,False,False,True
0065,02850,,False,False,True,False,False,True
0065,00190,,False,False,True,False,False,True
0065,01089,,False,False,True,False,False,True
0065,00369,,False,False,True,False,False,True
0065,01277,,False,False,True,False,False,True
0065,00960,,False,False,True,False,False,True
0065,00761,,False,False,True,False,False,True
0065,00759,,False,False,True,False,False,True
0065,01224,,False,False,True,False,False,True
0065,00766,,False,False,True,False,False,True
0065,01824,,False,False,True,False,False,True
0065,00961,,False,False,True,False,False,True
0065,00959,,False,False,True,False,False,True
0065,00191,,False,False,True,False,False,True
0065,01081,,False,False,True,False,False,True
0065,01075,,False,False,True,False,False,True
0065,02409,,False,False,True,False,False,True
0065,02851,,False,False,True,False,False,True
0065,02856,,False,False,True,False,False,True
0065,01825,,False,False,True,False,False,True
0065,00767,,False,False,True,False,False,True
0065,01222,,False,False,True,False,False,True
0065,02485,,False,False,True,False,False,True
0065,02482,,False,False,True,False,False,True
0065,01236,,False,False,True,False,False,True
0065,02447,,False,False,True,False,False,True
0065,00986,,False,False,True,False,False,True
0065,01068,,False,False,True,False,False,True
0065,01896,,False,False,True,False,False,True
0065,01402,,False,False,True,False,False,True
0065,01254,,False,False,True,False,False,True
0065,02446,,False,False,True,False,False,True
0065,02483,,False,False,True,False,False,True
0065,00743,,False,False,True,False,False,True
0065,02484,,False,False,True,False,False,True
0065,01403,,False,False,True,False,False,True
0065,01067,,False,False,True,False,False,True
0065,01897,,False,False,True,False,False,True
0065,01252,,False,False,True,False,False,True
0065,00987,,False,False,True,False,False,True
0065,02336,,False,False,True,False,False,True
0065,01918,,False,False,True,False,False,True
0065,00662,,False,False,True,False,False,True
0065,01916,,False,False,True,False,False,True
0065,02931,,False,False,True,False,False,True
0065,02965,,False,False,True,False,False,True
0065,03040,,False,False,True,False,False,True
0065,01389,,False,False,True,False,False,True
0065,02157,,False,False,True,False,False,True
0065,02391,,False,False,True,False,False,True
0065,00852,,False,False,True,False,False,True
0065,02337,,False,False,True,False,False,True
0065,00853,,False,False,True,False,False,True
0065,02156,,False,False,True,False,False,True
0065,02963,,False,False,False,True,False,True
0065,01558,,False,False,True,False,False,True
0065,01132,,False,False,True,False,False,True
0065,00040,,False,False,True,False,False,True
0065,00415,,False,False,True,False,False,True
0065,02514,,False,False,True,False,False,True
0065,00085,,False,False,True,False,False,True
0065,00244,,False,False,True,False,False,True
0065,01557,,False,False,True,False,False,True
0065,01134,,False,False,True,False,False,True
0065,02921,,False,False,True,False,False,True
0065,02515,,False,False,True,False,False,True
0065,01390,,False,False,True,False,False,True
0065,01083,,False,False,True,False,False,True
0065,02639,,False,False,True,False,False,True
0065,02853,,False,False,True,False,False,True
0065,02265,,False,False,True,False,False,True
0065,02854,,False,False,True,False,False,True
0065,02637,,False,False,True,False,False,True
0065,00104,,False,False,True,False,False,True
0065,00103,,False,False,True,False,False,True
0065,00962,,False,False,True,False,False,True
0065,02264,,False,False,True,False,False,True
0065,01076,,False,False,True,False,False,True
0065,00985,,False,False,True,False,False,True
0065,02410,,False,False,True,False,False,True
0065,00371,,False,False,True,False,False,True
0065,01235,,False,False,True,False,False,True
0065,02488,,False,False,True,False,False,True
0065,02487,,False,False,True,False,False,True
0065,02501,,False,False,True,False,False,True
0065,01977,,False,False,True,False,False,True
0065,00294,,False,False,True,False,False,True
0065,00293,,False,False,True,False,False,True
0065,02392,,False,False,True,False,False,True
0065,02932,,False,False,True,False,False,True
0065,00661,,False,False,True,False,False,True
0065,01985,,False,False,True,False,False,True
0065,01976,,False,False,True,False,False,True
0065,02500,,False,False,True,False,False,True
0024,01683,2.0,False,False,True,False,False,True
0024,01684,2.0,False,False,True,False,False,True
0024,00705,2.0,False,False,True,False,False,True
0024,01685,2.0,False,False,True,False,False,True
0024,01682,2.0,False,False,True,False,False,True
0024,00641,2.0,False,False,False,True,False,True
0024,02145,2.0,False,False,True,False,False,True
0024,02535,2.0,False,False,True,False,False,True
0024,02193,2.0,False,False,True,False,False,True
0024,00891,2.0,False,False,True,False,False,True
0024,00238,2.0,False,False,True,False,True,False
0024,01326,2.0,False,False,True,False,False,True
0024,01921,2.0,False,False,False,True,True,False
0024,01787,2.0,False,False,True,False,False,True
0024,02534,2.0,False,False,True,False,True,False
0024,01788,2.0,False,False,True,False,False,True
0024,02611,2.0,False,False,True,False,True,False
0024,01691,2.0,False,False,True,False,False,True
0024,01696,2.0,False,False,True,False,False,True
0024,02079,2.0,False,False,True,False,False,True
0024,01687,2.0,False,False,True,False,False,True
0024,01689,2.0,False,False,True,False,False,True
0024,00889,2.0,False,False,True,False,False,True
0024,00047,2.0,False,False,True,False,True,False
0024,01784,2.0,False,False,True,False,False,True
0024,01782,2.0,False,False,True,False,False,True
0024,01692,2.0,False,False,True,False,False,True
0024,01693,2.0,False,False,True,False,False,True
0024,01694,2.0,False,False,True,False,True,False
0251,02704,,False,False,True,False,False,True
0251,01976,,False,False,True,False,False,True
0251,02703,,False,False,True,False,False,True
0251,00259,,False,False,True,False,False,True
0251,02507,,False,False,True,False,False,True
0251,00669,,False,False,True,False,False,True
0251,00232,,False,False,True,False,False,True
0251,02506,,False,False,True,False,False,True
0251,00260,,False,False,True,False,False,True
0251,00234,,False,False,True,False,False,True
0251,00668,,False,False,True,False,False,True
0251,00233,,False,False,True,False,False,True
0251,02109,,False,False,True,False,False,True
0251,01856,,False,False,True,False,False,True
0251,01052,,False,False,True,False,False,True
0251,01099,,False,False,True,False,False,True
0251,02213,,False,False,True,False,False,True
0251,01802,,False,False,True,False,False,True
0251,00771,,False,False,True,False,False,True
0251,02474,,False,False,True,False,False,True
0251,02473,,False,False,True,False,False,True
0251,01098,,False,False,True,False,False,True
0251,02472,,False,False,True,False,False,True
0251,02212,,False,False,True,False,False,True
0251,01441,,False,False,True,False,False,True
0251,01210,,False,False,True,False,False,True
0251,01483,,False,False,True,False,False,True
0251,00135,,False,False,True,False,False,True
0251,01448,,False,False,True,False,False,True
0251,00996,,False,False,True,False,False,True
0251,00998,,False,False,True,False,False,True
0251,01482,,False,False,True,False,False,True
0251,00134,,False,False,True,False,False,True
0251,01449,,False,False,True,False,False,True
0251,01440,,False,False,True,False,False,True
0251,01216,,False,False,True,False,False,True
0251,00997,,False,False,True,False,False,True
0251,00449,,False,False,True,False,False,True
0251,02742,,False,False,True,False,False,True
0251,01105,,False,False,True,False,False,True
0251,01102,,False,False,True,False,False,True
0251,00672,,False,False,True,False,False,True
0251,00887,,False,False,True,False,False,True
0251,02182,,False,False,True,False,False,True
0251,02524,,False,False,True,False,False,True
0251,01352,,False,False,True,False,False,True
0251,02523,,False,False,True,False,False,True
0251,02147,,False,False,True,False,False,True
0251,01103,,False,False,True,False,False,True
0251,01755,,False,False,True,False,False,True
0251,02743,,False,False,True,False,False,True
0251,02146,,False,False,True,False,False,True
0251,01353,,False,False,True,False,False,True
0251,02183,,False,False,True,False,False,True
0251,00886,,False,False,True,False,False,True
0251,02352,,False,False,True,False,False,True
0251,02505,,False,False,True,False,False,True
0251,02353,,False,False,True,False,False,True
0251,01801,,False,False,True,False,False,True
0251,00772,,False,False,True,False,False,True
0251,01208,,False,False,True,False,False,True
0251,01450,,False,False,True,False,False,True
0251,01051,,False,False,True,False,False,True
0251,01855,,False,False,True,False,False,True
0251,00773,,False,False,True,False,False,True
0251,00988,,False,False,True,False,False,True
0251,01418,,False,False,True,False,False,True
0251,01214,,False,False,True,False,False,True
0251,01224,,False,False,True,False,False,True
0251,01481,,False,False,True,False,False,True
0251,01223,,False,False,True,False,False,True
0251,01757,,False,False,True,False,False,True
0251,00671,,False,False,True,False,False,True
0251,01100,,False,False,True,False,False,True
0063,02096,,False,False,True,False,False,True
0063,00351,,False,False,True,False,False,True
0063,01248,,False,False,True,False,False,True
0063,00538,,False,False,True,False,False,True
0063,02257,,False,False,True,False,False,True
0063,01426,,False,False,True,False,False,True
0063,01270,,False,False,True,False,False,True
0063,01042,,False,False,True,False,False,True
0063,01089,,False,False,True,False,False,True
0063,00369,,False,False,True,False,False,True
0063,01080,,False,False,True,False,False,True
0063,00152,,False,False,True,False,False,True
0063,01241,,False,False,True,False,False,True
0063,01087,,False,False,True,False,False,True
0063,00969,,False,False,True,False,False,True
0063,01870,,False,False,True,False,False,True
0063,01824,,False,False,True,False,False,True
0063,00565,,False,False,True,False,False,True
0063,02232,,False,False,True,False,False,True
0063,01682,,False,False,True,False,False,True
0063,02235,,False,False,True,False,False,True
0063,01676,,False,False,True,False,False,True
0063,00596,,False,False,True,False,False,True
0063,00302,,False,False,True,False,False,True
0063,01486,,False,False,True,False,False,True
0063,01224,,False,False,True,False,False,True
0063,00598,,False,False,True,False,False,True
0063,02204,,False,False,True,False,False,True
0063,00968,,False,False,True,False,False,True
0063,01086,,False,False,True,False,False,True
0063,02055,,False,False,True,False,False,True
0063,02293,,False,False,True,False,False,True
0063,01240,,False,False,True,False,False,True
0063,02258,,False,False,True,False,False,True
0063,01623,,False,False,True,False,False,True
0063,00153,,False,False,True,False,False,True
0063,01427,,False,False,True,False,False,True
0063,01043,,False,False,True,False,False,True
0063,01271,,False,False,True,False,False,True
0063,01088,,False,False,True,False,False,True
0063,00350,,False,False,True,False,False,True
0063,01282,,False,False,True,False,False,True
0063,01276,,False,False,True,False,False,True
0063,01044,,False,False,True,False,False,True
0063,00599,,False,False,True,False,False,True
0063,02205,,False,False,True,False,False,True
0063,01028,,False,False,True,False,False,True
0063,01487,,False,False,True,False,False,True
0063,02030,,False,False,True,False,False,True
0063,00597,,False,False,True,False,False,True
0063,01677,,False,False,True,False,False,True
0063,02001,,False,False,True,False,False,True
0063,01702,,False,False,True,False,False,True
0063,00240,,False,False,True,False,False,True
0063,00043,,False,False,True,False,False,True
0063,00840,,False,False,True,False,False,True
0063,02189,,False,False,True,False,False,True
0063,01368,,False,False,True,False,False,True
0063,01350,,False,False,True,False,False,True
0063,00878,,False,False,True,False,False,True
0063,00249,,False,False,True,False,False,True
0063,01995,,False,False,True,False,False,True
0063,00813,,False,False,True,False,False,True
0063,02323,,False,False,True,False,False,True
0063,02111,,False,False,True,False,False,True
0063,01932,,False,False,True,False,False,True
0063,01303,,False,False,True,False,False,True
0063,01555,,False,False,True,False,False,True
0063,01904,,False,False,True,False,False,True
0063,00445,,False,False,True,False,False,True
0063,01107,,False,False,True,False,False,True
0063,00613,,False,False,True,False,False,True
0063,02144,,False,False,True,False,False,True
0063,01351,,False,False,True,False,False,True
0063,00614,,False,False,True,False,False,True
0063,02188,,False,False,True,False,False,True
0063,00419,,False,False,True,False,False,True
0063,02175,,False,False,True,False,False,True
0063,00883,,False,False,True,False,False,True
0063,01509,,False,False,True,False,False,True
0063,00877,,False,False,True,False,False,True
0063,00870,,False,False,True,False,False,True
0063,00884,,False,False,True,False,False,True
0063,01902,,False,False,True,False,False,True
0063,01106,,False,False,True,False,False,True
0063,00444,,False,False,True,False,False,True
0063,01554,,False,False,True,False,False,True
0063,01766,,False,False,True,False,False,True
0063,02110,,False,False,True,False,False,True
0063,02322,,False,False,True,False,False,True
0063,00457,,False,False,True,False,False,True
0063,01585,,False,False,True,False,False,True
0063,01115,,False,False,True,False,False,True
0063,01112,,False,False,True,False,False,True
0063,02307,,False,False,True,False,False,True
0063,01918,,False,False,True,False,False,True
0063,01786,,False,False,True,False,False,True
0063,01329,,False,False,True,False,False,True
0063,01547,,False,False,True,False,False,True
0063,01311,,False,False,True,False,False,True
0063,00806,,False,False,True,False,False,True
0063,01920,,False,False,True,False,False,True
0063,01578,,False,False,True,False,False,True
0063,01177,,False,False,True,False,False,True
0063,01345,,False,False,True,False,False,True
0063,01710,,False,False,True,False,False,True
0063,02195,,False,False,True,False,False,True
0063,01717,,False,False,True,False,False,True
0063,01774,,False,False,True,False,False,True
0063,01546,,False,False,True,False,False,True
0063,01310,,False,False,True,False,False,True
0063,01579,,False,False,True,False,False,True
0063,01787,,False,False,True,False,False,True
0063,02102,,False,False,True,False,False,True
0063,01541,,False,False,True,False,False,True
0063,01742,,False,False,True,False,False,True
0063,01917,,False,False,True,False,False,True
0063,00865,,False,False,True,False,False,True
0063,01716,,False,False,True,False,False,True
0063,00066,,False,False,True,False,False,True
0063,01711,,False,False,True,False,False,True
0063,02194,,False,False,True,False,False,True
0063,00601,,False,False,True,False,False,True
0063,01343,,False,False,True,False,False,True
0063,01344,,False,False,True,False,False,True
0063,00774,,False,False,True,False,False,True
0063,01236,,False,False,True,False,False,True
0063,01460,,False,False,True,False,False,True
0063,00780,,False,False,True,False,False,True
0063,01699,,False,False,True,False,False,True
0063,00579,,False,False,True,False,False,True
0063,01209,,False,False,True,False,False,True
0063,01467,,False,False,True,False,False,True
0063,00919,,False,False,True,False,False,True
0063,02216,,False,False,True,False,False,True
0063,01800,,False,False,True,False,False,True
0063,02229,,False,False,True,False,False,True
0063,01697,,False,False,True,False,False,True
0063,02220,,False,False,True,False,False,True
0063,00577,,False,False,True,False,False,True
0063,00321,,False,False,True,False,False,True
0063,01238,,False,False,False,True,False,True
0063,02227,,False,False,True,False,False,True
0063,00742,,False,False,True,False,False,True
0063,02015,,False,False,True,False,False,True
0063,01200,,False,False,True,False,False,True
0063,01032,,False,False,True,False,False,True
0063,00917,,False,False,True,False,False,True
0063,01831,,False,False,True,False,False,True
0063,01891,,False,False,True,False,False,True
0063,01059,,False,False,True,False,False,True
0063,00372,,False,False,True,False,False,True
0063,00988,,False,False,True,False,False,True
0063,01066,,False,False,True,False,False,True
0063,01862,,False,False,True,False,False,True
0063,01061,,False,False,True,False,False,True
0063,02280,,False,False,True,False,False,True
0063,02046,,False,False,True,False,False,True
0063,00986,,False,False,True,False,False,True
0063,01068,,False,False,True,False,False,True
0063,00972,,False,False,True,False,False,True
0063,01433,,False,False,True,False,False,True
0063,01265,,False,False,True,False,False,True
0063,01057,,False,False,True,False,False,True
0063,00720,,False,False,True,False,False,True
0063,01898,,False,False,True,False,False,True
0063,01296,,False,False,True,False,False,True
0063,01050,,False,False,True,False,False,True
0063,02014,,False,False,True,False,False,True
0063,02226,,False,False,True,False,False,True
0063,01830,,False,False,True,False,False,True
0063,02219,,False,False,True,False,False,True
0063,01808,,False,False,True,False,False,True
0063,01662,,False,False,True,False,False,True
0063,02025,,False,False,True,False,False,True
0063,01654,,False,False,True,False,False,True
0063,01801,,False,False,True,False,False,True
0063,01459,,False,False,True,False,False,True
0063,01005,,False,False,True,False,False,True
0063,00781,,False,False,True,False,False,True
0063,01698,,False,False,True,False,False,True
0063,00974,,False,False,True,False,False,True
0063,01263,,False,False,True,False,False,True
0063,01051,,False,False,True,False,False,True
0063,01297,,False,False,True,False,False,True
0063,01899,,False,False,True,False,False,True
0063,01069,,False,False,True,False,False,True
0063,00726,,False,False,True,False,False,True
0063,01432,,False,False,True,False,False,True
0063,01056,,False,False,True,False,False,True
0063,01264,,False,False,True,False,False,True
0063,01863,,False,False,True,False,False,True
0063,01890,,False,False,True,False,False,True
0063,01255,,False,False,True,False,False,True
0063,01067,,False,False,True,False,False,True
0063,02209,,False,False,True,False,False,True
0063,01478,,False,False,True,False,False,True
0063,02236,,False,False,True,False,False,True
0063,01675,,False,False,True,False,False,True
0063,01827,,False,False,True,False,False,True
0063,01818,,False,False,True,False,False,True
0063,00796,,False,False,True,False,False,True
0063,01476,,False,False,True,False,False,True
0063,01482,,False,False,True,False,False,True
0063,00301,,False,False,True,False,False,True
0063,02200,,False,False,True,False,False,True
0063,00557,,False,False,True,False,False,True
0063,01829,,False,False,True,False,False,True
0063,01425,,False,False,True,False,False,True
0063,01273,,False,False,True,False,False,True
0063,01274,,False,False,True,False,False,True
0063,01046,,False,False,True,False,False,True
0063,01280,,False,False,True,False,False,True
0063,00352,,False,False,True,False,False,True
0063,00997,,False,False,True,False,False,True
0063,01414,,False,False,True,False,False,True
0063,00952,,False,False,True,False,False,True
0063,00764,,False,False,True,False,False,True
0063,01484,,False,False,True,False,False,True
0063,01483,,False,False,True,False,False,True
0063,00567,,False,False,True,False,False,True
0063,01673,,False,False,True,False,False,True
0063,01674,,False,False,True,False,False,True
0063,00953,,False,False,True,False,False,True
0063,01085,,False,False,True,False,False,True
0063,00701,,False,False,True,False,False,True
0063,01618,,False,False,True,False,False,True
0063,00505,,False,False,True,False,False,True
0063,01275,,False,False,True,False,False,True
0063,01272,,False,False,True,False,False,True
0063,00817,,False,False,True,False,False,True
0063,02318,,False,False,True,False,False,True
0063,01338,,False,False,True,False,False,True
0063,01936,,False,False,True,False,False,True
0063,00448,,False,False,True,False,False,True
0063,02112,,False,False,True,False,False,True
0063,01797,,False,False,True,False,False,True
0063,02320,,False,False,True,False,False,True
0063,01900,,False,False,True,False,False,True
0063,01593,,False,False,True,False,False,True
0063,01799,,False,False,True,False,False,True
0063,01594,,False,False,True,False,False,True
0063,01752,,False,False,True,False,False,True
0063,01396,,False,False,True,False,False,True
0063,02177,,False,False,True,False,False,True
0063,01706,,False,False,True,False,False,True
0063,01534,,False,False,True,False,False,True
0063,01953,,False,False,True,False,False,True
0063,01365,,False,False,True,False,False,True
0063,01533,,False,False,True,False,False,True
0063,02342,,False,False,True,False,False,True
0063,00627,,False,False,True,False,False,True
0063,00618,,False,False,True,False,False,True
0063,01353,,False,False,True,False,False,True
0063,01962,,False,False,True,False,False,True
0063,00844,,False,False,True,False,False,True
0063,00629,,False,False,True,False,False,True
0063,01798,,False,False,True,False,False,True
0063,01595,,False,False,True,False,False,True
0063,02321,,False,False,True,False,False,True
0063,02113,,False,False,True,False,False,True
0063,01301,,False,False,True,False,False,True
0063,01194,,False,False,True,False,False,True
0063,01352,,False,False,True,False,False,True
0063,02178,,False,False,True,False,False,True
0063,01709,,False,False,True,False,False,True
0063,02343,,False,False,True,False,False,True
0063,00084,,False,False,True,False,False,True
0063,01364,,False,False,True,False,False,True
0063,00619,,False,False,True,False,False,True
0063,01535,,False,False,True,False,False,True
0063,01363,,False,False,True,False,False,True
0063,02176,,False,False,True,False,False,True
0063,01738,,False,False,True,False,False,True
0063,01173,,False,False,True,False,False,True
0063,02198,,False,False,True,False,False,True
0063,01180,,False,False,True,False,False,True
0063,01510,,False,False,True,False,False,True
0063,00867,,False,False,True,False,False,True
0063,01519,,False,False,True,False,False,True
0063,00893,,False,False,True,False,False,True
0063,01370,,False,False,True,False,False,True
0063,02191,,False,False,True,False,False,True
0063,01348,,False,False,True,False,False,True
0063,00894,,False,False,True,False,False,True
0063,00860,,False,False,True,False,False,True
0063,02196,,False,False,True,False,False,True
0063,01521,,False,False,True,False,False,True
0063,01323,,False,False,True,False,False,True
0063,02304,,False,False,True,False,False,True
0063,01912,,False,False,True,False,False,True
0063,01778,,False,False,True,False,True,False
0063,00692,,False,False,True,False,False,True
0063,00833,,False,False,True,False,False,True
0063,02107,,False,False,True,False,False,True
0063,01776,,False,False,True,False,False,True
0063,00802,,False,False,True,False,False,True
0063,01520,,False,False,True,False,False,True
0063,01518,,False,False,True,False,False,True
0063,01715,,False,False,True,False,False,True
0063,00065,,False,False,True,False,False,True
0063,01347,,False,False,True,False,False,True
0063,01181,,False,False,True,False,False,True
0063,00857,,False,False,True,False,False,True
0063,01516,,False,False,True,False,False,True
0063,01724,,False,False,True,False,False,True
0063,01777,,False,False,True,False,False,True
0063,01121,,False,False,True,False,False,True
0063,01117,,False,False,True,False,False,True
0063,01573,,False,False,True,False,False,True
0063,01741,,False,False,True,False,False,True
0063,02130,,False,False,True,False,False,True
0063,01580,,False,False,True,False,False,True
0063,02108,,False,False,True,False,False,True
0063,02248,,False,False,True,False,False,True
0063,01062,,False,False,True,False,False,True
0063,00976,,False,False,True,False,False,True
0063,01098,,False,False,True,False,False,True
0063,01295,,False,False,True,False,False,True
0063,01053,,False,False,True,False,False,True
0063,00971,,False,False,True,False,False,True
0063,01430,,False,False,True,False,False,True
0063,00724,,False,False,True,False,False,True
0063,01464,,False,False,True,False,False,True
0063,01235,,False,False,True,False,False,True
0063,01463,,False,False,True,False,False,True
0063,00117,,False,False,True,False,False,True
0063,01455,,False,False,True,False,False,True
0063,01203,,False,False,True,False,False,True
0063,00779,,False,False,True,False,False,True
0063,01431,,False,False,True,False,False,True
0063,00977,,False,False,True,False,False,True
0063,01052,,False,False,True,False,False,True
0063,01269,,False,False,True,False,False,True
0063,01893,,False,False,True,False,False,True
0063,01256,,False,False,True,False,False,True
0063,01090,,False,False,True,False,False,True
0063,01453,,False,False,True,False,False,True
0063,00778,,False,False,True,False,False,True
0063,01454,,False,False,True,False,False,True
0063,01666,,False,False,True,False,False,True
0063,01234,,False,False,True,False,False,True
0063,01462,,False,False,True,False,False,True
0063,01465,,False,False,True,False,False,True
0063,01233,,False,False,True,False,False,True
0025,00891,2.0,False,False,True,False,True,False
0025,01035,2.0,False,False,True,False,False,True
0025,01020,2.0,False,False,True,False,False,True
0025,00279,2.0,False,False,True,False,False,True
0025,01199,2.0,False,False,True,False,False,True
0025,00650,2.0,False,False,True,False,False,True
0025,00777,2.0,False,False,True,False,False,True
0025,00532,2.0,False,False,True,False,False,True
0025,00595,2.0,False,False,True,False,False,True
0025,00701,2.0,False,False,True,False,False,True
0262,02518,,False,False,True,False,False,True
0262,03268,,False,False,True,False,False,True
0262,01994,,False,False,True,False,False,True
0262,02376,,False,False,True,False,False,True
0262,02971,,False,False,True,False,False,True
0262,00870,,False,False,True,False,False,True
0262,03292,,False,False,True,False,False,True
0262,00877,,False,False,True,False,False,True
0262,02511,,False,False,True,False,False,True
0262,03261,,False,False,True,False,False,True
0262,01106,,False,False,True,False,False,True
0262,01565,,False,False,True,False,False,True
0262,01757,,False,False,True,False,False,True
0262,02126,,False,False,True,False,False,True
0262,02925,,False,False,True,False,False,True
0262,01795,,False,False,True,False,False,True
0262,00223,,False,False,True,False,False,True
0262,01108,,False,False,True,False,False,True
0262,01302,,False,False,True,False,False,True
0262,02914,,False,False,True,False,False,True
0262,00876,,False,False,True,False,False,True
0262,02346,,False,False,True,False,False,True
0262,01395,,False,False,True,False,False,True
0262,01530,,False,False,True,False,False,True
0262,00086,,False,False,True,False,False,True
0262,02946,,False,False,True,False,False,True
0262,02377,,False,False,True,False,False,True
0262,02521,,False,False,True,False,False,True
0262,03269,,False,False,True,False,False,True
0262,02526,,False,False,True,False,False,True
0262,01793,,False,False,True,False,False,True
0262,01564,,False,False,True,False,False,True
0262,00489,,False,False,True,False,False,True
0262,01107,,False,False,True,False,False,True
0262,00508,,False,False,True,False,False,True
0262,00361,,False,False,True,False,False,True
0262,01411,,False,False,True,False,False,True
0262,03174,,False,False,True,False,False,True
0262,01072,,False,False,True,False,False,True
0262,00968,,False,False,True,False,False,True
0262,02635,,False,False,True,False,False,True
0262,00966,,False,False,True,False,False,True
0262,01418,,False,False,True,False,False,True
0262,00501,,False,False,True,False,False,True
0262,00191,,False,False,True,False,False,True
0262,00555,,False,False,True,False,False,True
0262,02454,,False,False,True,False,False,True
0262,01017,,False,False,True,False,False,True
0262,01641,,False,False,True,False,False,True
0262,02833,,False,False,True,False,False,True
0262,01474,,False,False,True,False,False,True
0262,01222,,False,False,True,False,False,True
0262,02453,,False,False,True,False,False,True
0262,03315,,False,False,True,False,False,True
0262,01670,,False,False,True,False,False,True
0262,02233,,False,False,True,False,False,True
0262,02657,,False,False,True,False,False,True
0262,01419,,False,False,True,False,False,True
0262,00190,,False,False,True,False,False,True
0262,02859,,False,False,True,False,False,True
0262,02401,,False,False,True,False,False,True
0262,01846,,False,False,True,False,False,True
0262,02602,,False,False,True,False,False,True
0262,00199,,False,False,True,False,False,True
0262,02605,,False,False,True,False,False,True
0262,00536,,False,False,True,False,False,True
0262,02497,,False,False,True,False,False,True
0262,01685,,False,False,True,False,False,True
0262,03126,,False,False,True,False,False,True
0262,01640,,False,False,True,False,False,True
0262,01029,,False,False,True,False,False,True
0262,01662,,False,False,True,False,False,True
0262,01450,,False,False,True,False,False,True
0262,02477,,False,False,True,False,False,True
0262,02219,,False,False,True,False,False,True
0262,00327,,False,False,True,False,False,True
0262,01653,,False,False,True,False,False,True
0262,01654,,False,False,True,False,False,True
0262,02025,,False,False,True,False,False,True
0262,01432,,False,False,True,False,False,True
0262,02243,,False,False,True,False,False,True
0262,00170,,False,False,True,False,False,True
0262,01855,,False,False,True,False,False,True
0262,01899,,False,False,True,False,False,True
0262,02244,,False,False,True,False,False,True
0262,02049,,False,False,True,False,False,True
0262,00980,,False,False,True,False,False,True
0262,03159,,False,False,True,False,False,True
0262,01897,,False,False,True,False,False,True
0262,02229,,False,False,True,False,False,True
0262,02478,,False,False,True,False,False,True
0262,01652,,False,False,True,False,False,True
0262,02485,,False,False,True,False,False,True
0262,02829,,False,False,True,False,False,True
0262,02476,,False,False,True,False,False,True
0262,00178,,False,False,True,False,False,True
0262,00386,,False,False,True,False,False,True
0262,02425,,False,False,True,False,False,True
0262,01891,,False,False,True,False,False,True
0262,00182,,False,False,True,False,False,True
0262,01898,,False,False,True,False,False,True
0262,02242,,False,False,True,False,False,True
0262,00171,,False,False,True,False,False,True
0262,02592,,False,False,True,False,False,True
0262,02566,,False,False,True,False,False,True
0262,02798,,False,False,True,False,False,True
0262,02595,,False,False,True,False,False,True
0262,01546,,False,False,True,False,False,True
0262,02930,,False,False,True,False,False,True
0262,00032,,False,False,True,False,False,True
0262,01584,,False,False,True,False,False,True
0262,01745,,False,False,True,False,False,True
0262,00207,,False,False,True,False,False,True
0262,03046,,False,False,True,False,False,True
0262,02504,,False,False,True,False,False,True
0262,01381,,False,False,True,False,False,True
0262,00061,,False,False,True,False,False,True
0262,02963,,False,False,True,False,False,True
0262,00402,,False,False,True,False,False,True
0262,02355,,False,False,True,False,False,True
0262,00092,,False,False,True,False,False,True
0262,00853,,False,False,True,False,False,True
0262,02952,,False,False,True,False,False,True
0262,03070,,False,False,True,False,False,True
0262,02532,,False,False,True,False,False,True
0262,02169,,False,False,True,False,False,True
0262,00854,,False,False,True,False,False,True
0262,02594,,False,False,True,False,False,True
0262,01786,,False,False,True,False,False,True
0262,01772,,False,False,True,False,False,True
0262,00056,,False,False,True,False,False,True
0262,00069,,False,False,True,False,False,True
0262,00435,,False,False,True,False,False,True
0262,00852,,False,False,True,False,False,True
0262,00093,,False,False,True,False,False,True
0262,02502,,False,False,True,False,False,True
0262,00403,,False,False,True,False,False,True
0262,02354,,False,False,True,False,False,True
0262,00404,,False,False,True,False,False,True
0262,01380,,False,False,True,False,False,True
0262,03275,,False,False,True,False,False,True
0262,01945,,False,False,True,False,False,True
0262,01102,,False,False,True,False,False,True
0262,00216,,False,False,True,False,False,True
0262,02125,,False,False,True,False,False,True
0262,02926,,False,False,True,False,False,True
0262,00211,,False,False,True,False,False,True
0262,02579,,False,False,True,False,False,True
0262,01798,,False,False,True,False,False,True
0262,02742,,False,False,True,False,False,True
0262,02928,,False,False,True,False,False,True
0262,02944,,False,False,True,False,False,True
0262,02178,,False,False,True,False,False,True
0262,00628,,False,False,True,False,False,True
0262,02140,,False,False,True,False,False,True
0262,02372,,False,False,True,False,False,True
0262,03265,,False,False,True,False,False,True
0262,00084,,False,False,True,False,False,True
0262,00070,,False,False,True,False,False,True
0262,03291,,False,False,True,False,False,True
0262,02327,,False,False,True,False,False,True
0262,02123,,False,False,True,False,False,True
0262,02329,,False,False,True,False,False,True
0262,00071,,False,False,True,False,False,True
0262,02514,,False,False,True,False,False,True
0262,03290,,False,False,True,False,False,True
0262,03058,,False,False,True,False,False,True
0262,03067,,False,False,True,False,False,True
0262,03112,,False,False,True,False,False,True
0262,02201,,False,False,True,False,False,True
0262,02830,,False,False,True,False,False,True
0262,00104,,False,False,True,False,False,True
0262,00752,,False,False,True,False,False,True
0262,02005,,False,False,True,False,False,True
0262,01674,,False,False,True,False,False,True
0262,02855,,False,False,True,False,False,True
0262,02864,,False,False,True,False,False,True
0262,02299,,False,False,True,False,False,True
0262,00505,,False,False,True,False,False,True
0262,01440,,False,False,True,False,False,True
0262,01675,,False,False,True,False,False,True
0262,01829,,False,False,True,False,False,True
0262,01218,,False,False,True,False,False,True
0262,03140,,False,False,True,False,False,True
0262,03185,,False,False,True,False,False,True
0262,00517,,False,False,True,False,False,True
0262,00173,,False,False,True,False,False,True
0262,00521,,False,False,True,False,False,True
0262,02487,,False,False,True,False,False,True
0262,03303,,False,False,True,False,False,True
0262,01205,,False,False,True,False,False,True
0262,01037,,False,False,True,False,False,True
0262,02019,,False,False,True,False,False,True
0262,00518,,False,False,True,False,False,True
0262,01439,,False,False,True,False,False,True
0262,02410,,False,False,True,False,False,True
0262,00574,,False,False,True,False,False,True
0262,01660,,False,False,True,False,False,True
0262,01204,,False,False,True,False,False,True
0262,02486,,False,False,True,False,False,True
0262,02500,,False,False,True,False,False,True
0262,02356,,False,False,True,False,False,True
0262,02960,,False,False,True,False,False,True
0262,02393,,False,False,True,False,False,True
0262,02703,,False,False,True,False,False,True
0262,00054,,False,False,True,False,False,True
0262,02155,,False,False,True,False,False,True
0262,02367,,False,False,True,False,False,True
0262,02704,,False,False,True,False,False,True
0262,02951,,False,False,True,False,False,True
0262,01784,,False,False,True,False,False,True
0262,00658,,False,False,True,False,False,True
0262,00455,,False,False,True,False,False,True
0262,00294,,False,False,True,False,False,True
0262,00052,,False,False,True,False,False,True
0262,02950,,False,False,True,False,False,True
0262,00055,,False,False,True,False,False,True
0262,03271,,False,False,True,False,False,True
0262,00632,,False,False,True,False,False,True
0262,01785,,False,False,True,False,False,True
0262,02751,,False,False,True,False,False,True
0106,00956,,False,False,True,False,False,True
0106,00958,,False,False,True,False,False,True
0106,00554,,False,False,True,False,False,True
0106,01224,,False,False,True,False,False,True
0106,02055,,False,False,True,False,False,True
0106,00957,,False,False,True,False,False,True
0106,01075,,False,False,True,False,False,True
0106,01489,,False,False,True,False,False,True
0106,01225,,False,False,True,False,False,True
0106,00555,,False,False,True,False,False,True
0106,01966,,False,False,True,False,False,True
0106,00624,,False,False,False,True,False,True
0106,00623,,False,False,False,True,False,True
0106,01395,,False,False,True,False,False,True
0106,00278,,False,False,True,False,False,True
0106,00010,,False,False,True,False,False,True
0106,01393,,False,False,True,False,False,True
0106,01967,,False,False,True,False,False,True
0106,00812,,False,False,True,False,False,True
0106,00011,,False,False,True,False,False,True
0106,01772,,False,False,True,False,False,True
0106,00890,,False,False,True,False,False,True
0106,01177,,False,False,True,False,False,True
0106,00056,,False,False,True,False,False,True
0106,00467,,False,False,True,False,False,True
0106,00057,,False,False,True,False,False,True
0106,01512,,False,False,True,False,False,True
0106,00891,,False,False,True,False,False,True
0106,01178,,False,False,True,False,False,True
0106,00061,,False,False,True,False,False,True
0106,02070,,False,False,True,False,True,False
0106,01468,,False,False,False,True,False,True
0106,02071,,False,False,True,False,True,False
0106,02057,,False,False,True,False,False,True
0106,00363,,False,False,True,False,False,True
0106,01077,,False,False,True,False,False,True
0106,01287,,False,False,True,False,False,True
0106,01888,,False,False,True,False,True,False
0106,00362,,False,False,True,False,False,True
0106,01288,,False,False,True,False,False,True
0106,00819,,False,False,True,False,False,True
0106,01907,,False,False,False,True,False,True
0106,01161,,False,False,True,False,False,True
0106,00888,,False,False,True,False,False,True
0106,01159,,False,False,True,False,False,True
0106,01365,,False,False,False,True,False,True
0106,00811,,False,False,True,False,False,True
0106,00012,,False,False,True,False,False,True
0106,01908,,False,False,False,True,False,True
0106,00820,,False,False,True,False,False,True
0106,01364,,False,False,False,True,False,True
0106,00280,,False,False,True,False,False,True
0106,02165,,False,False,True,False,False,True
0106,00438,,False,False,True,False,False,True
0106,00063,,False,False,True,False,False,True
0106,00436,,False,False,True,False,False,True
0106,01510,,False,False,True,False,False,True
0106,00668,,False,False,True,False,False,True
0106,02163,,False,False,True,False,False,True
0106,00892,,False,False,True,False,False,True
0106,00203,,False,False,True,False,False,True
0106,00667,,False,False,True,False,False,True
0106,00204,,False,False,True,False,False,True
0106,00464,,False,False,True,False,False,True
0106,01770,,False,False,True,False,False,True
0106,00463,,False,False,True,False,False,True
0106,00347,,False,False,True,False,False,True
0106,00349,,False,False,True,False,False,True
0106,01490,,False,False,True,False,False,True
0246,00279,,False,False,True,False,False,True
0246,00756,,False,False,True,False,False,True
0246,00758,,False,False,True,False,False,True
0246,00702,,False,False,True,False,False,True
0246,00703,,False,False,True,False,False,True
0246,00582,,False,False,True,False,False,True
0246,00171,,False,False,True,False,False,True
0246,00584,,False,False,True,False,False,True
0246,00910,,False,False,True,False,False,True
0246,00836,,False,False,True,False,False,True
0246,00495,,False,False,True,False,False,True
0246,00281,,False,False,True,False,False,True
0246,00441,,False,False,True,False,False,True
0246,00909,,False,False,True,False,False,True
0246,00173,,False,False,True,False,False,True
0246,00835,,False,False,True,False,False,True
0246,00651,,False,False,True,False,False,True
0246,00496,,False,False,True,False,False,True
0084,01327,,False,False,True,False,False,True
0084,00033,,False,False,True,False,False,True
0084,02132,,False,False,True,False,False,True
0084,02307,,False,False,True,False,False,True
0084,00206,,False,False,True,False,False,True
0084,02331,,False,False,True,False,False,True
0084,01772,,False,False,True,False,False,True
0084,01316,,False,False,True,False,False,True
0084,02558,,False,False,True,False,False,True
0084,00005,,False,False,True,False,False,True
0084,01148,,False,False,True,False,False,True
0084,01345,,False,False,True,False,False,True
0084,00899,,False,False,True,False,False,True
0084,00435,,False,False,True,False,False,True
0084,02150,,False,False,True,False,False,True
0084,02534,,False,False,True,False,False,True
0084,00855,,False,False,True,False,False,True
0084,01342,,False,False,True,False,False,True
0084,02161,,False,False,True,False,False,True
0084,02353,,False,False,True,False,False,True
0084,02505,,False,False,True,False,False,True
0084,02502,,False,False,True,False,False,True
0084,02354,,False,False,True,False,False,True
0084,01745,,False,False,True,False,False,True
0084,01910,,False,False,True,False,False,True
0084,02557,,False,False,True,False,False,True
0084,02503,,False,False,True,False,False,True
0084,02504,,False,False,True,False,False,True
0084,00854,,False,False,True,False,False,True
0084,01986,,False,False,True,False,False,True
0084,01981,,False,False,True,False,False,True
0084,02151,,False,False,True,False,False,True
0084,02535,,False,False,True,False,False,True
0084,00898,,False,False,True,False,False,True
0084,00780,,False,False,True,False,False,True
0084,01838,,False,False,True,False,False,True
0084,00774,,False,False,True,False,False,True
0084,01494,,False,False,True,False,False,True
0084,00579,,False,False,True,False,False,True
0084,02012,,False,False,True,False,False,True
0084,02449,,False,False,True,False,False,True
0084,01690,,False,False,True,False,False,True
0084,01254,,False,False,True,False,False,True
0084,01402,,False,False,True,False,False,True
0084,02422,,False,False,True,False,False,True
0084,00515,,False,False,True,False,False,True
0084,00171,,False,False,True,False,False,True
0084,02413,,False,False,True,False,False,True
0084,02226,,False,False,True,False,False,True
0084,00115,,False,False,True,False,False,True
0084,01239,,False,False,True,False,False,True
0084,02441,,False,False,True,False,False,True
0084,02228,,False,False,True,False,False,True
0084,02446,,False,False,True,False,False,True
0084,01495,,False,False,True,False,False,True
0084,01839,,False,False,True,False,False,True
0084,00578,,False,False,True,False,False,True
0084,01852,,False,False,True,False,False,True
0084,02412,,False,False,True,False,False,True
0084,01435,,False,False,True,False,False,True
0084,01264,,False,False,True,False,False,True
0084,01255,,False,False,True,False,False,True
0084,01403,,False,False,True,False,False,True
0084,02406,,False,False,True,False,False,True
0084,01879,,False,False,True,False,False,True
0084,00960,,False,False,True,False,False,True
0084,01042,,False,False,True,False,False,True
0084,01841,,False,False,True,False,False,True
0084,02053,,False,False,True,False,False,True
0084,02408,,False,False,True,False,False,True
0084,02054,,False,False,True,False,False,True
0084,01241,,False,False,True,False,False,True
0084,01073,,False,False,True,False,False,True
0084,00757,,False,False,True,False,False,True
0084,02038,,False,False,True,False,False,True
0084,01444,,False,False,True,False,False,True
0084,01676,,False,False,True,False,False,True
0084,02007,,False,False,True,False,False,True
0084,01029,,False,False,True,False,False,True
0084,00130,,False,False,True,False,False,True
0084,01072,,False,False,True,False,False,True
0084,00961,,False,False,True,False,False,True
0084,00131,,False,False,True,False,False,True
0084,01017,,False,False,True,False,False,True
0084,02039,,False,False,True,False,False,True
0084,02006,,False,False,True,False,False,True
0084,02517,,False,False,True,False,False,True
0084,02341,,False,False,True,False,False,True
0084,01359,,False,False,True,False,False,True
0084,01537,,False,False,True,False,False,True
0084,02346,,False,False,True,False,False,True
0084,01198,,False,False,True,False,False,True
0084,01733,,False,False,True,False,False,True
0084,02519,,False,False,True,False,False,True
0084,00282,,False,False,True,False,False,True
0084,01350,,False,False,True,False,False,True
0084,01162,,False,False,True,False,False,True
0084,02348,,False,False,True,False,False,True
0084,00813,,False,False,True,False,False,True
0084,00646,,False,False,True,False,False,True
0084,00010,,False,False,True,False,False,True
0084,01767,,False,False,True,False,False,True
0084,01303,,False,False,True,False,False,True
0084,00648,,False,False,True,False,False,True
0084,01335,,False,False,True,False,False,True
0084,01751,,False,False,True,False,False,True
0084,02312,,False,False,True,False,False,True
0084,00213,,False,False,True,False,False,True
0084,00026,,False,False,True,False,False,True
0084,01100,,False,False,True,False,False,True
0084,01163,,False,False,True,False,False,True
0084,01351,,False,False,True,False,False,True
0084,02527,,False,False,True,False,False,True
0084,00841,,False,False,True,False,False,True
0084,02518,,False,False,True,False,False,True
0084,02347,,False,False,True,False,False,True
0084,01536,,False,False,True,False,False,True
0084,02516,,False,False,True,False,False,True
0084,01750,,False,False,True,False,False,True
0084,01554,,False,False,True,False,False,True
0084,01302,,False,False,True,False,False,True
0084,00678,,False,False,True,False,False,True
0084,00481,,False,False,True,False,False,True
0084,02110,,False,False,True,False,False,True
0084,00011,,False,False,True,False,False,True
0084,01528,,False,False,True,False,False,True
0084,02154,,False,False,True,False,False,True
0084,01977,,False,False,True,False,False,True
0084,02508,,False,False,True,False,False,True
0084,01983,,False,False,True,False,False,True
0084,02153,,False,False,True,False,False,True
0084,02539,,False,False,True,False,False,True
0084,02162,,False,False,True,False,False,True
0084,02506,,False,False,True,False,False,True
0084,01145,,False,False,True,False,False,True
0084,01979,,False,False,True,False,False,True
0084,01912,,False,False,True,False,False,True
0084,02332,,False,False,True,False,False,True
0084,01315,,False,False,True,False,False,True
0084,01978,,False,False,True,False,False,True
0084,02163,,False,False,True,False,False,True
0084,02507,,False,False,True,False,False,True
0084,01527,,False,False,True,False,False,True
0084,01913,,False,False,True,False,False,True
0084,02421,,False,False,True,False,False,True
0084,01268,,False,False,True,False,False,True
0084,01401,,False,False,True,False,False,True
0084,02426,,False,False,True,False,False,True
0084,00172,,False,False,True,False,False,True
0084,01266,,False,False,True,False,False,True
0084,01602,,False,False,True,False,False,True
0084,02444,,False,False,True,False,False,True
0084,01038,,False,False,True,False,False,True
0084,00748,,False,False,True,False,False,True
0084,01203,,False,False,True,False,False,True
0084,02472,,False,False,True,False,False,True
0084,00117,,False,False,True,False,False,True
0084,02011,,False,False,True,False,False,True
0084,01204,,False,False,True,False,False,True
0084,00779,,False,False,True,False,False,True
0084,01267,,False,False,True,False,False,True
0084,00173,,False,False,True,False,False,True
0084,01851,,False,False,True,False,False,True
0084,01436,,False,False,True,False,False,True
0084,00370,,False,False,True,False,False,True
0084,01064,,False,False,True,False,False,True
0084,01063,,False,False,True,False,False,True
0084,00747,,False,False,True,False,False,True
0084,01008,,False,False,True,False,False,True
0084,01202,,False,False,True,False,False,True
0084,01006,,False,False,True,False,False,True
0084,01827,,False,False,True,False,False,True
0084,02451,,False,False,True,False,False,True
0084,01482,,False,False,True,False,False,True
0084,01688,,False,False,True,False,False,True
0084,01617,,False,False,True,False,False,True
0084,00355,,False,False,True,False,False,True
0084,02253,,False,False,True,False,False,True
0084,02057,,False,False,True,False,False,True
0084,01414,,False,False,True,False,False,True
0084,01880,,False,False,True,False,False,True
0084,01828,,False,False,True,False,False,True
0084,02450,,False,False,True,False,False,True
0084,01228,,False,False,True,False,False,True
0084,01673,,False,False,True,False,False,True
0084,01415,,False,False,True,False,False,True
0084,02056,,False,False,True,False,False,True
0084,02255,,False,False,True,False,False,True
0084,01556,,False,False,True,False,False,True
0084,01132,,False,False,True,False,False,True
0084,01797,,False,False,True,False,False,True
0084,02576,,False,False,True,False,False,True
0084,01909,,False,False,True,False,False,True
0084,00025,,False,False,True,False,False,True
0084,01907,,False,False,True,False,False,True
0084,01336,,False,False,True,False,False,True
0084,02311,,False,False,True,False,False,True
0084,01534,,False,False,True,False,False,True
0084,01533,,False,False,True,False,False,True
0084,00281,,False,False,True,False,False,True
0084,02525,,False,False,True,False,False,True
0084,01798,,False,False,True,False,False,True
0084,01906,,False,False,True,False,False,True
0084,01337,,False,False,True,False,False,True
0084,01133,,False,False,True,False,False,True
0084,01352,,False,False,True,False,False,True
0084,00873,,False,False,True,False,False,True
0084,01535,,False,False,True,False,False,True
0064,02484,,False,False,True,False,False,True
0064,00788,,False,False,True,False,False,True
0064,01808,,False,False,True,False,False,True
0064,00124,,False,False,True,False,False,True
0064,02673,,False,False,True,False,False,True
0064,02446,,False,False,False,True,False,True
0064,02674,,False,False,True,False,False,True
0064,00177,,False,False,True,False,False,True
0064,01051,,False,False,False,True,False,True
0064,02082,,False,False,False,True,False,True
0064,01863,,False,False,True,False,False,True
0064,00179,,False,False,True,False,False,True
0064,00774,,False,False,True,False,False,True
0064,02447,,False,False,False,True,False,True
0064,00310,,False,False,True,False,False,True
0064,01807,,False,False,True,False,False,True
0064,00125,,False,False,True,False,False,True
0064,00773,,False,False,True,False,False,True
0064,01231,,False,False,False,True,False,True
0064,01809,,False,False,True,False,False,True
0064,01891,,False,False,True,False,False,True
0064,00988,,False,False,True,False,False,True
0064,01862,,False,False,True,False,False,True
0064,00381,,False,False,True,False,False,True
0064,00176,,False,False,True,False,False,True
0064,00838,,False,False,True,False,False,True
0064,02102,,False,False,True,False,False,True
0064,02559,,False,False,True,False,False,True
0064,02557,,False,False,True,False,False,True
0064,00690,,False,False,True,False,False,True
0064,02167,,False,False,False,True,False,True
0064,00402,,False,False,True,False,False,True
0064,00066,,False,False,True,False,False,True
0064,02193,,False,False,True,False,False,True
0064,00637,,False,False,True,False,False,True
0064,01986,,False,False,True,False,False,True
0064,02169,,False,False,False,True,False,True
0064,02103,,False,False,True,False,False,True
0064,01980,,False,False,True,False,False,True
0064,02161,,False,False,False,True,False,True
0064,00255,,False,False,True,False,False,True
0064,00277,,False,False,True,False,False,True
0064,02349,,False,False,False,True,False,True
0064,00074,,False,False,True,False,False,True
0064,01509,,False,False,True,False,False,True
0064,01155,,False,False,True,False,False,True
0064,00073,,False,False,True,False,False,True
0064,01956,,False,False,True,False,False,True
0064,00685,,False,False,True,False,False,True
0064,00671,,False,False,True,False,False,True
0064,02542,,False,False,True,False,False,True
0064,01750,,False,False,True,False,False,True
0064,00640,,False,False,True,False,False,True
0064,01130,,False,False,True,False,False,True
0064,02110,,False,False,True,False,False,True
0064,01154,,False,False,True,False,False,True
0064,00278,,False,False,True,False,False,True
0064,00276,,False,False,True,False,False,True
0064,00679,,False,False,True,False,False,True
0064,01131,,False,False,True,False,False,True
0064,00641,,False,False,True,False,False,True
0064,01075,,False,False,True,False,False,True
0064,00508,,False,False,True,False,False,True
0064,02064,,False,False,False,True,False,True
0064,02090,,False,False,True,False,False,True
0064,01612,,False,False,False,True,False,True
0064,02498,,False,False,True,False,False,True
0064,02008,,False,False,True,False,False,True
0064,02453,,False,False,True,False,False,True
0064,02454,,False,False,True,False,False,True
0064,00767,,False,False,True,False,False,True
0064,01683,,False,False,True,False,False,True
0064,02650,,False,False,False,True,False,True
0064,00335,,False,False,True,False,False,True
0064,00100,,False,False,True,False,False,True
0064,02091,,False,False,True,False,False,True
0064,02295,,False,False,True,False,False,True
0064,00152,,False,False,True,False,False,True
0064,00509,,False,False,True,False,False,True
0064,00768,,False,False,True,False,False,True
0064,00565,,False,False,True,False,False,True
0064,01682,,False,False,True,False,False,True
0064,02452,,False,False,True,False,False,True
0064,02086,,False,False,True,False,False,True
0064,00174,,False,False,True,False,False,True
0064,01893,,False,False,True,False,False,True
0064,02088,,False,False,True,False,False,True
0064,00383,,False,False,True,False,False,True
0064,00377,,False,False,True,False,False,True
0064,01498,,False,False,True,False,False,True
0064,02487,,False,False,True,False,False,True
0064,00312,,False,False,True,False,False,True
0064,01233,,False,False,False,True,False,True
0064,00543,,False,False,True,False,False,True
0064,00376,,False,False,True,False,False,True
0064,01497,,False,False,True,False,False,True
0064,00121,,False,False,True,False,False,True
0064,00257,,False,False,True,False,False,True
0064,02704,,False,False,True,False,False,True
0064,01985,,False,False,True,False,False,True
0064,01340,,False,False,True,False,False,True
0064,01724,,False,False,True,False,False,True
0064,02703,,False,False,True,False,False,True
0064,02101,,False,False,True,False,False,True
0064,02554,,False,False,True,False,False,True
0064,01341,,False,False,True,False,False,True
0064,01510,,False,False,True,False,False,True
0064,00672,,False,False,True,False,False,True
0064,00482,,False,False,True,False,False,True
0064,00644,,False,False,True,False,False,True
0064,01193,,False,False,True,False,False,True
0064,01955,,False,False,True,False,False,True
0064,02176,,False,False,True,False,False,True
0064,00689,,False,False,True,False,False,True
0064,00642,,False,False,True,False,False,True
0064,01752,,False,False,True,False,False,True
0064,02183,,False,False,True,False,False,True
0064,01396,,False,False,True,False,False,True
0064,02374,,False,False,True,False,False,True
0064,01161,,False,False,True,False,False,True
0064,02696,,False,False,True,False,False,True
0064,00150,,False,False,True,False,False,True
0064,00998,,False,False,True,False,False,True
0064,02264,,False,False,True,False,False,True
0064,00166,,False,False,True,False,False,True
0064,00167,,False,False,True,False,False,True
0064,00997,,False,False,True,False,False,True
0092,00725,3.0,False,False,True,False,False,True
0092,00187,3.0,False,False,True,False,False,True
0092,02016,3.0,False,False,True,False,False,True
0092,03106,3.0,False,False,False,True,False,True
0092,00723,3.0,False,False,True,False,False,True
0092,00724,3.0,False,False,True,False,False,True
0092,01914,3.0,False,False,False,True,False,True
0092,01325,3.0,False,False,True,False,False,True
0092,01913,3.0,False,False,False,True,False,True
0092,00850,3.0,False,False,True,False,False,True
0092,00602,3.0,False,False,True,False,False,True
0092,00851,3.0,False,False,True,False,False,True
0092,01169,3.0,False,False,False,True,False,True
0092,00610,3.0,False,False,True,False,False,True
0092,02125,3.0,False,False,True,False,False,True
0092,00047,3.0,False,False,True,False,False,True
0092,00415,3.0,False,False,False,True,False,True
0092,00819,3.0,False,False,False,True,False,True
0092,00821,3.0,False,False,True,False,False,True
0092,00817,3.0,False,False,False,True,False,True
0092,02864,3.0,False,False,True,False,False,True
0092,02638,3.0,False,False,True,False,False,True
0092,02899,3.0,False,False,False,True,False,True
0092,00168,3.0,False,False,False,True,False,True
0092,02457,3.0,False,False,True,False,False,True
0092,00556,3.0,False,False,True,False,False,True
0092,03112,3.0,False,False,False,True,False,True
0092,02865,3.0,False,False,True,False,False,True
0092,00167,3.0,False,False,False,True,False,True
0092,00177,3.0,False,False,True,False,False,True
0092,01290,3.0,False,False,False,True,False,True
0092,00185,3.0,False,False,True,False,False,True
0092,02015,3.0,False,False,True,False,False,True
0092,03105,3.0,False,False,True,False,False,True
0092,00291,3.0,False,False,True,False,False,True
0092,02999,3.0,False,False,True,False,False,True
0092,02707,3.0,False,False,True,False,False,True
0092,02901,3.0,False,False,True,False,False,True
0092,02708,3.0,False,False,True,False,False,True
0092,02706,3.0,False,False,True,False,False,True
0092,00600,3.0,False,False,True,False,False,True
0092,01327,3.0,False,False,True,False,False,True
0092,01190,3.0,False,False,True,False,False,True
0092,00822,3.0,False,False,True,False,False,True
0092,00416,3.0,False,False,False,True,False,True
0092,00304,3.0,False,False,True,False,False,True
0092,03111,3.0,False,False,False,True,False,True
0092,00555,3.0,False,False,True,False,False,True
0066,03364,,False,False,False,True,False,True
0066,01265,,False,False,True,False,False,True
0066,03390,,False,False,True,False,False,True
0066,02621,,False,False,True,False,False,True
0066,03363,,False,False,False,True,False,True
0066,02083,,False,False,False,True,False,True
0066,02048,,False,False,True,False,False,True
0066,02422,,False,False,False,True,False,True
0066,00375,,False,False,True,False,False,True
0066,03550,,False,False,False,True,False,True
0066,01663,,False,False,True,False,False,True
0066,02476,,False,False,True,False,False,True
0066,02227,,False,False,True,False,False,True
0066,01664,,False,False,True,False,False,True
0066,03102,,False,False,True,False,False,True
0066,00919,,False,False,True,False,False,True
0066,01493,,False,False,True,False,False,True
0066,00380,,False,False,False,True,False,True
0066,00373,,False,False,True,False,False,True
0066,01263,,False,False,True,False,False,True
0066,02082,,False,False,True,False,False,True
0066,02412,,False,False,True,False,False,True
0066,00980,,False,False,False,True,False,True
0066,03391,,False,False,True,False,False,True
0066,03365,,False,False,False,True,False,True
0066,00918,,False,False,True,False,False,True
0066,01492,,False,False,True,False,False,True
0066,03103,,False,False,True,False,False,True
0066,00920,,False,False,True,False,False,True
0066,00781,,False,False,True,False,False,True
0066,02226,,False,False,True,False,False,True
0066,00571,,False,False,True,False,False,True
0066,03281,,False,False,True,False,False,True
0066,01945,,False,False,True,False,False,True
0066,00255,,False,False,True,False,False,True
0066,01728,,False,False,True,False,False,True
0066,03244,,False,False,True,False,False,True
0066,02953,,False,False,True,False,False,True
0066,03243,,False,False,True,False,False,True
0066,02954,,False,False,True,False,False,True
0066,00698,,False,False,True,False,False,True
0066,02909,,False,False,True,False,False,True
0066,01729,,False,False,True,False,False,True
0066,01943,,False,False,True,False,False,True
0066,00253,,False,False,True,False,False,True
0066,03280,,False,False,True,False,False,True
0066,01944,,False,False,True,False,False,True
0066,02908,,False,False,True,False,False,True
0066,00697,,False,False,True,False,False,True
0066,00469,,False,False,True,False,False,True
0066,02901,,False,False,True,False,False,True
0066,03661,,False,False,True,False,False,True
0066,00813,,False,False,True,False,False,True
0066,02586,,False,False,True,False,False,True
0066,01767,,False,False,True,False,False,True
0066,00814,,False,False,True,False,False,True
0066,03064,,False,False,True,False,False,True
0066,03256,,False,False,True,False,False,True
0066,02384,,False,False,False,True,False,True
0066,03063,,False,False,True,False,False,True
0066,01154,,False,False,True,False,False,True
0066,03055,,False,False,False,True,False,True
0066,02180,,False,False,True,False,False,True
0066,03052,,False,False,False,True,False,True
0066,01153,,False,False,True,False,False,True
0066,02587,,False,False,True,False,False,True
0066,01766,,False,False,True,False,False,True
0066,00475,,False,False,False,True,False,True
0066,03660,,False,False,True,False,False,True
0066,01101,,False,False,True,False,False,True
0066,03669,,False,False,True,False,False,True
0066,02181,,False,False,True,False,False,True
0066,03053,,False,False,True,False,False,True
0066,03054,,False,False,False,True,False,True
0066,01531,,False,False,True,False,False,True
0066,03257,,False,False,True,False,False,True
0066,02385,,False,False,False,True,False,True
0066,00130,,False,False,True,False,False,True
0066,03741,,False,False,True,False,False,True
0066,02658,,False,False,True,False,False,True
0066,01029,,False,False,True,False,False,True
0066,01815,,False,False,True,False,False,True
0066,00137,,False,False,True,False,False,True
0066,01027,,False,False,True,False,False,True
0066,03770,,False,False,True,False,False,True
0066,02656,,False,False,True,False,False,True
0066,02464,,False,False,True,False,False,True
0066,01685,,False,False,True,False,False,True
0066,01824,,False,False,True,False,False,True
0066,02463,,False,False,True,False,False,True
0066,02497,,False,False,True,False,False,True
0066,01823,,False,False,True,False,False,True
0066,03511,,False,False,True,False,False,True
0066,03172,,False,False,True,False,False,True
0066,02892,,False,False,True,False,False,True
0066,02091,,False,False,True,False,False,True
0066,02496,,False,False,True,False,False,True
0066,01683,,False,False,True,False,False,True
0066,01822,,False,False,True,False,False,True
0066,00138,,False,False,True,False,False,True
0066,01026,,False,False,True,False,False,True
0066,01825,,False,False,True,False,False,True
0066,01814,,False,False,True,False,False,True
0066,03173,,False,False,True,False,False,True
0066,03759,,False,False,True,False,False,True
0066,01658,,False,False,True,False,False,True
0066,00587,,False,False,True,False,False,True
0066,01031,,False,False,True,False,False,True
0066,03761,,False,False,True,False,False,True
0066,02475,,False,False,True,False,False,True
0066,03768,,False,False,True,False,False,True
0066,01656,,False,False,True,False,False,True
0066,02215,,False,False,True,False,False,True
0066,03139,,False,False,True,False,False,True
0066,00783,,False,False,True,False,False,True
0066,02622,,False,False,True,False,False,True
0066,03509,,False,False,True,False,False,True
0066,02428,,False,False,True,False,False,True
0066,03507,,False,False,True,False,False,True
0066,00712,,False,False,False,True,False,True
0066,02421,,False,False,False,True,False,True
0066,02426,,False,False,True,False,False,True
0066,03138,,False,False,True,False,False,True
0066,00588,,False,False,True,False,False,True
0066,00572,,False,False,True,False,False,True
0066,00714,,False,False,True,False,False,True
0066,00979,,False,False,False,True,False,True
0066,02411,,False,False,True,False,False,True
0066,00379,,False,False,True,False,False,True
0066,00234,,False,False,True,False,False,True
0066,00233,,False,False,True,False,False,True
0066,02932,,False,False,True,False,False,True
0066,01384,,False,False,True,False,False,True
0066,01519,,False,False,True,False,False,True
0066,01383,,False,False,True,False,False,True
0066,01348,,False,False,True,False,False,True
0066,02933,,False,False,True,False,False,True
0066,01347,,False,False,True,False,False,True
0066,01520,,False,False,True,False,False,True
0066,00439,,False,False,True,False,False,True
0066,03255,,False,False,True,False,False,True
0066,01103,,False,False,True,False,False,True
0066,00441,,False,False,True,False,False,True
0066,00680,,False,False,True,False,False,True
0066,02578,,False,False,True,False,False,True
0066,00470,,False,False,True,False,False,True
0066,01764,,False,False,True,False,False,True
0066,01763,,False,False,True,False,False,True
0066,02576,,False,False,True,False,False,True
0066,01532,,False,False,True,False,False,True
0066,00476,,False,False,True,False,False,True
0066,00681,,False,False,True,False,False,True
0066,03343,,False,False,True,False,False,True
0066,01242,,False,False,False,True,False,True
0066,03512,,False,False,True,False,False,True
0066,03344,,False,False,True,False,False,True
0066,02891,,False,False,True,False,False,True
0066,02630,,False,False,False,True,False,True
0066,02254,,False,False,True,False,False,True
0066,03372,,False,False,True,False,False,True
0066,02092,,False,False,True,False,False,True
0066,03178,,False,False,False,True,False,True
0066,02253,,False,False,False,True,False,True
0066,00796,,False,False,True,False,False,True
0066,02663,,False,False,True,False,False,True
0066,00339,,False,False,False,True,False,True
0066,00557,,False,False,False,True,False,True
0066,03742,,False,False,True,False,False,True
0066,01816,,False,False,True,False,False,True
0066,01211,,False,False,True,False,False,True
0066,01820,,False,False,True,False,False,True
0066,00102,,False,False,True,False,False,True
0066,03179,,False,False,False,True,False,True
0066,01047,,False,False,True,False,False,True
0066,03374,,False,False,False,True,False,True
0066,02890,,False,False,True,False,False,True
0066,01049,,False,False,True,False,False,True
0066,01244,,False,False,False,True,False,True
0066,02899,,False,False,False,True,False,True
0066,00558,,False,False,False,True,False,True
0066,01210,,False,False,True,False,False,True
0066,03743,,False,False,True,False,False,True
0066,00797,,False,False,True,False,False,True
0066,00338,,False,False,False,True,False,True
0066,03549,,False,False,False,True,False,True
0016,00844,3.0,False,True,False,True,True,False
0016,00078,3.0,False,True,True,False,False,True
0016,01962,3.0,False,True,True,False,False,True
0016,01737,3.0,False,True,True,False,False,True
0016,00843,3.0,False,True,False,True,True,False
0016,01739,3.0,False,True,True,False,False,True
0016,02148,3.0,False,True,True,False,False,True
0016,02974,3.0,False,True,True,False,False,True
0016,01362,3.0,False,True,True,False,False,True
0016,01150,3.0,False,True,True,False,False,True
0016,01534,3.0,False,True,True,False,False,True
0016,02513,3.0,False,True,True,False,False,True
0016,00076,3.0,False,True,False,True,True,False
0016,02721,3.0,False,True,True,False,False,True
0016,02973,3.0,False,True,True,False,False,True
0016,03069,3.0,False,True,True,False,False,True
0016,02726,3.0,False,True,True,False,False,True
0016,02514,3.0,False,True,True,False,False,True
0016,01533,3.0,False,True,True,False,False,True
0016,01365,3.0,False,True,True,False,False,True
0016,00025,3.0,False,True,True,False,False,True
0016,02316,3.0,False,True,False,True,False,True
0016,01593,3.0,False,True,True,False,False,True
0016,00441,3.0,False,True,True,False,False,True
0016,02781,3.0,False,True,True,False,False,True
0016,01938,3.0,False,True,True,False,False,True
0016,02775,3.0,False,True,True,False,False,True
0016,01790,3.0,False,True,True,False,False,True
0016,00470,3.0,False,True,True,False,False,True
0016,01931,3.0,False,True,True,False,False,True
0016,01936,3.0,False,True,True,False,False,True
0016,03068,3.0,False,True,True,False,False,True
0016,01532,3.0,False,True,True,False,False,True
0016,02515,3.0,False,True,True,False,False,True
0016,02149,3.0,False,True,True,False,False,True
0016,01738,3.0,False,True,True,False,False,True
0016,00077,3.0,False,True,True,False,False,True
0016,02182,3.0,False,True,True,False,False,True
0016,01352,3.0,False,True,True,False,False,True
0016,01194,3.0,False,True,True,False,False,True
0016,01937,3.0,False,True,True,False,False,True
0016,00471,3.0,False,True,True,False,False,True
0016,02789,3.0,False,True,True,False,False,True
0016,00688,3.0,False,True,True,False,False,True
0016,02774,3.0,False,True,True,False,False,True
0016,00023,3.0,False,True,True,False,False,True
0016,01561,3.0,False,True,True,False,False,True
0016,01289,3.0,False,True,True,False,False,True
0016,00169,3.0,False,True,True,False,False,True
0016,01077,3.0,False,True,True,False,False,True
0016,02050,3.0,False,True,True,False,False,True
0016,00731,3.0,False,True,False,True,False,True
0016,02630,3.0,False,True,True,False,False,True
0016,02637,3.0,False,True,True,False,False,True
0016,02663,3.0,False,True,False,True,True,False
0016,01012,3.0,False,True,True,False,False,True
0016,02836,3.0,False,True,True,False,False,True
0016,01829,3.0,False,True,True,False,False,True
0016,01675,3.0,False,True,True,False,False,True
0016,02467,3.0,False,True,True,False,False,True
0016,00592,3.0,False,True,True,False,False,True
0016,01827,3.0,False,True,True,False,False,True
0016,02051,3.0,False,True,True,False,False,True
0016,01076,3.0,False,True,True,False,False,True
0016,01618,3.0,False,True,True,False,False,True
0016,01288,3.0,False,True,True,False,False,True
0016,01673,3.0,False,True,True,False,False,True
0016,02466,3.0,False,True,True,False,False,True
0016,01228,3.0,False,True,True,False,False,True
0016,01210,3.0,False,True,True,False,False,True
0016,02468,3.0,False,True,True,False,False,True
0016,01013,3.0,False,True,True,False,False,True
0016,01221,3.0,False,True,True,False,False,True
0016,00909,3.0,False,True,True,False,False,True
0016,02034,3.0,False,True,True,False,False,True
0016,00551,3.0,False,True,True,False,False,True
0016,01832,3.0,False,True,True,False,False,True
0016,00914,3.0,False,True,True,False,False,True
0016,01667,3.0,False,True,True,False,False,True
0016,00913,3.0,False,True,True,False,False,True
0016,01835,3.0,False,True,True,False,False,True
0016,02475,3.0,False,True,True,False,False,True
0016,02018,3.0,False,True,True,False,False,True
0016,01464,3.0,False,True,True,False,False,True
0016,01497,3.0,False,True,True,False,False,True
0016,02080,3.0,False,True,True,False,False,True
0016,00723,3.0,False,True,True,False,False,True
0016,02279,3.0,False,True,True,False,False,True
0016,00724,3.0,False,True,True,False,False,True
0016,01054,3.0,False,True,True,False,False,True
0016,02428,3.0,False,True,True,False,False,True
0016,02613,3.0,False,True,True,False,False,True
0016,00520,3.0,False,True,True,False,False,True
0016,02283,3.0,False,True,True,False,False,True
0016,00715,3.0,False,True,True,False,False,True
0016,02614,3.0,False,True,True,False,False,True
0016,00544,3.0,False,True,True,False,False,True
0016,00588,3.0,False,True,True,False,False,True
0016,01465,3.0,False,True,True,False,False,True
0016,00543,3.0,False,True,True,False,False,True
0016,01834,3.0,False,True,True,False,False,True
0016,01833,3.0,False,True,True,False,False,True
0016,02641,3.0,False,True,True,False,False,True
0016,00586,3.0,False,True,True,False,False,True
0016,00714,3.0,False,True,True,False,False,True
0016,01256,3.0,False,True,True,False,False,True
0016,01635,3.0,False,True,True,False,False,True
0016,02612,3.0,False,True,True,False,False,True
0016,00713,3.0,False,True,True,False,False,True
0016,01438,3.0,False,True,True,False,False,True
0016,02086,3.0,False,True,True,False,False,True
0016,02429,3.0,False,True,True,False,False,True
0016,02081,3.0,False,True,True,False,False,True
0016,01409,3.0,False,True,True,False,False,True
0016,02563,3.0,False,True,True,False,False,True
0016,00006,3.0,False,True,True,False,False,True
0016,00001,3.0,False,True,True,False,False,True
0016,00465,3.0,False,True,True,False,False,True
0016,00491,3.0,False,True,True,False,False,True
0016,01740,3.0,False,True,True,False,False,True
0016,02555,3.0,False,True,True,False,False,True
0016,02303,3.0,False,True,True,False,False,True
0016,02733,3.0,False,True,True,False,False,True
0016,00256,3.0,False,True,True,False,False,True
0016,01384,3.0,False,True,True,False,False,True
0016,02734,3.0,False,True,True,False,False,True
0016,02530,3.0,False,True,True,False,False,True
0016,00431,3.0,False,True,True,False,False,True
0016,00293,3.0,False,True,True,False,False,True
0016,02395,3.0,False,True,True,False,False,True
0016,02361,3.0,False,True,True,False,False,True
0016,00052,3.0,False,True,True,False,False,True
0016,00099,3.0,False,True,False,True,False,True
0016,01983,3.0,False,True,True,False,False,True
0016,02933,3.0,False,True,True,False,False,True
0016,02302,3.0,False,True,True,False,False,True
0016,00490,3.0,False,True,True,False,False,True
0016,01542,3.0,False,True,True,False,False,True
0016,00007,3.0,False,True,True,False,False,True
0016,02152,3.0,False,True,False,True,False,True
0016,00053,3.0,False,True,True,False,False,True
0016,00850,3.0,False,True,True,False,False,True
0016,02393,3.0,False,True,True,False,False,True
0016,01186,3.0,False,True,True,False,False,True
0016,00430,3.0,False,True,True,False,False,True
0016,01971,3.0,False,True,True,False,False,True
0016,02735,3.0,False,True,True,False,False,True
0016,00257,3.0,False,True,True,False,True,False
0016,02315,3.0,False,True,True,False,False,True
0016,01590,3.0,False,True,True,False,False,True
0016,03037,3.0,False,True,True,False,False,True
0016,00487,3.0,False,True,True,False,False,True
0016,00840,3.0,False,True,False,True,False,True
0016,01501,3.0,False,True,True,False,False,True
0016,01350,3.0,False,True,True,False,False,True
0016,01366,3.0,False,True,True,False,False,True
0016,00849,3.0,False,True,True,False,False,True
0016,02722,3.0,False,True,True,False,False,True
0016,02741,3.0,False,True,True,False,False,True
0016,01792,3.0,False,True,True,False,False,True
0016,00472,3.0,False,True,True,False,False,True
0016,01591,3.0,False,True,True,False,False,True
0016,00824,3.0,False,True,False,True,False,True
0016,01562,3.0,False,True,True,False,False,True
0016,00823,3.0,False,True,True,False,False,True
0016,02949,3.0,False,True,True,False,False,True
0016,02181,3.0,False,True,True,False,False,True
0016,02529,3.0,False,True,True,False,False,True
0016,01969,3.0,False,True,True,False,False,True
0016,01367,3.0,False,True,True,False,False,True
0016,01475,3.0,False,True,True,False,False,True
0016,01018,3.0,False,True,True,False,False,True
0016,01676,3.0,False,True,True,False,False,True
0016,00905,3.0,False,True,True,False,False,True
0016,00199,3.0,False,True,True,False,False,True
0016,01877,3.0,False,True,True,False,False,True
0016,02857,3.0,False,True,True,False,False,True
0016,01283,3.0,False,True,True,False,False,True
0016,00197,3.0,False,True,True,False,False,True
0016,02859,3.0,False,True,True,False,False,True
0016,00732,3.0,False,True,False,True,False,True
0016,01284,3.0,False,True,True,False,False,True
0016,02465,3.0,False,True,True,False,False,True
0016,01222,3.0,False,True,True,False,False,True
0016,02834,3.0,False,True,True,False,False,True
0016,01487,3.0,False,True,True,False,False,True
0016,01017,3.0,False,True,False,True,False,True
0016,01473,3.0,False,True,True,False,False,True
0016,02833,3.0,False,True,True,False,False,True
0016,02858,3.0,False,True,True,False,False,True
0016,01285,3.0,False,True,True,False,False,True
0016,02293,3.0,False,True,True,False,False,True
0016,00198,3.0,False,True,False,True,True,False
0016,00515,3.0,False,True,True,False,False,True
0016,02084,3.0,False,True,True,False,False,True
0016,02083,3.0,False,True,True,False,False,True
0016,02245,3.0,False,True,True,False,False,True
0016,01254,3.0,False,True,True,False,False,True
0016,02628,3.0,False,True,True,False,False,True
0016,01637,3.0,False,True,True,False,False,True
0016,02280,3.0,False,True,False,True,False,True
0016,01253,3.0,False,True,True,False,False,True
0016,02079,3.0,False,True,True,False,False,True
0016,01862,3.0,False,True,True,False,False,True
0016,00548,3.0,False,True,True,False,False,True
0016,00910,3.0,False,True,True,False,False,True
0016,01836,3.0,False,True,True,False,False,True
0016,02476,3.0,False,True,True,False,False,True
0016,01831,3.0,False,True,True,False,False,True
0016,01209,3.0,False,True,True,False,False,True
0016,02478,3.0,False,True,True,False,False,True
0016,01838,3.0,False,True,True,False,False,True
0016,01636,3.0,False,True,True,False,False,True
0016,01863,3.0,False,True,True,False,False,True
0016,01255,3.0,False,True,True,False,True,False
0016,00513,3.0,False,True,True,False,False,True
0016,00148,3.0,False,True,True,False,False,True
0016,02243,3.0,False,True,True,False,False,True
0016,01290,3.0,False,True,True,False,False,True
0016,01002,3.0,False,True,False,True,False,True
0016,01230,3.0,False,True,True,False,False,True
0016,01830,3.0,False,True,True,False,False,True
0016,01665,3.0,False,True,True,False,False,True
0016,02477,3.0,False,True,True,False,False,True
0016,00897,3.0,False,True,True,False,False,True
0016,02192,3.0,False,True,True,False,False,True
0016,01513,3.0,False,True,True,False,False,True
0016,01184,3.0,False,True,True,False,False,True
0016,02533,3.0,False,True,True,False,False,True
0016,02558,3.0,False,True,True,False,False,True
0016,01540,3.0,False,True,True,False,False,True
0016,00698,3.0,False,True,True,False,False,True
0016,01547,3.0,False,True,True,False,False,True
0016,00839,3.0,False,True,False,True,True,False
0016,00005,3.0,False,True,True,False,False,True
0016,00468,3.0,False,True,True,False,False,True
0016,02931,3.0,False,True,True,False,False,True
0016,01743,3.0,False,True,True,False,False,True
0016,02532,3.0,False,True,True,False,False,True
0016,01512,3.0,False,True,True,False,False,True
0016,00896,3.0,False,True,True,False,False,True
0016,01548,3.0,False,True,True,False,False,True
0016,01583,3.0,False,True,True,False,False,True
0016,01789,3.0,False,True,True,False,False,True
0016,00838,3.0,False,True,True,False,False,True
0016,01310,3.0,False,True,True,False,False,True
0016,01541,3.0,False,True,True,False,False,True
0016,00467,3.0,False,True,True,False,False,True
0048,00438,2.0,False,False,True,False,False,True
0249,00167,,False,False,True,False,False,True
0249,02637,,False,False,True,False,False,True
0249,00169,,False,False,True,False,False,True
0249,02639,,False,False,True,False,False,True
0249,02839,,False,False,True,False,False,True
0249,01680,,False,False,True,False,False,True
0249,01391,,False,False,True,False,False,True
0249,01331,,False,False,True,False,False,True
0249,01907,,False,False,True,False,False,True
0249,01906,,False,False,True,False,False,True
0249,01908,,False,False,True,False,False,True
0249,01586,,False,False,True,False,False,True
0249,00692,,False,False,True,False,False,True
0249,01572,,False,False,True,False,False,True
0249,01588,,False,False,True,False,False,True
0249,01315,,False,False,True,False,False,True
0249,00856,,False,False,True,False,False,True
0249,02508,,False,False,True,False,False,True
0249,01313,,False,False,True,False,False,True
0249,01573,,False,False,True,False,False,True
0249,00693,,False,False,True,False,False,True
0249,00119,,False,False,True,False,False,True
0249,02671,,False,False,True,False,False,True
0249,00121,,False,False,True,False,False,True
0249,01203,,False,False,True,False,False,True
0249,01204,,False,False,True,False,False,True
0249,02613,,False,False,True,False,False,True
0249,00518,,False,False,True,False,False,True
0249,02670,,False,False,True,False,False,True
0249,00517,,False,False,True,False,False,True
0249,02840,,False,False,True,False,False,True
0249,01392,,False,False,True,False,False,True
0249,01368,,False,False,True,False,False,True
0249,00420,,False,False,True,False,False,True
0249,00421,,False,False,True,False,False,True
0249,01369,,False,False,True,False,False,True
0249,01367,,False,False,True,False,False,True
0249,00855,,False,False,True,False,False,True
0249,00386,,False,False,True,False,False,True
0249,01262,,False,False,True,False,False,True
0249,00113,,False,False,True,False,False,True
0249,00114,,False,False,True,False,False,True
0249,01263,,False,False,True,False,False,True
0249,00387,,False,False,True,False,False,True
