strategy_combo,scenario_name,date,sim_start_hour,log_key,offset,cluster,year,routing_compute_seconds,sim_replay_seconds,delta_t,device,fire_size_cells,fire_size_percentage,total_distance_traveled,percentage_map_explored,routed
GaussianBudget75M_TOPGrowing,1-3_Mccoy_2023-CALMU-003270,20230627,0,pyrologix,1,60-61,2023,0.0,0.005890725995413959,0,drone,1,9.489961992702219e-05,710,0.0046500813764240876,True
GaussianBudget75M_TOPGrowing,3-1_Day_2023-CALMU-004305,20230815,2,pyrologix,2,none,2023,0.0,0.0026388500118628144,-1,undetected,1,9.489961992702219e-05,0,0.0,False
GaussianBudget75M_TOPGrowing,3-1_Egg_2023-CALMU-003234,20230625,16,pyrologix,2,none,2023,0.0,0.002505499986000359,-1,undetected,1,9.489961992702219e-05,0,0.0,False
GaussianBudget75M_TOPGrowing,3-3_2023-CASRF-000976,20230816,19,pyrologix,2,42-15,2023,0.0,0.003147557028569281,0,drone,1,9.489961992702219e-05,870,0.004460282136570043,True
GaussianBudget75M_TOPGrowing,3-4_2023-CAHUU-008052,20230815,15,pyrologix,1,44-14,2023,0.0,0.003147230949252844,0,drone,1,9.489961992702219e-05,585,0.0040806836568619545,True
GaussianBudget75M_TOPGrowing,3-5_2023-CASRF-000975,20230816,15,pyrologix,9,42-15,2023,0.0,0.005924658034928143,1,drone,1,9.489961992702219e-05,3985,0.0046500813764240876,True
GaussianBudget75M_TOPGrowing,3-5_Buck_2023-CALMU-004384,20230818,20,pyrologix,7,48-67,2023,0.0,0.00425317301414907,0,drone,1,9.489961992702219e-05,2865,0.0046500813764240876,True
GaussianBudget75M_TOPGrowing,3-9_2023-CASRF-000972,20230816,4,pyrologix,11,42-15,2023,0.0,0.00784044899046421,0,drone,1,9.489961992702219e-05,4510,0.0046500813764240876,True
GaussianBudget75M_TOPGrowing,330_2023-CABDF-011118,20230807,5,pyrologix,7,none,2023,0.0,0.0029866360127925873,-1,undetected,1,9.489961992702219e-05,0,0.0,False
GaussianBudget75M_TOPGrowing,6-1_2023-CATCU-011048,20230820,12,pyrologix,8,118-56,2023,0.0,0.005192867014557123,0,drone,1,9.489961992702219e-05,3275,0.0046500813764240876,True
GaussianBudget75M_TOPGrowing,6-6_2023-CATCU-012071,20230910,10,pyrologix,6,118-56,2023,0.0,0.003979385946877301,0,drone,1,9.489961992702219e-05,2455,0.0046500813764240876,True
GaussianBudget75M_TOPGrowing,Abbot_2023-CAKNF-008113,20230917,16,pyrologix,12,28-32,2023,0.0,0.010730857960879803,1,drone,1,9.489961992702219e-05,5285,0.0046500813764240876,True
GaussianBudget75M_TOPGrowing,Adits_2023-CASQF-002240,20231016,20,pyrologix,1,172-74,2023,0.0,0.004051523050293326,0,drone,1,9.489961992702219e-05,600,0.004555181756497065,True
GaussianBudget75M_TOPGrowing,Agua_2023-CAANF-232390,20230725,17,pyrologix,8,none,2023,0.0,0.0024255269672721624,-1,undetected,1,9.489961992702219e-05,0,0.0,False
GaussianBudget75M_TOPGrowing,Alder_2023-CAKNF-005006,20230623,11,pyrologix,10,17-30,2023,0.0,0.010301453992724419,1,drone,1,9.489961992702219e-05,4370,0.004555181756497065,True
GaussianBudget75M_TOPGrowing,Alpine_2023-CABDF-009210,20230628,20,pyrologix,8,none,2023,0.0,0.0023278890876099467,-1,undetected,1,9.489961992702219e-05,0,0.0,False
GaussianBudget75M_TOPGrowing,Alpine_2023-CASHF-000969,20230814,19,pyrologix,5,35-43,2023,0.0,0.006050945026800036,0,drone,1,9.489961992702219e-05,2265,0.004839880616278132,True
GaussianBudget75M_TOPGrowing,Alpine_2023-CASQF-001708,20230817,13,pyrologix,10,161-79,2023,0.0,0.004301905049942434,0,drone,1,9.489961992702219e-05,3880,0.0047449809963511095,True
GaussianBudget75M_TOPGrowing,Alray_2023-CABDF-011889,20230828,16,pyrologix,11,206-88,2023,0.0,0.006222723983228207,0,drone,1,9.489961992702219e-05,4450,0.004460282136570043,True
GaussianBudget75M_TOPGrowing,Andrews_2023-CAINF-001994,20231104,10,pyrologix,11,none,2023,0.0,0.0023373350268229842,-1,undetected,1,9.489961992702219e-05,0,0.0,False
GaussianBudget75M_TOPGrowing,Anthony_2023-CAMNF-001204,20230917,20,pyrologix,12,61-19,2023,516.511895683012,0.0033327670535072684,0,drone,1,9.489961992702219e-05,4895,0.0046500813764240876,True
GaussianBudget75M_TOPGrowing,Antlers_2023-CASHF-000837,20230720,0,pyrologix,1,42-41,2023,0.0,0.006209476967342198,0,drone,1,9.489961992702219e-05,675,0.004365382516643021,True
GaussianBudget75M_TOPGrowing,Arnica_2023-CAMDF-000853,20230903,13,pyrologix,11,none,2023,0.0,0.0025063109351322055,-1,undetected,1,9.489961992702219e-05,0,0.0,False
GaussianBudget75M_TOPGrowing,Ash_2023-CASHF-000681,20230626,19,pyrologix,7,34-50,2023,0.0,0.005201983964070678,0,drone,1,9.489961992702219e-05,3030,0.0046500813764240876,True
GaussianBudget75M_TOPGrowing,Aspen_2023-CAENF-022284,20230814,17,pyrologix,9,98-62,2023,0.0,0.009836229030042887,1,drone,1,9.489961992702219e-05,4090,0.0046500813764240876,True
GaussianBudget75M_TOPGrowing,Aspen_2023-CASTF-001532,20230813,10,pyrologix,10,115-63,2023,0.0,0.006576810032129288,0,drone,1,9.489961992702219e-05,4090,0.0046500813764240876,True
GaussianBudget75M_TOPGrowing,Aubrey_2023-CAKNF-004323,20230604,3,pyrologix,5,17-30,2023,0.0,0.00637035199906677,0,drone,1,9.489961992702219e-05,2220,0.004460282136570043,True
GaussianBudget75M_TOPGrowing,Austin_2023-CATNF-000568,20230602,15,pyrologix,7,80-58,2023,0.0,0.005735388025641441,0,drone,1,9.489961992702219e-05,2910,0.0046500813764240876,True
GaussianBudget75M_TOPGrowing,Avenales_2023-CALPF-002880,20231012,12,pyrologix,12,none,2023,0.0,0.0020386630203574896,-1,undetected,1,9.489961992702219e-05,0,0.0,False
GaussianBudget75M_TOPGrowing,Backwards_2023-CASTF-000818,20230606,21,pyrologix,9,118-64,2023,0.0,0.0028209929587319493,0,drone,1,9.489961992702219e-05,3660,0.0046500813764240876,True
GaussianBudget75M_TOPGrowing,Badenaugh_2023-CATNF-000609,20230605,23,pyrologix,4,77-70,2023,0.0,0.004194031003862619,0,drone,1,9.489961992702219e-05,1735,0.0040806836568619545,True
GaussianBudget75M_TOPGrowing,Baily_2023-CASQF-000609,20230523,17,pyrologix,7,146-69,2023,519.3785313160624,0.003207775065675378,0,drone,1,9.489961992702219e-05,2855,0.004270482896715999,True
GaussianBudget75M_TOPGrowing,Baker_2023-CASTF-001946,20230910,16,pyrologix,4,none,2023,0.0,0.002124345046468079,-1,undetected,1,9.489961992702219e-05,0,0.0,False
GaussianBudget75M_TOPGrowing,Baker_2023-CATNF-000321,20230421,14,pyrologix,11,76-51,2023,0.0,0.007972612045705318,1,drone,1,9.489961992702219e-05,4800,0.0046500813764240876,True
GaussianBudget75M_TOPGrowing,Bald_2023-CASHF-000982,20230815,17,pyrologix,4,41-47,2023,0.0,0.005243637948296964,0,drone,1,9.489961992702219e-05,1760,0.0046500813764240876,True
GaussianBudget75M_TOPGrowing,Bald_2023-CATNF-001280,20230815,13,pyrologix,9,80-65,2023,0.0,0.0048866120632737875,0,drone,1,9.489961992702219e-05,3675,0.0046500813764240876,True
GaussianBudget75M_TOPGrowing,Baldy_2023-CABDF-011408,20230813,20,pyrologix,1,225-101,2023,0.0,0.001930918893776834,0,drone,1,9.489961992702219e-05,495,0.003511285937299821,True
GaussianBudget75M_TOPGrowing,Ball_2023-CAKNF-007178,20230821,19,pyrologix,12,21-49,2023,0.0,0.010863492032513022,1,drone,1,9.489961992702219e-05,5165,0.004460282136570043,True
GaussianBudget75M_TOPGrowing,Ballarat_2023-CAAEU-023137,20230822,21,pyrologix,4,93-54,2023,0.0,0.004013143014162779,0,drone,1,9.489961992702219e-05,1640,0.0046500813764240876,True
GaussianBudget75M_TOPGrowing,Ballarat_2023-CAENF-023155,20230822,21,pyrologix,4,93-54,2023,0.0,0.002777472953312099,0,drone,1,9.489961992702219e-05,1640,0.0046500813764240876,True
GaussianBudget75M_TOPGrowing,Bar_2023-CASRF-000078,20230203,2,pyrologix,8,27-19,2023,0.0,0.0036437319358810782,0,drone,1,9.489961992702219e-05,3285,0.0046500813764240876,True
GaussianBudget75M_TOPGrowing,Bar_2023-CASTF-001950,20230910,12,pyrologix,12,111-57,2023,0.0,0.00508107291534543,0,drone,1,9.489961992702219e-05,4810,0.0046500813764240876,True
GaussianBudget75M_TOPGrowing,Barker_2023-CATNF-001310,20230818,21,pyrologix,4,none,2023,0.0,0.001866969047114253,-1,undetected,1,9.489961992702219e-05,0,0.0,False
GaussianBudget75M_TOPGrowing,Barn_2023-CASTF-001984,20230912,18,pyrologix,9,108-64,2023,0.0,0.004235744010657072,0,drone,1,9.489961992702219e-05,3750,0.0046500813764240876,True
GaussianBudget75M_TOPGrowing,Barn_2023-CATCU-007129,20230602,16,pyrologix,11,115-63,2023,0.0,0.005017208983190358,0,drone,1,9.489961992702219e-05,4390,0.0046500813764240876,True
GaussianBudget75M_TOPGrowing,Barrett_2023-CAANF-233601,20231030,1,pyrologix,11,206-88,2023,0.0,0.006553679006174207,0,drone,1,9.489961992702219e-05,4510,0.004460282136570043,True
GaussianBudget75M_TOPGrowing,Barton_2023-CABDF-007889,20230530,16,pyrologix,1,none,2023,0.0,0.0020258539589121938,-1,undetected,1,9.489961992702219e-05,0,0.0,False
GaussianBudget75M_TOPGrowing,Basin_2023-CASRF-001038,20230823,15,pyrologix,11,54-19,2023,0.0,0.0061631109565496445,0,drone,1,9.489961992702219e-05,4445,0.0046500813764240876,True
GaussianBudget75M_TOPGrowing,Bass_2023-CAMMU-026739,20231129,17,pyrologix,6,135-68,2023,0.0,0.003074657986871898,0,drone,1,9.489961992702219e-05,2460,0.0046500813764240876,True
GaussianBudget75M_TOPGrowing,Battle_2023-CALNF-005206,20230923,19,pyrologix,3,51-53,2023,0.0,0.003148130956105888,0,drone,1,9.489961992702219e-05,1340,0.0046500813764240876,True
GaussianBudget75M_TOPGrowing,Battle_2023-CAMDF-000290,20230627,13,pyrologix,10,none,2023,0.0,0.002123305108398199,-1,undetected,1,9.489961992702219e-05,0,0.0,False
GaussianBudget75M_TOPGrowing,Baxter_2023-CATCU-016553,20231217,13,pyrologix,12,111-57,2023,0.0,0.007660445058718324,0,drone,1,9.489961992702219e-05,4985,0.0046500813764240876,True
GaussianBudget75M_TOPGrowing,Beach_2023-CAINF-000389,20230430,2,pyrologix,6,none,2023,0.0,0.001958381966687739,-1,undetected,1,9.489961992702219e-05,0,0.0,False
GaussianBudget75M_TOPGrowing,Bean_2023-CASHF-000582,20230613,0,pyrologix,6,54-26,2023,0.0,0.007335677044466138,1,drone,1,9.489961992702219e-05,2990,0.0046500813764240876,True
GaussianBudget75M_TOPGrowing,Bear_2023-CAANF-002607,20230807,19,pyrologix,6,none,2023,0.0,0.0019976539770141244,-1,undetected,1,9.489961992702219e-05,0,0.0,False
GaussianBudget75M_TOPGrowing,Bear_2023-CACNF-002771,20231011,14,pyrologix,8,none,2023,0.0,0.0023662199964746833,-1,undetected,1,9.489961992702219e-05,0,0.0,False
GaussianBudget75M_TOPGrowing,Bear_2023-CAENF-020118,20230724,18,pyrologix,12,105-63,2023,0.0,0.006680360995233059,0,drone,1,9.489961992702219e-05,4850,0.0046500813764240876,True
GaussianBudget75M_TOPGrowing,Bear_2023-CAENF-025998,20230921,12,pyrologix,9,105-63,2023,0.0,0.004717141971923411,0,drone,1,9.489961992702219e-05,3535,0.0046500813764240876,True
GaussianBudget75M_TOPGrowing,Bear_2023-CAKNF-004811,20230617,19,pyrologix,8,28-32,2023,0.0,0.008586496929638088,1,drone,1,9.489961992702219e-05,3750,0.0046500813764240876,True
GaussianBudget75M_TOPGrowing,Bear_2023-CASHF-000664,20230625,16,pyrologix,5,40-29,2023,0.0,0.006905702990479767,1,drone,1,9.489961992702219e-05,2560,0.0046500813764240876,True
GaussianBudget75M_TOPGrowing,Bear_2023-CASTF-001093,20230703,11,pyrologix,8,108-64,2023,0.0,0.004331225994974375,0,drone,1,9.489961992702219e-05,3190,0.0046500813764240876,True
GaussianBudget75M_TOPGrowing,Beard_2023-CASTF-001777,20230830,13,pyrologix,5,108-64,2023,0.0,0.002584789996035397,0,drone,1,9.489961992702219e-05,2065,0.0046500813764240876,True
GaussianBudget75M_TOPGrowing,Beckwourth_2023-CAPNF-001324,20230914,6,pyrologix,7,73-63,2023,0.0,0.005566474981606007,0,drone,1,9.489961992702219e-05,2830,0.0046500813764240876,True
GaussianBudget75M_TOPGrowing,Beeler_2023-CAMDF-000215,20230606,15,pyrologix,5,37-64,2023,0.0,0.004028107039630413,0,drone,1,9.489961992702219e-05,2060,0.0046500813764240876,True
GaussianBudget75M_TOPGrowing,Belden_2023-CAPNF-000783,20230723,10,pyrologix,10,69-50,2023,0.0,0.0032308779191225767,0,drone,1,9.489961992702219e-05,4050,0.0046500813764240876,True
GaussianBudget75M_TOPGrowing,Bell_2023-CASTF-001536,20230813,17,pyrologix,1,115-63,2023,0.0,0.0019927549874410033,0,drone,1,9.489961992702219e-05,580,0.0040806836568619545,True
GaussianBudget75M_TOPGrowing,Belle_2023-CAKNF-005208,20230628,0,pyrologix,3,33-29,2023,0.0,0.004795965040102601,0,drone,1,9.489961992702219e-05,1270,0.0046500813764240876,True
GaussianBudget75M_TOPGrowing,Bennett_2023-CASTF-001602,20230816,20,pyrologix,7,none,2023,0.0,0.0018790389876812696,-1,undetected,1,9.489961992702219e-05,0,0.0,False
GaussianBudget75M_TOPGrowing,Berg_2023-CAPNF-000600,20230627,21,pyrologix,9,72-57,2023,0.0,0.008798198075965047,2,drone,1,9.489961992702219e-05,4485,0.0046500813764240876,True
GaussianBudget75M_TOPGrowing,Berry_2023-CAKNF-006953,20230815,13,pyrologix,5,21-28,2023,0.0,0.010435365955345333,1,drone,1,9.489961992702219e-05,2615,0.0046500813764240876,True
GaussianBudget75M_TOPGrowing,Berry_2023-CASRF-000641,20230704,18,pyrologix,6,35-16,2023,0.0,0.00505800498649478,0,drone,1,9.489961992702219e-05,2635,0.0046500813764240876,True
GaussianBudget75M_TOPGrowing,Bert_2023-CAANF-233335,20231003,22,pyrologix,4,none,2023,0.0,0.0018560780445113778,-1,undetected,1,9.489961992702219e-05,0,0.0,False
GaussianBudget75M_TOPGrowing,Bert_2023-CALAC-339062,20231003,18,pyrologix,10,none,2023,0.0,0.0017293889541178942,-1,undetected,1,9.489961992702219e-05,0,0.0,False
GaussianBudget75M_TOPGrowing,Betts_2023-CASRF-000949,20230815,16,pyrologix,3,54-19,2023,0.0,0.013388467021286488,2,drone,1,9.489961992702219e-05,2125,0.0046500813764240876,True
GaussianBudget75M_TOPGrowing,Big_2023-CATNF-001293,20230816,1,pyrologix,5,87-59,2023,0.0,0.005380043992772698,0,drone,1,9.489961992702219e-05,2330,0.0046500813764240876,True
GaussianBudget75M_TOPGrowing,Bigfoot_2023-CASRF-001084,20230830,20,pyrologix,9,25-20,2023,0.0,0.0029793999856337905,0,drone,1,9.489961992702219e-05,3560,0.0046500813764240876,True
GaussianBudget75M_TOPGrowing,Birdie_2023-CASHF-001077,20230825,19,pyrologix,2,40-22,2023,0.0,0.0045667759841308,0,drone,1,9.489961992702219e-05,1015,0.0046500813764240876,True
GaussianBudget75M_TOPGrowing,Black_2023-CATMU-019832,20230720,15,pyrologix,11,none,2023,0.0,0.002377631957642734,-1,undetected,1,9.489961992702219e-05,0,0.0,False
GaussianBudget75M_TOPGrowing,Blackhawk_2023-CAPNF-001014,20230817,20,pyrologix,12,72-57,2023,0.0,0.005689241923391819,0,drone,1,9.489961992702219e-05,4765,0.0046500813764240876,True
GaussianBudget75M_TOPGrowing,Blacksprings_2023-CASTF-001868,20230906,11,pyrologix,7,108-64,2023,0.0,0.005614605033770204,0,drone,1,9.489961992702219e-05,2930,0.0046500813764240876,True
GaussianBudget75M_TOPGrowing,Blackwood_2023-CATMU-017918,20230703,19,pyrologix,2,none,2023,0.0,0.0019580989610403776,-1,undetected,1,9.489961992702219e-05,0,0.0,False
GaussianBudget75M_TOPGrowing,Blake_2023-CASRF-000529,20230614,17,pyrologix,9,42-15,2023,0.0,0.010262828087434173,1,drone,1,9.489961992702219e-05,3985,0.0046500813764240876,True
GaussianBudget75M_TOPGrowing,Blakes_2023-CAKNF-005203,20230628,20,pyrologix,11,33-29,2023,0.0,0.004840546054765582,0,drone,1,9.489961992702219e-05,4390,0.0046500813764240876,True
GaussianBudget75M_TOPGrowing,Blands_2023-CAMNF-001263,20230923,19,pyrologix,9,61-19,2023,0.0,0.01069181493949145,1,drone,1,9.489961992702219e-05,4145,0.0046500813764240876,True
GaussianBudget75M_TOPGrowing,Block_2023-CAKNF-007032,20230816,20,pyrologix,4,24-35,2023,0.0,0.004952918039634824,0,drone,1,9.489961992702219e-05,1740,0.0046500813764240876,True
GaussianBudget75M_TOPGrowing,Blue_2023-CAKNF-004495,20230608,17,pyrologix,9,28-45,2023,0.0,0.0125249590491876,2,drone,1,9.489961992702219e-05,4380,0.0046500813764240876,True
GaussianBudget75M_TOPGrowing,Blue_2023-CAMNF-000497,20230626,21,pyrologix,9,61-26,2023,0.0,0.005016357055865228,0,drone,1,9.489961992702219e-05,3675,0.0046500813764240876,True
GaussianBudget75M_TOPGrowing,Blue_2023-CAPNF-001040,20230817,21,pyrologix,4,72-57,2023,0.0,0.009632030967622995,1,drone,1,9.489961992702219e-05,2190,0.0046500813764240876,True
GaussianBudget75M_TOPGrowing,Blue_2023-CASHF-000550,20230607,0,pyrologix,3,40-29,2023,0.0,0.004942219937220216,0,drone,1,9.489961992702219e-05,1460,0.0046500813764240876,True
GaussianBudget75M_TOPGrowing,Blue_Creek_2_2023-CASRF-000961,20230815,17,pyrologix,7,25-20,2023,0.0,0.003866523038595915,0,drone,1,9.489961992702219e-05,2770,0.0046500813764240876,True
GaussianBudget75M_TOPGrowing,Blue_Jay_2023-CAKNF-009055,20231017,15,pyrologix,11,18-37,2023,0.0,0.008167456020601094,0,drone,1,9.489961992702219e-05,4585,0.004175583276788976,True
GaussianBudget75M_TOPGrowing,Bluff_2023-CAHUU-008538,20230829,6,pyrologix,4,33-23,2023,0.0,0.0033458900870755315,0,drone,1,9.489961992702219e-05,1750,0.0046500813764240876,True
GaussianBudget75M_TOPGrowing,Bluff__1_2023-CASRF-000957,20230815,15,pyrologix,10,23-23,2023,0.0,0.006929659051820636,0,drone,1,9.489961992702219e-05,4155,0.0046500813764240876,True
GaussianBudget75M_TOPGrowing,Board_2023-CABDF-008676,20230617,15,pyrologix,3,206-88,2023,0.0,0.003231173031963408,0,drone,1,9.489961992702219e-05,1245,0.004270482896715999,True
GaussianBudget75M_TOPGrowing,Boardman_2023-CASKU-005105,20230625,19,pyrologix,9,24-35,2023,0.0,0.0037705469876527786,0,drone,1,9.489961992702219e-05,3535,0.0046500813764240876,True
GaussianBudget75M_TOPGrowing,Boca_2023-CATNF-000400,20230512,23,pyrologix,7,84-67,2023,0.0,0.004020935040898621,0,drone,1,9.489961992702219e-05,2800,0.004839880616278132,True
GaussianBudget75M_TOPGrowing,Bolam_2023-CASHF-000752,20230706,2,pyrologix,2,28-45,2023,0.0,0.0023132730275392532,0,drone,1,9.489961992702219e-05,810,0.0046500813764240876,True
GaussianBudget75M_TOPGrowing,Boles_2023-CAMDF-000553,20230817,19,pyrologix,8,none,2023,0.0,0.001761815045028925,-1,undetected,1,9.489961992702219e-05,0,0.0,False
GaussianBudget75M_TOPGrowing,Bon_2023-CAANF-233675,20231106,0,pyrologix,3,none,2023,0.0,0.0018010190688073635,-1,undetected,1,9.489961992702219e-05,0,0.0,False
GaussianBudget75M_TOPGrowing,Bone_2023-CASHF-001075,20230825,18,pyrologix,3,47-21,2023,0.0,0.0032264370238408446,0,drone,1,9.489961992702219e-05,1455,0.0046500813764240876,True
GaussianBudget75M_TOPGrowing,Bone_2023-CASTF-000896,20230616,19,pyrologix,10,118-64,2023,0.0,0.006366383982822299,0,drone,1,9.489961992702219e-05,4170,0.0046500813764240876,True
GaussianBudget75M_TOPGrowing,Bonetti_2023-CAENF-020947,20230801,0,pyrologix,1,97-60,2023,0.0,0.006560018984600902,1,drone,1,9.489961992702219e-05,960,0.004555181756497065,True
GaussianBudget75M_TOPGrowing,Bonfire_2023-CAANF-233475,20231016,20,pyrologix,8,none,2023,0.0,0.0018090530065819621,-1,undetected,1,9.489961992702219e-05,0,0.0,False
GaussianBudget75M_TOPGrowing,Bonita_2023-CABDF-006537,20230426,20,pyrologix,7,206-87,2023,0.0,0.005608774954453111,0,drone,1,9.489961992702219e-05,2940,0.004460282136570043,True
GaussianBudget75M_TOPGrowing,Bordy_2023-CASHF-000559,20230608,21,pyrologix,6,40-22,2023,0.0,0.0038475299952551723,0,drone,1,9.489961992702219e-05,2485,0.0046500813764240876,True
GaussianBudget75M_TOPGrowing,Boulder_2023-CAKNF-006939,20230815,9,pyrologix,9,24-35,2023,0.0,0.009856282034888864,1,drone,1,9.489961992702219e-05,4085,0.0046500813764240876,True
GaussianBudget75M_TOPGrowing,Boulder_2023-CAPNF-000491,20230614,15,pyrologix,6,67-62,2023,0.0,0.005397149012424052,0,drone,1,9.489961992702219e-05,2595,0.0046500813764240876,True
GaussianBudget75M_TOPGrowing,Boundary_2023-CAINF-001798,20230930,12,pyrologix,10,none,2023,0.0,0.0020894129993394017,-1,undetected,1,9.489961992702219e-05,0,0.0,False
GaussianBudget75M_TOPGrowing,Bourland_2023-CASTF-001609,20230817,15,pyrologix,2,115-63,2023,0.0,0.005458557978272438,0,drone,1,9.489961992702219e-05,1050,0.0046500813764240876,True
GaussianBudget75M_TOPGrowing,Bowl_2023-CABDF-010494,20230723,14,pyrologix,6,none,2023,0.0,0.001791791059076786,-1,undetected,1,9.489961992702219e-05,0,0.0,False
GaussianBudget75M_TOPGrowing,Bowman_2023-CATNF-000552,20230601,21,pyrologix,8,87-59,2023,0.0,0.010092690004967153,1,drone,1,9.489961992702219e-05,3720,0.0046500813764240876,True
GaussianBudget75M_TOPGrowing,Box_2023-CAKNF-007204,20230821,16,pyrologix,4,21-28,2023,0.0,0.004616320948116481,0,drone,1,9.489961992702219e-05,1755,0.0046500813764240876,True
GaussianBudget75M_TOPGrowing,Branch_2023-CASHU-004916,20230513,21,pyrologix,4,40-29,2023,0.0,0.004222643910907209,0,drone,1,9.489961992702219e-05,1790,0.0046500813764240876,True
GaussianBudget75M_TOPGrowing,Bridge_2023-CASNF-001041,20230809,10,pyrologix,8,128-67,2023,0.0,0.005386541946791112,0,drone,1,9.489961992702219e-05,3240,0.0046500813764240876,True
GaussianBudget75M_TOPGrowing,Bridge_2023-CASRF-000653,20230705,3,pyrologix,4,26-25,2023,0.0,0.002041667001321912,0,drone,1,9.489961992702219e-05,1620,0.0046500813764240876,True
GaussianBudget75M_TOPGrowing,Brown_2023-CAKNF-006999,20230816,23,pyrologix,9,21-28,2023,0.0,0.005674637039192021,0,drone,1,9.489961992702219e-05,3700,0.0046500813764240876,True
GaussianBudget75M_TOPGrowing,Browns_2023-CAKNF-007321,20230825,3,pyrologix,4,33-29,2023,0.0,0.005700310925021768,0,drone,1,9.489961992702219e-05,1880,0.0046500813764240876,True
GaussianBudget75M_TOPGrowing,Brushy_2023-CASHF-000579,20230612,23,pyrologix,1,40-22,2023,0.0,0.002139149932190776,0,drone,1,9.489961992702219e-05,465,0.003511285937299821,True
GaussianBudget75M_TOPGrowing,Bryant_2023-CABDF-001218,20230125,0,pyrologix,3,none,2023,0.0,0.0018323269905522466,-1,undetected,1,9.489961992702219e-05,0,0.0,False
GaussianBudget75M_TOPGrowing,Buck_2023-CAKNF-005054,20230624,20,pyrologix,1,16-26,2023,0.0,0.00235802901443094,0,drone,1,9.489961992702219e-05,500,0.003511285937299821,True
GaussianBudget75M_TOPGrowing,Buck_2023-CASTF-001902,20230909,18,pyrologix,5,118-64,2023,0.0,0.004174545058049262,0,drone,1,9.489961992702219e-05,2160,0.0046500813764240876,True
GaussianBudget75M_TOPGrowing,Buckeye_2023-CASHF-000895,20230729,19,pyrologix,9,35-36,2023,0.0,0.006644289009273052,0,drone,1,9.489961992702219e-05,3685,0.0046500813764240876,True
GaussianBudget75M_TOPGrowing,Buckeye_2023-CATNF-000550,20230531,19,pyrologix,8,86-54,2023,0.0,0.006151298061013222,1,drone,1,9.489961992702219e-05,3545,0.0046500813764240876,True
GaussianBudget75M_TOPGrowing,Bule_2023-CASHF-000872,20230725,14,pyrologix,1,47-21,2023,0.0,0.003325799945741892,0,drone,1,9.489961992702219e-05,585,0.004460282136570043,True
GaussianBudget75M_TOPGrowing,Bull_2023-CASNF-001025,20230806,19,pyrologix,7,128-67,2023,0.0,0.010654476005584002,1,drone,1,9.489961992702219e-05,3395,0.0046500813764240876,True
GaussianBudget75M_TOPGrowing,Bull_2023-CASRF-000796,20230726,18,pyrologix,3,26-25,2023,0.0,0.002584481961093843,0,drone,1,9.489961992702219e-05,1240,0.0046500813764240876,True
GaussianBudget75M_TOPGrowing,Bumblebee_2023-CAKNF-004487,20230608,16,pyrologix,4,18-37,2023,0.0,0.005089182057417929,0,drone,1,9.489961992702219e-05,1795,0.0040806836568619545,True
GaussianBudget75M_TOPGrowing,Bunny_2023-CASHF-000871,20230725,9,pyrologix,11,35-43,2023,0.0,0.005029538995586336,0,drone,1,9.489961992702219e-05,4400,0.004839880616278132,True
GaussianBudget75M_TOPGrowing,Burger_2023-CAINF-001346,20230815,12,pyrologix,1,none,2023,0.0,0.0017790240235626698,-1,undetected,1,9.489961992702219e-05,0,0.0,False
GaussianBudget75M_TOPGrowing,Burgson_2023-CASTF-001632,20230818,21,pyrologix,4,108-64,2023,0.0,0.006016913917846978,0,drone,1,9.489961992702219e-05,1870,0.0046500813764240876,True
GaussianBudget75M_TOPGrowing,Burma_2023-CAENF-015601,20230611,20,pyrologix,7,90-60,2023,0.0,0.0060042840195819736,0,drone,1,9.489961992702219e-05,2885,0.0046500813764240876,True
GaussianBudget75M_TOPGrowing,Burner_2023-CASRF-000752,20230719,0,pyrologix,10,44-14,2023,0.0,0.005208842922002077,0,drone,1,9.489961992702219e-05,4005,0.0046500813764240876,True
GaussianBudget75M_TOPGrowing,Burney_2023-CAKNF-004138,20230529,15,pyrologix,9,21-28,2023,0.0,0.004753030021674931,0,drone,1,9.489961992702219e-05,3540,0.0046500813764240876,True
GaussianBudget75M_TOPGrowing,Burst_2023-CASTF-001673,20230820,15,pyrologix,9,115-63,2023,0.0,0.003824084997177124,0,drone,1,9.489961992702219e-05,3650,0.0046500813764240876,True
GaussianBudget75M_TOPGrowing,Bush_2023-CACNF-001967,20230729,18,pyrologix,3,none,2023,0.0,0.002142413053661585,-1,undetected,1,9.489961992702219e-05,0,0.0,False
GaussianBudget75M_TOPGrowing,Buster_2023-CAKNF-009059,20231017,22,pyrologix,1,21-42,2023,0.0,0.003130723023787141,0,drone,1,9.489961992702219e-05,575,0.004270482896715999,True
GaussianBudget75M_TOPGrowing,Butte_2023-CAMDF-000207,20230601,20,pyrologix,6,none,2023,0.0,0.0019322719890624285,-1,undetected,1,9.489961992702219e-05,0,0.0,False
GaussianBudget75M_TOPGrowing,Butter_2023-CAPNF-000397,20230603,21,pyrologix,4,65-55,2023,0.0,0.012277096975594759,2,drone,1,9.489961992702219e-05,2540,0.004460282136570043,True
GaussianBudget75M_TOPGrowing,Calpine_2023-CATNF-000815,20230625,21,pyrologix,6,80-65,2023,0.0,0.01017742499243468,1,drone,1,9.489961992702219e-05,2945,0.0046500813764240876,True
GaussianBudget75M_TOPGrowing,Camp_2023-CAANF-233354,20231006,20,pyrologix,12,none,2023,0.0,0.002049333998002112,-1,undetected,1,9.489961992702219e-05,0,0.0,False
GaussianBudget75M_TOPGrowing,Campbell_2023-CASHF-000553,20230607,21,pyrologix,2,42-41,2023,0.0,0.008811088046059012,1,drone,1,9.489961992702219e-05,1470,0.004555181756497065,True
GaussianBudget75M_TOPGrowing,Cantilles_2023-CAANF-001169,20230511,21,pyrologix,8,none,2023,0.0,0.0025265890872105956,-1,undetected,1,9.489961992702219e-05,0,0.0,False
GaussianBudget75M_TOPGrowing,Canyon_2023-CAKNF-007002,20230816,1,pyrologix,5,23-23,2023,0.0,0.00277035403996706,0,drone,1,9.489961992702219e-05,1980,0.0046500813764240876,True
GaussianBudget75M_TOPGrowing,Cap_2023-CASRF-000281,20230425,21,pyrologix,6,26-25,2023,0.0,0.00367176893632859,0,drone,1,9.489961992702219e-05,2440,0.0046500813764240876,True
GaussianBudget75M_TOPGrowing,Capitan_2023-CAKNF-007203,20230821,13,pyrologix,8,16-26,2023,0.0,0.006396326934918761,0,drone,1,9.489961992702219e-05,3370,0.004555181756497065,True
GaussianBudget75M_TOPGrowing,Car_2023-CABDF-010788,20230730,19,pyrologix,2,206-87,2023,0.0,0.004357991041615605,0,drone,1,9.489961992702219e-05,915,0.003985784036934932,True
GaussianBudget75M_TOPGrowing,Caraway_2023-CASHF-001104,20230828,23,pyrologix,1,33-23,2023,0.0,0.00821464799810201,1,drone,1,9.489961992702219e-05,1025,0.0046500813764240876,True
GaussianBudget75M_TOPGrowing,Caribou_2023-CABDF-010960,20230804,18,pyrologix,5,none,2023,0.0,0.001964478986337781,-1,undetected,1,9.489961992702219e-05,0,0.0,False
GaussianBudget75M_TOPGrowing,Caribou_2023-CABDU-010728,20230804,20,pyrologix,1,none,2023,0.0,0.0019760210998356342,-1,undetected,1,9.489961992702219e-05,0,0.0,False
GaussianBudget75M_TOPGrowing,Carman_2023-CATNF-000660,20230611,23,pyrologix,3,80-65,2023,0.0,0.0036269190022721887,0,drone,1,9.489961992702219e-05,1340,0.0046500813764240876,True
GaussianBudget75M_TOPGrowing,Carpenter_2023-CAMNF-000448,20230613,20,pyrologix,4,68-22,2023,484.0713379039662,0.005210110917687416,1,drone,1,9.489961992702219e-05,2235,0.0046500813764240876,True
GaussianBudget75M_TOPGrowing,Carson_2023-CAENF-022008,20230811,19,pyrologix,9,98-62,2023,0.0,0.006344495923258364,0,drone,1,9.489961992702219e-05,3750,0.0046500813764240876,True
GaussianBudget75M_TOPGrowing,Castle_2023-CABDF-009613,20230705,8,pyrologix,11,none,2023,0.0,0.002853014040738344,-1,undetected,1,9.489961992702219e-05,0,0.0,False
GaussianBudget75M_TOPGrowing,Castle_2023-CASHF-000876,20230725,15,pyrologix,11,35-43,2023,0.0,0.006454154034145176,0,drone,1,9.489961992702219e-05,4545,0.004839880616278132,True
GaussianBudget75M_TOPGrowing,Cathederal_2023-CATMU-031777,20231120,12,pyrologix,10,none,2023,0.0,0.002143805962987244,-1,undetected,1,9.489961992702219e-05,0,0.0,False
GaussianBudget75M_TOPGrowing,Cedar_2023-CABDF-009605,20230705,1,pyrologix,9,none,2023,0.0,0.0020538190146908164,-1,undetected,1,9.489961992702219e-05,0,0.0,False
GaussianBudget75M_TOPGrowing,Cedar_2023-CAKNF-004741,20230615,14,pyrologix,10,25-54,2023,0.0,0.0037416480481624603,0,drone,1,9.489961992702219e-05,3955,0.0046500813764240876,True
GaussianBudget75M_TOPGrowing,Cedar_2023-CASRF-000964,20230815,23,pyrologix,1,none,2023,0.0,0.002150503103621304,-1,undetected,1,9.489961992702219e-05,0,0.0,False
GaussianBudget75M_TOPGrowing,Centola_2023-CABDF-008859,20230621,16,pyrologix,8,206-87,2023,0.0,0.004120700992643833,0,drone,1,9.489961992702219e-05,3170,0.004460282136570043,True
GaussianBudget75M_TOPGrowing,Chain_2023-CASNF-001096,20230816,21,pyrologix,7,none,2023,0.0,0.0021316700149327517,-1,undetected,1,9.489961992702219e-05,0,0.0,False
GaussianBudget75M_TOPGrowing,Chandler_2023-CAPNF-000407,20230605,20,pyrologix,7,72-57,2023,0.0,0.004573356942273676,0,drone,1,9.489961992702219e-05,2875,0.0046500813764240876,True
GaussianBudget75M_TOPGrowing,Chantry_2023-CAANF-231944,20230702,19,pyrologix,6,none,2023,0.0,0.0020801520440727472,-1,undetected,1,9.489961992702219e-05,0,0.0,False
GaussianBudget75M_TOPGrowing,Cherry_2023-CASTF-001914,20230909,19,pyrologix,7,118-64,2023,0.0,0.0037013000110164285,0,drone,1,9.489961992702219e-05,2830,0.0046500813764240876,True
GaussianBudget75M_TOPGrowing,Chester_2023-CALPF-002951,20231020,22,pyrologix,2,none,2023,0.0,0.002048660069704056,-1,undetected,1,9.489961992702219e-05,0,0.0,False
GaussianBudget75M_TOPGrowing,Chief_2023-CATNF-001426,20230905,15,pyrologix,5,86-54,2023,0.0,0.004478672984987497,0,drone,1,9.489961992702219e-05,2145,0.0046500813764240876,True
GaussianBudget75M_TOPGrowing,Chilcoot_2023-CAPNF-001372,20230918,19,pyrologix,9,77-70,2023,0.0,0.00387863302603364,0,drone,1,9.489961992702219e-05,3590,0.0040806836568619545,True
GaussianBudget75M_TOPGrowing,China_2023-CASHF-001073,20230825,23,pyrologix,8,40-22,2023,0.0,0.006483707926236093,0,drone,1,9.489961992702219e-05,3450,0.0046500813764240876,True
GaussianBudget75M_TOPGrowing,Christy_2023-CALMU-002809,20230606,12,pyrologix,7,60-61,2023,0.0,0.01018242898862809,1,drone,1,9.489961992702219e-05,3280,0.0046500813764240876,True
GaussianBudget75M_TOPGrowing,Christy_2023-CALNF-002809,20230606,11,pyrologix,10,53-62,2023,0.0,0.00831250799819827,1,drone,1,9.489961992702219e-05,4470,0.0046500813764240876,True
GaussianBudget75M_TOPGrowing,Cienaga_2023-CABDF-012339,20230915,0,pyrologix,2,none,2023,0.0,0.001967695076018572,-1,undetected,1,9.489961992702219e-05,0,0.0,False
GaussianBudget75M_TOPGrowing,Claim_2023-CASTF-001955,20230910,18,pyrologix,7,118-64,2023,0.0,0.008980426006019115,1,drone,1,9.489961992702219e-05,3340,0.0046500813764240876,True
GaussianBudget75M_TOPGrowing,Claire_2023-CAKNF-005153,20230626,20,pyrologix,3,33-23,2023,0.0,0.004667681991122663,0,drone,1,9.489961992702219e-05,1405,0.0046500813764240876,True
GaussianBudget75M_TOPGrowing,Clear_2023-CAKNF-007163,20230820,15,pyrologix,1,26-25,2023,0.0,0.007445160066708922,1,drone,1,9.489961992702219e-05,955,0.0046500813764240876,True
GaussianBudget75M_TOPGrowing,Clear_2023-CASRF-001065,20230825,20,pyrologix,2,17-30,2023,0.0,0.0038206049939617515,0,drone,1,9.489961992702219e-05,970,0.004365382516643021,True
GaussianBudget75M_TOPGrowing,Cliff_2023-CASTF-001804,20230902,1,pyrologix,2,108-64,2023,0.0,0.005361706018447876,1,drone,1,9.489961992702219e-05,1365,0.0046500813764240876,True
GaussianBudget75M_TOPGrowing,Club_2023-CAANF-233713,20231110,4,pyrologix,5,none,2023,0.0,0.0019133850000798702,-1,undetected,1,9.489961992702219e-05,0,0.0,False
GaussianBudget75M_TOPGrowing,Cobble_2_2023-CAENF-024342,20230903,17,pyrologix,4,90-60,2023,0.0,0.00874106609262526,1,drone,1,9.489961992702219e-05,2110,0.0046500813764240876,True
GaussianBudget75M_TOPGrowing,Cold_2023-CAKNF-004306,20230603,18,pyrologix,6,21-49,2023,0.0,0.00447968696244061,0,drone,1,9.489961992702219e-05,2445,0.0040806836568619545,True
GaussianBudget75M_TOPGrowing,Cold_2023-CASTF-001924,20230909,19,pyrologix,10,115-63,2023,0.0,0.00858602998778224,2,drone,1,9.489961992702219e-05,4875,0.0046500813764240876,True
GaussianBudget75M_TOPGrowing,Comet_2023-CASNF-000573,20230618,21,pyrologix,5,125-65,2023,0.0,0.006742654019035399,1,drone,1,9.489961992702219e-05,2595,0.004839880616278132,True
GaussianBudget75M_TOPGrowing,Computer_2023-CAANF-001308,20230531,20,pyrologix,10,none,2023,0.0,0.001985400915145874,-1,undetected,1,9.489961992702219e-05,0,0.0,False
GaussianBudget75M_TOPGrowing,Coon_2023-CASRF-000966,20230815,23,pyrologix,2,none,2023,0.0,0.001965085044503212,-1,undetected,1,9.489961992702219e-05,0,0.0,False
GaussianBudget75M_TOPGrowing,Copper_2023-CAANF-001241,20230531,23,pyrologix,4,none,2023,0.0,0.0019303199369460344,-1,undetected,1,9.489961992702219e-05,0,0.0,False
GaussianBudget75M_TOPGrowing,Copper_2023-CASRF-001075,20230828,17,pyrologix,4,25-20,2023,0.0,0.004769127001054585,0,drone,1,9.489961992702219e-05,1735,0.0046500813764240876,True
GaussianBudget75M_TOPGrowing,Corners_2023-CASTF-001161,20230709,11,pyrologix,12,118-64,2023,0.0,0.004016506019979715,0,drone,1,9.489961992702219e-05,4915,0.0046500813764240876,True
GaussianBudget75M_TOPGrowing,Corral_2023-CASHF-001024,20230818,19,pyrologix,8,42-34,2023,0.0,0.005434479913674295,0,drone,1,9.489961992702219e-05,3185,0.0046500813764240876,True
GaussianBudget75M_TOPGrowing,Corral_2023-CASRF-000946,20230815,14,pyrologix,4,none,2023,0.0,0.002087610075250268,-1,undetected,1,9.489961992702219e-05,0,0.0,False
GaussianBudget75M_TOPGrowing,Cosy_2023-CABDF-017722,20231214,22,pyrologix,9,206-87,2023,0.0,0.0037552949506789446,0,drone,1,9.489961992702219e-05,3665,0.004555181756497065,True
GaussianBudget75M_TOPGrowing,Cotton_2023-CASNF-000773,20230711,20,pyrologix,1,146-69,2023,0.0,0.002447049948386848,0,drone,1,9.489961992702219e-05,500,0.003511285937299821,True
GaussianBudget75M_TOPGrowing,Cottonwood_2023-CASTF-001925,20230909,22,pyrologix,4,115-63,2023,0.0,0.00485515093896538,0,drone,1,9.489961992702219e-05,1770,0.0046500813764240876,True
GaussianBudget75M_TOPGrowing,County_2023-CASHU-010642,20230923,16,pyrologix,8,42-34,2023,0.0,0.0038781879702582955,0,drone,1,9.489961992702219e-05,3140,0.0046500813764240876,True
GaussianBudget75M_TOPGrowing,Court_2023-CASNF-001594,20231023,1,pyrologix,2,none,2023,0.0,0.002115629962645471,-1,undetected,1,9.489961992702219e-05,0,0.0,False
GaussianBudget75M_TOPGrowing,Cove_2023-CAENF-017904,20230703,13,pyrologix,11,98-62,2023,0.0,0.005328893079422414,0,drone,1,9.489961992702219e-05,4490,0.0046500813764240876,True
GaussianBudget75M_TOPGrowing,Cove_2023-CATNF-001036,20230716,18,pyrologix,5,84-67,2023,0.0,0.0031383479945361614,0,drone,1,9.489961992702219e-05,2045,0.004839880616278132,True
GaussianBudget75M_TOPGrowing,Cow_2023-CAKNF-005188,20230627,15,pyrologix,7,26-25,2023,0.0,0.009113016072660685,1,drone,1,9.489961992702219e-05,3235,0.0046500813764240876,True
GaussianBudget75M_TOPGrowing,Cow_2023-CASNF-001084,20230814,15,pyrologix,3,none,2023,0.0,0.0022835310082882643,-1,undetected,1,9.489961992702219e-05,0,0.0,False
GaussianBudget75M_TOPGrowing,Cowtrack_2023-CAINF-001075,20230720,22,pyrologix,4,none,2023,0.0,0.0019937639590352774,-1,undetected,1,9.489961992702219e-05,0,0.0,False
GaussianBudget75M_TOPGrowing,Coyote_2023-CABDF-CABDF8838,20230621,12,pyrologix,5,none,2023,0.0,0.00201888894662261,-1,undetected,1,9.489961992702219e-05,0,0.0,False
GaussianBudget75M_TOPGrowing,Coyote_2023-CAINF-001308,20230813,6,pyrologix,12,none,2023,0.0,0.0020365288946777582,-1,undetected,1,9.489961992702219e-05,0,0.0,False
GaussianBudget75M_TOPGrowing,Crab_2023-CASTF-001456,20230806,19,pyrologix,9,115-63,2023,0.0,0.006649277056567371,1,drone,1,9.489961992702219e-05,4090,0.0046500813764240876,True
GaussianBudget75M_TOPGrowing,Crater_2023-CALNF-002767,20230604,18,pyrologix,8,53-62,2023,0.0,0.00928864604793489,1,drone,1,9.489961992702219e-05,3655,0.0046500813764240876,True
GaussianBudget75M_TOPGrowing,Creek_2023-CAKNF-003961,20230523,18,pyrologix,5,17-30,2023,0.0,0.0034618929494172335,0,drone,1,9.489961992702219e-05,2005,0.004460282136570043,True
GaussianBudget75M_TOPGrowing,Creek_2023-CAMDF-000611,20230820,16,pyrologix,4,none,2023,0.0,0.001963985967449844,-1,undetected,1,9.489961992702219e-05,0,0.0,False
GaussianBudget75M_TOPGrowing,Creek_2023-CASRF-001068,20230826,19,pyrologix,9,33-23,2023,0.0,0.005483741988427937,0,drone,1,9.489961992702219e-05,3720,0.0046500813764240876,True
GaussianBudget75M_TOPGrowing,Crescent_2023-CASTF-001916,20230909,21,pyrologix,3,118-64,2023,0.0,0.0015293470351025462,0,drone,1,9.489961992702219e-05,1215,0.0046500813764240876,True
GaussianBudget75M_TOPGrowing,Crest_2023-CALAC-218192,20230702,2,pyrologix,4,none,2023,0.0,0.0027475969400256872,-1,undetected,1,9.489961992702219e-05,0,0.0,False
GaussianBudget75M_TOPGrowing,Crestview_2023-CAINF-001801,20230930,16,pyrologix,9,none,2023,0.0,0.0022096149623394012,-1,undetected,1,9.489961992702219e-05,0,0.0,False
GaussianBudget75M_TOPGrowing,Cristo_2023-CALAC-236491,20230716,1,pyrologix,11,none,2023,0.0,0.0018661640351638198,-1,undetected,1,9.489961992702219e-05,0,0.0,False
GaussianBudget75M_TOPGrowing,Cromberg_2023-CAPNF-000763,20230720,16,pyrologix,6,73-63,2023,0.0,0.003897691029123962,0,drone,1,9.489961992702219e-05,2455,0.0046500813764240876,True
GaussianBudget75M_TOPGrowing,Crown_2023-CASNF-000528,20230612,11,pyrologix,11,none,2023,0.0,0.002120602992363274,-1,undetected,1,9.489961992702219e-05,0,0.0,False
GaussianBudget75M_TOPGrowing,Crystal_2023-CAANF-233839,20231120,17,pyrologix,3,206-87,2023,0.0,0.002542263944633305,0,drone,1,9.489961992702219e-05,1335,0.004460282136570043,True
GaussianBudget75M_TOPGrowing,Curl_2023-CASHF-000578,20230612,20,pyrologix,1,42-41,2023,0.0,0.002697609947063029,0,drone,1,9.489961992702219e-05,510,0.0036061855572268433,True
GaussianBudget75M_TOPGrowing,Dairy_2023-CAKNF-004502,20230609,22,pyrologix,5,18-37,2023,0.0,0.004487248952500522,0,drone,1,9.489961992702219e-05,2080,0.0040806836568619545,True
GaussianBudget75M_TOPGrowing,Dark_2023-CAENF-022407,20230816,0,pyrologix,2,97-60,2023,0.0,0.007709100958891213,1,drone,1,9.489961992702219e-05,1340,0.0046500813764240876,True
GaussianBudget75M_TOPGrowing,Davis_2023-CAANF-233978,20231205,11,pyrologix,12,206-87,2023,0.0,0.011669922969304025,1,drone,1,9.489961992702219e-05,5200,0.004555181756497065,True
GaussianBudget75M_TOPGrowing,Davis_2023-CASNF-000361,20230524,23,pyrologix,2,146-69,2023,0.0,0.008315972983837128,1,drone,1,9.489961992702219e-05,1380,0.004270482896715999,True
GaussianBudget75M_TOPGrowing,Day_2023-CASHU-008936,20230815,14,pyrologix,8,37-52,2023,0.0,0.011162513983435929,2,drone,1,9.489961992702219e-05,4105,0.0046500813764240876,True
GaussianBudget75M_TOPGrowing,Deacon_2023-CAKNF-008082,20230917,20,pyrologix,11,33-29,2023,0.0,0.006820434937253594,0,drone,1,9.489961992702219e-05,4555,0.0046500813764240876,True
GaussianBudget75M_TOPGrowing,Deadhorse_2023-CALNF-002797,20230606,21,pyrologix,9,62-41,2023,554.4431837950833,0.010899841086938977,1,drone,1,9.489961992702219e-05,3990,0.004460282136570043,True
GaussianBudget75M_TOPGrowing,Deep_2023-CAMDF-001064,20231105,17,pyrologix,12,none,2023,0.0,0.0019876250298693776,-1,undetected,1,9.489961992702219e-05,0,0.0,False
GaussianBudget75M_TOPGrowing,Deep_2023-CASHF-000973,20230815,9,pyrologix,12,40-29,2023,0.0,0.004384901956655085,0,drone,1,9.489961992702219e-05,4705,0.0046500813764240876,True
GaussianBudget75M_TOPGrowing,Deer_2023-CASHF-001006,20230818,22,pyrologix,9,47-27,2023,0.0,0.010476573021151125,1,drone,1,9.489961992702219e-05,4195,0.0046500813764240876,True
GaussianBudget75M_TOPGrowing,Deer_2023-CASTF-001613,20230817,16,pyrologix,4,122-61,2023,0.0,0.0021546799689531326,0,drone,1,9.489961992702219e-05,1630,0.0046500813764240876,True
GaussianBudget75M_TOPGrowing,Deerhart_2023-CALMU-004024,20230731,14,pyrologix,11,60-61,2023,0.0,0.005842757993377745,0,drone,1,9.489961992702219e-05,4445,0.0046500813764240876,True
GaussianBudget75M_TOPGrowing,Del_2023-CALAC-238516,20230717,18,pyrologix,5,none,2023,0.0,0.0022208590526133776,-1,undetected,1,9.489961992702219e-05,0,0.0,False
GaussianBudget75M_TOPGrowing,Del_2023-CALAC-370918,20231029,14,pyrologix,11,none,2023,0.0,0.002083385013975203,-1,undetected,1,9.489961992702219e-05,0,0.0,False
GaussianBudget75M_TOPGrowing,Delta_2023-CABDF-017370,20231207,0,pyrologix,2,none,2023,0.0,0.002084549982100725,-1,undetected,1,9.489961992702219e-05,0,0.0,False
GaussianBudget75M_TOPGrowing,Democrat_2023-CASQF-001330,20230722,0,pyrologix,2,172-74,2023,0.0,0.003832494025118649,0,drone,1,9.489961992702219e-05,955,0.0046500813764240876,True
GaussianBudget75M_TOPGrowing,Den_2023-CAKNF-007072,20230818,21,pyrologix,8,18-37,2023,0.0,0.006323551060631871,0,drone,1,9.489961992702219e-05,3380,0.004175583276788976,True
GaussianBudget75M_TOPGrowing,Denny_2023-CASRF-000903,20230811,17,pyrologix,8,40-22,2023,0.0,0.004178256029263139,0,drone,1,9.489961992702219e-05,3285,0.0046500813764240876,True
GaussianBudget75M_TOPGrowing,Devil_2023-CAKNF-007038,20230817,21,pyrologix,7,17-30,2023,0.0,0.005563316983170807,0,drone,1,9.489961992702219e-05,2885,0.004460282136570043,True
GaussianBudget75M_TOPGrowing,Dexter_2023-CAINF-001044,20230718,23,pyrologix,8,none,2023,0.0,0.0020545399747788906,-1,undetected,1,9.489961992702219e-05,0,0.0,False
GaussianBudget75M_TOPGrowing,Diamond_2023-CASRF-000945,20230815,13,pyrologix,6,none,2023,0.0,0.0018811440095305443,-1,undetected,1,9.489961992702219e-05,0,0.0,False
GaussianBudget75M_TOPGrowing,Dillon_2023-CAKNF-007348,20230826,0,pyrologix,3,23-23,2023,0.0,0.0029110739706084132,0,drone,1,9.489961992702219e-05,1465,0.0046500813764240876,True
GaussianBudget75M_TOPGrowing,Dillon_2023-CASNF-001392,20230909,10,pyrologix,10,128-67,2023,0.0,0.003961054026149213,0,drone,1,9.489961992702219e-05,3905,0.0046500813764240876,True
GaussianBudget75M_TOPGrowing,Dinkey_2023-CASNF-001040,20230809,23,pyrologix,9,140-71,2023,0.0,0.0062043709913268685,0,drone,1,9.489961992702219e-05,3585,0.0046500813764240876,True
GaussianBudget75M_TOPGrowing,Dobyns_2023-CALMU-006017,20231104,19,pyrologix,3,60-61,2023,0.0,0.002782844938337803,0,drone,1,9.489961992702219e-05,1200,0.0046500813764240876,True
GaussianBudget75M_TOPGrowing,Doe_2023-CASRF-000953,20230815,14,pyrologix,9,16-26,2023,0.0,0.005973011953756213,0,drone,1,9.489961992702219e-05,3625,0.004555181756497065,True
GaussianBudget75M_TOPGrowing,Dog_2023-CASHF-000984,20230815,16,pyrologix,8,42-41,2023,0.0,0.00960440095514059,1,drone,1,9.489961992702219e-05,3750,0.0046500813764240876,True
GaussianBudget75M_TOPGrowing,Dome_2023-CASTF-001994,20230913,18,pyrologix,4,108-64,2023,0.0,0.003219431033357978,0,drone,1,9.489961992702219e-05,1810,0.0046500813764240876,True
GaussianBudget75M_TOPGrowing,Donica_2023-CALMU-004727,20230902,15,pyrologix,11,38-63,2023,0.0,0.005041723023168743,0,drone,1,9.489961992702219e-05,4425,0.0046500813764240876,True
GaussianBudget75M_TOPGrowing,Donkey_2023-CAKNF-007351,20230826,20,pyrologix,11,23-23,2023,0.0,0.010996986064128578,1,drone,1,9.489961992702219e-05,4915,0.0046500813764240876,True
GaussianBudget75M_TOPGrowing,Doodlebug_2023-CASHF-000686,20230627,12,pyrologix,9,41-47,2023,0.0,0.006627092021517456,0,drone,1,9.489961992702219e-05,3780,0.0046500813764240876,True
GaussianBudget75M_TOPGrowing,Doolittle_2023-CAKNF-008954,20231014,11,pyrologix,12,17-30,2023,0.0,0.004472410073503852,0,drone,1,9.489961992702219e-05,4825,0.004555181756497065,True
GaussianBudget75M_TOPGrowing,Double_2023-CASTF-001997,20230913,21,pyrologix,5,108-64,2023,0.0,0.003910026978701353,0,drone,1,9.489961992702219e-05,2010,0.0046500813764240876,True
GaussianBudget75M_TOPGrowing,Doyle_2023-CASQF-001776,20230823,19,pyrologix,12,161-79,2023,0.0,0.004317723913118243,0,drone,1,9.489961992702219e-05,4655,0.0047449809963511095,True
GaussianBudget75M_TOPGrowing,Druey_2023-CAKNF-004252,20230602,22,pyrologix,11,17-30,2023,0.0,0.004012587945908308,0,drone,1,9.489961992702219e-05,4455,0.004555181756497065,True
GaussianBudget75M_TOPGrowing,Dry_2023-CAANF-002149,20230712,21,pyrologix,12,none,2023,0.0,0.0021034450037404895,-1,undetected,1,9.489961992702219e-05,0,0.0,False
GaussianBudget75M_TOPGrowing,Dry_2023-CAINF-001545,20230831,14,pyrologix,2,none,2023,0.0,0.0022543910890817642,-1,undetected,1,9.489961992702219e-05,0,0.0,False
GaussianBudget75M_TOPGrowing,Dry_2023-CASQF-000835,20230612,13,pyrologix,12,174-77,2023,0.0,0.006268010940402746,0,drone,1,9.489961992702219e-05,4805,0.0046500813764240876,True
GaussianBudget75M_TOPGrowing,Dry_2023-CASTF-001965,20230911,14,pyrologix,4,108-64,2023,0.0,0.003045213990844786,0,drone,1,9.489961992702219e-05,1810,0.0046500813764240876,True
GaussianBudget75M_TOPGrowing,Duckwall_2023-CASTF-001920,20230909,21,pyrologix,5,115-63,2023,0.0,0.005957913934253156,0,drone,1,9.489961992702219e-05,2225,0.0046500813764240876,True
GaussianBudget75M_TOPGrowing,Duncan_2023-CASHF-000513,20230530,19,pyrologix,9,47-27,2023,0.0,0.006506907986477017,0,drone,1,9.489961992702219e-05,3855,0.0046500813764240876,True
GaussianBudget75M_TOPGrowing,Durrwood_2023-CASQF-001669,20230814,15,pyrologix,9,164-82,2023,0.0,0.0028265200089663267,0,drone,1,9.489961992702219e-05,3560,0.0046500813764240876,True
GaussianBudget75M_TOPGrowing,Dusty_2023-CAMDF-000234,20230611,17,pyrologix,10,none,2023,0.0,0.0021131859393790364,-1,undetected,1,9.489961992702219e-05,0,0.0,False
GaussianBudget75M_TOPGrowing,Dutch_2023-CAKNF-007003,20230816,23,pyrologix,8,21-28,2023,0.0,0.003587253042496741,0,drone,1,9.489961992702219e-05,3080,0.0046500813764240876,True
GaussianBudget75M_TOPGrowing,E-1_Schoonamaker_2023-CALNF-002969,20230614,1,pyrologix,1,50-60,2023,0.0,0.004071622039191425,0,drone,1,9.489961992702219e-05,705,0.004555181756497065,True
GaussianBudget75M_TOPGrowing,E-2_Robbers_2023-CALNF-003013,20230615,17,pyrologix,2,51-53,2023,0.0,0.0036561349406838417,0,drone,1,9.489961992702219e-05,980,0.004555181756497065,True
GaussianBudget75M_TOPGrowing,Eagle_2023-CABDF-012594,20230923,11,pyrologix,10,206-88,2023,0.0,0.005971692036837339,0,drone,1,9.489961992702219e-05,4205,0.004460282136570043,True
GaussianBudget75M_TOPGrowing,Earthquake_2023-CAINF-001590,20230903,18,pyrologix,7,none,2023,0.0,0.001967419986613095,-1,undetected,1,9.489961992702219e-05,0,0.0,False
GaussianBudget75M_TOPGrowing,East_2023-CAKNF-008114,20230917,21,pyrologix,4,28-32,2023,0.0,0.003933628089725971,0,drone,1,9.489961992702219e-05,1755,0.0046500813764240876,True
GaussianBudget75M_TOPGrowing,East_2023-CASHF-000512,20230530,15,pyrologix,9,42-34,2023,0.0,0.0053692529909312725,0,drone,1,9.489961992702219e-05,3640,0.0046500813764240876,True
GaussianBudget75M_TOPGrowing,East_2023-CASNF-001397,20230909,13,pyrologix,12,132-72,2023,0.0,0.008649031049571931,0,drone,1,9.489961992702219e-05,5015,0.0046500813764240876,True
GaussianBudget75M_TOPGrowing,East_2023-CATNF-001781,20231103,19,pyrologix,6,84-67,2023,0.0,0.003155376063659787,0,drone,1,9.489961992702219e-05,2425,0.004839880616278132,True
GaussianBudget75M_TOPGrowing,Edison_2023-CASNF-001072,20230813,13,pyrologix,9,none,2023,0.0,0.0017236319836229086,-1,undetected,1,9.489961992702219e-05,0,0.0,False
GaussianBudget75M_TOPGrowing,Edison_2023-CASNF-001384,20230907,18,pyrologix,10,none,2023,0.0,0.0019323400920256972,-1,undetected,1,9.489961992702219e-05,0,0.0,False
GaussianBudget75M_TOPGrowing,El_Cariso_2023-CACNF-000870,20230430,17,pyrologix,12,none,2023,0.0,0.002062627929262817,-1,undetected,1,9.489961992702219e-05,0,0.0,False
GaussianBudget75M_TOPGrowing,Elliot_2023-CAKNF-006944,20230815,11,pyrologix,8,23-23,2023,0.0,0.0036725529935210943,0,drone,1,9.489961992702219e-05,3370,0.0046500813764240876,True
GaussianBudget75M_TOPGrowing,Emma_2023-CAANF-233880,20231125,18,pyrologix,2,none,2023,0.0,0.002059835009276867,-1,undetected,1,9.489961992702219e-05,0,0.0,False
GaussianBudget75M_TOPGrowing,Emma_2023-CALAC-339561,20231004,6,pyrologix,12,none,2023,0.0,0.002007708069868386,-1,undetected,1,9.489961992702219e-05,0,0.0,False
GaussianBudget75M_TOPGrowing,English_2023-CATNF-001273,20230814,22,pyrologix,4,80-58,2023,0.0,0.009345346014015377,1,drone,1,9.489961992702219e-05,2155,0.0046500813764240876,True
GaussianBudget75M_TOPGrowing,Escondido_2023-CAANF-233956,20231203,23,pyrologix,6,none,2023,0.0,0.0019370949594303966,-1,undetected,1,9.489961992702219e-05,0,0.0,False
GaussianBudget75M_TOPGrowing,Etsel_2023-CAMNF-001222,20230918,22,pyrologix,5,61-19,2023,0.0,0.0038877539336681366,0,drone,1,9.489961992702219e-05,2130,0.0046500813764240876,True
GaussianBudget75M_TOPGrowing,Excelsior_2023-CANEU-016702,20230615,17,pyrologix,3,86-54,2023,0.0,0.008668501046486199,1,drone,1,9.489961992702219e-05,1785,0.0046500813764240876,True
GaussianBudget75M_TOPGrowing,Exit_2023-CASHF-000333,20230424,5,pyrologix,5,42-41,2023,0.0,0.002304514986462891,0,drone,1,9.489961992702219e-05,2115,0.004555181756497065,True
GaussianBudget75M_TOPGrowing,Fairview_2023-CASHF-001248,20231006,21,pyrologix,4,42-34,2023,0.0,0.0060906929429620504,0,drone,1,9.489961992702219e-05,1875,0.0046500813764240876,True
GaussianBudget75M_TOPGrowing,Fallen_2023-CATMU-022772,20230819,16,pyrologix,1,none,2023,0.0,0.0019349699141457677,-1,undetected,1,9.489961992702219e-05,0,0.0,False
GaussianBudget75M_TOPGrowing,Falls_2023-CASKU-006095,20230720,23,pyrologix,1,34-50,2023,0.0,0.008080550003796816,1,drone,1,9.489961992702219e-05,995,0.0046500813764240876,True
GaussianBudget75M_TOPGrowing,Falls_2023-CASTF-001664,20230820,14,pyrologix,5,118-64,2023,0.0,0.002137347008101642,0,drone,1,9.489961992702219e-05,2090,0.0046500813764240876,True
GaussianBudget75M_TOPGrowing,Fast_2023-CABDF-010513,20230723,16,pyrologix,10,none,2023,0.0,0.0020932559855282307,-1,undetected,1,9.489961992702219e-05,0,0.0,False
GaussianBudget75M_TOPGrowing,Faulkstein_2023-CAKNF-005132,20230626,10,pyrologix,10,21-28,2023,0.0,0.014845747966319323,2,drone,1,9.489961992702219e-05,4790,0.0046500813764240876,True
GaussianBudget75M_TOPGrowing,Fir_2023-CAINF-002072,20231119,21,pyrologix,5,none,2023,0.0,0.0018550300737842917,-1,undetected,1,9.489961992702219e-05,0,0.0,False
GaussianBudget75M_TOPGrowing,First_2023-CAKNF-004376,20230605,19,pyrologix,2,17-30,2023,0.0,0.0027402170235291123,0,drone,1,9.489961992702219e-05,875,0.004365382516643021,True
GaussianBudget75M_TOPGrowing,Fish_2023-CAINF-001317,20230813,15,pyrologix,4,none,2023,0.0,0.0018956689164042473,-1,undetected,1,9.489961992702219e-05,0,0.0,False
GaussianBudget75M_TOPGrowing,Fish_2023-CASTF-002295,20231020,21,pyrologix,6,115-63,2023,0.0,0.003159279003739357,0,drone,1,9.489961992702219e-05,2505,0.0046500813764240876,True
GaussianBudget75M_TOPGrowing,Fisher_2023-CASTF-001961,20230911,22,pyrologix,7,108-64,2023,0.0,0.00402572110760957,0,drone,1,9.489961992702219e-05,2830,0.0046500813764240876,True
GaussianBudget75M_TOPGrowing,Fishtown_2023-CAMNF-000884,20230820,21,pyrologix,10,61-26,2023,0.0,0.00982913700863719,1,drone,1,9.489961992702219e-05,4485,0.0046500813764240876,True
GaussianBudget75M_TOPGrowing,Five_2023-CATNF-001031,20230716,9,pyrologix,11,none,2023,0.0,0.0019531510770320892,-1,undetected,1,9.489961992702219e-05,0,0.0,False
GaussianBudget75M_TOPGrowing,Flat_2023-CAANF-002740,20230815,13,pyrologix,12,none,2023,0.0,0.002194512984715402,-1,undetected,1,9.489961992702219e-05,0,0.0,False
GaussianBudget75M_TOPGrowing,Flat_2023-CAENF-017405,20230630,22,pyrologix,5,93-54,2023,0.0,0.0037432259414345026,0,drone,1,9.489961992702219e-05,2100,0.0046500813764240876,True
GaussianBudget75M_TOPGrowing,Flat_2023-CALPF-002163,20230806,16,pyrologix,5,none,2023,0.0,0.0021773820044472814,-1,undetected,1,9.489961992702219e-05,0,0.0,False
GaussianBudget75M_TOPGrowing,Flat_2023-CAMDF-000050,20230215,10,pyrologix,8,none,2023,0.0,0.0020484880078583956,-1,undetected,1,9.489961992702219e-05,0,0.0,False
GaussianBudget75M_TOPGrowing,Flat_2023-CASHF-000942,20230810,14,pyrologix,9,35-43,2023,0.0,0.004753072978928685,0,drone,1,9.489961992702219e-05,3610,0.004839880616278132,True
GaussianBudget75M_TOPGrowing,Flat_2023-CASQF-002033,20230917,13,pyrologix,10,174-77,2023,0.0,0.005769534036517143,0,drone,1,9.489961992702219e-05,4040,0.0046500813764240876,True
GaussianBudget75M_TOPGrowing,Flat_2023-CASRF-001064,20230825,17,pyrologix,7,33-23,2023,0.0,0.010125699918717146,1,drone,1,9.489961992702219e-05,3370,0.0046500813764240876,True
GaussianBudget75M_TOPGrowing,Flat_2023-CASTF-000607,20230517,10,pyrologix,12,115-63,2023,0.0,0.003840017016045749,0,drone,1,9.489961992702219e-05,4875,0.0046500813764240876,True
GaussianBudget75M_TOPGrowing,Flats_2023-CABDF-008695,20230617,18,pyrologix,5,225-101,2023,0.0,0.006596743012778461,0,drone,1,9.489961992702219e-05,2400,0.0046500813764240876,True
GaussianBudget75M_TOPGrowing,Flats_2023-CABDF-010793,20230730,20,pyrologix,4,none,2023,0.0,0.002118361066095531,-1,undetected,1,9.489961992702219e-05,0,0.0,False
GaussianBudget75M_TOPGrowing,Fleming_2023-CAENF-021409,20230805,14,pyrologix,9,97-60,2023,0.0,0.00983145902864635,1,drone,1,9.489961992702219e-05,4155,0.0046500813764240876,True
GaussianBudget75M_TOPGrowing,Flume_2023-CASHF-000703,20230629,16,pyrologix,10,35-43,2023,0.0,0.006097640958614647,0,drone,1,9.489961992702219e-05,4125,0.004839880616278132,True
GaussianBudget75M_TOPGrowing,Forest_2023-CATNF-000717,20230616,16,pyrologix,7,90-60,2023,0.0,0.004231418948620558,0,drone,1,9.489961992702219e-05,2785,0.0046500813764240876,True
GaussianBudget75M_TOPGrowing,Fork_2023-CAANF-001661,20230618,11,pyrologix,10,206-87,2023,0.0,0.005083477939479053,0,drone,1,9.489961992702219e-05,3995,0.004555181756497065,True
GaussianBudget75M_TOPGrowing,Fork_2023-CASRF-000645,20230705,1,pyrologix,1,35-16,2023,0.0,0.0035544560523703694,0,drone,1,9.489961992702219e-05,585,0.0040806836568619545,True
GaussianBudget75M_TOPGrowing,Four_2023-CAKNF-004483,20230608,15,pyrologix,2,27-52,2023,0.0,0.002813115017488599,0,drone,1,9.489961992702219e-05,860,0.0046500813764240876,True
GaussianBudget75M_TOPGrowing,Francis_2023-CAANF-233122,20230911,21,pyrologix,2,none,2023,0.0,0.0021187560632824898,-1,undetected,1,9.489961992702219e-05,0,0.0,False
GaussianBudget75M_TOPGrowing,Francis_2023-CAENF-022302,20230815,23,pyrologix,5,90-60,2023,0.0,0.00410236103925854,0,drone,1,9.489961992702219e-05,2110,0.0046500813764240876,True
GaussianBudget75M_TOPGrowing,Franklin_2023-CAKNF-005103,20230625,21,pyrologix,4,24-35,2023,0.0,0.004581667948514223,0,drone,1,9.489961992702219e-05,1740,0.0046500813764240876,True
GaussianBudget75M_TOPGrowing,Franklin_2023-CALAC-23215391,20230630,22,pyrologix,6,none,2023,0.0,0.0022393420804291964,-1,undetected,1,9.489961992702219e-05,0,0.0,False
GaussianBudget75M_TOPGrowing,Franklin_2023-CALPF-001817,20230712,16,pyrologix,7,none,2023,0.0,0.002129452070221305,-1,undetected,1,9.489961992702219e-05,0,0.0,False
GaussianBudget75M_TOPGrowing,Frazier_2023-CASTF-001658,20230820,8,pyrologix,9,115-63,2023,0.0,0.003288408974185586,0,drone,1,9.489961992702219e-05,3650,0.0046500813764240876,True
GaussianBudget75M_TOPGrowing,Freeway_2023-CAANF-232754,20230816,16,pyrologix,2,none,2023,0.0,0.0022969049168750644,-1,undetected,1,9.489961992702219e-05,0,0.0,False
GaussianBudget75M_TOPGrowing,Frenchman_2023-CAPNF-000737,20230715,21,pyrologix,4,77-70,2023,0.0,0.003897182992659509,0,drone,1,9.489961992702219e-05,1735,0.0040806836568619545,True
GaussianBudget75M_TOPGrowing,Friday_2023-CASRF-000890,20230809,16,pyrologix,1,35-16,2023,0.0,0.0033714049495756626,0,drone,1,9.489961992702219e-05,585,0.0040806836568619545,True
GaussianBudget75M_TOPGrowing,Friend_2023-CASHF-000702,20230629,20,pyrologix,1,47-21,2023,0.0,0.005457644001580775,0,drone,1,9.489961992702219e-05,770,0.004555181756497065,True
GaussianBudget75M_TOPGrowing,Frontage_2023-CABDF-007992,20230602,7,pyrologix,5,none,2023,0.0,0.0021383509738370776,-1,undetected,1,9.489961992702219e-05,0,0.0,False
GaussianBudget75M_TOPGrowing,Frying_2023-CAKNF-005107,20230626,21,pyrologix,7,17-30,2023,0.0,0.0023627440677955747,0,drone,1,9.489961992702219e-05,2785,0.004460282136570043,True
GaussianBudget75M_TOPGrowing,Fuller_2023-CABDF-014299,20231028,11,pyrologix,12,none,2023,0.0,0.002111933077685535,-1,undetected,1,9.489961992702219e-05,0,0.0,False
GaussianBudget75M_TOPGrowing,Fuller_2023-CATNF-001755,20231029,15,pyrologix,5,87-59,2023,0.0,0.0029999950202181935,0,drone,1,9.489961992702219e-05,2165,0.0046500813764240876,True
GaussianBudget75M_TOPGrowing,Gabriel_2023-CAANF-001433,20230529,22,pyrologix,2,none,2023,0.0,0.002194029977545142,-1,undetected,1,9.489961992702219e-05,0,0.0,False
GaussianBudget75M_TOPGrowing,Gallagher_2023-CAPNF-000851,20230801,18,pyrologix,8,73-63,2023,0.0,0.005541636026464403,0,drone,1,9.489961992702219e-05,3315,0.0046500813764240876,True
GaussianBudget75M_TOPGrowing,Garden_2023-CAKNF-007331,20230825,13,pyrologix,11,26-25,2023,0.0,0.006549566052854061,1,drone,1,9.489961992702219e-05,4810,0.0046500813764240876,True
GaussianBudget75M_TOPGrowing,Gas_2023-CAANF-001520,20230606,21,pyrologix,2,none,2023,0.0,0.0020684510236606,-1,undetected,1,9.489961992702219e-05,0,0.0,False
GaussianBudget75M_TOPGrowing,Gerle_2023-CAENF-027748,20231009,12,pyrologix,9,90-60,2023,0.0,0.005350101971998811,0,drone,1,9.489961992702219e-05,3615,0.0046500813764240876,True
GaussianBudget75M_TOPGrowing,Giant_2023-CASQF-001242,20230715,19,pyrologix,2,165-77,2023,0.0,0.004867942072451115,0,drone,1,9.489961992702219e-05,1170,0.0046500813764240876,True
GaussianBudget75M_TOPGrowing,Gibson_2023-CAPNF-000955,20230814,17,pyrologix,11,72-57,2023,0.0,0.0036028499016538262,0,drone,1,9.489961992702219e-05,4310,0.0046500813764240876,True
GaussianBudget75M_TOPGrowing,Gifford_2023-CALPF-001190,20230519,17,pyrologix,9,none,2023,0.0,0.00201327505055815,-1,undetected,1,9.489961992702219e-05,0,0.0,False
GaussianBudget75M_TOPGrowing,Glass_2023-CAKNF-004674,20230613,15,pyrologix,7,none,2023,0.0,0.0020472040632739663,-1,undetected,1,9.489961992702219e-05,0,0.0,False
GaussianBudget75M_TOPGrowing,Gleason_2023-CAANF-232639,20230809,11,pyrologix,12,none,2023,0.0,0.002072471077553928,-1,undetected,1,9.489961992702219e-05,0,0.0,False
GaussianBudget75M_TOPGrowing,Gold_2023-CAKNF-007026,20230816,16,pyrologix,5,24-35,2023,0.0,0.00920225796289742,1,drone,1,9.489961992702219e-05,2460,0.0046500813764240876,True
GaussianBudget75M_TOPGrowing,Gold_2023-CATNF-001290,20230816,22,pyrologix,5,79-56,2023,0.0,0.004801362985745072,0,drone,1,9.489961992702219e-05,2070,0.0046500813764240876,True
GaussianBudget75M_TOPGrowing,Goldmine_2023-CABDF-009229,20230629,16,pyrologix,10,none,2023,0.0,0.0018468099879100919,-1,undetected,1,9.489961992702219e-05,0,0.0,False
GaussianBudget75M_TOPGrowing,Goodyear_2023-CATNF-001421,20230904,17,pyrologix,11,79-56,2023,0.0,0.0051134900422766805,0,drone,1,9.489961992702219e-05,4320,0.0046500813764240876,True
GaussianBudget75M_TOPGrowing,Grade_2023-CACNF-002944,20231103,18,pyrologix,1,none,2023,0.0,0.0018678699852898717,-1,undetected,1,9.489961992702219e-05,0,0.0,False
GaussianBudget75M_TOPGrowing,Granite_2023-CASNF-000835,20230721,19,pyrologix,12,125-65,2023,0.0,0.005134452949278057,0,drone,1,9.489961992702219e-05,4740,0.004839880616278132,True
GaussianBudget75M_TOPGrowing,Granite_2023-CATNF-001270,20230814,20,pyrologix,6,none,2023,0.0,0.0018753769109025598,-1,undetected,1,9.489961992702219e-05,0,0.0,False
GaussianBudget75M_TOPGrowing,Graniteville_2023-CANEU-031058,20231031,10,pyrologix,4,80-58,2023,0.0,0.0050960719818249345,0,drone,1,9.489961992702219e-05,1830,0.0046500813764240876,True
GaussianBudget75M_TOPGrowing,Graniteville_2023-CATNF-001768,20231031,9,pyrologix,8,80-58,2023,0.0,0.0030522749293595552,0,drone,1,9.489961992702219e-05,3120,0.0046500813764240876,True
GaussianBudget75M_TOPGrowing,Grants_2023-CAKNF-008101,20230917,18,pyrologix,1,28-32,2023,0.0,0.0021497580455616117,0,drone,1,9.489961992702219e-05,510,0.003511285937299821,True
GaussianBudget75M_TOPGrowing,Grass_2023-CAPNF-000660,20230704,18,pyrologix,4,72-57,2023,0.0,0.0021867910400032997,0,drone,1,9.489961992702219e-05,1635,0.0046500813764240876,True
GaussianBudget75M_TOPGrowing,Grasshopper_2023-CASHU-007231,20230706,15,pyrologix,11,41-47,2023,0.0,0.003984705079346895,0,drone,1,9.489961992702219e-05,4345,0.0046500813764240876,True
GaussianBudget75M_TOPGrowing,Grassy_2023-CASHF-001188,20230916,18,pyrologix,9,47-21,2023,0.0,0.004764553974382579,0,drone,1,9.489961992702219e-05,3600,0.0046500813764240876,True
GaussianBudget75M_TOPGrowing,Gravel_2023-CAKNF-004491,20230608,18,pyrologix,5,27-52,2023,0.0,0.012652406934648752,2,drone,1,9.489961992702219e-05,2925,0.0047449809963511095,True
GaussianBudget75M_TOPGrowing,Gravel_2023-CAPNF-000970,20230815,16,pyrologix,4,69-50,2023,0.0,0.008833093917928636,1,drone,1,9.489961992702219e-05,2165,0.0046500813764240876,True
GaussianBudget75M_TOPGrowing,Green_2023-CAANF-002684,20230812,3,pyrologix,1,none,2023,0.0,0.0020448090508580208,-1,undetected,1,9.489961992702219e-05,0,0.0,False
GaussianBudget75M_TOPGrowing,Green_2023-CAPNF-000289,20230521,16,pyrologix,11,65-55,2023,0.0,0.006362763000652194,0,drone,1,9.489961992702219e-05,4595,0.004555181756497065,True
GaussianBudget75M_TOPGrowing,Greens_2023-CASHF-000747,20230704,16,pyrologix,1,42-41,2023,0.0,0.002227385062724352,0,drone,1,9.489961992702219e-05,610,0.004270482896715999,True
GaussianBudget75M_TOPGrowing,Grey_2023-CASNF-001107,20230817,19,pyrologix,12,128-67,2023,0.0,0.0048391170566901565,0,drone,1,9.489961992702219e-05,4715,0.0046500813764240876,True
GaussianBudget75M_TOPGrowing,Grizzly_2023-CAKNF-007144,20230819,18,pyrologix,7,33-29,2023,0.0,0.005153184989467263,1,drone,1,9.489961992702219e-05,3300,0.0046500813764240876,True
GaussianBudget75M_TOPGrowing,Grizzly_2023-CAPNF-000305,20230524,21,pyrologix,6,73-63,2023,0.0,0.0035976979415863752,0,drone,1,9.489961992702219e-05,2455,0.0046500813764240876,True
GaussianBudget75M_TOPGrowing,H-10_Burney_2023-CALNF-004363,20230817,15,pyrologix,6,51-53,2023,0.0,0.008846928016282618,1,drone,1,9.489961992702219e-05,2910,0.0046500813764240876,True
GaussianBudget75M_TOPGrowing,H-11_Cornaz_2023-CALNF-004367,20230817,18,pyrologix,6,51-53,2023,0.0,0.010108776041306555,1,drone,1,9.489961992702219e-05,2945,0.0046500813764240876,True
GaussianBudget75M_TOPGrowing,H-1_Honn_2023-CALNF-004135,20230805,16,pyrologix,5,51-53,2023,0.0,0.0054395339684560895,0,drone,1,9.489961992702219e-05,2225,0.0046500813764240876,True
GaussianBudget75M_TOPGrowing,H-1_Lava_2023-CALNF-002840,20230607,16,pyrologix,3,51-53,2023,0.0,0.00588019797578454,1,drone,1,9.489961992702219e-05,1835,0.0046500813764240876,True
GaussianBudget75M_TOPGrowing,H-1_Tamarack_2023-CALNF-004314,20230815,15,pyrologix,5,51-53,2023,0.0,0.0032444080570712686,0,drone,1,9.489961992702219e-05,2225,0.0046500813764240876,True
GaussianBudget75M_TOPGrowing,H-2_Freaner_2023-CALNF-004336,20230816,17,pyrologix,11,51-53,2023,0.0,0.004166294005699456,0,drone,1,9.489961992702219e-05,4365,0.0046500813764240876,True
GaussianBudget75M_TOPGrowing,H-2_Moon_2023-CALNF-003251,20230626,21,pyrologix,9,51-53,2023,0.0,0.003422427922487259,0,drone,1,9.489961992702219e-05,3745,0.0046500813764240876,True
GaussianBudget75M_TOPGrowing,H-3_Bald_2023-CALNF-003252,20230626,22,pyrologix,8,51-53,2023,0.0,0.005692622973583639,0,drone,1,9.489961992702219e-05,3340,0.0046500813764240876,True
GaussianBudget75M_TOPGrowing,H-3_Huckleberry_2023-CALNF-004337,20230816,19,pyrologix,7,48-47,2023,0.0,0.010777443996630609,2,drone,1,9.489961992702219e-05,3735,0.0046500813764240876,True
GaussianBudget75M_TOPGrowing,H-4_Red_Rock_2023-CALNF-004338,20230816,19,pyrologix,7,51-53,2023,0.0,0.0024916420225054026,0,drone,1,9.489961992702219e-05,2785,0.0046500813764240876,True
GaussianBudget75M_TOPGrowing,H-6_Eiler_2023-CALNF-004341,20230816,19,pyrologix,9,51-53,2023,0.0,0.0028954260051250458,0,drone,1,9.489961992702219e-05,3640,0.0046500813764240876,True
GaussianBudget75M_TOPGrowing,H-7_Twin_Buttes_2023-CALNF-004342,20230816,19,pyrologix,8,51-53,2023,0.0,0.00620158901438117,1,drone,1,9.489961992702219e-05,3815,0.0046500813764240876,True
GaussianBudget75M_TOPGrowing,H-8_Dutch_2023-CALNF-004343,20230816,18,pyrologix,10,51-53,2023,0.0,0.005822401028126478,1,drone,1,9.489961992702219e-05,4490,0.0046500813764240876,True
GaussianBudget75M_TOPGrowing,H-9_Bunchgrass_2023-CALNF-004347,20230817,22,pyrologix,6,48-47,2023,0.0,0.004727812018245459,0,drone,1,9.489961992702219e-05,2510,0.0046500813764240876,True
GaussianBudget75M_TOPGrowing,Hall_2023-CALNF-005330,20230930,20,pyrologix,3,51-53,2023,0.0,0.0027872909558936954,0,drone,1,9.489961992702219e-05,1280,0.0046500813764240876,True
GaussianBudget75M_TOPGrowing,Hallett_2023-CAPNF-000405,20230605,15,pyrologix,11,63-64,2023,0.0,0.005263042985461652,0,drone,1,9.489961992702219e-05,4395,0.0046500813764240876,True
GaussianBudget75M_TOPGrowing,Hambone_2023-CASHF-000520,20230531,21,pyrologix,4,37-52,2023,0.0,0.00702846993226558,1,drone,1,9.489961992702219e-05,2005,0.0046500813764240876,True
GaussianBudget75M_TOPGrowing,Hancock_2023-CASRF-001016,20230821,12,pyrologix,9,26-25,2023,0.0,0.003070004051551223,0,drone,1,9.489961992702219e-05,3635,0.0046500813764240876,True
GaussianBudget75M_TOPGrowing,Harlem_2023-CAPNF-000598,20230626,8,pyrologix,6,72-57,2023,0.0,0.005907276994548738,0,drone,1,9.489961992702219e-05,2595,0.0046500813764240876,True
GaussianBudget75M_TOPGrowing,Harrison_2023-CABDF-009856,20230710,23,pyrologix,4,none,2023,0.0,0.002026467933319509,-1,undetected,1,9.489961992702219e-05,0,0.0,False
GaussianBudget75M_TOPGrowing,Haskins_2023-CAPNF-001029,20230817,18,pyrologix,3,69-50,2023,0.0,0.0034687480656430125,0,drone,1,9.489961992702219e-05,1370,0.0046500813764240876,True
GaussianBudget75M_TOPGrowing,Hawkins_Bar_2023-CASRF-001153,20230914,0,pyrologix,2,40-22,2023,0.0,0.007841988932341337,1,drone,1,9.489961992702219e-05,1330,0.0046500813764240876,True
GaussianBudget75M_TOPGrowing,Hawley_2023-CATNF-001302,20230817,14,pyrologix,8,79-56,2023,0.0,0.0054995419923216105,0,drone,1,9.489961992702219e-05,3240,0.0046500813764240876,True
GaussianBudget75M_TOPGrowing,Haydon_2023-CASRF-000915,20230813,15,pyrologix,2,42-15,2023,0.0,0.005735374987125397,1,drone,1,9.489961992702219e-05,1320,0.0046500813764240876,True
GaussianBudget75M_TOPGrowing,Head_2023-CAKNF-006988,20230815,21,pyrologix,4,24-35,2023,0.0,0.0029817179311066866,0,drone,1,9.489961992702219e-05,1740,0.0046500813764240876,True
GaussianBudget75M_TOPGrowing,Heath_2023-CASHF-000576,20230612,13,pyrologix,12,41-47,2023,0.0,0.01084824395366013,1,drone,1,9.489961992702219e-05,5250,0.0046500813764240876,True
GaussianBudget75M_TOPGrowing,Heavenly_2023-CACNF-003041,20231112,22,pyrologix,5,none,2023,0.0,0.0020960819674655795,-1,undetected,1,9.489961992702219e-05,0,0.0,False
GaussianBudget75M_TOPGrowing,Hebron_2023-CAKNF-004493,20230608,21,pyrologix,1,27-52,2023,0.0,0.0037899280432611704,0,drone,1,9.489961992702219e-05,560,0.004555181756497065,True
GaussianBudget75M_TOPGrowing,Helm_2023-CASNF-001526,20231004,18,pyrologix,8,none,2023,0.0,0.002194868982769549,-1,undetected,1,9.489961992702219e-05,0,0.0,False
GaussianBudget75M_TOPGrowing,Henness_2023-CATNF-001322,20230819,16,pyrologix,11,84-67,2023,0.0,0.005257762968540192,0,drone,1,9.489961992702219e-05,4395,0.004839880616278132,True
GaussianBudget75M_TOPGrowing,Hennessy_2023-CASHF-001071,20230825,22,pyrologix,7,40-22,2023,0.0,0.004899071995168924,1,drone,1,9.489961992702219e-05,3285,0.0046500813764240876,True
GaussianBudget75M_TOPGrowing,Henry_2023-CAKNF-007036,20230816,20,pyrologix,7,33-29,2023,0.0,0.006916922051459551,0,drone,1,9.489961992702219e-05,3050,0.0046500813764240876,True
GaussianBudget75M_TOPGrowing,Henshaw_2023-CACNF-000773,20230417,13,pyrologix,5,230-98,2023,0.0,0.006590361008420587,0,drone,1,9.489961992702219e-05,2240,0.0046500813764240876,True
GaussianBudget75M_TOPGrowing,Hickey_2023-CAKNF-008080,20230917,20,pyrologix,8,28-32,2023,0.0,0.0029303099727258086,0,drone,1,9.489961992702219e-05,3340,0.0046500813764240876,True
GaussianBudget75M_TOPGrowing,Hidden_2023-CACNF-001596,20230704,14,pyrologix,8,none,2023,0.0,0.001966743031516671,-1,undetected,1,9.489961992702219e-05,0,0.0,False
GaussianBudget75M_TOPGrowing,Highline_2023-CAANF-233907,20231128,23,pyrologix,4,none,2023,0.0,0.0020417890045791864,-1,undetected,1,9.489961992702219e-05,0,0.0,False
GaussianBudget75M_TOPGrowing,Highway_2023-CAANF-001901,20230702,0,pyrologix,1,none,2023,0.0,0.001975444029085338,-1,undetected,1,9.489961992702219e-05,0,0.0,False
GaussianBudget75M_TOPGrowing,Highway_2023-CAPNF-006276,20231118,22,pyrologix,12,69-71,2023,0.0,0.007621848955750465,0,drone,1,9.489961992702219e-05,4825,0.004365382516643021,True
GaussianBudget75M_TOPGrowing,Highway_2023-CATNF-001295,20230816,19,pyrologix,5,80-58,2023,0.0,0.0027255360037088394,0,drone,1,9.489961992702219e-05,2115,0.0046500813764240876,True
GaussianBudget75M_TOPGrowing,Hill_2023-CAMDF-000175,20230520,18,pyrologix,4,38-63,2023,0.0,0.0023788849357515574,0,drone,1,9.489961992702219e-05,1665,0.0046500813764240876,True
GaussianBudget75M_TOPGrowing,Hill_2023-CAMDF-000845,20230902,15,pyrologix,11,38-63,2023,0.0,0.010275038075633347,1,drone,1,9.489961992702219e-05,4860,0.0046500813764240876,True
GaussianBudget75M_TOPGrowing,Hill_2023-CATNF-000463,20230520,14,pyrologix,3,84-67,2023,0.0,0.002216711058281362,0,drone,1,9.489961992702219e-05,1215,0.004460282136570043,True
GaussianBudget75M_TOPGrowing,Hilt_2023-CAKNF-004484,20230608,16,pyrologix,1,21-42,2023,0.0,0.003238086006604135,0,drone,1,9.489961992702219e-05,575,0.004270482896715999,True
GaussianBudget75M_TOPGrowing,Hoags_2023-CAKNF-005424,20230703,0,pyrologix,12,17-30,2023,0.0,0.006839912035502493,0,drone,1,9.489961992702219e-05,4825,0.004555181756497065,True
GaussianBudget75M_TOPGrowing,Hobart_2023-CATNF-000772,20230623,23,pyrologix,6,84-67,2023,0.0,0.004370769951492548,0,drone,1,9.489961992702219e-05,2740,0.004839880616278132,True
GaussianBudget75M_TOPGrowing,Hobo_2023-CASQF-002441,20231127,1,pyrologix,4,172-74,2023,0.0,0.004907487076707184,0,drone,1,9.489961992702219e-05,1735,0.0046500813764240876,True
GaussianBudget75M_TOPGrowing,Hog_2023-CAKNF-007217,20230822,22,pyrologix,6,33-29,2023,0.0,0.004885511938482523,0,drone,1,9.489961992702219e-05,2540,0.0046500813764240876,True
GaussianBudget75M_TOPGrowing,Hole_2023-CAMNF-000845,20230815,2,pyrologix,4,61-19,2023,0.0,0.009171311976388097,1,drone,1,9.489961992702219e-05,2165,0.0046500813764240876,True
GaussianBudget75M_TOPGrowing,Holiday_2023-CALPF-001277,20230526,19,pyrologix,3,none,2023,0.0,0.002150965970940888,-1,undetected,1,9.489961992702219e-05,0,0.0,False
GaussianBudget75M_TOPGrowing,Holiday_2023-CASHF-000145,20230210,20,pyrologix,9,42-41,2023,0.0,0.005296016926877201,0,drone,1,9.489961992702219e-05,3750,0.0046500813764240876,True
GaussianBudget75M_TOPGrowing,Holiday_2023-CASRF-000952,20230815,13,pyrologix,12,none,2023,0.0,0.0016760060098022223,-1,undetected,1,9.489961992702219e-05,0,0.0,False
GaussianBudget75M_TOPGrowing,Hollow_2023-CASTF-001956,20230910,16,pyrologix,12,108-64,2023,0.0,0.004532448947429657,0,drone,1,9.489961992702219e-05,4880,0.0046500813764240876,True
GaussianBudget75M_TOPGrowing,Hollow_2023-CATCU-013868,20231019,11,pyrologix,4,118-56,2023,0.0,0.004621351952664554,0,drone,1,9.489961992702219e-05,1770,0.0046500813764240876,True
GaussianBudget75M_TOPGrowing,Honey_2023-CAPNF-000663,20230705,20,pyrologix,12,70-69,2023,0.0,0.005663870018906891,0,drone,1,9.489961992702219e-05,4865,0.0046500813764240876,True
GaussianBudget75M_TOPGrowing,Hopkins_2023-CAPNF-001008,20230817,19,pyrologix,12,72-57,2023,0.0,0.003202041960321367,0,drone,1,9.489961992702219e-05,4705,0.0046500813764240876,True
GaussianBudget75M_TOPGrowing,Horse_2023-CAKNF-008106,20230917,14,pyrologix,12,18-37,2023,0.0,0.003743781941011548,0,drone,1,9.489961992702219e-05,4890,0.004175583276788976,True
GaussianBudget75M_TOPGrowing,Horse_2023-CAMNF-000385,20230530,15,pyrologix,12,61-19,2023,0.0,0.005867369007319212,0,drone,1,9.489961992702219e-05,4895,0.0046500813764240876,True
GaussianBudget75M_TOPGrowing,Horse_2023-CAPNF-001410,20230925,22,pyrologix,1,72-57,2023,0.0,0.002798433997668326,0,drone,1,9.489961992702219e-05,505,0.003511285937299821,True
GaussianBudget75M_TOPGrowing,Hot_2023-CAINF-001668,20230910,17,pyrologix,2,none,2023,0.0,0.0017331959679722786,-1,undetected,1,9.489961992702219e-05,0,0.0,False
GaussianBudget75M_TOPGrowing,Huckle_2023-CAKNF-008130,20230918,1,pyrologix,4,21-28,2023,0.0,0.007486018934287131,2,drone,1,9.489961992702219e-05,2505,0.0046500813764240876,True
GaussianBudget75M_TOPGrowing,Huckleberry_2023-CAENF-022291,20230814,20,pyrologix,6,none,2023,0.0,0.0016600519884377718,-1,undetected,1,9.489961992702219e-05,0,0.0,False
GaussianBudget75M_TOPGrowing,Hughes_2023-CALAC-208600,20230624,5,pyrologix,8,none,2023,0.0,0.002074413001537323,-1,undetected,1,9.489961992702219e-05,0,0.0,False
GaussianBudget75M_TOPGrowing,Hull_2023-CASTF-001546,20230814,22,pyrologix,8,115-63,2023,0.0,0.006764797959476709,0,drone,1,9.489961992702219e-05,3425,0.0046500813764240876,True
GaussianBudget75M_TOPGrowing,Humphrey_2023-CAPNF-000982,20230816,21,pyrologix,7,67-62,2023,0.0,0.004586252034641802,0,drone,1,9.489961992702219e-05,2885,0.0046500813764240876,True
GaussianBudget75M_TOPGrowing,Hurdy_Gurdy_2023-CASRF-000998,20230818,12,pyrologix,12,16-26,2023,0.0,0.010698467958718538,1,drone,1,9.489961992702219e-05,5135,0.004555181756497065,True
GaussianBudget75M_TOPGrowing,Hwy_166____Bull_Canyon_Rd_2023-CASLU-011614,20230728,8,pyrologix,1,none,2023,0.0,0.002071863040328026,-1,undetected,1,9.489961992702219e-05,0,0.0,False
GaussianBudget75M_TOPGrowing,Hy_243____Diamond_Zen_Rd_2023-CARRU-164439,20231106,0,pyrologix,4,218-98,2023,0.0,0.003652223036624491,0,drone,1,9.489961992702219e-05,1860,0.0046500813764240876,True
GaussianBudget75M_TOPGrowing,Hy_74__E__Scenic_Dr_2023-CARRU-004047,20230109,0,pyrologix,2,none,2023,0.0,0.0019327719928696752,-1,undetected,1,9.489961992702219e-05,0,0.0,False
GaussianBudget75M_TOPGrowing,Hyampom_2023-CASHF-000285,20230412,18,pyrologix,11,47-21,2023,0.0,0.006076797028072178,0,drone,1,9.489961992702219e-05,4465,0.0046500813764240876,True
GaussianBudget75M_TOPGrowing,I_15__N__Hwy_138_2023-CABDU-009650,20230715,18,pyrologix,7,206-88,2023,0.0,0.002449330990202725,0,drone,1,9.489961992702219e-05,2815,0.004365382516643021,True
GaussianBudget75M_TOPGrowing,I_15__N__Hwy_138_2023-CABDU-012586,20230907,6,pyrologix,7,206-88,2023,0.0,0.004086308064870536,0,drone,1,9.489961992702219e-05,2815,0.004365382516643021,True
GaussianBudget75M_TOPGrowing,I_15__S__Hwy_138_2023-CABDU-006311,20230513,21,pyrologix,11,206-88,2023,0.0,0.0032084009144455194,0,drone,1,9.489961992702219e-05,4350,0.004460282136570043,True
GaussianBudget75M_TOPGrowing,Ice_2023-CAENF-018816,20230711,15,pyrologix,9,97-60,2023,0.0,0.004988683038391173,0,drone,1,9.489961992702219e-05,3635,0.0046500813764240876,True
GaussianBudget75M_TOPGrowing,Ice_House_2023-CAENF-011783,20230502,16,pyrologix,2,98-62,2023,0.0,0.0024765770649537444,0,drone,1,9.489961992702219e-05,990,0.0046500813764240876,True
GaussianBudget75M_TOPGrowing,Icehouse_2023-CAANF-002235,20230717,11,pyrologix,11,206-88,2023,0.0,0.0028192540630698204,0,drone,1,9.489961992702219e-05,4310,0.004460282136570043,True
GaussianBudget75M_TOPGrowing,Indian_2023-CACNF-000210,20230204,12,pyrologix,12,230-98,2023,0.0,0.011223325971513987,1,drone,1,9.489961992702219e-05,5085,0.0046500813764240876,True
GaussianBudget75M_TOPGrowing,Indian_Springs_2023-CATNF-001752,20231028,20,pyrologix,5,87-59,2023,0.0,0.0023585360031574965,0,drone,1,9.489961992702219e-05,2095,0.0046500813764240876,True
GaussianBudget75M_TOPGrowing,Interface_2023-CATCU-006361,20230518,1,pyrologix,8,111-57,2023,0.0,0.004688715096563101,0,drone,1,9.489961992702219e-05,3275,0.0046500813764240876,True
GaussianBudget75M_TOPGrowing,Intersection_2023-CAKNF-007000,20230816,0,pyrologix,6,21-28,2023,0.0,0.002230502082966268,0,drone,1,9.489961992702219e-05,2405,0.0046500813764240876,True
GaussianBudget75M_TOPGrowing,Iron_2023-CASRF-001003,20230819,13,pyrologix,11,26-25,2023,0.0,0.00664624001365155,0,drone,1,9.489961992702219e-05,4420,0.0046500813764240876,True
GaussianBudget75M_TOPGrowing,Ishi_2023-CALNF-006312,20231119,13,pyrologix,7,62-41,2023,0.0,0.005536286043934524,0,drone,1,9.489961992702219e-05,2865,0.004460282136570043,True
GaussianBudget75M_TOPGrowing,Ishi_2023-CATGU-013430,20231119,13,pyrologix,7,62-41,2023,0.0,0.0053558420622721314,0,drone,1,9.489961992702219e-05,2865,0.004460282136570043,True
GaussianBudget75M_TOPGrowing,Island_2023-CASRF-000991,20230817,19,pyrologix,9,16-26,2023,0.0,0.003417126019485295,0,drone,1,9.489961992702219e-05,3590,0.004555181756497065,True
GaussianBudget75M_TOPGrowing,Jackson_2023-CAKNF-008621,20231003,18,pyrologix,10,33-29,2023,0.0,0.003782451036386192,0,drone,1,9.489961992702219e-05,4105,0.0046500813764240876,True
GaussianBudget75M_TOPGrowing,Jackson_2023-CAPNF-000523,20230617,2,pyrologix,1,73-63,2023,0.0,0.003417419036850333,0,drone,1,9.489961992702219e-05,495,0.003511285937299821,True
GaussianBudget75M_TOPGrowing,Jade_2023-CABDF-009601,20230705,3,pyrologix,3,none,2023,0.0,0.0019239209359511733,-1,undetected,1,9.489961992702219e-05,0,0.0,False
GaussianBudget75M_TOPGrowing,Janes_2023-CAMDF-000177,20230522,18,pyrologix,4,none,2023,0.0,0.002105287043377757,-1,undetected,1,9.489961992702219e-05,0,0.0,False
GaussianBudget75M_TOPGrowing,Japatul_2023-CACNF-000744,20230415,15,pyrologix,11,none,2023,0.0,0.0021225319942459464,-1,undetected,1,9.489961992702219e-05,0,0.0,False
GaussianBudget75M_TOPGrowing,Japatul_2_2023-CACNF-000745,20230415,17,pyrologix,8,none,2023,0.0,0.0022057340247556567,-1,undetected,1,9.489961992702219e-05,0,0.0,False
GaussianBudget75M_TOPGrowing,Jaw_2023-CASTF-000895,20230616,22,pyrologix,5,118-64,2023,0.0,0.004605213995091617,0,drone,1,9.489961992702219e-05,2160,0.0046500813764240876,True
GaussianBudget75M_TOPGrowing,Jedediah_2023-CASRF-001058,20230825,18,pyrologix,2,16-26,2023,0.0,0.007331867003813386,2,drone,1,9.489961992702219e-05,1710,0.004460282136570043,True
GaussianBudget75M_TOPGrowing,Jess_2023-CAMDF-000181,20230524,20,pyrologix,3,none,2023,0.0,0.002101165009662509,-1,undetected,1,9.489961992702219e-05,0,0.0,False
GaussianBudget75M_TOPGrowing,Juergens_2023-CACNF-002409,20230831,17,pyrologix,1,none,2023,0.0,0.0018604869255796075,-1,undetected,1,9.489961992702219e-05,0,0.0,False
GaussianBudget75M_TOPGrowing,Juniper_2023-CASTF-001948,20230910,15,pyrologix,6,none,2023,0.0,0.002044450957328081,-1,undetected,1,9.489961992702219e-05,0,0.0,False
GaussianBudget75M_TOPGrowing,Jupiter_2023-CASTF-000394,20230414,16,pyrologix,10,111-57,2023,0.0,0.015580315957777202,2,drone,1,9.489961992702219e-05,4985,0.0046500813764240876,True
GaussianBudget75M_TOPGrowing,Jupiters_2023-CASTF-001133,20230706,9,pyrologix,8,111-57,2023,0.0,0.004044228000566363,0,drone,1,9.489961992702219e-05,3150,0.0046500813764240876,True
GaussianBudget75M_TOPGrowing,Kaiser_2023-CASNF-001715,20231203,22,pyrologix,2,132-72,2023,0.0,0.008428917033597827,1,drone,1,9.489961992702219e-05,1415,0.0046500813764240876,True
GaussianBudget75M_TOPGrowing,Kane_2023-CAMMU-020138,20230909,13,pyrologix,4,128-67,2023,0.0,0.001979254884645343,0,drone,1,9.489961992702219e-05,1635,0.0046500813764240876,True
GaussianBudget75M_TOPGrowing,Keddie_2023-CAPNF-000274,20230519,23,pyrologix,8,65-55,2023,0.0,0.013117267983034253,1,drone,1,9.489961992702219e-05,3795,0.004555181756497065,True
GaussianBudget75M_TOPGrowing,Kelly_2023-CASHF-001205,20230919,1,pyrologix,5,47-27,2023,0.0,0.00533947697840631,0,drone,1,9.489961992702219e-05,2245,0.0046500813764240876,True
GaussianBudget75M_TOPGrowing,Kelly_2023-CASRF-000939,20230815,10,pyrologix,8,none,2023,0.0,0.0021271839505061507,-1,undetected,1,9.489961992702219e-05,0,0.0,False
GaussianBudget75M_TOPGrowing,Keltz_2023-CASTF-001915,20230909,20,pyrologix,5,111-57,2023,0.0,0.0036726510152220726,0,drone,1,9.489961992702219e-05,2225,0.0046500813764240876,True
GaussianBudget75M_TOPGrowing,Kennedy_2023-CASQF-002149,20231001,12,pyrologix,10,none,2023,0.0,0.002117290045134723,-1,undetected,1,9.489961992702219e-05,0,0.0,False
GaussianBudget75M_TOPGrowing,Kennedy_2023-CASTF-001780,20230830,13,pyrologix,7,none,2023,0.0,0.002066166023723781,-1,undetected,1,9.489961992702219e-05,0,0.0,False
GaussianBudget75M_TOPGrowing,Kennedys_2023-CASTF-001947,20230910,18,pyrologix,1,none,2023,0.0,0.0021287950221449137,-1,undetected,1,9.489961992702219e-05,0,0.0,False
GaussianBudget75M_TOPGrowing,Kentucky_2023-CAENF-014019,20230526,19,pyrologix,4,93-54,2023,0.0,0.0033978410065174103,0,drone,1,9.489961992702219e-05,1695,0.0046500813764240876,True
GaussianBudget75M_TOPGrowing,Kerns_2023-CASTF-001934,20230910,12,pyrologix,6,115-63,2023,0.0,0.00327388197183609,0,drone,1,9.489961992702219e-05,2545,0.0046500813764240876,True
GaussianBudget75M_TOPGrowing,Kilgore_2023-CAMNF-001227,20230918,15,pyrologix,7,69-27,2023,524.0008216720307,0.003125186078250408,0,drone,1,9.489961992702219e-05,2975,0.0046500813764240876,True
GaussianBudget75M_TOPGrowing,King_2023-CASNF-001561,20231014,18,pyrologix,4,135-68,2023,0.0,0.005329731968231499,0,drone,1,9.489961992702219e-05,1845,0.0046500813764240876,True
GaussianBudget75M_TOPGrowing,Kings_2023-CAKNF-007503,20230830,12,pyrologix,11,21-28,2023,0.0,0.006551017053425312,1,drone,1,9.489961992702219e-05,4855,0.0046500813764240876,True
GaussianBudget75M_TOPGrowing,Kitchen_2023-CASTF-001594,20230816,16,pyrologix,6,108-64,2023,0.0,0.004079190897755325,0,drone,1,9.489961992702219e-05,2710,0.0046500813764240876,True
GaussianBudget75M_TOPGrowing,Knight_2023-CASTF-001330,20230729,7,pyrologix,5,111-57,2023,0.0,0.0028393740067258477,0,drone,1,9.489961992702219e-05,2115,0.0046500813764240876,True
GaussianBudget75M_TOPGrowing,Knoll_2023-CAINF-001125,20230725,0,pyrologix,1,none,2023,0.0,0.0020191610092297196,-1,undetected,1,9.489961992702219e-05,0,0.0,False
GaussianBudget75M_TOPGrowing,Knownothing_2023-CAKNF-008148,20230918,15,pyrologix,10,33-23,2023,0.0,0.0031521909404546022,0,drone,1,9.489961992702219e-05,4030,0.0046500813764240876,True
GaussianBudget75M_TOPGrowing,Kuntz_2023-CAKNF-005080,20230625,4,pyrologix,2,17-30,2023,0.0,0.002567977993749082,0,drone,1,9.489961992702219e-05,935,0.004365382516643021,True
GaussianBudget75M_TOPGrowing,Kyburz_2023-CAAEU-025635,20230917,22,pyrologix,11,98-62,2023,0.0,0.004602876957505941,0,drone,1,9.489961992702219e-05,4720,0.0046500813764240876,True
GaussianBudget75M_TOPGrowing,L-1_Branch_Fish_2023-CALNF-004323,20230815,19,pyrologix,8,62-48,2023,0.0,0.009210951975546777,1,drone,1,9.489961992702219e-05,3685,0.0046500813764240876,True
GaussianBudget75M_TOPGrowing,L-1_Pear_2023-CALNF-002954,20230613,18,pyrologix,3,62-48,2023,0.0,0.004234079970046878,0,drone,1,9.489961992702219e-05,1370,0.0046500813764240876,True
GaussianBudget75M_TOPGrowing,L-2_2023-CALNF-004359,20230817,16,pyrologix,2,55-47,2023,0.0,0.008590981946326792,1,drone,1,9.489961992702219e-05,1415,0.0046500813764240876,True
GaussianBudget75M_TOPGrowing,L-_3_2023-CALNF-004362,20230817,17,pyrologix,2,55-47,2023,0.0,0.0031873920233920217,0,drone,1,9.489961992702219e-05,920,0.004555181756497065,True
GaussianBudget75M_TOPGrowing,Lac-184211_2023-CALAC-184211,20230603,18,pyrologix,10,206-88,2023,0.0,0.003162891953252256,0,drone,1,9.489961992702219e-05,4030,0.004365382516643021,True
GaussianBudget75M_TOPGrowing,Lac-248756_2023-CALAC-248756,20230725,17,pyrologix,10,206-88,2023,0.0,0.0030656129820272326,0,drone,1,9.489961992702219e-05,3965,0.004365382516643021,True
GaussianBudget75M_TOPGrowing,Lac-265965_2023-CALAC-265965,20230807,17,pyrologix,8,none,2023,0.0,0.002106779022142291,-1,undetected,1,9.489961992702219e-05,0,0.0,False
GaussianBudget75M_TOPGrowing,Lac-270836_2023-CALAC-270836,20230811,15,pyrologix,9,none,2023,0.0,0.0022251029731705785,-1,undetected,1,9.489961992702219e-05,0,0.0,False
GaussianBudget75M_TOPGrowing,Lac-281560_2023-CALAC-281560,20230819,18,pyrologix,8,none,2023,0.0,0.0021649179980158806,-1,undetected,1,9.489961992702219e-05,0,0.0,False
GaussianBudget75M_TOPGrowing,Lac-291928_2023-CALAC-291928,20230827,11,pyrologix,10,none,2023,0.0,0.002170555992051959,-1,undetected,1,9.489961992702219e-05,0,0.0,False
GaussianBudget75M_TOPGrowing,Lac-308780_2023-CALAC-308780,20230909,12,pyrologix,8,none,2023,0.0,0.002360041020438075,-1,undetected,1,9.489961992702219e-05,0,0.0,False
GaussianBudget75M_TOPGrowing,Lac-311937_2023-CALAC-311937,20230911,21,pyrologix,2,none,2023,0.0,0.0020092229824513197,-1,undetected,1,9.489961992702219e-05,0,0.0,False
GaussianBudget75M_TOPGrowing,Lac-358687_2023-CALAC-358687,20231019,13,pyrologix,11,none,2023,0.0,0.0020696480059996247,-1,undetected,1,9.489961992702219e-05,0,0.0,False
GaussianBudget75M_TOPGrowing,Laco-_Fred_2023-CAANF-002523,20230802,16,pyrologix,9,none,2023,0.0,0.002129041007719934,-1,undetected,1,9.489961992702219e-05,0,0.0,False
GaussianBudget75M_TOPGrowing,Lago_2023-CAANF-002338,20230723,6,pyrologix,2,none,2023,0.0,0.0022475160658359528,-1,undetected,1,9.489961992702219e-05,0,0.0,False
GaussianBudget75M_TOPGrowing,Lago_2023-CALAC-198338,20230615,18,pyrologix,8,none,2023,0.0,0.002263766946271062,-1,undetected,1,9.489961992702219e-05,0,0.0,False
GaussianBudget75M_TOPGrowing,Lago_2023-CALAC-245622,20230723,2,pyrologix,11,none,2023,0.0,0.0021958049619570374,-1,undetected,1,9.489961992702219e-05,0,0.0,False
GaussianBudget75M_TOPGrowing,Lago_Ic_2023-CALAC-197807,20230615,11,pyrologix,2,none,2023,0.0,0.002157683949917555,-1,undetected,1,9.489961992702219e-05,0,0.0,False
GaussianBudget75M_TOPGrowing,Lake_2023-CAANF-234133,20231222,14,pyrologix,6,206-87,2023,0.0,0.005431080004200339,1,drone,1,9.489961992702219e-05,2880,0.004460282136570043,True
GaussianBudget75M_TOPGrowing,Lake_2023-CAKNF-006975,20230815,18,pyrologix,4,28-32,2023,0.0,0.008545235032215714,1,drone,1,9.489961992702219e-05,2155,0.0046500813764240876,True
GaussianBudget75M_TOPGrowing,Lake_2023-CALPF-003332,20231204,11,pyrologix,1,none,2023,0.0,0.002246225019916892,-1,undetected,1,9.489961992702219e-05,0,0.0,False
GaussianBudget75M_TOPGrowing,Lake_2023-CAMDF-000899,20230912,18,pyrologix,2,37-64,2023,0.0,0.002662956016138196,0,drone,1,9.489961992702219e-05,890,0.004460282136570043,True
GaussianBudget75M_TOPGrowing,Lake_2023-CASHF-000616,20230618,1,pyrologix,10,42-41,2023,0.0,0.0027836919762194157,0,drone,1,9.489961992702219e-05,4080,0.0046500813764240876,True
GaussianBudget75M_TOPGrowing,Lake_2023-CASTF-001343,20230730,15,pyrologix,12,115-63,2023,0.0,0.003608115017414093,0,drone,1,9.489961992702219e-05,4840,0.0046500813764240876,True
GaussianBudget75M_TOPGrowing,Lamoine_2023-CASHF-000563,20230609,23,pyrologix,10,42-41,2023,0.0,0.006516378023661673,0,drone,1,9.489961992702219e-05,4245,0.0046500813764240876,True
GaussianBudget75M_TOPGrowing,Landing_2023-CACNF-003033,20231111,12,pyrologix,11,none,2023,0.0,0.0021957929711788893,-1,undetected,1,9.489961992702219e-05,0,0.0,False
GaussianBudget75M_TOPGrowing,Lane_2023-CASQF-001107,20230704,23,pyrologix,10,172-74,2023,0.0,0.005877335090190172,0,drone,1,9.489961992702219e-05,4095,0.0046500813764240876,True
GaussianBudget75M_TOPGrowing,Larch_2023-CALNF-002947,20230613,15,pyrologix,4,51-53,2023,0.0,0.0016577529022470117,0,drone,1,9.489961992702219e-05,1620,0.0046500813764240876,True
GaussianBudget75M_TOPGrowing,Lassen_2023-CAMDF-000291,20230627,13,pyrologix,12,none,2023,0.0,0.0022227870067581534,-1,undetected,1,9.489961992702219e-05,0,0.0,False
GaussianBudget75M_TOPGrowing,Lawson_2023-CACNF-003252,20231217,22,pyrologix,4,none,2023,0.0,0.002233098028227687,-1,undetected,1,9.489961992702219e-05,0,0.0,False
GaussianBudget75M_TOPGrowing,Leaf_2023-CATMU-014379,20230530,15,pyrologix,7,none,2023,0.0,0.002028341987170279,-1,undetected,1,9.489961992702219e-05,0,0.0,False
GaussianBudget75M_TOPGrowing,Leary_2023-CASRF-000487,20230606,11,pyrologix,10,27-19,2023,0.0,0.010690419003367424,1,drone,1,9.489961992702219e-05,4515,0.0046500813764240876,True
GaussianBudget75M_TOPGrowing,Let_Er-Buck_2023-CASRF-000984,20230817,21,pyrologix,8,26-25,2023,0.0,0.0023817879846319556,0,drone,1,9.489961992702219e-05,3115,0.0046500813764240876,True
GaussianBudget75M_TOPGrowing,Lewis_2023-CASTF-001937,20230910,11,pyrologix,11,115-63,2023,0.0,0.002904467983171344,0,drone,1,9.489961992702219e-05,4390,0.0046500813764240876,True
GaussianBudget75M_TOPGrowing,Light_2023-CAAEU-011735,20230501,18,pyrologix,5,93-54,2023,0.0,0.004178931005299091,0,drone,1,9.489961992702219e-05,2100,0.0046500813764240876,True
GaussianBudget75M_TOPGrowing,Light_2023-CATCU-007305,20230606,20,pyrologix,4,105-63,2023,0.0,0.002806873992085457,0,drone,1,9.489961992702219e-05,1765,0.0046500813764240876,True
GaussianBudget75M_TOPGrowing,Lily_2023-CASTF-001559,20230814,17,pyrologix,2,115-63,2023,0.0,0.00294036406558007,0,drone,1,9.489961992702219e-05,1050,0.0046500813764240876,True
GaussianBudget75M_TOPGrowing,Lime_2023-CAKNF-005141,20230626,13,pyrologix,12,17-30,2023,0.0,0.003892789944075048,0,drone,1,9.489961992702219e-05,4765,0.004555181756497065,True
GaussianBudget75M_TOPGrowing,Lime_2023-CASHF-000503,20230529,17,pyrologix,3,40-29,2023,0.0,0.0035793930292129517,0,drone,1,9.489961992702219e-05,1460,0.0046500813764240876,True
GaussianBudget75M_TOPGrowing,Line_2023-CASNF-001097,20230816,20,pyrologix,11,132-72,2023,0.0,0.0105497429613024,1,drone,1,9.489961992702219e-05,4950,0.0046500813764240876,True
GaussianBudget75M_TOPGrowing,Little_2023-CAKNF-005465,20230704,20,pyrologix,9,17-30,2023,0.0,0.005902622942812741,0,drone,1,9.489961992702219e-05,3665,0.004555181756497065,True
GaussianBudget75M_TOPGrowing,Little_2023-CASQF-001707,20230817,15,pyrologix,5,161-79,2023,0.0,0.009425165015272796,1,drone,1,9.489961992702219e-05,2525,0.0046500813764240876,True
GaussianBudget75M_TOPGrowing,Little_2023-CATNF-000567,20230602,15,pyrologix,5,90-60,2023,0.0,0.005473316996358335,1,drone,1,9.489961992702219e-05,2485,0.0046500813764240876,True
GaussianBudget75M_TOPGrowing,Lloyd_2023-CASQF-002068,20230921,17,pyrologix,8,165-77,2023,0.0,0.005716931074857712,0,drone,1,9.489961992702219e-05,3310,0.0046500813764240876,True
GaussianBudget75M_TOPGrowing,Log_Springs_2023-CAMNF-000705,20230731,14,pyrologix,9,61-26,2023,0.0,0.009309706976637244,1,drone,1,9.489961992702219e-05,4085,0.0046500813764240876,True
GaussianBudget75M_TOPGrowing,Logan_2023-CAMDF-000568,20230818,22,pyrologix,10,none,2023,0.0,0.0020541209960356355,-1,undetected,1,9.489961992702219e-05,0,0.0,False
GaussianBudget75M_TOPGrowing,Logger_2023-CATNF-000608,20230605,22,pyrologix,6,84-67,2023,0.0,0.0019044129876419902,0,drone,1,9.489961992702219e-05,2425,0.004839880616278132,True
GaussianBudget75M_TOPGrowing,Lone_2023-CABDF-009173,20230627,17,pyrologix,12,206-88,2023,0.0,0.004705589031800628,0,drone,1,9.489961992702219e-05,5010,0.004460282136570043,True
GaussianBudget75M_TOPGrowing,Lone_Pine_2023-CASRF-000931,20230815,3,pyrologix,8,32-17,2023,0.0,0.008127723005600274,1,drone,1,9.489961992702219e-05,3720,0.0046500813764240876,True
GaussianBudget75M_TOPGrowing,Long_2023-CAENF-025043,20230910,22,pyrologix,2,90-60,2023,0.0,0.0016662999987602234,0,drone,1,9.489961992702219e-05,900,0.004365382516643021,True
GaussianBudget75M_TOPGrowing,Long_2023-CASKU-006965,20230815,17,pyrologix,3,37-52,2023,0.0,0.0048411349998787045,0,drone,1,9.489961992702219e-05,1445,0.0046500813764240876,True
GaussianBudget75M_TOPGrowing,Loon_2023-CAENF-024211,20230902,10,pyrologix,8,90-60,2023,0.0,0.009061735006980598,1,drone,1,9.489961992702219e-05,3615,0.0046500813764240876,True
GaussianBudget75M_TOPGrowing,Loop_2023-CAPNF-001011,20230817,22,pyrologix,7,72-57,2023,0.0,0.0029963040724396706,0,drone,1,9.489961992702219e-05,2875,0.0046500813764240876,True
GaussianBudget75M_TOPGrowing,Loop_2023-CASRF-000442,20230528,19,pyrologix,9,40-22,2023,0.0,0.005468483082950115,0,drone,1,9.489961992702219e-05,3780,0.0046500813764240876,True
GaussianBudget75M_TOPGrowing,Lopez_2023-CAANF-002663,20230811,20,pyrologix,9,none,2023,0.0,0.0020855439361184835,-1,undetected,1,9.489961992702219e-05,0,0.0,False
GaussianBudget75M_TOPGrowing,Lost_2023-CAKNF-006299,20230727,21,pyrologix,12,26-25,2023,0.0,0.006378676043823361,0,drone,1,9.489961992702219e-05,4810,0.0046500813764240876,True
GaussianBudget75M_TOPGrowing,Lost_2023-CALNF-002718,20230602,2,pyrologix,10,51-53,2023,0.0,0.002961131976917386,0,drone,1,9.489961992702219e-05,4030,0.0046500813764240876,True
GaussianBudget75M_TOPGrowing,Lower_2023-CASHF-000434,20230515,19,pyrologix,8,47-21,2023,0.0,0.0058387849712744355,1,drone,1,9.489961992702219e-05,3660,0.0046500813764240876,True
GaussianBudget75M_TOPGrowing,Lower_2023-CASRF-000951,20230815,15,pyrologix,6,none,2023,0.0,0.002080174977891147,-1,undetected,1,9.489961992702219e-05,0,0.0,False
GaussianBudget75M_TOPGrowing,Lucky_2023-CASQF-001260,20230716,21,pyrologix,1,165-77,2023,0.0,0.008201122982427478,1,drone,1,9.489961992702219e-05,980,0.0046500813764240876,True
GaussianBudget75M_TOPGrowing,Lundy_2023-CAINF-001327,20230813,19,pyrologix,4,none,2023,0.0,0.002139848074875772,-1,undetected,1,9.489961992702219e-05,0,0.0,False
GaussianBudget75M_TOPGrowing,Lupine_2023-CAANF-233080,20230908,19,pyrologix,6,206-88,2023,0.0,0.002963269012980163,0,drone,1,9.489961992702219e-05,2345,0.004365382516643021,True
GaussianBudget75M_TOPGrowing,Luther_2023-CATMU-018015,20230704,13,pyrologix,11,101-70,2023,0.0,0.006879260065034032,0,drone,1,9.489961992702219e-05,4415,0.004175583276788976,True
GaussianBudget75M_TOPGrowing,Lyon_2023-CASTF-001968,20230911,12,pyrologix,8,115-63,2023,0.0,0.0038731569657102227,0,drone,1,9.489961992702219e-05,3355,0.0046500813764240876,True
GaussianBudget75M_TOPGrowing,Lytle_2023-CABDF-007484,20230521,15,pyrologix,4,206-88,2023,0.0,0.0020881170639768243,0,drone,1,9.489961992702219e-05,1640,0.004365382516643021,True
GaussianBudget75M_TOPGrowing,Mabie_2023-CAPNF-000641,20230702,19,pyrologix,10,73-63,2023,0.0,0.004124930943362415,0,drone,1,9.489961992702219e-05,4185,0.0046500813764240876,True
GaussianBudget75M_TOPGrowing,Maggie_2023-CASQF-001689,20230816,11,pyrologix,8,161-79,2023,0.0,0.007230701972730458,0,drone,1,9.489961992702219e-05,3385,0.0046500813764240876,True
GaussianBudget75M_TOPGrowing,Maidens_2023-CAENF-018974,20230712,15,pyrologix,12,98-62,2023,0.0,0.010611118981614709,1,drone,1,9.489961992702219e-05,5280,0.0046500813764240876,True
GaussianBudget75M_TOPGrowing,Malone_2023-CAKNF-006982,20230815,19,pyrologix,5,21-28,2023,0.0,0.0035823090001940727,0,drone,1,9.489961992702219e-05,2290,0.0046500813764240876,True
GaussianBudget75M_TOPGrowing,Mammoth_2023-CAINF-000699,20230611,21,pyrologix,2,none,2023,0.0,0.002123447018675506,-1,undetected,1,9.489961992702219e-05,0,0.0,False
GaussianBudget75M_TOPGrowing,Mapes_2023-CAPNF-001376,20230919,20,pyrologix,10,73-63,2023,0.0,0.0037966109812259674,0,drone,1,9.489961992702219e-05,4185,0.0046500813764240876,True
GaussianBudget75M_TOPGrowing,Maple_2023-CAKNF-007045,20230817,22,pyrologix,11,18-37,2023,0.0,0.007206527981907129,0,drone,1,9.489961992702219e-05,4585,0.004175583276788976,True
GaussianBudget75M_TOPGrowing,Maple_2023-CAORC-051391,20230416,11,pyrologix,4,none,2023,0.0,0.0020808959379792213,-1,undetected,1,9.489961992702219e-05,0,0.0,False
GaussianBudget75M_TOPGrowing,Marble_2023-CAKNF-005350,20230701,12,pyrologix,12,21-28,2023,0.0,0.0039001350523903966,0,drone,1,9.489961992702219e-05,4855,0.0046500813764240876,True
GaussianBudget75M_TOPGrowing,Marigold_2023-CASRF-000448,20230529,20,pyrologix,5,35-16,2023,0.0,0.004875450045801699,0,drone,1,9.489961992702219e-05,2190,0.0046500813764240876,True
GaussianBudget75M_TOPGrowing,Mariposa_2023-CABDF-009985,20230712,16,pyrologix,7,206-88,2023,0.0,0.002699300996027887,0,drone,1,9.489961992702219e-05,2880,0.004365382516643021,True
GaussianBudget75M_TOPGrowing,Marlow_2023-CASRF-000962,20230815,20,pyrologix,3,23-23,2023,0.0,0.0033994989935308695,0,drone,1,9.489961992702219e-05,1465,0.0046500813764240876,True
GaussianBudget75M_TOPGrowing,Mather_2023-CASTF-001309,20230726,15,pyrologix,7,118-64,2023,0.0,0.004875281942076981,1,drone,1,9.489961992702219e-05,3220,0.0046500813764240876,True
GaussianBudget75M_TOPGrowing,May_Valley_Truck_Trl___Saunders_Meadow_Rd_2023-CARRU-109884,20230727,20,pyrologix,6,225-101,2023,0.0,0.008955652010627091,1,drone,1,9.489961992702219e-05,2990,0.0046500813764240876,True
GaussianBudget75M_TOPGrowing,Mcadams_2023-CASKU-005077,20230625,1,pyrologix,7,24-35,2023,0.0,0.0025070400442928076,0,drone,1,9.489961992702219e-05,2795,0.0046500813764240876,True
GaussianBudget75M_TOPGrowing,Mccardle_2023-CASHF-001286,20231019,15,pyrologix,5,42-41,2023,0.0,0.002779604052193463,0,drone,1,9.489961992702219e-05,2170,0.0046500813764240876,True
GaussianBudget75M_TOPGrowing,Mccarthy_2023-CAKNF-007323,20230825,3,pyrologix,8,24-35,2023,0.0,0.006690428010188043,0,drone,1,9.489961992702219e-05,3365,0.0046500813764240876,True
GaussianBudget75M_TOPGrowing,Meadow_2023-CAKNF-008108,20230917,14,pyrologix,12,28-32,2023,0.0,0.0031371060758829117,0,drone,1,9.489961992702219e-05,4850,0.0046500813764240876,True
GaussianBudget75M_TOPGrowing,Meadow_2023-CASQF-000722,20230530,20,pyrologix,9,171-80,2023,0.0,0.007621368975378573,0,drone,1,9.489961992702219e-05,3780,0.0046500813764240876,True
GaussianBudget75M_TOPGrowing,Meadow_2023-CASTF-001992,20230913,19,pyrologix,1,none,2023,0.0,0.0019983570091426373,-1,undetected,1,9.489961992702219e-05,0,0.0,False
GaussianBudget75M_TOPGrowing,Meadow_2023-CATNF-001277,20230815,22,pyrologix,8,80-65,2023,0.0,0.006240123067982495,1,drone,1,9.489961992702219e-05,3710,0.0046500813764240876,True
GaussianBudget75M_TOPGrowing,Medicine_2023-CASHF-000507,20230530,12,pyrologix,12,37-52,2023,0.0,0.006558657973073423,0,drone,1,9.489961992702219e-05,4890,0.0046500813764240876,True
GaussianBudget75M_TOPGrowing,Merrill_2023-CASRF-001060,20230825,16,pyrologix,6,26-25,2023,0.0,0.002572837984189391,0,drone,1,9.489961992702219e-05,2385,0.0046500813764240876,True
GaussianBudget75M_TOPGrowing,Mesa_2023-CAANF-002456,20230729,20,pyrologix,2,none,2023,0.0,0.001962646027095616,-1,undetected,1,9.489961992702219e-05,0,0.0,False
GaussianBudget75M_TOPGrowing,Mescal_2023-CAANF-000005,20230603,20,pyrologix,5,206-87,2023,0.0,0.002435242058709264,0,drone,1,9.489961992702219e-05,2075,0.004460282136570043,True
GaussianBudget75M_TOPGrowing,Miami_2023-CASNF-000751,20230708,18,pyrologix,8,128-67,2023,0.0,0.002838882035575807,0,drone,1,9.489961992702219e-05,3240,0.0046500813764240876,True
GaussianBudget75M_TOPGrowing,Middle_2023-CAENF-022871,20230820,5,pyrologix,2,105-63,2023,0.0,0.01356262294575572,2,drone,1,9.489961992702219e-05,1765,0.0046500813764240876,True
GaussianBudget75M_TOPGrowing,Middle_2023-CAKNF-003614,20230511,21,pyrologix,3,18-37,2023,0.0,0.0027412109775468707,0,drone,1,9.489961992702219e-05,1325,0.0040806836568619545,True
GaussianBudget75M_TOPGrowing,Middle_2023-CAKNF-005149,20230626,18,pyrologix,5,21-28,2023,0.0,0.0049348030006513,1,drone,1,9.489961992702219e-05,2505,0.0046500813764240876,True
GaussianBudget75M_TOPGrowing,Mill_2023-CAMDF-000557,20230817,19,pyrologix,8,none,2023,0.0,0.0019620780367404222,-1,undetected,1,9.489961992702219e-05,0,0.0,False
GaussianBudget75M_TOPGrowing,Mill_2023-CATNF-000346,20230428,23,pyrologix,5,79-56,2023,0.0,0.005765834939666092,1,drone,1,9.489961992702219e-05,2470,0.0046500813764240876,True
GaussianBudget75M_TOPGrowing,Millard_2023-CAANF-002424,20230728,22,pyrologix,5,none,2023,0.0,0.002183330012485385,-1,undetected,1,9.489961992702219e-05,0,0.0,False
GaussianBudget75M_TOPGrowing,Minaret_2023-CAINF-001323,20230813,18,pyrologix,4,129-73,2023,0.0,0.004578441032208502,0,drone,1,9.489961992702219e-05,1770,0.0046500813764240876,True
GaussianBudget75M_TOPGrowing,Mine_2023-CASNF-001080,20230814,19,pyrologix,12,129-73,2023,0.0,0.007575951982289553,0,drone,1,9.489961992702219e-05,5110,0.0047449809963511095,True
GaussianBudget75M_TOPGrowing,Miracle_2023-CASQF-002238,20231016,12,pyrologix,12,174-77,2023,0.0,0.0028271640185266733,0,drone,1,9.489961992702219e-05,4700,0.0046500813764240876,True
GaussianBudget75M_TOPGrowing,Mm_11_2023-CASRF-001112,20230905,13,pyrologix,9,none,2023,0.0,0.002157727023586631,-1,undetected,1,9.489961992702219e-05,0,0.0,False
GaussianBudget75M_TOPGrowing,Modjeska_2023-CACNF-001650,20230708,5,pyrologix,3,none,2023,0.0,0.00221220008097589,-1,undetected,1,9.489961992702219e-05,0,0.0,False
GaussianBudget75M_TOPGrowing,Mohawk_2023-CAPNF-001356,20230916,22,pyrologix,3,73-63,2023,0.0,0.0036242229398339987,0,drone,1,9.489961992702219e-05,1395,0.0046500813764240876,True
GaussianBudget75M_TOPGrowing,Money_2023-CATNF-000631,20230607,17,pyrologix,10,73-63,2023,0.0,0.0030839499086141586,0,drone,1,9.489961992702219e-05,4080,0.0046500813764240876,True
GaussianBudget75M_TOPGrowing,Monte_2023-CASRF-000486,20230606,1,pyrologix,5,26-25,2023,0.0,0.003100503934547305,0,drone,1,9.489961992702219e-05,2210,0.0046500813764240876,True
GaussianBudget75M_TOPGrowing,Monument_2023-CASRF-001061,20230825,16,pyrologix,7,26-25,2023,0.0,0.0061108500231057405,1,drone,1,9.489961992702219e-05,3340,0.0046500813764240876,True
GaussianBudget75M_TOPGrowing,Moon_2023-CABDF-013605,20231020,15,pyrologix,7,none,2023,0.0,0.00208460190333426,-1,undetected,1,9.489961992702219e-05,0,0.0,False
GaussianBudget75M_TOPGrowing,Moon_2023-CALPF-002846,20231008,22,pyrologix,6,none,2023,0.0,0.002473945962265134,-1,undetected,1,9.489961992702219e-05,0,0.0,False
GaussianBudget75M_TOPGrowing,Moonshine_2023-CATNF-001344,20230822,12,pyrologix,9,83-49,2023,0.0,0.004251634003594518,0,drone,1,9.489961992702219e-05,3775,0.0046500813764240876,True
GaussianBudget75M_TOPGrowing,Mormon_2023-CAAEU-030167,20231102,8,pyrologix,10,97-60,2023,0.0,0.005890533910132945,0,drone,1,9.489961992702219e-05,4155,0.0046500813764240876,True
GaussianBudget75M_TOPGrowing,Morris_2023-CARRU-108804,20230725,19,pyrologix,7,225-101,2023,0.0,0.006743108970113099,0,drone,1,9.489961992702219e-05,3095,0.0046500813764240876,True
GaussianBudget75M_TOPGrowing,Morris_2023-CASHF-000693,20230628,23,pyrologix,9,40-29,2023,0.0,0.005526614957489073,1,drone,1,9.489961992702219e-05,3975,0.0046500813764240876,True
GaussianBudget75M_TOPGrowing,Mosquito_2023-CASRF-000954,20230815,15,pyrologix,8,27-19,2023,0.0,0.003953578998334706,0,drone,1,9.489961992702219e-05,3455,0.0046500813764240876,True
GaussianBudget75M_TOPGrowing,Motel_2023-CASRF-000534,20230614,21,pyrologix,4,35-16,2023,0.0,0.010196455987170339,1,drone,1,9.489961992702219e-05,2190,0.0046500813764240876,True
GaussianBudget75M_TOPGrowing,Mowery_2023-CASQF-001709,20230817,14,pyrologix,8,161-79,2023,0.0,0.0024082830641418695,0,drone,1,9.489961992702219e-05,3125,0.0046500813764240876,True
GaussianBudget75M_TOPGrowing,Mowitz_2023-CAMDF-000195,20230528,20,pyrologix,11,none,2023,0.0,0.0020372060826048255,-1,undetected,1,9.489961992702219e-05,0,0.0,False
GaussianBudget75M_TOPGrowing,Mud_2023-CASKU-005511,20230705,1,pyrologix,3,35-43,2023,0.0,0.005930297891609371,1,drone,1,9.489961992702219e-05,1785,0.0046500813764240876,True
GaussianBudget75M_TOPGrowing,Muddy_2023-CASHF-000533,20230604,20,pyrologix,9,41-47,2023,0.0,0.005317879025824368,0,drone,1,9.489961992702219e-05,3780,0.0046500813764240876,True
GaussianBudget75M_TOPGrowing,Mule_2023-CAKNF-005906,20230714,14,pyrologix,9,33-23,2023,0.0,0.004889039904810488,0,drone,1,9.489961992702219e-05,3720,0.0046500813764240876,True
GaussianBudget75M_TOPGrowing,Mule_2023-CASHF-000721,20230702,10,pyrologix,4,42-34,2023,0.0,0.004687173990532756,0,drone,1,9.489961992702219e-05,1820,0.0046500813764240876,True
GaussianBudget75M_TOPGrowing,Mule_2023-CASNF-000526,20230612,10,pyrologix,12,none,2023,0.0,0.001955467974767089,-1,undetected,1,9.489961992702219e-05,0,0.0,False
GaussianBudget75M_TOPGrowing,Mule_2023-CASRF-001102,20230902,17,pyrologix,11,50-14,2023,0.0,0.006741954945027828,1,drone,1,9.489961992702219e-05,4765,0.0046500813764240876,True
GaussianBudget75M_TOPGrowing,Murken_2023-CALNF-002618,20230528,14,pyrologix,3,51-53,2023,0.0,0.004760817973874509,1,drone,1,9.489961992702219e-05,1775,0.0046500813764240876,True
GaussianBudget75M_TOPGrowing,Nelder_2023-CASNF-000606,20230625,22,pyrologix,1,128-67,2023,0.0,0.003031495027244091,0,drone,1,9.489961992702219e-05,500,0.0036061855572268433,True
GaussianBudget75M_TOPGrowing,Nelson_2023-CASHU-009073,20230818,2,pyrologix,1,47-27,2023,0.0,0.0020189370261505246,0,drone,1,9.489961992702219e-05,465,0.001518393918832355,True
GaussianBudget75M_TOPGrowing,Niagra_2023-CASTF-001580,20230815,20,pyrologix,6,108-64,2023,0.0,0.004748180974274874,1,drone,1,9.489961992702219e-05,2830,0.0046500813764240876,True
GaussianBudget75M_TOPGrowing,No_Bluff_2023-CASRF-001080,20230829,8,pyrologix,1,27-19,2023,0.0,0.0021360900718718767,0,drone,1,9.489961992702219e-05,560,0.00389088441700791,True
GaussianBudget75M_TOPGrowing,Nob_2023-CABDF-006515,20230426,15,pyrologix,5,206-88,2023,0.0,0.0034623940009623766,0,drone,1,9.489961992702219e-05,2230,0.004365382516643021,True
GaussianBudget75M_TOPGrowing,North_2023-CAENF-020219,20230724,16,pyrologix,12,98-62,2023,0.0,0.0037503710482269526,0,drone,1,9.489961992702219e-05,4930,0.0046500813764240876,True
GaussianBudget75M_TOPGrowing,North_2023-CAPNF-000241,20230511,22,pyrologix,2,67-62,2023,0.0,0.009384560049511492,1,drone,1,9.489961992702219e-05,1370,0.0046500813764240876,True
GaussianBudget75M_TOPGrowing,North_2023-CASQF-000844,20230613,15,pyrologix,2,164-82,2023,0.0,0.00723477709107101,1,drone,1,9.489961992702219e-05,1295,0.0046500813764240876,True
GaussianBudget75M_TOPGrowing,North_2023-CASTF-001273,20230721,19,pyrologix,12,115-63,2023,0.0,0.007332758046686649,0,drone,1,9.489961992702219e-05,4840,0.0046500813764240876,True
GaussianBudget75M_TOPGrowing,Oak_2023-CAANF-233764,20231113,0,pyrologix,6,none,2023,0.0,0.0021855870727449656,-1,undetected,1,9.489961992702219e-05,0,0.0,False
GaussianBudget75M_TOPGrowing,Oak_2023-CALAC-388954,20231113,2,pyrologix,3,none,2023,0.0,0.0019991539884358644,-1,undetected,1,9.489961992702219e-05,0,0.0,False
GaussianBudget75M_TOPGrowing,Oak_2023-CATNF-000705,20230615,19,pyrologix,1,76-51,2023,0.0,0.008016292005777359,1,drone,1,9.489961992702219e-05,930,0.0046500813764240876,True
GaussianBudget75M_TOPGrowing,Oaks_2023-CAPNF-000198,20230430,21,pyrologix,2,72-57,2023,0.0,0.0029263959731906652,0,drone,1,9.489961992702219e-05,1080,0.0046500813764240876,True
GaussianBudget75M_TOPGrowing,Obelisk_2023-CASNF-001093,20230815,18,pyrologix,9,none,2023,0.0,0.0020474978955462575,-1,undetected,1,9.489961992702219e-05,0,0.0,False
GaussianBudget75M_TOPGrowing,Old_Mill_2023-CANEU-016843,20230616,16,pyrologix,12,79-56,2023,0.0,0.0055576809681952,0,drone,1,9.489961992702219e-05,4700,0.0046500813764240876,True
GaussianBudget75M_TOPGrowing,Old_State_2023-CAKNF-002771,20230411,16,pyrologix,5,27-52,2023,0.0,0.015016159974038601,2,drone,1,9.489961992702219e-05,2855,0.0047449809963511095,True
GaussianBudget75M_TOPGrowing,Olympic_2023-CATNF-001309,20230818,17,pyrologix,10,none,2023,0.0,0.0020905070705339313,-1,undetected,1,9.489961992702219e-05,0,0.0,False
GaussianBudget75M_TOPGrowing,Omega_2023-CATNF-001276,20230815,19,pyrologix,12,86-54,2023,0.0,0.011510876007378101,1,drone,1,9.489961992702219e-05,5205,0.0046500813764240876,True
GaussianBudget75M_TOPGrowing,Oneil_2023-CATCU-006373,20230518,12,pyrologix,6,111-57,2023,0.0,0.0026217290433123708,0,drone,1,9.489961992702219e-05,2490,0.0046500813764240876,True
GaussianBudget75M_TOPGrowing,Oregon_2023-CAPNF-001591,20231116,11,pyrologix,11,79-47,2023,0.0,0.004323614994063973,0,drone,1,9.489961992702219e-05,4540,0.0046500813764240876,True
GaussianBudget75M_TOPGrowing,Oro_2023-CAANF-232959,20230831,17,pyrologix,12,none,2023,0.0,0.0021290399599820375,-1,undetected,1,9.489961992702219e-05,0,0.0,False
GaussianBudget75M_TOPGrowing,Orr_2023-CAKNF-010545,20231130,15,pyrologix,12,27-52,2023,0.0,0.004759675939567387,0,drone,1,9.489961992702219e-05,5010,0.0047449809963511095,True
GaussianBudget75M_TOPGrowing,Otter_2023-CAENF-031294,20231115,23,pyrologix,3,93-54,2023,0.0,0.0021592359989881516,0,drone,1,9.489961992702219e-05,1315,0.0046500813764240876,True
GaussianBudget75M_TOPGrowing,Pack_2023-CASTF-001531,20230813,12,pyrologix,5,115-63,2023,0.0,0.004675575997680426,1,drone,1,9.489961992702219e-05,2505,0.0046500813764240876,True
GaussianBudget75M_TOPGrowing,Packsaddle_2023-CAENF-022083,20230812,14,pyrologix,11,98-62,2023,0.0,0.004258534056134522,0,drone,1,9.489961992702219e-05,4375,0.0046500813764240876,True
GaussianBudget75M_TOPGrowing,Paddle_2023-CASTF-001214,20230715,23,pyrologix,5,118-64,2023,0.0,0.0046576280146837234,0,drone,1,9.489961992702219e-05,2200,0.0046500813764240876,True
GaussianBudget75M_TOPGrowing,Palisades_2023-CATNF-001160,20230802,13,pyrologix,5,87-59,2023,0.0,0.002536431886255741,0,drone,1,9.489961992702219e-05,2165,0.0046500813764240876,True
GaussianBudget75M_TOPGrowing,Palmetto_2023-CALNF-005592,20231014,23,pyrologix,7,53-62,2023,0.0,0.0086952910060063,1,drone,1,9.489961992702219e-05,3220,0.0046500813764240876,True
GaussianBudget75M_TOPGrowing,Pamo_2023-CACNF-000052,20230106,22,pyrologix,1,none,2023,0.0,0.002108272979967296,-1,undetected,1,9.489961992702219e-05,0,0.0,False
GaussianBudget75M_TOPGrowing,Pan_2023-CAKNF-005138,20230626,17,pyrologix,2,17-30,2023,0.0,0.002232413971796632,0,drone,1,9.489961992702219e-05,935,0.004365382516643021,True
GaussianBudget75M_TOPGrowing,Paradise_2023-CALPF-002936,20231019,2,pyrologix,9,none,2023,0.0,0.0019873969722539186,-1,undetected,1,9.489961992702219e-05,0,0.0,False
GaussianBudget75M_TOPGrowing,Pardo_2023-CAENF-022801,20230819,17,pyrologix,6,105-63,2023,0.0,0.005610094987787306,1,drone,1,9.489961992702219e-05,2940,0.0046500813764240876,True
GaussianBudget75M_TOPGrowing,Park_2023-CAPNF-001542,20231028,20,pyrologix,6,73-63,2023,0.0,0.00873838400002569,1,drone,1,9.489961992702219e-05,2900,0.0046500813764240876,True
GaussianBudget75M_TOPGrowing,Parkhill_2023-CALPF-002453,20230827,16,pyrologix,7,none,2023,0.0,0.0019743320299312472,-1,undetected,1,9.489961992702219e-05,0,0.0,False
GaussianBudget75M_TOPGrowing,Pasqual_2023-CACNF-000871,20230430,20,pyrologix,6,none,2023,0.0,0.001977916923351586,-1,undetected,1,9.489961992702219e-05,0,0.0,False
GaussianBudget75M_TOPGrowing,Patrick_2023-CASRF-000620,20230701,22,pyrologix,2,none,2023,0.0,0.001986884977668524,-1,undetected,1,9.489961992702219e-05,0,0.0,False
GaussianBudget75M_TOPGrowing,Paxton_2023-CAANF-002066,20230707,5,pyrologix,5,none,2023,0.0,0.00201429205480963,-1,undetected,1,9.489961992702219e-05,0,0.0,False
GaussianBudget75M_TOPGrowing,Paymaster_2023-CAENF-024531,20230905,12,pyrologix,12,93-54,2023,0.0,0.005715706967748702,1,drone,1,9.489961992702219e-05,5195,0.0046500813764240876,True
GaussianBudget75M_TOPGrowing,Peak_2023-CACNF-003034,20231111,13,pyrologix,10,none,2023,0.0,0.0021153039997443557,-1,undetected,1,9.489961992702219e-05,0,0.0,False
GaussianBudget75M_TOPGrowing,Peak_2023-CASNF-001285,20230901,22,pyrologix,3,129-73,2023,0.0,0.009476462029851973,1,drone,1,9.489961992702219e-05,1840,0.0046500813764240876,True
GaussianBudget75M_TOPGrowing,Peak_2023-CASTF-001971,20230911,12,pyrologix,10,108-64,2023,0.0,0.0037527780514210463,0,drone,1,9.489961992702219e-05,4075,0.0046500813764240876,True
GaussianBudget75M_TOPGrowing,Pearch_2023-CASRF-000983,20230817,20,pyrologix,11,26-25,2023,0.0,0.003721437999047339,0,drone,1,9.489961992702219e-05,4420,0.0046500813764240876,True
GaussianBudget75M_TOPGrowing,Pebble_2023-CAMNF-000858,20230816,21,pyrologix,9,none,2023,0.0,0.0021816680673509836,-1,undetected,1,9.489961992702219e-05,0,0.0,False
GaussianBudget75M_TOPGrowing,Peddler_2023-CAENF-022388,20230815,19,pyrologix,7,105-63,2023,0.0,0.005546704982407391,0,drone,1,9.489961992702219e-05,2875,0.0046500813764240876,True
GaussianBudget75M_TOPGrowing,Pedro_2023-CASTF-001565,20230815,0,pyrologix,3,108-64,2023,0.0,0.003949446952901781,0,drone,1,9.489961992702219e-05,1365,0.0046500813764240876,True
GaussianBudget75M_TOPGrowing,Pellitreau_2023-CASHF-000994,20230816,21,pyrologix,7,47-21,2023,0.0,0.005648422986268997,1,drone,1,9.489961992702219e-05,3305,0.0046500813764240876,True
GaussianBudget75M_TOPGrowing,Peninsula_2023-CATNF-001430,20230905,20,pyrologix,7,80-65,2023,0.0,0.0030220800545066595,0,drone,1,9.489961992702219e-05,2905,0.0046500813764240876,True
GaussianBudget75M_TOPGrowing,Penman_2023-CAPNF-001377,20230919,23,pyrologix,3,73-63,2023,0.0,0.0019375949632376432,0,drone,1,9.489961992702219e-05,1235,0.0046500813764240876,True
GaussianBudget75M_TOPGrowing,Pettinger_2023-CAANF-232901,20230827,15,pyrologix,4,none,2023,0.0,0.0025825799675658345,-1,undetected,1,9.489961992702219e-05,0,0.0,False
GaussianBudget75M_TOPGrowing,Philpot_2023-CASHF-000552,20230607,16,pyrologix,7,47-21,2023,0.0,0.004030253039672971,0,drone,1,9.489961992702219e-05,2825,0.0046500813764240876,True
GaussianBudget75M_TOPGrowing,Picayune_2023-CAKNF-007170,20230820,16,pyrologix,9,33-29,2023,0.0,0.003935939981602132,0,drone,1,9.489961992702219e-05,3785,0.0046500813764240876,True
GaussianBudget75M_TOPGrowing,Picket_2023-CAENF-022404,20230816,1,pyrologix,1,97-60,2023,0.0,0.002522245980799198,0,drone,1,9.489961992702219e-05,565,0.003985784036934932,True
GaussianBudget75M_TOPGrowing,Pierce_2023-CAKNF-008112,20230917,20,pyrologix,4,28-32,2023,0.0,0.00813965406268835,1,drone,1,9.489961992702219e-05,2155,0.0046500813764240876,True
GaussianBudget75M_TOPGrowing,Pierce_2023-CAPNF-001392,20230920,15,pyrologix,10,63-64,2023,0.0,0.00836062803864479,1,drone,1,9.489961992702219e-05,4340,0.0046500813764240876,True
GaussianBudget75M_TOPGrowing,Pigeon_2023-CASTF-001972,20230911,17,pyrologix,2,none,2023,0.0,0.002122945967130363,-1,undetected,1,9.489961992702219e-05,0,0.0,False
GaussianBudget75M_TOPGrowing,Pike_2_2023-CATNF-001683,20231019,4,pyrologix,6,79-56,2023,0.0,0.002928561996668577,0,drone,1,9.489961992702219e-05,2510,0.0046500813764240876,True
GaussianBudget75M_TOPGrowing,Pilot_2023-CASRF-000932,20230815,7,pyrologix,2,42-15,2023,0.0,0.0018139949534088373,0,drone,1,9.489961992702219e-05,870,0.004460282136570043,True
GaussianBudget75M_TOPGrowing,Pilot_2023-CASTF-001918,20230909,20,pyrologix,5,122-61,2023,0.0,0.0023875789484009147,0,drone,1,9.489961992702219e-05,2080,0.0046500813764240876,True
GaussianBudget75M_TOPGrowing,Pine_2023-CAANF-232780,20230818,23,pyrologix,3,none,2023,0.0,0.0020646550692617893,-1,undetected,1,9.489961992702219e-05,0,0.0,False
GaussianBudget75M_TOPGrowing,Pine_2023-CASNF-001456,20230919,22,pyrologix,1,128-67,2023,0.0,0.0012624249793589115,0,drone,1,9.489961992702219e-05,445,0.003511285937299821,True
GaussianBudget75M_TOPGrowing,Pine_2023-CASTF-001951,20230910,15,pyrologix,8,115-63,2023,0.0,0.004746585036627948,0,drone,1,9.489961992702219e-05,3260,0.0046500813764240876,True
GaussianBudget75M_TOPGrowing,Pine_2023-CATNF-001364,20230825,14,pyrologix,1,86-54,2023,0.0,0.0031284699216485023,0,drone,1,9.489961992702219e-05,645,0.004460282136570043,True
GaussianBudget75M_TOPGrowing,Pinyon_2023-CAANF-232718,20230814,1,pyrologix,4,none,2023,0.0,0.002081103972159326,-1,undetected,1,9.489961992702219e-05,0,0.0,False
GaussianBudget75M_TOPGrowing,Pioneer_2023-CAPNF-001522,20231022,14,pyrologix,8,67-62,2023,0.0,0.00597588496748358,1,drone,1,9.489961992702219e-05,3670,0.0046500813764240876,True
GaussianBudget75M_TOPGrowing,Pipe_2023-CAANF-001243,20230531,23,pyrologix,5,none,2023,0.0,0.006054320954717696,-1,undetected,1,9.489961992702219e-05,0,0.0,False
GaussianBudget75M_TOPGrowing,Pipeline_2023-CAANF-232953,20230831,17,pyrologix,4,none,2023,0.0,0.0021699529606848955,-1,undetected,1,9.489961992702219e-05,0,0.0,False
GaussianBudget75M_TOPGrowing,Pipeline_2023-CALAC-297456,20230831,15,pyrologix,8,none,2023,0.0,0.002567154006101191,-1,undetected,1,9.489961992702219e-05,0,0.0,False
GaussianBudget75M_TOPGrowing,Pipeline_2023-CASKU-006970,20230815,18,pyrologix,2,37-52,2023,0.0,0.003598446026444435,0,drone,1,9.489961992702219e-05,965,0.0046500813764240876,True
GaussianBudget75M_TOPGrowing,Pit_2023-CAKNF-004496,20230608,19,pyrologix,6,25-54,2023,0.0,0.008780431002378464,1,drone,1,9.489961992702219e-05,2880,0.0046500813764240876,True
GaussianBudget75M_TOPGrowing,Pit_2023-CASHF-001220,20230924,9,pyrologix,12,49-41,2023,0.0,0.005130646983161569,0,drone,1,9.489961992702219e-05,4945,0.0046500813764240876,True
GaussianBudget75M_TOPGrowing,Planters_2023-CAMDF-000490,20230805,14,pyrologix,11,none,2023,0.0,0.0021696699550375342,-1,undetected,1,9.489961992702219e-05,0,0.0,False
GaussianBudget75M_TOPGrowing,Point_2023-CASQF-000507,20230510,2,pyrologix,8,171-80,2023,0.0,0.004753742017783225,0,drone,1,9.489961992702219e-05,3245,0.0046500813764240876,True
GaussianBudget75M_TOPGrowing,Point_2023-CASQF-001064,20230702,12,pyrologix,12,171-80,2023,0.0,0.0050086850533261895,0,drone,1,9.489961992702219e-05,4845,0.0046500813764240876,True
GaussianBudget75M_TOPGrowing,Points_2023-CAANF-233722,20231110,19,pyrologix,1,none,2023,0.0,0.002015604986809194,-1,undetected,1,9.489961992702219e-05,0,0.0,False
GaussianBudget75M_TOPGrowing,Poison_2023-CASNF-001393,20230909,16,pyrologix,1,140-71,2023,0.0,0.003849959932267666,0,drone,1,9.489961992702219e-05,605,0.004555181756497065,True
GaussianBudget75M_TOPGrowing,Poker_2023-CATNF-001299,20230817,21,pyrologix,9,79-56,2023,0.0,0.009931267937645316,1,drone,1,9.489961992702219e-05,4045,0.0046500813764240876,True
GaussianBudget75M_TOPGrowing,Poll_2023-CATNF-001271,20230814,23,pyrologix,1,none,2023,0.0,0.002005574991926551,-1,undetected,1,9.489961992702219e-05,0,0.0,False
GaussianBudget75M_TOPGrowing,Pollard_2023-CABDF-015399,20231112,23,pyrologix,5,206-88,2023,0.0,0.0015074880793690681,0,drone,1,9.489961992702219e-05,1970,0.004365382516643021,True
GaussianBudget75M_TOPGrowing,Ponderosa_2023-CABDF-010684,20230728,4,pyrologix,3,none,2023,0.0,0.0022842049365863204,-1,undetected,1,9.489961992702219e-05,0,0.0,False
GaussianBudget75M_TOPGrowing,Ponderosa_2023-CASHF-000853,20230723,23,pyrologix,3,47-21,2023,0.0,0.0031494470313191414,0,drone,1,9.489961992702219e-05,1455,0.0046500813764240876,True
GaussianBudget75M_TOPGrowing,Porter_2023-CASHF-000659,20230624,17,pyrologix,2,35-36,2023,0.0,0.008733136928640306,1,drone,1,9.489961992702219e-05,1405,0.0046500813764240876,True
GaussianBudget75M_TOPGrowing,Posey_2023-CATUU-000330,20230622,17,pyrologix,7,172-74,2023,0.0,0.003211506991647184,0,drone,1,9.489961992702219e-05,2865,0.0046500813764240876,True
GaussianBudget75M_TOPGrowing,Posey_2_2023-CATUU-000332,20230623,0,pyrologix,1,172-74,2023,0.0,0.004698638920672238,1,drone,1,9.489961992702219e-05,990,0.0046500813764240876,True
GaussianBudget75M_TOPGrowing,Posey_3_2023-CATUU-000333,20230623,23,pyrologix,4,172-74,2023,0.0,0.004261716967448592,0,drone,1,9.489961992702219e-05,1700,0.0046500813764240876,True
GaussianBudget75M_TOPGrowing,Potter_2023-CASNF-000721,20230705,20,pyrologix,3,none,2023,0.0,0.001960576046258211,-1,undetected,1,9.489961992702219e-05,0,0.0,False
GaussianBudget75M_TOPGrowing,Powder_2023-CASHF-000653,20230624,21,pyrologix,8,37-52,2023,0.0,0.00866496202070266,2,drone,1,9.489961992702219e-05,4105,0.0046500813764240876,True
GaussianBudget75M_TOPGrowing,Power_2023-CAANF-233915,20231128,18,pyrologix,12,none,2023,0.0,0.00208415393717587,-1,undetected,1,9.489961992702219e-05,0,0.0,False
GaussianBudget75M_TOPGrowing,Power_2023-CALPF-002355,20230819,17,pyrologix,5,none,2023,0.0,0.0021087040659040213,-1,undetected,1,9.489961992702219e-05,0,0.0,False
GaussianBudget75M_TOPGrowing,Power_2023-CASQF-000791,20230607,13,pyrologix,11,none,2023,0.0,0.002031703945249319,-1,undetected,1,9.489961992702219e-05,0,0.0,False
GaussianBudget75M_TOPGrowing,Powerhouse_2023-CATNF-001545,20230919,15,pyrologix,4,86-54,2023,0.0,0.0020488620502874255,0,drone,1,9.489961992702219e-05,1680,0.0046500813764240876,True
GaussianBudget75M_TOPGrowing,Prairie_2023-CAKNF-006092,20230720,20,pyrologix,5,27-52,2023,0.0,0.009236491052433848,1,drone,1,9.489961992702219e-05,2520,0.0046500813764240876,True
GaussianBudget75M_TOPGrowing,Preacher_2023-CASHF-000978,20230815,14,pyrologix,4,42-34,2023,0.0,0.0034276749938726425,0,drone,1,9.489961992702219e-05,1770,0.0046500813764240876,True
GaussianBudget75M_TOPGrowing,Prescott_2023-CASRF-000989,20230817,15,pyrologix,7,16-26,2023,0.0,0.005442842957563698,1,drone,1,9.489961992702219e-05,3195,0.004555181756497065,True
GaussianBudget75M_TOPGrowing,Prospects_2023-CASTF-001949,20230910,17,pyrologix,3,none,2023,0.0,0.002072246978059411,-1,undetected,1,9.489961992702219e-05,0,0.0,False
GaussianBudget75M_TOPGrowing,Prosser_2023-CATNF-000773,20230623,2,pyrologix,2,84-67,2023,0.0,0.0015852641081437469,0,drone,1,9.489961992702219e-05,830,0.004270482896715999,True
GaussianBudget75M_TOPGrowing,Providence_2023-CASNF-001320,20230903,20,pyrologix,11,140-71,2023,0.0,0.004153677960857749,0,drone,1,9.489961992702219e-05,4305,0.0046500813764240876,True
GaussianBudget75M_TOPGrowing,Pulga_2023-CABTU-014735,20230804,0,pyrologix,2,69-50,2023,0.0,0.0030491059878841043,0,drone,1,9.489961992702219e-05,900,0.0046500813764240876,True
GaussianBudget75M_TOPGrowing,Pumice_2023-CAINF-001026,20230715,20,pyrologix,6,none,2023,0.0,0.002110456000082195,-1,undetected,1,9.489961992702219e-05,0,0.0,False
GaussianBudget75M_TOPGrowing,Pumpkin_2023-CABDF-013885,20231025,17,pyrologix,10,none,2023,0.0,0.0021526109194383025,-1,undetected,1,9.489961992702219e-05,0,0.0,False
GaussianBudget75M_TOPGrowing,Pyramid_2023-CALAC-365725,20231025,7,pyrologix,4,none,2023,0.0,0.0021420499542728066,-1,undetected,1,9.489961992702219e-05,0,0.0,False
GaussianBudget75M_TOPGrowing,Quail_2023-CASQF-000771,20230605,20,pyrologix,3,148-73,2023,0.0,0.008664608933031559,1,drone,1,9.489961992702219e-05,1720,0.0046500813764240876,True
GaussianBudget75M_TOPGrowing,Quail_2023-CATMU-020956,20230801,21,pyrologix,7,none,2023,0.0,0.0020884949481114745,-1,undetected,1,9.489961992702219e-05,0,0.0,False
GaussianBudget75M_TOPGrowing,Quail_2_2023-CAANF-234011,20231210,16,pyrologix,5,none,2023,0.0,0.0020144550362601876,-1,undetected,1,9.489961992702219e-05,0,0.0,False
GaussianBudget75M_TOPGrowing,Quarry_2023-CAPNF-001633,20231216,14,pyrologix,4,65-55,2023,0.0,0.0034606640692800283,0,drone,1,9.489961992702219e-05,1860,0.004365382516643021,True
GaussianBudget75M_TOPGrowing,Quarry_2023-CASTF-001921,20230909,21,pyrologix,5,118-64,2023,0.0,0.0028094060253351927,0,drone,1,9.489961992702219e-05,2200,0.0046500813764240876,True
GaussianBudget75M_TOPGrowing,Rabbit_2023-CASQF-002146,20230930,16,pyrologix,12,148-73,2023,0.0,0.010711449082009494,1,drone,1,9.489961992702219e-05,5215,0.0046500813764240876,True
GaussianBudget75M_TOPGrowing,Radio_2023-CASNF-001205,20230823,13,pyrologix,11,140-71,2023,0.0,0.004292182973586023,0,drone,1,9.489961992702219e-05,4305,0.0046500813764240876,True
GaussianBudget75M_TOPGrowing,Rail_2023-CASHF-000899,20230731,15,pyrologix,11,42-41,2023,0.0,0.004163318080827594,0,drone,1,9.489961992702219e-05,4625,0.0046500813764240876,True
GaussianBudget75M_TOPGrowing,Rail_2023-CASHU-008943,20230815,20,pyrologix,1,44-54,2023,0.0,0.008397467085160315,1,drone,1,9.489961992702219e-05,985,0.0046500813764240876,True
GaussianBudget75M_TOPGrowing,Ram_2023-CASNF-001276,20230901,0,pyrologix,5,none,2023,0.0,0.0020034359768033028,-1,undetected,1,9.489961992702219e-05,0,0.0,False
GaussianBudget75M_TOPGrowing,Ramp_2023-CABDU-009817,20230718,16,pyrologix,9,206-88,2023,0.0,0.0023229100042954087,0,drone,1,9.489961992702219e-05,3585,0.004365382516643021,True
GaussianBudget75M_TOPGrowing,Ranch_2023-CASKU-006969,20230815,13,pyrologix,12,37-52,2023,0.0,0.006327131064608693,1,drone,1,9.489961992702219e-05,5285,0.0046500813764240876,True
GaussianBudget75M_TOPGrowing,Ranch_2023-CASNF-000525,20230612,12,pyrologix,6,140-71,2023,0.0,0.004196530906483531,0,drone,1,9.489961992702219e-05,2430,0.0046500813764240876,True
GaussianBudget75M_TOPGrowing,Ranch_2023-CASTF-002377,20231103,7,pyrologix,3,118-56,2023,0.0,0.0037818480050191283,0,drone,1,9.489961992702219e-05,1385,0.0046500813764240876,True
GaussianBudget75M_TOPGrowing,Range_2023-CABDF-002251,20230212,21,pyrologix,11,none,2023,0.0,0.0021441919961944222,-1,undetected,1,9.489961992702219e-05,0,0.0,False
GaussianBudget75M_TOPGrowing,Range_2023-CAENF-026345,20230925,14,pyrologix,11,97-60,2023,0.0,0.004061357001774013,0,drone,1,9.489961992702219e-05,4650,0.0046500813764240876,True
GaussianBudget75M_TOPGrowing,Range_2023-CASQF-000882,20230617,21,pyrologix,2,171-80,2023,0.0,0.002989429049193859,0,drone,1,9.489961992702219e-05,890,0.0046500813764240876,True
GaussianBudget75M_TOPGrowing,Rattlesnake_2023-CASTF-000861,20230612,0,pyrologix,7,108-64,2023,0.0,0.0029362820787355304,0,drone,1,9.489961992702219e-05,2895,0.0046500813764240876,True
GaussianBudget75M_TOPGrowing,Ravine_2023-CAMDF-000325,20230708,13,pyrologix,6,none,2023,0.0,0.0020747119560837746,-1,undetected,1,9.489961992702219e-05,0,0.0,False
GaussianBudget75M_TOPGrowing,Ravine_2023-CAPNF-000909,20230807,22,pyrologix,10,79-56,2023,0.0,0.006446983898058534,1,drone,1,9.489961992702219e-05,4420,0.0046500813764240876,True
GaussianBudget75M_TOPGrowing,Recon_2023-CAANF-0001880,20230701,15,pyrologix,12,206-88,2023,0.0,0.002949655055999756,0,drone,1,9.489961992702219e-05,4790,0.004460282136570043,True
GaussianBudget75M_TOPGrowing,Red_2023-CAANF-001571,20230610,14,pyrologix,11,none,2023,0.0,0.001887465943582356,-1,undetected,1,9.489961992702219e-05,0,0.0,False
GaussianBudget75M_TOPGrowing,Red_2023-CAKNF-007347,20230826,22,pyrologix,6,23-23,2023,0.0,0.00512620504014194,1,drone,1,9.489961992702219e-05,2885,0.0046500813764240876,True
GaussianBudget75M_TOPGrowing,Red_2023-CASTF-001945,20230910,13,pyrologix,10,none,2023,0.0,0.0019217539811506867,-1,undetected,1,9.489961992702219e-05,0,0.0,False
GaussianBudget75M_TOPGrowing,Red_Cones_2023-CAINF-000936,20230705,16,pyrologix,3,none,2023,0.0,0.002383782994002104,-1,undetected,1,9.489961992702219e-05,0,0.0,False
GaussianBudget75M_TOPGrowing,Redinger_2023-CAMMU-025615,20231115,13,pyrologix,4,140-65,2023,0.0,0.003374560968950391,0,drone,1,9.489961992702219e-05,1705,0.0046500813764240876,True
GaussianBudget75M_TOPGrowing,Remington_2023-CASQF-000424,20230417,22,pyrologix,2,174-77,2023,0.0,0.0017814310267567635,0,drone,1,9.489961992702219e-05,835,0.004460282136570043,True
GaussianBudget75M_TOPGrowing,Reservoir_2023-CASTF-001940,20230910,15,pyrologix,4,115-63,2023,0.0,0.0023724460043013096,0,drone,1,9.489961992702219e-05,1730,0.0046500813764240876,True
GaussianBudget75M_TOPGrowing,Reversed_2023-CAINF-001847,20231008,11,pyrologix,12,none,2023,0.0,0.001844345941208303,-1,undetected,1,9.489961992702219e-05,0,0.0,False
GaussianBudget75M_TOPGrowing,Reynolds_2023-CASTF-001922,20230909,20,pyrologix,8,115-63,2023,0.0,0.0040327300084754825,0,drone,1,9.489961992702219e-05,3480,0.0046500813764240876,True
GaussianBudget75M_TOPGrowing,Rich_2023-CASHF-000548,20230606,18,pyrologix,10,42-34,2023,0.0,0.003997971070930362,0,drone,1,9.489961992702219e-05,4150,0.0046500813764240876,True
GaussianBudget75M_TOPGrowing,Richard_2023-CAENF-022827,20230819,21,pyrologix,3,none,2023,0.0,0.0018738850485533476,-1,undetected,1,9.489961992702219e-05,0,0.0,False
GaussianBudget75M_TOPGrowing,Richbar_2023-CASQF-000818,20230610,12,pyrologix,4,none,2023,0.0,0.0018228089902549982,-1,undetected,1,9.489961992702219e-05,0,0.0,False
GaussianBudget75M_TOPGrowing,Ridge_2023-CALPF-002872,20231011,13,pyrologix,11,none,2023,0.0,0.0017784459050744772,-1,undetected,1,9.489961992702219e-05,0,0.0,False
GaussianBudget75M_TOPGrowing,Ridge_2023-CAPNF-000182,20230425,18,pyrologix,3,72-57,2023,0.0,0.005034208996221423,1,drone,1,9.489961992702219e-05,1635,0.0046500813764240876,True
GaussianBudget75M_TOPGrowing,Ridge_2023-CAPNF-001031,20230817,18,pyrologix,4,72-57,2023,0.0,0.0024718709755688906,0,drone,1,9.489961992702219e-05,1700,0.0046500813764240876,True
GaussianBudget75M_TOPGrowing,Ridge_2023-CASTF-000872,20230613,11,pyrologix,12,115-63,2023,0.0,0.008647801005281508,0,drone,1,9.489961992702219e-05,4875,0.0046500813764240876,True
GaussianBudget75M_TOPGrowing,Ridge_2023-CATNF-000665,20230611,14,pyrologix,3,79-56,2023,0.0,0.0022004899801686406,0,drone,1,9.489961992702219e-05,1240,0.0046500813764240876,True
GaussianBudget75M_TOPGrowing,Right_2023-CABDF-009977,20230712,15,pyrologix,4,206-88,2023,0.0,0.0044881419744342566,0,drone,1,9.489961992702219e-05,1810,0.004365382516643021,True
GaussianBudget75M_TOPGrowing,Rim_2023-CAMDF-000938,20230919,22,pyrologix,1,none,2023,0.0,0.00217308197170496,-1,undetected,1,9.489961992702219e-05,0,0.0,False
GaussianBudget75M_TOPGrowing,Rinconada_2023-CALPF-002238,20230811,20,pyrologix,6,none,2023,0.0,0.0026162300491705537,-1,undetected,1,9.489961992702219e-05,0,0.0,False
GaussianBudget75M_TOPGrowing,Rising_2023-CALNF-001948,20230421,11,pyrologix,12,44-54,2023,0.0,0.014960877015255392,2,drone,1,9.489961992702219e-05,5640,0.0046500813764240876,True
GaussianBudget75M_TOPGrowing,River_2023-CAKRN-052312,20231115,17,pyrologix,1,165-77,2023,0.0,0.003662120085209608,0,drone,1,9.489961992702219e-05,555,0.003985784036934932,True
GaussianBudget75M_TOPGrowing,River_2023-CAMDF-000222,20230607,18,pyrologix,3,37-64,2023,0.0,0.0024469130439683795,0,drone,1,9.489961992702219e-05,1280,0.0046500813764240876,True
GaussianBudget75M_TOPGrowing,River_2023-CAPNF-000447,20230609,20,pyrologix,3,73-63,2023,0.0,0.003056753077544272,0,drone,1,9.489961992702219e-05,1460,0.0046500813764240876,True
GaussianBudget75M_TOPGrowing,River_2023-CASHF-000701,20230629,15,pyrologix,11,35-43,2023,0.0,0.004103909945115447,0,drone,1,9.489961992702219e-05,4545,0.004839880616278132,True
GaussianBudget75M_TOPGrowing,River_2023-CASQF-000825,20230610,21,pyrologix,5,171-80,2023,0.0,0.004137247102335095,0,drone,1,9.489961992702219e-05,2305,0.0046500813764240876,True
GaussianBudget75M_TOPGrowing,River_2023-CASTF-001927,20230910,21,pyrologix,9,115-63,2023,0.0,0.0038412470603361726,0,drone,1,9.489961992702219e-05,3745,0.0046500813764240876,True
GaussianBudget75M_TOPGrowing,Riverside_2023-CASHF-000849,20230722,20,pyrologix,11,35-43,2023,0.0,0.006409247987903655,0,drone,1,9.489961992702219e-05,4545,0.004839880616278132,True
GaussianBudget75M_TOPGrowing,Road_2023-CALPF-002628,20230915,1,pyrologix,2,none,2023,0.0,0.002262699999846518,-1,undetected,1,9.489961992702219e-05,0,0.0,False
GaussianBudget75M_TOPGrowing,Robinson_2023-CATNF-000673,20230611,20,pyrologix,7,90-60,2023,0.0,0.004243707982823253,0,drone,1,9.489961992702219e-05,2785,0.0046500813764240876,True
GaussianBudget75M_TOPGrowing,Rock_2023-CABDF-012493,20230920,19,pyrologix,11,206-88,2023,0.0,0.0040427380008623,0,drone,1,9.489961992702219e-05,4350,0.004460282136570043,True
GaussianBudget75M_TOPGrowing,Rock_2023-CAENF-017683,20230702,23,pyrologix,6,93-54,2023,0.0,0.003535491065122187,0,drone,1,9.489961992702219e-05,2425,0.0046500813764240876,True
GaussianBudget75M_TOPGrowing,Rock_2023-CAMNF-000861,20230816,14,pyrologix,3,67-17,2023,533.101253613946,0.002983381971716881,0,drone,1,9.489961992702219e-05,1485,0.0046500813764240876,True
GaussianBudget75M_TOPGrowing,Rock_2023-CAPNF-001287,20230910,3,pyrologix,7,69-50,2023,0.0,0.007639638031832874,0,drone,1,9.489961992702219e-05,3160,0.0046500813764240876,True
GaussianBudget75M_TOPGrowing,Rock_2023-CASHF-000405,20230510,19,pyrologix,7,47-21,2023,0.0,0.006221147021278739,0,drone,1,9.489961992702219e-05,3000,0.0046500813764240876,True
GaussianBudget75M_TOPGrowing,Rock_2023-CASTF-001615,20230817,19,pyrologix,2,115-63,2023,0.0,0.005873189074918628,0,drone,1,9.489961992702219e-05,1110,0.0046500813764240876,True
GaussianBudget75M_TOPGrowing,Rock_2_2023-CAANF-233519,20231021,16,pyrologix,2,none,2023,0.0,0.002187505946494639,-1,undetected,1,9.489961992702219e-05,0,0.0,False
GaussianBudget75M_TOPGrowing,Rocks_2023-CABDF-007226,20230513,10,pyrologix,7,206-88,2023,0.0,0.005208675051108003,0,drone,1,9.489961992702219e-05,3055,0.004365382516643021,True
GaussianBudget75M_TOPGrowing,Rocky_2023-CASKU-005755,20230710,13,pyrologix,10,24-35,2023,0.0,0.0035796110751107335,0,drone,1,9.489961992702219e-05,4085,0.0046500813764240876,True
GaussianBudget75M_TOPGrowing,Rodgers_2023-CASNF-000903,20230728,13,pyrologix,10,none,2023,0.0,0.0025193101027980447,-1,undetected,1,9.489961992702219e-05,0,0.0,False
GaussianBudget75M_TOPGrowing,Rogers_2023-CASQF-002393,20231114,17,pyrologix,3,161-79,2023,0.0,0.0030797419603914022,0,drone,1,9.489961992702219e-05,1425,0.0046500813764240876,True
GaussianBudget75M_TOPGrowing,Roland_2023-CASKU-003662,20230513,17,pyrologix,4,28-45,2023,0.0,0.0024974370608106256,0,drone,1,9.489961992702219e-05,1605,0.0046500813764240876,True
GaussianBudget75M_TOPGrowing,Romeo_2023-CAINF-001007,20230713,20,pyrologix,5,none,2023,0.0,0.0021548100048676133,-1,undetected,1,9.489961992702219e-05,0,0.0,False
GaussianBudget75M_TOPGrowing,Root_2023-CASHF-000827,20230717,16,pyrologix,10,35-43,2023,0.0,0.003787770983763039,0,drone,1,9.489961992702219e-05,4190,0.004839880616278132,True
GaussianBudget75M_TOPGrowing,Rose_2023-CASTF-000422,20230420,17,pyrologix,10,111-57,2023,0.0,0.015528528019785881,2,drone,1,9.489961992702219e-05,4985,0.0046500813764240876,True
GaussianBudget75M_TOPGrowing,Rough_2023-CASHF-000586,20230613,16,pyrologix,7,54-19,2023,0.0,0.009535457007586956,1,drone,1,9.489961992702219e-05,3305,0.0046500813764240876,True
GaussianBudget75M_TOPGrowing,Round_2023-CAKNF-005764,20230710,19,pyrologix,10,25-54,2023,0.0,0.006544363917782903,0,drone,1,9.489961992702219e-05,3990,0.0046500813764240876,True
GaussianBudget75M_TOPGrowing,Roy_2023-CASRF-000899,20230811,1,pyrologix,5,35-16,2023,0.0,0.003067163983359933,0,drone,1,9.489961992702219e-05,2190,0.0046500813764240876,True
GaussianBudget75M_TOPGrowing,Ruby_2023-CASTF-000355,20230406,13,pyrologix,3,111-57,2023,0.0,0.005796273937448859,1,drone,1,9.489961992702219e-05,1830,0.0046500813764240876,True
GaussianBudget75M_TOPGrowing,Rushing_2023-CASTF-000567,20230511,6,pyrologix,3,115-63,2023,0.0,0.01001070300117135,0,drone,1,9.489961992702219e-05,1445,0.0046500813764240876,True
GaussianBudget75M_TOPGrowing,Sage_2023-CAMDF-000359,20230718,19,pyrologix,4,none,2023,0.0,0.0022835589479655027,-1,undetected,1,9.489961992702219e-05,0,0.0,False
GaussianBudget75M_TOPGrowing,Sage_2023-CASTF-001974,20230911,13,pyrologix,9,none,2023,0.0,0.0023819420021027327,-1,undetected,1,9.489961992702219e-05,0,0.0,False
GaussianBudget75M_TOPGrowing,Sagebrush_2023-CASQF-002187,20231008,22,pyrologix,2,164-82,2023,0.0,0.004211536957882345,0,drone,1,9.489961992702219e-05,1020,0.0046500813764240876,True
GaussianBudget75M_TOPGrowing,Sagehen_2023-CATNF-001073,20230721,16,pyrologix,11,84-67,2023,0.0,0.007352469954639673,0,drone,1,9.489961992702219e-05,4640,0.004839880616278132,True
GaussianBudget75M_TOPGrowing,Saints_2023-CAKNF-005120,20230626,23,pyrologix,10,17-30,2023,0.0,0.003882410004734993,0,drone,1,9.489961992702219e-05,4085,0.004555181756497065,True
GaussianBudget75M_TOPGrowing,Salmon_2023-CASRF-000859,20230803,12,pyrologix,3,26-25,2023,0.0,0.0015742359682917595,0,drone,1,9.489961992702219e-05,1240,0.0046500813764240876,True
GaussianBudget75M_TOPGrowing,Salt_2023-CAKNF-005870,20230714,20,pyrologix,9,17-30,2023,0.0,0.003993929945863783,0,drone,1,9.489961992702219e-05,3730,0.004555181756497065,True
GaussianBudget75M_TOPGrowing,Salt_2023-CASHF-000594,20230615,0,pyrologix,7,42-41,2023,0.0,0.00336857489310205,0,drone,1,9.489961992702219e-05,3060,0.0046500813764240876,True
GaussianBudget75M_TOPGrowing,Salt_2023-CASRF-000933,20230815,5,pyrologix,7,54-19,2023,0.0,0.005162561894394457,0,drone,1,9.489961992702219e-05,2880,0.0046500813764240876,True
GaussianBudget75M_TOPGrowing,Salty_2023-CASHF-001007,20230818,1,pyrologix,5,47-27,2023,0.0,0.003319578943774104,0,drone,1,9.489961992702219e-05,2185,0.0046500813764240876,True
GaussianBudget75M_TOPGrowing,Sand_2023-CAANF-002373,20230724,21,pyrologix,2,none,2023,0.0,0.002301751053892076,-1,undetected,1,9.489961992702219e-05,0,0.0,False
GaussianBudget75M_TOPGrowing,Sand_2023-CAENF-026944,20231001,16,pyrologix,10,93-54,2023,0.0,0.0037783279549330473,0,drone,1,9.489961992702219e-05,4210,0.0046500813764240876,True
GaussianBudget75M_TOPGrowing,Sand_2023-CASHF-000787,20230712,4,pyrologix,1,35-43,2023,0.0,0.002715429989621043,0,drone,1,9.489961992702219e-05,535,0.0037010851771538656,True
GaussianBudget75M_TOPGrowing,Sand_2023-CASQF-001652,20230813,13,pyrologix,11,164-82,2023,0.0,0.007298284908756614,0,drone,1,9.489961992702219e-05,4535,0.0046500813764240876,True
GaussianBudget75M_TOPGrowing,Santiago_2023-CACNF-002138,20230808,3,pyrologix,1,none,2023,0.0,0.0022307559847831726,-1,undetected,1,9.489961992702219e-05,0,0.0,False
GaussianBudget75M_TOPGrowing,Santiago_2023-CARRU-115913,20230808,0,pyrologix,5,none,2023,0.0,0.0023265540366992354,-1,undetected,1,9.489961992702219e-05,0,0.0,False
GaussianBudget75M_TOPGrowing,Sardine_2023-CASTF-001973,20230911,17,pyrologix,1,none,2023,0.0,0.0021091928938403726,-1,undetected,1,9.489961992702219e-05,0,0.0,False
GaussianBudget75M_TOPGrowing,Sattley_2023-CATNF-000878,20230702,14,pyrologix,8,80-65,2023,0.0,0.0027699460042640567,0,drone,1,9.489961992702219e-05,3220,0.0046500813764240876,True
GaussianBudget75M_TOPGrowing,Saugus_2023-CAANF-233735,20231111,1,pyrologix,7,none,2023,0.0,0.0020226340275257826,-1,undetected,1,9.489961992702219e-05,0,0.0,False
GaussianBudget75M_TOPGrowing,Saw_2023-CATMU-022582,20230817,15,pyrologix,9,none,2023,0.0,0.00213173299562186,-1,undetected,1,9.489961992702219e-05,0,0.0,False
GaussianBudget75M_TOPGrowing,Sawmill_2023-CAINF-001691,20230914,16,pyrologix,5,none,2023,0.0,0.0022352649830281734,-1,undetected,1,9.489961992702219e-05,0,0.0,False
GaussianBudget75M_TOPGrowing,Sawmill_2023-CATMU-015860,20230614,22,pyrologix,2,none,2023,0.0,0.0021960659651085734,-1,undetected,1,9.489961992702219e-05,0,0.0,False
GaussianBudget75M_TOPGrowing,Sawmill_2023-CATMU-017755,20230702,12,pyrologix,11,none,2023,0.0,0.0023993030190467834,-1,undetected,1,9.489961992702219e-05,0,0.0,False
GaussianBudget75M_TOPGrowing,Sawpit_2023-CABDF-009359,20230701,17,pyrologix,9,none,2023,0.0,0.002392592024989426,-1,undetected,1,9.489961992702219e-05,0,0.0,False
GaussianBudget75M_TOPGrowing,School_2023-CALPF-001981,20230724,13,pyrologix,6,none,2023,0.0,0.0023256619460880756,-1,undetected,1,9.489961992702219e-05,0,0.0,False
GaussianBudget75M_TOPGrowing,Scotland_2023-CABDF-006716,20230430,16,pyrologix,12,206-88,2023,0.0,0.0027041180292144418,0,drone,1,9.489961992702219e-05,4725,0.004460282136570043,True
GaussianBudget75M_TOPGrowing,Scott_2023-CAKNF-006941,20230815,12,pyrologix,4,24-35,2023,0.0,0.004333148943260312,0,drone,1,9.489961992702219e-05,1740,0.0046500813764240876,True
GaussianBudget75M_TOPGrowing,Seattle_2023-CAKNF-006088,20230720,18,pyrologix,4,17-30,2023,0.0,0.003590209991671145,0,drone,1,9.489961992702219e-05,1900,0.004460282136570043,True
GaussianBudget75M_TOPGrowing,Seely_2023-CASRF-000070,20230130,16,pyrologix,11,35-16,2023,0.0,0.008296516025438905,2,drone,1,9.489961992702219e-05,5225,0.0046500813764240876,True
GaussianBudget75M_TOPGrowing,Shadow_2023-CAINF-001305,20230813,2,pyrologix,3,129-73,2023,0.0,0.008593910955823958,1,drone,1,9.489961992702219e-05,1735,0.0046500813764240876,True
GaussianBudget75M_TOPGrowing,Shadow_2023-CAKNF-006974,20230815,19,pyrologix,2,28-32,2023,0.0,0.0055220749927684665,1,drone,1,9.489961992702219e-05,1395,0.0046500813764240876,True
GaussianBudget75M_TOPGrowing,Shake_2023-CASHF-001018,20230818,17,pyrologix,5,47-27,2023,0.0,0.003308485960587859,0,drone,1,9.489961992702219e-05,2245,0.0046500813764240876,True
GaussianBudget75M_TOPGrowing,Shanty_2023-CASRF-000532,20230614,19,pyrologix,5,26-25,2023,0.0,0.001884855912066996,0,drone,1,9.489961992702219e-05,1970,0.0046500813764240876,True
GaussianBudget75M_TOPGrowing,Shark_2023-CASNF-001269,20230831,19,pyrologix,4,132-72,2023,0.0,0.0030618109740316868,0,drone,1,9.489961992702219e-05,1790,0.0046500813764240876,True
GaussianBudget75M_TOPGrowing,Sheep_2023-CABDF-017505,20231208,18,pyrologix,10,206-88,2023,0.0,0.00858295289799571,0,drone,1,9.489961992702219e-05,4140,0.004460282136570043,True
GaussianBudget75M_TOPGrowing,Sheering_2023-CASTF-002013,20230915,13,pyrologix,6,115-63,2023,0.0,0.0030633050482720137,0,drone,1,9.489961992702219e-05,2505,0.0046500813764240876,True
GaussianBudget75M_TOPGrowing,Shell_2023-CAINF-001028,20230716,2,pyrologix,3,none,2023,0.0,0.00241680396720767,-1,undetected,1,9.489961992702219e-05,0,0.0,False
GaussianBudget75M_TOPGrowing,Shell_2023-CASQF-002182,20231008,15,pyrologix,7,none,2023,0.0,0.002395707997493446,-1,undetected,1,9.489961992702219e-05,0,0.0,False
GaussianBudget75M_TOPGrowing,Shelly_2023-CATMU-021441,20230806,23,pyrologix,2,none,2023,0.0,0.00228563800919801,-1,undetected,1,9.489961992702219e-05,0,0.0,False
GaussianBudget75M_TOPGrowing,Sherer_2023-CASHF-001032,20230819,15,pyrologix,12,35-36,2023,0.0,0.008552968967705965,1,drone,1,9.489961992702219e-05,5100,0.0046500813764240876,True
GaussianBudget75M_TOPGrowing,Shinn_2023-CALAC-253309,20230729,3,pyrologix,1,206-88,2023,0.0,0.0018524510087445378,0,drone,1,9.489961992702219e-05,540,0.003795984797080888,True
GaussianBudget75M_TOPGrowing,Shoemaker_2023-CAANF-001915,20230702,10,pyrologix,9,206-87,2023,0.0,0.0090626769233495,2,drone,1,9.489961992702219e-05,4380,0.004555181756497065,True
GaussianBudget75M_TOPGrowing,Shu_Assist_Industrial_2023-CASHF-000484,20230526,19,pyrologix,5,47-27,2023,0.0,0.004899858962744474,0,drone,1,9.489961992702219e-05,2185,0.0046500813764240876,True
GaussianBudget75M_TOPGrowing,Sierra_2023-CAANF-232758,20230816,20,pyrologix,7,none,2023,0.0,0.002277840976603329,-1,undetected,1,9.489961992702219e-05,0,0.0,False
GaussianBudget75M_TOPGrowing,Sierra_2023-CALAC-277737,20230816,23,pyrologix,1,none,2023,0.0,0.0020948629826307297,-1,undetected,1,9.489961992702219e-05,0,0.0,False
GaussianBudget75M_TOPGrowing,Silver_2023-CABDF-011250,20230810,18,pyrologix,3,none,2023,0.0,0.0025061429478228092,-1,undetected,1,9.489961992702219e-05,0,0.0,False
GaussianBudget75M_TOPGrowing,Silver_2023-CAENF-022362,20230815,15,pyrologix,8,98-62,2023,0.0,0.004202945972792804,0,drone,1,9.489961992702219e-05,3530,0.0046500813764240876,True
GaussianBudget75M_TOPGrowing,Silver_2023-CASHU-008484,20230804,23,pyrologix,12,49-41,2023,0.0,0.005417834967374802,0,drone,1,9.489961992702219e-05,4780,0.0046500813764240876,True
GaussianBudget75M_TOPGrowing,Sims_2023-CASHF-001211,20230920,20,pyrologix,7,42-41,2023,0.0,0.005555778043344617,1,drone,1,9.489961992702219e-05,3395,0.0046500813764240876,True
GaussianBudget75M_TOPGrowing,Sims_2023-CATCU-010658,20230812,20,pyrologix,6,117-52,2023,0.0,0.003008571919053793,0,drone,1,9.489961992702219e-05,2390,0.0046500813764240876,True
GaussianBudget75M_TOPGrowing,Single_2023-CASTF-001529,20230813,0,pyrologix,6,115-63,2023,0.0,0.0028732309583574533,0,drone,1,9.489961992702219e-05,2505,0.0046500813764240876,True
GaussianBudget75M_TOPGrowing,Sister_2023-CAKNF-004500,20230608,17,pyrologix,12,25-54,2023,0.0,0.0058509629452601075,0,drone,1,9.489961992702219e-05,4710,0.0046500813764240876,True
GaussianBudget75M_TOPGrowing,Ski_2023-CASTF-001676,20230820,16,pyrologix,9,115-63,2023,0.0,0.005177579005248845,1,drone,1,9.489961992702219e-05,4055,0.0046500813764240876,True
GaussianBudget75M_TOPGrowing,Skunk_2023-CASHF-000313,20230417,16,pyrologix,7,40-22,2023,0.0,0.0027579859597608447,0,drone,1,9.489961992702219e-05,2895,0.0046500813764240876,True
GaussianBudget75M_TOPGrowing,Sky_2023-CASNF-000380,20230527,20,pyrologix,10,128-67,2023,0.0,0.01457845198456198,2,drone,1,9.489961992702219e-05,4835,0.0046500813764240876,True
GaussianBudget75M_TOPGrowing,Sky_2023-CATCU-010394,20230807,23,pyrologix,3,122-61,2023,0.0,0.003150450997054577,0,drone,1,9.489961992702219e-05,1450,0.0046500813764240876,True
GaussianBudget75M_TOPGrowing,Slab_Creek_Reservoir_Camino_2023-CAAEU-010441,20230419,0,pyrologix,1,99-53,2023,0.0,0.0025385270128026605,0,drone,1,9.489961992702219e-05,580,0.003985784036934932,True
GaussianBudget75M_TOPGrowing,Slide_1_2023-CAMNF-000852,20230815,13,pyrologix,10,61-26,2023,0.0,0.004679269972257316,0,drone,1,9.489961992702219e-05,4015,0.0046500813764240876,True
GaussianBudget75M_TOPGrowing,Slide_2_2023-CAMNF-000854,20230815,14,pyrologix,7,69-27,2023,0.0,0.0046290080063045025,0,drone,1,9.489961992702219e-05,2940,0.0046500813764240876,True
GaussianBudget75M_TOPGrowing,Smith_2023-CASTF-000451,20230426,15,pyrologix,7,122-61,2023,0.0,0.0023010839940980077,0,drone,1,9.489961992702219e-05,2805,0.0046500813764240876,True
GaussianBudget75M_TOPGrowing,Smokey_2023-CAINF-001714,20230917,19,pyrologix,2,none,2023,0.0,0.002543217968195677,-1,undetected,1,9.489961992702219e-05,0,0.0,False
GaussianBudget75M_TOPGrowing,Snag_2023-CALMU-002821,20230606,21,pyrologix,2,45-66,2023,0.0,0.008570586098358035,1,drone,1,9.489961992702219e-05,1385,0.0046500813764240876,True
GaussianBudget75M_TOPGrowing,Snake_2023-CAPNF-000744,20230717,13,pyrologix,11,72-57,2023,0.0,0.005711116013117135,1,drone,1,9.489961992702219e-05,4800,0.0046500813764240876,True
GaussianBudget75M_TOPGrowing,Snow_2023-CABDF-015602,20231116,16,pyrologix,3,none,2023,0.0,0.00248868006747216,-1,undetected,1,9.489961992702219e-05,0,0.0,False
GaussianBudget75M_TOPGrowing,Snow_2023-CASHF-001072,20230825,22,pyrologix,7,54-19,2023,0.0,0.005764370085671544,0,drone,1,9.489961992702219e-05,2880,0.0046500813764240876,True
GaussianBudget75M_TOPGrowing,Soda_2023-CAENF-015599,20230611,21,pyrologix,5,90-60,2023,0.0,0.0023268150398507714,0,drone,1,9.489961992702219e-05,2000,0.0046500813764240876,True
GaussianBudget75M_TOPGrowing,Soda_2023-CASHF-000457,20230521,19,pyrologix,6,35-43,2023,0.0,0.00273002905305475,0,drone,1,9.489961992702219e-05,2445,0.004839880616278132,True
GaussianBudget75M_TOPGrowing,Soldier_2023-CALAC-257321,20230801,4,pyrologix,3,206-87,2023,0.0,0.0026689369697123766,0,drone,1,9.489961992702219e-05,1335,0.004460282136570043,True
GaussianBudget75M_TOPGrowing,South_2023-CASRF-000500,20230609,19,pyrologix,4,26-25,2023,0.0,0.001941211987286806,0,drone,1,9.489961992702219e-05,1670,0.0046500813764240876,True
GaussianBudget75M_TOPGrowing,South_2023-CASRF-000646,20230705,0,pyrologix,5,35-16,2023,0.0,0.004207580001093447,0,drone,1,9.489961992702219e-05,2150,0.0046500813764240876,True
GaussianBudget75M_TOPGrowing,Spanish_2023-CASNF-000527,20230612,15,pyrologix,4,none,2023,0.0,0.002199921989813447,-1,undetected,1,9.489961992702219e-05,0,0.0,False
GaussianBudget75M_TOPGrowing,Spaulding_2023-CAMDF-000211,20230605,16,pyrologix,11,38-63,2023,0.0,0.003316635964438319,0,drone,1,9.489961992702219e-05,4425,0.0046500813764240876,True
GaussianBudget75M_TOPGrowing,Spillway_2023-CALAC-386515,20231111,3,pyrologix,3,none,2023,0.0,0.002012340002693236,-1,undetected,1,9.489961992702219e-05,0,0.0,False
GaussianBudget75M_TOPGrowing,Spot_2023-CABDF-005844,20230408,16,pyrologix,5,225-101,2023,0.0,0.005104443058371544,0,drone,1,9.489961992702219e-05,2175,0.0046500813764240876,True
GaussianBudget75M_TOPGrowing,Spring_2023-CAMDF-000733,20230826,13,pyrologix,12,38-63,2023,0.0,0.00441676308400929,0,drone,1,9.489961992702219e-05,4795,0.0046500813764240876,True
GaussianBudget75M_TOPGrowing,Spring_2023-CAPNF-000278,20230519,15,pyrologix,10,80-65,2023,0.0,0.0054616190027445555,0,drone,1,9.489961992702219e-05,4075,0.0046500813764240876,True
GaussianBudget75M_TOPGrowing,Spring_2023-CASHF-001191,20230916,20,pyrologix,6,47-21,2023,0.0,0.003677577944472432,0,drone,1,9.489961992702219e-05,2610,0.0046500813764240876,True
GaussianBudget75M_TOPGrowing,Spring_2023-CASTF-001996,20230913,19,pyrologix,6,122-61,2023,0.0,0.005188488983549178,1,drone,1,9.489961992702219e-05,2915,0.0046500813764240876,True
GaussianBudget75M_TOPGrowing,Spring_2023-CATNF-000557,20230601,14,pyrologix,12,73-63,2023,0.0,0.006078945007175207,1,drone,1,9.489961992702219e-05,5240,0.0046500813764240876,True
GaussianBudget75M_TOPGrowing,Springs_2023-CACNF-000760,20230416,7,pyrologix,11,none,2023,0.0,0.002157478011213243,-1,undetected,1,9.489961992702219e-05,0,0.0,False
GaussianBudget75M_TOPGrowing,Springs_2_2023-CACNF-000822,20230425,10,pyrologix,5,none,2023,0.0,0.0022452259436249733,-1,undetected,1,9.489961992702219e-05,0,0.0,False
GaussianBudget75M_TOPGrowing,Spur_2023-CAPNF-000428,20230607,17,pyrologix,9,63-64,2023,0.0,0.004840314970351756,0,drone,1,9.489961992702219e-05,3605,0.0046500813764240876,True
GaussianBudget75M_TOPGrowing,Squaw_2023-CABTU-008770,20230514,0,pyrologix,5,79-47,2023,0.0,0.0053693599766120315,0,drone,1,9.489961992702219e-05,2200,0.0046500813764240876,True
GaussianBudget75M_TOPGrowing,Squaw_2023-CALPF-001664,20230701,9,pyrologix,12,none,2023,0.0,0.00217500701546669,-1,undetected,1,9.489961992702219e-05,0,0.0,False
GaussianBudget75M_TOPGrowing,Squirrel_2023-CASHF-000989,20230815,20,pyrologix,4,35-36,2023,0.0,0.009975049993954599,1,drone,1,9.489961992702219e-05,2160,0.0046500813764240876,True
GaussianBudget75M_TOPGrowing,Stage_2023-CASKU-003070,20230423,1,pyrologix,3,35-43,2023,0.0,0.003493569907732308,0,drone,1,9.489961992702219e-05,1560,0.0046500813764240876,True
GaussianBudget75M_TOPGrowing,Staging_2023-CALPF-002221,20230810,13,pyrologix,11,none,2023,0.0,0.002253236947581172,-1,undetected,1,9.489961992702219e-05,0,0.0,False
GaussianBudget75M_TOPGrowing,Stampede_2023-CATNF-000456,20230520,16,pyrologix,11,84-67,2023,0.0,0.004840227076783776,0,drone,1,9.489961992702219e-05,4640,0.004839880616278132,True
GaussianBudget75M_TOPGrowing,Stan_2023-CASTF-001612,20230817,15,pyrologix,5,108-64,2023,0.0,0.002608153037726879,0,drone,1,9.489961992702219e-05,2065,0.0046500813764240876,True
GaussianBudget75M_TOPGrowing,Star_2023-CACNF-002537,20230912,16,pyrologix,8,none,2023,0.0,0.002037061029113829,-1,undetected,1,9.489961992702219e-05,0,0.0,False
GaussianBudget75M_TOPGrowing,Star_2023-CASTF-000464,20230427,18,pyrologix,8,111-57,2023,0.0,0.005959591013379395,1,drone,1,9.489961992702219e-05,3785,0.0046500813764240876,True
GaussianBudget75M_TOPGrowing,Stine_2023-CASQF-001101,20230703,15,pyrologix,12,171-80,2023,0.0,0.004061375046148896,0,drone,1,9.489961992702219e-05,4985,0.0046500813764240876,True
GaussianBudget75M_TOPGrowing,Stock_2023-CAMDF-000937,20230919,17,pyrologix,10,none,2023,0.0,0.002130718086846173,-1,undetected,1,9.489961992702219e-05,0,0.0,False
GaussianBudget75M_TOPGrowing,Stone_2023-CABDF-006328,20230421,15,pyrologix,10,206-88,2023,0.0,0.007735281018540263,0,drone,1,9.489961992702219e-05,4070,0.004460282136570043,True
GaussianBudget75M_TOPGrowing,Stone_2023-CASHF-000695,20230628,22,pyrologix,12,47-27,2023,0.0,0.005549279972910881,1,drone,1,9.489961992702219e-05,5260,0.0046500813764240876,True
GaussianBudget75M_TOPGrowing,Stoneridge_2023-CACNF-001060,20230524,22,pyrologix,7,230-98,2023,0.0,0.014765758998692036,2,drone,1,9.489961992702219e-05,3680,0.0046500813764240876,True
GaussianBudget75M_TOPGrowing,Stones_2023-CAKNF-005095,20230625,17,pyrologix,3,21-28,2023,0.0,0.0017524019349366426,0,drone,1,9.489961992702219e-05,1295,0.0046500813764240876,True
GaussianBudget75M_TOPGrowing,Straw_2023-CASTF-001550,20230814,22,pyrologix,10,115-63,2023,0.0,0.00794380099978298,2,drone,1,9.489961992702219e-05,4875,0.0046500813764240876,True
GaussianBudget75M_TOPGrowing,Stuart_2023-CASHF-000544,20230606,11,pyrologix,11,40-29,2023,0.0,0.004098456935025752,0,drone,1,9.489961992702219e-05,4315,0.0046500813764240876,True
GaussianBudget75M_TOPGrowing,Stump_2023-CAKNF-000706,20230125,13,pyrologix,6,18-37,2023,0.0,0.003289586049504578,0,drone,1,9.489961992702219e-05,2565,0.0040806836568619545,True
GaussianBudget75M_TOPGrowing,Sugar_2023-CANEU-018360,20230701,11,pyrologix,5,86-54,2023,0.0,0.0035877859918400645,0,drone,1,9.489961992702219e-05,2075,0.0046500813764240876,True
GaussianBudget75M_TOPGrowing,Sugar_2023-CASTF-001969,20230911,13,pyrologix,6,115-63,2023,0.0,0.002252159989438951,0,drone,1,9.489961992702219e-05,2450,0.0046500813764240876,True
GaussianBudget75M_TOPGrowing,Sugar_2023-CATNF-000854,20230701,9,pyrologix,11,86-54,2023,0.0,0.008759328979067504,2,drone,1,9.489961992702219e-05,5365,0.0046500813764240876,True
GaussianBudget75M_TOPGrowing,Sugarloaf_2023-CABDF-017660,20231212,18,pyrologix,5,none,2023,0.0,0.0021390659967437387,-1,undetected,1,9.489961992702219e-05,0,0.0,False
GaussianBudget75M_TOPGrowing,Sulpher_2023-CASHF-000992,20230815,22,pyrologix,3,47-21,2023,0.0,0.0021578840678557754,0,drone,1,9.489961992702219e-05,1280,0.0046500813764240876,True
GaussianBudget75M_TOPGrowing,Sulphur_2_2023-CAINF-001392,20230818,22,pyrologix,9,none,2023,0.0,0.0022434419952332973,-1,undetected,1,9.489961992702219e-05,0,0.0,False
GaussianBudget75M_TOPGrowing,Summit_2023-CASHU-006574,20230624,0,pyrologix,8,47-27,2023,0.0,0.0038781939074397087,0,drone,1,9.489961992702219e-05,3170,0.0046500813764240876,True
GaussianBudget75M_TOPGrowing,Summit_2023-CASNF-001403,20230909,20,pyrologix,8,132-72,2023,0.0,0.0028742169961333275,0,drone,1,9.489961992702219e-05,3330,0.0046500813764240876,True
GaussianBudget75M_TOPGrowing,Sunrise_2023-CACNF-002091,20230805,7,pyrologix,6,none,2023,0.0,0.0023353570140898228,-1,undetected,1,9.489961992702219e-05,0,0.0,False
GaussianBudget75M_TOPGrowing,Sutherland_2023-CACNF-001178,20230603,23,pyrologix,2,none,2023,0.0,0.0023472639732062817,-1,undetected,1,9.489961992702219e-05,0,0.0,False
GaussianBudget75M_TOPGrowing,Swanson_2023-CAKNF-005094,20230625,12,pyrologix,12,24-35,2023,0.0,0.004004193004220724,0,drone,1,9.489961992702219e-05,4795,0.0046500813764240876,True
GaussianBudget75M_TOPGrowing,Sweetbrier_2023-CASHF-001012,20230818,6,pyrologix,11,35-43,2023,0.0,0.005617307964712381,1,drone,1,9.489961992702219e-05,4835,0.004839880616278132,True
GaussianBudget75M_TOPGrowing,Swift_2023-CASHF-000972,20230815,10,pyrologix,8,42-34,2023,0.0,0.005051109008491039,0,drone,1,9.489961992702219e-05,3255,0.0046500813764240876,True
GaussianBudget75M_TOPGrowing,Swillup_2023-CAKNF-006937,20230815,13,pyrologix,2,23-23,2023,0.0,0.002463764976710081,0,drone,1,9.489961992702219e-05,995,0.0046500813764240876,True
GaussianBudget75M_TOPGrowing,Swimming_Hole_2023-CAPNF-001425,20230930,1,pyrologix,4,65-55,2023,0.0,0.0029981740517541766,0,drone,1,9.489961992702219e-05,1860,0.004365382516643021,True
GaussianBudget75M_TOPGrowing,Table_2023-CATNF-000622,20230606,17,pyrologix,2,80-58,2023,0.0,0.0029040969675406814,0,drone,1,9.489961992702219e-05,895,0.0046500813764240876,True
GaussianBudget75M_TOPGrowing,Tadpole_2023-CATNF-001289,20230816,23,pyrologix,4,87-59,2023,0.0,0.00199582998175174,0,drone,1,9.489961992702219e-05,1635,0.0046500813764240876,True
GaussianBudget75M_TOPGrowing,Tailgate_2023-CALPF-001952,20230722,14,pyrologix,6,none,2023,0.0,0.0024645259836688638,-1,undetected,1,9.489961992702219e-05,0,0.0,False
GaussianBudget75M_TOPGrowing,Tamarack_2023-CAPNF-001273,20230908,18,pyrologix,1,76-51,2023,0.0,0.002355318982154131,0,drone,1,9.489961992702219e-05,585,0.004555181756497065,True
GaussianBudget75M_TOPGrowing,Tank_2023-CAMDF-000569,20230818,10,pyrologix,10,none,2023,0.0,0.0021810770267620683,-1,undetected,1,9.489961992702219e-05,0,0.0,False
GaussianBudget75M_TOPGrowing,Tanker_2023-CAANF-002610,20230808,23,pyrologix,3,none,2023,0.0,0.002199392067268491,-1,undetected,1,9.489961992702219e-05,0,0.0,False
GaussianBudget75M_TOPGrowing,Tanker_2023-CALAC-266211,20230808,0,pyrologix,1,none,2023,0.0,0.0022497759200632572,-1,undetected,1,9.489961992702219e-05,0,0.0,False
GaussianBudget75M_TOPGrowing,Tanner_2023-CAKNF-008087,20230917,3,pyrologix,2,28-32,2023,0.0,0.003000647993758321,0,drone,1,9.489961992702219e-05,1060,0.0046500813764240876,True
GaussianBudget75M_TOPGrowing,Taylor_2023-CAINF-001071,20230719,17,pyrologix,9,none,2023,0.0,0.002089806948788464,-1,undetected,1,9.489961992702219e-05,0,0.0,False
GaussianBudget75M_TOPGrowing,Taylorsville_2023-CAPNF-001563,20231105,13,pyrologix,9,67-62,2023,0.0,0.010654854006133974,1,drone,1,9.489961992702219e-05,4105,0.0046500813764240876,True
GaussianBudget75M_TOPGrowing,Tea_2023-CASNF-001395,20230909,13,pyrologix,11,140-71,2023,0.0,0.003538649994879961,0,drone,1,9.489961992702219e-05,4425,0.0046500813764240876,True
GaussianBudget75M_TOPGrowing,Tecuya_2023-CALPF-002100,20230802,12,pyrologix,6,none,2023,0.0,0.0021142229670658708,-1,undetected,1,9.489961992702219e-05,0,0.0,False
GaussianBudget75M_TOPGrowing,Telephone_2023-CASHF-001189,20230916,17,pyrologix,11,47-21,2023,0.0,0.003793430980294943,0,drone,1,9.489961992702219e-05,4465,0.0046500813764240876,True
GaussianBudget75M_TOPGrowing,Thatcher_2023-CAMNF-000495,20230625,20,pyrologix,5,68-22,2023,0.0,0.0031146870460361242,0,drone,1,9.489961992702219e-05,2015,0.0046500813764240876,True
GaussianBudget75M_TOPGrowing,Thompson_2023-CASTF-001742,20230827,0,pyrologix,6,118-64,2023,0.0,0.0026535550132393837,0,drone,1,9.489961992702219e-05,2555,0.0046500813764240876,True
GaussianBudget75M_TOPGrowing,Three_Creeks_2023-CAKNF-007001,20230816,0,pyrologix,7,23-23,2023,0.0,0.005478981998749077,1,drone,1,9.489961992702219e-05,3370,0.0046500813764240876,True
GaussianBudget75M_TOPGrowing,Thurman_2023-CABDF-017306,20231206,20,pyrologix,8,none,2023,0.0,0.0023568429751321673,-1,undetected,1,9.489961992702219e-05,0,0.0,False
GaussianBudget75M_TOPGrowing,Tierra_2023-CAENF-014309,20230529,18,pyrologix,12,93-54,2023,0.0,0.0031045039650052786,0,drone,1,9.489961992702219e-05,4755,0.0046500813764240876,True
GaussianBudget75M_TOPGrowing,Timber_2023-CAMMU-011033,20230525,19,pyrologix,12,125-56,2023,0.0,0.006434450042434037,0,drone,1,9.489961992702219e-05,4880,0.004839880616278132,True
GaussianBudget75M_TOPGrowing,Timber_2023-CASHU-008929,20230815,12,pyrologix,2,44-54,2023,0.0,0.004081250983290374,0,drone,1,9.489961992702219e-05,985,0.0046500813764240876,True
GaussianBudget75M_TOPGrowing,Tire_2023-CAANF-001601,20230618,19,pyrologix,4,none,2023,0.0,0.002320175990462303,-1,undetected,1,9.489961992702219e-05,0,0.0,False
GaussianBudget75M_TOPGrowing,Titmouse_2023-CAKNF-007216,20230822,21,pyrologix,7,28-32,2023,0.0,0.0054961409186944366,1,drone,1,9.489961992702219e-05,3380,0.0046500813764240876,True
GaussianBudget75M_TOPGrowing,Titus_2023-CAKNF-006950,20230815,14,pyrologix,4,21-28,2023,0.0,0.0018422009889036417,0,drone,1,9.489961992702219e-05,1660,0.0046500813764240876,True
GaussianBudget75M_TOPGrowing,Tnf-Forest_2023-CANEU-016816,20230616,17,pyrologix,2,87-59,2023,0.0,0.002392687019892037,0,drone,1,9.489961992702219e-05,965,0.0046500813764240876,True
GaussianBudget75M_TOPGrowing,Townsend_2023-CAKNF-007031,20230816,19,pyrologix,6,24-35,2023,0.0,0.0029020030051469803,0,drone,1,9.489961992702219e-05,2500,0.0046500813764240876,True
GaussianBudget75M_TOPGrowing,Track_2023-CABDF-011906,20230829,18,pyrologix,11,206-88,2023,0.0,0.00501625903416425,0,drone,1,9.489961992702219e-05,4510,0.004460282136570043,True
GaussianBudget75M_TOPGrowing,Trail_2023-CAKNF-004558,20230610,16,pyrologix,8,21-42,2023,0.0,0.004855075036175549,0,drone,1,9.489961992702219e-05,3395,0.0046500813764240876,True
GaussianBudget75M_TOPGrowing,Trail_2023-CALNF-002794,20230606,21,pyrologix,9,51-53,2023,0.0,0.0036225930089130998,0,drone,1,9.489961992702219e-05,3815,0.0046500813764240876,True
GaussianBudget75M_TOPGrowing,Trail_2023-CASKU-006612,20230806,22,pyrologix,7,28-39,2023,0.0,0.005018657073378563,0,drone,1,9.489961992702219e-05,2960,0.0046500813764240876,True
GaussianBudget75M_TOPGrowing,Trail_2023-CATMU-021397,20230805,10,pyrologix,11,none,2023,0.0,0.002014557016082108,-1,undetected,1,9.489961992702219e-05,0,0.0,False
GaussianBudget75M_TOPGrowing,Trail_2023-CATNF-001137,20230729,20,pyrologix,4,80-58,2023,0.0,0.002722513978369534,0,drone,1,9.489961992702219e-05,1765,0.0046500813764240876,True
GaussianBudget75M_TOPGrowing,Training_2_2023-CACND-000002,20230102,14,pyrologix,4,172-74,2023,0.0,0.005342917982488871,0,drone,1,9.489961992702219e-05,1800,0.0046500813764240876,True
GaussianBudget75M_TOPGrowing,Trash_2023-CAINF-000843,20230629,21,pyrologix,1,none,2023,0.0,0.0021098230499774218,-1,undetected,1,9.489961992702219e-05,0,0.0,False
GaussianBudget75M_TOPGrowing,Treasure_2023-CATNF-001279,20230815,14,pyrologix,6,84-67,2023,0.0,0.0032079059164971113,0,drone,1,9.489961992702219e-05,2565,0.004839880616278132,True
GaussianBudget75M_TOPGrowing,Tree_2023-CASTF-001544,20230814,19,pyrologix,12,115-63,2023,0.0,0.005756019032560289,0,drone,1,9.489961992702219e-05,4840,0.0046500813764240876,True
GaussianBudget75M_TOPGrowing,Trout_2023-CALNF-006021,20231104,20,pyrologix,5,51-53,2023,0.0,0.0033290719147771597,0,drone,1,9.489961992702219e-05,2285,0.0046500813764240876,True
GaussianBudget75M_TOPGrowing,Trout_2023-CASTF-001979,20230912,22,pyrologix,6,115-63,2023,0.0,0.003384471987374127,0,drone,1,9.489961992702219e-05,2605,0.0046500813764240876,True
GaussianBudget75M_TOPGrowing,Tunnel_2023-CASQF-000909,20230620,12,pyrologix,6,none,2023,0.0,0.002077029086649418,-1,undetected,1,9.489961992702219e-05,0,0.0,False
GaussianBudget75M_TOPGrowing,Tunnel_2023-CASRF-000823,20230728,20,pyrologix,7,16-26,2023,0.0,0.005098121939226985,0,drone,1,9.489961992702219e-05,2860,0.004555181756497065,True
GaussianBudget75M_TOPGrowing,Turkey_2023-CALPF-000763,20230405,12,pyrologix,8,none,2023,0.0,0.0020432190503925085,-1,undetected,1,9.489961992702219e-05,0,0.0,False
GaussianBudget75M_TOPGrowing,Turner_2023-CAMDF-000874,20230906,20,pyrologix,6,38-63,2023,0.0,0.002620358020067215,0,drone,1,9.489961992702219e-05,2525,0.0046500813764240876,True
GaussianBudget75M_TOPGrowing,Twain_2023-CAPNF-000275,20230519,4,pyrologix,2,65-55,2023,0.0,0.007094813976436853,1,drone,1,9.489961992702219e-05,1280,0.004270482896715999,True
GaussianBudget75M_TOPGrowing,Twin_2023-CAANF-001960,20230703,17,pyrologix,4,206-88,2023,0.0,0.0019318099366500974,0,drone,1,9.489961992702219e-05,1590,0.004365382516643021,True
GaussianBudget75M_TOPGrowing,Twin_2023-CALNF-004089,20230803,16,pyrologix,10,51-53,2023,0.0,0.0036978140706196427,0,drone,1,9.489961992702219e-05,4190,0.0046500813764240876,True
GaussianBudget75M_TOPGrowing,Tyler_2023-CAKNF-005133,20230626,9,pyrologix,12,21-28,2023,0.0,0.005807859008200467,1,drone,1,9.489961992702219e-05,5160,0.0046500813764240876,True
GaussianBudget75M_TOPGrowing,Ufish_2023-CAKNF-007029,20230816,19,pyrologix,4,21-28,2023,0.0,0.0030318719800561666,0,drone,1,9.489961992702219e-05,1875,0.0046500813764240876,True
GaussianBudget75M_TOPGrowing,Uncle_2023-CAKNF-008107,20230917,19,pyrologix,2,28-32,2023,0.0,0.0022945519303902984,0,drone,1,9.489961992702219e-05,955,0.0046500813764240876,True
GaussianBudget75M_TOPGrowing,Underwood_2023-CASTF-001617,20230817,21,pyrologix,1,105-63,2023,0.0,0.0019155140034854412,0,drone,1,9.489961992702219e-05,505,0.0036061855572268433,True
GaussianBudget75M_TOPGrowing,Upper_2023-CACNF-001655,20230708,15,pyrologix,4,none,2023,0.0,0.002042665029875934,-1,undetected,1,9.489961992702219e-05,0,0.0,False
GaussianBudget75M_TOPGrowing,Upper_2023-CASHF-000983,20230815,14,pyrologix,10,40-29,2023,0.0,0.0028233869234099984,0,drone,1,9.489961992702219e-05,3930,0.0046500813764240876,True
GaussianBudget75M_TOPGrowing,Valencia_2023-CANEU-015694,20230604,18,pyrologix,12,86-54,2023,0.0,0.00490724400151521,0,drone,1,9.489961992702219e-05,4775,0.0046500813764240876,True
GaussianBudget75M_TOPGrowing,Valley_2023-CAKNF-005234,20230628,16,pyrologix,9,21-28,2023,0.0,0.0028181939851492643,0,drone,1,9.489961992702219e-05,3640,0.0046500813764240876,True
GaussianBudget75M_TOPGrowing,Valley_2023-CAMDF-000562,20230818,22,pyrologix,7,none,2023,0.0,0.002015479956753552,-1,undetected,1,9.489961992702219e-05,0,0.0,False
GaussianBudget75M_TOPGrowing,Valley_2023-CAPNF-000709,20230711,18,pyrologix,6,76-51,2023,0.0,0.002737922011874616,0,drone,1,9.489961992702219e-05,2455,0.0046500813764240876,True
GaussianBudget75M_TOPGrowing,Valley_2023-CASHF-000600,20230615,18,pyrologix,12,47-21,2023,0.0,0.002599674044176936,0,drone,1,9.489961992702219e-05,4710,0.0046500813764240876,True
GaussianBudget75M_TOPGrowing,Vann_2023-CAKNF-007350,20230826,20,pyrologix,11,23-23,2023,0.0,0.005586341954767704,1,drone,1,9.489961992702219e-05,4815,0.0046500813764240876,True
GaussianBudget75M_TOPGrowing,Viejas_2023-CACNF-002123,20230807,22,pyrologix,9,none,2023,0.0,0.0021094169933348894,-1,undetected,1,9.489961992702219e-05,0,0.0,False
GaussianBudget75M_TOPGrowing,Viejas_2_2023-CACNF-002645,20230924,15,pyrologix,10,none,2023,0.0,0.002159927971661091,-1,undetected,1,9.489961992702219e-05,0,0.0,False
GaussianBudget75M_TOPGrowing,Vista_2023-CAANF-002138,20230710,22,pyrologix,1,none,2023,0.0,0.002076675998978317,-1,undetected,1,9.489961992702219e-05,0,0.0,False
GaussianBudget75M_TOPGrowing,Vista_2023-CAINF-001907,20231021,20,pyrologix,1,none,2023,0.0,0.0021600750042125583,-1,undetected,1,9.489961992702219e-05,0,0.0,False
GaussianBudget75M_TOPGrowing,Vista_2023-CALAC-216296,20230630,19,pyrologix,3,none,2023,0.0,0.0020433710888028145,-1,undetected,1,9.489961992702219e-05,0,0.0,False
GaussianBudget75M_TOPGrowing,Vista_2023-CASTF-001614,20230817,19,pyrologix,1,108-64,2023,0.0,0.002592662931419909,0,drone,1,9.489961992702219e-05,685,0.0046500813764240876,True
GaussianBudget75M_TOPGrowing,Vogel_2023-CAANF-001973,20230703,17,pyrologix,8,none,2023,0.0,0.0020411970326676965,-1,undetected,1,9.489961992702219e-05,0,0.0,False
GaussianBudget75M_TOPGrowing,Vogel_2023-CALAC-220317,20230703,17,pyrologix,9,none,2023,0.0,0.0021706169936805964,-1,undetected,1,9.489961992702219e-05,0,0.0,False
GaussianBudget75M_TOPGrowing,Volcano_2023-CASHU-001661,20230215,14,pyrologix,2,44-54,2023,0.0,0.0042044989531859756,0,drone,1,9.489961992702219e-05,950,0.0046500813764240876,True
GaussianBudget75M_TOPGrowing,Votaw_2023-CAENF-022401,20230816,19,pyrologix,11,105-63,2023,0.0,0.005712497979402542,1,drone,1,9.489961992702219e-05,4750,0.0046500813764240876,True
GaussianBudget75M_TOPGrowing,Wagner_2023-CAMMU-020253,20230910,21,pyrologix,1,122-61,2023,0.0,0.005150918965227902,1,drone,1,9.489961992702219e-05,1055,0.0046500813764240876,True
GaussianBudget75M_TOPGrowing,Wagon_2_2023-CAANF-233724,20231110,20,pyrologix,1,none,2023,0.0,0.002214092994108796,-1,undetected,1,9.489961992702219e-05,0,0.0,False
GaussianBudget75M_TOPGrowing,Wall_2023-CATNF-000797,20230624,12,pyrologix,9,87-59,2023,0.0,0.003920590039342642,0,drone,1,9.489961992702219e-05,3780,0.0046500813764240876,True
GaussianBudget75M_TOPGrowing,Walls_2023-CANEU-018722,20230703,17,pyrologix,7,80-58,2023,0.0,0.009708438999950886,1,drone,1,9.489961992702219e-05,3235,0.0046500813764240876,True
GaussianBudget75M_TOPGrowing,Walter_2023-CALAC-272893,20230813,1,pyrologix,10,none,2023,0.0,0.0019508469849824905,-1,undetected,1,9.489961992702219e-05,0,0.0,False
GaussianBudget75M_TOPGrowing,Wash_2023-CABDF-012288,20230913,22,pyrologix,12,206-88,2023,0.0,0.006803266005590558,1,drone,1,9.489961992702219e-05,5215,0.004460282136570043,True
GaussianBudget75M_TOPGrowing,Waterhouse_2023-CASTF-001923,20230909,20,pyrologix,7,108-64,2023,0.0,0.004996743984520435,1,drone,1,9.489961992702219e-05,3250,0.0046500813764240876,True
GaussianBudget75M_TOPGrowing,Waterman_2023-CASHF-000540,20230606,3,pyrologix,2,42-41,2023,0.0,0.003949914942495525,1,drone,1,9.489961992702219e-05,1305,0.004365382516643021,True
GaussianBudget75M_TOPGrowing,Watson_2023-CATMU-028805,20231019,21,pyrologix,4,none,2023,0.0,0.002039237995631993,-1,undetected,1,9.489961992702219e-05,0,0.0,False
GaussianBudget75M_TOPGrowing,Way_2023-CALPF-002417,20230825,20,pyrologix,9,none,2023,0.0,0.002081327955238521,-1,undetected,1,9.489961992702219e-05,0,0.0,False
GaussianBudget75M_TOPGrowing,Weaver_2023-CASHU-007652,20230715,18,pyrologix,11,40-29,2023,0.0,0.0038658210542052984,0,drone,1,9.489961992702219e-05,4465,0.0046500813764240876,True
GaussianBudget75M_TOPGrowing,Webber_2023-CATNF-001274,20230814,23,pyrologix,2,80-65,2023,0.0,0.005294691072776914,1,drone,1,9.489961992702219e-05,1440,0.0046500813764240876,True
GaussianBudget75M_TOPGrowing,Weber_2023-CASHF-000689,20230628,0,pyrologix,1,40-29,2023,0.0,0.0014108229661360383,0,drone,1,9.489961992702219e-05,440,0.003511285937299821,True
GaussianBudget75M_TOPGrowing,Wemple_2023-CAPNF-000406,20230605,17,pyrologix,8,63-64,2023,0.0,0.007695109001360834,0,drone,1,9.489961992702219e-05,3390,0.0046500813764240876,True
GaussianBudget75M_TOPGrowing,Wentworth_2023-CAENF-023260,20230824,20,pyrologix,9,90-60,2023,0.0,0.0053660380654037,1,drone,1,9.489961992702219e-05,4000,0.0046500813764240876,True
GaussianBudget75M_TOPGrowing,West_2023-CAANF-233948,20231202,15,pyrologix,8,none,2023,0.0,0.00205433601513505,-1,undetected,1,9.489961992702219e-05,0,0.0,False
GaussianBudget75M_TOPGrowing,West_2023-CASHF-001013,20230818,9,pyrologix,9,35-36,2023,0.0,0.0049178480403497815,0,drone,1,9.489961992702219e-05,3620,0.0046500813764240876,True
GaussianBudget75M_TOPGrowing,Western_2023-CABDF-010700,20230728,14,pyrologix,11,206-88,2023,0.0,0.002953908988274634,0,drone,1,9.489961992702219e-05,4350,0.004460282136570043,True
GaussianBudget75M_TOPGrowing,Wheeler_2023-CAINF-001307,20230813,4,pyrologix,11,none,2023,0.0,0.0019861250184476376,-1,undetected,1,9.489961992702219e-05,0,0.0,False
GaussianBudget75M_TOPGrowing,Whiskey_2023-CAKNF-007181,20230821,19,pyrologix,12,21-28,2023,0.0,0.005655817920342088,1,drone,1,9.489961992702219e-05,5125,0.0046500813764240876,True
GaussianBudget75M_TOPGrowing,Whit_2023-CASTF-001582,20230815,22,pyrologix,2,105-63,2023,0.0,0.004560098983347416,1,drone,1,9.489961992702219e-05,1315,0.0046500813764240876,True
GaussianBudget75M_TOPGrowing,Whitaker_2023-CALAC-325637,20230923,1,pyrologix,1,none,2023,0.0,0.002229353995062411,-1,undetected,1,9.489961992702219e-05,0,0.0,False
GaussianBudget75M_TOPGrowing,White_2023-CASKU-006984,20230815,21,pyrologix,2,37-52,2023,0.0,0.0034375059185549617,0,drone,1,9.489961992702219e-05,965,0.0046500813764240876,True
GaussianBudget75M_TOPGrowing,Whitlow_2023-CASHF-000977,20230815,11,pyrologix,9,42-41,2023,0.0,0.0027126589557155967,0,drone,1,9.489961992702219e-05,3680,0.0046500813764240876,True
GaussianBudget75M_TOPGrowing,Whitney_2023-CAINF-001878,20231016,22,pyrologix,7,none,2023,0.0,0.002164438017643988,-1,undetected,1,9.489961992702219e-05,0,0.0,False
GaussianBudget75M_TOPGrowing,Whitney_2023-CASHF-000753,20230706,0,pyrologix,10,28-45,2023,0.0,0.0047463790979236364,0,drone,1,9.489961992702219e-05,3860,0.0046500813764240876,True
GaussianBudget75M_TOPGrowing,Wilcox_2023-CAPNF-001380,20230919,12,pyrologix,12,63-64,2023,0.0,0.004534390056505799,0,drone,1,9.489961992702219e-05,4955,0.0046500813764240876,True
GaussianBudget75M_TOPGrowing,Wild_2023-CABDF-010665,20230727,17,pyrologix,11,225-101,2023,0.0,0.00671496894210577,1,drone,1,9.489961992702219e-05,4970,0.0046500813764240876,True
GaussianBudget75M_TOPGrowing,Wildcat_2023-CAPNF-000490,20230614,16,pyrologix,2,63-64,2023,0.0,0.0019318980630487204,0,drone,1,9.489961992702219e-05,890,0.004460282136570043,True
GaussianBudget75M_TOPGrowing,Wildcat_2023-CASHF-001011,20230818,4,pyrologix,7,35-36,2023,0.0,0.003209383925423026,0,drone,1,9.489961992702219e-05,2910,0.0046500813764240876,True
GaussianBudget75M_TOPGrowing,Wildcat_2023-CASNF-000555,20230617,23,pyrologix,11,146-69,2023,0.0,0.006024006986990571,0,drone,1,9.489961992702219e-05,4365,0.004270482896715999,True
GaussianBudget75M_TOPGrowing,Wildwood_2023-CASHF-000646,20230622,5,pyrologix,4,47-27,2023,0.0,0.0033190350513905287,0,drone,1,9.489961992702219e-05,1850,0.0046500813764240876,True
GaussianBudget75M_TOPGrowing,Wilfred_2023-CAINF-001084,20230721,0,pyrologix,8,none,2023,0.0,0.0020597659749910235,-1,undetected,1,9.489961992702219e-05,0,0.0,False
GaussianBudget75M_TOPGrowing,Williams_2023-CAPNF-000848,20230801,15,pyrologix,9,72-57,2023,0.0,0.009226027992554009,2,drone,1,9.489961992702219e-05,4485,0.0046500813764240876,True
GaussianBudget75M_TOPGrowing,Willow_2023-CAKNF-004131,20230529,14,pyrologix,4,21-49,2023,0.0,0.0036817570216953754,0,drone,1,9.489961992702219e-05,1685,0.003795984797080888,True
GaussianBudget75M_TOPGrowing,Willow_2023-CALNF-004262,20230812,15,pyrologix,5,58-54,2023,0.0,0.0020070760510861874,0,drone,1,9.489961992702219e-05,1990,0.004555181756497065,True
GaussianBudget75M_TOPGrowing,Willow_2023-CAMDF-000586,20230819,20,pyrologix,10,48-67,2023,0.0,0.0076745799742639065,0,drone,1,9.489961992702219e-05,4245,0.0046500813764240876,True
GaussianBudget75M_TOPGrowing,Willow_2023-CAMDF-000932,20230919,20,pyrologix,10,none,2023,0.0,0.002108002081513405,-1,undetected,1,9.489961992702219e-05,0,0.0,False
GaussianBudget75M_TOPGrowing,Willow_2023-CASQF-002141,20230930,22,pyrologix,4,172-74,2023,0.0,0.002526839030906558,0,drone,1,9.489961992702219e-05,1700,0.0046500813764240876,True
GaussianBudget75M_TOPGrowing,Willow_2023-CASRF-000519,20230612,21,pyrologix,4,35-16,2023,0.0,0.004335022997111082,1,drone,1,9.489961992702219e-05,2095,0.0046500813764240876,True
GaussianBudget75M_TOPGrowing,Wimer_2023-CASRF-001057,20230825,13,pyrologix,12,none,2023,0.0,0.0021322990069165826,-1,undetected,1,9.489961992702219e-05,0,0.0,False
GaussianBudget75M_TOPGrowing,Woodchopper_2023-CAKNF-004638,20230612,14,pyrologix,12,21-42,2023,0.0,0.0038159460527822375,0,drone,1,9.489961992702219e-05,4940,0.0046500813764240876,True
GaussianBudget75M_TOPGrowing,Woodchuck_2023-CATNF-001500,20230915,18,pyrologix,4,87-59,2023,0.0,0.00312830600887537,0,drone,1,9.489961992702219e-05,1860,0.0046500813764240876,True
GaussianBudget75M_TOPGrowing,Wooded_2023-CACNF-000705,20230409,23,pyrologix,1,none,2023,0.0,0.002051600022241473,-1,undetected,1,9.489961992702219e-05,0,0.0,False
GaussianBudget75M_TOPGrowing,Woods_2023-CASHF-000928,20230807,16,pyrologix,2,49-41,2023,0.0,0.003972674021497369,0,drone,1,9.489961992702219e-05,965,0.004460282136570043,True
GaussianBudget75M_TOPGrowing,Woodtick_2023-CASRF-000531,20230614,21,pyrologix,2,27-19,2023,0.0,0.0031364309834316373,0,drone,1,9.489961992702219e-05,975,0.004555181756497065,True
GaussianBudget75M_TOPGrowing,Work_2023-CAANF-002022,20230705,2,pyrologix,7,none,2023,0.0,0.002047027926892042,-1,undetected,1,9.489961992702219e-05,0,0.0,False
GaussianBudget75M_TOPGrowing,Yankee_2023-CASQF-000539,20230515,13,pyrologix,7,171-80,2023,0.0,0.011015544063411653,1,drone,1,9.489961992702219e-05,3405,0.0046500813764240876,True
GaussianBudget75M_TOPGrowing,Yellow_2023-CASKU-005548,20230706,21,pyrologix,11,28-45,2023,0.0,0.004180460004135966,0,drone,1,9.489961992702219e-05,4535,0.0046500813764240876,True
GaussianBudget75M_TOPGrowing,Young_2023-CAMDF-000198,20230530,0,pyrologix,2,none,2023,0.0,0.002029869006946683,-1,undetected,1,9.489961992702219e-05,0,0.0,False
GaussianBudget75M_TOPGrowing,Yreka_2023-CASKU-004527,20230609,22,pyrologix,1,21-42,2023,0.0,0.002462428994476795,0,drone,1,9.489961992702219e-05,610,0.004555181756497065,True
GaussianBudget75M_TOPGrowing,Zot_2023-CASHF-000494,20230528,19,pyrologix,7,34-50,2023,0.0,0.003954375977627933,0,drone,1,9.489961992702219e-05,2860,0.0046500813764240876,True
