source_run_tag,source_csv,strategy_combo,scenario_name,date,sim_start_hour,log_key,offset,cluster,delta_t,device,fire_size_cells,fire_size_percentage,total_distance_traveled,percentage_map_explored,routed
20M_MaxCov,benchmark_results_yearly_20260412_084333.csv,GaussianBudget20M_MaxCov,BEAR_2021-CAENF-022077,20210730,20,pyrologix,9,none,-1,undetected,1,9.489961992702219e-05,0,0.0,False
20M_MaxCov,benchmark_results_yearly_20260412_084333.csv,GaussianBudget20M_MaxCov,BIG_PINE_2021-CABDF-018139,20211127,17,pyrologix,9,none,-1,undetected,1,9.489961992702219e-05,0,0.0,False
20M_MaxCov,benchmark_results_yearly_20260412_084333.csv,GaussianBudget20M_MaxCov,BLOOMFIELD_2021-CASTF-001865,20210729,18,pyrologix,4,none,-1,undetected,1,9.489961992702219e-05,0,0.0,False
20M_MaxCov,benchmark_results_yearly_20260412_084333.csv,GaussianBudget20M_MaxCov,BORDER_2021-CAMDF-000575,20210622,11,pyrologix,7,none,-1,undetected,1,9.489961992702219e-05,0,0.0,False
20M_MaxCov,benchmark_results_yearly_20260412_084333.csv,GaussianBudget20M_MaxCov,BOX_2021-CAMDF-001391,20210811,16,pyrologix,2,none,-1,undetected,1,9.489961992702219e-05,0,0.0,False
20M_MaxCov,benchmark_results_yearly_20260412_084333.csv,GaussianBudget20M_MaxCov,BRANCH_2021-CAKNF-006399,20210731,15,pyrologix,2,none,-1,undetected,1,9.489961992702219e-05,0,0.0,False
20M_MaxCov,benchmark_results_yearly_20260412_084333.csv,GaussianBudget20M_MaxCov,BROWNES_2021-CASTF-000628,20210428,16,pyrologix,9,116-60,0,drone,1,9.489961992702219e-05,3585,0.0046500813764240876,True
20M_MaxCov,benchmark_results_yearly_20260412_084333.csv,GaussianBudget20M_MaxCov,BUCKSKIN_2021-CAENF-020954,20210719,18,pyrologix,6,102-57,1,drone,1,9.489961992702219e-05,2650,0.0046500813764240876,True
20M_MaxCov,benchmark_results_yearly_20260412_084333.csv,GaussianBudget20M_MaxCov,Beskeen__2021-CAPNF-000184,20210226,16,pyrologix,11,67-55,0,drone,1,9.489961992702219e-05,4115,0.0046500813764240876,True
20M_MaxCov,benchmark_results_yearly_20260412_084333.csv,GaussianBudget20M_MaxCov,CAMPUS_2021-CABDF-012440,20210817,18,pyrologix,6,none,-1,undetected,1,9.489961992702219e-05,0,0.0,False
20M_MaxCov,benchmark_results_yearly_20260412_084333.csv,GaussianBudget20M_MaxCov,CARSON_2021-CAENF-013467,20210518,14,pyrologix,11,none,-1,undetected,1,9.489961992702219e-05,0,0.0,False
20M_MaxCov,benchmark_results_yearly_20260412_084333.csv,GaussianBudget20M_MaxCov,CENTER_2021-CABDF-005836,20210401,0,pyrologix,4,none,-1,undetected,1,9.489961992702219e-05,0,0.0,False
20M_MaxCov,benchmark_results_yearly_20260412_084333.csv,GaussianBudget20M_MaxCov,CHECK_2021-CABDF-012207,20210812,20,pyrologix,3,none,-1,undetected,1,9.489961992702219e-05,0,0.0,False
20M_MaxCov,benchmark_results_yearly_20260412_084333.csv,GaussianBudget20M_MaxCov,CLEGHORN_2021-CABDF-001345,20210118,19,pyrologix,2,none,-1,undetected,1,9.489961992702219e-05,0,0.0,False
20M_MaxCov,benchmark_results_yearly_20260412_084333.csv,GaussianBudget20M_MaxCov,CLOUD_2021-CABDF-009443,20210613,21,pyrologix,6,none,-1,undetected,1,9.489961992702219e-05,0,0.0,False
20M_MaxCov,benchmark_results_yearly_20260412_084333.csv,GaussianBudget20M_MaxCov,COYOTE_2021-CARRU-073166,20210602,19,pyrologix,11,none,-1,undetected,1,9.489961992702219e-05,0,0.0,False
20M_MaxCov,benchmark_results_yearly_20260412_084333.csv,GaussianBudget20M_MaxCov,CROSSING_2021-CAINF-000543,20210410,13,pyrologix,12,none,-1,undetected,1,9.489961992702219e-05,0,0.0,False
20M_MaxCov,benchmark_results_yearly_20260412_084333.csv,GaussianBudget20M_MaxCov,CROWDER_2021-CAMDF-000588,20210622,18,pyrologix,11,none,-1,undetected,1,9.489961992702219e-05,0,0.0,False
20M_MaxCov,benchmark_results_yearly_20260412_084333.csv,GaussianBudget20M_MaxCov,CUDDY_2021-CALPF-000993,20210504,14,pyrologix,8,none,-1,undetected,1,9.489961992702219e-05,0,0.0,False
20M_MaxCov,benchmark_results_yearly_20260412_084333.csv,GaussianBudget20M_MaxCov,Corte_Madera_2021-CACNF-000407,20210206,16,pyrologix,6,none,-1,undetected,1,9.489961992702219e-05,0,0.0,False
20M_MaxCov,benchmark_results_yearly_20260412_084333.csv,GaussianBudget20M_MaxCov,DALE_2021-CASHF-000975,20210629,22,pyrologix,4,none,-1,undetected,1,9.489961992702219e-05,0,0.0,False
20M_MaxCov,benchmark_results_yearly_20260412_084333.csv,GaussianBudget20M_MaxCov,DEXTER_2021-CAINF-001695,20210712,11,pyrologix,12,none,-1,undetected,1,9.489961992702219e-05,0,0.0,False
20M_MaxCov,benchmark_results_yearly_20260412_084333.csv,GaussianBudget20M_MaxCov,DUSY_2021-CASNF-001231,20210811,16,pyrologix,10,none,-1,undetected,1,9.489961992702219e-05,0,0.0,False
20M_MaxCov,benchmark_results_yearly_20260412_084333.csv,GaussianBudget20M_MaxCov,EAST_2021-CASHF-000646,20210520,20,pyrologix,10,43-25,0,drone,1,9.489961992702219e-05,3615,0.0046500813764240876,True
20M_MaxCov,benchmark_results_yearly_20260412_084333.csv,GaussianBudget20M_MaxCov,FAWN_2021-CASHU-010480,20210922,18,pyrologix,12,none,-1,undetected,1,9.489961992702219e-05,0,0.0,False
20M_MaxCov,benchmark_results_yearly_20260412_084333.csv,GaussianBudget20M_MaxCov,FLAT_2021-CASHF-000907,20210621,20,pyrologix,3,none,-1,undetected,1,9.489961992702219e-05,0,0.0,False
20M_MaxCov,benchmark_results_yearly_20260412_084333.csv,GaussianBudget20M_MaxCov,FOX_2021-CALNF-002007,20210422,22,pyrologix,4,none,-1,undetected,1,9.489961992702219e-05,0,0.0,False
20M_MaxCov,benchmark_results_yearly_20260412_084333.csv,GaussianBudget20M_MaxCov,GAGGS_2021-CASNF-001725,20211010,12,pyrologix,8,none,-1,undetected,1,9.489961992702219e-05,0,0.0,False
20M_MaxCov,benchmark_results_yearly_20260412_084333.csv,GaussianBudget20M_MaxCov,GINGER_BREAD_2021-CABDF-018471,20211129,19,pyrologix,3,none,-1,undetected,1,9.489961992702219e-05,0,0.0,False
20M_MaxCov,benchmark_results_yearly_20260412_084333.csv,GaussianBudget20M_MaxCov,GOBBI_2021-CAENF-023392,20210809,15,pyrologix,12,none,-1,undetected,1,9.489961992702219e-05,0,0.0,False
20M_MaxCov,benchmark_results_yearly_20260412_084333.csv,GaussianBudget20M_MaxCov,GRAND_VIEW_2021-CABDF-012129,20210810,20,pyrologix,5,none,-1,undetected,1,9.489961992702219e-05,0,0.0,False
20M_MaxCov,benchmark_results_yearly_20260412_084333.csv,GaussianBudget20M_MaxCov,GRAVEYARD_2021-CAANF-002217,20210626,7,pyrologix,11,none,-1,undetected,1,9.489961992702219e-05,0,0.0,False
20M_MaxCov,benchmark_results_yearly_20260412_084333.csv,GaussianBudget20M_MaxCov,GUM__2021-CASTF-001887,20210730,14,pyrologix,8,none,-1,undetected,1,9.489961992702219e-05,0,0.0,False
20M_MaxCov,benchmark_results_yearly_20260412_084333.csv,GaussianBudget20M_MaxCov,Grizzly_2021-CAPNF-000697,20210529,16,pyrologix,11,74-61,1,drone,1,9.489961992702219e-05,4150,0.0046500813764240876,True
20M_MaxCov,benchmark_results_yearly_20260412_084333.csv,GaussianBudget20M_MaxCov,H-5_CINDER_2021-CALNF-002519,20210516,21,pyrologix,4,47-49,1,drone,1,9.489961992702219e-05,1880,0.0046500813764240876,True
20M_MaxCov,benchmark_results_yearly_20260412_084333.csv,GaussianBudget20M_MaxCov,HARRIS_2021-CATNF-001509,20210803,13,pyrologix,11,none,-1,undetected,1,9.489961992702219e-05,0,0.0,False
20M_MaxCov,benchmark_results_yearly_20260412_084333.csv,GaussianBudget20M_MaxCov,HILL_2021-CASHF-000537,20210504,18,pyrologix,4,37-43,3,drone,1,9.489961992702219e-05,3120,0.0046500813764240876,True
20M_MaxCov,benchmark_results_yearly_20260412_084333.csv,GaussianBudget20M_MaxCov,HILTON_2021-CAINF-001144,20210608,18,pyrologix,5,none,-1,undetected,1,9.489961992702219e-05,0,0.0,False
20M_MaxCov,benchmark_results_yearly_20260412_084333.csv,GaussianBudget20M_MaxCov,HOME_2021-CATMU-027066,20210911,21,pyrologix,7,none,-1,undetected,1,9.489961992702219e-05,0,0.0,False
20M_MaxCov,benchmark_results_yearly_20260412_084333.csv,GaussianBudget20M_MaxCov,HORSE_2021-CASQF-003069,20210910,10,pyrologix,11,none,-1,undetected,1,9.489961992702219e-05,0,0.0,False
20M_MaxCov,benchmark_results_yearly_20260412_084333.csv,GaussianBudget20M_MaxCov,HWY_18____HWY_189_2021-CABDU-017482,20211203,10,pyrologix,3,none,-1,undetected,1,9.489961992702219e-05,0,0.0,False
20M_MaxCov,benchmark_results_yearly_20260412_084333.csv,GaussianBudget20M_MaxCov,Hart_2021-CAPNF-001527,20210809,15,pyrologix,6,74-53,0,drone,1,9.489961992702219e-05,2215,0.0046500813764240876,True
20M_MaxCov,benchmark_results_yearly_20260412_084333.csv,GaussianBudget20M_MaxCov,INTERSTATE_2021-CAANF-002677,20210719,18,pyrologix,11,none,-1,undetected,1,9.489961992702219e-05,0,0.0,False
20M_MaxCov,benchmark_results_yearly_20260412_084333.csv,GaussianBudget20M_MaxCov,Ingalls_2021-CAPNF-001370,20210730,15,pyrologix,5,67-62,0,drone,1,9.489961992702219e-05,2070,0.0046500813764240876,True
20M_MaxCov,benchmark_results_yearly_20260412_084333.csv,GaussianBudget20M_MaxCov,JENNESS__2021-CASTF-002065,20210807,22,pyrologix,3,109-61,0,drone,1,9.489961992702219e-05,1305,0.0046500813764240876,True
20M_MaxCov,benchmark_results_yearly_20260412_084333.csv,GaussianBudget20M_MaxCov,JULY_2021-CAKNF-003631,20210515,13,pyrologix,12,32-27,0,drone,1,9.489961992702219e-05,4330,0.0046500813764240876,True
20M_MaxCov,benchmark_results_yearly_20260412_084333.csv,GaussianBudget20M_MaxCov,Jordan_2021-CAPNF-000609,20210515,13,pyrologix,6,71-69,0,drone,1,9.489961992702219e-05,2430,0.0046500813764240876,True
20M_MaxCov,benchmark_results_yearly_20260412_084333.csv,GaussianBudget20M_MaxCov,KELLY__2021-CAMDF-001437,20210813,23,pyrologix,5,none,-1,undetected,1,9.489961992702219e-05,0,0.0,False
20M_MaxCov,benchmark_results_yearly_20260412_084333.csv,GaussianBudget20M_MaxCov,Kessler_2021-CAPNF-001359,20210730,20,pyrologix,12,67-62,0,drone,1,9.489961992702219e-05,4580,0.0046500813764240876,True
20M_MaxCov,benchmark_results_yearly_20260412_084333.csv,GaussianBudget20M_MaxCov,L-1_WIDOW_2021-CALNF-002521,20210516,21,pyrologix,6,none,-1,undetected,1,9.489961992702219e-05,0,0.0,False
20M_MaxCov,benchmark_results_yearly_20260412_084333.csv,GaussianBudget20M_MaxCov,LITTLE_MARBLE_2021-CAKNF-007809,20210908,11,pyrologix,8,none,-1,undetected,1,9.489961992702219e-05,0,0.0,False
20M_MaxCov,benchmark_results_yearly_20260412_084333.csv,GaussianBudget20M_MaxCov,LONG_2021-CAKNF-006470,20210801,21,pyrologix,4,none,-1,undetected,1,9.489961992702219e-05,0,0.0,False
20M_MaxCov,benchmark_results_yearly_20260412_084333.csv,GaussianBudget20M_MaxCov,LOONEY_2021-CASTF-000755,20210516,23,pyrologix,12,116-60,-1,undetected,1,9.489961992702219e-05,5000,0.0046500813764240876,True
20M_MaxCov,benchmark_results_yearly_20260412_084333.csv,GaussianBudget20M_MaxCov,MAPLE_2021-CAMDF-000589,20210623,20,pyrologix,9,none,-1,undetected,1,9.489961992702219e-05,0,0.0,False
20M_MaxCov,benchmark_results_yearly_20260412_084333.csv,GaussianBudget20M_MaxCov,Maddalena_2021-CAPNF-000902,20210623,18,pyrologix,11,71-69,0,drone,1,9.489961992702219e-05,4210,0.0046500813764240876,True
20M_MaxCov,benchmark_results_yearly_20260412_084333.csv,GaussianBudget20M_MaxCov,Mayfair_2021-CASRF-000613,20210724,18,pyrologix,9,36-20,0,drone,1,9.489961992702219e-05,3470,0.0046500813764240876,True
20M_MaxCov,benchmark_results_yearly_20260412_084333.csv,GaussianBudget20M_MaxCov,McCash_2021-CASRF-000651,20210801,0,pyrologix,5,none,-1,undetected,1,9.489961992702219e-05,0,0.0,False
20M_MaxCov,benchmark_results_yearly_20260412_084333.csv,GaussianBudget20M_MaxCov,OAK_2021-CABDF-001348,20210118,16,pyrologix,9,none,-1,undetected,1,9.489961992702219e-05,0,0.0,False
20M_MaxCov,benchmark_results_yearly_20260412_084333.csv,GaussianBudget20M_MaxCov,Oaks_2021-CACNF-001438,20210523,20,pyrologix,7,none,-1,undetected,1,9.489961992702219e-05,0,0.0,False
20M_MaxCov,benchmark_results_yearly_20260412_084333.csv,GaussianBudget20M_MaxCov,Ozena_2021-CALPF-002505,20210909,13,pyrologix,1,none,-1,undetected,1,9.489961992702219e-05,0,0.0,False
20M_MaxCov,benchmark_results_yearly_20260412_084333.csv,GaussianBudget20M_MaxCov,PASS_2021-CAINF-001475,20210630,12,pyrologix,9,none,-1,undetected,1,9.489961992702219e-05,0,0.0,False
20M_MaxCov,benchmark_results_yearly_20260412_084333.csv,GaussianBudget20M_MaxCov,PIGEON__2021-CAANF-003180,20210827,22,pyrologix,5,none,-1,undetected,1,9.489961992702219e-05,0,0.0,False
20M_MaxCov,benchmark_results_yearly_20260412_084333.csv,GaussianBudget20M_MaxCov,PINE_2021-CAANF-001466,20210512,17,pyrologix,8,none,-1,undetected,1,9.489961992702219e-05,0,0.0,False
20M_MaxCov,benchmark_results_yearly_20260412_084333.csv,GaussianBudget20M_MaxCov,PINE_2021-CATNF-001262,20210705,3,pyrologix,4,88-57,0,drone,1,9.489961992702219e-05,1540,0.0046500813764240876,True
20M_MaxCov,benchmark_results_yearly_20260412_084333.csv,GaussianBudget20M_MaxCov,PONDEROSA_2021-CASQF-000955,20210508,19,pyrologix,4,none,-1,undetected,1,9.489961992702219e-05,0,0.0,False
20M_MaxCov,benchmark_results_yearly_20260412_084333.csv,GaussianBudget20M_MaxCov,PONY_2021-CABDF-010399,20210703,22,pyrologix,1,none,-1,undetected,1,9.489961992702219e-05,0,0.0,False
20M_MaxCov,benchmark_results_yearly_20260412_084333.csv,GaussianBudget20M_MaxCov,PREACHER_2021-CAKNF-006498,20210802,17,pyrologix,1,none,-1,undetected,1,9.489961992702219e-05,0,0.0,False
20M_MaxCov,benchmark_results_yearly_20260412_084333.csv,GaussianBudget20M_MaxCov,Penney_2021-CASHF-000836,20210610,14,pyrologix,7,none,-1,undetected,1,9.489961992702219e-05,0,0.0,False
20M_MaxCov,benchmark_results_yearly_20260412_084333.csv,GaussianBudget20M_MaxCov,Pond_2021-CASHF-001598,20211130,21,pyrologix,4,37-43,1,drone,1,9.489961992702219e-05,2245,0.0046500813764240876,True
20M_MaxCov,benchmark_results_yearly_20260412_084333.csv,GaussianBudget20M_MaxCov,Portola__2021-CAPNF-000856,20210618,20,pyrologix,5,74-61,1,drone,1,9.489961992702219e-05,2290,0.004555181756497065,True
20M_MaxCov,benchmark_results_yearly_20260412_084333.csv,GaussianBudget20M_MaxCov,RAPTOR_2021-CABDF-012984,20210901,17,pyrologix,6,none,-1,undetected,1,9.489961992702219e-05,0,0.0,False
20M_MaxCov,benchmark_results_yearly_20260412_084333.csv,GaussianBudget20M_MaxCov,RAYS_2021-CAENF-013393,20210517,19,pyrologix,5,none,-1,undetected,1,9.489961992702219e-05,0,0.0,False
20M_MaxCov,benchmark_results_yearly_20260412_084333.csv,GaussianBudget20M_MaxCov,RED_2021-CAINF-001804,20210720,1,pyrologix,4,none,-1,undetected,1,9.489961992702219e-05,0,0.0,False
20M_MaxCov,benchmark_results_yearly_20260412_084333.csv,GaussianBudget20M_MaxCov,REFUGE_2021-CAMDF-000609,20210624,17,pyrologix,11,none,-1,undetected,1,9.489961992702219e-05,0,0.0,False
20M_MaxCov,benchmark_results_yearly_20260412_084333.csv,GaussianBudget20M_MaxCov,RICE_2021-CAMDF-001543,20210816,9,pyrologix,12,none,-1,undetected,1,9.489961992702219e-05,0,0.0,False
20M_MaxCov,benchmark_results_yearly_20260412_084333.csv,GaussianBudget20M_MaxCov,ROUND_2021-CAMDF-000607,20210624,17,pyrologix,3,none,-1,undetected,1,9.489961992702219e-05,0,0.0,False
20M_MaxCov,benchmark_results_yearly_20260412_084333.csv,GaussianBudget20M_MaxCov,Rocky_2021-CACNF-001400,20210521,21,pyrologix,8,none,-1,undetected,1,9.489961992702219e-05,0,0.0,False
20M_MaxCov,benchmark_results_yearly_20260412_084333.csv,GaussianBudget20M_MaxCov,Rubicon_2021-CAENF-028647,20210925,22,pyrologix,4,95-57,1,drone,1,9.489961992702219e-05,1825,0.0046500813764240876,True
20M_MaxCov,benchmark_results_yearly_20260412_084333.csv,GaussianBudget20M_MaxCov,SANTA_2021-CAANF-004490,20211230,20,pyrologix,7,none,-1,undetected,1,9.489961992702219e-05,0,0.0,False
20M_MaxCov,benchmark_results_yearly_20260412_084333.csv,GaussianBudget20M_MaxCov,SAPP_2021-CASTF-001710,20210718,12,pyrologix,10,109-61,0,drone,1,9.489961992702219e-05,3720,0.0046500813764240876,True
20M_MaxCov,benchmark_results_yearly_20260412_084333.csv,GaussianBudget20M_MaxCov,SAW_2021-CAINF-001447,20210629,0,pyrologix,3,none,-1,undetected,1,9.489961992702219e-05,0,0.0,False
20M_MaxCov,benchmark_results_yearly_20260412_084333.csv,GaussianBudget20M_MaxCov,SCENIC_2021-CACDD-009987,20210625,20,pyrologix,8,none,-1,undetected,1,9.489961992702219e-05,0,0.0,False
20M_MaxCov,benchmark_results_yearly_20260412_084333.csv,GaussianBudget20M_MaxCov,SKY_2021-CALNF-003531,20210627,18,pyrologix,11,none,-1,undetected,1,9.489961992702219e-05,0,0.0,False
20M_MaxCov,benchmark_results_yearly_20260412_084333.csv,GaussianBudget20M_MaxCov,SLEIGHVILLE_2021-CATNF-000722,20210512,21,pyrologix,3,81-55,0,drone,1,9.489961992702219e-05,1375,0.004555181756497065,True
20M_MaxCov,benchmark_results_yearly_20260412_084333.csv,GaussianBudget20M_MaxCov,SOUTH_2021-CAKNF-004388,20210606,19,pyrologix,9,none,-1,undetected,1,9.489961992702219e-05,0,0.0,False
20M_MaxCov,benchmark_results_yearly_20260412_084333.csv,GaussianBudget20M_MaxCov,SPRINGS_2021-CAANF-001067,20210405,18,pyrologix,10,none,-1,undetected,1,9.489961992702219e-05,0,0.0,False
20M_MaxCov,benchmark_results_yearly_20260412_084333.csv,GaussianBudget20M_MaxCov,SPRUCE_2021-CABDF-012448,20210817,18,pyrologix,5,none,-1,undetected,1,9.489961992702219e-05,0,0.0,False
20M_MaxCov,benchmark_results_yearly_20260412_084333.csv,GaussianBudget20M_MaxCov,STATE_2021-CAANF-004208,20211125,22,pyrologix,10,none,-1,undetected,1,9.489961992702219e-05,0,0.0,False
20M_MaxCov,benchmark_results_yearly_20260412_084333.csv,GaussianBudget20M_MaxCov,SUGAR_3_2021-CAMDF-000434,20210529,22,pyrologix,5,none,-1,undetected,1,9.489961992702219e-05,0,0.0,False
20M_MaxCov,benchmark_results_yearly_20260412_084333.csv,GaussianBudget20M_MaxCov,SUMMIT_2021-CATNF-001568,20210812,22,pyrologix,3,none,-1,undetected,1,9.489961992702219e-05,0,0.0,False
20M_MaxCov,benchmark_results_yearly_20260412_084333.csv,GaussianBudget20M_MaxCov,Stanshaw_2021-CASRF-000187,20210404,16,pyrologix,12,none,-1,undetected,1,9.489961992702219e-05,0,0.0,False
20M_MaxCov,benchmark_results_yearly_20260412_084333.csv,GaussianBudget20M_MaxCov,TELEPHONE_2021-CAKNF-005027,20210625,4,pyrologix,7,none,-1,undetected,1,9.489961992702219e-05,0,0.0,False
20M_MaxCov,benchmark_results_yearly_20260412_084333.csv,GaussianBudget20M_MaxCov,TEMPLIN_2021-CAANF-000022,20210102,17,pyrologix,7,none,-1,undetected,1,9.489961992702219e-05,0,0.0,False
20M_MaxCov,benchmark_results_yearly_20260412_084333.csv,GaussianBudget20M_MaxCov,TOOLBOX_2021-CABDF-016095,20211031,17,pyrologix,1,none,-1,undetected,1,9.489961992702219e-05,0,0.0,False
20M_MaxCov,benchmark_results_yearly_20260412_084333.csv,GaussianBudget20M_MaxCov,Three__2021-CASRF-000205,20210415,23,pyrologix,8,none,-1,undetected,1,9.489961992702219e-05,0,0.0,False
20M_MaxCov,benchmark_results_yearly_20260412_084333.csv,GaussianBudget20M_MaxCov,Twain_2021-CAPNF-000486,20210421,22,pyrologix,2,67-55,1,drone,1,9.489961992702219e-05,1360,0.004555181756497065,True
20M_MaxCov,benchmark_results_yearly_20260412_084333.csv,GaussianBudget20M_MaxCov,VASQUEZ_2021-CAANF-002923,20210806,13,pyrologix,12,none,-1,undetected,1,9.489961992702219e-05,0,0.0,False
20M_MaxCov,benchmark_results_yearly_20260412_084333.csv,GaussianBudget20M_MaxCov,WALLOW_2021-CAKNF-005034,20210625,13,pyrologix,4,23-46,0,drone,1,9.489961992702219e-05,1505,0.0046500813764240876,True
20M_MaxCov,benchmark_results_yearly_20260412_084333.csv,GaussianBudget20M_MaxCov,WEST_2021-CASNF-000781,20210703,22,pyrologix,2,132-64,0,drone,1,9.489961992702219e-05,960,0.0046500813764240876,True
20M_MaxCov,benchmark_results_yearly_20260412_084333.csv,GaussianBudget20M_MaxCov,WHITE_2021-CASHF-001242,20210808,19,pyrologix,1,32-27,1,drone,1,9.489961992702219e-05,750,0.004460282136570043,True
20M_TOPGrowing,benchmark_results_yearly_20260412_081018.csv,GaussianBudget20M_TOPGrowing,BEAR_2021-CAENF-022077,20210730,20,pyrologix,9,none,-1,undetected,1,9.489961992702219e-05,0,0.0,False
20M_TOPGrowing,benchmark_results_yearly_20260412_081018.csv,GaussianBudget20M_TOPGrowing,BIG_PINE_2021-CABDF-018139,20211127,17,pyrologix,9,none,-1,undetected,1,9.489961992702219e-05,0,0.0,False
20M_TOPGrowing,benchmark_results_yearly_20260412_081018.csv,GaussianBudget20M_TOPGrowing,BLOOMFIELD_2021-CASTF-001865,20210729,18,pyrologix,4,none,-1,undetected,1,9.489961992702219e-05,0,0.0,False
20M_TOPGrowing,benchmark_results_yearly_20260412_081018.csv,GaussianBudget20M_TOPGrowing,BORDER_2021-CAMDF-000575,20210622,11,pyrologix,7,none,-1,undetected,1,9.489961992702219e-05,0,0.0,False
20M_TOPGrowing,benchmark_results_yearly_20260412_081018.csv,GaussianBudget20M_TOPGrowing,BOX_2021-CAMDF-001391,20210811,16,pyrologix,2,none,-1,undetected,1,9.489961992702219e-05,0,0.0,False
20M_TOPGrowing,benchmark_results_yearly_20260412_081018.csv,GaussianBudget20M_TOPGrowing,BRANCH_2021-CAKNF-006399,20210731,15,pyrologix,2,none,-1,undetected,1,9.489961992702219e-05,0,0.0,False
20M_TOPGrowing,benchmark_results_yearly_20260412_081018.csv,GaussianBudget20M_TOPGrowing,BROWNES_2021-CASTF-000628,20210428,16,pyrologix,9,116-60,0,drone,1,9.489961992702219e-05,3670,0.0046500813764240876,True
20M_TOPGrowing,benchmark_results_yearly_20260412_081018.csv,GaussianBudget20M_TOPGrowing,BUCKSKIN_2021-CAENF-020954,20210719,18,pyrologix,6,102-57,0,drone,1,9.489961992702219e-05,2580,0.0046500813764240876,True
20M_TOPGrowing,benchmark_results_yearly_20260412_081018.csv,GaussianBudget20M_TOPGrowing,Beskeen__2021-CAPNF-000184,20210226,16,pyrologix,11,67-55,0,drone,1,9.489961992702219e-05,4335,0.0046500813764240876,True
20M_TOPGrowing,benchmark_results_yearly_20260412_081018.csv,GaussianBudget20M_TOPGrowing,CAMPUS_2021-CABDF-012440,20210817,18,pyrologix,6,none,-1,undetected,1,9.489961992702219e-05,0,0.0,False
20M_TOPGrowing,benchmark_results_yearly_20260412_081018.csv,GaussianBudget20M_TOPGrowing,CARSON_2021-CAENF-013467,20210518,14,pyrologix,11,none,-1,undetected,1,9.489961992702219e-05,0,0.0,False
20M_TOPGrowing,benchmark_results_yearly_20260412_081018.csv,GaussianBudget20M_TOPGrowing,CENTER_2021-CABDF-005836,20210401,0,pyrologix,4,none,-1,undetected,1,9.489961992702219e-05,0,0.0,False
20M_TOPGrowing,benchmark_results_yearly_20260412_081018.csv,GaussianBudget20M_TOPGrowing,CHECK_2021-CABDF-012207,20210812,20,pyrologix,3,none,-1,undetected,1,9.489961992702219e-05,0,0.0,False
20M_TOPGrowing,benchmark_results_yearly_20260412_081018.csv,GaussianBudget20M_TOPGrowing,CLEGHORN_2021-CABDF-001345,20210118,19,pyrologix,2,none,-1,undetected,1,9.489961992702219e-05,0,0.0,False
20M_TOPGrowing,benchmark_results_yearly_20260412_081018.csv,GaussianBudget20M_TOPGrowing,CLOUD_2021-CABDF-009443,20210613,21,pyrologix,6,none,-1,undetected,1,9.489961992702219e-05,0,0.0,False
20M_TOPGrowing,benchmark_results_yearly_20260412_081018.csv,GaussianBudget20M_TOPGrowing,COYOTE_2021-CARRU-073166,20210602,19,pyrologix,11,none,-1,undetected,1,9.489961992702219e-05,0,0.0,False
20M_TOPGrowing,benchmark_results_yearly_20260412_081018.csv,GaussianBudget20M_TOPGrowing,CROSSING_2021-CAINF-000543,20210410,13,pyrologix,12,none,-1,undetected,1,9.489961992702219e-05,0,0.0,False
20M_TOPGrowing,benchmark_results_yearly_20260412_081018.csv,GaussianBudget20M_TOPGrowing,CROWDER_2021-CAMDF-000588,20210622,18,pyrologix,11,none,-1,undetected,1,9.489961992702219e-05,0,0.0,False
20M_TOPGrowing,benchmark_results_yearly_20260412_081018.csv,GaussianBudget20M_TOPGrowing,CUDDY_2021-CALPF-000993,20210504,14,pyrologix,8,none,-1,undetected,1,9.489961992702219e-05,0,0.0,False
20M_TOPGrowing,benchmark_results_yearly_20260412_081018.csv,GaussianBudget20M_TOPGrowing,Corte_Madera_2021-CACNF-000407,20210206,16,pyrologix,6,none,-1,undetected,1,9.489961992702219e-05,0,0.0,False
20M_TOPGrowing,benchmark_results_yearly_20260412_081018.csv,GaussianBudget20M_TOPGrowing,DALE_2021-CASHF-000975,20210629,22,pyrologix,4,none,-1,undetected,1,9.489961992702219e-05,0,0.0,False
20M_TOPGrowing,benchmark_results_yearly_20260412_081018.csv,GaussianBudget20M_TOPGrowing,DEXTER_2021-CAINF-001695,20210712,11,pyrologix,12,none,-1,undetected,1,9.489961992702219e-05,0,0.0,False
20M_TOPGrowing,benchmark_results_yearly_20260412_081018.csv,GaussianBudget20M_TOPGrowing,DUSY_2021-CASNF-001231,20210811,16,pyrologix,10,none,-1,undetected,1,9.489961992702219e-05,0,0.0,False
20M_TOPGrowing,benchmark_results_yearly_20260412_081018.csv,GaussianBudget20M_TOPGrowing,EAST_2021-CASHF-000646,20210520,20,pyrologix,10,43-25,0,drone,1,9.489961992702219e-05,3940,0.0046500813764240876,True
20M_TOPGrowing,benchmark_results_yearly_20260412_081018.csv,GaussianBudget20M_TOPGrowing,FAWN_2021-CASHU-010480,20210922,18,pyrologix,12,none,-1,undetected,1,9.489961992702219e-05,0,0.0,False
20M_TOPGrowing,benchmark_results_yearly_20260412_081018.csv,GaussianBudget20M_TOPGrowing,FLAT_2021-CASHF-000907,20210621,20,pyrologix,3,none,-1,undetected,1,9.489961992702219e-05,0,0.0,False
20M_TOPGrowing,benchmark_results_yearly_20260412_081018.csv,GaussianBudget20M_TOPGrowing,FOX_2021-CALNF-002007,20210422,22,pyrologix,4,none,-1,undetected,1,9.489961992702219e-05,0,0.0,False
20M_TOPGrowing,benchmark_results_yearly_20260412_081018.csv,GaussianBudget20M_TOPGrowing,GAGGS_2021-CASNF-001725,20211010,12,pyrologix,8,none,-1,undetected,1,9.489961992702219e-05,0,0.0,False
20M_TOPGrowing,benchmark_results_yearly_20260412_081018.csv,GaussianBudget20M_TOPGrowing,GINGER_BREAD_2021-CABDF-018471,20211129,19,pyrologix,3,none,-1,undetected,1,9.489961992702219e-05,0,0.0,False
20M_TOPGrowing,benchmark_results_yearly_20260412_081018.csv,GaussianBudget20M_TOPGrowing,GOBBI_2021-CAENF-023392,20210809,15,pyrologix,12,none,-1,undetected,1,9.489961992702219e-05,0,0.0,False
20M_TOPGrowing,benchmark_results_yearly_20260412_081018.csv,GaussianBudget20M_TOPGrowing,GRAND_VIEW_2021-CABDF-012129,20210810,20,pyrologix,5,none,-1,undetected,1,9.489961992702219e-05,0,0.0,False
20M_TOPGrowing,benchmark_results_yearly_20260412_081018.csv,GaussianBudget20M_TOPGrowing,GRAVEYARD_2021-CAANF-002217,20210626,7,pyrologix,11,none,-1,undetected,1,9.489961992702219e-05,0,0.0,False
20M_TOPGrowing,benchmark_results_yearly_20260412_081018.csv,GaussianBudget20M_TOPGrowing,GUM__2021-CASTF-001887,20210730,14,pyrologix,8,none,-1,undetected,1,9.489961992702219e-05,0,0.0,False
20M_TOPGrowing,benchmark_results_yearly_20260412_081018.csv,GaussianBudget20M_TOPGrowing,Grizzly_2021-CAPNF-000697,20210529,16,pyrologix,11,74-61,1,drone,1,9.489961992702219e-05,4820,0.0046500813764240876,True
20M_TOPGrowing,benchmark_results_yearly_20260412_081018.csv,GaussianBudget20M_TOPGrowing,H-5_CINDER_2021-CALNF-002519,20210516,21,pyrologix,4,47-49,0,drone,1,9.489961992702219e-05,1870,0.0046500813764240876,True
20M_TOPGrowing,benchmark_results_yearly_20260412_081018.csv,GaussianBudget20M_TOPGrowing,HARRIS_2021-CATNF-001509,20210803,13,pyrologix,11,none,-1,undetected,1,9.489961992702219e-05,0,0.0,False
20M_TOPGrowing,benchmark_results_yearly_20260412_081018.csv,GaussianBudget20M_TOPGrowing,HILL_2021-CASHF-000537,20210504,18,pyrologix,4,37-43,0,drone,1,9.489961992702219e-05,1645,0.0046500813764240876,True
20M_TOPGrowing,benchmark_results_yearly_20260412_081018.csv,GaussianBudget20M_TOPGrowing,HILTON_2021-CAINF-001144,20210608,18,pyrologix,5,none,-1,undetected,1,9.489961992702219e-05,0,0.0,False
20M_TOPGrowing,benchmark_results_yearly_20260412_081018.csv,GaussianBudget20M_TOPGrowing,HOME_2021-CATMU-027066,20210911,21,pyrologix,7,none,-1,undetected,1,9.489961992702219e-05,0,0.0,False
20M_TOPGrowing,benchmark_results_yearly_20260412_081018.csv,GaussianBudget20M_TOPGrowing,HORSE_2021-CASQF-003069,20210910,10,pyrologix,11,none,-1,undetected,1,9.489961992702219e-05,0,0.0,False
20M_TOPGrowing,benchmark_results_yearly_20260412_081018.csv,GaussianBudget20M_TOPGrowing,HWY_18____HWY_189_2021-CABDU-017482,20211203,10,pyrologix,3,none,-1,undetected,1,9.489961992702219e-05,0,0.0,False
20M_TOPGrowing,benchmark_results_yearly_20260412_081018.csv,GaussianBudget20M_TOPGrowing,Hart_2021-CAPNF-001527,20210809,15,pyrologix,6,74-53,0,drone,1,9.489961992702219e-05,2350,0.0046500813764240876,True
20M_TOPGrowing,benchmark_results_yearly_20260412_081018.csv,GaussianBudget20M_TOPGrowing,INTERSTATE_2021-CAANF-002677,20210719,18,pyrologix,11,none,-1,undetected,1,9.489961992702219e-05,0,0.0,False
20M_TOPGrowing,benchmark_results_yearly_20260412_081018.csv,GaussianBudget20M_TOPGrowing,Ingalls_2021-CAPNF-001370,20210730,15,pyrologix,5,67-62,1,drone,1,9.489961992702219e-05,2525,0.0046500813764240876,True
20M_TOPGrowing,benchmark_results_yearly_20260412_081018.csv,GaussianBudget20M_TOPGrowing,JENNESS__2021-CASTF-002065,20210807,22,pyrologix,3,109-61,0,drone,1,9.489961992702219e-05,1345,0.0046500813764240876,True
20M_TOPGrowing,benchmark_results_yearly_20260412_081018.csv,GaussianBudget20M_TOPGrowing,JULY_2021-CAKNF-003631,20210515,13,pyrologix,12,32-27,0,drone,1,9.489961992702219e-05,4825,0.0046500813764240876,True
20M_TOPGrowing,benchmark_results_yearly_20260412_081018.csv,GaussianBudget20M_TOPGrowing,Jordan_2021-CAPNF-000609,20210515,13,pyrologix,6,71-69,0,drone,1,9.489961992702219e-05,2410,0.0046500813764240876,True
20M_TOPGrowing,benchmark_results_yearly_20260412_081018.csv,GaussianBudget20M_TOPGrowing,KELLY__2021-CAMDF-001437,20210813,23,pyrologix,5,none,-1,undetected,1,9.489961992702219e-05,0,0.0,False
20M_TOPGrowing,benchmark_results_yearly_20260412_081018.csv,GaussianBudget20M_TOPGrowing,Kessler_2021-CAPNF-001359,20210730,20,pyrologix,12,67-62,0,drone,1,9.489961992702219e-05,5050,0.0046500813764240876,True
20M_TOPGrowing,benchmark_results_yearly_20260412_081018.csv,GaussianBudget20M_TOPGrowing,L-1_WIDOW_2021-CALNF-002521,20210516,21,pyrologix,6,none,-1,undetected,1,9.489961992702219e-05,0,0.0,False
20M_TOPGrowing,benchmark_results_yearly_20260412_081018.csv,GaussianBudget20M_TOPGrowing,LITTLE_MARBLE_2021-CAKNF-007809,20210908,11,pyrologix,8,none,-1,undetected,1,9.489961992702219e-05,0,0.0,False
20M_TOPGrowing,benchmark_results_yearly_20260412_081018.csv,GaussianBudget20M_TOPGrowing,LONG_2021-CAKNF-006470,20210801,21,pyrologix,4,none,-1,undetected,1,9.489961992702219e-05,0,0.0,False
20M_TOPGrowing,benchmark_results_yearly_20260412_081018.csv,GaussianBudget20M_TOPGrowing,LOONEY_2021-CASTF-000755,20210516,23,pyrologix,12,116-60,1,drone,1,9.489961992702219e-05,5325,0.0046500813764240876,True
20M_TOPGrowing,benchmark_results_yearly_20260412_081018.csv,GaussianBudget20M_TOPGrowing,MAPLE_2021-CAMDF-000589,20210623,20,pyrologix,9,none,-1,undetected,1,9.489961992702219e-05,0,0.0,False
20M_TOPGrowing,benchmark_results_yearly_20260412_081018.csv,GaussianBudget20M_TOPGrowing,Maddalena_2021-CAPNF-000902,20210623,18,pyrologix,11,71-69,0,drone,1,9.489961992702219e-05,4430,0.0046500813764240876,True
20M_TOPGrowing,benchmark_results_yearly_20260412_081018.csv,GaussianBudget20M_TOPGrowing,Mayfair_2021-CASRF-000613,20210724,18,pyrologix,9,36-20,0,drone,1,9.489961992702219e-05,3895,0.0046500813764240876,True
20M_TOPGrowing,benchmark_results_yearly_20260412_081018.csv,GaussianBudget20M_TOPGrowing,McCash_2021-CASRF-000651,20210801,0,pyrologix,5,none,-1,undetected,1,9.489961992702219e-05,0,0.0,False
20M_TOPGrowing,benchmark_results_yearly_20260412_081018.csv,GaussianBudget20M_TOPGrowing,OAK_2021-CABDF-001348,20210118,16,pyrologix,9,none,-1,undetected,1,9.489961992702219e-05,0,0.0,False
20M_TOPGrowing,benchmark_results_yearly_20260412_081018.csv,GaussianBudget20M_TOPGrowing,Oaks_2021-CACNF-001438,20210523,20,pyrologix,7,none,-1,undetected,1,9.489961992702219e-05,0,0.0,False
20M_TOPGrowing,benchmark_results_yearly_20260412_081018.csv,GaussianBudget20M_TOPGrowing,Ozena_2021-CALPF-002505,20210909,13,pyrologix,1,none,-1,undetected,1,9.489961992702219e-05,0,0.0,False
20M_TOPGrowing,benchmark_results_yearly_20260412_081018.csv,GaussianBudget20M_TOPGrowing,PASS_2021-CAINF-001475,20210630,12,pyrologix,9,none,-1,undetected,1,9.489961992702219e-05,0,0.0,False
20M_TOPGrowing,benchmark_results_yearly_20260412_081018.csv,GaussianBudget20M_TOPGrowing,PIGEON__2021-CAANF-003180,20210827,22,pyrologix,5,none,-1,undetected,1,9.489961992702219e-05,0,0.0,False
20M_TOPGrowing,benchmark_results_yearly_20260412_081018.csv,GaussianBudget20M_TOPGrowing,PINE_2021-CAANF-001466,20210512,17,pyrologix,8,none,-1,undetected,1,9.489961992702219e-05,0,0.0,False
20M_TOPGrowing,benchmark_results_yearly_20260412_081018.csv,GaussianBudget20M_TOPGrowing,PINE_2021-CATNF-001262,20210705,3,pyrologix,4,88-57,2,drone,1,9.489961992702219e-05,2405,0.0046500813764240876,True
20M_TOPGrowing,benchmark_results_yearly_20260412_081018.csv,GaussianBudget20M_TOPGrowing,PONDEROSA_2021-CASQF-000955,20210508,19,pyrologix,4,none,-1,undetected,1,9.489961992702219e-05,0,0.0,False
20M_TOPGrowing,benchmark_results_yearly_20260412_081018.csv,GaussianBudget20M_TOPGrowing,PONY_2021-CABDF-010399,20210703,22,pyrologix,1,none,-1,undetected,1,9.489961992702219e-05,0,0.0,False
20M_TOPGrowing,benchmark_results_yearly_20260412_081018.csv,GaussianBudget20M_TOPGrowing,PREACHER_2021-CAKNF-006498,20210802,17,pyrologix,1,none,-1,undetected,1,9.489961992702219e-05,0,0.0,False
20M_TOPGrowing,benchmark_results_yearly_20260412_081018.csv,GaussianBudget20M_TOPGrowing,Penney_2021-CASHF-000836,20210610,14,pyrologix,7,none,-1,undetected,1,9.489961992702219e-05,0,0.0,False
20M_TOPGrowing,benchmark_results_yearly_20260412_081018.csv,GaussianBudget20M_TOPGrowing,Pond_2021-CASHF-001598,20211130,21,pyrologix,4,37-43,0,drone,1,9.489961992702219e-05,1590,0.0046500813764240876,True
20M_TOPGrowing,benchmark_results_yearly_20260412_081018.csv,GaussianBudget20M_TOPGrowing,Portola__2021-CAPNF-000856,20210618,20,pyrologix,5,74-61,0,drone,1,9.489961992702219e-05,2145,0.0046500813764240876,True
20M_TOPGrowing,benchmark_results_yearly_20260412_081018.csv,GaussianBudget20M_TOPGrowing,RAPTOR_2021-CABDF-012984,20210901,17,pyrologix,6,none,-1,undetected,1,9.489961992702219e-05,0,0.0,False
20M_TOPGrowing,benchmark_results_yearly_20260412_081018.csv,GaussianBudget20M_TOPGrowing,RAYS_2021-CAENF-013393,20210517,19,pyrologix,5,none,-1,undetected,1,9.489961992702219e-05,0,0.0,False
20M_TOPGrowing,benchmark_results_yearly_20260412_081018.csv,GaussianBudget20M_TOPGrowing,RED_2021-CAINF-001804,20210720,1,pyrologix,4,none,-1,undetected,1,9.489961992702219e-05,0,0.0,False
20M_TOPGrowing,benchmark_results_yearly_20260412_081018.csv,GaussianBudget20M_TOPGrowing,REFUGE_2021-CAMDF-000609,20210624,17,pyrologix,11,none,-1,undetected,1,9.489961992702219e-05,0,0.0,False
20M_TOPGrowing,benchmark_results_yearly_20260412_081018.csv,GaussianBudget20M_TOPGrowing,RICE_2021-CAMDF-001543,20210816,9,pyrologix,12,none,-1,undetected,1,9.489961992702219e-05,0,0.0,False
20M_TOPGrowing,benchmark_results_yearly_20260412_081018.csv,GaussianBudget20M_TOPGrowing,ROUND_2021-CAMDF-000607,20210624,17,pyrologix,3,none,-1,undetected,1,9.489961992702219e-05,0,0.0,False
20M_TOPGrowing,benchmark_results_yearly_20260412_081018.csv,GaussianBudget20M_TOPGrowing,Rocky_2021-CACNF-001400,20210521,21,pyrologix,8,none,-1,undetected,1,9.489961992702219e-05,0,0.0,False
20M_TOPGrowing,benchmark_results_yearly_20260412_081018.csv,GaussianBudget20M_TOPGrowing,Rubicon_2021-CAENF-028647,20210925,22,pyrologix,4,95-57,0,drone,1,9.489961992702219e-05,1820,0.0046500813764240876,True
20M_TOPGrowing,benchmark_results_yearly_20260412_081018.csv,GaussianBudget20M_TOPGrowing,SANTA_2021-CAANF-004490,20211230,20,pyrologix,7,none,-1,undetected,1,9.489961992702219e-05,0,0.0,False
20M_TOPGrowing,benchmark_results_yearly_20260412_081018.csv,GaussianBudget20M_TOPGrowing,SAPP_2021-CASTF-001710,20210718,12,pyrologix,10,109-61,0,drone,1,9.489961992702219e-05,4060,0.0046500813764240876,True
20M_TOPGrowing,benchmark_results_yearly_20260412_081018.csv,GaussianBudget20M_TOPGrowing,SAW_2021-CAINF-001447,20210629,0,pyrologix,3,none,-1,undetected,1,9.489961992702219e-05,0,0.0,False
20M_TOPGrowing,benchmark_results_yearly_20260412_081018.csv,GaussianBudget20M_TOPGrowing,SCENIC_2021-CACDD-009987,20210625,20,pyrologix,8,none,-1,undetected,1,9.489961992702219e-05,0,0.0,False
20M_TOPGrowing,benchmark_results_yearly_20260412_081018.csv,GaussianBudget20M_TOPGrowing,SKY_2021-CALNF-003531,20210627,18,pyrologix,11,none,-1,undetected,1,9.489961992702219e-05,0,0.0,False
20M_TOPGrowing,benchmark_results_yearly_20260412_081018.csv,GaussianBudget20M_TOPGrowing,SLEIGHVILLE_2021-CATNF-000722,20210512,21,pyrologix,3,81-55,1,drone,1,9.489961992702219e-05,1795,0.0046500813764240876,True
20M_TOPGrowing,benchmark_results_yearly_20260412_081018.csv,GaussianBudget20M_TOPGrowing,SOUTH_2021-CAKNF-004388,20210606,19,pyrologix,9,none,-1,undetected,1,9.489961992702219e-05,0,0.0,False
20M_TOPGrowing,benchmark_results_yearly_20260412_081018.csv,GaussianBudget20M_TOPGrowing,SPRINGS_2021-CAANF-001067,20210405,18,pyrologix,10,none,-1,undetected,1,9.489961992702219e-05,0,0.0,False
20M_TOPGrowing,benchmark_results_yearly_20260412_081018.csv,GaussianBudget20M_TOPGrowing,SPRUCE_2021-CABDF-012448,20210817,18,pyrologix,5,none,-1,undetected,1,9.489961992702219e-05,0,0.0,False
20M_TOPGrowing,benchmark_results_yearly_20260412_081018.csv,GaussianBudget20M_TOPGrowing,STATE_2021-CAANF-004208,20211125,22,pyrologix,10,none,-1,undetected,1,9.489961992702219e-05,0,0.0,False
20M_TOPGrowing,benchmark_results_yearly_20260412_081018.csv,GaussianBudget20M_TOPGrowing,SUGAR_3_2021-CAMDF-000434,20210529,22,pyrologix,5,none,-1,undetected,1,9.489961992702219e-05,0,0.0,False
20M_TOPGrowing,benchmark_results_yearly_20260412_081018.csv,GaussianBudget20M_TOPGrowing,SUMMIT_2021-CATNF-001568,20210812,22,pyrologix,3,none,-1,undetected,1,9.489961992702219e-05,0,0.0,False
20M_TOPGrowing,benchmark_results_yearly_20260412_081018.csv,GaussianBudget20M_TOPGrowing,Stanshaw_2021-CASRF-000187,20210404,16,pyrologix,12,none,-1,undetected,1,9.489961992702219e-05,0,0.0,False
20M_TOPGrowing,benchmark_results_yearly_20260412_081018.csv,GaussianBudget20M_TOPGrowing,TELEPHONE_2021-CAKNF-005027,20210625,4,pyrologix,7,none,-1,undetected,1,9.489961992702219e-05,0,0.0,False
20M_TOPGrowing,benchmark_results_yearly_20260412_081018.csv,GaussianBudget20M_TOPGrowing,TEMPLIN_2021-CAANF-000022,20210102,17,pyrologix,7,none,-1,undetected,1,9.489961992702219e-05,0,0.0,False
20M_TOPGrowing,benchmark_results_yearly_20260412_081018.csv,GaussianBudget20M_TOPGrowing,TOOLBOX_2021-CABDF-016095,20211031,17,pyrologix,1,none,-1,undetected,1,9.489961992702219e-05,0,0.0,False
20M_TOPGrowing,benchmark_results_yearly_20260412_081018.csv,GaussianBudget20M_TOPGrowing,Three__2021-CASRF-000205,20210415,23,pyrologix,8,none,-1,undetected,1,9.489961992702219e-05,0,0.0,False
20M_TOPGrowing,benchmark_results_yearly_20260412_081018.csv,GaussianBudget20M_TOPGrowing,Twain_2021-CAPNF-000486,20210421,22,pyrologix,2,67-55,0,drone,1,9.489961992702219e-05,1095,0.0046500813764240876,True
20M_TOPGrowing,benchmark_results_yearly_20260412_081018.csv,GaussianBudget20M_TOPGrowing,VASQUEZ_2021-CAANF-002923,20210806,13,pyrologix,12,none,-1,undetected,1,9.489961992702219e-05,0,0.0,False
20M_TOPGrowing,benchmark_results_yearly_20260412_081018.csv,GaussianBudget20M_TOPGrowing,WALLOW_2021-CAKNF-005034,20210625,13,pyrologix,4,23-46,1,drone,1,9.489961992702219e-05,2170,0.0046500813764240876,True
20M_TOPGrowing,benchmark_results_yearly_20260412_081018.csv,GaussianBudget20M_TOPGrowing,WEST_2021-CASNF-000781,20210703,22,pyrologix,2,132-64,0,drone,1,9.489961992702219e-05,840,0.004555181756497065,True
20M_TOPGrowing,benchmark_results_yearly_20260412_081018.csv,GaussianBudget20M_TOPGrowing,WHITE_2021-CASHF-001242,20210808,19,pyrologix,1,32-27,0,drone,1,9.489961992702219e-05,690,0.004460282136570043,True
20M_LinearMinTime,benchmark_results_yearly_20260413_134640.csv,GaussianBudget20M_LinearMinTime,BEAR_2021-CAENF-022077,20210730,20,pyrologix,9,none,-1,undetected,1,9.489961992702219e-05,0,0.0,False
20M_LinearMinTime,benchmark_results_yearly_20260413_134640.csv,GaussianBudget20M_LinearMinTime,BIG_PINE_2021-CABDF-018139,20211127,17,pyrologix,9,none,-1,undetected,1,9.489961992702219e-05,0,0.0,False
20M_LinearMinTime,benchmark_results_yearly_20260413_134640.csv,GaussianBudget20M_LinearMinTime,BLOOMFIELD_2021-CASTF-001865,20210729,18,pyrologix,4,none,-1,undetected,1,9.489961992702219e-05,0,0.0,False
20M_LinearMinTime,benchmark_results_yearly_20260413_134640.csv,GaussianBudget20M_LinearMinTime,BORDER_2021-CAMDF-000575,20210622,11,pyrologix,7,none,-1,undetected,1,9.489961992702219e-05,0,0.0,False
20M_LinearMinTime,benchmark_results_yearly_20260413_134640.csv,GaussianBudget20M_LinearMinTime,BOX_2021-CAMDF-001391,20210811,16,pyrologix,2,none,-1,undetected,1,9.489961992702219e-05,0,0.0,False
20M_LinearMinTime,benchmark_results_yearly_20260413_134640.csv,GaussianBudget20M_LinearMinTime,BRANCH_2021-CAKNF-006399,20210731,15,pyrologix,2,none,-1,undetected,1,9.489961992702219e-05,0,0.0,False
20M_LinearMinTime,benchmark_results_yearly_20260413_134640.csv,GaussianBudget20M_LinearMinTime,BROWNES_2021-CASTF-000628,20210428,16,pyrologix,9,116-60,0,drone,1,9.489961992702219e-05,3605,0.0046500813764240876,True
20M_LinearMinTime,benchmark_results_yearly_20260413_134640.csv,GaussianBudget20M_LinearMinTime,BUCKSKIN_2021-CAENF-020954,20210719,18,pyrologix,6,102-57,-1,undetected,1,9.489961992702219e-05,1395,0.0036061855572268433,True
20M_LinearMinTime,benchmark_results_yearly_20260413_134640.csv,GaussianBudget20M_LinearMinTime,Beskeen__2021-CAPNF-000184,20210226,16,pyrologix,11,67-55,0,drone,1,9.489961992702219e-05,4365,0.004460282136570043,True
20M_LinearMinTime,benchmark_results_yearly_20260413_134640.csv,GaussianBudget20M_LinearMinTime,CAMPUS_2021-CABDF-012440,20210817,18,pyrologix,6,none,-1,undetected,1,9.489961992702219e-05,0,0.0,False
20M_LinearMinTime,benchmark_results_yearly_20260413_134640.csv,GaussianBudget20M_LinearMinTime,CARSON_2021-CAENF-013467,20210518,14,pyrologix,11,none,-1,undetected,1,9.489961992702219e-05,0,0.0,False
20M_LinearMinTime,benchmark_results_yearly_20260413_134640.csv,GaussianBudget20M_LinearMinTime,CENTER_2021-CABDF-005836,20210401,0,pyrologix,4,none,-1,undetected,1,9.489961992702219e-05,0,0.0,False
20M_LinearMinTime,benchmark_results_yearly_20260413_134640.csv,GaussianBudget20M_LinearMinTime,CHECK_2021-CABDF-012207,20210812,20,pyrologix,3,none,-1,undetected,1,9.489961992702219e-05,0,0.0,False
20M_LinearMinTime,benchmark_results_yearly_20260413_134640.csv,GaussianBudget20M_LinearMinTime,CLEGHORN_2021-CABDF-001345,20210118,19,pyrologix,2,none,-1,undetected,1,9.489961992702219e-05,0,0.0,False
20M_LinearMinTime,benchmark_results_yearly_20260413_134640.csv,GaussianBudget20M_LinearMinTime,CLOUD_2021-CABDF-009443,20210613,21,pyrologix,6,none,-1,undetected,1,9.489961992702219e-05,0,0.0,False
20M_LinearMinTime,benchmark_results_yearly_20260413_134640.csv,GaussianBudget20M_LinearMinTime,COYOTE_2021-CARRU-073166,20210602,19,pyrologix,11,none,-1,undetected,1,9.489961992702219e-05,0,0.0,False
20M_LinearMinTime,benchmark_results_yearly_20260413_134640.csv,GaussianBudget20M_LinearMinTime,CROSSING_2021-CAINF-000543,20210410,13,pyrologix,12,none,-1,undetected,1,9.489961992702219e-05,0,0.0,False
20M_LinearMinTime,benchmark_results_yearly_20260413_134640.csv,GaussianBudget20M_LinearMinTime,CROWDER_2021-CAMDF-000588,20210622,18,pyrologix,11,none,-1,undetected,1,9.489961992702219e-05,0,0.0,False
20M_LinearMinTime,benchmark_results_yearly_20260413_134640.csv,GaussianBudget20M_LinearMinTime,CUDDY_2021-CALPF-000993,20210504,14,pyrologix,8,none,-1,undetected,1,9.489961992702219e-05,0,0.0,False
20M_LinearMinTime,benchmark_results_yearly_20260413_134640.csv,GaussianBudget20M_LinearMinTime,Corte_Madera_2021-CACNF-000407,20210206,16,pyrologix,6,none,-1,undetected,1,9.489961992702219e-05,0,0.0,False
20M_LinearMinTime,benchmark_results_yearly_20260413_134640.csv,GaussianBudget20M_LinearMinTime,DALE_2021-CASHF-000975,20210629,22,pyrologix,4,none,-1,undetected,1,9.489961992702219e-05,0,0.0,False
20M_LinearMinTime,benchmark_results_yearly_20260413_134640.csv,GaussianBudget20M_LinearMinTime,DEXTER_2021-CAINF-001695,20210712,11,pyrologix,12,none,-1,undetected,1,9.489961992702219e-05,0,0.0,False
20M_LinearMinTime,benchmark_results_yearly_20260413_134640.csv,GaussianBudget20M_LinearMinTime,DUSY_2021-CASNF-001231,20210811,16,pyrologix,10,none,-1,undetected,1,9.489961992702219e-05,0,0.0,False
20M_LinearMinTime,benchmark_results_yearly_20260413_134640.csv,GaussianBudget20M_LinearMinTime,EAST_2021-CASHF-000646,20210520,20,pyrologix,10,43-25,0,drone,1,9.489961992702219e-05,3750,0.0046500813764240876,True
20M_LinearMinTime,benchmark_results_yearly_20260413_134640.csv,GaussianBudget20M_LinearMinTime,FAWN_2021-CASHU-010480,20210922,18,pyrologix,12,none,-1,undetected,1,9.489961992702219e-05,0,0.0,False
20M_LinearMinTime,benchmark_results_yearly_20260413_134640.csv,GaussianBudget20M_LinearMinTime,FLAT_2021-CASHF-000907,20210621,20,pyrologix,3,none,-1,undetected,1,9.489961992702219e-05,0,0.0,False
20M_LinearMinTime,benchmark_results_yearly_20260413_134640.csv,GaussianBudget20M_LinearMinTime,FOX_2021-CALNF-002007,20210422,22,pyrologix,4,none,-1,undetected,1,9.489961992702219e-05,0,0.0,False
20M_LinearMinTime,benchmark_results_yearly_20260413_134640.csv,GaussianBudget20M_LinearMinTime,GAGGS_2021-CASNF-001725,20211010,12,pyrologix,8,none,-1,undetected,1,9.489961992702219e-05,0,0.0,False
20M_LinearMinTime,benchmark_results_yearly_20260413_134640.csv,GaussianBudget20M_LinearMinTime,GINGER_BREAD_2021-CABDF-018471,20211129,19,pyrologix,3,none,-1,undetected,1,9.489961992702219e-05,0,0.0,False
20M_LinearMinTime,benchmark_results_yearly_20260413_134640.csv,GaussianBudget20M_LinearMinTime,GOBBI_2021-CAENF-023392,20210809,15,pyrologix,12,none,-1,undetected,1,9.489961992702219e-05,0,0.0,False
20M_LinearMinTime,benchmark_results_yearly_20260413_134640.csv,GaussianBudget20M_LinearMinTime,GRAND_VIEW_2021-CABDF-012129,20210810,20,pyrologix,5,none,-1,undetected,1,9.489961992702219e-05,0,0.0,False
20M_LinearMinTime,benchmark_results_yearly_20260413_134640.csv,GaussianBudget20M_LinearMinTime,GRAVEYARD_2021-CAANF-002217,20210626,7,pyrologix,11,none,-1,undetected,1,9.489961992702219e-05,0,0.0,False
20M_LinearMinTime,benchmark_results_yearly_20260413_134640.csv,GaussianBudget20M_LinearMinTime,GUM__2021-CASTF-001887,20210730,14,pyrologix,8,none,-1,undetected,1,9.489961992702219e-05,0,0.0,False
20M_LinearMinTime,benchmark_results_yearly_20260413_134640.csv,GaussianBudget20M_LinearMinTime,Grizzly_2021-CAPNF-000697,20210529,16,pyrologix,11,74-61,0,drone,1,9.489961992702219e-05,4280,0.004555181756497065,True
20M_LinearMinTime,benchmark_results_yearly_20260413_134640.csv,GaussianBudget20M_LinearMinTime,H-5_CINDER_2021-CALNF-002519,20210516,21,pyrologix,4,47-49,0,drone,1,9.489961992702219e-05,1915,0.004365382516643021,True
20M_LinearMinTime,benchmark_results_yearly_20260413_134640.csv,GaussianBudget20M_LinearMinTime,HARRIS_2021-CATNF-001509,20210803,13,pyrologix,11,none,-1,undetected,1,9.489961992702219e-05,0,0.0,False
20M_LinearMinTime,benchmark_results_yearly_20260413_134640.csv,GaussianBudget20M_LinearMinTime,HILL_2021-CASHF-000537,20210504,18,pyrologix,4,37-43,2,drone,1,9.489961992702219e-05,2685,0.0046500813764240876,True
20M_LinearMinTime,benchmark_results_yearly_20260413_134640.csv,GaussianBudget20M_LinearMinTime,HILTON_2021-CAINF-001144,20210608,18,pyrologix,5,none,-1,undetected,1,9.489961992702219e-05,0,0.0,False
20M_LinearMinTime,benchmark_results_yearly_20260413_134640.csv,GaussianBudget20M_LinearMinTime,HOME_2021-CATMU-027066,20210911,21,pyrologix,7,none,-1,undetected,1,9.489961992702219e-05,0,0.0,False
20M_LinearMinTime,benchmark_results_yearly_20260413_134640.csv,GaussianBudget20M_LinearMinTime,HORSE_2021-CASQF-003069,20210910,10,pyrologix,11,none,-1,undetected,1,9.489961992702219e-05,0,0.0,False
20M_LinearMinTime,benchmark_results_yearly_20260413_134640.csv,GaussianBudget20M_LinearMinTime,HWY_18____HWY_189_2021-CABDU-017482,20211203,10,pyrologix,3,none,-1,undetected,1,9.489961992702219e-05,0,0.0,False
20M_LinearMinTime,benchmark_results_yearly_20260413_134640.csv,GaussianBudget20M_LinearMinTime,Hart_2021-CAPNF-001527,20210809,15,pyrologix,6,74-53,0,drone,1,9.489961992702219e-05,2415,0.0046500813764240876,True
20M_LinearMinTime,benchmark_results_yearly_20260413_134640.csv,GaussianBudget20M_LinearMinTime,INTERSTATE_2021-CAANF-002677,20210719,18,pyrologix,11,none,-1,undetected,1,9.489961992702219e-05,0,0.0,False
20M_LinearMinTime,benchmark_results_yearly_20260413_134640.csv,GaussianBudget20M_LinearMinTime,Ingalls_2021-CAPNF-001370,20210730,15,pyrologix,5,67-62,0,drone,1,9.489961992702219e-05,1905,0.0046500813764240876,True
20M_LinearMinTime,benchmark_results_yearly_20260413_134640.csv,GaussianBudget20M_LinearMinTime,JENNESS__2021-CASTF-002065,20210807,22,pyrologix,3,109-61,1,drone,1,9.489961992702219e-05,1590,0.0040806836568619545,True
20M_LinearMinTime,benchmark_results_yearly_20260413_134640.csv,GaussianBudget20M_LinearMinTime,JULY_2021-CAKNF-003631,20210515,13,pyrologix,12,32-27,0,drone,1,9.489961992702219e-05,4370,0.0046500813764240876,True
20M_LinearMinTime,benchmark_results_yearly_20260413_134640.csv,GaussianBudget20M_LinearMinTime,Jordan_2021-CAPNF-000609,20210515,13,pyrologix,6,71-69,0,drone,1,9.489961992702219e-05,2400,0.004365382516643021,True
20M_LinearMinTime,benchmark_results_yearly_20260413_134640.csv,GaussianBudget20M_LinearMinTime,KELLY__2021-CAMDF-001437,20210813,23,pyrologix,5,none,-1,undetected,1,9.489961992702219e-05,0,0.0,False
20M_LinearMinTime,benchmark_results_yearly_20260413_134640.csv,GaussianBudget20M_LinearMinTime,Kessler_2021-CAPNF-001359,20210730,20,pyrologix,12,67-62,0,drone,1,9.489961992702219e-05,4410,0.0046500813764240876,True
20M_LinearMinTime,benchmark_results_yearly_20260413_134640.csv,GaussianBudget20M_LinearMinTime,L-1_WIDOW_2021-CALNF-002521,20210516,21,pyrologix,6,none,-1,undetected,1,9.489961992702219e-05,0,0.0,False
20M_LinearMinTime,benchmark_results_yearly_20260413_134640.csv,GaussianBudget20M_LinearMinTime,LITTLE_MARBLE_2021-CAKNF-007809,20210908,11,pyrologix,8,none,-1,undetected,1,9.489961992702219e-05,0,0.0,False
20M_LinearMinTime,benchmark_results_yearly_20260413_134640.csv,GaussianBudget20M_LinearMinTime,LONG_2021-CAKNF-006470,20210801,21,pyrologix,4,none,-1,undetected,1,9.489961992702219e-05,0,0.0,False
20M_LinearMinTime,benchmark_results_yearly_20260413_134640.csv,GaussianBudget20M_LinearMinTime,LOONEY_2021-CASTF-000755,20210516,23,pyrologix,12,116-60,0,drone,1,9.489961992702219e-05,4650,0.0046500813764240876,True
20M_LinearMinTime,benchmark_results_yearly_20260413_134640.csv,GaussianBudget20M_LinearMinTime,MAPLE_2021-CAMDF-000589,20210623,20,pyrologix,9,none,-1,undetected,1,9.489961992702219e-05,0,0.0,False
20M_LinearMinTime,benchmark_results_yearly_20260413_134640.csv,GaussianBudget20M_LinearMinTime,Maddalena_2021-CAPNF-000902,20210623,18,pyrologix,11,71-69,0,drone,1,9.489961992702219e-05,4095,0.004555181756497065,True
20M_LinearMinTime,benchmark_results_yearly_20260413_134640.csv,GaussianBudget20M_LinearMinTime,Mayfair_2021-CASRF-000613,20210724,18,pyrologix,9,36-20,0,drone,1,9.489961992702219e-05,3840,0.004270482896715999,True
20M_LinearMinTime,benchmark_results_yearly_20260413_134640.csv,GaussianBudget20M_LinearMinTime,McCash_2021-CASRF-000651,20210801,0,pyrologix,5,none,-1,undetected,1,9.489961992702219e-05,0,0.0,False
20M_LinearMinTime,benchmark_results_yearly_20260413_134640.csv,GaussianBudget20M_LinearMinTime,OAK_2021-CABDF-001348,20210118,16,pyrologix,9,none,-1,undetected,1,9.489961992702219e-05,0,0.0,False
20M_LinearMinTime,benchmark_results_yearly_20260413_134640.csv,GaussianBudget20M_LinearMinTime,Oaks_2021-CACNF-001438,20210523,20,pyrologix,7,none,-1,undetected,1,9.489961992702219e-05,0,0.0,False
20M_LinearMinTime,benchmark_results_yearly_20260413_134640.csv,GaussianBudget20M_LinearMinTime,Ozena_2021-CALPF-002505,20210909,13,pyrologix,1,none,-1,undetected,1,9.489961992702219e-05,0,0.0,False
20M_LinearMinTime,benchmark_results_yearly_20260413_134640.csv,GaussianBudget20M_LinearMinTime,PASS_2021-CAINF-001475,20210630,12,pyrologix,9,none,-1,undetected,1,9.489961992702219e-05,0,0.0,False
20M_LinearMinTime,benchmark_results_yearly_20260413_134640.csv,GaussianBudget20M_LinearMinTime,PIGEON__2021-CAANF-003180,20210827,22,pyrologix,5,none,-1,undetected,1,9.489961992702219e-05,0,0.0,False
20M_LinearMinTime,benchmark_results_yearly_20260413_134640.csv,GaussianBudget20M_LinearMinTime,PINE_2021-CAANF-001466,20210512,17,pyrologix,8,none,-1,undetected,1,9.489961992702219e-05,0,0.0,False
20M_LinearMinTime,benchmark_results_yearly_20260413_134640.csv,GaussianBudget20M_LinearMinTime,PINE_2021-CATNF-001262,20210705,3,pyrologix,4,88-57,2,drone,1,9.489961992702219e-05,2370,0.0046500813764240876,True
20M_LinearMinTime,benchmark_results_yearly_20260413_134640.csv,GaussianBudget20M_LinearMinTime,PONDEROSA_2021-CASQF-000955,20210508,19,pyrologix,4,none,-1,undetected,1,9.489961992702219e-05,0,0.0,False
20M_LinearMinTime,benchmark_results_yearly_20260413_134640.csv,GaussianBudget20M_LinearMinTime,PONY_2021-CABDF-010399,20210703,22,pyrologix,1,none,-1,undetected,1,9.489961992702219e-05,0,0.0,False
20M_LinearMinTime,benchmark_results_yearly_20260413_134640.csv,GaussianBudget20M_LinearMinTime,PREACHER_2021-CAKNF-006498,20210802,17,pyrologix,1,none,-1,undetected,1,9.489961992702219e-05,0,0.0,False
20M_LinearMinTime,benchmark_results_yearly_20260413_134640.csv,GaussianBudget20M_LinearMinTime,Penney_2021-CASHF-000836,20210610,14,pyrologix,7,none,-1,undetected,1,9.489961992702219e-05,0,0.0,False
20M_LinearMinTime,benchmark_results_yearly_20260413_134640.csv,GaussianBudget20M_LinearMinTime,Pond_2021-CASHF-001598,20211130,21,pyrologix,4,37-43,0,drone,1,9.489961992702219e-05,1745,0.004555181756497065,True
20M_LinearMinTime,benchmark_results_yearly_20260413_134640.csv,GaussianBudget20M_LinearMinTime,Portola__2021-CAPNF-000856,20210618,20,pyrologix,5,74-61,0,drone,1,9.489961992702219e-05,1865,0.004555181756497065,True
20M_LinearMinTime,benchmark_results_yearly_20260413_134640.csv,GaussianBudget20M_LinearMinTime,RAPTOR_2021-CABDF-012984,20210901,17,pyrologix,6,none,-1,undetected,1,9.489961992702219e-05,0,0.0,False
20M_LinearMinTime,benchmark_results_yearly_20260413_134640.csv,GaussianBudget20M_LinearMinTime,RAYS_2021-CAENF-013393,20210517,19,pyrologix,5,none,-1,undetected,1,9.489961992702219e-05,0,0.0,False
20M_LinearMinTime,benchmark_results_yearly_20260413_134640.csv,GaussianBudget20M_LinearMinTime,RED_2021-CAINF-001804,20210720,1,pyrologix,4,none,-1,undetected,1,9.489961992702219e-05,0,0.0,False
20M_LinearMinTime,benchmark_results_yearly_20260413_134640.csv,GaussianBudget20M_LinearMinTime,REFUGE_2021-CAMDF-000609,20210624,17,pyrologix,11,none,-1,undetected,1,9.489961992702219e-05,0,0.0,False
20M_LinearMinTime,benchmark_results_yearly_20260413_134640.csv,GaussianBudget20M_LinearMinTime,RICE_2021-CAMDF-001543,20210816,9,pyrologix,12,none,-1,undetected,1,9.489961992702219e-05,0,0.0,False
20M_LinearMinTime,benchmark_results_yearly_20260413_134640.csv,GaussianBudget20M_LinearMinTime,ROUND_2021-CAMDF-000607,20210624,17,pyrologix,3,none,-1,undetected,1,9.489961992702219e-05,0,0.0,False
20M_LinearMinTime,benchmark_results_yearly_20260413_134640.csv,GaussianBudget20M_LinearMinTime,Rocky_2021-CACNF-001400,20210521,21,pyrologix,8,none,-1,undetected,1,9.489961992702219e-05,0,0.0,False
20M_LinearMinTime,benchmark_results_yearly_20260413_134640.csv,GaussianBudget20M_LinearMinTime,Rubicon_2021-CAENF-028647,20210925,22,pyrologix,4,95-57,0,drone,1,9.489961992702219e-05,1635,0.004270482896715999,True
20M_LinearMinTime,benchmark_results_yearly_20260413_134640.csv,GaussianBudget20M_LinearMinTime,SANTA_2021-CAANF-004490,20211230,20,pyrologix,7,none,-1,undetected,1,9.489961992702219e-05,0,0.0,False
20M_LinearMinTime,benchmark_results_yearly_20260413_134640.csv,GaussianBudget20M_LinearMinTime,SAPP_2021-CASTF-001710,20210718,12,pyrologix,10,109-61,-1,undetected,1,9.489961992702219e-05,2845,0.004460282136570043,True
20M_LinearMinTime,benchmark_results_yearly_20260413_134640.csv,GaussianBudget20M_LinearMinTime,SAW_2021-CAINF-001447,20210629,0,pyrologix,3,none,-1,undetected,1,9.489961992702219e-05,0,0.0,False
20M_LinearMinTime,benchmark_results_yearly_20260413_134640.csv,GaussianBudget20M_LinearMinTime,SCENIC_2021-CACDD-009987,20210625,20,pyrologix,8,none,-1,undetected,1,9.489961992702219e-05,0,0.0,False
20M_LinearMinTime,benchmark_results_yearly_20260413_134640.csv,GaussianBudget20M_LinearMinTime,SKY_2021-CALNF-003531,20210627,18,pyrologix,11,none,-1,undetected,1,9.489961992702219e-05,0,0.0,False
20M_LinearMinTime,benchmark_results_yearly_20260413_134640.csv,GaussianBudget20M_LinearMinTime,SLEIGHVILLE_2021-CATNF-000722,20210512,21,pyrologix,3,81-55,0,drone,1,9.489961992702219e-05,1515,0.0040806836568619545,True
20M_LinearMinTime,benchmark_results_yearly_20260413_134640.csv,GaussianBudget20M_LinearMinTime,SOUTH_2021-CAKNF-004388,20210606,19,pyrologix,9,none,-1,undetected,1,9.489961992702219e-05,0,0.0,False
20M_LinearMinTime,benchmark_results_yearly_20260413_134640.csv,GaussianBudget20M_LinearMinTime,SPRINGS_2021-CAANF-001067,20210405,18,pyrologix,10,none,-1,undetected,1,9.489961992702219e-05,0,0.0,False
20M_LinearMinTime,benchmark_results_yearly_20260413_134640.csv,GaussianBudget20M_LinearMinTime,SPRUCE_2021-CABDF-012448,20210817,18,pyrologix,5,none,-1,undetected,1,9.489961992702219e-05,0,0.0,False
20M_LinearMinTime,benchmark_results_yearly_20260413_134640.csv,GaussianBudget20M_LinearMinTime,STATE_2021-CAANF-004208,20211125,22,pyrologix,10,none,-1,undetected,1,9.489961992702219e-05,0,0.0,False
20M_LinearMinTime,benchmark_results_yearly_20260413_134640.csv,GaussianBudget20M_LinearMinTime,SUGAR_3_2021-CAMDF-000434,20210529,22,pyrologix,5,none,-1,undetected,1,9.489961992702219e-05,0,0.0,False
20M_LinearMinTime,benchmark_results_yearly_20260413_134640.csv,GaussianBudget20M_LinearMinTime,SUMMIT_2021-CATNF-001568,20210812,22,pyrologix,3,none,-1,undetected,1,9.489961992702219e-05,0,0.0,False
20M_LinearMinTime,benchmark_results_yearly_20260413_134640.csv,GaussianBudget20M_LinearMinTime,Stanshaw_2021-CASRF-000187,20210404,16,pyrologix,12,none,-1,undetected,1,9.489961992702219e-05,0,0.0,False
20M_LinearMinTime,benchmark_results_yearly_20260413_134640.csv,GaussianBudget20M_LinearMinTime,TELEPHONE_2021-CAKNF-005027,20210625,4,pyrologix,7,none,-1,undetected,1,9.489961992702219e-05,0,0.0,False
20M_LinearMinTime,benchmark_results_yearly_20260413_134640.csv,GaussianBudget20M_LinearMinTime,TEMPLIN_2021-CAANF-000022,20210102,17,pyrologix,7,none,-1,undetected,1,9.489961992702219e-05,0,0.0,False
20M_LinearMinTime,benchmark_results_yearly_20260413_134640.csv,GaussianBudget20M_LinearMinTime,TOOLBOX_2021-CABDF-016095,20211031,17,pyrologix,1,none,-1,undetected,1,9.489961992702219e-05,0,0.0,False
20M_LinearMinTime,benchmark_results_yearly_20260413_134640.csv,GaussianBudget20M_LinearMinTime,Three__2021-CASRF-000205,20210415,23,pyrologix,8,none,-1,undetected,1,9.489961992702219e-05,0,0.0,False
20M_LinearMinTime,benchmark_results_yearly_20260413_134640.csv,GaussianBudget20M_LinearMinTime,Twain_2021-CAPNF-000486,20210421,22,pyrologix,2,67-55,0,drone,1,9.489961992702219e-05,1050,0.0037010851771538656,True
20M_LinearMinTime,benchmark_results_yearly_20260413_134640.csv,GaussianBudget20M_LinearMinTime,VASQUEZ_2021-CAANF-002923,20210806,13,pyrologix,12,none,-1,undetected,1,9.489961992702219e-05,0,0.0,False
20M_LinearMinTime,benchmark_results_yearly_20260413_134640.csv,GaussianBudget20M_LinearMinTime,WALLOW_2021-CAKNF-005034,20210625,13,pyrologix,4,23-46,0,drone,1,9.489961992702219e-05,1820,0.0046500813764240876,True
20M_LinearMinTime,benchmark_results_yearly_20260413_134640.csv,GaussianBudget20M_LinearMinTime,WEST_2021-CASNF-000781,20210703,22,pyrologix,2,132-64,0,drone,1,9.489961992702219e-05,955,0.004270482896715999,True
20M_LinearMinTime,benchmark_results_yearly_20260413_134640.csv,GaussianBudget20M_LinearMinTime,WHITE_2021-CASHF-001242,20210808,19,pyrologix,1,32-27,1,drone,1,9.489961992702219e-05,1010,0.004460282136570043,True
100M_MaxCov,benchmark_results_yearly_20260412_094256.csv,GaussianBudget100M_MaxCov,BEAR_2021-CAENF-022077,20210730,20,pyrologix,9,99-61,3,drone,1,9.489961992702219e-05,4080,0.0046500813764240876,True
100M_MaxCov,benchmark_results_yearly_20260412_094256.csv,GaussianBudget100M_MaxCov,BIG_PINE_2021-CABDF-018139,20211127,17,pyrologix,9,209-97,0,drone,1,9.489961992702219e-05,3190,0.004555181756497065,True
100M_MaxCov,benchmark_results_yearly_20260412_094256.csv,GaussianBudget100M_MaxCov,BLOOMFIELD_2021-CASTF-001865,20210729,18,pyrologix,4,103-69,1,drone,1,9.489961992702219e-05,2315,0.0046500813764240876,True
100M_MaxCov,benchmark_results_yearly_20260412_094256.csv,GaussianBudget100M_MaxCov,BORDER_2021-CAMDF-000575,20210622,11,pyrologix,7,36-56,0,drone,1,9.489961992702219e-05,2370,0.0046500813764240876,True
100M_MaxCov,benchmark_results_yearly_20260412_094256.csv,GaussianBudget100M_MaxCov,BOX_2021-CAMDF-001391,20210811,16,pyrologix,2,43-62,0,drone,1,9.489961992702219e-05,1080,0.0046500813764240876,True
100M_MaxCov,benchmark_results_yearly_20260412_094256.csv,GaussianBudget100M_MaxCov,BRANCH_2021-CAKNF-006399,20210731,15,pyrologix,2,15-26,0,drone,1,9.489961992702219e-05,930,0.0040806836568619545,True
100M_MaxCov,benchmark_results_yearly_20260412_094256.csv,GaussianBudget100M_MaxCov,BROWNES_2021-CASTF-000628,20210428,16,pyrologix,9,113-61,0,drone,1,9.489961992702219e-05,3125,0.0046500813764240876,True
100M_MaxCov,benchmark_results_yearly_20260412_094256.csv,GaussianBudget100M_MaxCov,BUCKSKIN_2021-CAENF-020954,20210719,18,pyrologix,6,99-61,1,drone,1,9.489961992702219e-05,2345,0.0046500813764240876,True
100M_MaxCov,benchmark_results_yearly_20260412_094256.csv,GaussianBudget100M_MaxCov,Beskeen__2021-CAPNF-000184,20210226,16,pyrologix,11,71-57,0,drone,1,9.489961992702219e-05,4305,0.0046500813764240876,True
100M_MaxCov,benchmark_results_yearly_20260412_094256.csv,GaussianBudget100M_MaxCov,CAMPUS_2021-CABDF-012440,20210817,18,pyrologix,6,207-90,1,drone,1,9.489961992702219e-05,2965,0.004175583276788976,True
100M_MaxCov,benchmark_results_yearly_20260412_094256.csv,GaussianBudget100M_MaxCov,CARSON_2021-CAENF-013467,20210518,14,pyrologix,11,99-61,1,drone,1,9.489961992702219e-05,4190,0.0046500813764240876,True
100M_MaxCov,benchmark_results_yearly_20260412_094256.csv,GaussianBudget100M_MaxCov,CENTER_2021-CABDF-005836,20210401,0,pyrologix,4,207-90,0,drone,1,9.489961992702219e-05,1585,0.004175583276788976,True
100M_MaxCov,benchmark_results_yearly_20260412_094256.csv,GaussianBudget100M_MaxCov,CHECK_2021-CABDF-012207,20210812,20,pyrologix,3,207-90,0,drone,1,9.489961992702219e-05,1250,0.004175583276788976,True
100M_MaxCov,benchmark_results_yearly_20260412_094256.csv,GaussianBudget100M_MaxCov,CLEGHORN_2021-CABDF-001345,20210118,19,pyrologix,2,207-90,0,drone,1,9.489961992702219e-05,1150,0.004175583276788976,True
100M_MaxCov,benchmark_results_yearly_20260412_094256.csv,GaussianBudget100M_MaxCov,CLOUD_2021-CABDF-009443,20210613,21,pyrologix,6,207-90,2,drone,1,9.489961992702219e-05,3095,0.004175583276788976,True
100M_MaxCov,benchmark_results_yearly_20260412_094256.csv,GaussianBudget100M_MaxCov,COYOTE_2021-CARRU-073166,20210602,19,pyrologix,11,216-101,0,drone,1,9.489961992702219e-05,3770,0.004365382516643021,True
100M_MaxCov,benchmark_results_yearly_20260412_094256.csv,GaussianBudget100M_MaxCov,CROSSING_2021-CAINF-000543,20210410,13,pyrologix,12,none,-1,undetected,1,9.489961992702219e-05,0,0.0,False
100M_MaxCov,benchmark_results_yearly_20260412_094256.csv,GaussianBudget100M_MaxCov,CROWDER_2021-CAMDF-000588,20210622,18,pyrologix,11,29-70,1,drone,1,9.489961992702219e-05,4880,0.0046500813764240876,True
100M_MaxCov,benchmark_results_yearly_20260412_094256.csv,GaussianBudget100M_MaxCov,CUDDY_2021-CALPF-000993,20210504,14,pyrologix,8,192-62,0,drone,1,9.489961992702219e-05,3045,0.0046500813764240876,True
100M_MaxCov,benchmark_results_yearly_20260412_094256.csv,GaussianBudget100M_MaxCov,Corte_Madera_2021-CACNF-000407,20210206,16,pyrologix,6,244-101,0,drone,1,9.489961992702219e-05,2155,0.004555181756497065,True
100M_MaxCov,benchmark_results_yearly_20260412_094256.csv,GaussianBudget100M_MaxCov,DALE_2021-CASHF-000975,20210629,22,pyrologix,4,29-37,0,drone,1,9.489961992702219e-05,1625,0.0046500813764240876,True
100M_MaxCov,benchmark_results_yearly_20260412_094256.csv,GaussianBudget100M_MaxCov,DEXTER_2021-CAINF-001695,20210712,11,pyrologix,12,123-82,0,drone,1,9.489961992702219e-05,5015,0.004460282136570043,True
100M_MaxCov,benchmark_results_yearly_20260412_094256.csv,GaussianBudget100M_MaxCov,DUSY_2021-CASNF-001231,20210811,16,pyrologix,10,142-76,2,drone,1,9.489961992702219e-05,4435,0.0046500813764240876,True
100M_MaxCov,benchmark_results_yearly_20260412_094256.csv,GaussianBudget100M_MaxCov,EAST_2021-CASHF-000646,20210520,20,pyrologix,10,43-27,0,drone,1,9.489961992702219e-05,3625,0.0046500813764240876,True
100M_MaxCov,benchmark_results_yearly_20260412_094256.csv,GaussianBudget100M_MaxCov,FAWN_2021-CASHU-010480,20210922,18,pyrologix,12,50-40,-1,undetected,1,9.489961992702219e-05,4410,0.0046500813764240876,True
100M_MaxCov,benchmark_results_yearly_20260412_094256.csv,GaussianBudget100M_MaxCov,FLAT_2021-CASHF-000907,20210621,20,pyrologix,3,36-42,1,drone,1,9.489961992702219e-05,1840,0.004555181756497065,True
100M_MaxCov,benchmark_results_yearly_20260412_094256.csv,GaussianBudget100M_MaxCov,FOX_2021-CALNF-002007,20210422,22,pyrologix,4,57-60,1,drone,1,9.489961992702219e-05,1930,0.004555181756497065,True
100M_MaxCov,benchmark_results_yearly_20260412_094256.csv,GaussianBudget100M_MaxCov,GAGGS_2021-CASNF-001725,20211010,12,pyrologix,8,131-69,0,drone,1,9.489961992702219e-05,2970,0.0046500813764240876,True
100M_MaxCov,benchmark_results_yearly_20260412_094256.csv,GaussianBudget100M_MaxCov,GINGER_BREAD_2021-CABDF-018471,20211129,19,pyrologix,3,223-101,1,drone,1,9.489961992702219e-05,1785,0.0046500813764240876,True
100M_MaxCov,benchmark_results_yearly_20260412_094256.csv,GaussianBudget100M_MaxCov,GOBBI_2021-CAENF-023392,20210809,15,pyrologix,12,99-61,-1,undetected,1,9.489961992702219e-05,4430,0.0046500813764240876,True
100M_MaxCov,benchmark_results_yearly_20260412_094256.csv,GaussianBudget100M_MaxCov,GRAND_VIEW_2021-CABDF-012129,20210810,20,pyrologix,5,209-97,1,drone,1,9.489961992702219e-05,2095,0.004555181756497065,True
100M_MaxCov,benchmark_results_yearly_20260412_094256.csv,GaussianBudget100M_MaxCov,GRAVEYARD_2021-CAANF-002217,20210626,7,pyrologix,11,202-76,0,drone,1,9.489961992702219e-05,3615,0.004365382516643021,True
100M_MaxCov,benchmark_results_yearly_20260412_094256.csv,GaussianBudget100M_MaxCov,GUM__2021-CASTF-001887,20210730,14,pyrologix,8,110-68,0,drone,1,9.489961992702219e-05,2900,0.0046500813764240876,True
100M_MaxCov,benchmark_results_yearly_20260412_094256.csv,GaussianBudget100M_MaxCov,Grizzly_2021-CAPNF-000697,20210529,16,pyrologix,11,71-64,1,drone,1,9.489961992702219e-05,4055,0.0046500813764240876,True
100M_MaxCov,benchmark_results_yearly_20260412_094256.csv,GaussianBudget100M_MaxCov,H-5_CINDER_2021-CALNF-002519,20210516,21,pyrologix,4,50-54,3,drone,1,9.489961992702219e-05,2520,0.0046500813764240876,True
100M_MaxCov,benchmark_results_yearly_20260412_094256.csv,GaussianBudget100M_MaxCov,HARRIS_2021-CATNF-001509,20210803,13,pyrologix,11,78-61,0,drone,1,9.489961992702219e-05,4510,0.0046500813764240876,True
100M_MaxCov,benchmark_results_yearly_20260412_094256.csv,GaussianBudget100M_MaxCov,HILL_2021-CASHF-000537,20210504,18,pyrologix,4,36-42,0,drone,1,9.489961992702219e-05,1840,0.004555181756497065,True
100M_MaxCov,benchmark_results_yearly_20260412_094256.csv,GaussianBudget100M_MaxCov,HILTON_2021-CAINF-001144,20210608,18,pyrologix,5,none,-1,undetected,1,9.489961992702219e-05,0,0.0,False
100M_MaxCov,benchmark_results_yearly_20260412_094256.csv,GaussianBudget100M_MaxCov,HOME_2021-CATMU-027066,20210911,21,pyrologix,7,92-63,0,drone,1,9.489961992702219e-05,2510,0.004555181756497065,True
100M_MaxCov,benchmark_results_yearly_20260412_094256.csv,GaussianBudget100M_MaxCov,HORSE_2021-CASQF-003069,20210910,10,pyrologix,11,166-78,0,drone,1,9.489961992702219e-05,4360,0.0046500813764240876,True
100M_MaxCov,benchmark_results_yearly_20260412_094256.csv,GaussianBudget100M_MaxCov,HWY_18____HWY_189_2021-CABDU-017482,20211203,10,pyrologix,3,209-97,0,drone,1,9.489961992702219e-05,1410,0.004460282136570043,True
100M_MaxCov,benchmark_results_yearly_20260412_094256.csv,GaussianBudget100M_MaxCov,Hart_2021-CAPNF-001527,20210809,15,pyrologix,6,71-50,4,drone,1,9.489961992702219e-05,3715,0.0046500813764240876,True
100M_MaxCov,benchmark_results_yearly_20260412_094256.csv,GaussianBudget100M_MaxCov,INTERSTATE_2021-CAANF-002677,20210719,18,pyrologix,11,194-68,0,drone,1,9.489961992702219e-05,4010,0.0046500813764240876,True
100M_MaxCov,benchmark_results_yearly_20260412_094256.csv,GaussianBudget100M_MaxCov,Ingalls_2021-CAPNF-001370,20210730,15,pyrologix,5,71-64,1,drone,1,9.489961992702219e-05,2290,0.0046500813764240876,True
100M_MaxCov,benchmark_results_yearly_20260412_094256.csv,GaussianBudget100M_MaxCov,JENNESS__2021-CASTF-002065,20210807,22,pyrologix,3,113-61,0,drone,1,9.489961992702219e-05,1175,0.004555181756497065,True
100M_MaxCov,benchmark_results_yearly_20260412_094256.csv,GaussianBudget100M_MaxCov,JULY_2021-CAKNF-003631,20210515,13,pyrologix,12,36-28,-1,undetected,1,9.489961992702219e-05,4770,0.0046500813764240876,True
100M_MaxCov,benchmark_results_yearly_20260412_094256.csv,GaussianBudget100M_MaxCov,Jordan_2021-CAPNF-000609,20210515,13,pyrologix,6,71-71,1,drone,1,9.489961992702219e-05,2395,0.004270482896715999,True
100M_MaxCov,benchmark_results_yearly_20260412_094256.csv,GaussianBudget100M_MaxCov,KELLY__2021-CAMDF-001437,20210813,23,pyrologix,5,36-70,0,drone,1,9.489961992702219e-05,2015,0.0046500813764240876,True
100M_MaxCov,benchmark_results_yearly_20260412_094256.csv,GaussianBudget100M_MaxCov,Kessler_2021-CAPNF-001359,20210730,20,pyrologix,12,64-59,0,drone,1,9.489961992702219e-05,4395,0.0046500813764240876,True
100M_MaxCov,benchmark_results_yearly_20260412_094256.csv,GaussianBudget100M_MaxCov,L-1_WIDOW_2021-CALNF-002521,20210516,21,pyrologix,6,57-53,1,drone,1,9.489961992702219e-05,2845,0.0046500813764240876,True
100M_MaxCov,benchmark_results_yearly_20260412_094256.csv,GaussianBudget100M_MaxCov,LITTLE_MARBLE_2021-CAKNF-007809,20210908,11,pyrologix,8,23-33,1,drone,1,9.489961992702219e-05,3465,0.0046500813764240876,True
100M_MaxCov,benchmark_results_yearly_20260412_094256.csv,GaussianBudget100M_MaxCov,LONG_2021-CAKNF-006470,20210801,21,pyrologix,4,36-35,1,drone,1,9.489961992702219e-05,2085,0.0046500813764240876,True
100M_MaxCov,benchmark_results_yearly_20260412_094256.csv,GaussianBudget100M_MaxCov,LOONEY_2021-CASTF-000755,20210516,23,pyrologix,12,113-61,-1,undetected,1,9.489961992702219e-05,6180,0.0046500813764240876,True
100M_MaxCov,benchmark_results_yearly_20260412_094256.csv,GaussianBudget100M_MaxCov,MAPLE_2021-CAMDF-000589,20210623,20,pyrologix,9,36-70,1,drone,1,9.489961992702219e-05,3545,0.0046500813764240876,True
100M_MaxCov,benchmark_results_yearly_20260412_094256.csv,GaussianBudget100M_MaxCov,Maddalena_2021-CAPNF-000902,20210623,18,pyrologix,11,71-64,0,drone,1,9.489961992702219e-05,3905,0.0046500813764240876,True
100M_MaxCov,benchmark_results_yearly_20260412_094256.csv,GaussianBudget100M_MaxCov,Mayfair_2021-CASRF-000613,20210724,18,pyrologix,9,36-21,0,drone,1,9.489961992702219e-05,3405,0.0046500813764240876,True
100M_MaxCov,benchmark_results_yearly_20260412_094256.csv,GaussianBudget100M_MaxCov,McCash_2021-CASRF-000651,20210801,0,pyrologix,5,22-26,0,drone,1,9.489961992702219e-05,1865,0.0046500813764240876,True
100M_MaxCov,benchmark_results_yearly_20260412_094256.csv,GaussianBudget100M_MaxCov,OAK_2021-CABDF-001348,20210118,16,pyrologix,9,207-90,0,drone,1,9.489961992702219e-05,3520,0.004175583276788976,True
100M_MaxCov,benchmark_results_yearly_20260412_094256.csv,GaussianBudget100M_MaxCov,Oaks_2021-CACNF-001438,20210523,20,pyrologix,7,244-101,0,drone,1,9.489961992702219e-05,2640,0.004555181756497065,True
100M_MaxCov,benchmark_results_yearly_20260412_094256.csv,GaussianBudget100M_MaxCov,Ozena_2021-CALPF-002505,20210909,13,pyrologix,1,192-62,0,drone,1,9.489961992702219e-05,480,0.00389088441700791,True
100M_MaxCov,benchmark_results_yearly_20260412_094256.csv,GaussianBudget100M_MaxCov,PASS_2021-CAINF-001475,20210630,12,pyrologix,9,123-77,0,drone,1,9.489961992702219e-05,3275,0.004460282136570043,True
100M_MaxCov,benchmark_results_yearly_20260412_094256.csv,GaussianBudget100M_MaxCov,PIGEON__2021-CAANF-003180,20210827,22,pyrologix,5,205-83,0,drone,1,9.489961992702219e-05,1840,0.0046500813764240876,True
100M_MaxCov,benchmark_results_yearly_20260412_094256.csv,GaussianBudget100M_MaxCov,PINE_2021-CAANF-001466,20210512,17,pyrologix,8,none,-1,undetected,1,9.489961992702219e-05,0,0.0,False
100M_MaxCov,benchmark_results_yearly_20260412_094256.csv,GaussianBudget100M_MaxCov,PINE_2021-CATNF-001262,20210705,3,pyrologix,4,85-53,0,drone,1,9.489961992702219e-05,1720,0.0046500813764240876,True
100M_MaxCov,benchmark_results_yearly_20260412_094256.csv,GaussianBudget100M_MaxCov,PONDEROSA_2021-CASQF-000955,20210508,19,pyrologix,4,173-77,1,drone,1,9.489961992702219e-05,1825,0.004555181756497065,True
100M_MaxCov,benchmark_results_yearly_20260412_094256.csv,GaussianBudget100M_MaxCov,PONY_2021-CABDF-010399,20210703,22,pyrologix,1,223-101,1,drone,1,9.489961992702219e-05,930,0.004460282136570043,True
100M_MaxCov,benchmark_results_yearly_20260412_094256.csv,GaussianBudget100M_MaxCov,PREACHER_2021-CAKNF-006498,20210802,17,pyrologix,1,36-28,1,drone,1,9.489961992702219e-05,890,0.0046500813764240876,True
100M_MaxCov,benchmark_results_yearly_20260412_094256.csv,GaussianBudget100M_MaxCov,Penney_2021-CASHF-000836,20210610,14,pyrologix,7,57-25,1,drone,1,9.489961992702219e-05,3420,0.0046500813764240876,True
100M_MaxCov,benchmark_results_yearly_20260412_094256.csv,GaussianBudget100M_MaxCov,Pond_2021-CASHF-001598,20211130,21,pyrologix,4,36-42,0,drone,1,9.489961992702219e-05,1620,0.004555181756497065,True
100M_MaxCov,benchmark_results_yearly_20260412_094256.csv,GaussianBudget100M_MaxCov,Portola__2021-CAPNF-000856,20210618,20,pyrologix,5,71-64,0,drone,1,9.489961992702219e-05,1940,0.004555181756497065,True
100M_MaxCov,benchmark_results_yearly_20260412_094256.csv,GaussianBudget100M_MaxCov,RAPTOR_2021-CABDF-012984,20210901,17,pyrologix,6,223-101,2,drone,1,9.489961992702219e-05,3025,0.0046500813764240876,True
100M_MaxCov,benchmark_results_yearly_20260412_094256.csv,GaussianBudget100M_MaxCov,RAYS_2021-CAENF-013393,20210517,19,pyrologix,5,99-61,0,drone,1,9.489961992702219e-05,1695,0.0046500813764240876,True
100M_MaxCov,benchmark_results_yearly_20260412_094256.csv,GaussianBudget100M_MaxCov,RED_2021-CAINF-001804,20210720,1,pyrologix,4,128-80,0,drone,1,9.489961992702219e-05,1430,0.0046500813764240876,True
100M_MaxCov,benchmark_results_yearly_20260412_094256.csv,GaussianBudget100M_MaxCov,REFUGE_2021-CAMDF-000609,20210624,17,pyrologix,11,36-70,1,drone,1,9.489961992702219e-05,4180,0.0046500813764240876,True
100M_MaxCov,benchmark_results_yearly_20260412_094256.csv,GaussianBudget100M_MaxCov,RICE_2021-CAMDF-001543,20210816,9,pyrologix,12,43-62,0,drone,1,9.489961992702219e-05,4600,0.0046500813764240876,True
100M_MaxCov,benchmark_results_yearly_20260412_094256.csv,GaussianBudget100M_MaxCov,ROUND_2021-CAMDF-000607,20210624,17,pyrologix,3,36-56,0,drone,1,9.489961992702219e-05,1315,0.004555181756497065,True
100M_MaxCov,benchmark_results_yearly_20260412_094256.csv,GaussianBudget100M_MaxCov,Rocky_2021-CACNF-001400,20210521,21,pyrologix,8,244-101,1,drone,1,9.489961992702219e-05,3210,0.004555181756497065,True
100M_MaxCov,benchmark_results_yearly_20260412_094256.csv,GaussianBudget100M_MaxCov,Rubicon_2021-CAENF-028647,20210925,22,pyrologix,4,92-56,1,drone,1,9.489961992702219e-05,1990,0.0046500813764240876,True
100M_MaxCov,benchmark_results_yearly_20260412_094256.csv,GaussianBudget100M_MaxCov,SANTA_2021-CAANF-004490,20211230,20,pyrologix,7,202-76,0,drone,1,9.489961992702219e-05,2300,0.004365382516643021,True
100M_MaxCov,benchmark_results_yearly_20260412_094256.csv,GaussianBudget100M_MaxCov,SAPP_2021-CASTF-001710,20210718,12,pyrologix,10,106-62,1,drone,1,9.489961992702219e-05,3760,0.0046500813764240876,True
100M_MaxCov,benchmark_results_yearly_20260412_094256.csv,GaussianBudget100M_MaxCov,SAW_2021-CAINF-001447,20210629,0,pyrologix,3,123-82,0,drone,1,9.489961992702219e-05,1540,0.004460282136570043,True
100M_MaxCov,benchmark_results_yearly_20260412_094256.csv,GaussianBudget100M_MaxCov,SCENIC_2021-CACDD-009987,20210625,20,pyrologix,8,none,-1,undetected,1,9.489961992702219e-05,0,0.0,False
100M_MaxCov,benchmark_results_yearly_20260412_094256.csv,GaussianBudget100M_MaxCov,SKY_2021-CALNF-003531,20210627,18,pyrologix,11,64-52,0,drone,1,9.489961992702219e-05,3810,0.0046500813764240876,True
100M_MaxCov,benchmark_results_yearly_20260412_094256.csv,GaussianBudget100M_MaxCov,SLEIGHVILLE_2021-CATNF-000722,20210512,21,pyrologix,3,78-54,2,drone,1,9.489961992702219e-05,2110,0.0046500813764240876,True
100M_MaxCov,benchmark_results_yearly_20260412_094256.csv,GaussianBudget100M_MaxCov,SOUTH_2021-CAKNF-004388,20210606,19,pyrologix,9,36-35,2,drone,1,9.489961992702219e-05,4305,0.0046500813764240876,True
100M_MaxCov,benchmark_results_yearly_20260412_094256.csv,GaussianBudget100M_MaxCov,SPRINGS_2021-CAANF-001067,20210405,18,pyrologix,10,205-83,1,drone,1,9.489961992702219e-05,4435,0.0046500813764240876,True
100M_MaxCov,benchmark_results_yearly_20260412_094256.csv,GaussianBudget100M_MaxCov,SPRUCE_2021-CABDF-012448,20210817,18,pyrologix,5,223-101,1,drone,1,9.489961992702219e-05,2510,0.0046500813764240876,True
100M_MaxCov,benchmark_results_yearly_20260412_094256.csv,GaussianBudget100M_MaxCov,STATE_2021-CAANF-004208,20211125,22,pyrologix,10,194-68,2,drone,1,9.489961992702219e-05,4510,0.0046500813764240876,True
100M_MaxCov,benchmark_results_yearly_20260412_094256.csv,GaussianBudget100M_MaxCov,SUGAR_3_2021-CAMDF-000434,20210529,22,pyrologix,5,31-80,0,drone,1,9.489961992702219e-05,2270,0.004270482896715999,True
100M_MaxCov,benchmark_results_yearly_20260412_094256.csv,GaussianBudget100M_MaxCov,SUMMIT_2021-CATNF-001568,20210812,22,pyrologix,3,85-60,1,drone,1,9.489961992702219e-05,1615,0.004555181756497065,True
100M_MaxCov,benchmark_results_yearly_20260412_094256.csv,GaussianBudget100M_MaxCov,Stanshaw_2021-CASRF-000187,20210404,16,pyrologix,12,22-26,0,drone,1,9.489961992702219e-05,4130,0.0046500813764240876,True
100M_MaxCov,benchmark_results_yearly_20260412_094256.csv,GaussianBudget100M_MaxCov,TELEPHONE_2021-CAKNF-005027,20210625,4,pyrologix,7,36-35,0,drone,1,9.489961992702219e-05,2775,0.0046500813764240876,True
100M_MaxCov,benchmark_results_yearly_20260412_094256.csv,GaussianBudget100M_MaxCov,TEMPLIN_2021-CAANF-000022,20210102,17,pyrologix,7,194-68,0,drone,1,9.489961992702219e-05,2865,0.0046500813764240876,True
100M_MaxCov,benchmark_results_yearly_20260412_094256.csv,GaussianBudget100M_MaxCov,TOOLBOX_2021-CABDF-016095,20211031,17,pyrologix,1,223-101,1,drone,1,9.489961992702219e-05,995,0.004460282136570043,True
100M_MaxCov,benchmark_results_yearly_20260412_094256.csv,GaussianBudget100M_MaxCov,Three__2021-CASRF-000205,20210415,23,pyrologix,8,29-23,1,drone,1,9.489961992702219e-05,3340,0.0046500813764240876,True
100M_MaxCov,benchmark_results_yearly_20260412_094256.csv,GaussianBudget100M_MaxCov,Twain_2021-CAPNF-000486,20210421,22,pyrologix,2,71-57,0,drone,1,9.489961992702219e-05,820,0.004365382516643021,True
100M_MaxCov,benchmark_results_yearly_20260412_094256.csv,GaussianBudget100M_MaxCov,VASQUEZ_2021-CAANF-002923,20210806,13,pyrologix,12,202-76,-1,undetected,1,9.489961992702219e-05,5305,0.004365382516643021,True
100M_MaxCov,benchmark_results_yearly_20260412_094256.csv,GaussianBudget100M_MaxCov,WALLOW_2021-CAKNF-005034,20210625,13,pyrologix,4,29-44,1,drone,1,9.489961992702219e-05,2090,0.0046500813764240876,True
100M_MaxCov,benchmark_results_yearly_20260412_094256.csv,GaussianBudget100M_MaxCov,WEST_2021-CASNF-000781,20210703,22,pyrologix,2,130-62,0,drone,1,9.489961992702219e-05,820,0.004365382516643021,True
100M_MaxCov,benchmark_results_yearly_20260412_094256.csv,GaussianBudget100M_MaxCov,WHITE_2021-CASHF-001242,20210808,19,pyrologix,1,36-28,0,drone,1,9.489961992702219e-05,680,0.004555181756497065,True
100M_TOPGrowing,benchmark_results_yearly_20260412_085132.csv,GaussianBudget100M_TOPGrowing,BEAR_2021-CAENF-022077,20210730,20,pyrologix,9,99-61,0,drone,1,9.489961992702219e-05,3710,0.0046500813764240876,True
100M_TOPGrowing,benchmark_results_yearly_20260412_085132.csv,GaussianBudget100M_TOPGrowing,BIG_PINE_2021-CABDF-018139,20211127,17,pyrologix,9,209-97,0,drone,1,9.489961992702219e-05,3605,0.0046500813764240876,True
100M_TOPGrowing,benchmark_results_yearly_20260412_085132.csv,GaussianBudget100M_TOPGrowing,BLOOMFIELD_2021-CASTF-001865,20210729,18,pyrologix,4,103-69,0,drone,1,9.489961992702219e-05,1835,0.0046500813764240876,True
100M_TOPGrowing,benchmark_results_yearly_20260412_085132.csv,GaussianBudget100M_TOPGrowing,BORDER_2021-CAMDF-000575,20210622,11,pyrologix,7,36-56,0,drone,1,9.489961992702219e-05,3005,0.0046500813764240876,True
100M_TOPGrowing,benchmark_results_yearly_20260412_085132.csv,GaussianBudget100M_TOPGrowing,BOX_2021-CAMDF-001391,20210811,16,pyrologix,2,43-62,1,drone,1,9.489961992702219e-05,1335,0.0046500813764240876,True
100M_TOPGrowing,benchmark_results_yearly_20260412_085132.csv,GaussianBudget100M_TOPGrowing,BRANCH_2021-CAKNF-006399,20210731,15,pyrologix,2,15-26,0,drone,1,9.489961992702219e-05,1030,0.0040806836568619545,True
100M_TOPGrowing,benchmark_results_yearly_20260412_085132.csv,GaussianBudget100M_TOPGrowing,BROWNES_2021-CASTF-000628,20210428,16,pyrologix,9,113-61,0,drone,1,9.489961992702219e-05,3680,0.0046500813764240876,True
100M_TOPGrowing,benchmark_results_yearly_20260412_085132.csv,GaussianBudget100M_TOPGrowing,BUCKSKIN_2021-CAENF-020954,20210719,18,pyrologix,6,99-61,0,drone,1,9.489961992702219e-05,2450,0.0046500813764240876,True
100M_TOPGrowing,benchmark_results_yearly_20260412_085132.csv,GaussianBudget100M_TOPGrowing,Beskeen__2021-CAPNF-000184,20210226,16,pyrologix,11,71-57,0,drone,1,9.489961992702219e-05,4455,0.0046500813764240876,True
100M_TOPGrowing,benchmark_results_yearly_20260412_085132.csv,GaussianBudget100M_TOPGrowing,CAMPUS_2021-CABDF-012440,20210817,18,pyrologix,6,207-90,2,drone,1,9.489961992702219e-05,3365,0.004175583276788976,True
100M_TOPGrowing,benchmark_results_yearly_20260412_085132.csv,GaussianBudget100M_TOPGrowing,CARSON_2021-CAENF-013467,20210518,14,pyrologix,11,99-61,0,drone,1,9.489961992702219e-05,4475,0.0046500813764240876,True
100M_TOPGrowing,benchmark_results_yearly_20260412_085132.csv,GaussianBudget100M_TOPGrowing,CENTER_2021-CABDF-005836,20210401,0,pyrologix,4,207-90,0,drone,1,9.489961992702219e-05,1970,0.004175583276788976,True
100M_TOPGrowing,benchmark_results_yearly_20260412_085132.csv,GaussianBudget100M_TOPGrowing,CHECK_2021-CABDF-012207,20210812,20,pyrologix,3,207-90,0,drone,1,9.489961992702219e-05,1580,0.00389088441700791,True
100M_TOPGrowing,benchmark_results_yearly_20260412_085132.csv,GaussianBudget100M_TOPGrowing,CLEGHORN_2021-CABDF-001345,20210118,19,pyrologix,2,207-90,1,drone,1,9.489961992702219e-05,1525,0.00389088441700791,True
100M_TOPGrowing,benchmark_results_yearly_20260412_085132.csv,GaussianBudget100M_TOPGrowing,CLOUD_2021-CABDF-009443,20210613,21,pyrologix,6,207-90,1,drone,1,9.489961992702219e-05,2930,0.004175583276788976,True
100M_TOPGrowing,benchmark_results_yearly_20260412_085132.csv,GaussianBudget100M_TOPGrowing,COYOTE_2021-CARRU-073166,20210602,19,pyrologix,11,216-101,0,drone,1,9.489961992702219e-05,4450,0.004270482896715999,True
100M_TOPGrowing,benchmark_results_yearly_20260412_085132.csv,GaussianBudget100M_TOPGrowing,CROSSING_2021-CAINF-000543,20210410,13,pyrologix,12,none,-1,undetected,1,9.489961992702219e-05,0,0.0,False
100M_TOPGrowing,benchmark_results_yearly_20260412_085132.csv,GaussianBudget100M_TOPGrowing,CROWDER_2021-CAMDF-000588,20210622,18,pyrologix,11,29-70,0,drone,1,9.489961992702219e-05,4585,0.0046500813764240876,True
100M_TOPGrowing,benchmark_results_yearly_20260412_085132.csv,GaussianBudget100M_TOPGrowing,CUDDY_2021-CALPF-000993,20210504,14,pyrologix,8,192-62,0,drone,1,9.489961992702219e-05,3270,0.0046500813764240876,True
100M_TOPGrowing,benchmark_results_yearly_20260412_085132.csv,GaussianBudget100M_TOPGrowing,Corte_Madera_2021-CACNF-000407,20210206,16,pyrologix,6,244-101,0,drone,1,9.489961992702219e-05,2365,0.0046500813764240876,True
100M_TOPGrowing,benchmark_results_yearly_20260412_085132.csv,GaussianBudget100M_TOPGrowing,DALE_2021-CASHF-000975,20210629,22,pyrologix,4,29-37,1,drone,1,9.489961992702219e-05,2075,0.0046500813764240876,True
100M_TOPGrowing,benchmark_results_yearly_20260412_085132.csv,GaussianBudget100M_TOPGrowing,DEXTER_2021-CAINF-001695,20210712,11,pyrologix,12,123-82,0,drone,1,9.489961992702219e-05,4935,0.004460282136570043,True
100M_TOPGrowing,benchmark_results_yearly_20260412_085132.csv,GaussianBudget100M_TOPGrowing,DUSY_2021-CASNF-001231,20210811,16,pyrologix,10,142-76,1,drone,1,9.489961992702219e-05,4435,0.0046500813764240876,True
100M_TOPGrowing,benchmark_results_yearly_20260412_085132.csv,GaussianBudget100M_TOPGrowing,EAST_2021-CASHF-000646,20210520,20,pyrologix,10,43-27,0,drone,1,9.489961992702219e-05,3960,0.0046500813764240876,True
100M_TOPGrowing,benchmark_results_yearly_20260412_085132.csv,GaussianBudget100M_TOPGrowing,FAWN_2021-CASHU-010480,20210922,18,pyrologix,12,50-40,0,drone,1,9.489961992702219e-05,4880,0.004555181756497065,True
100M_TOPGrowing,benchmark_results_yearly_20260412_085132.csv,GaussianBudget100M_TOPGrowing,FLAT_2021-CASHF-000907,20210621,20,pyrologix,3,36-42,0,drone,1,9.489961992702219e-05,1325,0.0046500813764240876,True
100M_TOPGrowing,benchmark_results_yearly_20260412_085132.csv,GaussianBudget100M_TOPGrowing,FOX_2021-CALNF-002007,20210422,22,pyrologix,4,57-60,1,drone,1,9.489961992702219e-05,2090,0.0046500813764240876,True
100M_TOPGrowing,benchmark_results_yearly_20260412_085132.csv,GaussianBudget100M_TOPGrowing,GAGGS_2021-CASNF-001725,20211010,12,pyrologix,8,131-69,0,drone,1,9.489961992702219e-05,3195,0.0046500813764240876,True
100M_TOPGrowing,benchmark_results_yearly_20260412_085132.csv,GaussianBudget100M_TOPGrowing,GINGER_BREAD_2021-CABDF-018471,20211129,19,pyrologix,3,223-101,0,drone,1,9.489961992702219e-05,1345,0.004555181756497065,True
100M_TOPGrowing,benchmark_results_yearly_20260412_085132.csv,GaussianBudget100M_TOPGrowing,GOBBI_2021-CAENF-023392,20210809,15,pyrologix,12,99-61,0,drone,1,9.489961992702219e-05,4845,0.0046500813764240876,True
100M_TOPGrowing,benchmark_results_yearly_20260412_085132.csv,GaussianBudget100M_TOPGrowing,GRAND_VIEW_2021-CABDF-012129,20210810,20,pyrologix,5,209-97,1,drone,1,9.489961992702219e-05,2560,0.004555181756497065,True
100M_TOPGrowing,benchmark_results_yearly_20260412_085132.csv,GaussianBudget100M_TOPGrowing,GRAVEYARD_2021-CAANF-002217,20210626,7,pyrologix,11,202-76,0,drone,1,9.489961992702219e-05,4545,0.004270482896715999,True
100M_TOPGrowing,benchmark_results_yearly_20260412_085132.csv,GaussianBudget100M_TOPGrowing,GUM__2021-CASTF-001887,20210730,14,pyrologix,8,110-68,0,drone,1,9.489961992702219e-05,3450,0.0046500813764240876,True
100M_TOPGrowing,benchmark_results_yearly_20260412_085132.csv,GaussianBudget100M_TOPGrowing,H-5_CINDER_2021-CALNF-002519,20210516,21,pyrologix,4,50-54,0,drone,1,9.489961992702219e-05,1790,0.0046500813764240876,True
100M_TOPGrowing,benchmark_results_yearly_20260412_085132.csv,GaussianBudget100M_TOPGrowing,HARRIS_2021-CATNF-001509,20210803,13,pyrologix,11,78-61,0,drone,1,9.489961992702219e-05,4400,0.0046500813764240876,True
100M_TOPGrowing,benchmark_results_yearly_20260412_085132.csv,GaussianBudget100M_TOPGrowing,HILL_2021-CASHF-000537,20210504,18,pyrologix,4,36-42,0,drone,1,9.489961992702219e-05,1600,0.0046500813764240876,True
100M_TOPGrowing,benchmark_results_yearly_20260412_085132.csv,GaussianBudget100M_TOPGrowing,HILTON_2021-CAINF-001144,20210608,18,pyrologix,5,none,-1,undetected,1,9.489961992702219e-05,0,0.0,False
100M_TOPGrowing,benchmark_results_yearly_20260412_085132.csv,GaussianBudget100M_TOPGrowing,HOME_2021-CATMU-027066,20210911,21,pyrologix,7,92-63,0,drone,1,9.489961992702219e-05,2930,0.0046500813764240876,True
100M_TOPGrowing,benchmark_results_yearly_20260412_085132.csv,GaussianBudget100M_TOPGrowing,HORSE_2021-CASQF-003069,20210910,10,pyrologix,11,166-78,0,drone,1,9.489961992702219e-05,4365,0.0046500813764240876,True
100M_TOPGrowing,benchmark_results_yearly_20260412_085132.csv,GaussianBudget100M_TOPGrowing,HWY_18____HWY_189_2021-CABDU-017482,20211203,10,pyrologix,3,209-97,0,drone,1,9.489961992702219e-05,1350,0.004460282136570043,True
100M_TOPGrowing,benchmark_results_yearly_20260412_085132.csv,GaussianBudget100M_TOPGrowing,Hart_2021-CAPNF-001527,20210809,15,pyrologix,6,71-50,0,drone,1,9.489961992702219e-05,2605,0.0046500813764240876,True
100M_TOPGrowing,benchmark_results_yearly_20260412_085132.csv,GaussianBudget100M_TOPGrowing,INTERSTATE_2021-CAANF-002677,20210719,18,pyrologix,11,194-68,0,drone,1,9.489961992702219e-05,4365,0.0046500813764240876,True
100M_TOPGrowing,benchmark_results_yearly_20260412_085132.csv,GaussianBudget100M_TOPGrowing,Ingalls_2021-CAPNF-001370,20210730,15,pyrologix,5,71-64,1,drone,1,9.489961992702219e-05,2610,0.0046500813764240876,True
100M_TOPGrowing,benchmark_results_yearly_20260412_085132.csv,GaussianBudget100M_TOPGrowing,JENNESS__2021-CASTF-002065,20210807,22,pyrologix,3,113-61,1,drone,1,9.489961992702219e-05,1480,0.004555181756497065,True
100M_TOPGrowing,benchmark_results_yearly_20260412_085132.csv,GaussianBudget100M_TOPGrowing,JULY_2021-CAKNF-003631,20210515,13,pyrologix,12,36-28,0,drone,1,9.489961992702219e-05,4895,0.0046500813764240876,True
100M_TOPGrowing,benchmark_results_yearly_20260412_085132.csv,GaussianBudget100M_TOPGrowing,Jordan_2021-CAPNF-000609,20210515,13,pyrologix,6,71-71,1,drone,1,9.489961992702219e-05,2960,0.004365382516643021,True
100M_TOPGrowing,benchmark_results_yearly_20260412_085132.csv,GaussianBudget100M_TOPGrowing,KELLY__2021-CAMDF-001437,20210813,23,pyrologix,5,36-70,1,drone,1,9.489961992702219e-05,2430,0.0046500813764240876,True
100M_TOPGrowing,benchmark_results_yearly_20260412_085132.csv,GaussianBudget100M_TOPGrowing,Kessler_2021-CAPNF-001359,20210730,20,pyrologix,12,64-59,0,drone,1,9.489961992702219e-05,4960,0.0046500813764240876,True
100M_TOPGrowing,benchmark_results_yearly_20260412_085132.csv,GaussianBudget100M_TOPGrowing,L-1_WIDOW_2021-CALNF-002521,20210516,21,pyrologix,6,57-53,0,drone,1,9.489961992702219e-05,2570,0.0046500813764240876,True
100M_TOPGrowing,benchmark_results_yearly_20260412_085132.csv,GaussianBudget100M_TOPGrowing,LITTLE_MARBLE_2021-CAKNF-007809,20210908,11,pyrologix,8,23-33,0,drone,1,9.489961992702219e-05,3290,0.0046500813764240876,True
100M_TOPGrowing,benchmark_results_yearly_20260412_085132.csv,GaussianBudget100M_TOPGrowing,LOONEY_2021-CASTF-000755,20210516,23,pyrologix,12,113-61,0,drone,1,9.489961992702219e-05,4635,0.0046500813764240876,True
100M_TOPGrowing,benchmark_results_yearly_20260412_085132.csv,GaussianBudget100M_TOPGrowing,MAPLE_2021-CAMDF-000589,20210623,20,pyrologix,9,36-70,0,drone,1,9.489961992702219e-05,3605,0.0046500813764240876,True
100M_TOPGrowing,benchmark_results_yearly_20260412_085132.csv,GaussianBudget100M_TOPGrowing,Maddalena_2021-CAPNF-000902,20210623,18,pyrologix,11,71-64,0,drone,1,9.489961992702219e-05,4505,0.0046500813764240876,True
100M_TOPGrowing,benchmark_results_yearly_20260412_085132.csv,GaussianBudget100M_TOPGrowing,Mayfair_2021-CASRF-000613,20210724,18,pyrologix,9,36-21,1,drone,1,9.489961992702219e-05,3995,0.0046500813764240876,True
100M_TOPGrowing,benchmark_results_yearly_20260412_085132.csv,GaussianBudget100M_TOPGrowing,McCash_2021-CASRF-000651,20210801,0,pyrologix,5,22-26,0,drone,1,9.489961992702219e-05,2025,0.0046500813764240876,True
100M_TOPGrowing,benchmark_results_yearly_20260412_085132.csv,GaussianBudget100M_TOPGrowing,OAK_2021-CABDF-001348,20210118,16,pyrologix,9,207-90,0,drone,1,9.489961992702219e-05,3580,0.004175583276788976,True
100M_TOPGrowing,benchmark_results_yearly_20260412_085132.csv,GaussianBudget100M_TOPGrowing,Oaks_2021-CACNF-001438,20210523,20,pyrologix,7,244-101,0,drone,1,9.489961992702219e-05,2730,0.0046500813764240876,True
100M_TOPGrowing,benchmark_results_yearly_20260412_085132.csv,GaussianBudget100M_TOPGrowing,Ozena_2021-CALPF-002505,20210909,13,pyrologix,1,192-62,2,drone,1,9.489961992702219e-05,1370,0.0046500813764240876,True
100M_TOPGrowing,benchmark_results_yearly_20260412_085132.csv,GaussianBudget100M_TOPGrowing,PASS_2021-CAINF-001475,20210630,12,pyrologix,9,123-77,0,drone,1,9.489961992702219e-05,3750,0.004460282136570043,True
100M_TOPGrowing,benchmark_results_yearly_20260412_085132.csv,GaussianBudget100M_TOPGrowing,PIGEON__2021-CAANF-003180,20210827,22,pyrologix,5,205-83,0,drone,1,9.489961992702219e-05,2020,0.004555181756497065,True
100M_TOPGrowing,benchmark_results_yearly_20260412_085132.csv,GaussianBudget100M_TOPGrowing,PINE_2021-CAANF-001466,20210512,17,pyrologix,8,none,-1,undetected,1,9.489961992702219e-05,0,0.0,False
100M_TOPGrowing,benchmark_results_yearly_20260412_085132.csv,GaussianBudget100M_TOPGrowing,PINE_2021-CATNF-001262,20210705,3,pyrologix,4,85-53,0,drone,1,9.489961992702219e-05,1755,0.0046500813764240876,True
100M_TOPGrowing,benchmark_results_yearly_20260412_085132.csv,GaussianBudget100M_TOPGrowing,PONDEROSA_2021-CASQF-000955,20210508,19,pyrologix,4,173-77,0,drone,1,9.489961992702219e-05,1635,0.0046500813764240876,True
100M_TOPGrowing,benchmark_results_yearly_20260412_085132.csv,GaussianBudget100M_TOPGrowing,PONY_2021-CABDF-010399,20210703,22,pyrologix,1,223-101,1,drone,1,9.489961992702219e-05,915,0.004460282136570043,True
100M_TOPGrowing,benchmark_results_yearly_20260412_085132.csv,GaussianBudget100M_TOPGrowing,PREACHER_2021-CAKNF-006498,20210802,17,pyrologix,1,36-28,0,drone,1,9.489961992702219e-05,580,0.003985784036934932,True
100M_TOPGrowing,benchmark_results_yearly_20260412_085132.csv,GaussianBudget100M_TOPGrowing,Penney_2021-CASHF-000836,20210610,14,pyrologix,7,57-25,0,drone,1,9.489961992702219e-05,2925,0.0046500813764240876,True
100M_TOPGrowing,benchmark_results_yearly_20260412_085132.csv,GaussianBudget100M_TOPGrowing,Pond_2021-CASHF-001598,20211130,21,pyrologix,4,36-42,0,drone,1,9.489961992702219e-05,1550,0.0046500813764240876,True
100M_TOPGrowing,benchmark_results_yearly_20260412_085132.csv,GaussianBudget100M_TOPGrowing,Portola__2021-CAPNF-000856,20210618,20,pyrologix,5,71-64,0,drone,1,9.489961992702219e-05,2140,0.0046500813764240876,True
100M_TOPGrowing,benchmark_results_yearly_20260412_085132.csv,GaussianBudget100M_TOPGrowing,RAPTOR_2021-CABDF-012984,20210901,17,pyrologix,6,223-101,1,drone,1,9.489961992702219e-05,2675,0.0046500813764240876,True
100M_TOPGrowing,benchmark_results_yearly_20260412_085132.csv,GaussianBudget100M_TOPGrowing,RAYS_2021-CAENF-013393,20210517,19,pyrologix,5,99-61,1,drone,1,9.489961992702219e-05,2550,0.0046500813764240876,True
100M_TOPGrowing,benchmark_results_yearly_20260412_085132.csv,GaussianBudget100M_TOPGrowing,RED_2021-CAINF-001804,20210720,1,pyrologix,4,128-80,0,drone,1,9.489961992702219e-05,1920,0.0046500813764240876,True
100M_TOPGrowing,benchmark_results_yearly_20260412_085132.csv,GaussianBudget100M_TOPGrowing,REFUGE_2021-CAMDF-000609,20210624,17,pyrologix,11,36-70,1,drone,1,9.489961992702219e-05,4855,0.0046500813764240876,True
100M_TOPGrowing,benchmark_results_yearly_20260412_085132.csv,GaussianBudget100M_TOPGrowing,RICE_2021-CAMDF-001543,20210816,9,pyrologix,12,43-62,1,drone,1,9.489961992702219e-05,5300,0.0046500813764240876,True
100M_TOPGrowing,benchmark_results_yearly_20260412_085132.csv,GaussianBudget100M_TOPGrowing,ROUND_2021-CAMDF-000607,20210624,17,pyrologix,3,36-56,0,drone,1,9.489961992702219e-05,1515,0.0046500813764240876,True
100M_TOPGrowing,benchmark_results_yearly_20260412_085132.csv,GaussianBudget100M_TOPGrowing,Rocky_2021-CACNF-001400,20210521,21,pyrologix,8,244-101,0,drone,1,9.489961992702219e-05,3360,0.0046500813764240876,True
100M_TOPGrowing,benchmark_results_yearly_20260412_085132.csv,GaussianBudget100M_TOPGrowing,Rubicon_2021-CAENF-028647,20210925,22,pyrologix,4,92-56,1,drone,1,9.489961992702219e-05,2130,0.0046500813764240876,True
100M_TOPGrowing,benchmark_results_yearly_20260412_085132.csv,GaussianBudget100M_TOPGrowing,SANTA_2021-CAANF-004490,20211230,20,pyrologix,7,202-76,0,drone,1,9.489961992702219e-05,2855,0.004270482896715999,True
100M_TOPGrowing,benchmark_results_yearly_20260412_085132.csv,GaussianBudget100M_TOPGrowing,SAPP_2021-CASTF-001710,20210718,12,pyrologix,10,106-62,0,drone,1,9.489961992702219e-05,4010,0.0046500813764240876,True
100M_TOPGrowing,benchmark_results_yearly_20260412_085132.csv,GaussianBudget100M_TOPGrowing,SAW_2021-CAINF-001447,20210629,0,pyrologix,3,123-82,0,drone,1,9.489961992702219e-05,1375,0.004460282136570043,True
100M_TOPGrowing,benchmark_results_yearly_20260412_085132.csv,GaussianBudget100M_TOPGrowing,SCENIC_2021-CACDD-009987,20210625,20,pyrologix,8,none,-1,undetected,1,9.489961992702219e-05,0,0.0,False
100M_TOPGrowing,benchmark_results_yearly_20260412_085132.csv,GaussianBudget100M_TOPGrowing,SKY_2021-CALNF-003531,20210627,18,pyrologix,11,64-52,0,drone,1,9.489961992702219e-05,4575,0.004555181756497065,True
100M_TOPGrowing,benchmark_results_yearly_20260412_085132.csv,GaussianBudget100M_TOPGrowing,SLEIGHVILLE_2021-CATNF-000722,20210512,21,pyrologix,3,78-54,0,drone,1,9.489961992702219e-05,1450,0.0046500813764240876,True
100M_TOPGrowing,benchmark_results_yearly_20260412_085132.csv,GaussianBudget100M_TOPGrowing,SOUTH_2021-CAKNF-004388,20210606,19,pyrologix,9,36-35,0,drone,1,9.489961992702219e-05,3640,0.0046500813764240876,True
100M_TOPGrowing,benchmark_results_yearly_20260412_085132.csv,GaussianBudget100M_TOPGrowing,SPRINGS_2021-CAANF-001067,20210405,18,pyrologix,10,205-83,0,drone,1,9.489961992702219e-05,4255,0.0046500813764240876,True
100M_TOPGrowing,benchmark_results_yearly_20260412_085132.csv,GaussianBudget100M_TOPGrowing,SPRUCE_2021-CABDF-012448,20210817,18,pyrologix,5,223-101,0,drone,1,9.489961992702219e-05,2075,0.0046500813764240876,True
100M_TOPGrowing,benchmark_results_yearly_20260412_085132.csv,GaussianBudget100M_TOPGrowing,STATE_2021-CAANF-004208,20211125,22,pyrologix,10,194-68,1,drone,1,9.489961992702219e-05,4435,0.0046500813764240876,True
100M_TOPGrowing,benchmark_results_yearly_20260412_085132.csv,GaussianBudget100M_TOPGrowing,SUGAR_3_2021-CAMDF-000434,20210529,22,pyrologix,5,31-80,0,drone,1,9.489961992702219e-05,2100,0.0040806836568619545,True
100M_TOPGrowing,benchmark_results_yearly_20260412_085132.csv,GaussianBudget100M_TOPGrowing,SUMMIT_2021-CATNF-001568,20210812,22,pyrologix,3,85-60,0,drone,1,9.489961992702219e-05,1490,0.0046500813764240876,True
100M_TOPGrowing,benchmark_results_yearly_20260412_085132.csv,GaussianBudget100M_TOPGrowing,Stanshaw_2021-CASRF-000187,20210404,16,pyrologix,12,22-26,0,drone,1,9.489961992702219e-05,4980,0.0046500813764240876,True
100M_TOPGrowing,benchmark_results_yearly_20260412_085132.csv,GaussianBudget100M_TOPGrowing,TELEPHONE_2021-CAKNF-005027,20210625,4,pyrologix,7,36-35,0,drone,1,9.489961992702219e-05,2775,0.0046500813764240876,True
100M_TOPGrowing,benchmark_results_yearly_20260412_085132.csv,GaussianBudget100M_TOPGrowing,TEMPLIN_2021-CAANF-000022,20210102,17,pyrologix,7,194-68,0,drone,1,9.489961992702219e-05,2895,0.0046500813764240876,True
100M_TOPGrowing,benchmark_results_yearly_20260412_085132.csv,GaussianBudget100M_TOPGrowing,TOOLBOX_2021-CABDF-016095,20211031,17,pyrologix,1,223-101,0,drone,1,9.489961992702219e-05,665,0.004365382516643021,True
100M_TOPGrowing,benchmark_results_yearly_20260412_085132.csv,GaussianBudget100M_TOPGrowing,Three__2021-CASRF-000205,20210415,23,pyrologix,8,29-23,2,drone,1,9.489961992702219e-05,4190,0.0046500813764240876,True
100M_TOPGrowing,benchmark_results_yearly_20260412_085132.csv,GaussianBudget100M_TOPGrowing,Twain_2021-CAPNF-000486,20210421,22,pyrologix,2,71-57,0,drone,1,9.489961992702219e-05,935,0.0046500813764240876,True
100M_TOPGrowing,benchmark_results_yearly_20260412_085132.csv,GaussianBudget100M_TOPGrowing,VASQUEZ_2021-CAANF-002923,20210806,13,pyrologix,12,202-76,1,drone,1,9.489961992702219e-05,5225,0.004270482896715999,True
100M_TOPGrowing,benchmark_results_yearly_20260412_085132.csv,GaussianBudget100M_TOPGrowing,WALLOW_2021-CAKNF-005034,20210625,13,pyrologix,4,29-44,0,drone,1,9.489961992702219e-05,1775,0.0046500813764240876,True
100M_TOPGrowing,benchmark_results_yearly_20260412_085132.csv,GaussianBudget100M_TOPGrowing,WEST_2021-CASNF-000781,20210703,22,pyrologix,2,130-62,0,drone,1,9.489961992702219e-05,980,0.0046500813764240876,True
100M_TOPGrowing,benchmark_results_yearly_20260412_085132.csv,GaussianBudget100M_TOPGrowing,WHITE_2021-CASHF-001242,20210808,19,pyrologix,1,36-28,0,drone,1,9.489961992702219e-05,685,0.004555181756497065,True
500M_MaxCov,benchmark_results_yearly_20260412_075513.csv,GaussianBudget500M_MaxCov,BEAR_2021-CAENF-022077,20210730,20,pyrologix,9,none,-1,undetected,1,9.489961992702219e-05,0,0.0,False
500M_MaxCov,benchmark_results_yearly_20260412_075513.csv,GaussianBudget500M_MaxCov,BIG_PINE_2021-CABDF-018139,20211127,17,pyrologix,9,none,-1,undetected,1,9.489961992702219e-05,0,0.0,False
500M_MaxCov,benchmark_results_yearly_20260412_075513.csv,GaussianBudget500M_MaxCov,BLOOMFIELD_2021-CASTF-001865,20210729,18,pyrologix,4,none,-1,undetected,1,9.489961992702219e-05,0,0.0,False
500M_MaxCov,benchmark_results_yearly_20260412_075513.csv,GaussianBudget500M_MaxCov,BORDER_2021-CAMDF-000575,20210622,11,pyrologix,7,none,-1,undetected,1,9.489961992702219e-05,0,0.0,False
500M_MaxCov,benchmark_results_yearly_20260412_075513.csv,GaussianBudget500M_MaxCov,BOX_2021-CAMDF-001391,20210811,16,pyrologix,2,none,-1,undetected,1,9.489961992702219e-05,0,0.0,False
500M_MaxCov,benchmark_results_yearly_20260412_075513.csv,GaussianBudget500M_MaxCov,BRANCH_2021-CAKNF-006399,20210731,15,pyrologix,2,none,-1,undetected,1,9.489961992702219e-05,0,0.0,False
500M_MaxCov,benchmark_results_yearly_20260412_075513.csv,GaussianBudget500M_MaxCov,BROWNES_2021-CASTF-000628,20210428,16,pyrologix,9,none,-1,undetected,1,9.489961992702219e-05,0,0.0,False
500M_MaxCov,benchmark_results_yearly_20260412_075513.csv,GaussianBudget500M_MaxCov,BUCKSKIN_2021-CAENF-020954,20210719,18,pyrologix,6,none,-1,undetected,1,9.489961992702219e-05,0,0.0,False
500M_MaxCov,benchmark_results_yearly_20260412_075513.csv,GaussianBudget500M_MaxCov,Beskeen__2021-CAPNF-000184,20210226,16,pyrologix,11,none,-1,undetected,1,9.489961992702219e-05,0,0.0,False
500M_MaxCov,benchmark_results_yearly_20260412_075513.csv,GaussianBudget500M_MaxCov,CAMPUS_2021-CABDF-012440,20210817,18,pyrologix,6,none,-1,undetected,1,9.489961992702219e-05,0,0.0,False
500M_MaxCov,benchmark_results_yearly_20260412_075513.csv,GaussianBudget500M_MaxCov,CARSON_2021-CAENF-013467,20210518,14,pyrologix,11,none,-1,undetected,1,9.489961992702219e-05,0,0.0,False
500M_MaxCov,benchmark_results_yearly_20260412_075513.csv,GaussianBudget500M_MaxCov,CENTER_2021-CABDF-005836,20210401,0,pyrologix,4,none,-1,undetected,1,9.489961992702219e-05,0,0.0,False
500M_MaxCov,benchmark_results_yearly_20260412_075513.csv,GaussianBudget500M_MaxCov,CHECK_2021-CABDF-012207,20210812,20,pyrologix,3,none,-1,undetected,1,9.489961992702219e-05,0,0.0,False
500M_MaxCov,benchmark_results_yearly_20260412_075513.csv,GaussianBudget500M_MaxCov,CLEGHORN_2021-CABDF-001345,20210118,19,pyrologix,2,none,-1,undetected,1,9.489961992702219e-05,0,0.0,False
500M_MaxCov,benchmark_results_yearly_20260412_075513.csv,GaussianBudget500M_MaxCov,CLOUD_2021-CABDF-009443,20210613,21,pyrologix,6,none,-1,undetected,1,9.489961992702219e-05,0,0.0,False
500M_MaxCov,benchmark_results_yearly_20260412_075513.csv,GaussianBudget500M_MaxCov,COYOTE_2021-CARRU-073166,20210602,19,pyrologix,11,none,-1,undetected,1,9.489961992702219e-05,0,0.0,False
500M_MaxCov,benchmark_results_yearly_20260412_075513.csv,GaussianBudget500M_MaxCov,CROSSING_2021-CAINF-000543,20210410,13,pyrologix,12,none,-1,undetected,1,9.489961992702219e-05,0,0.0,False
500M_MaxCov,benchmark_results_yearly_20260412_075513.csv,GaussianBudget500M_MaxCov,CROWDER_2021-CAMDF-000588,20210622,18,pyrologix,11,none,-1,undetected,1,9.489961992702219e-05,0,0.0,False
500M_MaxCov,benchmark_results_yearly_20260412_075513.csv,GaussianBudget500M_MaxCov,CUDDY_2021-CALPF-000993,20210504,14,pyrologix,8,none,-1,undetected,1,9.489961992702219e-05,0,0.0,False
500M_MaxCov,benchmark_results_yearly_20260412_075513.csv,GaussianBudget500M_MaxCov,Corte_Madera_2021-CACNF-000407,20210206,16,pyrologix,6,none,-1,undetected,1,9.489961992702219e-05,0,0.0,False
500M_MaxCov,benchmark_results_yearly_20260412_075513.csv,GaussianBudget500M_MaxCov,DALE_2021-CASHF-000975,20210629,22,pyrologix,4,none,-1,undetected,1,9.489961992702219e-05,0,0.0,False
500M_MaxCov,benchmark_results_yearly_20260412_075513.csv,GaussianBudget500M_MaxCov,DEXTER_2021-CAINF-001695,20210712,11,pyrologix,12,none,-1,undetected,1,9.489961992702219e-05,0,0.0,False
500M_MaxCov,benchmark_results_yearly_20260412_075513.csv,GaussianBudget500M_MaxCov,DUSY_2021-CASNF-001231,20210811,16,pyrologix,10,none,-1,undetected,1,9.489961992702219e-05,0,0.0,False
500M_MaxCov,benchmark_results_yearly_20260412_075513.csv,GaussianBudget500M_MaxCov,EAST_2021-CASHF-000646,20210520,20,pyrologix,10,none,-1,undetected,1,9.489961992702219e-05,0,0.0,False
500M_MaxCov,benchmark_results_yearly_20260412_075513.csv,GaussianBudget500M_MaxCov,FAWN_2021-CASHU-010480,20210922,18,pyrologix,12,none,-1,undetected,1,9.489961992702219e-05,0,0.0,False
500M_MaxCov,benchmark_results_yearly_20260412_075513.csv,GaussianBudget500M_MaxCov,FLAT_2021-CASHF-000907,20210621,20,pyrologix,3,none,-1,undetected,1,9.489961992702219e-05,0,0.0,False
500M_MaxCov,benchmark_results_yearly_20260412_075513.csv,GaussianBudget500M_MaxCov,FOX_2021-CALNF-002007,20210422,22,pyrologix,4,none,-1,undetected,1,9.489961992702219e-05,0,0.0,False
500M_MaxCov,benchmark_results_yearly_20260412_075513.csv,GaussianBudget500M_MaxCov,GAGGS_2021-CASNF-001725,20211010,12,pyrologix,8,none,-1,undetected,1,9.489961992702219e-05,0,0.0,False
500M_MaxCov,benchmark_results_yearly_20260412_075513.csv,GaussianBudget500M_MaxCov,GINGER_BREAD_2021-CABDF-018471,20211129,19,pyrologix,3,none,-1,undetected,1,9.489961992702219e-05,0,0.0,False
500M_MaxCov,benchmark_results_yearly_20260412_075513.csv,GaussianBudget500M_MaxCov,GOBBI_2021-CAENF-023392,20210809,15,pyrologix,12,none,-1,undetected,1,9.489961992702219e-05,0,0.0,False
500M_MaxCov,benchmark_results_yearly_20260412_075513.csv,GaussianBudget500M_MaxCov,GRAND_VIEW_2021-CABDF-012129,20210810,20,pyrologix,5,none,-1,undetected,1,9.489961992702219e-05,0,0.0,False
500M_MaxCov,benchmark_results_yearly_20260412_075513.csv,GaussianBudget500M_MaxCov,GRAVEYARD_2021-CAANF-002217,20210626,7,pyrologix,11,none,-1,undetected,1,9.489961992702219e-05,0,0.0,False
500M_MaxCov,benchmark_results_yearly_20260412_075513.csv,GaussianBudget500M_MaxCov,GUM__2021-CASTF-001887,20210730,14,pyrologix,8,none,-1,undetected,1,9.489961992702219e-05,0,0.0,False
500M_MaxCov,benchmark_results_yearly_20260412_075513.csv,GaussianBudget500M_MaxCov,Grizzly_2021-CAPNF-000697,20210529,16,pyrologix,11,none,-1,undetected,1,9.489961992702219e-05,0,0.0,False
500M_MaxCov,benchmark_results_yearly_20260412_075513.csv,GaussianBudget500M_MaxCov,H-5_CINDER_2021-CALNF-002519,20210516,21,pyrologix,4,none,-1,undetected,1,9.489961992702219e-05,0,0.0,False
500M_MaxCov,benchmark_results_yearly_20260412_075513.csv,GaussianBudget500M_MaxCov,HARRIS_2021-CATNF-001509,20210803,13,pyrologix,11,none,-1,undetected,1,9.489961992702219e-05,0,0.0,False
500M_MaxCov,benchmark_results_yearly_20260412_075513.csv,GaussianBudget500M_MaxCov,HILL_2021-CASHF-000537,20210504,18,pyrologix,4,none,-1,undetected,1,9.489961992702219e-05,0,0.0,False
500M_MaxCov,benchmark_results_yearly_20260412_075513.csv,GaussianBudget500M_MaxCov,HILTON_2021-CAINF-001144,20210608,18,pyrologix,5,none,-1,undetected,1,9.489961992702219e-05,0,0.0,False
500M_MaxCov,benchmark_results_yearly_20260412_075513.csv,GaussianBudget500M_MaxCov,HOME_2021-CATMU-027066,20210911,21,pyrologix,7,none,-1,undetected,1,9.489961992702219e-05,0,0.0,False
500M_MaxCov,benchmark_results_yearly_20260412_075513.csv,GaussianBudget500M_MaxCov,HORSE_2021-CASQF-003069,20210910,10,pyrologix,11,none,-1,undetected,1,9.489961992702219e-05,0,0.0,False
500M_MaxCov,benchmark_results_yearly_20260412_075513.csv,GaussianBudget500M_MaxCov,HWY_18____HWY_189_2021-CABDU-017482,20211203,10,pyrologix,3,none,-1,undetected,1,9.489961992702219e-05,0,0.0,False
500M_MaxCov,benchmark_results_yearly_20260412_075513.csv,GaussianBudget500M_MaxCov,Hart_2021-CAPNF-001527,20210809,15,pyrologix,6,none,-1,undetected,1,9.489961992702219e-05,0,0.0,False
500M_MaxCov,benchmark_results_yearly_20260412_075513.csv,GaussianBudget500M_MaxCov,INTERSTATE_2021-CAANF-002677,20210719,18,pyrologix,11,none,-1,undetected,1,9.489961992702219e-05,0,0.0,False
500M_MaxCov,benchmark_results_yearly_20260412_075513.csv,GaussianBudget500M_MaxCov,Ingalls_2021-CAPNF-001370,20210730,15,pyrologix,5,none,-1,undetected,1,9.489961992702219e-05,0,0.0,False
500M_MaxCov,benchmark_results_yearly_20260412_075513.csv,GaussianBudget500M_MaxCov,JENNESS__2021-CASTF-002065,20210807,22,pyrologix,3,none,-1,undetected,1,9.489961992702219e-05,0,0.0,False
500M_MaxCov,benchmark_results_yearly_20260412_075513.csv,GaussianBudget500M_MaxCov,JULY_2021-CAKNF-003631,20210515,13,pyrologix,12,none,-1,undetected,1,9.489961992702219e-05,0,0.0,False
500M_MaxCov,benchmark_results_yearly_20260412_075513.csv,GaussianBudget500M_MaxCov,Jordan_2021-CAPNF-000609,20210515,13,pyrologix,6,none,-1,undetected,1,9.489961992702219e-05,0,0.0,False
500M_MaxCov,benchmark_results_yearly_20260412_075513.csv,GaussianBudget500M_MaxCov,KELLY__2021-CAMDF-001437,20210813,23,pyrologix,5,none,-1,undetected,1,9.489961992702219e-05,0,0.0,False
500M_MaxCov,benchmark_results_yearly_20260412_075513.csv,GaussianBudget500M_MaxCov,Kessler_2021-CAPNF-001359,20210730,20,pyrologix,12,none,-1,undetected,1,9.489961992702219e-05,0,0.0,False
500M_MaxCov,benchmark_results_yearly_20260412_075513.csv,GaussianBudget500M_MaxCov,L-1_WIDOW_2021-CALNF-002521,20210516,21,pyrologix,6,none,-1,undetected,1,9.489961992702219e-05,0,0.0,False
500M_MaxCov,benchmark_results_yearly_20260412_075513.csv,GaussianBudget500M_MaxCov,LITTLE_MARBLE_2021-CAKNF-007809,20210908,11,pyrologix,8,none,-1,undetected,1,9.489961992702219e-05,0,0.0,False
500M_MaxCov,benchmark_results_yearly_20260412_075513.csv,GaussianBudget500M_MaxCov,LONG_2021-CAKNF-006470,20210801,21,pyrologix,4,none,-1,undetected,1,9.489961992702219e-05,0,0.0,False
500M_MaxCov,benchmark_results_yearly_20260412_075513.csv,GaussianBudget500M_MaxCov,LOONEY_2021-CASTF-000755,20210516,23,pyrologix,12,none,-1,undetected,1,9.489961992702219e-05,0,0.0,False
500M_MaxCov,benchmark_results_yearly_20260412_075513.csv,GaussianBudget500M_MaxCov,MAPLE_2021-CAMDF-000589,20210623,20,pyrologix,9,none,-1,undetected,1,9.489961992702219e-05,0,0.0,False
500M_MaxCov,benchmark_results_yearly_20260412_075513.csv,GaussianBudget500M_MaxCov,Maddalena_2021-CAPNF-000902,20210623,18,pyrologix,11,none,-1,undetected,1,9.489961992702219e-05,0,0.0,False
500M_MaxCov,benchmark_results_yearly_20260412_075513.csv,GaussianBudget500M_MaxCov,Mayfair_2021-CASRF-000613,20210724,18,pyrologix,9,none,-1,undetected,1,9.489961992702219e-05,0,0.0,False
500M_MaxCov,benchmark_results_yearly_20260412_075513.csv,GaussianBudget500M_MaxCov,McCash_2021-CASRF-000651,20210801,0,pyrologix,5,none,-1,undetected,1,9.489961992702219e-05,0,0.0,False
500M_MaxCov,benchmark_results_yearly_20260412_075513.csv,GaussianBudget500M_MaxCov,OAK_2021-CABDF-001348,20210118,16,pyrologix,9,none,-1,undetected,1,9.489961992702219e-05,0,0.0,False
500M_MaxCov,benchmark_results_yearly_20260412_075513.csv,GaussianBudget500M_MaxCov,Oaks_2021-CACNF-001438,20210523,20,pyrologix,7,none,-1,undetected,1,9.489961992702219e-05,0,0.0,False
500M_MaxCov,benchmark_results_yearly_20260412_075513.csv,GaussianBudget500M_MaxCov,Ozena_2021-CALPF-002505,20210909,13,pyrologix,1,none,-1,undetected,1,9.489961992702219e-05,0,0.0,False
500M_MaxCov,benchmark_results_yearly_20260412_075513.csv,GaussianBudget500M_MaxCov,PASS_2021-CAINF-001475,20210630,12,pyrologix,9,none,-1,undetected,1,9.489961992702219e-05,0,0.0,False
500M_MaxCov,benchmark_results_yearly_20260412_075513.csv,GaussianBudget500M_MaxCov,PIGEON__2021-CAANF-003180,20210827,22,pyrologix,5,none,-1,undetected,1,9.489961992702219e-05,0,0.0,False
500M_MaxCov,benchmark_results_yearly_20260412_075513.csv,GaussianBudget500M_MaxCov,PINE_2021-CAANF-001466,20210512,17,pyrologix,8,none,-1,undetected,1,9.489961992702219e-05,0,0.0,False
500M_MaxCov,benchmark_results_yearly_20260412_075513.csv,GaussianBudget500M_MaxCov,PINE_2021-CATNF-001262,20210705,3,pyrologix,4,none,-1,undetected,1,9.489961992702219e-05,0,0.0,False
500M_MaxCov,benchmark_results_yearly_20260412_075513.csv,GaussianBudget500M_MaxCov,PONDEROSA_2021-CASQF-000955,20210508,19,pyrologix,4,none,-1,undetected,1,9.489961992702219e-05,0,0.0,False
500M_MaxCov,benchmark_results_yearly_20260412_075513.csv,GaussianBudget500M_MaxCov,PONY_2021-CABDF-010399,20210703,22,pyrologix,1,none,-1,undetected,1,9.489961992702219e-05,0,0.0,False
500M_MaxCov,benchmark_results_yearly_20260412_075513.csv,GaussianBudget500M_MaxCov,PREACHER_2021-CAKNF-006498,20210802,17,pyrologix,1,none,-1,undetected,1,9.489961992702219e-05,0,0.0,False
500M_MaxCov,benchmark_results_yearly_20260412_075513.csv,GaussianBudget500M_MaxCov,Penney_2021-CASHF-000836,20210610,14,pyrologix,7,none,-1,undetected,1,9.489961992702219e-05,0,0.0,False
500M_MaxCov,benchmark_results_yearly_20260412_075513.csv,GaussianBudget500M_MaxCov,Pond_2021-CASHF-001598,20211130,21,pyrologix,4,none,-1,undetected,1,9.489961992702219e-05,0,0.0,False
500M_MaxCov,benchmark_results_yearly_20260412_075513.csv,GaussianBudget500M_MaxCov,Portola__2021-CAPNF-000856,20210618,20,pyrologix,5,none,-1,undetected,1,9.489961992702219e-05,0,0.0,False
500M_MaxCov,benchmark_results_yearly_20260412_075513.csv,GaussianBudget500M_MaxCov,RAPTOR_2021-CABDF-012984,20210901,17,pyrologix,6,none,-1,undetected,1,9.489961992702219e-05,0,0.0,False
500M_MaxCov,benchmark_results_yearly_20260412_075513.csv,GaussianBudget500M_MaxCov,RAYS_2021-CAENF-013393,20210517,19,pyrologix,5,none,-1,undetected,1,9.489961992702219e-05,0,0.0,False
500M_MaxCov,benchmark_results_yearly_20260412_075513.csv,GaussianBudget500M_MaxCov,RED_2021-CAINF-001804,20210720,1,pyrologix,4,none,-1,undetected,1,9.489961992702219e-05,0,0.0,False
500M_MaxCov,benchmark_results_yearly_20260412_075513.csv,GaussianBudget500M_MaxCov,REFUGE_2021-CAMDF-000609,20210624,17,pyrologix,11,none,-1,undetected,1,9.489961992702219e-05,0,0.0,False
500M_MaxCov,benchmark_results_yearly_20260412_075513.csv,GaussianBudget500M_MaxCov,RICE_2021-CAMDF-001543,20210816,9,pyrologix,12,none,-1,undetected,1,9.489961992702219e-05,0,0.0,False
500M_MaxCov,benchmark_results_yearly_20260412_075513.csv,GaussianBudget500M_MaxCov,ROUND_2021-CAMDF-000607,20210624,17,pyrologix,3,none,-1,undetected,1,9.489961992702219e-05,0,0.0,False
500M_MaxCov,benchmark_results_yearly_20260412_075513.csv,GaussianBudget500M_MaxCov,Rocky_2021-CACNF-001400,20210521,21,pyrologix,8,none,-1,undetected,1,9.489961992702219e-05,0,0.0,False
500M_MaxCov,benchmark_results_yearly_20260412_075513.csv,GaussianBudget500M_MaxCov,Rubicon_2021-CAENF-028647,20210925,22,pyrologix,4,none,-1,undetected,1,9.489961992702219e-05,0,0.0,False
500M_MaxCov,benchmark_results_yearly_20260412_075513.csv,GaussianBudget500M_MaxCov,SANTA_2021-CAANF-004490,20211230,20,pyrologix,7,none,-1,undetected,1,9.489961992702219e-05,0,0.0,False
500M_MaxCov,benchmark_results_yearly_20260412_075513.csv,GaussianBudget500M_MaxCov,SAPP_2021-CASTF-001710,20210718,12,pyrologix,10,none,-1,undetected,1,9.489961992702219e-05,0,0.0,False
500M_MaxCov,benchmark_results_yearly_20260412_075513.csv,GaussianBudget500M_MaxCov,SAW_2021-CAINF-001447,20210629,0,pyrologix,3,none,-1,undetected,1,9.489961992702219e-05,0,0.0,False
500M_MaxCov,benchmark_results_yearly_20260412_075513.csv,GaussianBudget500M_MaxCov,SCENIC_2021-CACDD-009987,20210625,20,pyrologix,8,none,-1,undetected,1,9.489961992702219e-05,0,0.0,False
500M_MaxCov,benchmark_results_yearly_20260412_075513.csv,GaussianBudget500M_MaxCov,SKY_2021-CALNF-003531,20210627,18,pyrologix,11,none,-1,undetected,1,9.489961992702219e-05,0,0.0,False
500M_MaxCov,benchmark_results_yearly_20260412_075513.csv,GaussianBudget500M_MaxCov,SLEIGHVILLE_2021-CATNF-000722,20210512,21,pyrologix,3,none,-1,undetected,1,9.489961992702219e-05,0,0.0,False
500M_MaxCov,benchmark_results_yearly_20260412_075513.csv,GaussianBudget500M_MaxCov,SOUTH_2021-CAKNF-004388,20210606,19,pyrologix,9,none,-1,undetected,1,9.489961992702219e-05,0,0.0,False
500M_MaxCov,benchmark_results_yearly_20260412_075513.csv,GaussianBudget500M_MaxCov,SPRINGS_2021-CAANF-001067,20210405,18,pyrologix,10,none,-1,undetected,1,9.489961992702219e-05,0,0.0,False
500M_MaxCov,benchmark_results_yearly_20260412_075513.csv,GaussianBudget500M_MaxCov,SPRUCE_2021-CABDF-012448,20210817,18,pyrologix,5,none,-1,undetected,1,9.489961992702219e-05,0,0.0,False
500M_MaxCov,benchmark_results_yearly_20260412_075513.csv,GaussianBudget500M_MaxCov,STATE_2021-CAANF-004208,20211125,22,pyrologix,10,none,-1,undetected,1,9.489961992702219e-05,0,0.0,False
500M_MaxCov,benchmark_results_yearly_20260412_075513.csv,GaussianBudget500M_MaxCov,SUGAR_3_2021-CAMDF-000434,20210529,22,pyrologix,5,none,-1,undetected,1,9.489961992702219e-05,0,0.0,False
500M_MaxCov,benchmark_results_yearly_20260412_075513.csv,GaussianBudget500M_MaxCov,SUMMIT_2021-CATNF-001568,20210812,22,pyrologix,3,none,-1,undetected,1,9.489961992702219e-05,0,0.0,False
500M_MaxCov,benchmark_results_yearly_20260412_075513.csv,GaussianBudget500M_MaxCov,Stanshaw_2021-CASRF-000187,20210404,16,pyrologix,12,none,-1,undetected,1,9.489961992702219e-05,0,0.0,False
500M_MaxCov,benchmark_results_yearly_20260412_075513.csv,GaussianBudget500M_MaxCov,TELEPHONE_2021-CAKNF-005027,20210625,4,pyrologix,7,none,-1,undetected,1,9.489961992702219e-05,0,0.0,False
500M_MaxCov,benchmark_results_yearly_20260412_075513.csv,GaussianBudget500M_MaxCov,TEMPLIN_2021-CAANF-000022,20210102,17,pyrologix,7,none,-1,undetected,1,9.489961992702219e-05,0,0.0,False
500M_MaxCov,benchmark_results_yearly_20260412_075513.csv,GaussianBudget500M_MaxCov,TOOLBOX_2021-CABDF-016095,20211031,17,pyrologix,1,none,-1,undetected,1,9.489961992702219e-05,0,0.0,False
500M_MaxCov,benchmark_results_yearly_20260412_075513.csv,GaussianBudget500M_MaxCov,Three__2021-CASRF-000205,20210415,23,pyrologix,8,none,-1,undetected,1,9.489961992702219e-05,0,0.0,False
500M_MaxCov,benchmark_results_yearly_20260412_075513.csv,GaussianBudget500M_MaxCov,Twain_2021-CAPNF-000486,20210421,22,pyrologix,2,none,-1,undetected,1,9.489961992702219e-05,0,0.0,False
500M_MaxCov,benchmark_results_yearly_20260412_075513.csv,GaussianBudget500M_MaxCov,VASQUEZ_2021-CAANF-002923,20210806,13,pyrologix,12,none,-1,undetected,1,9.489961992702219e-05,0,0.0,False
500M_MaxCov,benchmark_results_yearly_20260412_075513.csv,GaussianBudget500M_MaxCov,WALLOW_2021-CAKNF-005034,20210625,13,pyrologix,4,none,-1,undetected,1,9.489961992702219e-05,0,0.0,False
500M_MaxCov,benchmark_results_yearly_20260412_075513.csv,GaussianBudget500M_MaxCov,WEST_2021-CASNF-000781,20210703,22,pyrologix,2,none,-1,undetected,1,9.489961992702219e-05,0,0.0,False
500M_MaxCov,benchmark_results_yearly_20260412_075513.csv,GaussianBudget500M_MaxCov,WHITE_2021-CASHF-001242,20210808,19,pyrologix,1,none,-1,undetected,1,9.489961992702219e-05,0,0.0,False
500M_TOPGrowing,benchmark_results_yearly_20260412_075505.csv,GaussianBudget500M_TOPGrowing,BEAR_2021-CAENF-022077,20210730,20,pyrologix,9,none,-1,undetected,1,9.489961992702219e-05,0,0.0,False
500M_TOPGrowing,benchmark_results_yearly_20260412_075505.csv,GaussianBudget500M_TOPGrowing,BIG_PINE_2021-CABDF-018139,20211127,17,pyrologix,9,none,-1,undetected,1,9.489961992702219e-05,0,0.0,False
500M_TOPGrowing,benchmark_results_yearly_20260412_075505.csv,GaussianBudget500M_TOPGrowing,BLOOMFIELD_2021-CASTF-001865,20210729,18,pyrologix,4,none,-1,undetected,1,9.489961992702219e-05,0,0.0,False
500M_TOPGrowing,benchmark_results_yearly_20260412_075505.csv,GaussianBudget500M_TOPGrowing,BORDER_2021-CAMDF-000575,20210622,11,pyrologix,7,none,-1,undetected,1,9.489961992702219e-05,0,0.0,False
500M_TOPGrowing,benchmark_results_yearly_20260412_075505.csv,GaussianBudget500M_TOPGrowing,BOX_2021-CAMDF-001391,20210811,16,pyrologix,2,none,-1,undetected,1,9.489961992702219e-05,0,0.0,False
500M_TOPGrowing,benchmark_results_yearly_20260412_075505.csv,GaussianBudget500M_TOPGrowing,BRANCH_2021-CAKNF-006399,20210731,15,pyrologix,2,none,-1,undetected,1,9.489961992702219e-05,0,0.0,False
500M_TOPGrowing,benchmark_results_yearly_20260412_075505.csv,GaussianBudget500M_TOPGrowing,BROWNES_2021-CASTF-000628,20210428,16,pyrologix,9,none,-1,undetected,1,9.489961992702219e-05,0,0.0,False
500M_TOPGrowing,benchmark_results_yearly_20260412_075505.csv,GaussianBudget500M_TOPGrowing,BUCKSKIN_2021-CAENF-020954,20210719,18,pyrologix,6,none,-1,undetected,1,9.489961992702219e-05,0,0.0,False
500M_TOPGrowing,benchmark_results_yearly_20260412_075505.csv,GaussianBudget500M_TOPGrowing,Beskeen__2021-CAPNF-000184,20210226,16,pyrologix,11,none,-1,undetected,1,9.489961992702219e-05,0,0.0,False
500M_TOPGrowing,benchmark_results_yearly_20260412_075505.csv,GaussianBudget500M_TOPGrowing,CAMPUS_2021-CABDF-012440,20210817,18,pyrologix,6,none,-1,undetected,1,9.489961992702219e-05,0,0.0,False
500M_TOPGrowing,benchmark_results_yearly_20260412_075505.csv,GaussianBudget500M_TOPGrowing,CARSON_2021-CAENF-013467,20210518,14,pyrologix,11,none,-1,undetected,1,9.489961992702219e-05,0,0.0,False
500M_TOPGrowing,benchmark_results_yearly_20260412_075505.csv,GaussianBudget500M_TOPGrowing,CENTER_2021-CABDF-005836,20210401,0,pyrologix,4,none,-1,undetected,1,9.489961992702219e-05,0,0.0,False
500M_TOPGrowing,benchmark_results_yearly_20260412_075505.csv,GaussianBudget500M_TOPGrowing,CHECK_2021-CABDF-012207,20210812,20,pyrologix,3,none,-1,undetected,1,9.489961992702219e-05,0,0.0,False
500M_TOPGrowing,benchmark_results_yearly_20260412_075505.csv,GaussianBudget500M_TOPGrowing,CLEGHORN_2021-CABDF-001345,20210118,19,pyrologix,2,none,-1,undetected,1,9.489961992702219e-05,0,0.0,False
500M_TOPGrowing,benchmark_results_yearly_20260412_075505.csv,GaussianBudget500M_TOPGrowing,CLOUD_2021-CABDF-009443,20210613,21,pyrologix,6,none,-1,undetected,1,9.489961992702219e-05,0,0.0,False
500M_TOPGrowing,benchmark_results_yearly_20260412_075505.csv,GaussianBudget500M_TOPGrowing,COYOTE_2021-CARRU-073166,20210602,19,pyrologix,11,none,-1,undetected,1,9.489961992702219e-05,0,0.0,False
500M_TOPGrowing,benchmark_results_yearly_20260412_075505.csv,GaussianBudget500M_TOPGrowing,CROSSING_2021-CAINF-000543,20210410,13,pyrologix,12,none,-1,undetected,1,9.489961992702219e-05,0,0.0,False
500M_TOPGrowing,benchmark_results_yearly_20260412_075505.csv,GaussianBudget500M_TOPGrowing,CROWDER_2021-CAMDF-000588,20210622,18,pyrologix,11,none,-1,undetected,1,9.489961992702219e-05,0,0.0,False
500M_TOPGrowing,benchmark_results_yearly_20260412_075505.csv,GaussianBudget500M_TOPGrowing,CUDDY_2021-CALPF-000993,20210504,14,pyrologix,8,none,-1,undetected,1,9.489961992702219e-05,0,0.0,False
500M_TOPGrowing,benchmark_results_yearly_20260412_075505.csv,GaussianBudget500M_TOPGrowing,Corte_Madera_2021-CACNF-000407,20210206,16,pyrologix,6,none,-1,undetected,1,9.489961992702219e-05,0,0.0,False
500M_TOPGrowing,benchmark_results_yearly_20260412_075505.csv,GaussianBudget500M_TOPGrowing,DALE_2021-CASHF-000975,20210629,22,pyrologix,4,none,-1,undetected,1,9.489961992702219e-05,0,0.0,False
500M_TOPGrowing,benchmark_results_yearly_20260412_075505.csv,GaussianBudget500M_TOPGrowing,DEXTER_2021-CAINF-001695,20210712,11,pyrologix,12,none,-1,undetected,1,9.489961992702219e-05,0,0.0,False
500M_TOPGrowing,benchmark_results_yearly_20260412_075505.csv,GaussianBudget500M_TOPGrowing,DUSY_2021-CASNF-001231,20210811,16,pyrologix,10,none,-1,undetected,1,9.489961992702219e-05,0,0.0,False
500M_TOPGrowing,benchmark_results_yearly_20260412_075505.csv,GaussianBudget500M_TOPGrowing,EAST_2021-CASHF-000646,20210520,20,pyrologix,10,none,-1,undetected,1,9.489961992702219e-05,0,0.0,False
500M_TOPGrowing,benchmark_results_yearly_20260412_075505.csv,GaussianBudget500M_TOPGrowing,FAWN_2021-CASHU-010480,20210922,18,pyrologix,12,none,-1,undetected,1,9.489961992702219e-05,0,0.0,False
500M_TOPGrowing,benchmark_results_yearly_20260412_075505.csv,GaussianBudget500M_TOPGrowing,FLAT_2021-CASHF-000907,20210621,20,pyrologix,3,none,-1,undetected,1,9.489961992702219e-05,0,0.0,False
500M_TOPGrowing,benchmark_results_yearly_20260412_075505.csv,GaussianBudget500M_TOPGrowing,FOX_2021-CALNF-002007,20210422,22,pyrologix,4,none,-1,undetected,1,9.489961992702219e-05,0,0.0,False
500M_TOPGrowing,benchmark_results_yearly_20260412_075505.csv,GaussianBudget500M_TOPGrowing,GAGGS_2021-CASNF-001725,20211010,12,pyrologix,8,none,-1,undetected,1,9.489961992702219e-05,0,0.0,False
500M_TOPGrowing,benchmark_results_yearly_20260412_075505.csv,GaussianBudget500M_TOPGrowing,GINGER_BREAD_2021-CABDF-018471,20211129,19,pyrologix,3,none,-1,undetected,1,9.489961992702219e-05,0,0.0,False
500M_TOPGrowing,benchmark_results_yearly_20260412_075505.csv,GaussianBudget500M_TOPGrowing,GOBBI_2021-CAENF-023392,20210809,15,pyrologix,12,none,-1,undetected,1,9.489961992702219e-05,0,0.0,False
500M_TOPGrowing,benchmark_results_yearly_20260412_075505.csv,GaussianBudget500M_TOPGrowing,GRAND_VIEW_2021-CABDF-012129,20210810,20,pyrologix,5,none,-1,undetected,1,9.489961992702219e-05,0,0.0,False
500M_TOPGrowing,benchmark_results_yearly_20260412_075505.csv,GaussianBudget500M_TOPGrowing,GRAVEYARD_2021-CAANF-002217,20210626,7,pyrologix,11,none,-1,undetected,1,9.489961992702219e-05,0,0.0,False
500M_TOPGrowing,benchmark_results_yearly_20260412_075505.csv,GaussianBudget500M_TOPGrowing,GUM__2021-CASTF-001887,20210730,14,pyrologix,8,none,-1,undetected,1,9.489961992702219e-05,0,0.0,False
500M_TOPGrowing,benchmark_results_yearly_20260412_075505.csv,GaussianBudget500M_TOPGrowing,Grizzly_2021-CAPNF-000697,20210529,16,pyrologix,11,none,-1,undetected,1,9.489961992702219e-05,0,0.0,False
500M_TOPGrowing,benchmark_results_yearly_20260412_075505.csv,GaussianBudget500M_TOPGrowing,H-5_CINDER_2021-CALNF-002519,20210516,21,pyrologix,4,none,-1,undetected,1,9.489961992702219e-05,0,0.0,False
500M_TOPGrowing,benchmark_results_yearly_20260412_075505.csv,GaussianBudget500M_TOPGrowing,HARRIS_2021-CATNF-001509,20210803,13,pyrologix,11,none,-1,undetected,1,9.489961992702219e-05,0,0.0,False
500M_TOPGrowing,benchmark_results_yearly_20260412_075505.csv,GaussianBudget500M_TOPGrowing,HILL_2021-CASHF-000537,20210504,18,pyrologix,4,none,-1,undetected,1,9.489961992702219e-05,0,0.0,False
500M_TOPGrowing,benchmark_results_yearly_20260412_075505.csv,GaussianBudget500M_TOPGrowing,HILTON_2021-CAINF-001144,20210608,18,pyrologix,5,none,-1,undetected,1,9.489961992702219e-05,0,0.0,False
500M_TOPGrowing,benchmark_results_yearly_20260412_075505.csv,GaussianBudget500M_TOPGrowing,HOME_2021-CATMU-027066,20210911,21,pyrologix,7,none,-1,undetected,1,9.489961992702219e-05,0,0.0,False
500M_TOPGrowing,benchmark_results_yearly_20260412_075505.csv,GaussianBudget500M_TOPGrowing,HORSE_2021-CASQF-003069,20210910,10,pyrologix,11,none,-1,undetected,1,9.489961992702219e-05,0,0.0,False
500M_TOPGrowing,benchmark_results_yearly_20260412_075505.csv,GaussianBudget500M_TOPGrowing,HWY_18____HWY_189_2021-CABDU-017482,20211203,10,pyrologix,3,none,-1,undetected,1,9.489961992702219e-05,0,0.0,False
500M_TOPGrowing,benchmark_results_yearly_20260412_075505.csv,GaussianBudget500M_TOPGrowing,Hart_2021-CAPNF-001527,20210809,15,pyrologix,6,none,-1,undetected,1,9.489961992702219e-05,0,0.0,False
500M_TOPGrowing,benchmark_results_yearly_20260412_075505.csv,GaussianBudget500M_TOPGrowing,INTERSTATE_2021-CAANF-002677,20210719,18,pyrologix,11,none,-1,undetected,1,9.489961992702219e-05,0,0.0,False
500M_TOPGrowing,benchmark_results_yearly_20260412_075505.csv,GaussianBudget500M_TOPGrowing,Ingalls_2021-CAPNF-001370,20210730,15,pyrologix,5,none,-1,undetected,1,9.489961992702219e-05,0,0.0,False
500M_TOPGrowing,benchmark_results_yearly_20260412_075505.csv,GaussianBudget500M_TOPGrowing,JENNESS__2021-CASTF-002065,20210807,22,pyrologix,3,none,-1,undetected,1,9.489961992702219e-05,0,0.0,False
500M_TOPGrowing,benchmark_results_yearly_20260412_075505.csv,GaussianBudget500M_TOPGrowing,JULY_2021-CAKNF-003631,20210515,13,pyrologix,12,none,-1,undetected,1,9.489961992702219e-05,0,0.0,False
500M_TOPGrowing,benchmark_results_yearly_20260412_075505.csv,GaussianBudget500M_TOPGrowing,Jordan_2021-CAPNF-000609,20210515,13,pyrologix,6,none,-1,undetected,1,9.489961992702219e-05,0,0.0,False
500M_TOPGrowing,benchmark_results_yearly_20260412_075505.csv,GaussianBudget500M_TOPGrowing,KELLY__2021-CAMDF-001437,20210813,23,pyrologix,5,none,-1,undetected,1,9.489961992702219e-05,0,0.0,False
500M_TOPGrowing,benchmark_results_yearly_20260412_075505.csv,GaussianBudget500M_TOPGrowing,Kessler_2021-CAPNF-001359,20210730,20,pyrologix,12,none,-1,undetected,1,9.489961992702219e-05,0,0.0,False
500M_TOPGrowing,benchmark_results_yearly_20260412_075505.csv,GaussianBudget500M_TOPGrowing,L-1_WIDOW_2021-CALNF-002521,20210516,21,pyrologix,6,none,-1,undetected,1,9.489961992702219e-05,0,0.0,False
500M_TOPGrowing,benchmark_results_yearly_20260412_075505.csv,GaussianBudget500M_TOPGrowing,LITTLE_MARBLE_2021-CAKNF-007809,20210908,11,pyrologix,8,none,-1,undetected,1,9.489961992702219e-05,0,0.0,False
500M_TOPGrowing,benchmark_results_yearly_20260412_075505.csv,GaussianBudget500M_TOPGrowing,LONG_2021-CAKNF-006470,20210801,21,pyrologix,4,none,-1,undetected,1,9.489961992702219e-05,0,0.0,False
500M_TOPGrowing,benchmark_results_yearly_20260412_075505.csv,GaussianBudget500M_TOPGrowing,LOONEY_2021-CASTF-000755,20210516,23,pyrologix,12,none,-1,undetected,1,9.489961992702219e-05,0,0.0,False
500M_TOPGrowing,benchmark_results_yearly_20260412_075505.csv,GaussianBudget500M_TOPGrowing,MAPLE_2021-CAMDF-000589,20210623,20,pyrologix,9,none,-1,undetected,1,9.489961992702219e-05,0,0.0,False
500M_TOPGrowing,benchmark_results_yearly_20260412_075505.csv,GaussianBudget500M_TOPGrowing,Maddalena_2021-CAPNF-000902,20210623,18,pyrologix,11,none,-1,undetected,1,9.489961992702219e-05,0,0.0,False
500M_TOPGrowing,benchmark_results_yearly_20260412_075505.csv,GaussianBudget500M_TOPGrowing,Mayfair_2021-CASRF-000613,20210724,18,pyrologix,9,none,-1,undetected,1,9.489961992702219e-05,0,0.0,False
500M_TOPGrowing,benchmark_results_yearly_20260412_075505.csv,GaussianBudget500M_TOPGrowing,McCash_2021-CASRF-000651,20210801,0,pyrologix,5,none,-1,undetected,1,9.489961992702219e-05,0,0.0,False
500M_TOPGrowing,benchmark_results_yearly_20260412_075505.csv,GaussianBudget500M_TOPGrowing,OAK_2021-CABDF-001348,20210118,16,pyrologix,9,none,-1,undetected,1,9.489961992702219e-05,0,0.0,False
500M_TOPGrowing,benchmark_results_yearly_20260412_075505.csv,GaussianBudget500M_TOPGrowing,Oaks_2021-CACNF-001438,20210523,20,pyrologix,7,none,-1,undetected,1,9.489961992702219e-05,0,0.0,False
500M_TOPGrowing,benchmark_results_yearly_20260412_075505.csv,GaussianBudget500M_TOPGrowing,Ozena_2021-CALPF-002505,20210909,13,pyrologix,1,none,-1,undetected,1,9.489961992702219e-05,0,0.0,False
500M_TOPGrowing,benchmark_results_yearly_20260412_075505.csv,GaussianBudget500M_TOPGrowing,PASS_2021-CAINF-001475,20210630,12,pyrologix,9,none,-1,undetected,1,9.489961992702219e-05,0,0.0,False
500M_TOPGrowing,benchmark_results_yearly_20260412_075505.csv,GaussianBudget500M_TOPGrowing,PIGEON__2021-CAANF-003180,20210827,22,pyrologix,5,none,-1,undetected,1,9.489961992702219e-05,0,0.0,False
500M_TOPGrowing,benchmark_results_yearly_20260412_075505.csv,GaussianBudget500M_TOPGrowing,PINE_2021-CAANF-001466,20210512,17,pyrologix,8,none,-1,undetected,1,9.489961992702219e-05,0,0.0,False
500M_TOPGrowing,benchmark_results_yearly_20260412_075505.csv,GaussianBudget500M_TOPGrowing,PINE_2021-CATNF-001262,20210705,3,pyrologix,4,none,-1,undetected,1,9.489961992702219e-05,0,0.0,False
500M_TOPGrowing,benchmark_results_yearly_20260412_075505.csv,GaussianBudget500M_TOPGrowing,PONDEROSA_2021-CASQF-000955,20210508,19,pyrologix,4,none,-1,undetected,1,9.489961992702219e-05,0,0.0,False
500M_TOPGrowing,benchmark_results_yearly_20260412_075505.csv,GaussianBudget500M_TOPGrowing,PONY_2021-CABDF-010399,20210703,22,pyrologix,1,none,-1,undetected,1,9.489961992702219e-05,0,0.0,False
500M_TOPGrowing,benchmark_results_yearly_20260412_075505.csv,GaussianBudget500M_TOPGrowing,PREACHER_2021-CAKNF-006498,20210802,17,pyrologix,1,none,-1,undetected,1,9.489961992702219e-05,0,0.0,False
500M_TOPGrowing,benchmark_results_yearly_20260412_075505.csv,GaussianBudget500M_TOPGrowing,Penney_2021-CASHF-000836,20210610,14,pyrologix,7,none,-1,undetected,1,9.489961992702219e-05,0,0.0,False
500M_TOPGrowing,benchmark_results_yearly_20260412_075505.csv,GaussianBudget500M_TOPGrowing,Pond_2021-CASHF-001598,20211130,21,pyrologix,4,none,-1,undetected,1,9.489961992702219e-05,0,0.0,False
500M_TOPGrowing,benchmark_results_yearly_20260412_075505.csv,GaussianBudget500M_TOPGrowing,Portola__2021-CAPNF-000856,20210618,20,pyrologix,5,none,-1,undetected,1,9.489961992702219e-05,0,0.0,False
500M_TOPGrowing,benchmark_results_yearly_20260412_075505.csv,GaussianBudget500M_TOPGrowing,RAPTOR_2021-CABDF-012984,20210901,17,pyrologix,6,none,-1,undetected,1,9.489961992702219e-05,0,0.0,False
500M_TOPGrowing,benchmark_results_yearly_20260412_075505.csv,GaussianBudget500M_TOPGrowing,RAYS_2021-CAENF-013393,20210517,19,pyrologix,5,none,-1,undetected,1,9.489961992702219e-05,0,0.0,False
500M_TOPGrowing,benchmark_results_yearly_20260412_075505.csv,GaussianBudget500M_TOPGrowing,RED_2021-CAINF-001804,20210720,1,pyrologix,4,none,-1,undetected,1,9.489961992702219e-05,0,0.0,False
500M_TOPGrowing,benchmark_results_yearly_20260412_075505.csv,GaussianBudget500M_TOPGrowing,REFUGE_2021-CAMDF-000609,20210624,17,pyrologix,11,none,-1,undetected,1,9.489961992702219e-05,0,0.0,False
500M_TOPGrowing,benchmark_results_yearly_20260412_075505.csv,GaussianBudget500M_TOPGrowing,RICE_2021-CAMDF-001543,20210816,9,pyrologix,12,none,-1,undetected,1,9.489961992702219e-05,0,0.0,False
500M_TOPGrowing,benchmark_results_yearly_20260412_075505.csv,GaussianBudget500M_TOPGrowing,ROUND_2021-CAMDF-000607,20210624,17,pyrologix,3,none,-1,undetected,1,9.489961992702219e-05,0,0.0,False
500M_TOPGrowing,benchmark_results_yearly_20260412_075505.csv,GaussianBudget500M_TOPGrowing,Rocky_2021-CACNF-001400,20210521,21,pyrologix,8,none,-1,undetected,1,9.489961992702219e-05,0,0.0,False
500M_TOPGrowing,benchmark_results_yearly_20260412_075505.csv,GaussianBudget500M_TOPGrowing,Rubicon_2021-CAENF-028647,20210925,22,pyrologix,4,none,-1,undetected,1,9.489961992702219e-05,0,0.0,False
500M_TOPGrowing,benchmark_results_yearly_20260412_075505.csv,GaussianBudget500M_TOPGrowing,SANTA_2021-CAANF-004490,20211230,20,pyrologix,7,none,-1,undetected,1,9.489961992702219e-05,0,0.0,False
500M_TOPGrowing,benchmark_results_yearly_20260412_075505.csv,GaussianBudget500M_TOPGrowing,SAPP_2021-CASTF-001710,20210718,12,pyrologix,10,none,-1,undetected,1,9.489961992702219e-05,0,0.0,False
500M_TOPGrowing,benchmark_results_yearly_20260412_075505.csv,GaussianBudget500M_TOPGrowing,SAW_2021-CAINF-001447,20210629,0,pyrologix,3,none,-1,undetected,1,9.489961992702219e-05,0,0.0,False
500M_TOPGrowing,benchmark_results_yearly_20260412_075505.csv,GaussianBudget500M_TOPGrowing,SCENIC_2021-CACDD-009987,20210625,20,pyrologix,8,none,-1,undetected,1,9.489961992702219e-05,0,0.0,False
500M_TOPGrowing,benchmark_results_yearly_20260412_075505.csv,GaussianBudget500M_TOPGrowing,SKY_2021-CALNF-003531,20210627,18,pyrologix,11,none,-1,undetected,1,9.489961992702219e-05,0,0.0,False
500M_TOPGrowing,benchmark_results_yearly_20260412_075505.csv,GaussianBudget500M_TOPGrowing,SLEIGHVILLE_2021-CATNF-000722,20210512,21,pyrologix,3,none,-1,undetected,1,9.489961992702219e-05,0,0.0,False
500M_TOPGrowing,benchmark_results_yearly_20260412_075505.csv,GaussianBudget500M_TOPGrowing,SOUTH_2021-CAKNF-004388,20210606,19,pyrologix,9,none,-1,undetected,1,9.489961992702219e-05,0,0.0,False
500M_TOPGrowing,benchmark_results_yearly_20260412_075505.csv,GaussianBudget500M_TOPGrowing,SPRINGS_2021-CAANF-001067,20210405,18,pyrologix,10,none,-1,undetected,1,9.489961992702219e-05,0,0.0,False
500M_TOPGrowing,benchmark_results_yearly_20260412_075505.csv,GaussianBudget500M_TOPGrowing,SPRUCE_2021-CABDF-012448,20210817,18,pyrologix,5,none,-1,undetected,1,9.489961992702219e-05,0,0.0,False
500M_TOPGrowing,benchmark_results_yearly_20260412_075505.csv,GaussianBudget500M_TOPGrowing,STATE_2021-CAANF-004208,20211125,22,pyrologix,10,none,-1,undetected,1,9.489961992702219e-05,0,0.0,False
500M_TOPGrowing,benchmark_results_yearly_20260412_075505.csv,GaussianBudget500M_TOPGrowing,SUGAR_3_2021-CAMDF-000434,20210529,22,pyrologix,5,none,-1,undetected,1,9.489961992702219e-05,0,0.0,False
500M_TOPGrowing,benchmark_results_yearly_20260412_075505.csv,GaussianBudget500M_TOPGrowing,SUMMIT_2021-CATNF-001568,20210812,22,pyrologix,3,none,-1,undetected,1,9.489961992702219e-05,0,0.0,False
500M_TOPGrowing,benchmark_results_yearly_20260412_075505.csv,GaussianBudget500M_TOPGrowing,Stanshaw_2021-CASRF-000187,20210404,16,pyrologix,12,none,-1,undetected,1,9.489961992702219e-05,0,0.0,False
500M_TOPGrowing,benchmark_results_yearly_20260412_075505.csv,GaussianBudget500M_TOPGrowing,TELEPHONE_2021-CAKNF-005027,20210625,4,pyrologix,7,none,-1,undetected,1,9.489961992702219e-05,0,0.0,False
500M_TOPGrowing,benchmark_results_yearly_20260412_075505.csv,GaussianBudget500M_TOPGrowing,TEMPLIN_2021-CAANF-000022,20210102,17,pyrologix,7,none,-1,undetected,1,9.489961992702219e-05,0,0.0,False
500M_TOPGrowing,benchmark_results_yearly_20260412_075505.csv,GaussianBudget500M_TOPGrowing,TOOLBOX_2021-CABDF-016095,20211031,17,pyrologix,1,none,-1,undetected,1,9.489961992702219e-05,0,0.0,False
500M_TOPGrowing,benchmark_results_yearly_20260412_075505.csv,GaussianBudget500M_TOPGrowing,Three__2021-CASRF-000205,20210415,23,pyrologix,8,none,-1,undetected,1,9.489961992702219e-05,0,0.0,False
500M_TOPGrowing,benchmark_results_yearly_20260412_075505.csv,GaussianBudget500M_TOPGrowing,Twain_2021-CAPNF-000486,20210421,22,pyrologix,2,none,-1,undetected,1,9.489961992702219e-05,0,0.0,False
500M_TOPGrowing,benchmark_results_yearly_20260412_075505.csv,GaussianBudget500M_TOPGrowing,VASQUEZ_2021-CAANF-002923,20210806,13,pyrologix,12,none,-1,undetected,1,9.489961992702219e-05,0,0.0,False
500M_TOPGrowing,benchmark_results_yearly_20260412_075505.csv,GaussianBudget500M_TOPGrowing,WALLOW_2021-CAKNF-005034,20210625,13,pyrologix,4,none,-1,undetected,1,9.489961992702219e-05,0,0.0,False
500M_TOPGrowing,benchmark_results_yearly_20260412_075505.csv,GaussianBudget500M_TOPGrowing,WEST_2021-CASNF-000781,20210703,22,pyrologix,2,none,-1,undetected,1,9.489961992702219e-05,0,0.0,False
500M_TOPGrowing,benchmark_results_yearly_20260412_075505.csv,GaussianBudget500M_TOPGrowing,WHITE_2021-CASHF-001242,20210808,19,pyrologix,1,none,-1,undetected,1,9.489961992702219e-05,0,0.0,False
500M_LinearMinTime,benchmark_results_yearly_20260413_121953.csv,GaussianBudget500M_LinearMinTime,BEAR_2021-CAENF-022077,20210730,20,pyrologix,9,none,-1,undetected,1,9.489961992702219e-05,0,0.0,False
500M_LinearMinTime,benchmark_results_yearly_20260413_121953.csv,GaussianBudget500M_LinearMinTime,BIG_PINE_2021-CABDF-018139,20211127,17,pyrologix,9,none,-1,undetected,1,9.489961992702219e-05,0,0.0,False
500M_LinearMinTime,benchmark_results_yearly_20260413_121953.csv,GaussianBudget500M_LinearMinTime,BLOOMFIELD_2021-CASTF-001865,20210729,18,pyrologix,4,none,-1,undetected,1,9.489961992702219e-05,0,0.0,False
500M_LinearMinTime,benchmark_results_yearly_20260413_121953.csv,GaussianBudget500M_LinearMinTime,BORDER_2021-CAMDF-000575,20210622,11,pyrologix,7,none,-1,undetected,1,9.489961992702219e-05,0,0.0,False
500M_LinearMinTime,benchmark_results_yearly_20260413_121953.csv,GaussianBudget500M_LinearMinTime,BOX_2021-CAMDF-001391,20210811,16,pyrologix,2,none,-1,undetected,1,9.489961992702219e-05,0,0.0,False
500M_LinearMinTime,benchmark_results_yearly_20260413_121953.csv,GaussianBudget500M_LinearMinTime,BRANCH_2021-CAKNF-006399,20210731,15,pyrologix,2,none,-1,undetected,1,9.489961992702219e-05,0,0.0,False
500M_LinearMinTime,benchmark_results_yearly_20260413_121953.csv,GaussianBudget500M_LinearMinTime,BROWNES_2021-CASTF-000628,20210428,16,pyrologix,9,none,-1,undetected,1,9.489961992702219e-05,0,0.0,False
500M_LinearMinTime,benchmark_results_yearly_20260413_121953.csv,GaussianBudget500M_LinearMinTime,BUCKSKIN_2021-CAENF-020954,20210719,18,pyrologix,6,none,-1,undetected,1,9.489961992702219e-05,0,0.0,False
500M_LinearMinTime,benchmark_results_yearly_20260413_121953.csv,GaussianBudget500M_LinearMinTime,Beskeen__2021-CAPNF-000184,20210226,16,pyrologix,11,none,-1,undetected,1,9.489961992702219e-05,0,0.0,False
500M_LinearMinTime,benchmark_results_yearly_20260413_121953.csv,GaussianBudget500M_LinearMinTime,CAMPUS_2021-CABDF-012440,20210817,18,pyrologix,6,none,-1,undetected,1,9.489961992702219e-05,0,0.0,False
500M_LinearMinTime,benchmark_results_yearly_20260413_121953.csv,GaussianBudget500M_LinearMinTime,CARSON_2021-CAENF-013467,20210518,14,pyrologix,11,none,-1,undetected,1,9.489961992702219e-05,0,0.0,False
500M_LinearMinTime,benchmark_results_yearly_20260413_121953.csv,GaussianBudget500M_LinearMinTime,CENTER_2021-CABDF-005836,20210401,0,pyrologix,4,none,-1,undetected,1,9.489961992702219e-05,0,0.0,False
500M_LinearMinTime,benchmark_results_yearly_20260413_121953.csv,GaussianBudget500M_LinearMinTime,CHECK_2021-CABDF-012207,20210812,20,pyrologix,3,none,-1,undetected,1,9.489961992702219e-05,0,0.0,False
500M_LinearMinTime,benchmark_results_yearly_20260413_121953.csv,GaussianBudget500M_LinearMinTime,CLEGHORN_2021-CABDF-001345,20210118,19,pyrologix,2,none,-1,undetected,1,9.489961992702219e-05,0,0.0,False
500M_LinearMinTime,benchmark_results_yearly_20260413_121953.csv,GaussianBudget500M_LinearMinTime,CLOUD_2021-CABDF-009443,20210613,21,pyrologix,6,none,-1,undetected,1,9.489961992702219e-05,0,0.0,False
500M_LinearMinTime,benchmark_results_yearly_20260413_121953.csv,GaussianBudget500M_LinearMinTime,COYOTE_2021-CARRU-073166,20210602,19,pyrologix,11,none,-1,undetected,1,9.489961992702219e-05,0,0.0,False
500M_LinearMinTime,benchmark_results_yearly_20260413_121953.csv,GaussianBudget500M_LinearMinTime,CROSSING_2021-CAINF-000543,20210410,13,pyrologix,12,none,-1,undetected,1,9.489961992702219e-05,0,0.0,False
500M_LinearMinTime,benchmark_results_yearly_20260413_121953.csv,GaussianBudget500M_LinearMinTime,CROWDER_2021-CAMDF-000588,20210622,18,pyrologix,11,none,-1,undetected,1,9.489961992702219e-05,0,0.0,False
500M_LinearMinTime,benchmark_results_yearly_20260413_121953.csv,GaussianBudget500M_LinearMinTime,CUDDY_2021-CALPF-000993,20210504,14,pyrologix,8,none,-1,undetected,1,9.489961992702219e-05,0,0.0,False
500M_LinearMinTime,benchmark_results_yearly_20260413_121953.csv,GaussianBudget500M_LinearMinTime,Corte_Madera_2021-CACNF-000407,20210206,16,pyrologix,6,none,-1,undetected,1,9.489961992702219e-05,0,0.0,False
500M_LinearMinTime,benchmark_results_yearly_20260413_121953.csv,GaussianBudget500M_LinearMinTime,DALE_2021-CASHF-000975,20210629,22,pyrologix,4,none,-1,undetected,1,9.489961992702219e-05,0,0.0,False
500M_LinearMinTime,benchmark_results_yearly_20260413_121953.csv,GaussianBudget500M_LinearMinTime,DEXTER_2021-CAINF-001695,20210712,11,pyrologix,12,none,-1,undetected,1,9.489961992702219e-05,0,0.0,False
500M_LinearMinTime,benchmark_results_yearly_20260413_121953.csv,GaussianBudget500M_LinearMinTime,DUSY_2021-CASNF-001231,20210811,16,pyrologix,10,none,-1,undetected,1,9.489961992702219e-05,0,0.0,False
500M_LinearMinTime,benchmark_results_yearly_20260413_121953.csv,GaussianBudget500M_LinearMinTime,EAST_2021-CASHF-000646,20210520,20,pyrologix,10,none,-1,undetected,1,9.489961992702219e-05,0,0.0,False
500M_LinearMinTime,benchmark_results_yearly_20260413_121953.csv,GaussianBudget500M_LinearMinTime,FAWN_2021-CASHU-010480,20210922,18,pyrologix,12,none,-1,undetected,1,9.489961992702219e-05,0,0.0,False
500M_LinearMinTime,benchmark_results_yearly_20260413_121953.csv,GaussianBudget500M_LinearMinTime,FLAT_2021-CASHF-000907,20210621,20,pyrologix,3,none,-1,undetected,1,9.489961992702219e-05,0,0.0,False
500M_LinearMinTime,benchmark_results_yearly_20260413_121953.csv,GaussianBudget500M_LinearMinTime,FOX_2021-CALNF-002007,20210422,22,pyrologix,4,none,-1,undetected,1,9.489961992702219e-05,0,0.0,False
500M_LinearMinTime,benchmark_results_yearly_20260413_121953.csv,GaussianBudget500M_LinearMinTime,GAGGS_2021-CASNF-001725,20211010,12,pyrologix,8,none,-1,undetected,1,9.489961992702219e-05,0,0.0,False
500M_LinearMinTime,benchmark_results_yearly_20260413_121953.csv,GaussianBudget500M_LinearMinTime,GINGER_BREAD_2021-CABDF-018471,20211129,19,pyrologix,3,none,-1,undetected,1,9.489961992702219e-05,0,0.0,False
500M_LinearMinTime,benchmark_results_yearly_20260413_121953.csv,GaussianBudget500M_LinearMinTime,GOBBI_2021-CAENF-023392,20210809,15,pyrologix,12,none,-1,undetected,1,9.489961992702219e-05,0,0.0,False
500M_LinearMinTime,benchmark_results_yearly_20260413_121953.csv,GaussianBudget500M_LinearMinTime,GRAND_VIEW_2021-CABDF-012129,20210810,20,pyrologix,5,none,-1,undetected,1,9.489961992702219e-05,0,0.0,False
500M_LinearMinTime,benchmark_results_yearly_20260413_121953.csv,GaussianBudget500M_LinearMinTime,GRAVEYARD_2021-CAANF-002217,20210626,7,pyrologix,11,none,-1,undetected,1,9.489961992702219e-05,0,0.0,False
500M_LinearMinTime,benchmark_results_yearly_20260413_121953.csv,GaussianBudget500M_LinearMinTime,GUM__2021-CASTF-001887,20210730,14,pyrologix,8,none,-1,undetected,1,9.489961992702219e-05,0,0.0,False
500M_LinearMinTime,benchmark_results_yearly_20260413_121953.csv,GaussianBudget500M_LinearMinTime,Grizzly_2021-CAPNF-000697,20210529,16,pyrologix,11,none,-1,undetected,1,9.489961992702219e-05,0,0.0,False
500M_LinearMinTime,benchmark_results_yearly_20260413_121953.csv,GaussianBudget500M_LinearMinTime,H-5_CINDER_2021-CALNF-002519,20210516,21,pyrologix,4,none,-1,undetected,1,9.489961992702219e-05,0,0.0,False
500M_LinearMinTime,benchmark_results_yearly_20260413_121953.csv,GaussianBudget500M_LinearMinTime,HARRIS_2021-CATNF-001509,20210803,13,pyrologix,11,none,-1,undetected,1,9.489961992702219e-05,0,0.0,False
500M_LinearMinTime,benchmark_results_yearly_20260413_121953.csv,GaussianBudget500M_LinearMinTime,HILL_2021-CASHF-000537,20210504,18,pyrologix,4,none,-1,undetected,1,9.489961992702219e-05,0,0.0,False
500M_LinearMinTime,benchmark_results_yearly_20260413_121953.csv,GaussianBudget500M_LinearMinTime,HILTON_2021-CAINF-001144,20210608,18,pyrologix,5,none,-1,undetected,1,9.489961992702219e-05,0,0.0,False
500M_LinearMinTime,benchmark_results_yearly_20260413_121953.csv,GaussianBudget500M_LinearMinTime,HOME_2021-CATMU-027066,20210911,21,pyrologix,7,none,-1,undetected,1,9.489961992702219e-05,0,0.0,False
500M_LinearMinTime,benchmark_results_yearly_20260413_121953.csv,GaussianBudget500M_LinearMinTime,HORSE_2021-CASQF-003069,20210910,10,pyrologix,11,none,-1,undetected,1,9.489961992702219e-05,0,0.0,False
500M_LinearMinTime,benchmark_results_yearly_20260413_121953.csv,GaussianBudget500M_LinearMinTime,HWY_18____HWY_189_2021-CABDU-017482,20211203,10,pyrologix,3,none,-1,undetected,1,9.489961992702219e-05,0,0.0,False
500M_LinearMinTime,benchmark_results_yearly_20260413_121953.csv,GaussianBudget500M_LinearMinTime,Hart_2021-CAPNF-001527,20210809,15,pyrologix,6,none,-1,undetected,1,9.489961992702219e-05,0,0.0,False
500M_LinearMinTime,benchmark_results_yearly_20260413_121953.csv,GaussianBudget500M_LinearMinTime,INTERSTATE_2021-CAANF-002677,20210719,18,pyrologix,11,none,-1,undetected,1,9.489961992702219e-05,0,0.0,False
500M_LinearMinTime,benchmark_results_yearly_20260413_121953.csv,GaussianBudget500M_LinearMinTime,Ingalls_2021-CAPNF-001370,20210730,15,pyrologix,5,none,-1,undetected,1,9.489961992702219e-05,0,0.0,False
500M_LinearMinTime,benchmark_results_yearly_20260413_121953.csv,GaussianBudget500M_LinearMinTime,JENNESS__2021-CASTF-002065,20210807,22,pyrologix,3,none,-1,undetected,1,9.489961992702219e-05,0,0.0,False
500M_LinearMinTime,benchmark_results_yearly_20260413_121953.csv,GaussianBudget500M_LinearMinTime,JULY_2021-CAKNF-003631,20210515,13,pyrologix,12,none,-1,undetected,1,9.489961992702219e-05,0,0.0,False
500M_LinearMinTime,benchmark_results_yearly_20260413_121953.csv,GaussianBudget500M_LinearMinTime,Jordan_2021-CAPNF-000609,20210515,13,pyrologix,6,none,-1,undetected,1,9.489961992702219e-05,0,0.0,False
500M_LinearMinTime,benchmark_results_yearly_20260413_121953.csv,GaussianBudget500M_LinearMinTime,KELLY__2021-CAMDF-001437,20210813,23,pyrologix,5,none,-1,undetected,1,9.489961992702219e-05,0,0.0,False
500M_LinearMinTime,benchmark_results_yearly_20260413_121953.csv,GaussianBudget500M_LinearMinTime,Kessler_2021-CAPNF-001359,20210730,20,pyrologix,12,none,-1,undetected,1,9.489961992702219e-05,0,0.0,False
500M_LinearMinTime,benchmark_results_yearly_20260413_121953.csv,GaussianBudget500M_LinearMinTime,L-1_WIDOW_2021-CALNF-002521,20210516,21,pyrologix,6,none,-1,undetected,1,9.489961992702219e-05,0,0.0,False
500M_LinearMinTime,benchmark_results_yearly_20260413_121953.csv,GaussianBudget500M_LinearMinTime,LITTLE_MARBLE_2021-CAKNF-007809,20210908,11,pyrologix,8,none,-1,undetected,1,9.489961992702219e-05,0,0.0,False
500M_LinearMinTime,benchmark_results_yearly_20260413_121953.csv,GaussianBudget500M_LinearMinTime,LONG_2021-CAKNF-006470,20210801,21,pyrologix,4,none,-1,undetected,1,9.489961992702219e-05,0,0.0,False
500M_LinearMinTime,benchmark_results_yearly_20260413_121953.csv,GaussianBudget500M_LinearMinTime,LOONEY_2021-CASTF-000755,20210516,23,pyrologix,12,none,-1,undetected,1,9.489961992702219e-05,0,0.0,False
500M_LinearMinTime,benchmark_results_yearly_20260413_121953.csv,GaussianBudget500M_LinearMinTime,MAPLE_2021-CAMDF-000589,20210623,20,pyrologix,9,none,-1,undetected,1,9.489961992702219e-05,0,0.0,False
500M_LinearMinTime,benchmark_results_yearly_20260413_121953.csv,GaussianBudget500M_LinearMinTime,Maddalena_2021-CAPNF-000902,20210623,18,pyrologix,11,none,-1,undetected,1,9.489961992702219e-05,0,0.0,False
500M_LinearMinTime,benchmark_results_yearly_20260413_121953.csv,GaussianBudget500M_LinearMinTime,Mayfair_2021-CASRF-000613,20210724,18,pyrologix,9,none,-1,undetected,1,9.489961992702219e-05,0,0.0,False
500M_LinearMinTime,benchmark_results_yearly_20260413_121953.csv,GaussianBudget500M_LinearMinTime,McCash_2021-CASRF-000651,20210801,0,pyrologix,5,none,-1,undetected,1,9.489961992702219e-05,0,0.0,False
500M_LinearMinTime,benchmark_results_yearly_20260413_121953.csv,GaussianBudget500M_LinearMinTime,OAK_2021-CABDF-001348,20210118,16,pyrologix,9,none,-1,undetected,1,9.489961992702219e-05,0,0.0,False
500M_LinearMinTime,benchmark_results_yearly_20260413_121953.csv,GaussianBudget500M_LinearMinTime,Oaks_2021-CACNF-001438,20210523,20,pyrologix,7,none,-1,undetected,1,9.489961992702219e-05,0,0.0,False
500M_LinearMinTime,benchmark_results_yearly_20260413_121953.csv,GaussianBudget500M_LinearMinTime,Ozena_2021-CALPF-002505,20210909,13,pyrologix,1,none,-1,undetected,1,9.489961992702219e-05,0,0.0,False
500M_LinearMinTime,benchmark_results_yearly_20260413_121953.csv,GaussianBudget500M_LinearMinTime,PASS_2021-CAINF-001475,20210630,12,pyrologix,9,none,-1,undetected,1,9.489961992702219e-05,0,0.0,False
500M_LinearMinTime,benchmark_results_yearly_20260413_121953.csv,GaussianBudget500M_LinearMinTime,PIGEON__2021-CAANF-003180,20210827,22,pyrologix,5,none,-1,undetected,1,9.489961992702219e-05,0,0.0,False
500M_LinearMinTime,benchmark_results_yearly_20260413_121953.csv,GaussianBudget500M_LinearMinTime,PINE_2021-CAANF-001466,20210512,17,pyrologix,8,none,-1,undetected,1,9.489961992702219e-05,0,0.0,False
500M_LinearMinTime,benchmark_results_yearly_20260413_121953.csv,GaussianBudget500M_LinearMinTime,PINE_2021-CATNF-001262,20210705,3,pyrologix,4,none,-1,undetected,1,9.489961992702219e-05,0,0.0,False
500M_LinearMinTime,benchmark_results_yearly_20260413_121953.csv,GaussianBudget500M_LinearMinTime,PONDEROSA_2021-CASQF-000955,20210508,19,pyrologix,4,none,-1,undetected,1,9.489961992702219e-05,0,0.0,False
500M_LinearMinTime,benchmark_results_yearly_20260413_121953.csv,GaussianBudget500M_LinearMinTime,PONY_2021-CABDF-010399,20210703,22,pyrologix,1,none,-1,undetected,1,9.489961992702219e-05,0,0.0,False
500M_LinearMinTime,benchmark_results_yearly_20260413_121953.csv,GaussianBudget500M_LinearMinTime,PREACHER_2021-CAKNF-006498,20210802,17,pyrologix,1,none,-1,undetected,1,9.489961992702219e-05,0,0.0,False
500M_LinearMinTime,benchmark_results_yearly_20260413_121953.csv,GaussianBudget500M_LinearMinTime,Penney_2021-CASHF-000836,20210610,14,pyrologix,7,none,-1,undetected,1,9.489961992702219e-05,0,0.0,False
500M_LinearMinTime,benchmark_results_yearly_20260413_121953.csv,GaussianBudget500M_LinearMinTime,Pond_2021-CASHF-001598,20211130,21,pyrologix,4,none,-1,undetected,1,9.489961992702219e-05,0,0.0,False
500M_LinearMinTime,benchmark_results_yearly_20260413_121953.csv,GaussianBudget500M_LinearMinTime,Portola__2021-CAPNF-000856,20210618,20,pyrologix,5,none,-1,undetected,1,9.489961992702219e-05,0,0.0,False
500M_LinearMinTime,benchmark_results_yearly_20260413_121953.csv,GaussianBudget500M_LinearMinTime,RAPTOR_2021-CABDF-012984,20210901,17,pyrologix,6,none,-1,undetected,1,9.489961992702219e-05,0,0.0,False
500M_LinearMinTime,benchmark_results_yearly_20260413_121953.csv,GaussianBudget500M_LinearMinTime,RAYS_2021-CAENF-013393,20210517,19,pyrologix,5,none,-1,undetected,1,9.489961992702219e-05,0,0.0,False
500M_LinearMinTime,benchmark_results_yearly_20260413_121953.csv,GaussianBudget500M_LinearMinTime,RED_2021-CAINF-001804,20210720,1,pyrologix,4,none,-1,undetected,1,9.489961992702219e-05,0,0.0,False
500M_LinearMinTime,benchmark_results_yearly_20260413_121953.csv,GaussianBudget500M_LinearMinTime,REFUGE_2021-CAMDF-000609,20210624,17,pyrologix,11,none,-1,undetected,1,9.489961992702219e-05,0,0.0,False
500M_LinearMinTime,benchmark_results_yearly_20260413_121953.csv,GaussianBudget500M_LinearMinTime,RICE_2021-CAMDF-001543,20210816,9,pyrologix,12,none,-1,undetected,1,9.489961992702219e-05,0,0.0,False
500M_LinearMinTime,benchmark_results_yearly_20260413_121953.csv,GaussianBudget500M_LinearMinTime,ROUND_2021-CAMDF-000607,20210624,17,pyrologix,3,none,-1,undetected,1,9.489961992702219e-05,0,0.0,False
500M_LinearMinTime,benchmark_results_yearly_20260413_121953.csv,GaussianBudget500M_LinearMinTime,Rocky_2021-CACNF-001400,20210521,21,pyrologix,8,none,-1,undetected,1,9.489961992702219e-05,0,0.0,False
500M_LinearMinTime,benchmark_results_yearly_20260413_121953.csv,GaussianBudget500M_LinearMinTime,Rubicon_2021-CAENF-028647,20210925,22,pyrologix,4,none,-1,undetected,1,9.489961992702219e-05,0,0.0,False
500M_LinearMinTime,benchmark_results_yearly_20260413_121953.csv,GaussianBudget500M_LinearMinTime,SANTA_2021-CAANF-004490,20211230,20,pyrologix,7,none,-1,undetected,1,9.489961992702219e-05,0,0.0,False
500M_LinearMinTime,benchmark_results_yearly_20260413_121953.csv,GaussianBudget500M_LinearMinTime,SAPP_2021-CASTF-001710,20210718,12,pyrologix,10,none,-1,undetected,1,9.489961992702219e-05,0,0.0,False
500M_LinearMinTime,benchmark_results_yearly_20260413_121953.csv,GaussianBudget500M_LinearMinTime,SAW_2021-CAINF-001447,20210629,0,pyrologix,3,none,-1,undetected,1,9.489961992702219e-05,0,0.0,False
500M_LinearMinTime,benchmark_results_yearly_20260413_121953.csv,GaussianBudget500M_LinearMinTime,SCENIC_2021-CACDD-009987,20210625,20,pyrologix,8,none,-1,undetected,1,9.489961992702219e-05,0,0.0,False
500M_LinearMinTime,benchmark_results_yearly_20260413_121953.csv,GaussianBudget500M_LinearMinTime,SKY_2021-CALNF-003531,20210627,18,pyrologix,11,none,-1,undetected,1,9.489961992702219e-05,0,0.0,False
500M_LinearMinTime,benchmark_results_yearly_20260413_121953.csv,GaussianBudget500M_LinearMinTime,SLEIGHVILLE_2021-CATNF-000722,20210512,21,pyrologix,3,none,-1,undetected,1,9.489961992702219e-05,0,0.0,False
500M_LinearMinTime,benchmark_results_yearly_20260413_121953.csv,GaussianBudget500M_LinearMinTime,SOUTH_2021-CAKNF-004388,20210606,19,pyrologix,9,none,-1,undetected,1,9.489961992702219e-05,0,0.0,False
500M_LinearMinTime,benchmark_results_yearly_20260413_121953.csv,GaussianBudget500M_LinearMinTime,SPRINGS_2021-CAANF-001067,20210405,18,pyrologix,10,none,-1,undetected,1,9.489961992702219e-05,0,0.0,False
500M_LinearMinTime,benchmark_results_yearly_20260413_121953.csv,GaussianBudget500M_LinearMinTime,SPRUCE_2021-CABDF-012448,20210817,18,pyrologix,5,none,-1,undetected,1,9.489961992702219e-05,0,0.0,False
500M_LinearMinTime,benchmark_results_yearly_20260413_121953.csv,GaussianBudget500M_LinearMinTime,STATE_2021-CAANF-004208,20211125,22,pyrologix,10,none,-1,undetected,1,9.489961992702219e-05,0,0.0,False
500M_LinearMinTime,benchmark_results_yearly_20260413_121953.csv,GaussianBudget500M_LinearMinTime,SUGAR_3_2021-CAMDF-000434,20210529,22,pyrologix,5,none,-1,undetected,1,9.489961992702219e-05,0,0.0,False
500M_LinearMinTime,benchmark_results_yearly_20260413_121953.csv,GaussianBudget500M_LinearMinTime,SUMMIT_2021-CATNF-001568,20210812,22,pyrologix,3,none,-1,undetected,1,9.489961992702219e-05,0,0.0,False
500M_LinearMinTime,benchmark_results_yearly_20260413_121953.csv,GaussianBudget500M_LinearMinTime,Stanshaw_2021-CASRF-000187,20210404,16,pyrologix,12,none,-1,undetected,1,9.489961992702219e-05,0,0.0,False
500M_LinearMinTime,benchmark_results_yearly_20260413_121953.csv,GaussianBudget500M_LinearMinTime,TELEPHONE_2021-CAKNF-005027,20210625,4,pyrologix,7,none,-1,undetected,1,9.489961992702219e-05,0,0.0,False
500M_LinearMinTime,benchmark_results_yearly_20260413_121953.csv,GaussianBudget500M_LinearMinTime,TEMPLIN_2021-CAANF-000022,20210102,17,pyrologix,7,none,-1,undetected,1,9.489961992702219e-05,0,0.0,False
500M_LinearMinTime,benchmark_results_yearly_20260413_121953.csv,GaussianBudget500M_LinearMinTime,TOOLBOX_2021-CABDF-016095,20211031,17,pyrologix,1,none,-1,undetected,1,9.489961992702219e-05,0,0.0,False
500M_LinearMinTime,benchmark_results_yearly_20260413_121953.csv,GaussianBudget500M_LinearMinTime,Three__2021-CASRF-000205,20210415,23,pyrologix,8,none,-1,undetected,1,9.489961992702219e-05,0,0.0,False
500M_LinearMinTime,benchmark_results_yearly_20260413_121953.csv,GaussianBudget500M_LinearMinTime,Twain_2021-CAPNF-000486,20210421,22,pyrologix,2,none,-1,undetected,1,9.489961992702219e-05,0,0.0,False
500M_LinearMinTime,benchmark_results_yearly_20260413_121953.csv,GaussianBudget500M_LinearMinTime,VASQUEZ_2021-CAANF-002923,20210806,13,pyrologix,12,none,-1,undetected,1,9.489961992702219e-05,0,0.0,False
500M_LinearMinTime,benchmark_results_yearly_20260413_121953.csv,GaussianBudget500M_LinearMinTime,WALLOW_2021-CAKNF-005034,20210625,13,pyrologix,4,none,-1,undetected,1,9.489961992702219e-05,0,0.0,False
500M_LinearMinTime,benchmark_results_yearly_20260413_121953.csv,GaussianBudget500M_LinearMinTime,WEST_2021-CASNF-000781,20210703,22,pyrologix,2,none,-1,undetected,1,9.489961992702219e-05,0,0.0,False
500M_LinearMinTime,benchmark_results_yearly_20260413_121953.csv,GaussianBudget500M_LinearMinTime,WHITE_2021-CASHF-001242,20210808,19,pyrologix,1,none,-1,undetected,1,9.489961992702219e-05,0,0.0,False
