strategy_combo,scenario_name,date,sim_start_hour,log_key,offset,cluster,year,routing_compute_seconds,sim_replay_seconds,delta_t,device,fire_size_cells,fire_size_percentage,total_distance_traveled,percentage_map_explored,routed
GaussianBudget75M_LinearMinTime,1-1_MAPES_2022-CALMU-004450,20220818,12,pyrologix,6,50-68,2022,0.0,0.018663570983335376,-1,undetected,1,9.489961992702219e-05,4170,0.004175583276788976,True
GaussianBudget75M_LinearMinTime,1-5_WILDCAT_2022-CALMU-004170,20220805,20,pyrologix,4,50-68,2022,0.0,0.018885032972320914,-1,undetected,1,9.489961992702219e-05,3480,0.004175583276788976,True
GaussianBudget75M_LinearMinTime,2022_SQF_ABCD_MISC__2022-CASQF-001231,20220622,13,pyrologix,6,163-78,2022,0.0,0.0022594170877709985,0,drone,1,9.489961992702219e-05,2535,0.003795984797080888,True
GaussianBudget75M_LinearMinTime,3-1_CORDER_2022-CALMU-004055,20220801,17,pyrologix,2,51-61,2022,0.0,0.0030929279746487737,0,drone,1,9.489961992702219e-05,995,0.003795984797080888,True
GaussianBudget75M_LinearMinTime,3-1_LOST_2022-CALMU-004455,20220818,14,pyrologix,8,51-61,2022,0.0,0.00400206190533936,0,drone,1,9.489961992702219e-05,3175,0.004555181756497065,True
GaussianBudget75M_LinearMinTime,3-3_JUNIPER_2022-CALMU-004137,20220804,21,pyrologix,4,51-61,2022,0.0,0.0046097710728645325,0,drone,1,9.489961992702219e-05,1890,0.004555181756497065,True
GaussianBudget75M_LinearMinTime,3-4_MCCLURE_2022-CALMU-004136,20220804,20,pyrologix,6,51-61,2022,0.0,0.004156167968176305,0,drone,1,9.489961992702219e-05,2535,0.004555181756497065,True
GaussianBudget75M_LinearMinTime,3-9_EAST_2022-CALMU-004244,20220809,10,pyrologix,5,44-62,2022,0.0,0.00383269798476249,0,drone,1,9.489961992702219e-05,2210,0.0046500813764240876,True
GaussianBudget75M_LinearMinTime,79_2022-CACNF-002116,20220903,6,pyrologix,8,230-100,2022,0.0,0.0026449779979884624,0,drone,1,9.489961992702219e-05,2985,0.004175583276788976,True
GaussianBudget75M_LinearMinTime,ACORN_2022-CASHF-000422,20220521,13,pyrologix,11,45-27,2022,0.0,0.005728170042857528,1,drone,1,9.489961992702219e-05,4740,0.004460282136570043,True
GaussianBudget75M_LinearMinTime,AIRPORT_2022-CAENF-016495,20220623,21,pyrologix,5,93-62,2022,0.0,0.019897780963219702,-1,undetected,1,9.489961992702219e-05,435,0.002941888217737688,True
GaussianBudget75M_LinearMinTime,ALEX_2022-CAKNF-006290,20220731,11,pyrologix,8,17-34,2022,0.0,0.0034230060409754515,0,drone,1,9.489961992702219e-05,2850,0.0036061855572268433,True
GaussianBudget75M_LinearMinTime,ALISO_2022-CAANF-003283,20221007,0,pyrologix,4,201-76,2022,0.0,0.0027965870685875416,0,drone,1,9.489961992702219e-05,1535,0.003985784036934932,True
GaussianBudget75M_LinearMinTime,ALTO_2022-CABDF-012077,20220814,20,pyrologix,7,214-103,2022,0.0,0.019165099947713315,-1,undetected,1,9.489961992702219e-05,1485,0.00389088441700791,True
GaussianBudget75M_LinearMinTime,ANDERSON__2022-CACNF-001371,20220620,18,pyrologix,11,244-98,2022,0.0,0.004770207917317748,0,drone,1,9.489961992702219e-05,4065,0.004555181756497065,True
GaussianBudget75M_LinearMinTime,ANNIE_2022-CALPF-001810,20220804,17,pyrologix,8,none,2022,0.0,0.0022451680852100253,-1,undetected,1,9.489961992702219e-05,0,0.0,False
GaussianBudget75M_LinearMinTime,ANTELOPE_2022-CAMDF-000323,20220628,17,pyrologix,2,36-70,2022,0.0,0.0028458249289542437,0,drone,1,9.489961992702219e-05,880,0.004270482896715999,True
GaussianBudget75M_LinearMinTime,APPLEGATE_2022-CAKNF-002489,20220402,18,pyrologix,4,17-27,2022,0.0,0.009976504952646792,3,drone,1,9.489961992702219e-05,2755,0.004555181756497065,True
GaussianBudget75M_LinearMinTime,ASH_2022-CALPF-001994,20220820,18,pyrologix,7,169-38,2022,5063.520524868043,0.004443272948265076,0,drone,1,9.489961992702219e-05,2715,0.004555181756497065,True
GaussianBudget75M_LinearMinTime,ASH_2022-CASTF-001481,20220813,15,pyrologix,12,114-64,2022,0.0,0.005363050033338368,0,drone,1,9.489961992702219e-05,4760,0.0046500813764240876,True
GaussianBudget75M_LinearMinTime,ASH_2022-CATNF-001338,20220905,22,pyrologix,7,86-67,2022,0.0,0.0036451040068641305,0,drone,1,9.489961992702219e-05,2735,0.003985784036934932,True
GaussianBudget75M_LinearMinTime,ASPENDELL_2022-CAINF-001173,20220621,21,pyrologix,6,none,2022,0.0,0.001933805993758142,-1,undetected,1,9.489961992702219e-05,0,0.0,False
GaussianBudget75M_LinearMinTime,ASPEN_2022-CAENF-017949,20220706,16,pyrologix,3,100-68,2022,0.0,0.003460598993115127,0,drone,1,9.489961992702219e-05,1295,0.004175583276788976,True
GaussianBudget75M_LinearMinTime,ASPEN_2022-CAMDF-000643,20220808,18,pyrologix,5,30-60,2022,0.0,0.0023068420123308897,0,drone,1,9.489961992702219e-05,1890,0.004270482896715999,True
GaussianBudget75M_LinearMinTime,AUSTIN_2022-CATNF-001000,20220730,10,pyrologix,9,79-61,2022,0.0,0.01870607293676585,-1,undetected,1,9.489961992702219e-05,2530,0.004365382516643021,True
GaussianBudget75M_LinearMinTime,AZALEA_2022-CABDF-012393,20220823,23,pyrologix,1,223-101,2022,0.0,0.016206330037675798,5,drone,1,9.489961992702219e-05,2335,0.004460282136570043,True
GaussianBudget75M_LinearMinTime,Ackerson_2022-CASTF-STF-1842,20220920,11,pyrologix,12,121-61,2022,0.0,0.014297986985184252,4,drone,1,9.489961992702219e-05,7010,0.004460282136570043,True
GaussianBudget75M_LinearMinTime,Alamo_2022-CALPF-001331,20220622,17,pyrologix,8,none,2022,0.0,0.0018403880530968308,-1,undetected,1,9.489961992702219e-05,0,0.0,False
GaussianBudget75M_LinearMinTime,Ammon_2022-CASRF-000635,20220805,6,pyrologix,8,38-21,2022,0.0,0.01835389295592904,-1,undetected,1,9.489961992702219e-05,1450,0.004270482896715999,True
GaussianBudget75M_LinearMinTime,Arroyo_2022-CALPF-000376,20220303,21,pyrologix,5,none,2022,0.0,0.0018420639680698514,-1,undetected,1,9.489961992702219e-05,0,0.0,False
GaussianBudget75M_LinearMinTime,BABBIT_2022-CATNF-000696,20220626,22,pyrologix,5,79-68,2022,0.0,0.003694990067742765,0,drone,1,9.489961992702219e-05,2090,0.004270482896715999,True
GaussianBudget75M_LinearMinTime,BAILEY_2022-CAANF-002320,20220721,13,pyrologix,12,201-76,2022,0.0,0.0037753270007669926,0,drone,1,9.489961992702219e-05,4315,0.004460282136570043,True
GaussianBudget75M_LinearMinTime,BAKER_2022-CASQF-001270,20220624,14,pyrologix,5,170-77,2022,0.0,0.003845195984467864,0,drone,1,9.489961992702219e-05,1985,0.004460282136570043,True
GaussianBudget75M_LinearMinTime,BALDY_2022-CAANF-001852,20220623,23,pyrologix,9,206-88,2022,0.0,0.011246668989770114,3,drone,1,9.489961992702219e-05,4630,0.004175583276788976,True
GaussianBudget75M_LinearMinTime,BALDY_2022-CABDF-002467,20220209,20,pyrologix,11,206-88,2022,0.0,0.008165612001903355,0,drone,1,9.489961992702219e-05,4475,0.004175583276788976,True
GaussianBudget75M_LinearMinTime,BALD_2022-CAPNF-001357,20220730,14,pyrologix,2,72-52,2022,0.0,0.004128825035877526,0,drone,1,9.489961992702219e-05,1110,0.004365382516643021,True
GaussianBudget75M_LinearMinTime,BANNER_2022-CAINF-001469,20220716,19,pyrologix,11,none,2022,0.0,0.001905117998830974,-1,undetected,1,9.489961992702219e-05,0,0.0,False
GaussianBudget75M_LinearMinTime,BARNES_2022-CAMDF-000896,20220907,21,pyrologix,4,none,2022,0.0,0.0018283389508724213,-1,undetected,1,9.489961992702219e-05,0,0.0,False
GaussianBudget75M_LinearMinTime,BARNEY_2022-CASHF-000173,20220311,16,pyrologix,12,38-28,2022,0.0,0.011451851925812662,3,drone,1,9.489961992702219e-05,5455,0.0046500813764240876,True
GaussianBudget75M_LinearMinTime,BARN_2022-CACNF-001051,20220526,18,pyrologix,8,244-98,2022,0.0,0.0064161489717662334,1,drone,1,9.489961992702219e-05,3310,0.004555181756497065,True
GaussianBudget75M_LinearMinTime,BAR_2022-CAKNF-003718,20220519,20,pyrologix,1,24-32,2022,0.0,0.0025317618856206536,0,drone,1,9.489961992702219e-05,535,0.003226587077518755,True
GaussianBudget75M_LinearMinTime,BAR_2022-CASNF-000339,20220506,19,pyrologix,4,135-67,2022,0.0,0.0028254309436306357,0,drone,1,9.489961992702219e-05,1605,0.004365382516643021,True
GaussianBudget75M_LinearMinTime,BASIN_2022-CABDF-014112,20221010,16,pyrologix,10,206-88,2022,0.0,0.006512093008495867,1,drone,1,9.489961992702219e-05,4260,0.004175583276788976,True
GaussianBudget75M_LinearMinTime,BASIN_2022-CASNF-001644,20221126,15,pyrologix,11,135-67,2022,0.0,0.005333963083103299,0,drone,1,9.489961992702219e-05,4395,0.004555181756497065,True
GaussianBudget75M_LinearMinTime,BEACROFT_2022-CATNF-001275,20220902,14,pyrologix,2,86-60,2022,0.0,0.004295508959330618,0,drone,1,9.489961992702219e-05,1240,0.003511285937299821,True
GaussianBudget75M_LinearMinTime,BEAN_2022-CALPF-002662,20221030,15,pyrologix,2,175-45,2022,0.0,0.0033729890128597617,0,drone,1,9.489961992702219e-05,1015,0.00389088441700791,True
GaussianBudget75M_LinearMinTime,BEAR_2022-CAANF-001197,20220501,9,pyrologix,1,195-71,2022,0.0,0.008079899940639734,2,drone,1,9.489961992702219e-05,1205,0.004270482896715999,True
GaussianBudget75M_LinearMinTime,BEAR_2022-CABDF-013137,20220912,20,pyrologix,10,209-96,2022,0.0,0.004409021930769086,0,drone,1,9.489961992702219e-05,3790,0.004270482896715999,True
GaussianBudget75M_LinearMinTime,BEAR_2022-CAMDF-000592,20220805,19,pyrologix,3,42-76,2022,5063.334054781008,0.004213792970404029,0,drone,1,9.489961992702219e-05,1440,0.004365382516643021,True
GaussianBudget75M_LinearMinTime,BEAR_2022-CASKU-006701,20220809,13,pyrologix,7,37-49,2022,0.0,0.008788153994828463,2,drone,1,9.489961992702219e-05,3320,0.0046500813764240876,True
GaussianBudget75M_LinearMinTime,BEAR_2022-CASQF-002485,20220924,0,pyrologix,4,147-79,2022,5063.31357568095,0.0074885019566863775,1,drone,1,9.489961992702219e-05,2060,0.0046500813764240876,True
GaussianBudget75M_LinearMinTime,BEAR_2022-CASTF-000836,20220616,20,pyrologix,1,107-68,2022,0.0,0.005594567977823317,1,drone,1,9.489961992702219e-05,965,0.004270482896715999,True
GaussianBudget75M_LinearMinTime,BEER_2022-CAINF-001769,20220813,20,pyrologix,6,162-85,2022,0.0,0.01868931599892676,-1,undetected,1,9.489961992702219e-05,880,0.00389088441700791,True
GaussianBudget75M_LinearMinTime,BEE_2022-CABDF-002238,20220205,16,pyrologix,7,223-101,2022,0.0,0.0030707260593771935,0,drone,1,9.489961992702219e-05,2660,0.004460282136570043,True
GaussianBudget75M_LinearMinTime,BELKNAP_2022-CASQF-001805,20220724,13,pyrologix,11,163-78,2022,0.0,0.005441269953735173,0,drone,1,9.489961992702219e-05,5025,0.003795984797080888,True
GaussianBudget75M_LinearMinTime,BELL_2022-CAMDF-000549,20220802,19,pyrologix,9,37-56,2022,0.0,0.007652897969819605,1,drone,1,9.489961992702219e-05,3985,0.0046500813764240876,True
GaussianBudget75M_LinearMinTime,BENJAMIN_2022-CAKNF-001866,20220310,17,pyrologix,4,17-27,2022,0.0,0.011813882971182466,1,drone,1,9.489961992702219e-05,2310,0.004460282136570043,True
GaussianBudget75M_LinearMinTime,BEN_2022-CAANF-003339,20221013,16,pyrologix,3,201-76,2022,0.0,0.0036703769583255053,0,drone,1,9.489961992702219e-05,1365,0.00389088441700791,True
GaussianBudget75M_LinearMinTime,BERRY_2022-CATNF-001201,20220822,22,pyrologix,4,79-61,2022,0.0,0.0034033110132440925,0,drone,1,9.489961992702219e-05,1875,0.004270482896715999,True
GaussianBudget75M_LinearMinTime,BICHOTA_2022-CAANF-003475,20221030,13,pyrologix,9,206-81,2022,0.0,0.004742813995108008,0,drone,1,9.489961992702219e-05,3565,0.0037010851771538656,True
GaussianBudget75M_LinearMinTime,BIG_2022-CAANF-000779,20220325,21,pyrologix,8,201-76,2022,0.0,0.006835956941358745,1,drone,1,9.489961992702219e-05,3455,0.004270482896715999,True
GaussianBudget75M_LinearMinTime,BIG_2022-CAINF-001643,20220801,21,pyrologix,9,124-80,2022,0.0,0.019450603984296322,-1,undetected,1,9.489961992702219e-05,5315,0.0046500813764240876,True
GaussianBudget75M_LinearMinTime,BLACKBERRY_2022-CAKNF-009020,20221011,12,pyrologix,9,17-27,2022,0.0,0.018910099985077977,-1,undetected,1,9.489961992702219e-05,5685,0.004555181756497065,True
GaussianBudget75M_LinearMinTime,BLACK_2022-CABDF-010481,20220705,2,pyrologix,5,223-101,2022,0.0,0.0030901249265298247,0,drone,1,9.489961992702219e-05,1975,0.004365382516643021,True
GaussianBudget75M_LinearMinTime,BLACK_2022-CASHF-001052,20220927,17,pyrologix,11,30-45,2022,0.0,0.0052671999437734485,0,drone,1,9.489961992702219e-05,4200,0.004555181756497065,True
GaussianBudget75M_LinearMinTime,BLOSSOM_2022-CABDF-009708,20220621,16,pyrologix,6,206-88,2022,0.0,0.007536709075793624,1,drone,1,9.489961992702219e-05,2990,0.004175583276788976,True
GaussianBudget75M_LinearMinTime,BLUE_2022-CAKNF-006308,20220731,17,pyrologix,7,17-34,2022,0.0,0.0033294629538431764,0,drone,1,9.489961992702219e-05,2590,0.0036061855572268433,True
GaussianBudget75M_LinearMinTime,BLUE_2022-CASHF-000765,20220804,23,pyrologix,3,37-35,2022,0.0,0.006648976937867701,1,drone,1,9.489961992702219e-05,1745,0.004270482896715999,True
GaussianBudget75M_LinearMinTime,BLUE_CANYON_2022-CAKNF-006483,20220804,22,pyrologix,6,30-45,2022,0.0,0.013616501004435122,2,drone,1,9.489961992702219e-05,2955,0.004365382516643021,True
GaussianBudget75M_LinearMinTime,BLUE__2022-CAANF-001567,20220531,0,pyrologix,3,206-88,2022,0.0,0.0029841179493814707,0,drone,1,9.489961992702219e-05,1315,0.0036061855572268433,True
GaussianBudget75M_LinearMinTime,BLUFF_2022-CAINF-001703,20220806,15,pyrologix,7,127-76,2022,0.0,0.005909729981794953,1,drone,1,9.489961992702219e-05,2925,0.004460282136570043,True
GaussianBudget75M_LinearMinTime,BOBCAT_2022-CACNF-001542,20220703,17,pyrologix,4,244-98,2022,0.0,0.003628459060564637,0,drone,1,9.489961992702219e-05,1700,0.004175583276788976,True
GaussianBudget75M_LinearMinTime,BOCA_2022-CATNF-000710,20220629,18,pyrologix,4,86-67,2022,0.0,0.0026373619912192225,0,drone,1,9.489961992702219e-05,1575,0.00389088441700791,True
GaussianBudget75M_LinearMinTime,BOCA_2_2022-CATNF-001022,20220801,8,pyrologix,9,86-67,2022,0.0,0.003603104967623949,0,drone,1,9.489961992702219e-05,3380,0.003985784036934932,True
GaussianBudget75M_LinearMinTime,BORDER_2022-CAMDF-000651,20220809,9,pyrologix,8,37-56,2022,0.0,0.009795954916626215,2,drone,1,9.489961992702219e-05,3950,0.0046500813764240876,True
GaussianBudget75M_LinearMinTime,BOTANICAL_2022-CALPF-002665,20221030,14,pyrologix,10,169-38,2022,0.0,0.0044567129807546735,0,drone,1,9.489961992702219e-05,3755,0.004555181756497065,True
GaussianBudget75M_LinearMinTime,BOULDER_2022-CAINF-001582,20220725,14,pyrologix,9,124-80,2022,0.0,0.0036856209626421332,0,drone,1,9.489961992702219e-05,3425,0.0046500813764240876,True
GaussianBudget75M_LinearMinTime,BOUQUET_2022-CAANF-001564,20220530,16,pyrologix,10,none,2022,0.0,0.0019215000793337822,-1,undetected,1,9.489961992702219e-05,0,0.0,False
GaussianBudget75M_LinearMinTime,BOX_2022-CAKNF-007027,20220818,21,pyrologix,9,24-32,2022,0.0,0.0038598200771957636,0,drone,1,9.489961992702219e-05,3535,0.0046500813764240876,True
GaussianBudget75M_LinearMinTime,BRADLY_2022-CABDF-009396,20220614,19,pyrologix,7,206-88,2022,0.0,0.00464723608456552,0,drone,1,9.489961992702219e-05,2940,0.004175583276788976,True
GaussianBudget75M_LinearMinTime,BRAKE_2022-CAANF-001466,20220525,12,pyrologix,12,195-71,2022,0.0,0.004867590963840485,0,drone,1,9.489961992702219e-05,4525,0.004555181756497065,True
GaussianBudget75M_LinearMinTime,BRONCO_2022-CABDF-012134,20220817,17,pyrologix,5,206-88,2022,0.0,0.0034513690043240786,0,drone,1,9.489961992702219e-05,2130,0.00389088441700791,True
GaussianBudget75M_LinearMinTime,BROWN_2022-CALMU-006355,20221125,3,pyrologix,4,44-55,2022,0.0,0.01716576109174639,5,drone,1,9.489961992702219e-05,3725,0.004460282136570043,True
GaussianBudget75M_LinearMinTime,BROWN_2022-CASQF-002517,20220927,20,pyrologix,2,177-79,2022,0.0,0.002362511004321277,0,drone,1,9.489961992702219e-05,830,0.003511285937299821,True
GaussianBudget75M_LinearMinTime,BRUSHY_2022-CASHF-000670,20220720,19,pyrologix,6,59-26,2022,0.0,0.010871400008909404,3,drone,1,9.489961992702219e-05,3635,0.004555181756497065,True
GaussianBudget75M_LinearMinTime,BRYANT_2022-CAANF-003714,20221130,1,pyrologix,1,201-76,2022,0.0,0.0035718019353225827,0,drone,1,9.489961992702219e-05,670,0.003795984797080888,True
GaussianBudget75M_LinearMinTime,BULL_2022-CALPF-001028,20220524,20,pyrologix,4,none,2022,0.0,0.001890946994535625,-1,undetected,1,9.489961992702219e-05,0,0.0,False
GaussianBudget75M_LinearMinTime,BURRO_2022-CAANF-003334,20221012,17,pyrologix,10,206-81,2022,0.0,0.00511789892334491,0,drone,1,9.489961992702219e-05,3955,0.003795984797080888,True
GaussianBudget75M_LinearMinTime,BUS_2022-CAANF-003703,20221127,21,pyrologix,4,195-71,2022,0.0,0.0025599179789423943,0,drone,1,9.489961992702219e-05,1520,0.004270482896715999,True
GaussianBudget75M_LinearMinTime,BUTTE_2022-CAKNF-006557,20220805,12,pyrologix,8,22-46,2022,5063.119037096971,0.004237321903929114,0,drone,1,9.489961992702219e-05,3090,0.004460282136570043,True
GaussianBudget75M_LinearMinTime,BYPASS__2022-CABDF-002167,20220205,22,pyrologix,5,206-88,2022,0.0,0.00854881398845464,2,drone,1,9.489961992702219e-05,2725,0.0040806836568619545,True
GaussianBudget75M_LinearMinTime,Bark_Shanty_2022-CASRF-000110,20220308,18,pyrologix,8,31-24,2022,0.0,0.019079713034443557,-1,undetected,1,9.489961992702219e-05,5500,0.004555181756497065,True
GaussianBudget75M_LinearMinTime,Beaver_2022-CAPNF-001186,20220717,16,pyrologix,11,72-52,2022,0.0,0.003916964982636273,0,drone,1,9.489961992702219e-05,4080,0.0046500813764240876,True
GaussianBudget75M_LinearMinTime,Beebe_2022-CASRF-000349,20220527,15,pyrologix,3,38-21,2022,0.0,0.025778383016586304,-1,undetected,1,9.489961992702219e-05,1450,0.004270482896715999,True
GaussianBudget75M_LinearMinTime,Bell__2022-CAPNF-001745,20220903,16,pyrologix,11,72-59,2022,0.0,0.0031804199097678065,0,drone,1,9.489961992702219e-05,3925,0.0046500813764240876,True
GaussianBudget75M_LinearMinTime,Big_Bar_2022-CASRF-000883,20221012,0,pyrologix,10,31-24,2022,0.0,0.007111703045666218,1,drone,1,9.489961992702219e-05,4555,0.004460282136570043,True
GaussianBudget75M_LinearMinTime,Bison_2022-CALPF-000531,20220326,20,pyrologix,11,none,2022,0.0,0.0018813679926097393,-1,undetected,1,9.489961992702219e-05,0,0.0,False
GaussianBudget75M_LinearMinTime,Blue_2022-CASRF-000186,20220331,16,pyrologix,4,24-25,2022,0.0,0.007658584043383598,1,drone,1,9.489961992702219e-05,2155,0.004460282136570043,True
GaussianBudget75M_LinearMinTime,Blue_Jay_2022-CACNF-000342,20220220,22,pyrologix,2,220-87,2022,0.0,0.0018219130579382181,0,drone,1,9.489961992702219e-05,875,0.0036061855572268433,True
GaussianBudget75M_LinearMinTime,Boatman_2022-CASRF-000619,20220805,7,pyrologix,10,38-21,2022,0.0,0.01830066996626556,-1,undetected,1,9.489961992702219e-05,1450,0.004270482896715999,True
GaussianBudget75M_LinearMinTime,Boise_2022-CASRF-000411,20220613,18,pyrologix,10,38-21,2022,0.0,0.01821754896081984,-1,undetected,1,9.489961992702219e-05,1450,0.004270482896715999,True
GaussianBudget75M_LinearMinTime,Bosley_2022-CACNF-000078,20220111,21,pyrologix,5,220-87,2022,0.0,0.0035104809794574976,0,drone,1,9.489961992702219e-05,2120,0.003985784036934932,True
GaussianBudget75M_LinearMinTime,Bravo_2022-CASRF-000622,20220805,10,pyrologix,9,38-21,2022,0.0,0.01865732402075082,-1,undetected,1,9.489961992702219e-05,1450,0.004270482896715999,True
GaussianBudget75M_LinearMinTime,Bremer_2022-CASRF-000623,20220805,8,pyrologix,12,38-21,2022,0.0,0.018748709000647068,-1,undetected,1,9.489961992702219e-05,1450,0.004270482896715999,True
GaussianBudget75M_LinearMinTime,Bridge_2022-CALPF-001017,20220522,21,pyrologix,5,none,2022,0.0,0.0019363670144230127,-1,undetected,1,9.489961992702219e-05,0,0.0,False
GaussianBudget75M_LinearMinTime,Bucks__2022-CAPNF-000761,20220604,10,pyrologix,10,72-52,2022,0.0,0.007891039946116507,1,drone,1,9.489961992702219e-05,4250,0.0046500813764240876,True
GaussianBudget75M_LinearMinTime,Butterfly_2022-CAPNF-001669,20220824,18,pyrologix,7,65-57,2022,0.0,0.0035699709551408887,0,drone,1,9.489961992702219e-05,2650,0.0040806836568619545,True
GaussianBudget75M_LinearMinTime,Butterfly_2022-CAPNF-002295,20221030,11,pyrologix,6,65-57,2022,0.0,0.0032772249542176723,0,drone,1,9.489961992702219e-05,2285,0.0040806836568619545,True
GaussianBudget75M_LinearMinTime,Buzzard_2022-CATNF-001557,20221016,23,pyrologix,4,86-60,2022,0.0,0.004968694061972201,1,drone,1,9.489961992702219e-05,2015,0.003985784036934932,True
GaussianBudget75M_LinearMinTime,CABIN_2022-CAANF-003337,20221013,13,pyrologix,6,206-88,2022,0.0,0.0063962440472096205,1,drone,1,9.489961992702219e-05,2780,0.0040806836568619545,True
GaussianBudget75M_LinearMinTime,CABLE_2022-CAAEU-020435,20220726,20,pyrologix,7,100-54,2022,0.0,0.002644879976287484,0,drone,1,9.489961992702219e-05,2650,0.004365382516643021,True
GaussianBudget75M_LinearMinTime,CACTUS__2022-CABDF-007448,20220430,15,pyrologix,10,none,2022,0.0,0.001861800905317068,-1,undetected,1,9.489961992702219e-05,0,0.0,False
GaussianBudget75M_LinearMinTime,CAJON_2022-CABDF-009305,20220613,8,pyrologix,6,206-88,2022,0.0,0.0037956630112603307,0,drone,1,9.489961992702219e-05,2490,0.003985784036934932,True
GaussianBudget75M_LinearMinTime,CALLAHAN_2022-CAKNF-007153,20220821,18,pyrologix,12,30-38,2022,0.0,0.003698865999467671,0,drone,1,9.489961992702219e-05,4410,0.0046500813764240876,True
GaussianBudget75M_LinearMinTime,CAMPGROUND_2022-CASQF-001266,20220624,22,pyrologix,4,177-79,2022,0.0,0.0022560670040547848,0,drone,1,9.489961992702219e-05,1530,0.004365382516643021,True
GaussianBudget75M_LinearMinTime,CAMP_2022-CAANF-001705,20220612,23,pyrologix,6,206-81,2022,0.0,0.005858343909494579,1,drone,1,9.489961992702219e-05,2755,0.0037010851771538656,True
GaussianBudget75M_LinearMinTime,CAMP_2022-CABDF-006949,20220417,18,pyrologix,6,223-101,2022,0.0,0.002644294989295304,0,drone,1,9.489961992702219e-05,2275,0.004460282136570043,True
GaussianBudget75M_LinearMinTime,CANDY_2022-CACNF-000413,20220303,14,pyrologix,12,220-87,2022,0.0,0.006981808925047517,1,drone,1,9.489961992702219e-05,5190,0.003985784036934932,True
GaussianBudget75M_LinearMinTime,CANNELL_2022-CASQF-001251,20220623,14,pyrologix,5,169-84,2022,0.0,0.005521429004147649,1,drone,1,9.489961992702219e-05,2320,0.004460282136570043,True
GaussianBudget75M_LinearMinTime,CANYON_2022-CABDF-014978,20221028,21,pyrologix,3,206-88,2022,0.0,0.002078962977975607,0,drone,1,9.489961992702219e-05,1215,0.0036061855572268433,True
GaussianBudget75M_LinearMinTime,CANYON_2022-CACNF-001665,20220714,18,pyrologix,6,237-97,2022,0.0,0.0023460130905732512,0,drone,1,9.489961992702219e-05,2315,0.004365382516643021,True
GaussianBudget75M_LinearMinTime,CANYON_2022-CALPF-002421,20221001,17,pyrologix,7,189-64,2022,0.0,0.0034679819364100695,0,drone,1,9.489961992702219e-05,2790,0.004555181756497065,True
GaussianBudget75M_LinearMinTime,CAPRA_2022-CAANF-003323,20221011,13,pyrologix,12,201-76,2022,0.0,0.004548243945464492,0,drone,1,9.489961992702219e-05,4450,0.004460282136570043,True
GaussianBudget75M_LinearMinTime,CARGO_2022-CAANF-001001,20220415,21,pyrologix,12,195-71,2022,0.0,0.004700389923527837,0,drone,1,9.489961992702219e-05,4525,0.004555181756497065,True
GaussianBudget75M_LinearMinTime,CARISO_2022-CACNF-000934,20220515,3,pyrologix,1,220-87,2022,0.0,0.002081599086523056,0,drone,1,9.489961992702219e-05,525,0.0031316874575917325,True
GaussianBudget75M_LinearMinTime,CARISO_2022-CARRU-069541,20220515,0,pyrologix,6,220-87,2022,0.0,0.004053337033838034,0,drone,1,9.489961992702219e-05,2595,0.003985784036934932,True
GaussianBudget75M_LinearMinTime,CARMEL_2022-CALPF-001234,20220613,19,pyrologix,5,none,2022,0.0,0.0019171589519828558,-1,undetected,1,9.489961992702219e-05,0,0.0,False
GaussianBudget75M_LinearMinTime,CARMEN_2022-CAKNF-006432,20220803,23,pyrologix,5,30-38,2022,0.0,0.00412093207705766,0,drone,1,9.489961992702219e-05,2155,0.0046500813764240876,True
GaussianBudget75M_LinearMinTime,CARSON_2022-CAAEU-016273,20220621,17,pyrologix,8,100-54,2022,0.0,0.0038994549540802836,0,drone,1,9.489961992702219e-05,3145,0.004365382516643021,True
GaussianBudget75M_LinearMinTime,CASTILE_2022-CABDF-007822,20220510,19,pyrologix,9,223-101,2022,0.0,0.0034234770573675632,0,drone,1,9.489961992702219e-05,3320,0.004460282136570043,True
GaussianBudget75M_LinearMinTime,CASUSE__2022-CAMDF-000350,20220703,19,pyrologix,11,30-60,2022,0.0,0.006881176959723234,1,drone,1,9.489961992702219e-05,4615,0.004555181756497065,True
GaussianBudget75M_LinearMinTime,CAT_2022-CAANF-003131,20220918,20,pyrologix,8,206-88,2022,0.0,0.003893394023180008,0,drone,1,9.489961992702219e-05,3210,0.004175583276788976,True
GaussianBudget75M_LinearMinTime,CAT_2022-CAENF-027328,20220924,15,pyrologix,7,100-61,2022,0.0,0.005982407019473612,1,drone,1,9.489961992702219e-05,2955,0.004460282136570043,True
GaussianBudget75M_LinearMinTime,CEDAR_2022-CAAEU-029099,20221011,23,pyrologix,9,100-54,2022,0.0,0.004363336018286645,0,drone,1,9.489961992702219e-05,3510,0.004365382516643021,True
GaussianBudget75M_LinearMinTime,CEDAR_2022-CALNF-005894,20221030,17,pyrologix,1,58-61,2022,0.0,0.017895068041980267,-1,undetected,1,9.489961992702219e-05,2540,0.004365382516643021,True
GaussianBudget75M_LinearMinTime,CEDAR_2022-CAMDF-000650,20220809,2,pyrologix,6,35-77,2022,0.0,0.003548836917616427,0,drone,1,9.489961992702219e-05,2450,0.004365382516643021,True
GaussianBudget75M_LinearMinTime,CEDAR_2022-CASHF-001071,20221001,11,pyrologix,12,38-21,2022,0.0,0.018714111065492034,-1,undetected,1,9.489961992702219e-05,1450,0.004270482896715999,True
GaussianBudget75M_LinearMinTime,CEDAR_2022-CASKU-007792,20220907,16,pyrologix,6,23-53,2022,0.0,0.018122851965017617,-1,undetected,1,9.489961992702219e-05,2265,0.00389088441700791,True
GaussianBudget75M_LinearMinTime,CHASE_2022-CACNF-001567,20220705,13,pyrologix,12,none,2022,0.0,0.0022344710305333138,-1,undetected,1,9.489961992702219e-05,0,0.0,False
GaussianBudget75M_LinearMinTime,CHERRY_2022-CAANF-001728,20220613,20,pyrologix,5,195-71,2022,0.0,0.002960970043204725,0,drone,1,9.489961992702219e-05,1945,0.004365382516643021,True
GaussianBudget75M_LinearMinTime,CHERRY_2022-CAKNF-007311,20220826,21,pyrologix,8,17-34,2022,0.0,0.004004387999884784,0,drone,1,9.489961992702219e-05,3015,0.0036061855572268433,True
GaussianBudget75M_LinearMinTime,CHERRY_2022-CASKU-007616,20220903,13,pyrologix,7,23-39,2022,0.0,0.006272126920521259,1,drone,1,9.489961992702219e-05,3085,0.004270482896715999,True
GaussianBudget75M_LinearMinTime,CHERRY_2022-CASTF-000707,20220529,21,pyrologix,4,114-64,2022,0.0,0.0021629960974678397,0,drone,1,9.489961992702219e-05,1510,0.003985784036934932,True
GaussianBudget75M_LinearMinTime,CHERRY__2022-CASQF-001669,20220716,0,pyrologix,2,149-72,2022,0.0,0.0039293039590120316,0,drone,1,9.489961992702219e-05,1065,0.004460282136570043,True
GaussianBudget75M_LinearMinTime,CHILAO_RX_2022-CAANF-000476,20220221,21,pyrologix,7,206-81,2022,0.0,0.006290010060183704,1,drone,1,9.489961992702219e-05,3175,0.0037010851771538656,True
GaussianBudget75M_LinearMinTime,CHINA_2022-CASHF-000735,20220730,21,pyrologix,5,45-27,2022,0.0,0.003750486997887492,0,drone,1,9.489961992702219e-05,2145,0.004175583276788976,True
GaussianBudget75M_LinearMinTime,CHINA_2022-CATNF-000889,20220717,18,pyrologix,2,86-60,2022,0.0,0.003640096983872354,0,drone,1,9.489961992702219e-05,1115,0.003511285937299821,True
GaussianBudget75M_LinearMinTime,CHIPMUNK_2022-CASTF-001374,20220801,22,pyrologix,6,107-68,2022,0.0,0.01185132993850857,3,drone,1,9.489961992702219e-05,3450,0.0046500813764240876,True
GaussianBudget75M_LinearMinTime,CHUTE_2022-CALNF-005052,20220916,21,pyrologix,6,51-47,2022,5062.841112612048,0.002721315948292613,0,drone,1,9.489961992702219e-05,2465,0.003985784036934932,True
GaussianBudget75M_LinearMinTime,CHUTE_2_2022-CALNF-005054,20220917,21,pyrologix,7,51-47,2022,0.0,0.0035261899465695024,0,drone,1,9.489961992702219e-05,2915,0.003985784036934932,True
GaussianBudget75M_LinearMinTime,CIENAGA_2022-CABDF-013642,20220928,21,pyrologix,1,214-103,2022,0.0,0.003955352935008705,0,drone,1,9.489961992702219e-05,740,0.0036061855572268433,True
GaussianBudget75M_LinearMinTime,CITY_2022-CAINF-001017,20220605,22,pyrologix,3,127-76,2022,0.0,0.0034019299782812595,0,drone,1,9.489961992702219e-05,1335,0.003985784036934932,True
GaussianBudget75M_LinearMinTime,CITY_CREEK_2022-CABDF-000823,20220111,8,pyrologix,4,209-96,2022,0.0,0.00419690809212625,0,drone,1,9.489961992702219e-05,1775,0.003985784036934932,True
GaussianBudget75M_LinearMinTime,CLARA_2022-CALAC-003782,20220104,0,pyrologix,9,201-76,2022,0.0,0.004184991004876792,0,drone,1,9.489961992702219e-05,3455,0.004270482896715999,True
GaussianBudget75M_LinearMinTime,CLEAR_2022-CASHF-000804,20220810,17,pyrologix,7,37-42,2022,0.0,0.0035404840018600225,0,drone,1,9.489961992702219e-05,2625,0.0046500813764240876,True
GaussianBudget75M_LinearMinTime,CLOUDLAND__2022-CABDF-011721,20220803,16,pyrologix,12,209-96,2022,0.0,0.006070067989639938,1,drone,1,9.489961992702219e-05,4670,0.004270482896715999,True
GaussianBudget75M_LinearMinTime,CLOUD_2022-CABDF-002605,20220212,2,pyrologix,6,209-96,2022,0.0,0.002515248954296112,0,drone,1,9.489961992702219e-05,2260,0.004270482896715999,True
GaussianBudget75M_LinearMinTime,COBBLESTONE_2022-CAENF-014019,20220531,11,pyrologix,12,93-62,2022,0.0,0.002757046022452414,0,drone,1,9.489961992702219e-05,435,0.002941888217737688,True
GaussianBudget75M_LinearMinTime,COFFEE_2022-CASHF-000727,20220729,18,pyrologix,4,37-35,2022,0.0,0.004760909941978753,1,drone,1,9.489961992702219e-05,1855,0.004365382516643021,True
GaussianBudget75M_LinearMinTime,COLDWATER_2022-CABDF-010684,20220710,16,pyrologix,3,209-96,2022,0.0,0.004384948988445103,0,drone,1,9.489961992702219e-05,1485,0.003985784036934932,True
GaussianBudget75M_LinearMinTime,COLD_2022-CABDF-010816,20220713,4,pyrologix,5,206-88,2022,0.0,0.002784766023978591,0,drone,1,9.489961992702219e-05,2000,0.00389088441700791,True
GaussianBudget75M_LinearMinTime,COLD_2022-CAKNF-007065,20220818,18,pyrologix,2,24-32,2022,0.0,0.005309322965331376,1,drone,1,9.489961992702219e-05,1285,0.004555181756497065,True
GaussianBudget75M_LinearMinTime,COLD_2022-CASNF-001542,20221020,14,pyrologix,12,128-69,2022,0.0,0.00618831196334213,1,drone,1,9.489961992702219e-05,4560,0.004555181756497065,True
GaussianBudget75M_LinearMinTime,CONANT_2022-CASHF-000736,20220731,10,pyrologix,4,37-42,2022,0.0,0.0030343719990924,0,drone,1,9.489961992702219e-05,1580,0.004555181756497065,True
GaussianBudget75M_LinearMinTime,CONVICT_2022-CAINF-000856,20220515,19,pyrologix,2,none,2022,0.0,0.0019096980104222894,-1,undetected,1,9.489961992702219e-05,0,0.0,False
GaussianBudget75M_LinearMinTime,COOK_2022-CABDF-005145,20220318,14,pyrologix,6,209-96,2022,0.0,0.0026537709636613727,0,drone,1,9.489961992702219e-05,2310,0.004270482896715999,True
GaussianBudget75M_LinearMinTime,CORRAL_2022-CALNF-005348,20221001,9,pyrologix,10,51-54,2022,0.0,0.004181651049293578,0,drone,1,9.489961992702219e-05,3760,0.0046500813764240876,True
GaussianBudget75M_LinearMinTime,CORRAL_2022-CASQF-002025,20220809,16,pyrologix,11,162-85,2022,0.0,0.018699767999351025,-1,undetected,1,9.489961992702219e-05,880,0.00389088441700791,True
GaussianBudget75M_LinearMinTime,CORRINE_2022-CAMMU-019359,20220830,2,pyrologix,11,135-67,2022,0.0,0.003625908982940018,0,drone,1,9.489961992702219e-05,4210,0.004555181756497065,True
GaussianBudget75M_LinearMinTime,COTTONWOOD_2022-CALPF-001352,20220624,17,pyrologix,4,189-64,2022,0.0,0.002040410996414721,0,drone,1,9.489961992702219e-05,1535,0.004175583276788976,True
GaussianBudget75M_LinearMinTime,COUGAR_2022-CASQF-001733,20220720,20,pyrologix,3,163-78,2022,0.0,0.003230417030863464,0,drone,1,9.489961992702219e-05,1410,0.003795984797080888,True
GaussianBudget75M_LinearMinTime,COVE_2022-CALNF-005200,20220923,18,pyrologix,8,58-61,2022,0.0,0.018801857018843293,-1,undetected,1,9.489961992702219e-05,4900,0.004555181756497065,True
GaussianBudget75M_LinearMinTime,COW_2022-CAANF-003324,20221011,17,pyrologix,9,206-88,2022,0.0,0.007384716998785734,1,drone,1,9.489961992702219e-05,4095,0.004175583276788976,True
GaussianBudget75M_LinearMinTime,COYOTE_2022-CAANF-002380,20220724,9,pyrologix,1,195-71,2022,0.0,0.00786621798761189,2,drone,1,9.489961992702219e-05,1205,0.004270482896715999,True
GaussianBudget75M_LinearMinTime,CRAWFORD__2022-CASQF-001737,20220721,1,pyrologix,2,163-78,2022,0.0,0.001940121059305966,0,drone,1,9.489961992702219e-05,885,0.0036061855572268433,True
GaussianBudget75M_LinearMinTime,CREEK_2022-CABDF-002845,20220216,0,pyrologix,12,209-96,2022,0.0,0.003825776046141982,0,drone,1,9.489961992702219e-05,4395,0.004270482896715999,True
GaussianBudget75M_LinearMinTime,CREEK_2022-CAHUU-007532,20220806,20,pyrologix,11,38-21,2022,0.0,0.01877238298766315,-1,undetected,1,9.489961992702219e-05,1450,0.004270482896715999,True
GaussianBudget75M_LinearMinTime,CREEK_2022-CAMDF-000679,20220810,19,pyrologix,4,35-77,2022,0.0,0.004297773004509509,0,drone,1,9.489961992702219e-05,1895,0.003985784036934932,True
GaussianBudget75M_LinearMinTime,CREEK_2022-CAORC-014704,20220130,19,pyrologix,5,220-87,2022,0.0,0.002120155026204884,0,drone,1,9.489961992702219e-05,1920,0.003985784036934932,True
GaussianBudget75M_LinearMinTime,CREST_2022-CABDF-013612,20220928,20,pyrologix,9,206-88,2022,0.0,0.003711491939611733,0,drone,1,9.489961992702219e-05,3610,0.004175583276788976,True
GaussianBudget75M_LinearMinTime,CROSSING__2022-CAANF-003539,20221106,18,pyrologix,4,201-76,2022,0.0,0.0020847200648859143,0,drone,1,9.489961992702219e-05,1490,0.003985784036934932,True
GaussianBudget75M_LinearMinTime,CROSSOVER_2022-CAANF-003068,20220913,16,pyrologix,2,195-71,2022,0.0,0.00279908103402704,0,drone,1,9.489961992702219e-05,930,0.003795984797080888,True
GaussianBudget75M_LinearMinTime,CROSSOVER_2022-CALAC-137928,20220426,0,pyrologix,3,195-71,2022,0.0,0.005253407056443393,1,drone,1,9.489961992702219e-05,1520,0.004270482896715999,True
GaussianBudget75M_LinearMinTime,CURLY_2022-CAKNF-006994,20220817,4,pyrologix,6,17-27,2022,0.0,0.00899435707833618,2,drone,1,9.489961992702219e-05,3270,0.004555181756497065,True
GaussianBudget75M_LinearMinTime,Cabin_2022-CASRF-000836,20220925,6,pyrologix,7,31-24,2022,0.0,0.0027457280084490776,0,drone,1,9.489961992702219e-05,2815,0.004460282136570043,True
GaussianBudget75M_LinearMinTime,Campbell_2022-CASRF-000616,20220805,9,pyrologix,4,38-21,2022,0.0,0.002113645081408322,0,drone,1,9.489961992702219e-05,1450,0.004270482896715999,True
GaussianBudget75M_LinearMinTime,Cap__2022-CASRF-000846,20220928,16,pyrologix,1,31-24,2022,0.0,0.002551137935370207,0,drone,1,9.489961992702219e-05,540,0.00303678783766471,True
GaussianBudget75M_LinearMinTime,Cape_2022-CAPNF-001343,20220729,17,pyrologix,10,72-52,2022,0.0,0.004466257989406586,0,drone,1,9.489961992702219e-05,3835,0.0046500813764240876,True
GaussianBudget75M_LinearMinTime,Castella_2022-CASHF-000669,20220720,17,pyrologix,7,37-42,2022,0.0,0.0029744000639766455,0,drone,1,9.489961992702219e-05,2580,0.0046500813764240876,True
GaussianBudget75M_LinearMinTime,Castle_2022-CASHF-000509,20220615,21,pyrologix,3,37-42,2022,0.0,0.0044634510995820165,1,drone,1,9.489961992702219e-05,1500,0.004555181756497065,True
GaussianBudget75M_LinearMinTime,Cedar_2022-CASRF-000629,20220805,16,pyrologix,4,38-21,2022,0.0,0.01814456400461495,-1,undetected,1,9.489961992702219e-05,1450,0.004270482896715999,True
GaussianBudget75M_LinearMinTime,Cemetery_2022-CAPNF-000685,20220525,14,pyrologix,11,65-57,2022,0.0,0.0034849069779738784,0,drone,1,9.489961992702219e-05,4040,0.0040806836568619545,True
GaussianBudget75M_LinearMinTime,Charlie_2022-CASRF-000614,20220805,4,pyrologix,12,38-21,2022,0.0,0.018994298996403813,-1,undetected,1,9.489961992702219e-05,1450,0.004270482896715999,True
GaussianBudget75M_LinearMinTime,Christian_2022-CASRF-000504,20220711,22,pyrologix,1,38-21,2022,0.0,0.0031721160048618913,0,drone,1,9.489961992702219e-05,550,0.0033214866974457763,True
GaussianBudget75M_LinearMinTime,Clio_2022-CAPNF-000517,20220502,11,pyrologix,12,79-61,2022,0.0,0.019156783004291356,-1,undetected,1,9.489961992702219e-05,2530,0.004365382516643021,True
GaussianBudget75M_LinearMinTime,Coach_2022-CALPF-002163,20220904,13,pyrologix,11,none,2022,0.0,0.0026124289724975824,-1,undetected,1,9.489961992702219e-05,0,0.0,False
GaussianBudget75M_LinearMinTime,Coon_2022-CASRF-000562,20220725,23,pyrologix,11,38-21,2022,0.0,0.0031046910444274545,0,drone,1,9.489961992702219e-05,1450,0.004270482896715999,True
GaussianBudget75M_LinearMinTime,Corral_2022-CASRF-000628,20220805,12,pyrologix,11,31-24,2022,0.0,0.005380029906518757,0,drone,1,9.489961992702219e-05,4710,0.004555181756497065,True
GaussianBudget75M_LinearMinTime,County_2022-CASRF-000676,20220819,19,pyrologix,10,45-20,2022,0.0,0.019695519004017115,-1,undetected,1,9.489961992702219e-05,430,0.002467390118102577,True
GaussianBudget75M_LinearMinTime,Creek_2022-CASHF-000785,20220806,21,pyrologix,7,37-49,2022,0.0,0.0037693220656365156,0,drone,1,9.489961992702219e-05,2620,0.0046500813764240876,True
GaussianBudget75M_LinearMinTime,Creekside_2022-CASRF-000250,20220423,14,pyrologix,7,38-21,2022,0.0,0.0027692250441759825,0,drone,1,9.489961992702219e-05,1450,0.004270482896715999,True
GaussianBudget75M_LinearMinTime,Creekside_2_2022-CASRF-000786,20220907,10,pyrologix,7,38-21,2022,0.0,0.018946154043078423,-1,undetected,1,9.489961992702219e-05,1450,0.004270482896715999,True
GaussianBudget75M_LinearMinTime,Crest_2022-CAPNF-001210,20220720,19,pyrologix,12,65-50,2022,0.0,0.006313067045994103,0,drone,1,9.489961992702219e-05,5330,0.004555181756497065,True
GaussianBudget75M_LinearMinTime,Crocker_2022-CAPNF-001409,20220804,10,pyrologix,10,72-66,2022,0.0,0.004127744003199041,0,drone,1,9.489961992702219e-05,3730,0.004460282136570043,True
GaussianBudget75M_LinearMinTime,DARBY_2022-CASTF-002132,20221114,22,pyrologix,4,114-57,2022,2541.1989060300402,0.0041499469662085176,0,drone,1,9.489961992702219e-05,1840,0.004460282136570043,True
GaussianBudget75M_LinearMinTime,DAVIES_2022-CATNF-001627,20221101,17,pyrologix,3,86-67,2022,0.0,0.0032755470601841807,0,drone,1,9.489961992702219e-05,1310,0.00389088441700791,True
GaussianBudget75M_LinearMinTime,DAY_2022-CALMU-000005,20221125,21,pyrologix,11,44-55,2022,0.0,0.019379502977244556,-1,undetected,1,9.489961992702219e-05,6690,0.0046500813764240876,True
GaussianBudget75M_LinearMinTime,DAY_2022-CALMU-006350,20221125,0,pyrologix,6,44-55,2022,0.0,0.012026238953694701,3,drone,1,9.489961992702219e-05,3725,0.004460282136570043,True
GaussianBudget75M_LinearMinTime,DECKER_CANYON_RD___ORTEGA_HY_2022-CARRU-089641,20220623,1,pyrologix,2,220-87,2022,0.0,0.0037648039869964123,0,drone,1,9.489961992702219e-05,1100,0.003795984797080888,True
GaussianBudget75M_LinearMinTime,DEER_2022-CAENF-021135,20220801,17,pyrologix,5,107-68,2022,0.0,0.005043633980676532,1,drone,1,9.489961992702219e-05,2245,0.0046500813764240876,True
GaussianBudget75M_LinearMinTime,DEER_2022-CAMDF-000515,20220731,21,pyrologix,7,37-63,2022,0.0,0.015527051058597863,4,drone,1,9.489961992702219e-05,4325,0.004555181756497065,True
GaussianBudget75M_LinearMinTime,DEER_2022-CASQF-001940,20220803,15,pyrologix,8,162-85,2022,0.0,0.018941445043310523,-1,undetected,1,9.489961992702219e-05,880,0.00389088441700791,True
GaussianBudget75M_LinearMinTime,DEER_HORN_2022-CAHIA-000336,20220525,1,pyrologix,8,31-24,2022,0.0,0.015370453940704465,4,drone,1,9.489961992702219e-05,5080,0.004555181756497065,True
GaussianBudget75M_LinearMinTime,DEER__2022-CAPNF-002173,20221010,21,pyrologix,2,72-52,2022,0.0,0.0036088230554014444,0,drone,1,9.489961992702219e-05,1020,0.004365382516643021,True
GaussianBudget75M_LinearMinTime,DELONEGHA_2022-CASQF-001365,20220701,2,pyrologix,5,177-72,2022,0.0,0.0024470810312777758,0,drone,1,9.489961992702219e-05,1850,0.004175583276788976,True
GaussianBudget75M_LinearMinTime,DELTA_2022-CAANF-002969,20220905,22,pyrologix,2,201-76,2022,0.0,0.006964550935663283,1,drone,1,9.489961992702219e-05,1455,0.00389088441700791,True
GaussianBudget75M_LinearMinTime,DELTA_2022-CALAC-302214,20220905,17,pyrologix,12,201-76,2022,0.0,0.0034531590063124895,0,drone,1,9.489961992702219e-05,4315,0.004460282136570043,True
GaussianBudget75M_LinearMinTime,DEL_2022-CAANF-002424,20220727,11,pyrologix,3,195-71,2022,0.0,0.0023013229947537184,0,drone,1,9.489961992702219e-05,1175,0.004175583276788976,True
GaussianBudget75M_LinearMinTime,DEMOCRAT_2022-CASQF-001150,20220617,23,pyrologix,3,177-79,2022,0.0,0.002003240049816668,0,drone,1,9.489961992702219e-05,1150,0.003985784036934932,True
GaussianBudget75M_LinearMinTime,DEVILS_2022-CAANF-003338,20221013,16,pyrologix,1,206-81,2022,0.0,0.005847999942488968,1,drone,1,9.489961992702219e-05,915,0.003511285937299821,True
GaussianBudget75M_LinearMinTime,DEXTER_2022-CAANF-002403,20220725,15,pyrologix,5,201-76,2022,0.0,0.002761890063993633,0,drone,1,9.489961992702219e-05,1915,0.003985784036934932,True
GaussianBudget75M_LinearMinTime,DIAMOND_2022-CATNF-001258,20220830,0,pyrologix,2,86-60,2022,0.0,0.003136162064038217,0,drone,1,9.489961992702219e-05,1015,0.003511285937299821,True
GaussianBudget75M_LinearMinTime,DILLON_2022-CALAC-087856,20220314,0,pyrologix,7,201-76,2022,0.0,0.003589172032661736,0,drone,1,9.489961992702219e-05,2745,0.004175583276788976,True
GaussianBudget75M_LinearMinTime,DILLON__2022-CAANF-000675,20220314,1,pyrologix,6,201-76,2022,0.0,0.014942788984626532,4,drone,1,9.489961992702219e-05,3840,0.004270482896715999,True
GaussianBudget75M_LinearMinTime,DITCH_CAMP_RD___WENTWORTH_SPRINGS_RD_2022-CAENF-014950,20220608,16,pyrologix,6,93-56,2022,0.0,0.002867099014110863,0,drone,1,9.489961992702219e-05,2525,0.004460282136570043,True
GaussianBudget75M_LinearMinTime,DIVIDE__2022-CAANF-002093,20220706,23,pyrologix,7,201-76,2022,0.0,0.007210102980025113,1,drone,1,9.489961992702219e-05,3190,0.004270482896715999,True
GaussianBudget75M_LinearMinTime,DODGE_2022-CASTF-001595,20220825,18,pyrologix,7,114-64,2022,0.0,0.002748653991147876,0,drone,1,9.489961992702219e-05,2665,0.004365382516643021,True
GaussianBudget75M_LinearMinTime,DOGTOWN__2022-CASTF-000276,20220310,23,pyrologix,1,121-61,2022,0.0,0.0025158929638564587,0,drone,1,9.489961992702219e-05,590,0.0028469885978106655,True
GaussianBudget75M_LinearMinTime,DOLLAR_2022-CABDF-011536,20220730,17,pyrologix,11,214-103,2022,0.0,0.019380290992558002,-1,undetected,1,9.489961992702219e-05,1485,0.00389088441700791,True
GaussianBudget75M_LinearMinTime,DOME__2022-CASNF-001416,20220924,14,pyrologix,8,128-69,2022,0.0,0.004342569969594479,0,drone,1,9.489961992702219e-05,2955,0.004460282136570043,True
GaussianBudget75M_LinearMinTime,DOUBLE_2022-CAMDF-000591,20220805,18,pyrologix,5,none,2022,0.0,0.0021340500097721815,-1,undetected,1,9.489961992702219e-05,0,0.0,False
GaussianBudget75M_LinearMinTime,DOUGLAS_2022-CAMMU-023741,20221023,6,pyrologix,4,135-67,2022,0.0,0.0018898170674219728,0,drone,1,9.489961992702219e-05,1550,0.004365382516643021,True
GaussianBudget75M_LinearMinTime,DOUGLAS_2022-CASNF-001550,20221023,3,pyrologix,12,135-67,2022,0.0,0.004090122994966805,0,drone,1,9.489961992702219e-05,4580,0.004555181756497065,True
GaussianBudget75M_LinearMinTime,DRIP_2022-CACNF-000888,20220510,17,pyrologix,4,230-93,2022,0.0,0.0035804338986054063,0,drone,1,9.489961992702219e-05,1635,0.0037010851771538656,True
GaussianBudget75M_LinearMinTime,DRY_2022-CASQF-001908,20220731,17,pyrologix,8,177-79,2022,0.0,0.003949880949221551,0,drone,1,9.489961992702219e-05,3125,0.004460282136570043,True
GaussianBudget75M_LinearMinTime,DUCK_2022-CALNF-002812,20220609,20,pyrologix,2,51-54,2022,0.0,0.0037249319721013308,0,drone,1,9.489961992702219e-05,1050,0.004555181756497065,True
GaussianBudget75M_LinearMinTime,DUCK__2022-CASNF-001450,20221001,13,pyrologix,3,141-74,2022,0.0,0.009978046989999712,2,drone,1,9.489961992702219e-05,2150,0.004175583276788976,True
GaussianBudget75M_LinearMinTime,DUMPSTER__2022-CAANF-000486,20220222,18,pyrologix,12,195-71,2022,0.0,0.005903303972445428,1,drone,1,9.489961992702219e-05,4685,0.004555181756497065,True
GaussianBudget75M_LinearMinTime,DUMP_2022-CALNF-003654,20220717,21,pyrologix,8,58-47,2022,0.0,0.019506903016008437,-1,undetected,1,9.489961992702219e-05,850,0.00389088441700791,True
GaussianBudget75M_LinearMinTime,DUMP_2022-CASHF-001069,20221001,1,pyrologix,1,38-21,2022,0.0,0.002321230946108699,0,drone,1,9.489961992702219e-05,465,0.0031316874575917325,True
GaussianBudget75M_LinearMinTime,DUNCAN_2022-CAMDF-000522,20220801,19,pyrologix,12,37-63,2022,0.0,0.004990346962586045,0,drone,1,9.489961992702219e-05,4610,0.004555181756497065,True
GaussianBudget75M_LinearMinTime,DUNCAN_2022-CATNF-001215,20220824,21,pyrologix,6,86-60,2022,0.0,0.012746327905915678,3,drone,1,9.489961992702219e-05,3955,0.0040806836568619545,True
GaussianBudget75M_LinearMinTime,DUNES_2022-CAINF-001495,20220717,13,pyrologix,11,none,2022,0.0,0.0018339429516345263,-1,undetected,1,9.489961992702219e-05,0,0.0,False
GaussianBudget75M_LinearMinTime,DUSEN_2022-CABDF-010770,20220711,16,pyrologix,9,none,2022,0.0,0.0018239010823890567,-1,undetected,1,9.489961992702219e-05,0,0.0,False
GaussianBudget75M_LinearMinTime,DUSY__2022-CASNF-000635,20220626,16,pyrologix,5,141-74,2022,0.0,0.009951133979484439,2,drone,1,9.489961992702219e-05,2625,0.004365382516643021,True
GaussianBudget75M_LinearMinTime,DUTCH_2022-CASQF-001849,20220728,20,pyrologix,7,170-77,2022,0.0,0.0075668919598683715,1,drone,1,9.489961992702219e-05,3135,0.0046500813764240876,True
GaussianBudget75M_LinearMinTime,Deer__2022-CASRF-000712,20220826,20,pyrologix,7,31-24,2022,0.0,0.017886879038996994,5,drone,1,9.489961992702219e-05,5080,0.004555181756497065,True
GaussianBudget75M_LinearMinTime,Delleker_2_2022-CAPNF-002299,20221030,16,pyrologix,8,72-66,2022,0.0,0.0027695109602063894,0,drone,1,9.489961992702219e-05,2900,0.004460282136570043,True
GaussianBudget75M_LinearMinTime,Devils_2022-CAPNF-001415,20220804,15,pyrologix,11,72-59,2022,0.0,0.014236673014238477,4,drone,1,9.489961992702219e-05,5330,0.0046500813764240876,True
GaussianBudget75M_LinearMinTime,Diamond_2022-CAPNF-000316,20220325,20,pyrologix,4,65-64,2022,0.0,0.004059434053488076,0,drone,1,9.489961992702219e-05,1785,0.004365382516643021,True
GaussianBudget75M_LinearMinTime,Dog_2022-CASHF-001049,20220927,12,pyrologix,12,44-34,2022,0.0,0.003936402965337038,0,drone,1,9.489961992702219e-05,4665,0.004555181756497065,True
GaussianBudget75M_LinearMinTime,Dollar_2022-CASRF-000925,20221028,17,pyrologix,12,24-25,2022,0.0,0.011371389962732792,3,drone,1,9.489961992702219e-05,5295,0.0046500813764240876,True
GaussianBudget75M_LinearMinTime,Duzen_2022-CASRF-000830,20220923,1,pyrologix,3,45-20,2022,0.0,0.017583361943252385,-1,undetected,1,9.489961992702219e-05,430,0.002467390118102577,True
GaussianBudget75M_LinearMinTime,E-10_CAL_2022-CALNF-005001,20220914,19,pyrologix,12,51-54,2022,0.0,0.005642428994178772,0,drone,1,9.489961992702219e-05,4680,0.0046500813764240876,True
GaussianBudget75M_LinearMinTime,E-11_GRAYS_2022-CALNF-005008,20220914,15,pyrologix,1,51-54,2022,0.0,0.003331203944981098,0,drone,1,9.489961992702219e-05,620,0.003795984797080888,True
GaussianBudget75M_LinearMinTime,E-1_CHAMPS_2022-CALNF-004966,20220912,19,pyrologix,8,51-61,2022,0.0,0.006726984982378781,1,drone,1,9.489961992702219e-05,3540,0.0046500813764240876,True
GaussianBudget75M_LinearMinTime,E-1_REST_2022-CALNF-004478,20220819,16,pyrologix,10,58-61,2022,0.0,0.007701735012233257,1,drone,1,9.489961992702219e-05,4155,0.004555181756497065,True
GaussianBudget75M_LinearMinTime,E-2_SPRINGS_2022-CALNF-004968,20220912,22,pyrologix,3,51-54,2022,0.0,0.007178734056651592,1,drone,1,9.489961992702219e-05,1850,0.004555181756497065,True
GaussianBudget75M_LinearMinTime,E-5_FLAT_2022-CALNF-004972,20220912,23,pyrologix,1,51-61,2022,0.0,0.002475723042152822,0,drone,1,9.489961992702219e-05,560,0.003226587077518755,True
GaussianBudget75M_LinearMinTime,E-6_POISON_2022-CALNF-004973,20220913,23,pyrologix,3,51-54,2022,0.0,0.0038954620249569416,0,drone,1,9.489961992702219e-05,1415,0.004555181756497065,True
GaussianBudget75M_LinearMinTime,E-7_LOGAN_2022-CALNF-004988,20220913,13,pyrologix,8,58-61,2022,0.0,0.0032351409317925572,0,drone,1,9.489961992702219e-05,2995,0.004460282136570043,True
GaussianBudget75M_LinearMinTime,E-9_SHAYS_2022-CALNF-004999,20220914,22,pyrologix,5,51-61,2022,0.0,0.004070783033967018,0,drone,1,9.489961992702219e-05,2215,0.004555181756497065,True
GaussianBudget75M_LinearMinTime,EAGLE_2022-CALMU-003399,20220704,19,pyrologix,1,58-61,2022,0.0,0.0026386339450255036,0,drone,1,9.489961992702219e-05,545,0.003511285937299821,True
GaussianBudget75M_LinearMinTime,EAST_2022-CAANF-002810,20220825,16,pyrologix,9,206-81,2022,0.0,0.0035321469185873866,0,drone,1,9.489961992702219e-05,3470,0.0037010851771538656,True
GaussianBudget75M_LinearMinTime,EAST_2022-CAKNF-006328,20220801,23,pyrologix,9,17-34,2022,0.0,0.003965817973949015,0,drone,1,9.489961992702219e-05,3385,0.0037010851771538656,True
GaussianBudget75M_LinearMinTime,EAST_2022-CASNF-001326,20220909,13,pyrologix,8,141-74,2022,0.0,0.0061113020638003945,1,drone,1,9.489961992702219e-05,3370,0.004460282136570043,True
GaussianBudget75M_LinearMinTime,EDDY_2022-CAKNF-006258,20220731,20,pyrologix,9,31-31,2022,0.0,0.0036823570262640715,0,drone,1,9.489961992702219e-05,3310,0.0046500813764240876,True
GaussianBudget75M_LinearMinTime,ELIZA_2022-CAKNF-007844,20220909,19,pyrologix,12,23-39,2022,0.0,0.004105575964786112,0,drone,1,9.489961992702219e-05,4590,0.004460282136570043,True
GaussianBudget75M_LinearMinTime,ELK_2022-CAKNF-009321,20221020,10,pyrologix,11,17-27,2022,0.0,0.019470834056846797,-1,undetected,1,9.489961992702219e-05,6445,0.004555181756497065,True
GaussianBudget75M_LinearMinTime,ELK_MTN_IHC_STAFFING_2022-CAMNF-000331,20220405,12,pyrologix,8,78-23,2022,0.0,0.019426527083851397,-1,undetected,1,9.489961992702219e-05,5055,0.0040806836568619545,True
GaussianBudget75M_LinearMinTime,EL_CARISO__001_2022-CACNF-000956,20220516,14,pyrologix,12,220-87,2022,0.0,0.0038706950144842267,0,drone,1,9.489961992702219e-05,4735,0.003985784036934932,True
GaussianBudget75M_LinearMinTime,EMERALD_2_2022-CABDF-003570,20220220,14,pyrologix,9,216-96,2022,0.0,0.0037484309868887067,0,drone,1,9.489961992702219e-05,3330,0.0040806836568619545,True
GaussianBudget75M_LinearMinTime,EMMA_2022-CAANF-002243,20220716,13,pyrologix,10,201-76,2022,0.0,0.004386050975881517,0,drone,1,9.489961992702219e-05,3790,0.004270482896715999,True
GaussianBudget75M_LinearMinTime,ENTRANCE_2022-CALNF-003808,20220722,19,pyrologix,4,58-47,2022,0.0,0.021841308916918933,-1,undetected,1,9.489961992702219e-05,850,0.00389088441700791,True
GaussianBudget75M_LinearMinTime,EVANS_2022-CAKNF-006209,20220730,2,pyrologix,12,17-27,2022,0.0,0.019100237055681646,-1,undetected,1,9.489961992702219e-05,6830,0.004555181756497065,True
GaussianBudget75M_LinearMinTime,EVANS_2022-CASQF-001261,20220623,19,pyrologix,2,177-79,2022,0.0,0.004223219933919609,0,drone,1,9.489961992702219e-05,1095,0.003795984797080888,True
GaussianBudget75M_LinearMinTime,EVERILL_2022-CAKNF-006625,20220807,15,pyrologix,8,17-34,2022,0.0,0.006300078006461263,1,drone,1,9.489961992702219e-05,3335,0.0037010851771538656,True
GaussianBudget75M_LinearMinTime,EXCELSIOR_2022-CANEU-029246,20221025,5,pyrologix,5,86-60,2022,0.0,0.008315750048495829,2,drone,1,9.489961992702219e-05,2940,0.0040806836568619545,True
GaussianBudget75M_LinearMinTime,E_INDIAN_CREEK_DR__E_FORK_INDIAN_CREEK_RD_2022-CAKNF-002959,20220420,12,pyrologix,9,17-27,2022,0.0,0.0027119400911033154,0,drone,1,9.489961992702219e-05,3535,0.004555181756497065,True
GaussianBudget75M_LinearMinTime,Eagle__2022-CAPNF-001326,20220728,19,pyrologix,6,72-59,2022,0.0,0.004260773072019219,0,drone,1,9.489961992702219e-05,2410,0.0046500813764240876,True
GaussianBudget75M_LinearMinTime,Erin__2022-CASRF-000859,20221003,22,pyrologix,2,38-21,2022,0.0,0.002829946926794946,0,drone,1,9.489961992702219e-05,960,0.0040806836568619545,True
GaussianBudget75M_LinearMinTime,FALSE_ALARM_2022-CAANF-000915,20220407,20,pyrologix,9,195-71,2022,0.0,0.0034889699891209602,0,drone,1,9.489961992702219e-05,3335,0.004365382516643021,True
GaussianBudget75M_LinearMinTime,FA_BC22_2022-CACNF-002548,20221026,16,pyrologix,9,220-87,2022,0.0,0.004184874938800931,0,drone,1,9.489961992702219e-05,3665,0.003985784036934932,True
GaussianBudget75M_LinearMinTime,FERN_2022-CACNF-001755,20220721,22,pyrologix,11,230-100,2022,0.0,0.005274044000543654,0,drone,1,9.489961992702219e-05,4350,0.004270482896715999,True
GaussianBudget75M_LinearMinTime,FERRETTI_2022-CATCU-002310,20220219,18,pyrologix,5,121-61,2022,0.0,0.005091120023280382,1,drone,1,9.489961992702219e-05,2730,0.003795984797080888,True
GaussianBudget75M_LinearMinTime,FISHER_2022-CAINF-000969,20220530,20,pyrologix,5,162-85,2022,0.0,0.0019204990239813924,0,drone,1,9.489961992702219e-05,880,0.00389088441700791,True
GaussianBudget75M_LinearMinTime,FISHER_2022-CASHF-000566,20220701,22,pyrologix,7,37-42,2022,0.0,0.01871856499928981,-1,undetected,1,9.489961992702219e-05,4565,0.0046500813764240876,True
GaussianBudget75M_LinearMinTime,FISH_2022-CABDF-011532,20220730,19,pyrologix,5,214-103,2022,0.0,0.017802363028749824,-1,undetected,1,9.489961992702219e-05,1485,0.00389088441700791,True
GaussianBudget75M_LinearMinTime,FISH_2022-CAKNF-006310,20220731,18,pyrologix,7,17-34,2022,0.0,0.0024398670066148043,0,drone,1,9.489961992702219e-05,2495,0.0036061855572268433,True
GaussianBudget75M_LinearMinTime,FISH_CREEK_2022-CABDF-014175,20221012,12,pyrologix,12,214-103,2022,0.0,0.002886831993237138,0,drone,1,9.489961992702219e-05,1485,0.00389088441700791,True
GaussianBudget75M_LinearMinTime,FIVE_2022-CAANF-002981,20220906,15,pyrologix,5,195-71,2022,0.0,0.002697186078876257,0,drone,1,9.489961992702219e-05,1890,0.004365382516643021,True
GaussianBudget75M_LinearMinTime,FLAT_2022-CALPF-000341,20220226,14,pyrologix,4,170-47,2022,0.0,0.0036819939268752933,0,drone,1,9.489961992702219e-05,1805,0.004270482896715999,True
GaussianBudget75M_LinearMinTime,FLAT_2022-CASHF-000552,20220627,20,pyrologix,3,45-27,2022,0.0,0.007276745047420263,2,drone,1,9.489961992702219e-05,1985,0.004175583276788976,True
GaussianBudget75M_LinearMinTime,FLAT__2022-CASQF-002038,20220810,21,pyrologix,3,177-79,2022,0.0,0.002451254054903984,0,drone,1,9.489961992702219e-05,1210,0.0040806836568619545,True
GaussianBudget75M_LinearMinTime,FLOWER_2022-CAMDF-000939,20220920,14,pyrologix,11,42-76,2022,0.0,0.005721183028072119,1,drone,1,9.489961992702219e-05,4410,0.004555181756497065,True
GaussianBudget75M_LinearMinTime,FLUME_2022-CASHF-000551,20220627,18,pyrologix,4,37-35,2022,0.0,0.016482172068208456,5,drone,1,9.489961992702219e-05,3335,0.0046500813764240876,True
GaussianBudget75M_LinearMinTime,FOLLOWS_2022-CAANF-000345,20220208,18,pyrologix,1,206-81,2022,0.0,0.009164022980257869,2,drone,1,9.489961992702219e-05,1425,0.0037010851771538656,True
GaussianBudget75M_LinearMinTime,FORBESTOWN_2022-CABTU-005799,20220403,6,pyrologix,3,79-47,2022,0.0,0.01794535492081195,-1,undetected,1,9.489961992702219e-05,430,0.002941888217737688,True
GaussianBudget75M_LinearMinTime,FORK_2022-CAANF-002742,20220821,1,pyrologix,1,206-81,2022,0.0,0.005472089978866279,1,drone,1,9.489961992702219e-05,870,0.0034163863173727986,True
GaussianBudget75M_LinearMinTime,FORK_2022-CAKNF-007060,20220818,11,pyrologix,12,17-27,2022,0.0,0.0038284569745883346,0,drone,1,9.489961992702219e-05,4675,0.004555181756497065,True
GaussianBudget75M_LinearMinTime,FORK_2022-CAMMU-009669,20220506,17,pyrologix,3,135-67,2022,0.0,0.001737792044878006,0,drone,1,9.489961992702219e-05,1185,0.004365382516643021,True
GaussianBudget75M_LinearMinTime,FOSTER_2022-CAENF-025294,20220905,20,pyrologix,8,100-61,2022,0.0,0.0033556289272382855,0,drone,1,9.489961992702219e-05,2955,0.004460282136570043,True
GaussianBudget75M_LinearMinTime,FOURNIER_2022-CATNF-000379,20220418,23,pyrologix,2,79-61,2022,0.0,0.0021656310418620706,0,drone,1,9.489961992702219e-05,925,0.003985784036934932,True
GaussianBudget75M_LinearMinTime,FOX_2022-CASHF-001180,20221029,19,pyrologix,3,37-49,2022,0.0,0.0043961500050500035,0,drone,1,9.489961992702219e-05,1435,0.0040806836568619545,True
GaussianBudget75M_LinearMinTime,FOX_2022-CATNF-000123,20220216,18,pyrologix,5,86-67,2022,0.0,0.0022145999828353524,0,drone,1,9.489961992702219e-05,1880,0.00389088441700791,True
GaussianBudget75M_LinearMinTime,FRAZIER_2022-CALPF-001358,20220625,22,pyrologix,7,189-64,2022,0.0,0.0037504859501495957,0,drone,1,9.489961992702219e-05,2790,0.004555181756497065,True
GaussianBudget75M_LinearMinTime,FREEL_2022-CATMU-021487,20220805,0,pyrologix,1,100-68,2022,0.0,0.0026469510048627853,0,drone,1,9.489961992702219e-05,555,0.003226587077518755,True
GaussianBudget75M_LinearMinTime,FREEMAN_2022-CASQF-002518,20220927,19,pyrologix,9,163-78,2022,0.0,0.003086345037445426,0,drone,1,9.489961992702219e-05,3970,0.003795984797080888,True
GaussianBudget75M_LinearMinTime,FREEWAY_2022-CAANF-000339,20220207,21,pyrologix,10,201-76,2022,0.0,0.003062751959078014,0,drone,1,9.489961992702219e-05,3640,0.004270482896715999,True
GaussianBudget75M_LinearMinTime,FRIDAY__2022-CASHF-001034,20220924,16,pyrologix,10,37-42,2022,0.0,0.00498571596108377,0,drone,1,9.489961992702219e-05,3835,0.0046500813764240876,True
GaussianBudget75M_LinearMinTime,FRISCO_2022-CAENF-028920,20221009,12,pyrologix,3,93-62,2022,0.0,0.01844100607559085,-1,undetected,1,9.489961992702219e-05,435,0.002941888217737688,True
GaussianBudget75M_LinearMinTime,FROG_2022-CABDF-010538,20220707,3,pyrologix,1,214-103,2022,0.0,0.0025529080303385854,0,drone,1,9.489961992702219e-05,540,0.0031316874575917325,True
GaussianBudget75M_LinearMinTime,FROG_2022-CABDF-011327,20220724,21,pyrologix,2,214-103,2022,0.0,0.0035634899977594614,0,drone,1,9.489961992702219e-05,1015,0.0037010851771538656,True
GaussianBudget75M_LinearMinTime,FROG_2022-CASTF-000927,20220626,17,pyrologix,4,107-68,2022,0.0,0.004999544937163591,1,drone,1,9.489961992702219e-05,1895,0.0046500813764240876,True
GaussianBudget75M_LinearMinTime,FRONTIER_2022-CALPF-001048,20220526,14,pyrologix,10,189-64,2022,0.0,0.004217006033286452,0,drone,1,9.489961992702219e-05,3975,0.0046500813764240876,True
GaussianBudget75M_LinearMinTime,FULLER_2022-CATNF-001346,20220905,9,pyrologix,8,86-60,2022,0.0,0.004844183917157352,0,drone,1,9.489961992702219e-05,3405,0.0040806836568619545,True
GaussianBudget75M_LinearMinTime,Fair_Oak_2022-CASRF-000804,20220912,3,pyrologix,1,38-21,2022,0.0,0.003037701011635363,0,drone,1,9.489961992702219e-05,505,0.003226587077518755,True
GaussianBudget75M_LinearMinTime,Four_2022-CAPNF-001904,20220913,21,pyrologix,6,72-45,2022,2301.2926427499624,0.011966754915192723,0,drone,1,9.489961992702219e-05,2495,0.004365382516643021,True
GaussianBudget75M_LinearMinTime,Friday_2022-CASRF-000617,20220805,5,pyrologix,12,38-21,2022,0.0,0.018937084008939564,-1,undetected,1,9.489961992702219e-05,1450,0.004270482896715999,True
GaussianBudget75M_LinearMinTime,GABRIEL_2022-CAANF-001781,20220618,7,pyrologix,3,206-81,2022,0.0,0.0027396460063755512,0,drone,1,9.489961992702219e-05,1220,0.0036061855572268433,True
GaussianBudget75M_LinearMinTime,GARROTTE_2022-CATCU-007717,20220623,18,pyrologix,9,121-61,2022,0.0,0.0037324760342016816,0,drone,1,9.489961992702219e-05,4140,0.003795984797080888,True
GaussianBudget75M_LinearMinTime,GEM_2022-CASTF-000882,20220621,19,pyrologix,9,114-64,2022,0.0,0.01668113691266626,5,drone,1,9.489961992702219e-05,5285,0.0046500813764240876,True
GaussianBudget75M_LinearMinTime,GEORGE_2022-CAKNF-006783,20220811,19,pyrologix,2,24-32,2022,0.0,0.002841345965862274,0,drone,1,9.489961992702219e-05,975,0.004365382516643021,True
GaussianBudget75M_LinearMinTime,GLASS_2022-CAINF-001162,20220619,17,pyrologix,1,124-80,2022,0.0,0.0019330959767103195,0,drone,1,9.489961992702219e-05,455,0.0034163863173727986,True
GaussianBudget75M_LinearMinTime,GLEASON__2022-CAANF-001044,20220417,17,pyrologix,11,201-76,2022,0.0,0.005083397030830383,0,drone,1,9.489961992702219e-05,4215,0.004460282136570043,True
GaussianBudget75M_LinearMinTime,GOAT_2022-CAMMU-015329,20220713,11,pyrologix,11,135-67,2022,0.0,0.008424942963756621,1,drone,1,9.489961992702219e-05,4740,0.004555181756497065,True
GaussianBudget75M_LinearMinTime,GOAT_2022-CAMMU-019709,20220903,15,pyrologix,1,135-67,2022,0.0,0.0024158479645848274,0,drone,1,9.489961992702219e-05,555,0.0037010851771538656,True
GaussianBudget75M_LinearMinTime,GOAT_2022-CASNF-001464,20221002,18,pyrologix,7,128-69,2022,0.0,0.018584947916679084,-1,undetected,1,9.489961992702219e-05,4515,0.004555181756497065,True
GaussianBudget75M_LinearMinTime,GOLDEN_2022-CATNF-000506,20220520,10,pyrologix,9,79-54,2022,0.0,0.00554560509044677,1,drone,1,9.489961992702219e-05,4255,0.004460282136570043,True
GaussianBudget75M_LinearMinTime,GOLD_2022-CAANF-000425,20220216,13,pyrologix,7,201-76,2022,0.0,0.012477529002353549,3,drone,1,9.489961992702219e-05,3840,0.004270482896715999,True
GaussianBudget75M_LinearMinTime,GOLD_2022-CABDF-009730,20220622,12,pyrologix,9,none,2022,0.0,0.002217200002633035,-1,undetected,1,9.489961992702219e-05,0,0.0,False
GaussianBudget75M_LinearMinTime,GOOSE2_2022-CAKNF-006350,20220801,14,pyrologix,4,22-46,2022,0.0,0.002905562985688448,0,drone,1,9.489961992702219e-05,1615,0.004175583276788976,True
GaussianBudget75M_LinearMinTime,GORDON_2022-CAKNF-007409,20220829,1,pyrologix,5,17-27,2022,0.0,0.007501328946091235,2,drone,1,9.489961992702219e-05,2755,0.004555181756497065,True
GaussianBudget75M_LinearMinTime,GRACE_2022-CAANF-003433,20221024,18,pyrologix,9,201-76,2022,0.0,0.004582474008202553,0,drone,1,9.489961992702219e-05,3555,0.004270482896715999,True
GaussianBudget75M_LinearMinTime,GRADE1_2022-CACNF-002178,20220907,2,pyrologix,2,244-98,2022,0.0,0.0033451069612056017,0,drone,1,9.489961992702219e-05,1000,0.0037010851771538656,True
GaussianBudget75M_LinearMinTime,GRADE_2022-CABDF-017250,20221128,23,pyrologix,5,206-88,2022,0.0,0.001966723008081317,0,drone,1,9.489961992702219e-05,2000,0.00389088441700791,True
GaussianBudget75M_LinearMinTime,GRADE_2022-CACNF-001011,20220523,21,pyrologix,11,230-100,2022,0.0,0.004753321991302073,0,drone,1,9.489961992702219e-05,4290,0.004270482896715999,True
GaussianBudget75M_LinearMinTime,GRADE_2022-CAKNF-010395,20221117,20,pyrologix,3,17-27,2022,0.0,0.002024538000114262,0,drone,1,9.489961992702219e-05,1280,0.0040806836568619545,True
GaussianBudget75M_LinearMinTime,GRADE_2022-CALNF-002524,20220527,11,pyrologix,11,51-54,2022,0.0,0.00512956699822098,0,drone,1,9.489961992702219e-05,4265,0.0046500813764240876,True
GaussianBudget75M_LinearMinTime,GRAMERCY_2022-CABDF-008424,20220525,17,pyrologix,4,206-88,2022,0.0,0.003595674061216414,0,drone,1,9.489961992702219e-05,1860,0.00389088441700791,True
GaussianBudget75M_LinearMinTime,GRAND_2022-CALPF-001329,20220622,12,pyrologix,8,198-64,2022,4102.032787220087,0.002618688973598182,0,drone,1,9.489961992702219e-05,3090,0.004555181756497065,True
GaussianBudget75M_LinearMinTime,GRASS_2022-CAANF-003213,20220930,22,pyrologix,8,195-71,2022,0.0,0.006265330943278968,1,drone,1,9.489961992702219e-05,3335,0.004365382516643021,True
GaussianBudget75M_LinearMinTime,GRAY_2022-CABDF-009692,20220621,3,pyrologix,1,206-88,2022,0.0,0.0021214800653979182,0,drone,1,9.489961992702219e-05,490,0.003226587077518755,True
GaussianBudget75M_LinearMinTime,GREYBACK_2022-CABDF-009408,20220615,23,pyrologix,3,214-103,2022,0.0,0.0017487670993432403,0,drone,1,9.489961992702219e-05,1160,0.003795984797080888,True
GaussianBudget75M_LinearMinTime,GRIDER_2022-CAKNF-002566,20220405,15,pyrologix,10,17-27,2022,0.0,0.019164479919709265,-1,undetected,1,9.489961992702219e-05,6065,0.004555181756497065,True
GaussianBudget75M_LinearMinTime,GROUSE_2022-CAENF-021134,20220801,15,pyrologix,9,100-68,2022,0.0,0.007006623083725572,1,drone,1,9.489961992702219e-05,3855,0.004555181756497065,True
GaussianBudget75M_LinearMinTime,GROUSE_2022-CATNF-001318,20220904,10,pyrologix,6,86-60,2022,0.0,0.018761929008178413,-1,undetected,1,9.489961992702219e-05,4790,0.0040806836568619545,True
GaussianBudget75M_LinearMinTime,GROUSE__2022-CASQF-001246,20220622,19,pyrologix,9,156-74,2022,4102.020766236936,0.004936607088893652,0,drone,1,9.489961992702219e-05,3820,0.0046500813764240876,True
GaussianBudget75M_LinearMinTime,GULCH_2022-CAANF-002870,20220829,17,pyrologix,3,206-81,2022,0.0,0.0033926769392564893,0,drone,1,9.489961992702219e-05,1370,0.0037010851771538656,True
GaussianBudget75M_LinearMinTime,GULCH_2022-CAKNF-006282,20220731,4,pyrologix,7,31-31,2022,0.0,0.0038873960729688406,0,drone,1,9.489961992702219e-05,2740,0.004555181756497065,True
GaussianBudget75M_LinearMinTime,GULCH_2022-CALAC-292411,20220829,14,pyrologix,10,206-81,2022,0.0,0.002998859970830381,0,drone,1,9.489961992702219e-05,3730,0.003795984797080888,True
GaussianBudget75M_LinearMinTime,GUMBOOT_2022-CASHF-000771,20220804,18,pyrologix,1,37-35,2022,0.0,0.017356005031615496,-1,undetected,1,9.489961992702219e-05,2485,0.004555181756497065,True
GaussianBudget75M_LinearMinTime,GUM_2022-CASHF-001171,20221027,18,pyrologix,3,37-42,2022,0.0,0.006909404997713864,1,drone,1,9.489961992702219e-05,1780,0.004555181756497065,True
GaussianBudget75M_LinearMinTime,Gambi_2022-CASRF-000526,20220715,17,pyrologix,11,38-21,2022,0.0,0.019136233953759074,-1,undetected,1,9.489961992702219e-05,1450,0.004270482896715999,True
GaussianBudget75M_LinearMinTime,Garden_2022-CASHF-001023,20220922,16,pyrologix,5,44-41,2022,0.0,0.016882552998140454,5,drone,1,9.489961992702219e-05,3905,0.004270482896715999,True
GaussianBudget75M_LinearMinTime,Glen_2022-CALPF-000932,20220514,22,pyrologix,3,none,2022,0.0,0.001896618981845677,-1,undetected,1,9.489961992702219e-05,0,0.0,False
GaussianBudget75M_LinearMinTime,Golden__2022-CAPNF-001180,20220717,15,pyrologix,4,79-54,2022,0.0,0.016580684925429523,4,drone,1,9.489961992702219e-05,3775,0.004270482896715999,True
GaussianBudget75M_LinearMinTime,Goods_2022-CASHF-001083,20221005,19,pyrologix,11,52-26,2022,0.0,0.005697471904568374,1,drone,1,9.489961992702219e-05,4470,0.0046500813764240876,True
GaussianBudget75M_LinearMinTime,Green_2022-CAPNF-000991,20220628,18,pyrologix,12,65-57,2022,0.0,0.004024143097922206,0,drone,1,9.489961992702219e-05,4450,0.0040806836568619545,True
GaussianBudget75M_LinearMinTime,Gypo_2022-CASRF-000834,20220924,22,pyrologix,1,38-21,2022,0.0,0.0027019010158255696,0,drone,1,9.489961992702219e-05,505,0.003226587077518755,True
GaussianBudget75M_LinearMinTime,H-1_ALCOHOL_2022-CALNF-004246,20220809,14,pyrologix,4,51-54,2022,0.0,0.0070720299845561385,1,drone,1,9.489961992702219e-05,2125,0.004555181756497065,True
GaussianBudget75M_LinearMinTime,H-1_PROSPECT_2022-CALNF-004964,20220912,21,pyrologix,4,51-54,2022,0.0,0.007699688081629574,2,drone,1,9.489961992702219e-05,2260,0.004555181756497065,True
GaussianBudget75M_LinearMinTime,H-2_CAVE_2022-CALNF-003215,20220627,21,pyrologix,9,51-54,2022,0.0,0.004863731097429991,0,drone,1,9.489961992702219e-05,3575,0.0046500813764240876,True
GaussianBudget75M_LinearMinTime,H-2_EVERETT_2022-CALNF-004274,20220810,21,pyrologix,1,51-47,2022,0.0,0.01760449493303895,-1,undetected,1,9.489961992702219e-05,2745,0.003985784036934932,True
GaussianBudget75M_LinearMinTime,H-3_CHAOS_2022-CALNF-005031,20220915,21,pyrologix,1,51-47,2022,0.0,0.003102525952272117,0,drone,1,9.489961992702219e-05,665,0.0037010851771538656,True
GaussianBudget75M_LinearMinTime,HAGADOR_2022-CACNF-001355,20220619,15,pyrologix,10,220-87,2022,0.0,0.0028321060817688704,0,drone,1,9.489961992702219e-05,3880,0.003985784036934932,True
GaussianBudget75M_LinearMinTime,HAGER_2022-CAMDF-000527,20220801,22,pyrologix,10,none,2022,0.0,0.001889533014036715,-1,undetected,1,9.489961992702219e-05,0,0.0,False
GaussianBudget75M_LinearMinTime,HALFMOON_2022-CALNF-005443,20221005,16,pyrologix,1,51-61,2022,0.0,0.00803666200954467,2,drone,1,9.489961992702219e-05,1325,0.004365382516643021,True
GaussianBudget75M_LinearMinTime,HALL_2022-CABDF-005444,20220324,1,pyrologix,5,206-88,2022,0.0,0.003320890013128519,0,drone,1,9.489961992702219e-05,2130,0.00389088441700791,True
GaussianBudget75M_LinearMinTime,HAMBURG_2022-CAKNF-007042,20220818,3,pyrologix,4,17-34,2022,0.0,0.0022739460691809654,0,drone,1,9.489961992702219e-05,1485,0.003511285937299821,True
GaussianBudget75M_LinearMinTime,HARDEN_2022-CASTF-001614,20220829,6,pyrologix,10,121-61,2022,0.0,0.00464516703505069,0,drone,1,9.489961992702219e-05,4680,0.003795984797080888,True
GaussianBudget75M_LinearMinTime,HARRISON_2022-CABDF-005467,20220324,18,pyrologix,4,209-96,2022,0.0,0.0035920270020142198,0,drone,1,9.489961992702219e-05,1715,0.003985784036934932,True
GaussianBudget75M_LinearMinTime,HARVARD_2022-CAANF-001836,20220622,13,pyrologix,6,206-81,2022,0.0,0.005089262034744024,1,drone,1,9.489961992702219e-05,2645,0.0037010851771538656,True
GaussianBudget75M_LinearMinTime,HAYPRESS_2022-CAKNF-008456,20220925,23,pyrologix,3,24-25,2022,0.0,0.0041425819508731365,0,drone,1,9.489961992702219e-05,1460,0.004365382516643021,True
GaussianBudget75M_LinearMinTime,HELMS_2022-CASNF-000638,20220626,19,pyrologix,1,141-74,2022,0.0,0.0023316129809245467,0,drone,1,9.489961992702219e-05,530,0.002941888217737688,True
GaussianBudget75M_LinearMinTime,HENRY_2022-CAANF-003381,20221017,16,pyrologix,3,none,2022,0.0,0.0019092700676992536,-1,undetected,1,9.489961992702219e-05,0,0.0,False
GaussianBudget75M_LinearMinTime,HERMAN_2022-CAANF-002582,20220806,20,pyrologix,4,195-71,2022,0.0,0.007965741911903024,2,drone,1,9.489961992702219e-05,2250,0.004365382516643021,True
GaussianBudget75M_LinearMinTime,HIDDEN_2022-CAMDF-000780,20220824,7,pyrologix,12,none,2022,0.0,0.0021111590322107077,-1,undetected,1,9.489961992702219e-05,0,0.0,False
GaussianBudget75M_LinearMinTime,HIGGINS_2022-CAINF-001552,20220723,12,pyrologix,8,162-85,2022,0.0,0.018617410911247134,-1,undetected,1,9.489961992702219e-05,880,0.00389088441700791,True
GaussianBudget75M_LinearMinTime,HIGHWAY_2022-CAANF-003240,20221002,15,pyrologix,7,195-71,2022,0.0,0.003022165037691593,0,drone,1,9.489961992702219e-05,2580,0.004365382516643021,True
GaussianBudget75M_LinearMinTime,HIGHWAY_2022-CALAC-201760,20220618,2,pyrologix,12,206-81,2022,0.0,0.004088680958375335,0,drone,1,9.489961992702219e-05,4515,0.003795984797080888,True
GaussianBudget75M_LinearMinTime,HIGHWAY_2022-CARRU-096169,20220705,3,pyrologix,2,223-101,2022,0.0,0.013439457979984581,4,drone,1,9.489961992702219e-05,2335,0.004460282136570043,True
GaussianBudget75M_LinearMinTime,HIGH_2022-CABDF-010309,20220703,3,pyrologix,12,209-96,2022,0.0,0.006927961017936468,1,drone,1,9.489961992702219e-05,4780,0.004270482896715999,True
GaussianBudget75M_LinearMinTime,HILLS_2022-CABDF-015479,20221103,16,pyrologix,2,206-88,2022,0.0,0.003306090016849339,0,drone,1,9.489961992702219e-05,975,0.0034163863173727986,True
GaussianBudget75M_LinearMinTime,HILL_2022-CABDF-002525,20220210,20,pyrologix,5,209-96,2022,0.0,0.005508397007361054,1,drone,1,9.489961992702219e-05,2310,0.004270482896715999,True
GaussianBudget75M_LinearMinTime,HILL_2022-CASQF-002127,20220820,21,pyrologix,1,163-78,2022,0.0,0.002119382028467953,0,drone,1,9.489961992702219e-05,455,0.0028469885978106655,True
GaussianBudget75M_LinearMinTime,HOGBACK_2022-CASHF-001029,20220923,18,pyrologix,6,44-48,2022,5062.532434051973,0.012826830963604152,3,drone,1,9.489961992702219e-05,3605,0.0046500813764240876,True
GaussianBudget75M_LinearMinTime,HOKE_2022-CATNF-001407,20220914,17,pyrologix,6,86-67,2022,0.0,0.0021997320000082254,0,drone,1,9.489961992702219e-05,2230,0.003985784036934932,True
GaussianBudget75M_LinearMinTime,HORN_2022-CABDF-012892,20220904,18,pyrologix,8,206-88,2022,0.0,0.0027340250089764595,0,drone,1,9.489961992702219e-05,3075,0.004175583276788976,True
GaussianBudget75M_LinearMinTime,HORN_2022-CABDF-016326,20221120,20,pyrologix,3,206-88,2022,0.0,0.004226783057674766,0,drone,1,9.489961992702219e-05,1510,0.003795984797080888,True
GaussianBudget75M_LinearMinTime,HORN_2022-CASQF-002535,20220930,16,pyrologix,7,170-77,2022,0.0,0.0035419149789959192,0,drone,1,9.489961992702219e-05,2600,0.0046500813764240876,True
GaussianBudget75M_LinearMinTime,HORSE_2022-CABDF-008251,20220521,20,pyrologix,9,206-88,2022,0.0,0.005294785019941628,0,drone,1,9.489961992702219e-05,3845,0.004175583276788976,True
GaussianBudget75M_LinearMinTime,HORSE__2022-CACNF-002527,20221022,16,pyrologix,10,244-98,2022,0.0,0.004668027977459133,0,drone,1,9.489961992702219e-05,3745,0.004555181756497065,True
GaussianBudget75M_LinearMinTime,HOTSPRINGS_2022-CASQF-001223,20220622,11,pyrologix,4,170-77,2022,0.0,0.004745456040836871,1,drone,1,9.489961992702219e-05,1800,0.004460282136570043,True
GaussianBudget75M_LinearMinTime,HUCKELBERRY_2022-CAENF-027891,20220929,19,pyrologix,8,100-68,2022,0.0,0.0029893220635131,0,drone,1,9.489961992702219e-05,3050,0.004555181756497065,True
GaussianBudget75M_LinearMinTime,HUDSON_2022-CABDF-010893,20220715,12,pyrologix,3,none,2022,0.0,0.0025284449802711606,-1,undetected,1,9.489961992702219e-05,0,0.0,False
GaussianBudget75M_LinearMinTime,HUGHES_2022-CAANF-002583,20220806,19,pyrologix,9,none,2022,0.0,0.0020185960456728935,-1,undetected,1,9.489961992702219e-05,0,0.0,False
GaussianBudget75M_LinearMinTime,HWY_138____EL_CENTRO_RD_2022-CABDU-007181,20220525,16,pyrologix,6,206-88,2022,0.0,0.007733549922704697,1,drone,1,9.489961992702219e-05,2990,0.004175583276788976,True
GaussianBudget75M_LinearMinTime,HWY_38___S_HATCHERY_DR_2022-CABDU-017193,20221129,3,pyrologix,4,214-103,2022,0.0,0.01860066398512572,-1,undetected,1,9.489961992702219e-05,1485,0.00389088441700791,True
GaussianBudget75M_LinearMinTime,HWY_41____CEDAR_VALLEY_DR_2022-CAMMU-004709,20220228,20,pyrologix,11,128-69,2022,0.0,0.005272716050967574,0,drone,1,9.489961992702219e-05,4170,0.004555181756497065,True
GaussianBudget75M_LinearMinTime,HYAMPOM_2022-CASHF-000384,20220512,21,pyrologix,8,45-20,2022,0.0,0.018588034086860716,-1,undetected,1,9.489961992702219e-05,430,0.002467390118102577,True
GaussianBudget75M_LinearMinTime,Hawk_2022-CAPNF-000591,20220515,17,pyrologix,1,79-61,2022,0.0,0.0032770499819889665,0,drone,1,9.489961992702219e-05,685,0.003795984797080888,True
GaussianBudget75M_LinearMinTime,Hawkins_2022-CASRF-000156,20220323,21,pyrologix,2,38-21,2022,0.0,0.0035916490014642477,0,drone,1,9.489961992702219e-05,1060,0.0040806836568619545,True
GaussianBudget75M_LinearMinTime,Hayward__2022-CASHF-000438,20220528,17,pyrologix,9,44-34,2022,0.0,0.010412428993731737,2,drone,1,9.489961992702219e-05,4435,0.004555181756497065,True
GaussianBudget75M_LinearMinTime,Hideaway_2022-CAPNF-001728,20220901,23,pyrologix,10,65-57,2022,0.0,0.0028850119560956955,0,drone,1,9.489961992702219e-05,3630,0.0040806836568619545,True
GaussianBudget75M_LinearMinTime,Highway_2022-CASRF-000597,20220731,1,pyrologix,10,24-25,2022,0.0,0.006009261007420719,1,drone,1,9.489961992702219e-05,3950,0.0046500813764240876,True
GaussianBudget75M_LinearMinTime,Hill__2022-CAPNF-001217,20220720,19,pyrologix,3,72-59,2022,0.0,0.01017233997117728,3,drone,1,9.489961992702219e-05,2170,0.0046500813764240876,True
GaussianBudget75M_LinearMinTime,Hirz_2022-CASHF-000974,20220912,0,pyrologix,7,44-41,2022,0.0,0.004426655010320246,0,drone,1,9.489961992702219e-05,2915,0.004175583276788976,True
GaussianBudget75M_LinearMinTime,Honey_2022-CAPNF-001729,20220901,13,pyrologix,1,65-64,2022,0.0,0.017645513056777418,-1,undetected,1,9.489961992702219e-05,2485,0.004460282136570043,True
GaussianBudget75M_LinearMinTime,Howard_2022-CALPF-000943,20220515,18,pyrologix,7,175-45,2022,0.0,0.00485273590311408,0,drone,1,9.489961992702219e-05,2905,0.004460282136570043,True
GaussianBudget75M_LinearMinTime,Howard_2_2022-CALPF-002477,20221008,17,pyrologix,12,198-64,2022,0.0,0.019581578904762864,-1,undetected,1,9.489961992702219e-05,6830,0.0046500813764240876,True
GaussianBudget75M_LinearMinTime,Hudson_2022-CALPF-002367,20220925,22,pyrologix,7,none,2022,0.0,0.0018829039763659239,-1,undetected,1,9.489961992702219e-05,0,0.0,False
GaussianBudget75M_LinearMinTime,Hudson__2022-CAPNF-001089,20220707,17,pyrologix,11,65-57,2022,0.0,0.003453669953159988,0,drone,1,9.489961992702219e-05,4040,0.0040806836568619545,True
GaussianBudget75M_LinearMinTime,IDA_2022-CASTF-001696,20220905,22,pyrologix,5,107-61,2022,0.0,0.014391422038897872,4,drone,1,9.489961992702219e-05,3440,0.0046500813764240876,True
GaussianBudget75M_LinearMinTime,INCINERATOR_2022-CAANF-003654,20221123,10,pyrologix,4,201-76,2022,0.0,0.002102000988088548,0,drone,1,9.489961992702219e-05,1490,0.003985784036934932,True
GaussianBudget75M_LinearMinTime,INDEPENDENCE_2022-CATNF-000916,20220721,22,pyrologix,6,86-67,2022,0.0,0.0029087259899824858,0,drone,1,9.489961992702219e-05,2275,0.003985784036934932,True
GaussianBudget75M_LinearMinTime,INSPIRATION_2022-CABDF-011986,20220812,22,pyrologix,5,209-96,2022,0.0,0.005616488982923329,1,drone,1,9.489961992702219e-05,2310,0.004270482896715999,True
GaussianBudget75M_LinearMinTime,INTAKE_2022-CABDF-004376,20220304,13,pyrologix,8,206-88,2022,0.0,0.0030544570181518793,0,drone,1,9.489961992702219e-05,3075,0.004175583276788976,True
GaussianBudget75M_LinearMinTime,ISLAND_DR__FOREST_FALLS_2022-CABDU-006622,20220514,14,pyrologix,6,214-103,2022,0.0,0.0184560859343037,-1,undetected,1,9.489961992702219e-05,1485,0.00389088441700791,True
GaussianBudget75M_LinearMinTime,Independence_2022-CALPF-001483,20220705,16,pyrologix,4,170-47,2022,0.0,0.0034860779996961355,0,drone,1,9.489961992702219e-05,1805,0.004270482896715999,True
GaussianBudget75M_LinearMinTime,JACK_2022-CASQF-001260,20220623,18,pyrologix,4,170-77,2022,0.0,0.003693421953357756,0,drone,1,9.489961992702219e-05,1630,0.004460282136570043,True
GaussianBudget75M_LinearMinTime,JACOBY_2022-CABDF-010878,20220715,21,pyrologix,7,none,2022,0.0,0.001910683000460267,-1,undetected,1,9.489961992702219e-05,0,0.0,False
GaussianBudget75M_LinearMinTime,JANESVILLE_2022-CALMU-003556,20220712,18,pyrologix,9,65-64,2022,0.0,0.006757847033441067,1,drone,1,9.489961992702219e-05,3760,0.004460282136570043,True
GaussianBudget75M_LinearMinTime,JIM_2022-CACNF-000406,20220302,17,pyrologix,4,220-87,2022,0.0,0.003157814033329487,0,drone,1,9.489961992702219e-05,1735,0.003985784036934932,True
GaussianBudget75M_LinearMinTime,JOHNSON_2022-CAANF-001432,20220522,14,pyrologix,7,none,2022,0.0,0.0018866650061681867,-1,undetected,1,9.489961992702219e-05,0,0.0,False
GaussianBudget75M_LinearMinTime,JUAN_DIEGO_FLATS_RD___TRIPP_FLATS_RD_2022-CARRU-129826,20220906,22,pyrologix,7,223-101,2022,0.0,0.003204277018085122,0,drone,1,9.489961992702219e-05,2660,0.004460282136570043,True
GaussianBudget75M_LinearMinTime,JUNCTION_2022-CABDF-011531,20220730,21,pyrologix,2,214-103,2022,0.0,0.0032907460117712617,0,drone,1,9.489961992702219e-05,1015,0.0037010851771538656,True
GaussianBudget75M_LinearMinTime,JUNCTION_2022-CAINF-000983,20220601,21,pyrologix,5,124-80,2022,0.0,0.0022396029671654105,0,drone,1,9.489961992702219e-05,1890,0.0046500813764240876,True
GaussianBudget75M_LinearMinTime,JUNE_ABC_MISC_2022-CASNF-000601,20220622,17,pyrologix,9,142-67,2022,5062.4469877440715,0.019050223985686898,-1,undetected,1,9.489961992702219e-05,5270,0.004270482896715999,True
GaussianBudget75M_LinearMinTime,JUNIPER_2022-CABDF-013538,20220925,17,pyrologix,1,214-103,2022,0.0,0.0023952180054038763,0,drone,1,9.489961992702219e-05,540,0.0031316874575917325,True
GaussianBudget75M_LinearMinTime,Jay_2022-CACNF-000248,20220207,15,pyrologix,2,220-87,2022,0.0,0.0017816280014812946,0,drone,1,9.489961992702219e-05,875,0.0036061855572268433,True
GaussianBudget75M_LinearMinTime,Jiggs_2022-CASRF-000658,20220813,23,pyrologix,7,52-19,2022,0.0,0.004568976000882685,0,drone,1,9.489961992702219e-05,3165,0.0033214866974457763,True
GaussianBudget75M_LinearMinTime,KAGEL_2022-CAANF-003199,20220928,19,pyrologix,3,201-76,2022,0.0,0.0077398320427164435,2,drone,1,9.489961992702219e-05,1915,0.003985784036934932,True
GaussianBudget75M_LinearMinTime,KATE__2022-CAANF-002802,20220825,20,pyrologix,11,206-81,2022,0.0,0.009660395910032094,2,drone,1,9.489961992702219e-05,4940,0.003795984797080888,True
GaussianBudget75M_LinearMinTime,KAWEAH_2022-CASQF-002717,20221026,18,pyrologix,7,147-79,2022,0.0,0.0033944520400837064,0,drone,1,9.489961992702219e-05,2605,0.0046500813764240876,True
GaussianBudget75M_LinearMinTime,KELSEY_2022-CAKNF-006273,20220731,22,pyrologix,12,24-32,2022,0.0,0.0030746900010854006,0,drone,1,9.489961992702219e-05,4500,0.0046500813764240876,True
GaussianBudget75M_LinearMinTime,KEMPER_2022-CAKNF-007075,20220819,20,pyrologix,9,17-27,2022,0.0,0.004353792988695204,0,drone,1,9.489961992702219e-05,3700,0.004555181756497065,True
GaussianBudget75M_LinearMinTime,KENTUCKY_2022-CAENF-021272,20220803,0,pyrologix,2,93-56,2022,0.0,0.008594930986873806,2,drone,1,9.489961992702219e-05,1780,0.003795984797080888,True
GaussianBudget75M_LinearMinTime,KITCHEN__018_2022-CACNF-001552,20220704,21,pyrologix,7,none,2022,0.0,0.0020600110292434692,-1,undetected,1,9.489961992702219e-05,0,0.0,False
GaussianBudget75M_LinearMinTime,KNOB_2022-CABDF-009772,20220623,4,pyrologix,4,206-88,2022,0.0,0.0022309940541163087,0,drone,1,9.489961992702219e-05,1615,0.003795984797080888,True
GaussianBudget75M_LinearMinTime,KYBURZ_2022-CAENF-017348,20220701,12,pyrologix,11,100-61,2022,0.0,0.0041384309297427535,0,drone,1,9.489961992702219e-05,4170,0.004460282136570043,True
GaussianBudget75M_LinearMinTime,Keddie_2022-CAPNF-001370,20220730,23,pyrologix,1,65-57,2022,0.0,0.002875676960684359,0,drone,1,9.489961992702219e-05,585,0.0033214866974457763,True
GaussianBudget75M_LinearMinTime,L-1_WARNER_2022-CALNF-004077,20220802,16,pyrologix,10,58-54,2022,0.0,0.003313194029033184,0,drone,1,9.489961992702219e-05,3880,0.004365382516643021,True
GaussianBudget75M_LinearMinTime,LAC-006523_2022-CALAC-006523,20220106,2,pyrologix,6,195-71,2022,0.0,0.008503007935360074,2,drone,1,9.489961992702219e-05,2945,0.004365382516643021,True
GaussianBudget75M_LinearMinTime,LAC-046964_2022-CALAC-046964,20220207,20,pyrologix,11,206-81,2022,0.0,0.006403021048754454,1,drone,1,9.489961992702219e-05,4470,0.003795984797080888,True
GaussianBudget75M_LinearMinTime,LAC-061064_2022-CALAC-061064,20220218,17,pyrologix,6,195-71,2022,0.0,0.008117323974147439,2,drone,1,9.489961992702219e-05,2945,0.004365382516643021,True
GaussianBudget75M_LinearMinTime,LAC-090300_2022-CALAC-090300,20220316,2,pyrologix,7,195-71,2022,0.0,0.005590621032752097,1,drone,1,9.489961992702219e-05,2945,0.004365382516643021,True
GaussianBudget75M_LinearMinTime,LAC-160812_2022-CALAC-160812,20220515,23,pyrologix,9,201-76,2022,0.0,0.004175940994173288,0,drone,1,9.489961992702219e-05,3455,0.004270482896715999,True
GaussianBudget75M_LinearMinTime,LAC-179624_2022-CALAC-179624,20220531,20,pyrologix,12,206-88,2022,0.0,0.0047486210241913795,0,drone,1,9.489961992702219e-05,4850,0.004175583276788976,True
GaussianBudget75M_LinearMinTime,LAC-246041_2022-CALAC-246041,20220723,10,pyrologix,11,none,2022,0.0,0.001926311058923602,-1,undetected,1,9.489961992702219e-05,0,0.0,False
GaussianBudget75M_LinearMinTime,LAC-382748_2022-CALAC-382748,20221110,12,pyrologix,11,201-76,2022,0.0,0.005006190040148795,0,drone,1,9.489961992702219e-05,4215,0.004460282136570043,True
GaussianBudget75M_LinearMinTime,LAC-403372_2022-CALAC-403372,20221127,23,pyrologix,2,195-71,2022,0.0,0.004747797967866063,1,drone,1,9.489961992702219e-05,1175,0.004175583276788976,True
GaussianBudget75M_LinearMinTime,LAGO_2022-CAANF-003186,20220926,12,pyrologix,11,195-71,2022,0.0,0.01058959006331861,2,drone,1,9.489961992702219e-05,4995,0.004555181756497065,True
GaussianBudget75M_LinearMinTime,LAKEHEAD_2022-CASHF-000793,20220807,22,pyrologix,2,44-41,2022,0.0,0.0031017930014058948,0,drone,1,9.489961992702219e-05,970,0.00389088441700791,True
GaussianBudget75M_LinearMinTime,LAKE_2022-CASHF-000461,20220601,15,pyrologix,10,37-42,2022,0.0,0.004401763086207211,0,drone,1,9.489961992702219e-05,3790,0.0046500813764240876,True
GaussianBudget75M_LinearMinTime,LAKE_2022-CATNF-001256,20220830,18,pyrologix,12,86-67,2022,0.0,0.004440816002897918,0,drone,1,9.489961992702219e-05,4505,0.0040806836568619545,True
GaussianBudget75M_LinearMinTime,LANE_2022-CABDF-013734,20221001,18,pyrologix,6,209-96,2022,0.0,0.002603119006380439,0,drone,1,9.489961992702219e-05,2310,0.004270482896715999,True
GaussianBudget75M_LinearMinTime,LAVA_2022-CALNF-005466,20221006,20,pyrologix,5,44-55,2022,0.0,0.0085367769934237,2,drone,1,9.489961992702219e-05,2800,0.004270482896715999,True
GaussianBudget75M_LinearMinTime,LAVA__2022-CAMDF-000214,20220607,16,pyrologix,12,37-63,2022,0.0,0.008436541887931526,2,drone,1,9.489961992702219e-05,5125,0.004555181756497065,True
GaussianBudget75M_LinearMinTime,LEAF_2022-CATMU-020809,20220730,20,pyrologix,9,none,2022,0.0,0.001892552012577653,-1,undetected,1,9.489961992702219e-05,0,0.0,False
GaussianBudget75M_LinearMinTime,LEAF_2022-CATMU-028133,20221001,21,pyrologix,1,none,2022,0.0,0.0018794059287756681,-1,undetected,1,9.489961992702219e-05,0,0.0,False
GaussianBudget75M_LinearMinTime,LEONI_2022-CAENF-013935,20220530,19,pyrologix,2,100-61,2022,0.0,0.0033328189747408032,0,drone,1,9.489961992702219e-05,970,0.0037010851771538656,True
GaussianBudget75M_LinearMinTime,LEWIS_2022-CASNF-000452,20220528,20,pyrologix,4,128-69,2022,0.0,0.00431892101187259,0,drone,1,9.489961992702219e-05,1810,0.004365382516643021,True
GaussianBudget75M_LinearMinTime,LICK_2022-CASHF-001145,20221021,11,pyrologix,12,52-26,2022,0.0,0.01502458902541548,4,drone,1,9.489961992702219e-05,6105,0.0046500813764240876,True
GaussianBudget75M_LinearMinTime,LIGHTNING_2022-CACNF-001398,20220623,21,pyrologix,10,220-87,2022,0.0,0.0027886839816346765,0,drone,1,9.489961992702219e-05,3880,0.003985784036934932,True
GaussianBudget75M_LinearMinTime,LILLY_2022-CAKNF-006430,20220803,22,pyrologix,6,30-38,2022,0.0,0.008230230887420475,2,drone,1,9.489961992702219e-05,3005,0.0046500813764240876,True
GaussianBudget75M_LinearMinTime,LINE_2022-CAINF-001655,20220802,22,pyrologix,8,none,2022,0.0,0.0018800620455294847,-1,undetected,1,9.489961992702219e-05,0,0.0,False
GaussianBudget75M_LinearMinTime,LION_2022-CAENF-007455,20220320,17,pyrologix,10,93-56,2022,0.0,0.0189231859985739,-1,undetected,1,9.489961992702219e-05,6390,0.0046500813764240876,True
GaussianBudget75M_LinearMinTime,LISA_2022-CALAC-213820,20220627,22,pyrologix,2,195-71,2022,0.0,0.002727951039560139,0,drone,1,9.489961992702219e-05,930,0.003795984797080888,True
GaussianBudget75M_LinearMinTime,LITTLE_2022-CAKNF-001539,20220226,15,pyrologix,10,17-27,2022,0.0,0.004705795901827514,0,drone,1,9.489961992702219e-05,4110,0.004555181756497065,True
GaussianBudget75M_LinearMinTime,LITTLE_2022-CASHF-000763,20220804,22,pyrologix,6,37-42,2022,0.0,0.003505239961668849,0,drone,1,9.489961992702219e-05,2340,0.0046500813764240876,True
GaussianBudget75M_LinearMinTime,LOBO_2022-CABDF-014357,20221016,11,pyrologix,7,214-103,2022,0.0,0.018559603951871395,-1,undetected,1,9.489961992702219e-05,1485,0.00389088441700791,True
GaussianBudget75M_LinearMinTime,LOFT_2022-CASNF-001642,20221125,19,pyrologix,4,128-62,2022,0.0,0.019703662022948265,-1,undetected,1,9.489961992702219e-05,1580,0.004270482896715999,True
GaussianBudget75M_LinearMinTime,LOG_2022-CAANF-003645,20221122,1,pyrologix,8,206-81,2022,0.0,0.003555390052497387,0,drone,1,9.489961992702219e-05,3130,0.0037010851771538656,True
GaussianBudget75M_LinearMinTime,LOG_2022-CATMU-030995,20221029,11,pyrologix,8,none,2022,0.0,0.0019731560023501515,-1,undetected,1,9.489961992702219e-05,0,0.0,False
GaussianBudget75M_LinearMinTime,LONE_2022-CABDF-013461,20220923,22,pyrologix,1,206-88,2022,0.0,0.002451671054586768,0,drone,1,9.489961992702219e-05,535,0.0033214866974457763,True
GaussianBudget75M_LinearMinTime,LONE_2022-CAMDF-000514,20220731,22,pyrologix,4,none,2022,0.0,0.0018989669624716043,-1,undetected,1,9.489961992702219e-05,0,0.0,False
GaussianBudget75M_LinearMinTime,LONGEST_2022-CABTU-015806,20220901,20,pyrologix,4,72-45,2022,0.0,0.004663064959459007,1,drone,1,9.489961992702219e-05,1805,0.004365382516643021,True
GaussianBudget75M_LinearMinTime,LONG_2022-CABDF-009757,20220622,17,pyrologix,11,223-101,2022,0.0,0.019772430998273194,-1,undetected,1,9.489961992702219e-05,6080,0.004555181756497065,True
GaussianBudget75M_LinearMinTime,LONG_2022-CACNF-001399,20220623,2,pyrologix,3,220-87,2022,0.0,0.003208526992239058,0,drone,1,9.489961992702219e-05,1380,0.003795984797080888,True
GaussianBudget75M_LinearMinTime,LONG_2022-CAENF-018477,20220710,17,pyrologix,10,93-62,2022,0.0,0.018339760950766504,-1,undetected,1,9.489961992702219e-05,435,0.002941888217737688,True
GaussianBudget75M_LinearMinTime,LONG_2022-CAINF-002266,20221021,19,pyrologix,10,none,2022,0.0,0.0019068910041823983,-1,undetected,1,9.489961992702219e-05,0,0.0,False
GaussianBudget75M_LinearMinTime,LONG_2022-CAMDF-000652,20220809,9,pyrologix,7,37-56,2022,0.0,0.008452434092760086,2,drone,1,9.489961992702219e-05,3410,0.0046500813764240876,True
GaussianBudget75M_LinearMinTime,LOOKOUT_2022-CAKNF-007055,20220818,9,pyrologix,12,24-32,2022,0.0,0.00393818796146661,0,drone,1,9.489961992702219e-05,4595,0.0046500813764240876,True
GaussianBudget75M_LinearMinTime,LOOP_2022-CAINF-001592,20220727,19,pyrologix,11,124-80,2022,0.0,0.004670619964599609,0,drone,1,9.489961992702219e-05,4205,0.0046500813764240876,True
GaussianBudget75M_LinearMinTime,LOOP_2022-CALNF-003465,20220708,18,pyrologix,4,51-54,2022,0.0,0.0024831750197336078,0,drone,1,9.489961992702219e-05,1570,0.004555181756497065,True
GaussianBudget75M_LinearMinTime,LOPEZ_2022-CALPF-001155,20220606,19,pyrologix,7,175-45,2022,0.0,0.0042869000462815166,0,drone,1,9.489961992702219e-05,2825,0.004460282136570043,True
GaussianBudget75M_LinearMinTime,LOST_2022-CATNF-000633,20220617,17,pyrologix,10,86-60,2022,0.0,0.019378485972993076,-1,undetected,1,9.489961992702219e-05,6440,0.0040806836568619545,True
GaussianBudget75M_LinearMinTime,LOS_PINOS_2022-CAORC-149035,20221106,19,pyrologix,1,220-87,2022,0.0,0.001441847998648882,0,drone,1,9.489961992702219e-05,475,0.0031316874575917325,True
GaussianBudget75M_LinearMinTime,LOT_2022-CACNF-001168,20220604,3,pyrologix,6,244-98,2022,0.0,0.005899960990063846,1,drone,1,9.489961992702219e-05,2645,0.004460282136570043,True
GaussianBudget75M_LinearMinTime,LOVER_2022-CAKNF-006225,20220730,16,pyrologix,2,24-32,2022,0.0,0.003230500966310501,0,drone,1,9.489961992702219e-05,1030,0.004365382516643021,True
GaussianBudget75M_LinearMinTime,LOWER_2022-CASHF-000205,20220322,13,pyrologix,7,44-41,2022,0.0,0.002875637961551547,0,drone,1,9.489961992702219e-05,2715,0.004175583276788976,True
GaussianBudget75M_LinearMinTime,LUPINE_2022-CAPNF-004737,20220901,10,pyrologix,1,65-64,2022,0.0,0.017674676957540214,-1,undetected,1,9.489961992702219e-05,2485,0.004460282136570043,True
GaussianBudget75M_LinearMinTime,LYON_2022-CATGU-011292,20220922,13,pyrologix,9,58-47,2022,0.0,0.018125363043509424,-1,undetected,1,9.489961992702219e-05,850,0.00389088441700791,True
GaussianBudget75M_LinearMinTime,Lamb_Gap_2022-CASRF-000223,20220414,9,pyrologix,11,45-20,2022,0.0,0.01825010299216956,-1,undetected,1,9.489961992702219e-05,430,0.002467390118102577,True
GaussianBudget75M_LinearMinTime,Lamoine_2022-CASHF-000626,20220711,12,pyrologix,11,44-41,2022,0.0,0.005403712973929942,0,drone,1,9.489961992702219e-05,4400,0.004270482896715999,True
GaussianBudget75M_LinearMinTime,Lane_2022-CAPNF-002293,20221029,18,pyrologix,5,72-52,2022,0.0,0.018288059043698013,-1,undetected,1,9.489961992702219e-05,3935,0.0046500813764240876,True
GaussianBudget75M_LinearMinTime,Laporte_2022-CAPNF-001155,20220715,11,pyrologix,4,79-54,2022,0.0,0.004602228989824653,1,drone,1,9.489961992702219e-05,2160,0.004175583276788976,True
GaussianBudget75M_LinearMinTime,Little_2022-CAPNF-001818,20220907,16,pyrologix,8,79-61,2022,0.0,0.018357674009166658,-1,undetected,1,9.489961992702219e-05,2530,0.004365382516643021,True
GaussianBudget75M_LinearMinTime,MADERA_2022-CASNF-001023,20220811,15,pyrologix,4,128-69,2022,0.0,0.0025356800761073828,0,drone,1,9.489961992702219e-05,1545,0.004365382516643021,True
GaussianBudget75M_LinearMinTime,MANOR_2022-CABDF-013776,20221002,15,pyrologix,8,206-88,2022,0.0,0.004381751059554517,0,drone,1,9.489961992702219e-05,3315,0.004175583276788976,True
GaussianBudget75M_LinearMinTime,MANZANITA_2022-CABDF-013457,20220923,18,pyrologix,9,209-96,2022,0.0,0.004098732024431229,0,drone,1,9.489961992702219e-05,3445,0.004270482896715999,True
GaussianBudget75M_LinearMinTime,MAPLE_1_2022-CACNF-001291,20220614,11,pyrologix,11,220-87,2022,0.0,0.003561111050657928,0,drone,1,9.489961992702219e-05,4325,0.003985784036934932,True
GaussianBudget75M_LinearMinTime,MAPLE_2022-CAORC-076966,20220614,16,pyrologix,1,220-87,2022,0.0,0.007045674952678382,2,drone,1,9.489961992702219e-05,1230,0.003795984797080888,True
GaussianBudget75M_LinearMinTime,MAPLE_2_2022-CACNF-001295,20220614,11,pyrologix,11,220-87,2022,0.0,0.0034960340708494186,0,drone,1,9.489961992702219e-05,4325,0.003985784036934932,True
GaussianBudget75M_LinearMinTime,MAPLE_3_2022-CACNF-001296,20220614,14,pyrologix,5,220-87,2022,0.0,0.0025917929597198963,0,drone,1,9.489961992702219e-05,2005,0.003985784036934932,True
GaussianBudget75M_LinearMinTime,MARICOPA_2022-CALPF-001282,20220618,9,pyrologix,7,196-57,2022,0.0,0.004637146950699389,0,drone,1,9.489961992702219e-05,2930,0.003985784036934932,True
GaussianBudget75M_LinearMinTime,MARION_2022-CABDF-007214,20220424,11,pyrologix,5,223-101,2022,0.0,0.01180578803177923,3,drone,1,9.489961992702219e-05,3085,0.004460282136570043,True
GaussianBudget75M_LinearMinTime,MARIPOSA_2022-CABDF-005080,20220317,21,pyrologix,7,206-88,2022,0.0,0.004008468007668853,0,drone,1,9.489961992702219e-05,2845,0.004175583276788976,True
GaussianBudget75M_LinearMinTime,MARSHALL_2022-CASTF-001862,20220923,23,pyrologix,2,107-68,2022,0.0,0.0021921530133113265,0,drone,1,9.489961992702219e-05,850,0.004270482896715999,True
GaussianBudget75M_LinearMinTime,MASON_2022-CATNF-000101,20220210,19,pyrologix,4,86-67,2022,0.0,0.0021947319619357586,0,drone,1,9.489961992702219e-05,1515,0.00389088441700791,True
GaussianBudget75M_LinearMinTime,MATTRESS_2022-CAANF-002237,20220716,2,pyrologix,2,201-76,2022,0.0,0.003742906963452697,0,drone,1,9.489961992702219e-05,1010,0.003795984797080888,True
GaussianBudget75M_LinearMinTime,MAXWELL_2022-CASHU-009929,20220907,8,pyrologix,11,45-27,2022,0.0,0.003406287985853851,0,drone,1,9.489961992702219e-05,4420,0.004460282136570043,True
GaussianBudget75M_LinearMinTime,MCGEE_2022-CAINF-001072,20220612,12,pyrologix,11,none,2022,0.0,0.001918668975122273,-1,undetected,1,9.489961992702219e-05,0,0.0,False
GaussianBudget75M_LinearMinTime,MCGINTY_2022-CAMDF-000569,20220804,15,pyrologix,9,none,2022,0.0,0.0019239159300923347,-1,undetected,1,9.489961992702219e-05,0,0.0,False
GaussianBudget75M_LinearMinTime,MCKINLEY_2022-CASNF-001368,20220915,13,pyrologix,11,141-74,2022,0.0,0.003521390026435256,0,drone,1,9.489961992702219e-05,4010,0.004555181756497065,True
GaussianBudget75M_LinearMinTime,MCKINNEY_2022-CAKNF-006177,20220729,18,pyrologix,6,23-39,2022,0.0,0.0022577809868380427,0,drone,1,9.489961992702219e-05,2205,0.004175583276788976,True
GaussianBudget75M_LinearMinTime,MCNEAL_2022-CAKNF-006262,20220731,22,pyrologix,7,31-24,2022,0.0,0.011595385032705963,3,drone,1,9.489961992702219e-05,4200,0.004460282136570043,True
GaussianBudget75M_LinearMinTime,MEADOW_2022-CAENF-021439,20220804,14,pyrologix,11,100-68,2022,0.0,0.019686540006659925,-1,undetected,1,9.489961992702219e-05,4375,0.004555181756497065,True
GaussianBudget75M_LinearMinTime,MEADOW_2022-CAINF-001681,20220804,21,pyrologix,8,none,2022,0.0,0.001894354005344212,-1,undetected,1,9.489961992702219e-05,0,0.0,False
GaussianBudget75M_LinearMinTime,MEADOW_2022-CASQF-000245,20220219,17,pyrologix,7,177-79,2022,0.0,0.004236968932673335,0,drone,1,9.489961992702219e-05,2860,0.004460282136570043,True
GaussianBudget75M_LinearMinTime,MEADOW_2022-CATNF-001095,20220809,18,pyrologix,12,79-61,2022,0.0,0.0189786379924044,-1,undetected,1,9.489961992702219e-05,2530,0.004365382516643021,True
GaussianBudget75M_LinearMinTime,MERRIL_2022-CATNF-001579,20221019,12,pyrologix,11,79-68,2022,0.0,0.00756484002340585,1,drone,1,9.489961992702219e-05,4665,0.004555181756497065,True
GaussianBudget75M_LinearMinTime,MEYERS_2022-CABDF-011208,20220722,0,pyrologix,7,none,2022,0.0,0.0018851340282708406,-1,undetected,1,9.489961992702219e-05,0,0.0,False
GaussianBudget75M_LinearMinTime,MEYER_2022-CABDF-012989,20220907,20,pyrologix,12,none,2022,0.0,0.0018826560117304325,-1,undetected,1,9.489961992702219e-05,0,0.0,False
GaussianBudget75M_LinearMinTime,MIDPINES_2022-CAMMU-014808,20220707,18,pyrologix,6,128-62,2022,0.0,0.01798312901519239,-1,undetected,1,9.489961992702219e-05,1580,0.004270482896715999,True
GaussianBudget75M_LinearMinTime,MIDPINES_2022-CAMMU-015084,20220710,15,pyrologix,12,128-62,2022,0.0,0.018833784968592227,-1,undetected,1,9.489961992702219e-05,1580,0.004270482896715999,True
GaussianBudget75M_LinearMinTime,MILITARY_2022-CAKNF-010677,20221125,15,pyrologix,9,30-45,2022,0.0,0.0027148310327902436,0,drone,1,9.489961992702219e-05,3215,0.004460282136570043,True
GaussianBudget75M_LinearMinTime,MILLARD_2022-CAANF-001239,20220504,23,pyrologix,10,206-81,2022,0.0,0.002915062941610813,0,drone,1,9.489961992702219e-05,3730,0.003795984797080888,True
GaussianBudget75M_LinearMinTime,MILLER_2022-CABDF-007690,20220507,5,pyrologix,8,206-88,2022,0.0,0.0031322409631684422,0,drone,1,9.489961992702219e-05,3075,0.004175583276788976,True
GaussianBudget75M_LinearMinTime,MILL_2022-CAKNF-001285,20220218,1,pyrologix,1,24-32,2022,0.0,0.0026612529763951898,0,drone,1,9.489961992702219e-05,535,0.003226587077518755,True
GaussianBudget75M_LinearMinTime,MILL_2022-CASQF-001258,20220623,18,pyrologix,3,170-77,2022,0.0,0.0021234219893813133,0,drone,1,9.489961992702219e-05,1120,0.004270482896715999,True
GaussianBudget75M_LinearMinTime,MILL_2022-CASTF-001171,20220715,19,pyrologix,4,107-68,2022,0.0,0.00795876095071435,2,drone,1,9.489961992702219e-05,2300,0.0046500813764240876,True
GaussianBudget75M_LinearMinTime,MILL__2022-CATGU-008572,20220719,1,pyrologix,2,58-47,2022,0.0,0.017384740989655256,-1,undetected,1,9.489961992702219e-05,850,0.00389088441700791,True
GaussianBudget75M_LinearMinTime,MINERAL_2022-CATGU-011262,20220921,19,pyrologix,9,58-47,2022,0.0,0.01867938705254346,-1,undetected,1,9.489961992702219e-05,850,0.00389088441700791,True
GaussianBudget75M_LinearMinTime,MM_10_2022-CASRF-000513,20220712,17,pyrologix,4,15-20,2022,0.0,0.01989896094892174,-1,undetected,1,9.489961992702219e-05,3985,0.0040806836568619545,True
GaussianBudget75M_LinearMinTime,MONACHE_2022-CAINF-001667,20220802,17,pyrologix,9,162-85,2022,0.0,0.002438959083519876,0,drone,1,9.489961992702219e-05,880,0.00389088441700791,True
GaussianBudget75M_LinearMinTime,MONO_2022-CAINF-001496,20220717,14,pyrologix,10,none,2022,0.0,0.0019230800680816174,-1,undetected,1,9.489961992702219e-05,0,0.0,False
GaussianBudget75M_LinearMinTime,MONTE_2022-CAANF-003443,20221026,14,pyrologix,5,206-81,2022,0.0,0.004638155922293663,1,drone,1,9.489961992702219e-05,2260,0.0037010851771538656,True
GaussianBudget75M_LinearMinTime,MONTREAL_2022-CAAEU-029415,20221014,5,pyrologix,2,none,2022,0.0,0.0019085949752479792,-1,undetected,1,9.489961992702219e-05,0,0.0,False
GaussianBudget75M_LinearMinTime,MOON_2022-CASNF-000691,20220703,20,pyrologix,10,128-69,2022,0.0,0.005054061999544501,0,drone,1,9.489961992702219e-05,3735,0.004555181756497065,True
GaussianBudget75M_LinearMinTime,MOORES_2022-CANEU-029518,20221028,9,pyrologix,11,79-54,2022,0.0,0.003541301004588604,0,drone,1,9.489961992702219e-05,4755,0.004555181756497065,True
GaussianBudget75M_LinearMinTime,MOORES_2022-CATNF-001612,20221028,14,pyrologix,1,79-54,2022,0.0,0.0018089560326188803,0,drone,1,9.489961992702219e-05,490,0.0028469885978106655,True
GaussianBudget75M_LinearMinTime,MORRIS_2022-CAANF-002629,20220812,1,pyrologix,3,206-81,2022,0.0,0.003712379955686629,0,drone,1,9.489961992702219e-05,1425,0.0037010851771538656,True
GaussianBudget75M_LinearMinTime,MORRIS_2022-CALAC-270672,20220812,2,pyrologix,1,206-81,2022,0.0,0.00265790696721524,0,drone,1,9.489961992702219e-05,555,0.0031316874575917325,True
GaussianBudget75M_LinearMinTime,MOSQUITO_2022-CASTF-001234,20220721,15,pyrologix,6,107-68,2022,0.0,0.003304955898784101,0,drone,1,9.489961992702219e-05,2355,0.0046500813764240876,True
GaussianBudget75M_LinearMinTime,MOSQUITO_2022-CATNF-001371,20220907,20,pyrologix,10,93-56,2022,0.0,0.019400277989916503,-1,undetected,1,9.489961992702219e-05,6390,0.0046500813764240876,True
GaussianBudget75M_LinearMinTime,MOUNTAIN_2022-CASHF-000775,20220805,1,pyrologix,12,44-41,2022,0.0,0.019069414935074747,-1,undetected,1,9.489961992702219e-05,6550,0.004270482896715999,True
GaussianBudget75M_LinearMinTime,MULCH_2022-CALNF-003356,20220702,20,pyrologix,1,58-61,2022,0.0,0.0030435959342867136,0,drone,1,9.489961992702219e-05,655,0.003795984797080888,True
GaussianBudget75M_LinearMinTime,MULE_2022-CASQF-002110,20220819,16,pyrologix,10,163-78,2022,0.0,0.01968495105393231,-1,undetected,1,9.489961992702219e-05,6950,0.003795984797080888,True
GaussianBudget75M_LinearMinTime,MUNSON_2022-CAENF-028534,20221006,0,pyrologix,1,100-68,2022,0.0,0.004342076019383967,1,drone,1,9.489961992702219e-05,795,0.003795984797080888,True
GaussianBudget75M_LinearMinTime,MUNZ_2022-CAANF-003073,20220913,16,pyrologix,11,none,2022,0.0,0.0018911450169980526,-1,undetected,1,9.489961992702219e-05,0,0.0,False
GaussianBudget75M_LinearMinTime,MUNZ_2022-CALAC-313159,20220913,16,pyrologix,11,195-71,2022,0.0,0.004647754016332328,0,drone,1,9.489961992702219e-05,4155,0.004460282136570043,True
GaussianBudget75M_LinearMinTime,MURPHY_2022-CASQF-002470,20220921,15,pyrologix,11,177-72,2022,0.0,0.015671227942220867,4,drone,1,9.489961992702219e-05,5435,0.0046500813764240876,True
GaussianBudget75M_LinearMinTime,MUTUAL_AID_TERRAZA_2022-CACNF-000725,20220419,20,pyrologix,5,230-93,2022,0.0,0.004431702080182731,0,drone,1,9.489961992702219e-05,2025,0.0037010851771538656,True
GaussianBudget75M_LinearMinTime,Marian_2022-CALPF-001794,20220803,13,pyrologix,8,189-64,2022,0.0,0.003362222108989954,0,drone,1,9.489961992702219e-05,3185,0.0046500813764240876,True
GaussianBudget75M_LinearMinTime,Medicine_2022-CASRF-000602,20220801,16,pyrologix,12,24-25,2022,0.0,0.011282444931566715,2,drone,1,9.489961992702219e-05,5235,0.0046500813764240876,True
GaussianBudget75M_LinearMinTime,Mutual_Aid_SERE_2022-CACNF-000268,20220210,11,pyrologix,9,230-100,2022,0.0,0.0028129919664934278,0,drone,1,9.489961992702219e-05,3340,0.004270482896715999,True
GaussianBudget75M_LinearMinTime,NAVAJO_2022-CALPF-000869,20220508,16,pyrologix,10,170-47,2022,0.0,0.004304648959077895,0,drone,1,9.489961992702219e-05,4025,0.004460282136570043,True
GaussianBudget75M_LinearMinTime,NELSON_2022-CASHF-000649,20220715,16,pyrologix,10,37-49,2022,0.0,0.007174849044531584,1,drone,1,9.489961992702219e-05,4085,0.0046500813764240876,True
GaussianBudget75M_LinearMinTime,NEY_2022-CASHF-000718,20220728,0,pyrologix,1,37-42,2022,0.0,0.002863439964130521,0,drone,1,9.489961992702219e-05,605,0.003511285937299821,True
GaussianBudget75M_LinearMinTime,NOBLETT_2022-CAANF-001730,20220614,23,pyrologix,7,195-71,2022,0.0,0.0033387490548193455,0,drone,1,9.489961992702219e-05,2640,0.004365382516643021,True
GaussianBudget75M_LinearMinTime,NOBLE_2022-CACNF-001459,20220626,20,pyrologix,7,none,2022,0.0,0.0018968250369653106,-1,undetected,1,9.489961992702219e-05,0,0.0,False
GaussianBudget75M_LinearMinTime,NOB_HILL_2022-CABDF-012884,20220904,20,pyrologix,2,209-96,2022,0.0,0.0030741459922865033,0,drone,1,9.489961992702219e-05,955,0.003511285937299821,True
GaussianBudget75M_LinearMinTime,NON-REPORTABLE_2022-CAANF-001293,20220509,12,pyrologix,12,195-71,2022,0.0,0.00813860003836453,1,drone,1,9.489961992702219e-05,4995,0.004555181756497065,True
GaussianBudget75M_LinearMinTime,NON-REPORTABLE_2022-CAANF-003057,20220912,13,pyrologix,9,206-81,2022,0.0,0.006953441072255373,1,drone,1,9.489961992702219e-05,3925,0.003795984797080888,True
GaussianBudget75M_LinearMinTime,NON-_REPORTABLE_2022-CAANF-002824,20220826,19,pyrologix,8,201-76,2022,0.0,0.0024401600239798427,0,drone,1,9.489961992702219e-05,2955,0.004175583276788976,True
GaussianBudget75M_LinearMinTime,NON_REPORTABLE_2022-CAANF-003158,20220923,23,pyrologix,7,201-76,2022,0.0,0.003518817014992237,0,drone,1,9.489961992702219e-05,2745,0.004175583276788976,True
GaussianBudget75M_LinearMinTime,NORTHMAIN_2022-CACNF-000917,20220514,11,pyrologix,11,220-87,2022,0.0,0.003341189003549516,0,drone,1,9.489961992702219e-05,4325,0.003985784036934932,True
GaussianBudget75M_LinearMinTime,NORTH_2022-CAENF-025545,20220906,19,pyrologix,4,100-61,2022,0.0,0.0056261379504576325,1,drone,1,9.489961992702219e-05,1885,0.004460282136570043,True
GaussianBudget75M_LinearMinTime,NORTH_2022-CATMU-024952,20220902,9,pyrologix,6,none,2022,0.0,0.001916211098432541,-1,undetected,1,9.489961992702219e-05,0,0.0,False
GaussianBudget75M_LinearMinTime,NORTH__2022-CAANF-003486,20221101,2,pyrologix,1,195-71,2022,0.0,0.0020417770138010383,0,drone,1,9.489961992702219e-05,470,0.003226587077518755,True
GaussianBudget75M_LinearMinTime,NUTMEG_2022-CASNF-001211,20220902,16,pyrologix,11,141-74,2022,0.0,0.0056922490475699306,1,drone,1,9.489961992702219e-05,4315,0.004555181756497065,True
GaussianBudget75M_LinearMinTime,Nelson_2022-CACNF-000234,20220206,19,pyrologix,3,244-98,2022,0.0,0.003764379071071744,0,drone,1,9.489961992702219e-05,1360,0.0040806836568619545,True
GaussianBudget75M_LinearMinTime,Nervino_2022-CAPNF-001140,20220713,14,pyrologix,10,72-66,2022,0.0,0.004628845956176519,0,drone,1,9.489961992702219e-05,3825,0.004555181756497065,True
GaussianBudget75M_LinearMinTime,OAKWILDE_2022-CAANF-003225,20221001,14,pyrologix,5,none,2022,0.0,0.001888024969957769,-1,undetected,1,9.489961992702219e-05,0,0.0,False
GaussianBudget75M_LinearMinTime,OAKWILDE_2022-CALAC-334495,20221001,14,pyrologix,5,none,2022,0.0,0.0018818879034370184,-1,undetected,1,9.489961992702219e-05,0,0.0,False
GaussianBudget75M_LinearMinTime,OAK_2022-CAANF-000662,20220313,19,pyrologix,4,201-76,2022,0.0,0.005447941948659718,1,drone,1,9.489961992702219e-05,1870,0.003985784036934932,True
GaussianBudget75M_LinearMinTime,OAK_2022-CABDF-000336,20220102,20,pyrologix,1,206-88,2022,0.0,0.004241498070769012,0,drone,1,9.489961992702219e-05,535,0.0033214866974457763,True
GaussianBudget75M_LinearMinTime,OBRIEN_2022-CASHF-000204,20220322,9,pyrologix,11,44-41,2022,0.0,0.018462149892002344,5,drone,1,9.489961992702219e-05,6100,0.004270482896715999,True
GaussianBudget75M_LinearMinTime,OBrien_2022-CASHF-000431,20220526,18,pyrologix,5,44-41,2022,0.0,0.0045516639947891235,0,drone,1,9.489961992702219e-05,2230,0.004175583276788976,True
GaussianBudget75M_LinearMinTime,OH_2022-CAINF-001497,20220717,19,pyrologix,4,124-80,2022,0.0,0.0021295249462127686,0,drone,1,9.489961992702219e-05,1535,0.0046500813764240876,True
GaussianBudget75M_LinearMinTime,OLIVER_2022-CABDF-013445,20220923,12,pyrologix,2,206-88,2022,0.0,0.0038367139641195536,0,drone,1,9.489961992702219e-05,1080,0.0036061855572268433,True
GaussianBudget75M_LinearMinTime,OMEGA_2022-CATNF-001334,20220904,16,pyrologix,11,86-53,2022,0.0,0.008246210985817015,1,drone,1,9.489961992702219e-05,4800,0.0046500813764240876,True
GaussianBudget75M_LinearMinTime,ONYX_2022-CABDF-009774,20220623,6,pyrologix,1,214-103,2022,0.0,0.002380190067924559,0,drone,1,9.489961992702219e-05,540,0.0031316874575917325,True
GaussianBudget75M_LinearMinTime,ORO_2022-CAANF-001921,20220627,5,pyrologix,1,201-76,2022,0.0,0.003292566048912704,0,drone,1,9.489961992702219e-05,670,0.003795984797080888,True
GaussianBudget75M_LinearMinTime,OVERLAND_2022-CAENF-027358,20220924,18,pyrologix,7,100-54,2022,0.0,0.003223876003175974,0,drone,1,9.489961992702219e-05,2750,0.004365382516643021,True
GaussianBudget75M_LinearMinTime,OVERLOOK_2022-CAANF-000493,20220223,21,pyrologix,10,201-76,2022,0.0,0.004347671987488866,0,drone,1,9.489961992702219e-05,3840,0.004270482896715999,True
GaussianBudget75M_LinearMinTime,OVERLOOK_2022-CABDF-016028,20221114,15,pyrologix,12,206-88,2022,0.0,0.0032770230900496244,0,drone,1,9.489961992702219e-05,4630,0.004175583276788976,True
GaussianBudget75M_LinearMinTime,O_NEIL_2022-CAKNF-006324,20220801,20,pyrologix,12,17-34,2022,0.0,0.003526928019709885,0,drone,1,9.489961992702219e-05,4335,0.0037010851771538656,True
GaussianBudget75M_LinearMinTime,Oak_2022-CASHF-000841,20220818,12,pyrologix,10,44-48,2022,0.0,0.005015535978600383,0,drone,1,9.489961992702219e-05,3985,0.0046500813764240876,True
GaussianBudget75M_LinearMinTime,Oak_2022-CASRF-000621,20220805,8,pyrologix,12,38-21,2022,0.0,0.018365022959187627,-1,undetected,1,9.489961992702219e-05,1450,0.004270482896715999,True
GaussianBudget75M_LinearMinTime,Owl_2022-CASRF-000923,20221028,13,pyrologix,9,31-24,2022,0.0,0.01894598500803113,-1,undetected,1,9.489961992702219e-05,5865,0.004555181756497065,True
GaussianBudget75M_LinearMinTime,PACIFIC_2022-CASHF-001182,20221030,9,pyrologix,11,37-42,2022,0.0,0.0029884809628129005,0,drone,1,9.489961992702219e-05,3935,0.0046500813764240876,True
GaussianBudget75M_LinearMinTime,PACK_2022-CASQF-002206,20220829,20,pyrologix,7,170-77,2022,0.0,0.0036382420221343637,0,drone,1,9.489961992702219e-05,2600,0.0046500813764240876,True
GaussianBudget75M_LinearMinTime,PANTHER_2022-CALNF-005145,20220922,22,pyrologix,8,58-47,2022,0.0,0.019976969924755394,-1,undetected,1,9.489961992702219e-05,850,0.00389088441700791,True
GaussianBudget75M_LinearMinTime,PARADE_2022-CALNF-005173,20220923,21,pyrologix,8,65-43,2022,5061.951987824985,0.02195171604398638,5,drone,1,9.489961992702219e-05,4820,0.004555181756497065,True
GaussianBudget75M_LinearMinTime,PARKER_2022-CAKNF-008333,20220921,17,pyrologix,11,22-46,2022,0.0,0.003670878941193223,0,drone,1,9.489961992702219e-05,4000,0.004555181756497065,True
GaussianBudget75M_LinearMinTime,PARKER_2022-CAMDF-000106,20220408,17,pyrologix,8,42-76,2022,0.0,0.006216919980943203,1,drone,1,9.489961992702219e-05,3455,0.004555181756497065,True
GaussianBudget75M_LinearMinTime,PASS_2022-CABDF-009631,20220619,14,pyrologix,12,206-88,2022,0.0,0.00910237804055214,2,drone,1,9.489961992702219e-05,5410,0.004175583276788976,True
GaussianBudget75M_LinearMinTime,PAYMASTER_2022-CAENF-006355,20220308,15,pyrologix,8,93-56,2022,0.0,0.01872031798120588,-1,undetected,1,9.489961992702219e-05,5640,0.0046500813764240876,True
GaussianBudget75M_LinearMinTime,PEAK_2022-CASHF-000764,20220804,23,pyrologix,4,52-26,2022,0.0,0.004435205948539078,0,drone,1,9.489961992702219e-05,1860,0.004555181756497065,True
GaussianBudget75M_LinearMinTime,PEAK_2022-CASQF-002638,20221011,17,pyrologix,1,170-77,2022,0.0,0.002267075004056096,0,drone,1,9.489961992702219e-05,470,0.002941888217737688,True
GaussianBudget75M_LinearMinTime,PEAVINE_2022-CAENF-008736,20220403,20,pyrologix,3,93-56,2022,0.0,0.015738504007458687,5,drone,1,9.489961992702219e-05,3340,0.004555181756497065,True
GaussianBudget75M_LinearMinTime,PICNIC_2022-CACNF-000485,20220314,17,pyrologix,2,220-87,2022,0.0,0.001767431036569178,0,drone,1,9.489961992702219e-05,875,0.0036061855572268433,True
GaussianBudget75M_LinearMinTime,PIGEON_2022-CASNF-000607,20220623,10,pyrologix,9,121-61,2022,0.0,0.01880851702298969,-1,undetected,1,9.489961992702219e-05,6525,0.004175583276788976,True
GaussianBudget75M_LinearMinTime,PILGRIM_2022-CASHF-000773,20220804,22,pyrologix,2,37-49,2022,0.0,0.0031623769318684936,0,drone,1,9.489961992702219e-05,960,0.0037010851771538656,True
GaussianBudget75M_LinearMinTime,PILLSBURY_2022-CAMNF-000680,20220614,20,pyrologix,3,74-20,2022,500.1811000810703,0.03520511195529252,-1,undetected,1,9.489961992702219e-05,840,0.003985784036934932,True
GaussianBudget75M_LinearMinTime,PINECONE_2022-CASHF-000751,20220802,20,pyrologix,8,52-26,2022,0.0,0.003361515933647752,0,drone,1,9.489961992702219e-05,3085,0.0046500813764240876,True
GaussianBudget75M_LinearMinTime,PINE_2022-CACNF-000498,20220317,19,pyrologix,6,244-98,2022,0.0,0.011554537923075259,3,drone,1,9.489961992702219e-05,3250,0.004555181756497065,True
GaussianBudget75M_LinearMinTime,PINE_2022-CAKNF-006086,20220727,16,pyrologix,8,17-27,2022,0.0,0.004137872019782662,0,drone,1,9.489961992702219e-05,3405,0.004555181756497065,True
GaussianBudget75M_LinearMinTime,PINE_2022-CAMDF-000654,20220809,8,pyrologix,12,37-63,2022,0.0,0.006850392906926572,1,drone,1,9.489961992702219e-05,4880,0.004555181756497065,True
GaussianBudget75M_LinearMinTime,PINE_2022-CATNF-000629,20220616,19,pyrologix,2,86-53,2022,0.0,0.002699807984754443,0,drone,1,9.489961992702219e-05,940,0.003985784036934932,True
GaussianBudget75M_LinearMinTime,PINYON_DR___HY_74__E_2022-CARRU-174457,20221129,19,pyrologix,11,none,2022,0.0,0.002190997009165585,-1,undetected,1,9.489961992702219e-05,0,0.0,False
GaussianBudget75M_LinearMinTime,PIONEER_2022-CASTF-000035,20220109,20,pyrologix,3,114-64,2022,0.0,0.00366596900857985,0,drone,1,9.489961992702219e-05,1365,0.003985784036934932,True
GaussianBudget75M_LinearMinTime,PIPES_2022-CABDF-011375,20220725,21,pyrologix,1,214-103,2022,0.0,0.002463761018589139,0,drone,1,9.489961992702219e-05,540,0.0031316874575917325,True
GaussianBudget75M_LinearMinTime,PIT_2022-CAPNF-001320,20220728,21,pyrologix,9,70-71,2022,0.0,0.0036776420893147588,0,drone,1,9.489961992702219e-05,3335,0.003985784036934932,True
GaussianBudget75M_LinearMinTime,PIUTE_2022-CAINF-002232,20221015,18,pyrologix,5,none,2022,0.0,0.001940447953529656,-1,undetected,1,9.489961992702219e-05,0,0.0,False
GaussianBudget75M_LinearMinTime,PLUM_2022-CATNF-001110,20220811,16,pyrologix,12,79-54,2022,0.0,0.005908936029300094,1,drone,1,9.489961992702219e-05,5420,0.0046500813764240876,True
GaussianBudget75M_LinearMinTime,PLUTO_2022-CASKU-007671,20220904,19,pyrologix,5,30-45,2022,0.0,0.0029305339558050036,0,drone,1,9.489961992702219e-05,1985,0.004365382516643021,True
GaussianBudget75M_LinearMinTime,PLUTO_2022-CASKU-007925,20220911,2,pyrologix,6,30-45,2022,0.0,0.004957981989718974,1,drone,1,9.489961992702219e-05,2575,0.004365382516643021,True
GaussianBudget75M_LinearMinTime,POINTS_2022-CAANF-001851,20220623,23,pyrologix,6,206-81,2022,0.0,0.0022983670933172107,0,drone,1,9.489961992702219e-05,2260,0.0037010851771538656,True
GaussianBudget75M_LinearMinTime,POISON_2022-CASNF-000308,20220424,17,pyrologix,10,134-74,2022,0.0,0.007648181053809822,1,drone,1,9.489961992702219e-05,4290,0.0046500813764240876,True
GaussianBudget75M_LinearMinTime,POISON_2022-CASQF-001262,20220623,15,pyrologix,12,169-84,2022,0.0,0.005584576982073486,0,drone,1,9.489961992702219e-05,4690,0.004555181756497065,True
GaussianBudget75M_LinearMinTime,POLE_2022-CALNF-002520,20220527,9,pyrologix,9,51-54,2022,0.0,0.0035884990356862545,0,drone,1,9.489961992702219e-05,3430,0.0046500813764240876,True
GaussianBudget75M_LinearMinTime,POPLAR_2022-CABDF-000906,20220114,1,pyrologix,3,209-96,2022,0.0,0.0023766730446368456,0,drone,1,9.489961992702219e-05,1175,0.00389088441700791,True
GaussianBudget75M_LinearMinTime,POST_2022-CASHF-000531,20220623,23,pyrologix,4,52-26,2022,0.0,0.0038287920178845525,0,drone,1,9.489961992702219e-05,1795,0.004555181756497065,True
GaussianBudget75M_LinearMinTime,POTEM_2022-CASHF-001027,20220923,12,pyrologix,11,44-41,2022,0.0,0.019263481022790074,-1,undetected,1,9.489961992702219e-05,6195,0.004270482896715999,True
GaussianBudget75M_LinearMinTime,POWDER_2022-CASQF-001815,20220725,11,pyrologix,8,170-77,2022,0.0,0.00357053498737514,0,drone,1,9.489961992702219e-05,2955,0.0046500813764240876,True
GaussianBudget75M_LinearMinTime,POWELL_2022-CABDF-010922,20220715,19,pyrologix,9,206-88,2022,0.0,0.00449022906832397,0,drone,1,9.489961992702219e-05,3710,0.004175583276788976,True
GaussianBudget75M_LinearMinTime,POWERHOUSE_2022-CALAC-115324,20220406,19,pyrologix,7,195-71,2022,0.0,0.003033899934962392,0,drone,1,9.489961992702219e-05,2580,0.004365382516643021,True
GaussianBudget75M_LinearMinTime,PROSSER_2022-CATNF-000712,20220629,21,pyrologix,3,86-67,2022,0.0,0.0025992620503529906,0,drone,1,9.489961992702219e-05,1205,0.00389088441700791,True
GaussianBudget75M_LinearMinTime,PROVO_2022-CASTF-002031,20221020,16,pyrologix,5,114-57,2022,0.0,0.006752526969648898,1,drone,1,9.489961992702219e-05,2600,0.004555181756497065,True
GaussianBudget75M_LinearMinTime,PURCELL_2022-CABDF-004201,20220302,4,pyrologix,6,206-88,2022,0.0,0.0058489160146564245,1,drone,1,9.489961992702219e-05,2725,0.0040806836568619545,True
GaussianBudget75M_LinearMinTime,PYRAMID__2022-CAANF-003197,20220928,1,pyrologix,3,195-71,2022,0.0,0.002158503048121929,0,drone,1,9.489961992702219e-05,1175,0.004175583276788976,True
GaussianBudget75M_LinearMinTime,Panther_2022-CASRF-000523,20220715,8,pyrologix,12,24-25,2022,0.0,0.0038554469356313348,0,drone,1,9.489961992702219e-05,4335,0.0046500813764240876,True
GaussianBudget75M_LinearMinTime,Panther_2022-CASRF-000860,20221004,6,pyrologix,8,38-21,2022,0.0,0.018137598992325366,-1,undetected,1,9.489961992702219e-05,1450,0.004270482896715999,True
GaussianBudget75M_LinearMinTime,Patrick_2022-CASRF-000469,20220701,14,pyrologix,9,15-20,2022,0.0,0.018776634009554982,-1,undetected,1,9.489961992702219e-05,6060,0.0040806836568619545,True
GaussianBudget75M_LinearMinTime,Pecks_2022-CAPNF-000939,20220624,15,pyrologix,10,65-57,2022,0.0,0.002887079957872629,0,drone,1,9.489961992702219e-05,3630,0.0040806836568619545,True
GaussianBudget75M_LinearMinTime,Penman_2022-CAPNF-001402,20220803,14,pyrologix,10,72-66,2022,0.0,0.005008580046705902,0,drone,1,9.489961992702219e-05,3875,0.004555181756497065,True
GaussianBudget75M_LinearMinTime,Pike_2022-CAPNF-000210,20220310,16,pyrologix,4,79-47,2022,0.0,0.019002255983650684,-1,undetected,1,9.489961992702219e-05,430,0.002941888217737688,True
GaussianBudget75M_LinearMinTime,Pine_2022-CASHF-000915,20220902,0,pyrologix,1,52-26,2022,0.0,0.009022886049933732,2,drone,1,9.489961992702219e-05,1445,0.004365382516643021,True
GaussianBudget75M_LinearMinTime,Pleasant_2022-CASRF-000589,20220730,14,pyrologix,9,24-32,2022,0.0,0.003094834042713046,0,drone,1,9.489961992702219e-05,3435,0.0046500813764240876,True
GaussianBudget75M_LinearMinTime,Pleito_2022-CALPF-001219,20220612,19,pyrologix,4,189-64,2022,0.0,0.003066246979869902,0,drone,1,9.489961992702219e-05,1640,0.004175583276788976,True
GaussianBudget75M_LinearMinTime,Ponderosa_2022-CAPNF-001784,20220905,22,pyrologix,8,65-57,2022,0.0,0.0030886579770594835,0,drone,1,9.489961992702219e-05,2970,0.0040806836568619545,True
GaussianBudget75M_LinearMinTime,Powerline_2022-CALPF-002719,20221106,13,pyrologix,7,175-45,2022,0.0,0.005115219973959029,0,drone,1,9.489961992702219e-05,2905,0.004460282136570043,True
GaussianBudget75M_LinearMinTime,QUAIL_2022-CAANF-002702,20220818,0,pyrologix,2,195-71,2022,0.0,0.003664351999759674,0,drone,1,9.489961992702219e-05,1025,0.0040806836568619545,True
GaussianBudget75M_LinearMinTime,RADFORD__2022-CABDF-012958,20220905,20,pyrologix,2,214-103,2022,0.0,0.018192465999163687,-1,undetected,1,9.489961992702219e-05,1485,0.00389088441700791,True
GaussianBudget75M_LinearMinTime,RANCHERIA_2022-CAKNF-007079,20220819,1,pyrologix,2,24-32,2022,0.0,0.012721723061986268,4,drone,1,9.489961992702219e-05,2315,0.0046500813764240876,True
GaussianBudget75M_LinearMinTime,RANCH_2022-CAANF-001111,20220423,17,pyrologix,6,195-71,2022,0.0,0.0047670319909229875,1,drone,1,9.489961992702219e-05,2535,0.004365382516643021,True
GaussianBudget75M_LinearMinTime,RANCH_2022-CASHF-000830,20220816,5,pyrologix,9,44-41,2022,0.0,0.0036904109874740243,0,drone,1,9.489961992702219e-05,3490,0.004270482896715999,True
GaussianBudget75M_LinearMinTime,RANCH_2022-CASHU-006486,20220620,17,pyrologix,3,44-41,2022,0.0,0.016219227924011648,5,drone,1,9.489961992702219e-05,3070,0.004175583276788976,True
GaussianBudget75M_LinearMinTime,RANGE_2022-CAANF-003605,20221116,22,pyrologix,4,201-76,2022,0.0,0.018876712070778012,-1,undetected,1,9.489961992702219e-05,3595,0.004270482896715999,True
GaussianBudget75M_LinearMinTime,RANGE_2022-CALAC-389416,20221116,23,pyrologix,2,201-76,2022,0.0,0.010611846926622093,3,drone,1,9.489961992702219e-05,1915,0.003985784036934932,True
GaussianBudget75M_LinearMinTime,RANGE_2022-CASQF-000905,20220528,15,pyrologix,12,156-74,2022,0.0,0.003973874030634761,0,drone,1,9.489961992702219e-05,4700,0.0046500813764240876,True
GaussianBudget75M_LinearMinTime,RATTLESNAKE_2022-CASQF-001256,20220623,16,pyrologix,4,none,2022,0.0,0.0019239319954067469,-1,undetected,1,9.489961992702219e-05,0,0.0,False
GaussianBudget75M_LinearMinTime,REDWOOD_2022-CASQF-002421,20220912,15,pyrologix,9,163-78,2022,0.0,0.019033303018659353,-1,undetected,1,9.489961992702219e-05,6480,0.003795984797080888,True
GaussianBudget75M_LinearMinTime,RED_2022-CAINF-001532,20220721,17,pyrologix,2,127-76,2022,0.0,0.0022556909825652838,0,drone,1,9.489961992702219e-05,785,0.0037010851771538656,True
GaussianBudget75M_LinearMinTime,RED_2022-CASHF-000666,20220720,20,pyrologix,12,30-45,2022,0.0,0.011005514999851584,2,drone,1,9.489961992702219e-05,5240,0.004555181756497065,True
GaussianBudget75M_LinearMinTime,RIDGE_2022-CABDF-013835,20221004,22,pyrologix,5,206-88,2022,0.0,0.0038090170128270984,0,drone,1,9.489961992702219e-05,2130,0.00389088441700791,True
GaussianBudget75M_LinearMinTime,RIDGE_2022-CAKNF-007069,20220818,18,pyrologix,4,24-32,2022,0.0,0.003979347995482385,0,drone,1,9.489961992702219e-05,1830,0.004555181756497065,True
GaussianBudget75M_LinearMinTime,RIDGE_2022-CASKU-004855,20220626,3,pyrologix,4,37-42,2022,0.0,0.0021006399765610695,0,drone,1,9.489961992702219e-05,1500,0.004555181756497065,True
GaussianBudget75M_LinearMinTime,RIDGE_2022-CASQF-002016,20220808,0,pyrologix,1,149-72,2022,0.0,0.006013817968778312,1,drone,1,9.489961992702219e-05,1025,0.004175583276788976,True
GaussianBudget75M_LinearMinTime,RIVERWOOD_2022-CAANF-000805,20220327,23,pyrologix,9,201-76,2022,0.0,0.010316470987163484,2,drone,1,9.489961992702219e-05,4215,0.004460282136570043,True
GaussianBudget75M_LinearMinTime,ROAD_2022-CACNF-002251,20220916,21,pyrologix,2,244-98,2022,0.0,0.0030171730322763324,0,drone,1,9.489961992702219e-05,940,0.003511285937299821,True
GaussianBudget75M_LinearMinTime,ROAD_2022-CASQF-000076,20220116,7,pyrologix,9,177-79,2022,0.0,0.005828955094330013,1,drone,1,9.489961992702219e-05,3675,0.004555181756497065,True
GaussianBudget75M_LinearMinTime,ROCK_2022-CABDF-012938,20220905,14,pyrologix,3,206-88,2022,0.0,0.006555038969963789,1,drone,1,9.489961992702219e-05,1860,0.00389088441700791,True
GaussianBudget75M_LinearMinTime,ROCK_2022-CACNF-002771,20221127,18,pyrologix,10,none,2022,0.0,0.0018864941084757447,-1,undetected,1,9.489961992702219e-05,0,0.0,False
GaussianBudget75M_LinearMinTime,ROCK_2022-CAENF-017506,20220702,15,pyrologix,11,93-56,2022,0.0,0.004201986012049019,0,drone,1,9.489961992702219e-05,4590,0.0046500813764240876,True
GaussianBudget75M_LinearMinTime,ROCK_2022-CASQF-001645,20220714,14,pyrologix,5,147-79,2022,0.0,0.004406161024235189,0,drone,1,9.489961992702219e-05,2125,0.0046500813764240876,True
GaussianBudget75M_LinearMinTime,ROCK__2022-CAANF-002683,20220816,0,pyrologix,10,195-71,2022,0.0,0.0054991040378808975,0,drone,1,9.489961992702219e-05,3915,0.004460282136570043,True
GaussianBudget75M_LinearMinTime,ROLAND_2022-CASKU-000241,20220109,20,pyrologix,11,30-45,2022,0.0,0.008485101046971977,2,drone,1,9.489961992702219e-05,4595,0.004555181756497065,True
GaussianBudget75M_LinearMinTime,ROSASCO_2022-CASTF-000955,20220629,13,pyrologix,5,114-64,2022,0.0,0.005314517067745328,1,drone,1,9.489961992702219e-05,2340,0.004365382516643021,True
GaussianBudget75M_LinearMinTime,ROUND__2022-CAMDF-000547,20220802,17,pyrologix,9,37-56,2022,0.0,0.0027930359356105328,0,drone,1,9.489961992702219e-05,3355,0.0046500813764240876,True
GaussianBudget75M_LinearMinTime,ROUSEHILL_2022-CABDF-013448,20220923,11,pyrologix,9,223-101,2022,0.0,0.004705767962150276,0,drone,1,9.489961992702219e-05,3550,0.004460282136570043,True
GaussianBudget75M_LinearMinTime,ROUSE_2022-CABDF-006304,20220403,17,pyrologix,9,223-101,2022,0.0,0.002881683991290629,0,drone,1,9.489961992702219e-05,3260,0.004460282136570043,True
GaussianBudget75M_LinearMinTime,ROUTE_2022-CAANF-002884,20220831,14,pyrologix,10,195-71,2022,0.0,0.005720590008422732,1,drone,1,9.489961992702219e-05,3975,0.004460282136570043,True
GaussianBudget75M_LinearMinTime,ROWHER_2022-CALAC-279259,20220819,19,pyrologix,12,201-76,2022,0.0,0.00561543891672045,0,drone,1,9.489961992702219e-05,4605,0.004460282136570043,True
GaussianBudget75M_LinearMinTime,ROYAL_2022-CATNF-001126,20220814,0,pyrologix,2,86-60,2022,0.0,0.003449958050623536,0,drone,1,9.489961992702219e-05,1065,0.003511285937299821,True
GaussianBudget75M_LinearMinTime,RUN_2022-CASQF-002636,20221011,11,pyrologix,6,170-77,2022,0.0,0.0031115380115807056,0,drone,1,9.489961992702219e-05,2260,0.004555181756497065,True
GaussianBudget75M_LinearMinTime,RUN_2022-CASTF-001373,20220801,0,pyrologix,1,114-64,2022,0.0,0.006011530989781022,1,drone,1,9.489961992702219e-05,1005,0.00389088441700791,True
GaussianBudget75M_LinearMinTime,RUSH_2022-CAANF-002764,20220821,18,pyrologix,7,201-76,2022,0.0,0.003140558023005724,0,drone,1,9.489961992702219e-05,2695,0.004175583276788976,True
GaussianBudget75M_LinearMinTime,RUSS_2022-CAANF-001361,20220515,19,pyrologix,4,201-76,2022,0.0,0.0028407460777089,0,drone,1,9.489961992702219e-05,1600,0.003985784036934932,True
GaussianBudget75M_LinearMinTime,RUSS_2022-CALAC-161600,20220515,17,pyrologix,7,201-76,2022,0.0,0.004416784038767219,0,drone,1,9.489961992702219e-05,2850,0.004175583276788976,True
GaussianBudget75M_LinearMinTime,Ranch_2022-CAPNF-001109,20220709,16,pyrologix,7,72-59,2022,0.0,0.004106577020138502,0,drone,1,9.489961992702219e-05,2700,0.0046500813764240876,True
GaussianBudget75M_LinearMinTime,Rattlesnake_2022-CASHF-000929,20220905,20,pyrologix,12,52-19,2022,0.0,0.019397369935177267,-1,undetected,1,9.489961992702219e-05,7365,0.0033214866974457763,True
GaussianBudget75M_LinearMinTime,Red_2022-CASRF-000188,20220401,2,pyrologix,4,31-24,2022,0.0,0.018094751983880997,-1,undetected,1,9.489961992702219e-05,3990,0.004460282136570043,True
GaussianBudget75M_LinearMinTime,Red_Cap_2022-CASRF-000472,20220701,17,pyrologix,9,31-24,2022,0.0,0.005584995960816741,1,drone,1,9.489961992702219e-05,4050,0.004460282136570043,True
GaussianBudget75M_LinearMinTime,Red__2022-CAPNF-000221,20220313,22,pyrologix,6,65-64,2022,0.0,0.0025847459910437465,0,drone,1,9.489961992702219e-05,2220,0.004460282136570043,True
GaussianBudget75M_LinearMinTime,Redcap_2022-CASRF-000796,20220910,5,pyrologix,11,31-24,2022,0.0,0.003911462030373514,0,drone,1,9.489961992702219e-05,4475,0.004460282136570043,True
GaussianBudget75M_LinearMinTime,Ridge_2022-CALPF-002776,20221112,18,pyrologix,2,169-38,2022,0.0,0.0025509410770609975,0,drone,1,9.489961992702219e-05,855,0.004175583276788976,True
GaussianBudget75M_LinearMinTime,Ring_2022-CACNF-000260,20220209,14,pyrologix,8,220-87,2022,0.0,0.0039055439410731196,0,drone,1,9.489961992702219e-05,3255,0.003985784036934932,True
GaussianBudget75M_LinearMinTime,Road_2022-CASHF-000927,20220905,21,pyrologix,9,52-26,2022,0.0,0.0044224560260772705,0,drone,1,9.489961992702219e-05,3560,0.0046500813764240876,True
GaussianBudget75M_LinearMinTime,Rock_2022-CALPF-002124,20220902,13,pyrologix,10,169-38,2022,0.0,0.004752795910462737,0,drone,1,9.489961992702219e-05,3815,0.004555181756497065,True
GaussianBudget75M_LinearMinTime,SADDLE_2022-CABDF-009828,20220624,15,pyrologix,2,223-101,2022,0.0,0.007779384963214397,1,drone,1,9.489961992702219e-05,1170,0.003985784036934932,True
GaussianBudget75M_LinearMinTime,SAGEHEN_2022-CATNF-000097,20220209,21,pyrologix,6,86-67,2022,0.0,0.0044997259974479675,0,drone,1,9.489961992702219e-05,2465,0.003985784036934932,True
GaussianBudget75M_LinearMinTime,SAGEHEN_2_2022-CATNF-001164,20220819,18,pyrologix,6,86-67,2022,0.0,0.004214624990709126,0,drone,1,9.489961992702219e-05,2230,0.003985784036934932,True
GaussianBudget75M_LinearMinTime,SALLY_2022-CAANF-001847,20220622,20,pyrologix,7,206-81,2022,0.0,0.004994948976673186,1,drone,1,9.489961992702219e-05,3015,0.0037010851771538656,True
GaussianBudget75M_LinearMinTime,SALMON_2022-CAINF-002294,20221026,1,pyrologix,2,127-76,2022,0.0,0.0060886170249432325,1,drone,1,9.489961992702219e-05,1335,0.003985784036934932,True
GaussianBudget75M_LinearMinTime,SALT_2022-CAKNF-008368,20220922,16,pyrologix,5,17-34,2022,0.0,0.0022250849287956953,0,drone,1,9.489961992702219e-05,1815,0.003511285937299821,True
GaussianBudget75M_LinearMinTime,SAM_2022-CAANF-002622,20220810,18,pyrologix,10,195-71,2022,0.0,0.009961600066162646,2,drone,1,9.489961992702219e-05,4525,0.004555181756497065,True
GaussianBudget75M_LinearMinTime,SAND1_2022-CAANF-002095,20220706,3,pyrologix,7,201-76,2022,0.0,0.007968576974235475,1,drone,1,9.489961992702219e-05,3190,0.004270482896715999,True
GaussianBudget75M_LinearMinTime,SAND2_2022-CAANF-002314,20220721,21,pyrologix,7,201-76,2022,0.0,0.003150357981212437,0,drone,1,9.489961992702219e-05,2695,0.004175583276788976,True
GaussianBudget75M_LinearMinTime,SANDY_2022-CASNF-001407,20220921,18,pyrologix,9,128-69,2022,0.0,0.0032231550430878997,0,drone,1,9.489961992702219e-05,3245,0.004555181756497065,True
GaussianBudget75M_LinearMinTime,SAN_JUAN_2022-CACNF-000412,20220303,14,pyrologix,12,220-87,2022,0.0,0.0037089689867570996,0,drone,1,9.489961992702219e-05,4735,0.003985784036934932,True
GaussianBudget75M_LinearMinTime,SAN_SIMEON_2022-CANEU-004446,20220212,18,pyrologix,8,86-53,2022,0.0,0.0036599639570340514,0,drone,1,9.489961992702219e-05,3215,0.0046500813764240876,True
GaussianBudget75M_LinearMinTime,SAWMILL_2022-CAINF-001222,20220625,21,pyrologix,4,127-76,2022,0.0,0.004206578945741057,0,drone,1,9.489961992702219e-05,1710,0.0040806836568619545,True
GaussianBudget75M_LinearMinTime,SCENIC__2022-CAINF-001983,20220906,19,pyrologix,12,124-80,2022,0.0,0.005566798034124076,0,drone,1,9.489961992702219e-05,4645,0.0046500813764240876,True
GaussianBudget75M_LinearMinTime,SCHOOL_2022-CASHF-000836,20220817,14,pyrologix,7,44-41,2022,0.0,0.005493009928613901,0,drone,1,9.489961992702219e-05,2800,0.004175583276788976,True
GaussianBudget75M_LinearMinTime,SCIARONI_2022-CAENF-025530,20220906,18,pyrologix,2,100-54,2022,0.0,0.006580985966138542,1,drone,1,9.489961992702219e-05,1390,0.004270482896715999,True
GaussianBudget75M_LinearMinTime,SCOTT_2022-CAKNF-006525,20220804,17,pyrologix,7,31-31,2022,0.0,0.003217655001208186,0,drone,1,9.489961992702219e-05,2640,0.004555181756497065,True
GaussianBudget75M_LinearMinTime,SECRET_2022-CACNF-000662,20220410,16,pyrologix,7,244-98,2022,0.0,0.011613646056503057,3,drone,1,9.489961992702219e-05,3630,0.004555181756497065,True
GaussianBudget75M_LinearMinTime,SEMI_2022-CACNF-002905,20221230,13,pyrologix,4,244-98,2022,0.0,0.0023483290569856763,0,drone,1,9.489961992702219e-05,1575,0.004175583276788976,True
GaussianBudget75M_LinearMinTime,SEPTEMBER_ABC_MISC_2022-CASNF-001327,20220909,12,pyrologix,11,141-74,2022,0.0,0.005127636017277837,0,drone,1,9.489961992702219e-05,4205,0.004555181756497065,True
GaussianBudget75M_LinearMinTime,SERRANO_2022-CALAC-398822,20221123,4,pyrologix,6,195-71,2022,0.0,0.008260859991423786,2,drone,1,9.489961992702219e-05,2945,0.004365382516643021,True
GaussianBudget75M_LinearMinTime,SERRANO_2022-CALAC-404913,20221128,1,pyrologix,9,195-71,2022,0.0,0.0034130930434912443,0,drone,1,9.489961992702219e-05,3335,0.004365382516643021,True
GaussianBudget75M_LinearMinTime,SHACKLEFORD_2022-CASKU-006265,20220731,0,pyrologix,5,24-32,2022,0.0,0.004914649995043874,0,drone,1,9.489961992702219e-05,2035,0.004555181756497065,True
GaussianBudget75M_LinearMinTime,SHADOW_2022-CABDF-011575,20220731,19,pyrologix,1,206-88,2022,0.0,0.003506444045342505,0,drone,1,9.489961992702219e-05,640,0.0033214866974457763,True
GaussianBudget75M_LinearMinTime,SHANTY_2022-CAKNF-007057,20220818,12,pyrologix,8,17-34,2022,0.0,0.003447724971920252,0,drone,1,9.489961992702219e-05,2970,0.0036061855572268433,True
GaussianBudget75M_LinearMinTime,SHELL_2022-CASQF-002632,20221011,23,pyrologix,2,147-79,2022,0.0,0.002960041048936546,0,drone,1,9.489961992702219e-05,930,0.004175583276788976,True
GaussianBudget75M_LinearMinTime,SHERWIN_2022-CAINF-001423,20220710,20,pyrologix,8,127-76,2022,0.0,0.010571312974207103,1,drone,1,9.489961992702219e-05,3345,0.004555181756497065,True
GaussianBudget75M_LinearMinTime,SHORE_2022-CASHF-000560,20220630,9,pyrologix,11,37-42,2022,0.0,0.005200564046390355,0,drone,1,9.489961992702219e-05,4155,0.0046500813764240876,True
GaussianBudget75M_LinearMinTime,SHORT_2022-CASNF-001063,20220818,11,pyrologix,7,141-74,2022,0.0,0.004636759986169636,0,drone,1,9.489961992702219e-05,2815,0.004460282136570043,True
GaussianBudget75M_LinearMinTime,SHOT_2022-CAENF-020552,20220727,16,pyrologix,9,100-61,2022,0.0,0.0048265280202031136,0,drone,1,9.489961992702219e-05,3550,0.004460282136570043,True
GaussianBudget75M_LinearMinTime,SIERRA_2022-CAANF-001752,20220615,18,pyrologix,6,none,2022,0.0,0.0018968929070979357,-1,undetected,1,9.489961992702219e-05,0,0.0,False
GaussianBudget75M_LinearMinTime,SIERRA_2022-CAENF-029367,20221013,18,pyrologix,5,100-68,2022,0.0,0.004153119050897658,0,drone,1,9.489961992702219e-05,2135,0.004365382516643021,True
GaussianBudget75M_LinearMinTime,SIERRA_2022-CALAC-198685,20220615,18,pyrologix,7,none,2022,0.0,0.001874480047263205,-1,undetected,1,9.489961992702219e-05,0,0.0,False
GaussianBudget75M_LinearMinTime,SIERRA_2022-CATNF-000126,20220216,18,pyrologix,11,79-68,2022,0.0,0.014990126015618443,4,drone,1,9.489961992702219e-05,5675,0.004555181756497065,True
GaussianBudget75M_LinearMinTime,SILVERWOOD_2022-CABDU-015584,20221030,16,pyrologix,3,209-96,2022,0.0,0.0033487119944766164,0,drone,1,9.489961992702219e-05,1385,0.00389088441700791,True
GaussianBudget75M_LinearMinTime,SIMS_2022-CASHF-000420,20220520,12,pyrologix,5,37-42,2022,0.0,0.005393237923271954,1,drone,1,9.489961992702219e-05,2230,0.0046500813764240876,True
GaussianBudget75M_LinearMinTime,SIX__2022-CAMDF-000534,20220801,13,pyrologix,11,37-63,2022,0.0,0.0056345449993386865,0,drone,1,9.489961992702219e-05,4375,0.004555181756497065,True
GaussianBudget75M_LinearMinTime,SKIVIEW_LN__HUNTINGTON_LAKE_2022-CAFKU-009849,20220624,11,pyrologix,6,134-74,2022,0.0,0.004672660026699305,0,drone,1,9.489961992702219e-05,2575,0.0046500813764240876,True
GaussianBudget75M_LinearMinTime,SKUNK_2022-CABDF-009747,20220622,18,pyrologix,3,223-101,2022,0.0,0.003409850993193686,0,drone,1,9.489961992702219e-05,1410,0.0040806836568619545,True
GaussianBudget75M_LinearMinTime,SKYWAY_2022-CABTU-010529,20220615,19,pyrologix,2,65-43,2022,0.0,0.006432021036744118,1,drone,1,9.489961992702219e-05,1375,0.003985784036934932,True
GaussianBudget75M_LinearMinTime,SKY_2022-CACNF-000444,20220308,22,pyrologix,6,244-98,2022,0.0,0.005385342054069042,0,drone,1,9.489961992702219e-05,2280,0.004365382516643021,True
GaussianBudget75M_LinearMinTime,SLATE_2022-CASQF-002086,20220815,15,pyrologix,10,163-78,2022,0.0,0.0038660160498693585,0,drone,1,9.489961992702219e-05,4475,0.003795984797080888,True
GaussianBudget75M_LinearMinTime,SLIDE_2022-CAMNF-000341,20220409,20,pyrologix,10,74-20,2022,0.0,0.018688907963223755,-1,undetected,1,9.489961992702219e-05,840,0.003985784036934932,True
GaussianBudget75M_LinearMinTime,SLIDE_2022-CASHF-001072,20221001,19,pyrologix,2,38-21,2022,0.0,0.00239451602101326,0,drone,1,9.489961992702219e-05,905,0.003985784036934932,True
GaussianBudget75M_LinearMinTime,SLINKARD_2022-CAKNF-006253,20220730,22,pyrologix,4,17-34,2022,0.0,0.013033512979745865,1,drone,1,9.489961992702219e-05,2085,0.0036061855572268433,True
GaussianBudget75M_LinearMinTime,SMOKEY_2022-CAKNF-006504,20220804,12,pyrologix,5,none,2022,0.0,0.0018950740341097116,-1,undetected,1,9.489961992702219e-05,0,0.0,False
GaussianBudget75M_LinearMinTime,SMOKEY_2022-CALAC-032325,20220125,14,pyrologix,4,195-71,2022,0.0,0.004810781916603446,1,drone,1,9.489961992702219e-05,1890,0.004365382516643021,True
GaussianBudget75M_LinearMinTime,SNF_OCTOBER_ABC_MISC_2022-CASNF-001467,20221003,15,pyrologix,3,134-74,2022,0.0,0.004175701993517578,0,drone,1,9.489961992702219e-05,1525,0.0046500813764240876,True
GaussianBudget75M_LinearMinTime,SNOWSHOE_2022-CAKNF-007059,20220818,11,pyrologix,12,24-32,2022,0.0,0.003572643967345357,0,drone,1,9.489961992702219e-05,4540,0.0046500813764240876,True
GaussianBudget75M_LinearMinTime,SNOW_2022-CABDF-009050,20220607,15,pyrologix,12,209-96,2022,0.0,0.0052455090917646885,0,drone,1,9.489961992702219e-05,4575,0.004270482896715999,True
GaussianBudget75M_LinearMinTime,SNOW_2022-CASNF-001565,20221026,19,pyrologix,7,128-62,2022,0.0,0.0022764280438423157,0,drone,1,9.489961992702219e-05,1580,0.004270482896715999,True
GaussianBudget75M_LinearMinTime,SNOW_2022-CATNF-000427,20220430,12,pyrologix,12,86-53,2022,0.0,0.008507138001732528,2,drone,1,9.489961992702219e-05,5295,0.0046500813764240876,True
GaussianBudget75M_LinearMinTime,SNYDER_2022-CASNF-000606,20220623,11,pyrologix,6,128-62,2022,0.0,0.01821269397623837,-1,undetected,1,9.489961992702219e-05,1580,0.004270482896715999,True
GaussianBudget75M_LinearMinTime,SODA_2022-CASHF-000468,20220604,20,pyrologix,8,37-42,2022,0.0,0.0025522849755361676,0,drone,1,9.489961992702219e-05,2885,0.0046500813764240876,True
GaussianBudget75M_LinearMinTime,SOLDIER_2022-CAMDF-000668,20220810,11,pyrologix,4,35-77,2022,0.0,0.0042427220614627,0,drone,1,9.489961992702219e-05,1895,0.003985784036934932,True
GaussianBudget75M_LinearMinTime,SOLEDAD_2022-CAANF-000545,20220301,20,pyrologix,2,201-76,2022,0.0,0.0018422598950564861,0,drone,1,9.489961992702219e-05,830,0.003795984797080888,True
GaussianBudget75M_LinearMinTime,SONATA__2022-CAANF-000042,20220106,1,pyrologix,8,195-71,2022,0.0,0.003115202998742461,0,drone,1,9.489961992702219e-05,2945,0.004365382516643021,True
GaussianBudget75M_LinearMinTime,SOQUEL_2022-CASNF-000160,20220227,16,pyrologix,6,128-69,2022,0.0,0.003473730990663171,0,drone,1,9.489961992702219e-05,2365,0.004365382516643021,True
GaussianBudget75M_LinearMinTime,SOTCHER_2022-CAINF-001593,20220727,12,pyrologix,3,127-76,2022,0.0,0.0018556450959295034,0,drone,1,9.489961992702219e-05,1120,0.00389088441700791,True
GaussianBudget75M_LinearMinTime,SOUTHERN_2022-CABDF-013845,20221004,12,pyrologix,4,223-101,2022,0.0,0.0018512899987399578,0,drone,1,9.489961992702219e-05,1545,0.004365382516643021,True
GaussianBudget75M_LinearMinTime,SOUTH_2022-CAKNF-004940,20220628,8,pyrologix,10,31-31,2022,0.0,0.007229679962620139,1,drone,1,9.489961992702219e-05,4165,0.0046500813764240876,True
GaussianBudget75M_LinearMinTime,SOUTH_2022-CASHF-000766,20220804,21,pyrologix,9,52-26,2022,0.0,0.0033408300951123238,0,drone,1,9.489961992702219e-05,3400,0.0046500813764240876,True
GaussianBudget75M_LinearMinTime,SOUTH_RIDGE__2022-CABDF-008956,20220605,14,pyrologix,12,223-101,2022,0.0,0.003664246993139386,0,drone,1,9.489961992702219e-05,4410,0.004555181756497065,True
GaussianBudget75M_LinearMinTime,SPANISH_2022-CALAC-401758,20221125,12,pyrologix,11,195-71,2022,0.0,0.011460936046205461,2,drone,1,9.489961992702219e-05,4995,0.004555181756497065,True
GaussianBudget75M_LinearMinTime,SPICE_2022-CASTF-001736,20220907,0,pyrologix,4,107-68,2022,0.0,0.007223170017823577,1,drone,1,9.489961992702219e-05,2200,0.0046500813764240876,True
GaussianBudget75M_LinearMinTime,SPRINGS_2022-CABDF-009886,20220625,15,pyrologix,2,209-96,2022,0.0,0.00929832097608596,2,drone,1,9.489961992702219e-05,1835,0.0040806836568619545,True
GaussianBudget75M_LinearMinTime,SPRINGS_2022-CATCU-010416,20220816,4,pyrologix,1,107-61,2022,0.0,0.0015224810922518373,0,drone,1,9.489961992702219e-05,450,0.0031316874575917325,True
GaussianBudget75M_LinearMinTime,SPRING_2022-CAANF-000333,20220206,16,pyrologix,12,201-76,2022,0.0,0.005067608901299536,0,drone,1,9.489961992702219e-05,4500,0.004460282136570043,True
GaussianBudget75M_LinearMinTime,SPUR__2022-CASTF-001105,20220709,22,pyrologix,11,114-64,2022,0.0,0.008058642037212849,1,drone,1,9.489961992702219e-05,4825,0.0046500813764240876,True
GaussianBudget75M_LinearMinTime,STAGING_2022-CAANF-001720,20220613,14,pyrologix,8,201-76,2022,0.0,0.007062079035677016,1,drone,1,9.489961992702219e-05,3510,0.004270482896715999,True
GaussianBudget75M_LinearMinTime,STAMPEDE_2022-CATNF-000793,20220705,16,pyrologix,2,86-67,2022,0.0,0.0037009239895269275,0,drone,1,9.489961992702219e-05,1045,0.003795984797080888,True
GaussianBudget75M_LinearMinTime,STANDBY_2022-CABDF-015587,20221105,18,pyrologix,7,206-88,2022,0.0,0.002897373982705176,0,drone,1,9.489961992702219e-05,2725,0.0040806836568619545,True
GaussianBudget75M_LinearMinTime,STATE_2022-CABDF-013904,20221006,16,pyrologix,5,209-96,2022,0.0,0.005447242991067469,1,drone,1,9.489961992702219e-05,2310,0.004270482896715999,True
GaussianBudget75M_LinearMinTime,STATION_2022-CASTF-000858,20220619,18,pyrologix,4,107-68,2022,0.0,0.004979096003808081,1,drone,1,9.489961992702219e-05,1895,0.0046500813764240876,True
GaussianBudget75M_LinearMinTime,STOCKTON_2022-CAANF-001855,20220623,1,pyrologix,11,206-88,2022,0.0,0.002827400923706591,0,drone,1,9.489961992702219e-05,4260,0.004175583276788976,True
GaussianBudget75M_LinearMinTime,STOCKTON_2022-CABDF-005269,20220320,13,pyrologix,10,206-88,2022,0.0,0.003033412038348615,0,drone,1,9.489961992702219e-05,3880,0.004175583276788976,True
GaussianBudget75M_LinearMinTime,STONEY_2022-CAANF-002168,20220710,20,pyrologix,1,201-76,2022,0.0,0.0033149910159409046,0,drone,1,9.489961992702219e-05,670,0.003795984797080888,True
GaussianBudget75M_LinearMinTime,STONE_2022-CABDF-011342,20220725,20,pyrologix,9,206-88,2022,0.0,0.003658764064311981,0,drone,1,9.489961992702219e-05,3610,0.004175583276788976,True
GaussianBudget75M_LinearMinTime,STONY__2022-CASQF-001949,20220804,15,pyrologix,5,163-78,2022,0.0,0.004780691931955516,1,drone,1,9.489961992702219e-05,2535,0.003795984797080888,True
GaussianBudget75M_LinearMinTime,STREAM_2022-CAANF-000224,20220125,19,pyrologix,10,195-71,2022,0.0,0.004449155065231025,0,drone,1,9.489961992702219e-05,3820,0.004460282136570043,True
GaussianBudget75M_LinearMinTime,STUD_2022-CAKNF-007112,20220819,21,pyrologix,4,24-32,2022,0.0,0.004794021020643413,1,drone,1,9.489961992702219e-05,1940,0.004555181756497065,True
GaussianBudget75M_LinearMinTime,SUGAR2_2022-CASQF-002374,20220908,23,pyrologix,2,170-77,2022,0.0,0.0015716940397396684,0,drone,1,9.489961992702219e-05,765,0.004175583276788976,True
GaussianBudget75M_LinearMinTime,SUGARLOAF_2022-CATUU-000059,20220222,23,pyrologix,4,170-77,2022,0.0,0.006369776092469692,0,drone,1,9.489961992702219e-05,1630,0.004460282136570043,True
GaussianBudget75M_LinearMinTime,SUGAR_2022-CAMNF-000510,20220520,15,pyrologix,1,59-26,2022,0.0,0.003788855974562466,0,drone,1,9.489961992702219e-05,800,0.0040806836568619545,True
GaussianBudget75M_LinearMinTime,SUGAR_2022-CASQF-001288,20220625,16,pyrologix,5,170-77,2022,0.0,0.0025004390627145767,0,drone,1,9.489961992702219e-05,1855,0.004460282136570043,True
GaussianBudget75M_LinearMinTime,SULFUR_2022-CAANF-001837,20220622,13,pyrologix,8,206-81,2022,0.0,0.0032503959955647588,0,drone,1,9.489961992702219e-05,3130,0.0037010851771538656,True
GaussianBudget75M_LinearMinTime,SUMMIT_2022-CASHU-000838,20220123,23,pyrologix,7,45-27,2022,0.0,0.0032408670522272587,0,drone,1,9.489961992702219e-05,2865,0.004365382516643021,True
GaussianBudget75M_LinearMinTime,SUMMIT_2022-CASQF-001726,20220720,0,pyrologix,2,162-85,2022,0.0,0.01779313397128135,-1,undetected,1,9.489961992702219e-05,880,0.00389088441700791,True
GaussianBudget75M_LinearMinTime,SUNDAY_2022-CASQF-002635,20221011,0,pyrologix,10,170-77,2022,0.0,0.002904516994021833,0,drone,1,9.489961992702219e-05,3540,0.0046500813764240876,True
GaussianBudget75M_LinearMinTime,SUNNY_2022-CAINF-000688,20220418,18,pyrologix,12,none,2022,0.0,0.001891284016892314,-1,undetected,1,9.489961992702219e-05,0,0.0,False
GaussianBudget75M_LinearMinTime,SWEET_2022-CASHF-001003,20220918,22,pyrologix,5,37-42,2022,0.0,0.0042540940921753645,0,drone,1,9.489961992702219e-05,2085,0.004555181756497065,True
GaussianBudget75M_LinearMinTime,SWITCHBACK_2022-CABDF-004966,20220314,11,pyrologix,3,206-88,2022,0.0,0.0037985939998179674,0,drone,1,9.489961992702219e-05,1460,0.0037010851771538656,True
GaussianBudget75M_LinearMinTime,SWITZER_2022-CAANF-002733,20220820,18,pyrologix,1,206-81,2022,0.0,0.0024080799194052815,0,drone,1,9.489961992702219e-05,485,0.002941888217737688,True
GaussianBudget75M_LinearMinTime,SWORD_2022-CASTF-001771,20220910,12,pyrologix,10,107-68,2022,0.0,0.004260418005287647,0,drone,1,9.489961992702219e-05,3775,0.0046500813764240876,True
GaussianBudget75M_LinearMinTime,Salmon_2_2022-CASRF-000549,20220722,0,pyrologix,10,31-24,2022,0.0,0.006995333009399474,1,drone,1,9.489961992702219e-05,4555,0.004460282136570043,True
GaussianBudget75M_LinearMinTime,Salmon__2022-CASRF-000204,20220407,17,pyrologix,10,24-25,2022,0.0,0.0029631969518959522,0,drone,1,9.489961992702219e-05,3555,0.0046500813764240876,True
GaussianBudget75M_LinearMinTime,Sand_2022-CAINF-001596,20220727,18,pyrologix,11,none,2022,0.0,0.0018968749791383743,-1,undetected,1,9.489961992702219e-05,0,0.0,False
GaussianBudget75M_LinearMinTime,Seco_2022-CALPF-001931,20220815,15,pyrologix,2,none,2022,0.0,0.0019089929992333055,-1,undetected,1,9.489961992702219e-05,0,0.0,False
GaussianBudget75M_LinearMinTime,Signal_2022-CASRF-000803,20220911,15,pyrologix,11,15-20,2022,0.0,0.0029321040492504835,0,drone,1,9.489961992702219e-05,4445,0.0040806836568619545,True
GaussianBudget75M_LinearMinTime,Smith__2022-CASRF-000713,20220827,22,pyrologix,5,15-20,2022,0.0,0.002535139909014106,0,drone,1,9.489961992702219e-05,2120,0.0040806836568619545,True
GaussianBudget75M_LinearMinTime,Snake_2022-CAPNF-000887,20220618,21,pyrologix,6,72-59,2022,0.0,0.0032915350748226047,0,drone,1,9.489961992702219e-05,2260,0.0046500813764240876,True
GaussianBudget75M_LinearMinTime,Spanish__2022-CAPNF-002255,20221023,18,pyrologix,9,72-59,2022,0.0,0.0034189970465376973,0,drone,1,9.489961992702219e-05,3265,0.0046500813764240876,True
GaussianBudget75M_LinearMinTime,Spike_2022-CASRF-000626,20220805,12,pyrologix,9,38-14,2022,5061.564879688085,0.004110899055376649,0,drone,1,9.489961992702219e-05,3585,0.003795984797080888,True
GaussianBudget75M_LinearMinTime,Sportshaven_2022-CASRF-000114,20220312,1,pyrologix,2,45-20,2022,0.0,0.01772360096219927,-1,undetected,1,9.489961992702219e-05,430,0.002467390118102577,True
GaussianBudget75M_LinearMinTime,Stagecoach_2022-CALPF-001845,20220807,17,pyrologix,2,none,2022,0.0,0.0021732280729338527,-1,undetected,1,9.489961992702219e-05,0,0.0,False
GaussianBudget75M_LinearMinTime,Sunrise_2022-CACNF-000024,20220103,0,pyrologix,3,none,2022,0.0,0.0019490509293973446,-1,undetected,1,9.489961992702219e-05,0,0.0,False
GaussianBudget75M_LinearMinTime,TANK_2022-CAMDF-000665,20220810,19,pyrologix,10,37-63,2022,0.0,0.01026374299544841,2,drone,1,9.489961992702219e-05,4675,0.004555181756497065,True
GaussianBudget75M_LinearMinTime,TANNERY_2022-CASHF-000273,20220409,23,pyrologix,3,44-34,2022,0.0,0.015781683032400906,5,drone,1,9.489961992702219e-05,3105,0.004365382516643021,True
GaussianBudget75M_LinearMinTime,TAVERN_2022-CACNF-001474,20220628,3,pyrologix,1,244-98,2022,0.0,0.00592789810616523,1,drone,1,9.489961992702219e-05,1000,0.0037010851771538656,True
GaussianBudget75M_LinearMinTime,TC_PT23_2022-CACNF-000844,20220505,11,pyrologix,11,220-87,2022,0.0,0.00920315703842789,2,drone,1,9.489961992702219e-05,5190,0.003985784036934932,True
GaussianBudget75M_LinearMinTime,TEMPLIN_2022-CAANF-001185,20220430,20,pyrologix,5,195-71,2022,0.0,0.0022353859385475516,0,drone,1,9.489961992702219e-05,1830,0.004365382516643021,True
GaussianBudget75M_LinearMinTime,TENNANT_2022-CAKNF-004139,20220603,0,pyrologix,2,30-52,2022,0.0,0.003025028039701283,0,drone,1,9.489961992702219e-05,980,0.0040806836568619545,True
GaussianBudget75M_LinearMinTime,TEXAS_2022-CAANF-001346,20220515,3,pyrologix,2,201-76,2022,0.0,0.003720158012583852,0,drone,1,9.489961992702219e-05,1010,0.003795984797080888,True
GaussianBudget75M_LinearMinTime,THOMPKINS_2022-CAKNF-007031,20220818,21,pyrologix,10,24-32,2022,0.0,0.0053184679709374905,1,drone,1,9.489961992702219e-05,4135,0.0046500813764240876,True
GaussianBudget75M_LinearMinTime,THREE_2022-CACNF-002526,20221022,19,pyrologix,4,237-97,2022,0.0,0.003941685892641544,0,drone,1,9.489961992702219e-05,1840,0.004175583276788976,True
GaussianBudget75M_LinearMinTime,TIGER_2022-CASQF-002634,20221011,2,pyrologix,1,170-77,2022,0.0,0.0015039669815450907,0,drone,1,9.489961992702219e-05,420,0.0028469885978106655,True
GaussianBudget75M_LinearMinTime,TIMBER_2022-CAMDF-000593,20220805,20,pyrologix,2,30-60,2022,0.0,0.003128931042738259,0,drone,1,9.489961992702219e-05,975,0.003795984797080888,True
GaussianBudget75M_LinearMinTime,TINTA_2022-CALPF-002186,20220905,12,pyrologix,12,none,2022,0.0,0.0019530300050973892,-1,undetected,1,9.489961992702219e-05,0,0.0,False
GaussianBudget75M_LinearMinTime,TITUS_2022-CAKNF-001199,20220215,19,pyrologix,10,17-27,2022,0.0,0.018137549050152302,-1,undetected,1,9.489961992702219e-05,6065,0.004555181756497065,True
GaussianBudget75M_LinearMinTime,TNF_MUTUAL_AID_2022-CATNF-000081,20220204,22,pyrologix,6,86-53,2022,0.0,0.0048836159985512495,0,drone,1,9.489961992702219e-05,2605,0.004460282136570043,True
GaussianBudget75M_LinearMinTime,TNF_SEPTEMBER_LIGHTNING_2022-CATNF-001364,20220906,12,pyrologix,10,79-54,2022,0.0,0.004217230016365647,0,drone,1,9.489961992702219e-05,4385,0.004460282136570043,True
GaussianBudget75M_LinearMinTime,TORO_2022-CALPF-002707,20221104,20,pyrologix,5,196-57,2022,0.0,0.003099413006566465,0,drone,1,9.489961992702219e-05,1990,0.00389088441700791,True
GaussianBudget75M_LinearMinTime,TOWNSEND_2022-CAKNF-007020,20220818,0,pyrologix,1,24-32,2022,0.0,0.003926847013644874,0,drone,1,9.489961992702219e-05,755,0.004270482896715999,True
GaussianBudget75M_LinearMinTime,TRAIL_2022-CABDF-003801,20220221,17,pyrologix,11,214-103,2022,0.0,0.018315710010938346,-1,undetected,1,9.489961992702219e-05,1485,0.00389088441700791,True
GaussianBudget75M_LinearMinTime,TRAIL_2022-CABID-000972,20220531,9,pyrologix,3,124-80,2022,0.0,0.010228115948848426,3,drone,1,9.489961992702219e-05,2260,0.0046500813764240876,True
GaussianBudget75M_LinearMinTime,TRAINGLE_2022-CAMDF-000741,20220819,17,pyrologix,8,none,2022,0.0,0.0019193310290575027,-1,undetected,1,9.489961992702219e-05,0,0.0,False
GaussianBudget75M_LinearMinTime,TRAINING_2022-CAANF-000001,20220404,14,pyrologix,11,206-81,2022,0.0,0.003536802949383855,0,drone,1,9.489961992702219e-05,4110,0.003795984797080888,True
GaussianBudget75M_LinearMinTime,TREE_2_2022-CACNF-002474,20221017,13,pyrologix,8,230-100,2022,0.0,0.003584689926356077,0,drone,1,9.489961992702219e-05,3105,0.004270482896715999,True
GaussianBudget75M_LinearMinTime,TREE_2_2022-CAMVU-022381,20221017,14,pyrologix,8,230-100,2022,0.0,0.003514789044857025,0,drone,1,9.489961992702219e-05,3105,0.004270482896715999,True
GaussianBudget75M_LinearMinTime,TROUT_2022-CALNF-005198,20220923,18,pyrologix,5,51-54,2022,0.0,0.003771865041926503,0,drone,1,9.489961992702219e-05,2075,0.004555181756497065,True
GaussianBudget75M_LinearMinTime,TRUCKEE_2022-CATNF-000439,20220502,13,pyrologix,12,79-68,2022,0.0,0.012395245023071766,3,drone,1,9.489961992702219e-05,5675,0.004555181756497065,True
GaussianBudget75M_LinearMinTime,TULE_2022-CASHF-000761,20220803,18,pyrologix,12,52-26,2022,0.0,0.00615229899995029,1,drone,1,9.489961992702219e-05,4840,0.0046500813764240876,True
GaussianBudget75M_LinearMinTime,TULE_2022-CASHU-008564,20220803,20,pyrologix,7,45-20,2022,0.0,0.01783286698628217,-1,undetected,1,9.489961992702219e-05,430,0.002467390118102577,True
GaussianBudget75M_LinearMinTime,TULLAMORE_2022-CAENF-031670,20221104,14,pyrologix,12,93-56,2022,0.0,0.019773498992435634,-1,undetected,1,9.489961992702219e-05,7175,0.0046500813764240876,True
GaussianBudget75M_LinearMinTime,TURNER_2022-CALNF-005161,20220922,13,pyrologix,9,58-47,2022,0.0,0.019047265057452023,-1,undetected,1,9.489961992702219e-05,850,0.00389088441700791,True
GaussianBudget75M_LinearMinTime,TWIN_2022-CASNF-001581,20221029,22,pyrologix,2,134-74,2022,0.0,0.001945730997249484,0,drone,1,9.489961992702219e-05,815,0.0040806836568619545,True
GaussianBudget75M_LinearMinTime,TYLER_2022-CAKNF-007104,20220819,18,pyrologix,5,24-32,2022,0.0,0.0022387249628081918,0,drone,1,9.489961992702219e-05,1940,0.004555181756497065,True
GaussianBudget75M_LinearMinTime,Tamarack_2022-CASHF-001167,20221026,20,pyrologix,1,37-42,2022,0.0,0.006366653018631041,1,drone,1,9.489961992702219e-05,1095,0.004460282136570043,True
GaussianBudget75M_LinearMinTime,Texas_2022-CASHF-000953,20220909,19,pyrologix,1,52-26,2022,0.0,0.00315929704811424,0,drone,1,9.489961992702219e-05,670,0.003511285937299821,True
GaussianBudget75M_LinearMinTime,Tobin__2022-CAPNF-001671,20220824,18,pyrologix,10,65-50,2022,0.0,0.0037080320762470365,0,drone,1,9.489961992702219e-05,4260,0.004555181756497065,True
GaussianBudget75M_LinearMinTime,Toland_2022-CALPF-001326,20220622,12,pyrologix,6,198-64,2022,0.0,0.00412889092694968,0,drone,1,9.489961992702219e-05,2525,0.004555181756497065,True
GaussianBudget75M_LinearMinTime,Trabuco_2022-CACNF-000194,20220130,16,pyrologix,9,220-87,2022,0.0,0.002651898073963821,0,drone,1,9.489961992702219e-05,3500,0.003985784036934932,True
GaussianBudget75M_LinearMinTime,Trinity_2022-CASHF-000615,20220709,19,pyrologix,3,37-35,2022,0.0,0.0019633849151432514,0,drone,1,9.489961992702219e-05,1145,0.004175583276788976,True
GaussianBudget75M_LinearMinTime,Turkey_2022-CALPF-000224,20220207,15,pyrologix,7,175-45,2022,0.0,0.004899833002127707,0,drone,1,9.489961992702219e-05,2905,0.004460282136570043,True
GaussianBudget75M_LinearMinTime,UNION_2022-CATNF-001458,20220925,21,pyrologix,2,79-61,2022,0.0,0.00306340295355767,0,drone,1,9.489961992702219e-05,1070,0.0040806836568619545,True
GaussianBudget75M_LinearMinTime,USHER_2022-CASHF-000246,20220331,22,pyrologix,4,37-35,2022,0.0,0.0028385459445416927,0,drone,1,9.489961992702219e-05,1585,0.004175583276788976,True
GaussianBudget75M_LinearMinTime,UTL_2022-CAANF-001846,20220622,22,pyrologix,2,none,2022,0.0,0.0019053079886361957,-1,undetected,1,9.489961992702219e-05,0,0.0,False
GaussianBudget75M_LinearMinTime,UTL_KENNEDY_2022-CAINF-001196,20220623,17,pyrologix,2,169-84,2022,0.0,0.0033924079034477472,0,drone,1,9.489961992702219e-05,1035,0.0040806836568619545,True
GaussianBudget75M_LinearMinTime,VALENTINE__2022-CAINF-001579,20220725,23,pyrologix,11,127-76,2022,0.0,0.01144950999878347,3,drone,1,9.489961992702219e-05,5045,0.0046500813764240876,True
GaussianBudget75M_LinearMinTime,VALE_2022-CAANF-002597,20220807,18,pyrologix,9,201-76,2022,0.0,0.003897676942870021,0,drone,1,9.489961992702219e-05,3410,0.004270482896715999,True
GaussianBudget75M_LinearMinTime,VALLEY_2022-CACNF-002040,20220822,15,pyrologix,7,none,2022,0.0,0.0019277719547972083,-1,undetected,1,9.489961992702219e-05,0,0.0,False
GaussianBudget75M_LinearMinTime,VALLEY_2022-CAMDF-000596,20220805,19,pyrologix,8,42-76,2022,0.0,0.0036199340829625726,0,drone,1,9.489961992702219e-05,3100,0.004555181756497065,True
GaussianBudget75M_LinearMinTime,VALLE_2022-CABDF-006784,20220414,21,pyrologix,7,206-88,2022,0.0,0.00508596992585808,0,drone,1,9.489961992702219e-05,2990,0.004175583276788976,True
GaussianBudget75M_LinearMinTime,VAQUERO_2022-CALAC-333540,20220930,16,pyrologix,9,195-71,2022,0.0,0.003308561979793012,0,drone,1,9.489961992702219e-05,3335,0.004365382516643021,True
GaussianBudget75M_LinearMinTime,VERONICA_2022-CACNF-002758,20221125,3,pyrologix,2,244-98,2022,0.0,0.01747933402657509,-1,undetected,1,9.489961992702219e-05,2820,0.004460282136570043,True
GaussianBudget75M_LinearMinTime,VIDA_2022-CAMDF-000595,20220805,22,pyrologix,3,none,2022,0.0,0.0018988080555573106,-1,undetected,1,9.489961992702219e-05,0,0.0,False
GaussianBudget75M_LinearMinTime,VIEWPOINT_Viewpoint_2022-CACNF-000189,20220130,6,pyrologix,7,244-98,2022,0.0,0.008667915011756122,2,drone,1,9.489961992702219e-05,3310,0.004555181756497065,True
GaussianBudget75M_LinearMinTime,VIEW_2022-CACNF-001931,20220809,18,pyrologix,1,244-98,2022,0.0,0.0024369979510083795,0,drone,1,9.489961992702219e-05,550,0.00303678783766471,True
GaussianBudget75M_LinearMinTime,VILLA_2022-CACNF-002259,20220917,20,pyrologix,1,237-97,2022,0.0,0.002125547034665942,0,drone,1,9.489961992702219e-05,460,0.002941888217737688,True
GaussianBudget75M_LinearMinTime,VILLE_2022-CATNF-000514,20220523,16,pyrologix,5,79-68,2022,0.0,0.002726180013269186,0,drone,1,9.489961992702219e-05,1905,0.004270482896715999,True
GaussianBudget75M_LinearMinTime,VISTA_2022-CAANF-002399,20220725,23,pyrologix,6,195-71,2022,0.0,0.004696129937656224,1,drone,1,9.489961992702219e-05,2535,0.004365382516643021,True
GaussianBudget75M_LinearMinTime,VISTA_2022-CALAC-248042,20220725,21,pyrologix,10,195-71,2022,0.0,0.0028255030047148466,0,drone,1,9.489961992702219e-05,3610,0.004365382516643021,True
GaussianBudget75M_LinearMinTime,VISTA_2022-CATNF-000829,20220710,21,pyrologix,2,72-66,2022,0.0,0.0030435199150815606,0,drone,1,9.489961992702219e-05,935,0.003985784036934932,True
GaussianBudget75M_LinearMinTime,VOGEL_2022-CAANF-002915,20220903,5,pyrologix,3,201-76,2022,0.0,0.004933068063110113,1,drone,1,9.489961992702219e-05,1490,0.003985784036934932,True
GaussianBudget75M_LinearMinTime,Valley__2022-CAPNF-002301,20221030,20,pyrologix,2,65-57,2022,0.0,0.0022113200975582004,0,drone,1,9.489961992702219e-05,825,0.003511285937299821,True
GaussianBudget75M_LinearMinTime,Viejas_2022-CACNF-000175,20220128,5,pyrologix,5,244-98,2022,0.0,0.004253137041814625,0,drone,1,9.489961992702219e-05,2140,0.004270482896715999,True
GaussianBudget75M_LinearMinTime,WAGON_TRAIN_2022-CABDF-008317,20220522,17,pyrologix,4,206-88,2022,0.0,0.010701820021495223,3,drone,1,9.489961992702219e-05,2725,0.0040806836568619545,True
GaussianBudget75M_LinearMinTime,WALKER_2022-CAINF-001691,20220804,17,pyrologix,10,124-80,2022,0.0,0.004228456993587315,0,drone,1,9.489961992702219e-05,3815,0.0046500813764240876,True
GaussianBudget75M_LinearMinTime,WALKER_2022-CAKNF-006588,20220806,12,pyrologix,4,17-34,2022,0.0,0.0019440159667283297,0,drone,1,9.489961992702219e-05,1485,0.003511285937299821,True
GaussianBudget75M_LinearMinTime,WALTER_2022-CAANF-002025,20220703,18,pyrologix,4,none,2022,0.0,0.0018782350234687328,-1,undetected,1,9.489961992702219e-05,0,0.0,False
GaussianBudget75M_LinearMinTime,WASHED_2022-CABDF-006563,20220408,21,pyrologix,5,206-88,2022,0.0,0.003209796966984868,0,drone,1,9.489961992702219e-05,2095,0.00389088441700791,True
GaussianBudget75M_LinearMinTime,WASHINGTON_2022-CATNF-001329,20220904,14,pyrologix,12,86-53,2022,0.0,0.011847962043248117,3,drone,1,9.489961992702219e-05,5700,0.0046500813764240876,True
GaussianBudget75M_LinearMinTime,WATER_2022-CAANF-003255,20221003,18,pyrologix,9,195-71,2022,0.0,0.003942196955904365,0,drone,1,9.489961992702219e-05,3405,0.004365382516643021,True
GaussianBudget75M_LinearMinTime,WATSON_2022-CATMU-017364,20220701,13,pyrologix,11,86-67,2022,0.0,0.011080394964665174,3,drone,1,9.489961992702219e-05,5045,0.0040806836568619545,True
GaussianBudget75M_LinearMinTime,WEBER_2022-CAENF-016246,20220621,17,pyrologix,5,100-61,2022,0.0,0.01140446390490979,3,drone,1,9.489961992702219e-05,3005,0.004460282136570043,True
GaussianBudget75M_LinearMinTime,WHALE_2022-CALNF-004843,20220906,18,pyrologix,7,58-61,2022,0.0,0.0025403830222785473,0,drone,1,9.489961992702219e-05,2600,0.004365382516643021,True
GaussianBudget75M_LinearMinTime,WHEELER_2022-CASTF-002002,20221013,16,pyrologix,3,107-68,2022,0.0,0.007645178004167974,2,drone,1,9.489961992702219e-05,1895,0.0046500813764240876,True
GaussianBudget75M_LinearMinTime,WHITAKER_2022-CAANF-002287,20220718,17,pyrologix,4,195-71,2022,0.0,0.00530648697167635,1,drone,1,9.489961992702219e-05,1945,0.004365382516643021,True
GaussianBudget75M_LinearMinTime,WHITLOW_2022-CASKU-002274,20220326,23,pyrologix,5,37-49,2022,0.0,0.004513059044256806,0,drone,1,9.489961992702219e-05,2105,0.004460282136570043,True
GaussianBudget75M_LinearMinTime,WIDOW_2022-CAMDF-000524,20220801,21,pyrologix,8,37-63,2022,0.0,0.01868725602980703,-1,undetected,1,9.489961992702219e-05,5070,0.004555181756497065,True
GaussianBudget75M_LinearMinTime,WILCOX_2022-CALNF-002732,20220606,12,pyrologix,11,51-54,2022,0.0,0.003842937061563134,0,drone,1,9.489961992702219e-05,4090,0.0046500813764240876,True
GaussianBudget75M_LinearMinTime,WILCOX_2022-CALNF-004513,20220821,15,pyrologix,8,51-54,2022,0.0,0.002736389054916799,0,drone,1,9.489961992702219e-05,2965,0.004555181756497065,True
GaussianBudget75M_LinearMinTime,WILDWOOD_2022-CABDF-002435,20220208,5,pyrologix,4,209-96,2022,0.0,0.008656796999275684,2,drone,1,9.489961992702219e-05,2310,0.004270482896715999,True
GaussianBudget75M_LinearMinTime,WILLOWS_2022-CACNF-001571,20220706,0,pyrologix,2,244-98,2022,0.0,0.0025448050582781434,0,drone,1,9.489961992702219e-05,885,0.003511285937299821,True
GaussianBudget75M_LinearMinTime,WILLOW_2022-CAMDF-000576,20220804,23,pyrologix,1,none,2022,0.0,0.001922367955558002,-1,undetected,1,9.489961992702219e-05,0,0.0,False
GaussianBudget75M_LinearMinTime,WILLOW_2022-CATNF-000894,20220718,22,pyrologix,4,79-68,2022,0.0,0.00500466104131192,1,drone,1,9.489961992702219e-05,1905,0.004270482896715999,True
GaussianBudget75M_LinearMinTime,WILSON__2022-CAANF-001835,20220622,12,pyrologix,8,206-81,2022,0.0,0.0035020619397982955,0,drone,1,9.489961992702219e-05,3130,0.0037010851771538656,True
GaussianBudget75M_LinearMinTime,WINDY_2022-CALNF-003884,20220726,8,pyrologix,5,58-61,2022,0.0,0.004629796952940524,0,drone,1,9.489961992702219e-05,2185,0.004175583276788976,True
GaussianBudget75M_LinearMinTime,WISHON_2022-CASQF-002089,20220815,16,pyrologix,11,163-78,2022,0.0,0.003172112046740949,0,drone,1,9.489961992702219e-05,4860,0.003795984797080888,True
GaussianBudget75M_LinearMinTime,WOODGLEN__2022-CAANF-002637,20220813,22,pyrologix,7,206-81,2022,0.0,0.01966431108303368,-1,undetected,1,9.489961992702219e-05,4720,0.003795984797080888,True
GaussianBudget75M_LinearMinTime,WOODS_2022-CAENF-014160,20220601,18,pyrologix,3,100-68,2022,0.0,0.013137027970515192,4,drone,1,9.489961992702219e-05,2690,0.004555181756497065,True
GaussianBudget75M_LinearMinTime,WOOD_2022-CASHF-000731,20220730,13,pyrologix,5,45-27,2022,0.0,0.005150958080776036,1,drone,1,9.489961992702219e-05,2460,0.004175583276788976,True
GaussianBudget75M_LinearMinTime,WOOLEY_2022-CAKNF-006378,20220801,20,pyrologix,6,24-25,2022,0.0,0.018572545959614217,-1,undetected,1,9.489961992702219e-05,4210,0.0046500813764240876,True
GaussianBudget75M_LinearMinTime,WORLDS_2022-CABDF-012272,20220821,0,pyrologix,3,209-96,2022,0.0,0.004354525008238852,0,drone,1,9.489961992702219e-05,1485,0.003985784036934932,True
GaussianBudget75M_LinearMinTime,WORLDS_2022-CABDU-011960,20220821,23,pyrologix,5,209-96,2022,0.0,0.0027084089815616608,0,drone,1,9.489961992702219e-05,1945,0.004270482896715999,True
GaussianBudget75M_LinearMinTime,WRECKUM_2022-CAENF-023570,20220821,0,pyrologix,3,93-62,2022,0.0,0.017630215967074037,-1,undetected,1,9.489961992702219e-05,435,0.002941888217737688,True
GaussianBudget75M_LinearMinTime,Waterman_2022-CASRF-000630,20220805,17,pyrologix,2,38-21,2022,0.0,0.003002371988259256,0,drone,1,9.489961992702219e-05,1000,0.0040806836568619545,True
GaussianBudget75M_LinearMinTime,West_2022-CALPF-001318,20220621,18,pyrologix,11,169-38,2022,0.0,0.0031799909193068743,0,drone,1,9.489961992702219e-05,3930,0.004555181756497065,True
GaussianBudget75M_LinearMinTime,Wildcat__2022-CAPNF-002102,20221004,22,pyrologix,11,65-64,2022,0.0,0.002964835031889379,0,drone,1,9.489961992702219e-05,3965,0.004460282136570043,True
GaussianBudget75M_LinearMinTime,Wildwood_2022-CAPNF-000850,20220613,16,pyrologix,4,65-57,2022,0.0,0.002117300988174975,0,drone,1,9.489961992702219e-05,1465,0.0040806836568619545,True
GaussianBudget75M_LinearMinTime,Wildwood_2022-CASHF-000985,20220914,10,pyrologix,8,45-27,2022,0.0,0.0032210670178756118,0,drone,1,9.489961992702219e-05,3200,0.004365382516643021,True
GaussianBudget75M_LinearMinTime,Williams_2022-CAPNF-001235,20220722,0,pyrologix,4,65-57,2022,0.0,0.004695757059380412,0,drone,1,9.489961992702219e-05,1580,0.0040806836568619545,True
GaussianBudget75M_LinearMinTime,YELLOWJACKET_2022-CAKNF-007030,20220818,21,pyrologix,9,24-32,2022,0.0,0.006257731933146715,1,drone,1,9.489961992702219e-05,3855,0.0046500813764240876,True
GaussianBudget75M_LinearMinTime,YELLOW_2022-CAKNF-006277,20220731,1,pyrologix,12,24-32,2022,0.0,0.004771216074004769,0,drone,1,9.489961992702219e-05,4700,0.0046500813764240876,True
GaussianBudget75M_LinearMinTime,YETI_2022-CAKNF-006200,20220730,22,pyrologix,12,17-34,2022,0.0,0.005407528020441532,0,drone,1,9.489961992702219e-05,4600,0.0037010851771538656,True
GaussianBudget75M_LinearMinTime,YUBA__2022-CATNF-001384,20220908,20,pyrologix,6,79-61,2022,0.0,0.0025522359646856785,0,drone,1,9.489961992702219e-05,2490,0.004365382516643021,True
GaussianBudget75M_LinearMinTime,ZOT_2022-CASHF-000584,20220703,17,pyrologix,2,30-38,2022,0.0,0.0026838729390874505,0,drone,1,9.489961992702219e-05,935,0.004175583276788976,True
GaussianBudget75M_LinearMinTime,ZUNI_2022-CAANF-001826,20220622,4,pyrologix,2,201-76,2022,0.0,0.0034501609625294805,0,drone,1,9.489961992702219e-05,1010,0.003795984797080888,True
GaussianBudget75M_LinearMinTime,mill_creek_1_2022-CAHIA-22-001,20220131,17,pyrologix,9,31-24,2022,0.0,0.004480150993913412,0,drone,1,9.489961992702219e-05,3950,0.004460282136570043,True
