strategy_combo,scenario_name,date,sim_start_hour,log_key,offset,cluster,year,routing_compute_seconds,sim_replay_seconds,delta_t,device,fire_size_cells,fire_size_percentage,total_distance_traveled,percentage_map_explored,routed
GaussianBudget100M_LinearMinTime,2-5_2021-CASHU-004806,20210516,12,pyrologix,6,43-41,2021,0.0,0.0,3,drone,1,9.489961992702219e-05,3590,0.004365382516643021,True
GaussianBudget100M_LinearMinTime,3_Mile__2021-CAPNF-001082,20210704,15,pyrologix,12,71-64,2021,0.0,0.0,-1,undetected,1,9.489961992702219e-05,2535,0.004460282136570043,True
GaussianBudget100M_LinearMinTime,41_MILE_2021-CAENF-022081,20210730,22,pyrologix,7,99-61,2021,0.0,0.0,-1,undetected,1,9.489961992702219e-05,5230,0.0033214866974457763,True
GaussianBudget100M_LinearMinTime,ADAMS_2021-CAKNF-006495,20210802,9,pyrologix,12,36-28,2021,0.0,0.0,0,drone,1,9.489961992702219e-05,4620,0.0046500813764240876,True
GaussianBudget100M_LinearMinTime,ADOBE_2021-CAINF-001488,20210701,12,pyrologix,8,123-82,2021,0.0,0.0,-1,undetected,1,9.489961992702219e-05,4890,0.004270482896715999,True
GaussianBudget100M_LinearMinTime,ALDER_2021-CASQF-002086,20210707,15,pyrologix,5,173-77,2021,0.0,0.0,0,drone,1,9.489961992702219e-05,2055,0.004555181756497065,True
GaussianBudget100M_LinearMinTime,ALISAL__2021-CALPF-002759,20211011,21,pyrologix,1,188-43,2021,0.0,0.0,2,drone,1,9.489961992702219e-05,1440,0.004365382516643021,True
GaussianBudget100M_LinearMinTime,ALOHA_2021-CAENF-013666,20210520,7,pyrologix,8,99-68,2021,0.0,0.0,0,drone,1,9.489961992702219e-05,3310,0.004270482896715999,True
GaussianBudget100M_LinearMinTime,ALRAY_2021-CABDF-001347,20210118,15,pyrologix,11,207-90,2021,0.0,0.0,0,drone,1,9.489961992702219e-05,3960,0.003795984797080888,True
GaussianBudget100M_LinearMinTime,AL_2021-CATMU-019763,20210710,1,pyrologix,1,99-68,2021,0.0,0.0,0,drone,1,9.489961992702219e-05,665,0.00303678783766471,True
GaussianBudget100M_LinearMinTime,ANDERSON_2021-CATNF-000712,20210508,16,pyrologix,5,85-67,2021,0.0,0.0,3,drone,1,9.489961992702219e-05,2965,0.004270482896715999,True
GaussianBudget100M_LinearMinTime,ANTELOPE_2021-CAKNF-006454,20210801,12,pyrologix,12,29-51,2021,0.0,0.0,-1,undetected,1,9.489961992702219e-05,3240,0.0046500813764240876,True
GaussianBudget100M_LinearMinTime,ANTELOPE_2021-CAMDF-000580,20210622,14,pyrologix,8,36-70,2021,0.0,0.0,0,drone,1,9.489961992702219e-05,2910,0.004555181756497065,True
GaussianBudget100M_LinearMinTime,ANTELOPE_SINK_TENNANT_2021-CAKNF-003950,20210524,17,pyrologix,7,29-51,2021,0.0,0.0,0,drone,1,9.489961992702219e-05,2890,0.0046500813764240876,True
GaussianBudget100M_LinearMinTime,ANTONIO__2021-CAANF-002891,20210803,16,pyrologix,11,205-83,2021,0.0,0.0,0,drone,1,9.489961992702219e-05,4210,0.004460282136570043,True
GaussianBudget100M_LinearMinTime,APALACHEE_2021-CATMU-019709,20210709,15,pyrologix,11,99-68,2021,0.0,0.0,3,drone,1,9.489961992702219e-05,5570,0.004270482896715999,True
GaussianBudget100M_LinearMinTime,ARNOT__2021-CASTF-001744,20210720,12,pyrologix,11,110-68,2021,0.0,0.0,0,drone,1,9.489961992702219e-05,4220,0.0046500813764240876,True
GaussianBudget100M_LinearMinTime,ASH_2021-CASHF-000295,20210308,15,pyrologix,5,36-49,2021,0.0,0.0,0,drone,1,9.489961992702219e-05,2110,0.004365382516643021,True
GaussianBudget100M_LinearMinTime,ASPENS_2021-CAINF-001449,20210629,22,pyrologix,8,128-80,2021,0.0,0.0,1,drone,1,9.489961992702219e-05,3610,0.004460282136570043,True
GaussianBudget100M_LinearMinTime,ASPEN_2021-CAENF-023616,20210811,14,pyrologix,7,99-68,2021,0.0,0.0,5,drone,1,9.489961992702219e-05,5120,0.004270482896715999,True
GaussianBudget100M_LinearMinTime,ASPEN__2021-CASTF-000758,20210516,15,pyrologix,2,113-61,2021,0.0,0.0,1,drone,1,9.489961992702219e-05,1390,0.0040806836568619545,True
GaussianBudget100M_LinearMinTime,AUTUMN_2021-CABDF-017341,20211122,17,pyrologix,10,223-101,2021,0.0,0.0,1,drone,1,9.489961992702219e-05,4075,0.004460282136570043,True
GaussianBudget100M_LinearMinTime,Airport_2021-CAPNF-000482,20210421,18,pyrologix,2,71-57,2021,0.0,0.0,0,drone,1,9.489961992702219e-05,875,0.0036061855572268433,True
GaussianBudget100M_LinearMinTime,Antlers_2021-CASHF-000630,20210516,17,pyrologix,8,43-41,2021,0.0,0.0,1,drone,1,9.489961992702219e-05,3695,0.004365382516643021,True
GaussianBudget100M_LinearMinTime,BACKBONE_2021-CANEU-019609,20210726,21,pyrologix,12,85-53,2021,0.0,0.0,-1,undetected,1,9.489961992702219e-05,425,0.0026571893579566213,True
GaussianBudget100M_LinearMinTime,BAIRD_2021-CAKNF-006530,20210803,14,pyrologix,6,29-51,2021,0.0,0.0,0,drone,1,9.489961992702219e-05,2590,0.004555181756497065,True
GaussianBudget100M_LinearMinTime,BAKER_2021-CALNF-002001,20210421,21,pyrologix,2,50-54,2021,0.0,0.0,0,drone,1,9.489961992702219e-05,1060,0.0037010851771538656,True
GaussianBudget100M_LinearMinTime,BAKER_2021-CATNF-000549,20210411,22,pyrologix,7,78-54,2021,0.0,0.0,-1,undetected,1,9.489961992702219e-05,4615,0.004555181756497065,True
GaussianBudget100M_LinearMinTime,BALDY_2021-CAANF-003105,20210820,20,pyrologix,12,none,2021,0.0,0.0,-1,undetected,1,9.489961992702219e-05,0,0.0,False
GaussianBudget100M_LinearMinTime,BALD_2021-CASTF-001632,20210714,7,pyrologix,12,113-61,2021,0.0,0.0,0,drone,1,9.489961992702219e-05,4490,0.0046500813764240876,True
GaussianBudget100M_LinearMinTime,BALLY_2021-CAKNF-006369,20210731,19,pyrologix,11,19-40,2021,0.0,0.0,0,drone,1,9.489961992702219e-05,4000,0.003795984797080888,True
GaussianBudget100M_LinearMinTime,BALL_2021-CAINF-001274,20210618,21,pyrologix,8,167-85,2021,0.0,0.0,1,drone,1,9.489961992702219e-05,3270,0.00389088441700791,True
GaussianBudget100M_LinearMinTime,BALL__2021-CAANF-002492,20210709,2,pyrologix,5,201-68,2021,0.0,0.0,2,drone,1,9.489961992702219e-05,2590,0.003795984797080888,True
GaussianBudget100M_LinearMinTime,BALSAM_2021-CASNF-000364,20210519,21,pyrologix,6,138-69,2021,0.0,0.0,0,drone,1,9.489961992702219e-05,2665,0.004555181756497065,True
GaussianBudget100M_LinearMinTime,BALTIC_2021-CAENF-017625,20210622,18,pyrologix,5,99-61,2021,0.0,0.0,0,drone,1,9.489961992702219e-05,2125,0.0033214866974457763,True
GaussianBudget100M_LinearMinTime,BANDIDO_2021-CAANF-003414,20210910,13,pyrologix,8,205-83,2021,0.0,0.0,0,drone,1,9.489961992702219e-05,2980,0.004365382516643021,True
GaussianBudget100M_LinearMinTime,BARKER_2021-CATMU-021949,20210728,15,pyrologix,12,92-63,2021,0.0,0.0,2,drone,1,9.489961992702219e-05,5185,0.004175583276788976,True
GaussianBudget100M_LinearMinTime,BARTLETT_2021-CAMNF-000517,20210602,18,pyrologix,5,78-22,2021,0.0,0.0,0,drone,1,9.489961992702219e-05,1950,0.003985784036934932,True
GaussianBudget100M_LinearMinTime,BASIN__2021-CASHF-001223,20210804,20,pyrologix,5,50-22,2021,0.0,0.0,0,drone,1,9.489961992702219e-05,1865,0.004270482896715999,True
GaussianBudget100M_LinearMinTime,BEACROFT_2021-CATNF-000932,20210607,19,pyrologix,11,85-60,2021,0.0,0.0,2,drone,1,9.489961992702219e-05,4740,0.00389088441700791,True
GaussianBudget100M_LinearMinTime,BEAR_2021-CABDF-012148,20210811,9,pyrologix,11,212-104,2021,0.0,0.0,0,drone,1,9.489961992702219e-05,4385,0.004365382516643021,True
GaussianBudget100M_LinearMinTime,BEAR_2021-CAENF-022077,20210730,20,pyrologix,9,99-61,2021,0.0,0.0,-1,undetected,1,9.489961992702219e-05,6060,0.0033214866974457763,True
GaussianBudget100M_LinearMinTime,BEAR_2021-CASNF-000811,20210704,15,pyrologix,11,135-76,2021,0.0,0.0,1,drone,1,9.489961992702219e-05,4960,0.0046500813764240876,True
GaussianBudget100M_LinearMinTime,BEAR_2021-CASQF-002703,20210812,20,pyrologix,2,166-78,2021,0.0,0.0,0,drone,1,9.489961992702219e-05,890,0.0037010851771538656,True
GaussianBudget100M_LinearMinTime,BEAR__2021-CASTF-001889,20210730,18,pyrologix,2,110-68,2021,0.0,0.0,5,drone,1,9.489961992702219e-05,2835,0.0046500813764240876,True
GaussianBudget100M_LinearMinTime,BEASORE_2021-CASNF-001628,20210917,20,pyrologix,6,128-73,2021,0.0,0.0,0,drone,1,9.489961992702219e-05,2240,0.004175583276788976,True
GaussianBudget100M_LinearMinTime,BEDFORD_2021-CACNF-001343,20210515,3,pyrologix,5,220-87,2021,0.0,0.0,0,drone,1,9.489961992702219e-05,2060,0.003985784036934932,True
GaussianBudget100M_LinearMinTime,BEEHIVE_2021-CASHF-001423,20210924,19,pyrologix,7,43-41,2021,0.0,0.0,0,drone,1,9.489961992702219e-05,2945,0.004365382516643021,True
GaussianBudget100M_LinearMinTime,BEE_2021-CALPF-001234,20210530,16,pyrologix,8,174-44,2021,0.0,0.0,0,drone,1,9.489961992702219e-05,3070,0.0046500813764240876,True
GaussianBudget100M_LinearMinTime,BEE__2021-CAANF-003546,20210919,23,pyrologix,11,195-74,2021,0.0,0.0,0,drone,1,9.489961992702219e-05,4310,0.0040806836568619545,True
GaussianBudget100M_LinearMinTime,BELLEVUE_2021-CAENF-027012,20210910,18,pyrologix,2,92-63,2021,0.0,0.0,0,drone,1,9.489961992702219e-05,955,0.003795984797080888,True
GaussianBudget100M_LinearMinTime,BELL_2021-CASTF-001929,20210731,21,pyrologix,4,113-61,2021,0.0,0.0,5,drone,1,9.489961992702219e-05,3475,0.004555181756497065,True
GaussianBudget100M_LinearMinTime,BENJAMIN_2021-CAKNF-008663,20211001,17,pyrologix,6,22-26,2021,0.0,0.0,1,drone,1,9.489961992702219e-05,2495,0.0046500813764240876,True
GaussianBudget100M_LinearMinTime,BERRY_2021-CAKNF-006872,20210812,7,pyrologix,2,23-33,2021,0.0,0.0,-1,undetected,1,9.489961992702219e-05,430,0.003226587077518755,True
GaussianBudget100M_LinearMinTime,BICHOTA_2021-CAANF-003154,20210824,23,pyrologix,10,205-83,2021,0.0,0.0,0,drone,1,9.489961992702219e-05,3665,0.004365382516643021,True
GaussianBudget100M_LinearMinTime,BIGFORD__2021-CATNF-002271,20211122,17,pyrologix,11,85-67,2021,0.0,0.0,0,drone,1,9.489961992702219e-05,3990,0.004365382516643021,True
GaussianBudget100M_LinearMinTime,BIG_2021-CAANF-003078,20210817,9,pyrologix,1,194-68,2021,0.0,0.0,0,drone,1,9.489961992702219e-05,465,0.0026571893579566213,True
GaussianBudget100M_LinearMinTime,BIG_2021-CASTF-000968,20210602,16,pyrologix,6,106-62,2021,0.0,0.0,0,drone,1,9.489961992702219e-05,2435,0.004460282136570043,True
GaussianBudget100M_LinearMinTime,BIG_PINE_2021-CABDF-018139,20211127,17,pyrologix,9,209-97,2021,0.0,0.0,0,drone,1,9.489961992702219e-05,3295,0.004175583276788976,True
GaussianBudget100M_LinearMinTime,BILLY_2021-CATNF-000961,20210612,11,pyrologix,6,85-67,2021,0.0,0.0,0,drone,1,9.489961992702219e-05,2280,0.004175583276788976,True
GaussianBudget100M_LinearMinTime,BLACK_2021-CATMU-027020,20210910,18,pyrologix,3,92-63,2021,0.0,0.0,1,drone,1,9.489961992702219e-05,1565,0.003985784036934932,True
GaussianBudget100M_LinearMinTime,BLIND_HORSE_2021-CAKNF-004511,20210610,16,pyrologix,7,36-28,2021,0.0,0.0,0,drone,1,9.489961992702219e-05,2840,0.004555181756497065,True
GaussianBudget100M_LinearMinTime,BLOOMFIELD_2021-CASTF-001865,20210729,18,pyrologix,4,103-69,2021,0.0,0.0,-1,undetected,1,9.489961992702219e-05,1325,0.004270482896715999,True
GaussianBudget100M_LinearMinTime,BLUE_2021-CABDF-007800,20210511,13,pyrologix,11,207-90,2021,0.0,0.0,0,drone,1,9.489961992702219e-05,3880,0.003795984797080888,True
GaussianBudget100M_LinearMinTime,BLUE_2021-CAKNF-004604,20210614,18,pyrologix,12,17-33,2021,0.0,0.0,-1,undetected,1,9.489961992702219e-05,2335,0.003985784036934932,True
GaussianBudget100M_LinearMinTime,BLUE_2021-CASNF-000717,20210629,22,pyrologix,3,138-69,2021,0.0,0.0,0,drone,1,9.489961992702219e-05,1185,0.004365382516643021,True
GaussianBudget100M_LinearMinTime,BLUE__2021-CABDF-000924,20210110,19,pyrologix,8,207-90,2021,0.0,0.0,0,drone,1,9.489961992702219e-05,2855,0.0037010851771538656,True
GaussianBudget100M_LinearMinTime,BLUFF_2021-CABDF-010602,20210706,13,pyrologix,9,209-97,2021,0.0,0.0,0,drone,1,9.489961992702219e-05,3415,0.004175583276788976,True
GaussianBudget100M_LinearMinTime,BLUFF_2021-CATNF-001775,20210910,17,pyrologix,12,85-53,2021,0.0,0.0,-1,undetected,1,9.489961992702219e-05,425,0.0026571893579566213,True
GaussianBudget100M_LinearMinTime,BONANZA_2021-CASHF-001209,20210803,22,pyrologix,6,36-35,2021,0.0,0.0,0,drone,1,9.489961992702219e-05,2465,0.004270482896715999,True
GaussianBudget100M_LinearMinTime,BONITA_2021-CARRU-007737,20210115,7,pyrologix,4,223-101,2021,0.0,0.0,0,drone,1,9.489961992702219e-05,1675,0.004365382516643021,True
GaussianBudget100M_LinearMinTime,BORDER_2021-CAKNF-006431,20210801,23,pyrologix,8,36-35,2021,0.0,0.0,-1,undetected,1,9.489961992702219e-05,2465,0.004270482896715999,True
GaussianBudget100M_LinearMinTime,BORDER_2021-CAMDF-000575,20210622,11,pyrologix,7,36-56,2021,0.0,0.0,1,drone,1,9.489961992702219e-05,3115,0.004460282136570043,True
GaussianBudget100M_LinearMinTime,BOULDER_2021-CABDF-009125,20210605,15,pyrologix,9,212-104,2021,0.0,0.0,0,drone,1,9.489961992702219e-05,3550,0.004270482896715999,True
GaussianBudget100M_LinearMinTime,BOULDER_2021-CAKNF-005025,20210625,3,pyrologix,7,36-35,2021,0.0,0.0,-1,undetected,1,9.489961992702219e-05,2465,0.004270482896715999,True
GaussianBudget100M_LinearMinTime,BOUQUET_2021-CAANF-004280,20211203,1,pyrologix,4,195-74,2021,0.0,0.0,0,drone,1,9.489961992702219e-05,1875,0.0036061855572268433,True
GaussianBudget100M_LinearMinTime,BOX_2021-CAMDF-001391,20210811,16,pyrologix,2,43-62,2021,0.0,0.0,0,drone,1,9.489961992702219e-05,1000,0.00389088441700791,True
GaussianBudget100M_LinearMinTime,BRADLEY_2021-CASHF-001067,20210711,21,pyrologix,3,36-49,2021,0.0,0.0,0,drone,1,9.489961992702219e-05,1595,0.004365382516643021,True
GaussianBudget100M_LinearMinTime,BRANCH_2021-CAKNF-006399,20210731,15,pyrologix,2,15-26,2021,0.0,0.0,0,drone,1,9.489961992702219e-05,920,0.0036061855572268433,True
GaussianBudget100M_LinearMinTime,BRIGHTMAN_2021-CASTF-000816,20210523,19,pyrologix,8,110-68,2021,0.0,0.0,0,drone,1,9.489961992702219e-05,3120,0.0046500813764240876,True
GaussianBudget100M_LinearMinTime,BRODER_2021-CASQF-001048,20210518,18,pyrologix,1,160-85,2021,0.0,0.0,1,drone,1,9.489961992702219e-05,1090,0.00389088441700791,True
GaussianBudget100M_LinearMinTime,BROOKS_2021-CATNF-001615,20210819,21,pyrologix,6,78-68,2021,0.0,0.0,0,drone,1,9.489961992702219e-05,2565,0.004270482896715999,True
GaussianBudget100M_LinearMinTime,BROOK_2021-CABDF-009087,20210604,19,pyrologix,9,207-90,2021,0.0,0.0,1,drone,1,9.489961992702219e-05,3560,0.0037010851771538656,True
GaussianBudget100M_LinearMinTime,BROWNES_2021-CASTF-000628,20210428,16,pyrologix,9,113-61,2021,0.0,0.0,0,drone,1,9.489961992702219e-05,3315,0.004460282136570043,True
GaussianBudget100M_LinearMinTime,BUCKSKIN_2021-CAENF-020954,20210719,18,pyrologix,6,99-61,2021,0.0,0.0,-1,undetected,1,9.489961992702219e-05,4815,0.0033214866974457763,True
GaussianBudget100M_LinearMinTime,BUG__2021-CAANF-003545,20210919,1,pyrologix,5,195-74,2021,0.0,0.0,0,drone,1,9.489961992702219e-05,1935,0.0036061855572268433,True
GaussianBudget100M_LinearMinTime,BURGSON_2021-CASTF-001908,20210731,2,pyrologix,2,110-68,2021,0.0,0.0,0,drone,1,9.489961992702219e-05,1095,0.004270482896715999,True
GaussianBudget100M_LinearMinTime,BURNS_CANYON_2021-CABDF-012479,20210819,22,pyrologix,4,212-104,2021,0.0,0.0,1,drone,1,9.489961992702219e-05,2005,0.003985784036934932,True
GaussianBudget100M_LinearMinTime,BURNT_2021-CASHF-000913,20210622,13,pyrologix,11,36-21,2021,0.0,0.0,0,drone,1,9.489961992702219e-05,4765,0.004460282136570043,True
GaussianBudget100M_LinearMinTime,Backbone_2021-CASHF-000119,20210124,15,pyrologix,5,50-40,2021,0.0,0.0,1,drone,1,9.489961992702219e-05,2215,0.003985784036934932,True
GaussianBudget100M_LinearMinTime,Backbone_2021-CATNF-001424,20210726,1,pyrologix,4,85-53,2021,0.0,0.0,-1,undetected,1,9.489961992702219e-05,425,0.0026571893579566213,True
GaussianBudget100M_LinearMinTime,Bambi_2021-CACNF-002605,20210811,20,pyrologix,6,244-101,2021,0.0,0.0,1,drone,1,9.489961992702219e-05,2960,0.004175583276788976,True
GaussianBudget100M_LinearMinTime,Barry_2021-CASRF-000380,20210609,21,pyrologix,4,57-18,2021,0.0,0.0,0,drone,1,9.489961992702219e-05,1790,0.004460282136570043,True
GaussianBudget100M_LinearMinTime,Beek_2021-CACNF-000008,20210101,18,pyrologix,2,220-87,2021,0.0,0.0,3,drone,1,9.489961992702219e-05,2005,0.003985784036934932,True
GaussianBudget100M_LinearMinTime,Beskeen__2021-CAPNF-000184,20210226,16,pyrologix,11,71-57,2021,0.0,0.0,0,drone,1,9.489961992702219e-05,4080,0.0046500813764240876,True
GaussianBudget100M_LinearMinTime,Binet_2021-CAPNF-001496,20210807,23,pyrologix,11,78-54,2021,0.0,0.0,2,drone,1,9.489961992702219e-05,4975,0.004555181756497065,True
GaussianBudget100M_LinearMinTime,Black_Canyon_2021-CACNF-001645,20210606,15,pyrologix,5,237-100,2021,0.0,0.0,1,drone,1,9.489961992702219e-05,2285,0.004460282136570043,True
GaussianBudget100M_LinearMinTime,Bluff_2021-CASRF-000311,20210521,23,pyrologix,2,29-23,2021,0.0,0.0,0,drone,1,9.489961992702219e-05,885,0.0037010851771538656,True
GaussianBudget100M_LinearMinTime,Bluff_2_2021-CASRF-000608,20210724,11,pyrologix,8,29-23,2021,0.0,0.0,1,drone,1,9.489961992702219e-05,3670,0.004460282136570043,True
GaussianBudget100M_LinearMinTime,Bluff_Creek_2021-CASRF-000697,20210811,19,pyrologix,1,29-23,2021,0.0,0.0,0,drone,1,9.489961992702219e-05,615,0.0033214866974457763,True
GaussianBudget100M_LinearMinTime,Bondo_2021-CASRF-000638,20210729,22,pyrologix,3,29-23,2021,0.0,0.0,0,drone,1,9.489961992702219e-05,1225,0.0040806836568619545,True
GaussianBudget100M_LinearMinTime,Bongo_2021-CACNF-001059,20210411,22,pyrologix,8,230-100,2021,0.0,0.0,2,drone,1,9.489961992702219e-05,3875,0.004270482896715999,True
GaussianBudget100M_LinearMinTime,Bridge_2021-CASRF-000498,20210705,2,pyrologix,5,29-23,2021,0.0,0.0,3,drone,1,9.489961992702219e-05,3400,0.004270482896715999,True
GaussianBudget100M_LinearMinTime,Brown_2021-CACNF-003451,20211123,15,pyrologix,4,244-101,2021,0.0,0.0,0,drone,1,9.489961992702219e-05,2015,0.00389088441700791,True
GaussianBudget100M_LinearMinTime,Bunny_2021-CASHF-000994,20210703,22,pyrologix,11,36-42,2021,0.0,0.0,0,drone,1,9.489961992702219e-05,3875,0.004460282136570043,True
GaussianBudget100M_LinearMinTime,Butter_2021-CAPNF-000639,20210519,21,pyrologix,2,71-57,2021,0.0,0.0,0,drone,1,9.489961992702219e-05,1005,0.0040806836568619545,True
GaussianBudget100M_LinearMinTime,Butterfly__2021-CAPNF-000054,20210122,19,pyrologix,8,71-57,2021,0.0,0.0,0,drone,1,9.489961992702219e-05,2965,0.0046500813764240876,True
GaussianBudget100M_LinearMinTime,CABBAGE_2021-CASTF-000141,20210120,21,pyrologix,2,106-62,2021,0.0,0.0,0,drone,1,9.489961992702219e-05,880,0.003795984797080888,True
GaussianBudget100M_LinearMinTime,CABIN__2021-CASTF-001179,20210618,19,pyrologix,8,106-62,2021,0.0,0.0,0,drone,1,9.489961992702219e-05,3070,0.004460282136570043,True
GaussianBudget100M_LinearMinTime,CABLE_2021-CASHF-001304,20210823,19,pyrologix,4,50-22,2021,0.0,0.0,0,drone,1,9.489961992702219e-05,1595,0.004270482896715999,True
GaussianBudget100M_LinearMinTime,CACTUS_2021-CABDF-012134,20210810,23,pyrologix,2,212-104,2021,0.0,0.0,0,drone,1,9.489961992702219e-05,1015,0.0036061855572268433,True
GaussianBudget100M_LinearMinTime,CAJON_2021-CABDF-008480,20210525,4,pyrologix,1,207-90,2021,0.0,0.0,0,drone,1,9.489961992702219e-05,445,0.0031316874575917325,True
GaussianBudget100M_LinearMinTime,CALI_2021-CAANF-002044,20210616,20,pyrologix,11,202-76,2021,0.0,0.0,0,drone,1,9.489961992702219e-05,3980,0.0040806836568619545,True
GaussianBudget100M_LinearMinTime,CALLBOX_2021-CAANF-003137,20210822,14,pyrologix,10,194-68,2021,0.0,0.0,0,drone,1,9.489961992702219e-05,4160,0.004555181756497065,True
GaussianBudget100M_LinearMinTime,CAMPBELL_2021-CAKNF-006306,20210730,19,pyrologix,10,29-30,2021,0.0,0.0,1,drone,1,9.489961992702219e-05,4400,0.0046500813764240876,True
GaussianBudget100M_LinearMinTime,CAMPUS_2021-CABDF-012440,20210817,18,pyrologix,6,207-90,2021,0.0,0.0,4,drone,1,9.489961992702219e-05,3680,0.003795984797080888,True
GaussianBudget100M_LinearMinTime,CAMP_2021-CAKNF-006616,20210802,16,pyrologix,7,29-37,2021,0.0,0.0,4,drone,1,9.489961992702219e-05,4230,0.004555181756497065,True
GaussianBudget100M_LinearMinTime,CANYON_2021-CAANF-002503,20210709,18,pyrologix,6,194-68,2021,0.0,0.0,0,drone,1,9.489961992702219e-05,2590,0.004460282136570043,True
GaussianBudget100M_LinearMinTime,CANYON_2021-CABDF-018227,20211128,21,pyrologix,7,207-90,2021,0.0,0.0,0,drone,1,9.489961992702219e-05,2635,0.0037010851771538656,True
GaussianBudget100M_LinearMinTime,CANYON_2021-CAINF-001712,20210713,4,pyrologix,4,123-82,2021,0.0,0.0,2,drone,1,9.489961992702219e-05,2280,0.004175583276788976,True
GaussianBudget100M_LinearMinTime,CANYON_2021-CATNF-000663,20210428,17,pyrologix,8,78-68,2021,0.0,0.0,1,drone,1,9.489961992702219e-05,3590,0.004555181756497065,True
GaussianBudget100M_LinearMinTime,CARLON_2021-CASTF-002084,20210809,3,pyrologix,3,123-62,2021,0.0,0.0,1,drone,1,9.489961992702219e-05,1515,0.004365382516643021,True
GaussianBudget100M_LinearMinTime,CARP_2021-CATNF-001479,20210801,0,pyrologix,12,85-67,2021,0.0,0.0,0,drone,1,9.489961992702219e-05,4380,0.004365382516643021,True
GaussianBudget100M_LinearMinTime,CARRVILLE_2021-CASHF-001048,20210709,17,pyrologix,9,36-35,2021,0.0,0.0,-1,undetected,1,9.489961992702219e-05,2465,0.004270482896715999,True
GaussianBudget100M_LinearMinTime,CARSON_2021-CAENF-013467,20210518,14,pyrologix,11,99-61,2021,0.0,0.0,-1,undetected,1,9.489961992702219e-05,6905,0.0033214866974457763,True
GaussianBudget100M_LinearMinTime,CARY_2021-CARRU-060063,20210506,17,pyrologix,3,223-101,2021,0.0,0.0,0,drone,1,9.489961992702219e-05,1350,0.003985784036934932,True
GaussianBudget100M_LinearMinTime,CASA_2021-CAINF-001862,20210724,0,pyrologix,6,none,2021,0.0,0.0,-1,undetected,1,9.489961992702219e-05,0,0.0,False
GaussianBudget100M_LinearMinTime,CASCADE_2021-CASHF-001121,20210720,16,pyrologix,1,36-42,2021,0.0,0.0,0,drone,1,9.489961992702219e-05,555,0.003226587077518755,True
GaussianBudget100M_LinearMinTime,CASCADE_2021-CASTF-002673,20211012,17,pyrologix,7,110-68,2021,0.0,0.0,0,drone,1,9.489961992702219e-05,2735,0.0046500813764240876,True
GaussianBudget100M_LinearMinTime,CASH_2021-CAENF-026928,20210910,2,pyrologix,8,92-56,2021,0.0,0.0,0,drone,1,9.489961992702219e-05,3460,0.004270482896715999,True
GaussianBudget100M_LinearMinTime,CASSIDY_2021-CASNF-001237,20210812,13,pyrologix,12,128-73,2021,0.0,0.0,-1,undetected,1,9.489961992702219e-05,6390,0.004270482896715999,True
GaussianBudget100M_LinearMinTime,CASTAIC__2021-CAANF-001087,20210409,23,pyrologix,9,195-74,2021,0.0,0.0,0,drone,1,9.489961992702219e-05,3605,0.00389088441700791,True
GaussianBudget100M_LinearMinTime,CASTELLA_2021-CASHF-000425,20210406,20,pyrologix,2,36-42,2021,0.0,0.0,0,drone,1,9.489961992702219e-05,815,0.0037010851771538656,True
GaussianBudget100M_LinearMinTime,CASTLE__2021-CASHF-001012,20210705,2,pyrologix,4,36-42,2021,0.0,0.0,0,drone,1,9.489961992702219e-05,1415,0.0040806836568619545,True
GaussianBudget100M_LinearMinTime,CATHEDRAL_2021-CATMU-020670,20210717,14,pyrologix,7,99-68,2021,0.0,0.0,0,drone,1,9.489961992702219e-05,2920,0.004270482896715999,True
GaussianBudget100M_LinearMinTime,CAT_2021-CAENF-020956,20210719,17,pyrologix,9,99-61,2021,0.0,0.0,0,drone,1,9.489961992702219e-05,3820,0.0033214866974457763,True
GaussianBudget100M_LinearMinTime,CEMENT_2021-CASHF-001184,20210730,20,pyrologix,7,29-37,2021,0.0,0.0,-1,undetected,1,9.489961992702219e-05,4620,0.004555181756497065,True
GaussianBudget100M_LinearMinTime,CENTER_2021-CABDF-005836,20210401,0,pyrologix,4,207-90,2021,0.0,0.0,0,drone,1,9.489961992702219e-05,1490,0.0037010851771538656,True
GaussianBudget100M_LinearMinTime,CENTOLA_2021-CABDF-006368,20210410,16,pyrologix,7,207-90,2021,0.0,0.0,1,drone,1,9.489961992702219e-05,2855,0.0037010851771538656,True
GaussianBudget100M_LinearMinTime,CHALET_2021-CASTF-000664,20210505,13,pyrologix,6,113-61,2021,0.0,0.0,1,drone,1,9.489961992702219e-05,2620,0.004365382516643021,True
GaussianBudget100M_LinearMinTime,CHALK__2021-CAINF-000767,20210509,0,pyrologix,1,128-80,2021,0.0,0.0,0,drone,1,9.489961992702219e-05,430,0.002467390118102577,True
GaussianBudget100M_LinearMinTime,CHAMBERS_2021-CAKNF-002724,20210415,0,pyrologix,12,22-26,2021,0.0,0.0,0,drone,1,9.489961992702219e-05,4285,0.0046500813764240876,True
GaussianBudget100M_LinearMinTime,CHAPMAN_2021-CATNF-001093,20210625,17,pyrologix,2,78-61,2021,0.0,0.0,0,drone,1,9.489961992702219e-05,855,0.003985784036934932,True
GaussianBudget100M_LinearMinTime,CHARLIE_2021-CAENF-017377,20210620,15,pyrologix,12,92-63,2021,0.0,0.0,0,drone,1,9.489961992702219e-05,4315,0.004175583276788976,True
GaussianBudget100M_LinearMinTime,CHECK_2021-CABDF-012207,20210812,20,pyrologix,3,207-90,2021,0.0,0.0,0,drone,1,9.489961992702219e-05,1120,0.0037010851771538656,True
GaussianBudget100M_LinearMinTime,CHERRY_2021-CAANF-002069,20210617,14,pyrologix,11,194-68,2021,0.0,0.0,0,drone,1,9.489961992702219e-05,4395,0.004555181756497065,True
GaussianBudget100M_LinearMinTime,CHUCK_2021-CASNF-000904,20210714,7,pyrologix,4,142-76,2021,0.0,0.0,0,drone,1,9.489961992702219e-05,1490,0.0040806836568619545,True
GaussianBudget100M_LinearMinTime,CINDER_2021-CASHF-001207,20210802,16,pyrologix,7,36-56,2021,0.0,0.0,0,drone,1,9.489961992702219e-05,2950,0.004365382516643021,True
GaussianBudget100M_LinearMinTime,CIRCLE_2021-CAMMU-021450,20210926,12,pyrologix,12,120-59,2021,0.0,0.0,0,drone,1,9.489961992702219e-05,4330,0.0046500813764240876,True
GaussianBudget100M_LinearMinTime,CITY_2021-CABDF-007289,20210429,16,pyrologix,11,209-97,2021,0.0,0.0,0,drone,1,9.489961992702219e-05,4285,0.004365382516643021,True
GaussianBudget100M_LinearMinTime,CLARK_2021-CASTF-001279,20210625,20,pyrologix,1,110-68,2021,0.0,0.0,2,drone,1,9.489961992702219e-05,1205,0.004365382516643021,True
GaussianBudget100M_LinearMinTime,CLEARWATER_2021-CAANF-003677,20211002,16,pyrologix,7,195-74,2021,0.0,0.0,0,drone,1,9.489961992702219e-05,2625,0.0037010851771538656,True
GaussianBudget100M_LinearMinTime,CLEGHORN_2021-CABDF-001345,20210118,19,pyrologix,2,207-90,2021,0.0,0.0,0,drone,1,9.489961992702219e-05,760,0.003511285937299821,True
GaussianBudget100M_LinearMinTime,CLOUD_2021-CAANF-003974,20211030,21,pyrologix,4,205-83,2021,0.0,0.0,0,drone,1,9.489961992702219e-05,1580,0.004270482896715999,True
GaussianBudget100M_LinearMinTime,CLOUD_2021-CABDF-009443,20210613,21,pyrologix,6,207-90,2021,0.0,0.0,2,drone,1,9.489961992702219e-05,2965,0.0037010851771538656,True
GaussianBudget100M_LinearMinTime,CLYDE_2021-CASNF-001296,20210817,18,pyrologix,7,142-76,2021,0.0,0.0,1,drone,1,9.489961992702219e-05,3150,0.004365382516643021,True
GaussianBudget100M_LinearMinTime,COCO_2021-CABDF-011273,20210721,17,pyrologix,5,223-101,2021,0.0,0.0,1,drone,1,9.489961992702219e-05,2335,0.004460282136570043,True
GaussianBudget100M_LinearMinTime,CODY_2021-CAENF-020975,20210720,19,pyrologix,11,99-61,2021,0.0,0.0,0,drone,1,9.489961992702219e-05,4505,0.0033214866974457763,True
GaussianBudget100M_LinearMinTime,COLDWATER_2021-CABDF-012131,20210810,17,pyrologix,12,207-90,2021,0.0,0.0,0,drone,1,9.489961992702219e-05,4520,0.00389088441700791,True
GaussianBudget100M_LinearMinTime,COLD_2021-CASTF-002063,20210807,20,pyrologix,4,113-61,2021,0.0,0.0,0,drone,1,9.489961992702219e-05,1565,0.004175583276788976,True
GaussianBudget100M_LinearMinTime,COLD_2_2021-CAENF-022391,20210801,14,pyrologix,6,99-61,2021,0.0,0.0,0,drone,1,9.489961992702219e-05,2780,0.0033214866974457763,True
GaussianBudget100M_LinearMinTime,CONTROL_2021-CABDF-009018,20210603,0,pyrologix,5,223-101,2021,0.0,0.0,0,drone,1,9.489961992702219e-05,2020,0.004365382516643021,True
GaussianBudget100M_LinearMinTime,COOP_2021-CAANF-000189,20210118,12,pyrologix,4,194-68,2021,0.0,0.0,0,drone,1,9.489961992702219e-05,1660,0.004270482896715999,True
GaussianBudget100M_LinearMinTime,COYOTE_2021-CAANF-003754,20211008,19,pyrologix,7,194-68,2021,0.0,0.0,0,drone,1,9.489961992702219e-05,2980,0.004460282136570043,True
GaussianBudget100M_LinearMinTime,COYOTE_2021-CAINF-001456,20210629,15,pyrologix,1,none,2021,0.0,0.0,-1,undetected,1,9.489961992702219e-05,0,0.0,False
GaussianBudget100M_LinearMinTime,COYOTE_2021-CARRU-073166,20210602,19,pyrologix,11,216-101,2021,0.0,0.0,0,drone,1,9.489961992702219e-05,4370,0.003511285937299821,True
GaussianBudget100M_LinearMinTime,COYOTE_2021-CASTF-001875,20210730,0,pyrologix,4,110-68,2021,0.0,0.0,0,drone,1,9.489961992702219e-05,1870,0.004555181756497065,True
GaussianBudget100M_LinearMinTime,COYOTE__2021-CAMDF-000839,20210709,22,pyrologix,3,29-58,2021,0.0,0.0,0,drone,1,9.489961992702219e-05,1325,0.0037010851771538656,True
GaussianBudget100M_LinearMinTime,CRABTREE_2021-CASTF-001340,20210628,15,pyrologix,3,110-68,2021,0.0,0.0,0,drone,1,9.489961992702219e-05,1440,0.004460282136570043,True
GaussianBudget100M_LinearMinTime,CRAGS_2021-CASHF-001301,20210823,11,pyrologix,3,36-42,2021,0.0,0.0,0,drone,1,9.489961992702219e-05,1135,0.00389088441700791,True
GaussianBudget100M_LinearMinTime,CRANDALL_2021-CASTF-001671,20210716,13,pyrologix,10,113-61,2021,0.0,0.0,0,drone,1,9.489961992702219e-05,3985,0.0046500813764240876,True
GaussianBudget100M_LinearMinTime,CRATER_2021-CAINF-000768,20210509,0,pyrologix,1,128-80,2021,0.0,0.0,1,drone,1,9.489961992702219e-05,1005,0.003795984797080888,True
GaussianBudget100M_LinearMinTime,CRAWFORD_2021-CASQF-003061,20210910,2,pyrologix,2,166-78,2021,0.0,0.0,4,drone,1,9.489961992702219e-05,2295,0.004460282136570043,True
GaussianBudget100M_LinearMinTime,CREEK_2021-CAKNF-006251,20210728,7,pyrologix,2,19-40,2021,0.0,0.0,0,drone,1,9.489961992702219e-05,970,0.0037010851771538656,True
GaussianBudget100M_LinearMinTime,CREEK_2021-CALPF-002713,20211005,18,pyrologix,3,192-62,2021,0.0,0.0,0,drone,1,9.489961992702219e-05,1225,0.004270482896715999,True
GaussianBudget100M_LinearMinTime,CREEK_2021-CARRU-059177,20210504,23,pyrologix,3,223-101,2021,0.0,0.0,1,drone,1,9.489961992702219e-05,1730,0.004365382516643021,True
GaussianBudget100M_LinearMinTime,CREEK__2021-CABDF-000986,20210112,15,pyrologix,7,209-97,2021,0.0,0.0,0,drone,1,9.489961992702219e-05,2690,0.0040806836568619545,True
GaussianBudget100M_LinearMinTime,CREST_2021-CASHF-001324,20210827,18,pyrologix,10,36-42,2021,0.0,0.0,0,drone,1,9.489961992702219e-05,3485,0.004365382516643021,True
GaussianBudget100M_LinearMinTime,CRONAN_2021-CAKNF-006381,20210731,1,pyrologix,4,29-30,2021,0.0,0.0,0,drone,1,9.489961992702219e-05,1545,0.004365382516643021,True
GaussianBudget100M_LinearMinTime,CROSSING_2021-CAINF-000543,20210410,13,pyrologix,12,none,2021,0.0,0.0,-1,undetected,1,9.489961992702219e-05,0,0.0,False
GaussianBudget100M_LinearMinTime,CROWDER_2021-CAMDF-000588,20210622,18,pyrologix,11,29-70,2021,0.0,0.0,1,drone,1,9.489961992702219e-05,4160,0.004555181756497065,True
GaussianBudget100M_LinearMinTime,CUDDY_2021-CALPF-000993,20210504,14,pyrologix,8,192-62,2021,0.0,0.0,0,drone,1,9.489961992702219e-05,3010,0.0046500813764240876,True
GaussianBudget100M_LinearMinTime,CUTOFF_2021-CAINF-000734,20210504,18,pyrologix,5,128-80,2021,0.0,0.0,0,drone,1,9.489961992702219e-05,2005,0.0040806836568619545,True
GaussianBudget100M_LinearMinTime,CUT_2021-CABDF-014987,20211016,9,pyrologix,11,207-90,2021,0.0,0.0,0,drone,1,9.489961992702219e-05,4020,0.003795984797080888,True
GaussianBudget100M_LinearMinTime,Caldor_2021-CAENF-024030,20210814,0,pyrologix,1,99-54,2021,0.0,0.0,0,drone,1,9.489961992702219e-05,750,0.003511285937299821,True
GaussianBudget100M_LinearMinTime,Camino_2021-CACNF-000844,20210321,18,pyrologix,12,244-95,2021,0.0,0.0,0,drone,1,9.489961992702219e-05,4580,0.003511285937299821,True
GaussianBudget100M_LinearMinTime,Camp_2021-CACNF-000404,20210206,12,pyrologix,4,244-95,2021,0.0,0.0,0,drone,1,9.489961992702219e-05,1820,0.0034163863173727986,True
GaussianBudget100M_LinearMinTime,Campbell_2021-CASRF-000869,20210915,11,pyrologix,7,36-21,2021,0.0,0.0,0,drone,1,9.489961992702219e-05,3200,0.004460282136570043,True
GaussianBudget100M_LinearMinTime,Candy_2021-CACNF-001278,20210505,21,pyrologix,2,220-87,2021,0.0,0.0,0,drone,1,9.489961992702219e-05,1100,0.003795984797080888,True
GaussianBudget100M_LinearMinTime,Canfield_2021-CACNF-001536,20210530,15,pyrologix,12,230-100,2021,0.0,0.0,0,drone,1,9.489961992702219e-05,4455,0.004270482896715999,True
GaussianBudget100M_LinearMinTime,Canyon_2021-CAPNF-001053,20210703,0,pyrologix,3,71-64,2021,0.0,0.0,0,drone,1,9.489961992702219e-05,1310,0.004175583276788976,True
GaussianBudget100M_LinearMinTime,Canyon_2_2021-CAPNF-001242,20210720,3,pyrologix,10,64-59,2021,0.0,0.0,0,drone,1,9.489961992702219e-05,4165,0.0037010851771538656,True
GaussianBudget100M_LinearMinTime,Cariso_2021-CACNF-000397,20210205,16,pyrologix,4,220-87,2021,0.0,0.0,0,drone,1,9.489961992702219e-05,1615,0.003985784036934932,True
GaussianBudget100M_LinearMinTime,Cat_2021-CACNF-001669,20210608,15,pyrologix,12,244-95,2021,0.0,0.0,1,drone,1,9.489961992702219e-05,4615,0.003511285937299821,True
GaussianBudget100M_LinearMinTime,Chance__2021-CAPNF-002868,20211004,20,pyrologix,7,71-57,2021,0.0,0.0,2,drone,1,9.489961992702219e-05,3435,0.0046500813764240876,True
GaussianBudget100M_LinearMinTime,Chaparral_2021-CACNF-002791,20210828,17,pyrologix,5,227-87,2021,0.0,0.0,0,drone,1,9.489961992702219e-05,2005,0.0036061855572268433,True
GaussianBudget100M_LinearMinTime,Charlie_2021-CASHF-000725,20210530,17,pyrologix,3,43-41,2021,0.0,0.0,1,drone,1,9.489961992702219e-05,1850,0.004175583276788976,True
GaussianBudget100M_LinearMinTime,China_2021-CASHF-000838,20210610,19,pyrologix,8,36-28,2021,0.0,0.0,0,drone,1,9.489961992702219e-05,3200,0.004555181756497065,True
GaussianBudget100M_LinearMinTime,Cliff_2021-CASRF-000455,20210626,18,pyrologix,2,50-15,2021,0.0,0.0,0,drone,1,9.489961992702219e-05,1090,0.003985784036934932,True
GaussianBudget100M_LinearMinTime,Clipper_2021-CAPNF-000484,20210421,20,pyrologix,1,78-54,2021,0.0,0.0,0,drone,1,9.489961992702219e-05,690,0.004270482896715999,True
GaussianBudget100M_LinearMinTime,Clough_2021-CAPNF-000570,20210507,12,pyrologix,6,71-57,2021,0.0,0.0,0,drone,1,9.489961992702219e-05,2245,0.004555181756497065,True
GaussianBudget100M_LinearMinTime,Clover_2021-CAPNF-001851,20210825,11,pyrologix,10,71-64,2021,0.0,0.0,0,drone,1,9.489961992702219e-05,2535,0.004460282136570043,True
GaussianBudget100M_LinearMinTime,Cobb_2021-CASRF-000378,20210609,11,pyrologix,10,57-25,2021,0.0,0.0,1,drone,1,9.489961992702219e-05,4225,0.0046500813764240876,True
GaussianBudget100M_LinearMinTime,Coldwater_2021-CAPNF-001374,20210730,21,pyrologix,1,71-64,2021,0.0,0.0,0,drone,1,9.489961992702219e-05,535,0.002467390118102577,True
GaussianBudget100M_LinearMinTime,Community__2021-CAPNF-000563,20210506,1,pyrologix,1,78-54,2021,0.0,0.0,0,drone,1,9.489961992702219e-05,690,0.004270482896715999,True
GaussianBudget100M_LinearMinTime,Corral_2021-CALPF-000734,20210405,16,pyrologix,3,187-55,2021,0.0,0.0,-1,undetected,1,9.489961992702219e-05,3185,0.0046500813764240876,True
GaussianBudget100M_LinearMinTime,Corral_2021-CASHF-000619,20210516,21,pyrologix,7,43-20,2021,0.0,0.0,-1,undetected,1,9.489961992702219e-05,1310,0.00389088441700791,True
GaussianBudget100M_LinearMinTime,Corte_Madera_2021-CACNF-000407,20210206,16,pyrologix,6,244-101,2021,0.0,0.0,1,drone,1,9.489961992702219e-05,3160,0.004175583276788976,True
GaussianBudget100M_LinearMinTime,Creek_2021-CACNF-003652,20211221,17,pyrologix,7,244-101,2021,0.0,0.0,0,drone,1,9.489961992702219e-05,2910,0.004175583276788976,True
GaussianBudget100M_LinearMinTime,Creek_2021-CAPNF-001218,20210718,16,pyrologix,10,64-59,2021,0.0,0.0,0,drone,1,9.489961992702219e-05,3845,0.0037010851771538656,True
GaussianBudget100M_LinearMinTime,Creek_2021-CASHF-000371,20210324,21,pyrologix,6,36-49,2021,0.0,0.0,0,drone,1,9.489961992702219e-05,2525,0.004555181756497065,True
GaussianBudget100M_LinearMinTime,Creekside__2021-CASRF-000262,20210508,19,pyrologix,5,36-21,2021,0.0,0.0,0,drone,1,9.489961992702219e-05,2275,0.004365382516643021,True
GaussianBudget100M_LinearMinTime,Crescent__2021-CAPNF-000698,20210529,16,pyrologix,12,64-59,2021,0.0,0.0,0,drone,1,9.489961992702219e-05,4660,0.0037010851771538656,True
GaussianBudget100M_LinearMinTime,Crocker_2021-CAPNF-000394,20210408,20,pyrologix,10,71-64,2021,0.0,0.0,-1,undetected,1,9.489961992702219e-05,2535,0.004460282136570043,True
GaussianBudget100M_LinearMinTime,Crocker_2021-CAPNF-001592,20210814,0,pyrologix,2,71-64,2021,0.0,0.0,0,drone,1,9.489961992702219e-05,950,0.0034163863173727986,True
GaussianBudget100M_LinearMinTime,Curtis_2021-CALPF-000998,20210505,23,pyrologix,9,192-62,2021,0.0,0.0,0,drone,1,9.489961992702219e-05,3275,0.0046500813764240876,True
GaussianBudget100M_LinearMinTime,Cutler_2021-CAPNF-001251,20210721,0,pyrologix,4,71-57,2021,0.0,0.0,0,drone,1,9.489961992702219e-05,1445,0.004365382516643021,True
GaussianBudget100M_LinearMinTime,DALE_2021-CASHF-000975,20210629,22,pyrologix,4,29-37,2021,0.0,0.0,-1,undetected,1,9.489961992702219e-05,3605,0.004555181756497065,True
GaussianBudget100M_LinearMinTime,DALTON_2021-CAANF-003600,20210924,18,pyrologix,10,205-83,2021,0.0,0.0,0,drone,1,9.489961992702219e-05,3715,0.004365382516643021,True
GaussianBudget100M_LinearMinTime,DAMONS_2021-CAMDF-001193,20210806,13,pyrologix,11,36-63,2021,0.0,0.0,0,drone,1,9.489961992702219e-05,4395,0.0046500813764240876,True
GaussianBudget100M_LinearMinTime,DAM_2021-CAANF-004298,20211204,18,pyrologix,10,202-76,2021,0.0,0.0,0,drone,1,9.489961992702219e-05,3845,0.0040806836568619545,True
GaussianBudget100M_LinearMinTime,DAVIS_2021-CAINF-001143,20210608,16,pyrologix,9,none,2021,0.0,0.0,-1,undetected,1,9.489961992702219e-05,0,0.0,False
GaussianBudget100M_LinearMinTime,DEADFALL_2021-CASHF-001182,20210730,20,pyrologix,6,36-42,2021,0.0,0.0,-1,undetected,1,9.489961992702219e-05,4110,0.004460282136570043,True
GaussianBudget100M_LinearMinTime,DEADWOOD_2021-CAENF-022441,20210801,19,pyrologix,7,103-69,2021,0.0,0.0,-1,undetected,1,9.489961992702219e-05,1325,0.004270482896715999,True
GaussianBudget100M_LinearMinTime,DEAD_HORSE_2021-CASQF-001848,20210630,10,pyrologix,9,167-85,2021,0.0,0.0,0,drone,1,9.489961992702219e-05,3225,0.00389088441700791,True
GaussianBudget100M_LinearMinTime,DECHAMBEAU_2021-CAINF-001645,20210710,0,pyrologix,1,116-79,2021,0.0,0.0,1,drone,1,9.489961992702219e-05,1030,0.0033214866974457763,True
GaussianBudget100M_LinearMinTime,DEER_2021-CABDF-012757,20210827,13,pyrologix,6,209-97,2021,0.0,0.0,1,drone,1,9.489961992702219e-05,2690,0.0040806836568619545,True
GaussianBudget100M_LinearMinTime,DEER_2021-CAENF-019219,20210705,16,pyrologix,5,103-69,2021,0.0,0.0,-1,undetected,1,9.489961992702219e-05,1325,0.004270482896715999,True
GaussianBudget100M_LinearMinTime,DEER_2021-CAKNF-005056,20210625,17,pyrologix,11,29-51,2021,0.0,0.0,-1,undetected,1,9.489961992702219e-05,3240,0.0046500813764240876,True
GaussianBudget100M_LinearMinTime,DEER_2021-CATNF-001386,20210721,23,pyrologix,9,85-53,2021,0.0,0.0,-1,undetected,1,9.489961992702219e-05,425,0.0026571893579566213,True
GaussianBudget100M_LinearMinTime,DELAMAR_2021-CABDF-011509,20210726,7,pyrologix,9,209-97,2021,0.0,0.0,0,drone,1,9.489961992702219e-05,3455,0.004175583276788976,True
GaussianBudget100M_LinearMinTime,DEMOCRAT_2021-CASQF-002095,20210708,0,pyrologix,4,173-77,2021,0.0,0.0,4,drone,1,9.489961992702219e-05,3345,0.0046500813764240876,True
GaussianBudget100M_LinearMinTime,DERRY_2021-CALPF-002717,20211005,21,pyrologix,1,192-62,2021,0.0,0.0,0,drone,1,9.489961992702219e-05,605,0.0036061855572268433,True
GaussianBudget100M_LinearMinTime,DEVORE_2021-CABDU-005483,20210504,21,pyrologix,6,207-90,2021,0.0,0.0,0,drone,1,9.489961992702219e-05,2385,0.0037010851771538656,True
GaussianBudget100M_LinearMinTime,DEXTER_2021-CAINF-001695,20210712,11,pyrologix,12,123-82,2021,0.0,0.0,0,drone,1,9.489961992702219e-05,4315,0.004270482896715999,True
GaussianBudget100M_LinearMinTime,DILLER_2021-CASHF-000552,20210508,10,pyrologix,8,29-44,2021,0.0,0.0,0,drone,1,9.489961992702219e-05,3555,0.00389088441700791,True
GaussianBudget100M_LinearMinTime,DIMAS_2021-CAANF-001591,20210523,4,pyrologix,12,none,2021,0.0,0.0,-1,undetected,1,9.489961992702219e-05,0,0.0,False
GaussianBudget100M_LinearMinTime,DINKEY_2021-CASNF-001236,20210812,23,pyrologix,11,142-76,2021,0.0,0.0,3,drone,1,9.489961992702219e-05,5080,0.004555181756497065,True
GaussianBudget100M_LinearMinTime,DIXIE_2021-CABTU-009205,20210714,0,pyrologix,1,71-50,2021,0.0,0.0,1,drone,1,9.489961992702219e-05,970,0.003985784036934932,True
GaussianBudget100M_LinearMinTime,DOGCREEK_2021-CASHF-001322,20210827,11,pyrologix,12,43-41,2021,0.0,0.0,0,drone,1,9.489961992702219e-05,4735,0.004365382516643021,True
GaussianBudget100M_LinearMinTime,DOG_2021-CATNF-002107,20211017,14,pyrologix,4,85-67,2021,0.0,0.0,0,drone,1,9.489961992702219e-05,1495,0.003985784036934932,True
GaussianBudget100M_LinearMinTime,DOME_2021-CAINF-002577,20210921,22,pyrologix,8,128-80,2021,0.0,0.0,0,drone,1,9.489961992702219e-05,3200,0.004460282136570043,True
GaussianBudget100M_LinearMinTime,DOME_2021-CASQF-002669,20210808,15,pyrologix,7,166-78,2021,0.0,0.0,0,drone,1,9.489961992702219e-05,2955,0.004555181756497065,True
GaussianBudget100M_LinearMinTime,DOME_2021-CASTF-001915,20210731,14,pyrologix,7,106-62,2021,0.0,0.0,1,drone,1,9.489961992702219e-05,3355,0.004555181756497065,True
GaussianBudget100M_LinearMinTime,DONEY_2021-CASHF-000376,20210326,19,pyrologix,4,43-41,2021,0.0,0.0,0,drone,1,9.489961992702219e-05,1850,0.004175583276788976,True
GaussianBudget100M_LinearMinTime,DORMER_2021-CAANF-001579,20210522,19,pyrologix,5,202-76,2021,0.0,0.0,0,drone,1,9.489961992702219e-05,2085,0.003985784036934932,True
GaussianBudget100M_LinearMinTime,DOW_2021-CALNF-006059,20211005,15,pyrologix,11,50-61,2021,0.0,0.0,0,drone,1,9.489961992702219e-05,4455,0.0046500813764240876,True
GaussianBudget100M_LinearMinTime,DRAINAGE_HLRD_2021-CASQF-002363,20210719,18,pyrologix,8,145-72,2021,0.0,0.0,3,drone,1,9.489961992702219e-05,4270,0.0046500813764240876,True
GaussianBudget100M_LinearMinTime,DRY_2021-CAINF-000909,20210526,19,pyrologix,3,128-80,2021,0.0,0.0,0,drone,1,9.489961992702219e-05,1240,0.003985784036934932,True
GaussianBudget100M_LinearMinTime,DRY_2021-CASQF-000964,20210509,19,pyrologix,11,173-77,2021,0.0,0.0,3,drone,1,9.489961992702219e-05,5595,0.0046500813764240876,True
GaussianBudget100M_LinearMinTime,DRY__2021-CAANF-003810,20211013,18,pyrologix,4,195-74,2021,0.0,0.0,0,drone,1,9.489961992702219e-05,1595,0.0036061855572268433,True
GaussianBudget100M_LinearMinTime,DUNCAN_2021-CATNF-001388,20210721,15,pyrologix,3,92-63,2021,0.0,0.0,0,drone,1,9.489961992702219e-05,1405,0.003985784036934932,True
GaussianBudget100M_LinearMinTime,DURANGO_2021-CABDF-017332,20211122,15,pyrologix,12,223-101,2021,0.0,0.0,0,drone,1,9.489961992702219e-05,4410,0.004555181756497065,True
GaussianBudget100M_LinearMinTime,DUSTY_2021-CABDF-014102,20210926,10,pyrologix,12,207-90,2021,0.0,0.0,0,drone,1,9.489961992702219e-05,4230,0.00389088441700791,True
GaussianBudget100M_LinearMinTime,DUSY_2021-CASNF-001231,20210811,16,pyrologix,10,142-76,2021,0.0,0.0,1,drone,1,9.489961992702219e-05,4345,0.004460282136570043,True
GaussianBudget100M_LinearMinTime,DUTCHMAN_2021-CALPF-002724,20211006,15,pyrologix,6,192-62,2021,0.0,0.0,0,drone,1,9.489961992702219e-05,2265,0.004555181756497065,True
GaussianBudget100M_LinearMinTime,DUTCH_2021-CASQF-001862,20210701,20,pyrologix,7,173-77,2021,0.0,0.0,0,drone,1,9.489961992702219e-05,2980,0.0046500813764240876,True
GaussianBudget100M_LinearMinTime,Davis_2021-CAPNF-000778,20210611,18,pyrologix,3,71-64,2021,0.0,0.0,0,drone,1,9.489961992702219e-05,1260,0.004175583276788976,True
GaussianBudget100M_LinearMinTime,Deer_2021-CASHF-000610,20210515,14,pyrologix,11,36-42,2021,0.0,0.0,1,drone,1,9.489961992702219e-05,4285,0.004460282136570043,True
GaussianBudget100M_LinearMinTime,Diamond_2021-CAPNF-001240,20210720,0,pyrologix,5,64-59,2021,0.0,0.0,0,drone,1,9.489961992702219e-05,2060,0.0037010851771538656,True
GaussianBudget100M_LinearMinTime,Dog_2021-CAPNF-001397,20210802,13,pyrologix,7,71-57,2021,0.0,0.0,0,drone,1,9.489961992702219e-05,2490,0.004555181756497065,True
GaussianBudget100M_LinearMinTime,Dotta_2021-CAPNF-001010,20210630,16,pyrologix,11,71-64,2021,0.0,0.0,-1,undetected,1,9.489961992702219e-05,2535,0.004460282136570043,True
GaussianBudget100M_LinearMinTime,Dubakella_2021-CASHF-000711,20210529,19,pyrologix,5,57-25,2021,0.0,0.0,0,drone,1,9.489961992702219e-05,2140,0.004365382516643021,True
GaussianBudget100M_LinearMinTime,Dutch_2021-CAPNF-001146,20210710,16,pyrologix,9,71-57,2021,0.0,0.0,0,drone,1,9.489961992702219e-05,3335,0.0046500813764240876,True
GaussianBudget100M_LinearMinTime,Duzen_2021-CASRF-000321,20210524,20,pyrologix,1,50-15,2021,0.0,0.0,0,drone,1,9.489961992702219e-05,655,0.0037010851771538656,True
GaussianBudget100M_LinearMinTime,E-1_ASHURST_2021-CALNF-002490,20210515,20,pyrologix,3,50-61,2021,0.0,0.0,4,drone,1,9.489961992702219e-05,2670,0.004460282136570043,True
GaussianBudget100M_LinearMinTime,E-1_CRATER_2021-CALNF-004410,20210731,20,pyrologix,2,57-60,2021,0.0,0.0,-1,undetected,1,9.489961992702219e-05,685,0.00303678783766471,True
GaussianBudget100M_LinearMinTime,E-1_INDIAN_2021-CALNF-003421,20210624,12,pyrologix,5,50-61,2021,0.0,0.0,0,drone,1,9.489961992702219e-05,1965,0.004460282136570043,True
GaussianBudget100M_LinearMinTime,E-2_CAMP_TEN_2021-CALNF-002504,20210516,14,pyrologix,1,57-60,2021,0.0,0.0,0,drone,1,9.489961992702219e-05,655,0.002941888217737688,True
GaussianBudget100M_LinearMinTime,E-2_PINE_2021-CALNF-003748,20210705,20,pyrologix,8,57-60,2021,0.0,0.0,-1,undetected,1,9.489961992702219e-05,685,0.00303678783766471,True
GaussianBudget100M_LinearMinTime,E-2_STANFORD_2021-CALNF-003424,20210624,11,pyrologix,11,57-60,2021,0.0,0.0,-1,undetected,1,9.489961992702219e-05,685,0.00303678783766471,True
GaussianBudget100M_LinearMinTime,E-3_BOGARD_2021-CALNF-004419,20210731,18,pyrologix,10,57-60,2021,0.0,0.0,-1,undetected,1,9.489961992702219e-05,685,0.00303678783766471,True
GaussianBudget100M_LinearMinTime,E-3_GRAY_2021-CALNF-003750,20210705,23,pyrologix,3,57-53,2021,0.0,0.0,1,drone,1,9.489961992702219e-05,1490,0.004555181756497065,True
GaussianBudget100M_LinearMinTime,E-5_BUTTE_LAKE_2021-CALNF-004442,20210801,12,pyrologix,12,50-54,2021,0.0,0.0,-1,undetected,1,9.489961992702219e-05,3290,0.004555181756497065,True
GaussianBudget100M_LinearMinTime,E-6_ANTELOPE_2021-CALNF-004457,20210802,1,pyrologix,2,57-60,2021,0.0,0.0,-1,undetected,1,9.489961992702219e-05,685,0.00303678783766471,True
GaussianBudget100M_LinearMinTime,EAGLE_2021-CASHF-000460,20210415,20,pyrologix,3,36-35,2021,0.0,0.0,0,drone,1,9.489961992702219e-05,1250,0.003985784036934932,True
GaussianBudget100M_LinearMinTime,EAGLE_2021-CATMU-018004,20210626,9,pyrologix,11,92-63,2021,0.0,0.0,-1,undetected,1,9.489961992702219e-05,6020,0.004175583276788976,True
GaussianBudget100M_LinearMinTime,EARLY__2021-CASTF-002235,20210825,1,pyrologix,4,none,2021,0.0,0.0,-1,undetected,1,9.489961992702219e-05,0,0.0,False
GaussianBudget100M_LinearMinTime,EAST_2021-CAANF-003356,20210906,14,pyrologix,2,205-83,2021,0.0,0.0,1,drone,1,9.489961992702219e-05,1105,0.004270482896715999,True
GaussianBudget100M_LinearMinTime,EAST_2021-CAENF-020980,20210720,0,pyrologix,2,99-61,2021,0.0,0.0,-1,undetected,1,9.489961992702219e-05,3200,0.0033214866974457763,True
GaussianBudget100M_LinearMinTime,EAST_2021-CAKNF-006415,20210731,20,pyrologix,3,29-30,2021,0.0,0.0,0,drone,1,9.489961992702219e-05,1175,0.004270482896715999,True
GaussianBudget100M_LinearMinTime,EAST_2021-CASHF-000646,20210520,20,pyrologix,10,43-27,2021,0.0,0.0,0,drone,1,9.489961992702219e-05,3715,0.0046500813764240876,True
GaussianBudget100M_LinearMinTime,ECHO_2021-CALNF-003471,20210625,21,pyrologix,4,57-53,2021,0.0,0.0,0,drone,1,9.489961992702219e-05,1810,0.004555181756497065,True
GaussianBudget100M_LinearMinTime,ECHO_2021-CATMU-021480,20210724,14,pyrologix,8,99-68,2021,0.0,0.0,0,drone,1,9.489961992702219e-05,3260,0.004270482896715999,True
GaussianBudget100M_LinearMinTime,EDDY_2021-CASHF-000952,20210625,12,pyrologix,11,29-37,2021,0.0,0.0,-1,undetected,1,9.489961992702219e-05,5985,0.004555181756497065,True
GaussianBudget100M_LinearMinTime,ELAM_2021-CALNF-003064,20210610,12,pyrologix,5,64-45,2021,0.0,0.0,2,drone,1,9.489961992702219e-05,2670,0.0046500813764240876,True
GaussianBudget100M_LinearMinTime,ELAM_2021-CALNF-004040,20210715,19,pyrologix,10,64-52,2021,0.0,0.0,-1,undetected,1,9.489961992702219e-05,2675,0.004270482896715999,True
GaussianBudget100M_LinearMinTime,ELK_2021-CAKNF-002454,20210404,21,pyrologix,2,22-26,2021,0.0,0.0,0,drone,1,9.489961992702219e-05,985,0.003985784036934932,True
GaussianBudget100M_LinearMinTime,EMIGRANT_2021-CAANF-003521,20210917,15,pyrologix,12,194-68,2021,0.0,0.0,0,drone,1,9.489961992702219e-05,4865,0.004555181756497065,True
GaussianBudget100M_LinearMinTime,EMMA_2021-CAANF-003237,20210829,22,pyrologix,1,205-83,2021,0.0,0.0,3,drone,1,9.489961992702219e-05,1725,0.004365382516643021,True
GaussianBudget100M_LinearMinTime,ERNST_2021-CAMMU-006886,20210405,21,pyrologix,4,120-59,2021,0.0,0.0,0,drone,1,9.489961992702219e-05,1675,0.0046500813764240876,True
GaussianBudget100M_LinearMinTime,ESCAPE_2021-CABDF-008798,20210530,19,pyrologix,2,212-104,2021,0.0,0.0,2,drone,1,9.489961992702219e-05,1535,0.003985784036934932,True
GaussianBudget100M_LinearMinTime,ESCONDIDO_2021-CAANF-003542,20210918,20,pyrologix,6,202-76,2021,0.0,0.0,0,drone,1,9.489961992702219e-05,2415,0.003985784036934932,True
GaussianBudget100M_LinearMinTime,EVERETT_2021-CASHF-001127,20210721,12,pyrologix,5,36-42,2021,0.0,0.0,2,drone,1,9.489961992702219e-05,2435,0.004175583276788976,True
GaussianBudget100M_LinearMinTime,East_Grade_2021-CACNF-001220,20210501,14,pyrologix,2,230-100,2021,0.0,0.0,0,drone,1,9.489961992702219e-05,1100,0.004175583276788976,True
GaussianBudget100M_LinearMinTime,Echo_2021-CASHF-000897,20210619,22,pyrologix,4,36-42,2021,0.0,0.0,-1,undetected,1,9.489961992702219e-05,3420,0.004365382516643021,True
GaussianBudget100M_LinearMinTime,Eight_2021-CACNF-003271,20211028,19,pyrologix,6,244-95,2021,0.0,0.0,0,drone,1,9.489961992702219e-05,2215,0.0034163863173727986,True
GaussianBudget100M_LinearMinTime,Evans_2021-CAPNF-001358,20210730,1,pyrologix,2,64-59,2021,0.0,0.0,0,drone,1,9.489961992702219e-05,825,0.0037010851771538656,True
GaussianBudget100M_LinearMinTime,FAIRCHILD_2021-CAMDF-000597,20210623,18,pyrologix,9,36-70,2021,0.0,0.0,0,drone,1,9.489961992702219e-05,3375,0.004555181756497065,True
GaussianBudget100M_LinearMinTime,FALLS_2021-CASHF-001063,20210711,12,pyrologix,4,36-21,2021,0.0,0.0,0,drone,1,9.489961992702219e-05,1860,0.004270482896715999,True
GaussianBudget100M_LinearMinTime,FALL_2021-CAANF-003791,20211011,16,pyrologix,10,202-76,2021,0.0,0.0,0,drone,1,9.489961992702219e-05,3735,0.003985784036934932,True
GaussianBudget100M_LinearMinTime,FAULKSTEIN_2021-CAKNF-004573,20210612,21,pyrologix,1,23-33,2021,0.0,0.0,-1,undetected,1,9.489961992702219e-05,430,0.003226587077518755,True
GaussianBudget100M_LinearMinTime,FAWN_2021-CASHU-010480,20210922,18,pyrologix,12,50-40,2021,0.0,0.0,0,drone,1,9.489961992702219e-05,4555,0.004270482896715999,True
GaussianBudget100M_LinearMinTime,FIFTEEN_2021-CABDF-017313,20211122,15,pyrologix,1,207-90,2021,0.0,0.0,0,drone,1,9.489961992702219e-05,445,0.0031316874575917325,True
GaussianBudget100M_LinearMinTime,FISH_2021-CAKNF-006421,20210731,20,pyrologix,7,36-35,2021,0.0,0.0,-1,undetected,1,9.489961992702219e-05,2465,0.004270482896715999,True
GaussianBudget100M_LinearMinTime,FIVE_2021-CAANF-000825,20210319,16,pyrologix,7,194-68,2021,0.0,0.0,0,drone,1,9.489961992702219e-05,2840,0.004460282136570043,True
GaussianBudget100M_LinearMinTime,FLATS_2021-CABDF-009477,20210613,17,pyrologix,2,none,2021,0.0,0.0,-1,undetected,1,9.489961992702219e-05,0,0.0,False
GaussianBudget100M_LinearMinTime,FLAT_2021-CAINF-000056,20210110,14,pyrologix,1,none,2021,0.0,0.0,-1,undetected,1,9.489961992702219e-05,0,0.0,False
GaussianBudget100M_LinearMinTime,FLAT_2021-CASHF-000907,20210621,20,pyrologix,3,36-42,2021,0.0,0.0,1,drone,1,9.489961992702219e-05,1650,0.004175583276788976,True
GaussianBudget100M_LinearMinTime,FLAT__2021-CAANF-000125,20210113,3,pyrologix,4,194-68,2021,0.0,0.0,1,drone,1,9.489961992702219e-05,1895,0.004365382516643021,True
GaussianBudget100M_LinearMinTime,FLETCHER_2021-CABDF-015945,20211031,21,pyrologix,6,230-100,2021,0.0,0.0,0,drone,1,9.489961992702219e-05,2260,0.004175583276788976,True
GaussianBudget100M_LinearMinTime,FLINT_2021-CABDF-017383,20211123,16,pyrologix,9,223-101,2021,0.0,0.0,-1,undetected,1,9.489961992702219e-05,5380,0.004555181756497065,True
GaussianBudget100M_LinearMinTime,FORD_2021-CAINF-001461,20210629,16,pyrologix,4,none,2021,0.0,0.0,-1,undetected,1,9.489961992702219e-05,0,0.0,False
GaussianBudget100M_LinearMinTime,FORESTHILL_2021-CATNF-001677,20210829,1,pyrologix,1,92-56,2021,0.0,0.0,1,drone,1,9.489961992702219e-05,1175,0.004175583276788976,True
GaussianBudget100M_LinearMinTime,FOREST_2021-CATCU-006215,20210517,19,pyrologix,3,113-55,2021,0.0,0.0,1,drone,1,9.489961992702219e-05,1905,0.004365382516643021,True
GaussianBudget100M_LinearMinTime,FORK_2021-CABDF-003725,20210222,0,pyrologix,4,207-90,2021,0.0,0.0,0,drone,1,9.489961992702219e-05,1625,0.0037010851771538656,True
GaussianBudget100M_LinearMinTime,FOX_2021-CALNF-002007,20210422,22,pyrologix,4,57-60,2021,0.0,0.0,-1,undetected,1,9.489961992702219e-05,685,0.00303678783766471,True
GaussianBudget100M_LinearMinTime,FRASER__2021-CASTF-002126,20210813,11,pyrologix,9,113-61,2021,0.0,0.0,1,drone,1,9.489961992702219e-05,3715,0.004555181756497065,True
GaussianBudget100M_LinearMinTime,FRENCH_2021-CAKNF-005037,20210625,11,pyrologix,9,36-28,2021,0.0,0.0,1,drone,1,9.489961992702219e-05,3725,0.0046500813764240876,True
GaussianBudget100M_LinearMinTime,FRESNO_2021-CASNF-001333,20210822,20,pyrologix,9,142-76,2021,0.0,0.0,0,drone,1,9.489961992702219e-05,3500,0.004460282136570043,True
GaussianBudget100M_LinearMinTime,FULLER_2021-CATNF-001066,20210622,14,pyrologix,8,85-60,2021,0.0,0.0,0,drone,1,9.489961992702219e-05,2925,0.00389088441700791,True
GaussianBudget100M_LinearMinTime,Feldmiller_2021-CASRF-000413,20210619,22,pyrologix,8,50-15,2021,0.0,0.0,-1,undetected,1,9.489961992702219e-05,5305,0.004270482896715999,True
GaussianBudget100M_LinearMinTime,Fisher_2021-CASHF-000647,20210520,7,pyrologix,6,36-42,2021,0.0,0.0,0,drone,1,9.489961992702219e-05,2080,0.004175583276788976,True
GaussianBudget100M_LinearMinTime,Fork_2021-CASRF-000270,20210510,17,pyrologix,5,36-21,2021,0.0,0.0,0,drone,1,9.489961992702219e-05,2160,0.004365382516643021,True
GaussianBudget100M_LinearMinTime,Frazier_2021-CALPF-000952,20210430,18,pyrologix,1,192-62,2021,0.0,0.0,0,drone,1,9.489961992702219e-05,655,0.00389088441700791,True
GaussianBudget100M_LinearMinTime,French_2021-CATNF-001393,20210722,20,pyrologix,5,78-61,2021,0.0,0.0,0,drone,1,9.489961992702219e-05,1975,0.004460282136570043,True
GaussianBudget100M_LinearMinTime,GABRIEL_2021-CAANF-001318,20210429,3,pyrologix,7,205-83,2021,0.0,0.0,0,drone,1,9.489961992702219e-05,2530,0.004365382516643021,True
GaussianBudget100M_LinearMinTime,GAGGS_2021-CASNF-001725,20211010,12,pyrologix,8,131-69,2021,0.0,0.0,0,drone,1,9.489961992702219e-05,3175,0.004270482896715999,True
GaussianBudget100M_LinearMinTime,GALLOWAY_2021-CATNF-000698,20210505,12,pyrologix,6,78-54,2021,0.0,0.0,0,drone,1,9.489961992702219e-05,2345,0.004460282136570043,True
GaussianBudget100M_LinearMinTime,GAP_2021-CASTF-001059,20210611,13,pyrologix,7,113-61,2021,0.0,0.0,0,drone,1,9.489961992702219e-05,2730,0.004365382516643021,True
GaussianBudget100M_LinearMinTime,GARDEN_2021-CAKNF-006380,20210731,21,pyrologix,12,29-30,2021,0.0,0.0,0,drone,1,9.489961992702219e-05,4545,0.0046500813764240876,True
GaussianBudget100M_LinearMinTime,GARDEN_2021-CASQF-002738,20210814,20,pyrologix,5,173-77,2021,0.0,0.0,3,drone,1,9.489961992702219e-05,3345,0.0046500813764240876,True
GaussianBudget100M_LinearMinTime,GEM__2021-CAINF-002224,20210825,16,pyrologix,11,128-73,2021,0.0,0.0,0,drone,1,9.489961992702219e-05,4285,0.004270482896715999,True
GaussianBudget100M_LinearMinTime,GILMAN_2021-CASHF-001271,20210815,14,pyrologix,9,43-41,2021,0.0,0.0,2,drone,1,9.489961992702219e-05,4180,0.004365382516643021,True
GaussianBudget100M_LinearMinTime,GINGER_BREAD_2021-CABDF-018471,20211129,19,pyrologix,3,223-101,2021,0.0,0.0,3,drone,1,9.489961992702219e-05,2335,0.004460282136570043,True
GaussianBudget100M_LinearMinTime,GLACIER_NORTH_2021-CAINF-001732,20210715,14,pyrologix,2,none,2021,0.0,0.0,-1,undetected,1,9.489961992702219e-05,0,0.0,False
GaussianBudget100M_LinearMinTime,GLACIER__2021-CAINF-001723,20210714,15,pyrologix,11,none,2021,0.0,0.0,-1,undetected,1,9.489961992702219e-05,0,0.0,False
GaussianBudget100M_LinearMinTime,GLADE_2021-CAKNF-006405,20210731,13,pyrologix,8,19-40,2021,0.0,0.0,1,drone,1,9.489961992702219e-05,3360,0.003795984797080888,True
GaussianBudget100M_LinearMinTime,GLASS_2021-CAINF-000874,20210522,15,pyrologix,10,123-82,2021,0.0,0.0,0,drone,1,9.489961992702219e-05,3745,0.004270482896715999,True
GaussianBudget100M_LinearMinTime,GOBBI_2021-CAENF-023392,20210809,15,pyrologix,12,99-61,2021,0.0,0.0,-1,undetected,1,9.489961992702219e-05,7315,0.0033214866974457763,True
GaussianBudget100M_LinearMinTime,GOLDEN_2021-CAANF-002886,20210803,23,pyrologix,7,194-68,2021,0.0,0.0,0,drone,1,9.489961992702219e-05,2740,0.004460282136570043,True
GaussianBudget100M_LinearMinTime,GOLD_2021-CASHF-000580,20210512,21,pyrologix,4,36-35,2021,0.0,0.0,1,drone,1,9.489961992702219e-05,2175,0.004175583276788976,True
GaussianBudget100M_LinearMinTime,GOODALE_2021-CAINF-001466,20210629,19,pyrologix,7,none,2021,0.0,0.0,-1,undetected,1,9.489961992702219e-05,0,0.0,False
GaussianBudget100M_LinearMinTime,GOOSEBERRY__2021-CASNF-000626,20210621,18,pyrologix,12,131-69,2021,0.0,0.0,0,drone,1,9.489961992702219e-05,4970,0.004270482896715999,True
GaussianBudget100M_LinearMinTime,GORDONS_2021-CAKNF-002282,20210329,0,pyrologix,2,22-26,2021,0.0,0.0,0,drone,1,9.489961992702219e-05,875,0.00389088441700791,True
GaussianBudget100M_LinearMinTime,GRAHAM_2021-CAKNF-006462,20210801,17,pyrologix,8,29-30,2021,0.0,0.0,0,drone,1,9.489961992702219e-05,3045,0.0046500813764240876,True
GaussianBudget100M_LinearMinTime,GRAND_VIEW_2021-CABDF-012129,20210810,20,pyrologix,5,209-97,2021,0.0,0.0,1,drone,1,9.489961992702219e-05,2270,0.0040806836568619545,True
GaussianBudget100M_LinearMinTime,GRAPVINE_2021-CABDF-006945,20210421,12,pyrologix,9,207-90,2021,0.0,0.0,1,drone,1,9.489961992702219e-05,3620,0.0037010851771538656,True
GaussianBudget100M_LinearMinTime,GRASSY_2021-CASHF-000618,20210516,21,pyrologix,8,43-20,2021,0.0,0.0,-1,undetected,1,9.489961992702219e-05,1310,0.00389088441700791,True
GaussianBudget100M_LinearMinTime,GRASS_2021-CATMU-018337,20210628,18,pyrologix,3,99-68,2021,0.0,0.0,0,drone,1,9.489961992702219e-05,1325,0.0037010851771538656,True
GaussianBudget100M_LinearMinTime,GRAVEL__2021-CAMDF-002888,20211015,17,pyrologix,10,31-80,2021,0.0,0.0,-1,undetected,1,9.489961992702219e-05,1270,0.002941888217737688,True
GaussianBudget100M_LinearMinTime,GRAVEYARD_2021-CAANF-002217,20210626,7,pyrologix,11,202-76,2021,0.0,0.0,0,drone,1,9.489961992702219e-05,4125,0.0040806836568619545,True
GaussianBudget100M_LinearMinTime,GRAYS_2021-CAINF-002723,20211012,20,pyrologix,6,151-86,2021,0.0,0.0,0,drone,1,9.489961992702219e-05,2320,0.004365382516643021,True
GaussianBudget100M_LinearMinTime,GRAYS__2021-CABDF-011709,20210731,22,pyrologix,3,209-97,2021,0.0,0.0,0,drone,1,9.489961992702219e-05,1500,0.0040806836568619545,True
GaussianBudget100M_LinearMinTime,GREENWOOD_2021-CABDF-010939,20210713,18,pyrologix,10,207-90,2021,0.0,0.0,0,drone,1,9.489961992702219e-05,3560,0.0037010851771538656,True
GaussianBudget100M_LinearMinTime,GREY_2021-CASNF-000381,20210523,13,pyrologix,12,131-69,2021,0.0,0.0,0,drone,1,9.489961992702219e-05,4935,0.004270482896715999,True
GaussianBudget100M_LinearMinTime,GRIZZLY_2021-CASNF-001239,20210812,17,pyrologix,11,131-69,2021,0.0,0.0,0,drone,1,9.489961992702219e-05,4425,0.004270482896715999,True
GaussianBudget100M_LinearMinTime,GROUSE_2021-CAKNF-003646,20210515,19,pyrologix,9,36-28,2021,0.0,0.0,0,drone,1,9.489961992702219e-05,3380,0.004555181756497065,True
GaussianBudget100M_LinearMinTime,GROUSE__2021-CASTF-001968,20210801,17,pyrologix,11,110-68,2021,0.0,0.0,0,drone,1,9.489961992702219e-05,4530,0.0046500813764240876,True
GaussianBudget100M_LinearMinTime,GROUT_2021-CABDF-011710,20210731,23,pyrologix,1,209-97,2021,0.0,0.0,0,drone,1,9.489961992702219e-05,490,0.0033214866974457763,True
GaussianBudget100M_LinearMinTime,GROVE_2021-CATNF-001750,20210908,21,pyrologix,2,85-60,2021,0.0,0.0,0,drone,1,9.489961992702219e-05,875,0.00389088441700791,True
GaussianBudget100M_LinearMinTime,GULCH_2021-CAANF-003619,20210926,19,pyrologix,12,195-74,2021,0.0,0.0,1,drone,1,9.489961992702219e-05,4925,0.0040806836568619545,True
GaussianBudget100M_LinearMinTime,GULCH_2021-CAINF-001453,20210629,1,pyrologix,9,116-79,2021,0.0,0.0,-1,undetected,1,9.489961992702219e-05,5795,0.0037010851771538656,True
GaussianBudget100M_LinearMinTime,GULCH_2021-CASHF-001073,20210713,20,pyrologix,8,50-22,2021,0.0,0.0,0,drone,1,9.489961992702219e-05,3055,0.0046500813764240876,True
GaussianBudget100M_LinearMinTime,GULCH_KRRD_2021-CASQF-002361,20210719,21,pyrologix,2,173-77,2021,0.0,0.0,3,drone,1,9.489961992702219e-05,2205,0.004555181756497065,True
GaussianBudget100M_LinearMinTime,GUM__2021-CASTF-001887,20210730,14,pyrologix,8,110-68,2021,0.0,0.0,0,drone,1,9.489961992702219e-05,3120,0.0046500813764240876,True
GaussianBudget100M_LinearMinTime,GUNN_2021-CABDF-014268,20210930,19,pyrologix,2,207-90,2021,0.0,0.0,0,drone,1,9.489961992702219e-05,760,0.003511285937299821,True
GaussianBudget100M_LinearMinTime,Genesee_2021-CAPNF-000668,20210524,22,pyrologix,1,71-57,2021,0.0,0.0,5,drone,1,9.489961992702219e-05,2145,0.004555181756497065,True
GaussianBudget100M_LinearMinTime,Gibraltar_2021-CALPF-001128,20210522,0,pyrologix,1,191-48,2021,0.0,0.0,0,drone,1,9.489961992702219e-05,605,0.003226587077518755,True
GaussianBudget100M_LinearMinTime,Gifford_2021-CALPF-001818,20210712,0,pyrologix,12,none,2021,0.0,0.0,-1,undetected,1,9.489961992702219e-05,0,0.0,False
GaussianBudget100M_LinearMinTime,Gold_2021-CACNF-001588,20210601,14,pyrologix,6,244-95,2021,0.0,0.0,0,drone,1,9.489961992702219e-05,2400,0.0034163863173727986,True
GaussianBudget100M_LinearMinTime,Gold__2021-CAPNF-003260,20211031,15,pyrologix,10,78-61,2021,0.0,0.0,0,drone,1,9.489961992702219e-05,3785,0.004555181756497065,True
GaussianBudget100M_LinearMinTime,Gomez_2021-CACNF-003031,20210924,18,pyrologix,9,230-93,2021,0.0,0.0,-1,undetected,1,9.489961992702219e-05,5145,0.0037010851771538656,True
GaussianBudget100M_LinearMinTime,Granite_2021-CASHF-000774,20210602,7,pyrologix,7,43-34,2021,0.0,0.0,0,drone,1,9.489961992702219e-05,2640,0.004555181756497065,True
GaussianBudget100M_LinearMinTime,Grassy_2021-CASRF-000451,20210625,18,pyrologix,6,15-19,2021,0.0,0.0,0,drone,1,9.489961992702219e-05,2295,0.004365382516643021,True
GaussianBudget100M_LinearMinTime,Greenhorn_2021-CAPNF-000421,20210413,22,pyrologix,6,71-57,2021,0.0,0.0,0,drone,1,9.489961992702219e-05,2185,0.004555181756497065,True
GaussianBudget100M_LinearMinTime,Gregg_2021-CASRF-000312,20210521,13,pyrologix,10,36-21,2021,0.0,0.0,1,drone,1,9.489961992702219e-05,4730,0.004460282136570043,True
GaussianBudget100M_LinearMinTime,Grizzly_2021-CAPNF-000697,20210529,16,pyrologix,11,71-64,2021,0.0,0.0,-1,undetected,1,9.489961992702219e-05,2535,0.004460282136570043,True
GaussianBudget100M_LinearMinTime,H-1_CABLE_2021-CALNF-002461,20210515,1,pyrologix,11,50-54,2021,0.0,0.0,-1,undetected,1,9.489961992702219e-05,3290,0.004555181756497065,True
GaussianBudget100M_LinearMinTime,H-1_MOON_2021-CALNF-003400,20210624,20,pyrologix,9,50-54,2021,0.0,0.0,-1,undetected,1,9.489961992702219e-05,3290,0.004555181756497065,True
GaussianBudget100M_LinearMinTime,H-3_FORD_2021-CALNF-002493,20210515,19,pyrologix,9,57-53,2021,0.0,0.0,2,drone,1,9.489961992702219e-05,4140,0.0046500813764240876,True
GaussianBudget100M_LinearMinTime,H-3_LOST_2021-CALNF-003447,20210625,0,pyrologix,1,50-54,2021,0.0,0.0,0,drone,1,9.489961992702219e-05,560,0.0031316874575917325,True
GaussianBudget100M_LinearMinTime,H-4_UNION_2021-CALNF-002511,20210516,17,pyrologix,4,50-54,2021,0.0,0.0,2,drone,1,9.489961992702219e-05,2660,0.004460282136570043,True
GaussianBudget100M_LinearMinTime,H-5_CINDER_2021-CALNF-002519,20210516,21,pyrologix,4,50-54,2021,0.0,0.0,1,drone,1,9.489961992702219e-05,2195,0.004460282136570043,True
GaussianBudget100M_LinearMinTime,HALLS_2021-CAMDF-003039,20211208,17,pyrologix,10,36-77,2021,0.0,0.0,0,drone,1,9.489961992702219e-05,3820,0.004175583276788976,True
GaussianBudget100M_LinearMinTime,HAMBONE_2021-CASHF-001233,20210806,16,pyrologix,5,36-56,2021,0.0,0.0,2,drone,1,9.489961992702219e-05,2710,0.004365382516643021,True
GaussianBudget100M_LinearMinTime,HARDEN_2021-CASTF-001794,20210723,17,pyrologix,7,123-62,2021,0.0,0.0,1,drone,1,9.489961992702219e-05,2885,0.0046500813764240876,True
GaussianBudget100M_LinearMinTime,HARDEN_2__2021-CASTF-001795,20210723,16,pyrologix,10,123-62,2021,0.0,0.0,2,drone,1,9.489961992702219e-05,4285,0.0046500813764240876,True
GaussianBudget100M_LinearMinTime,HARRIS_2021-CATNF-001509,20210803,13,pyrologix,11,78-61,2021,0.0,0.0,0,drone,1,9.489961992702219e-05,4325,0.0046500813764240876,True
GaussianBudget100M_LinearMinTime,HARWOOD_2021-CAANF-004254,20211129,7,pyrologix,2,207-90,2021,0.0,0.0,0,drone,1,9.489961992702219e-05,975,0.0037010851771538656,True
GaussianBudget100M_LinearMinTime,HATCHERY_2021-CABDF-014811,20211011,19,pyrologix,3,212-104,2021,0.0,0.0,0,drone,1,9.489961992702219e-05,1160,0.0037010851771538656,True
GaussianBudget100M_LinearMinTime,HATHAWAY_2021-CABDF-010788,20210710,17,pyrologix,9,209-97,2021,0.0,0.0,0,drone,1,9.489961992702219e-05,3555,0.004365382516643021,True
GaussianBudget100M_LinearMinTime,HAYFORK_2021-CASHU-008170,20210803,4,pyrologix,9,43-27,2021,0.0,0.0,1,drone,1,9.489961992702219e-05,3630,0.0046500813764240876,True
GaussianBudget100M_LinearMinTime,HAYPRESS_2021-CAKNF-006414,20210731,16,pyrologix,11,36-28,2021,0.0,0.0,0,drone,1,9.489961992702219e-05,4210,0.0046500813764240876,True
GaussianBudget100M_LinearMinTime,HAZEL_2021-CAAEU-015966,20210608,20,pyrologix,6,99-54,2021,0.0,0.0,0,drone,1,9.489961992702219e-05,2230,0.0036061855572268433,True
GaussianBudget100M_LinearMinTime,HEBRON_2021-CAKNF-003605,20210515,0,pyrologix,4,29-51,2021,0.0,0.0,2,drone,1,9.489961992702219e-05,2395,0.004555181756497065,True
GaussianBudget100M_LinearMinTime,HENRY_2021-CASTF-001280,20210625,15,pyrologix,12,103-69,2021,0.0,0.0,-1,undetected,1,9.489961992702219e-05,1325,0.004270482896715999,True
GaussianBudget100M_LinearMinTime,HIDDEN__2021-CAANF-003478,20210913,5,pyrologix,1,202-76,2021,0.0,0.0,1,drone,1,9.489961992702219e-05,1035,0.003795984797080888,True
GaussianBudget100M_LinearMinTime,HIGHLAND__2021-CASTF-001735,20210719,21,pyrologix,4,103-69,2021,0.0,0.0,-1,undetected,1,9.489961992702219e-05,1325,0.004270482896715999,True
GaussianBudget100M_LinearMinTime,HIGHWAY_2021-CABDF-014988,20211016,9,pyrologix,10,207-90,2021,0.0,0.0,0,drone,1,9.489961992702219e-05,3830,0.003795984797080888,True
GaussianBudget100M_LinearMinTime,HIGH_POINT_2021-CAKNF-006402,20210731,13,pyrologix,7,29-30,2021,0.0,0.0,2,drone,1,9.489961992702219e-05,3520,0.0046500813764240876,True
GaussianBudget100M_LinearMinTime,HILL_2021-CAANF-003660,20211001,19,pyrologix,12,none,2021,0.0,0.0,-1,undetected,1,9.489961992702219e-05,0,0.0,False
GaussianBudget100M_LinearMinTime,HILL_2021-CABDF-004239,20210305,18,pyrologix,6,207-90,2021,0.0,0.0,0,drone,1,9.489961992702219e-05,2305,0.0037010851771538656,True
GaussianBudget100M_LinearMinTime,HILL_2021-CASHF-000537,20210504,18,pyrologix,4,36-42,2021,0.0,0.0,0,drone,1,9.489961992702219e-05,1650,0.004175583276788976,True
GaussianBudget100M_LinearMinTime,HILL_2021-CASTF-001910,20210731,2,pyrologix,1,106-62,2021,0.0,0.0,0,drone,1,9.489961992702219e-05,625,0.0033214866974457763,True
GaussianBudget100M_LinearMinTime,HILTON_2021-CAINF-001144,20210608,18,pyrologix,5,none,2021,0.0,0.0,-1,undetected,1,9.489961992702219e-05,0,0.0,False
GaussianBudget100M_LinearMinTime,HIRAM_2021-CASTF-002595,20210929,11,pyrologix,11,110-68,2021,0.0,0.0,1,drone,1,9.489961992702219e-05,4925,0.0046500813764240876,True
GaussianBudget100M_LinearMinTime,HOBART__2021-CASTF-002083,20210809,22,pyrologix,12,110-68,2021,0.0,0.0,0,drone,1,9.489961992702219e-05,4870,0.0046500813764240876,True
GaussianBudget100M_LinearMinTime,HOGSBACK_2021-CAANF-000137,20210114,12,pyrologix,12,205-83,2021,0.0,0.0,0,drone,1,9.489961992702219e-05,4575,0.004460282136570043,True
GaussianBudget100M_LinearMinTime,HOLLY_2021-CABDF-018832,20211207,12,pyrologix,8,209-97,2021,0.0,0.0,0,drone,1,9.489961992702219e-05,3215,0.004175583276788976,True
GaussianBudget100M_LinearMinTime,HOME_2021-CATMU-027066,20210911,21,pyrologix,7,92-63,2021,0.0,0.0,-1,undetected,1,9.489961992702219e-05,4640,0.004175583276788976,True
GaussianBudget100M_LinearMinTime,HOOPER_KRRD_2021-CASQF-002348,20210719,6,pyrologix,9,173-77,2021,0.0,0.0,2,drone,1,9.489961992702219e-05,4545,0.0046500813764240876,True
GaussianBudget100M_LinearMinTime,HORSE_2021-CAKNF-002220,20210326,19,pyrologix,7,17-33,2021,0.0,0.0,-1,undetected,1,9.489961992702219e-05,2335,0.003985784036934932,True
GaussianBudget100M_LinearMinTime,HORSE_2021-CASQF-003069,20210910,10,pyrologix,11,166-78,2021,0.0,0.0,1,drone,1,9.489961992702219e-05,4615,0.004555181756497065,True
GaussianBudget100M_LinearMinTime,HORSE__2021-CAANF-003639,20210928,2,pyrologix,12,202-76,2021,0.0,0.0,1,drone,1,9.489961992702219e-05,4940,0.0040806836568619545,True
GaussianBudget100M_LinearMinTime,HOT_2021-CAINF-001450,20210629,0,pyrologix,6,128-80,2021,0.0,0.0,0,drone,1,9.489961992702219e-05,2315,0.004270482896715999,True
GaussianBudget100M_LinearMinTime,HOT_2021-CASQF-002231,20210713,12,pyrologix,4,173-77,2021,0.0,0.0,0,drone,1,9.489961992702219e-05,1700,0.004365382516643021,True
GaussianBudget100M_LinearMinTime,HUFFMAN_2021-CAMDF-002376,20210919,16,pyrologix,4,29-70,2021,0.0,0.0,0,drone,1,9.489961992702219e-05,1530,0.004460282136570043,True
GaussianBudget100M_LinearMinTime,HUMBUG_2021-CALNF-005233,20210902,17,pyrologix,8,64-52,2021,0.0,0.0,-1,undetected,1,9.489961992702219e-05,2675,0.004270482896715999,True
GaussianBudget100M_LinearMinTime,HUSKER_2021-CABDF-011130,20210718,13,pyrologix,8,223-101,2021,0.0,0.0,1,drone,1,9.489961992702219e-05,3430,0.004460282136570043,True
GaussianBudget100M_LinearMinTime,HWY_18____HWY_189_2021-CABDU-017482,20211203,10,pyrologix,3,209-97,2021,0.0,0.0,2,drone,1,9.489961992702219e-05,1965,0.0040806836568619545,True
GaussianBudget100M_LinearMinTime,Hallett_2021-CAPNF-001068,20210704,22,pyrologix,9,64-66,2021,0.0,0.0,0,drone,1,9.489961992702219e-05,3460,0.004175583276788976,True
GaussianBudget100M_LinearMinTime,Hallyeyaaw_2021-CACNF-002813,20210829,18,pyrologix,10,237-100,2021,0.0,0.0,0,drone,1,9.489961992702219e-05,3805,0.004555181756497065,True
GaussianBudget100M_LinearMinTime,Hart_2021-CAPNF-001527,20210809,15,pyrologix,6,71-50,2021,0.0,0.0,1,drone,1,9.489961992702219e-05,2585,0.004555181756497065,True
GaussianBudget100M_LinearMinTime,Hartman__2021-CAPNF-000997,20210629,15,pyrologix,2,71-50,2021,0.0,0.0,1,drone,1,9.489961992702219e-05,1385,0.004175583276788976,True
GaussianBudget100M_LinearMinTime,Henshaw_2021-CACNF-002366,20210723,17,pyrologix,10,230-100,2021,0.0,0.0,0,drone,1,9.489961992702219e-05,3875,0.004270482896715999,True
GaussianBudget100M_LinearMinTime,Hi_2021-CALPF-002405,20210828,16,pyrologix,2,174-44,2021,0.0,0.0,0,drone,1,9.489961992702219e-05,925,0.00389088441700791,True
GaussianBudget100M_LinearMinTime,Hlel_Din_2021-CASRF-000201,20210412,19,pyrologix,1,36-21,2021,0.0,0.0,0,drone,1,9.489961992702219e-05,580,0.003226587077518755,True
GaussianBudget100M_LinearMinTime,Hobart_2021-CASRF-000588,20210720,16,pyrologix,10,50-22,2021,0.0,0.0,0,drone,1,9.489961992702219e-05,3760,0.0046500813764240876,True
GaussianBudget100M_LinearMinTime,Holland_2021-CAPNF-000689,20210528,14,pyrologix,2,64-59,2021,0.0,0.0,0,drone,1,9.489961992702219e-05,825,0.0037010851771538656,True
GaussianBudget100M_LinearMinTime,Homestead_2021-CAPNF-000803,20210614,13,pyrologix,10,71-57,2021,0.0,0.0,0,drone,1,9.489961992702219e-05,3625,0.0046500813764240876,True
GaussianBudget100M_LinearMinTime,Honey_2021-CACNF-002374,20210724,17,pyrologix,11,244-95,2021,0.0,0.0,0,drone,1,9.489961992702219e-05,3940,0.003511285937299821,True
GaussianBudget100M_LinearMinTime,Humbug_2021-CAPNF-001356,20210730,21,pyrologix,9,71-64,2021,0.0,0.0,-1,undetected,1,9.489961992702219e-05,2535,0.004460282136570043,True
GaussianBudget100M_LinearMinTime,ICE_2021-CAENF-015133,20210601,18,pyrologix,4,99-61,2021,0.0,0.0,-1,undetected,1,9.489961992702219e-05,4035,0.0033214866974457763,True
GaussianBudget100M_LinearMinTime,INTERBAY_2021-CAENF-026980,20210910,10,pyrologix,11,92-56,2021,0.0,0.0,0,drone,1,9.489961992702219e-05,4850,0.004270482896715999,True
GaussianBudget100M_LinearMinTime,INTERSECTION_2021-CAANF-003983,20211031,19,pyrologix,4,202-76,2021,0.0,0.0,0,drone,1,9.489961992702219e-05,1690,0.003985784036934932,True
GaussianBudget100M_LinearMinTime,INTERSTATE_2021-CAANF-002677,20210719,18,pyrologix,11,194-68,2021,0.0,0.0,0,drone,1,9.489961992702219e-05,4360,0.004555181756497065,True
GaussianBudget100M_LinearMinTime,INYO_CREEK_2021-CAINF-001299,20210619,11,pyrologix,5,151-86,2021,0.0,0.0,0,drone,1,9.489961992702219e-05,1865,0.004270482896715999,True
GaussianBudget100M_LinearMinTime,IRONWOOD_2021-CABDF-011712,20210731,19,pyrologix,8,209-97,2021,0.0,0.0,0,drone,1,9.489961992702219e-05,3030,0.004175583276788976,True
GaussianBudget100M_LinearMinTime,ISLAND_2021-CAKNF-006317,20210730,0,pyrologix,5,29-30,2021,0.0,0.0,0,drone,1,9.489961992702219e-05,2095,0.004555181756497065,True
GaussianBudget100M_LinearMinTime,Indian_2021-CASHF-000840,20210611,19,pyrologix,12,43-41,2021,0.0,0.0,0,drone,1,9.489961992702219e-05,4635,0.004365382516643021,True
GaussianBudget100M_LinearMinTime,Ingalls_2021-CAPNF-001370,20210730,15,pyrologix,5,71-64,2021,0.0,0.0,0,drone,1,9.489961992702219e-05,1900,0.004460282136570043,True
GaussianBudget100M_LinearMinTime,JACKSON_2021-CAKNF-006054,20210722,22,pyrologix,1,15-26,2021,0.0,0.0,0,drone,1,9.489961992702219e-05,555,0.003511285937299821,True
GaussianBudget100M_LinearMinTime,JACKSON_2021-CATNF-001277,20210707,14,pyrologix,5,78-61,2021,0.0,0.0,0,drone,1,9.489961992702219e-05,2030,0.004555181756497065,True
GaussianBudget100M_LinearMinTime,JACK_2021-CAENF-027136,20210911,16,pyrologix,3,99-61,2021,0.0,0.0,-1,undetected,1,9.489961992702219e-05,3615,0.0033214866974457763,True
GaussianBudget100M_LinearMinTime,JENKS_2021-CABDF-015099,20211018,21,pyrologix,8,212-104,2021,0.0,0.0,0,drone,1,9.489961992702219e-05,3160,0.004175583276788976,True
GaussianBudget100M_LinearMinTime,JENNESS__2021-CASTF-002065,20210807,22,pyrologix,3,113-61,2021,0.0,0.0,0,drone,1,9.489961992702219e-05,1250,0.0040806836568619545,True
GaussianBudget100M_LinearMinTime,JENNINGS_2021-CAKNF-005044,20210625,16,pyrologix,5,29-30,2021,0.0,0.0,2,drone,1,9.489961992702219e-05,2625,0.0046500813764240876,True
GaussianBudget100M_LinearMinTime,JOAQUIN_2021-CAINF-001479,20210630,18,pyrologix,3,123-77,2021,0.0,0.0,0,drone,1,9.489961992702219e-05,1180,0.0033214866974457763,True
GaussianBudget100M_LinearMinTime,JONES_2021-CAENF-022004,20210729,4,pyrologix,12,99-61,2021,0.0,0.0,-1,undetected,1,9.489961992702219e-05,7315,0.0033214866974457763,True
GaussianBudget100M_LinearMinTime,JONES_2021-CAKNF-005026,20210625,2,pyrologix,10,29-30,2021,0.0,0.0,0,drone,1,9.489961992702219e-05,3990,0.0046500813764240876,True
GaussianBudget100M_LinearMinTime,JULY_2021-CAKNF-003631,20210515,13,pyrologix,12,36-28,2021,0.0,0.0,0,drone,1,9.489961992702219e-05,4675,0.0046500813764240876,True
GaussianBudget100M_LinearMinTime,JUNIPER_2021-CAMDF-000781,20210705,21,pyrologix,2,29-70,2021,0.0,0.0,3,drone,1,9.489961992702219e-05,1775,0.004555181756497065,True
GaussianBudget100M_LinearMinTime,Japatul_2021-CACNF-000210,20210120,12,pyrologix,12,244-101,2021,0.0,0.0,0,drone,1,9.489961992702219e-05,4925,0.004365382516643021,True
GaussianBudget100M_LinearMinTime,Johnson_2021-CAPNF-002668,20210926,18,pyrologix,11,71-57,2021,0.0,0.0,3,drone,1,9.489961992702219e-05,5005,0.0046500813764240876,True
GaussianBudget100M_LinearMinTime,Jordan_2021-CAPNF-000609,20210515,13,pyrologix,6,71-71,2021,0.0,0.0,-1,undetected,1,9.489961992702219e-05,850,0.0037010851771538656,True
GaussianBudget100M_LinearMinTime,KAISER_2021-CASNF-000351,20210515,21,pyrologix,2,131-69,2021,0.0,0.0,0,drone,1,9.489961992702219e-05,1195,0.004270482896715999,True
GaussianBudget100M_LinearMinTime,KAMOOK_2021-CASNF-000903,20210714,3,pyrologix,11,131-69,2021,0.0,0.0,-1,undetected,1,9.489961992702219e-05,6655,0.004365382516643021,True
GaussianBudget100M_LinearMinTime,KEENBROOK__2021-CABDF-007842,20210513,0,pyrologix,6,207-90,2021,0.0,0.0,0,drone,1,9.489961992702219e-05,2430,0.0037010851771538656,True
GaussianBudget100M_LinearMinTime,KELLY_2021-CAKNF-006382,20210731,2,pyrologix,2,29-30,2021,0.0,0.0,0,drone,1,9.489961992702219e-05,860,0.0040806836568619545,True
GaussianBudget100M_LinearMinTime,KELLY__2021-CAMDF-001437,20210813,23,pyrologix,5,36-70,2021,0.0,0.0,-1,undetected,1,9.489961992702219e-05,3935,0.004555181756497065,True
GaussianBudget100M_LinearMinTime,KENWOOD__2021-CABDF-007372,20210501,15,pyrologix,7,207-90,2021,0.0,0.0,0,drone,1,9.489961992702219e-05,2580,0.0037010851771538656,True
GaussianBudget100M_LinearMinTime,KINGFISHER_2021-CABDF-012449,20210817,19,pyrologix,6,223-101,2021,0.0,0.0,0,drone,1,9.489961992702219e-05,2220,0.004460282136570043,True
GaussianBudget100M_LinearMinTime,KINNEY__2021-CASHF-001131,20210721,20,pyrologix,5,43-27,2021,0.0,0.0,-1,undetected,1,9.489961992702219e-05,3895,0.0046500813764240876,True
GaussianBudget100M_LinearMinTime,KNOB_2021-CASQF-003074,20210910,17,pyrologix,1,160-85,2021,0.0,0.0,1,drone,1,9.489961992702219e-05,1090,0.00389088441700791,True
GaussianBudget100M_LinearMinTime,Kessler_2021-CAPNF-001359,20210730,20,pyrologix,12,64-59,2021,0.0,0.0,0,drone,1,9.489961992702219e-05,4605,0.0037010851771538656,True
GaussianBudget100M_LinearMinTime,Kitchen_2021-CACNF-001839,20210621,3,pyrologix,2,244-101,2021,0.0,0.0,0,drone,1,9.489961992702219e-05,1210,0.00389088441700791,True
GaussianBudget100M_LinearMinTime,Knob_2021-CASRF-000795,20210829,16,pyrologix,12,36-21,2021,0.0,0.0,0,drone,1,9.489961992702219e-05,5195,0.004460282136570043,True
GaussianBudget100M_LinearMinTime,Kumeyaay_2021-CACNF-003422,20211119,18,pyrologix,10,244-101,2021,0.0,0.0,0,drone,1,9.489961992702219e-05,4010,0.004270482896715999,True
GaussianBudget100M_LinearMinTime,L-1_WIDOW_2021-CALNF-002521,20210516,21,pyrologix,6,57-53,2021,0.0,0.0,0,drone,1,9.489961992702219e-05,2510,0.004555181756497065,True
GaussianBudget100M_LinearMinTime,L-2_CHRISTIE_2021-CALNF-004693,20210813,21,pyrologix,11,57-53,2021,0.0,0.0,0,drone,1,9.489961992702219e-05,4190,0.0046500813764240876,True
GaussianBudget100M_LinearMinTime,L-2_CYPRESS_2021-CALNF-003749,20210705,20,pyrologix,8,57-53,2021,0.0,0.0,0,drone,1,9.489961992702219e-05,3105,0.0046500813764240876,True
GaussianBudget100M_LinearMinTime,LAGOON_2021-CAANF-004253,20211129,6,pyrologix,1,201-68,2021,0.0,0.0,0,drone,1,9.489961992702219e-05,585,0.003226587077518755,True
GaussianBudget100M_LinearMinTime,LAGO_2021-CAANF-002115,20210620,2,pyrologix,9,194-68,2021,0.0,0.0,0,drone,1,9.489961992702219e-05,3535,0.004460282136570043,True
GaussianBudget100M_LinearMinTime,LAKECAMP_2021-CASNF-000962,20210719,22,pyrologix,2,135-76,2021,0.0,0.0,0,drone,1,9.489961992702219e-05,940,0.00389088441700791,True
GaussianBudget100M_LinearMinTime,LAKESHORE_2021-CASNF-000346,20210515,14,pyrologix,2,135-76,2021,0.0,0.0,1,drone,1,9.489961992702219e-05,1350,0.004365382516643021,True
GaussianBudget100M_LinearMinTime,LAKE_2021-CASTF-002696,20211015,19,pyrologix,6,110-68,2021,0.0,0.0,1,drone,1,9.489961992702219e-05,2835,0.0046500813764240876,True
GaussianBudget100M_LinearMinTime,LAKE_2021-CATNF-000732,20210515,20,pyrologix,2,85-60,2021,0.0,0.0,0,drone,1,9.489961992702219e-05,775,0.00389088441700791,True
GaussianBudget100M_LinearMinTime,LAKIN_2021-CASHF-001235,20210806,16,pyrologix,6,36-56,2021,0.0,0.0,1,drone,1,9.489961992702219e-05,2710,0.004365382516643021,True
GaussianBudget100M_LinearMinTime,LANCASTER_2021-CAANF-003148,20210823,7,pyrologix,11,194-68,2021,0.0,0.0,0,drone,1,9.489961992702219e-05,4360,0.004555181756497065,True
GaussianBudget100M_LinearMinTime,LANDING__2021-CAANF-003335,20210905,16,pyrologix,1,194-68,2021,0.0,0.0,0,drone,1,9.489961992702219e-05,465,0.0026571893579566213,True
GaussianBudget100M_LinearMinTime,LANG_2021-CATNF-001555,20210810,9,pyrologix,12,85-60,2021,0.0,0.0,0,drone,1,9.489961992702219e-05,4445,0.00389088441700791,True
GaussianBudget100M_LinearMinTime,LARCH_2021-CAENF-008992,20210403,16,pyrologix,5,99-61,2021,0.0,0.0,0,drone,1,9.489961992702219e-05,2225,0.0033214866974457763,True
GaussianBudget100M_LinearMinTime,LASSEN_2021-CASTF-000072,20210111,16,pyrologix,5,113-61,2021,0.0,0.0,0,drone,1,9.489961992702219e-05,1990,0.004175583276788976,True
GaussianBudget100M_LinearMinTime,LAUER_2021-CAMDF-001446,20210813,13,pyrologix,11,36-77,2021,0.0,0.0,2,drone,1,9.489961992702219e-05,5035,0.004175583276788976,True
GaussianBudget100M_LinearMinTime,LAVA_2021-CASHF-000949,20210625,3,pyrologix,1,29-44,2021,0.0,0.0,0,drone,1,9.489961992702219e-05,805,0.0034163863173727986,True
GaussianBudget100M_LinearMinTime,LA_HONDA_2021-CAKNF-005004,20210625,20,pyrologix,10,29-51,2021,0.0,0.0,-1,undetected,1,9.489961992702219e-05,3240,0.0046500813764240876,True
GaussianBudget100M_LinearMinTime,LA_HONDA_WELL_2021-CAKNF-006467,20210801,18,pyrologix,9,29-51,2021,0.0,0.0,-1,undetected,1,9.489961992702219e-05,3240,0.0046500813764240876,True
GaussianBudget100M_LinearMinTime,LEE_2021-CAINF-001186,20210611,20,pyrologix,1,123-77,2021,0.0,0.0,0,drone,1,9.489961992702219e-05,825,0.0031316874575917325,True
GaussianBudget100M_LinearMinTime,LEONA_2021-CAANF-003807,20211013,23,pyrologix,5,195-74,2021,0.0,0.0,2,drone,1,9.489961992702219e-05,2625,0.0037010851771538656,True
GaussianBudget100M_LinearMinTime,LEROY_2021-CABDF-007219,20210427,19,pyrologix,2,207-90,2021,0.0,0.0,0,drone,1,9.489961992702219e-05,760,0.003511285937299821,True
GaussianBudget100M_LinearMinTime,LEWIS__2021-CASTF-000836,20210526,19,pyrologix,5,113-61,2021,0.0,0.0,0,drone,1,9.489961992702219e-05,2230,0.004175583276788976,True
GaussianBudget100M_LinearMinTime,LIME_2021-CAKNF-006363,20210730,19,pyrologix,10,23-33,2021,0.0,0.0,-1,undetected,1,9.489961992702219e-05,430,0.003226587077518755,True
GaussianBudget100M_LinearMinTime,LINE_2021-CAMDF-001054,20210729,23,pyrologix,4,31-80,2021,0.0,0.0,-1,undetected,1,9.489961992702219e-05,1270,0.002941888217737688,True
GaussianBudget100M_LinearMinTime,LINE_2021-CATCU-004017,20210328,17,pyrologix,9,120-59,2021,0.0,0.0,0,drone,1,9.489961992702219e-05,3305,0.0046500813764240876,True
GaussianBudget100M_LinearMinTime,LITTLE_2021-CABDF-012135,20210810,19,pyrologix,9,212-104,2021,0.0,0.0,0,drone,1,9.489961992702219e-05,3430,0.004175583276788976,True
GaussianBudget100M_LinearMinTime,LITTLE_MARBLE_2021-CAKNF-007809,20210908,11,pyrologix,8,23-33,2021,0.0,0.0,-1,undetected,1,9.489961992702219e-05,430,0.003226587077518755,True
GaussianBudget100M_LinearMinTime,LITTLE_SWEDEN_1_2021-CASTF-001777,20210722,3,pyrologix,9,113-61,2021,0.0,0.0,0,drone,1,9.489961992702219e-05,3315,0.004460282136570043,True
GaussianBudget100M_LinearMinTime,LITTLE_SWEDEN_3__2021-CASTF-001782,20210722,14,pyrologix,5,113-61,2021,0.0,0.0,0,drone,1,9.489961992702219e-05,1990,0.004175583276788976,True
GaussianBudget100M_LinearMinTime,LODGE_2021-CALNF-002298,20210507,14,pyrologix,11,57-60,2021,0.0,0.0,-1,undetected,1,9.489961992702219e-05,685,0.00303678783766471,True
GaussianBudget100M_LinearMinTime,LODGE_2021-CASTF-002426,20210910,2,pyrologix,9,123-62,2021,0.0,0.0,1,drone,1,9.489961992702219e-05,3880,0.0046500813764240876,True
GaussianBudget100M_LinearMinTime,LOGGING_2021-CAINF-000049,20210108,19,pyrologix,9,none,2021,0.0,0.0,-1,undetected,1,9.489961992702219e-05,0,0.0,False
GaussianBudget100M_LinearMinTime,LOMAR_KRRD_2021-CASQF-002357,20210719,15,pyrologix,4,180-80,2021,0.0,0.0,0,drone,1,9.489961992702219e-05,1705,0.004460282136570043,True
GaussianBudget100M_LinearMinTime,LOMA__2021-CAANF-002264,20210628,0,pyrologix,8,none,2021,0.0,0.0,-1,undetected,1,9.489961992702219e-05,0,0.0,False
GaussianBudget100M_LinearMinTime,LONEY_2021-CATNF-001766,20210910,13,pyrologix,9,85-60,2021,0.0,0.0,0,drone,1,9.489961992702219e-05,3475,0.00389088441700791,True
GaussianBudget100M_LinearMinTime,LONE_2021-CABDF-010482,20210704,18,pyrologix,5,207-90,2021,0.0,0.0,0,drone,1,9.489961992702219e-05,1980,0.0037010851771538656,True
GaussianBudget100M_LinearMinTime,LONE_PINE_2021-CABDF-014910,20211013,20,pyrologix,6,207-90,2021,0.0,0.0,0,drone,1,9.489961992702219e-05,2305,0.0037010851771538656,True
GaussianBudget100M_LinearMinTime,LONG_2021-CAKNF-006470,20210801,21,pyrologix,4,36-35,2021,0.0,0.0,0,drone,1,9.489961992702219e-05,1660,0.004175583276788976,True
GaussianBudget100M_LinearMinTime,LONG_2021-CASQF-001856,20210630,19,pyrologix,9,180-80,2021,0.0,0.0,1,drone,1,9.489961992702219e-05,3775,0.0046500813764240876,True
GaussianBudget100M_LinearMinTime,LONG_2021-CATNF-001452,20210730,16,pyrologix,5,85-60,2021,0.0,0.0,0,drone,1,9.489961992702219e-05,2165,0.00389088441700791,True
GaussianBudget100M_LinearMinTime,LONG_2021-CATNF-001958,20210930,22,pyrologix,4,85-60,2021,0.0,0.0,0,drone,1,9.489961992702219e-05,1755,0.00389088441700791,True
GaussianBudget100M_LinearMinTime,LOOKOUT_2021-CAINF-000738,20210505,15,pyrologix,3,128-80,2021,0.0,0.0,0,drone,1,9.489961992702219e-05,1200,0.003985784036934932,True
GaussianBudget100M_LinearMinTime,LOONEY_2021-CASTF-000755,20210516,23,pyrologix,12,113-61,2021,0.0,0.0,0,drone,1,9.489961992702219e-05,4640,0.0046500813764240876,True
GaussianBudget100M_LinearMinTime,LOOP_2021-CAINF-002421,20210907,19,pyrologix,5,128-80,2021,0.0,0.0,0,drone,1,9.489961992702219e-05,2005,0.0040806836568619545,True
GaussianBudget100M_LinearMinTime,LOPEZ_2021-CAANF-004215,20211125,14,pyrologix,12,202-76,2021,0.0,0.0,0,drone,1,9.489961992702219e-05,4415,0.0040806836568619545,True
GaussianBudget100M_LinearMinTime,LOST_2021-CASHF-001199,20210801,15,pyrologix,10,36-56,2021,0.0,0.0,0,drone,1,9.489961992702219e-05,4020,0.0046500813764240876,True
GaussianBudget100M_LinearMinTime,LOVERS_2021-CASHF-000918,20210622,17,pyrologix,11,43-20,2021,0.0,0.0,-1,undetected,1,9.489961992702219e-05,1310,0.00389088441700791,True
GaussianBudget100M_LinearMinTime,LOWER_2021-CASHF-000451,20210413,22,pyrologix,5,43-41,2021,0.0,0.0,0,drone,1,9.489961992702219e-05,1970,0.004175583276788976,True
GaussianBudget100M_LinearMinTime,LOWER_BEAR_2021-CAENF-024077,20210815,7,pyrologix,4,106-62,2021,0.0,0.0,3,drone,1,9.489961992702219e-05,2950,0.004460282136570043,True
GaussianBudget100M_LinearMinTime,LOYALTON_2021-CATNF-000705,20210506,22,pyrologix,2,78-68,2021,0.0,0.0,0,drone,1,9.489961992702219e-05,1030,0.0036061855572268433,True
GaussianBudget100M_LinearMinTime,LOYALTON_2021-CATNF-001784,20210911,20,pyrologix,3,78-68,2021,0.0,0.0,0,drone,1,9.489961992702219e-05,1275,0.003985784036934932,True
GaussianBudget100M_LinearMinTime,LUMP_2021-CABDF-012137,20210811,22,pyrologix,4,212-104,2021,0.0,0.0,0,drone,1,9.489961992702219e-05,1855,0.003985784036934932,True
GaussianBudget100M_LinearMinTime,LUTHER_PASS_CAMPGROUND_LA_2021-CATMU-016173,20210610,17,pyrologix,4,99-68,2021,0.0,0.0,0,drone,1,9.489961992702219e-05,1765,0.0040806836568619545,True
GaussianBudget100M_LinearMinTime,LYNX_2021-CAAEU-000722,20210108,12,pyrologix,1,99-54,2021,0.0,0.0,0,drone,1,9.489961992702219e-05,750,0.003511285937299821,True
GaussianBudget100M_LinearMinTime,LYONS_2021-CAENF-017823,20210624,19,pyrologix,2,99-61,2021,0.0,0.0,-1,undetected,1,9.489961992702219e-05,3200,0.0033214866974457763,True
GaussianBudget100M_LinearMinTime,LYONS_2021-CAENF-020983,20210625,21,pyrologix,9,99-61,2021,0.0,0.0,-1,undetected,1,9.489961992702219e-05,6060,0.0033214866974457763,True
GaussianBudget100M_LinearMinTime,LYONS_2021-CASTF-000711,20210513,15,pyrologix,11,113-61,2021,0.0,0.0,0,drone,1,9.489961992702219e-05,4030,0.0046500813764240876,True
GaussianBudget100M_LinearMinTime,LYTLE_2021-CABDF-001107,20210115,23,pyrologix,12,207-90,2021,0.0,0.0,1,drone,1,9.489961992702219e-05,4690,0.00389088441700791,True
GaussianBudget100M_LinearMinTime,La_Panza_2021-CALPF-001525,20210621,16,pyrologix,11,174-44,2021,0.0,0.0,0,drone,1,9.489961992702219e-05,4040,0.0046500813764240876,True
GaussianBudget100M_LinearMinTime,Lake_2021-CASRF-000559,20210714,18,pyrologix,5,50-22,2021,0.0,0.0,1,drone,1,9.489961992702219e-05,2500,0.004460282136570043,True
GaussianBudget100M_LinearMinTime,Lakeshore_2021-CASHF-000967,20210627,20,pyrologix,7,43-41,2021,0.0,0.0,0,drone,1,9.489961992702219e-05,2715,0.004175583276788976,True
GaussianBudget100M_LinearMinTime,Lassic__2021-CASRF-000388,20210611,23,pyrologix,8,50-15,2021,0.0,0.0,0,drone,1,9.489961992702219e-05,3275,0.004175583276788976,True
GaussianBudget100M_LinearMinTime,Liberty_2021-CAPNF-000250,20210313,22,pyrologix,3,71-57,2021,0.0,0.0,0,drone,1,9.489961992702219e-05,1115,0.0040806836568619545,True
GaussianBudget100M_LinearMinTime,Linton_2021-CASHF-000611,20210515,18,pyrologix,3,43-34,2021,0.0,0.0,0,drone,1,9.489961992702219e-05,1205,0.004460282136570043,True
GaussianBudget100M_LinearMinTime,Lion_2021-CAENF-011521,20210429,20,pyrologix,8,92-56,2021,0.0,0.0,-1,undetected,1,9.489961992702219e-05,5710,0.004270482896715999,True
GaussianBudget100M_LinearMinTime,Lizard_2021-CALPF-001965,20210721,23,pyrologix,7,191-48,2021,0.0,0.0,0,drone,1,9.489961992702219e-05,2670,0.004270482896715999,True
GaussianBudget100M_LinearMinTime,Locker__2021-CAPNF-000924,20210625,21,pyrologix,10,78-61,2021,0.0,0.0,2,drone,1,9.489961992702219e-05,4665,0.0046500813764240876,True
GaussianBudget100M_LinearMinTime,Logan_2021-CASHF-000606,20210515,12,pyrologix,12,43-27,2021,0.0,0.0,0,drone,1,9.489961992702219e-05,4355,0.0046500813764240876,True
GaussianBudget100M_LinearMinTime,Lone_Rock_2021-CAPNF-001487,20210806,15,pyrologix,6,64-59,2021,0.0,0.0,0,drone,1,9.489961992702219e-05,2385,0.0037010851771538656,True
GaussianBudget100M_LinearMinTime,Love_2021-CACNF-001437,20210523,17,pyrologix,12,244-95,2021,0.0,0.0,0,drone,1,9.489961992702219e-05,4425,0.003511285937299821,True
GaussianBudget100M_LinearMinTime,MADRONE_2021-CALNF-003125,20210613,22,pyrologix,8,57-60,2021,0.0,0.0,0,drone,1,9.489961992702219e-05,685,0.00303678783766471,True
GaussianBudget100M_LinearMinTime,MAPLE_2021-CAMDF-000589,20210623,20,pyrologix,9,36-70,2021,0.0,0.0,0,drone,1,9.489961992702219e-05,3375,0.004555181756497065,True
GaussianBudget100M_LinearMinTime,MATTHEWS_2021-CAKNF-003630,20210515,16,pyrologix,6,36-28,2021,0.0,0.0,1,drone,1,9.489961992702219e-05,2575,0.004555181756497065,True
GaussianBudget100M_LinearMinTime,MAYVAN_2021-CABDF-011658,20210730,16,pyrologix,12,212-104,2021,0.0,0.0,0,drone,1,9.489961992702219e-05,4735,0.004365382516643021,True
GaussianBudget100M_LinearMinTime,MCCLOUD_2021-CASKU-005009,20210615,19,pyrologix,3,36-49,2021,0.0,0.0,0,drone,1,9.489961992702219e-05,1535,0.004365382516643021,True
GaussianBudget100M_LinearMinTime,MCFARLAND_2021-CASHF-001175,20210730,1,pyrologix,1,50-22,2021,0.0,0.0,0,drone,1,9.489961992702219e-05,630,0.003795984797080888,True
GaussianBudget100M_LinearMinTime,MCGEE_2021-CAINF-001463,20210629,18,pyrologix,1,123-82,2021,0.0,0.0,0,drone,1,9.489961992702219e-05,640,0.0037010851771538656,True
GaussianBudget100M_LinearMinTime,MCKINNEY_2021-CATMU-027031,20210910,19,pyrologix,3,92-63,2021,0.0,0.0,0,drone,1,9.489961992702219e-05,1150,0.003985784036934932,True
GaussianBudget100M_LinearMinTime,MEADOW_2021-CAINF-001930,20210729,15,pyrologix,8,123-82,2021,0.0,0.0,1,drone,1,9.489961992702219e-05,3510,0.004270482896715999,True
GaussianBudget100M_LinearMinTime,MEADOW_2021-CALNF-003054,20210609,21,pyrologix,3,57-46,2021,0.0,0.0,0,drone,1,9.489961992702219e-05,1480,0.004365382516643021,True
GaussianBudget100M_LinearMinTime,MEADOW_2021-CATMU-025287,20210826,21,pyrologix,12,99-68,2021,0.0,0.0,0,drone,1,9.489961992702219e-05,4830,0.004270482896715999,True
GaussianBudget100M_LinearMinTime,MEADOW_2021-CATNF-001518,20210806,23,pyrologix,5,78-61,2021,0.0,0.0,0,drone,1,9.489961992702219e-05,2030,0.004555181756497065,True
GaussianBudget100M_LinearMinTime,MEDIAN_2021-CAINF-000346,20210307,20,pyrologix,11,none,2021,0.0,0.0,-1,undetected,1,9.489961992702219e-05,0,0.0,False
GaussianBudget100M_LinearMinTime,MERLE_2021-CAKNF-006606,20210805,11,pyrologix,12,29-30,2021,0.0,0.0,0,drone,1,9.489961992702219e-05,4700,0.0046500813764240876,True
GaussianBudget100M_LinearMinTime,MESA_2021-CABDF-007122,20210425,5,pyrologix,3,207-90,2021,0.0,0.0,0,drone,1,9.489961992702219e-05,1150,0.0037010851771538656,True
GaussianBudget100M_LinearMinTime,MESA_3_2021-CABDF-008767,20210530,11,pyrologix,9,207-90,2021,0.0,0.0,0,drone,1,9.489961992702219e-05,3240,0.0037010851771538656,True
GaussianBudget100M_LinearMinTime,MILE__2021-CAANF-003581,20210922,3,pyrologix,1,202-76,2021,0.0,0.0,2,drone,1,9.489961992702219e-05,1395,0.003985784036934932,True
GaussianBudget100M_LinearMinTime,MILITARY_2021-CAKNF-003533,20210513,6,pyrologix,9,29-44,2021,0.0,0.0,-1,undetected,1,9.489961992702219e-05,6085,0.00389088441700791,True
GaussianBudget100M_LinearMinTime,MILL_2021-CAAEU-022189,20210731,23,pyrologix,3,99-61,2021,0.0,0.0,1,drone,1,9.489961992702219e-05,1665,0.0033214866974457763,True
GaussianBudget100M_LinearMinTime,MILL_2021-CABDF-002317,20210206,20,pyrologix,9,216-95,2021,0.0,0.0,0,drone,1,9.489961992702219e-05,3600,0.0036061855572268433,True
GaussianBudget100M_LinearMinTime,MINARET__2021-CAINF-001798,20210719,15,pyrologix,10,128-80,2021,0.0,0.0,0,drone,1,9.489961992702219e-05,4005,0.004460282136570043,True
GaussianBudget100M_LinearMinTime,MINE_2021-CASQF-003078,20210910,15,pyrologix,9,180-80,2021,0.0,0.0,0,drone,1,9.489961992702219e-05,3235,0.0046500813764240876,True
GaussianBudget100M_LinearMinTime,MINNELUSA__2021-CABDF-011730,20210801,14,pyrologix,2,212-104,2021,0.0,0.0,0,drone,1,9.489961992702219e-05,965,0.003511285937299821,True
GaussianBudget100M_LinearMinTime,MITCHELL__2021-CATNF-000742,20210518,0,pyrologix,2,85-60,2021,0.0,0.0,0,drone,1,9.489961992702219e-05,975,0.00389088441700791,True
GaussianBudget100M_LinearMinTime,MONUMENT_2021-CASHF-001187,20210731,1,pyrologix,1,43-20,2021,0.0,0.0,0,drone,1,9.489961992702219e-05,650,0.0034163863173727986,True
GaussianBudget100M_LinearMinTime,MOON_2021-CALNF-004555,20210806,23,pyrologix,8,57-60,2021,0.0,0.0,-1,undetected,1,9.489961992702219e-05,685,0.00303678783766471,True
GaussianBudget100M_LinearMinTime,MORGAN_2021-CAINF-001142,20210608,16,pyrologix,7,128-80,2021,0.0,0.0,2,drone,1,9.489961992702219e-05,3610,0.004460282136570043,True
GaussianBudget100M_LinearMinTime,MOSQUITO_2021-CATNF-002030,20211009,3,pyrologix,3,92-56,2021,0.0,0.0,0,drone,1,9.489961992702219e-05,1425,0.004175583276788976,True
GaussianBudget100M_LinearMinTime,MOSS_2021-CASHF-001323,20210827,17,pyrologix,3,43-41,2021,0.0,0.0,0,drone,1,9.489961992702219e-05,1200,0.00389088441700791,True
GaussianBudget100M_LinearMinTime,MOUNTAIN_2021-CAINF-001691,20210712,11,pyrologix,8,128-80,2021,0.0,0.0,0,drone,1,9.489961992702219e-05,3150,0.004460282136570043,True
GaussianBudget100M_LinearMinTime,MOUNTAIN__2021-CASQF-001625,20210618,4,pyrologix,11,166-78,2021,0.0,0.0,1,drone,1,9.489961992702219e-05,4810,0.004555181756497065,True
GaussianBudget100M_LinearMinTime,MUD_2021-CAENF-018046,20210626,16,pyrologix,8,106-62,2021,0.0,0.0,0,drone,1,9.489961992702219e-05,3355,0.004555181756497065,True
GaussianBudget100M_LinearMinTime,MUD_2021-CASTF-001909,20210731,1,pyrologix,3,110-68,2021,0.0,0.0,0,drone,1,9.489961992702219e-05,1440,0.004460282136570043,True
GaussianBudget100M_LinearMinTime,MULCH_2021-CAANF-003822,20211015,22,pyrologix,4,202-76,2021,0.0,0.0,1,drone,1,9.489961992702219e-05,2135,0.003985784036934932,True
GaussianBudget100M_LinearMinTime,MULE_2021-CAENF-019073,20210704,10,pyrologix,12,99-68,2021,0.0,0.0,0,drone,1,9.489961992702219e-05,5070,0.004270482896715999,True
GaussianBudget100M_LinearMinTime,MURPHY_2021-CAKNF-003632,20210515,16,pyrologix,7,29-30,2021,0.0,0.0,0,drone,1,9.489961992702219e-05,2680,0.0046500813764240876,True
GaussianBudget100M_LinearMinTime,MUSIC_2021-CAKNF-006377,20210731,22,pyrologix,7,29-30,2021,0.0,0.0,5,drone,1,9.489961992702219e-05,4505,0.0046500813764240876,True
GaussianBudget100M_LinearMinTime,MUSSER_2021-CASHU-004517,20210509,19,pyrologix,12,43-27,2021,0.0,0.0,0,drone,1,9.489961992702219e-05,4540,0.0046500813764240876,True
GaussianBudget100M_LinearMinTime,Maddalena_2021-CAPNF-000902,20210623,18,pyrologix,11,71-64,2021,0.0,0.0,-1,undetected,1,9.489961992702219e-05,2535,0.004460282136570043,True
GaussianBudget100M_LinearMinTime,Marcos_2021-CALPF-000739,20210406,11,pyrologix,5,191-48,2021,0.0,0.0,1,drone,1,9.489961992702219e-05,2270,0.004270482896715999,True
GaussianBudget100M_LinearMinTime,Marie_2021-CASHF-000793,20210605,17,pyrologix,5,50-22,2021,0.0,0.0,0,drone,1,9.489961992702219e-05,1865,0.004270482896715999,True
GaussianBudget100M_LinearMinTime,Mayfair_2021-CASRF-000613,20210724,18,pyrologix,9,36-21,2021,0.0,0.0,1,drone,1,9.489961992702219e-05,4340,0.004460282136570043,True
GaussianBudget100M_LinearMinTime,Maynard_2021-CASRF-000232,20210422,10,pyrologix,9,50-15,2021,0.0,0.0,-1,undetected,1,9.489961992702219e-05,5665,0.004270482896715999,True
GaussianBudget100M_LinearMinTime,McCash_2021-CASRF-000651,20210801,0,pyrologix,5,22-26,2021,0.0,0.0,0,drone,1,9.489961992702219e-05,1910,0.0046500813764240876,True
GaussianBudget100M_LinearMinTime,McCellan_2021-CAPNF-001054,20210703,20,pyrologix,10,71-64,2021,0.0,0.0,-1,undetected,1,9.489961992702219e-05,2535,0.004460282136570043,True
GaussianBudget100M_LinearMinTime,McCoy_2021-CACNF-001062,20210411,12,pyrologix,9,237-100,2021,0.0,0.0,1,drone,1,9.489961992702219e-05,3740,0.004555181756497065,True
GaussianBudget100M_LinearMinTime,Meadow_2021-CACNF-000100,20210110,22,pyrologix,2,220-87,2021,0.0,0.0,0,drone,1,9.489961992702219e-05,875,0.0036061855572268433,True
GaussianBudget100M_LinearMinTime,Meadow_2021-CAPNF-000400,20210409,22,pyrologix,7,71-57,2021,0.0,0.0,0,drone,1,9.489961992702219e-05,2620,0.004555181756497065,True
GaussianBudget100M_LinearMinTime,Meadow_2_2021-CACNF-003026,20210924,17,pyrologix,9,244-101,2021,0.0,0.0,1,drone,1,9.489961992702219e-05,4320,0.004365382516643021,True
GaussianBudget100M_LinearMinTime,Mission_2021-CAPNF-000965,20210628,9,pyrologix,11,64-59,2021,0.0,0.0,0,drone,1,9.489961992702219e-05,4285,0.0037010851771538656,True
GaussianBudget100M_LinearMinTime,Moccasin_2021-CAANF-003415,20210910,14,pyrologix,5,205-83,2021,0.0,0.0,3,drone,1,9.489961992702219e-05,2980,0.004365382516643021,True
GaussianBudget100M_LinearMinTime,Montgomery_2021-CAPNF-000441,20210416,18,pyrologix,11,71-57,2021,0.0,0.0,1,drone,1,9.489961992702219e-05,4560,0.0046500813764240876,True
GaussianBudget100M_LinearMinTime,NABLE__2021-CAMDF-001190,20210806,11,pyrologix,11,36-63,2021,0.0,0.0,0,drone,1,9.489961992702219e-05,4395,0.0046500813764240876,True
GaussianBudget100M_LinearMinTime,NAUFUS_2021-CASHF-001225,20210805,19,pyrologix,11,50-22,2021,0.0,0.0,1,drone,1,9.489961992702219e-05,4470,0.0046500813764240876,True
GaussianBudget100M_LinearMinTime,NELSON_2021-CASQF-000721,20210412,20,pyrologix,1,159-80,2021,0.0,0.0,0,drone,1,9.489961992702219e-05,555,0.00303678783766471,True
GaussianBudget100M_LinearMinTime,NEWTON_2021-CAPNF-000695,20210529,14,pyrologix,11,71-57,2021,0.0,0.0,0,drone,1,9.489961992702219e-05,4080,0.0046500813764240876,True
GaussianBudget100M_LinearMinTime,NICK_2021-CASNF-000727,20210630,9,pyrologix,12,142-76,2021,0.0,0.0,0,drone,1,9.489961992702219e-05,4465,0.004460282136570043,True
GaussianBudget100M_LinearMinTime,NILES_2021-CAMDF-001134,20210803,17,pyrologix,10,43-62,2021,0.0,0.0,1,drone,1,9.489961992702219e-05,4215,0.004460282136570043,True
GaussianBudget100M_LinearMinTime,NOBE_2021-CASQF-003064,20210910,23,pyrologix,9,166-78,2021,0.0,0.0,0,drone,1,9.489961992702219e-05,3485,0.004555181756497065,True
GaussianBudget100M_LinearMinTime,NORTH_2021-CAENF-019850,20210710,19,pyrologix,7,99-61,2021,0.0,0.0,0,drone,1,9.489961992702219e-05,2900,0.0033214866974457763,True
GaussianBudget100M_LinearMinTime,NORTH_2021-CASTF-001928,20210731,19,pyrologix,8,none,2021,0.0,0.0,-1,undetected,1,9.489961992702219e-05,0,0.0,False
GaussianBudget100M_LinearMinTime,Noble_2021-CACNF-002533,20210804,13,pyrologix,9,244-101,2021,0.0,0.0,0,drone,1,9.489961992702219e-05,3715,0.004175583276788976,True
GaussianBudget100M_LinearMinTime,Norse_2021-CASRF-000212,20210418,19,pyrologix,11,50-22,2021,0.0,0.0,1,drone,1,9.489961992702219e-05,4325,0.0046500813764240876,True
GaussianBudget100M_LinearMinTime,North_2021-CACNF-000071,20210108,18,pyrologix,12,220-87,2021,0.0,0.0,0,drone,1,9.489961992702219e-05,4680,0.003985784036934932,True
GaussianBudget100M_LinearMinTime,North_2021-CASHF-000607,20210515,12,pyrologix,12,43-27,2021,0.0,0.0,0,drone,1,9.489961992702219e-05,4355,0.0046500813764240876,True
GaussianBudget100M_LinearMinTime,North_Star_2021-CAPNF-000377,20210405,17,pyrologix,5,78-54,2021,0.0,0.0,0,drone,1,9.489961992702219e-05,1915,0.004460282136570043,True
GaussianBudget100M_LinearMinTime,Nye_2021-CAPNF-001371,20210730,14,pyrologix,6,71-64,2021,0.0,0.0,0,drone,1,9.489961992702219e-05,2455,0.004460282136570043,True
GaussianBudget100M_LinearMinTime,OAKS_2021-CASHF-001509,20211019,8,pyrologix,7,43-41,2021,0.0,0.0,0,drone,1,9.489961992702219e-05,2715,0.004175583276788976,True
GaussianBudget100M_LinearMinTime,OAK_2021-CABDF-001348,20210118,16,pyrologix,9,207-90,2021,0.0,0.0,0,drone,1,9.489961992702219e-05,3240,0.0037010851771538656,True
GaussianBudget100M_LinearMinTime,OAK_2021-CASQF-000758,20210418,1,pyrologix,8,173-70,2021,0.0,0.0,2,drone,1,9.489961992702219e-05,3910,0.004555181756497065,True
GaussianBudget100M_LinearMinTime,OAK__2021-CAANF-001412,20210506,21,pyrologix,2,194-68,2021,0.0,0.0,0,drone,1,9.489961992702219e-05,945,0.00389088441700791,True
GaussianBudget100M_LinearMinTime,OBSIDIAN__2021-CAINF-001432,20210628,18,pyrologix,9,128-80,2021,0.0,0.0,0,drone,1,9.489961992702219e-05,3755,0.004460282136570043,True
GaussianBudget100M_LinearMinTime,OLD_MILL_2021-CABDF-010709,20210709,18,pyrologix,12,207-90,2021,0.0,0.0,0,drone,1,9.489961992702219e-05,4520,0.00389088441700791,True
GaussianBudget100M_LinearMinTime,ONION_2021-CAENF-023526,20210810,19,pyrologix,3,92-56,2021,0.0,0.0,0,drone,1,9.489961992702219e-05,1425,0.004175583276788976,True
GaussianBudget100M_LinearMinTime,ONION_2021-CAINF-000521,20210408,21,pyrologix,7,151-86,2021,0.0,0.0,0,drone,1,9.489961992702219e-05,2790,0.004365382516643021,True
GaussianBudget100M_LinearMinTime,ONION__2021-CASNF-001241,20210813,14,pyrologix,1,135-76,2021,0.0,0.0,0,drone,1,9.489961992702219e-05,455,0.0027520889778836436,True
GaussianBudget100M_LinearMinTime,ORR_2021-CAKNF-003594,20210514,21,pyrologix,6,29-51,2021,0.0,0.0,0,drone,1,9.489961992702219e-05,2395,0.004555181756497065,True
GaussianBudget100M_LinearMinTime,OSITO__2021-CAANF-002108,20210619,22,pyrologix,3,194-68,2021,0.0,0.0,0,drone,1,9.489961992702219e-05,1435,0.0040806836568619545,True
GaussianBudget100M_LinearMinTime,Oak_2021-CASRF-000414,20210619,3,pyrologix,6,29-23,2021,0.0,0.0,1,drone,1,9.489961992702219e-05,3270,0.004270482896715999,True
GaussianBudget100M_LinearMinTime,Oaks_2021-CACNF-001438,20210523,20,pyrologix,7,244-101,2021,0.0,0.0,0,drone,1,9.489961992702219e-05,3015,0.004175583276788976,True
GaussianBudget100M_LinearMinTime,Observatory_2021-CACNF-002912,20210910,21,pyrologix,8,230-100,2021,0.0,0.0,0,drone,1,9.489961992702219e-05,3050,0.004175583276788976,True
GaussianBudget100M_LinearMinTime,Old_2021-CATNF-001554,20210809,19,pyrologix,4,85-60,2021,0.0,0.0,0,drone,1,9.489961992702219e-05,1595,0.00389088441700791,True
GaussianBudget100M_LinearMinTime,Ortega_2021-CACNF-001160,20210420,19,pyrologix,3,220-87,2021,0.0,0.0,1,drone,1,9.489961992702219e-05,1885,0.003985784036934932,True
GaussianBudget100M_LinearMinTime,Owl_2021-CASRF-000784,20210828,0,pyrologix,12,29-23,2021,0.0,0.0,0,drone,1,9.489961992702219e-05,4905,0.004555181756497065,True
GaussianBudget100M_LinearMinTime,Ozena_2021-CALPF-002505,20210909,13,pyrologix,1,192-62,2021,0.0,0.0,1,drone,1,9.489961992702219e-05,995,0.004175583276788976,True
GaussianBudget100M_LinearMinTime,PACKERS_2021-CAKNF-006473,20210801,21,pyrologix,4,36-28,2021,0.0,0.0,0,drone,1,9.489961992702219e-05,1845,0.004270482896715999,True
GaussianBudget100M_LinearMinTime,PANORAMA_2021-CABDF-014946,20211015,1,pyrologix,8,207-90,2021,0.0,0.0,0,drone,1,9.489961992702219e-05,3015,0.0037010851771538656,True
GaussianBudget100M_LinearMinTime,PAN_2021-CALNF-003077,20210610,17,pyrologix,10,50-54,2021,0.0,0.0,-1,undetected,1,9.489961992702219e-05,3290,0.004555181756497065,True
GaussianBudget100M_LinearMinTime,PARADISE__2021-CATNF-001270,20210705,20,pyrologix,2,85-60,2021,0.0,0.0,0,drone,1,9.489961992702219e-05,975,0.00389088441700791,True
GaussianBudget100M_LinearMinTime,PARADISE___2021-CASTF-001743,20210720,16,pyrologix,2,110-68,2021,0.0,0.0,0,drone,1,9.489961992702219e-05,1045,0.004175583276788976,True
GaussianBudget100M_LinearMinTime,PASS_2021-CAINF-001475,20210630,12,pyrologix,9,123-77,2021,0.0,0.0,0,drone,1,9.489961992702219e-05,1180,0.0033214866974457763,True
GaussianBudget100M_LinearMinTime,PASS_2021-CASTF-001445,20210704,15,pyrologix,12,110-68,2021,0.0,0.0,1,drone,1,9.489961992702219e-05,5285,0.0046500813764240876,True
GaussianBudget100M_LinearMinTime,PASS_HLRD_2021-CASQF-002362,20210719,18,pyrologix,8,152-77,2021,0.0,0.0,0,drone,1,9.489961992702219e-05,3245,0.00389088441700791,True
GaussianBudget100M_LinearMinTime,PEACOCK_2021-CAANF-001208,20210419,18,pyrologix,12,205-83,2021,0.0,0.0,1,drone,1,9.489961992702219e-05,4620,0.004460282136570043,True
GaussianBudget100M_LinearMinTime,PEAK_2021-CAANF-002287,20210629,15,pyrologix,7,194-68,2021,0.0,0.0,0,drone,1,9.489961992702219e-05,2780,0.004460282136570043,True
GaussianBudget100M_LinearMinTime,PEAK_2021-CABDF-010128,20210628,17,pyrologix,1,207-90,2021,0.0,0.0,0,drone,1,9.489961992702219e-05,570,0.0033214866974457763,True
GaussianBudget100M_LinearMinTime,PENDOLA_2021-CATNF-000411,20210324,11,pyrologix,12,78-54,2021,0.0,0.0,0,drone,1,9.489961992702219e-05,4325,0.004555181756497065,True
GaussianBudget100M_LinearMinTime,PEPPERMINT_2021-CASQF-003067,20210910,4,pyrologix,5,166-78,2021,0.0,0.0,0,drone,1,9.489961992702219e-05,2025,0.004460282136570043,True
GaussianBudget100M_LinearMinTime,PHILBROOK_2021-CALNF-003328,20210621,16,pyrologix,4,64-52,2021,0.0,0.0,-1,undetected,1,9.489961992702219e-05,2675,0.004270482896715999,True
GaussianBudget100M_LinearMinTime,PICNIC_2021-CAANF-004289,20211204,11,pyrologix,9,205-83,2021,0.0,0.0,0,drone,1,9.489961992702219e-05,3335,0.004365382516643021,True
GaussianBudget100M_LinearMinTime,PIGEON_2021-CABDF-014022,20210924,19,pyrologix,1,none,2021,0.0,0.0,-1,undetected,1,9.489961992702219e-05,0,0.0,False
GaussianBudget100M_LinearMinTime,PIGEON_2021-CASHF-000932,20210623,23,pyrologix,1,43-27,2021,0.0,0.0,0,drone,1,9.489961992702219e-05,460,0.0028469885978106655,True
GaussianBudget100M_LinearMinTime,PIGEON__2021-CAANF-003180,20210827,22,pyrologix,5,205-83,2021,0.0,0.0,0,drone,1,9.489961992702219e-05,1935,0.004365382516643021,True
GaussianBudget100M_LinearMinTime,PINE_2021-CAANF-001466,20210512,17,pyrologix,8,none,2021,0.0,0.0,-1,undetected,1,9.489961992702219e-05,0,0.0,False
GaussianBudget100M_LinearMinTime,PINE_2021-CAINF-001607,20210707,17,pyrologix,10,none,2021,0.0,0.0,-1,undetected,1,9.489961992702219e-05,0,0.0,False
GaussianBudget100M_LinearMinTime,PINE_2021-CALNF-004553,20210806,1,pyrologix,3,57-60,2021,0.0,0.0,-1,undetected,1,9.489961992702219e-05,685,0.00303678783766471,True
GaussianBudget100M_LinearMinTime,PINE_2021-CALPF-002462,20210904,13,pyrologix,9,185-62,2021,0.0,0.0,0,drone,1,9.489961992702219e-05,3600,0.0037010851771538656,True
GaussianBudget100M_LinearMinTime,PINE_2021-CATNF-001262,20210705,3,pyrologix,4,85-53,2021,0.0,0.0,-1,undetected,1,9.489961992702219e-05,425,0.0026571893579566213,True
GaussianBudget100M_LinearMinTime,PIONEER_2021-CASTF-000554,20210415,16,pyrologix,4,113-61,2021,0.0,0.0,3,drone,1,9.489961992702219e-05,2620,0.004365382516643021,True
GaussianBudget100M_LinearMinTime,PIPI_2021-CAENF-015623,20210605,12,pyrologix,11,99-61,2021,0.0,0.0,-1,undetected,1,9.489961992702219e-05,6905,0.0033214866974457763,True
GaussianBudget100M_LinearMinTime,PIT_2021-CAMDF-000255,20210415,17,pyrologix,8,36-63,2021,0.0,0.0,1,drone,1,9.489961992702219e-05,3660,0.004555181756497065,True
GaussianBudget100M_LinearMinTime,PLACERITA__2021-CAANF-002048,20210616,16,pyrologix,3,202-76,2021,0.0,0.0,0,drone,1,9.489961992702219e-05,1395,0.003985784036934932,True
GaussianBudget100M_LinearMinTime,PLIOCENE_2021-CATNF-000516,20210406,19,pyrologix,5,78-54,2021,0.0,0.0,0,drone,1,9.489961992702219e-05,2050,0.004460282136570043,True
GaussianBudget100M_LinearMinTime,PLUM_2021-CASHF-001218,20210804,4,pyrologix,10,50-22,2021,0.0,0.0,0,drone,1,9.489961992702219e-05,3595,0.0046500813764240876,True
GaussianBudget100M_LinearMinTime,POINTS_2021-CAANF-003416,20210910,11,pyrologix,12,205-83,2021,0.0,0.0,0,drone,1,9.489961992702219e-05,4315,0.004460282136570043,True
GaussianBudget100M_LinearMinTime,PONDEROSA_2021-CAMMU-015418,20210720,17,pyrologix,3,120-59,2021,0.0,0.0,0,drone,1,9.489961992702219e-05,1405,0.0046500813764240876,True
GaussianBudget100M_LinearMinTime,PONDEROSA_2021-CASQF-000955,20210508,19,pyrologix,4,173-77,2021,0.0,0.0,0,drone,1,9.489961992702219e-05,1700,0.004365382516643021,True
GaussianBudget100M_LinearMinTime,PONY_2021-CABDF-010399,20210703,22,pyrologix,1,223-101,2021,0.0,0.0,3,drone,1,9.489961992702219e-05,1785,0.004365382516643021,True
GaussianBudget100M_LinearMinTime,POPCORN_2021-CASHF-001325,20210827,18,pyrologix,12,36-42,2021,0.0,0.0,0,drone,1,9.489961992702219e-05,4175,0.004460282136570043,True
GaussianBudget100M_LinearMinTime,POPE_2021-CATMU-015108,20210601,13,pyrologix,9,99-68,2021,0.0,0.0,5,drone,1,9.489961992702219e-05,5570,0.004270482896715999,True
GaussianBudget100M_LinearMinTime,PORTAL_2021-CAINF-001066,20210603,22,pyrologix,6,123-77,2021,0.0,0.0,0,drone,1,9.489961992702219e-05,1180,0.0033214866974457763,True
GaussianBudget100M_LinearMinTime,PORTAL_2021-CASNF-000806,20210704,14,pyrologix,8,135-76,2021,0.0,0.0,0,charging station,1,9.489961992702219e-05,3130,0.0046500813764240876,True
GaussianBudget100M_LinearMinTime,POSEY_2021-CAANF-002846,20210731,18,pyrologix,7,194-68,2021,0.0,0.0,0,drone,1,9.489961992702219e-05,3065,0.004460282136570043,True
GaussianBudget100M_LinearMinTime,POST_2021-CASHF-000513,20210428,20,pyrologix,4,50-22,2021,0.0,0.0,0,drone,1,9.489961992702219e-05,1645,0.004270482896715999,True
GaussianBudget100M_LinearMinTime,POTTERS_2021-CAMDF-000384,20210517,22,pyrologix,4,none,2021,0.0,0.0,-1,undetected,1,9.489961992702219e-05,0,0.0,False
GaussianBudget100M_LinearMinTime,POTTER_2021-CASNF-000401,20210527,16,pyrologix,6,135-76,2021,0.0,0.0,0,drone,1,9.489961992702219e-05,2605,0.0046500813764240876,True
GaussianBudget100M_LinearMinTime,POWERLINE_2021-CABDF-009313,20210610,17,pyrologix,1,216-101,2021,0.0,0.0,-1,undetected,1,9.489961992702219e-05,2760,0.003511285937299821,True
GaussianBudget100M_LinearMinTime,POWER_2021-CASQF-003044,20210908,17,pyrologix,4,159-73,2021,0.0,0.0,-1,undetected,1,9.489961992702219e-05,870,0.0036061855572268433,True
GaussianBudget100M_LinearMinTime,PREACHER_2021-CAKNF-006498,20210802,17,pyrologix,1,36-28,2021,0.0,0.0,3,drone,1,9.489961992702219e-05,1845,0.004270482896715999,True
GaussianBudget100M_LinearMinTime,PRICE_2021-CAENF-027137,20210911,14,pyrologix,7,99-61,2021,0.0,0.0,-1,undetected,1,9.489961992702219e-05,5230,0.0033214866974457763,True
GaussianBudget100M_LinearMinTime,PYRAMID_2021-CAANF-003988,20211101,19,pyrologix,10,194-68,2021,0.0,0.0,1,drone,1,9.489961992702219e-05,4665,0.004555181756497065,True
GaussianBudget100M_LinearMinTime,Palomar_2021-CACNF-003021,20210924,14,pyrologix,12,230-100,2021,0.0,0.0,0,drone,1,9.489961992702219e-05,4455,0.004270482896715999,True
GaussianBudget100M_LinearMinTime,Panel_2021-CALPF-003205,20211218,14,pyrologix,7,191-48,2021,0.0,0.0,1,drone,1,9.489961992702219e-05,3125,0.004270482896715999,True
GaussianBudget100M_LinearMinTime,Patrick_2021-CASRF-000865,20210914,12,pyrologix,5,15-19,2021,0.0,0.0,1,drone,1,9.489961992702219e-05,2295,0.004365382516643021,True
GaussianBudget100M_LinearMinTime,Peak_2021-CALPF-002468,20210905,22,pyrologix,4,188-43,2021,0.0,0.0,0,drone,1,9.489961992702219e-05,1815,0.004460282136570043,True
GaussianBudget100M_LinearMinTime,Pelletreau_2021-CASHF-000621,20210516,0,pyrologix,4,43-20,2021,0.0,0.0,-1,undetected,1,9.489961992702219e-05,1310,0.00389088441700791,True
GaussianBudget100M_LinearMinTime,Penman_2021-CAPNF-001365,20210730,0,pyrologix,7,71-64,2021,0.0,0.0,-1,undetected,1,9.489961992702219e-05,2535,0.004460282136570043,True
GaussianBudget100M_LinearMinTime,Penney_2021-CASHF-000836,20210610,14,pyrologix,7,57-25,2021,0.0,0.0,2,drone,1,9.489961992702219e-05,3380,0.0046500813764240876,True
GaussianBudget100M_LinearMinTime,Pilgrim_2021-CASHF-000660,20210521,18,pyrologix,11,36-49,2021,0.0,0.0,0,drone,1,9.489961992702219e-05,4440,0.0046500813764240876,True
GaussianBudget100M_LinearMinTime,Pine_2021-CACNF-002256,20210717,2,pyrologix,6,244-101,2021,0.0,0.0,4,drone,1,9.489961992702219e-05,4320,0.004365382516643021,True
GaussianBudget100M_LinearMinTime,Plummer_2021-CASHF-000665,20210522,16,pyrologix,6,50-22,2021,0.0,0.0,0,drone,1,9.489961992702219e-05,2270,0.004270482896715999,True
GaussianBudget100M_LinearMinTime,Pond_2021-CASHF-001598,20211130,21,pyrologix,4,36-42,2021,0.0,0.0,0,drone,1,9.489961992702219e-05,1415,0.0040806836568619545,True
GaussianBudget100M_LinearMinTime,Porter_2021-CAPNF-000626,20210516,18,pyrologix,10,71-71,2021,0.0,0.0,-1,undetected,1,9.489961992702219e-05,850,0.0037010851771538656,True
GaussianBudget100M_LinearMinTime,Portola__2021-CAPNF-000856,20210618,20,pyrologix,5,71-64,2021,0.0,0.0,-1,undetected,1,9.489961992702219e-05,2535,0.004460282136570043,True
GaussianBudget100M_LinearMinTime,Posta_2021-CACNF-003171,20211015,22,pyrologix,3,244-101,2021,0.0,0.0,2,drone,1,9.489961992702219e-05,2185,0.00389088441700791,True
GaussianBudget100M_LinearMinTime,Purdy_2021-CAPNF-000050,20210121,19,pyrologix,10,71-57,2021,0.0,0.0,1,drone,1,9.489961992702219e-05,4080,0.0046500813764240876,True
GaussianBudget100M_LinearMinTime,QUAIL_2021-CAANF-003149,20210823,9,pyrologix,8,194-68,2021,0.0,0.0,1,drone,1,9.489961992702219e-05,3535,0.004460282136570043,True
GaussianBudget100M_LinearMinTime,QUAIL_2021-CALPF-003060,20211122,19,pyrologix,2,171-37,2021,0.0,0.0,0,drone,1,9.489961992702219e-05,855,0.003511285937299821,True
GaussianBudget100M_LinearMinTime,RADFORD_2021-CABDF-014855,20211012,15,pyrologix,5,209-97,2021,0.0,0.0,0,drone,1,9.489961992702219e-05,2220,0.0040806836568619545,True
GaussianBudget100M_LinearMinTime,RAILROAD_2021-CABDF-012858,20210829,19,pyrologix,2,207-90,2021,0.0,0.0,0,drone,1,9.489961992702219e-05,870,0.0036061855572268433,True
GaussianBudget100M_LinearMinTime,RAINBOW__2021-CAINF-002574,20210920,18,pyrologix,9,128-80,2021,0.0,0.0,2,drone,1,9.489961992702219e-05,4260,0.004460282136570043,True
GaussianBudget100M_LinearMinTime,RAMP_2021-CATNF-000944,20210609,22,pyrologix,6,85-60,2021,0.0,0.0,0,drone,1,9.489961992702219e-05,2415,0.00389088441700791,True
GaussianBudget100M_LinearMinTime,RAMSEY_2021-CAENF-020301,20210714,7,pyrologix,2,92-56,2021,0.0,0.0,0,drone,1,9.489961992702219e-05,1125,0.003985784036934932,True
GaussianBudget100M_LinearMinTime,RANCHARIA_2021-CAINF-001439,20210628,22,pyrologix,3,116-79,2021,0.0,0.0,-1,undetected,1,9.489961992702219e-05,3475,0.0036061855572268433,True
GaussianBudget100M_LinearMinTime,RANCH_2021-CAANF-002218,20210626,15,pyrologix,6,194-68,2021,0.0,0.0,0,drone,1,9.489961992702219e-05,2300,0.004460282136570043,True
GaussianBudget100M_LinearMinTime,RANCH_2021-CASHF-001014,20210705,14,pyrologix,3,43-20,2021,0.0,0.0,-1,undetected,1,9.489961992702219e-05,1310,0.00389088441700791,True
GaussianBudget100M_LinearMinTime,RANCH_2021-CASQF-002268,20210715,18,pyrologix,9,166-78,2021,0.0,0.0,0,drone,1,9.489961992702219e-05,3545,0.004555181756497065,True
GaussianBudget100M_LinearMinTime,RANGE_2021-CAANF-001989,20210613,10,pyrologix,12,202-76,2021,0.0,0.0,0,drone,1,9.489961992702219e-05,4415,0.0040806836568619545,True
GaussianBudget100M_LinearMinTime,RAPTOR_2021-CABDF-012984,20210901,17,pyrologix,6,223-101,2021,0.0,0.0,0,drone,1,9.489961992702219e-05,2275,0.004460282136570043,True
GaussianBudget100M_LinearMinTime,RAYS_2021-CAENF-013393,20210517,19,pyrologix,5,99-61,2021,0.0,0.0,-1,undetected,1,9.489961992702219e-05,4455,0.0033214866974457763,True
GaussianBudget100M_LinearMinTime,REBEL__2021-CABDF-011588,20210728,18,pyrologix,3,223-101,2021,0.0,0.0,0,drone,1,9.489961992702219e-05,1410,0.0040806836568619545,True
GaussianBudget100M_LinearMinTime,REDHILL_2021-CATNF-000474,20210401,23,pyrologix,9,85-53,2021,0.0,0.0,-1,undetected,1,9.489961992702219e-05,425,0.0026571893579566213,True
GaussianBudget100M_LinearMinTime,RED_2021-CAINF-001804,20210720,1,pyrologix,4,128-80,2021,0.0,0.0,0,drone,1,9.489961992702219e-05,1555,0.0040806836568619545,True
GaussianBudget100M_LinearMinTime,RED_2021-CASTF-001281,20210625,21,pyrologix,1,110-68,2021,0.0,0.0,1,drone,1,9.489961992702219e-05,815,0.0040806836568619545,True
GaussianBudget100M_LinearMinTime,RED_2021-CATNF-001084,20210624,16,pyrologix,9,85-53,2021,0.0,0.0,-1,undetected,1,9.489961992702219e-05,425,0.0026571893579566213,True
GaussianBudget100M_LinearMinTime,REFUGE_2021-CAMDF-000609,20210624,17,pyrologix,11,36-70,2021,0.0,0.0,-1,undetected,1,9.489961992702219e-05,6075,0.004555181756497065,True
GaussianBudget100M_LinearMinTime,REMINGTON_2021-CASQF-001028,20210515,23,pyrologix,2,173-77,2021,0.0,0.0,3,drone,1,9.489961992702219e-05,2205,0.004555181756497065,True
GaussianBudget100M_LinearMinTime,RESORT_2_2021-CALNF-003218,20210617,1,pyrologix,4,50-54,2021,0.0,0.0,0,drone,1,9.489961992702219e-05,1890,0.004270482896715999,True
GaussianBudget100M_LinearMinTime,RICE_2021-CAMDF-001543,20210816,9,pyrologix,12,43-62,2021,0.0,0.0,0,drone,1,9.489961992702219e-05,4595,0.004555181756497065,True
GaussianBudget100M_LinearMinTime,RICOCHET_2021-CABDF-011909,20210804,21,pyrologix,4,223-101,2021,0.0,0.0,0,drone,1,9.489961992702219e-05,1590,0.004365382516643021,True
GaussianBudget100M_LinearMinTime,RIDGE_2021-CAANF-001918,20210609,11,pyrologix,12,194-68,2021,0.0,0.0,0,drone,1,9.489961992702219e-05,4765,0.004555181756497065,True
GaussianBudget100M_LinearMinTime,RIDGE_2021-CASTF-001870,20210730,0,pyrologix,1,110-68,2021,0.0,0.0,2,drone,1,9.489961992702219e-05,1500,0.004555181756497065,True
GaussianBudget100M_LinearMinTime,RIDLEY_2021-CABDF-016992,20211115,20,pyrologix,2,207-90,2021,0.0,0.0,0,drone,1,9.489961992702219e-05,760,0.003511285937299821,True
GaussianBudget100M_LinearMinTime,RIMROCK_2021-CAMDF-001187,20210805,22,pyrologix,4,28-63,2021,0.0,0.0,0,drone,1,9.489961992702219e-05,1810,0.0036061855572268433,True
GaussianBudget100M_LinearMinTime,RIM_2021-CALNF-003307,20210620,23,pyrologix,1,50-54,2021,0.0,0.0,3,drone,1,9.489961992702219e-05,2100,0.004365382516643021,True
GaussianBudget100M_LinearMinTime,RIVER_2021-CASQF-001125,20210526,4,pyrologix,9,173-77,2021,0.0,0.0,0,drone,1,9.489961992702219e-05,3545,0.0046500813764240876,True
GaussianBudget100M_LinearMinTime,ROADSIDE_2021-CABDF-012814,20210828,17,pyrologix,3,207-90,2021,0.0,0.0,1,drone,1,9.489961992702219e-05,1570,0.0037010851771538656,True
GaussianBudget100M_LinearMinTime,ROAD_2021-CASHF-001214,20210803,10,pyrologix,11,50-22,2021,0.0,0.0,0,drone,1,9.489961992702219e-05,4260,0.0046500813764240876,True
GaussianBudget100M_LinearMinTime,ROBINSON__2021-CAINF-000607,20210418,11,pyrologix,10,151-86,2021,0.0,0.0,0,drone,1,9.489961992702219e-05,3615,0.004555181756497065,True
GaussianBudget100M_LinearMinTime,ROCKHOUSE_2021-CASQF-003073,20210910,16,pyrologix,3,167-85,2021,0.0,0.0,0,drone,1,9.489961992702219e-05,1145,0.003795984797080888,True
GaussianBudget100M_LinearMinTime,ROCK_HLRD_2021-CASQF-002359,20210719,16,pyrologix,7,152-77,2021,0.0,0.0,0,drone,1,9.489961992702219e-05,2705,0.00389088441700791,True
GaussianBudget100M_LinearMinTime,ROGUE_2021-CABDF-011274,20210721,18,pyrologix,3,223-101,2021,0.0,0.0,0,drone,1,9.489961992702219e-05,1460,0.004365382516643021,True
GaussianBudget100M_LinearMinTime,ROSS_2021-CASNF-001315,20210820,12,pyrologix,9,142-76,2021,0.0,0.0,0,drone,1,9.489961992702219e-05,3560,0.004460282136570043,True
GaussianBudget100M_LinearMinTime,ROUGH_2021-CAANF-002949,20210808,20,pyrologix,9,none,2021,0.0,0.0,-1,undetected,1,9.489961992702219e-05,0,0.0,False
GaussianBudget100M_LinearMinTime,ROUND_2021-CAMDF-000607,20210624,17,pyrologix,3,36-56,2021,0.0,0.0,0,drone,1,9.489961992702219e-05,1195,0.0040806836568619545,True
GaussianBudget100M_LinearMinTime,ROUTE_2021-CAANF-003438,20210911,17,pyrologix,12,194-68,2021,0.0,0.0,0,drone,1,9.489961992702219e-05,5035,0.004555181756497065,True
GaussianBudget100M_LinearMinTime,ROWHER_2021-CAANF-001058,20210405,22,pyrologix,4,202-76,2021,0.0,0.0,1,drone,1,9.489961992702219e-05,2135,0.003985784036934932,True
GaussianBudget100M_LinearMinTime,ROYAL_2021-CATNF-001107,20210626,17,pyrologix,4,85-60,2021,0.0,0.0,0,drone,1,9.489961992702219e-05,1470,0.00389088441700791,True
GaussianBudget100M_LinearMinTime,RUBICON_2021-CATMU-019083,20210704,12,pyrologix,12,92-63,2021,0.0,0.0,0,drone,1,9.489961992702219e-05,4450,0.004175583276788976,True
GaussianBudget100M_LinearMinTime,RUBY__2021-CASTF-002137,20210814,22,pyrologix,9,113-61,2021,0.0,0.0,0,drone,1,9.489961992702219e-05,3525,0.004555181756497065,True
GaussianBudget100M_LinearMinTime,RUFFEY_2021-CAKNF-006367,20210730,18,pyrologix,11,29-30,2021,0.0,0.0,0,drone,1,9.489961992702219e-05,4345,0.0046500813764240876,True
GaussianBudget100M_LinearMinTime,RUSH_2021-CASHF-001172,20210730,21,pyrologix,7,36-35,2021,0.0,0.0,-1,undetected,1,9.489961992702219e-05,2465,0.004270482896715999,True
GaussianBudget100M_LinearMinTime,RUSH_CREEK_DR___HWY_3_2021-CASHU-006097,20210618,17,pyrologix,1,43-34,2021,0.0,0.0,1,drone,1,9.489961992702219e-05,1000,0.003985784036934932,True
GaussianBudget100M_LinearMinTime,RUSSIAN_2021-CAKNF-005038,20210625,15,pyrologix,2,29-30,2021,0.0,0.0,0,drone,1,9.489961992702219e-05,1065,0.004270482896715999,True
GaussianBudget100M_LinearMinTime,Rancho_2021-CACNF-001351,20210515,19,pyrologix,2,230-100,2021,0.0,0.0,0,drone,1,9.489961992702219e-05,895,0.003985784036934932,True
GaussianBudget100M_LinearMinTime,Range_2021-CACNF-000230,20210122,15,pyrologix,4,220-87,2021,0.0,0.0,0,drone,1,9.489961992702219e-05,1565,0.00389088441700791,True
GaussianBudget100M_LinearMinTime,Red_2021-CAPNF-001226,20210718,21,pyrologix,4,71-57,2021,0.0,0.0,0,drone,1,9.489961992702219e-05,1445,0.004365382516643021,True
GaussianBudget100M_LinearMinTime,Red_2021-CASHF-001004,20210704,16,pyrologix,9,36-42,2021,0.0,0.0,2,drone,1,9.489961992702219e-05,3995,0.004460282136570043,True
GaussianBudget100M_LinearMinTime,Reservation_2021-CAPNF-001208,20210718,4,pyrologix,8,64-59,2021,0.0,0.0,0,drone,1,9.489961992702219e-05,3085,0.0037010851771538656,True
GaussianBudget100M_LinearMinTime,Ridge_2021-CALPF-000819,20210414,19,pyrologix,2,191-48,2021,0.0,0.0,0,drone,1,9.489961992702219e-05,920,0.0036061855572268433,True
GaussianBudget100M_LinearMinTime,Ridgerun_2021-CAPNF-000449,20210417,20,pyrologix,4,71-57,2021,0.0,0.0,0,drone,1,9.489961992702219e-05,1530,0.004365382516643021,True
GaussianBudget100M_LinearMinTime,Rig_2021-CACNF-001965,20210629,22,pyrologix,3,244-101,2021,0.0,0.0,0,drone,1,9.489961992702219e-05,1470,0.00389088441700791,True
GaussianBudget100M_LinearMinTime,Road_2021-CACNF-002130,20210710,16,pyrologix,4,244-101,2021,0.0,0.0,0,drone,1,9.489961992702219e-05,1705,0.00389088441700791,True
GaussianBudget100M_LinearMinTime,Rock_2021-CAPNF-001173,20210713,17,pyrologix,12,78-54,2021,0.0,0.0,0,drone,1,9.489961992702219e-05,4520,0.004555181756497065,True
GaussianBudget100M_LinearMinTime,Rocky_2021-CACNF-001400,20210521,21,pyrologix,8,244-101,2021,0.0,0.0,0,drone,1,9.489961992702219e-05,3335,0.004175583276788976,True
GaussianBudget100M_LinearMinTime,Rocky_2021-CAPNF-000497,20210422,11,pyrologix,12,71-64,2021,0.0,0.0,-1,undetected,1,9.489961992702219e-05,2535,0.004460282136570043,True
GaussianBudget100M_LinearMinTime,Rowdy_2021-CASRF-000650,20210731,18,pyrologix,10,15-19,2021,0.0,0.0,0,drone,1,9.489961992702219e-05,3925,0.004365382516643021,True
GaussianBudget100M_LinearMinTime,Rubicon_2021-CAENF-028647,20210925,22,pyrologix,4,92-56,2021,0.0,0.0,1,drone,1,9.489961992702219e-05,2125,0.004270482896715999,True
GaussianBudget100M_LinearMinTime,SADDLE_KRRD_2021-CASQF-002349,20210719,11,pyrologix,1,173-77,2021,0.0,0.0,0,drone,1,9.489961992702219e-05,455,0.0027520889778836436,True
GaussianBudget100M_LinearMinTime,SALT_2021-CASHF-000982,20210630,18,pyrologix,5,43-41,2021,0.0,0.0,0,drone,1,9.489961992702219e-05,2025,0.004175583276788976,True
GaussianBudget100M_LinearMinTime,SALT__2021-CASTF-000787,20210520,13,pyrologix,10,106-62,2021,0.0,0.0,0,drone,1,9.489961992702219e-05,3900,0.004555181756497065,True
GaussianBudget100M_LinearMinTime,SAMPLE_2021-CASNF-000465,20210531,21,pyrologix,5,135-76,2021,0.0,0.0,0,drone,1,9.489961992702219e-05,2145,0.004555181756497065,True
GaussianBudget100M_LinearMinTime,SAM_2021-CASNF-000739,20210701,17,pyrologix,8,135-76,2021,0.0,0.0,0,drone,1,9.489961992702219e-05,3240,0.0046500813764240876,True
GaussianBudget100M_LinearMinTime,SANDY_2021-CASHF-000587,20210514,20,pyrologix,8,43-20,2021,0.0,0.0,-1,undetected,1,9.489961992702219e-05,1310,0.00389088441700791,True
GaussianBudget100M_LinearMinTime,SAND_2021-CASHF-000864,20210615,21,pyrologix,3,36-42,2021,0.0,0.0,1,drone,1,9.489961992702219e-05,1650,0.004175583276788976,True
GaussianBudget100M_LinearMinTime,SANTA_2021-CAANF-004490,20211230,20,pyrologix,7,202-76,2021,0.0,0.0,1,drone,1,9.489961992702219e-05,3005,0.003985784036934932,True
GaussianBudget100M_LinearMinTime,SANTA_2021-CABDF-001770,20210126,16,pyrologix,5,207-90,2021,0.0,0.0,0,drone,1,9.489961992702219e-05,1945,0.0037010851771538656,True
GaussianBudget100M_LinearMinTime,SAPP_2021-CASTF-001710,20210718,12,pyrologix,10,106-62,2021,0.0,0.0,-1,undetected,1,9.489961992702219e-05,4780,0.0046500813764240876,True
GaussianBudget100M_LinearMinTime,SATTLEY_2021-CATNF-000630,20210421,13,pyrologix,10,78-61,2021,0.0,0.0,0,drone,1,9.489961992702219e-05,3970,0.004555181756497065,True
GaussianBudget100M_LinearMinTime,SAWTOOTH_2021-CATNF-000674,20210429,15,pyrologix,12,85-67,2021,0.0,0.0,0,drone,1,9.489961992702219e-05,4380,0.004365382516643021,True
GaussianBudget100M_LinearMinTime,SAW_2021-CAINF-001447,20210629,0,pyrologix,3,123-82,2021,0.0,0.0,0,drone,1,9.489961992702219e-05,1450,0.004175583276788976,True
GaussianBudget100M_LinearMinTime,SCENIC_2021-CACDD-009987,20210625,20,pyrologix,8,none,2021,0.0,0.0,-1,undetected,1,9.489961992702219e-05,0,0.0,False
GaussianBudget100M_LinearMinTime,SCENIC_2021-CAINF-001431,20210628,17,pyrologix,10,123-82,2021,0.0,0.0,0,drone,1,9.489961992702219e-05,3805,0.004270482896715999,True
GaussianBudget100M_LinearMinTime,SCOTT_2021-CASHF-000884,20210618,16,pyrologix,8,50-22,2021,0.0,0.0,0,drone,1,9.489961992702219e-05,2905,0.004555181756497065,True
GaussianBudget100M_LinearMinTime,SEMI_2021-CACNF-001325,20210513,22,pyrologix,10,244-101,2021,0.0,0.0,0,drone,1,9.489961992702219e-05,4010,0.004270482896715999,True
GaussianBudget100M_LinearMinTime,SENTINEL_2021-CAINF-001706,20210712,21,pyrologix,5,123-82,2021,0.0,0.0,0,drone,1,9.489961992702219e-05,2140,0.004175583276788976,True
GaussianBudget100M_LinearMinTime,SHADOW_2021-CAKNF-006420,20210731,20,pyrologix,7,29-30,2021,0.0,0.0,4,drone,1,9.489961992702219e-05,4400,0.0046500813764240876,True
GaussianBudget100M_LinearMinTime,SHADY_2021-CABDF-009458,20210613,23,pyrologix,12,209-97,2021,0.0,0.0,1,drone,1,9.489961992702219e-05,4885,0.004365382516643021,True
GaussianBudget100M_LinearMinTime,SHANNON_2021-CAANF-000596,20210225,16,pyrologix,3,202-76,2021,0.0,0.0,1,drone,1,9.489961992702219e-05,1745,0.003985784036934932,True
GaussianBudget100M_LinearMinTime,SHELL_2021-CASQF-002407,20210723,18,pyrologix,11,146-79,2021,0.0,0.0,0,drone,1,9.489961992702219e-05,4330,0.0046500813764240876,True
GaussianBudget100M_LinearMinTime,SHERMAN_2021-CAENF-013945,20210522,21,pyrologix,4,99-61,2021,0.0,0.0,-1,undetected,1,9.489961992702219e-05,4035,0.0033214866974457763,True
GaussianBudget100M_LinearMinTime,SHIRLEY_2021-CASQF-002724,20210814,14,pyrologix,4,173-77,2021,0.0,0.0,0,drone,1,9.489961992702219e-05,1755,0.004365382516643021,True
GaussianBudget100M_LinearMinTime,SHOENING_2021-CAANF-004214,20211125,13,pyrologix,11,202-76,2021,0.0,0.0,0,drone,1,9.489961992702219e-05,4235,0.0040806836568619545,True
GaussianBudget100M_LinearMinTime,SHOOTING_2021-CAANF-001423,20210508,14,pyrologix,7,202-76,2021,0.0,0.0,4,drone,1,9.489961992702219e-05,4070,0.0040806836568619545,True
GaussianBudget100M_LinearMinTime,SHORE_2021-CAINF-001670,20210711,21,pyrologix,8,123-77,2021,0.0,0.0,-1,undetected,1,9.489961992702219e-05,1180,0.0033214866974457763,True
GaussianBudget100M_LinearMinTime,SIDE_2021-CASQF-001253,20210529,20,pyrologix,6,166-78,2021,0.0,0.0,0,drone,1,9.489961992702219e-05,2540,0.004555181756497065,True
GaussianBudget100M_LinearMinTime,SIERRA__2021-CABDF-006929,20210421,2,pyrologix,4,207-90,2021,0.0,0.0,1,drone,1,9.489961992702219e-05,2140,0.0037010851771538656,True
GaussianBudget100M_LinearMinTime,SIGNAL_2021-CALNF-001980,20210420,17,pyrologix,10,50-54,2021,0.0,0.0,-1,undetected,1,9.489961992702219e-05,3290,0.004555181756497065,True
GaussianBudget100M_LinearMinTime,SIGNAL_2021-CATNF-001345,20210715,20,pyrologix,1,85-53,2021,0.0,0.0,-1,undetected,1,9.489961992702219e-05,425,0.0026571893579566213,True
GaussianBudget100M_LinearMinTime,SILVER_2021-CASNF-000961,20210719,20,pyrologix,4,128-73,2021,0.0,0.0,0,drone,1,9.489961992702219e-05,1830,0.003985784036934932,True
GaussianBudget100M_LinearMinTime,SIMS_2021-CASHF-001586,20211125,16,pyrologix,2,36-42,2021,0.0,0.0,0,drone,1,9.489961992702219e-05,925,0.00389088441700791,True
GaussianBudget100M_LinearMinTime,SIX_SHOOTER_2021-CAKNF-006455,20210801,13,pyrologix,10,29-58,2021,0.0,0.0,1,drone,1,9.489961992702219e-05,4755,0.0046500813764240876,True
GaussianBudget100M_LinearMinTime,SKYLINE__2021-CATNF-000868,20210601,10,pyrologix,9,78-54,2021,0.0,0.0,1,drone,1,9.489961992702219e-05,3920,0.004460282136570043,True
GaussianBudget100M_LinearMinTime,SKY_2021-CALNF-003531,20210627,18,pyrologix,11,64-52,2021,0.0,0.0,-1,undetected,1,9.489961992702219e-05,2675,0.004270482896715999,True
GaussianBudget100M_LinearMinTime,SLATE_2021-CAENF-010080,20210414,23,pyrologix,2,92-56,2021,0.0,0.0,0,drone,1,9.489961992702219e-05,1020,0.00389088441700791,True
GaussianBudget100M_LinearMinTime,SLATE_2021-CASQF-003085,20210911,11,pyrologix,11,166-78,2021,0.0,0.0,3,drone,1,9.489961992702219e-05,5320,0.0046500813764240876,True
GaussianBudget100M_LinearMinTime,SLATE_2021-CATNF-001085,20210624,15,pyrologix,12,78-54,2021,0.0,0.0,0,drone,1,9.489961992702219e-05,4615,0.004555181756497065,True
GaussianBudget100M_LinearMinTime,SLEIGHVILLE_2021-CATNF-000722,20210512,21,pyrologix,3,78-54,2021,0.0,0.0,0,drone,1,9.489961992702219e-05,1180,0.004365382516643021,True
GaussianBudget100M_LinearMinTime,SLIDE_2021-CAMDF-000636,20210627,15,pyrologix,1,43-76,2021,0.0,0.0,0,drone,1,9.489961992702219e-05,480,0.003226587077518755,True
GaussianBudget100M_LinearMinTime,SLOPE_2021-CAINF-001448,20210629,21,pyrologix,10,128-80,2021,0.0,0.0,5,drone,1,9.489961992702219e-05,5790,0.004460282136570043,True
GaussianBudget100M_LinearMinTime,SMALLS_2021-CABDF-018495,20211130,8,pyrologix,12,207-90,2021,0.0,0.0,0,drone,1,9.489961992702219e-05,4355,0.00389088441700791,True
GaussianBudget100M_LinearMinTime,SMITH_2021-CAENF-028280,20210922,14,pyrologix,8,99-61,2021,0.0,0.0,-1,undetected,1,9.489961992702219e-05,5645,0.0033214866974457763,True
GaussianBudget100M_LinearMinTime,SMITH_2021-CASRF-000576,20210718,14,pyrologix,11,15-19,2021,0.0,0.0,0,drone,1,9.489961992702219e-05,4350,0.004365382516643021,True
GaussianBudget100M_LinearMinTime,SMOLDER_2021-CAANF-001200,20210418,17,pyrologix,6,207-90,2021,0.0,0.0,1,drone,1,9.489961992702219e-05,2530,0.0037010851771538656,True
GaussianBudget100M_LinearMinTime,SNAKE_2021-CABDF-012147,20210811,12,pyrologix,4,212-104,2021,0.0,0.0,0,drone,1,9.489961992702219e-05,1855,0.003985784036934932,True
GaussianBudget100M_LinearMinTime,SNOW_2021-CABDF-014001,20210924,0,pyrologix,4,209-97,2021,0.0,0.0,0,drone,1,9.489961992702219e-05,1765,0.0040806836568619545,True
GaussianBudget100M_LinearMinTime,SNOW_2021-CAENF-018112,20210627,22,pyrologix,5,99-61,2021,0.0,0.0,0,drone,1,9.489961992702219e-05,2320,0.0033214866974457763,True
GaussianBudget100M_LinearMinTime,SNOW_2021-CASHF-001239,20210807,17,pyrologix,3,36-28,2021,0.0,0.0,0,drone,1,9.489961992702219e-05,1425,0.003985784036934932,True
GaussianBudget100M_LinearMinTime,SNOW_PLAY_2021-CABDF-005086,20210320,21,pyrologix,6,209-97,2021,0.0,0.0,0,charging station,1,9.489961992702219e-05,2220,0.0040806836568619545,True
GaussianBudget100M_LinearMinTime,SODA_2021-CAINF-001464,20210629,15,pyrologix,11,160-85,2021,0.0,0.0,-1,undetected,1,9.489961992702219e-05,4345,0.0046500813764240876,True
GaussianBudget100M_LinearMinTime,SOLEDAD_2021-CAANF-001926,20210609,18,pyrologix,9,202-76,2021,0.0,0.0,0,drone,1,9.489961992702219e-05,3200,0.003985784036934932,True
GaussianBudget100M_LinearMinTime,SOPIAGO_2021-CAENF-013394,20210517,18,pyrologix,7,99-61,2021,0.0,0.0,-1,undetected,1,9.489961992702219e-05,5230,0.0033214866974457763,True
GaussianBudget100M_LinearMinTime,SOUTH_2021-CABDU-012298,20210825,23,pyrologix,2,207-90,2021,0.0,0.0,-1,undetected,1,9.489961992702219e-05,2805,0.0037010851771538656,True
GaussianBudget100M_LinearMinTime,SOUTH_2021-CAKNF-004388,20210606,19,pyrologix,9,36-35,2021,0.0,0.0,-1,undetected,1,9.489961992702219e-05,2465,0.004270482896715999,True
GaussianBudget100M_LinearMinTime,SPADE__2021-CAANF-003949,20211028,5,pyrologix,10,202-76,2021,0.0,0.0,1,drone,1,9.489961992702219e-05,4070,0.0040806836568619545,True
GaussianBudget100M_LinearMinTime,SPICE_2021-CABDF-018466,20211129,14,pyrologix,10,223-101,2021,0.0,0.0,0,drone,1,9.489961992702219e-05,3665,0.004460282136570043,True
GaussianBudget100M_LinearMinTime,SPOT_2021-CAANF-000571,20210222,5,pyrologix,4,202-76,2021,0.0,0.0,1,drone,1,9.489961992702219e-05,1855,0.003985784036934932,True
GaussianBudget100M_LinearMinTime,SPRAGUE_2021-CATCU-004946,20210419,9,pyrologix,9,120-59,2021,0.0,0.0,0,drone,1,9.489961992702219e-05,3470,0.0046500813764240876,True
GaussianBudget100M_LinearMinTime,SPRINGS_2021-CAANF-001067,20210405,18,pyrologix,10,205-83,2021,0.0,0.0,1,drone,1,9.489961992702219e-05,3905,0.004460282136570043,True
GaussianBudget100M_LinearMinTime,SPRINGS_2021-CAINF-001457,20210629,12,pyrologix,9,128-80,2021,0.0,0.0,0,drone,1,9.489961992702219e-05,3465,0.004460282136570043,True
GaussianBudget100M_LinearMinTime,SPRINGS_2021-CASQF-001124,20210525,22,pyrologix,4,173-77,2021,0.0,0.0,1,drone,1,9.489961992702219e-05,2205,0.004555181756497065,True
GaussianBudget100M_LinearMinTime,SPRINGTIME_2021-CASHF-001183,20210730,21,pyrologix,5,50-22,2021,0.0,0.0,4,drone,1,9.489961992702219e-05,3295,0.0046500813764240876,True
GaussianBudget100M_LinearMinTime,SPRING_2021-CAKNF-006404,20210731,12,pyrologix,10,29-30,2021,0.0,0.0,0,drone,1,9.489961992702219e-05,3945,0.0046500813764240876,True
GaussianBudget100M_LinearMinTime,SPRUCE_2021-CABDF-012448,20210817,18,pyrologix,5,223-101,2021,0.0,0.0,1,drone,1,9.489961992702219e-05,2220,0.004460282136570043,True
GaussianBudget100M_LinearMinTime,SPUNKY_2021-CAANF-004252,20211128,18,pyrologix,10,195-74,2021,0.0,0.0,0,drone,1,9.489961992702219e-05,3735,0.00389088441700791,True
GaussianBudget100M_LinearMinTime,STAGING_2021-CAANF-004309,20211205,21,pyrologix,6,195-74,2021,0.0,0.0,0,drone,1,9.489961992702219e-05,2340,0.0037010851771538656,True
GaussianBudget100M_LinearMinTime,STANFIELD_2021-CABDF-010785,20210710,14,pyrologix,12,209-97,2021,0.0,0.0,0,drone,1,9.489961992702219e-05,4400,0.004365382516643021,True
GaussianBudget100M_LinearMinTime,STANFORD_2021-CATMU-026974,20210910,15,pyrologix,1,92-63,2021,0.0,0.0,1,drone,1,9.489961992702219e-05,1105,0.00389088441700791,True
GaussianBudget100M_LinearMinTime,STARLIGHT_2021-CAANF-004192,20211123,4,pyrologix,5,none,2021,0.0,0.0,-1,undetected,1,9.489961992702219e-05,0,0.0,False
GaussianBudget100M_LinearMinTime,STATE_2021-CAANF-004208,20211125,22,pyrologix,10,194-68,2021,0.0,0.0,0,drone,1,9.489961992702219e-05,4160,0.004555181756497065,True
GaussianBudget100M_LinearMinTime,STEWART_2021-CALPF-002715,20211005,15,pyrologix,10,192-62,2021,0.0,0.0,0,drone,1,9.489961992702219e-05,3840,0.0046500813764240876,True
GaussianBudget100M_LinearMinTime,STOCKTON_2021-CABDF-017962,20211127,2,pyrologix,2,207-90,2021,0.0,0.0,1,drone,1,9.489961992702219e-05,1120,0.0037010851771538656,True
GaussianBudget100M_LinearMinTime,STONE_2021-CATNF-001429,20210726,19,pyrologix,7,85-53,2021,0.0,0.0,-1,undetected,1,9.489961992702219e-05,425,0.0026571893579566213,True
GaussianBudget100M_LinearMinTime,STRAWBERRY__2021-CASTF-001974,20210802,13,pyrologix,2,113-61,2021,0.0,0.0,5,drone,1,9.489961992702219e-05,2620,0.004365382516643021,True
GaussianBudget100M_LinearMinTime,STRAW_2021-CASTF-002844,20211126,14,pyrologix,5,113-61,2021,0.0,0.0,1,drone,1,9.489961992702219e-05,2505,0.004175583276788976,True
GaussianBudget100M_LinearMinTime,SUGAR_2021-CABDF-012136,20210810,20,pyrologix,8,212-104,2021,0.0,0.0,0,drone,1,9.489961992702219e-05,3060,0.004175583276788976,True
GaussianBudget100M_LinearMinTime,SUGAR_2021-CAENF-019897,20210711,0,pyrologix,5,99-61,2021,0.0,0.0,0,drone,1,9.489961992702219e-05,2225,0.0033214866974457763,True
GaussianBudget100M_LinearMinTime,SUGAR_2021-CAMDF-000429,20210529,21,pyrologix,7,31-80,2021,0.0,0.0,-1,undetected,1,9.489961992702219e-05,1270,0.002941888217737688,True
GaussianBudget100M_LinearMinTime,SUGAR_2_2021-CAMDF-000433,20210529,23,pyrologix,2,31-80,2021,0.0,0.0,0,drone,1,9.489961992702219e-05,1055,0.002941888217737688,True
GaussianBudget100M_LinearMinTime,SUGAR_3_2021-CAMDF-000434,20210529,22,pyrologix,5,31-80,2021,0.0,0.0,-1,undetected,1,9.489961992702219e-05,1270,0.002941888217737688,True
GaussianBudget100M_LinearMinTime,SUGAR_4_2021-CAMDF-000435,20210529,21,pyrologix,7,31-80,2021,0.0,0.0,-1,undetected,1,9.489961992702219e-05,1270,0.002941888217737688,True
GaussianBudget100M_LinearMinTime,SUGAR_PINE_2021-CATNF-000850,20210530,21,pyrologix,5,85-53,2021,0.0,0.0,-1,undetected,1,9.489961992702219e-05,425,0.0026571893579566213,True
GaussianBudget100M_LinearMinTime,SUGAR__2021-CATNF-000972,20210613,18,pyrologix,5,85-53,2021,0.0,0.0,-1,undetected,1,9.489961992702219e-05,425,0.0026571893579566213,True
GaussianBudget100M_LinearMinTime,SULPHER_2021-CASHF-000817,20210607,17,pyrologix,7,36-42,2021,0.0,0.0,0,drone,1,9.489961992702219e-05,2590,0.004175583276788976,True
GaussianBudget100M_LinearMinTime,SULPHUR_2021-CALPF-001037,20210509,17,pyrologix,3,192-62,2021,0.0,0.0,-1,undetected,1,9.489961992702219e-05,3200,0.0046500813764240876,True
GaussianBudget100M_LinearMinTime,SUMMIT_2021-CAENF-021041,20210720,13,pyrologix,7,99-68,2021,0.0,0.0,2,drone,1,9.489961992702219e-05,3655,0.004270482896715999,True
GaussianBudget100M_LinearMinTime,SUMMIT_2021-CAINF-001826,20210721,18,pyrologix,2,160-85,2021,0.0,0.0,1,drone,1,9.489961992702219e-05,1455,0.0040806836568619545,True
GaussianBudget100M_LinearMinTime,SUMMIT_2021-CASHF-001307,20210825,9,pyrologix,8,36-42,2021,0.0,0.0,0,drone,1,9.489961992702219e-05,3040,0.004365382516643021,True
GaussianBudget100M_LinearMinTime,SUMMIT_2021-CATNF-001568,20210812,22,pyrologix,3,85-60,2021,0.0,0.0,0,drone,1,9.489961992702219e-05,1120,0.00389088441700791,True
GaussianBudget100M_LinearMinTime,SURVEYORS_2021-CAMDF-000385,20210518,1,pyrologix,4,29-70,2021,0.0,0.0,-1,undetected,1,9.489961992702219e-05,3425,0.004555181756497065,True
GaussianBudget100M_LinearMinTime,SWALL_2021-CAINF-000688,20210429,18,pyrologix,8,none,2021,0.0,0.0,-1,undetected,1,9.489961992702219e-05,0,0.0,False
GaussianBudget100M_LinearMinTime,SWARTHOUT_2021-CABDF-009976,20210625,17,pyrologix,8,207-90,2021,0.0,0.0,0,drone,1,9.489961992702219e-05,3070,0.0037010851771538656,True
GaussianBudget100M_LinearMinTime,SWEET_2021-CASNF-000960,20210719,20,pyrologix,5,123-62,2021,0.0,0.0,0,drone,1,9.489961992702219e-05,1935,0.0046500813764240876,True
GaussianBudget100M_LinearMinTime,SWELL_2021-CALNF-001986,20210421,21,pyrologix,9,50-54,2021,0.0,0.0,-1,undetected,1,9.489961992702219e-05,3290,0.004555181756497065,True
GaussianBudget100M_LinearMinTime,SWITZER_2021-CABDF-013910,20210921,15,pyrologix,5,209-97,2021,0.0,0.0,1,drone,1,9.489961992702219e-05,2585,0.0040806836568619545,True
GaussianBudget100M_LinearMinTime,SWITZER_PARK__2021-CABDF-016614,20211111,1,pyrologix,2,209-97,2021,0.0,0.0,1,drone,1,9.489961992702219e-05,1500,0.0040806836568619545,True
GaussianBudget100M_LinearMinTime,SYCAMORE_2021-CABDF-006749,20210417,23,pyrologix,1,207-90,2021,0.0,0.0,0,drone,1,9.489961992702219e-05,510,0.003226587077518755,True
GaussianBudget100M_LinearMinTime,SYD_2021-CASHF-001293,20210819,8,pyrologix,12,57-25,2021,0.0,0.0,0,drone,1,9.489961992702219e-05,4570,0.0046500813764240876,True
GaussianBudget100M_LinearMinTime,School_2021-CASRF-000313,20210521,15,pyrologix,7,29-23,2021,0.0,0.0,0,drone,1,9.489961992702219e-05,3070,0.0040806836568619545,True
GaussianBudget100M_LinearMinTime,Seven_2021-CACNF-001500,20210529,16,pyrologix,4,220-87,2021,0.0,0.0,0,drone,1,9.489961992702219e-05,1565,0.00389088441700791,True
GaussianBudget100M_LinearMinTime,Shade_2021-CACNF-002704,20210818,14,pyrologix,7,237-100,2021,0.0,0.0,1,drone,1,9.489961992702219e-05,2965,0.004555181756497065,True
GaussianBudget100M_LinearMinTime,Silver_2021-CAPNF-000716,20210531,8,pyrologix,10,71-57,2021,0.0,0.0,0,drone,1,9.489961992702219e-05,3680,0.0046500813764240876,True
GaussianBudget100M_LinearMinTime,Site_11_2021-CACNF-000929,20210328,12,pyrologix,10,220-87,2021,0.0,0.0,1,drone,1,9.489961992702219e-05,4260,0.003985784036934932,True
GaussianBudget100M_LinearMinTime,Slate_2021-CASRF-000173,20210330,20,pyrologix,6,29-23,2021,0.0,0.0,1,drone,1,9.489961992702219e-05,2975,0.0040806836568619545,True
GaussianBudget100M_LinearMinTime,Smith_2021-CAPNF-001355,20210730,22,pyrologix,5,71-64,2021,0.0,0.0,0,drone,1,9.489961992702219e-05,1975,0.004460282136570043,True
GaussianBudget100M_LinearMinTime,South_2021-CASRF-000226,20210421,21,pyrologix,5,43-20,2021,0.0,0.0,-1,undetected,1,9.489961992702219e-05,1310,0.00389088441700791,True
GaussianBudget100M_LinearMinTime,Spring_2021-CAPNF-001012,20210701,21,pyrologix,8,78-68,2021,0.0,0.0,0,drone,1,9.489961992702219e-05,3240,0.004555181756497065,True
GaussianBudget100M_LinearMinTime,Squirrel_2021-CAPNF-000574,20210509,2,pyrologix,6,71-57,2021,0.0,0.0,2,drone,1,9.489961992702219e-05,2965,0.0046500813764240876,True
GaussianBudget100M_LinearMinTime,Stanshaw_2021-CASRF-000187,20210404,16,pyrologix,12,22-26,2021,0.0,0.0,2,drone,1,9.489961992702219e-05,5095,0.0046500813764240876,True
GaussianBudget100M_LinearMinTime,Stoneridge_2021-CACNF-003429,20211120,18,pyrologix,11,230-100,2021,0.0,0.0,0,drone,1,9.489961992702219e-05,4070,0.004270482896715999,True
GaussianBudget100M_LinearMinTime,Sugarbowl_2021-CASRF-000115,20210304,2,pyrologix,6,36-21,2021,0.0,0.0,0,drone,1,9.489961992702219e-05,2680,0.004460282136570043,True
GaussianBudget100M_LinearMinTime,Sundance_2021-CACNF-002266,20210718,23,pyrologix,2,244-101,2021,0.0,0.0,0,drone,1,9.489961992702219e-05,1210,0.00389088441700791,True
GaussianBudget100M_LinearMinTime,Sweetbriar_2021-CASHF-001025,20210707,5,pyrologix,5,36-42,2021,0.0,0.0,1,drone,1,9.489961992702219e-05,2135,0.004175583276788976,True
GaussianBudget100M_LinearMinTime,TAMARACK_2021-CALNF-002852,20210531,19,pyrologix,7,57-67,2021,0.0,0.0,-1,undetected,1,9.489961992702219e-05,4695,0.0040806836568619545,True
GaussianBudget100M_LinearMinTime,TAMARACK_2021-CASHF-001181,20210730,21,pyrologix,1,29-37,2021,0.0,0.0,-1,undetected,1,9.489961992702219e-05,2535,0.004460282136570043,True
GaussianBudget100M_LinearMinTime,TAMARIN_2021-CABDF-011615,20210729,15,pyrologix,10,207-90,2021,0.0,0.0,1,drone,1,9.489961992702219e-05,4020,0.003795984797080888,True
GaussianBudget100M_LinearMinTime,TANGLE_2021-CASHF-001013,20210705,13,pyrologix,1,36-35,2021,0.0,0.0,0,drone,1,9.489961992702219e-05,690,0.0033214866974457763,True
GaussianBudget100M_LinearMinTime,TAYLOR_2021-CAINF-002482,20210911,16,pyrologix,9,123-82,2021,0.0,0.0,0,drone,1,9.489961992702219e-05,3355,0.004270482896715999,True
GaussianBudget100M_LinearMinTime,TEJON_2021-CAANF-000190,20210118,16,pyrologix,1,205-83,2021,0.0,0.0,0,drone,1,9.489961992702219e-05,580,0.0036061855572268433,True
GaussianBudget100M_LinearMinTime,TELEPHONE_2021-CAKNF-005027,20210625,4,pyrologix,7,36-35,2021,0.0,0.0,-1,undetected,1,9.489961992702219e-05,2465,0.004270482896715999,True
GaussianBudget100M_LinearMinTime,TEMPLETON_2021-CAINF-001796,20210719,18,pyrologix,1,160-85,2021,0.0,0.0,2,drone,1,9.489961992702219e-05,1455,0.0040806836568619545,True
GaussianBudget100M_LinearMinTime,TEMPLIN_2021-CAANF-000022,20210102,17,pyrologix,7,194-68,2021,0.0,0.0,0,drone,1,9.489961992702219e-05,2840,0.004460282136570043,True
GaussianBudget100M_LinearMinTime,TENNANT_2021-CAKNF-005169,20210628,21,pyrologix,5,29-51,2021,0.0,0.0,1,drone,1,9.489961992702219e-05,2345,0.004555181756497065,True
GaussianBudget100M_LinearMinTime,TEWANET_2021-CABDF-002530,20210209,21,pyrologix,4,none,2021,0.0,0.0,-1,undetected,1,9.489961992702219e-05,0,0.0,False
GaussianBudget100M_LinearMinTime,TICK_2021-CAANF-001400,20210505,20,pyrologix,4,202-76,2021,0.0,0.0,1,drone,1,9.489961992702219e-05,2025,0.003985784036934932,True
GaussianBudget100M_LinearMinTime,TINKER_2021-CATNF-001251,20210705,23,pyrologix,4,85-67,2021,0.0,0.0,0,drone,1,9.489961992702219e-05,1680,0.0040806836568619545,True
GaussianBudget100M_LinearMinTime,TOOLBOX_2021-CABDF-016095,20211031,17,pyrologix,1,223-101,2021,0.0,0.0,0,drone,1,9.489961992702219e-05,555,0.0033214866974457763,True
GaussianBudget100M_LinearMinTime,TOWNSEND_2021-CAANF-003440,20210912,0,pyrologix,1,194-68,2021,0.0,0.0,0,drone,1,9.489961992702219e-05,520,0.0028469885978106655,True
GaussianBudget100M_LinearMinTime,TRAILHEAD_2021-CAKNF-006403,20210731,11,pyrologix,11,29-30,2021,0.0,0.0,0,drone,1,9.489961992702219e-05,4295,0.0046500813764240876,True
GaussianBudget100M_LinearMinTime,TRANSPORT_2021-CABDF-000949,20210111,7,pyrologix,3,207-90,2021,0.0,0.0,0,drone,1,9.489961992702219e-05,1150,0.0037010851771538656,True
GaussianBudget100M_LinearMinTime,TREE_2021-CAKNF-009333,20211021,21,pyrologix,5,22-40,2021,0.0,0.0,0,drone,1,9.489961992702219e-05,2080,0.004460282136570043,True
GaussianBudget100M_LinearMinTime,TREE_2021-CATNF-001762,20210910,11,pyrologix,10,92-56,2021,0.0,0.0,0,drone,1,9.489961992702219e-05,4440,0.004270482896715999,True
GaussianBudget100M_LinearMinTime,TROY_2021-CASQF-002353,20210719,12,pyrologix,6,167-85,2021,0.0,0.0,0,drone,1,9.489961992702219e-05,2320,0.00389088441700791,True
GaussianBudget100M_LinearMinTime,TUCKER_2021-CASTF-000297,20210222,17,pyrologix,6,113-55,2021,0.0,0.0,0,drone,1,9.489961992702219e-05,2415,0.004365382516643021,True
GaussianBudget100M_LinearMinTime,TUFA_2021-CAINF-001444,20210629,21,pyrologix,8,116-79,2021,0.0,0.0,-1,undetected,1,9.489961992702219e-05,5390,0.0037010851771538656,True
GaussianBudget100M_LinearMinTime,TUFF_2021-CAINF-001092,20210605,12,pyrologix,7,128-80,2021,0.0,0.0,0,drone,1,9.489961992702219e-05,2990,0.004460282136570043,True
GaussianBudget100M_LinearMinTime,TUJUNGA__2021-CAANF-002494,20210709,13,pyrologix,2,202-76,2021,0.0,0.0,0,drone,1,9.489961992702219e-05,925,0.0036061855572268433,True
GaussianBudget100M_LinearMinTime,TUMBLEWEED_2021-CAANF-002402,20210704,20,pyrologix,2,194-68,2021,0.0,0.0,0,drone,1,9.489961992702219e-05,1135,0.0040806836568619545,True
GaussianBudget100M_LinearMinTime,TUNNELS_2021-CAANF-002246,20210627,13,pyrologix,9,205-83,2021,0.0,0.0,0,drone,1,9.489961992702219e-05,3435,0.004365382516643021,True
GaussianBudget100M_LinearMinTime,TURNOUT_2021-CAANF-003853,20211017,16,pyrologix,7,202-76,2021,0.0,0.0,0,drone,1,9.489961992702219e-05,2525,0.003985784036934932,True
GaussianBudget100M_LinearMinTime,TURNOUT_2021-CABDF-016627,20211111,12,pyrologix,12,209-97,2021,0.0,0.0,1,drone,1,9.489961992702219e-05,4675,0.004365382516643021,True
GaussianBudget100M_LinearMinTime,TWENTYFIVE_2021-CASTF-002441,20210910,18,pyrologix,8,113-61,2021,0.0,0.0,0,drone,1,9.489961992702219e-05,3015,0.004365382516643021,True
GaussianBudget100M_LinearMinTime,TWICE_2021-CAANF-003175,20210826,12,pyrologix,9,194-68,2021,0.0,0.0,0,drone,1,9.489961992702219e-05,3830,0.004555181756497065,True
GaussianBudget100M_LinearMinTime,TWIN_2021-CAENF-017644,20210622,20,pyrologix,7,99-61,2021,0.0,0.0,-1,undetected,1,9.489961992702219e-05,5230,0.0033214866974457763,True
GaussianBudget100M_LinearMinTime,TWIN_2021-CASHF-000945,20210625,19,pyrologix,12,36-42,2021,0.0,0.0,0,drone,1,9.489961992702219e-05,4285,0.004460282136570043,True
GaussianBudget100M_LinearMinTime,TWIN_2021-CASNF-000720,20210630,22,pyrologix,6,135-76,2021,0.0,0.0,1,drone,1,9.489961992702219e-05,2990,0.0046500813764240876,True
GaussianBudget100M_LinearMinTime,Taylor_2021-CAPNF-000694,20210529,15,pyrologix,4,64-59,2021,0.0,0.0,0,drone,1,9.489961992702219e-05,1920,0.0037010851771538656,True
GaussianBudget100M_LinearMinTime,Thompson__2021-CAPNF-000508,20210423,20,pyrologix,4,71-57,2021,0.0,0.0,0,drone,1,9.489961992702219e-05,1530,0.004365382516643021,True
GaussianBudget100M_LinearMinTime,Three_Two_2021-CASRF-000217,20210419,13,pyrologix,9,29-23,2021,0.0,0.0,0,drone,1,9.489961992702219e-05,4020,0.004555181756497065,True
GaussianBudget100M_LinearMinTime,Three__2021-CASRF-000205,20210415,23,pyrologix,8,29-23,2021,0.0,0.0,0,drone,1,9.489961992702219e-05,3400,0.004270482896715999,True
GaussianBudget100M_LinearMinTime,Tooms_2021-CAPNF-001156,20210711,20,pyrologix,3,78-54,2021,0.0,0.0,0,drone,1,9.489961992702219e-05,1405,0.004365382516643021,True
GaussianBudget100M_LinearMinTime,Tunnel_2021-CASRF-000386,20210610,17,pyrologix,8,36-21,2021,0.0,0.0,0,drone,1,9.489961992702219e-05,3280,0.004460282136570043,True
GaussianBudget100M_LinearMinTime,Turkey_2021-CALPF-001575,20210626,16,pyrologix,7,174-44,2021,0.0,0.0,0,drone,1,9.489961992702219e-05,2590,0.0046500813764240876,True
GaussianBudget100M_LinearMinTime,Turnout_2021-CACNF-003342,20211106,15,pyrologix,4,220-87,2021,0.0,0.0,0,drone,1,9.489961992702219e-05,1565,0.00389088441700791,True
GaussianBudget100M_LinearMinTime,Twain_2021-CAPNF-000486,20210421,22,pyrologix,2,71-57,2021,0.0,0.0,0,drone,1,9.489961992702219e-05,965,0.00389088441700791,True
GaussianBudget100M_LinearMinTime,UNDERWOOD_2021-CASHF-001191,20210731,18,pyrologix,2,43-20,2021,0.0,0.0,-1,undetected,1,9.489961992702219e-05,1310,0.00389088441700791,True
GaussianBudget100M_LinearMinTime,UPHILL_2021-CABDF-013838,20210919,14,pyrologix,11,207-90,2021,0.0,0.0,0,drone,1,9.489961992702219e-05,3960,0.003795984797080888,True
GaussianBudget100M_LinearMinTime,UPPER_2021-CABDF-009448,20210613,0,pyrologix,2,207-90,2021,0.0,0.0,3,drone,1,9.489961992702219e-05,2140,0.0037010851771538656,True
GaussianBudget100M_LinearMinTime,Ullathorne_2021-CASRF-000204,20210413,23,pyrologix,1,29-23,2021,0.0,0.0,0,drone,1,9.489961992702219e-05,565,0.00303678783766471,True
GaussianBudget100M_LinearMinTime,VALLEY_2021-CAMDF-000410,20210524,19,pyrologix,7,36-70,2021,0.0,0.0,-1,undetected,1,9.489961992702219e-05,4635,0.004555181756497065,True
GaussianBudget100M_LinearMinTime,VALLEY_2021-CATNF-001454,20210730,13,pyrologix,11,85-60,2021,0.0,0.0,0,drone,1,9.489961992702219e-05,3985,0.00389088441700791,True
GaussianBudget100M_LinearMinTime,VALLEY__2021-CAANF-000645,20210301,14,pyrologix,10,194-68,2021,0.0,0.0,5,drone,1,9.489961992702219e-05,6145,0.004555181756497065,True
GaussianBudget100M_LinearMinTime,VALLEY__2021-CASTF-001888,20210730,14,pyrologix,9,110-68,2021,0.0,0.0,0,drone,1,9.489961992702219e-05,3795,0.0046500813764240876,True
GaussianBudget100M_LinearMinTime,VALYERMO_2021-CAANF-002916,20210805,18,pyrologix,6,205-83,2021,0.0,0.0,0,drone,1,9.489961992702219e-05,2240,0.004365382516643021,True
GaussianBudget100M_LinearMinTime,VASQUEZ_2021-CAANF-002923,20210806,13,pyrologix,12,202-76,2021,0.0,0.0,1,drone,1,9.489961992702219e-05,4655,0.0040806836568619545,True
GaussianBudget100M_LinearMinTime,VIEWPOINT_Viewpoint_2021-CACNF-003463,20211125,3,pyrologix,4,244-101,2021,0.0,0.0,0,drone,1,9.489961992702219e-05,1705,0.00389088441700791,True
GaussianBudget100M_LinearMinTime,VIEW_2021-CAANF-003226,20210829,6,pyrologix,5,194-68,2021,0.0,0.0,0,drone,1,9.489961992702219e-05,2070,0.004460282136570043,True
GaussianBudget100M_LinearMinTime,VISTA_2021-CAANF-001071,20210406,23,pyrologix,1,194-68,2021,0.0,0.0,0,drone,1,9.489961992702219e-05,465,0.0026571893579566213,True
GaussianBudget100M_LinearMinTime,VISTA_2021-CABDF-005850,20210401,15,pyrologix,7,209-97,2021,0.0,0.0,1,drone,1,9.489961992702219e-05,3170,0.004175583276788976,True
GaussianBudget100M_LinearMinTime,VISTA_2021-CASTF-001903,20210731,22,pyrologix,7,106-62,2021,0.0,0.0,1,drone,1,9.489961992702219e-05,3355,0.004555181756497065,True
GaussianBudget100M_LinearMinTime,VIXEN_2021-CABDF-011348,20210723,15,pyrologix,7,223-101,2021,0.0,0.0,2,drone,1,9.489961992702219e-05,3430,0.004460282136570043,True
GaussianBudget100M_LinearMinTime,VLECK_2021-CAENF-022079,20210730,22,pyrologix,6,92-63,2021,0.0,0.0,0,drone,1,9.489961992702219e-05,2250,0.0040806836568619545,True
GaussianBudget100M_LinearMinTime,VOGEL_2021-CAANF-003688,20211003,2,pyrologix,11,202-76,2021,0.0,0.0,0,drone,1,9.489961992702219e-05,4070,0.0040806836568619545,True
GaussianBudget100M_LinearMinTime,VOLCANO__2021-CAINF-001788,20210719,15,pyrologix,2,160-85,2021,0.0,0.0,0,drone,1,9.489961992702219e-05,855,0.0037010851771538656,True
GaussianBudget100M_LinearMinTime,VOLCOM_2021-CAINF-002538,20210917,12,pyrologix,7,128-80,2021,0.0,0.0,0,drone,1,9.489961992702219e-05,2900,0.004460282136570043,True
GaussianBudget100M_LinearMinTime,Viejas_2021-CACNF-001276,20210505,13,pyrologix,9,244-95,2021,0.0,0.0,0,drone,1,9.489961992702219e-05,3465,0.003511285937299821,True
GaussianBudget100M_LinearMinTime,WAGY_2021-CASQF-001819,20210627,14,pyrologix,5,173-77,2021,0.0,0.0,0,drone,1,9.489961992702219e-05,2300,0.0046500813764240876,True
GaussianBudget100M_LinearMinTime,WALKERS_2021-CASQF-002758,20210815,14,pyrologix,8,159-80,2021,0.0,0.0,0,drone,1,9.489961992702219e-05,3215,0.003795984797080888,True
GaussianBudget100M_LinearMinTime,WALKER_2021-CAINF-001067,20210603,20,pyrologix,11,123-77,2021,0.0,0.0,-1,undetected,1,9.489961992702219e-05,1180,0.0033214866974457763,True
GaussianBudget100M_LinearMinTime,WALKER_2021-CAKNF-002604,20210410,20,pyrologix,2,17-33,2021,0.0,0.0,0,drone,1,9.489961992702219e-05,840,0.0033214866974457763,True
GaussianBudget100M_LinearMinTime,WALKER_2021-CAKNF-006078,20210723,13,pyrologix,4,17-33,2021,0.0,0.0,0,drone,1,9.489961992702219e-05,1665,0.00389088441700791,True
GaussianBudget100M_LinearMinTime,WALLOW_2021-CAKNF-005034,20210625,13,pyrologix,4,29-44,2021,0.0,0.0,-1,undetected,1,9.489961992702219e-05,4175,0.00389088441700791,True
GaussianBudget100M_LinearMinTime,WARMING__2021-CAANF-001210,20210419,21,pyrologix,10,202-76,2021,0.0,0.0,0,drone,1,9.489961992702219e-05,3735,0.003985784036934932,True
GaussianBudget100M_LinearMinTime,WASHES_2021-CABDF-011985,20210807,21,pyrologix,9,207-90,2021,0.0,0.0,0,drone,1,9.489961992702219e-05,3185,0.0037010851771538656,True
GaussianBudget100M_LinearMinTime,WASHINGTON_2021-CATNF-000515,20210406,19,pyrologix,5,85-53,2021,0.0,0.0,-1,undetected,1,9.489961992702219e-05,425,0.0026571893579566213,True
GaussianBudget100M_LinearMinTime,WATSON_2021-CATMU-023866,20210813,18,pyrologix,6,92-63,2021,0.0,0.0,4,drone,1,9.489961992702219e-05,3770,0.004175583276788976,True
GaussianBudget100M_LinearMinTime,WATSON_2021-CATNF-002108,20211017,20,pyrologix,1,92-63,2021,0.0,0.0,0,drone,1,9.489961992702219e-05,625,0.003795984797080888,True
GaussianBudget100M_LinearMinTime,WAY_2021-CABDF-011645,20210730,17,pyrologix,4,207-90,2021,0.0,0.0,2,drone,1,9.489961992702219e-05,2480,0.0037010851771538656,True
GaussianBudget100M_LinearMinTime,WEBBER_2021-CATNF-001089,20210625,21,pyrologix,6,85-60,2021,0.0,0.0,-1,undetected,1,9.489961992702219e-05,4285,0.00389088441700791,True
GaussianBudget100M_LinearMinTime,WEED_3-4_2021-CASKU-005050,20210625,16,pyrologix,10,29-44,2021,0.0,0.0,0,drone,1,9.489961992702219e-05,4290,0.00389088441700791,True
GaussianBudget100M_LinearMinTime,WEST_2021-CASNF-000781,20210703,22,pyrologix,2,130-62,2021,0.0,0.0,0,drone,1,9.489961992702219e-05,1185,0.00389088441700791,True
GaussianBudget100M_LinearMinTime,WHALE_2021-CAKNF-002260,20210328,2,pyrologix,7,29-44,2021,0.0,0.0,0,drone,1,9.489961992702219e-05,3040,0.00389088441700791,True
GaussianBudget100M_LinearMinTime,WHEATS_2021-CASTF-001867,20210729,23,pyrologix,1,110-68,2021,0.0,0.0,0,drone,1,9.489961992702219e-05,595,0.0036061855572268433,True
GaussianBudget100M_LinearMinTime,WHISKEY_2021-CAKNF-006344,20210730,18,pyrologix,2,29-30,2021,0.0,0.0,0,drone,1,9.489961992702219e-05,1020,0.004270482896715999,True
GaussianBudget100M_LinearMinTime,WHITE_2021-CAENF-021726,20210726,18,pyrologix,10,99-61,2021,0.0,0.0,0,drone,1,9.489961992702219e-05,4235,0.0033214866974457763,True
GaussianBudget100M_LinearMinTime,WHITE_2021-CASHF-001242,20210808,19,pyrologix,1,36-28,2021,0.0,0.0,0,drone,1,9.489961992702219e-05,560,0.002941888217737688,True
GaussianBudget100M_LinearMinTime,WHITE_POST_2021-CABDF-011135,20210718,13,pyrologix,11,223-101,2021,0.0,0.0,0,drone,1,9.489961992702219e-05,4000,0.004460282136570043,True
GaussianBudget100M_LinearMinTime,WHITTEMORE_2021-CAMDF-001449,20210813,14,pyrologix,10,36-70,2021,0.0,0.0,-1,undetected,1,9.489961992702219e-05,5715,0.004555181756497065,True
GaussianBudget100M_LinearMinTime,WILCOX_2021-CALNF-001660,20210404,2,pyrologix,4,50-54,2021,0.0,0.0,0,drone,1,9.489961992702219e-05,1830,0.004270482896715999,True
GaussianBudget100M_LinearMinTime,WILDHORSE_2021-CABDF-012130,20210810,17,pyrologix,12,212-104,2021,0.0,0.0,1,drone,1,9.489961992702219e-05,5025,0.004365382516643021,True
GaussianBudget100M_LinearMinTime,WILDWOOD_2021-CABDF-011813,20210802,8,pyrologix,8,207-90,2021,0.0,0.0,0,drone,1,9.489961992702219e-05,2965,0.0037010851771538656,True
GaussianBudget100M_LinearMinTime,WILD_2021-CABDF-012202,20210812,16,pyrologix,5,212-104,2021,0.0,0.0,0,drone,1,9.489961992702219e-05,2005,0.003985784036934932,True
GaussianBudget100M_LinearMinTime,WILD_2021-CAKNF-006466,20210801,18,pyrologix,8,29-51,2021,0.0,0.0,-1,undetected,1,9.489961992702219e-05,3240,0.0046500813764240876,True
GaussianBudget100M_LinearMinTime,WILLIAMS_2021-CAMDF-001448,20210813,14,pyrologix,11,36-70,2021,0.0,0.0,-1,undetected,1,9.489961992702219e-05,6075,0.004555181756497065,True
GaussianBudget100M_LinearMinTime,WILLOW_2021-CAMDF-000577,20210622,13,pyrologix,8,28-63,2021,0.0,0.0,0,drone,1,9.489961992702219e-05,3080,0.004270482896715999,True
GaussianBudget100M_LinearMinTime,WILLOW_2021-CATMU-029520,20211003,20,pyrologix,5,99-68,2021,0.0,0.0,0,drone,1,9.489961992702219e-05,2340,0.004270482896715999,True
GaussianBudget100M_LinearMinTime,WILLOW_2021-CATNF-001769,20210910,15,pyrologix,9,78-61,2021,0.0,0.0,3,drone,1,9.489961992702219e-05,4665,0.0046500813764240876,True
GaussianBudget100M_LinearMinTime,WILSON_2021-CAINF-001454,20210629,23,pyrologix,12,116-79,2021,0.0,0.0,0,drone,1,9.489961992702219e-05,4825,0.0037010851771538656,True
GaussianBudget100M_LinearMinTime,WILSON__2021-CAANF-001478,20210514,4,pyrologix,3,202-76,2021,0.0,0.0,2,drone,1,9.489961992702219e-05,1855,0.003985784036934932,True
GaussianBudget100M_LinearMinTime,WISHON_2021-CASNF-000458,20210531,9,pyrologix,11,142-76,2021,0.0,0.0,0,drone,1,9.489961992702219e-05,4075,0.004460282136570043,True
GaussianBudget100M_LinearMinTime,WOODS__2021-CASTF-001757,20210720,19,pyrologix,4,110-68,2021,0.0,0.0,1,drone,1,9.489961992702219e-05,2255,0.0046500813764240876,True
GaussianBudget100M_LinearMinTime,WOODWARD_2021-CASQF-000684,20210407,20,pyrologix,4,146-79,2021,0.0,0.0,0,drone,1,9.489961992702219e-05,2030,0.004270482896715999,True
GaussianBudget100M_LinearMinTime,WORLD_2021-CABDF-015371,20211024,0,pyrologix,4,207-90,2021,0.0,0.0,0,drone,1,9.489961992702219e-05,1790,0.0037010851771538656,True
GaussianBudget100M_LinearMinTime,WRIGHTS_2021-CAENF-009608,20210410,0,pyrologix,1,99-61,2021,0.0,0.0,-1,undetected,1,9.489961992702219e-05,2780,0.0033214866974457763,True
GaussianBudget100M_LinearMinTime,Waldorf_2021-CASHF-000602,20210515,11,pyrologix,7,43-27,2021,0.0,0.0,1,drone,1,9.489961992702219e-05,2935,0.0046500813764240876,True
GaussianBudget100M_LinearMinTime,Warming_2021-CACNF-001108,20210417,9,pyrologix,9,230-100,2021,0.0,0.0,1,drone,1,9.489961992702219e-05,3875,0.004270482896715999,True
GaussianBudget100M_LinearMinTime,Wildcat_2021-CAPNF-001050,20210703,19,pyrologix,10,64-66,2021,0.0,0.0,0,drone,1,9.489961992702219e-05,3875,0.004175583276788976,True
GaussianBudget100M_LinearMinTime,Willow_2021-CALPF-001493,20210618,0,pyrologix,7,150-30,2021,0.0,0.0,0,drone,1,9.489961992702219e-05,2630,0.004175583276788976,True
GaussianBudget100M_LinearMinTime,Willow_2021-CASRF-000604,20210723,16,pyrologix,1,36-21,2021,0.0,0.0,0,drone,1,9.489961992702219e-05,640,0.0034163863173727986,True
GaussianBudget100M_LinearMinTime,Willows_2021-CACNF-002745,20210823,19,pyrologix,2,244-101,2021,0.0,0.0,0,drone,1,9.489961992702219e-05,1060,0.00389088441700791,True
GaussianBudget100M_LinearMinTime,Windy_2021-CASRF-000434,20210622,12,pyrologix,8,43-20,2021,0.0,0.0,-1,undetected,1,9.489961992702219e-05,1310,0.00389088441700791,True
GaussianBudget100M_LinearMinTime,Wolf_2021-CAPNF-000598,20210513,22,pyrologix,2,64-59,2021,0.0,0.0,0,drone,1,9.489961992702219e-05,825,0.0037010851771538656,True
GaussianBudget100M_LinearMinTime,Wolf_2021-CAPNF-000795,20210613,18,pyrologix,5,64-59,2021,0.0,0.0,0,drone,1,9.489961992702219e-05,2115,0.0037010851771538656,True
GaussianBudget100M_LinearMinTime,YELLOWJACKET_2021-CAINF-001481,20210630,18,pyrologix,10,none,2021,0.0,0.0,-1,undetected,1,9.489961992702219e-05,0,0.0,False
GaussianBudget100M_LinearMinTime,YELLOWJACKET_2021-CAKNF-007031,20210816,21,pyrologix,5,23-33,2021,0.0,0.0,-1,undetected,1,9.489961992702219e-05,430,0.003226587077518755,True
GaussianBudget100M_LinearMinTime,YELLOW_2021-CABDF-018163,20211127,20,pyrologix,6,223-101,2021,0.0,0.0,0,drone,1,9.489961992702219e-05,2370,0.004460282136570043,True
GaussianBudget100M_LinearMinTime,YELLOW_2021-CAKNF-003633,20210515,14,pyrologix,11,29-30,2021,0.0,0.0,0,drone,1,9.489961992702219e-05,4400,0.0046500813764240876,True
GaussianBudget100M_LinearMinTime,Yellow_2021-CASHF-000950,20210625,2,pyrologix,6,29-44,2021,0.0,0.0,-1,undetected,1,9.489961992702219e-05,4950,0.00389088441700791,True
GaussianBudget100M_LinearMinTime,Zeigler_2021-CASRF-000202,20210413,11,pyrologix,9,36-21,2021,0.0,0.0,0,drone,1,9.489961992702219e-05,3910,0.004460282136570043,True
GaussianBudget100M_LinearMinTime,Zot_2021-CASHF-000948,20210625,23,pyrologix,9,36-42,2021,0.0,0.0,0,drone,1,9.489961992702219e-05,3245,0.004365382516643021,True
GaussianBudget100M_LinearMinTime,Zumbrota_2021-CACNF-002802,20210829,17,pyrologix,6,244-95,2021,0.0,0.0,0,drone,1,9.489961992702219e-05,2400,0.0034163863173727986,True
