strategy_combo,scenario_name,date,sim_start_hour,log_key,offset,cluster,year,routing_compute_seconds,sim_replay_seconds,delta_t,device,fire_size_cells,fire_size_percentage,total_distance_traveled,percentage_map_explored,routed
GaussianBudget75M_LinearMinTime,1-8_Jessen_2024-CALMU-004352,20240723,19,pyrologix,9,53-62,2024,0.0,0.00436143996194005,0,drone,1,9.489961992702219e-05,3375,0.004175583276788976,True
GaussianBudget75M_LinearMinTime,4-1_2024-CATCU-006043,20240515,23,pyrologix,7,108-64,2024,0.0,0.0069261700846254826,1,drone,1,9.489961992702219e-05,3465,0.004555181756497065,True
GaussianBudget75M_LinearMinTime,5-1_2024-CAMMU-016051,20240714,12,pyrologix,6,135-68,2024,0.0,0.004959788057021797,1,drone,1,9.489961992702219e-05,2545,0.0046500813764240876,True
GaussianBudget75M_LinearMinTime,5-2_2024-CAMMU-016053,20240714,9,pyrologix,12,135-68,2024,0.0,0.004430886008776724,0,drone,1,9.489961992702219e-05,4365,0.0046500813764240876,True
GaussianBudget75M_LinearMinTime,5-2_2024-CASHU-009215,20240818,19,pyrologix,10,49-34,2024,5060.367277454003,0.01897876290604472,-1,undetected,1,9.489961992702219e-05,5705,0.004270482896715999,True
GaussianBudget75M_LinearMinTime,5-4_2024-CAMMU-016086,20240714,19,pyrologix,3,135-68,2024,0.0,0.0026408510748296976,0,drone,1,9.489961992702219e-05,1230,0.004365382516643021,True
GaussianBudget75M_LinearMinTime,Ackerson_2024-CASTF-001399,20240716,23,pyrologix,3,118-64,2024,0.0,0.003714866004884243,0,drone,1,9.489961992702219e-05,1310,0.004175583276788976,True
GaussianBudget75M_LinearMinTime,Acorn_2024-CACNF-002683,20241124,20,pyrologix,8,none,2024,0.0,0.002033354016020894,-1,undetected,1,9.489961992702219e-05,0,0.0,False
GaussianBudget75M_LinearMinTime,Acorn_2024-CASQF-001270,20240714,19,pyrologix,7,174-77,2024,0.0,0.0038450529100373387,0,drone,1,9.489961992702219e-05,2700,0.0046500813764240876,True
GaussianBudget75M_LinearMinTime,Airport_2024-CAKNF-009324,20241110,16,pyrologix,5,21-28,2024,0.0,0.004396489937789738,0,drone,1,9.489961992702219e-05,1995,0.004555181756497065,True
GaussianBudget75M_LinearMinTime,Alder_2024-CAANF-244447,20241205,5,pyrologix,8,none,2024,0.0,0.0023704329505562782,-1,undetected,1,9.489961992702219e-05,0,0.0,False
GaussianBudget75M_LinearMinTime,Alder_2024-CASHF-000370,20240606,20,pyrologix,7,35-36,2024,0.0,0.005306404083967209,0,drone,1,9.489961992702219e-05,3095,0.004175583276788976,True
GaussianBudget75M_LinearMinTime,Aliso_2024-CALPF-002588,20241010,2,pyrologix,3,none,2024,0.0,0.0026229110080748796,-1,undetected,1,9.489961992702219e-05,0,0.0,False
GaussianBudget75M_LinearMinTime,Alpine_2024-CASTF-002246,20240924,13,pyrologix,8,115-63,2024,0.0,0.0076135259587317705,1,drone,1,9.489961992702219e-05,3455,0.004365382516643021,True
GaussianBudget75M_LinearMinTime,Alpine_2024-CATNF-000884,20240714,23,pyrologix,7,none,2024,0.0,0.0020296020666137338,-1,undetected,1,9.489961992702219e-05,0,0.0,False
GaussianBudget75M_LinearMinTime,Alray_2024-CABDF-015057,20241027,21,pyrologix,8,206-88,2024,0.0,0.0041160190012305975,0,drone,1,9.489961992702219e-05,3210,0.004175583276788976,True
GaussianBudget75M_LinearMinTime,Antelope_2024-CAPNF-000395,20240612,3,pyrologix,3,67-62,2024,0.0,0.00818743696436286,2,drone,1,9.489961992702219e-05,1955,0.0046500813764240876,True
GaussianBudget75M_LinearMinTime,Apache_2024-CALPF-001757,20240724,1,pyrologix,1,none,2024,0.0,0.0020473769400268793,-1,undetected,1,9.489961992702219e-05,0,0.0,False
GaussianBudget75M_LinearMinTime,Applegate_2024-CAMDF-000802,20240829,19,pyrologix,6,none,2024,0.0,0.001995597966015339,-1,undetected,1,9.489961992702219e-05,0,0.0,False
GaussianBudget75M_LinearMinTime,Archer_2024-CAANF-243524,20240927,6,pyrologix,6,none,2024,0.0,0.0020157459657639265,-1,undetected,1,9.489961992702219e-05,0,0.0,False
GaussianBudget75M_LinearMinTime,Argentine_2024-CAPNF-000269,20240515,17,pyrologix,4,73-63,2024,0.0,0.0022791370283812284,0,drone,1,9.489961992702219e-05,1510,0.004365382516643021,True
GaussianBudget75M_LinearMinTime,Arnot_2024-CASTF-001473,20240721,16,pyrologix,2,none,2024,0.0,0.0020242079626768827,-1,undetected,1,9.489961992702219e-05,0,0.0,False
GaussianBudget75M_LinearMinTime,Ash_2024-CAMDF-000501,20240724,17,pyrologix,7,45-66,2024,0.0,0.003542385995388031,0,drone,1,9.489961992702219e-05,2750,0.0046500813764240876,True
GaussianBudget75M_LinearMinTime,Ashpan_2024-CALNF-003573,20240627,19,pyrologix,3,51-53,2024,0.0,0.004210792947560549,0,drone,1,9.489961992702219e-05,1630,0.00389088441700791,True
GaussianBudget75M_LinearMinTime,Aspen_2024-CAINF-000889,20240625,10,pyrologix,9,none,2024,0.0,0.002007829025387764,-1,undetected,1,9.489961992702219e-05,0,0.0,False
GaussianBudget75M_LinearMinTime,Azalea_2024-CASRF-000964,20241005,13,pyrologix,4,none,2024,0.0,0.0020633209496736526,-1,undetected,1,9.489961992702219e-05,0,0.0,False
GaussianBudget75M_LinearMinTime,Babbit_2024-CATNF-001465,20241007,18,pyrologix,6,84-67,2024,0.0,0.002202141913585365,0,drone,1,9.489961992702219e-05,2385,0.004270482896715999,True
GaussianBudget75M_LinearMinTime,Babcock_2024-CAPNF-000739,20240714,21,pyrologix,11,67-62,2024,0.0,0.005954466061666608,0,drone,1,9.489961992702219e-05,4355,0.0046500813764240876,True
GaussianBudget75M_LinearMinTime,Back_Bone_2024-CANEU-015937,20240607,21,pyrologix,6,79-56,2024,0.0,0.008143197046592832,2,drone,1,9.489961992702219e-05,2995,0.004555181756497065,True
GaussianBudget75M_LinearMinTime,Badger_2024-CASNF-000935,20240714,22,pyrologix,8,none,2024,0.0,0.0028024748899042606,-1,undetected,1,9.489961992702219e-05,0,0.0,False
GaussianBudget75M_LinearMinTime,Bailey_2024-CABDF-005862,20240414,1,pyrologix,6,none,2024,0.0,0.0020269749220460653,-1,undetected,1,9.489961992702219e-05,0,0.0,False
GaussianBudget75M_LinearMinTime,Bailey_2024-CASRF-000702,20240803,20,pyrologix,4,47-21,2024,0.0,0.005153145990334451,1,drone,1,9.489961992702219e-05,1890,0.0046500813764240876,True
GaussianBudget75M_LinearMinTime,Baldwin_2024-CABDF-006762,20240506,16,pyrologix,2,none,2024,0.0,0.0020236350828781724,-1,undetected,1,9.489961992702219e-05,0,0.0,False
GaussianBudget75M_LinearMinTime,Baldy_2024-CAANF-242409,20240715,4,pyrologix,1,206-88,2024,0.0,0.005403060000389814,0,drone,1,9.489961992702219e-05,640,0.0033214866974457763,True
GaussianBudget75M_LinearMinTime,Baldy_2024-CAMNF-000884,20240730,0,pyrologix,2,61-26,2024,0.0,0.0038587619783356786,0,drone,1,9.489961992702219e-05,1120,0.0040806836568619545,True
GaussianBudget75M_LinearMinTime,Banner_2024-CATNF-001676,20241207,17,pyrologix,12,86-54,2024,0.0,0.005945384968072176,0,drone,1,9.489961992702219e-05,4785,0.0046500813764240876,True
GaussianBudget75M_LinearMinTime,Barbosa_2024-CAANF-242899,20240810,4,pyrologix,12,none,2024,0.0,0.0019508369732648134,-1,undetected,1,9.489961992702219e-05,0,0.0,False
GaussianBudget75M_LinearMinTime,Barlow_2024-CASQF-001046,20240627,0,pyrologix,2,174-77,2024,0.0,0.0029486019629985094,0,drone,1,9.489961992702219e-05,900,0.004175583276788976,True
GaussianBudget75M_LinearMinTime,Barrett_2024-CACNF-000708,20240518,15,pyrologix,11,none,2024,0.0,0.001968019991181791,-1,undetected,1,9.489961992702219e-05,0,0.0,False
GaussianBudget75M_LinearMinTime,Base_2024-CABDF-012513,20240906,0,pyrologix,1,none,2024,0.0,0.0025545579846948385,-1,undetected,1,9.489961992702219e-05,0,0.0,False
GaussianBudget75M_LinearMinTime,Basin_2024-CASHF-000799,20240826,18,pyrologix,12,47-21,2024,0.0,0.005634063971228898,0,drone,1,9.489961992702219e-05,4625,0.0046500813764240876,True
GaussianBudget75M_LinearMinTime,Basin_2024-CASNF-000731,20240626,13,pyrologix,9,none,2024,0.0,0.0019925039960071445,-1,undetected,1,9.489961992702219e-05,0,0.0,False
GaussianBudget75M_LinearMinTime,Bass_2024-CAMMU-023926,20241012,19,pyrologix,9,135-68,2024,0.0,0.004635413992218673,0,drone,1,9.489961992702219e-05,3430,0.0046500813764240876,True
GaussianBudget75M_LinearMinTime,Bassetts_2024-CATNF-001538,20241025,21,pyrologix,3,80-58,2024,0.0,0.014724940992891788,2,drone,1,9.489961992702219e-05,1980,0.0040806836568619545,True
GaussianBudget75M_LinearMinTime,Bautista_2024-CABDF-011458,20240813,15,pyrologix,7,225-101,2024,0.0,0.004210237064398825,0,drone,1,9.489961992702219e-05,2780,0.004555181756497065,True
GaussianBudget75M_LinearMinTime,Bawdy_2024-CASNF-001693,20241008,17,pyrologix,6,140-71,2024,0.0,0.005457520950585604,1,drone,1,9.489961992702219e-05,2930,0.004555181756497065,True
GaussianBudget75M_LinearMinTime,Beach_2024-CASQF-001885,20241006,15,pyrologix,11,174-77,2024,0.0,0.008375986944884062,1,drone,1,9.489961992702219e-05,4570,0.0046500813764240876,True
GaussianBudget75M_LinearMinTime,Beal_2024-CAFKU-012210,20240614,19,pyrologix,12,140-65,2024,0.0,0.005168756004422903,0,drone,1,9.489961992702219e-05,4690,0.004365382516643021,True
GaussianBudget75M_LinearMinTime,Bear_2024-CAANF-243255,20240904,4,pyrologix,1,206-88,2024,0.0,0.0028965509263798594,0,drone,1,9.489961992702219e-05,585,0.0033214866974457763,True
GaussianBudget75M_LinearMinTime,Bear_2024-CAMDF-000407,20240716,19,pyrologix,9,none,2024,0.0,0.0023026420967653394,-1,undetected,1,9.489961992702219e-05,0,0.0,False
GaussianBudget75M_LinearMinTime,Bear_2024-CASKU-008015,20240926,8,pyrologix,7,37-52,2024,0.0,0.004748592036776245,0,drone,1,9.489961992702219e-05,2910,0.0046500813764240876,True
GaussianBudget75M_LinearMinTime,Bear_2024-CASRF-000951,20241002,19,pyrologix,5,47-21,2024,0.0,0.004531924030743539,0,drone,1,9.489961992702219e-05,2180,0.0046500813764240876,True
GaussianBudget75M_LinearMinTime,Bear_2024-CATNF-001251,20240902,16,pyrologix,10,80-65,2024,0.0,0.004662350052967668,0,drone,1,9.489961992702219e-05,3890,0.0046500813764240876,True
GaussianBudget75M_LinearMinTime,Bear_2_2024-CAENF-031901,20241110,13,pyrologix,12,93-54,2024,0.0,0.0048829709412530065,0,drone,1,9.489961992702219e-05,5010,0.003985784036934932,True
GaussianBudget75M_LinearMinTime,Bear_Dam_2024-CABDF-015192,20241028,23,pyrologix,12,none,2024,0.0,0.001989533076994121,-1,undetected,1,9.489961992702219e-05,0,0.0,False
GaussianBudget75M_LinearMinTime,Bear_Lake_2024-CASTF-001903,20240823,14,pyrologix,4,115-63,2024,0.0,0.018518410972319543,-1,undetected,1,9.489961992702219e-05,3555,0.004365382516643021,True
GaussianBudget75M_LinearMinTime,Beardsley_2024-CASTF-002557,20241102,22,pyrologix,3,108-64,2024,0.0,0.003888546023517847,0,drone,1,9.489961992702219e-05,1360,0.00389088441700791,True
GaussianBudget75M_LinearMinTime,Bee_2024-CAKNF-005736,20240716,19,pyrologix,7,18-37,2024,0.0,0.0028924470534548163,0,drone,1,9.489961992702219e-05,2620,0.0037010851771538656,True
GaussianBudget75M_LinearMinTime,Bell_2024-CASTF-001979,20240830,21,pyrologix,2,115-63,2024,0.0,0.003108692937530577,0,drone,1,9.489961992702219e-05,960,0.00389088441700791,True
GaussianBudget75M_LinearMinTime,Bench_2024-CACNF-002603,20241110,11,pyrologix,11,none,2024,0.0,0.0020231310045346618,-1,undetected,1,9.489961992702219e-05,0,0.0,False
GaussianBudget75M_LinearMinTime,Berry_2024-CASRF-001009,20241017,14,pyrologix,9,47-21,2024,0.0,0.010300280060619116,2,drone,1,9.489961992702219e-05,4235,0.0046500813764240876,True
GaussianBudget75M_LinearMinTime,Big_2024-CAANF-243530,20240927,19,pyrologix,1,none,2024,0.0,0.002032118965871632,-1,undetected,1,9.489961992702219e-05,0,0.0,False
GaussianBudget75M_LinearMinTime,Big_2024-CASQF-000665,20240526,16,pyrologix,9,148-73,2024,0.0,0.01918028201907873,-1,undetected,1,9.489961992702219e-05,1220,0.003511285937299821,True
GaussianBudget75M_LinearMinTime,Billy_2024-CASNF-001544,20240915,18,pyrologix,1,none,2024,0.0,0.0026051809545606375,-1,undetected,1,9.489961992702219e-05,0,0.0,False
GaussianBudget75M_LinearMinTime,Bingham_2024-CAKNF-006782,20240817,22,pyrologix,4,33-29,2024,0.0,0.015265636029653251,4,drone,1,9.489961992702219e-05,3535,0.0046500813764240876,True
GaussianBudget75M_LinearMinTime,Bitter_2024-CAANF-244511,20241211,10,pyrologix,10,none,2024,0.0,0.002004561945796013,-1,undetected,1,9.489961992702219e-05,0,0.0,False
GaussianBudget75M_LinearMinTime,Bizz_2024-CALMU-003272,20240615,11,pyrologix,6,60-61,2024,0.0,0.0025041709886863828,0,drone,1,9.489961992702219e-05,2370,0.004460282136570043,True
GaussianBudget75M_LinearMinTime,Black_2024-CAENF-020571,20240721,23,pyrologix,1,90-60,2024,0.0,0.002428503008559346,0,drone,1,9.489961992702219e-05,600,0.002941888217737688,True
GaussianBudget75M_LinearMinTime,Black_2024-CAPNF-000439,20240619,20,pyrologix,4,72-57,2024,0.0,0.004085478954948485,0,drone,1,9.489961992702219e-05,1815,0.003985784036934932,True
GaussianBudget75M_LinearMinTime,Blackhawk_2024-CAPNF-000215,20240429,15,pyrologix,6,72-57,2024,0.0,0.0032728210790082812,0,drone,1,9.489961992702219e-05,2370,0.003985784036934932,True
GaussianBudget75M_LinearMinTime,Blue_2024-CAANF-242070,20240702,17,pyrologix,4,206-88,2024,0.0,0.002924878033809364,0,drone,1,9.489961992702219e-05,1705,0.003795984797080888,True
GaussianBudget75M_LinearMinTime,Blue_2024-CABDF-010473,20240721,21,pyrologix,1,none,2024,0.0,0.0020391650032252073,-1,undetected,1,9.489961992702219e-05,0,0.0,False
GaussianBudget75M_LinearMinTime,Blue_2024-CAKNF-005703,20240716,0,pyrologix,2,21-28,2024,0.0,0.003343036980368197,0,drone,1,9.489961992702219e-05,995,0.004175583276788976,True
GaussianBudget75M_LinearMinTime,Blue_2024-CANEU-024723,20240819,5,pyrologix,10,87-59,2024,0.0,0.01878661406226456,-1,undetected,1,9.489961992702219e-05,1010,0.00303678783766471,True
GaussianBudget75M_LinearMinTime,Blue_2024-CASTF-001688,20240803,15,pyrologix,11,none,2024,0.0,0.002075982978567481,-1,undetected,1,9.489961992702219e-05,0,0.0,False
GaussianBudget75M_LinearMinTime,Blue_2024-CATNF-000587,20240615,15,pyrologix,2,87-59,2024,0.0,0.033613061998039484,-1,undetected,1,9.489961992702219e-05,1010,0.00303678783766471,True
GaussianBudget75M_LinearMinTime,Blue_2024-CATNF-001491,20241013,17,pyrologix,4,87-59,2024,0.0,0.018065621028654277,-1,undetected,1,9.489961992702219e-05,1010,0.00303678783766471,True
GaussianBudget75M_LinearMinTime,Bluff_2024-CABDF-012418,20240903,22,pyrologix,8,none,2024,0.0,0.0020720959873870015,-1,undetected,1,9.489961992702219e-05,0,0.0,False
GaussianBudget75M_LinearMinTime,Bluff_2024-CASNF-000709,20240625,20,pyrologix,11,140-71,2024,0.0,0.013792745070531964,3,drone,1,9.489961992702219e-05,5875,0.004555181756497065,True
GaussianBudget75M_LinearMinTime,Board_2024-CAMNF-001150,20240905,22,pyrologix,11,61-26,2024,0.0,0.004235308966599405,0,drone,1,9.489961992702219e-05,4400,0.004555181756497065,True
GaussianBudget75M_LinearMinTime,Bobcat_2024-CABDF-012662,20240909,13,pyrologix,4,none,2024,0.0,0.0020458189537748694,-1,undetected,1,9.489961992702219e-05,0,0.0,False
GaussianBudget75M_LinearMinTime,Boca_2024-CATNF-000758,20240702,0,pyrologix,2,84-67,2024,0.0,0.0016675100196152925,0,drone,1,9.489961992702219e-05,840,0.004270482896715999,True
GaussianBudget75M_LinearMinTime,Boise_2024-CASRF-000729,20240809,14,pyrologix,4,33-23,2024,0.0,0.012150614988058805,3,drone,1,9.489961992702219e-05,2715,0.0046500813764240876,True
GaussianBudget75M_LinearMinTime,Bolam_2024-CASHF-000046,20240120,14,pyrologix,10,28-45,2024,0.0,0.004243561998009682,0,drone,1,9.489961992702219e-05,3800,0.004365382516643021,True
GaussianBudget75M_LinearMinTime,Borel_2024-CASQF-001362,20240724,17,pyrologix,6,174-77,2024,0.0,0.0060013229958713055,1,drone,1,9.489961992702219e-05,2645,0.0046500813764240876,True
GaussianBudget75M_LinearMinTime,Boulder_2024-CASQF-001251,20240713,20,pyrologix,5,none,2024,0.0,0.0020337189780548215,-1,undetected,1,9.489961992702219e-05,0,0.0,False
GaussianBudget75M_LinearMinTime,Bouquet_2024-CAANF-242717,20240730,11,pyrologix,6,none,2024,0.0,0.00203986803535372,-1,undetected,1,9.489961992702219e-05,0,0.0,False
GaussianBudget75M_LinearMinTime,Bradley_2024-CASHF-000897,20240915,20,pyrologix,7,35-43,2024,0.0,0.00489532295614481,0,drone,1,9.489961992702219e-05,2755,0.003985784036934932,True
GaussianBudget75M_LinearMinTime,Bragdon_2024-CASHF-000759,20240818,22,pyrologix,7,42-34,2024,0.0,0.0036038890248164535,0,drone,1,9.489961992702219e-05,2895,0.004460282136570043,True
GaussianBudget75M_LinearMinTime,Bremer_2024-CASRF-000319,20240606,19,pyrologix,7,33-23,2024,0.0,0.0029267380014061928,0,drone,1,9.489961992702219e-05,2605,0.0046500813764240876,True
GaussianBudget75M_LinearMinTime,Brewer_2024-CASNF-000936,20240714,1,pyrologix,4,140-71,2024,0.0,0.005472850985825062,1,drone,1,9.489961992702219e-05,2140,0.004365382516643021,True
GaussianBudget75M_LinearMinTime,Bridge_2024-CAANF-243334,20240908,18,pyrologix,7,206-88,2024,0.0,0.012470062007196248,3,drone,1,9.489961992702219e-05,4095,0.004175583276788976,True
GaussianBudget75M_LinearMinTime,Bridge_2024-CAKNF-002497,20240408,21,pyrologix,5,18-37,2024,0.0,0.007985781994648278,1,drone,1,9.489961992702219e-05,2225,0.0036061855572268433,True
GaussianBudget75M_LinearMinTime,Brimstone_2024-CATNF-000879,20240713,19,pyrologix,4,86-54,2024,0.0,0.0038638130063191056,0,drone,1,9.489961992702219e-05,1730,0.004365382516643021,True
GaussianBudget75M_LinearMinTime,Brook_2024-CABDF-008848,20240616,19,pyrologix,5,206-88,2024,0.0,0.0032151800114661455,0,drone,1,9.489961992702219e-05,2095,0.00389088441700791,True
GaussianBudget75M_LinearMinTime,Brooks_2024-CATNF-000530,20240606,23,pyrologix,6,77-70,2024,0.0,0.0025178600335493684,0,drone,1,9.489961992702219e-05,2155,0.0037010851771538656,True
GaussianBudget75M_LinearMinTime,Browns_2024-CABTU-017716,20240919,16,pyrologix,6,69-50,2024,0.0,0.0029009750578552485,0,drone,1,9.489961992702219e-05,2315,0.004365382516643021,True
GaussianBudget75M_LinearMinTime,Browns_2024-CALNF-005269,20240902,14,pyrologix,7,69-50,2024,0.0,0.0023756850278005004,0,drone,1,9.489961992702219e-05,2625,0.004365382516643021,True
GaussianBudget75M_LinearMinTime,Brubaker_2024-CALPF-002880,20241111,23,pyrologix,7,none,2024,0.0,0.0020515250507742167,-1,undetected,1,9.489961992702219e-05,0,0.0,False
GaussianBudget75M_LinearMinTime,Buck_2024-CAANF-244182,20241111,21,pyrologix,4,none,2024,0.0,0.0020451530581340194,-1,undetected,1,9.489961992702219e-05,0,0.0,False
GaussianBudget75M_LinearMinTime,Bucks_2024-CAPNF-000224,20240501,19,pyrologix,5,72-57,2024,0.0,0.002578512066975236,0,drone,1,9.489961992702219e-05,1970,0.003985784036934932,True
GaussianBudget75M_LinearMinTime,Buena_2024-CAANF-242408,20240715,0,pyrologix,7,none,2024,0.0,0.002579896943643689,-1,undetected,1,9.489961992702219e-05,0,0.0,False
GaussianBudget75M_LinearMinTime,Bug_2024-CAANF-242377,20240714,4,pyrologix,12,none,2024,0.0,0.0020714770071208477,-1,undetected,1,9.489961992702219e-05,0,0.0,False
GaussianBudget75M_LinearMinTime,Bull_2024-CASTF-001058,20240625,22,pyrologix,9,115-63,2024,0.0,0.004026957903988659,0,drone,1,9.489961992702219e-05,3415,0.004365382516643021,True
GaussianBudget75M_LinearMinTime,Bull_2024-CATNF-000923,20240718,14,pyrologix,2,84-67,2024,0.0,0.0018785869469866157,0,drone,1,9.489961992702219e-05,840,0.004270482896715999,True
GaussianBudget75M_LinearMinTime,Bunker_2024-CAENF-031192,20241103,12,pyrologix,7,90-60,2024,0.0,0.004313111072406173,0,drone,1,9.489961992702219e-05,2980,0.004460282136570043,True
GaussianBudget75M_LinearMinTime,Burro_2024-CAANF-241787,20240616,17,pyrologix,8,none,2024,0.0,0.0020645299227908254,-1,undetected,1,9.489961992702219e-05,0,0.0,False
GaussianBudget75M_LinearMinTime,Butte_2024-CAKNF-008406,20241009,18,pyrologix,4,27-52,2024,0.0,0.007584266015328467,2,drone,1,9.489961992702219e-05,2410,0.004175583276788976,True
GaussianBudget75M_LinearMinTime,Buttermilks_2024-CAINF-001887,20241010,18,pyrologix,3,none,2024,0.0,0.002132972003892064,-1,undetected,1,9.489961992702219e-05,0,0.0,False
GaussianBudget75M_LinearMinTime,Buzzard_2024-CATNF-001488,20241012,16,pyrologix,12,87-59,2024,0.0,0.01899406802840531,-1,undetected,1,9.489961992702219e-05,1010,0.00303678783766471,True
GaussianBudget75M_LinearMinTime,Cable_2024-CALPF-001257,20240614,16,pyrologix,11,none,2024,0.0,0.0023107619490474463,-1,undetected,1,9.489961992702219e-05,0,0.0,False
GaussianBudget75M_LinearMinTime,Cachuma_2024-CALPF-002151,20240826,18,pyrologix,9,none,2024,0.0,0.0020739230094477534,-1,undetected,1,9.489961992702219e-05,0,0.0,False
GaussianBudget75M_LinearMinTime,Cactus_2024-CABDF-013456,20240927,17,pyrologix,8,none,2024,0.0,0.002063493011519313,-1,undetected,1,9.489961992702219e-05,0,0.0,False
GaussianBudget75M_LinearMinTime,Campfire_2024-CASQF-000561,20240514,22,pyrologix,12,174-77,2024,0.0,0.009132646024227142,2,drone,1,9.489961992702219e-05,4965,0.0046500813764240876,True
GaussianBudget75M_LinearMinTime,Campground_2024-CAINF-001022,20240706,14,pyrologix,2,none,2024,0.0,0.0020461890380829573,-1,undetected,1,9.489961992702219e-05,0,0.0,False
GaussianBudget75M_LinearMinTime,Canal_2024-CABDF-016192,20241109,14,pyrologix,5,none,2024,0.0,0.0020173219963908195,-1,undetected,1,9.489961992702219e-05,0,0.0,False
GaussianBudget75M_LinearMinTime,Canyon_2024-CAANF-243072,20240822,20,pyrologix,8,none,2024,0.0,0.0022427330259233713,-1,undetected,1,9.489961992702219e-05,0,0.0,False
GaussianBudget75M_LinearMinTime,Canyon_2024-CACNF-000183,20240207,4,pyrologix,12,none,2024,0.0,0.00204068492166698,-1,undetected,1,9.489961992702219e-05,0,0.0,False
GaussianBudget75M_LinearMinTime,Canyon_2024-CAKNF-006803,20240818,11,pyrologix,7,21-28,2024,0.0,0.009103868971578777,2,drone,1,9.489961992702219e-05,3335,0.0046500813764240876,True
GaussianBudget75M_LinearMinTime,Canyon_2024-CALPF-001838,20240801,9,pyrologix,11,none,2024,0.0,0.0020464740227907896,-1,undetected,1,9.489961992702219e-05,0,0.0,False
GaussianBudget75M_LinearMinTime,Canyon_2024-CASHF-000754,20240817,20,pyrologix,5,40-29,2024,0.0,0.004767714999616146,0,drone,1,9.489961992702219e-05,2140,0.004460282136570043,True
GaussianBudget75M_LinearMinTime,Canyon_2024-CASTF-001749,20240809,5,pyrologix,6,118-56,2024,0.0,0.005857443902641535,1,drone,1,9.489961992702219e-05,2830,0.004460282136570043,True
GaussianBudget75M_LinearMinTime,Canyon_2024-CATMU-024403,20240827,17,pyrologix,4,none,2024,0.0,0.0020336919697001576,-1,undetected,1,9.489961992702219e-05,0,0.0,False
GaussianBudget75M_LinearMinTime,Capitan_2024-CACNF-001149,20240628,15,pyrologix,8,none,2024,0.0,0.0020468460861593485,-1,undetected,1,9.489961992702219e-05,0,0.0,False
GaussianBudget75M_LinearMinTime,Capps_2024-CAENF-021415,20240729,2,pyrologix,10,97-60,2024,0.0,0.019083301071077585,-1,undetected,1,9.489961992702219e-05,6045,0.004460282136570043,True
GaussianBudget75M_LinearMinTime,Carmen_2024-CAPNF-000932,20240805,18,pyrologix,2,73-63,2024,0.0,0.0032225820468738675,0,drone,1,9.489961992702219e-05,955,0.0040806836568619545,True
GaussianBudget75M_LinearMinTime,Carmen_2024-CATNF-001052,20240804,16,pyrologix,2,80-65,2024,0.0,0.003402358037419617,0,drone,1,9.489961992702219e-05,1070,0.0040806836568619545,True
GaussianBudget75M_LinearMinTime,Cassel_2024-CASHU-011470,20241008,20,pyrologix,2,44-54,2024,0.0,0.0031793999951332808,0,drone,1,9.489961992702219e-05,965,0.00389088441700791,True
GaussianBudget75M_LinearMinTime,Castle_2024-CASNF-000932,20240714,22,pyrologix,6,none,2024,0.0,0.0021151870023459196,-1,undetected,1,9.489961992702219e-05,0,0.0,False
GaussianBudget75M_LinearMinTime,Cattle_2024-CAANF-242372,20240714,0,pyrologix,11,206-87,2024,0.0,0.018963212962262332,-1,undetected,1,9.489961992702219e-05,1525,0.004270482896715999,True
GaussianBudget75M_LinearMinTime,Cave_2024-CALPF-002253,20240904,23,pyrologix,1,none,2024,0.0,0.0019996180199086666,-1,undetected,1,9.489961992702219e-05,0,0.0,False
GaussianBudget75M_LinearMinTime,Caves_2024-CAINF-000643,20240526,12,pyrologix,11,none,2024,0.0,0.0020593649242073298,-1,undetected,1,9.489961992702219e-05,0,0.0,False
GaussianBudget75M_LinearMinTime,Cayuse_2024-CAKNF-002498,20240409,21,pyrologix,8,21-42,2024,0.0,0.003004038007929921,0,drone,1,9.489961992702219e-05,2955,0.004555181756497065,True
GaussianBudget75M_LinearMinTime,Cedar_2024-CABDF-006927,20240510,13,pyrologix,5,225-101,2024,0.0,0.007920281030237675,2,drone,1,9.489961992702219e-05,2580,0.004555181756497065,True
GaussianBudget75M_LinearMinTime,Cedar_2024-CASRF-000606,20240717,19,pyrologix,9,35-16,2024,0.0,0.004024391993880272,0,drone,1,9.489961992702219e-05,3500,0.0046500813764240876,True
GaussianBudget75M_LinearMinTime,Cemetery_2024-CAINF-001307,20240730,20,pyrologix,1,none,2024,0.0,0.0019693849608302116,-1,undetected,1,9.489961992702219e-05,0,0.0,False
GaussianBudget75M_LinearMinTime,Center_2024-CAANF-241387,20240521,20,pyrologix,1,none,2024,0.0,0.0020098420791327953,-1,undetected,1,9.489961992702219e-05,0,0.0,False
GaussianBudget75M_LinearMinTime,Chandler_2024-CAPNF-000653,20240706,4,pyrologix,11,72-57,2024,0.0,0.004796209977939725,0,drone,1,9.489961992702219e-05,4215,0.003985784036934932,True
GaussianBudget75M_LinearMinTime,Cherry_2024-CAANF-241157,20240501,23,pyrologix,4,none,2024,0.0,0.0020623200107365847,-1,undetected,1,9.489961992702219e-05,0,0.0,False
GaussianBudget75M_LinearMinTime,Cherry_2024-CASTF-001057,20240625,18,pyrologix,12,118-64,2024,0.0,0.003853023052215576,0,drone,1,9.489961992702219e-05,4395,0.004555181756497065,True
GaussianBudget75M_LinearMinTime,Chilao_2024-CAANF-244171,20241111,19,pyrologix,10,none,2024,0.0,0.0019790660589933395,-1,undetected,1,9.489961992702219e-05,0,0.0,False
GaussianBudget75M_LinearMinTime,Chip_2024-CAKNF-000790,20240130,17,pyrologix,3,24-35,2024,0.0,0.009903794969432056,3,drone,1,9.489961992702219e-05,2570,0.004270482896715999,True
GaussianBudget75M_LinearMinTime,Chipmunk_2024-CAKNF-006947,20240822,16,pyrologix,4,24-35,2024,0.0,0.018698683008551598,-1,undetected,1,9.489961992702219e-05,4320,0.004555181756497065,True
GaussianBudget75M_LinearMinTime,Cinder_2024-CASHF-000109,20240227,14,pyrologix,12,28-45,2024,0.0,0.00590627605561167,1,drone,1,9.489961992702219e-05,4660,0.004365382516643021,True
GaussianBudget75M_LinearMinTime,Circle_2024-CABDF-011098,20240805,4,pyrologix,9,206-88,2024,0.0,0.0034019240410998464,0,drone,1,9.489961992702219e-05,3470,0.004175583276788976,True
GaussianBudget75M_LinearMinTime,Cisco_2024-CATNF-000949,20240721,20,pyrologix,5,87-59,2024,0.0,0.01838280400261283,-1,undetected,1,9.489961992702219e-05,1010,0.00303678783766471,True
GaussianBudget75M_LinearMinTime,City_2024-CABDF-008910,20240618,15,pyrologix,3,none,2024,0.0,0.002030404983088374,-1,undetected,1,9.489961992702219e-05,0,0.0,False
GaussianBudget75M_LinearMinTime,Clavey_2024-CASTF-001059,20240625,2,pyrologix,1,118-64,2024,0.0,0.0030841969419270754,0,drone,1,9.489961992702219e-05,600,0.003795984797080888,True
GaussianBudget75M_LinearMinTime,Claw_2024-CASNF-001572,20240920,13,pyrologix,9,none,2024,0.0,0.0020378699991852045,-1,undetected,1,9.489961992702219e-05,0,0.0,False
GaussianBudget75M_LinearMinTime,Clear_2024-CAMDF-000244,20240626,18,pyrologix,7,none,2024,0.0,0.0019953669980168343,-1,undetected,1,9.489961992702219e-05,0,0.0,False
GaussianBudget75M_LinearMinTime,Clear_2024-CATNF-001267,20240906,20,pyrologix,2,80-58,2024,0.0,0.01797693793196231,-1,undetected,1,9.489961992702219e-05,2225,0.004270482896715999,True
GaussianBudget75M_LinearMinTime,Clearwater_2024-CAANF-242776,20240803,21,pyrologix,9,none,2024,0.0,0.002079817932099104,-1,undetected,1,9.489961992702219e-05,0,0.0,False
GaussianBudget75M_LinearMinTime,Cleghorn_2024-CABDF-010652,20240726,3,pyrologix,5,206-88,2024,0.0,0.0030777250649407506,0,drone,1,9.489961992702219e-05,2095,0.00389088441700791,True
GaussianBudget75M_LinearMinTime,Cliff_2024-CASNF-000512,20240602,14,pyrologix,12,140-71,2024,0.0,0.004906065994873643,0,drone,1,9.489961992702219e-05,5015,0.004555181756497065,True
GaussianBudget75M_LinearMinTime,Cloud_2024-CAMDF-000692,20240817,18,pyrologix,8,none,2024,0.0,0.002070882939733565,-1,undetected,1,9.489961992702219e-05,0,0.0,False
GaussianBudget75M_LinearMinTime,Club_2024-CASRF-000156,20240412,16,pyrologix,11,35-16,2024,0.0,0.004935774020850658,0,drone,1,9.489961992702219e-05,4335,0.0046500813764240876,True
GaussianBudget75M_LinearMinTime,Coarse_2024-CAANF-244555,20241215,1,pyrologix,7,none,2024,0.0,0.002069783047772944,-1,undetected,1,9.489961992702219e-05,0,0.0,False
GaussianBudget75M_LinearMinTime,Coast_2024-CALPF-001296,20240617,19,pyrologix,4,none,2024,0.0,0.0020605160389095545,-1,undetected,1,9.489961992702219e-05,0,0.0,False
GaussianBudget75M_LinearMinTime,Coble_Spring_2024-CALNF-002129,20240424,21,pyrologix,9,45-59,2024,0.0,0.004539530025795102,0,drone,1,9.489961992702219e-05,3340,0.004555181756497065,True
GaussianBudget75M_LinearMinTime,Coffee_2024-CASRF-001103,20241209,16,pyrologix,8,26-25,2024,0.0,0.007403963012620807,1,drone,1,9.489961992702219e-05,3770,0.004270482896715999,True
GaussianBudget75M_LinearMinTime,Cold_2024-CAANF-244599,20241219,4,pyrologix,8,none,2024,0.0,0.002035310957580805,-1,undetected,1,9.489961992702219e-05,0,0.0,False
GaussianBudget75M_LinearMinTime,Cold_2024-CASQF-001253,20240713,22,pyrologix,1,161-79,2024,0.0,0.0025777480332180858,0,drone,1,9.489961992702219e-05,555,0.0028469885978106655,True
GaussianBudget75M_LinearMinTime,Cole_2024-CAENF-027933,20240930,15,pyrologix,5,105-63,2024,0.0,0.0028541929787024856,0,drone,1,9.489961992702219e-05,2125,0.004270482896715999,True
GaussianBudget75M_LinearMinTime,College_2024-CAINF-001563,20240827,14,pyrologix,3,none,2024,0.0,0.0020381310023367405,-1,undetected,1,9.489961992702219e-05,0,0.0,False
GaussianBudget75M_LinearMinTime,Coloma_2024-CATNF-001057,20240804,18,pyrologix,10,79-56,2024,0.0,0.007501343032345176,0,drone,1,9.489961992702219e-05,3890,0.0046500813764240876,True
GaussianBudget75M_LinearMinTime,Con_2024-CAFKU-019749,20240910,15,pyrologix,9,148-73,2024,0.0,0.018871475011110306,-1,undetected,1,9.489961992702219e-05,1220,0.003511285937299821,True
GaussianBudget75M_LinearMinTime,Cone_2024-CAINF-001223,20240722,22,pyrologix,9,none,2024,0.0,0.0020434210309758782,-1,undetected,1,9.489961992702219e-05,0,0.0,False
GaussianBudget75M_LinearMinTime,Connection_2024-CAINF-001054,20240708,20,pyrologix,8,none,2024,0.0,0.0020356810418888927,-1,undetected,1,9.489961992702219e-05,0,0.0,False
GaussianBudget75M_LinearMinTime,Conrad_2024-CASHF-000596,20240718,7,pyrologix,8,40-29,2024,0.0,0.004249011049978435,0,drone,1,9.489961992702219e-05,3110,0.0046500813764240876,True
GaussianBudget75M_LinearMinTime,Copper_2024-CAANF-242334,20240713,23,pyrologix,9,none,2024,0.0,0.002119618933647871,-1,undetected,1,9.489961992702219e-05,0,0.0,False
GaussianBudget75M_LinearMinTime,Copper_2024-CAKNF-007887,20240921,20,pyrologix,6,18-37,2024,0.0,0.0197834309656173,-1,undetected,1,9.489961992702219e-05,4295,0.0037010851771538656,True
GaussianBudget75M_LinearMinTime,Coppins_2024-CATNF-000957,20240722,23,pyrologix,1,84-67,2024,0.0,0.0028189909644424915,0,drone,1,9.489961992702219e-05,625,0.0037010851771538656,True
GaussianBudget75M_LinearMinTime,Cougar_2024-CABDF-010555,20240723,16,pyrologix,10,none,2024,0.0,0.00204001204110682,-1,undetected,1,9.489961992702219e-05,0,0.0,False
GaussianBudget75M_LinearMinTime,Cougar_2024-CAKNF-005306,20240706,18,pyrologix,4,17-30,2024,0.0,0.00218616402707994,0,drone,1,9.489961992702219e-05,1630,0.004365382516643021,True
GaussianBudget75M_LinearMinTime,Cow_2024-CASQF-000568,20240515,13,pyrologix,12,none,2024,0.0,0.002050632960163057,-1,undetected,1,9.489961992702219e-05,0,0.0,False
GaussianBudget75M_LinearMinTime,Coyote_2024-CAINF-001280,20240726,12,pyrologix,11,none,2024,0.0,0.0020431149750947952,-1,undetected,1,9.489961992702219e-05,0,0.0,False
GaussianBudget75M_LinearMinTime,Craigs_2024-CASRF-000026,20240128,14,pyrologix,10,none,2024,0.0,0.002026838017627597,-1,undetected,1,9.489961992702219e-05,0,0.0,False
GaussianBudget75M_LinearMinTime,Craigs_Access_2024-CASRF-000181,20240421,19,pyrologix,4,none,2024,0.0,0.0020895720226690173,-1,undetected,1,9.489961992702219e-05,0,0.0,False
GaussianBudget75M_LinearMinTime,Crater_2024-CAINF-001082,20240710,17,pyrologix,6,none,2024,0.0,0.002106913016177714,-1,undetected,1,9.489961992702219e-05,0,0.0,False
GaussianBudget75M_LinearMinTime,Crater_2024-CASNF-000937,20240714,21,pyrologix,11,none,2024,0.0,0.002084083971567452,-1,undetected,1,9.489961992702219e-05,0,0.0,False
GaussianBudget75M_LinearMinTime,Creek_2024-CAANF-242047,20240701,3,pyrologix,2,none,2024,0.0,0.00212011591065675,-1,undetected,1,9.489961992702219e-05,0,0.0,False
GaussianBudget75M_LinearMinTime,Creek_2024-CABDF-007154,20240514,19,pyrologix,8,none,2024,0.0,0.0021938099525868893,-1,undetected,1,9.489961992702219e-05,0,0.0,False
GaussianBudget75M_LinearMinTime,Creek_2024-CAINF-001185,20240719,22,pyrologix,6,none,2024,0.0,0.002123950980603695,-1,undetected,1,9.489961992702219e-05,0,0.0,False
GaussianBudget75M_LinearMinTime,Creek_2024-CAKNF-002761,20240418,16,pyrologix,9,16-26,2024,0.0,0.004203016986139119,0,drone,1,9.489961992702219e-05,3785,0.004555181756497065,True
GaussianBudget75M_LinearMinTime,Crest_2024-CAANF-241274,20240514,2,pyrologix,9,none,2024,0.0,0.0020943699637427926,-1,undetected,1,9.489961992702219e-05,0,0.0,False
GaussianBudget75M_LinearMinTime,Crozier_2024-CAAEU-022341,20240807,4,pyrologix,3,93-54,2024,0.0,0.004200843977741897,0,drone,1,9.489961992702219e-05,1355,0.003795984797080888,True
GaussianBudget75M_LinearMinTime,Crystal_2024-CATNF-000881,20240713,21,pyrologix,5,84-67,2024,0.0,0.0038781219627708197,0,drone,1,9.489961992702219e-05,2195,0.004270482896715999,True
GaussianBudget75M_LinearMinTime,Cuesta_2024-CAPNF-001560,20241206,15,pyrologix,11,73-63,2024,0.0,0.00315445801243186,0,drone,1,9.489961992702219e-05,3980,0.0046500813764240876,True
GaussianBudget75M_LinearMinTime,Curl_2024-CASHF-000768,20240819,22,pyrologix,7,42-41,2024,0.0,0.005995463929139078,1,drone,1,9.489961992702219e-05,3075,0.004460282136570043,True
GaussianBudget75M_LinearMinTime,Cyrus_2024-CASQF-001912,20241011,20,pyrologix,2,171-80,2024,0.0,0.0030983210308477283,0,drone,1,9.489961992702219e-05,1005,0.0037010851771538656,True
GaussianBudget75M_LinearMinTime,Dam_2024-CAANF-242212,20240707,23,pyrologix,7,206-87,2024,0.0,0.018088225973770022,-1,undetected,1,9.489961992702219e-05,1525,0.004270482896715999,True
GaussianBudget75M_LinearMinTime,Dam_2024-CASRF-000556,20240714,9,pyrologix,4,47-21,2024,0.0,0.0038887879345566034,0,drone,1,9.489961992702219e-05,1790,0.004555181756497065,True
GaussianBudget75M_LinearMinTime,Dark_2024-CAKNF-006777,20240817,17,pyrologix,9,33-29,2024,0.0,0.0062619190430268645,1,drone,1,9.489961992702219e-05,4045,0.0046500813764240876,True
GaussianBudget75M_LinearMinTime,Darling_2024-CAENF-030342,20241024,17,pyrologix,11,93-54,2024,0.0,0.00391061301343143,0,drone,1,9.489961992702219e-05,4560,0.003985784036934932,True
GaussianBudget75M_LinearMinTime,Deadman_2024-CAINF-001614,20240831,18,pyrologix,8,none,2024,0.0,0.002049223054200411,-1,undetected,1,9.489961992702219e-05,0,0.0,False
GaussianBudget75M_LinearMinTime,Deer_2024-CAINF-001323,20240801,21,pyrologix,2,none,2024,0.0,0.0020770219853147864,-1,undetected,1,9.489961992702219e-05,0,0.0,False
GaussianBudget75M_LinearMinTime,Deer_2024-CALNF-003958,20240710,14,pyrologix,12,58-54,2024,0.0,0.0058448470663279295,0,drone,1,9.489961992702219e-05,4980,0.004365382516643021,True
GaussianBudget75M_LinearMinTime,Deer_2024-CATMU-022426,20240807,17,pyrologix,12,none,2024,0.0,0.0023193889064714313,-1,undetected,1,9.489961992702219e-05,0,0.0,False
GaussianBudget75M_LinearMinTime,Del_Sur_2024-CAANF-242021,20240630,20,pyrologix,12,none,2024,0.0,0.0021495739929378033,-1,undetected,1,9.489961992702219e-05,0,0.0,False
GaussianBudget75M_LinearMinTime,Dell_2024-CABDF-011704,20240819,1,pyrologix,10,206-88,2024,0.0,0.005150098935700953,0,drone,1,9.489961992702219e-05,4135,0.004175583276788976,True
GaussianBudget75M_LinearMinTime,Delonegha_2024-CASQF-001752,20240920,17,pyrologix,11,174-77,2024,0.0,0.0066082540433853865,1,drone,1,9.489961992702219e-05,4375,0.0046500813764240876,True
GaussianBudget75M_LinearMinTime,Desert_2024-CACNF-000097,20240116,19,pyrologix,2,none,2024,0.0,0.0021343400003388524,-1,undetected,1,9.489961992702219e-05,0,0.0,False
GaussianBudget75M_LinearMinTime,Dime_2024-CAANF-242179,20240706,23,pyrologix,11,206-88,2024,0.0,0.010930591030046344,2,drone,1,9.489961992702219e-05,5320,0.004175583276788976,True
GaussianBudget75M_LinearMinTime,Dinkey_2024-CASNF-001040,20240722,16,pyrologix,5,140-71,2024,0.0,0.011538748047314584,3,drone,1,9.489961992702219e-05,3335,0.004555181756497065,True
GaussianBudget75M_LinearMinTime,Dodge_2024-CASTF-001338,20240713,0,pyrologix,1,115-63,2024,0.0,0.0029274430125951767,0,drone,1,9.489961992702219e-05,605,0.0034163863173727986,True
GaussianBudget75M_LinearMinTime,Dog_2024-CATNF-000540,20240607,20,pyrologix,4,84-67,2024,0.0,0.002275662962347269,0,drone,1,9.489961992702219e-05,1615,0.004270482896715999,True
GaussianBudget75M_LinearMinTime,Dog_2024-CATNF-001401,20240929,1,pyrologix,11,84-67,2024,0.0,0.0038560550892725587,0,drone,1,9.489961992702219e-05,4315,0.004365382516643021,True
GaussianBudget75M_LinearMinTime,Don_2024-CASQF-001286,20240716,14,pyrologix,5,none,2024,0.0,0.0021379200043156743,-1,undetected,1,9.489961992702219e-05,0,0.0,False
GaussianBudget75M_LinearMinTime,Donahue_2024-CASRF-000457,20240705,2,pyrologix,7,26-25,2024,0.0,0.004358584992587566,0,drone,1,9.489961992702219e-05,3005,0.004270482896715999,True
GaussianBudget75M_LinearMinTime,Doski_2024-CAANF-244398,20241129,16,pyrologix,11,none,2024,0.0,0.00208209699485451,-1,undetected,1,9.489961992702219e-05,0,0.0,False
GaussianBudget75M_LinearMinTime,Double_2024-CASTF-002437,20241013,19,pyrologix,7,108-64,2024,0.0,0.002761990064755082,0,drone,1,9.489961992702219e-05,2870,0.004270482896715999,True
GaussianBudget75M_LinearMinTime,Drink_2024-CAANF-243958,20241027,14,pyrologix,7,none,2024,0.0,0.00202679296489805,-1,undetected,1,9.489961992702219e-05,0,0.0,False
GaussianBudget75M_LinearMinTime,Duck_2024-CASTF-001404,20240716,12,pyrologix,11,108-64,2024,0.0,0.013500866945832968,3,drone,1,9.489961992702219e-05,5635,0.0046500813764240876,True
GaussianBudget75M_LinearMinTime,Duckwall_2024-CASTF-001025,20240622,15,pyrologix,12,118-64,2024,0.0,0.005766693968325853,0,drone,1,9.489961992702219e-05,4645,0.004555181756497065,True
GaussianBudget75M_LinearMinTime,Dump_2024-CASNF-001076,20240727,23,pyrologix,5,128-67,2024,0.0,0.0026588679756969213,0,drone,1,9.489961992702219e-05,1975,0.003511285937299821,True
GaussianBudget75M_LinearMinTime,E-1_Logan_2024-CALNF-006082,20241007,17,pyrologix,7,53-62,2024,0.0,0.0035091859754174948,0,drone,1,9.489961992702219e-05,2625,0.0040806836568619545,True
GaussianBudget75M_LinearMinTime,E-1_Martin_2024-CALNF-003136,20240610,21,pyrologix,3,53-62,2024,0.0,0.0019624390406534076,0,drone,1,9.489961992702219e-05,1180,0.003226587077518755,True
GaussianBudget75M_LinearMinTime,E-3_2024-CALNF-005586,20240916,23,pyrologix,6,50-60,2024,0.0,0.005231886054389179,1,drone,1,9.489961992702219e-05,2605,0.004555181756497065,True
GaussianBudget75M_LinearMinTime,Eagle_2024-CALMU-002928,20240601,0,pyrologix,4,60-61,2024,0.0,0.0049977999879047275,1,drone,1,9.489961992702219e-05,1995,0.004460282136570043,True
GaussianBudget75M_LinearMinTime,Eagle_2024-CALNF-006194,20241013,14,pyrologix,9,53-62,2024,0.0,0.002845351002179086,0,drone,1,9.489961992702219e-05,3205,0.0040806836568619545,True
GaussianBudget75M_LinearMinTime,Eagle_2024-CAPNF-000654,20240706,6,pyrologix,10,73-63,2024,0.0,0.007912012049928308,1,drone,1,9.489961992702219e-05,4165,0.0046500813764240876,True
GaussianBudget75M_LinearMinTime,Eagle_2024-CATNF-000988,20240728,18,pyrologix,1,87-59,2024,0.0,0.01908555394038558,-1,undetected,1,9.489961992702219e-05,1010,0.00303678783766471,True
GaussianBudget75M_LinearMinTime,Elk_2024-CAKNF-005252,20240705,20,pyrologix,4,17-30,2024,0.0,0.002096791984513402,0,drone,1,9.489961992702219e-05,1630,0.004365382516643021,True
GaussianBudget75M_LinearMinTime,Ellis_2024-CAENF-024318,20240826,20,pyrologix,2,104-57,2024,0.0,0.0037393210222944617,0,drone,1,9.489961992702219e-05,1035,0.004175583276788976,True
GaussianBudget75M_LinearMinTime,Ember_2024-CAANF-244124,20241108,16,pyrologix,2,none,2024,0.0,0.0021043589804321527,-1,undetected,1,9.489961992702219e-05,0,0.0,False
GaussianBudget75M_LinearMinTime,Emma_2024-CAANF-240327,20240202,20,pyrologix,5,none,2024,0.0,0.0021515170810744166,-1,undetected,1,9.489961992702219e-05,0,0.0,False
GaussianBudget75M_LinearMinTime,Enchanted_2024-CASRF-000253,20240518,13,pyrologix,2,35-16,2024,0.0,0.006656493991613388,1,drone,1,9.489961992702219e-05,1435,0.004365382516643021,True
GaussianBudget75M_LinearMinTime,Engineer_1_2024-CASQF-001166,20240707,2,pyrologix,4,171-80,2024,0.0,0.003964097937569022,0,drone,1,9.489961992702219e-05,1720,0.004365382516643021,True
GaussianBudget75M_LinearMinTime,Engineer_2_2024-CASQF-001167,20240707,3,pyrologix,3,171-80,2024,0.0,0.003010906046256423,0,drone,1,9.489961992702219e-05,1295,0.0040806836568619545,True
GaussianBudget75M_LinearMinTime,Engineer_4_2024-CASQF-001169,20240707,0,pyrologix,8,171-80,2024,0.0,0.0032365539809688926,0,drone,1,9.489961992702219e-05,3160,0.004555181756497065,True
GaussianBudget75M_LinearMinTime,Evergreen_2024-CASTF-002534,20241030,21,pyrologix,9,118-64,2024,0.0,0.006675381911918521,1,drone,1,9.489961992702219e-05,3715,0.004555181756497065,True
GaussianBudget75M_LinearMinTime,Fallen_2024-CATMU-024996,20240901,16,pyrologix,6,none,2024,0.0,0.002166912076063454,-1,undetected,1,9.489961992702219e-05,0,0.0,False
GaussianBudget75M_LinearMinTime,Falls_2024-CABDF-013114,20240921,22,pyrologix,6,none,2024,0.0,0.002139338059350848,-1,undetected,1,9.489961992702219e-05,0,0.0,False
GaussianBudget75M_LinearMinTime,Falls_2024-CACNF-000358,20240316,18,pyrologix,1,none,2024,0.0,0.002147780964151025,-1,undetected,1,9.489961992702219e-05,0,0.0,False
GaussianBudget75M_LinearMinTime,Far_2024-CASKU-007796,20240918,18,pyrologix,4,37-52,2024,0.0,0.0019564860267564654,0,drone,1,9.489961992702219e-05,1525,0.004555181756497065,True
GaussianBudget75M_LinearMinTime,Fern_2024-CABDF-013311,20240923,19,pyrologix,10,none,2024,0.0,0.002174637047573924,-1,undetected,1,9.489961992702219e-05,0,0.0,False
GaussianBudget75M_LinearMinTime,Fern_2024-CAPNF-000244,20240508,6,pyrologix,10,73-63,2024,0.0,0.004503492033109069,0,drone,1,9.489961992702219e-05,3815,0.0046500813764240876,True
GaussianBudget75M_LinearMinTime,Fern_2024-CASHF-000787,20240822,16,pyrologix,8,35-43,2024,0.0,0.004119180957786739,0,drone,1,9.489961992702219e-05,3055,0.003985784036934932,True
GaussianBudget75M_LinearMinTime,Fiddle_2024-CATNF-001348,20240919,0,pyrologix,2,79-56,2024,0.0,0.0017775939777493477,0,drone,1,9.489961992702219e-05,815,0.003795984797080888,True
GaussianBudget75M_LinearMinTime,Fir_2024-CASHF-000698,20240806,1,pyrologix,6,35-43,2024,0.0,0.0038367300294339657,0,drone,1,9.489961992702219e-05,2325,0.003985784036934932,True
GaussianBudget75M_LinearMinTime,Fir_2024-CASNF-000725,20240625,14,pyrologix,11,140-71,2024,0.0,0.007184552028775215,1,drone,1,9.489961992702219e-05,4925,0.004555181756497065,True
GaussianBudget75M_LinearMinTime,Five_2024-CAANF-243304,20240907,3,pyrologix,10,none,2024,0.0,0.0020349730039015412,-1,undetected,1,9.489961992702219e-05,0,0.0,False
GaussianBudget75M_LinearMinTime,Flat_2024-CALNF-004249,20240720,16,pyrologix,4,44-54,2024,0.0,0.0037775379605591297,0,drone,1,9.489961992702219e-05,1735,0.004175583276788976,True
GaussianBudget75M_LinearMinTime,Flat_2024-CALPF-000089,20240113,17,pyrologix,4,none,2024,0.0,0.0020411850418895483,-1,undetected,1,9.489961992702219e-05,0,0.0,False
GaussianBudget75M_LinearMinTime,Flat_2024-CASQF-000728,20240531,20,pyrologix,10,174-77,2024,0.0,0.005011382978409529,0,drone,1,9.489961992702219e-05,3840,0.0046500813764240876,True
GaussianBudget75M_LinearMinTime,Flat_Camp_2024-CALPF-001612,20240713,13,pyrologix,10,none,2024,0.0,0.0020868340507149696,-1,undetected,1,9.489961992702219e-05,0,0.0,False
GaussianBudget75M_LinearMinTime,Fleischmann_2024-CALNF-002561,20240515,21,pyrologix,4,58-54,2024,0.0,0.002389564993791282,0,drone,1,9.489961992702219e-05,1615,0.0040806836568619545,True
GaussianBudget75M_LinearMinTime,Flume_2024-CASHF-000822,20240831,11,pyrologix,8,35-43,2024,0.0,0.004164616926573217,0,drone,1,9.489961992702219e-05,3010,0.003985784036934932,True
GaussianBudget75M_LinearMinTime,Fly_2024-CAMNF-000926,20240805,17,pyrologix,8,61-19,2024,0.0,0.003885305020958185,0,drone,1,9.489961992702219e-05,3330,0.0040806836568619545,True
GaussianBudget75M_LinearMinTime,Fordyce_2024-CATNF-000990,20240728,15,pyrologix,10,87-59,2024,0.0,0.01905761007219553,-1,undetected,1,9.489961992702219e-05,1010,0.00303678783766471,True
GaussianBudget75M_LinearMinTime,Forebay_2024-CAENF-026969,20240920,12,pyrologix,7,97-60,2024,0.0,0.008534223889000714,0,drone,1,9.489961992702219e-05,3045,0.004460282136570043,True
GaussianBudget75M_LinearMinTime,Forebay_2024-CAENF-028748,20241008,15,pyrologix,2,97-60,2024,0.0,0.00417701608967036,0,drone,1,9.489961992702219e-05,1225,0.0040806836568619545,True
GaussianBudget75M_LinearMinTime,Forgay_2024-CAPNF-001231,20240915,19,pyrologix,4,67-62,2024,0.0,0.0021378520177677274,0,drone,1,9.489961992702219e-05,1525,0.004460282136570043,True
GaussianBudget75M_LinearMinTime,Fork_2024-CAANF-242484,20240719,20,pyrologix,5,206-87,2024,0.0,0.01873168197926134,-1,undetected,1,9.489961992702219e-05,1525,0.004270482896715999,True
GaussianBudget75M_LinearMinTime,Fork_2024-CABDF-005677,20240409,14,pyrologix,6,206-88,2024,0.0,0.0024555110139772296,0,drone,1,9.489961992702219e-05,2335,0.00389088441700791,True
GaussianBudget75M_LinearMinTime,Fort_2024-CAKNF-005171,20240704,23,pyrologix,9,21-28,2024,0.0,0.004230372025631368,0,drone,1,9.489961992702219e-05,3375,0.0046500813764240876,True
GaussianBudget75M_LinearMinTime,Fox_2024-CALPF-001870,20240804,18,pyrologix,5,none,2024,0.0,0.002047513029538095,-1,undetected,1,9.489961992702219e-05,0,0.0,False
GaussianBudget75M_LinearMinTime,Fox_2024-CAMDF-000950,20240916,16,pyrologix,5,37-64,2024,0.0,0.018394320039078593,-1,undetected,1,9.489961992702219e-05,875,0.0037010851771538656,True
GaussianBudget75M_LinearMinTime,Fraser_2024-CALPF-002400,20240920,20,pyrologix,4,none,2024,0.0,0.0020794030278921127,-1,undetected,1,9.489961992702219e-05,0,0.0,False
GaussianBudget75M_LinearMinTime,French_2024-CAANF-242303,20240712,3,pyrologix,3,none,2024,0.0,0.002129513071849942,-1,undetected,1,9.489961992702219e-05,0,0.0,False
GaussianBudget75M_LinearMinTime,French_2024-CATNF-000762,20240702,11,pyrologix,11,87-59,2024,0.0,0.0028796540573239326,0,drone,1,9.489961992702219e-05,1010,0.00303678783766471,True
GaussianBudget75M_LinearMinTime,Frenchman_2024-CAANF-244116,20241107,19,pyrologix,3,none,2024,0.0,0.0021125919884070754,-1,undetected,1,9.489961992702219e-05,0,0.0,False
GaussianBudget75M_LinearMinTime,Frying_Pan_2024-CAKNF-008910,20241027,22,pyrologix,12,16-26,2024,0.0,0.00526005495339632,0,drone,1,9.489961992702219e-05,5015,0.004555181756497065,True
GaussianBudget75M_LinearMinTime,Gabriel_2024-CAANF-242668,20240728,7,pyrologix,4,none,2024,0.0,0.002126554027199745,-1,undetected,1,9.489961992702219e-05,0,0.0,False
GaussianBudget75M_LinearMinTime,Garlic_2024-CASNF-000716,20240625,12,pyrologix,5,none,2024,0.0,0.002064645988866687,-1,undetected,1,9.489961992702219e-05,0,0.0,False
GaussianBudget75M_LinearMinTime,Gate_2024-CAANF-244178,20241111,11,pyrologix,11,none,2024,0.0,0.0020866140257567167,-1,undetected,1,9.489961992702219e-05,0,0.0,False
GaussianBudget75M_LinearMinTime,Gateway_2024-CASKU-008878,20241025,22,pyrologix,2,35-43,2024,0.0,0.0017167760524898767,0,drone,1,9.489961992702219e-05,765,0.003985784036934932,True
GaussianBudget75M_LinearMinTime,Genesee_2024-CAPNF-000194,20240419,18,pyrologix,4,73-63,2024,0.0,0.004262348986230791,0,drone,1,9.489961992702219e-05,1810,0.004460282136570043,True
GaussianBudget75M_LinearMinTime,George_2024-CAINF-002041,20241109,20,pyrologix,4,none,2024,0.0,0.002041405066847801,-1,undetected,1,9.489961992702219e-05,0,0.0,False
GaussianBudget75M_LinearMinTime,Gilmore_2024-CATMU-031223,20241103,18,pyrologix,9,98-62,2024,0.0,0.00453177304007113,0,drone,1,9.489961992702219e-05,3590,0.004460282136570043,True
GaussianBudget75M_LinearMinTime,Glade_2024-CAINF-001979,20241026,18,pyrologix,1,none,2024,0.0,0.0020536279771476984,-1,undetected,1,9.489961992702219e-05,0,0.0,False
GaussianBudget75M_LinearMinTime,Glass_2024-CAINF-000547,20240515,19,pyrologix,10,none,2024,0.0,0.0020829809363931417,-1,undetected,1,9.489961992702219e-05,0,0.0,False
GaussianBudget75M_LinearMinTime,Glass_2024-CAMDF-000275,20240701,17,pyrologix,3,none,2024,0.0,0.0020355330780148506,-1,undetected,1,9.489961992702219e-05,0,0.0,False
GaussianBudget75M_LinearMinTime,Glen_2024-CATMU-030944,20241031,14,pyrologix,9,none,2024,0.0,0.0020115259103477,-1,undetected,1,9.489961992702219e-05,0,0.0,False
GaussianBudget75M_LinearMinTime,Goat_2024-CAPNF-000340,20240531,14,pyrologix,9,65-55,2024,0.0,0.003963887924328446,0,drone,1,9.489961992702219e-05,3340,0.004460282136570043,True
GaussianBudget75M_LinearMinTime,Goat_2024-CASNF-000908,20240712,13,pyrologix,8,128-67,2024,0.0,0.0032257260754704475,0,drone,1,9.489961992702219e-05,3080,0.0040806836568619545,True
GaussianBudget75M_LinearMinTime,Gold_2024-CAANF-241424,20240525,1,pyrologix,4,none,2024,0.0,0.002030039904639125,-1,undetected,1,9.489961992702219e-05,0,0.0,False
GaussianBudget75M_LinearMinTime,Gold_2024-CAPNF-000300,20240524,2,pyrologix,4,80-58,2024,0.0,0.01830535102635622,-1,undetected,1,9.489961992702219e-05,2225,0.004270482896715999,True
GaussianBudget75M_LinearMinTime,Golden_2024-CASQF-002007,20241031,18,pyrologix,1,164-82,2024,0.0,0.001970647950656712,0,drone,1,9.489961992702219e-05,545,0.00303678783766471,True
GaussianBudget75M_LinearMinTime,Goose_2024-CASTF-000999,20240620,18,pyrologix,2,115-63,2024,0.0,0.00422275101300329,0,drone,1,9.489961992702219e-05,1125,0.003985784036934932,True
GaussianBudget75M_LinearMinTime,Grade_2024-CACNF-001239,20240705,1,pyrologix,6,none,2024,0.0,0.0020644940668717027,-1,undetected,1,9.489961992702219e-05,0,0.0,False
GaussianBudget75M_LinearMinTime,Grade_2024-CAKNF-002952,20240425,1,pyrologix,3,17-30,2024,0.0,0.0018430809723213315,0,drone,1,9.489961992702219e-05,1220,0.0040806836568619545,True
GaussianBudget75M_LinearMinTime,Graffiti_2024-CACNF-001011,20240618,23,pyrologix,6,none,2024,0.0,0.0020575540838763118,-1,undetected,1,9.489961992702219e-05,0,0.0,False
GaussianBudget75M_LinearMinTime,Granlibakken_2024-CATMU-030319,20241024,13,pyrologix,11,none,2024,0.0,0.002031506970524788,-1,undetected,1,9.489961992702219e-05,0,0.0,False
GaussianBudget75M_LinearMinTime,Grass_2024-CASTF-000851,20240604,17,pyrologix,6,115-63,2024,0.0,0.0024161669425666332,0,drone,1,9.489961992702219e-05,2285,0.004175583276788976,True
GaussianBudget75M_LinearMinTime,Grassy_1_2024-CASRF-000448,20240704,21,pyrologix,3,none,2024,0.0,0.002025453024543822,-1,undetected,1,9.489961992702219e-05,0,0.0,False
GaussianBudget75M_LinearMinTime,Grassy_Flat_2024-CASRF-000629,20240722,21,pyrologix,4,none,2024,0.0,0.0020456850761547685,-1,undetected,1,9.489961992702219e-05,0,0.0,False
GaussianBudget75M_LinearMinTime,Grays_2024-CASRF-001014,20241019,15,pyrologix,11,40-22,2024,0.0,0.004553358070552349,0,drone,1,9.489961992702219e-05,4110,0.0046500813764240876,True
GaussianBudget75M_LinearMinTime,Green_2024-CABDF-011293,20240810,17,pyrologix,4,206-88,2024,0.0,0.004043865017592907,0,drone,1,9.489961992702219e-05,1860,0.00389088441700791,True
GaussianBudget75M_LinearMinTime,Green_2024-CASNF-001198,20240807,22,pyrologix,1,129-73,2024,0.0,0.0019644720014184713,0,drone,1,9.489961992702219e-05,535,0.0031316874575917325,True
GaussianBudget75M_LinearMinTime,Grey_2024-CASHF-000904,20240916,14,pyrologix,10,35-36,2024,0.0,0.019055582000873983,-1,undetected,1,9.489961992702219e-05,6165,0.004175583276788976,True
GaussianBudget75M_LinearMinTime,Grey_2024-CASNF-001571,20240920,13,pyrologix,9,128-67,2024,0.0,0.003654900938272476,0,drone,1,9.489961992702219e-05,3500,0.004270482896715999,True
GaussianBudget75M_LinearMinTime,Grider_2024-CAKNF-003315,20240508,16,pyrologix,9,16-26,2024,0.0,0.0036117099225521088,0,drone,1,9.489961992702219e-05,3740,0.004555181756497065,True
GaussianBudget75M_LinearMinTime,Grider_2024-CAKNF-005709,20240716,1,pyrologix,5,21-28,2024,0.0,0.004342956002801657,0,drone,1,9.489961992702219e-05,2105,0.004555181756497065,True
GaussianBudget75M_LinearMinTime,Griffin_2024-CASRF-000861,20240910,0,pyrologix,2,16-26,2024,0.0,0.004131403053179383,0,drone,1,9.489961992702219e-05,1205,0.004175583276788976,True
GaussianBudget75M_LinearMinTime,Grizzly_2024-CASNF-001681,20241006,16,pyrologix,11,132-72,2024,0.0,0.004017350962385535,0,drone,1,9.489961992702219e-05,4655,0.004555181756497065,True
GaussianBudget75M_LinearMinTime,Grizzly_2024-CASTF-001646,20240731,18,pyrologix,3,none,2024,0.0,0.0021467129699885845,-1,undetected,1,9.489961992702219e-05,0,0.0,False
GaussianBudget75M_LinearMinTime,Grove_2024-CASNF-001698,20241010,19,pyrologix,5,none,2024,0.0,0.002024591085501015,-1,undetected,1,9.489961992702219e-05,0,0.0,False
GaussianBudget75M_LinearMinTime,Gulch-Ref_3101_2024-CAANF-243107,20240824,16,pyrologix,2,none,2024,0.0,0.0020605530589818954,-1,undetected,1,9.489961992702219e-05,0,0.0,False
GaussianBudget75M_LinearMinTime,Gulch_2024-CAANF-243101,20240824,8,pyrologix,3,none,2024,0.0,0.0020494600757956505,-1,undetected,1,9.489961992702219e-05,0,0.0,False
GaussianBudget75M_LinearMinTime,Gypsum_2024-CABDF-016290,20241110,11,pyrologix,9,none,2024,0.0,0.0021740120137110353,-1,undetected,1,9.489961992702219e-05,0,0.0,False
GaussianBudget75M_LinearMinTime,H-2_Busters_2024-CALNF-005584,20240916,0,pyrologix,2,50-60,2024,0.0,0.007799505954608321,2,drone,1,9.489961992702219e-05,1605,0.004460282136570043,True
GaussianBudget75M_LinearMinTime,Hackamore_2024-CAMDF-000669,20240816,7,pyrologix,7,37-64,2024,0.0,0.018427376984618604,-1,undetected,1,9.489961992702219e-05,875,0.0037010851771538656,True
GaussianBudget75M_LinearMinTime,Haight_2024-CAKNF-005992,20240724,17,pyrologix,10,28-45,2024,0.0,0.014278176007792354,4,drone,1,9.489961992702219e-05,5015,0.004460282136570043,True
GaussianBudget75M_LinearMinTime,Hall_2024-CABDF-009898,20240707,6,pyrologix,12,206-88,2024,0.0,0.011392849031835794,2,drone,1,9.489961992702219e-05,5690,0.004175583276788976,True
GaussianBudget75M_LinearMinTime,Hall_2024-CAKNF-004218,20240607,18,pyrologix,9,18-37,2024,0.0,0.003685323055833578,0,drone,1,9.489961992702219e-05,3380,0.0037010851771538656,True
GaussianBudget75M_LinearMinTime,Halls_2024-CAMDF-000389,20240715,0,pyrologix,3,38-63,2024,0.0,0.0020468219881877303,0,drone,1,9.489961992702219e-05,1160,0.0040806836568619545,True
GaussianBudget75M_LinearMinTime,Hambone_2024-CASKU-008314,20241006,15,pyrologix,11,37-52,2024,0.0,0.0036738120252266526,0,drone,1,9.489961992702219e-05,4100,0.0046500813764240876,True
GaussianBudget75M_LinearMinTime,Happy_2024-CASQF-001285,20240716,11,pyrologix,10,none,2024,0.0,0.002125122002325952,-1,undetected,1,9.489961992702219e-05,0,0.0,False
GaussianBudget75M_LinearMinTime,Hard_2024-CAANF-241934,20240625,22,pyrologix,12,none,2024,0.0,0.0020774760050699115,-1,undetected,1,9.489961992702219e-05,0,0.0,False
GaussianBudget75M_LinearMinTime,Harding_2024-CATNF-001046,20240804,23,pyrologix,6,80-65,2024,0.0,0.003468925948254764,0,drone,1,9.489961992702219e-05,2385,0.004555181756497065,True
GaussianBudget75M_LinearMinTime,Harris_2024-CAMDF-000518,20240726,12,pyrologix,4,38-63,2024,0.0,0.004191513056866825,0,drone,1,9.489961992702219e-05,1795,0.0040806836568619545,True
GaussianBudget75M_LinearMinTime,Hartley_2024-CAINF-001179,20240718,18,pyrologix,10,none,2024,0.0,0.0020780470222234726,-1,undetected,1,9.489961992702219e-05,0,0.0,False
GaussianBudget75M_LinearMinTime,Hathaway_2024-CAANF-243176,20240829,21,pyrologix,1,none,2024,0.0,0.002103417064063251,-1,undetected,1,9.489961992702219e-05,0,0.0,False
GaussianBudget75M_LinearMinTime,Hawk_2024-CAPNF-000410,20240615,21,pyrologix,11,73-63,2024,0.0,0.014826575992628932,4,drone,1,9.489961992702219e-05,5365,0.0046500813764240876,True
GaussianBudget75M_LinearMinTime,Hawkins_2024-CASRF-000904,20240920,20,pyrologix,4,40-22,2024,0.0,0.00490552606061101,0,drone,1,9.489961992702219e-05,1795,0.004270482896715999,True
GaussianBudget75M_LinearMinTime,Haypress_2024-CASTF-001351,20240713,18,pyrologix,9,none,2024,0.0,0.002104573999531567,-1,undetected,1,9.489961992702219e-05,0,0.0,False
GaussianBudget75M_LinearMinTime,Hazel_2024-CABDF-012873,20240914,19,pyrologix,9,206-88,2024,0.0,0.0032902919920161366,0,drone,1,9.489961992702219e-05,3470,0.004175583276788976,True
GaussianBudget75M_LinearMinTime,Headwaters_2024-CASTF-001965,20240829,16,pyrologix,3,118-64,2024,0.0,0.0035116979852318764,0,drone,1,9.489961992702219e-05,1310,0.004175583276788976,True
GaussianBudget75M_LinearMinTime,Heather_2024-CASNF-001017,20240720,18,pyrologix,4,none,2024,0.0,0.0020536459051072598,-1,undetected,1,9.489961992702219e-05,0,0.0,False
GaussianBudget75M_LinearMinTime,Heel_2024-CASHF-001031,20241019,11,pyrologix,11,42-41,2024,0.0,0.007470542914234102,1,drone,1,9.489961992702219e-05,4615,0.004460282136570043,True
GaussianBudget75M_LinearMinTime,Hennessy_2024-CASRF-000447,20240704,17,pyrologix,7,42-15,2024,0.0,0.006577049964107573,1,drone,1,9.489961992702219e-05,2925,0.0046500813764240876,True
GaussianBudget75M_LinearMinTime,Hennessy_2_2024-CASRF-000592,20240716,22,pyrologix,9,40-22,2024,0.0,0.0033466750755906105,0,drone,1,9.489961992702219e-05,3310,0.004555181756497065,True
GaussianBudget75M_LinearMinTime,Highway_2024-CACNF-001204,20240703,13,pyrologix,1,none,2024,0.0,0.0020109040196985006,-1,undetected,1,9.489961992702219e-05,0,0.0,False
GaussianBudget75M_LinearMinTime,Highway_2024-CAINF-001777,20240921,5,pyrologix,1,none,2024,0.0,0.002046120003797114,-1,undetected,1,9.489961992702219e-05,0,0.0,False
GaussianBudget75M_LinearMinTime,Highway_2024-CAKNF-003856,20240527,1,pyrologix,2,27-52,2024,0.0,0.0031777418917044997,0,drone,1,9.489961992702219e-05,1005,0.0033214866974457763,True
GaussianBudget75M_LinearMinTime,Highway_2024-CALPF-002498,20241001,1,pyrologix,8,none,2024,0.0,0.002085685031488538,-1,undetected,1,9.489961992702219e-05,0,0.0,False
GaussianBudget75M_LinearMinTime,Highway_2024-CASHF-000549,20240708,21,pyrologix,11,42-41,2024,0.0,0.004288388998247683,0,drone,1,9.489961992702219e-05,4205,0.004460282136570043,True
GaussianBudget75M_LinearMinTime,Hill_2024-CANEU-017006,20240617,7,pyrologix,8,83-49,2024,0.0,0.006645175977610052,1,drone,1,9.489961992702219e-05,3320,0.004555181756497065,True
GaussianBudget75M_LinearMinTime,Hill_2024-CASRF-000586,20240716,23,pyrologix,3,42-15,2024,0.0,0.007336540031246841,2,drone,1,9.489961992702219e-05,1865,0.004460282136570043,True
GaussianBudget75M_LinearMinTime,Hill_2024-CATNF-001473,20241010,10,pyrologix,12,84-67,2024,0.0,0.003357078996486962,0,drone,1,9.489961992702219e-05,4660,0.004365382516643021,True
GaussianBudget75M_LinearMinTime,Hillcrest_2024-CABDF-012201,20240831,18,pyrologix,10,none,2024,0.0,0.0020452120807021856,-1,undetected,1,9.489961992702219e-05,0,0.0,False
GaussianBudget75M_LinearMinTime,Hobart_2024-CATNF-001416,20241001,17,pyrologix,9,84-67,2024,0.0,0.002668182016350329,0,drone,1,9.489961992702219e-05,3490,0.004270482896715999,True
GaussianBudget75M_LinearMinTime,Hobo_2024-CASQF-000345,20240402,15,pyrologix,5,174-77,2024,0.0,0.003373862011358142,0,drone,1,9.489961992702219e-05,2010,0.004555181756497065,True
GaussianBudget75M_LinearMinTime,Honn_2024-CALNF-001473,20240322,22,pyrologix,3,51-53,2024,0.0,0.004387127934023738,0,drone,1,9.489961992702219e-05,1630,0.00389088441700791,True
GaussianBudget75M_LinearMinTime,Hopkins_2024-CASRF-000293,20240528,17,pyrologix,9,27-19,2024,0.0,0.018551043001934886,-1,undetected,1,9.489961992702219e-05,3210,0.004460282136570043,True
GaussianBudget75M_LinearMinTime,Horse_2024-CAANF-242667,20240728,8,pyrologix,2,206-87,2024,0.0,0.01775557198561728,-1,undetected,1,9.489961992702219e-05,1525,0.004270482896715999,True
GaussianBudget75M_LinearMinTime,Horse_2024-CAKNF-006775,20240817,19,pyrologix,4,18-37,2024,0.0,0.0177157319849357,-1,undetected,1,9.489961992702219e-05,3585,0.0037010851771538656,True
GaussianBudget75M_LinearMinTime,Horse_2024-CAMDF-000500,20240724,15,pyrologix,11,none,2024,0.0,0.0019872209522873163,-1,undetected,1,9.489961992702219e-05,0,0.0,False
GaussianBudget75M_LinearMinTime,Horse_2024-CAMNF-001382,20241004,9,pyrologix,12,none,2024,0.0,0.0020324010401964188,-1,undetected,1,9.489961992702219e-05,0,0.0,False
GaussianBudget75M_LinearMinTime,Horse_2024-CASHF-000582,20240716,22,pyrologix,4,54-19,2024,0.0,0.0041510299779474735,0,drone,1,9.489961992702219e-05,1920,0.004270482896715999,True
GaussianBudget75M_LinearMinTime,Horse_2024-CASRF-000317,20240606,16,pyrologix,5,33-23,2024,0.0,0.0023062380496412516,0,drone,1,9.489961992702219e-05,1855,0.004555181756497065,True
GaussianBudget75M_LinearMinTime,Horseshoe_2024-CAINF-001995,20241030,13,pyrologix,10,none,2024,0.0,0.002023153007030487,-1,undetected,1,9.489961992702219e-05,0,0.0,False
GaussianBudget75M_LinearMinTime,Hotlum_2024-CASHF-000139,20240308,19,pyrologix,2,28-45,2024,0.0,0.004105738014914095,0,drone,1,9.489961992702219e-05,1105,0.0036061855572268433,True
GaussianBudget75M_LinearMinTime,Hughes_2_2024-CAANF-243305,20240907,4,pyrologix,11,none,2024,0.0,0.0020038029178977013,-1,undetected,1,9.489961992702219e-05,0,0.0,False
GaussianBudget75M_LinearMinTime,Hulburd_2024-CACNF-002587,20241109,10,pyrologix,10,none,2024,0.0,0.002055912045761943,-1,undetected,1,9.489961992702219e-05,0,0.0,False
GaussianBudget75M_LinearMinTime,Hull_2024-CAMNF-001169,20240907,22,pyrologix,3,68-22,2024,0.0,0.00427643395960331,0,drone,1,9.489961992702219e-05,1510,0.004270482896715999,True
GaussianBudget75M_LinearMinTime,Hume_2024-CASQF-001379,20240726,16,pyrologix,12,148-73,2024,0.0,0.019672430003993213,-1,undetected,1,9.489961992702219e-05,1220,0.003511285937299821,True
GaussianBudget75M_LinearMinTime,Hunters2_2024-CAMDF-000808,20240828,14,pyrologix,6,38-63,2024,0.0,0.0029568419558927417,0,drone,1,9.489961992702219e-05,2305,0.0040806836568619545,True
GaussianBudget75M_LinearMinTime,Hunters_2024-CAMDF-000718,20240821,20,pyrologix,4,38-63,2024,0.0,0.0050433839205652475,1,drone,1,9.489961992702219e-05,1885,0.0040806836568619545,True
GaussianBudget75M_LinearMinTime,I_15__S__Cleghorn_Rd_2024-CABDU-014682,20240927,10,pyrologix,2,206-88,2024,0.0,0.003378245048224926,0,drone,1,9.489961992702219e-05,975,0.0034163863173727986,True
GaussianBudget75M_LinearMinTime,Ice_2024-CAENF-015964,20240615,20,pyrologix,7,97-60,2024,0.0,0.004436225979588926,0,drone,1,9.489961992702219e-05,3110,0.004460282136570043,True
GaussianBudget75M_LinearMinTime,Ice_2024-CAENF-020980,20240725,23,pyrologix,11,97-60,2024,0.0,0.003518342040479183,0,drone,1,9.489961992702219e-05,4350,0.004460282136570043,True
GaussianBudget75M_LinearMinTime,Ikes_2024-CASRF-000549,20240713,6,pyrologix,3,26-25,2024,0.0,0.002351777977310121,0,drone,1,9.489961992702219e-05,1240,0.003985784036934932,True
GaussianBudget75M_LinearMinTime,Indian_2024-CAANF-242599,20240725,18,pyrologix,2,none,2024,0.0,0.0020061939721927047,-1,undetected,1,9.489961992702219e-05,0,0.0,False
GaussianBudget75M_LinearMinTime,Industrial_2024-CATMU-015789,20240614,13,pyrologix,8,none,2024,0.0,0.0020111158955842257,-1,undetected,1,9.489961992702219e-05,0,0.0,False
GaussianBudget75M_LinearMinTime,Interstate_2024-CAANF-243338,20240908,18,pyrologix,10,none,2024,0.0,0.0020967600867152214,-1,undetected,1,9.489961992702219e-05,0,0.0,False
GaussianBudget75M_LinearMinTime,Interstate_2024-CACNF-002439,20241020,16,pyrologix,8,none,2024,0.0,0.0020182059379294515,-1,undetected,1,9.489961992702219e-05,0,0.0,False
GaussianBudget75M_LinearMinTime,Interstate_2024-CASHF-001074,20241029,9,pyrologix,10,35-43,2024,0.0,0.01864201296120882,-1,undetected,1,9.489961992702219e-05,5565,0.003985784036934932,True
GaussianBudget75M_LinearMinTime,Iowa_2024-CATNF-001295,20240910,20,pyrologix,5,86-54,2024,0.0,0.002815821091644466,0,drone,1,9.489961992702219e-05,1965,0.004460282136570043,True
GaussianBudget75M_LinearMinTime,Iron_2024-CASNF-000942,20240714,13,pyrologix,5,125-65,2024,0.0,0.0028617779025807977,0,drone,1,9.489961992702219e-05,1960,0.004175583276788976,True
GaussianBudget75M_LinearMinTime,Ironwood_2024-CABDF-012667,20240909,12,pyrologix,11,none,2024,0.0,0.00209657393861562,-1,undetected,1,9.489961992702219e-05,0,0.0,False
GaussianBudget75M_LinearMinTime,Italian_2024-CASNF-001114,20240729,19,pyrologix,2,140-71,2024,0.0,0.003721519955433905,0,drone,1,9.489961992702219e-05,1150,0.003795984797080888,True
GaussianBudget75M_LinearMinTime,Jack_2024-CAKNF-008927,20241027,18,pyrologix,1,17-30,2024,0.0,0.002497661975212395,0,drone,1,9.489961992702219e-05,590,0.002941888217737688,True
GaussianBudget75M_LinearMinTime,Jackson_2024-CAANF-241547,20240531,14,pyrologix,7,206-88,2024,0.0,0.0030514539685100317,0,drone,1,9.489961992702219e-05,2675,0.0040806836568619545,True
GaussianBudget75M_LinearMinTime,Jackson_2024-CAKNF-005648,20240714,23,pyrologix,1,35-36,2024,0.0,0.018409652984701097,-1,undetected,1,9.489961992702219e-05,2740,0.004175583276788976,True
GaussianBudget75M_LinearMinTime,Japatul_2024-CACNF-002835,20241220,1,pyrologix,1,none,2024,0.0,0.0019597449572756886,-1,undetected,1,9.489961992702219e-05,0,0.0,False
GaussianBudget75M_LinearMinTime,Jeffery_2024-CAINF-002015,20241103,10,pyrologix,12,none,2024,0.0,0.0020307969534769654,-1,undetected,1,9.489961992702219e-05,0,0.0,False
GaussianBudget75M_LinearMinTime,Jones_2024-CAHUU-007537,20240813,13,pyrologix,5,54-19,2024,0.0,0.014171130955219269,4,drone,1,9.489961992702219e-05,3715,0.0046500813764240876,True
GaussianBudget75M_LinearMinTime,Jora_2024-CAANF-243511,20240926,4,pyrologix,10,none,2024,0.0,0.002604971989057958,-1,undetected,1,9.489961992702219e-05,0,0.0,False
GaussianBudget75M_LinearMinTime,Jordan_2024-CASTF-001053,20240624,17,pyrologix,12,122-61,2024,0.0,0.005932743079029024,0,drone,1,9.489961992702219e-05,5505,0.00389088441700791,True
GaussianBudget75M_LinearMinTime,Joshua_2024-CAANF-243099,20240824,7,pyrologix,3,none,2024,0.0,0.0020008640130981803,-1,undetected,1,9.489961992702219e-05,0,0.0,False
GaussianBudget75M_LinearMinTime,Junction_2024-CAINF-001506,20240820,19,pyrologix,5,none,2024,0.0,0.0020951339974999428,-1,undetected,1,9.489961992702219e-05,0,0.0,False
GaussianBudget75M_LinearMinTime,June_2024-CAINF-001029,20240706,16,pyrologix,11,none,2024,0.0,0.0022354349493980408,-1,undetected,1,9.489961992702219e-05,0,0.0,False
GaussianBudget75M_LinearMinTime,Kagel_2024-CAANF-242295,20240711,19,pyrologix,6,none,2024,0.0,0.0019860509783029556,-1,undetected,1,9.489961992702219e-05,0,0.0,False
GaussianBudget75M_LinearMinTime,Kaiser_2024-CASNF-001496,20240908,21,pyrologix,1,132-72,2024,0.0,0.0032834640005603433,0,drone,1,9.489961992702219e-05,690,0.0031316874575917325,True
GaussianBudget75M_LinearMinTime,Kangaroo_2024-CAKNF-009316,20241110,12,pyrologix,1,28-39,2024,0.0,0.002665358013473451,0,drone,1,9.489961992702219e-05,630,0.003226587077518755,True
GaussianBudget75M_LinearMinTime,Kellogg_2024-CAMDF-000377,20240714,0,pyrologix,1,none,2024,0.0,0.0020560239208862185,-1,undetected,1,9.489961992702219e-05,0,0.0,False
GaussianBudget75M_LinearMinTime,Kelly_2024-CAKNF-006047,20240726,4,pyrologix,3,16-26,2024,0.0,0.0022272520000115037,0,drone,1,9.489961992702219e-05,1290,0.004175583276788976,True
GaussianBudget75M_LinearMinTime,Kelsey_2024-CASRF-000523,20240709,18,pyrologix,8,23-23,2024,0.0,0.01889906800352037,-1,undetected,1,9.489961992702219e-05,420,0.0027520889778836436,True
GaussianBudget75M_LinearMinTime,Kinevan_2024-CALPF-001022,20240522,20,pyrologix,4,none,2024,0.0,0.0020507099106907845,-1,undetected,1,9.489961992702219e-05,0,0.0,False
GaussianBudget75M_LinearMinTime,Kings_2024-CASNF-000919,20240713,18,pyrologix,1,none,2024,0.0,0.0020540199475362897,-1,undetected,1,9.489961992702219e-05,0,0.0,False
GaussianBudget75M_LinearMinTime,Kitchen_2024-CACNF-001184,20240701,17,pyrologix,2,none,2024,0.0,0.0019691879861056805,-1,undetected,1,9.489961992702219e-05,0,0.0,False
GaussianBudget75M_LinearMinTime,Knob_2024-CAINF-000901,20240626,21,pyrologix,7,none,2024,0.0,0.0020069540478289127,-1,undetected,1,9.489961992702219e-05,0,0.0,False
GaussianBudget75M_LinearMinTime,Knob_2024-CASQF-001233,20240713,23,pyrologix,4,164-82,2024,0.0,0.006798991002142429,1,drone,1,9.489961992702219e-05,2310,0.004270482896715999,True
GaussianBudget75M_LinearMinTime,L-2_Carter_2024-CALNF-004138,20240716,22,pyrologix,12,62-48,2024,0.0,0.003403102047741413,0,drone,1,9.489961992702219e-05,4365,0.0046500813764240876,True
GaussianBudget75M_LinearMinTime,L1Buzzard_2024-CALNF-003550,20240627,20,pyrologix,10,58-54,2024,0.0,0.004178436007350683,0,drone,1,9.489961992702219e-05,4050,0.004365382516643021,True
GaussianBudget75M_LinearMinTime,Lac_-_Soledad_2024-CAANF-243141,20240826,17,pyrologix,7,none,2024,0.0,0.0020332990679889917,-1,undetected,1,9.489961992702219e-05,0,0.0,False
GaussianBudget75M_LinearMinTime,Lac_Bert_2024-CAANF-242764,20240802,19,pyrologix,1,none,2024,0.0,0.002038061968050897,-1,undetected,1,9.489961992702219e-05,0,0.0,False
GaussianBudget75M_LinearMinTime,Ladybug_2024-CAANF-243459,20240921,8,pyrologix,3,none,2024,0.0,0.0020556909730657935,-1,undetected,1,9.489961992702219e-05,0,0.0,False
GaussianBudget75M_LinearMinTime,Ladybug_2024-CATNF-000976,20240726,13,pyrologix,12,84-67,2024,0.0,0.0034533069701865315,0,drone,1,9.489961992702219e-05,4720,0.004365382516643021,True
GaussianBudget75M_LinearMinTime,Lake_2024-CABDF-001298,20240127,15,pyrologix,12,225-101,2024,0.0,0.003985934075899422,0,drone,1,9.489961992702219e-05,4345,0.004555181756497065,True
GaussianBudget75M_LinearMinTime,Lake_2024-CALPF-001542,20240705,17,pyrologix,11,none,2024,0.0,0.0020879519870504737,-1,undetected,1,9.489961992702219e-05,0,0.0,False
GaussianBudget75M_LinearMinTime,Lake_2024-CASRF-001056,20241105,15,pyrologix,12,54-19,2024,0.0,0.00487176701426506,0,drone,1,9.489961992702219e-05,5040,0.0046500813764240876,True
GaussianBudget75M_LinearMinTime,Lake_2024-CASTF-000674,20240514,23,pyrologix,1,115-63,2024,0.0,0.0029869769932702184,0,drone,1,9.489961992702219e-05,605,0.0034163863173727986,True
GaussianBudget75M_LinearMinTime,Landing_2024-CATNF-000745,20240630,3,pyrologix,1,73-63,2024,0.0,0.00329853396397084,0,drone,1,9.489961992702219e-05,655,0.003795984797080888,True
GaussianBudget75M_LinearMinTime,Lava_2024-CASHF-000905,20240916,14,pyrologix,10,37-52,2024,0.0,0.007203749963082373,1,drone,1,9.489961992702219e-05,4265,0.0046500813764240876,True
GaussianBudget75M_LinearMinTime,Leaf_2024-CATMU-011294,20240504,1,pyrologix,1,none,2024,0.0,0.0020207769703119993,-1,undetected,1,9.489961992702219e-05,0,0.0,False
GaussianBudget75M_LinearMinTime,Lemon_2024-CATNF-001043,20240804,18,pyrologix,12,80-65,2024,0.0,0.004065759014338255,0,drone,1,9.489961992702219e-05,4520,0.0046500813764240876,True
GaussianBudget75M_LinearMinTime,Liberty_2024-CASTF-001974,20240830,17,pyrologix,2,105-63,2024,0.0,0.0028743180446326733,0,drone,1,9.489961992702219e-05,1000,0.003511285937299821,True
GaussianBudget75M_LinearMinTime,Lightning_2024-CACNF-001050,20240620,13,pyrologix,12,none,2024,0.0,0.0020346579840406775,-1,undetected,1,9.489961992702219e-05,0,0.0,False
GaussianBudget75M_LinearMinTime,Lights_2024-CAPNF-000857,20240725,19,pyrologix,7,63-64,2024,0.0,0.004416969954036176,0,drone,1,9.489961992702219e-05,2860,0.004175583276788976,True
GaussianBudget75M_LinearMinTime,Lime_2024-CAKNF-004659,20240620,16,pyrologix,2,21-42,2024,0.0,0.00304407998919487,0,drone,1,9.489961992702219e-05,910,0.00389088441700791,True
GaussianBudget75M_LinearMinTime,Linda_2024-CAMMU-025337,20241030,21,pyrologix,1,135-68,2024,0.0,0.0021725449478253722,0,drone,1,9.489961992702219e-05,480,0.0033214866974457763,True
GaussianBudget75M_LinearMinTime,Line_2024-CABDF-012520,20240906,20,pyrologix,11,none,2024,0.0,0.002128035994246602,-1,undetected,1,9.489961992702219e-05,0,0.0,False
GaussianBudget75M_LinearMinTime,Lion_2024-CASNF-000946,20240714,17,pyrologix,4,129-73,2024,0.0,0.00698836799710989,1,drone,1,9.489961992702219e-05,2305,0.003985784036934932,True
GaussianBudget75M_LinearMinTime,Lisa_2024-CAANF-242066,20240702,7,pyrologix,5,none,2024,0.0,0.0021078239660710096,-1,undetected,1,9.489961992702219e-05,0,0.0,False
GaussianBudget75M_LinearMinTime,Little_2024-CAANF-241849,20240620,19,pyrologix,1,none,2024,0.0,0.0020587430335581303,-1,undetected,1,9.489961992702219e-05,0,0.0,False
GaussianBudget75M_LinearMinTime,Little_2024-CAKNF-003131,20240501,18,pyrologix,10,16-26,2024,0.0,0.0046275819186121225,0,drone,1,9.489961992702219e-05,4200,0.004555181756497065,True
GaussianBudget75M_LinearMinTime,Little_2024-CALAC-211628,20240620,18,pyrologix,3,none,2024,0.0,0.002083753002807498,-1,undetected,1,9.489961992702219e-05,0,0.0,False
GaussianBudget75M_LinearMinTime,Little_2024-CAPNF-001091,20240901,14,pyrologix,4,69-50,2024,0.0,0.004616221063770354,0,drone,1,9.489961992702219e-05,1865,0.004365382516643021,True
GaussianBudget75M_LinearMinTime,Log_2024-CASHF-000146,20240310,22,pyrologix,12,28-45,2024,0.0,0.0051369479624554515,0,drone,1,9.489961992702219e-05,4560,0.004365382516643021,True
GaussianBudget75M_LinearMinTime,Logging_Fire_2024-CAMDF-001049,20241007,15,pyrologix,8,50-60,2024,0.0,0.003858532989397645,0,drone,1,9.489961992702219e-05,3105,0.004555181756497065,True
GaussianBudget75M_LinearMinTime,Lone_2024-CABDF-009497,20240701,5,pyrologix,1,206-88,2024,0.0,0.0032590749906376004,0,drone,1,9.489961992702219e-05,640,0.0033214866974457763,True
GaussianBudget75M_LinearMinTime,Long_2024-CABDF-014560,20241019,4,pyrologix,12,206-88,2024,0.0,0.0037288470193743706,0,drone,1,9.489961992702219e-05,4630,0.004175583276788976,True
GaussianBudget75M_LinearMinTime,Long_2024-CACNF-002802,20241213,17,pyrologix,9,none,2024,0.0,0.0020592830842360854,-1,undetected,1,9.489961992702219e-05,0,0.0,False
GaussianBudget75M_LinearMinTime,Long_2024-CASHF-001059,20241028,21,pyrologix,8,42-34,2024,0.0,0.0033638159511610866,0,drone,1,9.489961992702219e-05,3230,0.004460282136570043,True
GaussianBudget75M_LinearMinTime,Long_2024-CASQF-001281,20240715,16,pyrologix,11,none,2024,0.0,0.00205900298897177,-1,undetected,1,9.489961992702219e-05,0,0.0,False
GaussianBudget75M_LinearMinTime,Lookout_2024-CAINF-001757,20240917,20,pyrologix,2,none,2024,0.0,0.002035649958997965,-1,undetected,1,9.489961992702219e-05,0,0.0,False
GaussianBudget75M_LinearMinTime,Loon_2024-CAENF-018656,20240706,20,pyrologix,1,90-60,2024,0.0,0.017871621064841747,-1,undetected,1,9.489961992702219e-05,2930,0.004460282136570043,True
GaussianBudget75M_LinearMinTime,Loon_2024-CAENF-025020,20240901,20,pyrologix,2,90-60,2024,0.0,0.0187452930258587,-1,undetected,1,9.489961992702219e-05,3285,0.004460282136570043,True
GaussianBudget75M_LinearMinTime,Loop_2024-CAINF-000654,20240527,19,pyrologix,12,none,2024,0.0,0.0019869840471073985,-1,undetected,1,9.489961992702219e-05,0,0.0,False
GaussianBudget75M_LinearMinTime,Lower_2024-CAENF-013979,20240529,17,pyrologix,4,105-63,2024,0.0,0.002722032950259745,0,drone,1,9.489961992702219e-05,1700,0.003985784036934932,True
GaussianBudget75M_LinearMinTime,Lower_2024-CASNF-000705,20240624,23,pyrologix,1,140-71,2024,0.0,0.0023497709771618247,0,drone,1,9.489961992702219e-05,510,0.002941888217737688,True
GaussianBudget75M_LinearMinTime,Lukens_2024-CAANF-241820,20240618,21,pyrologix,3,none,2024,0.0,0.0021285220282152295,-1,undetected,1,9.489961992702219e-05,0,0.0,False
GaussianBudget75M_LinearMinTime,Lunch_2024-CATNF-001045,20240804,0,pyrologix,2,80-65,2024,0.0,0.003158543026074767,0,drone,1,9.489961992702219e-05,1015,0.00389088441700791,True
GaussianBudget75M_LinearMinTime,Luther_2024-CATMU-022161,20240805,14,pyrologix,10,101-70,2024,0.0,0.012080669985152781,3,drone,1,9.489961992702219e-05,4785,0.004175583276788976,True
GaussianBudget75M_LinearMinTime,Lyons_2024-CACNF-002195,20240921,14,pyrologix,10,none,2024,0.0,0.002013697987422347,-1,undetected,1,9.489961992702219e-05,0,0.0,False
GaussianBudget75M_LinearMinTime,Lyons_2024-CAENF-023259,20240815,20,pyrologix,2,98-62,2024,0.0,0.004683276987634599,1,drone,1,9.489961992702219e-05,1175,0.004270482896715999,True
GaussianBudget75M_LinearMinTime,Lyons_2024-CASTF-000827,20240601,12,pyrologix,11,115-63,2024,0.0,0.005671435035765171,0,drone,1,9.489961992702219e-05,4300,0.004460282136570043,True
GaussianBudget75M_LinearMinTime,Lytle_2024-CABDF-008512,20240609,20,pyrologix,4,206-88,2024,0.0,0.0027462810976430774,0,drone,1,9.489961992702219e-05,1705,0.003795984797080888,True
GaussianBudget75M_LinearMinTime,Mace_2024-CAAEU-021087,20240726,6,pyrologix,4,93-54,2024,0.0,0.004760153009556234,1,drone,1,9.489961992702219e-05,2115,0.003985784036934932,True
GaussianBudget75M_LinearMinTime,Mad_Rock_2024-CASRF-000359,20240619,6,pyrologix,10,47-21,2024,0.0,0.0072087779408320785,1,drone,1,9.489961992702219e-05,4180,0.0046500813764240876,True
GaussianBudget75M_LinearMinTime,Maddalena_2024-CAPNF-000657,20240706,13,pyrologix,10,77-70,2024,0.0,0.0050238200929015875,0,drone,1,9.489961992702219e-05,3845,0.0037010851771538656,True
GaussianBudget75M_LinearMinTime,Madrone_2024-CATNF-000478,20240530,19,pyrologix,2,76-51,2024,0.0,0.018372962018474936,-1,undetected,1,9.489961992702219e-05,3290,0.0040806836568619545,True
GaussianBudget75M_LinearMinTime,Main_2024-CATNF-001408,20240930,3,pyrologix,6,80-65,2024,0.0,0.002835243009030819,0,drone,1,9.489961992702219e-05,2320,0.004555181756497065,True
GaussianBudget75M_LinearMinTime,Manzanita_2024-CAANF-242218,20240707,10,pyrologix,1,206-88,2024,0.0,0.0032919240184128284,0,drone,1,9.489961992702219e-05,715,0.0033214866974457763,True
GaussianBudget75M_LinearMinTime,Manzanita_2024-CAINF-001157,20240716,14,pyrologix,7,164-82,2024,0.0,0.004961997969076037,0,drone,1,9.489961992702219e-05,3095,0.004365382516643021,True
GaussianBudget75M_LinearMinTime,Maple_2024-CAANF-243443,20240918,22,pyrologix,3,none,2024,0.0,0.002063474035821855,-1,undetected,1,9.489961992702219e-05,0,0.0,False
GaussianBudget75M_LinearMinTime,Marina_2024-CASQF-001396,20240729,12,pyrologix,5,171-80,2024,0.0,0.003928035032004118,0,drone,1,9.489961992702219e-05,2160,0.004555181756497065,True
GaussianBudget75M_LinearMinTime,Maxon_2024-CASNF-000940,20240714,13,pyrologix,5,none,2024,0.0,0.002012752927839756,-1,undetected,1,9.489961992702219e-05,0,0.0,False
GaussianBudget75M_LinearMinTime,Mcculloh_2024-CAENF-021466,20240729,19,pyrologix,2,90-60,2024,0.0,0.004204105003736913,0,drone,1,9.489961992702219e-05,1255,0.004270482896715999,True
GaussianBudget75M_LinearMinTime,Mckenzie_2024-CASHF-001018,20241016,21,pyrologix,2,41-47,2024,0.0,0.0074561069486662745,1,drone,1,9.489961992702219e-05,1590,0.004270482896715999,True
GaussianBudget75M_LinearMinTime,Mckinstry_2024-CAENF-019734,20240714,18,pyrologix,8,90-60,2024,0.0,0.029191441950388253,-1,undetected,1,9.489961992702219e-05,5860,0.004460282136570043,True
GaussianBudget75M_LinearMinTime,Mclain_2024-CATNF-000486,20240531,13,pyrologix,7,76-51,2024,0.0,0.019464395940303802,-1,undetected,1,9.489961992702219e-05,5425,0.0040806836568619545,True
GaussianBudget75M_LinearMinTime,Mcleod_2024-CAINF-000910,20240626,17,pyrologix,3,none,2024,0.0,0.0020677270367741585,-1,undetected,1,9.489961992702219e-05,0,0.0,False
GaussianBudget75M_LinearMinTime,Mcnair_2024-CAPNF-000934,20240805,16,pyrologix,7,80-65,2024,0.0,0.0027430449845269322,0,drone,1,9.489961992702219e-05,2625,0.004555181756497065,True
GaussianBudget75M_LinearMinTime,Meadow_2024-CAENF-019852,20240715,18,pyrologix,3,105-63,2024,0.0,0.003919232985936105,0,drone,1,9.489961992702219e-05,1520,0.00389088441700791,True
GaussianBudget75M_LinearMinTime,Meadow_2024-CAKNF-001865,20240315,14,pyrologix,11,16-26,2024,0.0,0.004936111043207347,0,drone,1,9.489961992702219e-05,4635,0.004555181756497065,True
GaussianBudget75M_LinearMinTime,Meadow_2024-CAPNF-000360,20240605,23,pyrologix,5,72-57,2024,0.0,0.004298412008211017,0,drone,1,9.489961992702219e-05,1970,0.003985784036934932,True
GaussianBudget75M_LinearMinTime,Meadow_2024-CASTF-002049,20240903,20,pyrologix,7,108-64,2024,0.0,0.0024003880098462105,0,drone,1,9.489961992702219e-05,2870,0.004270482896715999,True
GaussianBudget75M_LinearMinTime,Meadow_2024-CATNF-001058,20240805,19,pyrologix,10,80-65,2024,0.0,0.004422737983986735,0,drone,1,9.489961992702219e-05,3935,0.0046500813764240876,True
GaussianBudget75M_LinearMinTime,Merrill_2024-CATNF-001451,20241006,6,pyrologix,9,84-67,2024,0.0,0.004170114058069885,0,drone,1,9.489961992702219e-05,3670,0.004270482896715999,True
GaussianBudget75M_LinearMinTime,Mesa_2024-CABDF-004531,20240318,15,pyrologix,2,206-88,2024,0.0,0.0026445339899510145,0,drone,1,9.489961992702219e-05,975,0.0034163863173727986,True
GaussianBudget75M_LinearMinTime,Meyers_2024-CABDF-007436,20240519,15,pyrologix,11,206-88,2024,0.0,0.0053023319924250245,0,drone,1,9.489961992702219e-05,4475,0.004175583276788976,True
GaussianBudget75M_LinearMinTime,Middle_2024-CAPNF-000738,20240714,0,pyrologix,4,67-62,2024,0.0,0.002162241959013045,0,drone,1,9.489961992702219e-05,1525,0.004460282136570043,True
GaussianBudget75M_LinearMinTime,Midnight_2024-CAKNF-008589,20241016,4,pyrologix,5,17-30,2024,0.0,0.017748615005984902,-1,undetected,1,9.489961992702219e-05,1795,0.004365382516643021,True
GaussianBudget75M_LinearMinTime,Mike_2024-CALPF-002094,20240820,16,pyrologix,8,none,2024,0.0,0.002005296992138028,-1,undetected,1,9.489961992702219e-05,0,0.0,False
GaussianBudget75M_LinearMinTime,Milcha_2024-CACNF-002764,20241208,12,pyrologix,9,none,2024,0.0,0.0020659000147134066,-1,undetected,1,9.489961992702219e-05,0,0.0,False
GaussianBudget75M_LinearMinTime,Milford_2024-CAPNF-000276,20240518,1,pyrologix,7,73-63,2024,0.0,0.0028884049970656633,0,drone,1,9.489961992702219e-05,2625,0.0046500813764240876,True
GaussianBudget75M_LinearMinTime,Mill_2024-CABDF-007176,20240515,18,pyrologix,5,none,2024,0.0,0.0020514350617304444,-1,undetected,1,9.489961992702219e-05,0,0.0,False
GaussianBudget75M_LinearMinTime,Mill_2024-CALPF-000981,20240518,13,pyrologix,6,none,2024,0.0,0.002025192021392286,-1,undetected,1,9.489961992702219e-05,0,0.0,False
GaussianBudget75M_LinearMinTime,Mill_2024-CAPNF-000832,20240722,20,pyrologix,3,73-63,2024,0.0,0.0037718169623985887,0,drone,1,9.489961992702219e-05,1410,0.004175583276788976,True
GaussianBudget75M_LinearMinTime,Mill_2024-CATNF-000939,20240720,7,pyrologix,2,79-56,2024,0.0,0.0027252709260210395,0,drone,1,9.489961992702219e-05,940,0.003795984797080888,True
GaussianBudget75M_LinearMinTime,Miller_2024-CAMDF-000945,20240916,8,pyrologix,10,38-63,2024,0.0,0.0030436370288953185,0,drone,1,9.489961992702219e-05,3735,0.0040806836568619545,True
GaussianBudget75M_LinearMinTime,Mine_2024-CAPNF-001477,20241030,17,pyrologix,12,65-55,2024,0.0,0.008889660006389022,2,drone,1,9.489961992702219e-05,4890,0.004460282136570043,True
GaussianBudget75M_LinearMinTime,Mine_2024-CASNF-000951,20240714,18,pyrologix,9,125-65,2024,0.0,0.0028011249378323555,0,drone,1,9.489961992702219e-05,3370,0.004460282136570043,True
GaussianBudget75M_LinearMinTime,Miners_2024-CACNF-002617,20241113,17,pyrologix,11,none,2024,0.0,0.0021268819691613317,-1,undetected,1,9.489961992702219e-05,0,0.0,False
GaussianBudget75M_LinearMinTime,Mission_2024-CAMMU-024236,20241017,19,pyrologix,10,135-68,2024,0.0,0.002863981993868947,0,drone,1,9.489961992702219e-05,3570,0.0046500813764240876,True
GaussianBudget75M_LinearMinTime,Mnf1_2024-CALNU-019072,20241004,22,pyrologix,9,none,2024,0.0,0.002081876969896257,-1,undetected,1,9.489961992702219e-05,0,0.0,False
GaussianBudget75M_LinearMinTime,Modin_2024-CASHF-001020,20241016,22,pyrologix,2,41-47,2024,0.0,0.001716897008009255,0,drone,1,9.489961992702219e-05,825,0.0034163863173727986,True
GaussianBudget75M_LinearMinTime,Mohawk_2024-CAPNF-000665,20240707,8,pyrologix,1,73-63,2024,0.0,0.005804407992400229,1,drone,1,9.489961992702219e-05,955,0.0040806836568619545,True
GaussianBudget75M_LinearMinTime,Monkey_2024-CAANF-242139,20240705,8,pyrologix,5,none,2024,0.0,0.0020297329174354672,-1,undetected,1,9.489961992702219e-05,0,0.0,False
GaussianBudget75M_LinearMinTime,Moon_2024-CAANF-242974,20240813,18,pyrologix,7,none,2024,0.0,0.00205131305847317,-1,undetected,1,9.489961992702219e-05,0,0.0,False
GaussianBudget75M_LinearMinTime,Moon_2024-CALNF-000997,20240226,18,pyrologix,2,51-53,2024,0.0,0.012712471070699394,3,drone,1,9.489961992702219e-05,2400,0.0040806836568619545,True
GaussianBudget75M_LinearMinTime,Moonshine_2024-CATNF-000243,20240321,22,pyrologix,1,83-49,2024,0.0,0.0031290759798139334,0,drone,1,9.489961992702219e-05,630,0.00389088441700791,True
GaussianBudget75M_LinearMinTime,Moore_2024-CASTF-001052,20240624,19,pyrologix,9,122-61,2024,0.0,0.005269421963021159,0,drone,1,9.489961992702219e-05,4240,0.00389088441700791,True
GaussianBudget75M_LinearMinTime,Morris_2024-CAANF-242830,20240804,22,pyrologix,4,none,2024,0.0,0.002154015004634857,-1,undetected,1,9.489961992702219e-05,0,0.0,False
GaussianBudget75M_LinearMinTime,Morris_2024-CALAC-271876,20240804,18,pyrologix,11,none,2024,0.0,0.002096230979077518,-1,undetected,1,9.489961992702219e-05,0,0.0,False
GaussianBudget75M_LinearMinTime,Morris_2024-CASHF-000448,20240621,22,pyrologix,2,40-29,2024,0.0,0.0038012650329619646,0,drone,1,9.489961992702219e-05,1030,0.004270482896715999,True
GaussianBudget75M_LinearMinTime,Mosquito_2024-CAAEU-022315,20240807,0,pyrologix,5,93-54,2024,0.0,0.0030349380103871226,0,drone,1,9.489961992702219e-05,2255,0.003985784036934932,True
GaussianBudget75M_LinearMinTime,Mosquito_2024-CATNF-000771,20240702,18,pyrologix,11,93-54,2024,0.0,0.0062515659956261516,0,drone,1,9.489961992702219e-05,4560,0.003985784036934932,True
GaussianBudget75M_LinearMinTime,Motor_2024-CAANF-243087,20240823,12,pyrologix,11,none,2024,0.0,0.002036747056990862,-1,undetected,1,9.489961992702219e-05,0,0.0,False
GaussianBudget75M_LinearMinTime,Mount_2024-CALPF-002316,20240910,15,pyrologix,12,none,2024,0.0,0.0020451050950214267,-1,undetected,1,9.489961992702219e-05,0,0.0,False
GaussianBudget75M_LinearMinTime,Mountain_2024-CATNF-000760,20240702,13,pyrologix,3,79-56,2024,0.0,0.0033017919631674886,0,drone,1,9.489961992702219e-05,1340,0.004365382516643021,True
GaussianBudget75M_LinearMinTime,Mouse_2024-CAKNF-006814,20240818,18,pyrologix,5,26-25,2024,0.0,0.002218566951341927,0,drone,1,9.489961992702219e-05,1920,0.004270482896715999,True
GaussianBudget75M_LinearMinTime,Mp_243-16_Pinc_2024-CARRU-197199,20241222,0,pyrologix,10,218-98,2024,0.0,0.00411794101819396,0,drone,1,9.489961992702219e-05,4125,0.0034163863173727986,True
GaussianBudget75M_LinearMinTime,Mud_2024-CAMDF-000496,20240724,15,pyrologix,5,none,2024,0.0,0.0021438190015032887,-1,undetected,1,9.489961992702219e-05,0,0.0,False
GaussianBudget75M_LinearMinTime,Mumbo_2024-CASHF-000581,20240715,19,pyrologix,12,35-36,2024,0.0,0.0040077719604596496,0,drone,1,9.489961992702219e-05,4805,0.004175583276788976,True
GaussianBudget75M_LinearMinTime,Muse_2024-CAKNF-006808,20240818,12,pyrologix,10,21-28,2024,0.0,0.004401450976729393,0,drone,1,9.489961992702219e-05,3735,0.0046500813764240876,True
GaussianBudget75M_LinearMinTime,Myrtle_2024-CASRF-000727,20240808,18,pyrologix,12,none,2024,0.0,0.0021120699821040034,-1,undetected,1,9.489961992702219e-05,0,0.0,False
GaussianBudget75M_LinearMinTime,Mystery_2024-CASNF-000889,20240710,23,pyrologix,3,140-71,2024,0.0,0.007749201031401753,2,drone,1,9.489961992702219e-05,2140,0.004365382516643021,True
GaussianBudget75M_LinearMinTime,N_Hwy_138___Old_Mill_Rd_2024-CABDU-010726,20240718,5,pyrologix,7,none,2024,0.0,0.002106289961375296,-1,undetected,1,9.489961992702219e-05,0,0.0,False
GaussianBudget75M_LinearMinTime,Non_Reportable_2024-CAANF-241146,20240429,16,pyrologix,10,none,2024,0.0,0.0020687649957835674,-1,undetected,1,9.489961992702219e-05,0,0.0,False
GaussianBudget75M_LinearMinTime,North_2024-CAPNF-001479,20241031,23,pyrologix,2,65-55,2024,0.0,0.003032454987987876,0,drone,1,9.489961992702219e-05,910,0.004175583276788976,True
GaussianBudget75M_LinearMinTime,North_2024-CASTF-001411,20240716,23,pyrologix,1,105-63,2024,0.0,0.006734602968208492,1,drone,1,9.489961992702219e-05,1215,0.0036061855572268433,True
GaussianBudget75M_LinearMinTime,North_2024-CATNF-001110,20240813,15,pyrologix,4,none,2024,0.0,0.0020954429637640715,-1,undetected,1,9.489961992702219e-05,0,0.0,False
GaussianBudget75M_LinearMinTime,Northern_2024-CAMDF-000879,20240909,12,pyrologix,6,none,2024,0.0,0.0022287819301709533,-1,undetected,1,9.489961992702219e-05,0,0.0,False
GaussianBudget75M_LinearMinTime,Nose_2024-CASRF-000338,20240613,12,pyrologix,10,35-16,2024,0.0,0.004949128953740001,0,drone,1,9.489961992702219e-05,3950,0.0046500813764240876,True
GaussianBudget75M_LinearMinTime,Nutmeg_2024-CASNF-000953,20240714,20,pyrologix,7,125-65,2024,0.0,0.002844279049895704,0,drone,1,9.489961992702219e-05,2715,0.004460282136570043,True
GaussianBudget75M_LinearMinTime,O_Brien_2024-CASHF-000939,20240924,9,pyrologix,12,42-41,2024,0.0,0.00832554791122675,1,drone,1,9.489961992702219e-05,5065,0.004460282136570043,True
GaussianBudget75M_LinearMinTime,Oak_2024-CAANF-240330,20240203,0,pyrologix,12,none,2024,0.0,0.002166299964301288,-1,undetected,1,9.489961992702219e-05,0,0.0,False
GaussianBudget75M_LinearMinTime,Oak_2024-CALPF-002314,20240910,12,pyrologix,10,none,2024,0.0,0.0021685699466615915,-1,undetected,1,9.489961992702219e-05,0,0.0,False
GaussianBudget75M_LinearMinTime,Oaks_2024-CABDF-016085,20241106,12,pyrologix,9,206-88,2024,0.0,0.00343163195066154,0,drone,1,9.489961992702219e-05,3610,0.004175583276788976,True
GaussianBudget75M_LinearMinTime,Old_2024-CABTU-006472,20240412,22,pyrologix,5,76-51,2024,0.0,0.0032611049246042967,0,drone,1,9.489961992702219e-05,2260,0.0037010851771538656,True
GaussianBudget75M_LinearMinTime,Old_2024-CASRF-000385,20240623,20,pyrologix,12,26-25,2024,0.0,0.004574148915708065,0,drone,1,9.489961992702219e-05,4840,0.004365382516643021,True
GaussianBudget75M_LinearMinTime,Olga_2024-CAANF-243956,20241027,7,pyrologix,7,none,2024,0.0,0.002073540003038943,-1,undetected,1,9.489961992702219e-05,0,0.0,False
GaussianBudget75M_LinearMinTime,Onion_2024-CATNF-001280,20240908,18,pyrologix,2,90-60,2024,0.0,0.01795895490795374,-1,undetected,1,9.489961992702219e-05,3285,0.004460282136570043,True
GaussianBudget75M_LinearMinTime,Oregon_2024-CAPNF-001514,20241111,22,pyrologix,4,76-51,2024,0.0,0.0026174290105700493,0,drone,1,9.489961992702219e-05,1770,0.0037010851771538656,True
GaussianBudget75M_LinearMinTime,Oregon_2024-CASHU-007131,20240704,9,pyrologix,12,40-29,2024,0.0,0.0055348610039800406,0,drone,1,9.489961992702219e-05,4625,0.0046500813764240876,True
GaussianBudget75M_LinearMinTime,Orosco_2024-CACNF-001338,20240712,1,pyrologix,9,none,2024,0.0,0.0021107159554958344,-1,undetected,1,9.489961992702219e-05,0,0.0,False
GaussianBudget75M_LinearMinTime,Osborne_2024-CASTF-001964,20240829,14,pyrologix,1,108-64,2024,0.0,0.002007464994676411,0,drone,1,9.489961992702219e-05,460,0.0028469885978106655,True
GaussianBudget75M_LinearMinTime,Overlook_2024-CAANF-242134,20240705,1,pyrologix,9,none,2024,0.0,0.0020883550168946385,-1,undetected,1,9.489961992702219e-05,0,0.0,False
GaussianBudget75M_LinearMinTime,Overlook_2024-CACNF-001752,20240810,19,pyrologix,9,none,2024,0.0,0.0021048790076747537,-1,undetected,1,9.489961992702219e-05,0,0.0,False
GaussianBudget75M_LinearMinTime,Owens_River_2024-CAINF-001553,20240826,2,pyrologix,2,none,2024,0.0,0.002184950979426503,-1,undetected,1,9.489961992702219e-05,0,0.0,False
GaussianBudget75M_LinearMinTime,Owl_2024-CASNF-000945,20240714,18,pyrologix,1,135-68,2024,0.0,0.0020589600317180157,0,drone,1,9.489961992702219e-05,480,0.0033214866974457763,True
GaussianBudget75M_LinearMinTime,Owl_2024-CASRF-000935,20240928,21,pyrologix,5,25-20,2024,0.0,0.0046241170493885875,0,drone,1,9.489961992702219e-05,2350,0.004460282136570043,True
GaussianBudget75M_LinearMinTime,Packsaddle_2024-CASQF-001250,20240713,20,pyrologix,2,165-77,2024,0.0,0.003906348953023553,0,drone,1,9.489961992702219e-05,995,0.00389088441700791,True
GaussianBudget75M_LinearMinTime,Paddle_2024-CASRF-000778,20240819,11,pyrologix,11,16-26,2024,0.0,0.007025458035059273,1,drone,1,9.489961992702219e-05,4970,0.004555181756497065,True
GaussianBudget75M_LinearMinTime,Palen_2024-CATNF-000883,20240714,21,pyrologix,10,80-65,2024,0.0,0.003661514027044177,0,drone,1,9.489961992702219e-05,3825,0.0046500813764240876,True
GaussianBudget75M_LinearMinTime,Paloma_2024-CAANF-244637,20241222,23,pyrologix,7,none,2024,0.0,0.00248598400503397,-1,undetected,1,9.489961992702219e-05,0,0.0,False
GaussianBudget75M_LinearMinTime,Pancake_2024-CAPNF-000473,20240623,11,pyrologix,11,72-57,2024,0.0,0.004748873063363135,0,drone,1,9.489961992702219e-05,4215,0.003985784036934932,True
GaussianBudget75M_LinearMinTime,Panoramic_2024-CABDF-001975,20240206,21,pyrologix,8,225-101,2024,0.0,0.006031981902197003,1,drone,1,9.489961992702219e-05,3325,0.004555181756497065,True
GaussianBudget75M_LinearMinTime,Park_Creek_Rd___Sly_Park_Rd_2024-CAAEU-009199,20240412,8,pyrologix,12,97-60,2024,0.0,0.019072500988841057,-1,undetected,1,9.489961992702219e-05,6745,0.004460282136570043,True
GaussianBudget75M_LinearMinTime,Pass_2024-CASQF-001363,20240724,17,pyrologix,7,none,2024,0.0,0.002444976009428501,-1,undetected,1,9.489961992702219e-05,0,0.0,False
GaussianBudget75M_LinearMinTime,Patricks_2024-CASRF-000944,20241001,19,pyrologix,7,none,2024,0.0,0.002360302023589611,-1,undetected,1,9.489961992702219e-05,0,0.0,False
GaussianBudget75M_LinearMinTime,Patterson_2024-CAMDF-000408,20240717,22,pyrologix,8,none,2024,0.0,0.0021116130519658327,-1,undetected,1,9.489961992702219e-05,0,0.0,False
GaussianBudget75M_LinearMinTime,Patterson_2024-CATNF-001415,20241001,16,pyrologix,8,90-60,2024,0.0,0.020333069027401507,-1,undetected,1,9.489961992702219e-05,5860,0.004460282136570043,True
GaussianBudget75M_LinearMinTime,Peak_2024-CASTF-002313,20241002,13,pyrologix,12,108-64,2024,0.0,0.0045520669082179666,0,drone,1,9.489961992702219e-05,4920,0.004555181756497065,True
GaussianBudget75M_LinearMinTime,Pearl_2024-CAENF-019645,20240714,1,pyrologix,1,98-62,2024,0.0,0.0031166280386969447,0,drone,1,9.489961992702219e-05,610,0.003795984797080888,True
GaussianBudget75M_LinearMinTime,Peavine_2024-CAENF-030576,20241027,15,pyrologix,8,98-62,2024,0.0,0.0034984350204467773,0,drone,1,9.489961992702219e-05,3130,0.004460282136570043,True
GaussianBudget75M_LinearMinTime,Pecks_2024-CAPNF-001478,20241030,22,pyrologix,2,65-55,2024,0.0,0.003055621054954827,0,drone,1,9.489961992702219e-05,910,0.004175583276788976,True
GaussianBudget75M_LinearMinTime,Pelona_2024-CAANF-243346,20240909,11,pyrologix,9,none,2024,0.0,0.0021132309921085835,-1,undetected,1,9.489961992702219e-05,0,0.0,False
GaussianBudget75M_LinearMinTime,Pencil_2024-CAMDF-000481,20240722,19,pyrologix,4,none,2024,0.0,0.0021280680084601045,-1,undetected,1,9.489961992702219e-05,0,0.0,False
GaussianBudget75M_LinearMinTime,Pendola_2024-CATNF-000345,20240421,14,pyrologix,12,76-51,2024,0.0,0.019034506985917687,-1,undetected,1,9.489961992702219e-05,7545,0.0040806836568619545,True
GaussianBudget75M_LinearMinTime,Perdew_2024-CABDF-014445,20241016,19,pyrologix,11,206-88,2024,0.0,0.004716551979072392,0,drone,1,9.489961992702219e-05,4435,0.004175583276788976,True
GaussianBudget75M_LinearMinTime,Perkins_2024-CASNF-000978,20240717,19,pyrologix,12,140-71,2024,0.0,0.01965820195619017,-1,undetected,1,9.489961992702219e-05,6945,0.004555181756497065,True
GaussianBudget75M_LinearMinTime,Phipps_2024-CAENF-019712,20240714,17,pyrologix,6,none,2024,0.0,0.0021444360027089715,-1,undetected,1,9.489961992702219e-05,0,0.0,False
GaussianBudget75M_LinearMinTime,Phipps_2024-CATMU-019712,20240714,18,pyrologix,4,none,2024,0.0,0.002254975028336048,-1,undetected,1,9.489961992702219e-05,0,0.0,False
GaussianBudget75M_LinearMinTime,Picket_2024-CAENF-026879,20240919,17,pyrologix,1,98-62,2024,0.0,0.0026792900171130896,0,drone,1,9.489961992702219e-05,540,0.0036061855572268433,True
GaussianBudget75M_LinearMinTime,Pickett_2024-CASRF-000557,20240714,10,pyrologix,5,47-21,2024,0.0,0.00204771407879889,0,drone,1,9.489961992702219e-05,1890,0.0046500813764240876,True
GaussianBudget75M_LinearMinTime,Picnic_2024-CACNF-002561,20241107,15,pyrologix,12,none,2024,0.0,0.002223616000264883,-1,undetected,1,9.489961992702219e-05,0,0.0,False
GaussianBudget75M_LinearMinTime,Piedras_2024-CALPF-001480,20240701,12,pyrologix,8,none,2024,0.0,0.002336523961275816,-1,undetected,1,9.489961992702219e-05,0,0.0,False
GaussianBudget75M_LinearMinTime,Pine_2024-CALPF-002058,20240817,15,pyrologix,1,none,2024,0.0,0.0021948479115962982,-1,undetected,1,9.489961992702219e-05,0,0.0,False
GaussianBudget75M_LinearMinTime,Pine_2024-CATNF-000921,20240718,14,pyrologix,1,86-54,2024,0.0,0.0026211420772597194,0,drone,1,9.489961992702219e-05,545,0.0034163863173727986,True
GaussianBudget75M_LinearMinTime,Pinecrest_2024-CASTF-000673,20240514,17,pyrologix,12,115-63,2024,0.0,0.0058371779741719365,1,drone,1,9.489961992702219e-05,4685,0.004460282136570043,True
GaussianBudget75M_LinearMinTime,Pines_2024-CAANF-242216,20240707,7,pyrologix,4,206-88,2024,0.0,0.0026248280191794038,0,drone,1,9.489961992702219e-05,1705,0.003795984797080888,True
GaussianBudget75M_LinearMinTime,Pinewood_2024-CABDF-007893,20240527,12,pyrologix,7,218-98,2024,0.0,0.003055645967833698,0,drone,1,9.489961992702219e-05,2850,0.0034163863173727986,True
GaussianBudget75M_LinearMinTime,Pipe_2024-CAANF-242836,20240805,21,pyrologix,11,none,2024,0.0,0.0022598979994654655,-1,undetected,1,9.489961992702219e-05,0,0.0,False
GaussianBudget75M_LinearMinTime,Pipeline_2024-CASHF-000628,20240724,16,pyrologix,9,47-21,2024,0.0,0.002754724002443254,0,drone,1,9.489961992702219e-05,3260,0.0046500813764240876,True
GaussianBudget75M_LinearMinTime,Pipi_2024-CAENF-018817,20240707,15,pyrologix,9,104-57,2024,0.0,0.004409107961691916,0,drone,1,9.489961992702219e-05,3495,0.004175583276788976,True
GaussianBudget75M_LinearMinTime,Pit_2024-CALPF-002505,20241002,22,pyrologix,9,none,2024,0.0,0.002103284001350403,-1,undetected,1,9.489961992702219e-05,0,0.0,False
GaussianBudget75M_LinearMinTime,Pitman_2024-CABDF-009013,20240621,13,pyrologix,5,206-88,2024,0.0,0.0032808369724079967,0,drone,1,9.489961992702219e-05,2130,0.00389088441700791,True
GaussianBudget75M_LinearMinTime,Piute_2024-CASTF-002034,20240902,16,pyrologix,11,none,2024,0.0,0.002213984029367566,-1,undetected,1,9.489961992702219e-05,0,0.0,False
GaussianBudget75M_LinearMinTime,Plantation_2024-CAMDF-000415,20240717,13,pyrologix,11,none,2024,0.0,0.002181124989874661,-1,undetected,1,9.489961992702219e-05,0,0.0,False
GaussianBudget75M_LinearMinTime,Plenty_2024-CAANF-242169,20240705,21,pyrologix,4,none,2024,0.0,0.0022804009495303035,-1,undetected,1,9.489961992702219e-05,0,0.0,False
GaussianBudget75M_LinearMinTime,Point_2024-CAMDF-000395,20240715,16,pyrologix,10,none,2024,0.0,0.002365877036936581,-1,undetected,1,9.489961992702219e-05,0,0.0,False
GaussianBudget75M_LinearMinTime,Point_2024-CASHU-006836,20240627,17,pyrologix,7,44-54,2024,0.0,0.0026541639817878604,0,drone,1,9.489961992702219e-05,2670,0.004555181756497065,True
GaussianBudget75M_LinearMinTime,Point_2024-CASQF-001303,20240718,6,pyrologix,4,174-77,2024,0.0,0.0019273729994893074,0,drone,1,9.489961992702219e-05,1510,0.004460282136570043,True
GaussianBudget75M_LinearMinTime,Poison_2024-CALNF-005125,20240827,18,pyrologix,4,51-53,2024,0.0,0.014130520983599126,1,drone,1,9.489961992702219e-05,2400,0.0040806836568619545,True
GaussianBudget75M_LinearMinTime,Poison_2024-CASNF-001054,20240724,22,pyrologix,1,none,2024,0.0,0.002238710061646998,-1,undetected,1,9.489961992702219e-05,0,0.0,False
GaussianBudget75M_LinearMinTime,Poison_2024-CASQF-001232,20240713,21,pyrologix,6,165-77,2024,0.0,0.00544403400272131,1,drone,1,9.489961992702219e-05,2460,0.004460282136570043,True
GaussianBudget75M_LinearMinTime,Poker_2024-CAKNF-006795,20240818,22,pyrologix,10,16-26,2024,0.0,0.004768898012116551,0,drone,1,9.489961992702219e-05,4250,0.004555181756497065,True
GaussianBudget75M_LinearMinTime,Porka_2024-CASTF-001365,20240714,11,pyrologix,10,none,2024,0.0,0.002124357968568802,-1,undetected,1,9.489961992702219e-05,0,0.0,False
GaussianBudget75M_LinearMinTime,Portal_2024-CAANF-242662,20240727,20,pyrologix,7,none,2024,0.0,0.0021601759362965822,-1,undetected,1,9.489961992702219e-05,0,0.0,False
GaussianBudget75M_LinearMinTime,Portal_2024-CAINF-002022,20241104,19,pyrologix,1,none,2024,0.0,0.0020823810482397676,-1,undetected,1,9.489961992702219e-05,0,0.0,False
GaussianBudget75M_LinearMinTime,Portuguese_2024-CAKNF-006636,20240814,0,pyrologix,3,17-30,2024,0.0,0.002254356979392469,0,drone,1,9.489961992702219e-05,1270,0.0040806836568619545,True
GaussianBudget75M_LinearMinTime,Poso_2024-CATUU-000791,20240719,8,pyrologix,4,172-74,2024,0.0,0.01818714791443199,-1,undetected,1,9.489961992702219e-05,845,0.003795984797080888,True
GaussianBudget75M_LinearMinTime,Post_2024-CASHF-000586,20240716,0,pyrologix,5,47-21,2024,0.0,0.005500231985934079,1,drone,1,9.489961992702219e-05,2280,0.0046500813764240876,True
GaussianBudget75M_LinearMinTime,Power_2024-CAMMU-023174,20241004,22,pyrologix,6,140-65,2024,0.0,0.0023122159764170647,0,drone,1,9.489961992702219e-05,2240,0.004365382516643021,True
GaussianBudget75M_LinearMinTime,Power_2024-CASNF-001545,20240915,14,pyrologix,12,146-69,2024,0.0,0.004155236063525081,0,drone,1,9.489961992702219e-05,4530,0.0040806836568619545,True
GaussianBudget75M_LinearMinTime,Power_2024-CASQF-001097,20240703,0,pyrologix,1,none,2024,0.0,0.0021613009739667177,-1,undetected,1,9.489961992702219e-05,0,0.0,False
GaussianBudget75M_LinearMinTime,Powerhouse_2024-CAANF-242656,20240727,17,pyrologix,6,none,2024,0.0,0.0022035990841686726,-1,undetected,1,9.489961992702219e-05,0,0.0,False
GaussianBudget75M_LinearMinTime,Propane_2024-CASQF-001598,20240830,22,pyrologix,9,none,2024,0.0,0.0022312310757115483,-1,undetected,1,9.489961992702219e-05,0,0.0,False
GaussianBudget75M_LinearMinTime,Prospect_2024-CAPNF-000095,20240226,16,pyrologix,5,80-58,2024,0.0,0.017830905970185995,-1,undetected,1,9.489961992702219e-05,2225,0.004270482896715999,True
GaussianBudget75M_LinearMinTime,Prospect_2024-CASHF-001019,20241016,20,pyrologix,3,41-47,2024,0.0,0.004451140994206071,0,drone,1,9.489961992702219e-05,1590,0.004270482896715999,True
GaussianBudget75M_LinearMinTime,Prosser_2024-CATNF-000497,20240601,15,pyrologix,11,84-67,2024,0.0,0.0036542799789458513,0,drone,1,9.489961992702219e-05,4315,0.004365382516643021,True
GaussianBudget75M_LinearMinTime,Provo_2024-CASTF-000370,20240311,23,pyrologix,7,118-56,2024,0.0,0.0063454098999500275,1,drone,1,9.489961992702219e-05,3295,0.004555181756497065,True
GaussianBudget75M_LinearMinTime,Punch_2024-CASNF-000934,20240714,20,pyrologix,12,none,2024,0.0,0.0023254130501300097,-1,undetected,1,9.489961992702219e-05,0,0.0,False
GaussianBudget75M_LinearMinTime,Quartz_2024-CASNF-001057,20240725,22,pyrologix,11,128-67,2024,0.0,0.004414633032865822,0,drone,1,9.489961992702219e-05,4285,0.004365382516643021,True
GaussianBudget75M_LinearMinTime,Rail_2024-CAPNF-000256,20240511,18,pyrologix,2,73-63,2024,0.0,0.0034375019604340196,0,drone,1,9.489961992702219e-05,1000,0.004175583276788976,True
GaussianBudget75M_LinearMinTime,Rainbow_2024-CASHF-000869,20240909,17,pyrologix,1,47-21,2024,0.0,0.005984252085909247,1,drone,1,9.489961992702219e-05,1040,0.004270482896715999,True
GaussianBudget75M_LinearMinTime,Ramp_2024-CATNF-000446,20240525,19,pyrologix,3,84-67,2024,0.0,0.002423588070087135,0,drone,1,9.489961992702219e-05,1285,0.004270482896715999,True
GaussianBudget75M_LinearMinTime,Ramparts_2024-CATMU-021980,20240803,17,pyrologix,10,none,2024,0.0,0.00215882807970047,-1,undetected,1,9.489961992702219e-05,0,0.0,False
GaussianBudget75M_LinearMinTime,Ranch_2024-CATNF-001414,20241001,16,pyrologix,5,80-65,2024,0.0,0.003155779908411205,0,drone,1,9.489961992702219e-05,2025,0.004555181756497065,True
GaussianBudget75M_LinearMinTime,Rancheria_2024-CACNF-002722,20241201,15,pyrologix,3,none,2024,0.0,0.0021598530001938343,-1,undetected,1,9.489961992702219e-05,0,0.0,False
GaussianBudget75M_LinearMinTime,Range_2024-CAANF-243749,20241011,16,pyrologix,2,none,2024,0.0,0.0020761690102517605,-1,undetected,1,9.489961992702219e-05,0,0.0,False
GaussianBudget75M_LinearMinTime,Rattlesnake_2024-CASTF-001325,20240712,23,pyrologix,8,108-64,2024,0.0,0.003924605902284384,0,drone,1,9.489961992702219e-05,3390,0.004555181756497065,True
GaussianBudget75M_LinearMinTime,Raymond_2024-CASNF-001072,20240726,16,pyrologix,10,128-67,2024,0.0,0.002976043033413589,0,drone,1,9.489961992702219e-05,3775,0.004270482896715999,True
GaussianBudget75M_LinearMinTime,Raywood_2024-CABDF-012213,20240901,21,pyrologix,8,218-98,2024,0.0,0.0040903011104092,0,drone,1,9.489961992702219e-05,3335,0.0034163863173727986,True
GaussianBudget75M_LinearMinTime,Red_2024-CASHF-000767,20240818,20,pyrologix,7,35-43,2024,0.0,0.0036524130264297128,0,drone,1,9.489961992702219e-05,2665,0.003985784036934932,True
GaussianBudget75M_LinearMinTime,Red_2024-CATNF-000906,20240717,0,pyrologix,4,90-60,2024,0.0,0.01784481096547097,-1,undetected,1,9.489961992702219e-05,4140,0.004460282136570043,True
GaussianBudget75M_LinearMinTime,Red_2024-CATNF-001349,20240919,12,pyrologix,2,90-60,2024,0.0,0.0020241420716047287,0,drone,1,9.489961992702219e-05,940,0.003985784036934932,True
GaussianBudget75M_LinearMinTime,Redgrove_2024-CASQF-001170,20240708,10,pyrologix,9,165-77,2024,0.0,0.0034107289975509048,0,drone,1,9.489961992702219e-05,3175,0.0046500813764240876,True
GaussianBudget75M_LinearMinTime,Redinger_2024-CASNF-001840,20241115,16,pyrologix,12,135-68,2024,0.0,0.00538690690882504,0,drone,1,9.489961992702219e-05,4575,0.0046500813764240876,True
GaussianBudget75M_LinearMinTime,Redonda_2024-CABDF-015968,20241103,14,pyrologix,8,none,2024,0.0,0.0022978789638727903,-1,undetected,1,9.489961992702219e-05,0,0.0,False
GaussianBudget75M_LinearMinTime,Redwood_2024-CASRF-000862,20240910,10,pyrologix,12,none,2024,0.0,0.002199085080064833,-1,undetected,1,9.489961992702219e-05,0,0.0,False
GaussianBudget75M_LinearMinTime,Reeves_2024-CAKNF-006815,20240818,19,pyrologix,4,18-37,2024,0.0,0.007247610948979855,1,drone,1,9.489961992702219e-05,2175,0.0036061855572268433,True
GaussianBudget75M_LinearMinTime,Refugio_2024-CALPF-002117,20240823,5,pyrologix,4,none,2024,0.0,0.002266495954245329,-1,undetected,1,9.489961992702219e-05,0,0.0,False
GaussianBudget75M_LinearMinTime,Remann_2024-CALNF-005700,20240921,11,pyrologix,10,51-53,2024,0.0,0.003823495004326105,0,drone,1,9.489961992702219e-05,4115,0.004460282136570043,True
GaussianBudget75M_LinearMinTime,Reservoir_2024-CAANF-243574,20240930,16,pyrologix,3,none,2024,0.0,0.0022741060238331556,-1,undetected,1,9.489961992702219e-05,0,0.0,False
GaussianBudget75M_LinearMinTime,Resort_2024-CACNF-002865,20241228,17,pyrologix,7,230-98,2024,0.0,0.003188533941283822,0,drone,1,9.489961992702219e-05,2585,0.004555181756497065,True
GaussianBudget75M_LinearMinTime,Rest_2024-CAINF-001411,20240810,12,pyrologix,8,none,2024,0.0,0.002236681990325451,-1,undetected,1,9.489961992702219e-05,0,0.0,False
GaussianBudget75M_LinearMinTime,Rest_2024-CALNF-005560,20240915,0,pyrologix,1,none,2024,0.0,0.0022734691156074405,-1,undetected,1,9.489961992702219e-05,0,0.0,False
GaussianBudget75M_LinearMinTime,Reynolds_2024-CASRF-000287,20240527,1,pyrologix,4,26-25,2024,0.0,0.009749806951731443,1,drone,1,9.489961992702219e-05,2075,0.004270482896715999,True
GaussianBudget75M_LinearMinTime,Ridge_2024-CABDF-010876,20240731,14,pyrologix,4,218-98,2024,0.0,0.004316222039051354,0,drone,1,9.489961992702219e-05,1655,0.0034163863173727986,True
GaussianBudget75M_LinearMinTime,Ridge_2024-CANEU-030573,20241012,22,pyrologix,3,93-54,2024,0.0,0.002417760086245835,0,drone,1,9.489961992702219e-05,1355,0.003795984797080888,True
GaussianBudget75M_LinearMinTime,Ridge_2_2024-CASRF-000580,20240715,23,pyrologix,2,40-22,2024,0.0,0.0024557330179959536,0,drone,1,9.489961992702219e-05,830,0.003795984797080888,True
GaussianBudget75M_LinearMinTime,Rim_2024-CABDF-000408,20240109,16,pyrologix,3,none,2024,0.0,0.0020860820077359676,-1,undetected,1,9.489961992702219e-05,0,0.0,False
GaussianBudget75M_LinearMinTime,River_2024-CAANF-242928,20240811,11,pyrologix,9,none,2024,0.0,0.0022233730414882302,-1,undetected,1,9.489961992702219e-05,0,0.0,False
GaussianBudget75M_LinearMinTime,River_2024-CASHF-000226,20240427,20,pyrologix,2,42-41,2024,0.0,0.0037792359944432974,0,drone,1,9.489961992702219e-05,1065,0.004175583276788976,True
GaussianBudget75M_LinearMinTime,River_Park_2024-CAKNF-009213,20241107,20,pyrologix,9,16-26,2024,0.0,0.003655259031802416,0,drone,1,9.489961992702219e-05,3740,0.004555181756497065,True
GaussianBudget75M_LinearMinTime,Road_2024-CAANF-243400,20240914,11,pyrologix,9,none,2024,0.0,0.002098734024912119,-1,undetected,1,9.489961992702219e-05,0,0.0,False
GaussianBudget75M_LinearMinTime,Rock_2024-CABDF-009734,20240725,18,pyrologix,8,none,2024,0.0,0.0021589869866147637,-1,undetected,1,9.489961992702219e-05,0,0.0,False
GaussianBudget75M_LinearMinTime,Rock_2024-CALPF-002208,20240902,21,pyrologix,7,none,2024,0.0,0.0021991479443386197,-1,undetected,1,9.489961992702219e-05,0,0.0,False
GaussianBudget75M_LinearMinTime,Rock_2024-CAMDF-000170,20240610,19,pyrologix,11,none,2024,0.0,0.0022088480181992054,-1,undetected,1,9.489961992702219e-05,0,0.0,False
GaussianBudget75M_LinearMinTime,Rock_2024-CASHF-000761,20240818,10,pyrologix,8,42-34,2024,0.0,0.003290885011665523,0,drone,1,9.489961992702219e-05,3230,0.004460282136570043,True
GaussianBudget75M_LinearMinTime,Rock_2024-CASNF-000717,20240625,15,pyrologix,1,140-71,2024,0.0,0.012175638927146792,3,drone,1,9.489961992702219e-05,1965,0.004270482896715999,True
GaussianBudget75M_LinearMinTime,Rock_2024-CASRF-000607,20240718,13,pyrologix,10,26-25,2024,0.0,0.0029459160286933184,0,drone,1,9.489961992702219e-05,3885,0.004270482896715999,True
GaussianBudget75M_LinearMinTime,Rocky_2024-CATNF-001017,20240803,22,pyrologix,9,84-67,2024,0.0,0.003412320977076888,0,drone,1,9.489961992702219e-05,3615,0.004270482896715999,True
GaussianBudget75M_LinearMinTime,Rodeo_2024-CASQF-001344,20240718,22,pyrologix,2,164-82,2024,0.0,0.0032422849908471107,0,drone,1,9.489961992702219e-05,1080,0.003795984797080888,True
GaussianBudget75M_LinearMinTime,Rodgers_2024-CASNF-001798,20241103,9,pyrologix,11,none,2024,0.0,0.0022331669460982084,-1,undetected,1,9.489961992702219e-05,0,0.0,False
GaussianBudget75M_LinearMinTime,Root_2024-CASHF-001002,20241010,19,pyrologix,6,35-43,2024,0.0,0.002811682061292231,0,drone,1,9.489961992702219e-05,2230,0.003985784036934932,True
GaussianBudget75M_LinearMinTime,Rosa_2024-CABDF-017160,20241126,1,pyrologix,7,none,2024,0.0,0.0021264649694785476,-1,undetected,1,9.489961992702219e-05,0,0.0,False
GaussianBudget75M_LinearMinTime,Round_2024-CABDF-007414,20240519,13,pyrologix,6,none,2024,0.0,0.002131034038029611,-1,undetected,1,9.489961992702219e-05,0,0.0,False
GaussianBudget75M_LinearMinTime,Round_2024-CAPNF-000719,20240711,16,pyrologix,12,65-55,2024,0.0,0.005321247037500143,0,drone,1,9.489961992702219e-05,4460,0.004460282136570043,True
GaussianBudget75M_LinearMinTime,Royal_2024-CATNF-000855,20240707,20,pyrologix,6,87-59,2024,0.0,0.0022446569055318832,0,drone,1,9.489961992702219e-05,1010,0.00303678783766471,True
GaussianBudget75M_LinearMinTime,Rru_Cove_2024-CABDF-014860,20241025,9,pyrologix,10,218-98,2024,0.0,0.004478523973375559,0,drone,1,9.489961992702219e-05,4180,0.0034163863173727986,True
GaussianBudget75M_LinearMinTime,Rru_Howard_2024-CABDF-008044,20240530,18,pyrologix,3,225-101,2024,0.0,0.0022723489673808217,0,drone,1,9.489961992702219e-05,1195,0.0040806836568619545,True
GaussianBudget75M_LinearMinTime,Rubbish_2024-CAANF-240976,20240412,14,pyrologix,7,206-87,2024,0.0,0.01923255401197821,-1,undetected,1,9.489961992702219e-05,1525,0.004270482896715999,True
GaussianBudget75M_LinearMinTime,Ruby_2024-CAANF-242657,20240727,15,pyrologix,12,none,2024,0.0,0.002099795965477824,-1,undetected,1,9.489961992702219e-05,0,0.0,False
GaussianBudget75M_LinearMinTime,Rucker_2024-CATNF-000985,20240727,17,pyrologix,6,87-59,2024,0.0,0.018491780036129057,-1,undetected,1,9.489961992702219e-05,1010,0.00303678783766471,True
GaussianBudget75M_LinearMinTime,Ruffey_2024-CAKNF-005725,20240716,16,pyrologix,4,28-32,2024,0.0,0.0031673500780016184,0,drone,1,9.489961992702219e-05,1585,0.004365382516643021,True
GaussianBudget75M_LinearMinTime,Runner_2024-CAANF-242659,20240727,17,pyrologix,11,none,2024,0.0,0.0021667659748345613,-1,undetected,1,9.489961992702219e-05,0,0.0,False
GaussianBudget75M_LinearMinTime,Runner_2_2024-CAANF-243959,20241027,14,pyrologix,8,none,2024,0.0,0.0021792399929836392,-1,undetected,1,9.489961992702219e-05,0,0.0,False
GaussianBudget75M_LinearMinTime,Saddle_2024-CAPNF-001253,20240919,22,pyrologix,6,72-57,2024,0.0,0.0031719530234113336,0,drone,1,9.489961992702219e-05,2370,0.003985784036934932,True
GaussianBudget75M_LinearMinTime,Salt_2024-CAENF-017809,20240630,13,pyrologix,11,105-63,2024,0.0,0.0034930179826915264,0,drone,1,9.489961992702219e-05,4560,0.004365382516643021,True
GaussianBudget75M_LinearMinTime,Sand_2024-CATNF-000885,20240714,0,pyrologix,9,none,2024,0.0,0.0021295860642567277,-1,undetected,1,9.489961992702219e-05,0,0.0,False
GaussianBudget75M_LinearMinTime,Sanhedrin_2024-CAMNF-001449,20241012,20,pyrologix,7,68-22,2024,0.0,0.012791865039616823,3,drone,1,9.489961992702219e-05,3890,0.004555181756497065,True
GaussianBudget75M_LinearMinTime,Sardine_2024-CASTF-001400,20240716,22,pyrologix,6,none,2024,0.0,0.0021062939194962382,-1,undetected,1,9.489961992702219e-05,0,0.0,False
GaussianBudget75M_LinearMinTime,Scenic_2024-CAINF-000736,20240608,13,pyrologix,12,none,2024,0.0,0.0021991339745000005,-1,undetected,1,9.489961992702219e-05,0,0.0,False
GaussianBudget75M_LinearMinTime,Scotland_2024-CABDF-012756,20240912,21,pyrologix,8,206-88,2024,0.0,0.005106092081405222,0,drone,1,9.489961992702219e-05,3425,0.004175583276788976,True
GaussianBudget75M_LinearMinTime,Scott_2024-CABDF-014959,20241026,1,pyrologix,12,206-88,2024,0.0,0.004123157006688416,0,drone,1,9.489961992702219e-05,4730,0.004175583276788976,True
GaussianBudget75M_LinearMinTime,Seeley_2024-CABDF-015160,20241027,20,pyrologix,5,none,2024,0.0,0.0023726678919047117,-1,undetected,1,9.489961992702219e-05,0,0.0,False
GaussianBudget75M_LinearMinTime,Seiad_2024-CAKNF-007154,20240829,13,pyrologix,11,17-30,2024,0.0,0.01818304497282952,-1,undetected,1,9.489961992702219e-05,1795,0.004365382516643021,True
GaussianBudget75M_LinearMinTime,Sepulveda_2024-CABDF-009699,20240705,23,pyrologix,7,none,2024,0.0,0.002532235928811133,-1,undetected,1,9.489961992702219e-05,0,0.0,False
GaussianBudget75M_LinearMinTime,Shake_2024-CAMDF-000947,20240916,15,pyrologix,3,38-63,2024,0.0,0.0036530240904539824,0,drone,1,9.489961992702219e-05,1375,0.0040806836568619545,True
GaussianBudget75M_LinearMinTime,Shanty_2024-CASRF-000614,20240720,1,pyrologix,7,47-21,2024,0.0,0.010642289067618549,3,drone,1,9.489961992702219e-05,3615,0.0046500813764240876,True
GaussianBudget75M_LinearMinTime,Sheep_2024-CABDF-011109,20240805,18,pyrologix,5,206-88,2024,0.0,0.0033286690013483167,0,drone,1,9.489961992702219e-05,2095,0.00389088441700791,True
GaussianBudget75M_LinearMinTime,Sheep_2024-CASHF-000789,20240823,1,pyrologix,4,42-34,2024,0.0,0.01055995502974838,1,drone,1,9.489961992702219e-05,2125,0.004270482896715999,True
GaussianBudget75M_LinearMinTime,Sheephead_2024-CACNF-001245,20240705,6,pyrologix,1,none,2024,0.0,0.0024056800175458193,-1,undetected,1,9.489961992702219e-05,0,0.0,False
GaussianBudget75M_LinearMinTime,Sheering_2024-CASTF-001060,20240625,0,pyrologix,5,118-64,2024,0.0,0.0027883059810847044,0,drone,1,9.489961992702219e-05,1895,0.004555181756497065,True
GaussianBudget75M_LinearMinTime,Shell_2024-CASQF-001024,20240625,22,pyrologix,7,none,2024,0.0,0.0023702370235696435,-1,undetected,1,9.489961992702219e-05,0,0.0,False
GaussianBudget75M_LinearMinTime,Shelley_2024-CATMU-030116,20241022,16,pyrologix,3,none,2024,0.0,0.0022264589788392186,-1,undetected,1,9.489961992702219e-05,0,0.0,False
GaussianBudget75M_LinearMinTime,Shelly_2024-CAKNF-005159,20240703,16,pyrologix,9,28-32,2024,0.0,0.004371626069769263,0,drone,1,9.489961992702219e-05,3490,0.0046500813764240876,True
GaussianBudget75M_LinearMinTime,Sherwin_2024-CAINF-001851,20241003,19,pyrologix,10,none,2024,0.0,0.002239719033241272,-1,undetected,1,9.489961992702219e-05,0,0.0,False
GaussianBudget75M_LinearMinTime,Shinn_2024-CASNF-000977,20240716,22,pyrologix,2,none,2024,0.0,0.002273536054417491,-1,undetected,1,9.489961992702219e-05,0,0.0,False
GaussianBudget75M_LinearMinTime,Shoe_2024-CASHF-000996,20241009,17,pyrologix,6,42-41,2024,0.0,0.005947211058810353,1,drone,1,9.489961992702219e-05,2700,0.004365382516643021,True
GaussianBudget75M_LinearMinTime,Shore_2024-CATNF-001163,20240822,2,pyrologix,11,84-67,2024,0.0,0.004211570951156318,0,drone,1,9.489961992702219e-05,4445,0.004365382516643021,True
GaussianBudget75M_LinearMinTime,Siberia_2024-CABDF-010843,20240730,15,pyrologix,8,none,2024,0.0,0.002362634986639023,-1,undetected,1,9.489961992702219e-05,0,0.0,False
GaussianBudget75M_LinearMinTime,Sierra_2024-CAANF-242698,20240729,9,pyrologix,11,none,2024,0.0,0.0021906010806560516,-1,undetected,1,9.489961992702219e-05,0,0.0,False
GaussianBudget75M_LinearMinTime,Sierra_2024-CAMMU-018562,20240811,4,pyrologix,1,135-68,2024,0.0,0.0030225469963625073,0,drone,1,9.489961992702219e-05,605,0.003985784036934932,True
GaussianBudget75M_LinearMinTime,Signal_2024-CASRF-000713,20240805,13,pyrologix,9,none,2024,0.0,0.002202739007771015,-1,undetected,1,9.489961992702219e-05,0,0.0,False
GaussianBudget75M_LinearMinTime,Silverado_2024-CAANF-243644,20241005,7,pyrologix,9,none,2024,0.0,0.002191322040744126,-1,undetected,1,9.489961992702219e-05,0,0.0,False
GaussianBudget75M_LinearMinTime,Sirretta_2024-CASQF-001263,20240714,16,pyrologix,4,164-82,2024,0.0,0.004471304942853749,0,drone,1,9.489961992702219e-05,1985,0.004270482896715999,True
GaussianBudget75M_LinearMinTime,Skyland_2024-CABDF-009823,20240706,10,pyrologix,12,218-98,2024,0.0,0.003620296949520707,0,drone,1,9.489961992702219e-05,4775,0.0034163863173727986,True
GaussianBudget75M_LinearMinTime,Skyline_2024-CASHF-001147,20241207,17,pyrologix,5,42-41,2024,0.0,0.0026288629742339253,0,drone,1,9.489961992702219e-05,1965,0.004270482896715999,True
GaussianBudget75M_LinearMinTime,Slate_2024-CASRF-000624,20240721,17,pyrologix,2,27-19,2024,0.0,0.004624139983206987,1,drone,1,9.489961992702219e-05,1280,0.004270482896715999,True
GaussianBudget75M_LinearMinTime,Sloat_2024-CATNF-001054,20240804,16,pyrologix,7,79-56,2024,0.0,0.003921038005501032,0,drone,1,9.489961992702219e-05,2855,0.004555181756497065,True
GaussianBudget75M_LinearMinTime,Smith_2024-CAPNF-000834,20240722,21,pyrologix,3,73-63,2024,0.0,0.002239121007733047,0,drone,1,9.489961992702219e-05,1205,0.004175583276788976,True
GaussianBudget75M_LinearMinTime,Snag_2024-CAMDF-000416,20240717,17,pyrologix,5,none,2024,0.0,0.0022556199692189693,-1,undetected,1,9.489961992702219e-05,0,0.0,False
GaussianBudget75M_LinearMinTime,Snell_2024-CAMDF-000949,20240916,16,pyrologix,4,none,2024,0.0,0.0023430049186572433,-1,undetected,1,9.489961992702219e-05,0,0.0,False
GaussianBudget75M_LinearMinTime,Snow_2024-CABDF-012275,20240901,16,pyrologix,8,none,2024,0.0,0.002414739108644426,-1,undetected,1,9.489961992702219e-05,0,0.0,False
GaussianBudget75M_LinearMinTime,Snowbird_2024-CASHF-000647,20240727,16,pyrologix,9,42-41,2024,0.0,0.0069145719753578305,1,drone,1,9.489961992702219e-05,3900,0.004460282136570043,True
GaussianBudget75M_LinearMinTime,Soap_2024-CASTF-002267,20240927,17,pyrologix,3,111-57,2024,0.0,0.0036459810798987746,0,drone,1,9.489961992702219e-05,1560,0.003985784036934932,True
GaussianBudget75M_LinearMinTime,Somes_2024-CASRF-000901,20240920,1,pyrologix,4,26-25,2024,0.0,0.0028039129683747888,0,drone,1,9.489961992702219e-05,1680,0.0040806836568619545,True
GaussianBudget75M_LinearMinTime,South_2024-CAINF-001975,20241025,15,pyrologix,12,none,2024,0.0,0.0027608469827100635,-1,undetected,1,9.489961992702219e-05,0,0.0,False
GaussianBudget75M_LinearMinTime,South_2024-CASKU-003966,20240530,17,pyrologix,11,35-43,2024,0.0,0.0030141009483486414,0,drone,1,9.489961992702219e-05,3900,0.003985784036934932,True
GaussianBudget75M_LinearMinTime,South_Crater_2024-CAINF-001246,20240723,1,pyrologix,6,none,2024,0.0,0.00271669402718544,-1,undetected,1,9.489961992702219e-05,0,0.0,False
GaussianBudget75M_LinearMinTime,Spaulding_2024-CATNF-000682,20240623,19,pyrologix,4,87-59,2024,0.0,0.018371464917436242,-1,undetected,1,9.489961992702219e-05,1010,0.00303678783766471,True
GaussianBudget75M_LinearMinTime,Spider_2024-CASHF-000844,20240904,14,pyrologix,8,40-29,2024,0.0,0.011563405045308173,1,drone,1,9.489961992702219e-05,3405,0.0046500813764240876,True
GaussianBudget75M_LinearMinTime,Spillway_2024-CABDF-007081,20240512,22,pyrologix,2,225-101,2024,0.0,0.0016433390555903316,0,drone,1,9.489961992702219e-05,775,0.003985784036934932,True
GaussianBudget75M_LinearMinTime,Spring_2024-CAENF-016530,20240620,22,pyrologix,6,97-60,2024,0.0,0.00336637394502759,0,drone,1,9.489961992702219e-05,2625,0.004460282136570043,True
GaussianBudget75M_LinearMinTime,Spring_2024-CAKNF-006816,20240818,20,pyrologix,2,18-37,2024,0.0,0.0030578370206058025,0,drone,1,9.489961992702219e-05,930,0.0036061855572268433,True
GaussianBudget75M_LinearMinTime,Spring_2024-CAMDF-000414,20240717,16,pyrologix,2,none,2024,0.0,0.0025859599700197577,-1,undetected,1,9.489961992702219e-05,0,0.0,False
GaussianBudget75M_LinearMinTime,Spring_2024-CAPNF-001286,20240927,0,pyrologix,1,70-69,2024,0.0,0.0036866299342364073,0,drone,1,9.489961992702219e-05,660,0.003795984797080888,True
GaussianBudget75M_LinearMinTime,Spring_2024-CASQF-001764,20240923,7,pyrologix,7,161-79,2024,0.0,0.0031007539946585894,0,drone,1,9.489961992702219e-05,2795,0.00389088441700791,True
GaussianBudget75M_LinearMinTime,Springs_2024-CATNF-001018,20240803,22,pyrologix,11,84-67,2024,0.0,0.004619879997335374,0,drone,1,9.489961992702219e-05,4500,0.004365382516643021,True
GaussianBudget75M_LinearMinTime,Spunky_2024-CAANF-242018,20240630,21,pyrologix,10,none,2024,0.0,0.0024181290064007044,-1,undetected,1,9.489961992702219e-05,0,0.0,False
GaussianBudget75M_LinearMinTime,Spur_2024-CAINF-001424,20240811,10,pyrologix,12,none,2024,0.0,0.002272889018058777,-1,undetected,1,9.489961992702219e-05,0,0.0,False
GaussianBudget75M_LinearMinTime,Spur_2024-CAMDF-000346,20240710,12,pyrologix,10,38-63,2024,0.0,0.004263768903911114,0,drone,1,9.489961992702219e-05,3895,0.0040806836568619545,True
GaussianBudget75M_LinearMinTime,Star_2024-CASHF-000450,20240622,15,pyrologix,12,47-21,2024,0.0,0.005583257996477187,0,drone,1,9.489961992702219e-05,4625,0.0046500813764240876,True
GaussianBudget75M_LinearMinTime,Starvation_2024-CASQF-001512,20240818,0,pyrologix,9,165-77,2024,0.0,0.004350126022472978,0,drone,1,9.489961992702219e-05,3330,0.0046500813764240876,True
GaussianBudget75M_LinearMinTime,Stead_2024-CAMDF-000982,20240920,21,pyrologix,1,none,2024,0.0,0.0022017399314790964,-1,undetected,1,9.489961992702219e-05,0,0.0,False
GaussianBudget75M_LinearMinTime,Steep_2024-CABDF-012020,20240827,9,pyrologix,7,none,2024,0.0,0.002180198091082275,-1,undetected,1,9.489961992702219e-05,0,0.0,False
GaussianBudget75M_LinearMinTime,Stick_2024-CABDF-012596,20240907,20,pyrologix,6,none,2024,0.0,0.002224074909463525,-1,undetected,1,9.489961992702219e-05,0,0.0,False
GaussianBudget75M_LinearMinTime,Stock_2024-CAMDF-000592,20240805,22,pyrologix,4,none,2024,0.0,0.0022416190477088094,-1,undetected,1,9.489961992702219e-05,0,0.0,False
GaussianBudget75M_LinearMinTime,Stokes_2024-CACNF-001574,20240727,18,pyrologix,4,none,2024,0.0,0.0023226820630952716,-1,undetected,1,9.489961992702219e-05,0,0.0,False
GaussianBudget75M_LinearMinTime,Strawberry_2024-CAPNF-000895,20240731,16,pyrologix,4,76-51,2024,0.0,0.004228701000101864,0,drone,1,9.489961992702219e-05,1770,0.0037010851771538656,True
GaussianBudget75M_LinearMinTime,Strike_2024-CABDF-012602,20240908,19,pyrologix,11,none,2024,0.0,0.0032017690828070045,-1,undetected,1,9.489961992702219e-05,0,0.0,False
GaussianBudget75M_LinearMinTime,Stuart_2024-CASHF-000414,20240616,17,pyrologix,7,40-29,2024,0.0,0.002441291930153966,0,drone,1,9.489961992702219e-05,2540,0.0046500813764240876,True
GaussianBudget75M_LinearMinTime,Stump_2024-CASRF-000684,20240731,21,pyrologix,5,none,2024,0.0,0.0027617659652605653,-1,undetected,1,9.489961992702219e-05,0,0.0,False
GaussianBudget75M_LinearMinTime,Stump_2024-CASTF-001458,20240720,17,pyrologix,12,115-63,2024,0.0,0.007221434963867068,1,drone,1,9.489961992702219e-05,4855,0.004460282136570043,True
GaussianBudget75M_LinearMinTime,Sugar_2024-CABDF-010319,20240717,13,pyrologix,11,none,2024,0.0,0.0028080650372430682,-1,undetected,1,9.489961992702219e-05,0,0.0,False
GaussianBudget75M_LinearMinTime,Sugar_2024-CATNF-001025,20240803,6,pyrologix,2,86-54,2024,0.0,0.0031428479123860598,0,drone,1,9.489961992702219e-05,975,0.003795984797080888,True
GaussianBudget75M_LinearMinTime,Sugar_2024-CATNF-001197,20240826,18,pyrologix,3,87-59,2024,0.0,0.0182259080465883,-1,undetected,1,9.489961992702219e-05,1010,0.00303678783766471,True
GaussianBudget75M_LinearMinTime,Sugarloaf_2024-CAANF-243521,20240926,21,pyrologix,5,206-88,2024,0.0,0.002439402975142002,0,drone,1,9.489961992702219e-05,2000,0.00389088441700791,True
GaussianBudget75M_LinearMinTime,Sulphur_2024-CAKNF-004181,20240606,20,pyrologix,7,21-28,2024,0.0,0.004783111973665655,0,drone,1,9.489961992702219e-05,2725,0.004555181756497065,True
GaussianBudget75M_LinearMinTime,Summit_2024-CASQF-001071,20240629,17,pyrologix,7,none,2024,0.0,0.0024950880324468017,-1,undetected,1,9.489961992702219e-05,0,0.0,False
GaussianBudget75M_LinearMinTime,Sun_2024-CATCU-003101,20240311,22,pyrologix,9,118-56,2024,0.0,0.018987638992257416,-1,undetected,1,9.489961992702219e-05,5840,0.004555181756497065,True
GaussianBudget75M_LinearMinTime,Sunrise_2024-CAANF-241996,20240628,21,pyrologix,1,none,2024,0.0,0.0024942109594121575,-1,undetected,1,9.489961992702219e-05,0,0.0,False
GaussianBudget75M_LinearMinTime,Sunrise_2_2024-CAANF-242055,20240701,16,pyrologix,10,206-88,2024,0.0,0.008071542950347066,1,drone,1,9.489961992702219e-05,4520,0.004175583276788976,True
GaussianBudget75M_LinearMinTime,Sunset_2024-CAENF-024412,20240827,17,pyrologix,6,98-62,2024,0.0,0.00269265694078058,0,drone,1,9.489961992702219e-05,2330,0.004460282136570043,True
GaussianBudget75M_LinearMinTime,Sunshine_2024-CAANF-244639,20241222,2,pyrologix,5,none,2024,0.0,0.0024161559995263815,-1,undetected,1,9.489961992702219e-05,0,0.0,False
GaussianBudget75M_LinearMinTime,Suzy_2024-CASRF-000368,20240621,0,pyrologix,5,40-22,2024,0.0,0.0028918300522491336,0,drone,1,9.489961992702219e-05,1935,0.004270482896715999,True
GaussianBudget75M_LinearMinTime,Swaggert_Timber_Sale_2024-CAMDF-000887,20240910,14,pyrologix,5,45-66,2024,0.0,0.003937617992050946,0,drone,1,9.489961992702219e-05,2090,0.004460282136570043,True
GaussianBudget75M_LinearMinTime,Swarthout_2024-CABDF-016024,20241104,4,pyrologix,4,206-88,2024,0.0,0.0031701410189270973,0,drone,1,9.489961992702219e-05,1750,0.003795984797080888,True
GaussianBudget75M_LinearMinTime,Sycamore_2024-CABDF-001018,20240121,20,pyrologix,6,206-88,2024,0.0,0.0023165689781308174,0,drone,1,9.489961992702219e-05,2335,0.00389088441700791,True
GaussianBudget75M_LinearMinTime,Talbot_2024-CATNF-000904,20240716,16,pyrologix,1,90-60,2024,0.0,0.0181860780576244,-1,undetected,1,9.489961992702219e-05,2930,0.004460282136570043,True
GaussianBudget75M_LinearMinTime,Tamarack_2024-CASHF-000630,20240724,17,pyrologix,11,35-36,2024,0.0,0.004228540929034352,0,drone,1,9.489961992702219e-05,4510,0.004175583276788976,True
GaussianBudget75M_LinearMinTime,Tamarack_2024-CASNF-000704,20240624,23,pyrologix,2,140-71,2024,0.0,0.01576265797484666,5,drone,1,9.489961992702219e-05,2930,0.004555181756497065,True
GaussianBudget75M_LinearMinTime,Tank_2024-CAANF-243112,20240824,17,pyrologix,9,none,2024,0.0,0.0023609239142388105,-1,undetected,1,9.489961992702219e-05,0,0.0,False
GaussianBudget75M_LinearMinTime,Tar_2024-CALPF-001515,20240704,4,pyrologix,6,none,2024,0.0,0.0022055660374462605,-1,undetected,1,9.489961992702219e-05,0,0.0,False
GaussianBudget75M_LinearMinTime,Taylors_2024-CAPNF-000831,20240722,18,pyrologix,6,67-62,2024,0.0,0.0037726619048044086,0,drone,1,9.489961992702219e-05,2415,0.0046500813764240876,True
GaussianBudget75M_LinearMinTime,Tecuya_2024-CALPF-002553,20241006,13,pyrologix,7,none,2024,0.0,0.002170198946259916,-1,undetected,1,9.489961992702219e-05,0,0.0,False
GaussianBudget75M_LinearMinTime,Telegraph_2024-CAANF-243254,20240903,20,pyrologix,3,206-88,2024,0.0,0.003224221058189869,0,drone,1,9.489961992702219e-05,1315,0.0036061855572268433,True
GaussianBudget75M_LinearMinTime,Tells_2024-CAENF-023159,20240814,22,pyrologix,3,97-60,2024,0.0,0.003855293965898454,0,drone,1,9.489961992702219e-05,1535,0.004175583276788976,True
GaussianBudget75M_LinearMinTime,Temple_2024-CAKNF-003997,20240531,16,pyrologix,8,28-45,2024,0.0,0.0033854140201583505,0,drone,1,9.489961992702219e-05,3075,0.00389088441700791,True
GaussianBudget75M_LinearMinTime,Templin_2024-CAANF-241629,20240607,1,pyrologix,5,none,2024,0.0,0.002216912107542157,-1,undetected,1,9.489961992702219e-05,0,0.0,False
GaussianBudget75M_LinearMinTime,Ten_Mile_2024-CASQF-000670,20240526,18,pyrologix,7,148-73,2024,0.0,0.018389599048532546,-1,undetected,1,9.489961992702219e-05,1220,0.003511285937299821,True
GaussianBudget75M_LinearMinTime,Tenaja_2024-CACNF-001874,20240825,16,pyrologix,5,none,2024,0.0,0.0021972330287098885,-1,undetected,1,9.489961992702219e-05,0,0.0,False
GaussianBudget75M_LinearMinTime,Thousand_2024-CAINF-001270,20240725,10,pyrologix,11,129-73,2024,0.0,0.019535375060513616,-1,undetected,1,9.489961992702219e-05,2875,0.003985784036934932,True
GaussianBudget75M_LinearMinTime,Thunder_2024-CAENF-025870,20240909,17,pyrologix,7,98-62,2024,0.0,0.018116894992999732,-1,undetected,1,9.489961992702219e-05,4800,0.004460282136570043,True
GaussianBudget75M_LinearMinTime,Timber_2024-CASHF-000912,20240918,14,pyrologix,6,37-52,2024,0.0,0.0025516810128465295,0,drone,1,9.489961992702219e-05,2280,0.0046500813764240876,True
GaussianBudget75M_LinearMinTime,Timber_2024-CASHU-004313,20240429,23,pyrologix,7,44-54,2024,0.0,0.018917092005722225,-1,undetected,1,9.489961992702219e-05,4720,0.004555181756497065,True
GaussianBudget75M_LinearMinTime,Timber_2024-CASHU-013961,20241208,19,pyrologix,3,44-54,2024,0.0,0.003968436038121581,0,drone,1,9.489961992702219e-05,1440,0.004175583276788976,True
GaussianBudget75M_LinearMinTime,Tnf-Madrone_2024-CANEU-014985,20240530,19,pyrologix,4,76-51,2024,0.0,0.02035444206558168,-1,undetected,1,9.489961992702219e-05,4125,0.0040806836568619545,True
GaussianBudget75M_LinearMinTime,Tom_2024-CAKNF-005764,20240717,14,pyrologix,9,21-28,2024,0.0,0.010426082997582853,2,drone,1,9.489961992702219e-05,4200,0.0046500813764240876,True
GaussianBudget75M_LinearMinTime,Tom_2024-CASNF-000726,20240625,18,pyrologix,6,132-72,2024,0.0,0.007141952053643763,1,drone,1,9.489961992702219e-05,3450,0.003985784036934932,True
GaussianBudget75M_LinearMinTime,Track_2024-CATNF-001069,20240806,17,pyrologix,4,80-65,2024,0.0,0.003941390081308782,0,drone,1,9.489961992702219e-05,1805,0.004460282136570043,True
GaussianBudget75M_LinearMinTime,Trail_2024-CAKNF-006785,20240818,20,pyrologix,9,33-29,2024,0.0,0.00576471199747175,1,drone,1,9.489961992702219e-05,3990,0.0046500813764240876,True
GaussianBudget75M_LinearMinTime,Trail_2024-CALPF-000839,20240430,18,pyrologix,6,none,2024,0.0,0.0022835839772596955,-1,undetected,1,9.489961992702219e-05,0,0.0,False
GaussianBudget75M_LinearMinTime,Trailhead_2024-CASTF-002413,20241012,15,pyrologix,9,115-63,2024,0.0,0.010220717987976968,2,drone,1,9.489961992702219e-05,4250,0.004460282136570043,True
GaussianBudget75M_LinearMinTime,Train_2024-CABDF-011648,20240817,18,pyrologix,10,206-88,2024,0.0,0.004896817030385137,0,drone,1,9.489961992702219e-05,4095,0.004175583276788976,True
GaussianBudget75M_LinearMinTime,Trinity_2024-CASRF-000333,20240612,15,pyrologix,11,35-16,2024,0.0,0.004922050982713699,0,drone,1,9.489961992702219e-05,4335,0.0046500813764240876,True
GaussianBudget75M_LinearMinTime,Trinity_River_Camp_Shfweavville_2024-CASHU-009224,20240818,3,pyrologix,1,42-34,2024,0.0,0.003151818993501365,0,drone,1,9.489961992702219e-05,650,0.0034163863173727986,True
GaussianBudget75M_LinearMinTime,Trout_2024-CASQF-001240,20240713,10,pyrologix,12,164-82,2024,0.0,0.00566641497425735,0,drone,1,9.489961992702219e-05,4695,0.004555181756497065,True
GaussianBudget75M_LinearMinTime,Turk_2024-CABDF-004555,20240319,10,pyrologix,5,206-88,2024,0.0,0.00549624499399215,1,drone,1,9.489961992702219e-05,2380,0.003985784036934932,True
GaussianBudget75M_LinearMinTime,Turkey_2024-CALPF-001493,20240702,12,pyrologix,11,none,2024,0.0,0.0026109530590474606,-1,undetected,1,9.489961992702219e-05,0,0.0,False
GaussianBudget75M_LinearMinTime,Tv_2024-CATNF-001039,20240803,18,pyrologix,9,77-70,2024,0.0,0.0055153860012069345,0,drone,1,9.489961992702219e-05,3435,0.0037010851771538656,True
GaussianBudget75M_LinearMinTime,Twin_2024-CAPNF-000339,20240531,23,pyrologix,3,73-63,2024,0.0,0.001696034916676581,0,drone,1,9.489961992702219e-05,1165,0.004175583276788976,True
GaussianBudget75M_LinearMinTime,Ullathorne_2024-CASRF-000882,20240914,0,pyrologix,8,26-25,2024,0.0,0.006890357006341219,1,drone,1,9.489961992702219e-05,3770,0.004270482896715999,True
GaussianBudget75M_LinearMinTime,Unattended_2024-CASTF-002156,20240914,18,pyrologix,2,none,2024,0.0,0.0027328249998390675,-1,undetected,1,9.489961992702219e-05,0,0.0,False
GaussianBudget75M_LinearMinTime,Under_2024-CASHF-000423,20240618,23,pyrologix,3,40-22,2024,0.0,0.002802151022478938,0,drone,1,9.489961992702219e-05,1230,0.0040806836568619545,True
GaussianBudget75M_LinearMinTime,Union_2024-CASTF-002004,20240901,23,pyrologix,2,108-64,2024,0.0,0.00602160207927227,1,drone,1,9.489961992702219e-05,1505,0.00389088441700791,True
GaussianBudget75M_LinearMinTime,Union_2024-CATNF-000234,20240321,21,pyrologix,7,79-56,2024,0.0,0.0025613480247557163,0,drone,1,9.489961992702219e-05,2605,0.004460282136570043,True
GaussianBudget75M_LinearMinTime,Upper_2024-CAANF-243923,20241025,9,pyrologix,12,none,2024,0.0,0.0027862590504810214,-1,undetected,1,9.489961992702219e-05,0,0.0,False
GaussianBudget75M_LinearMinTime,Upper_2024-CABDF-014731,20241021,21,pyrologix,3,206-88,2024,0.0,0.003048812970519066,0,drone,1,9.489961992702219e-05,1315,0.0036061855572268433,True
GaussianBudget75M_LinearMinTime,Upper_2024-CATMU-026524,20240916,20,pyrologix,11,none,2024,0.0,0.0025562531081959605,-1,undetected,1,9.489961992702219e-05,0,0.0,False
GaussianBudget75M_LinearMinTime,Utica_2024-CASTF-001848,20240816,17,pyrologix,4,108-64,2024,0.0,0.0032757979352027178,0,drone,1,9.489961992702219e-05,1845,0.004270482896715999,True
GaussianBudget75M_LinearMinTime,Valentine_2024-CAINF-000771,20240612,21,pyrologix,11,none,2024,0.0,0.0025190230226144195,-1,undetected,1,9.489961992702219e-05,0,0.0,False
GaussianBudget75M_LinearMinTime,Valley_2024-CAMDF-000116,20240521,17,pyrologix,8,none,2024,0.0,0.002468894002959132,-1,undetected,1,9.489961992702219e-05,0,0.0,False
GaussianBudget75M_LinearMinTime,Valley_2024-CATMU-016096,20240616,16,pyrologix,12,none,2024,0.0,0.0024888101033866405,-1,undetected,1,9.489961992702219e-05,0,0.0,False
GaussianBudget75M_LinearMinTime,Valley_2024-CATNF-001417,20241002,6,pyrologix,1,84-67,2024,0.0,0.0014798010233789682,0,drone,1,9.489961992702219e-05,450,0.0031316874575917325,True
GaussianBudget75M_LinearMinTime,Van_Sickle_2024-CATMU-010359,20240424,13,pyrologix,9,none,2024,0.0,0.0023962099803611636,-1,undetected,1,9.489961992702219e-05,0,0.0,False
GaussianBudget75M_LinearMinTime,Veronica_2024-CAANF-243913,20241024,16,pyrologix,2,none,2024,0.0,0.002282796078361571,-1,undetected,1,9.489961992702219e-05,0,0.0,False
GaussianBudget75M_LinearMinTime,Viejas_2024-CACNF-001834,20240821,12,pyrologix,8,none,2024,0.0,0.0022486770758405328,-1,undetected,1,9.489961992702219e-05,0,0.0,False
GaussianBudget75M_LinearMinTime,View_2024-CABDF-017150,20241126,23,pyrologix,4,225-101,2024,0.0,0.0027535100234672427,0,drone,1,9.489961992702219e-05,1540,0.004365382516643021,True
GaussianBudget75M_LinearMinTime,View_2024-CACNF-002168,20240918,19,pyrologix,2,none,2024,0.0,0.002214381005614996,-1,undetected,1,9.489961992702219e-05,0,0.0,False
GaussianBudget75M_LinearMinTime,Village_2024-CASRF-000143,20240408,16,pyrologix,8,40-22,2024,0.0,0.002702082972973585,0,drone,1,9.489961992702219e-05,2890,0.004555181756497065,True
GaussianBudget75M_LinearMinTime,Violin_2024-CAANF-244304,20241123,22,pyrologix,9,none,2024,0.0,0.0022146200062707067,-1,undetected,1,9.489961992702219e-05,0,0.0,False
GaussianBudget75M_LinearMinTime,Vista_2024-CAANF-241533,20240530,7,pyrologix,2,none,2024,0.0,0.002667973982170224,-1,undetected,1,9.489961992702219e-05,0,0.0,False
GaussianBudget75M_LinearMinTime,Vista_2024-CABDF-009908,20240707,15,pyrologix,3,206-88,2024,0.0,0.0018191860290244222,0,drone,1,9.489961992702219e-05,1215,0.0036061855572268433,True
GaussianBudget75M_LinearMinTime,Vista_2024-CAPNF-000281,20240520,1,pyrologix,5,73-63,2024,0.0,0.0027268719859421253,0,drone,1,9.489961992702219e-05,1920,0.0046500813764240876,True
GaussianBudget75M_LinearMinTime,Vogel_2024-CAANF-244517,20241212,19,pyrologix,11,none,2024,0.0,0.0025336070684716105,-1,undetected,1,9.489961992702219e-05,0,0.0,False
GaussianBudget75M_LinearMinTime,Volcanoville_2024-CAENF-012090,20240511,21,pyrologix,5,93-54,2024,0.0,0.0023318789899349213,0,drone,1,9.489961992702219e-05,2115,0.003985784036934932,True
GaussianBudget75M_LinearMinTime,Votaw_2024-CAENF-019847,20240715,17,pyrologix,3,105-63,2024,0.0,0.003505069063976407,0,drone,1,9.489961992702219e-05,1460,0.0037010851771538656,True
GaussianBudget75M_LinearMinTime,Warm_2024-CAANF-242190,20240706,12,pyrologix,10,none,2024,0.0,0.0024508810602128506,-1,undetected,1,9.489961992702219e-05,0,0.0,False
GaussianBudget75M_LinearMinTime,Warner_2024-CAMDF-000173,20240610,17,pyrologix,11,none,2024,0.0,0.002341743907891214,-1,undetected,1,9.489961992702219e-05,0,0.0,False
GaussianBudget75M_LinearMinTime,Waterfall_2024-CASRF-000018,20240115,9,pyrologix,5,35-16,2024,0.0,0.010880474001169205,3,drone,1,9.489961992702219e-05,3120,0.0046500813764240876,True
GaussianBudget75M_LinearMinTime,Waterman_2024-CASRF-000591,20240716,23,pyrologix,5,33-23,2024,0.0,0.004998951917514205,0,drone,1,9.489961992702219e-05,1855,0.004555181756497065,True
GaussianBudget75M_LinearMinTime,Waterman_2_2024-CABDF-011489,20240814,13,pyrologix,11,none,2024,0.0,0.002313012955710292,-1,undetected,1,9.489961992702219e-05,0,0.0,False
GaussianBudget75M_LinearMinTime,Waucoba_2024-CAINF-002044,20241111,14,pyrologix,7,none,2024,0.0,0.0024685970274731517,-1,undetected,1,9.489961992702219e-05,0,0.0,False
GaussianBudget75M_LinearMinTime,Weaver_2024-CASQF-002014,20241101,17,pyrologix,8,none,2024,0.0,0.002348557929508388,-1,undetected,1,9.489961992702219e-05,0,0.0,False
GaussianBudget75M_LinearMinTime,Webber_2024-CATNF-000788,20240704,18,pyrologix,10,80-65,2024,0.0,0.012960086925886571,3,drone,1,9.489961992702219e-05,4975,0.0046500813764240876,True
GaussianBudget75M_LinearMinTime,Weeds_2024-CATNF-000824,20240706,7,pyrologix,11,79-56,2024,0.0,0.007477856939658523,1,drone,1,9.489961992702219e-05,4585,0.0046500813764240876,True
GaussianBudget75M_LinearMinTime,Weigh_2024-CABDF-010655,20240726,10,pyrologix,5,206-88,2024,0.0,0.0028585889376699924,0,drone,1,9.489961992702219e-05,2095,0.00389088441700791,True
GaussianBudget75M_LinearMinTime,Weiser_2024-CASTF-001952,20240827,18,pyrologix,3,108-64,2024,0.0,0.005673196981661022,1,drone,1,9.489961992702219e-05,1790,0.004270482896715999,True
GaussianBudget75M_LinearMinTime,West_2024-CALNF-003765,20240704,1,pyrologix,6,65-55,2024,0.0,0.008957213023677468,2,drone,1,9.489961992702219e-05,2985,0.004460282136570043,True
GaussianBudget75M_LinearMinTime,West_2024-CASHF-000756,20240818,22,pyrologix,5,54-26,2024,0.0,0.0024192880373448133,0,drone,1,9.489961992702219e-05,2190,0.00389088441700791,True
GaussianBudget75M_LinearMinTime,West_2024-CASNF-001345,20240827,18,pyrologix,8,140-71,2024,0.0,0.018678624997846782,-1,undetected,1,9.489961992702219e-05,5485,0.004555181756497065,True
GaussianBudget75M_LinearMinTime,Whaleback_E-2_2024-CALNF-004085,20240714,7,pyrologix,9,53-62,2024,0.0,0.004334439989179373,0,drone,1,9.489961992702219e-05,3420,0.004175583276788976,True
GaussianBudget75M_LinearMinTime,Wheeler_2024-CAINF-000885,20240624,19,pyrologix,6,none,2024,0.0,0.002222020993940532,-1,undetected,1,9.489961992702219e-05,0,0.0,False
GaussianBudget75M_LinearMinTime,Wheeler_2024-CASTF-001396,20240715,17,pyrologix,5,108-64,2024,0.0,0.008118645055219531,2,drone,1,9.489961992702219e-05,2925,0.004460282136570043,True
GaussianBudget75M_LinearMinTime,Wheeler_2024-CATNF-001278,20240908,0,pyrologix,7,90-60,2024,0.0,0.018933207960799336,-1,undetected,1,9.489961992702219e-05,5445,0.004460282136570043,True
GaussianBudget75M_LinearMinTime,Whitaker_2024-CAANF-242087,20240703,14,pyrologix,10,none,2024,0.0,0.0022433700505644083,-1,undetected,1,9.489961992702219e-05,0,0.0,False
GaussianBudget75M_LinearMinTime,Whitney_2024-CASHF-000106,20240226,21,pyrologix,2,28-45,2024,0.0,0.004069478018209338,0,drone,1,9.489961992702219e-05,1105,0.0036061855572268433,True
GaussianBudget75M_LinearMinTime,Whitney_2024-CASRF-000393,20240624,11,pyrologix,7,27-19,2024,0.0,0.002417093957774341,0,drone,1,9.489961992702219e-05,2920,0.004460282136570043,True
GaussianBudget75M_LinearMinTime,Wildwood_2024-CAENF-031373,20241105,15,pyrologix,5,98-62,2024,0.0,0.00211328302975744,0,drone,1,9.489961992702219e-05,1910,0.004460282136570043,True
GaussianBudget75M_LinearMinTime,Wildwood_2024-CASHF-000354,20240531,19,pyrologix,1,54-26,2024,0.0,0.01581413601525128,5,drone,1,9.489961992702219e-05,2540,0.004270482896715999,True
GaussianBudget75M_LinearMinTime,Williams_2024-CAANF-243831,20241017,21,pyrologix,6,206-87,2024,0.0,0.0184384030289948,-1,undetected,1,9.489961992702219e-05,1525,0.004270482896715999,True
GaussianBudget75M_LinearMinTime,Willow_2024-CALPF-002515,20241002,21,pyrologix,4,none,2024,0.0,0.0022288609761744738,-1,undetected,1,9.489961992702219e-05,0,0.0,False
GaussianBudget75M_LinearMinTime,Willow_2024-CAMDF-001006,20240925,18,pyrologix,7,none,2024,0.0,0.0021078629652038217,-1,undetected,1,9.489961992702219e-05,0,0.0,False
GaussianBudget75M_LinearMinTime,Willow_2024-CAPNF-001522,20241113,21,pyrologix,8,73-63,2024,0.0,0.002425151993520558,0,drone,1,9.489961992702219e-05,2920,0.0046500813764240876,True
GaussianBudget75M_LinearMinTime,Willow_2024-CASQF-001294,20240717,3,pyrologix,7,174-77,2024,0.0,0.0034040979808196425,0,drone,1,9.489961992702219e-05,2645,0.0046500813764240876,True
GaussianBudget75M_LinearMinTime,Willow_2024-CASRF-000670,20240729,21,pyrologix,6,35-16,2024,0.0,0.002895109006203711,0,drone,1,9.489961992702219e-05,2320,0.0046500813764240876,True
GaussianBudget75M_LinearMinTime,Wilson_2024-CAKNF-005121,20240702,20,pyrologix,4,21-28,2024,0.0,0.002763975993730128,0,drone,1,9.489961992702219e-05,1570,0.004365382516643021,True
GaussianBudget75M_LinearMinTime,Wintun_2024-CASRF-000477,20240706,23,pyrologix,4,47-21,2024,0.0,0.0038879920030012727,0,drone,1,9.489961992702219e-05,1790,0.004555181756497065,True
GaussianBudget75M_LinearMinTime,Woodward_2024-CASQF-000683,20240527,18,pyrologix,12,148-73,2024,0.0,0.019620386068709195,-1,undetected,1,9.489961992702219e-05,1220,0.003511285937299821,True
GaussianBudget75M_LinearMinTime,Works_2024-CAANF-243724,20241009,2,pyrologix,8,none,2024,0.0,0.0019740929128602147,-1,undetected,1,9.489961992702219e-05,0,0.0,False
GaussianBudget75M_LinearMinTime,World_2024-CABDF-006869,20240508,20,pyrologix,7,206-88,2024,0.0,0.004655475961044431,0,drone,1,9.489961992702219e-05,2990,0.004175583276788976,True
GaussianBudget75M_LinearMinTime,Wright_2024-CASRF-000474,20240706,23,pyrologix,3,25-20,2024,0.0,0.0038823820650577545,0,drone,1,9.489961992702219e-05,1525,0.004175583276788976,True
GaussianBudget75M_LinearMinTime,Yacht_2024-CASHF-001049,20241025,15,pyrologix,8,49-41,2024,0.0,0.019155818969011307,-1,undetected,1,9.489961992702219e-05,2765,0.0040806836568619545,True
GaussianBudget75M_LinearMinTime,Yard_2024-CAKNF-005935,20240723,21,pyrologix,8,21-28,2024,0.0,0.0028811010997742414,0,drone,1,9.489961992702219e-05,2880,0.004555181756497065,True
GaussianBudget75M_LinearMinTime,Yellow_2024-CABDF-003193,20240222,14,pyrologix,5,206-88,2024,0.0,0.0055900049628689885,1,drone,1,9.489961992702219e-05,2335,0.00389088441700791,True
GaussianBudget75M_LinearMinTime,York_2024-CAANF-242684,20240728,18,pyrologix,9,206-87,2024,0.0,0.018461592961102724,-1,undetected,1,9.489961992702219e-05,1525,0.004270482896715999,True
GaussianBudget75M_LinearMinTime,Zot_2024-CASHF-000381,20240608,18,pyrologix,1,35-43,2024,0.0,0.016970116063021123,-1,undetected,1,9.489961992702219e-05,2460,0.003985784036934932,True
