strategy_combo,scenario_name,date,sim_start_hour,log_key,offset,cluster,year,routing_compute_seconds,sim_replay_seconds,delta_t,device,fire_size_cells,fire_size_percentage,total_distance_traveled,percentage_map_explored,routed
GaussianBudget75M_MaxCov,1-3_Mccoy_2023-CALMU-003270,20230627,0,pyrologix,1,60-61,2023,0.0,0.004711493995273486,1,drone,1,9.489961992702219e-05,820,0.004365382516643021,True
GaussianBudget75M_MaxCov,3-1_Day_2023-CALMU-004305,20230815,2,pyrologix,2,none,2023,0.0,0.0023329609830398113,-1,undetected,1,9.489961992702219e-05,0,0.0,False
GaussianBudget75M_MaxCov,3-1_Egg_2023-CALMU-003234,20230625,16,pyrologix,2,none,2023,0.0,0.0021271349978633225,-1,undetected,1,9.489961992702219e-05,0,0.0,False
GaussianBudget75M_MaxCov,3-3_2023-CASRF-000976,20230816,19,pyrologix,2,44-14,2023,0.0,0.004103170998860151,0,drone,1,9.489961992702219e-05,1145,0.0046500813764240876,True
GaussianBudget75M_MaxCov,3-4_2023-CAHUU-008052,20230815,15,pyrologix,1,42-15,2023,0.0,0.0024853030045051128,0,drone,1,9.489961992702219e-05,550,0.004175583276788976,True
GaussianBudget75M_MaxCov,3-5_2023-CASRF-000975,20230816,15,pyrologix,9,42-15,2023,0.0,0.006704250990878791,1,drone,1,9.489961992702219e-05,3870,0.0046500813764240876,True
GaussianBudget75M_MaxCov,3-5_Buck_2023-CALMU-004384,20230818,20,pyrologix,7,48-67,2023,0.0,0.006696170981740579,1,drone,1,9.489961992702219e-05,2880,0.0046500813764240876,True
GaussianBudget75M_MaxCov,3-9_2023-CASRF-000972,20230816,4,pyrologix,11,42-15,2023,0.0,0.0064350240281783044,1,drone,1,9.489961992702219e-05,4475,0.0046500813764240876,True
GaussianBudget75M_MaxCov,330_2023-CABDF-011118,20230807,5,pyrologix,7,none,2023,0.0,0.002557554980739951,-1,undetected,1,9.489961992702219e-05,0,0.0,False
GaussianBudget75M_MaxCov,6-1_2023-CATCU-011048,20230820,12,pyrologix,8,118-56,2023,0.0,0.003513009985908866,0,drone,1,9.489961992702219e-05,2850,0.0046500813764240876,True
GaussianBudget75M_MaxCov,6-6_2023-CATCU-012071,20230910,10,pyrologix,6,118-56,2023,0.0,0.007632716005900875,1,drone,1,9.489961992702219e-05,2675,0.0046500813764240876,True
GaussianBudget75M_MaxCov,Abbot_2023-CAKNF-008113,20230917,16,pyrologix,12,28-32,2023,0.0,0.01947291402029805,-1,undetected,1,9.489961992702219e-05,4940,0.0046500813764240876,True
GaussianBudget75M_MaxCov,Adits_2023-CASQF-002240,20231016,20,pyrologix,1,172-74,2023,0.0,0.002042340987827629,0,drone,1,9.489961992702219e-05,495,0.0037010851771538656,True
GaussianBudget75M_MaxCov,Agua_2023-CAANF-232390,20230725,17,pyrologix,8,none,2023,0.0,0.001991222001379356,-1,undetected,1,9.489961992702219e-05,0,0.0,False
GaussianBudget75M_MaxCov,Alder_2023-CAKNF-005006,20230623,11,pyrologix,10,17-30,2023,0.0,0.005730683013098314,1,drone,1,9.489961992702219e-05,4050,0.004555181756497065,True
GaussianBudget75M_MaxCov,Alpine_2023-CABDF-009210,20230628,20,pyrologix,8,none,2023,0.0,0.0019551829900592566,-1,undetected,1,9.489961992702219e-05,0,0.0,False
GaussianBudget75M_MaxCov,Alpine_2023-CASHF-000969,20230814,19,pyrologix,5,35-43,2023,0.0,0.0034028929949272424,0,drone,1,9.489961992702219e-05,1980,0.0046500813764240876,True
GaussianBudget75M_MaxCov,Alpine_2023-CASQF-001708,20230817,13,pyrologix,10,161-79,2023,0.0,0.004300614004023373,0,drone,1,9.489961992702219e-05,3615,0.0046500813764240876,True
GaussianBudget75M_MaxCov,Alray_2023-CABDF-011889,20230828,16,pyrologix,11,206-88,2023,0.0,0.019511377002345398,-1,undetected,1,9.489961992702219e-05,5080,0.004460282136570043,True
GaussianBudget75M_MaxCov,Andrews_2023-CAINF-001994,20231104,10,pyrologix,11,none,2023,0.0,0.00195888799498789,-1,undetected,1,9.489961992702219e-05,0,0.0,False
GaussianBudget75M_MaxCov,Anthony_2023-CAMNF-001204,20230917,20,pyrologix,12,61-19,2023,2413.222611409001,0.007320236007217318,0,drone,1,9.489961992702219e-05,4755,0.0046500813764240876,True
GaussianBudget75M_MaxCov,Antlers_2023-CASHF-000837,20230720,0,pyrologix,1,42-41,2023,0.0,0.0020168960036244243,0,drone,1,9.489961992702219e-05,490,0.00389088441700791,True
GaussianBudget75M_MaxCov,Arnica_2023-CAMDF-000853,20230903,13,pyrologix,11,none,2023,0.0,0.002032802003668621,-1,undetected,1,9.489961992702219e-05,0,0.0,False
GaussianBudget75M_MaxCov,Ash_2023-CASHF-000681,20230626,19,pyrologix,7,34-50,2023,0.0,0.006544828007463366,1,drone,1,9.489961992702219e-05,2850,0.0046500813764240876,True
GaussianBudget75M_MaxCov,Aspen_2023-CAENF-022284,20230814,17,pyrologix,9,98-62,2023,0.0,0.007899695017840713,1,drone,1,9.489961992702219e-05,3585,0.0046500813764240876,True
GaussianBudget75M_MaxCov,Aspen_2023-CASTF-001532,20230813,10,pyrologix,10,115-63,2023,0.0,0.0040000780136324465,0,drone,1,9.489961992702219e-05,3515,0.0046500813764240876,True
GaussianBudget75M_MaxCov,Aubrey_2023-CAKNF-004323,20230604,3,pyrologix,5,16-26,2023,0.0,0.0038079619989730418,0,drone,1,9.489961992702219e-05,2185,0.004555181756497065,True
GaussianBudget75M_MaxCov,Austin_2023-CATNF-000568,20230602,15,pyrologix,7,80-58,2023,0.0,0.0053771749953739345,1,drone,1,9.489961992702219e-05,2920,0.0046500813764240876,True
GaussianBudget75M_MaxCov,Avenales_2023-CALPF-002880,20231012,12,pyrologix,12,none,2023,0.0,0.004824709991225973,-1,undetected,1,9.489961992702219e-05,0,0.0,False
GaussianBudget75M_MaxCov,Backwards_2023-CASTF-000818,20230606,21,pyrologix,9,118-64,2023,0.0,0.005377807014156133,0,drone,1,9.489961992702219e-05,3305,0.0046500813764240876,True
GaussianBudget75M_MaxCov,Badenaugh_2023-CATNF-000609,20230605,23,pyrologix,4,77-70,2023,0.0,0.00276305599254556,0,drone,1,9.489961992702219e-05,1610,0.003985784036934932,True
GaussianBudget75M_MaxCov,Baily_2023-CASQF-000609,20230523,17,pyrologix,7,146-69,2023,2171.7231982240046,0.017630165006266907,0,drone,1,9.489961992702219e-05,2795,0.004270482896715999,True
GaussianBudget75M_MaxCov,Baker_2023-CASTF-001946,20230910,16,pyrologix,4,none,2023,0.0,0.0019586549897212535,-1,undetected,1,9.489961992702219e-05,0,0.0,False
GaussianBudget75M_MaxCov,Baker_2023-CATNF-000321,20230421,14,pyrologix,11,76-51,2023,0.0,0.005502742016687989,0,drone,1,9.489961992702219e-05,5010,0.0046500813764240876,True
GaussianBudget75M_MaxCov,Bald_2023-CASHF-000982,20230815,17,pyrologix,4,41-47,2023,0.0,0.002635279990499839,0,drone,1,9.489961992702219e-05,1525,0.0046500813764240876,True
GaussianBudget75M_MaxCov,Bald_2023-CATNF-001280,20230815,13,pyrologix,9,80-65,2023,0.0,0.004857829015236348,0,drone,1,9.489961992702219e-05,3440,0.0046500813764240876,True
GaussianBudget75M_MaxCov,Baldy_2023-CABDF-011408,20230813,20,pyrologix,1,225-101,2023,0.0,0.0075821020000148565,2,drone,1,9.489961992702219e-05,1105,0.004175583276788976,True
GaussianBudget75M_MaxCov,Ball_2023-CAKNF-007178,20230821,19,pyrologix,12,21-49,2023,0.0,0.004064331005793065,0,drone,1,9.489961992702219e-05,4070,0.003795984797080888,True
GaussianBudget75M_MaxCov,Ballarat_2023-CAAEU-023137,20230822,21,pyrologix,4,93-54,2023,0.0,0.0030567540088668466,0,drone,1,9.489961992702219e-05,1430,0.0046500813764240876,True
GaussianBudget75M_MaxCov,Ballarat_2023-CAENF-023155,20230822,21,pyrologix,4,93-54,2023,0.0,0.0029721730097662657,0,drone,1,9.489961992702219e-05,1430,0.0046500813764240876,True
GaussianBudget75M_MaxCov,Bar_2023-CASRF-000078,20230203,2,pyrologix,8,27-19,2023,0.0,0.005542681989027187,1,drone,1,9.489961992702219e-05,3060,0.0046500813764240876,True
GaussianBudget75M_MaxCov,Bar_2023-CASTF-001950,20230910,12,pyrologix,12,111-57,2023,0.0,0.0038470930012408644,0,drone,1,9.489961992702219e-05,4285,0.0046500813764240876,True
GaussianBudget75M_MaxCov,Barker_2023-CATNF-001310,20230818,21,pyrologix,4,none,2023,0.0,0.0020110860059503466,-1,undetected,1,9.489961992702219e-05,0,0.0,False
GaussianBudget75M_MaxCov,Barn_2023-CASTF-001984,20230912,18,pyrologix,9,108-64,2023,0.0,0.008339366992004216,2,drone,1,9.489961992702219e-05,3860,0.0046500813764240876,True
GaussianBudget75M_MaxCov,Barn_2023-CATCU-007129,20230602,16,pyrologix,11,115-63,2023,0.0,0.00554079600260593,0,drone,1,9.489961992702219e-05,4005,0.0046500813764240876,True
GaussianBudget75M_MaxCov,Barrett_2023-CAANF-233601,20231030,1,pyrologix,11,206-87,2023,0.0,0.0032701760064810514,0,drone,1,9.489961992702219e-05,3695,0.004555181756497065,True
GaussianBudget75M_MaxCov,Barton_2023-CABDF-007889,20230530,16,pyrologix,1,none,2023,0.0,0.002134906011633575,-1,undetected,1,9.489961992702219e-05,0,0.0,False
GaussianBudget75M_MaxCov,Basin_2023-CASRF-001038,20230823,15,pyrologix,11,54-19,2023,0.0,0.0035178950056433678,0,drone,1,9.489961992702219e-05,3650,0.0046500813764240876,True
GaussianBudget75M_MaxCov,Bass_2023-CAMMU-026739,20231129,17,pyrologix,6,135-68,2023,0.0,0.0025649160088505596,0,drone,1,9.489961992702219e-05,1930,0.004460282136570043,True
GaussianBudget75M_MaxCov,Battle_2023-CALNF-005206,20230923,19,pyrologix,3,51-53,2023,0.0,0.006941346975509077,1,drone,1,9.489961992702219e-05,1735,0.0046500813764240876,True
GaussianBudget75M_MaxCov,Battle_2023-CAMDF-000290,20230627,13,pyrologix,10,none,2023,0.0,0.002251294004963711,-1,undetected,1,9.489961992702219e-05,0,0.0,False
GaussianBudget75M_MaxCov,Baxter_2023-CATCU-016553,20231217,13,pyrologix,12,111-57,2023,0.0,0.004349558992544189,0,drone,1,9.489961992702219e-05,4340,0.0046500813764240876,True
GaussianBudget75M_MaxCov,Beach_2023-CAINF-000389,20230430,2,pyrologix,6,none,2023,0.0,0.0022001299948897213,-1,undetected,1,9.489961992702219e-05,0,0.0,False
GaussianBudget75M_MaxCov,Bean_2023-CASHF-000582,20230613,0,pyrologix,6,54-26,2023,0.0,0.004685367021011189,0,drone,1,9.489961992702219e-05,2575,0.0046500813764240876,True
GaussianBudget75M_MaxCov,Bear_2023-CAANF-002607,20230807,19,pyrologix,6,none,2023,0.0,0.002099586999975145,-1,undetected,1,9.489961992702219e-05,0,0.0,False
GaussianBudget75M_MaxCov,Bear_2023-CACNF-002771,20231011,14,pyrologix,8,none,2023,0.0,0.0020733709970954806,-1,undetected,1,9.489961992702219e-05,0,0.0,False
GaussianBudget75M_MaxCov,Bear_2023-CAENF-020118,20230724,18,pyrologix,12,105-63,2023,0.0,0.00349542498588562,0,drone,1,9.489961992702219e-05,4335,0.0046500813764240876,True
GaussianBudget75M_MaxCov,Bear_2023-CAENF-025998,20230921,12,pyrologix,9,105-63,2023,0.0,0.0026976640219800174,0,drone,1,9.489961992702219e-05,3270,0.0046500813764240876,True
GaussianBudget75M_MaxCov,Bear_2023-CAKNF-004811,20230617,19,pyrologix,8,28-32,2023,0.0,0.005152578989509493,0,drone,1,9.489961992702219e-05,3405,0.0046500813764240876,True
GaussianBudget75M_MaxCov,Bear_2023-CASHF-000664,20230625,16,pyrologix,5,40-29,2023,0.0,0.0023435399925801903,0,drone,1,9.489961992702219e-05,1835,0.0046500813764240876,True
GaussianBudget75M_MaxCov,Bear_2023-CASTF-001093,20230703,11,pyrologix,8,108-64,2023,0.0,0.002504125004634261,0,drone,1,9.489961992702219e-05,2860,0.004555181756497065,True
GaussianBudget75M_MaxCov,Beard_2023-CASTF-001777,20230830,13,pyrologix,5,108-64,2023,0.0,0.010575213003903627,3,drone,1,9.489961992702219e-05,2910,0.004555181756497065,True
GaussianBudget75M_MaxCov,Beckwourth_2023-CAPNF-001324,20230914,6,pyrologix,7,73-63,2023,0.0,0.007236834004288539,1,drone,1,9.489961992702219e-05,3080,0.004555181756497065,True
GaussianBudget75M_MaxCov,Beeler_2023-CAMDF-000215,20230606,15,pyrologix,5,37-64,2023,0.0,0.0035159540129825473,0,drone,1,9.489961992702219e-05,2010,0.004555181756497065,True
GaussianBudget75M_MaxCov,Belden_2023-CAPNF-000783,20230723,10,pyrologix,10,69-50,2023,0.0,0.005209408991504461,0,drone,1,9.489961992702219e-05,4080,0.0046500813764240876,True
GaussianBudget75M_MaxCov,Bell_2023-CASTF-001536,20230813,17,pyrologix,1,115-63,2023,0.0,0.006748095998773351,1,drone,1,9.489961992702219e-05,1000,0.004270482896715999,True
GaussianBudget75M_MaxCov,Belle_2023-CAKNF-005208,20230628,0,pyrologix,3,33-29,2023,0.0,0.004623082000762224,1,drone,1,9.489961992702219e-05,1640,0.004555181756497065,True
GaussianBudget75M_MaxCov,Bennett_2023-CASTF-001602,20230816,20,pyrologix,7,none,2023,0.0,0.0019606190035119653,-1,undetected,1,9.489961992702219e-05,0,0.0,False
GaussianBudget75M_MaxCov,Berg_2023-CAPNF-000600,20230627,21,pyrologix,9,72-57,2023,0.0,0.004282025009160861,0,drone,1,9.489961992702219e-05,3465,0.0046500813764240876,True
GaussianBudget75M_MaxCov,Berry_2023-CAKNF-006953,20230815,13,pyrologix,5,21-28,2023,0.0,0.0028110750135965645,0,drone,1,9.489961992702219e-05,1920,0.0046500813764240876,True
GaussianBudget75M_MaxCov,Berry_2023-CASRF-000641,20230704,18,pyrologix,6,35-16,2023,0.0,0.007062409014906734,1,drone,1,9.489961992702219e-05,2880,0.0046500813764240876,True
GaussianBudget75M_MaxCov,Bert_2023-CAANF-233335,20231003,22,pyrologix,4,none,2023,0.0,0.0020401760120876133,-1,undetected,1,9.489961992702219e-05,0,0.0,False
GaussianBudget75M_MaxCov,Bert_2023-CALAC-339062,20231003,18,pyrologix,10,none,2023,0.0,0.0020074650237802416,-1,undetected,1,9.489961992702219e-05,0,0.0,False
GaussianBudget75M_MaxCov,Betts_2023-CASRF-000949,20230815,16,pyrologix,3,54-19,2023,0.0,0.005892918998142704,1,drone,1,9.489961992702219e-05,1485,0.004460282136570043,True
GaussianBudget75M_MaxCov,Big_2023-CATNF-001293,20230816,1,pyrologix,5,87-59,2023,0.0,0.0024309139989782125,0,drone,1,9.489961992702219e-05,1760,0.0046500813764240876,True
GaussianBudget75M_MaxCov,Bigfoot_2023-CASRF-001084,20230830,20,pyrologix,9,27-19,2023,0.0,0.003998344007413834,0,drone,1,9.489961992702219e-05,3220,0.0046500813764240876,True
GaussianBudget75M_MaxCov,Birdie_2023-CASHF-001077,20230825,19,pyrologix,2,40-22,2023,0.0,0.005631082982290536,1,drone,1,9.489961992702219e-05,1340,0.0046500813764240876,True
GaussianBudget75M_MaxCov,Black_2023-CATMU-019832,20230720,15,pyrologix,11,none,2023,0.0,0.0019547389820218086,-1,undetected,1,9.489961992702219e-05,0,0.0,False
GaussianBudget75M_MaxCov,Blackhawk_2023-CAPNF-001014,20230817,20,pyrologix,12,72-57,2023,0.0,0.020631452003726736,-1,undetected,1,9.489961992702219e-05,4560,0.0046500813764240876,True
GaussianBudget75M_MaxCov,Blacksprings_2023-CASTF-001868,20230906,11,pyrologix,7,108-64,2023,0.0,0.003935874003218487,0,drone,1,9.489961992702219e-05,2610,0.004555181756497065,True
GaussianBudget75M_MaxCov,Blackwood_2023-CATMU-017918,20230703,19,pyrologix,2,none,2023,0.0,0.002046748995780945,-1,undetected,1,9.489961992702219e-05,0,0.0,False
GaussianBudget75M_MaxCov,Blake_2023-CASRF-000529,20230614,17,pyrologix,9,42-15,2023,0.0,0.006741630000760779,1,drone,1,9.489961992702219e-05,3870,0.0046500813764240876,True
GaussianBudget75M_MaxCov,Blakes_2023-CAKNF-005203,20230628,20,pyrologix,11,33-29,2023,0.0,0.004724785016151145,0,drone,1,9.489961992702219e-05,4305,0.0046500813764240876,True
GaussianBudget75M_MaxCov,Blands_2023-CAMNF-001263,20230923,19,pyrologix,9,61-19,2023,0.0,0.004452526016393676,0,drone,1,9.489961992702219e-05,3780,0.0046500813764240876,True
GaussianBudget75M_MaxCov,Block_2023-CAKNF-007032,20230816,20,pyrologix,4,24-35,2023,0.0,0.005216971010668203,1,drone,1,9.489961992702219e-05,2075,0.0046500813764240876,True
GaussianBudget75M_MaxCov,Blue_2023-CAKNF-004495,20230608,17,pyrologix,9,28-45,2023,0.0,0.019408413994824514,-1,undetected,1,9.489961992702219e-05,4430,0.0046500813764240876,True
GaussianBudget75M_MaxCov,Blue_2023-CAMNF-000497,20230626,21,pyrologix,9,61-26,2023,0.0,0.010684342007152736,1,drone,1,9.489961992702219e-05,4155,0.0046500813764240876,True
GaussianBudget75M_MaxCov,Blue_2023-CAPNF-001040,20230817,21,pyrologix,4,72-57,2023,0.0,0.0023359129845630378,0,drone,1,9.489961992702219e-05,1460,0.0046500813764240876,True
GaussianBudget75M_MaxCov,Blue_2023-CASHF-000550,20230607,0,pyrologix,3,40-29,2023,0.0,0.003104574017925188,0,drone,1,9.489961992702219e-05,1285,0.004555181756497065,True
GaussianBudget75M_MaxCov,Blue_Creek_2_2023-CASRF-000961,20230815,17,pyrologix,7,23-23,2023,0.0,0.006533995008794591,1,drone,1,9.489961992702219e-05,2950,0.0046500813764240876,True
GaussianBudget75M_MaxCov,Blue_Jay_2023-CAKNF-009055,20231017,15,pyrologix,11,18-37,2023,0.0,0.0058551520050968975,1,drone,1,9.489961992702219e-05,4395,0.0040806836568619545,True
GaussianBudget75M_MaxCov,Bluff_2023-CAHUU-008538,20230829,6,pyrologix,4,27-19,2023,0.0,0.003667336015496403,0,drone,1,9.489961992702219e-05,1535,0.004555181756497065,True
GaussianBudget75M_MaxCov,Bluff__1_2023-CASRF-000957,20230815,15,pyrologix,10,23-23,2023,0.0,0.0028994129970669746,0,drone,1,9.489961992702219e-05,3435,0.0046500813764240876,True
GaussianBudget75M_MaxCov,Board_2023-CABDF-008676,20230617,15,pyrologix,3,206-87,2023,0.0,0.00662685401039198,1,drone,1,9.489961992702219e-05,1575,0.004555181756497065,True
GaussianBudget75M_MaxCov,Boardman_2023-CASKU-005105,20230625,19,pyrologix,9,24-35,2023,0.0,0.007639325980562717,1,drone,1,9.489961992702219e-05,4005,0.0046500813764240876,True
GaussianBudget75M_MaxCov,Boca_2023-CATNF-000400,20230512,23,pyrologix,7,84-67,2023,0.0,0.007864596002036706,1,drone,1,9.489961992702219e-05,2995,0.0046500813764240876,True
GaussianBudget75M_MaxCov,Bolam_2023-CASHF-000752,20230706,2,pyrologix,2,28-45,2023,0.0,0.003545511979609728,0,drone,1,9.489961992702219e-05,955,0.004175583276788976,True
GaussianBudget75M_MaxCov,Boles_2023-CAMDF-000553,20230817,19,pyrologix,8,none,2023,0.0,0.002835544990375638,-1,undetected,1,9.489961992702219e-05,0,0.0,False
GaussianBudget75M_MaxCov,Bon_2023-CAANF-233675,20231106,0,pyrologix,3,none,2023,0.0,0.0020053019979968667,-1,undetected,1,9.489961992702219e-05,0,0.0,False
GaussianBudget75M_MaxCov,Bone_2023-CASHF-001075,20230825,18,pyrologix,3,47-21,2023,0.0,0.0021825130097568035,0,drone,1,9.489961992702219e-05,1185,0.004460282136570043,True
GaussianBudget75M_MaxCov,Bone_2023-CASTF-000896,20230616,19,pyrologix,10,115-63,2023,0.0,0.0033045710006263107,0,drone,1,9.489961992702219e-05,3475,0.0046500813764240876,True
GaussianBudget75M_MaxCov,Bonetti_2023-CAENF-020947,20230801,0,pyrologix,1,97-60,2023,0.0,0.00961794500472024,3,drone,1,9.489961992702219e-05,1265,0.004365382516643021,True
GaussianBudget75M_MaxCov,Bonfire_2023-CAANF-233475,20231016,20,pyrologix,8,none,2023,0.0,0.002656372991623357,-1,undetected,1,9.489961992702219e-05,0,0.0,False
GaussianBudget75M_MaxCov,Bonita_2023-CABDF-006537,20230426,20,pyrologix,7,206-87,2023,0.0,0.0041409390105400234,0,drone,1,9.489961992702219e-05,2545,0.004555181756497065,True
GaussianBudget75M_MaxCov,Bordy_2023-CASHF-000559,20230608,21,pyrologix,6,40-22,2023,0.0,0.007129617995815352,1,drone,1,9.489961992702219e-05,2850,0.0046500813764240876,True
GaussianBudget75M_MaxCov,Boulder_2023-CAKNF-006939,20230815,9,pyrologix,9,24-35,2023,0.0,0.003442130982875824,0,drone,1,9.489961992702219e-05,3425,0.0046500813764240876,True
GaussianBudget75M_MaxCov,Boulder_2023-CAPNF-000491,20230614,15,pyrologix,6,63-64,2023,0.0,0.004876652004895732,0,drone,1,9.489961992702219e-05,2595,0.0046500813764240876,True
GaussianBudget75M_MaxCov,Boundary_2023-CAINF-001798,20230930,12,pyrologix,10,none,2023,0.0,0.0019621970131993294,-1,undetected,1,9.489961992702219e-05,0,0.0,False
GaussianBudget75M_MaxCov,Bourland_2023-CASTF-001609,20230817,15,pyrologix,2,115-63,2023,0.0,0.0063269989914260805,1,drone,1,9.489961992702219e-05,1290,0.0046500813764240876,True
GaussianBudget75M_MaxCov,Bowl_2023-CABDF-010494,20230723,14,pyrologix,6,none,2023,0.0,0.0019446509832050651,-1,undetected,1,9.489961992702219e-05,0,0.0,False
GaussianBudget75M_MaxCov,Bowman_2023-CATNF-000552,20230601,21,pyrologix,8,87-59,2023,0.0,0.0031928090029396117,0,drone,1,9.489961992702219e-05,2830,0.0046500813764240876,True
GaussianBudget75M_MaxCov,Box_2023-CAKNF-007204,20230821,16,pyrologix,4,21-28,2023,0.0,0.005366425000829622,1,drone,1,9.489961992702219e-05,1920,0.0046500813764240876,True
GaussianBudget75M_MaxCov,Branch_2023-CASHU-004916,20230513,21,pyrologix,4,40-29,2023,0.0,0.0037274089991115034,0,drone,1,9.489961992702219e-05,1665,0.0046500813764240876,True
GaussianBudget75M_MaxCov,Bridge_2023-CASNF-001041,20230809,10,pyrologix,8,128-67,2023,0.0,0.01046322300680913,2,drone,1,9.489961992702219e-05,4230,0.0046500813764240876,True
GaussianBudget75M_MaxCov,Bridge_2023-CASRF-000653,20230705,3,pyrologix,4,26-25,2023,0.0,0.002051907009445131,0,drone,1,9.489961992702219e-05,1685,0.0046500813764240876,True
GaussianBudget75M_MaxCov,Brown_2023-CAKNF-006999,20230816,23,pyrologix,9,21-28,2023,0.0,0.003005220991326496,0,drone,1,9.489961992702219e-05,3370,0.0046500813764240876,True
GaussianBudget75M_MaxCov,Browns_2023-CAKNF-007321,20230825,3,pyrologix,4,33-29,2023,0.0,0.00203184800921008,0,drone,1,9.489961992702219e-05,1640,0.004555181756497065,True
GaussianBudget75M_MaxCov,Brushy_2023-CASHF-000579,20230612,23,pyrologix,1,40-22,2023,0.0,0.001922981027746573,0,drone,1,9.489961992702219e-05,485,0.003795984797080888,True
GaussianBudget75M_MaxCov,Bryant_2023-CABDF-001218,20230125,0,pyrologix,3,none,2023,0.0,0.0021368289890233427,-1,undetected,1,9.489961992702219e-05,0,0.0,False
GaussianBudget75M_MaxCov,Buck_2023-CAKNF-005054,20230624,20,pyrologix,1,16-26,2023,0.0,0.005179373983992264,1,drone,1,9.489961992702219e-05,895,0.004270482896715999,True
GaussianBudget75M_MaxCov,Buck_2023-CASTF-001902,20230909,18,pyrologix,5,118-64,2023,0.0,0.002341587998671457,0,drone,1,9.489961992702219e-05,1690,0.004555181756497065,True
GaussianBudget75M_MaxCov,Buckeye_2023-CASHF-000895,20230729,19,pyrologix,9,35-36,2023,0.0,0.005889656982617453,1,drone,1,9.489961992702219e-05,3470,0.0046500813764240876,True
GaussianBudget75M_MaxCov,Buckeye_2023-CATNF-000550,20230531,19,pyrologix,8,86-54,2023,0.0,0.0065689779876265675,0,drone,1,9.489961992702219e-05,2980,0.0046500813764240876,True
GaussianBudget75M_MaxCov,Bule_2023-CASHF-000872,20230725,14,pyrologix,1,47-21,2023,0.0,0.00211510801455006,0,drone,1,9.489961992702219e-05,500,0.0031316874575917325,True
GaussianBudget75M_MaxCov,Bull_2023-CASNF-001025,20230806,19,pyrologix,7,128-67,2023,0.0,0.007430995989125222,1,drone,1,9.489961992702219e-05,3485,0.0046500813764240876,True
GaussianBudget75M_MaxCov,Bull_2023-CASRF-000796,20230726,18,pyrologix,3,26-25,2023,0.0,0.0045941419957671314,0,drone,1,9.489961992702219e-05,1625,0.0046500813764240876,True
GaussianBudget75M_MaxCov,Bumblebee_2023-CAKNF-004487,20230608,16,pyrologix,4,21-42,2023,0.0,0.004879185988102108,1,drone,1,9.489961992702219e-05,1760,0.0046500813764240876,True
GaussianBudget75M_MaxCov,Bunny_2023-CASHF-000871,20230725,9,pyrologix,11,35-43,2023,0.0,0.0034322779974900186,0,drone,1,9.489961992702219e-05,3950,0.0046500813764240876,True
GaussianBudget75M_MaxCov,Burger_2023-CAINF-001346,20230815,12,pyrologix,1,none,2023,0.0,0.0020058020018041134,-1,undetected,1,9.489961992702219e-05,0,0.0,False
GaussianBudget75M_MaxCov,Burgson_2023-CASTF-001632,20230818,21,pyrologix,4,108-64,2023,0.0,0.003891736996592954,0,drone,1,9.489961992702219e-05,1705,0.004460282136570043,True
GaussianBudget75M_MaxCov,Burma_2023-CAENF-015601,20230611,20,pyrologix,7,90-60,2023,0.0,0.002825646981364116,0,drone,1,9.489961992702219e-05,2640,0.0046500813764240876,True
GaussianBudget75M_MaxCov,Burner_2023-CASRF-000752,20230719,0,pyrologix,10,44-14,2023,0.0,0.002925595996202901,0,drone,1,9.489961992702219e-05,3760,0.0046500813764240876,True
GaussianBudget75M_MaxCov,Burney_2023-CAKNF-004138,20230529,15,pyrologix,9,21-28,2023,0.0,0.0057294889993499964,1,drone,1,9.489961992702219e-05,3765,0.0046500813764240876,True
GaussianBudget75M_MaxCov,Burst_2023-CASTF-001673,20230820,15,pyrologix,9,115-63,2023,0.0,0.004458429000806063,0,drone,1,9.489961992702219e-05,3250,0.0046500813764240876,True
GaussianBudget75M_MaxCov,Bush_2023-CACNF-001967,20230729,18,pyrologix,3,none,2023,0.0,0.0019682679849211127,-1,undetected,1,9.489961992702219e-05,0,0.0,False
GaussianBudget75M_MaxCov,Buster_2023-CAKNF-009059,20231017,22,pyrologix,1,21-42,2023,0.0,0.004954944015480578,1,drone,1,9.489961992702219e-05,775,0.004270482896715999,True
GaussianBudget75M_MaxCov,Butte_2023-CAMDF-000207,20230601,20,pyrologix,6,none,2023,0.0,0.002020428975811228,-1,undetected,1,9.489961992702219e-05,0,0.0,False
GaussianBudget75M_MaxCov,Butter_2023-CAPNF-000397,20230603,21,pyrologix,4,65-55,2023,0.0,0.0029318250017240644,0,drone,1,9.489961992702219e-05,1505,0.004460282136570043,True
GaussianBudget75M_MaxCov,Calpine_2023-CATNF-000815,20230625,21,pyrologix,6,80-65,2023,0.0,0.0050670440250542015,0,drone,1,9.489961992702219e-05,2445,0.0046500813764240876,True
GaussianBudget75M_MaxCov,Camp_2023-CAANF-233354,20231006,20,pyrologix,12,none,2023,0.0,0.0019806339987553656,-1,undetected,1,9.489961992702219e-05,0,0.0,False
GaussianBudget75M_MaxCov,Campbell_2023-CASHF-000553,20230607,21,pyrologix,2,42-41,2023,0.0,0.0023590700002387166,0,drone,1,9.489961992702219e-05,815,0.004555181756497065,True
GaussianBudget75M_MaxCov,Cantilles_2023-CAANF-001169,20230511,21,pyrologix,8,none,2023,0.0,0.001971695019165054,-1,undetected,1,9.489961992702219e-05,0,0.0,False
GaussianBudget75M_MaxCov,Canyon_2023-CAKNF-007002,20230816,1,pyrologix,5,23-23,2023,0.0,0.0026090299943462014,0,drone,1,9.489961992702219e-05,1865,0.0046500813764240876,True
GaussianBudget75M_MaxCov,Cap_2023-CASRF-000281,20230425,21,pyrologix,6,26-25,2023,0.0,0.0034434410044923425,0,drone,1,9.489961992702219e-05,2575,0.0046500813764240876,True
GaussianBudget75M_MaxCov,Capitan_2023-CAKNF-007203,20230821,13,pyrologix,8,16-26,2023,0.0,0.0070406069862656295,1,drone,1,9.489961992702219e-05,3620,0.004555181756497065,True
GaussianBudget75M_MaxCov,Car_2023-CABDF-010788,20230730,19,pyrologix,2,206-87,2023,0.0,0.0039041159907355905,0,drone,1,9.489961992702219e-05,1010,0.004555181756497065,True
GaussianBudget75M_MaxCov,Caraway_2023-CASHF-001104,20230828,23,pyrologix,1,33-23,2023,0.0,0.002860423002857715,0,drone,1,9.489961992702219e-05,565,0.004175583276788976,True
GaussianBudget75M_MaxCov,Caribou_2023-CABDF-010960,20230804,18,pyrologix,5,none,2023,0.0,0.0020340110058896244,-1,undetected,1,9.489961992702219e-05,0,0.0,False
GaussianBudget75M_MaxCov,Caribou_2023-CABDU-010728,20230804,20,pyrologix,1,none,2023,0.0,0.0019798300054389983,-1,undetected,1,9.489961992702219e-05,0,0.0,False
GaussianBudget75M_MaxCov,Carman_2023-CATNF-000660,20230611,23,pyrologix,3,80-65,2023,0.0,0.0054061310074757785,1,drone,1,9.489961992702219e-05,1520,0.004460282136570043,True
GaussianBudget75M_MaxCov,Carpenter_2023-CAMNF-000448,20230613,20,pyrologix,4,68-22,2023,2397.907187545992,0.00471185299102217,0,drone,1,9.489961992702219e-05,1670,0.0046500813764240876,True
GaussianBudget75M_MaxCov,Carson_2023-CAENF-022008,20230811,19,pyrologix,9,98-62,2023,0.0,0.008647367008961737,2,drone,1,9.489961992702219e-05,3670,0.0046500813764240876,True
GaussianBudget75M_MaxCov,Castle_2023-CABDF-009613,20230705,8,pyrologix,11,none,2023,0.0,0.0019964090024586767,-1,undetected,1,9.489961992702219e-05,0,0.0,False
GaussianBudget75M_MaxCov,Castle_2023-CASHF-000876,20230725,15,pyrologix,11,35-43,2023,0.0,0.010191181994741783,2,drone,1,9.489961992702219e-05,4725,0.0046500813764240876,True
GaussianBudget75M_MaxCov,Cathederal_2023-CATMU-031777,20231120,12,pyrologix,10,none,2023,0.0,0.0020964860159438103,-1,undetected,1,9.489961992702219e-05,0,0.0,False
GaussianBudget75M_MaxCov,Cedar_2023-CABDF-009605,20230705,1,pyrologix,9,none,2023,0.0,0.0021265939867589623,-1,undetected,1,9.489961992702219e-05,0,0.0,False
GaussianBudget75M_MaxCov,Cedar_2023-CAKNF-004741,20230615,14,pyrologix,10,25-54,2023,0.0,0.00387994697666727,0,drone,1,9.489961992702219e-05,3420,0.0046500813764240876,True
GaussianBudget75M_MaxCov,Cedar_2023-CASRF-000964,20230815,23,pyrologix,1,none,2023,0.0,0.0021124779887031764,-1,undetected,1,9.489961992702219e-05,0,0.0,False
GaussianBudget75M_MaxCov,Centola_2023-CABDF-008859,20230621,16,pyrologix,8,206-88,2023,0.0,0.0035927970020566136,0,drone,1,9.489961992702219e-05,3155,0.004460282136570043,True
GaussianBudget75M_MaxCov,Chain_2023-CASNF-001096,20230816,21,pyrologix,7,none,2023,0.0,0.003571972978534177,-1,undetected,1,9.489961992702219e-05,0,0.0,False
GaussianBudget75M_MaxCov,Chandler_2023-CAPNF-000407,20230605,20,pyrologix,7,72-57,2023,0.0,0.007232295989524573,1,drone,1,9.489961992702219e-05,3175,0.0046500813764240876,True
GaussianBudget75M_MaxCov,Chantry_2023-CAANF-231944,20230702,19,pyrologix,6,none,2023,0.0,0.002037575002759695,-1,undetected,1,9.489961992702219e-05,0,0.0,False
GaussianBudget75M_MaxCov,Cherry_2023-CASTF-001914,20230909,19,pyrologix,7,118-64,2023,0.0,0.00334908498916775,0,drone,1,9.489961992702219e-05,2505,0.0046500813764240876,True
GaussianBudget75M_MaxCov,Chester_2023-CALPF-002951,20231020,22,pyrologix,2,none,2023,0.0,0.0020827630069106817,-1,undetected,1,9.489961992702219e-05,0,0.0,False
GaussianBudget75M_MaxCov,Chief_2023-CATNF-001426,20230905,15,pyrologix,5,87-59,2023,0.0,0.002713473979383707,0,drone,1,9.489961992702219e-05,1825,0.0046500813764240876,True
GaussianBudget75M_MaxCov,Chilcoot_2023-CAPNF-001372,20230918,19,pyrologix,9,77-70,2023,0.0,0.004639736987883225,0,drone,1,9.489961992702219e-05,3645,0.003985784036934932,True
GaussianBudget75M_MaxCov,China_2023-CASHF-001073,20230825,23,pyrologix,8,40-22,2023,0.0,0.0027435930096544325,0,drone,1,9.489961992702219e-05,3025,0.0046500813764240876,True
GaussianBudget75M_MaxCov,Christy_2023-CALMU-002809,20230606,12,pyrologix,7,60-61,2023,0.0,0.004908191011054441,0,drone,1,9.489961992702219e-05,2925,0.0046500813764240876,True
GaussianBudget75M_MaxCov,Christy_2023-CALNF-002809,20230606,11,pyrologix,10,53-62,2023,0.0,0.005920821975450963,0,drone,1,9.489961992702219e-05,4325,0.0046500813764240876,True
GaussianBudget75M_MaxCov,Cienaga_2023-CABDF-012339,20230915,0,pyrologix,2,none,2023,0.0,0.0021052770025562495,-1,undetected,1,9.489961992702219e-05,0,0.0,False
GaussianBudget75M_MaxCov,Claim_2023-CASTF-001955,20230910,18,pyrologix,7,118-64,2023,0.0,0.0029557259986177087,0,drone,1,9.489961992702219e-05,2455,0.0046500813764240876,True
GaussianBudget75M_MaxCov,Claire_2023-CAKNF-005153,20230626,20,pyrologix,3,33-29,2023,0.0,0.0030463339935522527,0,drone,1,9.489961992702219e-05,1425,0.004460282136570043,True
GaussianBudget75M_MaxCov,Clear_2023-CAKNF-007163,20230820,15,pyrologix,1,26-25,2023,0.0,0.0019785079930443317,0,drone,1,9.489961992702219e-05,560,0.003985784036934932,True
GaussianBudget75M_MaxCov,Clear_2023-CASRF-001065,20230825,20,pyrologix,2,16-26,2023,0.0,0.0019312369986437261,0,drone,1,9.489961992702219e-05,855,0.004270482896715999,True
GaussianBudget75M_MaxCov,Cliff_2023-CASTF-001804,20230902,1,pyrologix,2,108-64,2023,0.0,0.0060720630281139165,1,drone,1,9.489961992702219e-05,1305,0.004365382516643021,True
GaussianBudget75M_MaxCov,Club_2023-CAANF-233713,20231110,4,pyrologix,5,none,2023,0.0,0.0020767939859069884,-1,undetected,1,9.489961992702219e-05,0,0.0,False
GaussianBudget75M_MaxCov,Cobble_2_2023-CAENF-024342,20230903,17,pyrologix,4,90-60,2023,0.0,0.008565030002500862,2,drone,1,9.489961992702219e-05,2235,0.0046500813764240876,True
GaussianBudget75M_MaxCov,Cold_2023-CAKNF-004306,20230603,18,pyrologix,6,21-49,2023,0.0,0.004164602985838428,0,drone,1,9.489961992702219e-05,2280,0.003795984797080888,True
GaussianBudget75M_MaxCov,Cold_2023-CASTF-001924,20230909,19,pyrologix,10,115-63,2023,0.0,0.0032934330229181796,0,drone,1,9.489961992702219e-05,3435,0.0046500813764240876,True
GaussianBudget75M_MaxCov,Comet_2023-CASNF-000573,20230618,21,pyrologix,5,125-65,2023,0.0,0.007196038000984117,1,drone,1,9.489961992702219e-05,2565,0.0046500813764240876,True
GaussianBudget75M_MaxCov,Computer_2023-CAANF-001308,20230531,20,pyrologix,10,none,2023,0.0,0.0020937120134476572,-1,undetected,1,9.489961992702219e-05,0,0.0,False
GaussianBudget75M_MaxCov,Coon_2023-CASRF-000966,20230815,23,pyrologix,2,none,2023,0.0,0.002028980990871787,-1,undetected,1,9.489961992702219e-05,0,0.0,False
GaussianBudget75M_MaxCov,Copper_2023-CAANF-001241,20230531,23,pyrologix,4,none,2023,0.0,0.002080999984173104,-1,undetected,1,9.489961992702219e-05,0,0.0,False
GaussianBudget75M_MaxCov,Copper_2023-CASRF-001075,20230828,17,pyrologix,4,25-20,2023,0.0,0.0026105690049007535,0,drone,1,9.489961992702219e-05,1540,0.0046500813764240876,True
GaussianBudget75M_MaxCov,Corners_2023-CASTF-001161,20230709,11,pyrologix,12,118-64,2023,0.0,0.020167244016192853,-1,undetected,1,9.489961992702219e-05,4210,0.0046500813764240876,True
GaussianBudget75M_MaxCov,Corral_2023-CASHF-001024,20230818,19,pyrologix,8,42-34,2023,0.0,0.005578034993959591,1,drone,1,9.489961992702219e-05,3160,0.0046500813764240876,True
GaussianBudget75M_MaxCov,Corral_2023-CASRF-000946,20230815,14,pyrologix,4,none,2023,0.0,0.0020562619902193546,-1,undetected,1,9.489961992702219e-05,0,0.0,False
GaussianBudget75M_MaxCov,Cosy_2023-CABDF-017722,20231214,22,pyrologix,9,206-87,2023,0.0,0.003226870991056785,0,drone,1,9.489961992702219e-05,3100,0.004555181756497065,True
GaussianBudget75M_MaxCov,Cotton_2023-CASNF-000773,20230711,20,pyrologix,1,146-69,2023,0.0,0.002970392000861466,0,drone,1,9.489961992702219e-05,580,0.003985784036934932,True
GaussianBudget75M_MaxCov,Cottonwood_2023-CASTF-001925,20230909,22,pyrologix,4,115-63,2023,0.0,0.0030883500003255904,0,drone,1,9.489961992702219e-05,1535,0.0046500813764240876,True
GaussianBudget75M_MaxCov,County_2023-CASHU-010642,20230923,16,pyrologix,8,42-34,2023,0.0,0.003985358984209597,0,drone,1,9.489961992702219e-05,2985,0.0046500813764240876,True
GaussianBudget75M_MaxCov,Court_2023-CASNF-001594,20231023,1,pyrologix,2,none,2023,0.0,0.0020011849992442876,-1,undetected,1,9.489961992702219e-05,0,0.0,False
GaussianBudget75M_MaxCov,Cove_2023-CAENF-017904,20230703,13,pyrologix,11,97-60,2023,0.0,0.00404049499775283,0,drone,1,9.489961992702219e-05,3620,0.0046500813764240876,True
GaussianBudget75M_MaxCov,Cove_2023-CATNF-001036,20230716,18,pyrologix,5,84-67,2023,0.0,0.0027690749848261476,0,drone,1,9.489961992702219e-05,1740,0.0046500813764240876,True
GaussianBudget75M_MaxCov,Cow_2023-CAKNF-005188,20230627,15,pyrologix,7,26-25,2023,0.0,0.004844867013162002,0,drone,1,9.489961992702219e-05,3210,0.0046500813764240876,True
GaussianBudget75M_MaxCov,Cow_2023-CASNF-001084,20230814,15,pyrologix,3,none,2023,0.0,0.002057362988125533,-1,undetected,1,9.489961992702219e-05,0,0.0,False
GaussianBudget75M_MaxCov,Cowtrack_2023-CAINF-001075,20230720,22,pyrologix,4,none,2023,0.0,0.002025168010732159,-1,undetected,1,9.489961992702219e-05,0,0.0,False
GaussianBudget75M_MaxCov,Coyote_2023-CABDF-CABDF8838,20230621,12,pyrologix,5,none,2023,0.0,0.0020417020132299513,-1,undetected,1,9.489961992702219e-05,0,0.0,False
GaussianBudget75M_MaxCov,Coyote_2023-CAINF-001308,20230813,6,pyrologix,12,none,2023,0.0,0.0020727159862872213,-1,undetected,1,9.489961992702219e-05,0,0.0,False
GaussianBudget75M_MaxCov,Crab_2023-CASTF-001456,20230806,19,pyrologix,9,115-63,2023,0.0,0.006637757993303239,1,drone,1,9.489961992702219e-05,3515,0.0046500813764240876,True
GaussianBudget75M_MaxCov,Crater_2023-CALNF-002767,20230604,18,pyrologix,8,53-62,2023,0.0,0.0025425920030102134,0,drone,1,9.489961992702219e-05,3285,0.0046500813764240876,True
GaussianBudget75M_MaxCov,Creek_2023-CAKNF-003961,20230523,18,pyrologix,5,17-30,2023,0.0,0.00627406599232927,1,drone,1,9.489961992702219e-05,2370,0.004555181756497065,True
GaussianBudget75M_MaxCov,Creek_2023-CAMDF-000611,20230820,16,pyrologix,4,none,2023,0.0,0.0020971459744032472,-1,undetected,1,9.489961992702219e-05,0,0.0,False
GaussianBudget75M_MaxCov,Creek_2023-CASRF-001068,20230826,19,pyrologix,9,33-23,2023,0.0,0.009004105988424271,2,drone,1,9.489961992702219e-05,4155,0.0046500813764240876,True
GaussianBudget75M_MaxCov,Crescent_2023-CASTF-001916,20230909,21,pyrologix,3,118-64,2023,0.0,0.0022577269992325455,0,drone,1,9.489961992702219e-05,1115,0.004555181756497065,True
GaussianBudget75M_MaxCov,Crest_2023-CALAC-218192,20230702,2,pyrologix,4,none,2023,0.0,0.0020719440071843565,-1,undetected,1,9.489961992702219e-05,0,0.0,False
GaussianBudget75M_MaxCov,Crestview_2023-CAINF-001801,20230930,16,pyrologix,9,none,2023,0.0,0.0019813030085060745,-1,undetected,1,9.489961992702219e-05,0,0.0,False
GaussianBudget75M_MaxCov,Cristo_2023-CALAC-236491,20230716,1,pyrologix,11,none,2023,0.0,0.0021106259955558926,-1,undetected,1,9.489961992702219e-05,0,0.0,False
GaussianBudget75M_MaxCov,Cromberg_2023-CAPNF-000763,20230720,16,pyrologix,6,73-63,2023,0.0,0.007334740017540753,1,drone,1,9.489961992702219e-05,2705,0.004555181756497065,True
GaussianBudget75M_MaxCov,Crown_2023-CASNF-000528,20230612,11,pyrologix,11,none,2023,0.0,0.002043329004663974,-1,undetected,1,9.489961992702219e-05,0,0.0,False
GaussianBudget75M_MaxCov,Crystal_2023-CAANF-233839,20231120,17,pyrologix,3,206-87,2023,0.0,0.0044929270225111395,1,drone,1,9.489961992702219e-05,1405,0.004555181756497065,True
GaussianBudget75M_MaxCov,Curl_2023-CASHF-000578,20230612,20,pyrologix,1,42-41,2023,0.0,0.002487983991159126,0,drone,1,9.489961992702219e-05,550,0.0040806836568619545,True
GaussianBudget75M_MaxCov,Dairy_2023-CAKNF-004502,20230609,22,pyrologix,5,18-37,2023,0.0,0.004052224976476282,0,drone,1,9.489961992702219e-05,2150,0.0040806836568619545,True
GaussianBudget75M_MaxCov,Dark_2023-CAENF-022407,20230816,0,pyrologix,2,98-62,2023,0.0,0.006012521014781669,1,drone,1,9.489961992702219e-05,1230,0.0046500813764240876,True
GaussianBudget75M_MaxCov,Davis_2023-CAANF-233978,20231205,11,pyrologix,12,206-87,2023,0.0,0.0035426149843260646,0,drone,1,9.489961992702219e-05,4040,0.004555181756497065,True
GaussianBudget75M_MaxCov,Davis_2023-CASNF-000361,20230524,23,pyrologix,2,146-69,2023,0.0,0.00492203698377125,1,drone,1,9.489961992702219e-05,1230,0.004270482896715999,True
GaussianBudget75M_MaxCov,Day_2023-CASHU-008936,20230815,14,pyrologix,8,37-52,2023,0.0,0.007458288979250938,1,drone,1,9.489961992702219e-05,3275,0.0046500813764240876,True
GaussianBudget75M_MaxCov,Deacon_2023-CAKNF-008082,20230917,20,pyrologix,11,33-29,2023,0.0,0.004227762023219839,0,drone,1,9.489961992702219e-05,4265,0.0046500813764240876,True
GaussianBudget75M_MaxCov,Deadhorse_2023-CALNF-002797,20230606,21,pyrologix,9,62-41,2023,2038.480801822996,0.02562174599734135,3,drone,1,9.489961992702219e-05,4405,0.004365382516643021,True
GaussianBudget75M_MaxCov,Deep_2023-CAMDF-001064,20231105,17,pyrologix,12,none,2023,0.0,0.0023485569981858134,-1,undetected,1,9.489961992702219e-05,0,0.0,False
GaussianBudget75M_MaxCov,Deep_2023-CASHF-000973,20230815,9,pyrologix,12,40-29,2023,0.0,0.0034477789886295795,0,drone,1,9.489961992702219e-05,4215,0.0046500813764240876,True
GaussianBudget75M_MaxCov,Deer_2023-CASHF-001006,20230818,22,pyrologix,9,47-27,2023,0.0,0.005461742985062301,0,drone,1,9.489961992702219e-05,3580,0.0046500813764240876,True
GaussianBudget75M_MaxCov,Deer_2023-CASTF-001613,20230817,16,pyrologix,4,125-65,2023,0.0,0.005562045000260696,1,drone,1,9.489961992702219e-05,2020,0.0046500813764240876,True
GaussianBudget75M_MaxCov,Deerhart_2023-CALMU-004024,20230731,14,pyrologix,11,60-61,2023,0.0,0.004830023011891171,0,drone,1,9.489961992702219e-05,4175,0.0046500813764240876,True
GaussianBudget75M_MaxCov,Del_2023-CALAC-238516,20230717,18,pyrologix,5,none,2023,0.0,0.0022270679764915258,-1,undetected,1,9.489961992702219e-05,0,0.0,False
GaussianBudget75M_MaxCov,Del_2023-CALAC-370918,20231029,14,pyrologix,11,none,2023,0.0,0.002085184009047225,-1,undetected,1,9.489961992702219e-05,0,0.0,False
GaussianBudget75M_MaxCov,Delta_2023-CABDF-017370,20231207,0,pyrologix,2,none,2023,0.0,0.0020714550046250224,-1,undetected,1,9.489961992702219e-05,0,0.0,False
GaussianBudget75M_MaxCov,Democrat_2023-CASQF-001330,20230722,0,pyrologix,2,174-77,2023,0.0,0.0025189259904436767,0,drone,1,9.489961992702219e-05,830,0.004555181756497065,True
GaussianBudget75M_MaxCov,Den_2023-CAKNF-007072,20230818,21,pyrologix,8,18-37,2023,0.0,0.003127939999103546,0,drone,1,9.489961992702219e-05,2985,0.0040806836568619545,True
GaussianBudget75M_MaxCov,Denny_2023-CASRF-000903,20230811,17,pyrologix,8,40-22,2023,0.0,0.004000190005172044,0,drone,1,9.489961992702219e-05,3135,0.0046500813764240876,True
GaussianBudget75M_MaxCov,Devil_2023-CAKNF-007038,20230817,21,pyrologix,7,17-30,2023,0.0,0.005141130997799337,1,drone,1,9.489961992702219e-05,2945,0.004555181756497065,True
GaussianBudget75M_MaxCov,Dexter_2023-CAINF-001044,20230718,23,pyrologix,8,none,2023,0.0,0.0024817009980324656,-1,undetected,1,9.489961992702219e-05,0,0.0,False
GaussianBudget75M_MaxCov,Diamond_2023-CASRF-000945,20230815,13,pyrologix,6,none,2023,0.0,0.0021059360005892813,-1,undetected,1,9.489961992702219e-05,0,0.0,False
GaussianBudget75M_MaxCov,Dillon_2023-CAKNF-007348,20230826,0,pyrologix,3,23-23,2023,0.0,0.003412146004848182,0,drone,1,9.489961992702219e-05,1315,0.0046500813764240876,True
GaussianBudget75M_MaxCov,Dillon_2023-CASNF-001392,20230909,10,pyrologix,10,128-67,2023,0.0,0.0074829359946306795,1,drone,1,9.489961992702219e-05,4560,0.0046500813764240876,True
GaussianBudget75M_MaxCov,Dinkey_2023-CASNF-001040,20230809,23,pyrologix,9,140-71,2023,0.0,0.004230196995195001,0,drone,1,9.489961992702219e-05,3085,0.0046500813764240876,True
GaussianBudget75M_MaxCov,Dobyns_2023-CALMU-006017,20231104,19,pyrologix,3,60-61,2023,0.0,0.003962292015785351,0,drone,1,9.489961992702219e-05,1430,0.0046500813764240876,True
GaussianBudget75M_MaxCov,Doe_2023-CASRF-000953,20230815,14,pyrologix,9,16-26,2023,0.0,0.0033839819952845573,0,drone,1,9.489961992702219e-05,3500,0.004555181756497065,True
GaussianBudget75M_MaxCov,Dog_2023-CASHF-000984,20230815,16,pyrologix,8,42-41,2023,0.0,0.007320598990190774,1,drone,1,9.489961992702219e-05,3470,0.0046500813764240876,True
GaussianBudget75M_MaxCov,Dome_2023-CASTF-001994,20230913,18,pyrologix,4,108-64,2023,0.0,0.0023908440198283643,0,drone,1,9.489961992702219e-05,1565,0.004365382516643021,True
GaussianBudget75M_MaxCov,Donica_2023-CALMU-004727,20230902,15,pyrologix,11,38-63,2023,0.0,0.0038760669995099306,0,drone,1,9.489961992702219e-05,4170,0.0046500813764240876,True
GaussianBudget75M_MaxCov,Donkey_2023-CAKNF-007351,20230826,20,pyrologix,11,23-23,2023,0.0,0.0029494439950212836,0,drone,1,9.489961992702219e-05,3760,0.0046500813764240876,True
GaussianBudget75M_MaxCov,Doodlebug_2023-CASHF-000686,20230627,12,pyrologix,9,41-47,2023,0.0,0.006111870025051758,1,drone,1,9.489961992702219e-05,3550,0.0046500813764240876,True
GaussianBudget75M_MaxCov,Doolittle_2023-CAKNF-008954,20231014,11,pyrologix,12,17-30,2023,0.0,0.0034559930209070444,0,drone,1,9.489961992702219e-05,4395,0.004555181756497065,True
GaussianBudget75M_MaxCov,Double_2023-CASTF-001997,20230913,21,pyrologix,5,108-64,2023,0.0,0.005954195017693564,1,drone,1,9.489961992702219e-05,2310,0.004555181756497065,True
GaussianBudget75M_MaxCov,Doyle_2023-CASQF-001776,20230823,19,pyrologix,12,161-79,2023,0.0,0.005268694018013775,0,drone,1,9.489961992702219e-05,4520,0.0046500813764240876,True
GaussianBudget75M_MaxCov,Druey_2023-CAKNF-004252,20230602,22,pyrologix,11,16-26,2023,0.0,0.0035986300208605826,0,drone,1,9.489961992702219e-05,4160,0.004555181756497065,True
GaussianBudget75M_MaxCov,Dry_2023-CAANF-002149,20230712,21,pyrologix,12,none,2023,0.0,0.0020816509786527604,-1,undetected,1,9.489961992702219e-05,0,0.0,False
GaussianBudget75M_MaxCov,Dry_2023-CAINF-001545,20230831,14,pyrologix,2,none,2023,0.0,0.002120005985489115,-1,undetected,1,9.489961992702219e-05,0,0.0,False
GaussianBudget75M_MaxCov,Dry_2023-CASQF-000835,20230612,13,pyrologix,12,174-77,2023,0.0,0.019234745006542653,-1,undetected,1,9.489961992702219e-05,4390,0.0046500813764240876,True
GaussianBudget75M_MaxCov,Dry_2023-CASTF-001965,20230911,14,pyrologix,4,108-64,2023,0.0,0.005982072005281225,1,drone,1,9.489961992702219e-05,2020,0.004460282136570043,True
GaussianBudget75M_MaxCov,Duckwall_2023-CASTF-001920,20230909,21,pyrologix,5,118-64,2023,0.0,0.004461904987692833,0,drone,1,9.489961992702219e-05,1985,0.004555181756497065,True
GaussianBudget75M_MaxCov,Duncan_2023-CASHF-000513,20230530,19,pyrologix,9,47-27,2023,0.0,0.0077482729975599796,1,drone,1,9.489961992702219e-05,3880,0.0046500813764240876,True
GaussianBudget75M_MaxCov,Durrwood_2023-CASQF-001669,20230814,15,pyrologix,9,164-82,2023,0.0,0.0035589820181485265,0,drone,1,9.489961992702219e-05,3260,0.0046500813764240876,True
GaussianBudget75M_MaxCov,Dusty_2023-CAMDF-000234,20230611,17,pyrologix,10,none,2023,0.0,0.0024164570204447955,-1,undetected,1,9.489961992702219e-05,0,0.0,False
GaussianBudget75M_MaxCov,Dutch_2023-CAKNF-007003,20230816,23,pyrologix,8,21-28,2023,0.0,0.003925733006326482,0,drone,1,9.489961992702219e-05,3185,0.0046500813764240876,True
GaussianBudget75M_MaxCov,E-1_Schoonamaker_2023-CALNF-002969,20230614,1,pyrologix,1,53-62,2023,0.0,0.002255758998217061,0,drone,1,9.489961992702219e-05,480,0.0036061855572268433,True
GaussianBudget75M_MaxCov,E-2_Robbers_2023-CALNF-003013,20230615,17,pyrologix,2,51-53,2023,0.0,0.01200933801010251,3,drone,1,9.489961992702219e-05,1955,0.0046500813764240876,True
GaussianBudget75M_MaxCov,Eagle_2023-CABDF-012594,20230923,11,pyrologix,10,206-88,2023,0.0,0.0029490389861166477,0,drone,1,9.489961992702219e-05,3820,0.004460282136570043,True
GaussianBudget75M_MaxCov,Earthquake_2023-CAINF-001590,20230903,18,pyrologix,7,none,2023,0.0,0.0019594219920691103,-1,undetected,1,9.489961992702219e-05,0,0.0,False
GaussianBudget75M_MaxCov,East_2023-CAKNF-008114,20230917,21,pyrologix,4,28-32,2023,0.0,0.004116066003916785,0,drone,1,9.489961992702219e-05,1905,0.0046500813764240876,True
GaussianBudget75M_MaxCov,East_2023-CASHF-000512,20230530,15,pyrologix,9,42-34,2023,0.0,0.006366285000694916,1,drone,1,9.489961992702219e-05,3640,0.0046500813764240876,True
GaussianBudget75M_MaxCov,East_2023-CASNF-001397,20230909,13,pyrologix,12,132-72,2023,0.0,0.003908755985321477,0,drone,1,9.489961992702219e-05,4715,0.0046500813764240876,True
GaussianBudget75M_MaxCov,East_2023-CATNF-001781,20231103,19,pyrologix,6,84-67,2023,0.0,0.003775274002691731,0,drone,1,9.489961992702219e-05,2170,0.0046500813764240876,True
GaussianBudget75M_MaxCov,Edison_2023-CASNF-001072,20230813,13,pyrologix,9,none,2023,0.0,0.0020648560021072626,-1,undetected,1,9.489961992702219e-05,0,0.0,False
GaussianBudget75M_MaxCov,Edison_2023-CASNF-001384,20230907,18,pyrologix,10,none,2023,0.0,0.00207616898114793,-1,undetected,1,9.489961992702219e-05,0,0.0,False
GaussianBudget75M_MaxCov,El_Cariso_2023-CACNF-000870,20230430,17,pyrologix,12,none,2023,0.0,0.0020216130069456995,-1,undetected,1,9.489961992702219e-05,0,0.0,False
GaussianBudget75M_MaxCov,Elliot_2023-CAKNF-006944,20230815,11,pyrologix,8,23-23,2023,0.0,0.005371628009015694,1,drone,1,9.489961992702219e-05,3135,0.0046500813764240876,True
GaussianBudget75M_MaxCov,Emma_2023-CAANF-233880,20231125,18,pyrologix,2,none,2023,0.0,0.002171138010453433,-1,undetected,1,9.489961992702219e-05,0,0.0,False
GaussianBudget75M_MaxCov,Emma_2023-CALAC-339561,20231004,6,pyrologix,12,none,2023,0.0,0.0021324340195860714,-1,undetected,1,9.489961992702219e-05,0,0.0,False
GaussianBudget75M_MaxCov,English_2023-CATNF-001273,20230814,22,pyrologix,4,80-58,2023,0.0,0.00875957598327659,2,drone,1,9.489961992702219e-05,2310,0.0046500813764240876,True
GaussianBudget75M_MaxCov,Escondido_2023-CAANF-233956,20231203,23,pyrologix,6,none,2023,0.0,0.00215183399268426,-1,undetected,1,9.489961992702219e-05,0,0.0,False
GaussianBudget75M_MaxCov,Etsel_2023-CAMNF-001222,20230918,22,pyrologix,5,61-19,2023,0.0,0.005650476989103481,1,drone,1,9.489961992702219e-05,2520,0.0046500813764240876,True
GaussianBudget75M_MaxCov,Excelsior_2023-CANEU-016702,20230615,17,pyrologix,3,87-59,2023,0.0,0.0034542829962447286,0,drone,1,9.489961992702219e-05,1270,0.0046500813764240876,True
GaussianBudget75M_MaxCov,Exit_2023-CASHF-000333,20230424,5,pyrologix,5,42-41,2023,0.0,0.004658310004742816,0,drone,1,9.489961992702219e-05,2135,0.0046500813764240876,True
GaussianBudget75M_MaxCov,Fairview_2023-CASHF-001248,20231006,21,pyrologix,4,42-34,2023,0.0,0.0030279060010798275,0,drone,1,9.489961992702219e-05,1585,0.004555181756497065,True
GaussianBudget75M_MaxCov,Fallen_2023-CATMU-022772,20230819,16,pyrologix,1,none,2023,0.0,0.0020559010154101998,-1,undetected,1,9.489961992702219e-05,0,0.0,False
GaussianBudget75M_MaxCov,Falls_2023-CASKU-006095,20230720,23,pyrologix,1,34-50,2023,0.0,0.00939576598466374,2,drone,1,9.489961992702219e-05,1300,0.0046500813764240876,True
GaussianBudget75M_MaxCov,Falls_2023-CASTF-001664,20230820,14,pyrologix,5,118-64,2023,0.0,0.003774195007281378,0,drone,1,9.489961992702219e-05,1870,0.004555181756497065,True
GaussianBudget75M_MaxCov,Fast_2023-CABDF-010513,20230723,16,pyrologix,10,none,2023,0.0,0.0020532439812086523,-1,undetected,1,9.489961992702219e-05,0,0.0,False
GaussianBudget75M_MaxCov,Faulkstein_2023-CAKNF-005132,20230626,10,pyrologix,10,21-28,2023,0.0,0.004901854001218453,0,drone,1,9.489961992702219e-05,4010,0.0046500813764240876,True
GaussianBudget75M_MaxCov,Fir_2023-CAINF-002072,20231119,21,pyrologix,5,none,2023,0.0,0.002098135999403894,-1,undetected,1,9.489961992702219e-05,0,0.0,False
GaussianBudget75M_MaxCov,First_2023-CAKNF-004376,20230605,19,pyrologix,2,17-30,2023,0.0,0.001588034996530041,0,drone,1,9.489961992702219e-05,815,0.0040806836568619545,True
GaussianBudget75M_MaxCov,Fish_2023-CAINF-001317,20230813,15,pyrologix,4,none,2023,0.0,0.002359625999815762,-1,undetected,1,9.489961992702219e-05,0,0.0,False
GaussianBudget75M_MaxCov,Fish_2023-CASTF-002295,20231020,21,pyrologix,6,115-63,2023,0.0,0.008373713004402816,2,drone,1,9.489961992702219e-05,2800,0.0046500813764240876,True
GaussianBudget75M_MaxCov,Fisher_2023-CASTF-001961,20230911,22,pyrologix,7,108-64,2023,0.0,0.004567455005599186,0,drone,1,9.489961992702219e-05,2760,0.004555181756497065,True
GaussianBudget75M_MaxCov,Fishtown_2023-CAMNF-000884,20230820,21,pyrologix,10,61-26,2023,0.0,0.006000825989758596,1,drone,1,9.489961992702219e-05,4520,0.0046500813764240876,True
GaussianBudget75M_MaxCov,Five_2023-CATNF-001031,20230716,9,pyrologix,11,none,2023,0.0,0.002219425980001688,-1,undetected,1,9.489961992702219e-05,0,0.0,False
GaussianBudget75M_MaxCov,Flat_2023-CAANF-002740,20230815,13,pyrologix,12,none,2023,0.0,0.002125713013811037,-1,undetected,1,9.489961992702219e-05,0,0.0,False
GaussianBudget75M_MaxCov,Flat_2023-CAENF-017405,20230630,22,pyrologix,5,93-54,2023,0.0,0.006537976994877681,1,drone,1,9.489961992702219e-05,2250,0.0046500813764240876,True
GaussianBudget75M_MaxCov,Flat_2023-CALPF-002163,20230806,16,pyrologix,5,none,2023,0.0,0.0021230629936326295,-1,undetected,1,9.489961992702219e-05,0,0.0,False
GaussianBudget75M_MaxCov,Flat_2023-CAMDF-000050,20230215,10,pyrologix,8,none,2023,0.0,0.002149706007912755,-1,undetected,1,9.489961992702219e-05,0,0.0,False
GaussianBudget75M_MaxCov,Flat_2023-CASHF-000942,20230810,14,pyrologix,9,35-43,2023,0.0,0.008535672997822985,2,drone,1,9.489961992702219e-05,3950,0.0046500813764240876,True
GaussianBudget75M_MaxCov,Flat_2023-CASQF-002033,20230917,13,pyrologix,10,174-77,2023,0.0,0.0051164019969291985,0,drone,1,9.489961992702219e-05,3695,0.0046500813764240876,True
GaussianBudget75M_MaxCov,Flat_2023-CASRF-001064,20230825,17,pyrologix,7,33-23,2023,0.0,0.0073671989957802,1,drone,1,9.489961992702219e-05,3385,0.0046500813764240876,True
GaussianBudget75M_MaxCov,Flat_2023-CASTF-000607,20230517,10,pyrologix,12,115-63,2023,0.0,0.019525045005138963,-1,undetected,1,9.489961992702219e-05,4320,0.0046500813764240876,True
GaussianBudget75M_MaxCov,Flats_2023-CABDF-008695,20230617,18,pyrologix,5,225-101,2023,0.0,0.0020966209995094687,0,drone,1,9.489961992702219e-05,1810,0.0046500813764240876,True
GaussianBudget75M_MaxCov,Flats_2023-CABDF-010793,20230730,20,pyrologix,4,none,2023,0.0,0.002152133994968608,-1,undetected,1,9.489961992702219e-05,0,0.0,False
GaussianBudget75M_MaxCov,Fleming_2023-CAENF-021409,20230805,14,pyrologix,9,97-60,2023,0.0,0.00795910699525848,1,drone,1,9.489961992702219e-05,3500,0.0046500813764240876,True
GaussianBudget75M_MaxCov,Flume_2023-CASHF-000703,20230629,16,pyrologix,10,35-43,2023,0.0,0.003571633016690612,0,drone,1,9.489961992702219e-05,3655,0.0046500813764240876,True
GaussianBudget75M_MaxCov,Forest_2023-CATNF-000717,20230616,16,pyrologix,7,90-60,2023,0.0,0.007362591015407816,1,drone,1,9.489961992702219e-05,3145,0.0046500813764240876,True
GaussianBudget75M_MaxCov,Fork_2023-CAANF-001661,20230618,11,pyrologix,10,206-87,2023,0.0,0.00467185300658457,0,drone,1,9.489961992702219e-05,3560,0.004555181756497065,True
GaussianBudget75M_MaxCov,Fork_2023-CASRF-000645,20230705,1,pyrologix,1,35-16,2023,0.0,0.0022566280094906688,0,drone,1,9.489961992702219e-05,485,0.003795984797080888,True
GaussianBudget75M_MaxCov,Four_2023-CAKNF-004483,20230608,15,pyrologix,2,25-54,2023,0.0,0.003123434988083318,0,drone,1,9.489961992702219e-05,860,0.0046500813764240876,True
GaussianBudget75M_MaxCov,Francis_2023-CAANF-233122,20230911,21,pyrologix,2,none,2023,0.0,0.0023792040010448545,-1,undetected,1,9.489961992702219e-05,0,0.0,False
GaussianBudget75M_MaxCov,Francis_2023-CAENF-022302,20230815,23,pyrologix,5,90-60,2023,0.0,0.005502965010236949,1,drone,1,9.489961992702219e-05,2235,0.0046500813764240876,True
GaussianBudget75M_MaxCov,Franklin_2023-CAKNF-005103,20230625,21,pyrologix,4,24-35,2023,0.0,0.0035303189943078905,0,drone,1,9.489961992702219e-05,1860,0.0046500813764240876,True
GaussianBudget75M_MaxCov,Franklin_2023-CALAC-23215391,20230630,22,pyrologix,6,none,2023,0.0,0.0022782479936722666,-1,undetected,1,9.489961992702219e-05,0,0.0,False
GaussianBudget75M_MaxCov,Franklin_2023-CALPF-001817,20230712,16,pyrologix,7,none,2023,0.0,0.0021798939851578325,-1,undetected,1,9.489961992702219e-05,0,0.0,False
GaussianBudget75M_MaxCov,Frazier_2023-CASTF-001658,20230820,8,pyrologix,9,115-63,2023,0.0,0.009301281010266393,2,drone,1,9.489961992702219e-05,3800,0.0046500813764240876,True
GaussianBudget75M_MaxCov,Freeway_2023-CAANF-232754,20230816,16,pyrologix,2,none,2023,0.0,0.002158143004635349,-1,undetected,1,9.489961992702219e-05,0,0.0,False
GaussianBudget75M_MaxCov,Frenchman_2023-CAPNF-000737,20230715,21,pyrologix,4,77-70,2023,0.0,0.003961717011407018,0,drone,1,9.489961992702219e-05,1755,0.003985784036934932,True
GaussianBudget75M_MaxCov,Friday_2023-CASRF-000890,20230809,16,pyrologix,1,35-16,2023,0.0,0.0021519120200537145,0,drone,1,9.489961992702219e-05,485,0.003795984797080888,True
GaussianBudget75M_MaxCov,Friend_2023-CASHF-000702,20230629,20,pyrologix,1,47-21,2023,0.0,0.0015112890105228871,0,drone,1,9.489961992702219e-05,395,0.0028469885978106655,True
GaussianBudget75M_MaxCov,Frontage_2023-CABDF-007992,20230602,7,pyrologix,5,none,2023,0.0,0.0021784009877592325,-1,undetected,1,9.489961992702219e-05,0,0.0,False
GaussianBudget75M_MaxCov,Frying_2023-CAKNF-005107,20230626,21,pyrologix,7,17-30,2023,0.0,0.0046509800013154745,0,drone,1,9.489961992702219e-05,2645,0.004555181756497065,True
GaussianBudget75M_MaxCov,Fuller_2023-CABDF-014299,20231028,11,pyrologix,12,none,2023,0.0,0.002200709015596658,-1,undetected,1,9.489961992702219e-05,0,0.0,False
GaussianBudget75M_MaxCov,Fuller_2023-CATNF-001755,20231029,15,pyrologix,5,87-59,2023,0.0,0.005846661981195211,1,drone,1,9.489961992702219e-05,2150,0.0046500813764240876,True
GaussianBudget75M_MaxCov,Gabriel_2023-CAANF-001433,20230529,22,pyrologix,2,none,2023,0.0,0.002503565978258848,-1,undetected,1,9.489961992702219e-05,0,0.0,False
GaussianBudget75M_MaxCov,Gallagher_2023-CAPNF-000851,20230801,18,pyrologix,8,72-57,2023,0.0,0.0035110030148644,0,drone,1,9.489961992702219e-05,3005,0.0046500813764240876,True
GaussianBudget75M_MaxCov,Garden_2023-CAKNF-007331,20230825,13,pyrologix,11,26-25,2023,0.0,0.003841440979158506,0,drone,1,9.489961992702219e-05,4490,0.0046500813764240876,True
GaussianBudget75M_MaxCov,Gas_2023-CAANF-001520,20230606,21,pyrologix,2,none,2023,0.0,0.0021876749815419316,-1,undetected,1,9.489961992702219e-05,0,0.0,False
GaussianBudget75M_MaxCov,Gerle_2023-CAENF-027748,20231009,12,pyrologix,9,90-60,2023,0.0,0.008706107997568324,2,drone,1,9.489961992702219e-05,4035,0.0046500813764240876,True
GaussianBudget75M_MaxCov,Giant_2023-CASQF-001242,20230715,19,pyrologix,2,165-77,2023,0.0,0.0017760570044629276,0,drone,1,9.489961992702219e-05,755,0.004460282136570043,True
GaussianBudget75M_MaxCov,Gibson_2023-CAPNF-000955,20230814,17,pyrologix,11,72-57,2023,0.0,0.003721142013091594,0,drone,1,9.489961992702219e-05,3995,0.0046500813764240876,True
GaussianBudget75M_MaxCov,Gifford_2023-CALPF-001190,20230519,17,pyrologix,9,none,2023,0.0,0.002070460992399603,-1,undetected,1,9.489961992702219e-05,0,0.0,False
GaussianBudget75M_MaxCov,Glass_2023-CAKNF-004674,20230613,15,pyrologix,7,none,2023,0.0,0.0020519719982985407,-1,undetected,1,9.489961992702219e-05,0,0.0,False
GaussianBudget75M_MaxCov,Gleason_2023-CAANF-232639,20230809,11,pyrologix,12,none,2023,0.0,0.002114877017447725,-1,undetected,1,9.489961992702219e-05,0,0.0,False
GaussianBudget75M_MaxCov,Gold_2023-CAKNF-007026,20230816,16,pyrologix,5,24-35,2023,0.0,0.0022308740008156747,0,drone,1,9.489961992702219e-05,2010,0.0046500813764240876,True
GaussianBudget75M_MaxCov,Gold_2023-CATNF-001290,20230816,22,pyrologix,5,79-56,2023,0.0,0.00476484201499261,0,drone,1,9.489961992702219e-05,2025,0.0046500813764240876,True
GaussianBudget75M_MaxCov,Goldmine_2023-CABDF-009229,20230629,16,pyrologix,10,none,2023,0.0,0.0021155340073164552,-1,undetected,1,9.489961992702219e-05,0,0.0,False
GaussianBudget75M_MaxCov,Goodyear_2023-CATNF-001421,20230904,17,pyrologix,11,79-56,2023,0.0,0.0049944389902520925,0,drone,1,9.489961992702219e-05,3895,0.0046500813764240876,True
GaussianBudget75M_MaxCov,Grade_2023-CACNF-002944,20231103,18,pyrologix,1,none,2023,0.0,0.0021199060138314962,-1,undetected,1,9.489961992702219e-05,0,0.0,False
GaussianBudget75M_MaxCov,Granite_2023-CASNF-000835,20230721,19,pyrologix,12,125-65,2023,0.0,0.00498989800689742,0,drone,1,9.489961992702219e-05,4890,0.0046500813764240876,True
GaussianBudget75M_MaxCov,Granite_2023-CATNF-001270,20230814,20,pyrologix,6,none,2023,0.0,0.002081973012536764,-1,undetected,1,9.489961992702219e-05,0,0.0,False
GaussianBudget75M_MaxCov,Graniteville_2023-CANEU-031058,20231031,10,pyrologix,4,79-56,2023,0.0,0.006730641005560756,1,drone,1,9.489961992702219e-05,1975,0.0046500813764240876,True
GaussianBudget75M_MaxCov,Graniteville_2023-CATNF-001768,20231031,9,pyrologix,8,79-56,2023,0.0,0.002982770005473867,0,drone,1,9.489961992702219e-05,2745,0.0046500813764240876,True
GaussianBudget75M_MaxCov,Grants_2023-CAKNF-008101,20230917,18,pyrologix,1,28-32,2023,0.0,0.007455274986568838,1,drone,1,9.489961992702219e-05,1185,0.0046500813764240876,True
GaussianBudget75M_MaxCov,Grass_2023-CAPNF-000660,20230704,18,pyrologix,4,72-57,2023,0.0,0.006136490992503241,1,drone,1,9.489961992702219e-05,1965,0.0046500813764240876,True
GaussianBudget75M_MaxCov,Grasshopper_2023-CASHU-007231,20230706,15,pyrologix,11,41-47,2023,0.0,0.003687927994178608,0,drone,1,9.489961992702219e-05,3940,0.0046500813764240876,True
GaussianBudget75M_MaxCov,Grassy_2023-CASHF-001188,20230916,18,pyrologix,9,47-21,2023,0.0,0.006688954017590731,1,drone,1,9.489961992702219e-05,4035,0.0046500813764240876,True
GaussianBudget75M_MaxCov,Gravel_2023-CAKNF-004491,20230608,18,pyrologix,5,27-52,2023,0.0,0.0063390379946213216,1,drone,1,9.489961992702219e-05,2460,0.0046500813764240876,True
GaussianBudget75M_MaxCov,Gravel_2023-CAPNF-000970,20230815,16,pyrologix,4,69-50,2023,0.0,0.005204680986935273,1,drone,1,9.489961992702219e-05,1865,0.0046500813764240876,True
GaussianBudget75M_MaxCov,Green_2023-CAANF-002684,20230812,3,pyrologix,1,none,2023,0.0,0.0021232689905446023,-1,undetected,1,9.489961992702219e-05,0,0.0,False
GaussianBudget75M_MaxCov,Green_2023-CAPNF-000289,20230521,16,pyrologix,11,65-55,2023,0.0,0.004977114003850147,0,drone,1,9.489961992702219e-05,4050,0.0046500813764240876,True
GaussianBudget75M_MaxCov,Greens_2023-CASHF-000747,20230704,16,pyrologix,1,42-41,2023,0.0,0.00320415198802948,0,drone,1,9.489961992702219e-05,650,0.004460282136570043,True
GaussianBudget75M_MaxCov,Grey_2023-CASNF-001107,20230817,19,pyrologix,12,128-67,2023,0.0,0.003327111015096307,0,drone,1,9.489961992702219e-05,4665,0.0046500813764240876,True
GaussianBudget75M_MaxCov,Grizzly_2023-CAKNF-007144,20230819,18,pyrologix,7,33-29,2023,0.0,0.008502607990521938,2,drone,1,9.489961992702219e-05,3430,0.0046500813764240876,True
GaussianBudget75M_MaxCov,Grizzly_2023-CAPNF-000305,20230524,21,pyrologix,6,73-63,2023,0.0,0.002216670982306823,0,drone,1,9.489961992702219e-05,2105,0.004555181756497065,True
GaussianBudget75M_MaxCov,H-10_Burney_2023-CALNF-004363,20230817,15,pyrologix,6,51-53,2023,0.0,0.004921699000988156,0,drone,1,9.489961992702219e-05,2460,0.0046500813764240876,True
GaussianBudget75M_MaxCov,H-11_Cornaz_2023-CALNF-004367,20230817,18,pyrologix,6,51-53,2023,0.0,0.005016306997276843,1,drone,1,9.489961992702219e-05,2500,0.0046500813764240876,True
GaussianBudget75M_MaxCov,H-1_Honn_2023-CALNF-004135,20230805,16,pyrologix,5,51-53,2023,0.0,0.0027044370071962476,0,drone,1,9.489961992702219e-05,1885,0.0046500813764240876,True
GaussianBudget75M_MaxCov,H-1_Lava_2023-CALNF-002840,20230607,16,pyrologix,3,51-53,2023,0.0,0.008266835007816553,2,drone,1,9.489961992702219e-05,1825,0.0046500813764240876,True
GaussianBudget75M_MaxCov,H-1_Tamarack_2023-CALNF-004314,20230815,15,pyrologix,5,51-53,2023,0.0,0.006919917999766767,1,drone,1,9.489961992702219e-05,2410,0.0046500813764240876,True
GaussianBudget75M_MaxCov,H-2_Freaner_2023-CALNF-004336,20230816,17,pyrologix,11,51-53,2023,0.0,0.003848814027151093,0,drone,1,9.489961992702219e-05,3980,0.0046500813764240876,True
GaussianBudget75M_MaxCov,H-2_Moon_2023-CALNF-003251,20230626,21,pyrologix,9,51-53,2023,0.0,0.005418045999249443,0,drone,1,9.489961992702219e-05,3220,0.0046500813764240876,True
GaussianBudget75M_MaxCov,H-3_Bald_2023-CALNF-003252,20230626,22,pyrologix,8,51-53,2023,0.0,0.005763561988715082,1,drone,1,9.489961992702219e-05,3220,0.0046500813764240876,True
GaussianBudget75M_MaxCov,H-3_Huckleberry_2023-CALNF-004337,20230816,19,pyrologix,7,48-47,2023,0.0,0.007559291989309713,1,drone,1,9.489961992702219e-05,3280,0.0046500813764240876,True
GaussianBudget75M_MaxCov,H-4_Red_Rock_2023-CALNF-004338,20230816,19,pyrologix,7,51-53,2023,0.0,0.00324341599480249,0,drone,1,9.489961992702219e-05,2600,0.0046500813764240876,True
GaussianBudget75M_MaxCov,H-6_Eiler_2023-CALNF-004341,20230816,19,pyrologix,9,51-53,2023,0.0,0.0037969149998389184,0,drone,1,9.489961992702219e-05,3265,0.0046500813764240876,True
GaussianBudget75M_MaxCov,H-7_Twin_Buttes_2023-CALNF-004342,20230816,19,pyrologix,8,51-53,2023,0.0,0.004335509001975879,0,drone,1,9.489961992702219e-05,3055,0.0046500813764240876,True
GaussianBudget75M_MaxCov,H-8_Dutch_2023-CALNF-004343,20230816,18,pyrologix,10,51-53,2023,0.0,0.007053148001432419,1,drone,1,9.489961992702219e-05,3940,0.0046500813764240876,True
GaussianBudget75M_MaxCov,H-9_Bunchgrass_2023-CALNF-004347,20230817,22,pyrologix,6,48-47,2023,0.0,0.0042787450074683875,0,drone,1,9.489961992702219e-05,2490,0.0046500813764240876,True
GaussianBudget75M_MaxCov,Hall_2023-CALNF-005330,20230930,20,pyrologix,3,51-53,2023,0.0,0.00335506399278529,0,drone,1,9.489961992702219e-05,1300,0.004555181756497065,True
GaussianBudget75M_MaxCov,Hallett_2023-CAPNF-000405,20230605,15,pyrologix,11,67-62,2023,0.0,0.0037100230110809207,0,drone,1,9.489961992702219e-05,4270,0.0046500813764240876,True
GaussianBudget75M_MaxCov,Hambone_2023-CASHF-000520,20230531,21,pyrologix,4,37-52,2023,0.0,0.002692348003620282,0,drone,1,9.489961992702219e-05,1350,0.004365382516643021,True
GaussianBudget75M_MaxCov,Hancock_2023-CASRF-001016,20230821,12,pyrologix,9,26-25,2023,0.0,0.0048791299923323095,0,drone,1,9.489961992702219e-05,3885,0.0046500813764240876,True
GaussianBudget75M_MaxCov,Harlem_2023-CAPNF-000598,20230626,8,pyrologix,6,72-57,2023,0.0,0.004805726988706738,0,drone,1,9.489961992702219e-05,2500,0.0046500813764240876,True
GaussianBudget75M_MaxCov,Harrison_2023-CABDF-009856,20230710,23,pyrologix,4,none,2023,0.0,0.001987179013667628,-1,undetected,1,9.489961992702219e-05,0,0.0,False
GaussianBudget75M_MaxCov,Haskins_2023-CAPNF-001029,20230817,18,pyrologix,3,69-50,2023,0.0,0.003649436985142529,0,drone,1,9.489961992702219e-05,1340,0.004555181756497065,True
GaussianBudget75M_MaxCov,Hawkins_Bar_2023-CASRF-001153,20230914,0,pyrologix,2,40-22,2023,0.0,0.0030931349901948124,0,drone,1,9.489961992702219e-05,955,0.0046500813764240876,True
GaussianBudget75M_MaxCov,Hawley_2023-CATNF-001302,20230817,14,pyrologix,8,79-56,2023,0.0,0.012107604998163879,3,drone,1,9.489961992702219e-05,3830,0.0046500813764240876,True
GaussianBudget75M_MaxCov,Haydon_2023-CASRF-000915,20230813,15,pyrologix,2,42-15,2023,0.0,0.005114643019624054,1,drone,1,9.489961992702219e-05,1230,0.004460282136570043,True
GaussianBudget75M_MaxCov,Head_2023-CAKNF-006988,20230815,21,pyrologix,4,24-35,2023,0.0,0.0035767290100920945,0,drone,1,9.489961992702219e-05,1860,0.0046500813764240876,True
GaussianBudget75M_MaxCov,Heath_2023-CASHF-000576,20230612,13,pyrologix,12,41-47,2023,0.0,0.003989296994404867,0,drone,1,9.489961992702219e-05,4365,0.0046500813764240876,True
GaussianBudget75M_MaxCov,Heavenly_2023-CACNF-003041,20231112,22,pyrologix,5,none,2023,0.0,0.0019804289913736284,-1,undetected,1,9.489961992702219e-05,0,0.0,False
GaussianBudget75M_MaxCov,Hebron_2023-CAKNF-004493,20230608,21,pyrologix,1,27-52,2023,0.0,0.005064405006123707,1,drone,1,9.489961992702219e-05,915,0.004460282136570043,True
GaussianBudget75M_MaxCov,Helm_2023-CASNF-001526,20231004,18,pyrologix,8,none,2023,0.0,0.0020454369951039553,-1,undetected,1,9.489961992702219e-05,0,0.0,False
GaussianBudget75M_MaxCov,Henness_2023-CATNF-001322,20230819,16,pyrologix,11,84-67,2023,0.0,0.004725026985397562,0,drone,1,9.489961992702219e-05,3840,0.0046500813764240876,True
GaussianBudget75M_MaxCov,Hennessy_2023-CASHF-001071,20230825,22,pyrologix,7,40-22,2023,0.0,0.013700943003641441,1,drone,1,9.489961992702219e-05,3350,0.0046500813764240876,True
GaussianBudget75M_MaxCov,Henry_2023-CAKNF-007036,20230816,20,pyrologix,7,33-29,2023,0.0,0.006400776997907087,1,drone,1,9.489961992702219e-05,3145,0.0046500813764240876,True
GaussianBudget75M_MaxCov,Henshaw_2023-CACNF-000773,20230417,13,pyrologix,5,230-98,2023,0.0,0.0035509340232238173,0,drone,1,9.489961992702219e-05,1755,0.0046500813764240876,True
GaussianBudget75M_MaxCov,Hickey_2023-CAKNF-008080,20230917,20,pyrologix,8,28-32,2023,0.0,0.004177610011538491,0,drone,1,9.489961992702219e-05,3305,0.0046500813764240876,True
GaussianBudget75M_MaxCov,Hidden_2023-CACNF-001596,20230704,14,pyrologix,8,none,2023,0.0,0.002088348992401734,-1,undetected,1,9.489961992702219e-05,0,0.0,False
GaussianBudget75M_MaxCov,Highline_2023-CAANF-233907,20231128,23,pyrologix,4,none,2023,0.0,0.0020867350103799254,-1,undetected,1,9.489961992702219e-05,0,0.0,False
GaussianBudget75M_MaxCov,Highway_2023-CAANF-001901,20230702,0,pyrologix,1,none,2023,0.0,0.0021964519983157516,-1,undetected,1,9.489961992702219e-05,0,0.0,False
GaussianBudget75M_MaxCov,Highway_2023-CAPNF-006276,20231118,22,pyrologix,12,70-69,2023,0.0,0.003791864000959322,0,drone,1,9.489961992702219e-05,4510,0.0046500813764240876,True
GaussianBudget75M_MaxCov,Highway_2023-CATNF-001295,20230816,19,pyrologix,5,86-54,2023,0.0,0.0035849930136464536,0,drone,1,9.489961992702219e-05,2010,0.0046500813764240876,True
GaussianBudget75M_MaxCov,Hill_2023-CAMDF-000175,20230520,18,pyrologix,4,38-63,2023,0.0,0.004418598022311926,0,drone,1,9.489961992702219e-05,1915,0.0046500813764240876,True
GaussianBudget75M_MaxCov,Hill_2023-CAMDF-000845,20230902,15,pyrologix,11,38-63,2023,0.0,0.003037203976418823,0,drone,1,9.489961992702219e-05,4060,0.0046500813764240876,True
GaussianBudget75M_MaxCov,Hill_2023-CATNF-000463,20230520,14,pyrologix,3,84-67,2023,0.0,0.011102901014965028,1,drone,1,9.489961992702219e-05,1565,0.0046500813764240876,True
GaussianBudget75M_MaxCov,Hilt_2023-CAKNF-004484,20230608,16,pyrologix,1,21-42,2023,0.0,0.004812082013813779,1,drone,1,9.489961992702219e-05,775,0.004270482896715999,True
GaussianBudget75M_MaxCov,Hoags_2023-CAKNF-005424,20230703,0,pyrologix,12,17-30,2023,0.0,0.004290096025215462,0,drone,1,9.489961992702219e-05,4490,0.004555181756497065,True
GaussianBudget75M_MaxCov,Hobart_2023-CATNF-000772,20230623,23,pyrologix,6,84-67,2023,0.0,0.0027422530110925436,0,drone,1,9.489961992702219e-05,2080,0.0046500813764240876,True
GaussianBudget75M_MaxCov,Hobo_2023-CASQF-002441,20231127,1,pyrologix,4,174-77,2023,0.0,0.002982603997224942,0,drone,1,9.489961992702219e-05,1450,0.0046500813764240876,True
GaussianBudget75M_MaxCov,Hog_2023-CAKNF-007217,20230822,22,pyrologix,6,33-23,2023,0.0,0.005101729999296367,1,drone,1,9.489961992702219e-05,2695,0.0046500813764240876,True
GaussianBudget75M_MaxCov,Hole_2023-CAMNF-000845,20230815,2,pyrologix,4,61-19,2023,0.0,0.006530807993840426,1,drone,1,9.489961992702219e-05,2230,0.0046500813764240876,True
GaussianBudget75M_MaxCov,Holiday_2023-CALPF-001277,20230526,19,pyrologix,3,none,2023,0.0,0.0020667770004365593,-1,undetected,1,9.489961992702219e-05,0,0.0,False
GaussianBudget75M_MaxCov,Holiday_2023-CASHF-000145,20230210,20,pyrologix,9,42-41,2023,0.0,0.006395334989065304,1,drone,1,9.489961992702219e-05,3695,0.0046500813764240876,True
GaussianBudget75M_MaxCov,Holiday_2023-CASRF-000952,20230815,13,pyrologix,12,none,2023,0.0,0.0020119730033911765,-1,undetected,1,9.489961992702219e-05,0,0.0,False
GaussianBudget75M_MaxCov,Hollow_2023-CASTF-001956,20230910,16,pyrologix,12,108-64,2023,0.0,0.003693487000418827,0,drone,1,9.489961992702219e-05,4250,0.0046500813764240876,True
GaussianBudget75M_MaxCov,Hollow_2023-CATCU-013868,20231019,11,pyrologix,4,122-61,2023,0.0,0.0038113069895189255,0,drone,1,9.489961992702219e-05,1585,0.0046500813764240876,True
GaussianBudget75M_MaxCov,Honey_2023-CAPNF-000663,20230705,20,pyrologix,12,70-69,2023,0.0,0.0032494059996679425,0,drone,1,9.489961992702219e-05,4460,0.0046500813764240876,True
GaussianBudget75M_MaxCov,Hopkins_2023-CAPNF-001008,20230817,19,pyrologix,12,72-57,2023,0.0,0.03715904400451109,-1,undetected,1,9.489961992702219e-05,4560,0.0046500813764240876,True
GaussianBudget75M_MaxCov,Horse_2023-CAKNF-008106,20230917,14,pyrologix,12,18-37,2023,0.0,0.0065361810266040266,0,drone,1,9.489961992702219e-05,4440,0.0040806836568619545,True
GaussianBudget75M_MaxCov,Horse_2023-CAMNF-000385,20230530,15,pyrologix,12,61-19,2023,0.0,0.005318126990459859,0,drone,1,9.489961992702219e-05,4705,0.0046500813764240876,True
GaussianBudget75M_MaxCov,Horse_2023-CAPNF-001410,20230925,22,pyrologix,1,72-57,2023,0.0,0.0025189649895764887,0,drone,1,9.489961992702219e-05,550,0.003795984797080888,True
GaussianBudget75M_MaxCov,Hot_2023-CAINF-001668,20230910,17,pyrologix,2,none,2023,0.0,0.0020364910014905035,-1,undetected,1,9.489961992702219e-05,0,0.0,False
GaussianBudget75M_MaxCov,Huckle_2023-CAKNF-008130,20230918,1,pyrologix,4,21-28,2023,0.0,0.0033174040145240724,0,drone,1,9.489961992702219e-05,1640,0.0046500813764240876,True
GaussianBudget75M_MaxCov,Huckleberry_2023-CAENF-022291,20230814,20,pyrologix,6,none,2023,0.0,0.002091709990054369,-1,undetected,1,9.489961992702219e-05,0,0.0,False
GaussianBudget75M_MaxCov,Hughes_2023-CALAC-208600,20230624,5,pyrologix,8,none,2023,0.0,0.0020528619934339076,-1,undetected,1,9.489961992702219e-05,0,0.0,False
GaussianBudget75M_MaxCov,Hull_2023-CASTF-001546,20230814,22,pyrologix,8,115-63,2023,0.0,0.003681762987980619,0,drone,1,9.489961992702219e-05,2890,0.0046500813764240876,True
GaussianBudget75M_MaxCov,Humphrey_2023-CAPNF-000982,20230816,21,pyrologix,7,67-62,2023,0.0,0.003222204017220065,0,drone,1,9.489961992702219e-05,2840,0.0046500813764240876,True
GaussianBudget75M_MaxCov,Hurdy_Gurdy_2023-CASRF-000998,20230818,12,pyrologix,12,16-26,2023,0.0,0.0048163210158236325,0,drone,1,9.489961992702219e-05,4715,0.004555181756497065,True
GaussianBudget75M_MaxCov,Hwy_166____Bull_Canyon_Rd_2023-CASLU-011614,20230728,8,pyrologix,1,none,2023,0.0,0.002004800015129149,-1,undetected,1,9.489961992702219e-05,0,0.0,False
GaussianBudget75M_MaxCov,Hy_243____Diamond_Zen_Rd_2023-CARRU-164439,20231106,0,pyrologix,4,218-98,2023,0.0,0.003264571016188711,0,drone,1,9.489961992702219e-05,1740,0.004555181756497065,True
GaussianBudget75M_MaxCov,Hy_74__E__Scenic_Dr_2023-CARRU-004047,20230109,0,pyrologix,2,none,2023,0.0,0.0021310790034476668,-1,undetected,1,9.489961992702219e-05,0,0.0,False
GaussianBudget75M_MaxCov,Hyampom_2023-CASHF-000285,20230412,18,pyrologix,11,47-21,2023,0.0,0.010046310984762385,1,drone,1,9.489961992702219e-05,4550,0.0046500813764240876,True
GaussianBudget75M_MaxCov,I_15__N__Hwy_138_2023-CABDU-009650,20230715,18,pyrologix,7,206-88,2023,0.0,0.012908887001685798,1,drone,1,9.489961992702219e-05,3155,0.004460282136570043,True
GaussianBudget75M_MaxCov,I_15__N__Hwy_138_2023-CABDU-012586,20230907,6,pyrologix,7,206-88,2023,0.0,0.005695461004506797,1,drone,1,9.489961992702219e-05,3155,0.004460282136570043,True
GaussianBudget75M_MaxCov,I_15__S__Hwy_138_2023-CABDU-006311,20230513,21,pyrologix,11,206-88,2023,0.0,0.003184489003615454,0,drone,1,9.489961992702219e-05,4115,0.004460282136570043,True
GaussianBudget75M_MaxCov,Ice_2023-CAENF-018816,20230711,15,pyrologix,9,97-60,2023,0.0,0.004619109007762745,0,drone,1,9.489961992702219e-05,2890,0.0046500813764240876,True
GaussianBudget75M_MaxCov,Ice_House_2023-CAENF-011783,20230502,16,pyrologix,2,98-62,2023,0.0,0.0027762699755840003,0,drone,1,9.489961992702219e-05,775,0.004365382516643021,True
GaussianBudget75M_MaxCov,Icehouse_2023-CAANF-002235,20230717,11,pyrologix,11,206-88,2023,0.0,0.003425064991461113,0,drone,1,9.489961992702219e-05,4175,0.004460282136570043,True
GaussianBudget75M_MaxCov,Indian_2023-CACNF-000210,20230204,12,pyrologix,12,230-98,2023,0.0,0.02074080699821934,-1,undetected,1,9.489961992702219e-05,4360,0.0046500813764240876,True
GaussianBudget75M_MaxCov,Indian_Springs_2023-CATNF-001752,20231028,20,pyrologix,5,87-59,2023,0.0,0.006909149989951402,1,drone,1,9.489961992702219e-05,2270,0.0046500813764240876,True
GaussianBudget75M_MaxCov,Interface_2023-CATCU-006361,20230518,1,pyrologix,8,111-57,2023,0.0,0.0057954780058935285,1,drone,1,9.489961992702219e-05,3225,0.0046500813764240876,True
GaussianBudget75M_MaxCov,Intersection_2023-CAKNF-007000,20230816,0,pyrologix,6,23-23,2023,0.0,0.003985807008575648,0,drone,1,9.489961992702219e-05,2330,0.0046500813764240876,True
GaussianBudget75M_MaxCov,Iron_2023-CASRF-001003,20230819,13,pyrologix,11,26-25,2023,0.0,0.003844152990495786,0,drone,1,9.489961992702219e-05,4490,0.0046500813764240876,True
GaussianBudget75M_MaxCov,Ishi_2023-CALNF-006312,20231119,13,pyrologix,7,56-40,2023,0.0,0.00268792497809045,0,drone,1,9.489961992702219e-05,2900,0.0046500813764240876,True
GaussianBudget75M_MaxCov,Ishi_2023-CATGU-013430,20231119,13,pyrologix,7,56-40,2023,0.0,0.002707865001866594,0,drone,1,9.489961992702219e-05,2900,0.0046500813764240876,True
GaussianBudget75M_MaxCov,Island_2023-CASRF-000991,20230817,19,pyrologix,9,16-26,2023,0.0,0.0070548090152442455,1,drone,1,9.489961992702219e-05,3975,0.004555181756497065,True
GaussianBudget75M_MaxCov,Jackson_2023-CAKNF-008621,20231003,18,pyrologix,10,33-29,2023,0.0,0.006311158009339124,1,drone,1,9.489961992702219e-05,4160,0.0046500813764240876,True
GaussianBudget75M_MaxCov,Jackson_2023-CAPNF-000523,20230617,2,pyrologix,1,73-63,2023,0.0,0.015768232027767226,2,drone,1,9.489961992702219e-05,1285,0.004555181756497065,True
GaussianBudget75M_MaxCov,Jade_2023-CABDF-009601,20230705,3,pyrologix,3,none,2023,0.0,0.0019937129982281476,-1,undetected,1,9.489961992702219e-05,0,0.0,False
GaussianBudget75M_MaxCov,Janes_2023-CAMDF-000177,20230522,18,pyrologix,4,none,2023,0.0,0.0020316790032666177,-1,undetected,1,9.489961992702219e-05,0,0.0,False
GaussianBudget75M_MaxCov,Japatul_2023-CACNF-000744,20230415,15,pyrologix,11,none,2023,0.0,0.0020810309797525406,-1,undetected,1,9.489961992702219e-05,0,0.0,False
GaussianBudget75M_MaxCov,Japatul_2_2023-CACNF-000745,20230415,17,pyrologix,8,none,2023,0.0,0.002030167990596965,-1,undetected,1,9.489961992702219e-05,0,0.0,False
GaussianBudget75M_MaxCov,Jaw_2023-CASTF-000895,20230616,22,pyrologix,5,118-64,2023,0.0,0.0037585649988614023,0,drone,1,9.489961992702219e-05,1870,0.004555181756497065,True
GaussianBudget75M_MaxCov,Jedediah_2023-CASRF-001058,20230825,18,pyrologix,2,16-26,2023,0.0,0.002883146982640028,0,drone,1,9.489961992702219e-05,1020,0.004460282136570043,True
GaussianBudget75M_MaxCov,Jess_2023-CAMDF-000181,20230524,20,pyrologix,3,none,2023,0.0,0.002210933977039531,-1,undetected,1,9.489961992702219e-05,0,0.0,False
GaussianBudget75M_MaxCov,Juergens_2023-CACNF-002409,20230831,17,pyrologix,1,none,2023,0.0,0.002030188014032319,-1,undetected,1,9.489961992702219e-05,0,0.0,False
GaussianBudget75M_MaxCov,Juniper_2023-CASTF-001948,20230910,15,pyrologix,6,none,2023,0.0,0.002089173998683691,-1,undetected,1,9.489961992702219e-05,0,0.0,False
GaussianBudget75M_MaxCov,Jupiter_2023-CASTF-000394,20230414,16,pyrologix,10,111-57,2023,0.0,0.004848231008509174,0,drone,1,9.489961992702219e-05,3740,0.0046500813764240876,True
GaussianBudget75M_MaxCov,Jupiters_2023-CASTF-001133,20230706,9,pyrologix,8,111-57,2023,0.0,0.004591125994920731,0,drone,1,9.489961992702219e-05,2810,0.0046500813764240876,True
GaussianBudget75M_MaxCov,Kaiser_2023-CASNF-001715,20231203,22,pyrologix,2,132-72,2023,0.0,0.005995081999571994,1,drone,1,9.489961992702219e-05,1435,0.004555181756497065,True
GaussianBudget75M_MaxCov,Kane_2023-CAMMU-020138,20230909,13,pyrologix,4,128-67,2023,0.0,0.002647807006724179,0,drone,1,9.489961992702219e-05,1710,0.0046500813764240876,True
GaussianBudget75M_MaxCov,Keddie_2023-CAPNF-000274,20230519,23,pyrologix,8,65-55,2023,0.0,0.012839320988859981,1,drone,1,9.489961992702219e-05,3335,0.0046500813764240876,True
GaussianBudget75M_MaxCov,Kelly_2023-CASHF-001205,20230919,1,pyrologix,5,47-27,2023,0.0,0.006226123980013654,1,drone,1,9.489961992702219e-05,2290,0.0046500813764240876,True
GaussianBudget75M_MaxCov,Kelly_2023-CASRF-000939,20230815,10,pyrologix,8,none,2023,0.0,0.0021463430020958185,-1,undetected,1,9.489961992702219e-05,0,0.0,False
GaussianBudget75M_MaxCov,Keltz_2023-CASTF-001915,20230909,20,pyrologix,5,111-57,2023,0.0,0.0095327949966304,2,drone,1,9.489961992702219e-05,2670,0.0046500813764240876,True
GaussianBudget75M_MaxCov,Kennedy_2023-CASQF-002149,20231001,12,pyrologix,10,none,2023,0.0,0.002114603004883975,-1,undetected,1,9.489961992702219e-05,0,0.0,False
GaussianBudget75M_MaxCov,Kennedy_2023-CASTF-001780,20230830,13,pyrologix,7,none,2023,0.0,0.0020614920067600906,-1,undetected,1,9.489961992702219e-05,0,0.0,False
GaussianBudget75M_MaxCov,Kennedys_2023-CASTF-001947,20230910,18,pyrologix,1,none,2023,0.0,0.00281317500048317,-1,undetected,1,9.489961992702219e-05,0,0.0,False
GaussianBudget75M_MaxCov,Kentucky_2023-CAENF-014019,20230526,19,pyrologix,4,93-54,2023,0.0,0.0024524990003556013,0,drone,1,9.489961992702219e-05,1380,0.0046500813764240876,True
GaussianBudget75M_MaxCov,Kerns_2023-CASTF-001934,20230910,12,pyrologix,6,115-63,2023,0.0,0.003045992023544386,0,drone,1,9.489961992702219e-05,2120,0.0046500813764240876,True
GaussianBudget75M_MaxCov,Kilgore_2023-CAMNF-001227,20230918,15,pyrologix,7,69-27,2023,2260.59169222301,0.007652800006326288,0,drone,1,9.489961992702219e-05,2890,0.0046500813764240876,True
GaussianBudget75M_MaxCov,King_2023-CASNF-001561,20231014,18,pyrologix,4,135-68,2023,0.0,0.0047334469854831696,0,drone,1,9.489961992702219e-05,1545,0.004365382516643021,True
GaussianBudget75M_MaxCov,Kings_2023-CAKNF-007503,20230830,12,pyrologix,11,21-28,2023,0.0,0.005834882991621271,0,drone,1,9.489961992702219e-05,4395,0.0046500813764240876,True
GaussianBudget75M_MaxCov,Kitchen_2023-CASTF-001594,20230816,16,pyrologix,6,108-64,2023,0.0,0.0021890950156375766,0,drone,1,9.489961992702219e-05,2185,0.004460282136570043,True
GaussianBudget75M_MaxCov,Knight_2023-CASTF-001330,20230729,7,pyrologix,5,111-57,2023,0.0,0.003742033994058147,0,drone,1,9.489961992702219e-05,1945,0.0046500813764240876,True
GaussianBudget75M_MaxCov,Knoll_2023-CAINF-001125,20230725,0,pyrologix,1,none,2023,0.0,0.0022361419978551567,-1,undetected,1,9.489961992702219e-05,0,0.0,False
GaussianBudget75M_MaxCov,Knownothing_2023-CAKNF-008148,20230918,15,pyrologix,10,33-23,2023,0.0,0.0071918579924385995,1,drone,1,9.489961992702219e-05,4235,0.0046500813764240876,True
GaussianBudget75M_MaxCov,Kuntz_2023-CAKNF-005080,20230625,4,pyrologix,2,17-30,2023,0.0,0.006142392987385392,1,drone,1,9.489961992702219e-05,1470,0.004365382516643021,True
GaussianBudget75M_MaxCov,Kyburz_2023-CAAEU-025635,20230917,22,pyrologix,11,98-62,2023,0.0,0.0029521899996325374,0,drone,1,9.489961992702219e-05,3670,0.0046500813764240876,True
GaussianBudget75M_MaxCov,L-1_Branch_Fish_2023-CALNF-004323,20230815,19,pyrologix,8,62-48,2023,0.0,0.007474385987734422,1,drone,1,9.489961992702219e-05,3375,0.0046500813764240876,True
GaussianBudget75M_MaxCov,L-1_Pear_2023-CALNF-002954,20230613,18,pyrologix,3,62-48,2023,0.0,0.002067395020276308,0,drone,1,9.489961992702219e-05,1095,0.004270482896715999,True
GaussianBudget75M_MaxCov,L-2_2023-CALNF-004359,20230817,16,pyrologix,2,55-47,2023,0.0,0.00523499702103436,1,drone,1,9.489961992702219e-05,1200,0.0046500813764240876,True
GaussianBudget75M_MaxCov,L-_3_2023-CALNF-004362,20230817,17,pyrologix,2,55-47,2023,0.0,0.002133221976691857,0,drone,1,9.489961992702219e-05,820,0.004365382516643021,True
GaussianBudget75M_MaxCov,Lac-184211_2023-CALAC-184211,20230603,18,pyrologix,10,206-87,2023,0.0,0.005161922017578036,0,drone,1,9.489961992702219e-05,3660,0.004555181756497065,True
GaussianBudget75M_MaxCov,Lac-248756_2023-CALAC-248756,20230725,17,pyrologix,10,206-88,2023,0.0,0.004037095000967383,0,drone,1,9.489961992702219e-05,3940,0.004460282136570043,True
GaussianBudget75M_MaxCov,Lac-265965_2023-CALAC-265965,20230807,17,pyrologix,8,none,2023,0.0,0.002173549000872299,-1,undetected,1,9.489961992702219e-05,0,0.0,False
GaussianBudget75M_MaxCov,Lac-270836_2023-CALAC-270836,20230811,15,pyrologix,9,none,2023,0.0,0.002066456014290452,-1,undetected,1,9.489961992702219e-05,0,0.0,False
GaussianBudget75M_MaxCov,Lac-281560_2023-CALAC-281560,20230819,18,pyrologix,8,none,2023,0.0,0.0023391850118059665,-1,undetected,1,9.489961992702219e-05,0,0.0,False
GaussianBudget75M_MaxCov,Lac-291928_2023-CALAC-291928,20230827,11,pyrologix,10,none,2023,0.0,0.002214499982073903,-1,undetected,1,9.489961992702219e-05,0,0.0,False
GaussianBudget75M_MaxCov,Lac-308780_2023-CALAC-308780,20230909,12,pyrologix,8,none,2023,0.0,0.002148464001948014,-1,undetected,1,9.489961992702219e-05,0,0.0,False
GaussianBudget75M_MaxCov,Lac-311937_2023-CALAC-311937,20230911,21,pyrologix,2,none,2023,0.0,0.0021319480147212744,-1,undetected,1,9.489961992702219e-05,0,0.0,False
GaussianBudget75M_MaxCov,Lac-358687_2023-CALAC-358687,20231019,13,pyrologix,11,none,2023,0.0,0.002055542019661516,-1,undetected,1,9.489961992702219e-05,0,0.0,False
GaussianBudget75M_MaxCov,Laco-_Fred_2023-CAANF-002523,20230802,16,pyrologix,9,none,2023,0.0,0.0022023609781172127,-1,undetected,1,9.489961992702219e-05,0,0.0,False
GaussianBudget75M_MaxCov,Lago_2023-CAANF-002338,20230723,6,pyrologix,2,none,2023,0.0,0.002128390973666683,-1,undetected,1,9.489961992702219e-05,0,0.0,False
GaussianBudget75M_MaxCov,Lago_2023-CALAC-198338,20230615,18,pyrologix,8,none,2023,0.0,0.002085406013065949,-1,undetected,1,9.489961992702219e-05,0,0.0,False
GaussianBudget75M_MaxCov,Lago_2023-CALAC-245622,20230723,2,pyrologix,11,none,2023,0.0,0.002053648990113288,-1,undetected,1,9.489961992702219e-05,0,0.0,False
GaussianBudget75M_MaxCov,Lago_Ic_2023-CALAC-197807,20230615,11,pyrologix,2,none,2023,0.0,0.002097325981594622,-1,undetected,1,9.489961992702219e-05,0,0.0,False
GaussianBudget75M_MaxCov,Lake_2023-CAANF-234133,20231222,14,pyrologix,6,206-87,2023,0.0,0.0074383240134920925,1,drone,1,9.489961992702219e-05,2630,0.004555181756497065,True
GaussianBudget75M_MaxCov,Lake_2023-CAKNF-006975,20230815,18,pyrologix,4,28-32,2023,0.0,0.0036088360066059977,0,drone,1,9.489961992702219e-05,1870,0.0046500813764240876,True
GaussianBudget75M_MaxCov,Lake_2023-CALPF-003332,20231204,11,pyrologix,1,none,2023,0.0,0.0021538870059885085,-1,undetected,1,9.489961992702219e-05,0,0.0,False
GaussianBudget75M_MaxCov,Lake_2023-CAMDF-000899,20230912,18,pyrologix,2,38-63,2023,0.0,0.00871270100469701,1,drone,1,9.489961992702219e-05,1320,0.0046500813764240876,True
GaussianBudget75M_MaxCov,Lake_2023-CASHF-000616,20230618,1,pyrologix,10,42-41,2023,0.0,0.004707191983470693,0,drone,1,9.489961992702219e-05,3820,0.0046500813764240876,True
GaussianBudget75M_MaxCov,Lake_2023-CASTF-001343,20230730,15,pyrologix,12,115-63,2023,0.0,0.003973068000050262,0,drone,1,9.489961992702219e-05,4120,0.0046500813764240876,True
GaussianBudget75M_MaxCov,Lamoine_2023-CASHF-000563,20230609,23,pyrologix,10,42-41,2023,0.0,0.0072231710073538125,1,drone,1,9.489961992702219e-05,4140,0.0046500813764240876,True
GaussianBudget75M_MaxCov,Landing_2023-CACNF-003033,20231111,12,pyrologix,11,none,2023,0.0,0.0021766720165032893,-1,undetected,1,9.489961992702219e-05,0,0.0,False
GaussianBudget75M_MaxCov,Lane_2023-CASQF-001107,20230704,23,pyrologix,10,172-74,2023,0.0,0.0034825239854399115,0,drone,1,9.489961992702219e-05,3580,0.0046500813764240876,True
GaussianBudget75M_MaxCov,Larch_2023-CALNF-002947,20230613,15,pyrologix,4,51-53,2023,0.0,0.0048224089841824025,1,drone,1,9.489961992702219e-05,1825,0.0046500813764240876,True
GaussianBudget75M_MaxCov,Lassen_2023-CAMDF-000291,20230627,13,pyrologix,12,none,2023,0.0,0.002191321982536465,-1,undetected,1,9.489961992702219e-05,0,0.0,False
GaussianBudget75M_MaxCov,Lawson_2023-CACNF-003252,20231217,22,pyrologix,4,none,2023,0.0,0.002161005017114803,-1,undetected,1,9.489961992702219e-05,0,0.0,False
GaussianBudget75M_MaxCov,Leaf_2023-CATMU-014379,20230530,15,pyrologix,7,none,2023,0.0,0.0020283169869799167,-1,undetected,1,9.489961992702219e-05,0,0.0,False
GaussianBudget75M_MaxCov,Leary_2023-CASRF-000487,20230606,11,pyrologix,10,27-19,2023,0.0,0.010664891015039757,1,drone,1,9.489961992702219e-05,3895,0.0046500813764240876,True
GaussianBudget75M_MaxCov,Let_Er-Buck_2023-CASRF-000984,20230817,21,pyrologix,8,26-25,2023,0.0,0.0035042700183112174,0,drone,1,9.489961992702219e-05,3400,0.0046500813764240876,True
GaussianBudget75M_MaxCov,Lewis_2023-CASTF-001937,20230910,11,pyrologix,11,115-63,2023,0.0,0.003860413999063894,0,drone,1,9.489961992702219e-05,3800,0.0046500813764240876,True
GaussianBudget75M_MaxCov,Light_2023-CAAEU-011735,20230501,18,pyrologix,5,93-54,2023,0.0,0.007806915993569419,0,drone,1,9.489961992702219e-05,1990,0.0046500813764240876,True
GaussianBudget75M_MaxCov,Light_2023-CATCU-007305,20230606,20,pyrologix,4,111-57,2023,0.0,0.0022746649920009077,0,drone,1,9.489961992702219e-05,1385,0.004460282136570043,True
GaussianBudget75M_MaxCov,Lily_2023-CASTF-001559,20230814,17,pyrologix,2,115-63,2023,0.0,0.0020333710126578808,0,drone,1,9.489961992702219e-05,755,0.004175583276788976,True
GaussianBudget75M_MaxCov,Lime_2023-CAKNF-005141,20230626,13,pyrologix,12,17-30,2023,0.0,0.01962060300866142,-1,undetected,1,9.489961992702219e-05,4770,0.004555181756497065,True
GaussianBudget75M_MaxCov,Lime_2023-CASHF-000503,20230529,17,pyrologix,3,40-29,2023,0.0,0.005390641978010535,1,drone,1,9.489961992702219e-05,1515,0.0046500813764240876,True
GaussianBudget75M_MaxCov,Line_2023-CASNF-001097,20230816,20,pyrologix,11,132-72,2023,0.0,0.005233429983491078,0,drone,1,9.489961992702219e-05,4560,0.0046500813764240876,True
GaussianBudget75M_MaxCov,Little_2023-CAKNF-005465,20230704,20,pyrologix,9,17-30,2023,0.0,0.00469568301923573,0,drone,1,9.489961992702219e-05,3630,0.004555181756497065,True
GaussianBudget75M_MaxCov,Little_2023-CASQF-001707,20230817,15,pyrologix,5,161-79,2023,0.0,0.0037530869885813445,0,drone,1,9.489961992702219e-05,1995,0.0046500813764240876,True
GaussianBudget75M_MaxCov,Little_2023-CATNF-000567,20230602,15,pyrologix,5,90-60,2023,0.0,0.002457612019497901,0,drone,1,9.489961992702219e-05,1835,0.0046500813764240876,True
GaussianBudget75M_MaxCov,Lloyd_2023-CASQF-002068,20230921,17,pyrologix,8,164-82,2023,0.0,0.003021676995558664,0,drone,1,9.489961992702219e-05,2940,0.0046500813764240876,True
GaussianBudget75M_MaxCov,Log_Springs_2023-CAMNF-000705,20230731,14,pyrologix,9,61-26,2023,0.0,0.006551259983098134,1,drone,1,9.489961992702219e-05,4300,0.0046500813764240876,True
GaussianBudget75M_MaxCov,Logan_2023-CAMDF-000568,20230818,22,pyrologix,10,none,2023,0.0,0.002078486024402082,-1,undetected,1,9.489961992702219e-05,0,0.0,False
GaussianBudget75M_MaxCov,Logger_2023-CATNF-000608,20230605,22,pyrologix,6,80-65,2023,0.0,0.003694398998050019,0,drone,1,9.489961992702219e-05,2085,0.004555181756497065,True
GaussianBudget75M_MaxCov,Lone_2023-CABDF-009173,20230627,17,pyrologix,12,206-88,2023,0.0,0.0033944559982046485,0,drone,1,9.489961992702219e-05,4520,0.004460282136570043,True
GaussianBudget75M_MaxCov,Lone_Pine_2023-CASRF-000931,20230815,3,pyrologix,8,33-23,2023,0.0,0.0026230289950035512,0,drone,1,9.489961992702219e-05,3120,0.0046500813764240876,True
GaussianBudget75M_MaxCov,Long_2023-CAENF-025043,20230910,22,pyrologix,2,90-60,2023,0.0,0.006395728996722028,1,drone,1,9.489961992702219e-05,1410,0.0046500813764240876,True
GaussianBudget75M_MaxCov,Long_2023-CASKU-006965,20230815,17,pyrologix,3,37-52,2023,0.0,0.005317019997164607,1,drone,1,9.489961992702219e-05,1350,0.004365382516643021,True
GaussianBudget75M_MaxCov,Loon_2023-CAENF-024211,20230902,10,pyrologix,8,90-60,2023,0.0,0.01110562399844639,3,drone,1,9.489961992702219e-05,4035,0.0046500813764240876,True
GaussianBudget75M_MaxCov,Loop_2023-CAPNF-001011,20230817,22,pyrologix,7,72-57,2023,0.0,0.007277849013917148,1,drone,1,9.489961992702219e-05,3175,0.0046500813764240876,True
GaussianBudget75M_MaxCov,Loop_2023-CASRF-000442,20230528,19,pyrologix,9,40-22,2023,0.0,0.007771392003633082,1,drone,1,9.489961992702219e-05,3890,0.0046500813764240876,True
GaussianBudget75M_MaxCov,Lopez_2023-CAANF-002663,20230811,20,pyrologix,9,none,2023,0.0,0.0020631009829230607,-1,undetected,1,9.489961992702219e-05,0,0.0,False
GaussianBudget75M_MaxCov,Lost_2023-CAKNF-006299,20230727,21,pyrologix,12,26-25,2023,0.0,0.019289263000246137,-1,undetected,1,9.489961992702219e-05,5020,0.0046500813764240876,True
GaussianBudget75M_MaxCov,Lost_2023-CALNF-002718,20230602,2,pyrologix,10,51-53,2023,0.0,0.0029757269949186593,0,drone,1,9.489961992702219e-05,3530,0.0046500813764240876,True
GaussianBudget75M_MaxCov,Lower_2023-CASHF-000434,20230515,19,pyrologix,8,47-21,2023,0.0,0.0031577490153722465,0,drone,1,9.489961992702219e-05,3140,0.004555181756497065,True
GaussianBudget75M_MaxCov,Lower_2023-CASRF-000951,20230815,15,pyrologix,6,none,2023,0.0,0.0021253660088405013,-1,undetected,1,9.489961992702219e-05,0,0.0,False
GaussianBudget75M_MaxCov,Lucky_2023-CASQF-001260,20230716,21,pyrologix,1,165-77,2023,0.0,0.0036602210020646453,0,drone,1,9.489961992702219e-05,665,0.004270482896715999,True
GaussianBudget75M_MaxCov,Lundy_2023-CAINF-001327,20230813,19,pyrologix,4,none,2023,0.0,0.0020628869824577123,-1,undetected,1,9.489961992702219e-05,0,0.0,False
GaussianBudget75M_MaxCov,Lupine_2023-CAANF-233080,20230908,19,pyrologix,6,206-88,2023,0.0,0.00221018900629133,0,drone,1,9.489961992702219e-05,2390,0.004460282136570043,True
GaussianBudget75M_MaxCov,Luther_2023-CATMU-018015,20230704,13,pyrologix,11,101-70,2023,0.0,0.005235244025243446,0,drone,1,9.489961992702219e-05,4800,0.004270482896715999,True
GaussianBudget75M_MaxCov,Lyon_2023-CASTF-001968,20230911,12,pyrologix,8,115-63,2023,0.0,0.006298663007328287,1,drone,1,9.489961992702219e-05,3215,0.0046500813764240876,True
GaussianBudget75M_MaxCov,Lytle_2023-CABDF-007484,20230521,15,pyrologix,4,206-88,2023,0.0,0.00410428098984994,0,drone,1,9.489961992702219e-05,1960,0.004460282136570043,True
GaussianBudget75M_MaxCov,Mabie_2023-CAPNF-000641,20230702,19,pyrologix,10,73-63,2023,0.0,0.005749843985540792,1,drone,1,9.489961992702219e-05,3805,0.004555181756497065,True
GaussianBudget75M_MaxCov,Maggie_2023-CASQF-001689,20230816,11,pyrologix,8,161-79,2023,0.0,0.01192418800201267,1,drone,1,9.489961992702219e-05,3335,0.0046500813764240876,True
GaussianBudget75M_MaxCov,Maidens_2023-CAENF-018974,20230712,15,pyrologix,12,98-62,2023,0.0,0.019136756018269807,-1,undetected,1,9.489961992702219e-05,4320,0.0046500813764240876,True
GaussianBudget75M_MaxCov,Malone_2023-CAKNF-006982,20230815,19,pyrologix,5,21-28,2023,0.0,0.0021454939851537347,0,drone,1,9.489961992702219e-05,1830,0.0046500813764240876,True
GaussianBudget75M_MaxCov,Mammoth_2023-CAINF-000699,20230611,21,pyrologix,2,none,2023,0.0,0.0021164820063859224,-1,undetected,1,9.489961992702219e-05,0,0.0,False
GaussianBudget75M_MaxCov,Mapes_2023-CAPNF-001376,20230919,20,pyrologix,10,73-63,2023,0.0,0.003013543988345191,0,drone,1,9.489961992702219e-05,3530,0.004555181756497065,True
GaussianBudget75M_MaxCov,Maple_2023-CAKNF-007045,20230817,22,pyrologix,11,18-37,2023,0.0,0.006739074015058577,1,drone,1,9.489961992702219e-05,4480,0.0040806836568619545,True
GaussianBudget75M_MaxCov,Maple_2023-CAORC-051391,20230416,11,pyrologix,4,none,2023,0.0,0.002069104986730963,-1,undetected,1,9.489961992702219e-05,0,0.0,False
GaussianBudget75M_MaxCov,Marble_2023-CAKNF-005350,20230701,12,pyrologix,12,21-28,2023,0.0,0.0069070999743416905,1,drone,1,9.489961992702219e-05,4805,0.0046500813764240876,True
GaussianBudget75M_MaxCov,Marigold_2023-CASRF-000448,20230529,20,pyrologix,5,35-16,2023,0.0,0.0029865030082874,0,drone,1,9.489961992702219e-05,1975,0.0046500813764240876,True
GaussianBudget75M_MaxCov,Mariposa_2023-CABDF-009985,20230712,16,pyrologix,7,206-88,2023,0.0,0.0026719520101323724,0,drone,1,9.489961992702219e-05,2805,0.004460282136570043,True
GaussianBudget75M_MaxCov,Marlow_2023-CASRF-000962,20230815,20,pyrologix,3,25-20,2023,0.0,0.004096975986612961,0,drone,1,9.489961992702219e-05,1390,0.0046500813764240876,True
GaussianBudget75M_MaxCov,Mather_2023-CASTF-001309,20230726,15,pyrologix,7,118-64,2023,0.0,0.0045824559929315,0,drone,1,9.489961992702219e-05,2660,0.0046500813764240876,True
GaussianBudget75M_MaxCov,May_Valley_Truck_Trl___Saunders_Meadow_Rd_2023-CARRU-109884,20230727,20,pyrologix,6,225-101,2023,0.0,0.008070215000770986,2,drone,1,9.489961992702219e-05,2845,0.0046500813764240876,True
GaussianBudget75M_MaxCov,Mcadams_2023-CASKU-005077,20230625,1,pyrologix,7,24-35,2023,0.0,0.00674062900361605,1,drone,1,9.489961992702219e-05,3225,0.0046500813764240876,True
GaussianBudget75M_MaxCov,Mccardle_2023-CASHF-001286,20231019,15,pyrologix,5,42-41,2023,0.0,0.007205355999758467,1,drone,1,9.489961992702219e-05,2490,0.0046500813764240876,True
GaussianBudget75M_MaxCov,Mccarthy_2023-CAKNF-007323,20230825,3,pyrologix,8,24-35,2023,0.0,0.007152893987949938,1,drone,1,9.489961992702219e-05,3665,0.0046500813764240876,True
GaussianBudget75M_MaxCov,Meadow_2023-CAKNF-008108,20230917,14,pyrologix,12,28-32,2023,0.0,0.004483346012420952,0,drone,1,9.489961992702219e-05,4730,0.0046500813764240876,True
GaussianBudget75M_MaxCov,Meadow_2023-CASQF-000722,20230530,20,pyrologix,9,171-80,2023,0.0,0.01229989601415582,3,drone,1,9.489961992702219e-05,4245,0.0046500813764240876,True
GaussianBudget75M_MaxCov,Meadow_2023-CASTF-001992,20230913,19,pyrologix,1,none,2023,0.0,0.0020458880171645433,-1,undetected,1,9.489961992702219e-05,0,0.0,False
GaussianBudget75M_MaxCov,Meadow_2023-CATNF-001277,20230815,22,pyrologix,8,80-65,2023,0.0,0.010475582996150479,2,drone,1,9.489961992702219e-05,3805,0.0046500813764240876,True
GaussianBudget75M_MaxCov,Medicine_2023-CASHF-000507,20230530,12,pyrologix,12,37-52,2023,0.0,0.003306384023744613,0,drone,1,9.489961992702219e-05,4050,0.0046500813764240876,True
GaussianBudget75M_MaxCov,Merrill_2023-CASRF-001060,20230825,16,pyrologix,6,26-25,2023,0.0,0.0023466889979317784,0,drone,1,9.489961992702219e-05,2440,0.0046500813764240876,True
GaussianBudget75M_MaxCov,Mesa_2023-CAANF-002456,20230729,20,pyrologix,2,none,2023,0.0,0.002070933987852186,-1,undetected,1,9.489961992702219e-05,0,0.0,False
GaussianBudget75M_MaxCov,Mescal_2023-CAANF-000005,20230603,20,pyrologix,5,206-88,2023,0.0,0.004721664998214692,1,drone,1,9.489961992702219e-05,2390,0.004460282136570043,True
GaussianBudget75M_MaxCov,Miami_2023-CASNF-000751,20230708,18,pyrologix,8,128-67,2023,0.0,0.010238161019515246,2,drone,1,9.489961992702219e-05,4230,0.0046500813764240876,True
GaussianBudget75M_MaxCov,Middle_2023-CAENF-022871,20230820,5,pyrologix,2,105-63,2023,0.0,0.004006400005891919,0,drone,1,9.489961992702219e-05,1120,0.004460282136570043,True
GaussianBudget75M_MaxCov,Middle_2023-CAKNF-003614,20230511,21,pyrologix,3,18-37,2023,0.0,0.004627710004569963,1,drone,1,9.489961992702219e-05,1610,0.0040806836568619545,True
GaussianBudget75M_MaxCov,Middle_2023-CAKNF-005149,20230626,18,pyrologix,5,21-28,2023,0.0,0.007029717991827056,1,drone,1,9.489961992702219e-05,2505,0.0046500813764240876,True
GaussianBudget75M_MaxCov,Mill_2023-CAMDF-000557,20230817,19,pyrologix,8,none,2023,0.0,0.0021140270109754056,-1,undetected,1,9.489961992702219e-05,0,0.0,False
GaussianBudget75M_MaxCov,Mill_2023-CATNF-000346,20230428,23,pyrologix,5,79-56,2023,0.0,0.007834871008526534,2,drone,1,9.489961992702219e-05,2370,0.0046500813764240876,True
GaussianBudget75M_MaxCov,Millard_2023-CAANF-002424,20230728,22,pyrologix,5,none,2023,0.0,0.002607912989333272,-1,undetected,1,9.489961992702219e-05,0,0.0,False
GaussianBudget75M_MaxCov,Minaret_2023-CAINF-001323,20230813,18,pyrologix,4,129-73,2023,0.0,0.006306790019152686,1,drone,1,9.489961992702219e-05,2035,0.004555181756497065,True
GaussianBudget75M_MaxCov,Mine_2023-CASNF-001080,20230814,19,pyrologix,12,129-73,2023,0.0,0.003618739021476358,0,drone,1,9.489961992702219e-05,4475,0.0046500813764240876,True
GaussianBudget75M_MaxCov,Miracle_2023-CASQF-002238,20231016,12,pyrologix,12,172-74,2023,0.0,0.005654125998262316,0,drone,1,9.489961992702219e-05,4290,0.0046500813764240876,True
GaussianBudget75M_MaxCov,Mm_11_2023-CASRF-001112,20230905,13,pyrologix,9,none,2023,0.0,0.002086894994135946,-1,undetected,1,9.489961992702219e-05,0,0.0,False
GaussianBudget75M_MaxCov,Modjeska_2023-CACNF-001650,20230708,5,pyrologix,3,none,2023,0.0,0.0021428379986900836,-1,undetected,1,9.489961992702219e-05,0,0.0,False
GaussianBudget75M_MaxCov,Mohawk_2023-CAPNF-001356,20230916,22,pyrologix,3,73-63,2023,0.0,0.006404514977475628,1,drone,1,9.489961992702219e-05,1675,0.004555181756497065,True
GaussianBudget75M_MaxCov,Money_2023-CATNF-000631,20230607,17,pyrologix,10,73-63,2023,0.0,0.005343633005395532,0,drone,1,9.489961992702219e-05,3760,0.004555181756497065,True
GaussianBudget75M_MaxCov,Monte_2023-CASRF-000486,20230606,1,pyrologix,5,26-25,2023,0.0,0.0029179519915487617,0,drone,1,9.489961992702219e-05,2185,0.0046500813764240876,True
GaussianBudget75M_MaxCov,Monument_2023-CASRF-001061,20230825,16,pyrologix,7,26-25,2023,0.0,0.002452365995850414,0,drone,1,9.489961992702219e-05,2890,0.0046500813764240876,True
GaussianBudget75M_MaxCov,Moon_2023-CABDF-013605,20231020,15,pyrologix,7,none,2023,0.0,0.002165312005672604,-1,undetected,1,9.489961992702219e-05,0,0.0,False
GaussianBudget75M_MaxCov,Moon_2023-CALPF-002846,20231008,22,pyrologix,6,none,2023,0.0,0.002118790987879038,-1,undetected,1,9.489961992702219e-05,0,0.0,False
GaussianBudget75M_MaxCov,Moonshine_2023-CATNF-001344,20230822,12,pyrologix,9,83-49,2023,0.0,0.007985876989550889,1,drone,1,9.489961992702219e-05,3900,0.0046500813764240876,True
GaussianBudget75M_MaxCov,Mormon_2023-CAAEU-030167,20231102,8,pyrologix,10,97-60,2023,0.0,0.005272277980111539,0,drone,1,9.489961992702219e-05,3500,0.0046500813764240876,True
GaussianBudget75M_MaxCov,Morris_2023-CARRU-108804,20230725,19,pyrologix,7,225-101,2023,0.0,0.005375034001190215,1,drone,1,9.489961992702219e-05,2845,0.0046500813764240876,True
GaussianBudget75M_MaxCov,Morris_2023-CASHF-000693,20230628,23,pyrologix,9,40-29,2023,0.0,0.006354858021950349,1,drone,1,9.489961992702219e-05,3570,0.0046500813764240876,True
GaussianBudget75M_MaxCov,Mosquito_2023-CASRF-000954,20230815,15,pyrologix,8,25-20,2023,0.0,0.002767155005130917,0,drone,1,9.489961992702219e-05,2795,0.0046500813764240876,True
GaussianBudget75M_MaxCov,Motel_2023-CASRF-000534,20230614,21,pyrologix,4,35-16,2023,0.0,0.009725682000862435,1,drone,1,9.489961992702219e-05,1975,0.0046500813764240876,True
GaussianBudget75M_MaxCov,Mowery_2023-CASQF-001709,20230817,14,pyrologix,8,161-79,2023,0.0,0.006968364003114402,1,drone,1,9.489961992702219e-05,3335,0.0046500813764240876,True
GaussianBudget75M_MaxCov,Mowitz_2023-CAMDF-000195,20230528,20,pyrologix,11,none,2023,0.0,0.0020753849821630865,-1,undetected,1,9.489961992702219e-05,0,0.0,False
GaussianBudget75M_MaxCov,Mud_2023-CASKU-005511,20230705,1,pyrologix,3,35-43,2023,0.0,0.006179340009111911,1,drone,1,9.489961992702219e-05,1635,0.0046500813764240876,True
GaussianBudget75M_MaxCov,Muddy_2023-CASHF-000533,20230604,20,pyrologix,9,41-47,2023,0.0,0.008710583992069587,1,drone,1,9.489961992702219e-05,3550,0.0046500813764240876,True
GaussianBudget75M_MaxCov,Mule_2023-CAKNF-005906,20230714,14,pyrologix,9,33-23,2023,0.0,0.0028517769824247807,0,drone,1,9.489961992702219e-05,3450,0.0046500813764240876,True
GaussianBudget75M_MaxCov,Mule_2023-CASHF-000721,20230702,10,pyrologix,4,42-34,2023,0.0,0.007992853003088385,0,drone,1,9.489961992702219e-05,1770,0.004555181756497065,True
GaussianBudget75M_MaxCov,Mule_2023-CASNF-000526,20230612,10,pyrologix,12,none,2023,0.0,0.0021126899810042232,-1,undetected,1,9.489961992702219e-05,0,0.0,False
GaussianBudget75M_MaxCov,Mule_2023-CASRF-001102,20230902,17,pyrologix,11,50-14,2023,0.0,0.005975670996122062,1,drone,1,9.489961992702219e-05,4105,0.0046500813764240876,True
GaussianBudget75M_MaxCov,Murken_2023-CALNF-002618,20230528,14,pyrologix,3,51-53,2023,0.0,0.0033572770189493895,0,drone,1,9.489961992702219e-05,1330,0.0046500813764240876,True
GaussianBudget75M_MaxCov,Nelder_2023-CASNF-000606,20230625,22,pyrologix,1,128-67,2023,0.0,0.0026302890037186444,0,drone,1,9.489961992702219e-05,560,0.0040806836568619545,True
GaussianBudget75M_MaxCov,Nelson_2023-CASHU-009073,20230818,2,pyrologix,1,47-27,2023,0.0,0.005134292994625866,0,drone,1,9.489961992702219e-05,680,0.004460282136570043,True
GaussianBudget75M_MaxCov,Niagra_2023-CASTF-001580,20230815,20,pyrologix,6,108-64,2023,0.0,0.003017648996319622,0,drone,1,9.489961992702219e-05,2230,0.004460282136570043,True
GaussianBudget75M_MaxCov,No_Bluff_2023-CASRF-001080,20230829,8,pyrologix,1,33-23,2023,0.0,0.003027672995813191,0,drone,1,9.489961992702219e-05,565,0.004175583276788976,True
GaussianBudget75M_MaxCov,Nob_2023-CABDF-006515,20230426,15,pyrologix,5,206-88,2023,0.0,0.0020369020057842135,0,drone,1,9.489961992702219e-05,2060,0.004460282136570043,True
GaussianBudget75M_MaxCov,North_2023-CAENF-020219,20230724,16,pyrologix,12,98-62,2023,0.0,0.0031997800106182694,0,drone,1,9.489961992702219e-05,3970,0.0046500813764240876,True
GaussianBudget75M_MaxCov,North_2023-CAPNF-000241,20230511,22,pyrologix,2,67-62,2023,0.0,0.004009128024335951,0,drone,1,9.489961992702219e-05,1265,0.004555181756497065,True
GaussianBudget75M_MaxCov,North_2023-CASQF-000844,20230613,15,pyrologix,2,164-82,2023,0.0,0.006175390997668728,1,drone,1,9.489961992702219e-05,1340,0.004555181756497065,True
GaussianBudget75M_MaxCov,North_2023-CASTF-001273,20230721,19,pyrologix,12,115-63,2023,0.0,0.0036416090151760727,0,drone,1,9.489961992702219e-05,4120,0.0046500813764240876,True
GaussianBudget75M_MaxCov,Oak_2023-CAANF-233764,20231113,0,pyrologix,6,none,2023,0.0,0.0020071190083399415,-1,undetected,1,9.489961992702219e-05,0,0.0,False
GaussianBudget75M_MaxCov,Oak_2023-CALAC-388954,20231113,2,pyrologix,3,none,2023,0.0,0.0021213619911577553,-1,undetected,1,9.489961992702219e-05,0,0.0,False
GaussianBudget75M_MaxCov,Oak_2023-CATNF-000705,20230615,19,pyrologix,1,76-51,2023,0.0,0.0070950540248304605,1,drone,1,9.489961992702219e-05,1280,0.004555181756497065,True
GaussianBudget75M_MaxCov,Oaks_2023-CAPNF-000198,20230430,21,pyrologix,2,72-57,2023,0.0,0.0031915130093693733,0,drone,1,9.489961992702219e-05,930,0.004555181756497065,True
GaussianBudget75M_MaxCov,Obelisk_2023-CASNF-001093,20230815,18,pyrologix,9,none,2023,0.0,0.0020990500051993877,-1,undetected,1,9.489961992702219e-05,0,0.0,False
GaussianBudget75M_MaxCov,Old_Mill_2023-CANEU-016843,20230616,16,pyrologix,12,79-56,2023,0.0,0.00344435399165377,0,drone,1,9.489961992702219e-05,4030,0.0046500813764240876,True
GaussianBudget75M_MaxCov,Old_State_2023-CAKNF-002771,20230411,16,pyrologix,5,27-52,2023,0.0,0.010625777009408921,1,drone,1,9.489961992702219e-05,2460,0.0046500813764240876,True
GaussianBudget75M_MaxCov,Olympic_2023-CATNF-001309,20230818,17,pyrologix,10,none,2023,0.0,0.0021468450140673667,-1,undetected,1,9.489961992702219e-05,0,0.0,False
GaussianBudget75M_MaxCov,Omega_2023-CATNF-001276,20230815,19,pyrologix,12,86-54,2023,0.0,0.006669169990345836,0,drone,1,9.489961992702219e-05,4400,0.0046500813764240876,True
GaussianBudget75M_MaxCov,Oneil_2023-CATCU-006373,20230518,12,pyrologix,6,111-57,2023,0.0,0.005579677002970129,1,drone,1,9.489961992702219e-05,2530,0.0046500813764240876,True
GaussianBudget75M_MaxCov,Oregon_2023-CAPNF-001591,20231116,11,pyrologix,11,76-51,2023,0.0,0.005137005995493382,0,drone,1,9.489961992702219e-05,4985,0.0046500813764240876,True
GaussianBudget75M_MaxCov,Oro_2023-CAANF-232959,20230831,17,pyrologix,12,none,2023,0.0,0.002095400996040553,-1,undetected,1,9.489961992702219e-05,0,0.0,False
GaussianBudget75M_MaxCov,Orr_2023-CAKNF-010545,20231130,15,pyrologix,12,27-52,2023,0.0,0.004166398022789508,0,drone,1,9.489961992702219e-05,4700,0.0046500813764240876,True
GaussianBudget75M_MaxCov,Otter_2023-CAENF-031294,20231115,23,pyrologix,3,93-54,2023,0.0,0.0035130030009895563,0,drone,1,9.489961992702219e-05,1200,0.0046500813764240876,True
GaussianBudget75M_MaxCov,Pack_2023-CASTF-001531,20230813,12,pyrologix,5,115-63,2023,0.0,0.004629852977814153,0,drone,1,9.489961992702219e-05,2040,0.0046500813764240876,True
GaussianBudget75M_MaxCov,Packsaddle_2023-CAENF-022083,20230812,14,pyrologix,11,98-62,2023,0.0,0.0051644190098159015,0,drone,1,9.489961992702219e-05,3885,0.0046500813764240876,True
GaussianBudget75M_MaxCov,Paddle_2023-CASTF-001214,20230715,23,pyrologix,5,115-63,2023,0.0,0.0022064580116420984,0,drone,1,9.489961992702219e-05,1780,0.0046500813764240876,True
GaussianBudget75M_MaxCov,Palisades_2023-CATNF-001160,20230802,13,pyrologix,5,87-59,2023,0.0,0.0033763499814085662,0,drone,1,9.489961992702219e-05,1920,0.0046500813764240876,True
GaussianBudget75M_MaxCov,Palmetto_2023-CALNF-005592,20231014,23,pyrologix,7,53-62,2023,0.0,0.0045559980208054185,0,drone,1,9.489961992702219e-05,3090,0.0046500813764240876,True
GaussianBudget75M_MaxCov,Pamo_2023-CACNF-000052,20230106,22,pyrologix,1,none,2023,0.0,0.0020423189853318036,-1,undetected,1,9.489961992702219e-05,0,0.0,False
GaussianBudget75M_MaxCov,Pan_2023-CAKNF-005138,20230626,17,pyrologix,2,17-30,2023,0.0,0.00206152701866813,0,drone,1,9.489961992702219e-05,875,0.0040806836568619545,True
GaussianBudget75M_MaxCov,Paradise_2023-CALPF-002936,20231019,2,pyrologix,9,none,2023,0.0,0.002057795994915068,-1,undetected,1,9.489961992702219e-05,0,0.0,False
GaussianBudget75M_MaxCov,Pardo_2023-CAENF-022801,20230819,17,pyrologix,6,105-63,2023,0.0,0.0051142369920853525,1,drone,1,9.489961992702219e-05,2595,0.0046500813764240876,True
GaussianBudget75M_MaxCov,Park_2023-CAPNF-001542,20231028,20,pyrologix,6,73-63,2023,0.0,0.004489232000196353,0,drone,1,9.489961992702219e-05,2420,0.004555181756497065,True
GaussianBudget75M_MaxCov,Parkhill_2023-CALPF-002453,20230827,16,pyrologix,7,none,2023,0.0,0.002121276018442586,-1,undetected,1,9.489961992702219e-05,0,0.0,False
GaussianBudget75M_MaxCov,Pasqual_2023-CACNF-000871,20230430,20,pyrologix,6,none,2023,0.0,0.0022866570216137916,-1,undetected,1,9.489961992702219e-05,0,0.0,False
GaussianBudget75M_MaxCov,Patrick_2023-CASRF-000620,20230701,22,pyrologix,2,none,2023,0.0,0.0022115080209914595,-1,undetected,1,9.489961992702219e-05,0,0.0,False
GaussianBudget75M_MaxCov,Paxton_2023-CAANF-002066,20230707,5,pyrologix,5,none,2023,0.0,0.0021716830087825656,-1,undetected,1,9.489961992702219e-05,0,0.0,False
GaussianBudget75M_MaxCov,Paymaster_2023-CAENF-024531,20230905,12,pyrologix,12,93-54,2023,0.0,0.003832551999948919,0,drone,1,9.489961992702219e-05,4200,0.0046500813764240876,True
GaussianBudget75M_MaxCov,Peak_2023-CACNF-003034,20231111,13,pyrologix,10,none,2023,0.0,0.002273635007441044,-1,undetected,1,9.489961992702219e-05,0,0.0,False
GaussianBudget75M_MaxCov,Peak_2023-CASNF-001285,20230901,22,pyrologix,3,129-73,2023,0.0,0.002924275991972536,0,drone,1,9.489961992702219e-05,1240,0.004555181756497065,True
GaussianBudget75M_MaxCov,Peak_2023-CASTF-001971,20230911,12,pyrologix,10,108-64,2023,0.0,0.0038658310077153146,0,drone,1,9.489961992702219e-05,3640,0.0046500813764240876,True
GaussianBudget75M_MaxCov,Pearch_2023-CASRF-000983,20230817,20,pyrologix,11,26-25,2023,0.0,0.019194796012016013,-1,undetected,1,9.489961992702219e-05,5020,0.0046500813764240876,True
GaussianBudget75M_MaxCov,Pebble_2023-CAMNF-000858,20230816,21,pyrologix,9,none,2023,0.0,0.00208000501152128,-1,undetected,1,9.489961992702219e-05,0,0.0,False
GaussianBudget75M_MaxCov,Peddler_2023-CAENF-022388,20230815,19,pyrologix,7,105-63,2023,0.0,0.006900736014358699,1,drone,1,9.489961992702219e-05,3155,0.0046500813764240876,True
GaussianBudget75M_MaxCov,Pedro_2023-CASTF-001565,20230815,0,pyrologix,3,108-64,2023,0.0,0.003120580979157239,0,drone,1,9.489961992702219e-05,1305,0.004365382516643021,True
GaussianBudget75M_MaxCov,Pellitreau_2023-CASHF-000994,20230816,21,pyrologix,7,47-21,2023,0.0,0.0034240819804836065,0,drone,1,9.489961992702219e-05,2790,0.004555181756497065,True
GaussianBudget75M_MaxCov,Peninsula_2023-CATNF-001430,20230905,20,pyrologix,7,84-67,2023,0.0,0.002780740993330255,0,drone,1,9.489961992702219e-05,2390,0.0046500813764240876,True
GaussianBudget75M_MaxCov,Penman_2023-CAPNF-001377,20230919,23,pyrologix,3,73-63,2023,0.0,0.002299131010659039,0,drone,1,9.489961992702219e-05,1155,0.004555181756497065,True
GaussianBudget75M_MaxCov,Pettinger_2023-CAANF-232901,20230827,15,pyrologix,4,none,2023,0.0,0.0021925430046394467,-1,undetected,1,9.489961992702219e-05,0,0.0,False
GaussianBudget75M_MaxCov,Philpot_2023-CASHF-000552,20230607,16,pyrologix,7,47-21,2023,0.0,0.002356148004764691,0,drone,1,9.489961992702219e-05,2705,0.004555181756497065,True
GaussianBudget75M_MaxCov,Picayune_2023-CAKNF-007170,20230820,16,pyrologix,9,33-29,2023,0.0,0.002885340974899009,0,drone,1,9.489961992702219e-05,3330,0.0046500813764240876,True
GaussianBudget75M_MaxCov,Picket_2023-CAENF-022404,20230816,1,pyrologix,1,98-62,2023,0.0,0.0016868610109668225,0,drone,1,9.489961992702219e-05,415,0.003511285937299821,True
GaussianBudget75M_MaxCov,Pierce_2023-CAKNF-008112,20230917,20,pyrologix,4,28-32,2023,0.0,0.004113335016882047,0,drone,1,9.489961992702219e-05,1905,0.0046500813764240876,True
GaussianBudget75M_MaxCov,Pierce_2023-CAPNF-001392,20230920,15,pyrologix,10,63-64,2023,0.0,0.0031069880060385913,0,drone,1,9.489961992702219e-05,3940,0.0046500813764240876,True
GaussianBudget75M_MaxCov,Pigeon_2023-CASTF-001972,20230911,17,pyrologix,2,none,2023,0.0,0.0022218780068214983,-1,undetected,1,9.489961992702219e-05,0,0.0,False
GaussianBudget75M_MaxCov,Pike_2_2023-CATNF-001683,20231019,4,pyrologix,6,79-56,2023,0.0,0.0045915299851913005,0,drone,1,9.489961992702219e-05,2330,0.0046500813764240876,True
GaussianBudget75M_MaxCov,Pilot_2023-CASRF-000932,20230815,7,pyrologix,2,44-14,2023,0.0,0.004147870989982039,0,drone,1,9.489961992702219e-05,1145,0.0046500813764240876,True
GaussianBudget75M_MaxCov,Pilot_2023-CASTF-001918,20230909,20,pyrologix,5,122-61,2023,0.0,0.003353762993356213,0,drone,1,9.489961992702219e-05,1895,0.0046500813764240876,True
GaussianBudget75M_MaxCov,Pine_2023-CAANF-232780,20230818,23,pyrologix,3,none,2023,0.0,0.0021869719785172492,-1,undetected,1,9.489961992702219e-05,0,0.0,False
GaussianBudget75M_MaxCov,Pine_2023-CASNF-001456,20230919,22,pyrologix,1,128-67,2023,0.0,0.0019218650122638792,0,drone,1,9.489961992702219e-05,500,0.0037010851771538656,True
GaussianBudget75M_MaxCov,Pine_2023-CASTF-001951,20230910,15,pyrologix,8,115-63,2023,0.0,0.0031892629922367632,0,drone,1,9.489961992702219e-05,2800,0.0046500813764240876,True
GaussianBudget75M_MaxCov,Pine_2023-CATNF-001364,20230825,14,pyrologix,1,86-54,2023,0.0,0.007523345004301518,2,drone,1,9.489961992702219e-05,1170,0.004555181756497065,True
GaussianBudget75M_MaxCov,Pinyon_2023-CAANF-232718,20230814,1,pyrologix,4,none,2023,0.0,0.0021411440102383494,-1,undetected,1,9.489961992702219e-05,0,0.0,False
GaussianBudget75M_MaxCov,Pioneer_2023-CAPNF-001522,20231022,14,pyrologix,8,67-62,2023,0.0,0.005889036983717233,1,drone,1,9.489961992702219e-05,3485,0.0046500813764240876,True
GaussianBudget75M_MaxCov,Pipe_2023-CAANF-001243,20230531,23,pyrologix,5,none,2023,0.0,0.002178410009946674,-1,undetected,1,9.489961992702219e-05,0,0.0,False
GaussianBudget75M_MaxCov,Pipeline_2023-CAANF-232953,20230831,17,pyrologix,4,none,2023,0.0,0.0022091819846536964,-1,undetected,1,9.489961992702219e-05,0,0.0,False
GaussianBudget75M_MaxCov,Pipeline_2023-CALAC-297456,20230831,15,pyrologix,8,none,2023,0.0,0.002175567002268508,-1,undetected,1,9.489961992702219e-05,0,0.0,False
GaussianBudget75M_MaxCov,Pipeline_2023-CASKU-006970,20230815,18,pyrologix,2,37-52,2023,0.0,0.021304359019268304,4,drone,1,9.489961992702219e-05,2010,0.004555181756497065,True
GaussianBudget75M_MaxCov,Pit_2023-CAKNF-004496,20230608,19,pyrologix,6,25-54,2023,0.0,0.004047536000143737,0,drone,1,9.489961992702219e-05,2145,0.0046500813764240876,True
GaussianBudget75M_MaxCov,Pit_2023-CASHF-001220,20230924,9,pyrologix,12,49-41,2023,0.0,0.00390135298948735,0,drone,1,9.489961992702219e-05,3935,0.0046500813764240876,True
GaussianBudget75M_MaxCov,Planters_2023-CAMDF-000490,20230805,14,pyrologix,11,none,2023,0.0,0.0021707789856009185,-1,undetected,1,9.489961992702219e-05,0,0.0,False
GaussianBudget75M_MaxCov,Point_2023-CASQF-000507,20230510,2,pyrologix,8,171-80,2023,0.0,0.006621227017603815,1,drone,1,9.489961992702219e-05,3230,0.0046500813764240876,True
GaussianBudget75M_MaxCov,Point_2023-CASQF-001064,20230702,12,pyrologix,12,171-80,2023,0.0,0.003837953001493588,0,drone,1,9.489961992702219e-05,4185,0.0046500813764240876,True
GaussianBudget75M_MaxCov,Points_2023-CAANF-233722,20231110,19,pyrologix,1,none,2023,0.0,0.002096115000313148,-1,undetected,1,9.489961992702219e-05,0,0.0,False
GaussianBudget75M_MaxCov,Poison_2023-CASNF-001393,20230909,16,pyrologix,1,140-71,2023,0.0,0.005623773002298549,1,drone,1,9.489961992702219e-05,835,0.004460282136570043,True
GaussianBudget75M_MaxCov,Poker_2023-CATNF-001299,20230817,21,pyrologix,9,79-56,2023,0.0,0.005586257000686601,1,drone,1,9.489961992702219e-05,3345,0.0046500813764240876,True
GaussianBudget75M_MaxCov,Poll_2023-CATNF-001271,20230814,23,pyrologix,1,none,2023,0.0,0.0021513259853236377,-1,undetected,1,9.489961992702219e-05,0,0.0,False
GaussianBudget75M_MaxCov,Pollard_2023-CABDF-015399,20231112,23,pyrologix,5,206-88,2023,0.0,0.00483830799930729,1,drone,1,9.489961992702219e-05,2390,0.004460282136570043,True
GaussianBudget75M_MaxCov,Ponderosa_2023-CABDF-010684,20230728,4,pyrologix,3,none,2023,0.0,0.0022322589938994497,-1,undetected,1,9.489961992702219e-05,0,0.0,False
GaussianBudget75M_MaxCov,Ponderosa_2023-CASHF-000853,20230723,23,pyrologix,3,47-21,2023,0.0,0.002130104025127366,0,drone,1,9.489961992702219e-05,1185,0.004460282136570043,True
GaussianBudget75M_MaxCov,Porter_2023-CASHF-000659,20230624,17,pyrologix,2,35-36,2023,0.0,0.004527279001194984,0,drone,1,9.489961992702219e-05,1090,0.0046500813764240876,True
GaussianBudget75M_MaxCov,Posey_2023-CATUU-000330,20230622,17,pyrologix,7,172-74,2023,0.0,0.007010897999862209,1,drone,1,9.489961992702219e-05,3055,0.0046500813764240876,True
GaussianBudget75M_MaxCov,Posey_2_2023-CATUU-000332,20230623,0,pyrologix,1,172-74,2023,0.0,0.005501493986230344,1,drone,1,9.489961992702219e-05,950,0.004555181756497065,True
GaussianBudget75M_MaxCov,Posey_3_2023-CATUU-000333,20230623,23,pyrologix,4,172-74,2023,0.0,0.002931839000666514,0,drone,1,9.489961992702219e-05,1590,0.0046500813764240876,True
GaussianBudget75M_MaxCov,Potter_2023-CASNF-000721,20230705,20,pyrologix,3,none,2023,0.0,0.0021202779898885638,-1,undetected,1,9.489961992702219e-05,0,0.0,False
GaussianBudget75M_MaxCov,Powder_2023-CASHF-000653,20230624,21,pyrologix,8,37-52,2023,0.0,0.00499993801349774,0,drone,1,9.489961992702219e-05,2950,0.0046500813764240876,True
GaussianBudget75M_MaxCov,Power_2023-CAANF-233915,20231128,18,pyrologix,12,none,2023,0.0,0.0021288240095600486,-1,undetected,1,9.489961992702219e-05,0,0.0,False
GaussianBudget75M_MaxCov,Power_2023-CALPF-002355,20230819,17,pyrologix,5,none,2023,0.0,0.002097101998515427,-1,undetected,1,9.489961992702219e-05,0,0.0,False
GaussianBudget75M_MaxCov,Power_2023-CASQF-000791,20230607,13,pyrologix,11,none,2023,0.0,0.002194962988141924,-1,undetected,1,9.489961992702219e-05,0,0.0,False
GaussianBudget75M_MaxCov,Powerhouse_2023-CATNF-001545,20230919,15,pyrologix,4,86-54,2023,0.0,0.0036220519978087395,0,drone,1,9.489961992702219e-05,1720,0.004555181756497065,True
GaussianBudget75M_MaxCov,Prairie_2023-CAKNF-006092,20230720,20,pyrologix,5,27-52,2023,0.0,0.004952865012455732,1,drone,1,9.489961992702219e-05,2280,0.0046500813764240876,True
GaussianBudget75M_MaxCov,Preacher_2023-CASHF-000978,20230815,14,pyrologix,4,42-34,2023,0.0,0.005826576991239563,1,drone,1,9.489961992702219e-05,1915,0.004555181756497065,True
GaussianBudget75M_MaxCov,Prescott_2023-CASRF-000989,20230817,15,pyrologix,7,16-26,2023,0.0,0.005311250977683812,1,drone,1,9.489961992702219e-05,3100,0.004555181756497065,True
GaussianBudget75M_MaxCov,Prospects_2023-CASTF-001949,20230910,17,pyrologix,3,none,2023,0.0,0.002293005003593862,-1,undetected,1,9.489961992702219e-05,0,0.0,False
GaussianBudget75M_MaxCov,Prosser_2023-CATNF-000773,20230623,2,pyrologix,2,84-67,2023,0.0,0.005334597022738308,1,drone,1,9.489961992702219e-05,1150,0.004460282136570043,True
GaussianBudget75M_MaxCov,Providence_2023-CASNF-001320,20230903,20,pyrologix,11,140-71,2023,0.0,0.004754953988594934,0,drone,1,9.489961992702219e-05,3725,0.0046500813764240876,True
GaussianBudget75M_MaxCov,Pulga_2023-CABTU-014735,20230804,0,pyrologix,2,69-50,2023,0.0,0.0018581129843369126,0,drone,1,9.489961992702219e-05,750,0.004270482896715999,True
GaussianBudget75M_MaxCov,Pumice_2023-CAINF-001026,20230715,20,pyrologix,6,none,2023,0.0,0.0022000200115144253,-1,undetected,1,9.489961992702219e-05,0,0.0,False
GaussianBudget75M_MaxCov,Pumpkin_2023-CABDF-013885,20231025,17,pyrologix,10,none,2023,0.0,0.0021393630013335496,-1,undetected,1,9.489961992702219e-05,0,0.0,False
GaussianBudget75M_MaxCov,Pyramid_2023-CALAC-365725,20231025,7,pyrologix,4,none,2023,0.0,0.0020312620035838336,-1,undetected,1,9.489961992702219e-05,0,0.0,False
GaussianBudget75M_MaxCov,Quail_2023-CASQF-000771,20230605,20,pyrologix,3,148-73,2023,0.0,0.005662755022058263,1,drone,1,9.489961992702219e-05,1600,0.0046500813764240876,True
GaussianBudget75M_MaxCov,Quail_2023-CATMU-020956,20230801,21,pyrologix,7,none,2023,0.0,0.0020446149865165353,-1,undetected,1,9.489961992702219e-05,0,0.0,False
GaussianBudget75M_MaxCov,Quail_2_2023-CAANF-234011,20231210,16,pyrologix,5,none,2023,0.0,0.002186441997764632,-1,undetected,1,9.489961992702219e-05,0,0.0,False
GaussianBudget75M_MaxCov,Quarry_2023-CAPNF-001633,20231216,14,pyrologix,4,65-55,2023,0.0,0.00398701400263235,0,drone,1,9.489961992702219e-05,1635,0.004460282136570043,True
GaussianBudget75M_MaxCov,Quarry_2023-CASTF-001921,20230909,21,pyrologix,5,115-63,2023,0.0,0.002282675006426871,0,drone,1,9.489961992702219e-05,1780,0.0046500813764240876,True
GaussianBudget75M_MaxCov,Rabbit_2023-CASQF-002146,20230930,16,pyrologix,12,148-73,2023,0.0,0.004726201994344592,0,drone,1,9.489961992702219e-05,4900,0.0046500813764240876,True
GaussianBudget75M_MaxCov,Radio_2023-CASNF-001205,20230823,13,pyrologix,11,140-71,2023,0.0,0.005925295990891755,1,drone,1,9.489961992702219e-05,3865,0.0046500813764240876,True
GaussianBudget75M_MaxCov,Rail_2023-CASHF-000899,20230731,15,pyrologix,11,42-41,2023,0.0,0.0029604410228785127,0,drone,1,9.489961992702219e-05,3935,0.0046500813764240876,True
GaussianBudget75M_MaxCov,Rail_2023-CASHU-008943,20230815,20,pyrologix,1,44-54,2023,0.0,0.005491002986673266,1,drone,1,9.489961992702219e-05,940,0.0046500813764240876,True
GaussianBudget75M_MaxCov,Ram_2023-CASNF-001276,20230901,0,pyrologix,5,none,2023,0.0,0.0021528670040424913,-1,undetected,1,9.489961992702219e-05,0,0.0,False
GaussianBudget75M_MaxCov,Ramp_2023-CABDU-009817,20230718,16,pyrologix,9,206-88,2023,0.0,0.0029623599839396775,0,drone,1,9.489961992702219e-05,3505,0.004460282136570043,True
GaussianBudget75M_MaxCov,Ranch_2023-CASKU-006969,20230815,13,pyrologix,12,37-52,2023,0.0,0.021149506006622687,-1,undetected,1,9.489961992702219e-05,4380,0.0046500813764240876,True
GaussianBudget75M_MaxCov,Ranch_2023-CASNF-000525,20230612,12,pyrologix,6,140-71,2023,0.0,0.006142703001387417,0,drone,1,9.489961992702219e-05,2165,0.0046500813764240876,True
GaussianBudget75M_MaxCov,Ranch_2023-CASTF-002377,20231103,7,pyrologix,3,118-56,2023,0.0,0.007404613017570227,2,drone,1,9.489961992702219e-05,1730,0.0046500813764240876,True
GaussianBudget75M_MaxCov,Range_2023-CABDF-002251,20230212,21,pyrologix,11,none,2023,0.0,0.002105772990034893,-1,undetected,1,9.489961992702219e-05,0,0.0,False
GaussianBudget75M_MaxCov,Range_2023-CAENF-026345,20230925,14,pyrologix,11,97-60,2023,0.0,0.019586009002523497,-1,undetected,1,9.489961992702219e-05,4180,0.0046500813764240876,True
GaussianBudget75M_MaxCov,Range_2023-CASQF-000882,20230617,21,pyrologix,2,171-80,2023,0.0,0.0028607079875655472,0,drone,1,9.489961992702219e-05,840,0.004555181756497065,True
GaussianBudget75M_MaxCov,Rattlesnake_2023-CASTF-000861,20230612,0,pyrologix,7,105-63,2023,0.0,0.0045623469923157245,0,drone,1,9.489961992702219e-05,2875,0.0046500813764240876,True
GaussianBudget75M_MaxCov,Ravine_2023-CAMDF-000325,20230708,13,pyrologix,6,none,2023,0.0,0.002029841998592019,-1,undetected,1,9.489961992702219e-05,0,0.0,False
GaussianBudget75M_MaxCov,Ravine_2023-CAPNF-000909,20230807,22,pyrologix,10,79-56,2023,0.0,0.007831852999515831,1,drone,1,9.489961992702219e-05,3935,0.0046500813764240876,True
GaussianBudget75M_MaxCov,Recon_2023-CAANF-0001880,20230701,15,pyrologix,12,206-88,2023,0.0,0.01956106099532917,-1,undetected,1,9.489961992702219e-05,5155,0.004460282136570043,True
GaussianBudget75M_MaxCov,Red_2023-CAANF-001571,20230610,14,pyrologix,11,none,2023,0.0,0.0022718200052622706,-1,undetected,1,9.489961992702219e-05,0,0.0,False
GaussianBudget75M_MaxCov,Red_2023-CAKNF-007347,20230826,22,pyrologix,6,23-23,2023,0.0,0.003292378009064123,0,drone,1,9.489961992702219e-05,2260,0.0046500813764240876,True
GaussianBudget75M_MaxCov,Red_2023-CASTF-001945,20230910,13,pyrologix,10,none,2023,0.0,0.0021064080065116286,-1,undetected,1,9.489961992702219e-05,0,0.0,False
GaussianBudget75M_MaxCov,Red_Cones_2023-CAINF-000936,20230705,16,pyrologix,3,none,2023,0.0,0.002085562009597197,-1,undetected,1,9.489961992702219e-05,0,0.0,False
GaussianBudget75M_MaxCov,Redinger_2023-CAMMU-025615,20231115,13,pyrologix,4,135-68,2023,0.0,0.004026122973300517,0,drone,1,9.489961992702219e-05,1510,0.004365382516643021,True
GaussianBudget75M_MaxCov,Remington_2023-CASQF-000424,20230417,22,pyrologix,2,174-77,2023,0.0,0.0019260160042904317,0,drone,1,9.489961992702219e-05,780,0.004460282136570043,True
GaussianBudget75M_MaxCov,Reservoir_2023-CASTF-001940,20230910,15,pyrologix,4,115-63,2023,0.0,0.007591008004965261,2,drone,1,9.489961992702219e-05,2120,0.0046500813764240876,True
GaussianBudget75M_MaxCov,Reversed_2023-CAINF-001847,20231008,11,pyrologix,12,none,2023,0.0,0.002022224973188713,-1,undetected,1,9.489961992702219e-05,0,0.0,False
GaussianBudget75M_MaxCov,Reynolds_2023-CASTF-001922,20230909,20,pyrologix,8,118-64,2023,0.0,0.0037433680263347924,0,drone,1,9.489961992702219e-05,2850,0.0046500813764240876,True
GaussianBudget75M_MaxCov,Rich_2023-CASHF-000548,20230606,18,pyrologix,10,42-34,2023,0.0,0.00419054800295271,0,drone,1,9.489961992702219e-05,3675,0.0046500813764240876,True
GaussianBudget75M_MaxCov,Richard_2023-CAENF-022827,20230819,21,pyrologix,3,none,2023,0.0,0.0022283100115600973,-1,undetected,1,9.489961992702219e-05,0,0.0,False
GaussianBudget75M_MaxCov,Richbar_2023-CASQF-000818,20230610,12,pyrologix,4,none,2023,0.0,0.0021289639989845455,-1,undetected,1,9.489961992702219e-05,0,0.0,False
GaussianBudget75M_MaxCov,Ridge_2023-CALPF-002872,20231011,13,pyrologix,11,none,2023,0.0,0.0021006900060456246,-1,undetected,1,9.489961992702219e-05,0,0.0,False
GaussianBudget75M_MaxCov,Ridge_2023-CAPNF-000182,20230425,18,pyrologix,3,72-57,2023,0.0,0.008128139976179227,2,drone,1,9.489961992702219e-05,1930,0.0046500813764240876,True
GaussianBudget75M_MaxCov,Ridge_2023-CAPNF-001031,20230817,18,pyrologix,4,72-57,2023,0.0,0.003933575004339218,0,drone,1,9.489961992702219e-05,1690,0.0046500813764240876,True
GaussianBudget75M_MaxCov,Ridge_2023-CASTF-000872,20230613,11,pyrologix,12,115-63,2023,0.0,0.0036991160013712943,0,drone,1,9.489961992702219e-05,4070,0.0046500813764240876,True
GaussianBudget75M_MaxCov,Ridge_2023-CATNF-000665,20230611,14,pyrologix,3,79-56,2023,0.0,0.005868881999049336,1,drone,1,9.489961992702219e-05,1580,0.0046500813764240876,True
GaussianBudget75M_MaxCov,Right_2023-CABDF-009977,20230712,15,pyrologix,4,206-88,2023,0.0,0.0034094960137736052,0,drone,1,9.489961992702219e-05,1905,0.004460282136570043,True
GaussianBudget75M_MaxCov,Rim_2023-CAMDF-000938,20230919,22,pyrologix,1,none,2023,0.0,0.002026311994995922,-1,undetected,1,9.489961992702219e-05,0,0.0,False
GaussianBudget75M_MaxCov,Rinconada_2023-CALPF-002238,20230811,20,pyrologix,6,none,2023,0.0,0.0022493389842566103,-1,undetected,1,9.489961992702219e-05,0,0.0,False
GaussianBudget75M_MaxCov,Rising_2023-CALNF-001948,20230421,11,pyrologix,12,44-54,2023,0.0,0.003231540002161637,0,drone,1,9.489961992702219e-05,4550,0.0046500813764240876,True
GaussianBudget75M_MaxCov,River_2023-CAKRN-052312,20231115,17,pyrologix,1,165-77,2023,0.0,0.002579823980340734,0,drone,1,9.489961992702219e-05,505,0.003511285937299821,True
GaussianBudget75M_MaxCov,River_2023-CAMDF-000222,20230607,18,pyrologix,3,38-63,2023,0.0,0.003028728999197483,0,drone,1,9.489961992702219e-05,1440,0.0046500813764240876,True
GaussianBudget75M_MaxCov,River_2023-CAPNF-000447,20230609,20,pyrologix,3,73-63,2023,0.0,0.003675635001854971,0,drone,1,9.489961992702219e-05,1285,0.004555181756497065,True
GaussianBudget75M_MaxCov,River_2023-CASHF-000701,20230629,15,pyrologix,11,35-43,2023,0.0,0.007991180988028646,1,drone,1,9.489961992702219e-05,4560,0.0046500813764240876,True
GaussianBudget75M_MaxCov,River_2023-CASQF-000825,20230610,21,pyrologix,5,171-80,2023,0.0,0.003093228006036952,0,drone,1,9.489961992702219e-05,1815,0.0046500813764240876,True
GaussianBudget75M_MaxCov,River_2023-CASTF-001927,20230910,21,pyrologix,9,115-63,2023,0.0,0.003709743992658332,0,drone,1,9.489961992702219e-05,3215,0.0046500813764240876,True
GaussianBudget75M_MaxCov,Riverside_2023-CASHF-000849,20230722,20,pyrologix,11,35-43,2023,0.0,0.007818751997547224,1,drone,1,9.489961992702219e-05,4560,0.0046500813764240876,True
GaussianBudget75M_MaxCov,Road_2023-CALPF-002628,20230915,1,pyrologix,2,none,2023,0.0,0.002137414994649589,-1,undetected,1,9.489961992702219e-05,0,0.0,False
GaussianBudget75M_MaxCov,Robinson_2023-CATNF-000673,20230611,20,pyrologix,7,90-60,2023,0.0,0.003396257001440972,0,drone,1,9.489961992702219e-05,2675,0.0046500813764240876,True
GaussianBudget75M_MaxCov,Rock_2023-CABDF-012493,20230920,19,pyrologix,11,206-88,2023,0.0,0.004008566989796236,0,drone,1,9.489961992702219e-05,4220,0.004460282136570043,True
GaussianBudget75M_MaxCov,Rock_2023-CAENF-017683,20230702,23,pyrologix,6,93-54,2023,0.0,0.002426916005788371,0,drone,1,9.489961992702219e-05,2040,0.0046500813764240876,True
GaussianBudget75M_MaxCov,Rock_2023-CAMNF-000861,20230816,14,pyrologix,3,67-17,2023,2429.8052481019986,0.006141081015812233,1,drone,1,9.489961992702219e-05,1555,0.0046500813764240876,True
GaussianBudget75M_MaxCov,Rock_2023-CAPNF-001287,20230910,3,pyrologix,7,69-50,2023,0.0,0.004944140993757173,0,drone,1,9.489961992702219e-05,2745,0.0046500813764240876,True
GaussianBudget75M_MaxCov,Rock_2023-CASHF-000405,20230510,19,pyrologix,7,47-21,2023,0.0,0.004197945992927998,0,drone,1,9.489961992702219e-05,2940,0.004555181756497065,True
GaussianBudget75M_MaxCov,Rock_2023-CASTF-001615,20230817,19,pyrologix,2,115-63,2023,0.0,0.003634879016317427,0,drone,1,9.489961992702219e-05,840,0.004175583276788976,True
GaussianBudget75M_MaxCov,Rock_2_2023-CAANF-233519,20231021,16,pyrologix,2,none,2023,0.0,0.0021364010171964765,-1,undetected,1,9.489961992702219e-05,0,0.0,False
GaussianBudget75M_MaxCov,Rocks_2023-CABDF-007226,20230513,10,pyrologix,7,206-88,2023,0.0,0.003405958996154368,0,drone,1,9.489961992702219e-05,2850,0.004460282136570043,True
GaussianBudget75M_MaxCov,Rocky_2023-CASKU-005755,20230710,13,pyrologix,10,28-39,2023,0.0,0.00669521201052703,1,drone,1,9.489961992702219e-05,4345,0.0046500813764240876,True
GaussianBudget75M_MaxCov,Rodgers_2023-CASNF-000903,20230728,13,pyrologix,10,none,2023,0.0,0.0020968340104445815,-1,undetected,1,9.489961992702219e-05,0,0.0,False
GaussianBudget75M_MaxCov,Rogers_2023-CASQF-002393,20231114,17,pyrologix,3,165-77,2023,0.0,0.0033411420008633286,0,drone,1,9.489961992702219e-05,1140,0.004555181756497065,True
GaussianBudget75M_MaxCov,Roland_2023-CASKU-003662,20230513,17,pyrologix,4,28-45,2023,0.0,0.002822659007506445,0,drone,1,9.489961992702219e-05,1525,0.004555181756497065,True
GaussianBudget75M_MaxCov,Romeo_2023-CAINF-001007,20230713,20,pyrologix,5,none,2023,0.0,0.00215236798976548,-1,undetected,1,9.489961992702219e-05,0,0.0,False
GaussianBudget75M_MaxCov,Root_2023-CASHF-000827,20230717,16,pyrologix,10,35-43,2023,0.0,0.003125167015241459,0,drone,1,9.489961992702219e-05,3610,0.0046500813764240876,True
GaussianBudget75M_MaxCov,Rose_2023-CASTF-000422,20230420,17,pyrologix,10,111-57,2023,0.0,0.0048471890040673316,0,drone,1,9.489961992702219e-05,3740,0.0046500813764240876,True
GaussianBudget75M_MaxCov,Rough_2023-CASHF-000586,20230613,16,pyrologix,7,54-19,2023,0.0,0.007554306008387357,1,drone,1,9.489961992702219e-05,2865,0.0046500813764240876,True
GaussianBudget75M_MaxCov,Round_2023-CAKNF-005764,20230710,19,pyrologix,10,25-54,2023,0.0,0.00419841698021628,0,drone,1,9.489961992702219e-05,3465,0.0046500813764240876,True
GaussianBudget75M_MaxCov,Roy_2023-CASRF-000899,20230811,1,pyrologix,5,35-16,2023,0.0,0.0030694910092279315,0,drone,1,9.489961992702219e-05,1975,0.0046500813764240876,True
GaussianBudget75M_MaxCov,Ruby_2023-CASTF-000355,20230406,13,pyrologix,3,111-57,2023,0.0,0.003527427004883066,0,drone,1,9.489961992702219e-05,1270,0.004270482896715999,True
GaussianBudget75M_MaxCov,Rushing_2023-CASTF-000567,20230511,6,pyrologix,3,115-63,2023,0.0,0.0032513290061615407,0,drone,1,9.489961992702219e-05,1240,0.0046500813764240876,True
GaussianBudget75M_MaxCov,Sage_2023-CAMDF-000359,20230718,19,pyrologix,4,none,2023,0.0,0.0020566520106513053,-1,undetected,1,9.489961992702219e-05,0,0.0,False
GaussianBudget75M_MaxCov,Sage_2023-CASTF-001974,20230911,13,pyrologix,9,none,2023,0.0,0.0020607589976862073,-1,undetected,1,9.489961992702219e-05,0,0.0,False
GaussianBudget75M_MaxCov,Sagebrush_2023-CASQF-002187,20231008,22,pyrologix,2,161-79,2023,0.0,0.002056709985481575,0,drone,1,9.489961992702219e-05,745,0.003985784036934932,True
GaussianBudget75M_MaxCov,Sagehen_2023-CATNF-001073,20230721,16,pyrologix,11,84-67,2023,0.0,0.005015873000957072,0,drone,1,9.489961992702219e-05,3885,0.0046500813764240876,True
GaussianBudget75M_MaxCov,Saints_2023-CAKNF-005120,20230626,23,pyrologix,10,16-26,2023,0.0,0.004870217991992831,0,drone,1,9.489961992702219e-05,4025,0.004555181756497065,True
GaussianBudget75M_MaxCov,Salmon_2023-CASRF-000859,20230803,12,pyrologix,3,26-25,2023,0.0,0.0038300049782264978,0,drone,1,9.489961992702219e-05,1580,0.0046500813764240876,True
GaussianBudget75M_MaxCov,Salt_2023-CAKNF-005870,20230714,20,pyrologix,9,17-30,2023,0.0,0.004334282974014059,0,drone,1,9.489961992702219e-05,3565,0.004555181756497065,True
GaussianBudget75M_MaxCov,Salt_2023-CASHF-000594,20230615,0,pyrologix,7,42-41,2023,0.0,0.008544470998458564,2,drone,1,9.489961992702219e-05,3300,0.0046500813764240876,True
GaussianBudget75M_MaxCov,Salt_2023-CASRF-000933,20230815,5,pyrologix,7,54-19,2023,0.0,0.008741807978367433,2,drone,1,9.489961992702219e-05,3050,0.0046500813764240876,True
GaussianBudget75M_MaxCov,Salty_2023-CASHF-001007,20230818,1,pyrologix,5,47-27,2023,0.0,0.005989119992591441,0,drone,1,9.489961992702219e-05,2045,0.0046500813764240876,True
GaussianBudget75M_MaxCov,Sand_2023-CAANF-002373,20230724,21,pyrologix,2,none,2023,0.0,0.002050981012871489,-1,undetected,1,9.489961992702219e-05,0,0.0,False
GaussianBudget75M_MaxCov,Sand_2023-CAENF-026944,20231001,16,pyrologix,10,93-54,2023,0.0,0.0044725959887728095,0,drone,1,9.489961992702219e-05,3650,0.0046500813764240876,True
GaussianBudget75M_MaxCov,Sand_2023-CASHF-000787,20230712,4,pyrologix,1,35-43,2023,0.0,0.0076635990117210895,2,drone,1,9.489961992702219e-05,1180,0.004365382516643021,True
GaussianBudget75M_MaxCov,Sand_2023-CASQF-001652,20230813,13,pyrologix,11,164-82,2023,0.0,0.009004382998682559,0,drone,1,9.489961992702219e-05,4115,0.0046500813764240876,True
GaussianBudget75M_MaxCov,Santiago_2023-CACNF-002138,20230808,3,pyrologix,1,none,2023,0.0,0.00212080599158071,-1,undetected,1,9.489961992702219e-05,0,0.0,False
GaussianBudget75M_MaxCov,Santiago_2023-CARRU-115913,20230808,0,pyrologix,5,none,2023,0.0,0.002097157994285226,-1,undetected,1,9.489961992702219e-05,0,0.0,False
GaussianBudget75M_MaxCov,Sardine_2023-CASTF-001973,20230911,17,pyrologix,1,none,2023,0.0,0.0020129510085098445,-1,undetected,1,9.489961992702219e-05,0,0.0,False
GaussianBudget75M_MaxCov,Sattley_2023-CATNF-000878,20230702,14,pyrologix,8,80-65,2023,0.0,0.003816719981841743,0,drone,1,9.489961992702219e-05,2960,0.0046500813764240876,True
GaussianBudget75M_MaxCov,Saugus_2023-CAANF-233735,20231111,1,pyrologix,7,none,2023,0.0,0.0020491210161708295,-1,undetected,1,9.489961992702219e-05,0,0.0,False
GaussianBudget75M_MaxCov,Saw_2023-CATMU-022582,20230817,15,pyrologix,9,none,2023,0.0,0.0021071869996376336,-1,undetected,1,9.489961992702219e-05,0,0.0,False
GaussianBudget75M_MaxCov,Sawmill_2023-CAINF-001691,20230914,16,pyrologix,5,none,2023,0.0,0.0021782170224469155,-1,undetected,1,9.489961992702219e-05,0,0.0,False
GaussianBudget75M_MaxCov,Sawmill_2023-CATMU-015860,20230614,22,pyrologix,2,none,2023,0.0,0.002149692998500541,-1,undetected,1,9.489961992702219e-05,0,0.0,False
GaussianBudget75M_MaxCov,Sawmill_2023-CATMU-017755,20230702,12,pyrologix,11,none,2023,0.0,0.002066789020318538,-1,undetected,1,9.489961992702219e-05,0,0.0,False
GaussianBudget75M_MaxCov,Sawpit_2023-CABDF-009359,20230701,17,pyrologix,9,none,2023,0.0,0.002215800021076575,-1,undetected,1,9.489961992702219e-05,0,0.0,False
GaussianBudget75M_MaxCov,School_2023-CALPF-001981,20230724,13,pyrologix,6,none,2023,0.0,0.002222427021479234,-1,undetected,1,9.489961992702219e-05,0,0.0,False
GaussianBudget75M_MaxCov,Scotland_2023-CABDF-006716,20230430,16,pyrologix,12,206-88,2023,0.0,0.0034513330028858036,0,drone,1,9.489961992702219e-05,4565,0.004460282136570043,True
GaussianBudget75M_MaxCov,Scott_2023-CAKNF-006941,20230815,12,pyrologix,4,24-35,2023,0.0,0.004756615002406761,1,drone,1,9.489961992702219e-05,2010,0.0046500813764240876,True
GaussianBudget75M_MaxCov,Seattle_2023-CAKNF-006088,20230720,18,pyrologix,4,17-30,2023,0.0,0.002129742002580315,0,drone,1,9.489961992702219e-05,1605,0.004365382516643021,True
GaussianBudget75M_MaxCov,Seely_2023-CASRF-000070,20230130,16,pyrologix,11,35-16,2023,0.0,0.0074016709986608475,1,drone,1,9.489961992702219e-05,4500,0.0046500813764240876,True
GaussianBudget75M_MaxCov,Shadow_2023-CAINF-001305,20230813,2,pyrologix,3,129-73,2023,0.0,0.01604231001692824,2,drone,1,9.489961992702219e-05,2065,0.0046500813764240876,True
GaussianBudget75M_MaxCov,Shadow_2023-CAKNF-006974,20230815,19,pyrologix,2,28-32,2023,0.0,0.011343108024448156,3,drone,1,9.489961992702219e-05,2165,0.0046500813764240876,True
GaussianBudget75M_MaxCov,Shake_2023-CASHF-001018,20230818,17,pyrologix,5,47-27,2023,0.0,0.006993058981606737,1,drone,1,9.489961992702219e-05,2290,0.0046500813764240876,True
GaussianBudget75M_MaxCov,Shanty_2023-CASRF-000532,20230614,19,pyrologix,5,26-25,2023,0.0,0.004509074002271518,0,drone,1,9.489961992702219e-05,2395,0.0046500813764240876,True
GaussianBudget75M_MaxCov,Shark_2023-CASNF-001269,20230831,19,pyrologix,4,129-73,2023,0.0,0.012041668989695609,1,drone,1,9.489961992702219e-05,2065,0.0046500813764240876,True
GaussianBudget75M_MaxCov,Sheep_2023-CABDF-017505,20231208,18,pyrologix,10,206-88,2023,0.0,0.00573311498737894,1,drone,1,9.489961992702219e-05,4115,0.004460282136570043,True
GaussianBudget75M_MaxCov,Sheering_2023-CASTF-002013,20230915,13,pyrologix,6,115-63,2023,0.0,0.0086550590058323,2,drone,1,9.489961992702219e-05,2800,0.0046500813764240876,True
GaussianBudget75M_MaxCov,Shell_2023-CAINF-001028,20230716,2,pyrologix,3,none,2023,0.0,0.002093007991788909,-1,undetected,1,9.489961992702219e-05,0,0.0,False
GaussianBudget75M_MaxCov,Shell_2023-CASQF-002182,20231008,15,pyrologix,7,none,2023,0.0,0.002096345997415483,-1,undetected,1,9.489961992702219e-05,0,0.0,False
GaussianBudget75M_MaxCov,Shelly_2023-CATMU-021441,20230806,23,pyrologix,2,none,2023,0.0,0.0021248740085866302,-1,undetected,1,9.489961992702219e-05,0,0.0,False
GaussianBudget75M_MaxCov,Sherer_2023-CASHF-001032,20230819,15,pyrologix,12,35-36,2023,0.0,0.0033057809923775494,0,drone,1,9.489961992702219e-05,4175,0.0046500813764240876,True
GaussianBudget75M_MaxCov,Shinn_2023-CALAC-253309,20230729,3,pyrologix,1,206-88,2023,0.0,0.0014552460052073002,0,drone,1,9.489961992702219e-05,395,0.0033214866974457763,True
GaussianBudget75M_MaxCov,Shoemaker_2023-CAANF-001915,20230702,10,pyrologix,9,206-87,2023,0.0,0.002763775992207229,0,drone,1,9.489961992702219e-05,3045,0.004555181756497065,True
GaussianBudget75M_MaxCov,Shu_Assist_Industrial_2023-CASHF-000484,20230526,19,pyrologix,5,47-27,2023,0.0,0.00642066600266844,1,drone,1,9.489961992702219e-05,2340,0.0046500813764240876,True
GaussianBudget75M_MaxCov,Sierra_2023-CAANF-232758,20230816,20,pyrologix,7,none,2023,0.0,0.002110311994329095,-1,undetected,1,9.489961992702219e-05,0,0.0,False
GaussianBudget75M_MaxCov,Sierra_2023-CALAC-277737,20230816,23,pyrologix,1,none,2023,0.0,0.0021144110069144517,-1,undetected,1,9.489961992702219e-05,0,0.0,False
GaussianBudget75M_MaxCov,Silver_2023-CABDF-011250,20230810,18,pyrologix,3,none,2023,0.0,0.0021911119983997196,-1,undetected,1,9.489961992702219e-05,0,0.0,False
GaussianBudget75M_MaxCov,Silver_2023-CAENF-022362,20230815,15,pyrologix,8,98-62,2023,0.0,0.002581200998974964,0,drone,1,9.489961992702219e-05,2670,0.0046500813764240876,True
GaussianBudget75M_MaxCov,Silver_2023-CASHU-008484,20230804,23,pyrologix,12,49-41,2023,0.0,0.020483152999076992,-1,undetected,1,9.489961992702219e-05,4200,0.0046500813764240876,True
GaussianBudget75M_MaxCov,Sims_2023-CASHF-001211,20230920,20,pyrologix,7,42-41,2023,0.0,0.008503879013005644,2,drone,1,9.489961992702219e-05,3245,0.0046500813764240876,True
GaussianBudget75M_MaxCov,Sims_2023-CATCU-010658,20230812,20,pyrologix,6,118-56,2023,0.0,0.005393622006522492,0,drone,1,9.489961992702219e-05,2280,0.0046500813764240876,True
GaussianBudget75M_MaxCov,Single_2023-CASTF-001529,20230813,0,pyrologix,6,115-63,2023,0.0,0.008414009993430227,2,drone,1,9.489961992702219e-05,2800,0.0046500813764240876,True
GaussianBudget75M_MaxCov,Sister_2023-CAKNF-004500,20230608,17,pyrologix,12,25-54,2023,0.0,0.03578718300559558,-1,undetected,1,9.489961992702219e-05,5835,0.0046500813764240876,True
GaussianBudget75M_MaxCov,Ski_2023-CASTF-001676,20230820,16,pyrologix,9,115-63,2023,0.0,0.004557929001748562,0,drone,1,9.489961992702219e-05,3290,0.0046500813764240876,True
GaussianBudget75M_MaxCov,Skunk_2023-CASHF-000313,20230417,16,pyrologix,7,40-22,2023,0.0,0.004243489005602896,0,drone,1,9.489961992702219e-05,2850,0.0046500813764240876,True
GaussianBudget75M_MaxCov,Sky_2023-CASNF-000380,20230527,20,pyrologix,10,128-67,2023,0.0,0.006784612021874636,1,drone,1,9.489961992702219e-05,4465,0.0046500813764240876,True
GaussianBudget75M_MaxCov,Sky_2023-CATCU-010394,20230807,23,pyrologix,3,118-56,2023,0.0,0.0026375149900559336,0,drone,1,9.489961992702219e-05,1160,0.004365382516643021,True
GaussianBudget75M_MaxCov,Slab_Creek_Reservoir_Camino_2023-CAAEU-010441,20230419,0,pyrologix,1,99-53,2023,0.0,0.006459483003709465,1,drone,1,9.489961992702219e-05,930,0.0040806836568619545,True
GaussianBudget75M_MaxCov,Slide_1_2023-CAMNF-000852,20230815,13,pyrologix,10,61-26,2023,0.0,0.0038947220018599182,0,drone,1,9.489961992702219e-05,4255,0.0046500813764240876,True
GaussianBudget75M_MaxCov,Slide_2_2023-CAMNF-000854,20230815,14,pyrologix,7,69-27,2023,0.0,0.00450879501295276,0,drone,1,9.489961992702219e-05,3000,0.0046500813764240876,True
GaussianBudget75M_MaxCov,Smith_2023-CASTF-000451,20230426,15,pyrologix,7,122-61,2023,0.0,0.003938098991056904,0,drone,1,9.489961992702219e-05,2585,0.0046500813764240876,True
GaussianBudget75M_MaxCov,Smokey_2023-CAINF-001714,20230917,19,pyrologix,2,none,2023,0.0,0.00208698000642471,-1,undetected,1,9.489961992702219e-05,0,0.0,False
GaussianBudget75M_MaxCov,Snag_2023-CALMU-002821,20230606,21,pyrologix,2,45-66,2023,0.0,0.002777138986857608,0,drone,1,9.489961992702219e-05,995,0.004365382516643021,True
GaussianBudget75M_MaxCov,Snake_2023-CAPNF-000744,20230717,13,pyrologix,11,72-57,2023,0.0,0.003166146983858198,0,drone,1,9.489961992702219e-05,3945,0.0046500813764240876,True
GaussianBudget75M_MaxCov,Snow_2023-CABDF-015602,20231116,16,pyrologix,3,none,2023,0.0,0.002050959999905899,-1,undetected,1,9.489961992702219e-05,0,0.0,False
GaussianBudget75M_MaxCov,Snow_2023-CASHF-001072,20230825,22,pyrologix,7,54-19,2023,0.0,0.014938578999135643,2,drone,1,9.489961992702219e-05,2990,0.0046500813764240876,True
GaussianBudget75M_MaxCov,Soda_2023-CAENF-015599,20230611,21,pyrologix,5,90-60,2023,0.0,0.003205879998859018,0,drone,1,9.489961992702219e-05,1965,0.0046500813764240876,True
GaussianBudget75M_MaxCov,Soda_2023-CASHF-000457,20230521,19,pyrologix,6,35-43,2023,0.0,0.006881676003104076,1,drone,1,9.489961992702219e-05,2835,0.0046500813764240876,True
GaussianBudget75M_MaxCov,Soldier_2023-CALAC-257321,20230801,4,pyrologix,3,206-87,2023,0.0,0.0047643860161770135,1,drone,1,9.489961992702219e-05,1405,0.004555181756497065,True
GaussianBudget75M_MaxCov,South_2023-CASRF-000500,20230609,19,pyrologix,4,25-20,2023,0.0,0.006808759004343301,1,drone,1,9.489961992702219e-05,2075,0.0046500813764240876,True
GaussianBudget75M_MaxCov,South_2023-CASRF-000646,20230705,0,pyrologix,5,35-16,2023,0.0,0.003351273015141487,0,drone,1,9.489961992702219e-05,2015,0.0046500813764240876,True
GaussianBudget75M_MaxCov,Spanish_2023-CASNF-000527,20230612,15,pyrologix,4,none,2023,0.0,0.002127671003108844,-1,undetected,1,9.489961992702219e-05,0,0.0,False
GaussianBudget75M_MaxCov,Spaulding_2023-CAMDF-000211,20230605,16,pyrologix,11,37-64,2023,0.0,0.004718817013781518,0,drone,1,9.489961992702219e-05,4430,0.0046500813764240876,True
GaussianBudget75M_MaxCov,Spillway_2023-CALAC-386515,20231111,3,pyrologix,3,none,2023,0.0,0.002141623990610242,-1,undetected,1,9.489961992702219e-05,0,0.0,False
GaussianBudget75M_MaxCov,Spot_2023-CABDF-005844,20230408,16,pyrologix,5,225-101,2023,0.0,0.005750359006924555,0,drone,1,9.489961992702219e-05,1935,0.0046500813764240876,True
GaussianBudget75M_MaxCov,Spring_2023-CAMDF-000733,20230826,13,pyrologix,12,38-63,2023,0.0,0.003201106999767944,0,drone,1,9.489961992702219e-05,4455,0.0046500813764240876,True
GaussianBudget75M_MaxCov,Spring_2023-CAPNF-000278,20230519,15,pyrologix,10,80-65,2023,0.0,0.006765470985556021,1,drone,1,9.489961992702219e-05,4140,0.0046500813764240876,True
GaussianBudget75M_MaxCov,Spring_2023-CASHF-001191,20230916,20,pyrologix,6,47-21,2023,0.0,0.006951967981876805,1,drone,1,9.489961992702219e-05,2940,0.004555181756497065,True
GaussianBudget75M_MaxCov,Spring_2023-CASTF-001996,20230913,19,pyrologix,6,122-61,2023,0.0,0.004122357000596821,0,drone,1,9.489961992702219e-05,2285,0.0046500813764240876,True
GaussianBudget75M_MaxCov,Spring_2023-CATNF-000557,20230601,14,pyrologix,12,73-63,2023,0.0,0.019049783993978053,-1,undetected,1,9.489961992702219e-05,4380,0.004555181756497065,True
GaussianBudget75M_MaxCov,Springs_2023-CACNF-000760,20230416,7,pyrologix,11,none,2023,0.0,0.0020611449726857245,-1,undetected,1,9.489961992702219e-05,0,0.0,False
GaussianBudget75M_MaxCov,Springs_2_2023-CACNF-000822,20230425,10,pyrologix,5,none,2023,0.0,0.002122454985510558,-1,undetected,1,9.489961992702219e-05,0,0.0,False
GaussianBudget75M_MaxCov,Spur_2023-CAPNF-000428,20230607,17,pyrologix,9,67-62,2023,0.0,0.0043941290059592575,0,drone,1,9.489961992702219e-05,3685,0.0046500813764240876,True
GaussianBudget75M_MaxCov,Squaw_2023-CABTU-008770,20230514,0,pyrologix,5,79-47,2023,0.0,0.0032999819959513843,0,drone,1,9.489961992702219e-05,2040,0.0046500813764240876,True
GaussianBudget75M_MaxCov,Squaw_2023-CALPF-001664,20230701,9,pyrologix,12,none,2023,0.0,0.0021867080067750067,-1,undetected,1,9.489961992702219e-05,0,0.0,False
GaussianBudget75M_MaxCov,Squirrel_2023-CASHF-000989,20230815,20,pyrologix,4,35-36,2023,0.0,0.011318075994495302,3,drone,1,9.489961992702219e-05,2585,0.0046500813764240876,True
GaussianBudget75M_MaxCov,Stage_2023-CASKU-003070,20230423,1,pyrologix,3,35-43,2023,0.0,0.0022952809813432395,0,drone,1,9.489961992702219e-05,1180,0.004365382516643021,True
GaussianBudget75M_MaxCov,Staging_2023-CALPF-002221,20230810,13,pyrologix,11,none,2023,0.0,0.0021886810136493295,-1,undetected,1,9.489961992702219e-05,0,0.0,False
GaussianBudget75M_MaxCov,Stampede_2023-CATNF-000456,20230520,16,pyrologix,11,84-67,2023,0.0,0.0035231720248702914,0,drone,1,9.489961992702219e-05,3715,0.0046500813764240876,True
GaussianBudget75M_MaxCov,Stan_2023-CASTF-001612,20230817,15,pyrologix,5,108-64,2023,0.0,0.002815193001879379,0,drone,1,9.489961992702219e-05,1910,0.004460282136570043,True
GaussianBudget75M_MaxCov,Star_2023-CACNF-002537,20230912,16,pyrologix,8,none,2023,0.0,0.0021219149930402637,-1,undetected,1,9.489961992702219e-05,0,0.0,False
GaussianBudget75M_MaxCov,Star_2023-CASTF-000464,20230427,18,pyrologix,8,111-57,2023,0.0,0.005233212985331193,0,drone,1,9.489961992702219e-05,3080,0.0046500813764240876,True
GaussianBudget75M_MaxCov,Stine_2023-CASQF-001101,20230703,15,pyrologix,12,174-77,2023,0.0,0.0035162559943273664,0,drone,1,9.489961992702219e-05,4130,0.0046500813764240876,True
GaussianBudget75M_MaxCov,Stock_2023-CAMDF-000937,20230919,17,pyrologix,10,none,2023,0.0,0.0021050560171715915,-1,undetected,1,9.489961992702219e-05,0,0.0,False
GaussianBudget75M_MaxCov,Stone_2023-CABDF-006328,20230421,15,pyrologix,10,206-88,2023,0.0,0.005179002007935196,0,drone,1,9.489961992702219e-05,4085,0.004460282136570043,True
GaussianBudget75M_MaxCov,Stone_2023-CASHF-000695,20230628,22,pyrologix,12,47-27,2023,0.0,0.018963239999720827,-1,undetected,1,9.489961992702219e-05,4690,0.0046500813764240876,True
GaussianBudget75M_MaxCov,Stoneridge_2023-CACNF-001060,20230524,22,pyrologix,7,230-98,2023,0.0,0.0047388709790539,0,drone,1,9.489961992702219e-05,2600,0.0046500813764240876,True
GaussianBudget75M_MaxCov,Stones_2023-CAKNF-005095,20230625,17,pyrologix,3,21-28,2023,0.0,0.006033349985955283,1,drone,1,9.489961992702219e-05,1685,0.0046500813764240876,True
GaussianBudget75M_MaxCov,Straw_2023-CASTF-001550,20230814,22,pyrologix,10,115-63,2023,0.0,0.0032661230070516467,0,drone,1,9.489961992702219e-05,3435,0.0046500813764240876,True
GaussianBudget75M_MaxCov,Stuart_2023-CASHF-000544,20230606,11,pyrologix,11,40-29,2023,0.0,0.003367770987097174,0,drone,1,9.489961992702219e-05,3870,0.0046500813764240876,True
GaussianBudget75M_MaxCov,Stump_2023-CAKNF-000706,20230125,13,pyrologix,6,18-37,2023,0.0,0.0045107869955245405,0,drone,1,9.489961992702219e-05,2600,0.0040806836568619545,True
GaussianBudget75M_MaxCov,Sugar_2023-CANEU-018360,20230701,11,pyrologix,5,86-54,2023,0.0,0.0020469849987421185,0,drone,1,9.489961992702219e-05,1860,0.0046500813764240876,True
GaussianBudget75M_MaxCov,Sugar_2023-CASTF-001969,20230911,13,pyrologix,6,115-63,2023,0.0,0.005375290988013148,1,drone,1,9.489961992702219e-05,2495,0.0046500813764240876,True
GaussianBudget75M_MaxCov,Sugar_2023-CATNF-000854,20230701,9,pyrologix,11,86-54,2023,0.0,0.004861916007939726,0,drone,1,9.489961992702219e-05,4235,0.0046500813764240876,True
GaussianBudget75M_MaxCov,Sugarloaf_2023-CABDF-017660,20231212,18,pyrologix,5,none,2023,0.0,0.0021430919878184795,-1,undetected,1,9.489961992702219e-05,0,0.0,False
GaussianBudget75M_MaxCov,Sulpher_2023-CASHF-000992,20230815,22,pyrologix,3,47-21,2023,0.0,0.002247916010674089,0,drone,1,9.489961992702219e-05,1225,0.004460282136570043,True
GaussianBudget75M_MaxCov,Sulphur_2_2023-CAINF-001392,20230818,22,pyrologix,9,none,2023,0.0,0.002223614021204412,-1,undetected,1,9.489961992702219e-05,0,0.0,False
GaussianBudget75M_MaxCov,Summit_2023-CASHU-006574,20230624,0,pyrologix,8,47-27,2023,0.0,0.005708133976440877,1,drone,1,9.489961992702219e-05,3325,0.0046500813764240876,True
GaussianBudget75M_MaxCov,Summit_2023-CASNF-001403,20230909,20,pyrologix,8,129-73,2023,0.0,0.007165704999351874,1,drone,1,9.489961992702219e-05,3505,0.0046500813764240876,True
GaussianBudget75M_MaxCov,Sunrise_2023-CACNF-002091,20230805,7,pyrologix,6,none,2023,0.0,0.0021483769814949483,-1,undetected,1,9.489961992702219e-05,0,0.0,False
GaussianBudget75M_MaxCov,Sutherland_2023-CACNF-001178,20230603,23,pyrologix,2,none,2023,0.0,0.0021105119958519936,-1,undetected,1,9.489961992702219e-05,0,0.0,False
GaussianBudget75M_MaxCov,Swanson_2023-CAKNF-005094,20230625,12,pyrologix,12,24-35,2023,0.0,0.019536876992788166,-1,undetected,1,9.489961992702219e-05,4780,0.0046500813764240876,True
GaussianBudget75M_MaxCov,Sweetbrier_2023-CASHF-001012,20230818,6,pyrologix,11,35-43,2023,0.0,0.006603668996831402,1,drone,1,9.489961992702219e-05,4360,0.0046500813764240876,True
GaussianBudget75M_MaxCov,Swift_2023-CASHF-000972,20230815,10,pyrologix,8,42-34,2023,0.0,0.0025602169916965067,0,drone,1,9.489961992702219e-05,2850,0.0046500813764240876,True
GaussianBudget75M_MaxCov,Swillup_2023-CAKNF-006937,20230815,13,pyrologix,2,21-28,2023,0.0,0.0034386149782221764,0,drone,1,9.489961992702219e-05,1040,0.004555181756497065,True
GaussianBudget75M_MaxCov,Swimming_Hole_2023-CAPNF-001425,20230930,1,pyrologix,4,65-55,2023,0.0,0.004057723999721929,0,drone,1,9.489961992702219e-05,1635,0.004460282136570043,True
GaussianBudget75M_MaxCov,Table_2023-CATNF-000622,20230606,17,pyrologix,2,80-58,2023,0.0,0.0022001659963279963,0,drone,1,9.489961992702219e-05,810,0.004555181756497065,True
GaussianBudget75M_MaxCov,Tadpole_2023-CATNF-001289,20230816,23,pyrologix,4,90-60,2023,0.0,0.004492258012760431,0,drone,1,9.489961992702219e-05,1785,0.0046500813764240876,True
GaussianBudget75M_MaxCov,Tailgate_2023-CALPF-001952,20230722,14,pyrologix,6,none,2023,0.0,0.0021068289934191853,-1,undetected,1,9.489961992702219e-05,0,0.0,False
GaussianBudget75M_MaxCov,Tamarack_2023-CAPNF-001273,20230908,18,pyrologix,1,72-57,2023,0.0,0.005258900986518711,1,drone,1,9.489961992702219e-05,885,0.004555181756497065,True
GaussianBudget75M_MaxCov,Tank_2023-CAMDF-000569,20230818,10,pyrologix,10,none,2023,0.0,0.002116660005412996,-1,undetected,1,9.489961992702219e-05,0,0.0,False
GaussianBudget75M_MaxCov,Tanker_2023-CAANF-002610,20230808,23,pyrologix,3,none,2023,0.0,0.002377296012127772,-1,undetected,1,9.489961992702219e-05,0,0.0,False
GaussianBudget75M_MaxCov,Tanker_2023-CALAC-266211,20230808,0,pyrologix,1,none,2023,0.0,0.0022444229980465025,-1,undetected,1,9.489961992702219e-05,0,0.0,False
GaussianBudget75M_MaxCov,Tanner_2023-CAKNF-008087,20230917,3,pyrologix,2,28-32,2023,0.0,0.0018314380140509456,0,drone,1,9.489961992702219e-05,835,0.004460282136570043,True
GaussianBudget75M_MaxCov,Taylor_2023-CAINF-001071,20230719,17,pyrologix,9,none,2023,0.0,0.0022105840034782887,-1,undetected,1,9.489961992702219e-05,0,0.0,False
GaussianBudget75M_MaxCov,Taylorsville_2023-CAPNF-001563,20231105,13,pyrologix,9,67-62,2023,0.0,0.011590626992983744,3,drone,1,9.489961992702219e-05,4690,0.0046500813764240876,True
GaussianBudget75M_MaxCov,Tea_2023-CASNF-001395,20230909,13,pyrologix,11,140-71,2023,0.0,0.0036613850097637624,0,drone,1,9.489961992702219e-05,3615,0.0046500813764240876,True
GaussianBudget75M_MaxCov,Tecuya_2023-CALPF-002100,20230802,12,pyrologix,6,none,2023,0.0,0.002088281005853787,-1,undetected,1,9.489961992702219e-05,0,0.0,False
GaussianBudget75M_MaxCov,Telephone_2023-CASHF-001189,20230916,17,pyrologix,11,47-27,2023,0.0,0.004735639988211915,0,drone,1,9.489961992702219e-05,4215,0.0046500813764240876,True
GaussianBudget75M_MaxCov,Thatcher_2023-CAMNF-000495,20230625,20,pyrologix,5,68-22,2023,0.0,0.00371411899686791,0,drone,1,9.489961992702219e-05,2040,0.0046500813764240876,True
GaussianBudget75M_MaxCov,Thompson_2023-CASTF-001742,20230827,0,pyrologix,6,115-63,2023,0.0,0.0050831440021283925,0,drone,1,9.489961992702219e-05,2380,0.0046500813764240876,True
GaussianBudget75M_MaxCov,Three_Creeks_2023-CAKNF-007001,20230816,0,pyrologix,7,23-23,2023,0.0,0.002132406021701172,0,drone,1,9.489961992702219e-05,2445,0.0046500813764240876,True
GaussianBudget75M_MaxCov,Thurman_2023-CABDF-017306,20231206,20,pyrologix,8,none,2023,0.0,0.0020484980195760727,-1,undetected,1,9.489961992702219e-05,0,0.0,False
GaussianBudget75M_MaxCov,Tierra_2023-CAENF-014309,20230529,18,pyrologix,12,93-54,2023,0.0,0.01923663099296391,-1,undetected,1,9.489961992702219e-05,4870,0.0046500813764240876,True
GaussianBudget75M_MaxCov,Timber_2023-CAMMU-011033,20230525,19,pyrologix,12,125-56,2023,0.0,0.00455096599762328,0,drone,1,9.489961992702219e-05,4650,0.0046500813764240876,True
GaussianBudget75M_MaxCov,Timber_2023-CASHU-008929,20230815,12,pyrologix,2,44-54,2023,0.0,0.002889593015424907,0,drone,1,9.489961992702219e-05,985,0.0046500813764240876,True
GaussianBudget75M_MaxCov,Tire_2023-CAANF-001601,20230618,19,pyrologix,4,none,2023,0.0,0.002162641001632437,-1,undetected,1,9.489961992702219e-05,0,0.0,False
GaussianBudget75M_MaxCov,Titmouse_2023-CAKNF-007216,20230822,21,pyrologix,7,28-32,2023,0.0,0.006075086013879627,1,drone,1,9.489961992702219e-05,3160,0.0046500813764240876,True
GaussianBudget75M_MaxCov,Titus_2023-CAKNF-006950,20230815,14,pyrologix,4,21-28,2023,0.0,0.005567230022279546,1,drone,1,9.489961992702219e-05,1965,0.0046500813764240876,True
GaussianBudget75M_MaxCov,Tnf-Forest_2023-CANEU-016816,20230616,17,pyrologix,2,90-60,2023,0.0,0.00392269398435019,0,drone,1,9.489961992702219e-05,1085,0.0046500813764240876,True
GaussianBudget75M_MaxCov,Townsend_2023-CAKNF-007031,20230816,19,pyrologix,6,24-35,2023,0.0,0.0050424590008333325,1,drone,1,9.489961992702219e-05,2610,0.0046500813764240876,True
GaussianBudget75M_MaxCov,Track_2023-CABDF-011906,20230829,18,pyrologix,11,206-88,2023,0.0,0.005340535019058734,0,drone,1,9.489961992702219e-05,4355,0.004460282136570043,True
GaussianBudget75M_MaxCov,Trail_2023-CAKNF-004558,20230610,16,pyrologix,8,21-42,2023,0.0,0.00673980699502863,0,drone,1,9.489961992702219e-05,2990,0.0046500813764240876,True
GaussianBudget75M_MaxCov,Trail_2023-CALNF-002794,20230606,21,pyrologix,9,51-53,2023,0.0,0.0035636099928524345,0,drone,1,9.489961992702219e-05,3265,0.0046500813764240876,True
GaussianBudget75M_MaxCov,Trail_2023-CASKU-006612,20230806,22,pyrologix,7,24-35,2023,0.0,0.003675518004456535,0,drone,1,9.489961992702219e-05,2800,0.0046500813764240876,True
GaussianBudget75M_MaxCov,Trail_2023-CATMU-021397,20230805,10,pyrologix,11,none,2023,0.0,0.002160153992008418,-1,undetected,1,9.489961992702219e-05,0,0.0,False
GaussianBudget75M_MaxCov,Trail_2023-CATNF-001137,20230729,20,pyrologix,4,80-58,2023,0.0,0.00715278199641034,1,drone,1,9.489961992702219e-05,2150,0.0046500813764240876,True
GaussianBudget75M_MaxCov,Training_2_2023-CACND-000002,20230102,14,pyrologix,4,172-74,2023,0.0,0.005903496989049017,1,drone,1,9.489961992702219e-05,2000,0.0046500813764240876,True
GaussianBudget75M_MaxCov,Trash_2023-CAINF-000843,20230629,21,pyrologix,1,none,2023,0.0,0.002137704024789855,-1,undetected,1,9.489961992702219e-05,0,0.0,False
GaussianBudget75M_MaxCov,Treasure_2023-CATNF-001279,20230815,14,pyrologix,6,80-65,2023,0.0,0.004983398015610874,1,drone,1,9.489961992702219e-05,2500,0.0046500813764240876,True
GaussianBudget75M_MaxCov,Tree_2023-CASTF-001544,20230814,19,pyrologix,12,115-63,2023,0.0,0.004048908012919128,0,drone,1,9.489961992702219e-05,4120,0.0046500813764240876,True
GaussianBudget75M_MaxCov,Trout_2023-CALNF-006021,20231104,20,pyrologix,5,51-53,2023,0.0,0.002990776003571227,0,drone,1,9.489961992702219e-05,1905,0.0046500813764240876,True
GaussianBudget75M_MaxCov,Trout_2023-CASTF-001979,20230912,22,pyrologix,6,115-63,2023,0.0,0.007746296003460884,1,drone,1,9.489961992702219e-05,2755,0.0046500813764240876,True
GaussianBudget75M_MaxCov,Tunnel_2023-CASQF-000909,20230620,12,pyrologix,6,none,2023,0.0,0.002074568998068571,-1,undetected,1,9.489961992702219e-05,0,0.0,False
GaussianBudget75M_MaxCov,Tunnel_2023-CASRF-000823,20230728,20,pyrologix,7,16-26,2023,0.0,0.004907488008029759,0,drone,1,9.489961992702219e-05,3035,0.004555181756497065,True
GaussianBudget75M_MaxCov,Turkey_2023-CALPF-000763,20230405,12,pyrologix,8,none,2023,0.0,0.0022240070102270693,-1,undetected,1,9.489961992702219e-05,0,0.0,False
GaussianBudget75M_MaxCov,Turner_2023-CAMDF-000874,20230906,20,pyrologix,6,38-63,2023,0.0,0.006641392013989389,1,drone,1,9.489961992702219e-05,2825,0.0046500813764240876,True
GaussianBudget75M_MaxCov,Twain_2023-CAPNF-000275,20230519,4,pyrologix,2,65-55,2023,0.0,0.0019648349843919277,0,drone,1,9.489961992702219e-05,755,0.004365382516643021,True
GaussianBudget75M_MaxCov,Twin_2023-CAANF-001960,20230703,17,pyrologix,4,206-88,2023,0.0,0.0020740430045407265,0,drone,1,9.489961992702219e-05,1635,0.004460282136570043,True
GaussianBudget75M_MaxCov,Twin_2023-CALNF-004089,20230803,16,pyrologix,10,51-53,2023,0.0,0.00925760599784553,2,drone,1,9.489961992702219e-05,4340,0.0046500813764240876,True
GaussianBudget75M_MaxCov,Tyler_2023-CAKNF-005133,20230626,9,pyrologix,12,21-28,2023,0.0,0.00421124100103043,0,drone,1,9.489961992702219e-05,4645,0.0046500813764240876,True
GaussianBudget75M_MaxCov,Ufish_2023-CAKNF-007029,20230816,19,pyrologix,4,21-28,2023,0.0,0.002666952001163736,0,drone,1,9.489961992702219e-05,1595,0.0046500813764240876,True
GaussianBudget75M_MaxCov,Uncle_2023-CAKNF-008107,20230917,19,pyrologix,2,28-32,2023,0.0,0.003070758015383035,0,drone,1,9.489961992702219e-05,990,0.0046500813764240876,True
GaussianBudget75M_MaxCov,Underwood_2023-CASTF-001617,20230817,21,pyrologix,1,105-63,2023,0.0,0.005798180005513132,1,drone,1,9.489961992702219e-05,940,0.004365382516643021,True
GaussianBudget75M_MaxCov,Upper_2023-CACNF-001655,20230708,15,pyrologix,4,none,2023,0.0,0.0021678449993487448,-1,undetected,1,9.489961992702219e-05,0,0.0,False
GaussianBudget75M_MaxCov,Upper_2023-CASHF-000983,20230815,14,pyrologix,10,40-29,2023,0.0,0.002870655996957794,0,drone,1,9.489961992702219e-05,3465,0.0046500813764240876,True
GaussianBudget75M_MaxCov,Valencia_2023-CANEU-015694,20230604,18,pyrologix,12,86-54,2023,0.0,0.0030834949866402894,0,drone,1,9.489961992702219e-05,4360,0.0046500813764240876,True
GaussianBudget75M_MaxCov,Valley_2023-CAKNF-005234,20230628,16,pyrologix,9,21-28,2023,0.0,0.007183579000411555,1,drone,1,9.489961992702219e-05,3975,0.0046500813764240876,True
GaussianBudget75M_MaxCov,Valley_2023-CAMDF-000562,20230818,22,pyrologix,7,none,2023,0.0,0.0021317609935067594,-1,undetected,1,9.489961992702219e-05,0,0.0,False
GaussianBudget75M_MaxCov,Valley_2023-CAPNF-000709,20230711,18,pyrologix,6,76-51,2023,0.0,0.0048069030162878335,0,drone,1,9.489961992702219e-05,2900,0.0046500813764240876,True
GaussianBudget75M_MaxCov,Valley_2023-CASHF-000600,20230615,18,pyrologix,12,47-21,2023,0.0,0.006289999990258366,1,drone,1,9.489961992702219e-05,4980,0.0046500813764240876,True
GaussianBudget75M_MaxCov,Vann_2023-CAKNF-007350,20230826,20,pyrologix,11,23-23,2023,0.0,0.019534997001755983,-1,undetected,1,9.489961992702219e-05,4410,0.0046500813764240876,True
GaussianBudget75M_MaxCov,Viejas_2023-CACNF-002123,20230807,22,pyrologix,9,none,2023,0.0,0.0020836020121350884,-1,undetected,1,9.489961992702219e-05,0,0.0,False
GaussianBudget75M_MaxCov,Viejas_2_2023-CACNF-002645,20230924,15,pyrologix,10,none,2023,0.0,0.0020990949997212738,-1,undetected,1,9.489961992702219e-05,0,0.0,False
GaussianBudget75M_MaxCov,Vista_2023-CAANF-002138,20230710,22,pyrologix,1,none,2023,0.0,0.002194506989326328,-1,undetected,1,9.489961992702219e-05,0,0.0,False
GaussianBudget75M_MaxCov,Vista_2023-CAINF-001907,20231021,20,pyrologix,1,none,2023,0.0,0.002175061992602423,-1,undetected,1,9.489961992702219e-05,0,0.0,False
GaussianBudget75M_MaxCov,Vista_2023-CALAC-216296,20230630,19,pyrologix,3,none,2023,0.0,0.0021318929793778807,-1,undetected,1,9.489961992702219e-05,0,0.0,False
GaussianBudget75M_MaxCov,Vista_2023-CASTF-001614,20230817,19,pyrologix,1,108-64,2023,0.0,0.004320434993132949,1,drone,1,9.489961992702219e-05,785,0.003985784036934932,True
GaussianBudget75M_MaxCov,Vogel_2023-CAANF-001973,20230703,17,pyrologix,8,none,2023,0.0,0.002086193999275565,-1,undetected,1,9.489961992702219e-05,0,0.0,False
GaussianBudget75M_MaxCov,Vogel_2023-CALAC-220317,20230703,17,pyrologix,9,none,2023,0.0,0.0021134229900781065,-1,undetected,1,9.489961992702219e-05,0,0.0,False
GaussianBudget75M_MaxCov,Volcano_2023-CASHU-001661,20230215,14,pyrologix,2,44-54,2023,0.0,0.003805022977758199,0,drone,1,9.489961992702219e-05,1090,0.0046500813764240876,True
GaussianBudget75M_MaxCov,Votaw_2023-CAENF-022401,20230816,19,pyrologix,11,105-63,2023,0.0,0.010043385002063587,2,drone,1,9.489961992702219e-05,4660,0.0046500813764240876,True
GaussianBudget75M_MaxCov,Wagner_2023-CAMMU-020253,20230910,21,pyrologix,1,122-61,2023,0.0,0.0026125310105271637,0,drone,1,9.489961992702219e-05,530,0.0037010851771538656,True
GaussianBudget75M_MaxCov,Wagon_2_2023-CAANF-233724,20231110,20,pyrologix,1,none,2023,0.0,0.0021410149929579347,-1,undetected,1,9.489961992702219e-05,0,0.0,False
GaussianBudget75M_MaxCov,Wall_2023-CATNF-000797,20230624,12,pyrologix,9,86-54,2023,0.0,0.0034510589903220534,0,drone,1,9.489961992702219e-05,3345,0.0046500813764240876,True
GaussianBudget75M_MaxCov,Walls_2023-CANEU-018722,20230703,17,pyrologix,7,80-58,2023,0.0,0.0024138249864336103,0,drone,1,9.489961992702219e-05,2560,0.0046500813764240876,True
GaussianBudget75M_MaxCov,Walter_2023-CALAC-272893,20230813,1,pyrologix,10,none,2023,0.0,0.0022887660015840083,-1,undetected,1,9.489961992702219e-05,0,0.0,False
GaussianBudget75M_MaxCov,Wash_2023-CABDF-012288,20230913,22,pyrologix,12,206-88,2023,0.0,0.01923353600432165,-1,undetected,1,9.489961992702219e-05,5155,0.004460282136570043,True
GaussianBudget75M_MaxCov,Waterhouse_2023-CASTF-001923,20230909,20,pyrologix,7,108-64,2023,0.0,0.006666921981377527,1,drone,1,9.489961992702219e-05,2995,0.004555181756497065,True
GaussianBudget75M_MaxCov,Waterman_2023-CASHF-000540,20230606,3,pyrologix,2,42-41,2023,0.0,0.0018221799982711673,0,drone,1,9.489961992702219e-05,775,0.004555181756497065,True
GaussianBudget75M_MaxCov,Watson_2023-CATMU-028805,20231019,21,pyrologix,4,none,2023,0.0,0.002655676013091579,-1,undetected,1,9.489961992702219e-05,0,0.0,False
GaussianBudget75M_MaxCov,Way_2023-CALPF-002417,20230825,20,pyrologix,9,none,2023,0.0,0.0021761110110674053,-1,undetected,1,9.489961992702219e-05,0,0.0,False
GaussianBudget75M_MaxCov,Weaver_2023-CASHU-007652,20230715,18,pyrologix,11,40-29,2023,0.0,0.005148212978383526,0,drone,1,9.489961992702219e-05,4100,0.0046500813764240876,True
GaussianBudget75M_MaxCov,Webber_2023-CATNF-001274,20230814,23,pyrologix,2,80-65,2023,0.0,0.00444487200002186,1,drone,1,9.489961992702219e-05,1050,0.004365382516643021,True
GaussianBudget75M_MaxCov,Weber_2023-CASHF-000689,20230628,0,pyrologix,1,40-29,2023,0.0,0.0020493240153882653,0,drone,1,9.489961992702219e-05,520,0.0036061855572268433,True
GaussianBudget75M_MaxCov,Wemple_2023-CAPNF-000406,20230605,17,pyrologix,8,63-64,2023,0.0,0.007847236993256956,0,drone,1,9.489961992702219e-05,3455,0.0046500813764240876,True
GaussianBudget75M_MaxCov,Wentworth_2023-CAENF-023260,20230824,20,pyrologix,9,90-60,2023,0.0,0.0043079290189780295,0,drone,1,9.489961992702219e-05,3420,0.0046500813764240876,True
GaussianBudget75M_MaxCov,West_2023-CAANF-233948,20231202,15,pyrologix,8,none,2023,0.0,0.0020893710025120527,-1,undetected,1,9.489961992702219e-05,0,0.0,False
GaussianBudget75M_MaxCov,West_2023-CASHF-001013,20230818,9,pyrologix,9,35-36,2023,0.0,0.004689799010520801,0,drone,1,9.489961992702219e-05,3135,0.0046500813764240876,True
GaussianBudget75M_MaxCov,Western_2023-CABDF-010700,20230728,14,pyrologix,11,206-88,2023,0.0,0.00399772499804385,0,drone,1,9.489961992702219e-05,4220,0.004460282136570043,True
GaussianBudget75M_MaxCov,Wheeler_2023-CAINF-001307,20230813,4,pyrologix,11,none,2023,0.0,0.0021212520077824593,-1,undetected,1,9.489961992702219e-05,0,0.0,False
GaussianBudget75M_MaxCov,Whiskey_2023-CAKNF-007181,20230821,19,pyrologix,12,21-28,2023,0.0,0.003151454991893843,0,drone,1,9.489961992702219e-05,4485,0.0046500813764240876,True
GaussianBudget75M_MaxCov,Whit_2023-CASTF-001582,20230815,22,pyrologix,2,108-64,2023,0.0,0.00350808902294375,0,drone,1,9.489961992702219e-05,970,0.004175583276788976,True
GaussianBudget75M_MaxCov,Whitaker_2023-CALAC-325637,20230923,1,pyrologix,1,none,2023,0.0,0.0021679350174963474,-1,undetected,1,9.489961992702219e-05,0,0.0,False
GaussianBudget75M_MaxCov,White_2023-CASKU-006984,20230815,21,pyrologix,2,37-52,2023,0.0,0.013095263973809779,4,drone,1,9.489961992702219e-05,2010,0.004555181756497065,True
GaussianBudget75M_MaxCov,Whitlow_2023-CASHF-000977,20230815,11,pyrologix,9,42-41,2023,0.0,0.0034293009957764298,0,drone,1,9.489961992702219e-05,3300,0.0046500813764240876,True
GaussianBudget75M_MaxCov,Whitney_2023-CAINF-001878,20231016,22,pyrologix,7,none,2023,0.0,0.002184047014452517,-1,undetected,1,9.489961992702219e-05,0,0.0,False
GaussianBudget75M_MaxCov,Whitney_2023-CASHF-000753,20230706,0,pyrologix,10,28-45,2023,0.0,0.002845631999662146,0,drone,1,9.489961992702219e-05,3490,0.0046500813764240876,True
GaussianBudget75M_MaxCov,Wilcox_2023-CAPNF-001380,20230919,12,pyrologix,12,63-64,2023,0.0,0.0073291389853693545,0,drone,1,9.489961992702219e-05,4775,0.0046500813764240876,True
GaussianBudget75M_MaxCov,Wild_2023-CABDF-010665,20230727,17,pyrologix,11,225-101,2023,0.0,0.006630227988352999,1,drone,1,9.489961992702219e-05,4225,0.0046500813764240876,True
GaussianBudget75M_MaxCov,Wildcat_2023-CAPNF-000490,20230614,16,pyrologix,2,63-64,2023,0.0,0.0026289279921911657,0,drone,1,9.489961992702219e-05,920,0.004365382516643021,True
GaussianBudget75M_MaxCov,Wildcat_2023-CASHF-001011,20230818,4,pyrologix,7,35-36,2023,0.0,0.004035982012283057,0,drone,1,9.489961992702219e-05,2645,0.0046500813764240876,True
GaussianBudget75M_MaxCov,Wildcat_2023-CASNF-000555,20230617,23,pyrologix,11,146-69,2023,0.0,0.00544910499593243,0,drone,1,9.489961992702219e-05,4260,0.004270482896715999,True
GaussianBudget75M_MaxCov,Wildwood_2023-CASHF-000646,20230622,5,pyrologix,4,47-27,2023,0.0,0.0036958449927624315,0,drone,1,9.489961992702219e-05,1720,0.0046500813764240876,True
GaussianBudget75M_MaxCov,Wilfred_2023-CAINF-001084,20230721,0,pyrologix,8,none,2023,0.0,0.0021151279797777534,-1,undetected,1,9.489961992702219e-05,0,0.0,False
GaussianBudget75M_MaxCov,Williams_2023-CAPNF-000848,20230801,15,pyrologix,9,72-57,2023,0.0,0.00418496600468643,0,drone,1,9.489961992702219e-05,3465,0.0046500813764240876,True
GaussianBudget75M_MaxCov,Willow_2023-CAKNF-004131,20230529,14,pyrologix,4,21-49,2023,0.0,0.003200676990672946,0,drone,1,9.489961992702219e-05,1575,0.003795984797080888,True
GaussianBudget75M_MaxCov,Willow_2023-CALNF-004262,20230812,15,pyrologix,5,58-54,2023,0.0,0.004852253012359142,0,drone,1,9.489961992702219e-05,2270,0.0046500813764240876,True
GaussianBudget75M_MaxCov,Willow_2023-CAMDF-000586,20230819,20,pyrologix,10,48-67,2023,0.0,0.0045795350160915405,0,drone,1,9.489961992702219e-05,3630,0.0046500813764240876,True
GaussianBudget75M_MaxCov,Willow_2023-CAMDF-000932,20230919,20,pyrologix,10,none,2023,0.0,0.0021362380066420883,-1,undetected,1,9.489961992702219e-05,0,0.0,False
GaussianBudget75M_MaxCov,Willow_2023-CASQF-002141,20230930,22,pyrologix,4,172-74,2023,0.0,0.0033943079761229455,0,drone,1,9.489961992702219e-05,1620,0.0046500813764240876,True
GaussianBudget75M_MaxCov,Willow_2023-CASRF-000519,20230612,21,pyrologix,4,35-16,2023,0.0,0.0024079160066321492,0,drone,1,9.489961992702219e-05,1500,0.0046500813764240876,True
GaussianBudget75M_MaxCov,Wimer_2023-CASRF-001057,20230825,13,pyrologix,12,none,2023,0.0,0.0020514780189841986,-1,undetected,1,9.489961992702219e-05,0,0.0,False
GaussianBudget75M_MaxCov,Woodchopper_2023-CAKNF-004638,20230612,14,pyrologix,12,18-37,2023,0.0,0.00342865998391062,0,drone,1,9.489961992702219e-05,4440,0.0040806836568619545,True
GaussianBudget75M_MaxCov,Woodchuck_2023-CATNF-001500,20230915,18,pyrologix,4,87-59,2023,0.0,0.0024581449979450554,0,drone,1,9.489961992702219e-05,1470,0.0046500813764240876,True
GaussianBudget75M_MaxCov,Wooded_2023-CACNF-000705,20230409,23,pyrologix,1,none,2023,0.0,0.0020704339840449393,-1,undetected,1,9.489961992702219e-05,0,0.0,False
GaussianBudget75M_MaxCov,Woods_2023-CASHF-000928,20230807,16,pyrologix,2,49-41,2023,0.0,0.00575154900434427,1,drone,1,9.489961992702219e-05,1095,0.004460282136570043,True
GaussianBudget75M_MaxCov,Woodtick_2023-CASRF-000531,20230614,21,pyrologix,2,27-19,2023,0.0,0.002589033014373854,0,drone,1,9.489961992702219e-05,795,0.004365382516643021,True
GaussianBudget75M_MaxCov,Work_2023-CAANF-002022,20230705,2,pyrologix,7,none,2023,0.0,0.0020634539832826704,-1,undetected,1,9.489961992702219e-05,0,0.0,False
GaussianBudget75M_MaxCov,Yankee_2023-CASQF-000539,20230515,13,pyrologix,7,171-80,2023,0.0,0.004005338007118553,0,drone,1,9.489961992702219e-05,2665,0.0046500813764240876,True
GaussianBudget75M_MaxCov,Yellow_2023-CASKU-005548,20230706,21,pyrologix,11,28-45,2023,0.0,0.005709070013836026,0,drone,1,9.489961992702219e-05,3800,0.0046500813764240876,True
GaussianBudget75M_MaxCov,Young_2023-CAMDF-000198,20230530,0,pyrologix,2,none,2023,0.0,0.002071641996735707,-1,undetected,1,9.489961992702219e-05,0,0.0,False
GaussianBudget75M_MaxCov,Yreka_2023-CASKU-004527,20230609,22,pyrologix,1,21-42,2023,0.0,0.008157249976648018,2,drone,1,9.489961992702219e-05,1180,0.0046500813764240876,True
GaussianBudget75M_MaxCov,Zot_2023-CASHF-000494,20230528,19,pyrologix,7,34-50,2023,0.0,0.005269481975119561,1,drone,1,9.489961992702219e-05,2710,0.0046500813764240876,True
