strategy_combo,scenario_name,date,sim_start_hour,log_key,offset,cluster,year,routing_compute_seconds,sim_replay_seconds,delta_t,device,fire_size_cells,fire_size_percentage,total_distance_traveled,percentage_map_explored,routed
GaussianBudget500M_MaxCov,2-5_2021-CASHU-004806,20210516,12,pyrologix,6,47-42,2021,0.0,0.0,0,drone,1,9.489961992702219e-05,2555,0.0046500813764240876,True
GaussianBudget500M_MaxCov,3_Mile__2021-CAPNF-001082,20210704,15,pyrologix,12,76-62,2021,0.0,0.0,-1,undetected,1,9.489961992702219e-05,5080,0.0046500813764240876,True
GaussianBudget500M_MaxCov,41_MILE_2021-CAENF-022081,20210730,22,pyrologix,7,97-63,2021,0.0,0.0,0,drone,1,9.489961992702219e-05,2620,0.0046500813764240876,True
GaussianBudget500M_MaxCov,ADAMS_2021-CAKNF-006495,20210802,9,pyrologix,12,38-29,2021,0.0,0.0,-1,undetected,1,9.489961992702219e-05,5005,0.0046500813764240876,True
GaussianBudget500M_MaxCov,ADOBE_2021-CAINF-001488,20210701,12,pyrologix,8,119-84,2021,0.0,0.0,1,drone,1,9.489961992702219e-05,3530,0.003511285937299821,True
GaussianBudget500M_MaxCov,ALDER_2021-CASQF-002086,20210707,15,pyrologix,5,171-75,2021,0.0,0.0,0,drone,1,9.489961992702219e-05,1940,0.0046500813764240876,True
GaussianBudget500M_MaxCov,ALISAL__2021-CALPF-002759,20211011,21,pyrologix,1,191-47,2021,0.0,0.0,0,drone,1,9.489961992702219e-05,630,0.00389088441700791,True
GaussianBudget500M_MaxCov,ALOHA_2021-CAENF-013666,20210520,7,pyrologix,8,97-63,2021,0.0,0.0,2,drone,1,9.489961992702219e-05,3850,0.0046500813764240876,True
GaussianBudget500M_MaxCov,ALRAY_2021-CABDF-001347,20210118,15,pyrologix,11,207-89,2021,0.0,0.0,0,drone,1,9.489961992702219e-05,3670,0.004270482896715999,True
GaussianBudget500M_MaxCov,AL_2021-CATMU-019763,20210710,1,pyrologix,1,98-70,2021,0.0,0.0,0,drone,1,9.489961992702219e-05,395,0.002941888217737688,True
GaussianBudget500M_MaxCov,ANDERSON_2021-CATNF-000712,20210508,16,pyrologix,5,90-66,2021,0.0,0.0,1,drone,1,9.489961992702219e-05,2085,0.0036061855572268433,True
GaussianBudget500M_MaxCov,ANTELOPE_2021-CAKNF-006454,20210801,12,pyrologix,12,30-53,2021,0.0,0.0,0,drone,1,9.489961992702219e-05,4290,0.0046500813764240876,True
GaussianBudget500M_MaxCov,ANTELOPE_2021-CAMDF-000580,20210622,14,pyrologix,8,34-67,2021,0.0,0.0,0,drone,1,9.489961992702219e-05,3130,0.0046500813764240876,True
GaussianBudget500M_MaxCov,ANTELOPE_SINK_TENNANT_2021-CAKNF-003950,20210524,17,pyrologix,7,30-53,2021,0.0,0.0,0,drone,1,9.489961992702219e-05,2530,0.0046500813764240876,True
GaussianBudget500M_MaxCov,ANTONIO__2021-CAANF-002891,20210803,16,pyrologix,11,207-89,2021,0.0,0.0,0,drone,1,9.489961992702219e-05,3820,0.004270482896715999,True
GaussianBudget500M_MaxCov,APALACHEE_2021-CATMU-019709,20210709,15,pyrologix,11,98-70,2021,0.0,0.0,0,drone,1,9.489961992702219e-05,4110,0.0033214866974457763,True
GaussianBudget500M_MaxCov,ARNOT__2021-CASTF-001744,20210720,12,pyrologix,11,111-69,2021,0.0,0.0,1,drone,1,9.489961992702219e-05,4165,0.0046500813764240876,True
GaussianBudget500M_MaxCov,ASH_2021-CASHF-000295,20210308,15,pyrologix,5,35-49,2021,0.0,0.0,0,drone,1,9.489961992702219e-05,1820,0.0046500813764240876,True
GaussianBudget500M_MaxCov,ASPENS_2021-CAINF-001449,20210629,22,pyrologix,8,133-84,2021,0.0,0.0,1,drone,1,9.489961992702219e-05,3635,0.0046500813764240876,True
GaussianBudget500M_MaxCov,ASPEN_2021-CAENF-023616,20210811,14,pyrologix,7,97-63,2021,0.0,0.0,1,drone,1,9.489961992702219e-05,3305,0.0046500813764240876,True
GaussianBudget500M_MaxCov,ASPEN__2021-CASTF-000758,20210516,15,pyrologix,2,112-62,2021,0.0,0.0,0,drone,1,9.489961992702219e-05,1155,0.0046500813764240876,True
GaussianBudget500M_MaxCov,AUTUMN_2021-CABDF-017341,20211122,17,pyrologix,10,224-102,2021,0.0,0.0,0,drone,1,9.489961992702219e-05,3800,0.004460282136570043,True
GaussianBudget500M_MaxCov,Airport_2021-CAPNF-000482,20210421,18,pyrologix,2,69-59,2021,0.0,0.0,0,drone,1,9.489961992702219e-05,895,0.004555181756497065,True
GaussianBudget500M_MaxCov,Antlers_2021-CASHF-000630,20210516,17,pyrologix,8,40-42,2021,0.0,0.0,2,drone,1,9.489961992702219e-05,3575,0.0046500813764240876,True
GaussianBudget500M_MaxCov,BACKBONE_2021-CANEU-019609,20210726,21,pyrologix,12,83-54,2021,0.0,0.0,0,drone,1,9.489961992702219e-05,4180,0.0046500813764240876,True
GaussianBudget500M_MaxCov,BAIRD_2021-CAKNF-006530,20210803,14,pyrologix,6,30-53,2021,0.0,0.0,1,drone,1,9.489961992702219e-05,2715,0.0046500813764240876,True
GaussianBudget500M_MaxCov,BAKER_2021-CALNF-002001,20210421,21,pyrologix,2,51-56,2021,0.0,0.0,0,drone,1,9.489961992702219e-05,810,0.004460282136570043,True
GaussianBudget500M_MaxCov,BAKER_2021-CATNF-000549,20210411,22,pyrologix,7,82-48,2021,0.0,0.0,-1,undetected,1,9.489961992702219e-05,4700,0.0046500813764240876,True
GaussianBudget500M_MaxCov,BALDY_2021-CAANF-003105,20210820,20,pyrologix,12,207-89,2021,0.0,0.0,-1,undetected,1,9.489961992702219e-05,4260,0.004270482896715999,True
GaussianBudget500M_MaxCov,BALD_2021-CASTF-001632,20210714,7,pyrologix,12,112-62,2021,0.0,0.0,0,drone,1,9.489961992702219e-05,5055,0.0046500813764240876,True
GaussianBudget500M_MaxCov,BALLY_2021-CAKNF-006369,20210731,19,pyrologix,11,19-39,2021,0.0,0.0,1,drone,1,9.489961992702219e-05,4290,0.004365382516643021,True
GaussianBudget500M_MaxCov,BALL_2021-CAINF-001274,20210618,21,pyrologix,8,164-90,2021,0.0,0.0,2,drone,1,9.489961992702219e-05,3700,0.004270482896715999,True
GaussianBudget500M_MaxCov,BALL__2021-CAANF-002492,20210709,2,pyrologix,5,198-72,2021,0.0,0.0,1,drone,1,9.489961992702219e-05,2110,0.004555181756497065,True
GaussianBudget500M_MaxCov,BALSAM_2021-CASNF-000364,20210519,21,pyrologix,6,140-70,2021,0.0,0.0,1,drone,1,9.489961992702219e-05,2625,0.0046500813764240876,True
GaussianBudget500M_MaxCov,BALTIC_2021-CAENF-017625,20210622,18,pyrologix,5,97-56,2021,0.0,0.0,1,drone,1,9.489961992702219e-05,2165,0.0046500813764240876,True
GaussianBudget500M_MaxCov,BANDIDO_2021-CAANF-003414,20210910,13,pyrologix,8,206-81,2021,0.0,0.0,0,drone,1,9.489961992702219e-05,3315,0.0040806836568619545,True
GaussianBudget500M_MaxCov,BARKER_2021-CATMU-021949,20210728,15,pyrologix,12,90-66,2021,0.0,0.0,0,drone,1,9.489961992702219e-05,4115,0.0036061855572268433,True
GaussianBudget500M_MaxCov,BARTLETT_2021-CAMNF-000517,20210602,18,pyrologix,5,81-23,2021,0.0,0.0,0,drone,1,9.489961992702219e-05,1930,0.004365382516643021,True
GaussianBudget500M_MaxCov,BASIN__2021-CASHF-001223,20210804,20,pyrologix,5,46-21,2021,0.0,0.0,2,drone,1,9.489961992702219e-05,2610,0.0046500813764240876,True
GaussianBudget500M_MaxCov,BEACROFT_2021-CATNF-000932,20210607,19,pyrologix,11,90-59,2021,0.0,0.0,1,drone,1,9.489961992702219e-05,4385,0.0046500813764240876,True
GaussianBudget500M_MaxCov,BEAR_2021-CABDF-012148,20210811,9,pyrologix,11,210-102,2021,0.0,0.0,0,drone,1,9.489961992702219e-05,3975,0.0040806836568619545,True
GaussianBudget500M_MaxCov,BEAR_2021-CAENF-022077,20210730,20,pyrologix,9,102-66,2021,0.0,0.0,1,drone,1,9.489961992702219e-05,3655,0.0046500813764240876,True
GaussianBudget500M_MaxCov,BEAR_2021-CASNF-000811,20210704,15,pyrologix,11,133-77,2021,0.0,0.0,0,drone,1,9.489961992702219e-05,4010,0.0046500813764240876,True
GaussianBudget500M_MaxCov,BEAR_2021-CASQF-002703,20210812,20,pyrologix,2,167-74,2021,0.0,0.0,0,drone,1,9.489961992702219e-05,875,0.004365382516643021,True
GaussianBudget500M_MaxCov,BEAR__2021-CASTF-001889,20210730,18,pyrologix,2,111-69,2021,0.0,0.0,1,drone,1,9.489961992702219e-05,1245,0.004555181756497065,True
GaussianBudget500M_MaxCov,BEASORE_2021-CASNF-001628,20210917,20,pyrologix,6,133-70,2021,0.0,0.0,1,drone,1,9.489961992702219e-05,2490,0.0046500813764240876,True
GaussianBudget500M_MaxCov,BEDFORD_2021-CACNF-001343,20210515,3,pyrologix,5,216-84,2021,0.0,0.0,0,drone,1,9.489961992702219e-05,1595,0.00303678783766471,True
GaussianBudget500M_MaxCov,BEEHIVE_2021-CASHF-001423,20210924,19,pyrologix,7,45-35,2021,0.0,0.0,0,drone,1,9.489961992702219e-05,2445,0.0046500813764240876,True
GaussianBudget500M_MaxCov,BEE_2021-CALPF-001234,20210530,16,pyrologix,8,174-40,2021,0.0,0.0,1,drone,1,9.489961992702219e-05,3440,0.004555181756497065,True
GaussianBudget500M_MaxCov,BEE__2021-CAANF-003546,20210919,23,pyrologix,11,198-72,2021,0.0,0.0,0,drone,1,9.489961992702219e-05,3885,0.004555181756497065,True
GaussianBudget500M_MaxCov,BELLEVUE_2021-CAENF-027012,20210910,18,pyrologix,2,97-63,2021,0.0,0.0,1,drone,1,9.489961992702219e-05,1350,0.0046500813764240876,True
GaussianBudget500M_MaxCov,BELL_2021-CASTF-001929,20210731,21,pyrologix,4,112-62,2021,0.0,0.0,1,drone,1,9.489961992702219e-05,2360,0.0046500813764240876,True
GaussianBudget500M_MaxCov,BENJAMIN_2021-CAKNF-008663,20211001,17,pyrologix,6,22-25,2021,0.0,0.0,0,drone,1,9.489961992702219e-05,2580,0.0046500813764240876,True
GaussianBudget500M_MaxCov,BERRY_2021-CAKNF-006872,20210812,7,pyrologix,2,24-32,2021,0.0,0.0,1,drone,1,9.489961992702219e-05,1440,0.004555181756497065,True
GaussianBudget500M_MaxCov,BICHOTA_2021-CAANF-003154,20210824,23,pyrologix,10,204-86,2021,0.0,0.0,0,drone,1,9.489961992702219e-05,3775,0.003985784036934932,True
GaussianBudget500M_MaxCov,BIGFORD__2021-CATNF-002271,20211122,17,pyrologix,11,83-68,2021,0.0,0.0,0,drone,1,9.489961992702219e-05,3515,0.004365382516643021,True
GaussianBudget500M_MaxCov,BIG_2021-CAANF-003078,20210817,9,pyrologix,1,198-72,2021,0.0,0.0,0,drone,1,9.489961992702219e-05,695,0.004555181756497065,True
GaussianBudget500M_MaxCov,BIG_2021-CASTF-000968,20210602,16,pyrologix,6,109-61,2021,0.0,0.0,0,drone,1,9.489961992702219e-05,2295,0.0046500813764240876,True
GaussianBudget500M_MaxCov,BIG_PINE_2021-CABDF-018139,20211127,17,pyrologix,9,208-96,2021,0.0,0.0,0,drone,1,9.489961992702219e-05,3480,0.004365382516643021,True
GaussianBudget500M_MaxCov,BILLY_2021-CATNF-000961,20210612,11,pyrologix,6,83-68,2021,0.0,0.0,0,drone,1,9.489961992702219e-05,2245,0.004365382516643021,True
GaussianBudget500M_MaxCov,BLACK_2021-CATMU-027020,20210910,18,pyrologix,3,90-66,2021,0.0,0.0,0,drone,1,9.489961992702219e-05,1105,0.003511285937299821,True
GaussianBudget500M_MaxCov,BLIND_HORSE_2021-CAKNF-004511,20210610,16,pyrologix,7,38-29,2021,0.0,0.0,1,drone,1,9.489961992702219e-05,3225,0.0046500813764240876,True
GaussianBudget500M_MaxCov,BLOOMFIELD_2021-CASTF-001865,20210729,18,pyrologix,4,105-68,2021,0.0,0.0,0,drone,1,9.489961992702219e-05,1520,0.004555181756497065,True
GaussianBudget500M_MaxCov,BLUE_2021-CABDF-007800,20210511,13,pyrologix,11,207-89,2021,0.0,0.0,1,drone,1,9.489961992702219e-05,3970,0.004270482896715999,True
GaussianBudget500M_MaxCov,BLUE_2021-CAKNF-004604,20210614,18,pyrologix,12,17-32,2021,0.0,0.0,-1,undetected,1,9.489961992702219e-05,4430,0.004365382516643021,True
GaussianBudget500M_MaxCov,BLUE_2021-CASNF-000717,20210629,22,pyrologix,3,140-70,2021,0.0,0.0,0,drone,1,9.489961992702219e-05,1370,0.004555181756497065,True
GaussianBudget500M_MaxCov,BLUE__2021-CABDF-000924,20210110,19,pyrologix,8,207-89,2021,0.0,0.0,0,drone,1,9.489961992702219e-05,2675,0.004270482896715999,True
GaussianBudget500M_MaxCov,BLUFF_2021-CABDF-010602,20210706,13,pyrologix,9,210-102,2021,0.0,0.0,0,drone,1,9.489961992702219e-05,3380,0.0040806836568619545,True
GaussianBudget500M_MaxCov,BLUFF_2021-CATNF-001775,20210910,17,pyrologix,12,83-54,2021,0.0,0.0,0,drone,1,9.489961992702219e-05,4120,0.0046500813764240876,True
GaussianBudget500M_MaxCov,BONANZA_2021-CASHF-001209,20210803,22,pyrologix,6,38-36,2021,0.0,0.0,0,drone,1,9.489961992702219e-05,2370,0.0046500813764240876,True
GaussianBudget500M_MaxCov,BONITA_2021-CARRU-007737,20210115,7,pyrologix,4,224-102,2021,0.0,0.0,0,drone,1,9.489961992702219e-05,1575,0.004460282136570043,True
GaussianBudget500M_MaxCov,BORDER_2021-CAKNF-006431,20210801,23,pyrologix,8,31-29,2021,0.0,0.0,2,drone,1,9.489961992702219e-05,3920,0.0046500813764240876,True
GaussianBudget500M_MaxCov,BORDER_2021-CAMDF-000575,20210622,11,pyrologix,7,32-60,2021,0.0,0.0,1,drone,1,9.489961992702219e-05,3125,0.0046500813764240876,True
GaussianBudget500M_MaxCov,BOULDER_2021-CABDF-009125,20210605,15,pyrologix,9,210-102,2021,0.0,0.0,0,drone,1,9.489961992702219e-05,3295,0.0040806836568619545,True
GaussianBudget500M_MaxCov,BOULDER_2021-CAKNF-005025,20210625,3,pyrologix,7,31-36,2021,0.0,0.0,1,drone,1,9.489961992702219e-05,3265,0.0046500813764240876,True
GaussianBudget500M_MaxCov,BOUQUET_2021-CAANF-004280,20211203,1,pyrologix,4,198-72,2021,0.0,0.0,0,drone,1,9.489961992702219e-05,1645,0.004555181756497065,True
GaussianBudget500M_MaxCov,BOX_2021-CAMDF-001391,20210811,16,pyrologix,2,39-63,2021,0.0,0.0,1,drone,1,9.489961992702219e-05,1270,0.004365382516643021,True
GaussianBudget500M_MaxCov,BRADLEY_2021-CASHF-001067,20210711,21,pyrologix,3,35-49,2021,0.0,0.0,0,drone,1,9.489961992702219e-05,1205,0.004555181756497065,True
GaussianBudget500M_MaxCov,BRANCH_2021-CAKNF-006399,20210731,15,pyrologix,2,15-25,2021,0.0,0.0,1,drone,1,9.489961992702219e-05,1285,0.004270482896715999,True
GaussianBudget500M_MaxCov,BRIGHTMAN_2021-CASTF-000816,20210523,19,pyrologix,8,111-69,2021,0.0,0.0,1,drone,1,9.489961992702219e-05,3365,0.0046500813764240876,True
GaussianBudget500M_MaxCov,BRODER_2021-CASQF-001048,20210518,18,pyrologix,1,164-83,2021,0.0,0.0,2,drone,1,9.489961992702219e-05,1145,0.004460282136570043,True
GaussianBudget500M_MaxCov,BROOKS_2021-CATNF-001615,20210819,21,pyrologix,6,76-69,2021,0.0,0.0,0,drone,1,9.489961992702219e-05,2340,0.0046500813764240876,True
GaussianBudget500M_MaxCov,BROOK_2021-CABDF-009087,20210604,19,pyrologix,9,207-89,2021,0.0,0.0,0,drone,1,9.489961992702219e-05,2955,0.004270482896715999,True
GaussianBudget500M_MaxCov,BROWNES_2021-CASTF-000628,20210428,16,pyrologix,9,112-62,2021,0.0,0.0,0,drone,1,9.489961992702219e-05,3735,0.0046500813764240876,True
GaussianBudget500M_MaxCov,BUCKSKIN_2021-CAENF-020954,20210719,18,pyrologix,6,104-59,2021,0.0,0.0,0,drone,1,9.489961992702219e-05,2290,0.0046500813764240876,True
GaussianBudget500M_MaxCov,BUG__2021-CAANF-003545,20210919,1,pyrologix,5,198-72,2021,0.0,0.0,1,drone,1,9.489961992702219e-05,2245,0.004555181756497065,True
GaussianBudget500M_MaxCov,BURGSON_2021-CASTF-001908,20210731,2,pyrologix,2,105-68,2021,0.0,0.0,0,drone,1,9.489961992702219e-05,1125,0.004460282136570043,True
GaussianBudget500M_MaxCov,BURNS_CANYON_2021-CABDF-012479,20210819,22,pyrologix,4,210-102,2021,0.0,0.0,0,drone,1,9.489961992702219e-05,1530,0.0040806836568619545,True
GaussianBudget500M_MaxCov,BURNT_2021-CASHF-000913,20210622,13,pyrologix,11,40-22,2021,0.0,0.0,0,drone,1,9.489961992702219e-05,4225,0.0046500813764240876,True
GaussianBudget500M_MaxCov,Backbone_2021-CASHF-000119,20210124,15,pyrologix,5,47-42,2021,0.0,0.0,0,drone,1,9.489961992702219e-05,2175,0.0046500813764240876,True
GaussianBudget500M_MaxCov,Backbone_2021-CATNF-001424,20210726,1,pyrologix,4,83-54,2021,0.0,0.0,0,drone,1,9.489961992702219e-05,1360,0.004555181756497065,True
GaussianBudget500M_MaxCov,Bambi_2021-CACNF-002605,20210811,20,pyrologix,6,238-102,2021,0.0,0.0,0,drone,1,9.489961992702219e-05,2130,0.004365382516643021,True
GaussianBudget500M_MaxCov,Barry_2021-CASRF-000380,20210609,21,pyrologix,4,53-23,2021,0.0,0.0,1,drone,1,9.489961992702219e-05,1790,0.0046500813764240876,True
GaussianBudget500M_MaxCov,Beek_2021-CACNF-000008,20210101,18,pyrologix,2,216-84,2021,0.0,0.0,0,drone,1,9.489961992702219e-05,685,0.00303678783766471,True
GaussianBudget500M_MaxCov,Beskeen__2021-CAPNF-000184,20210226,16,pyrologix,11,69-59,2021,0.0,0.0,1,drone,1,9.489961992702219e-05,4155,0.0046500813764240876,True
GaussianBudget500M_MaxCov,Binet_2021-CAPNF-001496,20210807,23,pyrologix,11,75-48,2021,0.0,0.0,0,drone,1,9.489961992702219e-05,4210,0.0046500813764240876,True
GaussianBudget500M_MaxCov,Black_Canyon_2021-CACNF-001645,20210606,15,pyrologix,5,238-95,2021,0.0,0.0,3,drone,1,9.489961992702219e-05,3180,0.004175583276788976,True
GaussianBudget500M_MaxCov,Bluff_2021-CASRF-000311,20210521,23,pyrologix,2,27-23,2021,0.0,0.0,1,drone,1,9.489961992702219e-05,1485,0.004555181756497065,True
GaussianBudget500M_MaxCov,Bluff_2_2021-CASRF-000608,20210724,11,pyrologix,8,27-23,2021,0.0,0.0,0,drone,1,9.489961992702219e-05,3155,0.0046500813764240876,True
GaussianBudget500M_MaxCov,Bluff_Creek_2021-CASRF-000697,20210811,19,pyrologix,1,27-23,2021,0.0,0.0,0,drone,1,9.489961992702219e-05,565,0.0034163863173727986,True
GaussianBudget500M_MaxCov,Bondo_2021-CASRF-000638,20210729,22,pyrologix,3,27-23,2021,0.0,0.0,1,drone,1,9.489961992702219e-05,1645,0.0046500813764240876,True
GaussianBudget500M_MaxCov,Bongo_2021-CACNF-001059,20210411,22,pyrologix,8,231-102,2021,0.0,0.0,1,drone,1,9.489961992702219e-05,3365,0.004460282136570043,True
GaussianBudget500M_MaxCov,Bridge_2021-CASRF-000498,20210705,2,pyrologix,5,27-23,2021,0.0,0.0,0,drone,1,9.489961992702219e-05,1955,0.0046500813764240876,True
GaussianBudget500M_MaxCov,Brown_2021-CACNF-003451,20211123,15,pyrologix,4,244-99,2021,0.0,0.0,1,drone,1,9.489961992702219e-05,2155,0.004555181756497065,True
GaussianBudget500M_MaxCov,Bunny_2021-CASHF-000994,20210703,22,pyrologix,11,33-43,2021,0.0,0.0,0,drone,1,9.489961992702219e-05,3970,0.0046500813764240876,True
GaussianBudget500M_MaxCov,Butter_2021-CAPNF-000639,20210519,21,pyrologix,2,69-59,2021,0.0,0.0,0,drone,1,9.489961992702219e-05,810,0.004460282136570043,True
GaussianBudget500M_MaxCov,Butterfly__2021-CAPNF-000054,20210122,19,pyrologix,8,69-59,2021,0.0,0.0,0,drone,1,9.489961992702219e-05,2790,0.0046500813764240876,True
GaussianBudget500M_MaxCov,CABBAGE_2021-CASTF-000141,20210120,21,pyrologix,2,109-61,2021,0.0,0.0,0,drone,1,9.489961992702219e-05,890,0.004460282136570043,True
GaussianBudget500M_MaxCov,CABIN__2021-CASTF-001179,20210618,19,pyrologix,8,109-61,2021,0.0,0.0,0,drone,1,9.489961992702219e-05,2925,0.0046500813764240876,True
GaussianBudget500M_MaxCov,CABLE_2021-CASHF-001304,20210823,19,pyrologix,4,53-23,2021,0.0,0.0,1,drone,1,9.489961992702219e-05,1990,0.0046500813764240876,True
GaussianBudget500M_MaxCov,CACTUS_2021-CABDF-012134,20210810,23,pyrologix,2,210-102,2021,0.0,0.0,0,drone,1,9.489961992702219e-05,790,0.003985784036934932,True
GaussianBudget500M_MaxCov,CAJON_2021-CABDF-008480,20210525,4,pyrologix,1,207-89,2021,0.0,0.0,0,drone,1,9.489961992702219e-05,555,0.003985784036934932,True
GaussianBudget500M_MaxCov,CALI_2021-CAANF-002044,20210616,20,pyrologix,11,204-75,2021,0.0,0.0,1,drone,1,9.489961992702219e-05,4080,0.0031316874575917325,True
GaussianBudget500M_MaxCov,CALLBOX_2021-CAANF-003137,20210822,14,pyrologix,10,198-72,2021,0.0,0.0,0,drone,1,9.489961992702219e-05,3545,0.004555181756497065,True
GaussianBudget500M_MaxCov,CAMPBELL_2021-CAKNF-006306,20210730,19,pyrologix,10,24-30,2021,0.0,0.0,0,drone,1,9.489961992702219e-05,3495,0.0046500813764240876,True
GaussianBudget500M_MaxCov,CAMPUS_2021-CABDF-012440,20210817,18,pyrologix,6,207-89,2021,0.0,0.0,4,drone,1,9.489961992702219e-05,3585,0.004270482896715999,True
GaussianBudget500M_MaxCov,CAMP_2021-CAKNF-006616,20210802,16,pyrologix,7,31-36,2021,0.0,0.0,1,drone,1,9.489961992702219e-05,3265,0.0046500813764240876,True
GaussianBudget500M_MaxCov,CANYON_2021-CAANF-002503,20210709,18,pyrologix,6,192-68,2021,0.0,0.0,0,drone,1,9.489961992702219e-05,2290,0.0046500813764240876,True
GaussianBudget500M_MaxCov,CANYON_2021-CABDF-018227,20211128,21,pyrologix,7,207-89,2021,0.0,0.0,1,drone,1,9.489961992702219e-05,2920,0.004270482896715999,True
GaussianBudget500M_MaxCov,CANYON_2021-CAINF-001712,20210713,4,pyrologix,4,125-87,2021,0.0,0.0,0,drone,1,9.489961992702219e-05,1580,0.004175583276788976,True
GaussianBudget500M_MaxCov,CANYON_2021-CATNF-000663,20210428,17,pyrologix,8,83-68,2021,0.0,0.0,1,drone,1,9.489961992702219e-05,3315,0.004365382516643021,True
GaussianBudget500M_MaxCov,CARLON_2021-CASTF-002084,20210809,3,pyrologix,3,123-65,2021,0.0,0.0,0,drone,1,9.489961992702219e-05,1190,0.0046500813764240876,True
GaussianBudget500M_MaxCov,CARP_2021-CATNF-001479,20210801,0,pyrologix,12,83-68,2021,0.0,0.0,0,drone,1,9.489961992702219e-05,4450,0.004365382516643021,True
GaussianBudget500M_MaxCov,CARRVILLE_2021-CASHF-001048,20210709,17,pyrologix,9,38-36,2021,0.0,0.0,1,drone,1,9.489961992702219e-05,3715,0.0046500813764240876,True
GaussianBudget500M_MaxCov,CARSON_2021-CAENF-013467,20210518,14,pyrologix,11,97-63,2021,0.0,0.0,0,drone,1,9.489961992702219e-05,4220,0.0046500813764240876,True
GaussianBudget500M_MaxCov,CARY_2021-CARRU-060063,20210506,17,pyrologix,3,224-102,2021,0.0,0.0,0,drone,1,9.489961992702219e-05,1420,0.004460282136570043,True
GaussianBudget500M_MaxCov,CASA_2021-CAINF-001862,20210724,0,pyrologix,6,133-84,2021,0.0,0.0,0,drone,1,9.489961992702219e-05,2595,0.0046500813764240876,True
GaussianBudget500M_MaxCov,CASCADE_2021-CASHF-001121,20210720,16,pyrologix,1,33-43,2021,0.0,0.0,0,drone,1,9.489961992702219e-05,500,0.0037010851771538656,True
GaussianBudget500M_MaxCov,CASCADE_2021-CASTF-002673,20211012,17,pyrologix,7,112-62,2021,0.0,0.0,0,drone,1,9.489961992702219e-05,3040,0.0046500813764240876,True
GaussianBudget500M_MaxCov,CASH_2021-CAENF-026928,20210910,2,pyrologix,8,90-52,2021,0.0,0.0,0,drone,1,9.489961992702219e-05,3100,0.0046500813764240876,True
GaussianBudget500M_MaxCov,CASSIDY_2021-CASNF-001237,20210812,13,pyrologix,12,133-77,2021,0.0,0.0,0,drone,1,9.489961992702219e-05,4135,0.0046500813764240876,True
GaussianBudget500M_MaxCov,CASTAIC__2021-CAANF-001087,20210409,23,pyrologix,9,198-72,2021,0.0,0.0,0,drone,1,9.489961992702219e-05,3195,0.004555181756497065,True
GaussianBudget500M_MaxCov,CASTELLA_2021-CASHF-000425,20210406,20,pyrologix,2,40-42,2021,0.0,0.0,0,drone,1,9.489961992702219e-05,1005,0.0046500813764240876,True
GaussianBudget500M_MaxCov,CASTLE__2021-CASHF-001012,20210705,2,pyrologix,4,40-42,2021,0.0,0.0,1,drone,1,9.489961992702219e-05,1930,0.0046500813764240876,True
GaussianBudget500M_MaxCov,CATHEDRAL_2021-CATMU-020670,20210717,14,pyrologix,7,97-63,2021,0.0,0.0,0,drone,1,9.489961992702219e-05,2925,0.0046500813764240876,True
GaussianBudget500M_MaxCov,CAT_2021-CAENF-020956,20210719,17,pyrologix,9,104-59,2021,0.0,0.0,0,drone,1,9.489961992702219e-05,3565,0.0046500813764240876,True
GaussianBudget500M_MaxCov,CEMENT_2021-CASHF-001184,20210730,20,pyrologix,7,31-36,2021,0.0,0.0,1,drone,1,9.489961992702219e-05,3110,0.0046500813764240876,True
GaussianBudget500M_MaxCov,CENTER_2021-CABDF-005836,20210401,0,pyrologix,4,207-89,2021,0.0,0.0,1,drone,1,9.489961992702219e-05,1865,0.004270482896715999,True
GaussianBudget500M_MaxCov,CENTOLA_2021-CABDF-006368,20210410,16,pyrologix,7,207-89,2021,0.0,0.0,0,drone,1,9.489961992702219e-05,2400,0.004270482896715999,True
GaussianBudget500M_MaxCov,CHALET_2021-CASTF-000664,20210505,13,pyrologix,6,112-62,2021,0.0,0.0,1,drone,1,9.489961992702219e-05,3095,0.0046500813764240876,True
GaussianBudget500M_MaxCov,CHALK__2021-CAINF-000767,20210509,0,pyrologix,1,126-80,2021,0.0,0.0,2,drone,1,9.489961992702219e-05,1200,0.0046500813764240876,True
GaussianBudget500M_MaxCov,CHAMBERS_2021-CAKNF-002724,20210415,0,pyrologix,12,22-25,2021,0.0,0.0,0,drone,1,9.489961992702219e-05,4535,0.0046500813764240876,True
GaussianBudget500M_MaxCov,CHAPMAN_2021-CATNF-001093,20210625,17,pyrologix,2,76-62,2021,0.0,0.0,1,drone,1,9.489961992702219e-05,1170,0.004555181756497065,True
GaussianBudget500M_MaxCov,CHARLIE_2021-CAENF-017377,20210620,15,pyrologix,12,90-59,2021,0.0,0.0,-1,undetected,1,9.489961992702219e-05,4730,0.0046500813764240876,True
GaussianBudget500M_MaxCov,CHECK_2021-CABDF-012207,20210812,20,pyrologix,3,207-89,2021,0.0,0.0,0,drone,1,9.489961992702219e-05,1075,0.004175583276788976,True
GaussianBudget500M_MaxCov,CHERRY_2021-CAANF-002069,20210617,14,pyrologix,11,192-68,2021,0.0,0.0,0,drone,1,9.489961992702219e-05,3805,0.0046500813764240876,True
GaussianBudget500M_MaxCov,CHUCK_2021-CASNF-000904,20210714,7,pyrologix,4,143-73,2021,0.0,0.0,1,drone,1,9.489961992702219e-05,2100,0.0046500813764240876,True
GaussianBudget500M_MaxCov,CINDER_2021-CASHF-001207,20210802,16,pyrologix,7,37-56,2021,0.0,0.0,2,drone,1,9.489961992702219e-05,3375,0.0046500813764240876,True
GaussianBudget500M_MaxCov,CIRCLE_2021-CAMMU-021450,20210926,12,pyrologix,12,123-58,2021,0.0,0.0,0,drone,1,9.489961992702219e-05,5130,0.0046500813764240876,True
GaussianBudget500M_MaxCov,CITY_2021-CABDF-007289,20210429,16,pyrologix,11,208-96,2021,0.0,0.0,1,drone,1,9.489961992702219e-05,4655,0.004365382516643021,True
GaussianBudget500M_MaxCov,CLARK_2021-CASTF-001279,20210625,20,pyrologix,1,111-69,2021,0.0,0.0,1,drone,1,9.489961992702219e-05,810,0.004365382516643021,True
GaussianBudget500M_MaxCov,CLEARWATER_2021-CAANF-003677,20211002,16,pyrologix,7,198-72,2021,0.0,0.0,0,drone,1,9.489961992702219e-05,2540,0.004555181756497065,True
GaussianBudget500M_MaxCov,CLEGHORN_2021-CABDF-001345,20210118,19,pyrologix,2,207-89,2021,0.0,0.0,1,drone,1,9.489961992702219e-05,1175,0.004270482896715999,True
GaussianBudget500M_MaxCov,CLOUD_2021-CAANF-003974,20211030,21,pyrologix,4,206-81,2021,0.0,0.0,0,drone,1,9.489961992702219e-05,1695,0.0040806836568619545,True
GaussianBudget500M_MaxCov,CLOUD_2021-CABDF-009443,20210613,21,pyrologix,6,208-96,2021,0.0,0.0,0,drone,1,9.489961992702219e-05,2270,0.004365382516643021,True
GaussianBudget500M_MaxCov,CLYDE_2021-CASNF-001296,20210817,18,pyrologix,7,140-70,2021,0.0,0.0,0,drone,1,9.489961992702219e-05,2760,0.0046500813764240876,True
GaussianBudget500M_MaxCov,COCO_2021-CABDF-011273,20210721,17,pyrologix,5,217-101,2021,0.0,0.0,1,drone,1,9.489961992702219e-05,2305,0.004460282136570043,True
GaussianBudget500M_MaxCov,CODY_2021-CAENF-020975,20210720,19,pyrologix,11,97-63,2021,0.0,0.0,0,drone,1,9.489961992702219e-05,4485,0.0046500813764240876,True
GaussianBudget500M_MaxCov,COLDWATER_2021-CABDF-012131,20210810,17,pyrologix,12,208-96,2021,0.0,0.0,-1,undetected,1,9.489961992702219e-05,5475,0.004365382516643021,True
GaussianBudget500M_MaxCov,COLD_2021-CASTF-002063,20210807,20,pyrologix,4,112-62,2021,0.0,0.0,0,drone,1,9.489961992702219e-05,1760,0.0046500813764240876,True
GaussianBudget500M_MaxCov,COLD_2_2021-CAENF-022391,20210801,14,pyrologix,6,97-56,2021,0.0,0.0,2,drone,1,9.489961992702219e-05,2770,0.0046500813764240876,True
GaussianBudget500M_MaxCov,CONTROL_2021-CABDF-009018,20210603,0,pyrologix,5,224-102,2021,0.0,0.0,2,drone,1,9.489961992702219e-05,2815,0.004460282136570043,True
GaussianBudget500M_MaxCov,COOP_2021-CAANF-000189,20210118,12,pyrologix,4,192-68,2021,0.0,0.0,0,drone,1,9.489961992702219e-05,1415,0.004460282136570043,True
GaussianBudget500M_MaxCov,COYOTE_2021-CAANF-003754,20211008,19,pyrologix,7,198-72,2021,0.0,0.0,0,drone,1,9.489961992702219e-05,2540,0.004555181756497065,True
GaussianBudget500M_MaxCov,COYOTE_2021-CAINF-001456,20210629,15,pyrologix,1,136-83,2021,0.0,0.0,2,drone,1,9.489961992702219e-05,1340,0.004555181756497065,True
GaussianBudget500M_MaxCov,COYOTE_2021-CARRU-073166,20210602,19,pyrologix,11,217-101,2021,0.0,0.0,0,drone,1,9.489961992702219e-05,4300,0.004460282136570043,True
GaussianBudget500M_MaxCov,COYOTE_2021-CASTF-001875,20210730,0,pyrologix,4,111-69,2021,0.0,0.0,2,drone,1,9.489961992702219e-05,2195,0.0046500813764240876,True
GaussianBudget500M_MaxCov,COYOTE__2021-CAMDF-000839,20210709,22,pyrologix,3,32-60,2021,0.0,0.0,0,drone,1,9.489961992702219e-05,1330,0.0046500813764240876,True
GaussianBudget500M_MaxCov,CRABTREE_2021-CASTF-001340,20210628,15,pyrologix,3,111-69,2021,0.0,0.0,0,drone,1,9.489961992702219e-05,1350,0.0046500813764240876,True
GaussianBudget500M_MaxCov,CRAGS_2021-CASHF-001301,20210823,11,pyrologix,3,40-42,2021,0.0,0.0,0,drone,1,9.489961992702219e-05,1040,0.0046500813764240876,True
GaussianBudget500M_MaxCov,CRANDALL_2021-CASTF-001671,20210716,13,pyrologix,10,112-62,2021,0.0,0.0,0,drone,1,9.489961992702219e-05,4195,0.0046500813764240876,True
GaussianBudget500M_MaxCov,CRATER_2021-CAINF-000768,20210509,0,pyrologix,1,126-80,2021,0.0,0.0,2,drone,1,9.489961992702219e-05,1135,0.004460282136570043,True
GaussianBudget500M_MaxCov,CRAWFORD_2021-CASQF-003061,20210910,2,pyrologix,2,161-78,2021,0.0,0.0,0,drone,1,9.489961992702219e-05,815,0.004555181756497065,True
GaussianBudget500M_MaxCov,CREEK_2021-CAKNF-006251,20210728,7,pyrologix,2,19-39,2021,0.0,0.0,0,drone,1,9.489961992702219e-05,760,0.004365382516643021,True
GaussianBudget500M_MaxCov,CREEK_2021-CALPF-002713,20211005,18,pyrologix,3,191-61,2021,0.0,0.0,0,drone,1,9.489961992702219e-05,1120,0.004555181756497065,True
GaussianBudget500M_MaxCov,CREEK_2021-CARRU-059177,20210504,23,pyrologix,3,224-102,2021,0.0,0.0,1,drone,1,9.489961992702219e-05,1620,0.004460282136570043,True
GaussianBudget500M_MaxCov,CREEK__2021-CABDF-000986,20210112,15,pyrologix,7,210-102,2021,0.0,0.0,0,drone,1,9.489961992702219e-05,2820,0.0040806836568619545,True
GaussianBudget500M_MaxCov,CREST_2021-CASHF-001324,20210827,18,pyrologix,10,40-42,2021,0.0,0.0,2,drone,1,9.489961992702219e-05,4185,0.0046500813764240876,True
GaussianBudget500M_MaxCov,CRONAN_2021-CAKNF-006381,20210731,1,pyrologix,4,31-29,2021,0.0,0.0,0,drone,1,9.489961992702219e-05,1675,0.0046500813764240876,True
GaussianBudget500M_MaxCov,CROSSING_2021-CAINF-000543,20210410,13,pyrologix,12,129-85,2021,0.0,0.0,0,drone,1,9.489961992702219e-05,4435,0.0046500813764240876,True
GaussianBudget500M_MaxCov,CROWDER_2021-CAMDF-000588,20210622,18,pyrologix,11,29-74,2021,0.0,0.0,1,drone,1,9.489961992702219e-05,4050,0.0037010851771538656,True
GaussianBudget500M_MaxCov,CUDDY_2021-CALPF-000993,20210504,14,pyrologix,8,186-66,2021,0.0,0.0,0,drone,1,9.489961992702219e-05,2920,0.0040806836568619545,True
GaussianBudget500M_MaxCov,CUTOFF_2021-CAINF-000734,20210504,18,pyrologix,5,126-80,2021,0.0,0.0,0,drone,1,9.489961992702219e-05,1805,0.0046500813764240876,True
GaussianBudget500M_MaxCov,CUT_2021-CABDF-014987,20211016,9,pyrologix,11,207-89,2021,0.0,0.0,0,drone,1,9.489961992702219e-05,3670,0.004270482896715999,True
GaussianBudget500M_MaxCov,Caldor_2021-CAENF-024030,20210814,0,pyrologix,1,97-56,2021,0.0,0.0,0,drone,1,9.489961992702219e-05,425,0.0034163863173727986,True
GaussianBudget500M_MaxCov,Camino_2021-CACNF-000844,20210321,18,pyrologix,12,244-99,2021,0.0,0.0,0,drone,1,9.489961992702219e-05,4610,0.0046500813764240876,True
GaussianBudget500M_MaxCov,Camp_2021-CACNF-000404,20210206,12,pyrologix,4,244-99,2021,0.0,0.0,1,drone,1,9.489961992702219e-05,2195,0.004555181756497065,True
GaussianBudget500M_MaxCov,Campbell_2021-CASRF-000869,20210915,11,pyrologix,7,34-22,2021,0.0,0.0,0,drone,1,9.489961992702219e-05,2900,0.0046500813764240876,True
GaussianBudget500M_MaxCov,Candy_2021-CACNF-001278,20210505,21,pyrologix,2,223-87,2021,0.0,0.0,0,drone,1,9.489961992702219e-05,895,0.004175583276788976,True
GaussianBudget500M_MaxCov,Canfield_2021-CACNF-001536,20210530,15,pyrologix,12,231-95,2021,0.0,0.0,1,drone,1,9.489961992702219e-05,4685,0.004555181756497065,True
GaussianBudget500M_MaxCov,Canyon_2021-CAPNF-001053,20210703,0,pyrologix,3,69-66,2021,0.0,0.0,0,drone,1,9.489961992702219e-05,1175,0.004555181756497065,True
GaussianBudget500M_MaxCov,Canyon_2_2021-CAPNF-001242,20210720,3,pyrologix,10,65-53,2021,0.0,0.0,0,drone,1,9.489961992702219e-05,3795,0.0046500813764240876,True
GaussianBudget500M_MaxCov,Cariso_2021-CACNF-000397,20210205,16,pyrologix,4,223-87,2021,0.0,0.0,0,drone,1,9.489961992702219e-05,1520,0.004460282136570043,True
GaussianBudget500M_MaxCov,Cat_2021-CACNF-001669,20210608,15,pyrologix,12,238-95,2021,0.0,0.0,-1,undetected,1,9.489961992702219e-05,5600,0.004175583276788976,True
GaussianBudget500M_MaxCov,Chance__2021-CAPNF-002868,20211004,20,pyrologix,7,76-55,2021,0.0,0.0,1,drone,1,9.489961992702219e-05,3125,0.0046500813764240876,True
GaussianBudget500M_MaxCov,Chaparral_2021-CACNF-002791,20210828,17,pyrologix,5,223-87,2021,0.0,0.0,0,drone,1,9.489961992702219e-05,1995,0.004460282136570043,True
GaussianBudget500M_MaxCov,Charlie_2021-CASHF-000725,20210530,17,pyrologix,3,40-42,2021,0.0,0.0,2,drone,1,9.489961992702219e-05,1985,0.0046500813764240876,True
GaussianBudget500M_MaxCov,China_2021-CASHF-000838,20210610,19,pyrologix,8,38-29,2021,0.0,0.0,0,drone,1,9.489961992702219e-05,3225,0.0046500813764240876,True
GaussianBudget500M_MaxCov,Cliff_2021-CASRF-000455,20210626,18,pyrologix,2,46-21,2021,0.0,0.0,0,drone,1,9.489961992702219e-05,830,0.004365382516643021,True
GaussianBudget500M_MaxCov,Clipper_2021-CAPNF-000484,20210421,20,pyrologix,1,75-48,2021,0.0,0.0,1,drone,1,9.489961992702219e-05,1105,0.0046500813764240876,True
GaussianBudget500M_MaxCov,Clough_2021-CAPNF-000570,20210507,12,pyrologix,6,69-59,2021,0.0,0.0,0,drone,1,9.489961992702219e-05,2035,0.004555181756497065,True
GaussianBudget500M_MaxCov,Clover_2021-CAPNF-001851,20210825,11,pyrologix,10,69-66,2021,0.0,0.0,1,drone,1,9.489961992702219e-05,3830,0.0046500813764240876,True
GaussianBudget500M_MaxCov,Cobb_2021-CASRF-000378,20210609,11,pyrologix,10,53-23,2021,0.0,0.0,2,drone,1,9.489961992702219e-05,4500,0.0046500813764240876,True
GaussianBudget500M_MaxCov,Coldwater_2021-CAPNF-001374,20210730,21,pyrologix,1,69-59,2021,0.0,0.0,0,drone,1,9.489961992702219e-05,560,0.004175583276788976,True
GaussianBudget500M_MaxCov,Community__2021-CAPNF-000563,20210506,1,pyrologix,1,75-48,2021,0.0,0.0,1,drone,1,9.489961992702219e-05,1105,0.0046500813764240876,True
GaussianBudget500M_MaxCov,Corral_2021-CALPF-000734,20210405,16,pyrologix,3,191-61,2021,0.0,0.0,2,drone,1,9.489961992702219e-05,1820,0.0046500813764240876,True
GaussianBudget500M_MaxCov,Corral_2021-CASHF-000619,20210516,21,pyrologix,7,40-22,2021,0.0,0.0,0,drone,1,9.489961992702219e-05,2795,0.0046500813764240876,True
GaussianBudget500M_MaxCov,Corte_Madera_2021-CACNF-000407,20210206,16,pyrologix,6,244-99,2021,0.0,0.0,1,drone,1,9.489961992702219e-05,2815,0.0046500813764240876,True
GaussianBudget500M_MaxCov,Creek_2021-CACNF-003652,20211221,17,pyrologix,7,245-106,2021,0.0,0.0,1,drone,1,9.489961992702219e-05,2550,0.003226587077518755,True
GaussianBudget500M_MaxCov,Creek_2021-CAPNF-001218,20210718,16,pyrologix,10,62-60,2021,0.0,0.0,0,drone,1,9.489961992702219e-05,4000,0.0046500813764240876,True
GaussianBudget500M_MaxCov,Creek_2021-CASHF-000371,20210324,21,pyrologix,6,35-49,2021,0.0,0.0,1,drone,1,9.489961992702219e-05,2605,0.0046500813764240876,True
GaussianBudget500M_MaxCov,Creekside__2021-CASRF-000262,20210508,19,pyrologix,5,34-22,2021,0.0,0.0,0,drone,1,9.489961992702219e-05,1885,0.0046500813764240876,True
GaussianBudget500M_MaxCov,Crescent__2021-CAPNF-000698,20210529,16,pyrologix,12,69-59,2021,0.0,0.0,0,drone,1,9.489961992702219e-05,4115,0.0046500813764240876,True
GaussianBudget500M_MaxCov,Crocker_2021-CAPNF-000394,20210408,20,pyrologix,10,76-62,2021,0.0,0.0,0,drone,1,9.489961992702219e-05,4140,0.0046500813764240876,True
GaussianBudget500M_MaxCov,Crocker_2021-CAPNF-001592,20210814,0,pyrologix,2,76-62,2021,0.0,0.0,0,drone,1,9.489961992702219e-05,865,0.004460282136570043,True
GaussianBudget500M_MaxCov,Curtis_2021-CALPF-000998,20210505,23,pyrologix,9,191-61,2021,0.0,0.0,2,drone,1,9.489961992702219e-05,4020,0.0046500813764240876,True
GaussianBudget500M_MaxCov,Cutler_2021-CAPNF-001251,20210721,0,pyrologix,4,69-59,2021,0.0,0.0,0,drone,1,9.489961992702219e-05,1625,0.004555181756497065,True
GaussianBudget500M_MaxCov,DALE_2021-CASHF-000975,20210629,22,pyrologix,4,33-43,2021,0.0,0.0,1,drone,1,9.489961992702219e-05,1815,0.0046500813764240876,True
GaussianBudget500M_MaxCov,DALTON_2021-CAANF-003600,20210924,18,pyrologix,10,206-81,2021,0.0,0.0,0,drone,1,9.489961992702219e-05,4090,0.0040806836568619545,True
GaussianBudget500M_MaxCov,DAMONS_2021-CAMDF-001193,20210806,13,pyrologix,11,32-60,2021,0.0,0.0,0,drone,1,9.489961992702219e-05,3940,0.0046500813764240876,True
GaussianBudget500M_MaxCov,DAM_2021-CAANF-004298,20211204,18,pyrologix,10,204-75,2021,0.0,0.0,0,drone,1,9.489961992702219e-05,3655,0.0031316874575917325,True
GaussianBudget500M_MaxCov,DAVIS_2021-CAINF-001143,20210608,16,pyrologix,9,133-84,2021,0.0,0.0,0,drone,1,9.489961992702219e-05,3555,0.0046500813764240876,True
GaussianBudget500M_MaxCov,DEADFALL_2021-CASHF-001182,20210730,20,pyrologix,6,31-36,2021,0.0,0.0,0,drone,1,9.489961992702219e-05,2265,0.0046500813764240876,True
GaussianBudget500M_MaxCov,DEADWOOD_2021-CAENF-022441,20210801,19,pyrologix,7,105-68,2021,0.0,0.0,0,drone,1,9.489961992702219e-05,2645,0.0046500813764240876,True
GaussianBudget500M_MaxCov,DEAD_HORSE_2021-CASQF-001848,20210630,10,pyrologix,9,164-83,2021,0.0,0.0,1,drone,1,9.489961992702219e-05,3765,0.0046500813764240876,True
GaussianBudget500M_MaxCov,DECHAMBEAU_2021-CAINF-001645,20210710,0,pyrologix,1,119-77,2021,0.0,0.0,0,drone,1,9.489961992702219e-05,405,0.0034163863173727986,True
GaussianBudget500M_MaxCov,DEER_2021-CABDF-012757,20210827,13,pyrologix,6,208-96,2021,0.0,0.0,0,drone,1,9.489961992702219e-05,2325,0.004365382516643021,True
GaussianBudget500M_MaxCov,DEER_2021-CAENF-019219,20210705,16,pyrologix,5,105-68,2021,0.0,0.0,0,drone,1,9.489961992702219e-05,1940,0.0046500813764240876,True
GaussianBudget500M_MaxCov,DEER_2021-CAKNF-005056,20210625,17,pyrologix,11,28-46,2021,0.0,0.0,0,drone,1,9.489961992702219e-05,3785,0.0046500813764240876,True
GaussianBudget500M_MaxCov,DEER_2021-CATNF-001386,20210721,23,pyrologix,9,83-54,2021,0.0,0.0,0,drone,1,9.489961992702219e-05,3155,0.0046500813764240876,True
GaussianBudget500M_MaxCov,DELAMAR_2021-CABDF-011509,20210726,7,pyrologix,9,210-102,2021,0.0,0.0,0,drone,1,9.489961992702219e-05,3225,0.0040806836568619545,True
GaussianBudget500M_MaxCov,DEMOCRAT_2021-CASQF-002095,20210708,0,pyrologix,4,175-76,2021,0.0,0.0,1,drone,1,9.489961992702219e-05,1875,0.0046500813764240876,True
GaussianBudget500M_MaxCov,DERRY_2021-CALPF-002717,20211005,21,pyrologix,1,191-61,2021,0.0,0.0,0,drone,1,9.489961992702219e-05,600,0.004270482896715999,True
GaussianBudget500M_MaxCov,DEVORE_2021-CABDU-005483,20210504,21,pyrologix,6,207-89,2021,0.0,0.0,0,drone,1,9.489961992702219e-05,2050,0.004270482896715999,True
GaussianBudget500M_MaxCov,DEXTER_2021-CAINF-001695,20210712,11,pyrologix,12,126-80,2021,0.0,0.0,0,drone,1,9.489961992702219e-05,4205,0.0046500813764240876,True
GaussianBudget500M_MaxCov,DILLER_2021-CASHF-000552,20210508,10,pyrologix,8,33-43,2021,0.0,0.0,1,drone,1,9.489961992702219e-05,3295,0.0046500813764240876,True
GaussianBudget500M_MaxCov,DIMAS_2021-CAANF-001591,20210523,4,pyrologix,12,207-82,2021,0.0,0.0,0,drone,1,9.489961992702219e-05,4280,0.0037010851771538656,True
GaussianBudget500M_MaxCov,DINKEY_2021-CASNF-001236,20210812,23,pyrologix,11,140-70,2021,0.0,0.0,0,drone,1,9.489961992702219e-05,3945,0.0046500813764240876,True
GaussianBudget500M_MaxCov,DIXIE_2021-CABTU-009205,20210714,0,pyrologix,1,70-52,2021,0.0,0.0,2,drone,1,9.489961992702219e-05,1135,0.0046500813764240876,True
GaussianBudget500M_MaxCov,DOGCREEK_2021-CASHF-001322,20210827,11,pyrologix,12,38-36,2021,0.0,0.0,-1,undetected,1,9.489961992702219e-05,4750,0.0046500813764240876,True
GaussianBudget500M_MaxCov,DOG_2021-CATNF-002107,20211017,14,pyrologix,4,83-68,2021,0.0,0.0,2,drone,1,9.489961992702219e-05,2245,0.004365382516643021,True
GaussianBudget500M_MaxCov,DOME_2021-CAINF-002577,20210921,22,pyrologix,8,126-80,2021,0.0,0.0,0,drone,1,9.489961992702219e-05,3020,0.0046500813764240876,True
GaussianBudget500M_MaxCov,DOME_2021-CASQF-002669,20210808,15,pyrologix,7,161-78,2021,0.0,0.0,0,drone,1,9.489961992702219e-05,2765,0.0046500813764240876,True
GaussianBudget500M_MaxCov,DOME_2021-CASTF-001915,20210731,14,pyrologix,7,112-62,2021,0.0,0.0,0,drone,1,9.489961992702219e-05,2990,0.0046500813764240876,True
GaussianBudget500M_MaxCov,DONEY_2021-CASHF-000376,20210326,19,pyrologix,4,40-42,2021,0.0,0.0,1,drone,1,9.489961992702219e-05,1985,0.0046500813764240876,True
GaussianBudget500M_MaxCov,DORMER_2021-CAANF-001579,20210522,19,pyrologix,5,199-79,2021,0.0,0.0,1,drone,1,9.489961992702219e-05,2100,0.0034163863173727986,True
GaussianBudget500M_MaxCov,DOW_2021-CALNF-006059,20211005,15,pyrologix,11,53-63,2021,0.0,0.0,0,drone,1,9.489961992702219e-05,3975,0.0046500813764240876,True
GaussianBudget500M_MaxCov,DRAINAGE_HLRD_2021-CASQF-002363,20210719,18,pyrologix,8,147-77,2021,0.0,0.0,0,drone,1,9.489961992702219e-05,3080,0.0046500813764240876,True
GaussianBudget500M_MaxCov,DRY_2021-CAINF-000909,20210526,19,pyrologix,3,126-80,2021,0.0,0.0,0,drone,1,9.489961992702219e-05,1135,0.004460282136570043,True
GaussianBudget500M_MaxCov,DRY_2021-CASQF-000964,20210509,19,pyrologix,11,178-78,2021,0.0,0.0,0,drone,1,9.489961992702219e-05,4085,0.0046500813764240876,True
GaussianBudget500M_MaxCov,DRY__2021-CAANF-003810,20211013,18,pyrologix,4,198-72,2021,0.0,0.0,0,drone,1,9.489961992702219e-05,1500,0.004555181756497065,True
GaussianBudget500M_MaxCov,DUNCAN_2021-CATNF-001388,20210721,15,pyrologix,3,90-59,2021,0.0,0.0,0,drone,1,9.489961992702219e-05,1240,0.004555181756497065,True
GaussianBudget500M_MaxCov,DURANGO_2021-CABDF-017332,20211122,15,pyrologix,12,224-102,2021,0.0,0.0,0,drone,1,9.489961992702219e-05,4505,0.004555181756497065,True
GaussianBudget500M_MaxCov,DUSTY_2021-CABDF-014102,20210926,10,pyrologix,12,204-86,2021,0.0,0.0,0,drone,1,9.489961992702219e-05,4350,0.003985784036934932,True
GaussianBudget500M_MaxCov,DUSY_2021-CASNF-001231,20210811,16,pyrologix,10,136-76,2021,0.0,0.0,1,drone,1,9.489961992702219e-05,4035,0.0046500813764240876,True
GaussianBudget500M_MaxCov,DUTCHMAN_2021-CALPF-002724,20211006,15,pyrologix,6,192-68,2021,0.0,0.0,2,drone,1,9.489961992702219e-05,2840,0.0046500813764240876,True
GaussianBudget500M_MaxCov,DUTCH_2021-CASQF-001862,20210701,20,pyrologix,7,171-80,2021,0.0,0.0,0,drone,1,9.489961992702219e-05,2495,0.0046500813764240876,True
GaussianBudget500M_MaxCov,Davis_2021-CAPNF-000778,20210611,18,pyrologix,3,76-62,2021,0.0,0.0,1,drone,1,9.489961992702219e-05,1680,0.0046500813764240876,True
GaussianBudget500M_MaxCov,Deer_2021-CASHF-000610,20210515,14,pyrologix,11,33-43,2021,0.0,0.0,1,drone,1,9.489961992702219e-05,4285,0.0046500813764240876,True
GaussianBudget500M_MaxCov,Diamond_2021-CAPNF-001240,20210720,0,pyrologix,5,69-59,2021,0.0,0.0,1,drone,1,9.489961992702219e-05,2345,0.0046500813764240876,True
GaussianBudget500M_MaxCov,Dog_2021-CAPNF-001397,20210802,13,pyrologix,7,70-52,2021,0.0,0.0,1,drone,1,9.489961992702219e-05,2905,0.0046500813764240876,True
GaussianBudget500M_MaxCov,Dotta_2021-CAPNF-001010,20210630,16,pyrologix,11,76-69,2021,0.0,0.0,0,drone,1,9.489961992702219e-05,4095,0.0046500813764240876,True
GaussianBudget500M_MaxCov,Dubakella_2021-CASHF-000711,20210529,19,pyrologix,5,53-23,2021,0.0,0.0,0,drone,1,9.489961992702219e-05,2210,0.0046500813764240876,True
GaussianBudget500M_MaxCov,Dutch_2021-CAPNF-001146,20210710,16,pyrologix,9,69-59,2021,0.0,0.0,1,drone,1,9.489961992702219e-05,3400,0.0046500813764240876,True
GaussianBudget500M_MaxCov,Duzen_2021-CASRF-000321,20210524,20,pyrologix,1,46-21,2021,0.0,0.0,1,drone,1,9.489961992702219e-05,830,0.004365382516643021,True
GaussianBudget500M_MaxCov,E-1_ASHURST_2021-CALNF-002490,20210515,20,pyrologix,3,53-63,2021,0.0,0.0,0,drone,1,9.489961992702219e-05,1345,0.0046500813764240876,True
GaussianBudget500M_MaxCov,E-1_CRATER_2021-CALNF-004410,20210731,20,pyrologix,2,58-56,2021,0.0,0.0,4,drone,1,9.489961992702219e-05,2145,0.0046500813764240876,True
GaussianBudget500M_MaxCov,E-1_INDIAN_2021-CALNF-003421,20210624,12,pyrologix,5,53-63,2021,0.0,0.0,0,drone,1,9.489961992702219e-05,1800,0.0046500813764240876,True
GaussianBudget500M_MaxCov,E-2_CAMP_TEN_2021-CALNF-002504,20210516,14,pyrologix,1,53-63,2021,0.0,0.0,1,drone,1,9.489961992702219e-05,880,0.0046500813764240876,True
GaussianBudget500M_MaxCov,E-2_PINE_2021-CALNF-003748,20210705,20,pyrologix,8,58-56,2021,0.0,0.0,0,drone,1,9.489961992702219e-05,3185,0.0046500813764240876,True
GaussianBudget500M_MaxCov,E-2_STANFORD_2021-CALNF-003424,20210624,11,pyrologix,11,53-63,2021,0.0,0.0,1,drone,1,9.489961992702219e-05,4340,0.0046500813764240876,True
GaussianBudget500M_MaxCov,E-3_BOGARD_2021-CALNF-004419,20210731,18,pyrologix,10,58-56,2021,0.0,0.0,0,drone,1,9.489961992702219e-05,4085,0.0046500813764240876,True
GaussianBudget500M_MaxCov,E-3_GRAY_2021-CALNF-003750,20210705,23,pyrologix,3,58-56,2021,0.0,0.0,1,drone,1,9.489961992702219e-05,1680,0.0046500813764240876,True
GaussianBudget500M_MaxCov,E-5_BUTTE_LAKE_2021-CALNF-004442,20210801,12,pyrologix,12,51-56,2021,0.0,0.0,-1,undetected,1,9.489961992702219e-05,4490,0.0046500813764240876,True
GaussianBudget500M_MaxCov,E-6_ANTELOPE_2021-CALNF-004457,20210802,1,pyrologix,2,58-56,2021,0.0,0.0,0,drone,1,9.489961992702219e-05,980,0.0046500813764240876,True
GaussianBudget500M_MaxCov,EAGLE_2021-CASHF-000460,20210415,20,pyrologix,3,38-36,2021,0.0,0.0,2,drone,1,9.489961992702219e-05,1875,0.0046500813764240876,True
GaussianBudget500M_MaxCov,EAGLE_2021-CATMU-018004,20210626,9,pyrologix,11,97-63,2021,0.0,0.0,1,drone,1,9.489961992702219e-05,4850,0.0046500813764240876,True
GaussianBudget500M_MaxCov,EARLY__2021-CASTF-002235,20210825,1,pyrologix,4,116-62,2021,0.0,0.0,1,drone,1,9.489961992702219e-05,1880,0.004555181756497065,True
GaussianBudget500M_MaxCov,EAST_2021-CAANF-003356,20210906,14,pyrologix,2,204-86,2021,0.0,0.0,0,drone,1,9.489961992702219e-05,895,0.003985784036934932,True
GaussianBudget500M_MaxCov,EAST_2021-CAENF-020980,20210720,0,pyrologix,2,97-63,2021,0.0,0.0,1,drone,1,9.489961992702219e-05,1350,0.0046500813764240876,True
GaussianBudget500M_MaxCov,EAST_2021-CAKNF-006415,20210731,20,pyrologix,3,31-29,2021,0.0,0.0,1,drone,1,9.489961992702219e-05,2040,0.0046500813764240876,True
GaussianBudget500M_MaxCov,EAST_2021-CASHF-000646,20210520,20,pyrologix,10,43-28,2021,0.0,0.0,0,drone,1,9.489961992702219e-05,3635,0.0046500813764240876,True
GaussianBudget500M_MaxCov,ECHO_2021-CALNF-003471,20210625,21,pyrologix,4,58-56,2021,0.0,0.0,0,drone,1,9.489961992702219e-05,1610,0.0046500813764240876,True
GaussianBudget500M_MaxCov,ECHO_2021-CATMU-021480,20210724,14,pyrologix,8,97-63,2021,0.0,0.0,1,drone,1,9.489961992702219e-05,3530,0.0046500813764240876,True
GaussianBudget500M_MaxCov,EDDY_2021-CASHF-000952,20210625,12,pyrologix,11,33-43,2021,0.0,0.0,1,drone,1,9.489961992702219e-05,4285,0.0046500813764240876,True
GaussianBudget500M_MaxCov,ELAM_2021-CALNF-003064,20210610,12,pyrologix,5,62-51,2021,0.0,0.0,1,drone,1,9.489961992702219e-05,2310,0.0046500813764240876,True
GaussianBudget500M_MaxCov,ELAM_2021-CALNF-004040,20210715,19,pyrologix,10,62-51,2021,0.0,0.0,0,drone,1,9.489961992702219e-05,3615,0.0046500813764240876,True
GaussianBudget500M_MaxCov,ELK_2021-CAKNF-002454,20210404,21,pyrologix,2,24-30,2021,0.0,0.0,0,drone,1,9.489961992702219e-05,1040,0.004555181756497065,True
GaussianBudget500M_MaxCov,EMIGRANT_2021-CAANF-003521,20210917,15,pyrologix,12,192-68,2021,0.0,0.0,0,drone,1,9.489961992702219e-05,4275,0.0046500813764240876,True
GaussianBudget500M_MaxCov,EMMA_2021-CAANF-003237,20210829,22,pyrologix,1,199-79,2021,0.0,0.0,1,drone,1,9.489961992702219e-05,725,0.003226587077518755,True
GaussianBudget500M_MaxCov,ERNST_2021-CAMMU-006886,20210405,21,pyrologix,4,123-58,2021,0.0,0.0,1,drone,1,9.489961992702219e-05,2175,0.0046500813764240876,True
GaussianBudget500M_MaxCov,ESCAPE_2021-CABDF-008798,20210530,19,pyrologix,2,210-102,2021,0.0,0.0,0,drone,1,9.489961992702219e-05,840,0.003985784036934932,True
GaussianBudget500M_MaxCov,ESCONDIDO_2021-CAANF-003542,20210918,20,pyrologix,6,199-79,2021,0.0,0.0,1,drone,1,9.489961992702219e-05,2355,0.0034163863173727986,True
GaussianBudget500M_MaxCov,EVERETT_2021-CASHF-001127,20210721,12,pyrologix,5,33-43,2021,0.0,0.0,0,drone,1,9.489961992702219e-05,1655,0.0046500813764240876,True
GaussianBudget500M_MaxCov,East_Grade_2021-CACNF-001220,20210501,14,pyrologix,2,231-95,2021,0.0,0.0,0,drone,1,9.489961992702219e-05,1030,0.004270482896715999,True
GaussianBudget500M_MaxCov,Echo_2021-CASHF-000897,20210619,22,pyrologix,4,38-36,2021,0.0,0.0,1,drone,1,9.489961992702219e-05,1945,0.0046500813764240876,True
GaussianBudget500M_MaxCov,Eight_2021-CACNF-003271,20211028,19,pyrologix,6,244-99,2021,0.0,0.0,1,drone,1,9.489961992702219e-05,2985,0.0046500813764240876,True
GaussianBudget500M_MaxCov,Evans_2021-CAPNF-001358,20210730,1,pyrologix,2,62-60,2021,0.0,0.0,0,drone,1,9.489961992702219e-05,890,0.004555181756497065,True
GaussianBudget500M_MaxCov,FAIRCHILD_2021-CAMDF-000597,20210623,18,pyrologix,9,34-67,2021,0.0,0.0,1,drone,1,9.489961992702219e-05,3880,0.0046500813764240876,True
GaussianBudget500M_MaxCov,FALLS_2021-CASHF-001063,20210711,12,pyrologix,4,40-22,2021,0.0,0.0,1,drone,1,9.489961992702219e-05,1880,0.0046500813764240876,True
GaussianBudget500M_MaxCov,FALL_2021-CAANF-003791,20211011,16,pyrologix,10,204-75,2021,0.0,0.0,1,drone,1,9.489961992702219e-05,3805,0.0031316874575917325,True
GaussianBudget500M_MaxCov,FAULKSTEIN_2021-CAKNF-004573,20210612,21,pyrologix,1,24-32,2021,0.0,0.0,0,drone,1,9.489961992702219e-05,525,0.003795984797080888,True
GaussianBudget500M_MaxCov,FAWN_2021-CASHU-010480,20210922,18,pyrologix,12,47-42,2021,0.0,0.0,-1,undetected,1,9.489961992702219e-05,4930,0.0046500813764240876,True
GaussianBudget500M_MaxCov,FIFTEEN_2021-CABDF-017313,20211122,15,pyrologix,1,207-89,2021,0.0,0.0,1,drone,1,9.489961992702219e-05,720,0.004175583276788976,True
GaussianBudget500M_MaxCov,FISH_2021-CAKNF-006421,20210731,20,pyrologix,7,31-29,2021,0.0,0.0,0,drone,1,9.489961992702219e-05,2885,0.0046500813764240876,True
GaussianBudget500M_MaxCov,FIVE_2021-CAANF-000825,20210319,16,pyrologix,7,198-72,2021,0.0,0.0,0,drone,1,9.489961992702219e-05,2690,0.004555181756497065,True
GaussianBudget500M_MaxCov,FLATS_2021-CABDF-009477,20210613,17,pyrologix,2,227-109,2021,0.0,0.0,0,drone,1,9.489961992702219e-05,880,0.0040806836568619545,True
GaussianBudget500M_MaxCov,FLAT_2021-CAINF-000056,20210110,14,pyrologix,1,143-87,2021,0.0,0.0,0,drone,1,9.489961992702219e-05,660,0.004270482896715999,True
GaussianBudget500M_MaxCov,FLAT_2021-CASHF-000907,20210621,20,pyrologix,3,33-43,2021,0.0,0.0,0,drone,1,9.489961992702219e-05,1130,0.0046500813764240876,True
GaussianBudget500M_MaxCov,FLAT__2021-CAANF-000125,20210113,3,pyrologix,4,198-72,2021,0.0,0.0,1,drone,1,9.489961992702219e-05,2050,0.004555181756497065,True
GaussianBudget500M_MaxCov,FLETCHER_2021-CABDF-015945,20211031,21,pyrologix,6,224-102,2021,0.0,0.0,1,drone,1,9.489961992702219e-05,2655,0.004460282136570043,True
GaussianBudget500M_MaxCov,FLINT_2021-CABDF-017383,20211123,16,pyrologix,9,217-101,2021,0.0,0.0,1,drone,1,9.489961992702219e-05,3915,0.004460282136570043,True
GaussianBudget500M_MaxCov,FORD_2021-CAINF-001461,20210629,16,pyrologix,4,136-83,2021,0.0,0.0,2,drone,1,9.489961992702219e-05,2395,0.0046500813764240876,True
GaussianBudget500M_MaxCov,FORESTHILL_2021-CATNF-001677,20210829,1,pyrologix,1,90-59,2021,0.0,0.0,0,drone,1,9.489961992702219e-05,510,0.003795984797080888,True
GaussianBudget500M_MaxCov,FOREST_2021-CATCU-006215,20210517,19,pyrologix,3,109-54,2021,0.0,0.0,0,drone,1,9.489961992702219e-05,1425,0.0046500813764240876,True
GaussianBudget500M_MaxCov,FORK_2021-CABDF-003725,20210222,0,pyrologix,4,207-89,2021,0.0,0.0,0,drone,1,9.489961992702219e-05,1450,0.004270482896715999,True
GaussianBudget500M_MaxCov,FOX_2021-CALNF-002007,20210422,22,pyrologix,4,53-63,2021,0.0,0.0,0,drone,1,9.489961992702219e-05,1430,0.0046500813764240876,True
GaussianBudget500M_MaxCov,FRASER__2021-CASTF-002126,20210813,11,pyrologix,9,109-61,2021,0.0,0.0,0,drone,1,9.489961992702219e-05,3275,0.0046500813764240876,True
GaussianBudget500M_MaxCov,FRENCH_2021-CAKNF-005037,20210625,11,pyrologix,9,31-29,2021,0.0,0.0,0,drone,1,9.489961992702219e-05,3685,0.0046500813764240876,True
GaussianBudget500M_MaxCov,FRESNO_2021-CASNF-001333,20210822,20,pyrologix,9,143-73,2021,0.0,0.0,1,drone,1,9.489961992702219e-05,3725,0.0046500813764240876,True
GaussianBudget500M_MaxCov,FULLER_2021-CATNF-001066,20210622,14,pyrologix,8,83-61,2021,0.0,0.0,0,drone,1,9.489961992702219e-05,2950,0.0046500813764240876,True
GaussianBudget500M_MaxCov,Feldmiller_2021-CASRF-000413,20210619,22,pyrologix,8,46-21,2021,0.0,0.0,0,drone,1,9.489961992702219e-05,2800,0.0046500813764240876,True
GaussianBudget500M_MaxCov,Fisher_2021-CASHF-000647,20210520,7,pyrologix,6,40-42,2021,0.0,0.0,0,drone,1,9.489961992702219e-05,2300,0.0046500813764240876,True
GaussianBudget500M_MaxCov,Fork_2021-CASRF-000270,20210510,17,pyrologix,5,34-22,2021,0.0,0.0,0,drone,1,9.489961992702219e-05,1950,0.0046500813764240876,True
GaussianBudget500M_MaxCov,Frazier_2021-CALPF-000952,20210430,18,pyrologix,1,192-68,2021,0.0,0.0,2,drone,1,9.489961992702219e-05,1205,0.004270482896715999,True
GaussianBudget500M_MaxCov,French_2021-CATNF-001393,20210722,20,pyrologix,5,83-61,2021,0.0,0.0,1,drone,1,9.489961992702219e-05,2155,0.0046500813764240876,True
GaussianBudget500M_MaxCov,GABRIEL_2021-CAANF-001318,20210429,3,pyrologix,7,207-82,2021,0.0,0.0,0,drone,1,9.489961992702219e-05,2355,0.0037010851771538656,True
GaussianBudget500M_MaxCov,GAGGS_2021-CASNF-001725,20211010,12,pyrologix,8,133-70,2021,0.0,0.0,0,drone,1,9.489961992702219e-05,3000,0.0046500813764240876,True
GaussianBudget500M_MaxCov,GALLOWAY_2021-CATNF-000698,20210505,12,pyrologix,6,76-55,2021,0.0,0.0,1,drone,1,9.489961992702219e-05,2600,0.0046500813764240876,True
GaussianBudget500M_MaxCov,GAP_2021-CASTF-001059,20210611,13,pyrologix,7,109-61,2021,0.0,0.0,0,drone,1,9.489961992702219e-05,2570,0.0046500813764240876,True
GaussianBudget500M_MaxCov,GARDEN_2021-CAKNF-006380,20210731,21,pyrologix,12,31-29,2021,0.0,0.0,0,drone,1,9.489961992702219e-05,4745,0.0046500813764240876,True
GaussianBudget500M_MaxCov,GARDEN_2021-CASQF-002738,20210814,20,pyrologix,5,175-76,2021,0.0,0.0,1,drone,1,9.489961992702219e-05,2505,0.0046500813764240876,True
GaussianBudget500M_MaxCov,GEM__2021-CAINF-002224,20210825,16,pyrologix,11,126-73,2021,0.0,0.0,1,drone,1,9.489961992702219e-05,4240,0.0046500813764240876,True
GaussianBudget500M_MaxCov,GILMAN_2021-CASHF-001271,20210815,14,pyrologix,9,47-42,2021,0.0,0.0,1,drone,1,9.489961992702219e-05,4225,0.0046500813764240876,True
GaussianBudget500M_MaxCov,GINGER_BREAD_2021-CABDF-018471,20211129,19,pyrologix,3,217-101,2021,0.0,0.0,1,drone,1,9.489961992702219e-05,1675,0.004460282136570043,True
GaussianBudget500M_MaxCov,GLACIER_NORTH_2021-CAINF-001732,20210715,14,pyrologix,2,143-87,2021,0.0,0.0,0,drone,1,9.489961992702219e-05,1015,0.004555181756497065,True
GaussianBudget500M_MaxCov,GLACIER__2021-CAINF-001723,20210714,15,pyrologix,11,143-87,2021,0.0,0.0,0,drone,1,9.489961992702219e-05,4015,0.0046500813764240876,True
GaussianBudget500M_MaxCov,GLADE_2021-CAKNF-006405,20210731,13,pyrologix,8,19-39,2021,0.0,0.0,1,drone,1,9.489961992702219e-05,3495,0.004365382516643021,True
GaussianBudget500M_MaxCov,GLASS_2021-CAINF-000874,20210522,15,pyrologix,10,126-80,2021,0.0,0.0,0,drone,1,9.489961992702219e-05,3475,0.0046500813764240876,True
GaussianBudget500M_MaxCov,GOBBI_2021-CAENF-023392,20210809,15,pyrologix,12,97-63,2021,0.0,0.0,1,drone,1,9.489961992702219e-05,5135,0.0046500813764240876,True
GaussianBudget500M_MaxCov,GOLDEN_2021-CAANF-002886,20210803,23,pyrologix,7,192-68,2021,0.0,0.0,1,drone,1,9.489961992702219e-05,2955,0.0046500813764240876,True
GaussianBudget500M_MaxCov,GOLD_2021-CASHF-000580,20210512,21,pyrologix,4,38-36,2021,0.0,0.0,0,drone,1,9.489961992702219e-05,1645,0.004555181756497065,True
GaussianBudget500M_MaxCov,GOODALE_2021-CAINF-001466,20210629,19,pyrologix,7,143-87,2021,0.0,0.0,0,drone,1,9.489961992702219e-05,2680,0.0046500813764240876,True
GaussianBudget500M_MaxCov,GOOSEBERRY__2021-CASNF-000626,20210621,18,pyrologix,12,133-70,2021,0.0,0.0,0,drone,1,9.489961992702219e-05,4580,0.0046500813764240876,True
GaussianBudget500M_MaxCov,GORDONS_2021-CAKNF-002282,20210329,0,pyrologix,2,17-32,2021,0.0,0.0,0,drone,1,9.489961992702219e-05,1050,0.004270482896715999,True
GaussianBudget500M_MaxCov,GRAHAM_2021-CAKNF-006462,20210801,17,pyrologix,8,31-29,2021,0.0,0.0,0,drone,1,9.489961992702219e-05,3260,0.0046500813764240876,True
GaussianBudget500M_MaxCov,GRAND_VIEW_2021-CABDF-012129,20210810,20,pyrologix,5,210-102,2021,0.0,0.0,0,drone,1,9.489961992702219e-05,2110,0.0040806836568619545,True
GaussianBudget500M_MaxCov,GRAPVINE_2021-CABDF-006945,20210421,12,pyrologix,9,207-89,2021,0.0,0.0,1,drone,1,9.489961992702219e-05,3345,0.004270482896715999,True
GaussianBudget500M_MaxCov,GRASSY_2021-CASHF-000618,20210516,21,pyrologix,8,46-21,2021,0.0,0.0,1,drone,1,9.489961992702219e-05,3295,0.0046500813764240876,True
GaussianBudget500M_MaxCov,GRASS_2021-CATMU-018337,20210628,18,pyrologix,3,98-70,2021,0.0,0.0,1,drone,1,9.489961992702219e-05,1620,0.0033214866974457763,True
GaussianBudget500M_MaxCov,GRAVEL__2021-CAMDF-002888,20211015,17,pyrologix,10,31-80,2021,0.0,0.0,0,drone,1,9.489961992702219e-05,4080,0.004270482896715999,True
GaussianBudget500M_MaxCov,GRAVEYARD_2021-CAANF-002217,20210626,7,pyrologix,11,204-75,2021,0.0,0.0,0,drone,1,9.489961992702219e-05,3680,0.0031316874575917325,True
GaussianBudget500M_MaxCov,GRAYS_2021-CAINF-002723,20211012,20,pyrologix,6,150-85,2021,0.0,0.0,0,drone,1,9.489961992702219e-05,2670,0.0046500813764240876,True
GaussianBudget500M_MaxCov,GRAYS__2021-CABDF-011709,20210731,22,pyrologix,3,208-96,2021,0.0,0.0,0,drone,1,9.489961992702219e-05,1310,0.004365382516643021,True
GaussianBudget500M_MaxCov,GREENWOOD_2021-CABDF-010939,20210713,18,pyrologix,10,207-89,2021,0.0,0.0,0,drone,1,9.489961992702219e-05,3285,0.004270482896715999,True
GaussianBudget500M_MaxCov,GREY_2021-CASNF-000381,20210523,13,pyrologix,12,133-70,2021,0.0,0.0,0,drone,1,9.489961992702219e-05,4690,0.0046500813764240876,True
GaussianBudget500M_MaxCov,GRIZZLY_2021-CASNF-001239,20210812,17,pyrologix,11,133-70,2021,0.0,0.0,1,drone,1,9.489961992702219e-05,4515,0.0046500813764240876,True
GaussianBudget500M_MaxCov,GROUSE_2021-CAKNF-003646,20210515,19,pyrologix,9,31-29,2021,0.0,0.0,1,drone,1,9.489961992702219e-05,4120,0.0046500813764240876,True
GaussianBudget500M_MaxCov,GROUSE__2021-CASTF-001968,20210801,17,pyrologix,11,116-69,2021,0.0,0.0,0,drone,1,9.489961992702219e-05,4080,0.0046500813764240876,True
GaussianBudget500M_MaxCov,GROUT_2021-CABDF-011710,20210731,23,pyrologix,1,208-96,2021,0.0,0.0,0,drone,1,9.489961992702219e-05,685,0.004175583276788976,True
GaussianBudget500M_MaxCov,GROVE_2021-CATNF-001750,20210908,21,pyrologix,2,83-61,2021,0.0,0.0,1,drone,1,9.489961992702219e-05,1135,0.004460282136570043,True
GaussianBudget500M_MaxCov,GULCH_2021-CAANF-003619,20210926,19,pyrologix,12,198-72,2021,0.0,0.0,0,drone,1,9.489961992702219e-05,4185,0.004555181756497065,True
GaussianBudget500M_MaxCov,GULCH_2021-CAINF-001453,20210629,1,pyrologix,9,119-77,2021,0.0,0.0,2,drone,1,9.489961992702219e-05,4360,0.004365382516643021,True
GaussianBudget500M_MaxCov,GULCH_2021-CASHF-001073,20210713,20,pyrologix,8,46-21,2021,0.0,0.0,0,drone,1,9.489961992702219e-05,2915,0.0046500813764240876,True
GaussianBudget500M_MaxCov,GULCH_KRRD_2021-CASQF-002361,20210719,21,pyrologix,2,178-78,2021,0.0,0.0,0,drone,1,9.489961992702219e-05,825,0.004555181756497065,True
GaussianBudget500M_MaxCov,GUM__2021-CASTF-001887,20210730,14,pyrologix,8,111-69,2021,0.0,0.0,1,drone,1,9.489961992702219e-05,3560,0.0046500813764240876,True
GaussianBudget500M_MaxCov,GUNN_2021-CABDF-014268,20210930,19,pyrologix,2,207-89,2021,0.0,0.0,0,drone,1,9.489961992702219e-05,720,0.004175583276788976,True
GaussianBudget500M_MaxCov,Genesee_2021-CAPNF-000668,20210524,22,pyrologix,1,69-59,2021,0.0,0.0,0,drone,1,9.489961992702219e-05,475,0.00389088441700791,True
GaussianBudget500M_MaxCov,Gibraltar_2021-CALPF-001128,20210522,0,pyrologix,1,194-54,2021,0.0,0.0,1,drone,1,9.489961992702219e-05,825,0.003985784036934932,True
GaussianBudget500M_MaxCov,Gifford_2021-CALPF-001818,20210712,0,pyrologix,12,181-46,2021,0.0,0.0,-1,undetected,1,9.489961992702219e-05,4530,0.0046500813764240876,True
GaussianBudget500M_MaxCov,Gold_2021-CACNF-001588,20210601,14,pyrologix,6,244-99,2021,0.0,0.0,1,drone,1,9.489961992702219e-05,2815,0.0046500813764240876,True
GaussianBudget500M_MaxCov,Gold__2021-CAPNF-003260,20211031,15,pyrologix,10,76-62,2021,0.0,0.0,1,drone,1,9.489961992702219e-05,4420,0.0046500813764240876,True
GaussianBudget500M_MaxCov,Gomez_2021-CACNF-003031,20210924,18,pyrologix,9,231-95,2021,0.0,0.0,1,drone,1,9.489961992702219e-05,3815,0.004555181756497065,True
GaussianBudget500M_MaxCov,Granite_2021-CASHF-000774,20210602,7,pyrologix,7,38-29,2021,0.0,0.0,0,drone,1,9.489961992702219e-05,2845,0.0046500813764240876,True
GaussianBudget500M_MaxCov,Grassy_2021-CASRF-000451,20210625,18,pyrologix,6,13-19,2021,0.0,0.0,0,drone,1,9.489961992702219e-05,2190,0.003985784036934932,True
GaussianBudget500M_MaxCov,Greenhorn_2021-CAPNF-000421,20210413,22,pyrologix,6,69-59,2021,0.0,0.0,0,drone,1,9.489961992702219e-05,2085,0.004555181756497065,True
GaussianBudget500M_MaxCov,Gregg_2021-CASRF-000312,20210521,13,pyrologix,10,39-15,2021,0.0,0.0,1,drone,1,9.489961992702219e-05,4570,0.0046500813764240876,True
GaussianBudget500M_MaxCov,Grizzly_2021-CAPNF-000697,20210529,16,pyrologix,11,76-62,2021,0.0,0.0,-1,undetected,1,9.489961992702219e-05,5200,0.0046500813764240876,True
GaussianBudget500M_MaxCov,H-1_CABLE_2021-CALNF-002461,20210515,1,pyrologix,11,51-56,2021,0.0,0.0,0,drone,1,9.489961992702219e-05,3755,0.0046500813764240876,True
GaussianBudget500M_MaxCov,H-1_MOON_2021-CALNF-003400,20210624,20,pyrologix,9,44-56,2021,0.0,0.0,1,drone,1,9.489961992702219e-05,3755,0.0046500813764240876,True
GaussianBudget500M_MaxCov,H-3_FORD_2021-CALNF-002493,20210515,19,pyrologix,9,55-49,2021,0.0,0.0,1,drone,1,9.489961992702219e-05,3470,0.0046500813764240876,True
GaussianBudget500M_MaxCov,H-3_LOST_2021-CALNF-003447,20210625,0,pyrologix,1,55-49,2021,0.0,0.0,1,drone,1,9.489961992702219e-05,915,0.004555181756497065,True
GaussianBudget500M_MaxCov,H-4_UNION_2021-CALNF-002511,20210516,17,pyrologix,4,51-56,2021,0.0,0.0,1,drone,1,9.489961992702219e-05,1820,0.0046500813764240876,True
GaussianBudget500M_MaxCov,H-5_CINDER_2021-CALNF-002519,20210516,21,pyrologix,4,48-49,2021,0.0,0.0,1,drone,1,9.489961992702219e-05,2005,0.004555181756497065,True
GaussianBudget500M_MaxCov,HALLS_2021-CAMDF-003039,20211208,17,pyrologix,10,38-79,2021,0.0,0.0,2,drone,1,9.489961992702219e-05,4390,0.004175583276788976,True
GaussianBudget500M_MaxCov,HAMBONE_2021-CASHF-001233,20210806,16,pyrologix,5,37-56,2021,0.0,0.0,0,drone,1,9.489961992702219e-05,1920,0.0046500813764240876,True
GaussianBudget500M_MaxCov,HARDEN_2021-CASTF-001794,20210723,17,pyrologix,7,123-65,2021,0.0,0.0,0,drone,1,9.489961992702219e-05,2750,0.0046500813764240876,True
GaussianBudget500M_MaxCov,HARDEN_2__2021-CASTF-001795,20210723,16,pyrologix,10,123-65,2021,0.0,0.0,0,drone,1,9.489961992702219e-05,3660,0.0046500813764240876,True
GaussianBudget500M_MaxCov,HARRIS_2021-CATNF-001509,20210803,13,pyrologix,11,83-61,2021,0.0,0.0,0,drone,1,9.489961992702219e-05,4045,0.0046500813764240876,True
GaussianBudget500M_MaxCov,HARWOOD_2021-CAANF-004254,20211129,7,pyrologix,2,204-86,2021,0.0,0.0,0,drone,1,9.489961992702219e-05,1115,0.003985784036934932,True
GaussianBudget500M_MaxCov,HATCHERY_2021-CABDF-014811,20211011,19,pyrologix,3,210-102,2021,0.0,0.0,1,drone,1,9.489961992702219e-05,1735,0.0040806836568619545,True
GaussianBudget500M_MaxCov,HATHAWAY_2021-CABDF-010788,20210710,17,pyrologix,9,210-102,2021,0.0,0.0,1,drone,1,9.489961992702219e-05,3725,0.0040806836568619545,True
GaussianBudget500M_MaxCov,HAYFORK_2021-CASHU-008170,20210803,4,pyrologix,9,43-28,2021,0.0,0.0,0,drone,1,9.489961992702219e-05,3520,0.0046500813764240876,True
GaussianBudget500M_MaxCov,HAYPRESS_2021-CAKNF-006414,20210731,16,pyrologix,11,31-29,2021,0.0,0.0,1,drone,1,9.489961992702219e-05,4685,0.0046500813764240876,True
GaussianBudget500M_MaxCov,HAZEL_2021-CAAEU-015966,20210608,20,pyrologix,6,97-56,2021,0.0,0.0,0,drone,1,9.489961992702219e-05,2200,0.0046500813764240876,True
GaussianBudget500M_MaxCov,HEBRON_2021-CAKNF-003605,20210515,0,pyrologix,4,23-53,2021,0.0,0.0,1,drone,1,9.489961992702219e-05,2045,0.004365382516643021,True
GaussianBudget500M_MaxCov,HENRY_2021-CASTF-001280,20210625,15,pyrologix,12,105-68,2021,0.0,0.0,0,drone,1,9.489961992702219e-05,4270,0.0046500813764240876,True
GaussianBudget500M_MaxCov,HIDDEN__2021-CAANF-003478,20210913,5,pyrologix,1,206-81,2021,0.0,0.0,0,drone,1,9.489961992702219e-05,605,0.0031316874575917325,True
GaussianBudget500M_MaxCov,HIGHLAND__2021-CASTF-001735,20210719,21,pyrologix,4,105-68,2021,0.0,0.0,0,drone,1,9.489961992702219e-05,1520,0.004555181756497065,True
GaussianBudget500M_MaxCov,HIGHWAY_2021-CABDF-014988,20211016,9,pyrologix,10,207-89,2021,0.0,0.0,0,drone,1,9.489961992702219e-05,3485,0.004270482896715999,True
GaussianBudget500M_MaxCov,HIGH_POINT_2021-CAKNF-006402,20210731,13,pyrologix,7,31-29,2021,0.0,0.0,1,drone,1,9.489961992702219e-05,3215,0.0046500813764240876,True
GaussianBudget500M_MaxCov,HILL_2021-CAANF-003660,20211001,19,pyrologix,12,199-79,2021,0.0,0.0,0,drone,1,9.489961992702219e-05,3840,0.0034163863173727986,True
GaussianBudget500M_MaxCov,HILL_2021-CABDF-004239,20210305,18,pyrologix,6,207-89,2021,0.0,0.0,1,drone,1,9.489961992702219e-05,2350,0.004270482896715999,True
GaussianBudget500M_MaxCov,HILL_2021-CASHF-000537,20210504,18,pyrologix,4,33-43,2021,0.0,0.0,0,drone,1,9.489961992702219e-05,1560,0.0046500813764240876,True
GaussianBudget500M_MaxCov,HILL_2021-CASTF-001910,20210731,2,pyrologix,1,109-61,2021,0.0,0.0,0,drone,1,9.489961992702219e-05,765,0.004460282136570043,True
GaussianBudget500M_MaxCov,HILTON_2021-CAINF-001144,20210608,18,pyrologix,5,133-84,2021,0.0,0.0,0,drone,1,9.489961992702219e-05,2145,0.0046500813764240876,True
GaussianBudget500M_MaxCov,HIRAM_2021-CASTF-002595,20210929,11,pyrologix,11,105-68,2021,0.0,0.0,0,drone,1,9.489961992702219e-05,3920,0.0046500813764240876,True
GaussianBudget500M_MaxCov,HOBART__2021-CASTF-002083,20210809,22,pyrologix,12,105-68,2021,0.0,0.0,0,drone,1,9.489961992702219e-05,4430,0.0046500813764240876,True
GaussianBudget500M_MaxCov,HOGSBACK_2021-CAANF-000137,20210114,12,pyrologix,12,207-89,2021,0.0,0.0,-1,undetected,1,9.489961992702219e-05,4260,0.004270482896715999,True
GaussianBudget500M_MaxCov,HOLLY_2021-CABDF-018832,20211207,12,pyrologix,8,208-96,2021,0.0,0.0,0,drone,1,9.489961992702219e-05,3205,0.004365382516643021,True
GaussianBudget500M_MaxCov,HOME_2021-CATMU-027066,20210911,21,pyrologix,7,90-66,2021,0.0,0.0,0,drone,1,9.489961992702219e-05,2580,0.0036061855572268433,True
GaussianBudget500M_MaxCov,HOOPER_KRRD_2021-CASQF-002348,20210719,6,pyrologix,9,175-76,2021,0.0,0.0,0,drone,1,9.489961992702219e-05,3280,0.0046500813764240876,True
GaussianBudget500M_MaxCov,HORSE_2021-CAKNF-002220,20210326,19,pyrologix,7,17-32,2021,0.0,0.0,0,drone,1,9.489961992702219e-05,2695,0.004365382516643021,True
GaussianBudget500M_MaxCov,HORSE_2021-CASQF-003069,20210910,10,pyrologix,11,161-78,2021,0.0,0.0,0,drone,1,9.489961992702219e-05,4165,0.0046500813764240876,True
GaussianBudget500M_MaxCov,HORSE__2021-CAANF-003639,20210928,2,pyrologix,12,198-72,2021,0.0,0.0,0,drone,1,9.489961992702219e-05,4070,0.004555181756497065,True
GaussianBudget500M_MaxCov,HOT_2021-CAINF-001450,20210629,0,pyrologix,6,126-80,2021,0.0,0.0,0,drone,1,9.489961992702219e-05,2295,0.0046500813764240876,True
GaussianBudget500M_MaxCov,HOT_2021-CASQF-002231,20210713,12,pyrologix,4,178-78,2021,0.0,0.0,0,drone,1,9.489961992702219e-05,1640,0.0046500813764240876,True
GaussianBudget500M_MaxCov,HUFFMAN_2021-CAMDF-002376,20210919,16,pyrologix,4,27-67,2021,0.0,0.0,2,drone,1,9.489961992702219e-05,2260,0.004365382516643021,True
GaussianBudget500M_MaxCov,HUMBUG_2021-CALNF-005233,20210902,17,pyrologix,8,62-51,2021,0.0,0.0,2,drone,1,9.489961992702219e-05,3750,0.0046500813764240876,True
GaussianBudget500M_MaxCov,HUSKER_2021-CABDF-011130,20210718,13,pyrologix,8,217-101,2021,0.0,0.0,0,drone,1,9.489961992702219e-05,3065,0.004460282136570043,True
GaussianBudget500M_MaxCov,HWY_18____HWY_189_2021-CABDU-017482,20211203,10,pyrologix,3,208-96,2021,0.0,0.0,0,drone,1,9.489961992702219e-05,1510,0.004365382516643021,True
GaussianBudget500M_MaxCov,Hallett_2021-CAPNF-001068,20210704,22,pyrologix,9,62-67,2021,0.0,0.0,1,drone,1,9.489961992702219e-05,3565,0.004365382516643021,True
GaussianBudget500M_MaxCov,Hallyeyaaw_2021-CACNF-002813,20210829,18,pyrologix,10,238-95,2021,0.0,0.0,0,drone,1,9.489961992702219e-05,3910,0.004175583276788976,True
GaussianBudget500M_MaxCov,Hart_2021-CAPNF-001527,20210809,15,pyrologix,6,76-55,2021,0.0,0.0,1,drone,1,9.489961992702219e-05,2765,0.0046500813764240876,True
GaussianBudget500M_MaxCov,Hartman__2021-CAPNF-000997,20210629,15,pyrologix,2,70-52,2021,0.0,0.0,1,drone,1,9.489961992702219e-05,1275,0.0046500813764240876,True
GaussianBudget500M_MaxCov,Henshaw_2021-CACNF-002366,20210723,17,pyrologix,10,231-102,2021,0.0,0.0,1,drone,1,9.489961992702219e-05,4060,0.004460282136570043,True
GaussianBudget500M_MaxCov,Hi_2021-CALPF-002405,20210828,16,pyrologix,2,174-40,2021,0.0,0.0,0,drone,1,9.489961992702219e-05,815,0.004365382516643021,True
GaussianBudget500M_MaxCov,Hlel_Din_2021-CASRF-000201,20210412,19,pyrologix,1,34-22,2021,0.0,0.0,1,drone,1,9.489961992702219e-05,1035,0.004555181756497065,True
GaussianBudget500M_MaxCov,Hobart_2021-CASRF-000588,20210720,16,pyrologix,10,53-23,2021,0.0,0.0,0,drone,1,9.489961992702219e-05,4110,0.0046500813764240876,True
GaussianBudget500M_MaxCov,Holland_2021-CAPNF-000689,20210528,14,pyrologix,2,62-60,2021,0.0,0.0,0,drone,1,9.489961992702219e-05,845,0.004555181756497065,True
GaussianBudget500M_MaxCov,Homestead_2021-CAPNF-000803,20210614,13,pyrologix,10,69-59,2021,0.0,0.0,0,drone,1,9.489961992702219e-05,3400,0.0046500813764240876,True
GaussianBudget500M_MaxCov,Honey_2021-CACNF-002374,20210724,17,pyrologix,11,244-99,2021,0.0,0.0,0,drone,1,9.489961992702219e-05,4175,0.0046500813764240876,True
GaussianBudget500M_MaxCov,Humbug_2021-CAPNF-001356,20210730,21,pyrologix,9,69-66,2021,0.0,0.0,2,drone,1,9.489961992702219e-05,3830,0.0046500813764240876,True
GaussianBudget500M_MaxCov,ICE_2021-CAENF-015133,20210601,18,pyrologix,4,97-63,2021,0.0,0.0,2,drone,1,9.489961992702219e-05,2280,0.0046500813764240876,True
GaussianBudget500M_MaxCov,INTERBAY_2021-CAENF-026980,20210910,10,pyrologix,11,90-59,2021,0.0,0.0,0,drone,1,9.489961992702219e-05,4295,0.0046500813764240876,True
GaussianBudget500M_MaxCov,INTERSECTION_2021-CAANF-003983,20211031,19,pyrologix,4,204-75,2021,0.0,0.0,0,drone,1,9.489961992702219e-05,1395,0.0031316874575917325,True
GaussianBudget500M_MaxCov,INTERSTATE_2021-CAANF-002677,20210719,18,pyrologix,11,198-72,2021,0.0,0.0,1,drone,1,9.489961992702219e-05,4235,0.004555181756497065,True
GaussianBudget500M_MaxCov,INYO_CREEK_2021-CAINF-001299,20210619,11,pyrologix,5,157-85,2021,0.0,0.0,0,drone,1,9.489961992702219e-05,1980,0.0046500813764240876,True
GaussianBudget500M_MaxCov,IRONWOOD_2021-CABDF-011712,20210731,19,pyrologix,8,208-96,2021,0.0,0.0,0,drone,1,9.489961992702219e-05,3330,0.004365382516643021,True
GaussianBudget500M_MaxCov,ISLAND_2021-CAKNF-006317,20210730,0,pyrologix,5,24-30,2021,0.0,0.0,0,drone,1,9.489961992702219e-05,1900,0.004555181756497065,True
GaussianBudget500M_MaxCov,Indian_2021-CASHF-000840,20210611,19,pyrologix,12,40-42,2021,0.0,0.0,0,drone,1,9.489961992702219e-05,4330,0.0046500813764240876,True
GaussianBudget500M_MaxCov,Ingalls_2021-CAPNF-001370,20210730,15,pyrologix,5,69-59,2021,0.0,0.0,0,drone,1,9.489961992702219e-05,1895,0.004555181756497065,True
GaussianBudget500M_MaxCov,JACKSON_2021-CAKNF-006054,20210722,22,pyrologix,1,17-32,2021,0.0,0.0,1,drone,1,9.489961992702219e-05,915,0.004175583276788976,True
GaussianBudget500M_MaxCov,JACKSON_2021-CATNF-001277,20210707,14,pyrologix,5,83-61,2021,0.0,0.0,0,drone,1,9.489961992702219e-05,2020,0.0046500813764240876,True
GaussianBudget500M_MaxCov,JACK_2021-CAENF-027136,20210911,16,pyrologix,3,97-63,2021,0.0,0.0,2,drone,1,9.489961992702219e-05,1815,0.0046500813764240876,True
GaussianBudget500M_MaxCov,JENKS_2021-CABDF-015099,20211018,21,pyrologix,8,210-102,2021,0.0,0.0,0,drone,1,9.489961992702219e-05,3130,0.0040806836568619545,True
GaussianBudget500M_MaxCov,JENNESS__2021-CASTF-002065,20210807,22,pyrologix,3,112-62,2021,0.0,0.0,0,drone,1,9.489961992702219e-05,1330,0.0046500813764240876,True
GaussianBudget500M_MaxCov,JENNINGS_2021-CAKNF-005044,20210625,16,pyrologix,5,31-29,2021,0.0,0.0,0,drone,1,9.489961992702219e-05,2235,0.0046500813764240876,True
GaussianBudget500M_MaxCov,JOAQUIN_2021-CAINF-001479,20210630,18,pyrologix,3,126-80,2021,0.0,0.0,0,drone,1,9.489961992702219e-05,1225,0.004555181756497065,True
GaussianBudget500M_MaxCov,JONES_2021-CAENF-022004,20210729,4,pyrologix,12,97-63,2021,0.0,0.0,1,drone,1,9.489961992702219e-05,5135,0.0046500813764240876,True
GaussianBudget500M_MaxCov,JONES_2021-CAKNF-005026,20210625,2,pyrologix,10,31-29,2021,0.0,0.0,1,drone,1,9.489961992702219e-05,4310,0.0046500813764240876,True
GaussianBudget500M_MaxCov,JULY_2021-CAKNF-003631,20210515,13,pyrologix,12,31-29,2021,0.0,0.0,0,drone,1,9.489961992702219e-05,4580,0.0046500813764240876,True
GaussianBudget500M_MaxCov,JUNIPER_2021-CAMDF-000781,20210705,21,pyrologix,2,29-74,2021,0.0,0.0,0,drone,1,9.489961992702219e-05,810,0.0036061855572268433,True
GaussianBudget500M_MaxCov,Japatul_2021-CACNF-000210,20210120,12,pyrologix,12,244-99,2021,0.0,0.0,0,drone,1,9.489961992702219e-05,4725,0.0046500813764240876,True
GaussianBudget500M_MaxCov,Johnson_2021-CAPNF-002668,20210926,18,pyrologix,11,69-59,2021,0.0,0.0,1,drone,1,9.489961992702219e-05,4210,0.0046500813764240876,True
GaussianBudget500M_MaxCov,Jordan_2021-CAPNF-000609,20210515,13,pyrologix,6,69-66,2021,0.0,0.0,1,drone,1,9.489961992702219e-05,2760,0.0046500813764240876,True
GaussianBudget500M_MaxCov,KAISER_2021-CASNF-000351,20210515,21,pyrologix,2,133-70,2021,0.0,0.0,1,drone,1,9.489961992702219e-05,1355,0.004460282136570043,True
GaussianBudget500M_MaxCov,KAMOOK_2021-CASNF-000903,20210714,3,pyrologix,11,130-64,2021,0.0,0.0,1,drone,1,9.489961992702219e-05,4445,0.0046500813764240876,True
GaussianBudget500M_MaxCov,KEENBROOK__2021-CABDF-007842,20210513,0,pyrologix,6,207-89,2021,0.0,0.0,0,drone,1,9.489961992702219e-05,2095,0.004270482896715999,True
GaussianBudget500M_MaxCov,KELLY_2021-CAKNF-006382,20210731,2,pyrologix,2,31-29,2021,0.0,0.0,1,drone,1,9.489961992702219e-05,1440,0.0046500813764240876,True
GaussianBudget500M_MaxCov,KELLY__2021-CAMDF-001437,20210813,23,pyrologix,5,34-67,2021,0.0,0.0,1,drone,1,9.489961992702219e-05,2460,0.0046500813764240876,True
GaussianBudget500M_MaxCov,KENWOOD__2021-CABDF-007372,20210501,15,pyrologix,7,207-89,2021,0.0,0.0,0,drone,1,9.489961992702219e-05,2580,0.004270482896715999,True
GaussianBudget500M_MaxCov,KINGFISHER_2021-CABDF-012449,20210817,19,pyrologix,6,217-101,2021,0.0,0.0,1,drone,1,9.489961992702219e-05,2900,0.004460282136570043,True
GaussianBudget500M_MaxCov,KINNEY__2021-CASHF-001131,20210721,20,pyrologix,5,43-28,2021,0.0,0.0,0,drone,1,9.489961992702219e-05,2175,0.0046500813764240876,True
GaussianBudget500M_MaxCov,KNOB_2021-CASQF-003074,20210910,17,pyrologix,1,164-83,2021,0.0,0.0,2,drone,1,9.489961992702219e-05,1145,0.004460282136570043,True
GaussianBudget500M_MaxCov,Kessler_2021-CAPNF-001359,20210730,20,pyrologix,12,69-59,2021,0.0,0.0,0,drone,1,9.489961992702219e-05,4210,0.0046500813764240876,True
GaussianBudget500M_MaxCov,Kitchen_2021-CACNF-001839,20210621,3,pyrologix,2,245-106,2021,0.0,0.0,0,drone,1,9.489961992702219e-05,855,0.003226587077518755,True
GaussianBudget500M_MaxCov,Knob_2021-CASRF-000795,20210829,16,pyrologix,12,34-22,2021,0.0,0.0,-1,undetected,1,9.489961992702219e-05,4530,0.0046500813764240876,True
GaussianBudget500M_MaxCov,Kumeyaay_2021-CACNF-003422,20211119,18,pyrologix,10,244-99,2021,0.0,0.0,1,drone,1,9.489961992702219e-05,4110,0.0046500813764240876,True
GaussianBudget500M_MaxCov,L-1_WIDOW_2021-CALNF-002521,20210516,21,pyrologix,6,58-56,2021,0.0,0.0,0,drone,1,9.489961992702219e-05,2300,0.0046500813764240876,True
GaussianBudget500M_MaxCov,L-2_CHRISTIE_2021-CALNF-004693,20210813,21,pyrologix,11,55-49,2021,0.0,0.0,1,drone,1,9.489961992702219e-05,4550,0.0046500813764240876,True
GaussianBudget500M_MaxCov,L-2_CYPRESS_2021-CALNF-003749,20210705,20,pyrologix,8,58-56,2021,0.0,0.0,0,drone,1,9.489961992702219e-05,3125,0.0046500813764240876,True
GaussianBudget500M_MaxCov,LAGOON_2021-CAANF-004253,20211129,6,pyrologix,1,198-72,2021,0.0,0.0,0,drone,1,9.489961992702219e-05,585,0.004175583276788976,True
GaussianBudget500M_MaxCov,LAGO_2021-CAANF-002115,20210620,2,pyrologix,9,192-68,2021,0.0,0.0,2,drone,1,9.489961992702219e-05,3855,0.0046500813764240876,True
GaussianBudget500M_MaxCov,LAKECAMP_2021-CASNF-000962,20210719,22,pyrologix,2,133-77,2021,0.0,0.0,0,drone,1,9.489961992702219e-05,1025,0.0046500813764240876,True
GaussianBudget500M_MaxCov,LAKESHORE_2021-CASNF-000346,20210515,14,pyrologix,2,136-76,2021,0.0,0.0,0,drone,1,9.489961992702219e-05,815,0.004460282136570043,True
GaussianBudget500M_MaxCov,LAKE_2021-CASTF-002696,20211015,19,pyrologix,6,116-69,2021,0.0,0.0,1,drone,1,9.489961992702219e-05,2410,0.0046500813764240876,True
GaussianBudget500M_MaxCov,LAKE_2021-CATNF-000732,20210515,20,pyrologix,2,83-61,2021,0.0,0.0,0,drone,1,9.489961992702219e-05,770,0.003985784036934932,True
GaussianBudget500M_MaxCov,LAKIN_2021-CASHF-001235,20210806,16,pyrologix,6,37-56,2021,0.0,0.0,1,drone,1,9.489961992702219e-05,2870,0.0046500813764240876,True
GaussianBudget500M_MaxCov,LANCASTER_2021-CAANF-003148,20210823,7,pyrologix,11,192-68,2021,0.0,0.0,1,drone,1,9.489961992702219e-05,4310,0.0046500813764240876,True
GaussianBudget500M_MaxCov,LANDING__2021-CAANF-003335,20210905,16,pyrologix,1,192-68,2021,0.0,0.0,2,drone,1,9.489961992702219e-05,1265,0.004270482896715999,True
GaussianBudget500M_MaxCov,LANG_2021-CATNF-001555,20210810,9,pyrologix,12,83-61,2021,0.0,0.0,0,drone,1,9.489961992702219e-05,4255,0.0046500813764240876,True
GaussianBudget500M_MaxCov,LARCH_2021-CAENF-008992,20210403,16,pyrologix,5,97-63,2021,0.0,0.0,0,drone,1,9.489961992702219e-05,1965,0.0046500813764240876,True
GaussianBudget500M_MaxCov,LASSEN_2021-CASTF-000072,20210111,16,pyrologix,5,112-62,2021,0.0,0.0,0,drone,1,9.489961992702219e-05,2165,0.0046500813764240876,True
GaussianBudget500M_MaxCov,LAUER_2021-CAMDF-001446,20210813,13,pyrologix,11,36-74,2021,0.0,0.0,1,drone,1,9.489961992702219e-05,4215,0.0046500813764240876,True
GaussianBudget500M_MaxCov,LAVA_2021-CASHF-000949,20210625,3,pyrologix,1,28-46,2021,0.0,0.0,1,drone,1,9.489961992702219e-05,1010,0.0046500813764240876,True
GaussianBudget500M_MaxCov,LA_HONDA_2021-CAKNF-005004,20210625,20,pyrologix,10,30-53,2021,0.0,0.0,0,drone,1,9.489961992702219e-05,3485,0.0046500813764240876,True
GaussianBudget500M_MaxCov,LA_HONDA_WELL_2021-CAKNF-006467,20210801,18,pyrologix,9,30-53,2021,0.0,0.0,1,drone,1,9.489961992702219e-05,3485,0.0046500813764240876,True
GaussianBudget500M_MaxCov,LEE_2021-CAINF-001186,20210611,20,pyrologix,1,119-77,2021,0.0,0.0,2,drone,1,9.489961992702219e-05,1375,0.004270482896715999,True
GaussianBudget500M_MaxCov,LEONA_2021-CAANF-003807,20211013,23,pyrologix,5,199-79,2021,0.0,0.0,2,drone,1,9.489961992702219e-05,2185,0.0034163863173727986,True
GaussianBudget500M_MaxCov,LEROY_2021-CABDF-007219,20210427,19,pyrologix,2,204-86,2021,0.0,0.0,0,drone,1,9.489961992702219e-05,830,0.00389088441700791,True
GaussianBudget500M_MaxCov,LEWIS__2021-CASTF-000836,20210526,19,pyrologix,5,112-62,2021,0.0,0.0,0,drone,1,9.489961992702219e-05,2520,0.0046500813764240876,True
GaussianBudget500M_MaxCov,LIME_2021-CAKNF-006363,20210730,19,pyrologix,10,24-32,2021,0.0,0.0,1,drone,1,9.489961992702219e-05,4470,0.0046500813764240876,True
GaussianBudget500M_MaxCov,LINE_2021-CAMDF-001054,20210729,23,pyrologix,4,31-80,2021,0.0,0.0,-1,undetected,1,9.489961992702219e-05,3790,0.004270482896715999,True
GaussianBudget500M_MaxCov,LINE_2021-CATCU-004017,20210328,17,pyrologix,9,123-58,2021,0.0,0.0,0,drone,1,9.489961992702219e-05,3735,0.0046500813764240876,True
GaussianBudget500M_MaxCov,LITTLE_2021-CABDF-012135,20210810,19,pyrologix,9,210-102,2021,0.0,0.0,0,drone,1,9.489961992702219e-05,3425,0.0040806836568619545,True
GaussianBudget500M_MaxCov,LITTLE_MARBLE_2021-CAKNF-007809,20210908,11,pyrologix,8,24-30,2021,0.0,0.0,0,drone,1,9.489961992702219e-05,2710,0.0046500813764240876,True
GaussianBudget500M_MaxCov,LITTLE_SWEDEN_1_2021-CASTF-001777,20210722,3,pyrologix,9,112-62,2021,0.0,0.0,0,drone,1,9.489961992702219e-05,3735,0.0046500813764240876,True
GaussianBudget500M_MaxCov,LITTLE_SWEDEN_3__2021-CASTF-001782,20210722,14,pyrologix,5,109-61,2021,0.0,0.0,0,drone,1,9.489961992702219e-05,1925,0.0046500813764240876,True
GaussianBudget500M_MaxCov,LODGE_2021-CALNF-002298,20210507,14,pyrologix,11,51-56,2021,0.0,0.0,-1,undetected,1,9.489961992702219e-05,4490,0.0046500813764240876,True
GaussianBudget500M_MaxCov,LODGE_2021-CASTF-002426,20210910,2,pyrologix,9,123-65,2021,0.0,0.0,1,drone,1,9.489961992702219e-05,3630,0.0046500813764240876,True
GaussianBudget500M_MaxCov,LOGGING_2021-CAINF-000049,20210108,19,pyrologix,9,143-87,2021,0.0,0.0,0,drone,1,9.489961992702219e-05,3350,0.0046500813764240876,True
GaussianBudget500M_MaxCov,LOMAR_KRRD_2021-CASQF-002357,20210719,15,pyrologix,4,178-78,2021,0.0,0.0,0,drone,1,9.489961992702219e-05,1500,0.0046500813764240876,True
GaussianBudget500M_MaxCov,LOMA__2021-CAANF-002264,20210628,0,pyrologix,8,204-75,2021,0.0,0.0,0,drone,1,9.489961992702219e-05,2785,0.0031316874575917325,True
GaussianBudget500M_MaxCov,LONEY_2021-CATNF-001766,20210910,13,pyrologix,9,83-61,2021,0.0,0.0,2,drone,1,9.489961992702219e-05,3800,0.0046500813764240876,True
GaussianBudget500M_MaxCov,LONE_2021-CABDF-010482,20210704,18,pyrologix,5,207-89,2021,0.0,0.0,0,drone,1,9.489961992702219e-05,1865,0.004270482896715999,True
GaussianBudget500M_MaxCov,LONE_PINE_2021-CABDF-014910,20211013,20,pyrologix,6,207-89,2021,0.0,0.0,0,drone,1,9.489961992702219e-05,2050,0.004270482896715999,True
GaussianBudget500M_MaxCov,LONG_2021-CAKNF-006470,20210801,21,pyrologix,4,31-29,2021,0.0,0.0,1,drone,1,9.489961992702219e-05,2235,0.0046500813764240876,True
GaussianBudget500M_MaxCov,LONG_2021-CASQF-001856,20210630,19,pyrologix,9,178-78,2021,0.0,0.0,2,drone,1,9.489961992702219e-05,3925,0.0046500813764240876,True
GaussianBudget500M_MaxCov,LONG_2021-CATNF-001452,20210730,16,pyrologix,5,83-61,2021,0.0,0.0,4,drone,1,9.489961992702219e-05,3095,0.0046500813764240876,True
GaussianBudget500M_MaxCov,LONG_2021-CATNF-001958,20210930,22,pyrologix,4,83-61,2021,0.0,0.0,0,drone,1,9.489961992702219e-05,1580,0.004555181756497065,True
GaussianBudget500M_MaxCov,LOOKOUT_2021-CAINF-000738,20210505,15,pyrologix,3,126-80,2021,0.0,0.0,1,drone,1,9.489961992702219e-05,1560,0.004555181756497065,True
GaussianBudget500M_MaxCov,LOONEY_2021-CASTF-000755,20210516,23,pyrologix,12,116-62,2021,0.0,0.0,0,drone,1,9.489961992702219e-05,4240,0.0046500813764240876,True
GaussianBudget500M_MaxCov,LOOP_2021-CAINF-002421,20210907,19,pyrologix,5,126-80,2021,0.0,0.0,0,drone,1,9.489961992702219e-05,1805,0.0046500813764240876,True
GaussianBudget500M_MaxCov,LOPEZ_2021-CAANF-004215,20211125,14,pyrologix,12,204-75,2021,0.0,0.0,0,drone,1,9.489961992702219e-05,3965,0.0031316874575917325,True
GaussianBudget500M_MaxCov,LOST_2021-CASHF-001199,20210801,15,pyrologix,10,30-53,2021,0.0,0.0,0,drone,1,9.489961992702219e-05,3690,0.0046500813764240876,True
GaussianBudget500M_MaxCov,LOVERS_2021-CASHF-000918,20210622,17,pyrologix,11,46-21,2021,0.0,0.0,1,drone,1,9.489961992702219e-05,4300,0.0046500813764240876,True
GaussianBudget500M_MaxCov,LOWER_2021-CASHF-000451,20210413,22,pyrologix,5,47-42,2021,0.0,0.0,1,drone,1,9.489961992702219e-05,2520,0.0046500813764240876,True
GaussianBudget500M_MaxCov,LOWER_BEAR_2021-CAENF-024077,20210815,7,pyrologix,4,104-59,2021,0.0,0.0,0,drone,1,9.489961992702219e-05,1735,0.0046500813764240876,True
GaussianBudget500M_MaxCov,LOYALTON_2021-CATNF-000705,20210506,22,pyrologix,2,83-68,2021,0.0,0.0,0,drone,1,9.489961992702219e-05,985,0.004365382516643021,True
GaussianBudget500M_MaxCov,LOYALTON_2021-CATNF-001784,20210911,20,pyrologix,3,76-69,2021,0.0,0.0,1,drone,1,9.489961992702219e-05,1715,0.004555181756497065,True
GaussianBudget500M_MaxCov,LUMP_2021-CABDF-012137,20210811,22,pyrologix,4,210-102,2021,0.0,0.0,0,drone,1,9.489961992702219e-05,1580,0.0040806836568619545,True
GaussianBudget500M_MaxCov,LUTHER_PASS_CAMPGROUND_LA_2021-CATMU-016173,20210610,17,pyrologix,4,98-70,2021,0.0,0.0,0,drone,1,9.489961992702219e-05,1620,0.0033214866974457763,True
GaussianBudget500M_MaxCov,LYNX_2021-CAAEU-000722,20210108,12,pyrologix,1,97-56,2021,0.0,0.0,0,drone,1,9.489961992702219e-05,425,0.0034163863173727986,True
GaussianBudget500M_MaxCov,LYONS_2021-CAENF-017823,20210624,19,pyrologix,2,97-63,2021,0.0,0.0,1,drone,1,9.489961992702219e-05,1415,0.0046500813764240876,True
GaussianBudget500M_MaxCov,LYONS_2021-CAENF-020983,20210625,21,pyrologix,9,97-63,2021,0.0,0.0,0,drone,1,9.489961992702219e-05,3385,0.0046500813764240876,True
GaussianBudget500M_MaxCov,LYONS_2021-CASTF-000711,20210513,15,pyrologix,11,112-62,2021,0.0,0.0,0,drone,1,9.489961992702219e-05,4470,0.0046500813764240876,True
GaussianBudget500M_MaxCov,LYTLE_2021-CABDF-001107,20210115,23,pyrologix,12,207-89,2021,0.0,0.0,-1,undetected,1,9.489961992702219e-05,4260,0.004270482896715999,True
GaussianBudget500M_MaxCov,La_Panza_2021-CALPF-001525,20210621,16,pyrologix,11,174-47,2021,0.0,0.0,1,drone,1,9.489961992702219e-05,4335,0.0046500813764240876,True
GaussianBudget500M_MaxCov,Lake_2021-CASRF-000559,20210714,18,pyrologix,5,53-16,2021,0.0,0.0,1,drone,1,9.489961992702219e-05,2160,0.0046500813764240876,True
GaussianBudget500M_MaxCov,Lakeshore_2021-CASHF-000967,20210627,20,pyrologix,7,40-42,2021,0.0,0.0,1,drone,1,9.489961992702219e-05,2810,0.0046500813764240876,True
GaussianBudget500M_MaxCov,Lassic__2021-CASRF-000388,20210611,23,pyrologix,8,46-21,2021,0.0,0.0,4,drone,1,9.489961992702219e-05,4350,0.0046500813764240876,True
GaussianBudget500M_MaxCov,Liberty_2021-CAPNF-000250,20210313,22,pyrologix,3,69-59,2021,0.0,0.0,0,drone,1,9.489961992702219e-05,1080,0.004555181756497065,True
GaussianBudget500M_MaxCov,Linton_2021-CASHF-000611,20210515,18,pyrologix,3,38-36,2021,0.0,0.0,1,drone,1,9.489961992702219e-05,1745,0.004555181756497065,True
GaussianBudget500M_MaxCov,Lion_2021-CAENF-011521,20210429,20,pyrologix,8,90-52,2021,0.0,0.0,0,drone,1,9.489961992702219e-05,3305,0.0046500813764240876,True
GaussianBudget500M_MaxCov,Lizard_2021-CALPF-001965,20210721,23,pyrologix,7,191-47,2021,0.0,0.0,0,drone,1,9.489961992702219e-05,2675,0.004365382516643021,True
GaussianBudget500M_MaxCov,Locker__2021-CAPNF-000924,20210625,21,pyrologix,10,76-62,2021,0.0,0.0,1,drone,1,9.489961992702219e-05,4645,0.0046500813764240876,True
GaussianBudget500M_MaxCov,Logan_2021-CASHF-000606,20210515,12,pyrologix,12,38-29,2021,0.0,0.0,0,drone,1,9.489961992702219e-05,4605,0.0046500813764240876,True
GaussianBudget500M_MaxCov,Lone_Rock_2021-CAPNF-001487,20210806,15,pyrologix,6,62-60,2021,0.0,0.0,1,drone,1,9.489961992702219e-05,2830,0.0046500813764240876,True
GaussianBudget500M_MaxCov,Love_2021-CACNF-001437,20210523,17,pyrologix,12,244-94,2021,0.0,0.0,0,drone,1,9.489961992702219e-05,4300,0.003511285937299821,True
GaussianBudget500M_MaxCov,MADRONE_2021-CALNF-003125,20210613,22,pyrologix,8,53-63,2021,0.0,0.0,0,drone,1,9.489961992702219e-05,3045,0.0046500813764240876,True
GaussianBudget500M_MaxCov,MAPLE_2021-CAMDF-000589,20210623,20,pyrologix,9,34-67,2021,0.0,0.0,1,drone,1,9.489961992702219e-05,3880,0.0046500813764240876,True
GaussianBudget500M_MaxCov,MATTHEWS_2021-CAKNF-003630,20210515,16,pyrologix,6,31-29,2021,0.0,0.0,1,drone,1,9.489961992702219e-05,2780,0.0046500813764240876,True
GaussianBudget500M_MaxCov,MAYVAN_2021-CABDF-011658,20210730,16,pyrologix,12,210-102,2021,0.0,0.0,-1,undetected,1,9.489961992702219e-05,4720,0.0040806836568619545,True
GaussianBudget500M_MaxCov,MCCLOUD_2021-CASKU-005009,20210615,19,pyrologix,3,35-49,2021,0.0,0.0,0,drone,1,9.489961992702219e-05,1140,0.004460282136570043,True
GaussianBudget500M_MaxCov,MCFARLAND_2021-CASHF-001175,20210730,1,pyrologix,1,50-28,2021,0.0,0.0,0,drone,1,9.489961992702219e-05,635,0.0040806836568619545,True
GaussianBudget500M_MaxCov,MCGEE_2021-CAINF-001463,20210629,18,pyrologix,1,125-87,2021,0.0,0.0,1,drone,1,9.489961992702219e-05,860,0.003795984797080888,True
GaussianBudget500M_MaxCov,MCKINNEY_2021-CATMU-027031,20210910,19,pyrologix,3,90-66,2021,0.0,0.0,0,drone,1,9.489961992702219e-05,1280,0.003511285937299821,True
GaussianBudget500M_MaxCov,MEADOW_2021-CAINF-001930,20210729,15,pyrologix,8,125-87,2021,0.0,0.0,0,drone,1,9.489961992702219e-05,3065,0.004175583276788976,True
GaussianBudget500M_MaxCov,MEADOW_2021-CALNF-003054,20210609,21,pyrologix,3,55-49,2021,0.0,0.0,0,drone,1,9.489961992702219e-05,1170,0.0046500813764240876,True
GaussianBudget500M_MaxCov,MEADOW_2021-CATMU-025287,20210826,21,pyrologix,12,98-70,2021,0.0,0.0,0,drone,1,9.489961992702219e-05,4660,0.0033214866974457763,True
GaussianBudget500M_MaxCov,MEADOW_2021-CATNF-001518,20210806,23,pyrologix,5,83-61,2021,0.0,0.0,0,drone,1,9.489961992702219e-05,2020,0.0046500813764240876,True
GaussianBudget500M_MaxCov,MEDIAN_2021-CAINF-000346,20210307,20,pyrologix,11,133-84,2021,0.0,0.0,1,drone,1,9.489961992702219e-05,4760,0.0046500813764240876,True
GaussianBudget500M_MaxCov,MERLE_2021-CAKNF-006606,20210805,11,pyrologix,12,31-29,2021,0.0,0.0,-1,undetected,1,9.489961992702219e-05,4850,0.0046500813764240876,True
GaussianBudget500M_MaxCov,MESA_2021-CABDF-007122,20210425,5,pyrologix,3,207-89,2021,0.0,0.0,0,drone,1,9.489961992702219e-05,1215,0.004270482896715999,True
GaussianBudget500M_MaxCov,MESA_3_2021-CABDF-008767,20210530,11,pyrologix,9,207-89,2021,0.0,0.0,1,drone,1,9.489961992702219e-05,3485,0.004270482896715999,True
GaussianBudget500M_MaxCov,MILE__2021-CAANF-003581,20210922,3,pyrologix,1,204-75,2021,0.0,0.0,1,drone,1,9.489961992702219e-05,750,0.00303678783766471,True
GaussianBudget500M_MaxCov,MILITARY_2021-CAKNF-003533,20210513,6,pyrologix,9,28-46,2021,0.0,0.0,1,drone,1,9.489961992702219e-05,3515,0.0046500813764240876,True
GaussianBudget500M_MaxCov,MILL_2021-CAAEU-022189,20210731,23,pyrologix,3,97-56,2021,0.0,0.0,0,drone,1,9.489961992702219e-05,1105,0.004460282136570043,True
GaussianBudget500M_MaxCov,MILL_2021-CABDF-002317,20210206,20,pyrologix,9,215-95,2021,0.0,0.0,0,drone,1,9.489961992702219e-05,3235,0.003985784036934932,True
GaussianBudget500M_MaxCov,MINARET__2021-CAINF-001798,20210719,15,pyrologix,10,126-80,2021,0.0,0.0,0,drone,1,9.489961992702219e-05,3510,0.0046500813764240876,True
GaussianBudget500M_MaxCov,MINE_2021-CASQF-003078,20210910,15,pyrologix,9,178-78,2021,0.0,0.0,0,drone,1,9.489961992702219e-05,3465,0.0046500813764240876,True
GaussianBudget500M_MaxCov,MINNELUSA__2021-CABDF-011730,20210801,14,pyrologix,2,210-102,2021,0.0,0.0,1,drone,1,9.489961992702219e-05,1105,0.003985784036934932,True
GaussianBudget500M_MaxCov,MITCHELL__2021-CATNF-000742,20210518,0,pyrologix,2,90-59,2021,0.0,0.0,0,drone,1,9.489961992702219e-05,785,0.004555181756497065,True
GaussianBudget500M_MaxCov,MONUMENT_2021-CASHF-001187,20210731,1,pyrologix,1,40-22,2021,0.0,0.0,0,drone,1,9.489961992702219e-05,755,0.0046500813764240876,True
GaussianBudget500M_MaxCov,MOON_2021-CALNF-004555,20210806,23,pyrologix,8,58-56,2021,0.0,0.0,1,drone,1,9.489961992702219e-05,3615,0.0046500813764240876,True
GaussianBudget500M_MaxCov,MORGAN_2021-CAINF-001142,20210608,16,pyrologix,7,133-84,2021,0.0,0.0,0,drone,1,9.489961992702219e-05,2795,0.0046500813764240876,True
GaussianBudget500M_MaxCov,MOSQUITO_2021-CATNF-002030,20211009,3,pyrologix,3,90-59,2021,0.0,0.0,0,drone,1,9.489961992702219e-05,1380,0.004555181756497065,True
GaussianBudget500M_MaxCov,MOSS_2021-CASHF-001323,20210827,17,pyrologix,3,47-42,2021,0.0,0.0,1,drone,1,9.489961992702219e-05,1935,0.0046500813764240876,True
GaussianBudget500M_MaxCov,MOUNTAIN_2021-CAINF-001691,20210712,11,pyrologix,8,129-85,2021,0.0,0.0,0,drone,1,9.489961992702219e-05,3115,0.0046500813764240876,True
GaussianBudget500M_MaxCov,MOUNTAIN__2021-CASQF-001625,20210618,4,pyrologix,11,161-78,2021,0.0,0.0,1,drone,1,9.489961992702219e-05,4425,0.0046500813764240876,True
GaussianBudget500M_MaxCov,MUD_2021-CAENF-018046,20210626,16,pyrologix,8,102-66,2021,0.0,0.0,1,drone,1,9.489961992702219e-05,3165,0.0046500813764240876,True
GaussianBudget500M_MaxCov,MUD_2021-CASTF-001909,20210731,1,pyrologix,3,105-68,2021,0.0,0.0,1,drone,1,9.489961992702219e-05,1590,0.0046500813764240876,True
GaussianBudget500M_MaxCov,MULCH_2021-CAANF-003822,20211015,22,pyrologix,4,198-72,2021,0.0,0.0,0,drone,1,9.489961992702219e-05,1500,0.004555181756497065,True
GaussianBudget500M_MaxCov,MULE_2021-CAENF-019073,20210704,10,pyrologix,12,102-66,2021,0.0,0.0,0,drone,1,9.489961992702219e-05,4340,0.0046500813764240876,True
GaussianBudget500M_MaxCov,MURPHY_2021-CAKNF-003632,20210515,16,pyrologix,7,31-29,2021,0.0,0.0,0,drone,1,9.489961992702219e-05,2985,0.0046500813764240876,True
GaussianBudget500M_MaxCov,MUSIC_2021-CAKNF-006377,20210731,22,pyrologix,7,31-29,2021,0.0,0.0,0,drone,1,9.489961992702219e-05,3130,0.0046500813764240876,True
GaussianBudget500M_MaxCov,MUSSER_2021-CASHU-004517,20210509,19,pyrologix,12,43-28,2021,0.0,0.0,-1,undetected,1,9.489961992702219e-05,5030,0.0046500813764240876,True
GaussianBudget500M_MaxCov,Maddalena_2021-CAPNF-000902,20210623,18,pyrologix,11,76-69,2021,0.0,0.0,1,drone,1,9.489961992702219e-05,4300,0.0046500813764240876,True
GaussianBudget500M_MaxCov,Marcos_2021-CALPF-000739,20210406,11,pyrologix,5,191-47,2021,0.0,0.0,1,drone,1,9.489961992702219e-05,2555,0.004365382516643021,True
GaussianBudget500M_MaxCov,Marie_2021-CASHF-000793,20210605,17,pyrologix,5,53-23,2021,0.0,0.0,0,drone,1,9.489961992702219e-05,1990,0.0046500813764240876,True
GaussianBudget500M_MaxCov,Mayfair_2021-CASRF-000613,20210724,18,pyrologix,9,34-22,2021,0.0,0.0,0,drone,1,9.489961992702219e-05,3360,0.0046500813764240876,True
GaussianBudget500M_MaxCov,Maynard_2021-CASRF-000232,20210422,10,pyrologix,9,46-21,2021,0.0,0.0,2,drone,1,9.489961992702219e-05,3920,0.0046500813764240876,True
GaussianBudget500M_MaxCov,McCash_2021-CASRF-000651,20210801,0,pyrologix,5,22-25,2021,0.0,0.0,0,drone,1,9.489961992702219e-05,2265,0.0046500813764240876,True
GaussianBudget500M_MaxCov,McCellan_2021-CAPNF-001054,20210703,20,pyrologix,10,69-66,2021,0.0,0.0,0,drone,1,9.489961992702219e-05,3450,0.0046500813764240876,True
GaussianBudget500M_MaxCov,McCoy_2021-CACNF-001062,20210411,12,pyrologix,9,238-102,2021,0.0,0.0,1,drone,1,9.489961992702219e-05,3645,0.004365382516643021,True
GaussianBudget500M_MaxCov,Meadow_2021-CACNF-000100,20210110,22,pyrologix,2,223-87,2021,0.0,0.0,0,drone,1,9.489961992702219e-05,930,0.004175583276788976,True
GaussianBudget500M_MaxCov,Meadow_2021-CAPNF-000400,20210409,22,pyrologix,7,70-52,2021,0.0,0.0,1,drone,1,9.489961992702219e-05,2815,0.0046500813764240876,True
GaussianBudget500M_MaxCov,Meadow_2_2021-CACNF-003026,20210924,17,pyrologix,9,238-102,2021,0.0,0.0,1,drone,1,9.489961992702219e-05,3475,0.004365382516643021,True
GaussianBudget500M_MaxCov,Mission_2021-CAPNF-000965,20210628,9,pyrologix,11,62-60,2021,0.0,0.0,0,drone,1,9.489961992702219e-05,4180,0.0046500813764240876,True
GaussianBudget500M_MaxCov,Moccasin_2021-CAANF-003415,20210910,14,pyrologix,5,207-82,2021,0.0,0.0,1,drone,1,9.489961992702219e-05,2115,0.0037010851771538656,True
GaussianBudget500M_MaxCov,Montgomery_2021-CAPNF-000441,20210416,18,pyrologix,11,69-59,2021,0.0,0.0,0,drone,1,9.489961992702219e-05,3815,0.0046500813764240876,True
GaussianBudget500M_MaxCov,NABLE__2021-CAMDF-001190,20210806,11,pyrologix,11,39-63,2021,0.0,0.0,1,drone,1,9.489961992702219e-05,4130,0.0046500813764240876,True
GaussianBudget500M_MaxCov,NAUFUS_2021-CASHF-001225,20210805,19,pyrologix,11,46-21,2021,0.0,0.0,1,drone,1,9.489961992702219e-05,4300,0.0046500813764240876,True
GaussianBudget500M_MaxCov,NELSON_2021-CASQF-000721,20210412,20,pyrologix,1,161-78,2021,0.0,0.0,0,drone,1,9.489961992702219e-05,700,0.004460282136570043,True
GaussianBudget500M_MaxCov,NEWTON_2021-CAPNF-000695,20210529,14,pyrologix,11,69-59,2021,0.0,0.0,1,drone,1,9.489961992702219e-05,4155,0.0046500813764240876,True
GaussianBudget500M_MaxCov,NICK_2021-CASNF-000727,20210630,9,pyrologix,12,143-80,2021,0.0,0.0,0,drone,1,9.489961992702219e-05,4125,0.0046500813764240876,True
GaussianBudget500M_MaxCov,NILES_2021-CAMDF-001134,20210803,17,pyrologix,10,39-63,2021,0.0,0.0,0,drone,1,9.489961992702219e-05,3400,0.0046500813764240876,True
GaussianBudget500M_MaxCov,NOBE_2021-CASQF-003064,20210910,23,pyrologix,9,164-76,2021,0.0,0.0,2,drone,1,9.489961992702219e-05,3735,0.0046500813764240876,True
GaussianBudget500M_MaxCov,NORTH_2021-CAENF-019850,20210710,19,pyrologix,7,97-63,2021,0.0,0.0,1,drone,1,9.489961992702219e-05,3065,0.0046500813764240876,True
GaussianBudget500M_MaxCov,NORTH_2021-CASTF-001928,20210731,19,pyrologix,8,116-62,2021,0.0,0.0,1,drone,1,9.489961992702219e-05,3500,0.0046500813764240876,True
GaussianBudget500M_MaxCov,Noble_2021-CACNF-002533,20210804,13,pyrologix,9,244-99,2021,0.0,0.0,0,drone,1,9.489961992702219e-05,3440,0.0046500813764240876,True
GaussianBudget500M_MaxCov,Norse_2021-CASRF-000212,20210418,19,pyrologix,11,46-21,2021,0.0,0.0,0,drone,1,9.489961992702219e-05,3830,0.0046500813764240876,True
GaussianBudget500M_MaxCov,North_2021-CACNF-000071,20210108,18,pyrologix,12,218-89,2021,0.0,0.0,-1,undetected,1,9.489961992702219e-05,4460,0.0036061855572268433,True
GaussianBudget500M_MaxCov,North_2021-CASHF-000607,20210515,12,pyrologix,12,38-29,2021,0.0,0.0,0,drone,1,9.489961992702219e-05,4605,0.0046500813764240876,True
GaussianBudget500M_MaxCov,North_Star_2021-CAPNF-000377,20210405,17,pyrologix,5,76-55,2021,0.0,0.0,0,drone,1,9.489961992702219e-05,1765,0.0046500813764240876,True
GaussianBudget500M_MaxCov,Nye_2021-CAPNF-001371,20210730,14,pyrologix,6,69-59,2021,0.0,0.0,1,drone,1,9.489961992702219e-05,2545,0.0046500813764240876,True
GaussianBudget500M_MaxCov,OAKS_2021-CASHF-001509,20211019,8,pyrologix,7,40-42,2021,0.0,0.0,3,drone,1,9.489961992702219e-05,3575,0.0046500813764240876,True
GaussianBudget500M_MaxCov,OAK_2021-CABDF-001348,20210118,16,pyrologix,9,207-89,2021,0.0,0.0,1,drone,1,9.489961992702219e-05,3485,0.004270482896715999,True
GaussianBudget500M_MaxCov,OAK_2021-CASQF-000758,20210418,1,pyrologix,8,179-71,2021,0.0,0.0,0,drone,1,9.489961992702219e-05,3005,0.004365382516643021,True
GaussianBudget500M_MaxCov,OAK__2021-CAANF-001412,20210506,21,pyrologix,2,198-72,2021,0.0,0.0,1,drone,1,9.489961992702219e-05,1320,0.004555181756497065,True
GaussianBudget500M_MaxCov,OBSIDIAN__2021-CAINF-001432,20210628,18,pyrologix,9,126-80,2021,0.0,0.0,0,drone,1,9.489961992702219e-05,3250,0.0046500813764240876,True
GaussianBudget500M_MaxCov,OLD_MILL_2021-CABDF-010709,20210709,18,pyrologix,12,208-96,2021,0.0,0.0,-1,undetected,1,9.489961992702219e-05,5475,0.004365382516643021,True
GaussianBudget500M_MaxCov,ONION_2021-CAENF-023526,20210810,19,pyrologix,3,97-56,2021,0.0,0.0,0,drone,1,9.489961992702219e-05,1170,0.004555181756497065,True
GaussianBudget500M_MaxCov,ONION_2021-CAINF-000521,20210408,21,pyrologix,7,147-84,2021,0.0,0.0,0,drone,1,9.489961992702219e-05,2660,0.0046500813764240876,True
GaussianBudget500M_MaxCov,ONION__2021-CASNF-001241,20210813,14,pyrologix,1,133-77,2021,0.0,0.0,1,drone,1,9.489961992702219e-05,1025,0.0046500813764240876,True
GaussianBudget500M_MaxCov,ORR_2021-CAKNF-003594,20210514,21,pyrologix,6,30-53,2021,0.0,0.0,3,drone,1,9.489961992702219e-05,3380,0.0046500813764240876,True
GaussianBudget500M_MaxCov,OSITO__2021-CAANF-002108,20210619,22,pyrologix,3,198-72,2021,0.0,0.0,0,drone,1,9.489961992702219e-05,1280,0.004555181756497065,True
GaussianBudget500M_MaxCov,Oak_2021-CASRF-000414,20210619,3,pyrologix,6,27-23,2021,0.0,0.0,0,drone,1,9.489961992702219e-05,2270,0.0046500813764240876,True
GaussianBudget500M_MaxCov,Oaks_2021-CACNF-001438,20210523,20,pyrologix,7,244-99,2021,0.0,0.0,0,drone,1,9.489961992702219e-05,2775,0.0046500813764240876,True
GaussianBudget500M_MaxCov,Observatory_2021-CACNF-002912,20210910,21,pyrologix,8,231-95,2021,0.0,0.0,2,drone,1,9.489961992702219e-05,3595,0.004555181756497065,True
GaussianBudget500M_MaxCov,Old_2021-CATNF-001554,20210809,19,pyrologix,4,83-61,2021,0.0,0.0,0,drone,1,9.489961992702219e-05,1620,0.004555181756497065,True
GaussianBudget500M_MaxCov,Ortega_2021-CACNF-001160,20210420,19,pyrologix,3,223-87,2021,0.0,0.0,0,drone,1,9.489961992702219e-05,1185,0.004365382516643021,True
GaussianBudget500M_MaxCov,Owl_2021-CASRF-000784,20210828,0,pyrologix,12,27-23,2021,0.0,0.0,2,drone,1,9.489961992702219e-05,5125,0.0046500813764240876,True
GaussianBudget500M_MaxCov,Ozena_2021-CALPF-002505,20210909,13,pyrologix,1,191-61,2021,0.0,0.0,1,drone,1,9.489961992702219e-05,995,0.004555181756497065,True
GaussianBudget500M_MaxCov,PACKERS_2021-CAKNF-006473,20210801,21,pyrologix,4,38-29,2021,0.0,0.0,0,drone,1,9.489961992702219e-05,1810,0.0046500813764240876,True
GaussianBudget500M_MaxCov,PANORAMA_2021-CABDF-014946,20211015,1,pyrologix,8,208-96,2021,0.0,0.0,0,drone,1,9.489961992702219e-05,3290,0.004365382516643021,True
GaussianBudget500M_MaxCov,PAN_2021-CALNF-003077,20210610,17,pyrologix,10,55-49,2021,0.0,0.0,0,drone,1,9.489961992702219e-05,3840,0.0046500813764240876,True
GaussianBudget500M_MaxCov,PARADISE__2021-CATNF-001270,20210705,20,pyrologix,2,83-61,2021,0.0,0.0,0,drone,1,9.489961992702219e-05,885,0.004365382516643021,True
GaussianBudget500M_MaxCov,PARADISE___2021-CASTF-001743,20210720,16,pyrologix,2,105-68,2021,0.0,0.0,0,drone,1,9.489961992702219e-05,895,0.004365382516643021,True
GaussianBudget500M_MaxCov,PASS_2021-CAINF-001475,20210630,12,pyrologix,9,126-80,2021,0.0,0.0,1,drone,1,9.489961992702219e-05,3545,0.0046500813764240876,True
GaussianBudget500M_MaxCov,PASS_2021-CASTF-001445,20210704,15,pyrologix,12,111-69,2021,0.0,0.0,0,drone,1,9.489961992702219e-05,4665,0.0046500813764240876,True
GaussianBudget500M_MaxCov,PASS_HLRD_2021-CASQF-002362,20210719,18,pyrologix,8,147-77,2021,0.0,0.0,0,drone,1,9.489961992702219e-05,2905,0.0046500813764240876,True
GaussianBudget500M_MaxCov,PEACOCK_2021-CAANF-001208,20210419,18,pyrologix,12,207-82,2021,0.0,0.0,-1,undetected,1,9.489961992702219e-05,4380,0.0037010851771538656,True
GaussianBudget500M_MaxCov,PEAK_2021-CAANF-002287,20210629,15,pyrologix,7,198-72,2021,0.0,0.0,3,drone,1,9.489961992702219e-05,3505,0.004555181756497065,True
GaussianBudget500M_MaxCov,PEAK_2021-CABDF-010128,20210628,17,pyrologix,1,208-96,2021,0.0,0.0,0,drone,1,9.489961992702219e-05,470,0.003226587077518755,True
GaussianBudget500M_MaxCov,PENDOLA_2021-CATNF-000411,20210324,11,pyrologix,12,76-55,2021,0.0,0.0,0,drone,1,9.489961992702219e-05,4175,0.0046500813764240876,True
GaussianBudget500M_MaxCov,PEPPERMINT_2021-CASQF-003067,20210910,4,pyrologix,5,161-78,2021,0.0,0.0,0,drone,1,9.489961992702219e-05,2115,0.0046500813764240876,True
GaussianBudget500M_MaxCov,PHILBROOK_2021-CALNF-003328,20210621,16,pyrologix,4,none,2021,0.0,0.0,0,ground sensor,1,9.489961992702219e-05,0,0.0,False
GaussianBudget500M_MaxCov,PICNIC_2021-CAANF-004289,20211204,11,pyrologix,9,204-86,2021,0.0,0.0,0,drone,1,9.489961992702219e-05,3220,0.003985784036934932,True
GaussianBudget500M_MaxCov,PIGEON_2021-CABDF-014022,20210924,19,pyrologix,1,227-109,2021,0.0,0.0,1,drone,1,9.489961992702219e-05,1120,0.004175583276788976,True
GaussianBudget500M_MaxCov,PIGEON_2021-CASHF-000932,20210623,23,pyrologix,1,43-28,2021,0.0,0.0,0,drone,1,9.489961992702219e-05,620,0.004175583276788976,True
GaussianBudget500M_MaxCov,PIGEON__2021-CAANF-003180,20210827,22,pyrologix,5,204-86,2021,0.0,0.0,0,drone,1,9.489961992702219e-05,2075,0.003985784036934932,True
GaussianBudget500M_MaxCov,PINE_2021-CAANF-001466,20210512,17,pyrologix,8,204-86,2021,0.0,0.0,0,drone,1,9.489961992702219e-05,2845,0.003985784036934932,True
GaussianBudget500M_MaxCov,PINE_2021-CAINF-001607,20210707,17,pyrologix,10,136-83,2021,0.0,0.0,0,drone,1,9.489961992702219e-05,3725,0.0046500813764240876,True
GaussianBudget500M_MaxCov,PINE_2021-CALNF-004553,20210806,1,pyrologix,3,58-56,2021,0.0,0.0,1,drone,1,9.489961992702219e-05,1610,0.0046500813764240876,True
GaussianBudget500M_MaxCov,PINE_2021-CALPF-002462,20210904,13,pyrologix,9,191-61,2021,0.0,0.0,1,drone,1,9.489961992702219e-05,3830,0.0046500813764240876,True
GaussianBudget500M_MaxCov,PINE_2021-CATNF-001262,20210705,3,pyrologix,4,90-52,2021,0.0,0.0,1,drone,1,9.489961992702219e-05,2005,0.0046500813764240876,True
GaussianBudget500M_MaxCov,PIONEER_2021-CASTF-000554,20210415,16,pyrologix,4,112-62,2021,0.0,0.0,1,drone,1,9.489961992702219e-05,2360,0.0046500813764240876,True
GaussianBudget500M_MaxCov,PIPI_2021-CAENF-015623,20210605,12,pyrologix,11,104-59,2021,0.0,0.0,1,drone,1,9.489961992702219e-05,4600,0.0046500813764240876,True
GaussianBudget500M_MaxCov,PIT_2021-CAMDF-000255,20210415,17,pyrologix,8,39-63,2021,0.0,0.0,0,drone,1,9.489961992702219e-05,2755,0.0046500813764240876,True
GaussianBudget500M_MaxCov,PLACERITA__2021-CAANF-002048,20210616,16,pyrologix,3,204-75,2021,0.0,0.0,0,drone,1,9.489961992702219e-05,1085,0.0031316874575917325,True
GaussianBudget500M_MaxCov,PLIOCENE_2021-CATNF-000516,20210406,19,pyrologix,5,83-54,2021,0.0,0.0,0,drone,1,9.489961992702219e-05,1680,0.0046500813764240876,True
GaussianBudget500M_MaxCov,PLUM_2021-CASHF-001218,20210804,4,pyrologix,10,46-21,2021,0.0,0.0,0,drone,1,9.489961992702219e-05,3675,0.0046500813764240876,True
GaussianBudget500M_MaxCov,POINTS_2021-CAANF-003416,20210910,11,pyrologix,12,207-82,2021,0.0,0.0,0,drone,1,9.489961992702219e-05,4150,0.0037010851771538656,True
GaussianBudget500M_MaxCov,PONDEROSA_2021-CAMMU-015418,20210720,17,pyrologix,3,123-58,2021,0.0,0.0,0,drone,1,9.489961992702219e-05,1490,0.004555181756497065,True
GaussianBudget500M_MaxCov,PONDEROSA_2021-CASQF-000955,20210508,19,pyrologix,4,171-80,2021,0.0,0.0,1,drone,1,9.489961992702219e-05,1860,0.0046500813764240876,True
GaussianBudget500M_MaxCov,PONY_2021-CABDF-010399,20210703,22,pyrologix,1,224-102,2021,0.0,0.0,0,drone,1,9.489961992702219e-05,510,0.0034163863173727986,True
GaussianBudget500M_MaxCov,POPCORN_2021-CASHF-001325,20210827,18,pyrologix,12,40-42,2021,0.0,0.0,0,drone,1,9.489961992702219e-05,4185,0.0046500813764240876,True
GaussianBudget500M_MaxCov,POPE_2021-CATMU-015108,20210601,13,pyrologix,9,98-70,2021,0.0,0.0,0,drone,1,9.489961992702219e-05,3375,0.0033214866974457763,True
GaussianBudget500M_MaxCov,PORTAL_2021-CAINF-001066,20210603,22,pyrologix,6,126-80,2021,0.0,0.0,1,drone,1,9.489961992702219e-05,2465,0.0046500813764240876,True
GaussianBudget500M_MaxCov,PORTAL_2021-CASNF-000806,20210704,14,pyrologix,8,136-76,2021,0.0,0.0,1,drone,1,9.489961992702219e-05,3165,0.0046500813764240876,True
GaussianBudget500M_MaxCov,POSEY_2021-CAANF-002846,20210731,18,pyrologix,7,192-68,2021,0.0,0.0,1,drone,1,9.489961992702219e-05,3050,0.0046500813764240876,True
GaussianBudget500M_MaxCov,POST_2021-CASHF-000513,20210428,20,pyrologix,4,46-21,2021,0.0,0.0,0,drone,1,9.489961992702219e-05,1460,0.004555181756497065,True
GaussianBudget500M_MaxCov,POTTERS_2021-CAMDF-000384,20210517,22,pyrologix,4,32-60,2021,0.0,0.0,1,drone,1,9.489961992702219e-05,1905,0.0046500813764240876,True
GaussianBudget500M_MaxCov,POTTER_2021-CASNF-000401,20210527,16,pyrologix,6,136-76,2021,0.0,0.0,1,drone,1,9.489961992702219e-05,2765,0.0046500813764240876,True
GaussianBudget500M_MaxCov,POWERLINE_2021-CABDF-009313,20210610,17,pyrologix,1,217-101,2021,0.0,0.0,0,drone,1,9.489961992702219e-05,530,0.00389088441700791,True
GaussianBudget500M_MaxCov,POWER_2021-CASQF-003044,20210908,17,pyrologix,4,161-78,2021,0.0,0.0,0,drone,1,9.489961992702219e-05,1730,0.0046500813764240876,True
GaussianBudget500M_MaxCov,PREACHER_2021-CAKNF-006498,20210802,17,pyrologix,1,38-29,2021,0.0,0.0,2,drone,1,9.489961992702219e-05,1465,0.0046500813764240876,True
GaussianBudget500M_MaxCov,PRICE_2021-CAENF-027137,20210911,14,pyrologix,7,97-63,2021,0.0,0.0,0,drone,1,9.489961992702219e-05,2675,0.0046500813764240876,True
GaussianBudget500M_MaxCov,PYRAMID_2021-CAANF-003988,20211101,19,pyrologix,10,192-68,2021,0.0,0.0,0,drone,1,9.489961992702219e-05,3420,0.0046500813764240876,True
GaussianBudget500M_MaxCov,Palomar_2021-CACNF-003021,20210924,14,pyrologix,12,231-95,2021,0.0,0.0,1,drone,1,9.489961992702219e-05,4685,0.004555181756497065,True
GaussianBudget500M_MaxCov,Panel_2021-CALPF-003205,20211218,14,pyrologix,7,194-54,2021,0.0,0.0,1,drone,1,9.489961992702219e-05,3210,0.004175583276788976,True
GaussianBudget500M_MaxCov,Patrick_2021-CASRF-000865,20210914,12,pyrologix,5,13-19,2021,0.0,0.0,1,drone,1,9.489961992702219e-05,2415,0.003985784036934932,True
GaussianBudget500M_MaxCov,Peak_2021-CALPF-002468,20210905,22,pyrologix,4,188-45,2021,0.0,0.0,1,drone,1,9.489961992702219e-05,1995,0.0046500813764240876,True
GaussianBudget500M_MaxCov,Pelletreau_2021-CASHF-000621,20210516,0,pyrologix,4,46-21,2021,0.0,0.0,1,drone,1,9.489961992702219e-05,2010,0.004555181756497065,True
GaussianBudget500M_MaxCov,Penman_2021-CAPNF-001365,20210730,0,pyrologix,7,76-62,2021,0.0,0.0,0,drone,1,9.489961992702219e-05,2755,0.0046500813764240876,True
GaussianBudget500M_MaxCov,Penney_2021-CASHF-000836,20210610,14,pyrologix,7,53-23,2021,0.0,0.0,0,drone,1,9.489961992702219e-05,3015,0.0046500813764240876,True
GaussianBudget500M_MaxCov,Pilgrim_2021-CASHF-000660,20210521,18,pyrologix,11,35-49,2021,0.0,0.0,1,drone,1,9.489961992702219e-05,4285,0.0046500813764240876,True
GaussianBudget500M_MaxCov,Pine_2021-CACNF-002256,20210717,2,pyrologix,6,238-102,2021,0.0,0.0,2,drone,1,9.489961992702219e-05,2790,0.004365382516643021,True
GaussianBudget500M_MaxCov,Plummer_2021-CASHF-000665,20210522,16,pyrologix,6,46-21,2021,0.0,0.0,0,drone,1,9.489961992702219e-05,2100,0.004555181756497065,True
GaussianBudget500M_MaxCov,Pond_2021-CASHF-001598,20211130,21,pyrologix,4,40-42,2021,0.0,0.0,1,drone,1,9.489961992702219e-05,1930,0.0046500813764240876,True
GaussianBudget500M_MaxCov,Porter_2021-CAPNF-000626,20210516,18,pyrologix,10,69-72,2021,0.0,0.0,0,drone,1,9.489961992702219e-05,3260,0.00389088441700791,True
GaussianBudget500M_MaxCov,Portola__2021-CAPNF-000856,20210618,20,pyrologix,5,76-62,2021,0.0,0.0,1,drone,1,9.489961992702219e-05,2370,0.0046500813764240876,True
GaussianBudget500M_MaxCov,Posta_2021-CACNF-003171,20211015,22,pyrologix,3,245-106,2021,0.0,0.0,2,drone,1,9.489961992702219e-05,1760,0.003226587077518755,True
GaussianBudget500M_MaxCov,Purdy_2021-CAPNF-000050,20210121,19,pyrologix,10,69-59,2021,0.0,0.0,0,drone,1,9.489961992702219e-05,3435,0.0046500813764240876,True
GaussianBudget500M_MaxCov,QUAIL_2021-CAANF-003149,20210823,9,pyrologix,8,192-68,2021,0.0,0.0,0,drone,1,9.489961992702219e-05,2840,0.0046500813764240876,True
GaussianBudget500M_MaxCov,QUAIL_2021-CALPF-003060,20211122,19,pyrologix,2,171-37,2021,0.0,0.0,0,drone,1,9.489961992702219e-05,890,0.004175583276788976,True
GaussianBudget500M_MaxCov,RADFORD_2021-CABDF-014855,20211012,15,pyrologix,5,210-102,2021,0.0,0.0,0,drone,1,9.489961992702219e-05,2000,0.0040806836568619545,True
GaussianBudget500M_MaxCov,RAILROAD_2021-CABDF-012858,20210829,19,pyrologix,2,207-89,2021,0.0,0.0,1,drone,1,9.489961992702219e-05,1215,0.004270482896715999,True
GaussianBudget500M_MaxCov,RAINBOW__2021-CAINF-002574,20210920,18,pyrologix,9,126-80,2021,0.0,0.0,3,drone,1,9.489961992702219e-05,4110,0.0046500813764240876,True
GaussianBudget500M_MaxCov,RAMP_2021-CATNF-000944,20210609,22,pyrologix,6,83-61,2021,0.0,0.0,2,drone,1,9.489961992702219e-05,2700,0.0046500813764240876,True
GaussianBudget500M_MaxCov,RAMSEY_2021-CAENF-020301,20210714,7,pyrologix,2,90-59,2021,0.0,0.0,1,drone,1,9.489961992702219e-05,1295,0.004555181756497065,True
GaussianBudget500M_MaxCov,RANCHARIA_2021-CAINF-001439,20210628,22,pyrologix,3,119-77,2021,0.0,0.0,0,drone,1,9.489961992702219e-05,1310,0.004270482896715999,True
GaussianBudget500M_MaxCov,RANCH_2021-CAANF-002218,20210626,15,pyrologix,6,198-72,2021,0.0,0.0,0,drone,1,9.489961992702219e-05,2245,0.004555181756497065,True
GaussianBudget500M_MaxCov,RANCH_2021-CASHF-001014,20210705,14,pyrologix,3,40-22,2021,0.0,0.0,1,drone,1,9.489961992702219e-05,1790,0.0046500813764240876,True
GaussianBudget500M_MaxCov,RANCH_2021-CASQF-002268,20210715,18,pyrologix,9,164-76,2021,0.0,0.0,0,drone,1,9.489961992702219e-05,3100,0.0046500813764240876,True
GaussianBudget500M_MaxCov,RANGE_2021-CAANF-001989,20210613,10,pyrologix,12,204-75,2021,0.0,0.0,0,drone,1,9.489961992702219e-05,3965,0.0031316874575917325,True
GaussianBudget500M_MaxCov,RAPTOR_2021-CABDF-012984,20210901,17,pyrologix,6,224-102,2021,0.0,0.0,0,drone,1,9.489961992702219e-05,2250,0.004460282136570043,True
GaussianBudget500M_MaxCov,RAYS_2021-CAENF-013393,20210517,19,pyrologix,5,97-63,2021,0.0,0.0,1,drone,1,9.489961992702219e-05,2280,0.0046500813764240876,True
GaussianBudget500M_MaxCov,REBEL__2021-CABDF-011588,20210728,18,pyrologix,3,224-102,2021,0.0,0.0,1,drone,1,9.489961992702219e-05,1665,0.004460282136570043,True
GaussianBudget500M_MaxCov,REDHILL_2021-CATNF-000474,20210401,23,pyrologix,9,83-54,2021,0.0,0.0,3,drone,1,9.489961992702219e-05,4120,0.0046500813764240876,True
GaussianBudget500M_MaxCov,RED_2021-CAINF-001804,20210720,1,pyrologix,4,126-80,2021,0.0,0.0,0,drone,1,9.489961992702219e-05,1560,0.004555181756497065,True
GaussianBudget500M_MaxCov,RED_2021-CASTF-001281,20210625,21,pyrologix,1,111-69,2021,0.0,0.0,0,drone,1,9.489961992702219e-05,425,0.003511285937299821,True
GaussianBudget500M_MaxCov,RED_2021-CATNF-001084,20210624,16,pyrologix,9,90-59,2021,0.0,0.0,1,drone,1,9.489961992702219e-05,3820,0.0046500813764240876,True
GaussianBudget500M_MaxCov,REFUGE_2021-CAMDF-000609,20210624,17,pyrologix,11,36-74,2021,0.0,0.0,0,drone,1,9.489961992702219e-05,3785,0.0046500813764240876,True
GaussianBudget500M_MaxCov,REMINGTON_2021-CASQF-001028,20210515,23,pyrologix,2,178-78,2021,0.0,0.0,0,drone,1,9.489961992702219e-05,825,0.004555181756497065,True
GaussianBudget500M_MaxCov,RESORT_2_2021-CALNF-003218,20210617,1,pyrologix,4,55-49,2021,0.0,0.0,0,drone,1,9.489961992702219e-05,1610,0.0046500813764240876,True
GaussianBudget500M_MaxCov,RICE_2021-CAMDF-001543,20210816,9,pyrologix,12,39-63,2021,0.0,0.0,-1,undetected,1,9.489961992702219e-05,4350,0.0046500813764240876,True
GaussianBudget500M_MaxCov,RICOCHET_2021-CABDF-011909,20210804,21,pyrologix,4,224-102,2021,0.0,0.0,0,drone,1,9.489961992702219e-05,1665,0.004460282136570043,True
GaussianBudget500M_MaxCov,RIDGE_2021-CAANF-001918,20210609,11,pyrologix,12,198-72,2021,0.0,0.0,0,drone,1,9.489961992702219e-05,4185,0.004555181756497065,True
GaussianBudget500M_MaxCov,RIDGE_2021-CASTF-001870,20210730,0,pyrologix,1,112-62,2021,0.0,0.0,1,drone,1,9.489961992702219e-05,1295,0.0046500813764240876,True
GaussianBudget500M_MaxCov,RIDLEY_2021-CABDF-016992,20211115,20,pyrologix,2,204-86,2021,0.0,0.0,0,drone,1,9.489961992702219e-05,830,0.00389088441700791,True
GaussianBudget500M_MaxCov,RIMROCK_2021-CAMDF-001187,20210805,22,pyrologix,4,32-60,2021,0.0,0.0,1,drone,1,9.489961992702219e-05,2000,0.0046500813764240876,True
GaussianBudget500M_MaxCov,RIM_2021-CALNF-003307,20210620,23,pyrologix,1,51-56,2021,0.0,0.0,0,drone,1,9.489961992702219e-05,675,0.004270482896715999,True
GaussianBudget500M_MaxCov,RIVER_2021-CASQF-001125,20210526,4,pyrologix,9,171-80,2021,0.0,0.0,0,drone,1,9.489961992702219e-05,3190,0.0046500813764240876,True
GaussianBudget500M_MaxCov,ROADSIDE_2021-CABDF-012814,20210828,17,pyrologix,3,207-89,2021,0.0,0.0,0,drone,1,9.489961992702219e-05,1175,0.004270482896715999,True
GaussianBudget500M_MaxCov,ROAD_2021-CASHF-001214,20210803,10,pyrologix,11,46-21,2021,0.0,0.0,1,drone,1,9.489961992702219e-05,4350,0.0046500813764240876,True
GaussianBudget500M_MaxCov,ROBINSON__2021-CAINF-000607,20210418,11,pyrologix,10,150-85,2021,0.0,0.0,0,drone,1,9.489961992702219e-05,3860,0.0046500813764240876,True
GaussianBudget500M_MaxCov,ROCKHOUSE_2021-CASQF-003073,20210910,16,pyrologix,3,171-87,2021,0.0,0.0,1,drone,1,9.489961992702219e-05,1530,0.004175583276788976,True
GaussianBudget500M_MaxCov,ROCK_HLRD_2021-CASQF-002359,20210719,16,pyrologix,7,147-77,2021,0.0,0.0,0,drone,1,9.489961992702219e-05,2755,0.0046500813764240876,True
GaussianBudget500M_MaxCov,ROGUE_2021-CABDF-011274,20210721,18,pyrologix,3,217-101,2021,0.0,0.0,0,drone,1,9.489961992702219e-05,1350,0.004460282136570043,True
GaussianBudget500M_MaxCov,ROSS_2021-CASNF-001315,20210820,12,pyrologix,9,143-73,2021,0.0,0.0,0,drone,1,9.489961992702219e-05,3290,0.0046500813764240876,True
GaussianBudget500M_MaxCov,ROUGH_2021-CAANF-002949,20210808,20,pyrologix,9,199-79,2021,0.0,0.0,0,drone,1,9.489961992702219e-05,2940,0.0034163863173727986,True
GaussianBudget500M_MaxCov,ROUND_2021-CAMDF-000607,20210624,17,pyrologix,3,37-56,2021,0.0,0.0,0,drone,1,9.489961992702219e-05,1380,0.0046500813764240876,True
GaussianBudget500M_MaxCov,ROUTE_2021-CAANF-003438,20210911,17,pyrologix,12,198-72,2021,0.0,0.0,0,drone,1,9.489961992702219e-05,4115,0.004555181756497065,True
GaussianBudget500M_MaxCov,ROWHER_2021-CAANF-001058,20210405,22,pyrologix,4,198-72,2021,0.0,0.0,0,drone,1,9.489961992702219e-05,1500,0.004555181756497065,True
GaussianBudget500M_MaxCov,ROYAL_2021-CATNF-001107,20210626,17,pyrologix,4,90-59,2021,0.0,0.0,0,drone,1,9.489961992702219e-05,1635,0.0046500813764240876,True
GaussianBudget500M_MaxCov,RUBICON_2021-CATMU-019083,20210704,12,pyrologix,12,97-63,2021,0.0,0.0,0,drone,1,9.489961992702219e-05,4705,0.0046500813764240876,True
GaussianBudget500M_MaxCov,RUBY__2021-CASTF-002137,20210814,22,pyrologix,9,112-62,2021,0.0,0.0,0,drone,1,9.489961992702219e-05,3765,0.0046500813764240876,True
GaussianBudget500M_MaxCov,RUFFEY_2021-CAKNF-006367,20210730,18,pyrologix,11,31-36,2021,0.0,0.0,0,drone,1,9.489961992702219e-05,4240,0.0046500813764240876,True
GaussianBudget500M_MaxCov,RUSH_2021-CASHF-001172,20210730,21,pyrologix,7,38-29,2021,0.0,0.0,2,drone,1,9.489961992702219e-05,3430,0.0046500813764240876,True
GaussianBudget500M_MaxCov,RUSH_CREEK_DR___HWY_3_2021-CASHU-006097,20210618,17,pyrologix,1,43-28,2021,0.0,0.0,1,drone,1,9.489961992702219e-05,890,0.004365382516643021,True
GaussianBudget500M_MaxCov,RUSSIAN_2021-CAKNF-005038,20210625,15,pyrologix,2,31-29,2021,0.0,0.0,0,drone,1,9.489961992702219e-05,995,0.0046500813764240876,True
GaussianBudget500M_MaxCov,Rancho_2021-CACNF-001351,20210515,19,pyrologix,2,231-95,2021,0.0,0.0,0,drone,1,9.489961992702219e-05,950,0.004270482896715999,True
GaussianBudget500M_MaxCov,Range_2021-CACNF-000230,20210122,15,pyrologix,4,223-87,2021,0.0,0.0,0,drone,1,9.489961992702219e-05,1570,0.004460282136570043,True
GaussianBudget500M_MaxCov,Red_2021-CAPNF-001226,20210718,21,pyrologix,4,69-59,2021,0.0,0.0,0,drone,1,9.489961992702219e-05,1625,0.004555181756497065,True
GaussianBudget500M_MaxCov,Red_2021-CASHF-001004,20210704,16,pyrologix,9,33-43,2021,0.0,0.0,0,drone,1,9.489961992702219e-05,3095,0.0046500813764240876,True
GaussianBudget500M_MaxCov,Reservation_2021-CAPNF-001208,20210718,4,pyrologix,8,62-60,2021,0.0,0.0,0,drone,1,9.489961992702219e-05,3270,0.0046500813764240876,True
GaussianBudget500M_MaxCov,Ridge_2021-CALPF-000819,20210414,19,pyrologix,2,188-45,2021,0.0,0.0,0,drone,1,9.489961992702219e-05,925,0.004555181756497065,True
GaussianBudget500M_MaxCov,Ridgerun_2021-CAPNF-000449,20210417,20,pyrologix,4,69-59,2021,0.0,0.0,0,drone,1,9.489961992702219e-05,1430,0.004555181756497065,True
GaussianBudget500M_MaxCov,Rig_2021-CACNF-001965,20210629,22,pyrologix,3,244-99,2021,0.0,0.0,0,drone,1,9.489961992702219e-05,1360,0.004460282136570043,True
GaussianBudget500M_MaxCov,Road_2021-CACNF-002130,20210710,16,pyrologix,4,244-99,2021,0.0,0.0,1,drone,1,9.489961992702219e-05,2075,0.004555181756497065,True
GaussianBudget500M_MaxCov,Rock_2021-CAPNF-001173,20210713,17,pyrologix,12,76-55,2021,0.0,0.0,0,drone,1,9.489961992702219e-05,4230,0.0046500813764240876,True
GaussianBudget500M_MaxCov,Rocky_2021-CACNF-001400,20210521,21,pyrologix,8,244-99,2021,0.0,0.0,1,drone,1,9.489961992702219e-05,3440,0.0046500813764240876,True
GaussianBudget500M_MaxCov,Rocky_2021-CAPNF-000497,20210422,11,pyrologix,12,76-62,2021,0.0,0.0,0,drone,1,9.489961992702219e-05,5010,0.0046500813764240876,True
GaussianBudget500M_MaxCov,Rowdy_2021-CASRF-000650,20210731,18,pyrologix,10,13-19,2021,0.0,0.0,0,drone,1,9.489961992702219e-05,3585,0.003985784036934932,True
GaussianBudget500M_MaxCov,Rubicon_2021-CAENF-028647,20210925,22,pyrologix,4,90-59,2021,0.0,0.0,0,drone,1,9.489961992702219e-05,1935,0.0046500813764240876,True
GaussianBudget500M_MaxCov,SADDLE_KRRD_2021-CASQF-002349,20210719,11,pyrologix,1,178-78,2021,0.0,0.0,1,drone,1,9.489961992702219e-05,825,0.004555181756497065,True
GaussianBudget500M_MaxCov,SALT_2021-CASHF-000982,20210630,18,pyrologix,5,40-42,2021,0.0,0.0,0,drone,1,9.489961992702219e-05,1985,0.0046500813764240876,True
GaussianBudget500M_MaxCov,SALT__2021-CASTF-000787,20210520,13,pyrologix,10,104-59,2021,0.0,0.0,1,drone,1,9.489961992702219e-05,4430,0.0046500813764240876,True
GaussianBudget500M_MaxCov,SAMPLE_2021-CASNF-000465,20210531,21,pyrologix,5,136-76,2021,0.0,0.0,0,drone,1,9.489961992702219e-05,1895,0.0046500813764240876,True
GaussianBudget500M_MaxCov,SAM_2021-CASNF-000739,20210701,17,pyrologix,8,133-77,2021,0.0,0.0,0,drone,1,9.489961992702219e-05,3000,0.0046500813764240876,True
GaussianBudget500M_MaxCov,SANDY_2021-CASHF-000587,20210514,20,pyrologix,8,40-22,2021,0.0,0.0,0,drone,1,9.489961992702219e-05,3025,0.0046500813764240876,True
GaussianBudget500M_MaxCov,SAND_2021-CASHF-000864,20210615,21,pyrologix,3,33-43,2021,0.0,0.0,0,drone,1,9.489961992702219e-05,1130,0.0046500813764240876,True
GaussianBudget500M_MaxCov,SANTA_2021-CAANF-004490,20211230,20,pyrologix,7,204-75,2021,0.0,0.0,0,drone,1,9.489961992702219e-05,2405,0.0031316874575917325,True
GaussianBudget500M_MaxCov,SANTA_2021-CABDF-001770,20210126,16,pyrologix,5,207-89,2021,0.0,0.0,0,drone,1,9.489961992702219e-05,1815,0.004270482896715999,True
GaussianBudget500M_MaxCov,SAPP_2021-CASTF-001710,20210718,12,pyrologix,10,109-61,2021,0.0,0.0,0,drone,1,9.489961992702219e-05,3720,0.0046500813764240876,True
GaussianBudget500M_MaxCov,SATTLEY_2021-CATNF-000630,20210421,13,pyrologix,10,76-62,2021,0.0,0.0,0,drone,1,9.489961992702219e-05,4370,0.0046500813764240876,True
GaussianBudget500M_MaxCov,SAWTOOTH_2021-CATNF-000674,20210429,15,pyrologix,12,90-66,2021,0.0,0.0,0,drone,1,9.489961992702219e-05,4225,0.0036061855572268433,True
GaussianBudget500M_MaxCov,SAW_2021-CAINF-001447,20210629,0,pyrologix,3,129-85,2021,0.0,0.0,0,drone,1,9.489961992702219e-05,1395,0.004555181756497065,True
GaussianBudget500M_MaxCov,SCENIC_2021-CACDD-009987,20210625,20,pyrologix,8,227-109,2021,0.0,0.0,0,drone,1,9.489961992702219e-05,2985,0.004270482896715999,True
GaussianBudget500M_MaxCov,SCENIC_2021-CAINF-001431,20210628,17,pyrologix,10,126-80,2021,0.0,0.0,2,drone,1,9.489961992702219e-05,4205,0.0046500813764240876,True
GaussianBudget500M_MaxCov,SCOTT_2021-CASHF-000884,20210618,16,pyrologix,8,53-23,2021,0.0,0.0,0,drone,1,9.489961992702219e-05,3435,0.0046500813764240876,True
GaussianBudget500M_MaxCov,SEMI_2021-CACNF-001325,20210513,22,pyrologix,10,244-99,2021,0.0,0.0,1,drone,1,9.489961992702219e-05,4220,0.0046500813764240876,True
GaussianBudget500M_MaxCov,SENTINEL_2021-CAINF-001706,20210712,21,pyrologix,5,126-80,2021,0.0,0.0,3,drone,1,9.489961992702219e-05,2750,0.0046500813764240876,True
GaussianBudget500M_MaxCov,SHADOW_2021-CAKNF-006420,20210731,20,pyrologix,7,31-29,2021,0.0,0.0,0,drone,1,9.489961992702219e-05,3085,0.0046500813764240876,True
GaussianBudget500M_MaxCov,SHADY_2021-CABDF-009458,20210613,23,pyrologix,12,208-96,2021,0.0,0.0,-1,undetected,1,9.489961992702219e-05,5475,0.004365382516643021,True
GaussianBudget500M_MaxCov,SHANNON_2021-CAANF-000596,20210225,16,pyrologix,3,199-79,2021,0.0,0.0,1,drone,1,9.489961992702219e-05,1475,0.0034163863173727986,True
GaussianBudget500M_MaxCov,SHELL_2021-CASQF-002407,20210723,18,pyrologix,11,147-77,2021,0.0,0.0,1,drone,1,9.489961992702219e-05,4235,0.0046500813764240876,True
GaussianBudget500M_MaxCov,SHERMAN_2021-CAENF-013945,20210522,21,pyrologix,4,104-59,2021,0.0,0.0,0,drone,1,9.489961992702219e-05,1690,0.0046500813764240876,True
GaussianBudget500M_MaxCov,SHIRLEY_2021-CASQF-002724,20210814,14,pyrologix,4,171-80,2021,0.0,0.0,0,drone,1,9.489961992702219e-05,1425,0.0046500813764240876,True
GaussianBudget500M_MaxCov,SHOENING_2021-CAANF-004214,20211125,13,pyrologix,11,204-75,2021,0.0,0.0,0,drone,1,9.489961992702219e-05,3805,0.0031316874575917325,True
GaussianBudget500M_MaxCov,SHOOTING_2021-CAANF-001423,20210508,14,pyrologix,7,204-75,2021,0.0,0.0,0,drone,1,9.489961992702219e-05,2320,0.0031316874575917325,True
GaussianBudget500M_MaxCov,SHORE_2021-CAINF-001670,20210711,21,pyrologix,8,126-80,2021,0.0,0.0,1,drone,1,9.489961992702219e-05,3310,0.0046500813764240876,True
GaussianBudget500M_MaxCov,SIDE_2021-CASQF-001253,20210529,20,pyrologix,6,171-80,2021,0.0,0.0,2,drone,1,9.489961992702219e-05,3120,0.0046500813764240876,True
GaussianBudget500M_MaxCov,SIERRA__2021-CABDF-006929,20210421,2,pyrologix,4,208-96,2021,0.0,0.0,2,drone,1,9.489961992702219e-05,2270,0.004365382516643021,True
GaussianBudget500M_MaxCov,SIGNAL_2021-CALNF-001980,20210420,17,pyrologix,10,51-56,2021,0.0,0.0,1,drone,1,9.489961992702219e-05,3965,0.0046500813764240876,True
GaussianBudget500M_MaxCov,SIGNAL_2021-CATNF-001345,20210715,20,pyrologix,1,83-54,2021,0.0,0.0,2,drone,1,9.489961992702219e-05,1005,0.004365382516643021,True
GaussianBudget500M_MaxCov,SILVER_2021-CASNF-000961,20210719,20,pyrologix,4,133-77,2021,0.0,0.0,1,drone,1,9.489961992702219e-05,1815,0.0046500813764240876,True
GaussianBudget500M_MaxCov,SIMS_2021-CASHF-001586,20211125,16,pyrologix,2,40-42,2021,0.0,0.0,0,drone,1,9.489961992702219e-05,660,0.004365382516643021,True
GaussianBudget500M_MaxCov,SIX_SHOOTER_2021-CAKNF-006455,20210801,13,pyrologix,10,30-53,2021,0.0,0.0,0,drone,1,9.489961992702219e-05,3485,0.0046500813764240876,True
GaussianBudget500M_MaxCov,SKYLINE__2021-CATNF-000868,20210601,10,pyrologix,9,76-55,2021,0.0,0.0,1,drone,1,9.489961992702219e-05,3580,0.0046500813764240876,True
GaussianBudget500M_MaxCov,SKY_2021-CALNF-003531,20210627,18,pyrologix,11,65-53,2021,0.0,0.0,1,drone,1,9.489961992702219e-05,4440,0.0046500813764240876,True
GaussianBudget500M_MaxCov,SLATE_2021-CAENF-010080,20210414,23,pyrologix,2,97-56,2021,0.0,0.0,1,drone,1,9.489961992702219e-05,1105,0.004460282136570043,True
GaussianBudget500M_MaxCov,SLATE_2021-CASQF-003085,20210911,11,pyrologix,11,161-78,2021,0.0,0.0,0,drone,1,9.489961992702219e-05,4115,0.0046500813764240876,True
GaussianBudget500M_MaxCov,SLATE_2021-CATNF-001085,20210624,15,pyrologix,12,76-55,2021,0.0,0.0,0,drone,1,9.489961992702219e-05,4290,0.0046500813764240876,True
GaussianBudget500M_MaxCov,SLEIGHVILLE_2021-CATNF-000722,20210512,21,pyrologix,3,83-54,2021,0.0,0.0,0,drone,1,9.489961992702219e-05,1305,0.004555181756497065,True
GaussianBudget500M_MaxCov,SLIDE_2021-CAMDF-000636,20210627,15,pyrologix,1,43-77,2021,0.0,0.0,0,drone,1,9.489961992702219e-05,610,0.0040806836568619545,True
GaussianBudget500M_MaxCov,SLOPE_2021-CAINF-001448,20210629,21,pyrologix,10,133-84,2021,0.0,0.0,0,drone,1,9.489961992702219e-05,4095,0.0046500813764240876,True
GaussianBudget500M_MaxCov,SMALLS_2021-CABDF-018495,20211130,8,pyrologix,12,207-89,2021,0.0,0.0,0,drone,1,9.489961992702219e-05,3970,0.004270482896715999,True
GaussianBudget500M_MaxCov,SMITH_2021-CAENF-028280,20210922,14,pyrologix,8,97-63,2021,0.0,0.0,0,drone,1,9.489961992702219e-05,3015,0.0046500813764240876,True
GaussianBudget500M_MaxCov,SMITH_2021-CASRF-000576,20210718,14,pyrologix,11,15-25,2021,0.0,0.0,0,drone,1,9.489961992702219e-05,4430,0.004365382516643021,True
GaussianBudget500M_MaxCov,SMOLDER_2021-CAANF-001200,20210418,17,pyrologix,6,204-86,2021,0.0,0.0,1,drone,1,9.489961992702219e-05,2655,0.003985784036934932,True
GaussianBudget500M_MaxCov,SNAKE_2021-CABDF-012147,20210811,12,pyrologix,4,210-102,2021,0.0,0.0,0,drone,1,9.489961992702219e-05,1580,0.0040806836568619545,True
GaussianBudget500M_MaxCov,SNOW_2021-CABDF-014001,20210924,0,pyrologix,4,208-96,2021,0.0,0.0,0,drone,1,9.489961992702219e-05,1610,0.004365382516643021,True
GaussianBudget500M_MaxCov,SNOW_2021-CAENF-018112,20210627,22,pyrologix,5,97-56,2021,0.0,0.0,3,drone,1,9.489961992702219e-05,2770,0.0046500813764240876,True
GaussianBudget500M_MaxCov,SNOW_2021-CASHF-001239,20210807,17,pyrologix,3,38-29,2021,0.0,0.0,1,drone,1,9.489961992702219e-05,1630,0.0046500813764240876,True
GaussianBudget500M_MaxCov,SNOW_PLAY_2021-CABDF-005086,20210320,21,pyrologix,6,208-96,2021,0.0,0.0,0,drone,1,9.489961992702219e-05,2540,0.004365382516643021,True
GaussianBudget500M_MaxCov,SODA_2021-CAINF-001464,20210629,15,pyrologix,11,164-83,2021,0.0,0.0,0,drone,1,9.489961992702219e-05,4115,0.0046500813764240876,True
GaussianBudget500M_MaxCov,SOLEDAD_2021-CAANF-001926,20210609,18,pyrologix,9,204-75,2021,0.0,0.0,1,drone,1,9.489961992702219e-05,3505,0.0031316874575917325,True
GaussianBudget500M_MaxCov,SOPIAGO_2021-CAENF-013394,20210517,18,pyrologix,7,104-59,2021,0.0,0.0,0,drone,1,9.489961992702219e-05,2765,0.0046500813764240876,True
GaussianBudget500M_MaxCov,SOUTH_2021-CABDU-012298,20210825,23,pyrologix,2,207-89,2021,0.0,0.0,0,drone,1,9.489961992702219e-05,720,0.004175583276788976,True
GaussianBudget500M_MaxCov,SOUTH_2021-CAKNF-004388,20210606,19,pyrologix,9,31-29,2021,0.0,0.0,1,drone,1,9.489961992702219e-05,3920,0.0046500813764240876,True
GaussianBudget500M_MaxCov,SPADE__2021-CAANF-003949,20211028,5,pyrologix,10,198-72,2021,0.0,0.0,1,drone,1,9.489961992702219e-05,3740,0.004555181756497065,True
GaussianBudget500M_MaxCov,SPICE_2021-CABDF-018466,20211129,14,pyrologix,10,224-102,2021,0.0,0.0,0,drone,1,9.489961992702219e-05,3745,0.004460282136570043,True
GaussianBudget500M_MaxCov,SPOT_2021-CAANF-000571,20210222,5,pyrologix,4,204-75,2021,0.0,0.0,0,drone,1,9.489961992702219e-05,1485,0.0031316874575917325,True
GaussianBudget500M_MaxCov,SPRAGUE_2021-CATCU-004946,20210419,9,pyrologix,9,116-62,2021,0.0,0.0,1,drone,1,9.489961992702219e-05,3850,0.0046500813764240876,True
GaussianBudget500M_MaxCov,SPRINGS_2021-CAANF-001067,20210405,18,pyrologix,10,204-86,2021,0.0,0.0,0,drone,1,9.489961992702219e-05,3735,0.003985784036934932,True
GaussianBudget500M_MaxCov,SPRINGS_2021-CAINF-001457,20210629,12,pyrologix,9,126-80,2021,0.0,0.0,1,drone,1,9.489961992702219e-05,3600,0.0046500813764240876,True
GaussianBudget500M_MaxCov,SPRINGS_2021-CASQF-001124,20210525,22,pyrologix,4,178-78,2021,0.0,0.0,0,drone,1,9.489961992702219e-05,1550,0.0046500813764240876,True
GaussianBudget500M_MaxCov,SPRINGTIME_2021-CASHF-001183,20210730,21,pyrologix,5,46-21,2021,0.0,0.0,1,drone,1,9.489961992702219e-05,2200,0.004555181756497065,True
GaussianBudget500M_MaxCov,SPRING_2021-CAKNF-006404,20210731,12,pyrologix,10,31-36,2021,0.0,0.0,2,drone,1,9.489961992702219e-05,4490,0.0046500813764240876,True
GaussianBudget500M_MaxCov,SPRUCE_2021-CABDF-012448,20210817,18,pyrologix,5,217-101,2021,0.0,0.0,0,drone,1,9.489961992702219e-05,2110,0.004460282136570043,True
GaussianBudget500M_MaxCov,SPUNKY_2021-CAANF-004252,20211128,18,pyrologix,10,198-72,2021,0.0,0.0,1,drone,1,9.489961992702219e-05,3840,0.004555181756497065,True
GaussianBudget500M_MaxCov,STAGING_2021-CAANF-004309,20211205,21,pyrologix,6,198-72,2021,0.0,0.0,0,drone,1,9.489961992702219e-05,2205,0.004555181756497065,True
GaussianBudget500M_MaxCov,STANFIELD_2021-CABDF-010785,20210710,14,pyrologix,12,210-102,2021,0.0,0.0,0,drone,1,9.489961992702219e-05,4305,0.0040806836568619545,True
GaussianBudget500M_MaxCov,STANFORD_2021-CATMU-026974,20210910,15,pyrologix,1,90-66,2021,0.0,0.0,0,drone,1,9.489961992702219e-05,460,0.002941888217737688,True
GaussianBudget500M_MaxCov,STARLIGHT_2021-CAANF-004192,20211123,4,pyrologix,5,204-75,2021,0.0,0.0,1,drone,1,9.489961992702219e-05,2290,0.0031316874575917325,True
GaussianBudget500M_MaxCov,STATE_2021-CAANF-004208,20211125,22,pyrologix,10,198-72,2021,0.0,0.0,0,drone,1,9.489961992702219e-05,3545,0.004555181756497065,True
GaussianBudget500M_MaxCov,STEWART_2021-CALPF-002715,20211005,15,pyrologix,10,192-68,2021,0.0,0.0,0,drone,1,9.489961992702219e-05,3645,0.0046500813764240876,True
GaussianBudget500M_MaxCov,STOCKTON_2021-CABDF-017962,20211127,2,pyrologix,2,207-89,2021,0.0,0.0,0,drone,1,9.489961992702219e-05,875,0.004175583276788976,True
GaussianBudget500M_MaxCov,STONE_2021-CATNF-001429,20210726,19,pyrologix,7,90-59,2021,0.0,0.0,1,drone,1,9.489961992702219e-05,3190,0.0046500813764240876,True
GaussianBudget500M_MaxCov,STRAWBERRY__2021-CASTF-001974,20210802,13,pyrologix,2,109-61,2021,0.0,0.0,1,drone,1,9.489961992702219e-05,1215,0.0046500813764240876,True
GaussianBudget500M_MaxCov,STRAW_2021-CASTF-002844,20211126,14,pyrologix,5,109-61,2021,0.0,0.0,0,drone,1,9.489961992702219e-05,2045,0.0046500813764240876,True
GaussianBudget500M_MaxCov,SUGAR_2021-CABDF-012136,20210810,20,pyrologix,8,210-102,2021,0.0,0.0,1,drone,1,9.489961992702219e-05,3225,0.0040806836568619545,True
GaussianBudget500M_MaxCov,SUGAR_2021-CAENF-019897,20210711,0,pyrologix,5,97-63,2021,0.0,0.0,0,drone,1,9.489961992702219e-05,1965,0.0046500813764240876,True
GaussianBudget500M_MaxCov,SUGAR_2021-CAMDF-000429,20210529,21,pyrologix,7,31-80,2021,0.0,0.0,1,drone,1,9.489961992702219e-05,3080,0.004270482896715999,True
GaussianBudget500M_MaxCov,SUGAR_2_2021-CAMDF-000433,20210529,23,pyrologix,2,29-74,2021,0.0,0.0,0,drone,1,9.489961992702219e-05,1000,0.0036061855572268433,True
GaussianBudget500M_MaxCov,SUGAR_3_2021-CAMDF-000434,20210529,22,pyrologix,5,31-80,2021,0.0,0.0,0,drone,1,9.489961992702219e-05,2270,0.004270482896715999,True
GaussianBudget500M_MaxCov,SUGAR_4_2021-CAMDF-000435,20210529,21,pyrologix,7,31-80,2021,0.0,0.0,1,drone,1,9.489961992702219e-05,3080,0.004270482896715999,True
GaussianBudget500M_MaxCov,SUGAR_PINE_2021-CATNF-000850,20210530,21,pyrologix,5,90-52,2021,0.0,0.0,0,drone,1,9.489961992702219e-05,2005,0.0046500813764240876,True
GaussianBudget500M_MaxCov,SUGAR__2021-CATNF-000972,20210613,18,pyrologix,5,90-52,2021,0.0,0.0,0,drone,1,9.489961992702219e-05,2005,0.0046500813764240876,True
GaussianBudget500M_MaxCov,SULPHER_2021-CASHF-000817,20210607,17,pyrologix,7,40-42,2021,0.0,0.0,0,drone,1,9.489961992702219e-05,2565,0.0046500813764240876,True
GaussianBudget500M_MaxCov,SULPHUR_2021-CALPF-001037,20210509,17,pyrologix,3,191-61,2021,0.0,0.0,1,drone,1,9.489961992702219e-05,1710,0.0046500813764240876,True
GaussianBudget500M_MaxCov,SUMMIT_2021-CAENF-021041,20210720,13,pyrologix,7,102-66,2021,0.0,0.0,0,drone,1,9.489961992702219e-05,2620,0.0046500813764240876,True
GaussianBudget500M_MaxCov,SUMMIT_2021-CAINF-001826,20210721,18,pyrologix,2,164-90,2021,0.0,0.0,0,drone,1,9.489961992702219e-05,985,0.004175583276788976,True
GaussianBudget500M_MaxCov,SUMMIT_2021-CASHF-001307,20210825,9,pyrologix,8,33-43,2021,0.0,0.0,1,drone,1,9.489961992702219e-05,3190,0.0046500813764240876,True
GaussianBudget500M_MaxCov,SUMMIT_2021-CATNF-001568,20210812,22,pyrologix,3,83-61,2021,0.0,0.0,1,drone,1,9.489961992702219e-05,1525,0.004555181756497065,True
GaussianBudget500M_MaxCov,SURVEYORS_2021-CAMDF-000385,20210518,1,pyrologix,4,34-67,2021,0.0,0.0,0,drone,1,9.489961992702219e-05,1620,0.0046500813764240876,True
GaussianBudget500M_MaxCov,SWALL_2021-CAINF-000688,20210429,18,pyrologix,8,133-84,2021,0.0,0.0,1,drone,1,9.489961992702219e-05,3750,0.0046500813764240876,True
GaussianBudget500M_MaxCov,SWARTHOUT_2021-CABDF-009976,20210625,17,pyrologix,8,207-89,2021,0.0,0.0,0,drone,1,9.489961992702219e-05,2675,0.004270482896715999,True
GaussianBudget500M_MaxCov,SWEET_2021-CASNF-000960,20210719,20,pyrologix,5,123-65,2021,0.0,0.0,1,drone,1,9.489961992702219e-05,2465,0.0046500813764240876,True
GaussianBudget500M_MaxCov,SWELL_2021-CALNF-001986,20210421,21,pyrologix,9,48-49,2021,0.0,0.0,0,drone,1,9.489961992702219e-05,3535,0.0046500813764240876,True
GaussianBudget500M_MaxCov,SWITZER_2021-CABDF-013910,20210921,15,pyrologix,5,208-96,2021,0.0,0.0,0,drone,1,9.489961992702219e-05,1890,0.004365382516643021,True
GaussianBudget500M_MaxCov,SWITZER_PARK__2021-CABDF-016614,20211111,1,pyrologix,2,208-96,2021,0.0,0.0,0,drone,1,9.489961992702219e-05,845,0.004270482896715999,True
GaussianBudget500M_MaxCov,SYCAMORE_2021-CABDF-006749,20210417,23,pyrologix,1,207-89,2021,0.0,0.0,1,drone,1,9.489961992702219e-05,775,0.004175583276788976,True
GaussianBudget500M_MaxCov,SYD_2021-CASHF-001293,20210819,8,pyrologix,12,60-25,2021,0.0,0.0,-1,undetected,1,9.489961992702219e-05,5710,0.0046500813764240876,True
GaussianBudget500M_MaxCov,School_2021-CASRF-000313,20210521,15,pyrologix,7,27-23,2021,0.0,0.0,1,drone,1,9.489961992702219e-05,3240,0.0046500813764240876,True
GaussianBudget500M_MaxCov,Seven_2021-CACNF-001500,20210529,16,pyrologix,4,223-87,2021,0.0,0.0,0,drone,1,9.489961992702219e-05,1570,0.004460282136570043,True
GaussianBudget500M_MaxCov,Shade_2021-CACNF-002704,20210818,14,pyrologix,7,238-95,2021,0.0,0.0,0,drone,1,9.489961992702219e-05,2800,0.0040806836568619545,True
GaussianBudget500M_MaxCov,Silver_2021-CAPNF-000716,20210531,8,pyrologix,10,70-52,2021,0.0,0.0,0,drone,1,9.489961992702219e-05,3560,0.0046500813764240876,True
GaussianBudget500M_MaxCov,Site_11_2021-CACNF-000929,20210328,12,pyrologix,10,218-89,2021,0.0,0.0,1,drone,1,9.489961992702219e-05,4015,0.0036061855572268433,True
GaussianBudget500M_MaxCov,Slate_2021-CASRF-000173,20210330,20,pyrologix,6,27-23,2021,0.0,0.0,1,drone,1,9.489961992702219e-05,3000,0.0046500813764240876,True
GaussianBudget500M_MaxCov,Smith_2021-CAPNF-001355,20210730,22,pyrologix,5,76-62,2021,0.0,0.0,0,drone,1,9.489961992702219e-05,1925,0.0046500813764240876,True
GaussianBudget500M_MaxCov,South_2021-CASRF-000226,20210421,21,pyrologix,5,40-22,2021,0.0,0.0,0,drone,1,9.489961992702219e-05,1950,0.0046500813764240876,True
GaussianBudget500M_MaxCov,Spring_2021-CAPNF-001012,20210701,21,pyrologix,8,76-69,2021,0.0,0.0,0,drone,1,9.489961992702219e-05,2935,0.0046500813764240876,True
GaussianBudget500M_MaxCov,Squirrel_2021-CAPNF-000574,20210509,2,pyrologix,6,69-59,2021,0.0,0.0,0,drone,1,9.489961992702219e-05,2345,0.0046500813764240876,True
GaussianBudget500M_MaxCov,Stanshaw_2021-CASRF-000187,20210404,16,pyrologix,12,22-25,2021,0.0,0.0,0,drone,1,9.489961992702219e-05,4425,0.0046500813764240876,True
GaussianBudget500M_MaxCov,Stoneridge_2021-CACNF-003429,20211120,18,pyrologix,11,231-95,2021,0.0,0.0,1,drone,1,9.489961992702219e-05,4395,0.004555181756497065,True
GaussianBudget500M_MaxCov,Sugarbowl_2021-CASRF-000115,20210304,2,pyrologix,6,34-22,2021,0.0,0.0,0,drone,1,9.489961992702219e-05,2185,0.0046500813764240876,True
GaussianBudget500M_MaxCov,Sundance_2021-CACNF-002266,20210718,23,pyrologix,2,238-102,2021,0.0,0.0,0,drone,1,9.489961992702219e-05,950,0.004175583276788976,True
GaussianBudget500M_MaxCov,Sweetbriar_2021-CASHF-001025,20210707,5,pyrologix,5,40-42,2021,0.0,0.0,0,drone,1,9.489961992702219e-05,2040,0.0046500813764240876,True
GaussianBudget500M_MaxCov,TAMARACK_2021-CALNF-002852,20210531,19,pyrologix,7,53-63,2021,0.0,0.0,1,drone,1,9.489961992702219e-05,2980,0.0046500813764240876,True
GaussianBudget500M_MaxCov,TAMARACK_2021-CASHF-001181,20210730,21,pyrologix,1,31-36,2021,0.0,0.0,1,drone,1,9.489961992702219e-05,855,0.004555181756497065,True
GaussianBudget500M_MaxCov,TAMARIN_2021-CABDF-011615,20210729,15,pyrologix,10,204-86,2021,0.0,0.0,0,drone,1,9.489961992702219e-05,3685,0.003985784036934932,True
GaussianBudget500M_MaxCov,TANGLE_2021-CASHF-001013,20210705,13,pyrologix,1,31-36,2021,0.0,0.0,2,drone,1,9.489961992702219e-05,1210,0.004555181756497065,True
GaussianBudget500M_MaxCov,TAYLOR_2021-CAINF-002482,20210911,16,pyrologix,9,126-80,2021,0.0,0.0,1,drone,1,9.489961992702219e-05,3600,0.0046500813764240876,True
GaussianBudget500M_MaxCov,TEJON_2021-CAANF-000190,20210118,16,pyrologix,1,204-86,2021,0.0,0.0,1,drone,1,9.489961992702219e-05,990,0.003985784036934932,True
GaussianBudget500M_MaxCov,TELEPHONE_2021-CAKNF-005027,20210625,4,pyrologix,7,31-36,2021,0.0,0.0,1,drone,1,9.489961992702219e-05,3265,0.0046500813764240876,True
GaussianBudget500M_MaxCov,TEMPLETON_2021-CAINF-001796,20210719,18,pyrologix,1,157-85,2021,0.0,0.0,1,drone,1,9.489961992702219e-05,840,0.004270482896715999,True
GaussianBudget500M_MaxCov,TEMPLIN_2021-CAANF-000022,20210102,17,pyrologix,7,198-72,2021,0.0,0.0,0,drone,1,9.489961992702219e-05,2690,0.004555181756497065,True
GaussianBudget500M_MaxCov,TENNANT_2021-CAKNF-005169,20210628,21,pyrologix,5,28-46,2021,0.0,0.0,1,drone,1,9.489961992702219e-05,2255,0.0046500813764240876,True
GaussianBudget500M_MaxCov,TEWANET_2021-CABDF-002530,20210209,21,pyrologix,4,227-109,2021,0.0,0.0,0,drone,1,9.489961992702219e-05,1685,0.004270482896715999,True
GaussianBudget500M_MaxCov,TICK_2021-CAANF-001400,20210505,20,pyrologix,4,199-79,2021,0.0,0.0,1,drone,1,9.489961992702219e-05,1815,0.0034163863173727986,True
GaussianBudget500M_MaxCov,TINKER_2021-CATNF-001251,20210705,23,pyrologix,4,90-66,2021,0.0,0.0,0,drone,1,9.489961992702219e-05,1740,0.0036061855572268433,True
GaussianBudget500M_MaxCov,TOOLBOX_2021-CABDF-016095,20211031,17,pyrologix,1,224-102,2021,0.0,0.0,2,drone,1,9.489961992702219e-05,1270,0.004365382516643021,True
GaussianBudget500M_MaxCov,TOWNSEND_2021-CAANF-003440,20210912,0,pyrologix,1,198-72,2021,0.0,0.0,0,drone,1,9.489961992702219e-05,655,0.004460282136570043,True
GaussianBudget500M_MaxCov,TRAILHEAD_2021-CAKNF-006403,20210731,11,pyrologix,11,31-36,2021,0.0,0.0,1,drone,1,9.489961992702219e-05,4490,0.0046500813764240876,True
GaussianBudget500M_MaxCov,TRANSPORT_2021-CABDF-000949,20210111,7,pyrologix,3,207-89,2021,0.0,0.0,0,drone,1,9.489961992702219e-05,1215,0.004270482896715999,True
GaussianBudget500M_MaxCov,TREE_2021-CAKNF-009333,20211021,21,pyrologix,5,19-39,2021,0.0,0.0,0,drone,1,9.489961992702219e-05,2045,0.004365382516643021,True
GaussianBudget500M_MaxCov,TREE_2021-CATNF-001762,20210910,11,pyrologix,10,90-59,2021,0.0,0.0,0,drone,1,9.489961992702219e-05,3670,0.0046500813764240876,True
GaussianBudget500M_MaxCov,TROY_2021-CASQF-002353,20210719,12,pyrologix,6,164-83,2021,0.0,0.0,0,drone,1,9.489961992702219e-05,2380,0.0046500813764240876,True
GaussianBudget500M_MaxCov,TUCKER_2021-CASTF-000297,20210222,17,pyrologix,6,116-55,2021,0.0,0.0,0,drone,1,9.489961992702219e-05,2710,0.0046500813764240876,True
GaussianBudget500M_MaxCov,TUFA_2021-CAINF-001444,20210629,21,pyrologix,8,119-77,2021,0.0,0.0,0,drone,1,9.489961992702219e-05,3145,0.004365382516643021,True
GaussianBudget500M_MaxCov,TUFF_2021-CAINF-001092,20210605,12,pyrologix,7,133-84,2021,0.0,0.0,0,drone,1,9.489961992702219e-05,2795,0.0046500813764240876,True
GaussianBudget500M_MaxCov,TUJUNGA__2021-CAANF-002494,20210709,13,pyrologix,2,206-81,2021,0.0,0.0,1,drone,1,9.489961992702219e-05,1530,0.0040806836568619545,True
GaussianBudget500M_MaxCov,TUMBLEWEED_2021-CAANF-002402,20210704,20,pyrologix,2,192-68,2021,0.0,0.0,0,drone,1,9.489961992702219e-05,940,0.00389088441700791,True
GaussianBudget500M_MaxCov,TUNNELS_2021-CAANF-002246,20210627,13,pyrologix,9,207-89,2021,0.0,0.0,0,drone,1,9.489961992702219e-05,3185,0.004270482896715999,True
GaussianBudget500M_MaxCov,TURNOUT_2021-CAANF-003853,20211017,16,pyrologix,7,204-75,2021,0.0,0.0,0,drone,1,9.489961992702219e-05,2455,0.0031316874575917325,True
GaussianBudget500M_MaxCov,TURNOUT_2021-CABDF-016627,20211111,12,pyrologix,12,208-96,2021,0.0,0.0,0,drone,1,9.489961992702219e-05,4655,0.004365382516643021,True
GaussianBudget500M_MaxCov,TWENTYFIVE_2021-CASTF-002441,20210910,18,pyrologix,8,109-61,2021,0.0,0.0,1,drone,1,9.489961992702219e-05,3445,0.0046500813764240876,True
GaussianBudget500M_MaxCov,TWICE_2021-CAANF-003175,20210826,12,pyrologix,9,198-72,2021,0.0,0.0,0,drone,1,9.489961992702219e-05,3295,0.004555181756497065,True
GaussianBudget500M_MaxCov,TWIN_2021-CAENF-017644,20210622,20,pyrologix,7,104-59,2021,0.0,0.0,0,drone,1,9.489961992702219e-05,2765,0.0046500813764240876,True
GaussianBudget500M_MaxCov,TWIN_2021-CASHF-000945,20210625,19,pyrologix,12,33-43,2021,0.0,0.0,0,drone,1,9.489961992702219e-05,4285,0.0046500813764240876,True
GaussianBudget500M_MaxCov,TWIN_2021-CASNF-000720,20210630,22,pyrologix,6,133-77,2021,0.0,0.0,0,drone,1,9.489961992702219e-05,2105,0.0046500813764240876,True
GaussianBudget500M_MaxCov,Taylor_2021-CAPNF-000694,20210529,15,pyrologix,4,69-59,2021,0.0,0.0,1,drone,1,9.489961992702219e-05,1895,0.004555181756497065,True
GaussianBudget500M_MaxCov,Thompson__2021-CAPNF-000508,20210423,20,pyrologix,4,69-59,2021,0.0,0.0,0,drone,1,9.489961992702219e-05,1430,0.004555181756497065,True
GaussianBudget500M_MaxCov,Three_Two_2021-CASRF-000217,20210419,13,pyrologix,9,27-23,2021,0.0,0.0,1,drone,1,9.489961992702219e-05,3880,0.0046500813764240876,True
GaussianBudget500M_MaxCov,Three__2021-CASRF-000205,20210415,23,pyrologix,8,27-23,2021,0.0,0.0,0,drone,1,9.489961992702219e-05,3155,0.0046500813764240876,True
GaussianBudget500M_MaxCov,Tooms_2021-CAPNF-001156,20210711,20,pyrologix,3,76-55,2021,0.0,0.0,0,drone,1,9.489961992702219e-05,1290,0.004460282136570043,True
GaussianBudget500M_MaxCov,Tunnel_2021-CASRF-000386,20210610,17,pyrologix,8,40-22,2021,0.0,0.0,0,drone,1,9.489961992702219e-05,3135,0.0046500813764240876,True
GaussianBudget500M_MaxCov,Turkey_2021-CALPF-001575,20210626,16,pyrologix,7,174-47,2021,0.0,0.0,0,drone,1,9.489961992702219e-05,2745,0.0046500813764240876,True
GaussianBudget500M_MaxCov,Turnout_2021-CACNF-003342,20211106,15,pyrologix,4,223-87,2021,0.0,0.0,0,drone,1,9.489961992702219e-05,1570,0.004460282136570043,True
GaussianBudget500M_MaxCov,Twain_2021-CAPNF-000486,20210421,22,pyrologix,2,70-52,2021,0.0,0.0,0,drone,1,9.489961992702219e-05,925,0.004555181756497065,True
GaussianBudget500M_MaxCov,UNDERWOOD_2021-CASHF-001191,20210731,18,pyrologix,2,40-22,2021,0.0,0.0,1,drone,1,9.489961992702219e-05,1185,0.0046500813764240876,True
GaussianBudget500M_MaxCov,UPHILL_2021-CABDF-013838,20210919,14,pyrologix,11,207-89,2021,0.0,0.0,0,drone,1,9.489961992702219e-05,3670,0.004270482896715999,True
GaussianBudget500M_MaxCov,UPPER_2021-CABDF-009448,20210613,0,pyrologix,2,208-96,2021,0.0,0.0,1,drone,1,9.489961992702219e-05,1380,0.004365382516643021,True
GaussianBudget500M_MaxCov,Ullathorne_2021-CASRF-000204,20210413,23,pyrologix,1,27-23,2021,0.0,0.0,0,drone,1,9.489961992702219e-05,605,0.0036061855572268433,True
GaussianBudget500M_MaxCov,VALLEY_2021-CAMDF-000410,20210524,19,pyrologix,7,34-67,2021,0.0,0.0,0,drone,1,9.489961992702219e-05,2770,0.0046500813764240876,True
GaussianBudget500M_MaxCov,VALLEY_2021-CATNF-001454,20210730,13,pyrologix,11,90-59,2021,0.0,0.0,-1,undetected,1,9.489961992702219e-05,4710,0.0046500813764240876,True
GaussianBudget500M_MaxCov,VALLEY__2021-CAANF-000645,20210301,14,pyrologix,10,192-68,2021,0.0,0.0,0,drone,1,9.489961992702219e-05,3420,0.0046500813764240876,True
GaussianBudget500M_MaxCov,VALLEY__2021-CASTF-001888,20210730,14,pyrologix,9,111-69,2021,0.0,0.0,0,drone,1,9.489961992702219e-05,3560,0.0046500813764240876,True
GaussianBudget500M_MaxCov,VALYERMO_2021-CAANF-002916,20210805,18,pyrologix,6,204-86,2021,0.0,0.0,0,drone,1,9.489961992702219e-05,2455,0.003985784036934932,True
GaussianBudget500M_MaxCov,VASQUEZ_2021-CAANF-002923,20210806,13,pyrologix,12,198-72,2021,0.0,0.0,-1,undetected,1,9.489961992702219e-05,4360,0.004555181756497065,True
GaussianBudget500M_MaxCov,VIEWPOINT_Viewpoint_2021-CACNF-003463,20211125,3,pyrologix,4,244-99,2021,0.0,0.0,1,drone,1,9.489961992702219e-05,2075,0.004555181756497065,True
GaussianBudget500M_MaxCov,VIEW_2021-CAANF-003226,20210829,6,pyrologix,5,198-72,2021,0.0,0.0,1,drone,1,9.489961992702219e-05,2110,0.004555181756497065,True
GaussianBudget500M_MaxCov,VISTA_2021-CAANF-001071,20210406,23,pyrologix,1,192-68,2021,0.0,0.0,2,drone,1,9.489961992702219e-05,1265,0.004270482896715999,True
GaussianBudget500M_MaxCov,VISTA_2021-CABDF-005850,20210401,15,pyrologix,7,208-96,2021,0.0,0.0,0,drone,1,9.489961992702219e-05,2945,0.004365382516643021,True
GaussianBudget500M_MaxCov,VISTA_2021-CASTF-001903,20210731,22,pyrologix,7,112-62,2021,0.0,0.0,0,drone,1,9.489961992702219e-05,2990,0.0046500813764240876,True
GaussianBudget500M_MaxCov,VIXEN_2021-CABDF-011348,20210723,15,pyrologix,7,217-101,2021,0.0,0.0,1,drone,1,9.489961992702219e-05,3065,0.004460282136570043,True
GaussianBudget500M_MaxCov,VLECK_2021-CAENF-022079,20210730,22,pyrologix,6,97-63,2021,0.0,0.0,1,drone,1,9.489961992702219e-05,2885,0.0046500813764240876,True
GaussianBudget500M_MaxCov,VOGEL_2021-CAANF-003688,20211003,2,pyrologix,11,204-75,2021,0.0,0.0,0,drone,1,9.489961992702219e-05,3760,0.0031316874575917325,True
GaussianBudget500M_MaxCov,VOLCANO__2021-CAINF-001788,20210719,15,pyrologix,2,157-85,2021,0.0,0.0,0,drone,1,9.489961992702219e-05,840,0.004270482896715999,True
GaussianBudget500M_MaxCov,VOLCOM_2021-CAINF-002538,20210917,12,pyrologix,7,126-80,2021,0.0,0.0,2,drone,1,9.489961992702219e-05,3160,0.0046500813764240876,True
GaussianBudget500M_MaxCov,Viejas_2021-CACNF-001276,20210505,13,pyrologix,9,244-99,2021,0.0,0.0,0,drone,1,9.489961992702219e-05,3740,0.0046500813764240876,True
GaussianBudget500M_MaxCov,WAGY_2021-CASQF-001819,20210627,14,pyrologix,5,171-80,2021,0.0,0.0,0,drone,1,9.489961992702219e-05,2095,0.0046500813764240876,True
GaussianBudget500M_MaxCov,WALKERS_2021-CASQF-002758,20210815,14,pyrologix,8,161-78,2021,0.0,0.0,0,drone,1,9.489961992702219e-05,3095,0.0046500813764240876,True
GaussianBudget500M_MaxCov,WALKER_2021-CAINF-001067,20210603,20,pyrologix,11,119-77,2021,0.0,0.0,0,drone,1,9.489961992702219e-05,4490,0.004365382516643021,True
GaussianBudget500M_MaxCov,WALKER_2021-CAKNF-002604,20210410,20,pyrologix,2,17-32,2021,0.0,0.0,0,drone,1,9.489961992702219e-05,960,0.004175583276788976,True
GaussianBudget500M_MaxCov,WALKER_2021-CAKNF-006078,20210723,13,pyrologix,4,17-32,2021,0.0,0.0,1,drone,1,9.489961992702219e-05,1860,0.004365382516643021,True
GaussianBudget500M_MaxCov,WALLOW_2021-CAKNF-005034,20210625,13,pyrologix,4,28-46,2021,0.0,0.0,0,drone,1,9.489961992702219e-05,1460,0.0046500813764240876,True
GaussianBudget500M_MaxCov,WARMING__2021-CAANF-001210,20210419,21,pyrologix,10,204-75,2021,0.0,0.0,0,drone,1,9.489961992702219e-05,3300,0.0031316874575917325,True
GaussianBudget500M_MaxCov,WASHES_2021-CABDF-011985,20210807,21,pyrologix,9,207-89,2021,0.0,0.0,1,drone,1,9.489961992702219e-05,3435,0.004270482896715999,True
GaussianBudget500M_MaxCov,WASHINGTON_2021-CATNF-000515,20210406,19,pyrologix,5,83-54,2021,0.0,0.0,0,drone,1,9.489961992702219e-05,1725,0.0046500813764240876,True
GaussianBudget500M_MaxCov,WATSON_2021-CATMU-023866,20210813,18,pyrologix,6,90-66,2021,0.0,0.0,0,drone,1,9.489961992702219e-05,2260,0.0036061855572268433,True
GaussianBudget500M_MaxCov,WATSON_2021-CATNF-002108,20211017,20,pyrologix,1,90-66,2021,0.0,0.0,0,drone,1,9.489961992702219e-05,460,0.002941888217737688,True
GaussianBudget500M_MaxCov,WAY_2021-CABDF-011645,20210730,17,pyrologix,4,207-89,2021,0.0,0.0,0,drone,1,9.489961992702219e-05,1670,0.004270482896715999,True
GaussianBudget500M_MaxCov,WEBBER_2021-CATNF-001089,20210625,21,pyrologix,6,83-61,2021,0.0,0.0,0,drone,1,9.489961992702219e-05,2065,0.0046500813764240876,True
GaussianBudget500M_MaxCov,WEED_3-4_2021-CASKU-005050,20210625,16,pyrologix,10,28-46,2021,0.0,0.0,1,drone,1,9.489961992702219e-05,3740,0.0046500813764240876,True
GaussianBudget500M_MaxCov,WEST_2021-CASNF-000781,20210703,22,pyrologix,2,130-64,2021,0.0,0.0,0,drone,1,9.489961992702219e-05,1000,0.0046500813764240876,True
GaussianBudget500M_MaxCov,WHALE_2021-CAKNF-002260,20210328,2,pyrologix,7,28-46,2021,0.0,0.0,0,drone,1,9.489961992702219e-05,2450,0.0046500813764240876,True
GaussianBudget500M_MaxCov,WHEATS_2021-CASTF-001867,20210729,23,pyrologix,1,105-68,2021,0.0,0.0,1,drone,1,9.489961992702219e-05,1125,0.004460282136570043,True
GaussianBudget500M_MaxCov,WHISKEY_2021-CAKNF-006344,20210730,18,pyrologix,2,31-36,2021,0.0,0.0,1,drone,1,9.489961992702219e-05,1210,0.004555181756497065,True
GaussianBudget500M_MaxCov,WHITE_2021-CAENF-021726,20210726,18,pyrologix,10,97-63,2021,0.0,0.0,0,drone,1,9.489961992702219e-05,3850,0.0046500813764240876,True
GaussianBudget500M_MaxCov,WHITE_2021-CASHF-001242,20210808,19,pyrologix,1,31-29,2021,0.0,0.0,0,drone,1,9.489961992702219e-05,620,0.004270482896715999,True
GaussianBudget500M_MaxCov,WHITE_POST_2021-CABDF-011135,20210718,13,pyrologix,11,224-102,2021,0.0,0.0,1,drone,1,9.489961992702219e-05,4455,0.004460282136570043,True
GaussianBudget500M_MaxCov,WHITTEMORE_2021-CAMDF-001449,20210813,14,pyrologix,10,34-67,2021,0.0,0.0,0,drone,1,9.489961992702219e-05,3845,0.0046500813764240876,True
GaussianBudget500M_MaxCov,WILCOX_2021-CALNF-001660,20210404,2,pyrologix,4,51-56,2021,0.0,0.0,0,drone,1,9.489961992702219e-05,1425,0.0046500813764240876,True
GaussianBudget500M_MaxCov,WILDHORSE_2021-CABDF-012130,20210810,17,pyrologix,12,210-102,2021,0.0,0.0,0,drone,1,9.489961992702219e-05,4415,0.0040806836568619545,True
GaussianBudget500M_MaxCov,WILDWOOD_2021-CABDF-011813,20210802,8,pyrologix,8,208-96,2021,0.0,0.0,2,drone,1,9.489961992702219e-05,4010,0.004365382516643021,True
GaussianBudget500M_MaxCov,WILD_2021-CABDF-012202,20210812,16,pyrologix,5,210-102,2021,0.0,0.0,1,drone,1,9.489961992702219e-05,2370,0.0040806836568619545,True
GaussianBudget500M_MaxCov,WILD_2021-CAKNF-006466,20210801,18,pyrologix,8,30-53,2021,0.0,0.0,0,drone,1,9.489961992702219e-05,3095,0.0046500813764240876,True
GaussianBudget500M_MaxCov,WILLIAMS_2021-CAMDF-001448,20210813,14,pyrologix,11,34-67,2021,0.0,0.0,-1,undetected,1,9.489961992702219e-05,4825,0.0046500813764240876,True
GaussianBudget500M_MaxCov,WILLOW_2021-CAMDF-000577,20210622,13,pyrologix,8,27-67,2021,0.0,0.0,1,drone,1,9.489961992702219e-05,3635,0.004365382516643021,True
GaussianBudget500M_MaxCov,WILLOW_2021-CATMU-029520,20211003,20,pyrologix,5,98-70,2021,0.0,0.0,1,drone,1,9.489961992702219e-05,2240,0.0033214866974457763,True
GaussianBudget500M_MaxCov,WILLOW_2021-CATNF-001769,20210910,15,pyrologix,9,83-61,2021,0.0,0.0,1,drone,1,9.489961992702219e-05,3500,0.0046500813764240876,True
GaussianBudget500M_MaxCov,WILSON_2021-CAINF-001454,20210629,23,pyrologix,12,115-75,2021,0.0,0.0,0,drone,1,9.489961992702219e-05,4535,0.0046500813764240876,True
GaussianBudget500M_MaxCov,WILSON__2021-CAANF-001478,20210514,4,pyrologix,3,206-81,2021,0.0,0.0,0,drone,1,9.489961992702219e-05,1455,0.0040806836568619545,True
GaussianBudget500M_MaxCov,WISHON_2021-CASNF-000458,20210531,9,pyrologix,11,143-73,2021,0.0,0.0,0,drone,1,9.489961992702219e-05,3955,0.0046500813764240876,True
GaussianBudget500M_MaxCov,WOODS__2021-CASTF-001757,20210720,19,pyrologix,4,111-69,2021,0.0,0.0,0,drone,1,9.489961992702219e-05,1755,0.0046500813764240876,True
GaussianBudget500M_MaxCov,WOODWARD_2021-CASQF-000684,20210407,20,pyrologix,4,147-77,2021,0.0,0.0,1,drone,1,9.489961992702219e-05,2020,0.0046500813764240876,True
GaussianBudget500M_MaxCov,WORLD_2021-CABDF-015371,20211024,0,pyrologix,4,208-96,2021,0.0,0.0,0,drone,1,9.489961992702219e-05,1780,0.004365382516643021,True
GaussianBudget500M_MaxCov,WRIGHTS_2021-CAENF-009608,20210410,0,pyrologix,1,97-63,2021,0.0,0.0,2,drone,1,9.489961992702219e-05,1415,0.0046500813764240876,True
GaussianBudget500M_MaxCov,Waldorf_2021-CASHF-000602,20210515,11,pyrologix,7,43-28,2021,0.0,0.0,1,drone,1,9.489961992702219e-05,3135,0.0046500813764240876,True
GaussianBudget500M_MaxCov,Warming_2021-CACNF-001108,20210417,9,pyrologix,9,231-102,2021,0.0,0.0,0,drone,1,9.489961992702219e-05,3365,0.004460282136570043,True
GaussianBudget500M_MaxCov,Wildcat_2021-CAPNF-001050,20210703,19,pyrologix,10,62-67,2021,0.0,0.0,2,drone,1,9.489961992702219e-05,4145,0.004365382516643021,True
GaussianBudget500M_MaxCov,Willow_2021-CALPF-001493,20210618,0,pyrologix,7,150-27,2021,0.0,0.0,1,drone,1,9.489961992702219e-05,2835,0.003795984797080888,True
GaussianBudget500M_MaxCov,Willow_2021-CASRF-000604,20210723,16,pyrologix,1,39-15,2021,0.0,0.0,0,drone,1,9.489961992702219e-05,735,0.004365382516643021,True
GaussianBudget500M_MaxCov,Willows_2021-CACNF-002745,20210823,19,pyrologix,2,244-99,2021,0.0,0.0,1,drone,1,9.489961992702219e-05,1205,0.004365382516643021,True
GaussianBudget500M_MaxCov,Windy_2021-CASRF-000434,20210622,12,pyrologix,8,46-21,2021,0.0,0.0,0,drone,1,9.489961992702219e-05,2845,0.0046500813764240876,True
GaussianBudget500M_MaxCov,Wolf_2021-CAPNF-000598,20210513,22,pyrologix,2,62-60,2021,0.0,0.0,0,drone,1,9.489961992702219e-05,1130,0.004555181756497065,True
GaussianBudget500M_MaxCov,Wolf_2021-CAPNF-000795,20210613,18,pyrologix,5,62-60,2021,0.0,0.0,2,drone,1,9.489961992702219e-05,2595,0.0046500813764240876,True
GaussianBudget500M_MaxCov,YELLOWJACKET_2021-CAINF-001481,20210630,18,pyrologix,10,125-87,2021,0.0,0.0,0,drone,1,9.489961992702219e-05,3610,0.004175583276788976,True
GaussianBudget500M_MaxCov,YELLOWJACKET_2021-CAKNF-007031,20210816,21,pyrologix,5,24-32,2021,0.0,0.0,0,drone,1,9.489961992702219e-05,2280,0.0046500813764240876,True
GaussianBudget500M_MaxCov,YELLOW_2021-CABDF-018163,20211127,20,pyrologix,6,224-102,2021,0.0,0.0,2,drone,1,9.489961992702219e-05,2975,0.004460282136570043,True
GaussianBudget500M_MaxCov,YELLOW_2021-CAKNF-003633,20210515,14,pyrologix,11,31-29,2021,0.0,0.0,1,drone,1,9.489961992702219e-05,4635,0.0046500813764240876,True
GaussianBudget500M_MaxCov,Yellow_2021-CASHF-000950,20210625,2,pyrologix,6,28-46,2021,0.0,0.0,0,drone,1,9.489961992702219e-05,2190,0.0046500813764240876,True
GaussianBudget500M_MaxCov,Zeigler_2021-CASRF-000202,20210413,11,pyrologix,9,40-22,2021,0.0,0.0,1,drone,1,9.489961992702219e-05,3840,0.0046500813764240876,True
GaussianBudget500M_MaxCov,Zot_2021-CASHF-000948,20210625,23,pyrologix,9,33-43,2021,0.0,0.0,1,drone,1,9.489961992702219e-05,3540,0.0046500813764240876,True
GaussianBudget500M_MaxCov,Zumbrota_2021-CACNF-002802,20210829,17,pyrologix,6,244-99,2021,0.0,0.0,1,drone,1,9.489961992702219e-05,2815,0.0046500813764240876,True
