strategy_combo,scenario_name,date,sim_start_hour,log_key,offset,cluster,year,routing_compute_seconds,sim_replay_seconds,delta_t,device,fire_size_cells,fire_size_percentage,total_distance_traveled,percentage_map_explored,routed
GaussianBudget75M_TOPGrowing,1-8_Jessen_2024-CALMU-004352,20240723,19,pyrologix,9,51-61,2024,0.0,0.0030762999085709453,0,drone,1,9.489961992702219e-05,3565,0.0046500813764240876,True
GaussianBudget75M_TOPGrowing,4-1_2024-CATCU-006043,20240515,23,pyrologix,7,114-64,2024,0.0,0.009541820036247373,2,drone,1,9.489961992702219e-05,3800,0.0046500813764240876,True
GaussianBudget75M_TOPGrowing,5-1_2024-CAMMU-016051,20240714,12,pyrologix,6,135-67,2024,0.0,0.0023272859398275614,0,drone,1,9.489961992702219e-05,2420,0.0046500813764240876,True
GaussianBudget75M_TOPGrowing,5-2_2024-CAMMU-016053,20240714,9,pyrologix,12,135-67,2024,0.0,0.003491424024105072,0,drone,1,9.489961992702219e-05,4795,0.0046500813764240876,True
GaussianBudget75M_TOPGrowing,5-2_2024-CASHU-009215,20240818,19,pyrologix,10,44-34,2024,0.0,0.009516577003523707,2,drone,1,9.489961992702219e-05,4880,0.0046500813764240876,True
GaussianBudget75M_TOPGrowing,5-4_2024-CAMMU-016086,20240714,19,pyrologix,3,135-67,2024,0.0,0.0025263200514018536,0,drone,1,9.489961992702219e-05,1245,0.0046500813764240876,True
GaussianBudget75M_TOPGrowing,Ackerson_2024-CASTF-001399,20240716,23,pyrologix,3,121-68,2024,0.0,0.0028522739885374904,0,drone,1,9.489961992702219e-05,1300,0.004555181756497065,True
GaussianBudget75M_TOPGrowing,Acorn_2024-CACNF-002683,20241124,20,pyrologix,8,none,2024,0.0,0.0024192659184336662,-1,undetected,1,9.489961992702219e-05,0,0.0,False
GaussianBudget75M_TOPGrowing,Acorn_2024-CASQF-001270,20240714,19,pyrologix,7,177-72,2024,0.0,0.006308045005425811,1,drone,1,9.489961992702219e-05,3185,0.0046500813764240876,True
GaussianBudget75M_TOPGrowing,Airport_2024-CAKNF-009324,20241110,16,pyrologix,5,17-27,2024,0.0,0.003874411922879517,0,drone,1,9.489961992702219e-05,2225,0.0046500813764240876,True
GaussianBudget75M_TOPGrowing,Alder_2024-CAANF-244447,20241205,5,pyrologix,8,206-81,2024,0.0,0.0032448009587824345,0,drone,1,9.489961992702219e-05,3255,0.0040806836568619545,True
GaussianBudget75M_TOPGrowing,Alder_2024-CASHF-000370,20240606,20,pyrologix,7,37-35,2024,0.0,0.004256634972989559,0,drone,1,9.489961992702219e-05,3090,0.0046500813764240876,True
GaussianBudget75M_TOPGrowing,Aliso_2024-CALPF-002588,20241010,2,pyrologix,3,none,2024,0.0,0.0018684250535443425,-1,undetected,1,9.489961992702219e-05,0,0.0,False
GaussianBudget75M_TOPGrowing,Alpine_2024-CASTF-002246,20240924,13,pyrologix,8,114-64,2024,0.0,0.006464921054430306,1,drone,1,9.489961992702219e-05,3720,0.0046500813764240876,True
GaussianBudget75M_TOPGrowing,Alpine_2024-CATNF-000884,20240714,23,pyrologix,7,93-62,2024,0.0,0.0036386349238455296,0,drone,1,9.489961992702219e-05,2950,0.0046500813764240876,True
GaussianBudget75M_TOPGrowing,Alray_2024-CABDF-015057,20241027,21,pyrologix,8,206-88,2024,0.0,0.007049564970657229,1,drone,1,9.489961992702219e-05,3755,0.004365382516643021,True
GaussianBudget75M_TOPGrowing,Antelope_2024-CAPNF-000395,20240612,3,pyrologix,3,65-64,2024,0.0,0.0022260089172050357,0,drone,1,9.489961992702219e-05,1300,0.0046500813764240876,True
GaussianBudget75M_TOPGrowing,Apache_2024-CALPF-001757,20240724,1,pyrologix,1,none,2024,0.0,0.0018538880394771695,-1,undetected,1,9.489961992702219e-05,0,0.0,False
GaussianBudget75M_TOPGrowing,Applegate_2024-CAMDF-000802,20240829,19,pyrologix,6,none,2024,0.0,0.0018951240926980972,-1,undetected,1,9.489961992702219e-05,0,0.0,False
GaussianBudget75M_TOPGrowing,Archer_2024-CAANF-243524,20240927,6,pyrologix,6,195-71,2024,0.0,0.0029458539793267846,0,drone,1,9.489961992702219e-05,2515,0.0046500813764240876,True
GaussianBudget75M_TOPGrowing,Argentine_2024-CAPNF-000269,20240515,17,pyrologix,4,72-59,2024,0.0,0.0021429810440167785,0,drone,1,9.489961992702219e-05,1625,0.0046500813764240876,True
GaussianBudget75M_TOPGrowing,Arnot_2024-CASTF-001473,20240721,16,pyrologix,2,107-68,2024,0.0,0.009933604975230992,1,drone,1,9.489961992702219e-05,1225,0.0046500813764240876,True
GaussianBudget75M_TOPGrowing,Ash_2024-CAMDF-000501,20240724,17,pyrologix,7,43-69,2024,0.0,0.006019260035827756,1,drone,1,9.489961992702219e-05,3315,0.0046500813764240876,True
GaussianBudget75M_TOPGrowing,Ashpan_2024-CALNF-003573,20240627,19,pyrologix,3,51-54,2024,0.0,0.00294741103425622,0,drone,1,9.489961992702219e-05,1405,0.0046500813764240876,True
GaussianBudget75M_TOPGrowing,Aspen_2024-CAINF-000889,20240625,10,pyrologix,9,none,2024,0.0,0.0018950259545817971,-1,undetected,1,9.489961992702219e-05,0,0.0,False
GaussianBudget75M_TOPGrowing,Azalea_2024-CASRF-000964,20241005,13,pyrologix,4,15-20,2024,0.0,0.004561032052151859,0,drone,1,9.489961992702219e-05,1900,0.0046500813764240876,True
GaussianBudget75M_TOPGrowing,Babbit_2024-CATNF-001465,20241007,18,pyrologix,6,79-68,2024,0.0,0.005644685006700456,1,drone,1,9.489961992702219e-05,2830,0.0046500813764240876,True
GaussianBudget75M_TOPGrowing,Babcock_2024-CAPNF-000739,20240714,21,pyrologix,11,65-64,2024,0.0,0.0034328799229115248,0,drone,1,9.489961992702219e-05,4380,0.0046500813764240876,True
GaussianBudget75M_TOPGrowing,Back_Bone_2024-CANEU-015937,20240607,21,pyrologix,6,79-54,2024,0.0,0.005832646042108536,1,drone,1,9.489961992702219e-05,2900,0.0047449809963511095,True
GaussianBudget75M_TOPGrowing,Badger_2024-CASNF-000935,20240714,22,pyrologix,8,134-74,2024,0.0,0.0032387740211561322,0,drone,1,9.489961992702219e-05,3225,0.0046500813764240876,True
GaussianBudget75M_TOPGrowing,Bailey_2024-CABDF-005862,20240414,1,pyrologix,6,none,2024,0.0,0.003096786909736693,-1,undetected,1,9.489961992702219e-05,0,0.0,False
GaussianBudget75M_TOPGrowing,Bailey_2024-CASRF-000702,20240803,20,pyrologix,4,52-19,2024,0.0,0.004526959965005517,0,drone,1,9.489961992702219e-05,1725,0.0046500813764240876,True
GaussianBudget75M_TOPGrowing,Baldwin_2024-CABDF-006762,20240506,16,pyrologix,2,none,2024,0.0,0.0018834900110960007,-1,undetected,1,9.489961992702219e-05,0,0.0,False
GaussianBudget75M_TOPGrowing,Baldy_2024-CAANF-242409,20240715,4,pyrologix,1,206-88,2024,0.0,0.003264985978603363,0,drone,1,9.489961992702219e-05,650,0.004175583276788976,True
GaussianBudget75M_TOPGrowing,Baldy_2024-CAMNF-000884,20240730,0,pyrologix,2,59-26,2024,0.0,0.005610985099337995,1,drone,1,9.489961992702219e-05,1380,0.0046500813764240876,True
GaussianBudget75M_TOPGrowing,Banner_2024-CATNF-001676,20241207,17,pyrologix,12,86-53,2024,0.0,0.004790186998434365,0,drone,1,9.489961992702219e-05,4880,0.0046500813764240876,True
GaussianBudget75M_TOPGrowing,Barbosa_2024-CAANF-242899,20240810,4,pyrologix,12,206-81,2024,0.0,0.0037772490177303553,0,drone,1,9.489961992702219e-05,4780,0.0040806836568619545,True
GaussianBudget75M_TOPGrowing,Barlow_2024-CASQF-001046,20240627,0,pyrologix,2,177-79,2024,0.0,0.006493904977105558,1,drone,1,9.489961992702219e-05,1425,0.0046500813764240876,True
GaussianBudget75M_TOPGrowing,Barrett_2024-CACNF-000708,20240518,15,pyrologix,11,244-98,2024,0.0,0.005782276042737067,0,drone,1,9.489961992702219e-05,4680,0.0046500813764240876,True
GaussianBudget75M_TOPGrowing,Base_2024-CABDF-012513,20240906,0,pyrologix,1,209-96,2024,0.0,0.006026678020134568,1,drone,1,9.489961992702219e-05,1085,0.004270482896715999,True
GaussianBudget75M_TOPGrowing,Basin_2024-CASHF-000799,20240826,18,pyrologix,12,52-19,2024,0.0,0.007093666004948318,1,drone,1,9.489961992702219e-05,5365,0.0046500813764240876,True
GaussianBudget75M_TOPGrowing,Basin_2024-CASNF-000731,20240626,13,pyrologix,9,141-74,2024,0.0,0.009291302994824946,2,drone,1,9.489961992702219e-05,4545,0.0046500813764240876,True
GaussianBudget75M_TOPGrowing,Bass_2024-CAMMU-023926,20241012,19,pyrologix,9,135-67,2024,0.0,0.005214289994910359,0,drone,1,9.489961992702219e-05,3895,0.0046500813764240876,True
GaussianBudget75M_TOPGrowing,Bassetts_2024-CATNF-001538,20241025,21,pyrologix,3,79-61,2024,0.0,0.002104214043356478,0,drone,1,9.489961992702219e-05,1270,0.0046500813764240876,True
GaussianBudget75M_TOPGrowing,Bautista_2024-CABDF-011458,20240813,15,pyrologix,7,223-101,2024,0.0,0.003487717011012137,0,drone,1,9.489961992702219e-05,2675,0.0046500813764240876,True
GaussianBudget75M_TOPGrowing,Bawdy_2024-CASNF-001693,20241008,17,pyrologix,6,134-74,2024,0.0,0.003108814009465277,0,drone,1,9.489961992702219e-05,2525,0.0046500813764240876,True
GaussianBudget75M_TOPGrowing,Beach_2024-CASQF-001885,20241006,15,pyrologix,11,177-72,2024,0.0,0.004798303009010851,0,drone,1,9.489961992702219e-05,4455,0.0046500813764240876,True
GaussianBudget75M_TOPGrowing,Beal_2024-CAFKU-012210,20240614,19,pyrologix,12,142-67,2024,0.0,0.007453136029653251,1,drone,1,9.489961992702219e-05,5325,0.0046500813764240876,True
GaussianBudget75M_TOPGrowing,Bear_2024-CAANF-243255,20240904,4,pyrologix,1,206-88,2024,0.0,0.0036401940742507577,0,drone,1,9.489961992702219e-05,650,0.004175583276788976,True
GaussianBudget75M_TOPGrowing,Bear_2024-CAMDF-000407,20240716,19,pyrologix,9,none,2024,0.0,0.0018884179880842566,-1,undetected,1,9.489961992702219e-05,0,0.0,False
GaussianBudget75M_TOPGrowing,Bear_2024-CASKU-008015,20240926,8,pyrologix,7,37-56,2024,0.0,0.004034757963381708,0,drone,1,9.489961992702219e-05,2990,0.0046500813764240876,True
GaussianBudget75M_TOPGrowing,Bear_2024-CASRF-000951,20241002,19,pyrologix,5,45-20,2024,0.0,0.002625177032314241,0,drone,1,9.489961992702219e-05,2045,0.0046500813764240876,True
GaussianBudget75M_TOPGrowing,Bear_2024-CATNF-001251,20240902,16,pyrologix,10,79-68,2024,0.0,0.005004759994335473,0,drone,1,9.489961992702219e-05,4235,0.0046500813764240876,True
GaussianBudget75M_TOPGrowing,Bear_2_2024-CAENF-031901,20241110,13,pyrologix,12,93-56,2024,0.0,0.0035215950338169932,0,drone,1,9.489961992702219e-05,4795,0.0046500813764240876,True
GaussianBudget75M_TOPGrowing,Bear_Dam_2024-CABDF-015192,20241028,23,pyrologix,12,209-96,2024,0.0,0.004622110980562866,0,drone,1,9.489961992702219e-05,4850,0.004460282136570043,True
GaussianBudget75M_TOPGrowing,Bear_Lake_2024-CASTF-001903,20240823,14,pyrologix,4,114-64,2024,0.0,0.010672437958419323,3,drone,1,9.489961992702219e-05,2905,0.0046500813764240876,True
GaussianBudget75M_TOPGrowing,Beardsley_2024-CASTF-002557,20241102,22,pyrologix,3,114-64,2024,0.0,0.0034283249406144023,0,drone,1,9.489961992702219e-05,1390,0.0046500813764240876,True
GaussianBudget75M_TOPGrowing,Bee_2024-CAKNF-005736,20240716,19,pyrologix,7,none,2024,0.0,0.0018729240400716662,-1,undetected,1,9.489961992702219e-05,0,0.0,False
GaussianBudget75M_TOPGrowing,Bell_2024-CASTF-001979,20240830,21,pyrologix,2,114-64,2024,0.0,0.0018422099528834224,0,drone,1,9.489961992702219e-05,850,0.004460282136570043,True
GaussianBudget75M_TOPGrowing,Bench_2024-CACNF-002603,20241110,11,pyrologix,11,none,2024,0.0,0.0018879600102081895,-1,undetected,1,9.489961992702219e-05,0,0.0,False
GaussianBudget75M_TOPGrowing,Berry_2024-CASRF-001009,20241017,14,pyrologix,9,45-20,2024,0.0,0.003078236011788249,0,drone,1,9.489961992702219e-05,3575,0.0046500813764240876,True
GaussianBudget75M_TOPGrowing,Big_2024-CAANF-243530,20240927,19,pyrologix,1,195-71,2024,0.0,0.002292416989803314,0,drone,1,9.489961992702219e-05,510,0.0036061855572268433,True
GaussianBudget75M_TOPGrowing,Big_2024-CASQF-000665,20240526,16,pyrologix,9,147-79,2024,0.0,0.00362094899173826,0,drone,1,9.489961992702219e-05,3690,0.0046500813764240876,True
GaussianBudget75M_TOPGrowing,Billy_2024-CASNF-001544,20240915,18,pyrologix,1,134-74,2024,0.0,0.003298903931863606,0,drone,1,9.489961992702219e-05,620,0.004460282136570043,True
GaussianBudget75M_TOPGrowing,Bingham_2024-CAKNF-006782,20240817,22,pyrologix,4,31-31,2024,0.0,0.001880176947452128,0,drone,1,9.489961992702219e-05,1600,0.0046500813764240876,True
GaussianBudget75M_TOPGrowing,Bitter_2024-CAANF-244511,20241211,10,pyrologix,10,195-71,2024,0.0,0.0034814380342140794,0,drone,1,9.489961992702219e-05,4000,0.0046500813764240876,True
GaussianBudget75M_TOPGrowing,Bizz_2024-CALMU-003272,20240615,11,pyrologix,6,58-61,2024,0.0,0.0026903609978035092,0,drone,1,9.489961992702219e-05,2475,0.004555181756497065,True
GaussianBudget75M_TOPGrowing,Black_2024-CAENF-020571,20240721,23,pyrologix,1,93-62,2024,0.0,0.003286049934104085,0,drone,1,9.489961992702219e-05,680,0.004555181756497065,True
GaussianBudget75M_TOPGrowing,Black_2024-CAPNF-000439,20240619,20,pyrologix,4,72-52,2024,0.0,0.006039178930222988,1,drone,1,9.489961992702219e-05,2095,0.0046500813764240876,True
GaussianBudget75M_TOPGrowing,Blackhawk_2024-CAPNF-000215,20240429,15,pyrologix,6,72-59,2024,0.0,0.0033488780027255416,0,drone,1,9.489961992702219e-05,2520,0.0046500813764240876,True
GaussianBudget75M_TOPGrowing,Blue_2024-CAANF-242070,20240702,17,pyrologix,4,206-88,2024,0.0,0.0025320210261270404,0,drone,1,9.489961992702219e-05,1640,0.004365382516643021,True
GaussianBudget75M_TOPGrowing,Blue_2024-CABDF-010473,20240721,21,pyrologix,1,209-96,2024,0.0,0.00335018802434206,0,drone,1,9.489961992702219e-05,675,0.004270482896715999,True
GaussianBudget75M_TOPGrowing,Blue_2024-CAKNF-005703,20240716,0,pyrologix,2,17-34,2024,0.0,0.0028716949746012688,0,drone,1,9.489961992702219e-05,970,0.00389088441700791,True
GaussianBudget75M_TOPGrowing,Blue_2024-CANEU-024723,20240819,5,pyrologix,10,86-60,2024,0.0,0.00312015600502491,0,drone,1,9.489961992702219e-05,3900,0.0046500813764240876,True
GaussianBudget75M_TOPGrowing,Blue_2024-CASTF-001688,20240803,15,pyrologix,11,none,2024,0.0,0.001887546037323773,-1,undetected,1,9.489961992702219e-05,0,0.0,False
GaussianBudget75M_TOPGrowing,Blue_2024-CATNF-000587,20240615,15,pyrologix,2,86-60,2024,0.0,0.002407573047094047,0,drone,1,9.489961992702219e-05,880,0.004555181756497065,True
GaussianBudget75M_TOPGrowing,Blue_2024-CATNF-001491,20241013,17,pyrologix,4,86-60,2024,0.0,0.0035226739710196853,0,drone,1,9.489961992702219e-05,1810,0.0046500813764240876,True
GaussianBudget75M_TOPGrowing,Bluff_2024-CABDF-012418,20240903,22,pyrologix,8,209-96,2024,0.0,0.00388332293368876,0,drone,1,9.489961992702219e-05,3340,0.004460282136570043,True
GaussianBudget75M_TOPGrowing,Bluff_2024-CASNF-000709,20240625,20,pyrologix,11,141-74,2024,0.0,0.007796611986123025,1,drone,1,9.489961992702219e-05,5035,0.0046500813764240876,True
GaussianBudget75M_TOPGrowing,Board_2024-CAMNF-001150,20240905,22,pyrologix,11,66-26,2024,0.0,0.0036987890489399433,0,drone,1,9.489961992702219e-05,4380,0.0046500813764240876,True
GaussianBudget75M_TOPGrowing,Bobcat_2024-CABDF-012662,20240909,13,pyrologix,4,209-96,2024,0.0,0.00194995803758502,0,drone,1,9.489961992702219e-05,1650,0.004365382516643021,True
GaussianBudget75M_TOPGrowing,Boca_2024-CATNF-000758,20240702,0,pyrologix,2,86-67,2024,0.0,0.001640819013118744,0,drone,1,9.489961992702219e-05,805,0.0040806836568619545,True
GaussianBudget75M_TOPGrowing,Boise_2024-CASRF-000729,20240809,14,pyrologix,4,31-24,2024,0.0,0.002546285977587104,0,drone,1,9.489961992702219e-05,1650,0.0046500813764240876,True
GaussianBudget75M_TOPGrowing,Bolam_2024-CASHF-000046,20240120,14,pyrologix,10,30-45,2024,0.0,0.005385329015552998,0,drone,1,9.489961992702219e-05,4240,0.0046500813764240876,True
GaussianBudget75M_TOPGrowing,Borel_2024-CASQF-001362,20240724,17,pyrologix,6,177-72,2024,0.0,0.0028538230108097196,0,drone,1,9.489961992702219e-05,2410,0.0046500813764240876,True
GaussianBudget75M_TOPGrowing,Boulder_2024-CASQF-001251,20240713,20,pyrologix,5,147-79,2024,0.0,0.0029162400169298053,0,drone,1,9.489961992702219e-05,2125,0.0046500813764240876,True
GaussianBudget75M_TOPGrowing,Bouquet_2024-CAANF-242717,20240730,11,pyrologix,6,none,2024,0.0,0.0018942609895020723,-1,undetected,1,9.489961992702219e-05,0,0.0,False
GaussianBudget75M_TOPGrowing,Bradley_2024-CASHF-000897,20240915,20,pyrologix,7,37-42,2024,0.0,0.00435108901001513,0,drone,1,9.489961992702219e-05,2975,0.0046500813764240876,True
GaussianBudget75M_TOPGrowing,Bragdon_2024-CASHF-000759,20240818,22,pyrologix,7,44-34,2024,0.0,0.0035902049858123064,0,drone,1,9.489961992702219e-05,2925,0.0046500813764240876,True
GaussianBudget75M_TOPGrowing,Bremer_2024-CASRF-000319,20240606,19,pyrologix,7,38-21,2024,0.0,0.006910859025083482,1,drone,1,9.489961992702219e-05,3265,0.0046500813764240876,True
GaussianBudget75M_TOPGrowing,Brewer_2024-CASNF-000936,20240714,1,pyrologix,4,141-74,2024,0.0,0.005534154013730586,1,drone,1,9.489961992702219e-05,2160,0.0046500813764240876,True
GaussianBudget75M_TOPGrowing,Bridge_2024-CAANF-243334,20240908,18,pyrologix,7,206-88,2024,0.0,0.0037821070291101933,0,drone,1,9.489961992702219e-05,2920,0.004365382516643021,True
GaussianBudget75M_TOPGrowing,Bridge_2024-CAKNF-002497,20240408,21,pyrologix,5,23-39,2024,0.0,0.00312993791885674,0,drone,1,9.489961992702219e-05,2105,0.0046500813764240876,True
GaussianBudget75M_TOPGrowing,Brimstone_2024-CATNF-000879,20240713,19,pyrologix,4,86-53,2024,0.0,0.002988107968121767,0,drone,1,9.489961992702219e-05,1705,0.0046500813764240876,True
GaussianBudget75M_TOPGrowing,Brook_2024-CABDF-008848,20240616,19,pyrologix,5,206-88,2024,0.0,0.008355570957064629,2,drone,1,9.489961992702219e-05,2815,0.004365382516643021,True
GaussianBudget75M_TOPGrowing,Brooks_2024-CATNF-000530,20240606,23,pyrologix,6,79-68,2024,0.0,0.004211441031657159,0,drone,1,9.489961992702219e-05,2670,0.0046500813764240876,True
GaussianBudget75M_TOPGrowing,Browns_2024-CABTU-017716,20240919,16,pyrologix,6,65-50,2024,0.0,0.0028703520074486732,0,drone,1,9.489961992702219e-05,2420,0.0046500813764240876,True
GaussianBudget75M_TOPGrowing,Browns_2024-CALNF-005269,20240902,14,pyrologix,7,65-50,2024,0.0,0.0029410639544948936,0,drone,1,9.489961992702219e-05,2830,0.0046500813764240876,True
GaussianBudget75M_TOPGrowing,Brubaker_2024-CALPF-002880,20241111,23,pyrologix,7,none,2024,0.0,0.0018795100040733814,-1,undetected,1,9.489961992702219e-05,0,0.0,False
GaussianBudget75M_TOPGrowing,Buck_2024-CAANF-244182,20241111,21,pyrologix,4,206-81,2024,0.0,0.005180757027119398,1,drone,1,9.489961992702219e-05,2085,0.003985784036934932,True
GaussianBudget75M_TOPGrowing,Bucks_2024-CAPNF-000224,20240501,19,pyrologix,5,72-52,2024,0.0,0.006178810028359294,1,drone,1,9.489961992702219e-05,2450,0.0046500813764240876,True
GaussianBudget75M_TOPGrowing,Buena_2024-CAANF-242408,20240715,0,pyrologix,7,201-76,2024,0.0,0.0069268380757421255,1,drone,1,9.489961992702219e-05,3365,0.004555181756497065,True
GaussianBudget75M_TOPGrowing,Bug_2024-CAANF-242377,20240714,4,pyrologix,12,206-81,2024,0.0,0.0044122409308329225,0,drone,1,9.489961992702219e-05,4885,0.0040806836568619545,True
GaussianBudget75M_TOPGrowing,Bull_2024-CASTF-001058,20240625,22,pyrologix,9,114-64,2024,0.0,0.00755087798461318,1,drone,1,9.489961992702219e-05,4205,0.0046500813764240876,True
GaussianBudget75M_TOPGrowing,Bull_2024-CATNF-000923,20240718,14,pyrologix,2,86-67,2024,0.0,0.0031562589574605227,0,drone,1,9.489961992702219e-05,950,0.004175583276788976,True
GaussianBudget75M_TOPGrowing,Bunker_2024-CAENF-031192,20241103,12,pyrologix,7,93-62,2024,0.0,0.0028801270527765155,0,drone,1,9.489961992702219e-05,2850,0.0046500813764240876,True
GaussianBudget75M_TOPGrowing,Burro_2024-CAANF-241787,20240616,17,pyrologix,8,206-81,2024,0.0,0.004450306994840503,0,drone,1,9.489961992702219e-05,3430,0.0040806836568619545,True
GaussianBudget75M_TOPGrowing,Butte_2024-CAKNF-008406,20241009,18,pyrologix,4,30-52,2024,0.0,0.003213841002434492,0,drone,1,9.489961992702219e-05,1755,0.0046500813764240876,True
GaussianBudget75M_TOPGrowing,Buttermilks_2024-CAINF-001887,20241010,18,pyrologix,3,none,2024,0.0,0.0024840260157361627,-1,undetected,1,9.489961992702219e-05,0,0.0,False
GaussianBudget75M_TOPGrowing,Buzzard_2024-CATNF-001488,20241012,16,pyrologix,12,86-60,2024,0.0,0.007630708045326173,1,drone,1,9.489961992702219e-05,5295,0.0046500813764240876,True
GaussianBudget75M_TOPGrowing,Cable_2024-CALPF-001257,20240614,16,pyrologix,11,none,2024,0.0,0.001914234017021954,-1,undetected,1,9.489961992702219e-05,0,0.0,False
GaussianBudget75M_TOPGrowing,Cachuma_2024-CALPF-002151,20240826,18,pyrologix,9,none,2024,0.0,0.0019167829304933548,-1,undetected,1,9.489961992702219e-05,0,0.0,False
GaussianBudget75M_TOPGrowing,Cactus_2024-CABDF-013456,20240927,17,pyrologix,8,none,2024,0.0,0.0021035830723121762,-1,undetected,1,9.489961992702219e-05,0,0.0,False
GaussianBudget75M_TOPGrowing,Campfire_2024-CASQF-000561,20240514,22,pyrologix,12,170-77,2024,0.0,0.00578814500477165,0,drone,1,9.489961992702219e-05,5055,0.0046500813764240876,True
GaussianBudget75M_TOPGrowing,Campground_2024-CAINF-001022,20240706,14,pyrologix,2,none,2024,0.0,0.0019127799896523356,-1,undetected,1,9.489961992702219e-05,0,0.0,False
GaussianBudget75M_TOPGrowing,Canal_2024-CABDF-016192,20241109,14,pyrologix,5,209-96,2024,0.0,0.002590245916508138,0,drone,1,9.489961992702219e-05,2075,0.004460282136570043,True
GaussianBudget75M_TOPGrowing,Canyon_2024-CAANF-243072,20240822,20,pyrologix,8,201-76,2024,0.0,0.003942852956242859,0,drone,1,9.489961992702219e-05,3300,0.004555181756497065,True
GaussianBudget75M_TOPGrowing,Canyon_2024-CACNF-000183,20240207,4,pyrologix,12,none,2024,0.0,0.0019171140156686306,-1,undetected,1,9.489961992702219e-05,0,0.0,False
GaussianBudget75M_TOPGrowing,Canyon_2024-CAKNF-006803,20240818,11,pyrologix,7,24-32,2024,0.0,0.00853380502667278,1,drone,1,9.489961992702219e-05,3470,0.0046500813764240876,True
GaussianBudget75M_TOPGrowing,Canyon_2024-CALPF-001838,20240801,9,pyrologix,11,none,2024,0.0,0.001855331938713789,-1,undetected,1,9.489961992702219e-05,0,0.0,False
GaussianBudget75M_TOPGrowing,Canyon_2024-CASHF-000754,20240817,20,pyrologix,5,45-27,2024,0.0,0.0031440459424629807,0,drone,1,9.489961992702219e-05,2190,0.0046500813764240876,True
GaussianBudget75M_TOPGrowing,Canyon_2024-CASTF-001749,20240809,5,pyrologix,6,114-57,2024,0.0,0.003054550033994019,0,drone,1,9.489961992702219e-05,2430,0.0046500813764240876,True
GaussianBudget75M_TOPGrowing,Canyon_2024-CATMU-024403,20240827,17,pyrologix,4,93-62,2024,0.0,0.0032520549139007926,0,drone,1,9.489961992702219e-05,1790,0.0046500813764240876,True
GaussianBudget75M_TOPGrowing,Capitan_2024-CACNF-001149,20240628,15,pyrologix,8,244-98,2024,0.0,0.003656592918559909,0,drone,1,9.489961992702219e-05,3330,0.0046500813764240876,True
GaussianBudget75M_TOPGrowing,Capps_2024-CAENF-021415,20240729,2,pyrologix,10,100-61,2024,0.0,0.003912894055247307,0,drone,1,9.489961992702219e-05,4045,0.0046500813764240876,True
GaussianBudget75M_TOPGrowing,Carmen_2024-CAPNF-000932,20240805,18,pyrologix,2,72-59,2024,0.0,0.0028659169329330325,0,drone,1,9.489961992702219e-05,1030,0.0046500813764240876,True
GaussianBudget75M_TOPGrowing,Carmen_2024-CATNF-001052,20240804,16,pyrologix,2,79-61,2024,0.0,0.0028318989789113402,0,drone,1,9.489961992702219e-05,1030,0.0046500813764240876,True
GaussianBudget75M_TOPGrowing,Cassel_2024-CASHU-011470,20241008,20,pyrologix,2,44-55,2024,0.0,0.0026385950623080134,0,drone,1,9.489961992702219e-05,985,0.0046500813764240876,True
GaussianBudget75M_TOPGrowing,Castle_2024-CASNF-000932,20240714,22,pyrologix,6,none,2024,0.0,0.0018905539764091372,-1,undetected,1,9.489961992702219e-05,0,0.0,False
GaussianBudget75M_TOPGrowing,Cattle_2024-CAANF-242372,20240714,0,pyrologix,11,206-81,2024,0.0,0.004445272032171488,0,drone,1,9.489961992702219e-05,4490,0.0040806836568619545,True
GaussianBudget75M_TOPGrowing,Cave_2024-CALPF-002253,20240904,23,pyrologix,1,none,2024,0.0,0.0019035470904782414,-1,undetected,1,9.489961992702219e-05,0,0.0,False
GaussianBudget75M_TOPGrowing,Caves_2024-CAINF-000643,20240526,12,pyrologix,11,127-76,2024,0.0,0.003951663034968078,0,drone,1,9.489961992702219e-05,4575,0.004839880616278132,True
GaussianBudget75M_TOPGrowing,Cayuse_2024-CAKNF-002498,20240409,21,pyrologix,8,23-39,2024,0.0,0.0031591630540788174,0,drone,1,9.489961992702219e-05,3230,0.0046500813764240876,True
GaussianBudget75M_TOPGrowing,Cedar_2024-CABDF-006927,20240510,13,pyrologix,5,223-101,2024,0.0,0.00293291499838233,0,drone,1,9.489961992702219e-05,2075,0.0046500813764240876,True
GaussianBudget75M_TOPGrowing,Cedar_2024-CASRF-000606,20240717,19,pyrologix,9,38-21,2024,0.0,0.0041830879636108875,0,drone,1,9.489961992702219e-05,3830,0.0046500813764240876,True
GaussianBudget75M_TOPGrowing,Cemetery_2024-CAINF-001307,20240730,20,pyrologix,1,none,2024,0.0,0.0018396519590169191,-1,undetected,1,9.489961992702219e-05,0,0.0,False
GaussianBudget75M_TOPGrowing,Center_2024-CAANF-241387,20240521,20,pyrologix,1,195-71,2024,0.0,0.0030247060349211097,0,drone,1,9.489961992702219e-05,685,0.004460282136570043,True
GaussianBudget75M_TOPGrowing,Chandler_2024-CAPNF-000653,20240706,4,pyrologix,11,72-59,2024,0.0,0.004322638036683202,0,drone,1,9.489961992702219e-05,4530,0.0046500813764240876,True
GaussianBudget75M_TOPGrowing,Cherry_2024-CAANF-241157,20240501,23,pyrologix,4,195-71,2024,0.0,0.0030347220599651337,0,drone,1,9.489961992702219e-05,1790,0.0046500813764240876,True
GaussianBudget75M_TOPGrowing,Cherry_2024-CASTF-001057,20240625,18,pyrologix,12,114-64,2024,0.0,0.007474903017282486,0,drone,1,9.489961992702219e-05,4935,0.0046500813764240876,True
GaussianBudget75M_TOPGrowing,Chilao_2024-CAANF-244171,20241111,19,pyrologix,10,206-81,2024,0.0,0.008775424910709262,0,drone,1,9.489961992702219e-05,4180,0.0040806836568619545,True
GaussianBudget75M_TOPGrowing,Chip_2024-CAKNF-000790,20240130,17,pyrologix,3,23-39,2024,0.0,0.004525239928625524,1,drone,1,9.489961992702219e-05,1620,0.0046500813764240876,True
GaussianBudget75M_TOPGrowing,Chipmunk_2024-CAKNF-006947,20240822,16,pyrologix,4,24-32,2024,0.0,0.0033876679372042418,0,drone,1,9.489961992702219e-05,1785,0.0046500813764240876,True
GaussianBudget75M_TOPGrowing,Cinder_2024-CASHF-000109,20240227,14,pyrologix,12,30-45,2024,0.0,0.005131628015078604,0,drone,1,9.489961992702219e-05,4950,0.0046500813764240876,True
GaussianBudget75M_TOPGrowing,Circle_2024-CABDF-011098,20240805,4,pyrologix,9,206-88,2024,0.0,0.004875054000876844,0,drone,1,9.489961992702219e-05,3540,0.004365382516643021,True
GaussianBudget75M_TOPGrowing,Cisco_2024-CATNF-000949,20240721,20,pyrologix,5,86-60,2024,0.0,0.0020392730366438627,0,drone,1,9.489961992702219e-05,1980,0.0046500813764240876,True
GaussianBudget75M_TOPGrowing,City_2024-CABDF-008910,20240618,15,pyrologix,3,209-96,2024,0.0,0.005677652079612017,0,drone,1,9.489961992702219e-05,1470,0.004365382516643021,True
GaussianBudget75M_TOPGrowing,Clavey_2024-CASTF-001059,20240625,2,pyrologix,1,121-61,2024,0.0,0.0026127559831365943,0,drone,1,9.489961992702219e-05,535,0.00389088441700791,True
GaussianBudget75M_TOPGrowing,Claw_2024-CASNF-001572,20240920,13,pyrologix,9,141-74,2024,0.0,0.0027723381062969565,0,drone,1,9.489961992702219e-05,3615,0.0046500813764240876,True
GaussianBudget75M_TOPGrowing,Clear_2024-CAMDF-000244,20240626,18,pyrologix,7,none,2024,0.0,0.002010257914662361,-1,undetected,1,9.489961992702219e-05,0,0.0,False
GaussianBudget75M_TOPGrowing,Clear_2024-CATNF-001267,20240906,20,pyrologix,2,86-60,2024,0.0,0.002845127019099891,0,drone,1,9.489961992702219e-05,950,0.0046500813764240876,True
GaussianBudget75M_TOPGrowing,Clearwater_2024-CAANF-242776,20240803,21,pyrologix,9,195-71,2024,0.0,0.003765478963032365,0,drone,1,9.489961992702219e-05,3695,0.0046500813764240876,True
GaussianBudget75M_TOPGrowing,Cleghorn_2024-CABDF-010652,20240726,3,pyrologix,5,206-88,2024,0.0,0.008277504937723279,2,drone,1,9.489961992702219e-05,2815,0.004365382516643021,True
GaussianBudget75M_TOPGrowing,Cliff_2024-CASNF-000512,20240602,14,pyrologix,12,141-74,2024,0.0,0.0034590440336614847,0,drone,1,9.489961992702219e-05,4815,0.0046500813764240876,True
GaussianBudget75M_TOPGrowing,Cloud_2024-CAMDF-000692,20240817,18,pyrologix,8,none,2024,0.0,0.0019208330195397139,-1,undetected,1,9.489961992702219e-05,0,0.0,False
GaussianBudget75M_TOPGrowing,Club_2024-CASRF-000156,20240412,16,pyrologix,11,38-21,2024,0.0,0.004545036004856229,0,drone,1,9.489961992702219e-05,4630,0.0046500813764240876,True
GaussianBudget75M_TOPGrowing,Coarse_2024-CAANF-244555,20241215,1,pyrologix,7,201-76,2024,0.0,0.00334606203250587,0,drone,1,9.489961992702219e-05,2865,0.004555181756497065,True
GaussianBudget75M_TOPGrowing,Coast_2024-CALPF-001296,20240617,19,pyrologix,4,none,2024,0.0,0.0018899330170825124,-1,undetected,1,9.489961992702219e-05,0,0.0,False
GaussianBudget75M_TOPGrowing,Coble_Spring_2024-CALNF-002129,20240424,21,pyrologix,9,44-55,2024,0.0,0.0037141189677640796,0,drone,1,9.489961992702219e-05,3740,0.0046500813764240876,True
GaussianBudget75M_TOPGrowing,Coffee_2024-CASRF-001103,20241209,16,pyrologix,8,31-24,2024,0.0,0.002954385941848159,0,drone,1,9.489961992702219e-05,3275,0.0046500813764240876,True
GaussianBudget75M_TOPGrowing,Cold_2024-CAANF-244599,20241219,4,pyrologix,8,206-81,2024,0.0,0.004148733103647828,0,drone,1,9.489961992702219e-05,3430,0.0040806836568619545,True
GaussianBudget75M_TOPGrowing,Cold_2024-CASQF-001253,20240713,22,pyrologix,1,163-78,2024,0.0,0.005589934065937996,1,drone,1,9.489961992702219e-05,970,0.0046500813764240876,True
GaussianBudget75M_TOPGrowing,Cole_2024-CAENF-027933,20240930,15,pyrologix,5,107-61,2024,0.0,0.003529303940013051,0,drone,1,9.489961992702219e-05,2160,0.0046500813764240876,True
GaussianBudget75M_TOPGrowing,College_2024-CAINF-001563,20240827,14,pyrologix,3,127-76,2024,0.0,0.003064221004024148,0,drone,1,9.489961992702219e-05,1385,0.0046500813764240876,True
GaussianBudget75M_TOPGrowing,Coloma_2024-CATNF-001057,20240804,18,pyrologix,10,79-54,2024,0.0,0.0048593239625915885,0,drone,1,9.489961992702219e-05,4230,0.0047449809963511095,True
GaussianBudget75M_TOPGrowing,Con_2024-CAFKU-019749,20240910,15,pyrologix,9,149-72,2024,0.0,0.0038363089552149177,0,drone,1,9.489961992702219e-05,3560,0.0046500813764240876,True
GaussianBudget75M_TOPGrowing,Cone_2024-CAINF-001223,20240722,22,pyrologix,9,127-76,2024,0.0,0.004183730925433338,0,drone,1,9.489961992702219e-05,3755,0.0047449809963511095,True
GaussianBudget75M_TOPGrowing,Connection_2024-CAINF-001054,20240708,20,pyrologix,8,124-80,2024,0.0,0.002683351980522275,0,drone,1,9.489961992702219e-05,3170,0.0046500813764240876,True
GaussianBudget75M_TOPGrowing,Conrad_2024-CASHF-000596,20240718,7,pyrologix,8,45-27,2024,0.0,0.0066468799486756325,1,drone,1,9.489961992702219e-05,3740,0.0046500813764240876,True
GaussianBudget75M_TOPGrowing,Copper_2024-CAANF-242334,20240713,23,pyrologix,9,195-71,2024,0.0,0.006693303002975881,0,drone,1,9.489961992702219e-05,3730,0.0046500813764240876,True
GaussianBudget75M_TOPGrowing,Copper_2024-CAKNF-007887,20240921,20,pyrologix,6,17-34,2024,0.0,0.004500715993344784,0,drone,1,9.489961992702219e-05,2690,0.004175583276788976,True
GaussianBudget75M_TOPGrowing,Coppins_2024-CATNF-000957,20240722,23,pyrologix,1,79-61,2024,0.0,0.0023728610249236226,0,drone,1,9.489961992702219e-05,590,0.004175583276788976,True
GaussianBudget75M_TOPGrowing,Cougar_2024-CABDF-010555,20240723,16,pyrologix,10,none,2024,0.0,0.0018874510424211621,-1,undetected,1,9.489961992702219e-05,0,0.0,False
GaussianBudget75M_TOPGrowing,Cougar_2024-CAKNF-005306,20240706,18,pyrologix,4,17-27,2024,0.0,0.0032646380132064223,0,drone,1,9.489961992702219e-05,1780,0.0046500813764240876,True
GaussianBudget75M_TOPGrowing,Cow_2024-CASQF-000568,20240515,13,pyrologix,12,177-72,2024,0.0,0.003044629003852606,0,drone,1,9.489961992702219e-05,4625,0.0046500813764240876,True
GaussianBudget75M_TOPGrowing,Coyote_2024-CAINF-001280,20240726,12,pyrologix,11,none,2024,0.0,0.0018773110350593925,-1,undetected,1,9.489961992702219e-05,0,0.0,False
GaussianBudget75M_TOPGrowing,Craigs_2024-CASRF-000026,20240128,14,pyrologix,10,15-20,2024,0.0,0.006103398045524955,1,drone,1,9.489961992702219e-05,4410,0.0046500813764240876,True
GaussianBudget75M_TOPGrowing,Craigs_Access_2024-CASRF-000181,20240421,19,pyrologix,4,15-20,2024,0.0,0.0026331599801778793,0,drone,1,9.489961992702219e-05,1620,0.0046500813764240876,True
GaussianBudget75M_TOPGrowing,Crater_2024-CAINF-001082,20240710,17,pyrologix,6,124-80,2024,0.0,0.0032700010342523456,0,drone,1,9.489961992702219e-05,2495,0.0046500813764240876,True
GaussianBudget75M_TOPGrowing,Crater_2024-CASNF-000937,20240714,21,pyrologix,11,134-74,2024,0.0,0.004758773022331297,0,drone,1,9.489961992702219e-05,4500,0.0046500813764240876,True
GaussianBudget75M_TOPGrowing,Creek_2024-CAANF-242047,20240701,3,pyrologix,2,201-76,2024,0.0,0.003490349045023322,0,drone,1,9.489961992702219e-05,1055,0.004460282136570043,True
GaussianBudget75M_TOPGrowing,Creek_2024-CABDF-007154,20240514,19,pyrologix,8,209-96,2024,0.0,0.002862483961507678,0,drone,1,9.489961992702219e-05,3185,0.004460282136570043,True
GaussianBudget75M_TOPGrowing,Creek_2024-CAINF-001185,20240719,22,pyrologix,6,127-76,2024,0.0,0.0021740110823884606,0,drone,1,9.489961992702219e-05,2415,0.0046500813764240876,True
GaussianBudget75M_TOPGrowing,Creek_2024-CAKNF-002761,20240418,16,pyrologix,9,17-27,2024,0.0,0.004612735006958246,0,drone,1,9.489961992702219e-05,3810,0.0046500813764240876,True
GaussianBudget75M_TOPGrowing,Crest_2024-CAANF-241274,20240514,2,pyrologix,9,206-81,2024,0.0,0.0030099039431661367,0,drone,1,9.489961992702219e-05,3595,0.0040806836568619545,True
GaussianBudget75M_TOPGrowing,Crozier_2024-CAAEU-022341,20240807,4,pyrologix,3,93-56,2024,0.0,0.003454877994954586,0,drone,1,9.489961992702219e-05,1455,0.0046500813764240876,True
GaussianBudget75M_TOPGrowing,Crystal_2024-CATNF-000881,20240713,21,pyrologix,5,86-67,2024,0.0,0.0036035890225321054,0,drone,1,9.489961992702219e-05,2115,0.004175583276788976,True
GaussianBudget75M_TOPGrowing,Cuesta_2024-CAPNF-001560,20241206,15,pyrologix,11,72-66,2024,0.0,0.004671954084187746,0,drone,1,9.489961992702219e-05,4580,0.0046500813764240876,True
GaussianBudget75M_TOPGrowing,Curl_2024-CASHF-000768,20240819,22,pyrologix,7,44-41,2024,0.0,0.0041565700666978955,0,drone,1,9.489961992702219e-05,3045,0.0047449809963511095,True
GaussianBudget75M_TOPGrowing,Cyrus_2024-CASQF-001912,20241011,20,pyrologix,2,170-77,2024,0.0,0.005782308988273144,1,drone,1,9.489961992702219e-05,1395,0.0046500813764240876,True
GaussianBudget75M_TOPGrowing,Dam_2024-CAANF-242212,20240707,23,pyrologix,7,206-81,2024,0.0,0.006340299034491181,1,drone,1,9.489961992702219e-05,3320,0.0040806836568619545,True
GaussianBudget75M_TOPGrowing,Dam_2024-CASRF-000556,20240714,9,pyrologix,4,52-19,2024,0.0,0.005937036010436714,1,drone,1,9.489961992702219e-05,2220,0.0046500813764240876,True
GaussianBudget75M_TOPGrowing,Dark_2024-CAKNF-006777,20240817,17,pyrologix,9,31-31,2024,0.0,0.0031368889613077044,0,drone,1,9.489961992702219e-05,3585,0.0046500813764240876,True
GaussianBudget75M_TOPGrowing,Darling_2024-CAENF-030342,20241024,17,pyrologix,11,93-56,2024,0.0,0.003445731010288,0,drone,1,9.489961992702219e-05,4395,0.0046500813764240876,True
GaussianBudget75M_TOPGrowing,Deadman_2024-CAINF-001614,20240831,18,pyrologix,8,124-80,2024,0.0,0.00409096700605005,0,drone,1,9.489961992702219e-05,3390,0.0046500813764240876,True
GaussianBudget75M_TOPGrowing,Deer_2024-CAINF-001323,20240801,21,pyrologix,2,none,2024,0.0,0.0018987060757353902,-1,undetected,1,9.489961992702219e-05,0,0.0,False
GaussianBudget75M_TOPGrowing,Deer_2024-CALNF-003958,20240710,14,pyrologix,12,58-54,2024,0.0,0.007307021995075047,1,drone,1,9.489961992702219e-05,5170,0.0046500813764240876,True
GaussianBudget75M_TOPGrowing,Deer_2024-CATMU-022426,20240807,17,pyrologix,12,86-67,2024,0.0,0.019446608028374612,-1,undetected,1,9.489961992702219e-05,6900,0.004365382516643021,True
GaussianBudget75M_TOPGrowing,Del_Sur_2024-CAANF-242021,20240630,20,pyrologix,12,none,2024,0.0,0.0018798050004988909,-1,undetected,1,9.489961992702219e-05,0,0.0,False
GaussianBudget75M_TOPGrowing,Dell_2024-CABDF-011704,20240819,1,pyrologix,10,206-88,2024,0.0,0.004692615009844303,0,drone,1,9.489961992702219e-05,4140,0.004460282136570043,True
GaussianBudget75M_TOPGrowing,Delonegha_2024-CASQF-001752,20240920,17,pyrologix,11,177-72,2024,0.0,0.003851747023873031,0,drone,1,9.489961992702219e-05,4355,0.0046500813764240876,True
GaussianBudget75M_TOPGrowing,Desert_2024-CACNF-000097,20240116,19,pyrologix,2,none,2024,0.0,0.0018845479935407639,-1,undetected,1,9.489961992702219e-05,0,0.0,False
GaussianBudget75M_TOPGrowing,Dime_2024-CAANF-242179,20240706,23,pyrologix,11,206-88,2024,0.0,0.004509440972469747,0,drone,1,9.489961992702219e-05,4450,0.004460282136570043,True
GaussianBudget75M_TOPGrowing,Dinkey_2024-CASNF-001040,20240722,16,pyrologix,5,141-74,2024,0.0,0.004070076043717563,0,drone,1,9.489961992702219e-05,2325,0.0046500813764240876,True
GaussianBudget75M_TOPGrowing,Dodge_2024-CASTF-001338,20240713,0,pyrologix,1,114-64,2024,0.0,0.005773902987129986,1,drone,1,9.489961992702219e-05,1060,0.0046500813764240876,True
GaussianBudget75M_TOPGrowing,Dog_2024-CATNF-000540,20240607,20,pyrologix,4,86-67,2024,0.0,0.003725107992067933,0,drone,1,9.489961992702219e-05,1800,0.004175583276788976,True
GaussianBudget75M_TOPGrowing,Dog_2024-CATNF-001401,20240929,1,pyrologix,11,86-67,2024,0.0,0.003178213955834508,0,drone,1,9.489961992702219e-05,4220,0.004270482896715999,True
GaussianBudget75M_TOPGrowing,Don_2024-CASQF-001286,20240716,14,pyrologix,5,147-79,2024,0.0,0.004003721987828612,0,drone,1,9.489961992702219e-05,2275,0.0046500813764240876,True
GaussianBudget75M_TOPGrowing,Donahue_2024-CASRF-000457,20240705,2,pyrologix,7,24-25,2024,0.0,0.006195349036715925,1,drone,1,9.489961992702219e-05,3245,0.0046500813764240876,True
GaussianBudget75M_TOPGrowing,Doski_2024-CAANF-244398,20241129,16,pyrologix,11,201-76,2024,0.0,0.00406388402916491,0,drone,1,9.489961992702219e-05,4440,0.004555181756497065,True
GaussianBudget75M_TOPGrowing,Double_2024-CASTF-002437,20241013,19,pyrologix,7,107-68,2024,0.0,0.00366014102473855,0,drone,1,9.489961992702219e-05,2940,0.0046500813764240876,True
GaussianBudget75M_TOPGrowing,Drink_2024-CAANF-243958,20241027,14,pyrologix,7,195-71,2024,0.0,0.004244889016263187,0,drone,1,9.489961992702219e-05,3070,0.0046500813764240876,True
GaussianBudget75M_TOPGrowing,Duck_2024-CASTF-001404,20240716,12,pyrologix,11,107-68,2024,0.0,0.0044888179982081056,0,drone,1,9.489961992702219e-05,4625,0.0046500813764240876,True
GaussianBudget75M_TOPGrowing,Duckwall_2024-CASTF-001025,20240622,15,pyrologix,12,114-64,2024,0.0,0.004501901101320982,0,drone,1,9.489961992702219e-05,4970,0.0046500813764240876,True
GaussianBudget75M_TOPGrowing,Dump_2024-CASNF-001076,20240727,23,pyrologix,5,128-69,2024,0.0,0.0042330019641667604,0,drone,1,9.489961992702219e-05,2215,0.004365382516643021,True
GaussianBudget75M_TOPGrowing,E-1_Logan_2024-CALNF-006082,20241007,17,pyrologix,7,58-61,2024,0.0,0.0037867489736527205,0,drone,1,9.489961992702219e-05,2985,0.0046500813764240876,True
GaussianBudget75M_TOPGrowing,E-1_Martin_2024-CALNF-003136,20240610,21,pyrologix,3,58-61,2024,0.0,0.00603265396784991,1,drone,1,9.489961992702219e-05,1800,0.004460282136570043,True
GaussianBudget75M_TOPGrowing,E-3_2024-CALNF-005586,20240916,23,pyrologix,6,51-61,2024,0.0,0.0039913340006023645,0,drone,1,9.489961992702219e-05,2605,0.0046500813764240876,True
GaussianBudget75M_TOPGrowing,Eagle_2024-CALMU-002928,20240601,0,pyrologix,4,58-61,2024,0.0,0.005740193068049848,1,drone,1,9.489961992702219e-05,2150,0.004460282136570043,True
GaussianBudget75M_TOPGrowing,Eagle_2024-CALNF-006194,20241013,14,pyrologix,9,51-61,2024,0.0,0.006237945985049009,1,drone,1,9.489961992702219e-05,4085,0.0046500813764240876,True
GaussianBudget75M_TOPGrowing,Eagle_2024-CAPNF-000654,20240706,6,pyrologix,10,72-59,2024,0.0,0.0070679690688848495,1,drone,1,9.489961992702219e-05,4530,0.0046500813764240876,True
GaussianBudget75M_TOPGrowing,Eagle_2024-CATNF-000988,20240728,18,pyrologix,1,86-60,2024,0.0,0.002722232020460069,0,drone,1,9.489961992702219e-05,435,0.003511285937299821,True
GaussianBudget75M_TOPGrowing,Elk_2024-CAKNF-005252,20240705,20,pyrologix,4,17-27,2024,0.0,0.00329209107439965,0,drone,1,9.489961992702219e-05,1780,0.0046500813764240876,True
GaussianBudget75M_TOPGrowing,Ellis_2024-CAENF-024318,20240826,20,pyrologix,2,100-61,2024,0.0,0.002877695020288229,0,drone,1,9.489961992702219e-05,1000,0.0046500813764240876,True
GaussianBudget75M_TOPGrowing,Ember_2024-CAANF-244124,20241108,16,pyrologix,2,195-71,2024,0.0,0.0031100710621103644,0,drone,1,9.489961992702219e-05,1010,0.0046500813764240876,True
GaussianBudget75M_TOPGrowing,Emma_2024-CAANF-240327,20240202,20,pyrologix,5,none,2024,0.0,0.0018920949660241604,-1,undetected,1,9.489961992702219e-05,0,0.0,False
GaussianBudget75M_TOPGrowing,Enchanted_2024-CASRF-000253,20240518,13,pyrologix,2,38-21,2024,0.0,0.0021396169904619455,0,drone,1,9.489961992702219e-05,915,0.004555181756497065,True
GaussianBudget75M_TOPGrowing,Engineer_1_2024-CASQF-001166,20240707,2,pyrologix,4,170-77,2024,0.0,0.0030621549813076854,0,drone,1,9.489961992702219e-05,1750,0.0046500813764240876,True
GaussianBudget75M_TOPGrowing,Engineer_2_2024-CASQF-001167,20240707,3,pyrologix,3,170-77,2024,0.0,0.0026300629833713174,0,drone,1,9.489961992702219e-05,1360,0.0046500813764240876,True
GaussianBudget75M_TOPGrowing,Engineer_4_2024-CASQF-001169,20240707,0,pyrologix,8,170-77,2024,0.0,0.0034554839367046952,0,drone,1,9.489961992702219e-05,3310,0.0046500813764240876,True
GaussianBudget75M_TOPGrowing,Evergreen_2024-CASTF-002534,20241030,21,pyrologix,9,121-68,2024,0.0,0.009680428076535463,2,drone,1,9.489961992702219e-05,4490,0.0046500813764240876,True
GaussianBudget75M_TOPGrowing,Fallen_2024-CATMU-024996,20240901,16,pyrologix,6,none,2024,0.0,0.0018399019027128816,-1,undetected,1,9.489961992702219e-05,0,0.0,False
GaussianBudget75M_TOPGrowing,Falls_2024-CABDF-013114,20240921,22,pyrologix,6,214-103,2024,0.0,0.005947306053712964,1,drone,1,9.489961992702219e-05,2985,0.004270482896715999,True
GaussianBudget75M_TOPGrowing,Falls_2024-CACNF-000358,20240316,18,pyrologix,1,237-97,2024,0.0,0.0019776870030909777,0,drone,1,9.489961992702219e-05,490,0.003511285937299821,True
GaussianBudget75M_TOPGrowing,Far_2024-CASKU-007796,20240918,18,pyrologix,4,37-56,2024,0.0,0.0062870270339772105,1,drone,1,9.489961992702219e-05,2215,0.0046500813764240876,True
GaussianBudget75M_TOPGrowing,Fern_2024-CABDF-013311,20240923,19,pyrologix,10,223-101,2024,0.0,0.0036487829638645053,0,drone,1,9.489961992702219e-05,3905,0.0046500813764240876,True
GaussianBudget75M_TOPGrowing,Fern_2024-CAPNF-000244,20240508,6,pyrologix,10,72-59,2024,0.0,0.005616246024146676,1,drone,1,9.489961992702219e-05,4375,0.0046500813764240876,True
GaussianBudget75M_TOPGrowing,Fern_2024-CASHF-000787,20240822,16,pyrologix,8,37-42,2024,0.0,0.003951315069571137,0,drone,1,9.489961992702219e-05,3250,0.0046500813764240876,True
GaussianBudget75M_TOPGrowing,Fiddle_2024-CATNF-001348,20240919,0,pyrologix,2,79-54,2024,0.0,0.003556101000867784,0,drone,1,9.489961992702219e-05,1040,0.004460282136570043,True
GaussianBudget75M_TOPGrowing,Fir_2024-CASHF-000698,20240806,1,pyrologix,6,37-42,2024,0.0,0.003379897098056972,0,drone,1,9.489961992702219e-05,2475,0.0046500813764240876,True
GaussianBudget75M_TOPGrowing,Fir_2024-CASNF-000725,20240625,14,pyrologix,11,141-74,2024,0.0,0.005518942954950035,0,drone,1,9.489961992702219e-05,4425,0.0046500813764240876,True
GaussianBudget75M_TOPGrowing,Five_2024-CAANF-243304,20240907,3,pyrologix,10,195-71,2024,0.0,0.0032533719204366207,0,drone,1,9.489961992702219e-05,4000,0.0046500813764240876,True
GaussianBudget75M_TOPGrowing,Flat_2024-CALNF-004249,20240720,16,pyrologix,4,44-55,2024,0.0,0.005714890081435442,1,drone,1,9.489961992702219e-05,2150,0.0046500813764240876,True
GaussianBudget75M_TOPGrowing,Flat_2024-CALPF-000089,20240113,17,pyrologix,4,198-64,2024,0.0,0.006843341048806906,1,drone,1,9.489961992702219e-05,2240,0.0046500813764240876,True
GaussianBudget75M_TOPGrowing,Flat_2024-CASQF-000728,20240531,20,pyrologix,10,177-72,2024,0.0,0.003176274010911584,0,drone,1,9.489961992702219e-05,3905,0.0046500813764240876,True
GaussianBudget75M_TOPGrowing,Flat_Camp_2024-CALPF-001612,20240713,13,pyrologix,10,none,2024,0.0,0.0018885540775954723,-1,undetected,1,9.489961992702219e-05,0,0.0,False
GaussianBudget75M_TOPGrowing,Fleischmann_2024-CALNF-002561,20240515,21,pyrologix,4,58-54,2024,0.0,0.0022377949208021164,0,drone,1,9.489961992702219e-05,1600,0.004555181756497065,True
GaussianBudget75M_TOPGrowing,Flume_2024-CASHF-000822,20240831,11,pyrologix,8,37-42,2024,0.0,0.0026888400316238403,0,drone,1,9.489961992702219e-05,3090,0.0046500813764240876,True
GaussianBudget75M_TOPGrowing,Fly_2024-CAMNF-000926,20240805,17,pyrologix,8,59-19,2024,0.0,0.0036993270041421056,0,drone,1,9.489961992702219e-05,3290,0.0046500813764240876,True
GaussianBudget75M_TOPGrowing,Fordyce_2024-CATNF-000990,20240728,15,pyrologix,10,86-60,2024,0.0,0.004573154030367732,0,drone,1,9.489961992702219e-05,4100,0.0046500813764240876,True
GaussianBudget75M_TOPGrowing,Forebay_2024-CAENF-026969,20240920,12,pyrologix,7,93-56,2024,0.0,0.0029565379954874516,0,drone,1,9.489961992702219e-05,2855,0.0046500813764240876,True
GaussianBudget75M_TOPGrowing,Forebay_2024-CAENF-028748,20241008,15,pyrologix,2,93-56,2024,0.0,0.0029659749707207084,0,drone,1,9.489961992702219e-05,1005,0.0046500813764240876,True
GaussianBudget75M_TOPGrowing,Forgay_2024-CAPNF-001231,20240915,19,pyrologix,4,65-57,2024,0.0,0.0027054420206695795,0,drone,1,9.489961992702219e-05,1680,0.004365382516643021,True
GaussianBudget75M_TOPGrowing,Fork_2024-CAANF-242484,20240719,20,pyrologix,5,206-81,2024,0.0,0.0039037250680848956,0,drone,1,9.489961992702219e-05,2185,0.003985784036934932,True
GaussianBudget75M_TOPGrowing,Fork_2024-CABDF-005677,20240409,14,pyrologix,6,206-88,2024,0.0,0.0026816449826583266,0,drone,1,9.489961992702219e-05,2345,0.004365382516643021,True
GaussianBudget75M_TOPGrowing,Fort_2024-CAKNF-005171,20240704,23,pyrologix,9,17-34,2024,0.0,0.0039696909952908754,0,drone,1,9.489961992702219e-05,3705,0.004175583276788976,True
GaussianBudget75M_TOPGrowing,Fox_2024-CALPF-001870,20240804,18,pyrologix,5,none,2024,0.0,0.0018625369993969798,-1,undetected,1,9.489961992702219e-05,0,0.0,False
GaussianBudget75M_TOPGrowing,Fox_2024-CAMDF-000950,20240916,16,pyrologix,5,37-63,2024,0.0,0.003418745007365942,0,drone,1,9.489961992702219e-05,2125,0.0046500813764240876,True
GaussianBudget75M_TOPGrowing,Fraser_2024-CALPF-002400,20240920,20,pyrologix,4,170-47,2024,0.0,0.003042797092348337,0,drone,1,9.489961992702219e-05,1710,0.0046500813764240876,True
GaussianBudget75M_TOPGrowing,French_2024-CAANF-242303,20240712,3,pyrologix,3,195-71,2024,0.0,0.006252869963645935,1,drone,1,9.489961992702219e-05,1895,0.0046500813764240876,True
GaussianBudget75M_TOPGrowing,French_2024-CATNF-000762,20240702,11,pyrologix,11,86-60,2024,0.0,0.00686089601367712,1,drone,1,9.489961992702219e-05,4845,0.0046500813764240876,True
GaussianBudget75M_TOPGrowing,Frenchman_2024-CAANF-244116,20241107,19,pyrologix,3,195-71,2024,0.0,0.006446763989515603,1,drone,1,9.489961992702219e-05,1895,0.0046500813764240876,True
GaussianBudget75M_TOPGrowing,Frying_Pan_2024-CAKNF-008910,20241027,22,pyrologix,12,17-27,2024,0.0,0.004679139936342835,0,drone,1,9.489961992702219e-05,4850,0.0046500813764240876,True
GaussianBudget75M_TOPGrowing,Gabriel_2024-CAANF-242668,20240728,7,pyrologix,4,206-81,2024,0.0,0.006535556982271373,1,drone,1,9.489961992702219e-05,2245,0.003985784036934932,True
GaussianBudget75M_TOPGrowing,Garlic_2024-CASNF-000716,20240625,12,pyrologix,5,141-74,2024,0.0,0.006098698009736836,1,drone,1,9.489961992702219e-05,2575,0.0046500813764240876,True
GaussianBudget75M_TOPGrowing,Gate_2024-CAANF-244178,20241111,11,pyrologix,11,206-81,2024,0.0,0.005007930099964142,0,drone,1,9.489961992702219e-05,4555,0.0040806836568619545,True
GaussianBudget75M_TOPGrowing,Gateway_2024-CASKU-008878,20241025,22,pyrologix,2,37-42,2024,0.0,0.0030484829330816865,0,drone,1,9.489961992702219e-05,970,0.0046500813764240876,True
GaussianBudget75M_TOPGrowing,Genesee_2024-CAPNF-000194,20240419,18,pyrologix,4,72-66,2024,0.0,0.0037712270859628916,0,drone,1,9.489961992702219e-05,1850,0.0046500813764240876,True
GaussianBudget75M_TOPGrowing,George_2024-CAINF-002041,20241109,20,pyrologix,4,127-76,2024,0.0,0.005763505003415048,0,drone,1,9.489961992702219e-05,1865,0.0046500813764240876,True
GaussianBudget75M_TOPGrowing,Gilmore_2024-CATMU-031223,20241103,18,pyrologix,9,93-62,2024,0.0,0.004026178969070315,0,drone,1,9.489961992702219e-05,3735,0.0046500813764240876,True
GaussianBudget75M_TOPGrowing,Glade_2024-CAINF-001979,20241026,18,pyrologix,1,none,2024,0.0,0.0018532871035858989,-1,undetected,1,9.489961992702219e-05,0,0.0,False
GaussianBudget75M_TOPGrowing,Glass_2024-CAINF-000547,20240515,19,pyrologix,10,124-80,2024,0.0,0.0031816449481993914,0,drone,1,9.489961992702219e-05,3960,0.0046500813764240876,True
GaussianBudget75M_TOPGrowing,Glass_2024-CAMDF-000275,20240701,17,pyrologix,3,30-60,2024,0.0,0.0023345829686149955,0,drone,1,9.489961992702219e-05,1235,0.004555181756497065,True
GaussianBudget75M_TOPGrowing,Glen_2024-CATMU-030944,20241031,14,pyrologix,9,100-68,2024,0.0,0.006808124948292971,1,drone,1,9.489961992702219e-05,4095,0.004555181756497065,True
GaussianBudget75M_TOPGrowing,Goat_2024-CAPNF-000340,20240531,14,pyrologix,9,65-57,2024,0.0,0.00357645598705858,0,drone,1,9.489961992702219e-05,3700,0.004460282136570043,True
GaussianBudget75M_TOPGrowing,Goat_2024-CASNF-000908,20240712,13,pyrologix,8,128-69,2024,0.0,0.004234598949551582,0,drone,1,9.489961992702219e-05,3390,0.004365382516643021,True
GaussianBudget75M_TOPGrowing,Gold_2024-CAANF-241424,20240525,1,pyrologix,4,201-76,2024,0.0,0.004064509994350374,0,drone,1,9.489961992702219e-05,1655,0.004555181756497065,True
GaussianBudget75M_TOPGrowing,Gold_2024-CAPNF-000300,20240524,2,pyrologix,4,79-61,2024,0.0,0.0026490470627322793,0,drone,1,9.489961992702219e-05,1750,0.0046500813764240876,True
GaussianBudget75M_TOPGrowing,Golden_2024-CASQF-002007,20241031,18,pyrologix,1,163-78,2024,0.0,0.005402921000495553,1,drone,1,9.489961992702219e-05,970,0.0046500813764240876,True
GaussianBudget75M_TOPGrowing,Goose_2024-CASTF-000999,20240620,18,pyrologix,2,114-64,2024,0.0,0.003185887006111443,0,drone,1,9.489961992702219e-05,1060,0.0046500813764240876,True
GaussianBudget75M_TOPGrowing,Grade_2024-CACNF-001239,20240705,1,pyrologix,6,244-98,2024,0.0,0.003738796920515597,0,drone,1,9.489961992702219e-05,2590,0.0046500813764240876,True
GaussianBudget75M_TOPGrowing,Grade_2024-CAKNF-002952,20240425,1,pyrologix,3,17-27,2024,0.0,0.002846144954673946,0,drone,1,9.489961992702219e-05,1330,0.0046500813764240876,True
GaussianBudget75M_TOPGrowing,Graffiti_2024-CACNF-001011,20240618,23,pyrologix,6,none,2024,0.0,0.0018978409934788942,-1,undetected,1,9.489961992702219e-05,0,0.0,False
GaussianBudget75M_TOPGrowing,Granlibakken_2024-CATMU-030319,20241024,13,pyrologix,11,none,2024,0.0,0.0019162889802828431,-1,undetected,1,9.489961992702219e-05,0,0.0,False
GaussianBudget75M_TOPGrowing,Grass_2024-CASTF-000851,20240604,17,pyrologix,6,114-64,2024,0.0,0.0027298940112814307,0,drone,1,9.489961992702219e-05,2500,0.0046500813764240876,True
GaussianBudget75M_TOPGrowing,Grassy_1_2024-CASRF-000448,20240704,21,pyrologix,3,15-20,2024,0.0,0.0020650450605899096,0,drone,1,9.489961992702219e-05,1185,0.0046500813764240876,True
GaussianBudget75M_TOPGrowing,Grassy_Flat_2024-CASRF-000629,20240722,21,pyrologix,4,15-20,2024,0.0,0.004231177968904376,0,drone,1,9.489961992702219e-05,1900,0.0046500813764240876,True
GaussianBudget75M_TOPGrowing,Grays_2024-CASRF-001014,20241019,15,pyrologix,11,38-21,2024,0.0,0.005227636895142496,0,drone,1,9.489961992702219e-05,4750,0.0046500813764240876,True
GaussianBudget75M_TOPGrowing,Green_2024-CABDF-011293,20240810,17,pyrologix,4,206-88,2024,0.0,0.003639344940893352,0,drone,1,9.489961992702219e-05,1810,0.004365382516643021,True
GaussianBudget75M_TOPGrowing,Green_2024-CASNF-001198,20240807,22,pyrologix,1,127-76,2024,0.0,0.0021811159094795585,0,drone,1,9.489961992702219e-05,520,0.0036061855572268433,True
GaussianBudget75M_TOPGrowing,Grey_2024-CASHF-000904,20240916,14,pyrologix,10,37-42,2024,0.0,0.0068344660103321075,1,drone,1,9.489961992702219e-05,4410,0.0046500813764240876,True
GaussianBudget75M_TOPGrowing,Grey_2024-CASNF-001571,20240920,13,pyrologix,9,128-69,2024,0.0,0.006702076061628759,1,drone,1,9.489961992702219e-05,4090,0.004365382516643021,True
GaussianBudget75M_TOPGrowing,Grider_2024-CAKNF-003315,20240508,16,pyrologix,9,17-27,2024,0.0,0.005133448983542621,0,drone,1,9.489961992702219e-05,3570,0.0046500813764240876,True
GaussianBudget75M_TOPGrowing,Grider_2024-CAKNF-005709,20240716,1,pyrologix,5,17-34,2024,0.0,0.006208133068867028,1,drone,1,9.489961992702219e-05,2540,0.004175583276788976,True
GaussianBudget75M_TOPGrowing,Griffin_2024-CASRF-000861,20240910,0,pyrologix,2,15-20,2024,0.0,0.002513442072086036,0,drone,1,9.489961992702219e-05,930,0.004555181756497065,True
GaussianBudget75M_TOPGrowing,Grizzly_2024-CASNF-001681,20241006,16,pyrologix,11,128-69,2024,0.0,0.004096640041097999,0,drone,1,9.489961992702219e-05,4480,0.004365382516643021,True
GaussianBudget75M_TOPGrowing,Grizzly_2024-CASTF-001646,20240731,18,pyrologix,3,none,2024,0.0,0.0019038990139961243,-1,undetected,1,9.489961992702219e-05,0,0.0,False
GaussianBudget75M_TOPGrowing,Grove_2024-CASNF-001698,20241010,19,pyrologix,5,141-74,2024,0.0,0.002492944011464715,0,drone,1,9.489961992702219e-05,2090,0.0046500813764240876,True
GaussianBudget75M_TOPGrowing,Gulch-Ref_3101_2024-CAANF-243107,20240824,16,pyrologix,2,195-71,2024,0.0,0.003331790096126497,0,drone,1,9.489961992702219e-05,1075,0.0046500813764240876,True
GaussianBudget75M_TOPGrowing,Gulch_2024-CAANF-243101,20240824,8,pyrologix,3,195-71,2024,0.0,0.005292563000693917,1,drone,1,9.489961992702219e-05,1730,0.0046500813764240876,True
GaussianBudget75M_TOPGrowing,Gypsum_2024-CABDF-016290,20241110,11,pyrologix,9,214-103,2024,0.0,0.00356558698695153,0,drone,1,9.489961992702219e-05,3765,0.004270482896715999,True
GaussianBudget75M_TOPGrowing,H-2_Busters_2024-CALNF-005584,20240916,0,pyrologix,2,51-61,2024,0.0,0.005794688011519611,1,drone,1,9.489961992702219e-05,1370,0.0046500813764240876,True
GaussianBudget75M_TOPGrowing,Hackamore_2024-CAMDF-000669,20240816,7,pyrologix,7,37-63,2024,0.0,0.006419996963813901,1,drone,1,9.489961992702219e-05,3310,0.0046500813764240876,True
GaussianBudget75M_TOPGrowing,Haight_2024-CAKNF-005992,20240724,17,pyrologix,10,30-45,2024,0.0,0.0060530840419232845,1,drone,1,9.489961992702219e-05,4345,0.0046500813764240876,True
GaussianBudget75M_TOPGrowing,Hall_2024-CABDF-009898,20240707,6,pyrologix,12,206-88,2024,0.0,0.004657256067730486,0,drone,1,9.489961992702219e-05,4835,0.004460282136570043,True
GaussianBudget75M_TOPGrowing,Hall_2024-CAKNF-004218,20240607,18,pyrologix,9,17-34,2024,0.0,0.0034901060862466693,0,drone,1,9.489961992702219e-05,3665,0.004175583276788976,True
GaussianBudget75M_TOPGrowing,Halls_2024-CAMDF-000389,20240715,0,pyrologix,3,37-63,2024,0.0,0.003511143964715302,0,drone,1,9.489961992702219e-05,1460,0.0046500813764240876,True
GaussianBudget75M_TOPGrowing,Hambone_2024-CASKU-008314,20241006,15,pyrologix,11,37-56,2024,0.0,0.0038050429429858923,0,drone,1,9.489961992702219e-05,4490,0.0046500813764240876,True
GaussianBudget75M_TOPGrowing,Happy_2024-CASQF-001285,20240716,11,pyrologix,10,147-79,2024,0.0,0.004939069971442223,0,drone,1,9.489961992702219e-05,4215,0.0046500813764240876,True
GaussianBudget75M_TOPGrowing,Hard_2024-CAANF-241934,20240625,22,pyrologix,12,195-71,2024,0.0,0.00732348405290395,1,drone,1,9.489961992702219e-05,5255,0.0046500813764240876,True
GaussianBudget75M_TOPGrowing,Harding_2024-CATNF-001046,20240804,23,pyrologix,6,79-68,2024,0.0,0.0029515710193663836,0,drone,1,9.489961992702219e-05,2430,0.0046500813764240876,True
GaussianBudget75M_TOPGrowing,Harris_2024-CAMDF-000518,20240726,12,pyrologix,4,37-63,2024,0.0,0.00241868500597775,0,drone,1,9.489961992702219e-05,1675,0.0046500813764240876,True
GaussianBudget75M_TOPGrowing,Hartley_2024-CAINF-001179,20240718,18,pyrologix,10,124-80,2024,0.0,0.0033680839696899056,0,drone,1,9.489961992702219e-05,4020,0.0046500813764240876,True
GaussianBudget75M_TOPGrowing,Hathaway_2024-CAANF-243176,20240829,21,pyrologix,1,201-76,2024,0.0,0.0032596199307590723,0,drone,1,9.489961992702219e-05,670,0.004175583276788976,True
GaussianBudget75M_TOPGrowing,Hawk_2024-CAPNF-000410,20240615,21,pyrologix,11,72-59,2024,0.0,0.008251281920820475,0,drone,1,9.489961992702219e-05,4595,0.0046500813764240876,True
GaussianBudget75M_TOPGrowing,Hawkins_2024-CASRF-000904,20240920,20,pyrologix,4,38-21,2024,0.0,0.002054929966107011,0,drone,1,9.489961992702219e-05,1605,0.0046500813764240876,True
GaussianBudget75M_TOPGrowing,Haypress_2024-CASTF-001351,20240713,18,pyrologix,9,107-68,2024,0.0,0.006249257945455611,1,drone,1,9.489961992702219e-05,4145,0.0046500813764240876,True
GaussianBudget75M_TOPGrowing,Hazel_2024-CABDF-012873,20240914,19,pyrologix,9,206-88,2024,0.0,0.00277750997338444,0,drone,1,9.489961992702219e-05,3540,0.004365382516643021,True
GaussianBudget75M_TOPGrowing,Headwaters_2024-CASTF-001965,20240829,16,pyrologix,3,114-64,2024,0.0,0.006249230937100947,1,drone,1,9.489961992702219e-05,1825,0.0046500813764240876,True
GaussianBudget75M_TOPGrowing,Heather_2024-CASNF-001017,20240720,18,pyrologix,4,none,2024,0.0,0.0019143889658153057,-1,undetected,1,9.489961992702219e-05,0,0.0,False
GaussianBudget75M_TOPGrowing,Heel_2024-CASHF-001031,20241019,11,pyrologix,11,44-41,2024,0.0,0.0035506730200722814,0,drone,1,9.489961992702219e-05,4410,0.0047449809963511095,True
GaussianBudget75M_TOPGrowing,Hennessy_2024-CASRF-000447,20240704,17,pyrologix,7,38-21,2024,0.0,0.005249226000159979,0,drone,1,9.489961992702219e-05,2920,0.0046500813764240876,True
GaussianBudget75M_TOPGrowing,Hennessy_2_2024-CASRF-000592,20240716,22,pyrologix,9,38-21,2024,0.0,0.0029143650317564607,0,drone,1,9.489961992702219e-05,3595,0.0046500813764240876,True
GaussianBudget75M_TOPGrowing,Highway_2024-CACNF-001204,20240703,13,pyrologix,1,220-87,2024,0.0,0.0015723590040579438,0,drone,1,9.489961992702219e-05,430,0.003511285937299821,True
GaussianBudget75M_TOPGrowing,Highway_2024-CAINF-001777,20240921,5,pyrologix,1,127-76,2024,0.0,0.0028450979152694345,0,drone,1,9.489961992702219e-05,625,0.004270482896715999,True
GaussianBudget75M_TOPGrowing,Highway_2024-CAKNF-003856,20240527,1,pyrologix,2,30-52,2024,0.0,0.0025947779649868608,0,drone,1,9.489961992702219e-05,930,0.004555181756497065,True
GaussianBudget75M_TOPGrowing,Highway_2024-CALPF-002498,20241001,1,pyrologix,8,none,2024,0.0,0.001889192033559084,-1,undetected,1,9.489961992702219e-05,0,0.0,False
GaussianBudget75M_TOPGrowing,Highway_2024-CASHF-000549,20240708,21,pyrologix,11,44-41,2024,0.0,0.007303218939341605,1,drone,1,9.489961992702219e-05,4970,0.0047449809963511095,True
GaussianBudget75M_TOPGrowing,Hill_2024-CANEU-017006,20240617,7,pyrologix,8,79-47,2024,0.0,0.009362209006212652,2,drone,1,9.489961992702219e-05,4145,0.0046500813764240876,True
GaussianBudget75M_TOPGrowing,Hill_2024-CASRF-000586,20240716,23,pyrologix,3,38-21,2024,0.0,0.005263433093205094,1,drone,1,9.489961992702219e-05,1730,0.0046500813764240876,True
GaussianBudget75M_TOPGrowing,Hill_2024-CATNF-001473,20241010,10,pyrologix,12,86-67,2024,0.0,0.007247588015161455,0,drone,1,9.489961992702219e-05,4770,0.004365382516643021,True
GaussianBudget75M_TOPGrowing,Hillcrest_2024-CABDF-012201,20240831,18,pyrologix,10,214-103,2024,0.0,0.006040273001417518,1,drone,1,9.489961992702219e-05,4510,0.004270482896715999,True
GaussianBudget75M_TOPGrowing,Hobart_2024-CATNF-001416,20241001,17,pyrologix,9,86-67,2024,0.0,0.004462047014385462,0,drone,1,9.489961992702219e-05,3670,0.004270482896715999,True
GaussianBudget75M_TOPGrowing,Hobo_2024-CASQF-000345,20240402,15,pyrologix,5,177-79,2024,0.0,0.002784388023428619,0,drone,1,9.489961992702219e-05,2130,0.0046500813764240876,True
GaussianBudget75M_TOPGrowing,Honn_2024-CALNF-001473,20240322,22,pyrologix,3,51-54,2024,0.0,0.004091187031008303,0,drone,1,9.489961992702219e-05,1520,0.0046500813764240876,True
GaussianBudget75M_TOPGrowing,Hopkins_2024-CASRF-000293,20240528,17,pyrologix,9,31-24,2024,0.0,0.0035407759714871645,0,drone,1,9.489961992702219e-05,3735,0.0046500813764240876,True
GaussianBudget75M_TOPGrowing,Horse_2024-CAANF-242667,20240728,8,pyrologix,2,206-81,2024,0.0,0.0030353639740496874,0,drone,1,9.489961992702219e-05,985,0.003985784036934932,True
GaussianBudget75M_TOPGrowing,Horse_2024-CAKNF-006775,20240817,19,pyrologix,4,17-34,2024,0.0,0.006980368052609265,0,drone,1,9.489961992702219e-05,1890,0.003985784036934932,True
GaussianBudget75M_TOPGrowing,Horse_2024-CAMDF-000500,20240724,15,pyrologix,11,30-60,2024,0.0,0.003690583980642259,0,drone,1,9.489961992702219e-05,4385,0.0046500813764240876,True
GaussianBudget75M_TOPGrowing,Horse_2024-CAMNF-001382,20241004,9,pyrologix,12,74-20,2024,0.0,0.0030990270897746086,0,drone,1,9.489961992702219e-05,4765,0.0046500813764240876,True
GaussianBudget75M_TOPGrowing,Horse_2024-CASHF-000582,20240716,22,pyrologix,4,52-19,2024,0.0,0.0055683020036667585,0,drone,1,9.489961992702219e-05,1895,0.0046500813764240876,True
GaussianBudget75M_TOPGrowing,Horse_2024-CASRF-000317,20240606,16,pyrologix,5,38-21,2024,0.0,0.002906937967054546,0,drone,1,9.489961992702219e-05,2130,0.0046500813764240876,True
GaussianBudget75M_TOPGrowing,Horseshoe_2024-CAINF-001995,20241030,13,pyrologix,10,none,2024,0.0,0.001886505982838571,-1,undetected,1,9.489961992702219e-05,0,0.0,False
GaussianBudget75M_TOPGrowing,Hotlum_2024-CASHF-000139,20240308,19,pyrologix,2,30-45,2024,0.0,0.003889519954100251,0,drone,1,9.489961992702219e-05,1150,0.0046500813764240876,True
GaussianBudget75M_TOPGrowing,Hughes_2_2024-CAANF-243305,20240907,4,pyrologix,11,195-71,2024,0.0,0.007490310003049672,1,drone,1,9.489961992702219e-05,4855,0.0046500813764240876,True
GaussianBudget75M_TOPGrowing,Hulburd_2024-CACNF-002587,20241109,10,pyrologix,10,244-98,2024,0.0,0.007710950914770365,0,drone,1,9.489961992702219e-05,4100,0.0046500813764240876,True
GaussianBudget75M_TOPGrowing,Hull_2024-CAMNF-001169,20240907,22,pyrologix,3,none,2024,0.0,0.0018917589914053679,-1,undetected,1,9.489961992702219e-05,0,0.0,False
GaussianBudget75M_TOPGrowing,Hume_2024-CASQF-001379,20240726,16,pyrologix,12,147-79,2024,0.0,0.003981195972301066,0,drone,1,9.489961992702219e-05,4855,0.0046500813764240876,True
GaussianBudget75M_TOPGrowing,Hunters2_2024-CAMDF-000808,20240828,14,pyrologix,6,43-69,2024,0.0,0.005929865059442818,1,drone,1,9.489961992702219e-05,2935,0.0046500813764240876,True
GaussianBudget75M_TOPGrowing,Hunters_2024-CAMDF-000718,20240821,20,pyrologix,4,43-69,2024,0.0,0.002982049947604537,0,drone,1,9.489961992702219e-05,1740,0.0046500813764240876,True
GaussianBudget75M_TOPGrowing,I_15__S__Cleghorn_Rd_2024-CABDU-014682,20240927,10,pyrologix,2,206-88,2024,0.0,0.005046854028478265,1,drone,1,9.489961992702219e-05,1245,0.004270482896715999,True
GaussianBudget75M_TOPGrowing,Ice_2024-CAENF-015964,20240615,20,pyrologix,7,93-62,2024,0.0,0.0064280780497938395,1,drone,1,9.489961992702219e-05,3345,0.0046500813764240876,True
GaussianBudget75M_TOPGrowing,Ice_2024-CAENF-020980,20240725,23,pyrologix,11,93-62,2024,0.0,0.0077009390806779265,0,drone,1,9.489961992702219e-05,4505,0.0046500813764240876,True
GaussianBudget75M_TOPGrowing,Ikes_2024-CASRF-000549,20240713,6,pyrologix,3,24-25,2024,0.0,0.0030523459427058697,0,drone,1,9.489961992702219e-05,1370,0.0046500813764240876,True
GaussianBudget75M_TOPGrowing,Indian_2024-CAANF-242599,20240725,18,pyrologix,2,201-76,2024,0.0,0.0039055889938026667,0,drone,1,9.489961992702219e-05,1160,0.004460282136570043,True
GaussianBudget75M_TOPGrowing,Industrial_2024-CATMU-015789,20240614,13,pyrologix,8,none,2024,0.0,0.0018945030169561505,-1,undetected,1,9.489961992702219e-05,0,0.0,False
GaussianBudget75M_TOPGrowing,Interstate_2024-CAANF-243338,20240908,18,pyrologix,10,195-71,2024,0.0,0.0064244919922202826,1,drone,1,9.489961992702219e-05,4385,0.0046500813764240876,True
GaussianBudget75M_TOPGrowing,Interstate_2024-CACNF-002439,20241020,16,pyrologix,8,244-98,2024,0.0,0.009753094986081123,2,drone,1,9.489961992702219e-05,4165,0.0046500813764240876,True
GaussianBudget75M_TOPGrowing,Interstate_2024-CASHF-001074,20241029,9,pyrologix,10,37-42,2024,0.0,0.004423139034770429,0,charging station,1,9.489961992702219e-05,3810,0.0046500813764240876,True
GaussianBudget75M_TOPGrowing,Iowa_2024-CATNF-001295,20240910,20,pyrologix,5,86-53,2024,0.0,0.0031822919845581055,0,drone,1,9.489961992702219e-05,2095,0.0046500813764240876,True
GaussianBudget75M_TOPGrowing,Iron_2024-CASNF-000942,20240714,13,pyrologix,5,128-62,2024,0.0,0.004385195905342698,0,drone,1,9.489961992702219e-05,2185,0.0046500813764240876,True
GaussianBudget75M_TOPGrowing,Ironwood_2024-CABDF-012667,20240909,12,pyrologix,11,214-103,2024,0.0,0.003053442924283445,0,drone,1,9.489961992702219e-05,4460,0.004270482896715999,True
GaussianBudget75M_TOPGrowing,Italian_2024-CASNF-001114,20240729,19,pyrologix,2,135-67,2024,0.0,0.002088784007355571,0,drone,1,9.489961992702219e-05,900,0.004555181756497065,True
GaussianBudget75M_TOPGrowing,Jack_2024-CAKNF-008927,20241027,18,pyrologix,1,17-27,2024,0.0,0.0033005790319293737,0,drone,1,9.489961992702219e-05,670,0.004460282136570043,True
GaussianBudget75M_TOPGrowing,Jackson_2024-CAANF-241547,20240531,14,pyrologix,7,206-88,2024,0.0,0.004352744086645544,0,drone,1,9.489961992702219e-05,2990,0.004365382516643021,True
GaussianBudget75M_TOPGrowing,Jackson_2024-CAKNF-005648,20240714,23,pyrologix,1,31-31,2024,0.0,0.002166294027119875,0,drone,1,9.489961992702219e-05,510,0.0036061855572268433,True
GaussianBudget75M_TOPGrowing,Japatul_2024-CACNF-002835,20241220,1,pyrologix,1,244-98,2024,0.0,0.003127439063973725,0,drone,1,9.489961992702219e-05,660,0.004270482896715999,True
GaussianBudget75M_TOPGrowing,Jeffery_2024-CAINF-002015,20241103,10,pyrologix,12,none,2024,0.0,0.001883735996671021,-1,undetected,1,9.489961992702219e-05,0,0.0,False
GaussianBudget75M_TOPGrowing,Jones_2024-CAHUU-007537,20240813,13,pyrologix,5,59-19,2024,0.0,0.006106178974732757,1,drone,1,9.489961992702219e-05,2545,0.0046500813764240876,True
GaussianBudget75M_TOPGrowing,Jora_2024-CAANF-243511,20240926,4,pyrologix,10,195-71,2024,0.0,0.00478348892647773,0,drone,1,9.489961992702219e-05,4100,0.0046500813764240876,True
GaussianBudget75M_TOPGrowing,Jordan_2024-CASTF-001053,20240624,17,pyrologix,12,121-61,2024,0.0,0.0032450699945911765,0,drone,1,9.489961992702219e-05,4700,0.0046500813764240876,True
GaussianBudget75M_TOPGrowing,Joshua_2024-CAANF-243099,20240824,7,pyrologix,3,none,2024,0.0,0.0018663799855858088,-1,undetected,1,9.489961992702219e-05,0,0.0,False
GaussianBudget75M_TOPGrowing,Junction_2024-CAINF-001506,20240820,19,pyrologix,5,124-80,2024,0.0,0.0039215219439938664,0,drone,1,9.489961992702219e-05,2195,0.0046500813764240876,True
GaussianBudget75M_TOPGrowing,June_2024-CAINF-001029,20240706,16,pyrologix,11,127-76,2024,0.0,0.004019335960038006,0,drone,1,9.489961992702219e-05,4575,0.004839880616278132,True
GaussianBudget75M_TOPGrowing,Kagel_2024-CAANF-242295,20240711,19,pyrologix,6,201-76,2024,0.0,0.0029346629744395614,0,drone,1,9.489961992702219e-05,2425,0.004555181756497065,True
GaussianBudget75M_TOPGrowing,Kaiser_2024-CASNF-001496,20240908,21,pyrologix,1,134-74,2024,0.0,0.0038064949912950397,0,drone,1,9.489961992702219e-05,740,0.004460282136570043,True
GaussianBudget75M_TOPGrowing,Kangaroo_2024-CAKNF-009316,20241110,12,pyrologix,1,30-38,2024,0.0,0.001619403949007392,0,drone,1,9.489961992702219e-05,450,0.003511285937299821,True
GaussianBudget75M_TOPGrowing,Kellogg_2024-CAMDF-000377,20240714,0,pyrologix,1,none,2024,0.0,0.0018849240150302649,-1,undetected,1,9.489961992702219e-05,0,0.0,False
GaussianBudget75M_TOPGrowing,Kelly_2024-CAKNF-006047,20240726,4,pyrologix,3,17-27,2024,0.0,0.00360053195618093,0,drone,1,9.489961992702219e-05,1435,0.0046500813764240876,True
GaussianBudget75M_TOPGrowing,Kelsey_2024-CASRF-000523,20240709,18,pyrologix,8,none,2024,0.0,0.0019155209884047508,-1,undetected,1,9.489961992702219e-05,0,0.0,False
GaussianBudget75M_TOPGrowing,Kinevan_2024-CALPF-001022,20240522,20,pyrologix,4,none,2024,0.0,0.0019141320372000337,-1,undetected,1,9.489961992702219e-05,0,0.0,False
GaussianBudget75M_TOPGrowing,Kings_2024-CASNF-000919,20240713,18,pyrologix,1,141-74,2024,0.0,0.002772853011265397,0,drone,1,9.489961992702219e-05,595,0.0046500813764240876,True
GaussianBudget75M_TOPGrowing,Kitchen_2024-CACNF-001184,20240701,17,pyrologix,2,none,2024,0.0,0.0019017050508409739,-1,undetected,1,9.489961992702219e-05,0,0.0,False
GaussianBudget75M_TOPGrowing,Knob_2024-CAINF-000901,20240626,21,pyrologix,7,127-76,2024,0.0,0.006835508975200355,1,drone,1,9.489961992702219e-05,3435,0.0047449809963511095,True
GaussianBudget75M_TOPGrowing,Knob_2024-CASQF-001233,20240713,23,pyrologix,4,169-84,2024,0.0,0.0034307759488001466,0,drone,1,9.489961992702219e-05,1830,0.0046500813764240876,True
GaussianBudget75M_TOPGrowing,L-2_Carter_2024-CALNF-004138,20240716,22,pyrologix,12,58-54,2024,0.0,0.006877199979498982,1,drone,1,9.489961992702219e-05,5135,0.0046500813764240876,True
GaussianBudget75M_TOPGrowing,L1Buzzard_2024-CALNF-003550,20240627,20,pyrologix,10,58-54,2024,0.0,0.0032915290212258697,0,drone,1,9.489961992702219e-05,4010,0.004555181756497065,True
GaussianBudget75M_TOPGrowing,Lac_-_Soledad_2024-CAANF-243141,20240826,17,pyrologix,7,201-76,2024,0.0,0.0025960690109059215,0,drone,1,9.489961992702219e-05,2755,0.004555181756497065,True
GaussianBudget75M_TOPGrowing,Lac_Bert_2024-CAANF-242764,20240802,19,pyrologix,1,none,2024,0.0,0.001891294028609991,-1,undetected,1,9.489961992702219e-05,0,0.0,False
GaussianBudget75M_TOPGrowing,Ladybug_2024-CAANF-243459,20240921,8,pyrologix,3,206-81,2024,0.0,0.0029076889622956514,0,drone,1,9.489961992702219e-05,1345,0.003985784036934932,True
GaussianBudget75M_TOPGrowing,Ladybug_2024-CATNF-000976,20240726,13,pyrologix,12,86-67,2024,0.0,0.004694942967034876,0,drone,1,9.489961992702219e-05,4840,0.004365382516643021,True
GaussianBudget75M_TOPGrowing,Lake_2024-CABDF-001298,20240127,15,pyrologix,12,223-101,2024,0.0,0.00542750908061862,0,drone,1,9.489961992702219e-05,4565,0.0046500813764240876,True
GaussianBudget75M_TOPGrowing,Lake_2024-CALPF-001542,20240705,17,pyrologix,11,none,2024,0.0,0.0019035360310226679,-1,undetected,1,9.489961992702219e-05,0,0.0,False
GaussianBudget75M_TOPGrowing,Lake_2024-CASRF-001056,20241105,15,pyrologix,12,52-19,2024,0.0,0.0034078359603881836,0,drone,1,9.489961992702219e-05,4820,0.0046500813764240876,True
GaussianBudget75M_TOPGrowing,Lake_2024-CASTF-000674,20240514,23,pyrologix,1,114-64,2024,0.0,0.005709301098249853,1,drone,1,9.489961992702219e-05,1060,0.0046500813764240876,True
GaussianBudget75M_TOPGrowing,Landing_2024-CATNF-000745,20240630,3,pyrologix,1,79-68,2024,0.0,0.005136052030138671,1,drone,1,9.489961992702219e-05,980,0.004460282136570043,True
GaussianBudget75M_TOPGrowing,Lava_2024-CASHF-000905,20240916,14,pyrologix,10,37-56,2024,0.0,0.0045691829873248935,0,drone,1,9.489961992702219e-05,4210,0.0046500813764240876,True
GaussianBudget75M_TOPGrowing,Leaf_2024-CATMU-011294,20240504,1,pyrologix,1,none,2024,0.0,0.0018366409931331873,-1,undetected,1,9.489961992702219e-05,0,0.0,False
GaussianBudget75M_TOPGrowing,Lemon_2024-CATNF-001043,20240804,18,pyrologix,12,79-68,2024,0.0,0.003855810035020113,0,drone,1,9.489961992702219e-05,4805,0.0046500813764240876,True
GaussianBudget75M_TOPGrowing,Liberty_2024-CASTF-001974,20240830,17,pyrologix,2,107-61,2024,0.0,0.0034207289572805166,0,drone,1,9.489961992702219e-05,1075,0.0046500813764240876,True
GaussianBudget75M_TOPGrowing,Lightning_2024-CACNF-001050,20240620,13,pyrologix,12,none,2024,0.0,0.0018953770631924272,-1,undetected,1,9.489961992702219e-05,0,0.0,False
GaussianBudget75M_TOPGrowing,Lights_2024-CAPNF-000857,20240725,19,pyrologix,7,65-64,2024,0.0,0.0028990469872951508,0,drone,1,9.489961992702219e-05,2895,0.0046500813764240876,True
GaussianBudget75M_TOPGrowing,Lime_2024-CAKNF-004659,20240620,16,pyrologix,2,23-39,2024,0.0,0.0025730390334501863,0,drone,1,9.489961992702219e-05,945,0.004555181756497065,True
GaussianBudget75M_TOPGrowing,Linda_2024-CAMMU-025337,20241030,21,pyrologix,1,135-67,2024,0.0,0.0037726580630987883,0,drone,1,9.489961992702219e-05,790,0.004555181756497065,True
GaussianBudget75M_TOPGrowing,Line_2024-CABDF-012520,20240906,20,pyrologix,11,209-96,2024,0.0,0.0037920050090178847,0,drone,1,9.489961992702219e-05,4445,0.004460282136570043,True
GaussianBudget75M_TOPGrowing,Lion_2024-CASNF-000946,20240714,17,pyrologix,4,127-76,2024,0.0,0.0036728960694745183,0,drone,1,9.489961992702219e-05,1865,0.0046500813764240876,True
GaussianBudget75M_TOPGrowing,Lisa_2024-CAANF-242066,20240702,7,pyrologix,5,195-71,2024,0.0,0.006264971918426454,1,drone,1,9.489961992702219e-05,2620,0.0046500813764240876,True
GaussianBudget75M_TOPGrowing,Little_2024-CAANF-241849,20240620,19,pyrologix,1,201-76,2024,0.0,0.0032788460375741124,0,drone,1,9.489961992702219e-05,670,0.004175583276788976,True
GaussianBudget75M_TOPGrowing,Little_2024-CAKNF-003131,20240501,18,pyrologix,10,17-27,2024,0.0,0.004627869930118322,0,drone,1,9.489961992702219e-05,4200,0.0046500813764240876,True
GaussianBudget75M_TOPGrowing,Little_2024-CALAC-211628,20240620,18,pyrologix,3,201-76,2024,0.0,0.0035189290065318346,0,drone,1,9.489961992702219e-05,1425,0.004555181756497065,True
GaussianBudget75M_TOPGrowing,Little_2024-CAPNF-001091,20240901,14,pyrologix,4,72-52,2024,0.0,0.003880321979522705,0,drone,1,9.489961992702219e-05,1895,0.0046500813764240876,True
GaussianBudget75M_TOPGrowing,Log_2024-CASHF-000146,20240310,22,pyrologix,12,30-45,2024,0.0,0.005394357955083251,0,drone,1,9.489961992702219e-05,5000,0.0046500813764240876,True
GaussianBudget75M_TOPGrowing,Logging_Fire_2024-CAMDF-001049,20241007,15,pyrologix,8,44-62,2024,0.0,0.00396531808655709,0,drone,1,9.489961992702219e-05,3350,0.0046500813764240876,True
GaussianBudget75M_TOPGrowing,Lone_2024-CABDF-009497,20240701,5,pyrologix,1,206-88,2024,0.0,0.0018582689808681607,0,drone,1,9.489961992702219e-05,475,0.003511285937299821,True
GaussianBudget75M_TOPGrowing,Long_2024-CABDF-014560,20241019,4,pyrologix,12,206-88,2024,0.0,0.004480684990994632,0,drone,1,9.489961992702219e-05,4790,0.004460282136570043,True
GaussianBudget75M_TOPGrowing,Long_2024-CACNF-002802,20241213,17,pyrologix,9,220-87,2024,0.0,0.0026911819586530328,0,drone,1,9.489961992702219e-05,3555,0.004555181756497065,True
GaussianBudget75M_TOPGrowing,Long_2024-CASHF-001059,20241028,21,pyrologix,8,37-35,2024,0.0,0.003406381933018565,0,drone,1,9.489961992702219e-05,3320,0.0046500813764240876,True
GaussianBudget75M_TOPGrowing,Long_2024-CASQF-001281,20240715,16,pyrologix,11,169-84,2024,0.0,0.0036748528946191072,0,drone,1,9.489961992702219e-05,4440,0.0046500813764240876,True
GaussianBudget75M_TOPGrowing,Lookout_2024-CAINF-001757,20240917,20,pyrologix,2,124-80,2024,0.0,0.001954435952939093,0,drone,1,9.489961992702219e-05,835,0.004555181756497065,True
GaussianBudget75M_TOPGrowing,Loon_2024-CAENF-018656,20240706,20,pyrologix,1,93-62,2024,0.0,0.0038009289419278502,0,drone,1,9.489961992702219e-05,790,0.004555181756497065,True
GaussianBudget75M_TOPGrowing,Loon_2024-CAENF-025020,20240901,20,pyrologix,2,93-62,2024,0.0,0.003954542917199433,0,drone,1,9.489961992702219e-05,1170,0.004555181756497065,True
GaussianBudget75M_TOPGrowing,Loop_2024-CAINF-000654,20240527,19,pyrologix,12,127-76,2024,0.0,0.003619726048782468,0,drone,1,9.489961992702219e-05,4890,0.004839880616278132,True
GaussianBudget75M_TOPGrowing,Lower_2024-CAENF-013979,20240529,17,pyrologix,4,107-61,2024,0.0,0.0060586390318349,1,drone,1,9.489961992702219e-05,2160,0.0046500813764240876,True
GaussianBudget75M_TOPGrowing,Lower_2024-CASNF-000705,20240624,23,pyrologix,1,141-74,2024,0.0,0.005667297984473407,1,drone,1,9.489961992702219e-05,995,0.0046500813764240876,True
GaussianBudget75M_TOPGrowing,Lukens_2024-CAANF-241820,20240618,21,pyrologix,3,none,2024,0.0,0.001887545920908451,-1,undetected,1,9.489961992702219e-05,0,0.0,False
GaussianBudget75M_TOPGrowing,Lunch_2024-CATNF-001045,20240804,0,pyrologix,2,79-61,2024,0.0,0.0032407230464741588,0,drone,1,9.489961992702219e-05,1095,0.0046500813764240876,True
GaussianBudget75M_TOPGrowing,Luther_2024-CATMU-022161,20240805,14,pyrologix,10,100-68,2024,0.0,0.00275147904176265,0,drone,1,9.489961992702219e-05,3935,0.004555181756497065,True
GaussianBudget75M_TOPGrowing,Lyons_2024-CACNF-002195,20240921,14,pyrologix,10,244-98,2024,0.0,0.0073703990783542395,0,drone,1,9.489961992702219e-05,4280,0.0046500813764240876,True
GaussianBudget75M_TOPGrowing,Lyons_2024-CAENF-023259,20240815,20,pyrologix,2,100-61,2024,0.0,0.0057844569673761725,1,drone,1,9.489961992702219e-05,1385,0.0046500813764240876,True
GaussianBudget75M_TOPGrowing,Lyons_2024-CASTF-000827,20240601,12,pyrologix,11,114-64,2024,0.0,0.0041404529474675655,0,drone,1,9.489961992702219e-05,4605,0.0046500813764240876,True
GaussianBudget75M_TOPGrowing,Lytle_2024-CABDF-008512,20240609,20,pyrologix,4,206-88,2024,0.0,0.002071689930744469,0,drone,1,9.489961992702219e-05,1590,0.004365382516643021,True
GaussianBudget75M_TOPGrowing,Mace_2024-CAAEU-021087,20240726,6,pyrologix,4,93-56,2024,0.0,0.003071362036280334,0,drone,1,9.489961992702219e-05,1730,0.0046500813764240876,True
GaussianBudget75M_TOPGrowing,Mad_Rock_2024-CASRF-000359,20240619,6,pyrologix,10,45-20,2024,0.0,0.005961786024272442,1,drone,1,9.489961992702219e-05,4375,0.0046500813764240876,True
GaussianBudget75M_TOPGrowing,Maddalena_2024-CAPNF-000657,20240706,13,pyrologix,10,72-66,2024,0.0,0.003909885999746621,0,drone,1,9.489961992702219e-05,4105,0.0046500813764240876,True
GaussianBudget75M_TOPGrowing,Madrone_2024-CATNF-000478,20240530,19,pyrologix,2,79-54,2024,0.0,0.010298431967385113,1,drone,1,9.489961992702219e-05,1310,0.0046500813764240876,True
GaussianBudget75M_TOPGrowing,Main_2024-CATNF-001408,20240930,3,pyrologix,6,79-61,2024,0.0,0.003160575986839831,0,drone,1,9.489961992702219e-05,2585,0.0046500813764240876,True
GaussianBudget75M_TOPGrowing,Manzanita_2024-CAANF-242218,20240707,10,pyrologix,1,206-88,2024,0.0,0.003791979979723692,0,drone,1,9.489961992702219e-05,710,0.004175583276788976,True
GaussianBudget75M_TOPGrowing,Manzanita_2024-CAINF-001157,20240716,14,pyrologix,7,162-85,2024,0.0,0.0025068509858101606,0,drone,1,9.489961992702219e-05,2810,0.0046500813764240876,True
GaussianBudget75M_TOPGrowing,Maple_2024-CAANF-243443,20240918,22,pyrologix,3,none,2024,0.0,0.001896513975225389,-1,undetected,1,9.489961992702219e-05,0,0.0,False
GaussianBudget75M_TOPGrowing,Marina_2024-CASQF-001396,20240729,12,pyrologix,5,170-77,2024,0.0,0.0030056069372221828,0,drone,1,9.489961992702219e-05,2140,0.0046500813764240876,True
GaussianBudget75M_TOPGrowing,Maxon_2024-CASNF-000940,20240714,13,pyrologix,5,none,2024,0.0,0.0018906519981101155,-1,undetected,1,9.489961992702219e-05,0,0.0,False
GaussianBudget75M_TOPGrowing,Mcculloh_2024-CAENF-021466,20240729,19,pyrologix,2,93-56,2024,0.0,0.0031329930061474442,0,drone,1,9.489961992702219e-05,900,0.004555181756497065,True
GaussianBudget75M_TOPGrowing,Mckenzie_2024-CASHF-001018,20241016,21,pyrologix,2,44-41,2024,0.0,0.002429356100037694,0,drone,1,9.489961992702219e-05,970,0.004365382516643021,True
GaussianBudget75M_TOPGrowing,Mckinstry_2024-CAENF-019734,20240714,18,pyrologix,8,93-62,2024,0.0,0.0030662340577691793,0,drone,1,9.489961992702219e-05,3245,0.0046500813764240876,True
GaussianBudget75M_TOPGrowing,Mclain_2024-CATNF-000486,20240531,13,pyrologix,7,79-54,2024,0.0,0.006164074991829693,1,drone,1,9.489961992702219e-05,3305,0.0047449809963511095,True
GaussianBudget75M_TOPGrowing,Mcleod_2024-CAINF-000910,20240626,17,pyrologix,3,127-76,2024,0.0,0.0018172439886257052,0,drone,1,9.489961992702219e-05,1265,0.0046500813764240876,True
GaussianBudget75M_TOPGrowing,Mcnair_2024-CAPNF-000934,20240805,16,pyrologix,7,79-61,2024,0.0,0.007373631000518799,0,drone,1,9.489961992702219e-05,3085,0.0046500813764240876,True
GaussianBudget75M_TOPGrowing,Meadow_2024-CAENF-019852,20240715,18,pyrologix,3,100-68,2024,0.0,0.0029117449885234237,0,drone,1,9.489961992702219e-05,1330,0.004555181756497065,True
GaussianBudget75M_TOPGrowing,Meadow_2024-CAKNF-001865,20240315,14,pyrologix,11,17-27,2024,0.0,0.003189026960171759,0,drone,1,9.489961992702219e-05,4305,0.0046500813764240876,True
GaussianBudget75M_TOPGrowing,Meadow_2024-CAPNF-000360,20240605,23,pyrologix,5,72-52,2024,0.0,0.005866417079232633,1,drone,1,9.489961992702219e-05,2450,0.0046500813764240876,True
GaussianBudget75M_TOPGrowing,Meadow_2024-CASTF-002049,20240903,20,pyrologix,7,107-61,2024,0.0,0.0052705020643770695,0,drone,1,9.489961992702219e-05,2880,0.0046500813764240876,True
GaussianBudget75M_TOPGrowing,Meadow_2024-CATNF-001058,20240805,19,pyrologix,10,86-60,2024,0.0,0.006676127086393535,1,drone,1,9.489961992702219e-05,4390,0.0046500813764240876,True
GaussianBudget75M_TOPGrowing,Merrill_2024-CATNF-001451,20241006,6,pyrologix,9,79-68,2024,0.0,0.007500912994146347,0,drone,1,9.489961992702219e-05,3710,0.0046500813764240876,True
GaussianBudget75M_TOPGrowing,Mesa_2024-CABDF-004531,20240318,15,pyrologix,2,206-88,2024,0.0,0.0022895539877936244,0,drone,1,9.489961992702219e-05,860,0.004175583276788976,True
GaussianBudget75M_TOPGrowing,Meyers_2024-CABDF-007436,20240519,15,pyrologix,11,206-88,2024,0.0,0.004456448019482195,0,drone,1,9.489961992702219e-05,4410,0.004460282136570043,True
GaussianBudget75M_TOPGrowing,Middle_2024-CAPNF-000738,20240714,0,pyrologix,4,65-64,2024,0.0,0.0025084579829126596,0,drone,1,9.489961992702219e-05,1700,0.0046500813764240876,True
GaussianBudget75M_TOPGrowing,Midnight_2024-CAKNF-008589,20241016,4,pyrologix,5,17-34,2024,0.0,0.0024980410235002637,0,drone,1,9.489961992702219e-05,2065,0.003985784036934932,True
GaussianBudget75M_TOPGrowing,Mike_2024-CALPF-002094,20240820,16,pyrologix,8,189-64,2024,0.0,0.002771731000393629,0,drone,1,9.489961992702219e-05,3130,0.0046500813764240876,True
GaussianBudget75M_TOPGrowing,Milcha_2024-CACNF-002764,20241208,12,pyrologix,9,244-98,2024,0.0,0.00949984195176512,2,drone,1,9.489961992702219e-05,4505,0.0046500813764240876,True
GaussianBudget75M_TOPGrowing,Milford_2024-CAPNF-000276,20240518,1,pyrologix,7,72-66,2024,0.0,0.01032062596641481,1,drone,1,9.489961992702219e-05,3190,0.0046500813764240876,True
GaussianBudget75M_TOPGrowing,Mill_2024-CABDF-007176,20240515,18,pyrologix,5,none,2024,0.0,0.0018899230053648353,-1,undetected,1,9.489961992702219e-05,0,0.0,False
GaussianBudget75M_TOPGrowing,Mill_2024-CALPF-000981,20240518,13,pyrologix,6,189-64,2024,0.0,0.0030443950090557337,0,drone,1,9.489961992702219e-05,2410,0.0046500813764240876,True
GaussianBudget75M_TOPGrowing,Mill_2024-CAPNF-000832,20240722,20,pyrologix,3,79-61,2024,0.0,0.002810672973282635,0,drone,1,9.489961992702219e-05,1405,0.0046500813764240876,True
GaussianBudget75M_TOPGrowing,Mill_2024-CATNF-000939,20240720,7,pyrologix,2,79-54,2024,0.0,0.0016191600589081645,0,drone,1,9.489961992702219e-05,820,0.004365382516643021,True
GaussianBudget75M_TOPGrowing,Miller_2024-CAMDF-000945,20240916,8,pyrologix,10,37-63,2024,0.0,0.0060845400439575315,1,drone,1,9.489961992702219e-05,4290,0.0046500813764240876,True
GaussianBudget75M_TOPGrowing,Mine_2024-CAPNF-001477,20241030,17,pyrologix,12,65-57,2024,0.0,0.005031876033172011,0,drone,1,9.489961992702219e-05,5030,0.0046500813764240876,True
GaussianBudget75M_TOPGrowing,Mine_2024-CASNF-000951,20240714,18,pyrologix,9,128-62,2024,0.0,0.003310025087557733,0,drone,1,9.489961992702219e-05,3585,0.0046500813764240876,True
GaussianBudget75M_TOPGrowing,Miners_2024-CACNF-002617,20241113,17,pyrologix,11,244-98,2024,0.0,0.006882518995553255,1,drone,1,9.489961992702219e-05,4880,0.0046500813764240876,True
GaussianBudget75M_TOPGrowing,Mission_2024-CAMMU-024236,20241017,19,pyrologix,10,135-67,2024,0.0,0.008737655938602984,0,drone,1,9.489961992702219e-05,4290,0.0046500813764240876,True
GaussianBudget75M_TOPGrowing,Mnf1_2024-CALNU-019072,20241004,22,pyrologix,9,78-23,2024,0.0,0.003785943961702287,0,drone,1,9.489961992702219e-05,3680,0.004555181756497065,True
GaussianBudget75M_TOPGrowing,Modin_2024-CASHF-001020,20241016,22,pyrologix,2,44-48,2024,0.0,0.005522259045392275,1,drone,1,9.489961992702219e-05,1325,0.0046500813764240876,True
GaussianBudget75M_TOPGrowing,Mohawk_2024-CAPNF-000665,20240707,8,pyrologix,1,72-59,2024,0.0,0.005472815013490617,1,drone,1,9.489961992702219e-05,1030,0.0046500813764240876,True
GaussianBudget75M_TOPGrowing,Monkey_2024-CAANF-242139,20240705,8,pyrologix,5,201-76,2024,0.0,0.003515720018185675,0,drone,1,9.489961992702219e-05,2155,0.004555181756497065,True
GaussianBudget75M_TOPGrowing,Moon_2024-CAANF-242974,20240813,18,pyrologix,7,206-81,2024,0.0,0.0038994799833744764,0,drone,1,9.489961992702219e-05,3005,0.0040806836568619545,True
GaussianBudget75M_TOPGrowing,Moon_2024-CALNF-000997,20240226,18,pyrologix,2,51-54,2024,0.0,0.005577882053330541,1,drone,1,9.489961992702219e-05,1365,0.0046500813764240876,True
GaussianBudget75M_TOPGrowing,Moonshine_2024-CATNF-000243,20240321,22,pyrologix,1,79-54,2024,0.0,0.002981089986860752,0,drone,1,9.489961992702219e-05,480,0.0036061855572268433,True
GaussianBudget75M_TOPGrowing,Moore_2024-CASTF-001052,20240624,19,pyrologix,9,121-61,2024,0.0,0.004728314001113176,0,drone,1,9.489961992702219e-05,3795,0.0046500813764240876,True
GaussianBudget75M_TOPGrowing,Morris_2024-CAANF-242830,20240804,22,pyrologix,4,206-81,2024,0.0,0.00534746004268527,1,drone,1,9.489961992702219e-05,2085,0.003985784036934932,True
GaussianBudget75M_TOPGrowing,Morris_2024-CALAC-271876,20240804,18,pyrologix,11,206-81,2024,0.0,0.004321562009863555,0,drone,1,9.489961992702219e-05,4490,0.0040806836568619545,True
GaussianBudget75M_TOPGrowing,Morris_2024-CASHF-000448,20240621,22,pyrologix,2,38-28,2024,0.0,0.0051672139670699835,1,drone,1,9.489961992702219e-05,1285,0.0046500813764240876,True
GaussianBudget75M_TOPGrowing,Mosquito_2024-CAAEU-022315,20240807,0,pyrologix,5,93-56,2024,0.0,0.006568821030668914,1,drone,1,9.489961992702219e-05,2620,0.0046500813764240876,True
GaussianBudget75M_TOPGrowing,Mosquito_2024-CATNF-000771,20240702,18,pyrologix,11,93-56,2024,0.0,0.007424426032230258,1,drone,1,9.489961992702219e-05,4960,0.0046500813764240876,True
GaussianBudget75M_TOPGrowing,Motor_2024-CAANF-243087,20240823,12,pyrologix,11,195-71,2024,0.0,0.004792958032339811,0,drone,1,9.489961992702219e-05,4555,0.0046500813764240876,True
GaussianBudget75M_TOPGrowing,Mount_2024-CALPF-002316,20240910,15,pyrologix,12,189-64,2024,0.0,0.004928665002807975,0,drone,1,9.489961992702219e-05,4940,0.0046500813764240876,True
GaussianBudget75M_TOPGrowing,Mountain_2024-CATNF-000760,20240702,13,pyrologix,3,79-54,2024,0.0,0.003951688064262271,0,drone,1,9.489961992702219e-05,1440,0.0046500813764240876,True
GaussianBudget75M_TOPGrowing,Mouse_2024-CAKNF-006814,20240818,18,pyrologix,5,31-31,2024,0.0,0.005939794005826116,1,drone,1,9.489961992702219e-05,2540,0.0046500813764240876,True
GaussianBudget75M_TOPGrowing,Mp_243-16_Pinc_2024-CARRU-197199,20241222,0,pyrologix,10,223-101,2024,0.0,0.007132365950383246,1,drone,1,9.489961992702219e-05,4340,0.0046500813764240876,True
GaussianBudget75M_TOPGrowing,Mud_2024-CAMDF-000496,20240724,15,pyrologix,5,30-60,2024,0.0,0.0034943929640576243,0,drone,1,9.489961992702219e-05,2120,0.0046500813764240876,True
GaussianBudget75M_TOPGrowing,Mumbo_2024-CASHF-000581,20240715,19,pyrologix,12,37-35,2024,0.0,0.004715146962553263,0,drone,1,9.489961992702219e-05,4950,0.0046500813764240876,True
GaussianBudget75M_TOPGrowing,Muse_2024-CAKNF-006808,20240818,12,pyrologix,10,24-32,2024,0.0,0.004902929998934269,0,drone,1,9.489961992702219e-05,4235,0.0046500813764240876,True
GaussianBudget75M_TOPGrowing,Myrtle_2024-CASRF-000727,20240808,18,pyrologix,12,15-20,2024,0.0,0.013668176019564271,1,drone,1,9.489961992702219e-05,5335,0.0046500813764240876,True
GaussianBudget75M_TOPGrowing,Mystery_2024-CASNF-000889,20240710,23,pyrologix,3,141-74,2024,0.0,0.0027400690596550703,0,drone,1,9.489961992702219e-05,1355,0.0046500813764240876,True
GaussianBudget75M_TOPGrowing,N_Hwy_138___Old_Mill_Rd_2024-CABDU-010726,20240718,5,pyrologix,7,209-96,2024,0.0,0.005988408927805722,1,drone,1,9.489961992702219e-05,3300,0.004460282136570043,True
GaussianBudget75M_TOPGrowing,Non_Reportable_2024-CAANF-241146,20240429,16,pyrologix,10,none,2024,0.0,0.0018850920023396611,-1,undetected,1,9.489961992702219e-05,0,0.0,False
GaussianBudget75M_TOPGrowing,North_2024-CAPNF-001479,20241031,23,pyrologix,2,65-57,2024,0.0,0.003656059969216585,0,drone,1,9.489961992702219e-05,1090,0.004365382516643021,True
GaussianBudget75M_TOPGrowing,North_2024-CASTF-001411,20240716,23,pyrologix,1,107-68,2024,0.0,0.00822734204120934,2,drone,1,9.489961992702219e-05,1385,0.0046500813764240876,True
GaussianBudget75M_TOPGrowing,North_2024-CATNF-001110,20240813,15,pyrologix,4,86-60,2024,0.0,0.0058528248919174075,1,drone,1,9.489961992702219e-05,2135,0.0046500813764240876,True
GaussianBudget75M_TOPGrowing,Northern_2024-CAMDF-000879,20240909,12,pyrologix,6,30-60,2024,0.0,0.0037944699870422482,0,drone,1,9.489961992702219e-05,2580,0.0046500813764240876,True
GaussianBudget75M_TOPGrowing,Nose_2024-CASRF-000338,20240613,12,pyrologix,10,38-21,2024,0.0,0.00716440798714757,1,drone,1,9.489961992702219e-05,4630,0.0046500813764240876,True
GaussianBudget75M_TOPGrowing,Nutmeg_2024-CASNF-000953,20240714,20,pyrologix,7,128-62,2024,0.0,0.0034337450051680207,0,drone,1,9.489961992702219e-05,2880,0.0046500813764240876,True
GaussianBudget75M_TOPGrowing,O_Brien_2024-CASHF-000939,20240924,9,pyrologix,12,44-41,2024,0.0,0.003613759996369481,0,drone,1,9.489961992702219e-05,4815,0.0047449809963511095,True
GaussianBudget75M_TOPGrowing,Oak_2024-CAANF-240330,20240203,0,pyrologix,12,201-76,2024,0.0,0.0043297120137140155,0,drone,1,9.489961992702219e-05,4870,0.004555181756497065,True
GaussianBudget75M_TOPGrowing,Oak_2024-CALPF-002314,20240910,12,pyrologix,10,198-64,2024,0.0,0.005192579003050923,0,drone,1,9.489961992702219e-05,4205,0.0046500813764240876,True
GaussianBudget75M_TOPGrowing,Oaks_2024-CABDF-016085,20241106,12,pyrologix,9,206-88,2024,0.0,0.004434696980752051,0,drone,1,9.489961992702219e-05,3755,0.004365382516643021,True
GaussianBudget75M_TOPGrowing,Old_2024-CABTU-006472,20240412,22,pyrologix,5,79-47,2024,0.0,0.003748049959540367,0,drone,1,9.489961992702219e-05,2200,0.0046500813764240876,True
GaussianBudget75M_TOPGrowing,Old_2024-CASRF-000385,20240623,20,pyrologix,12,24-25,2024,0.0,0.0039180280873551965,0,drone,1,9.489961992702219e-05,4800,0.0046500813764240876,True
GaussianBudget75M_TOPGrowing,Olga_2024-CAANF-243956,20241027,7,pyrologix,7,195-71,2024,0.0,0.00382884603459388,0,drone,1,9.489961992702219e-05,2965,0.0046500813764240876,True
GaussianBudget75M_TOPGrowing,Onion_2024-CATNF-001280,20240908,18,pyrologix,2,86-60,2024,0.0,0.002695234026759863,0,drone,1,9.489961992702219e-05,950,0.0046500813764240876,True
GaussianBudget75M_TOPGrowing,Oregon_2024-CAPNF-001514,20241111,22,pyrologix,4,79-47,2024,0.0,0.002962847938761115,0,drone,1,9.489961992702219e-05,1720,0.0046500813764240876,True
GaussianBudget75M_TOPGrowing,Oregon_2024-CASHU-007131,20240704,9,pyrologix,12,45-27,2024,0.0,0.004584854003041983,0,drone,1,9.489961992702219e-05,4985,0.0046500813764240876,True
GaussianBudget75M_TOPGrowing,Orosco_2024-CACNF-001338,20240712,1,pyrologix,9,237-97,2024,0.0,0.003403431037440896,0,drone,1,9.489961992702219e-05,3620,0.0046500813764240876,True
GaussianBudget75M_TOPGrowing,Osborne_2024-CASTF-001964,20240829,14,pyrologix,1,107-61,2024,0.0,0.002358368947170675,0,drone,1,9.489961992702219e-05,590,0.003985784036934932,True
GaussianBudget75M_TOPGrowing,Overlook_2024-CAANF-242134,20240705,1,pyrologix,9,201-76,2024,0.0,0.006743843085132539,1,drone,1,9.489961992702219e-05,4090,0.004555181756497065,True
GaussianBudget75M_TOPGrowing,Overlook_2024-CACNF-001752,20240810,19,pyrologix,9,none,2024,0.0,0.0018911759834736586,-1,undetected,1,9.489961992702219e-05,0,0.0,False
GaussianBudget75M_TOPGrowing,Owens_River_2024-CAINF-001553,20240826,2,pyrologix,2,124-80,2024,0.0,0.0033227449748665094,0,drone,1,9.489961992702219e-05,1055,0.0046500813764240876,True
GaussianBudget75M_TOPGrowing,Owl_2024-CASNF-000945,20240714,18,pyrologix,1,135-67,2024,0.0,0.005864729988388717,1,drone,1,9.489961992702219e-05,1070,0.0046500813764240876,True
GaussianBudget75M_TOPGrowing,Owl_2024-CASRF-000935,20240928,21,pyrologix,5,31-24,2024,0.0,0.002994172042235732,0,drone,1,9.489961992702219e-05,2165,0.0046500813764240876,True
GaussianBudget75M_TOPGrowing,Packsaddle_2024-CASQF-001250,20240713,20,pyrologix,2,170-77,2024,0.0,0.008458588970825076,1,drone,1,9.489961992702219e-05,1395,0.0046500813764240876,True
GaussianBudget75M_TOPGrowing,Paddle_2024-CASRF-000778,20240819,11,pyrologix,11,15-20,2024,0.0,0.004342423984780908,0,drone,1,9.489961992702219e-05,4510,0.0046500813764240876,True
GaussianBudget75M_TOPGrowing,Palen_2024-CATNF-000883,20240714,21,pyrologix,10,79-68,2024,0.0,0.0035405419766902924,0,drone,1,9.489961992702219e-05,4000,0.0046500813764240876,True
GaussianBudget75M_TOPGrowing,Paloma_2024-CAANF-244637,20241222,23,pyrologix,7,201-76,2024,0.0,0.006099190912209451,1,drone,1,9.489961992702219e-05,3265,0.004555181756497065,True
GaussianBudget75M_TOPGrowing,Pancake_2024-CAPNF-000473,20240623,11,pyrologix,11,72-52,2024,0.0,0.00451804103795439,0,drone,1,9.489961992702219e-05,4435,0.0046500813764240876,True
GaussianBudget75M_TOPGrowing,Panoramic_2024-CABDF-001975,20240206,21,pyrologix,8,223-101,2024,0.0,0.002662093029357493,0,drone,1,9.489961992702219e-05,3030,0.0046500813764240876,True
GaussianBudget75M_TOPGrowing,Park_Creek_Rd___Sly_Park_Rd_2024-CAAEU-009199,20240412,8,pyrologix,12,100-54,2024,0.0,0.007115259999409318,1,drone,1,9.489961992702219e-05,5215,0.0046500813764240876,True
GaussianBudget75M_TOPGrowing,Pass_2024-CASQF-001363,20240724,17,pyrologix,7,147-79,2024,0.0,0.00392183696385473,0,drone,1,9.489961992702219e-05,2985,0.0046500813764240876,True
GaussianBudget75M_TOPGrowing,Patricks_2024-CASRF-000944,20241001,19,pyrologix,7,15-20,2024,0.0,0.0028521280037239194,0,drone,1,9.489961992702219e-05,2820,0.0046500813764240876,True
GaussianBudget75M_TOPGrowing,Patterson_2024-CAMDF-000408,20240717,22,pyrologix,8,42-76,2024,0.0,0.003472477081231773,0,drone,1,9.489961992702219e-05,3310,0.0046500813764240876,True
GaussianBudget75M_TOPGrowing,Patterson_2024-CATNF-001415,20241001,16,pyrologix,8,86-60,2024,0.0,0.003634789027273655,0,drone,1,9.489961992702219e-05,3255,0.0046500813764240876,True
GaussianBudget75M_TOPGrowing,Peak_2024-CASTF-002313,20241002,13,pyrologix,12,114-64,2024,0.0,0.007138679968193173,1,drone,1,9.489961992702219e-05,5360,0.0046500813764240876,True
GaussianBudget75M_TOPGrowing,Pearl_2024-CAENF-019645,20240714,1,pyrologix,1,93-62,2024,0.0,0.003317004069685936,0,drone,1,9.489961992702219e-05,680,0.004555181756497065,True
GaussianBudget75M_TOPGrowing,Peavine_2024-CAENF-030576,20241027,15,pyrologix,8,100-61,2024,0.0,0.003979062079451978,0,drone,1,9.489961992702219e-05,3345,0.0046500813764240876,True
GaussianBudget75M_TOPGrowing,Pecks_2024-CAPNF-001478,20241030,22,pyrologix,2,65-57,2024,0.0,0.003676298074424267,0,drone,1,9.489961992702219e-05,1090,0.004365382516643021,True
GaussianBudget75M_TOPGrowing,Pelona_2024-CAANF-243346,20240909,11,pyrologix,9,201-76,2024,0.0,0.00614973995834589,1,drone,1,9.489961992702219e-05,4055,0.004555181756497065,True
GaussianBudget75M_TOPGrowing,Pencil_2024-CAMDF-000481,20240722,19,pyrologix,4,none,2024,0.0,0.0018551420653238893,-1,undetected,1,9.489961992702219e-05,0,0.0,False
GaussianBudget75M_TOPGrowing,Pendola_2024-CATNF-000345,20240421,14,pyrologix,12,79-54,2024,0.0,0.003698913031257689,0,drone,1,9.489961992702219e-05,4790,0.0047449809963511095,True
GaussianBudget75M_TOPGrowing,Perdew_2024-CABDF-014445,20241016,19,pyrologix,11,206-88,2024,0.0,0.003681449918076396,0,drone,1,9.489961992702219e-05,4350,0.004460282136570043,True
GaussianBudget75M_TOPGrowing,Perkins_2024-CASNF-000978,20240717,19,pyrologix,12,134-74,2024,0.0,0.0065953240264207125,1,drone,1,9.489961992702219e-05,5170,0.0046500813764240876,True
GaussianBudget75M_TOPGrowing,Phipps_2024-CAENF-019712,20240714,17,pyrologix,6,93-62,2024,0.0,0.006251324899494648,1,drone,1,9.489961992702219e-05,2950,0.0046500813764240876,True
GaussianBudget75M_TOPGrowing,Phipps_2024-CATMU-019712,20240714,18,pyrologix,4,93-62,2024,0.0,0.005935083026997745,1,drone,1,9.489961992702219e-05,2180,0.0046500813764240876,True
GaussianBudget75M_TOPGrowing,Picket_2024-CAENF-026879,20240919,17,pyrologix,1,93-62,2024,0.0,0.0029428090201690793,0,drone,1,9.489961992702219e-05,615,0.004365382516643021,True
GaussianBudget75M_TOPGrowing,Pickett_2024-CASRF-000557,20240714,10,pyrologix,5,52-19,2024,0.0,0.004010389908216894,0,drone,1,9.489961992702219e-05,2285,0.0046500813764240876,True
GaussianBudget75M_TOPGrowing,Picnic_2024-CACNF-002561,20241107,15,pyrologix,12,none,2024,0.0,0.0018698190106078982,-1,undetected,1,9.489961992702219e-05,0,0.0,False
GaussianBudget75M_TOPGrowing,Piedras_2024-CALPF-001480,20240701,12,pyrologix,8,198-64,2024,0.0,0.003895352012477815,0,drone,1,9.489961992702219e-05,3275,0.0046500813764240876,True
GaussianBudget75M_TOPGrowing,Pine_2024-CALPF-002058,20240817,15,pyrologix,1,189-64,2024,0.0,0.0037597890477627516,0,drone,1,9.489961992702219e-05,780,0.004555181756497065,True
GaussianBudget75M_TOPGrowing,Pine_2024-CATNF-000921,20240718,14,pyrologix,1,86-53,2024,0.0,0.002180403913371265,0,drone,1,9.489961992702219e-05,460,0.0036061855572268433,True
GaussianBudget75M_TOPGrowing,Pinecrest_2024-CASTF-000673,20240514,17,pyrologix,12,114-64,2024,0.0,0.0034415730042383075,0,drone,1,9.489961992702219e-05,4870,0.0046500813764240876,True
GaussianBudget75M_TOPGrowing,Pines_2024-CAANF-242216,20240707,7,pyrologix,4,206-88,2024,0.0,0.0029789420077577233,0,drone,1,9.489961992702219e-05,1640,0.004365382516643021,True
GaussianBudget75M_TOPGrowing,Pinewood_2024-CABDF-007893,20240527,12,pyrologix,7,223-101,2024,0.0,0.00550543493591249,0,drone,1,9.489961992702219e-05,2745,0.0046500813764240876,True
GaussianBudget75M_TOPGrowing,Pipe_2024-CAANF-242836,20240805,21,pyrologix,11,201-76,2024,0.0,0.006341637927107513,1,drone,1,9.489961992702219e-05,4835,0.004555181756497065,True
GaussianBudget75M_TOPGrowing,Pipeline_2024-CASHF-000628,20240724,16,pyrologix,9,52-26,2024,0.0,0.006564980954863131,1,drone,1,9.489961992702219e-05,4130,0.0046500813764240876,True
GaussianBudget75M_TOPGrowing,Pipi_2024-CAENF-018817,20240707,15,pyrologix,9,100-61,2024,0.0,0.006293367012403905,1,drone,1,9.489961992702219e-05,4045,0.0046500813764240876,True
GaussianBudget75M_TOPGrowing,Pit_2024-CALPF-002505,20241002,22,pyrologix,9,189-64,2024,0.0,0.004661042941734195,0,drone,1,9.489961992702219e-05,3815,0.0046500813764240876,True
GaussianBudget75M_TOPGrowing,Pitman_2024-CABDF-009013,20240621,13,pyrologix,5,206-88,2024,0.0,0.0032089470187202096,0,drone,1,9.489961992702219e-05,2020,0.004365382516643021,True
GaussianBudget75M_TOPGrowing,Piute_2024-CASTF-002034,20240902,16,pyrologix,11,114-64,2024,0.0,0.004473651060834527,0,drone,1,9.489961992702219e-05,4605,0.0046500813764240876,True
GaussianBudget75M_TOPGrowing,Plantation_2024-CAMDF-000415,20240717,13,pyrologix,11,none,2024,0.0,0.002053035073913634,-1,undetected,1,9.489961992702219e-05,0,0.0,False
GaussianBudget75M_TOPGrowing,Plenty_2024-CAANF-242169,20240705,21,pyrologix,4,none,2024,0.0,0.001917399000376463,-1,undetected,1,9.489961992702219e-05,0,0.0,False
GaussianBudget75M_TOPGrowing,Point_2024-CAMDF-000395,20240715,16,pyrologix,10,30-60,2024,0.0,0.003185856039635837,0,drone,1,9.489961992702219e-05,4005,0.0046500813764240876,True
GaussianBudget75M_TOPGrowing,Point_2024-CASHU-006836,20240627,17,pyrologix,7,44-55,2024,0.0,0.008631208911538124,2,drone,1,9.489961992702219e-05,3740,0.0046500813764240876,True
GaussianBudget75M_TOPGrowing,Point_2024-CASQF-001303,20240718,6,pyrologix,4,177-79,2024,0.0,0.0060749739641323686,1,drone,1,9.489961992702219e-05,2230,0.0046500813764240876,True
GaussianBudget75M_TOPGrowing,Poison_2024-CALNF-005125,20240827,18,pyrologix,4,51-54,2024,0.0,0.004374676034785807,0,drone,1,9.489961992702219e-05,1680,0.0046500813764240876,True
GaussianBudget75M_TOPGrowing,Poison_2024-CASNF-001054,20240724,22,pyrologix,1,134-74,2024,0.0,0.0038096600910648704,0,drone,1,9.489961992702219e-05,530,0.003985784036934932,True
GaussianBudget75M_TOPGrowing,Poison_2024-CASQF-001232,20240713,21,pyrologix,6,170-77,2024,0.0,0.003473032033070922,0,drone,1,9.489961992702219e-05,2550,0.0046500813764240876,True
GaussianBudget75M_TOPGrowing,Poker_2024-CAKNF-006795,20240818,22,pyrologix,10,17-27,2024,0.0,0.00459400296676904,0,drone,1,9.489961992702219e-05,4135,0.0046500813764240876,True
GaussianBudget75M_TOPGrowing,Porka_2024-CASTF-001365,20240714,11,pyrologix,10,107-68,2024,0.0,0.004019764019176364,0,drone,1,9.489961992702219e-05,4180,0.0046500813764240876,True
GaussianBudget75M_TOPGrowing,Portal_2024-CAANF-242662,20240727,20,pyrologix,7,none,2024,0.0,0.002411154913716018,-1,undetected,1,9.489961992702219e-05,0,0.0,False
GaussianBudget75M_TOPGrowing,Portal_2024-CAINF-002022,20241104,19,pyrologix,1,none,2024,0.0,0.0019279069965705276,-1,undetected,1,9.489961992702219e-05,0,0.0,False
GaussianBudget75M_TOPGrowing,Portuguese_2024-CAKNF-006636,20240814,0,pyrologix,3,17-34,2024,0.0,0.0027991789393126965,0,drone,1,9.489961992702219e-05,1340,0.00389088441700791,True
GaussianBudget75M_TOPGrowing,Poso_2024-CATUU-000791,20240719,8,pyrologix,4,170-77,2024,0.0,0.0021095320116728544,0,drone,1,9.489961992702219e-05,1635,0.0046500813764240876,True
GaussianBudget75M_TOPGrowing,Post_2024-CASHF-000586,20240716,0,pyrologix,5,52-26,2024,0.0,0.006280277972109616,1,drone,1,9.489961992702219e-05,2550,0.0046500813764240876,True
GaussianBudget75M_TOPGrowing,Power_2024-CAMMU-023174,20241004,22,pyrologix,6,135-67,2024,0.0,0.004008242045529187,0,drone,1,9.489961992702219e-05,2630,0.0046500813764240876,True
GaussianBudget75M_TOPGrowing,Power_2024-CASNF-001545,20240915,14,pyrologix,12,141-74,2024,0.0,0.004622497013770044,0,drone,1,9.489961992702219e-05,4965,0.0046500813764240876,True
GaussianBudget75M_TOPGrowing,Power_2024-CASQF-001097,20240703,0,pyrologix,1,177-72,2024,0.0,0.002684404025785625,0,drone,1,9.489961992702219e-05,455,0.003511285937299821,True
GaussianBudget75M_TOPGrowing,Powerhouse_2024-CAANF-242656,20240727,17,pyrologix,6,195-71,2024,0.0,0.0034361310536041856,0,drone,1,9.489961992702219e-05,2620,0.0046500813764240876,True
GaussianBudget75M_TOPGrowing,Propane_2024-CASQF-001598,20240830,22,pyrologix,9,177-79,2024,0.0,0.003296608105301857,0,drone,1,9.489961992702219e-05,3715,0.0046500813764240876,True
GaussianBudget75M_TOPGrowing,Prospect_2024-CAPNF-000095,20240226,16,pyrologix,5,79-61,2024,0.0,0.0038068400463089347,0,drone,1,9.489961992702219e-05,2300,0.0046500813764240876,True
GaussianBudget75M_TOPGrowing,Prospect_2024-CASHF-001019,20241016,20,pyrologix,3,44-41,2024,0.0,0.003144245012663305,0,drone,1,9.489961992702219e-05,1400,0.0047449809963511095,True
GaussianBudget75M_TOPGrowing,Prosser_2024-CATNF-000497,20240601,15,pyrologix,11,86-67,2024,0.0,0.003221109975129366,0,drone,1,9.489961992702219e-05,4220,0.004270482896715999,True
GaussianBudget75M_TOPGrowing,Provo_2024-CASTF-000370,20240311,23,pyrologix,7,114-57,2024,0.0,0.0031141230138018727,0,drone,1,9.489961992702219e-05,2805,0.0046500813764240876,True
GaussianBudget75M_TOPGrowing,Punch_2024-CASNF-000934,20240714,20,pyrologix,12,none,2024,0.0,0.0018955590203404427,-1,undetected,1,9.489961992702219e-05,0,0.0,False
GaussianBudget75M_TOPGrowing,Quartz_2024-CASNF-001057,20240725,22,pyrologix,11,128-69,2024,0.0,0.002896180027164519,0,drone,1,9.489961992702219e-05,4325,0.004365382516643021,True
GaussianBudget75M_TOPGrowing,Rail_2024-CAPNF-000256,20240511,18,pyrologix,2,72-66,2024,0.0,0.003154302015900612,0,drone,1,9.489961992702219e-05,990,0.0046500813764240876,True
GaussianBudget75M_TOPGrowing,Rainbow_2024-CASHF-000869,20240909,17,pyrologix,1,52-19,2024,0.0,0.009421803057193756,1,drone,1,9.489961992702219e-05,970,0.0046500813764240876,True
GaussianBudget75M_TOPGrowing,Ramp_2024-CATNF-000446,20240525,19,pyrologix,3,86-67,2024,0.0,0.001800675061531365,0,drone,1,9.489961992702219e-05,1185,0.004175583276788976,True
GaussianBudget75M_TOPGrowing,Ramparts_2024-CATMU-021980,20240803,17,pyrologix,10,93-62,2024,0.0,0.006890789023600519,1,drone,1,9.489961992702219e-05,4505,0.0046500813764240876,True
GaussianBudget75M_TOPGrowing,Ranch_2024-CATNF-001414,20241001,16,pyrologix,5,79-61,2024,0.0,0.006075666984543204,1,drone,1,9.489961992702219e-05,2585,0.0046500813764240876,True
GaussianBudget75M_TOPGrowing,Rancheria_2024-CACNF-002722,20241201,15,pyrologix,3,none,2024,0.0,0.0019427689258009195,-1,undetected,1,9.489961992702219e-05,0,0.0,False
GaussianBudget75M_TOPGrowing,Range_2024-CAANF-243749,20241011,16,pyrologix,2,206-81,2024,0.0,0.002244503004476428,0,drone,1,9.489961992702219e-05,895,0.003985784036934932,True
GaussianBudget75M_TOPGrowing,Rattlesnake_2024-CASTF-001325,20240712,23,pyrologix,8,107-61,2024,0.0,0.002739652991294861,0,drone,1,9.489961992702219e-05,3140,0.0046500813764240876,True
GaussianBudget75M_TOPGrowing,Raymond_2024-CASNF-001072,20240726,16,pyrologix,10,128-69,2024,0.0,0.004640173981897533,0,drone,1,9.489961992702219e-05,4155,0.004365382516643021,True
GaussianBudget75M_TOPGrowing,Raywood_2024-CABDF-012213,20240901,21,pyrologix,8,214-103,2024,0.0,0.003119113971479237,0,drone,1,9.489961992702219e-05,3305,0.004270482896715999,True
GaussianBudget75M_TOPGrowing,Red_2024-CASHF-000767,20240818,20,pyrologix,7,37-42,2024,0.0,0.006585231050848961,1,drone,1,9.489961992702219e-05,3250,0.0046500813764240876,True
GaussianBudget75M_TOPGrowing,Red_2024-CATNF-000906,20240717,0,pyrologix,4,86-60,2024,0.0,0.003273006994277239,0,drone,1,9.489961992702219e-05,1750,0.0046500813764240876,True
GaussianBudget75M_TOPGrowing,Red_2024-CATNF-001349,20240919,12,pyrologix,2,93-62,2024,0.0,0.002891459036618471,0,drone,1,9.489961992702219e-05,1000,0.004555181756497065,True
GaussianBudget75M_TOPGrowing,Redgrove_2024-CASQF-001170,20240708,10,pyrologix,9,163-78,2024,0.0,0.002928887028247118,0,drone,1,9.489961992702219e-05,3540,0.0046500813764240876,True
GaussianBudget75M_TOPGrowing,Redinger_2024-CASNF-001840,20241115,16,pyrologix,12,135-67,2024,0.0,0.006314401980489492,1,drone,1,9.489961992702219e-05,5250,0.0046500813764240876,True
GaussianBudget75M_TOPGrowing,Redonda_2024-CABDF-015968,20241103,14,pyrologix,8,209-96,2024,0.0,0.0031021820614114404,0,drone,1,9.489961992702219e-05,3235,0.004460282136570043,True
GaussianBudget75M_TOPGrowing,Redwood_2024-CASRF-000862,20240910,10,pyrologix,12,15-20,2024,0.0,0.007525961962528527,1,drone,1,9.489961992702219e-05,5335,0.0046500813764240876,True
GaussianBudget75M_TOPGrowing,Reeves_2024-CAKNF-006815,20240818,19,pyrologix,4,17-34,2024,0.0,0.006609771982766688,1,drone,1,9.489961992702219e-05,2285,0.004175583276788976,True
GaussianBudget75M_TOPGrowing,Refugio_2024-CALPF-002117,20240823,5,pyrologix,4,none,2024,0.0,0.0019055099692195654,-1,undetected,1,9.489961992702219e-05,0,0.0,False
GaussianBudget75M_TOPGrowing,Remann_2024-CALNF-005700,20240921,11,pyrologix,10,51-54,2024,0.0,0.0030481299618259072,0,drone,1,9.489961992702219e-05,3985,0.0046500813764240876,True
GaussianBudget75M_TOPGrowing,Reservoir_2024-CAANF-243574,20240930,16,pyrologix,3,206-81,2024,0.0,0.0032694649416953325,0,drone,1,9.489961992702219e-05,1450,0.003985784036934932,True
GaussianBudget75M_TOPGrowing,Resort_2024-CACNF-002865,20241228,17,pyrologix,7,230-100,2024,0.0,0.002954837982542813,0,drone,1,9.489961992702219e-05,2805,0.0046500813764240876,True
GaussianBudget75M_TOPGrowing,Rest_2024-CAINF-001411,20240810,12,pyrologix,8,127-76,2024,0.0,0.003468004986643791,0,drone,1,9.489961992702219e-05,3335,0.0047449809963511095,True
GaussianBudget75M_TOPGrowing,Rest_2024-CALNF-005560,20240915,0,pyrologix,1,58-61,2024,0.0,0.002846697927452624,0,drone,1,9.489961992702219e-05,625,0.004270482896715999,True
GaussianBudget75M_TOPGrowing,Reynolds_2024-CASRF-000287,20240527,1,pyrologix,4,24-25,2024,0.0,0.005803050007671118,0,drone,1,9.489961992702219e-05,1790,0.0046500813764240876,True
GaussianBudget75M_TOPGrowing,Ridge_2024-CABDF-010876,20240731,14,pyrologix,4,none,2024,0.0,0.0019611810566857457,-1,undetected,1,9.489961992702219e-05,0,0.0,False
GaussianBudget75M_TOPGrowing,Ridge_2024-CANEU-030573,20241012,22,pyrologix,3,93-56,2024,0.0,0.0036757899215444922,0,drone,1,9.489961992702219e-05,1455,0.0046500813764240876,True
GaussianBudget75M_TOPGrowing,Ridge_2_2024-CASRF-000580,20240715,23,pyrologix,2,38-21,2024,0.0,0.0035776220029219985,0,drone,1,9.489961992702219e-05,1145,0.0046500813764240876,True
GaussianBudget75M_TOPGrowing,Rim_2024-CABDF-000408,20240109,16,pyrologix,3,209-96,2024,0.0,0.0028305259766057134,0,drone,1,9.489961992702219e-05,1370,0.004365382516643021,True
GaussianBudget75M_TOPGrowing,River_2024-CAANF-242928,20240811,11,pyrologix,9,206-81,2024,0.0,0.0042313310550525784,0,drone,1,9.489961992702219e-05,3820,0.0040806836568619545,True
GaussianBudget75M_TOPGrowing,River_2024-CASHF-000226,20240427,20,pyrologix,2,44-41,2024,0.0,0.0032718409784138203,0,drone,1,9.489961992702219e-05,900,0.004270482896715999,True
GaussianBudget75M_TOPGrowing,River_Park_2024-CAKNF-009213,20241107,20,pyrologix,9,17-27,2024,0.0,0.007289385073818266,1,drone,1,9.489961992702219e-05,4135,0.0046500813764240876,True
GaussianBudget75M_TOPGrowing,Road_2024-CAANF-243400,20240914,11,pyrologix,9,201-76,2024,0.0,0.0066675469279289246,1,drone,1,9.489961992702219e-05,4090,0.004555181756497065,True
GaussianBudget75M_TOPGrowing,Rock_2024-CABDF-009734,20240725,18,pyrologix,8,209-96,2024,0.0,0.0025147689739242196,0,drone,1,9.489961992702219e-05,3185,0.004460282136570043,True
GaussianBudget75M_TOPGrowing,Rock_2024-CALPF-002208,20240902,21,pyrologix,7,none,2024,0.0,0.0019482040079310536,-1,undetected,1,9.489961992702219e-05,0,0.0,False
GaussianBudget75M_TOPGrowing,Rock_2024-CAMDF-000170,20240610,19,pyrologix,11,42-76,2024,0.0,0.0032487530261278152,0,drone,1,9.489961992702219e-05,4320,0.0046500813764240876,True
GaussianBudget75M_TOPGrowing,Rock_2024-CASHF-000761,20240818,10,pyrologix,8,44-34,2024,0.0,0.0028636089991778135,0,drone,1,9.489961992702219e-05,3205,0.0046500813764240876,True
GaussianBudget75M_TOPGrowing,Rock_2024-CASNF-000717,20240625,15,pyrologix,1,141-74,2024,0.0,0.0030677909962832928,0,drone,1,9.489961992702219e-05,665,0.0046500813764240876,True
GaussianBudget75M_TOPGrowing,Rock_2024-CASRF-000607,20240718,13,pyrologix,10,24-25,2024,0.0,0.006308638956397772,1,drone,1,9.489961992702219e-05,4405,0.0046500813764240876,True
GaussianBudget75M_TOPGrowing,Rocky_2024-CATNF-001017,20240803,22,pyrologix,9,86-67,2024,0.0,0.0032005319371819496,0,drone,1,9.489961992702219e-05,3520,0.004270482896715999,True
GaussianBudget75M_TOPGrowing,Rodeo_2024-CASQF-001344,20240718,22,pyrologix,2,169-84,2024,0.0,0.005681123002432287,1,drone,1,9.489961992702219e-05,1425,0.0046500813764240876,True
GaussianBudget75M_TOPGrowing,Rodgers_2024-CASNF-001798,20241103,9,pyrologix,11,141-74,2024,0.0,0.004240809008479118,0,drone,1,9.489961992702219e-05,4580,0.0046500813764240876,True
GaussianBudget75M_TOPGrowing,Root_2024-CASHF-001002,20241010,19,pyrologix,6,37-42,2024,0.0,0.006119327968917787,1,drone,1,9.489961992702219e-05,2850,0.0046500813764240876,True
GaussianBudget75M_TOPGrowing,Rosa_2024-CABDF-017160,20241126,1,pyrologix,7,223-101,2024,0.0,0.006177734001539648,1,drone,1,9.489961992702219e-05,3145,0.0046500813764240876,True
GaussianBudget75M_TOPGrowing,Round_2024-CABDF-007414,20240519,13,pyrologix,6,223-101,2024,0.0,0.006545803975313902,1,drone,1,9.489961992702219e-05,2845,0.0046500813764240876,True
GaussianBudget75M_TOPGrowing,Round_2024-CAPNF-000719,20240711,16,pyrologix,12,65-57,2024,0.0,0.003024257021024823,0,drone,1,9.489961992702219e-05,4740,0.004555181756497065,True
GaussianBudget75M_TOPGrowing,Royal_2024-CATNF-000855,20240707,20,pyrologix,6,86-60,2024,0.0,0.004027414019219577,0,drone,1,9.489961992702219e-05,2575,0.0046500813764240876,True
GaussianBudget75M_TOPGrowing,Rru_Cove_2024-CABDF-014860,20241025,9,pyrologix,10,223-101,2024,0.0,0.003246914013288915,0,drone,1,9.489961992702219e-05,3840,0.0046500813764240876,True
GaussianBudget75M_TOPGrowing,Rru_Howard_2024-CABDF-008044,20240530,18,pyrologix,3,223-101,2024,0.0,0.0029976320220157504,0,drone,1,9.489961992702219e-05,1345,0.004555181756497065,True
GaussianBudget75M_TOPGrowing,Rubbish_2024-CAANF-240976,20240412,14,pyrologix,7,206-81,2024,0.0,0.003449246985837817,0,drone,1,9.489961992702219e-05,2940,0.0040806836568619545,True
GaussianBudget75M_TOPGrowing,Ruby_2024-CAANF-242657,20240727,15,pyrologix,12,195-71,2024,0.0,0.0046377250691875815,0,drone,1,9.489961992702219e-05,4855,0.0046500813764240876,True
GaussianBudget75M_TOPGrowing,Rucker_2024-CATNF-000985,20240727,17,pyrologix,6,86-60,2024,0.0,0.0026298249140381813,0,drone,1,9.489961992702219e-05,2415,0.0046500813764240876,True
GaussianBudget75M_TOPGrowing,Ruffey_2024-CAKNF-005725,20240716,16,pyrologix,4,31-31,2024,0.0,0.003750887932255864,0,drone,1,9.489961992702219e-05,1815,0.0046500813764240876,True
GaussianBudget75M_TOPGrowing,Runner_2024-CAANF-242659,20240727,17,pyrologix,11,195-71,2024,0.0,0.004288310068659484,0,drone,1,9.489961992702219e-05,4450,0.0046500813764240876,True
GaussianBudget75M_TOPGrowing,Runner_2_2024-CAANF-243959,20241027,14,pyrologix,8,195-71,2024,0.0,0.006289670011028647,1,drone,1,9.489961992702219e-05,3695,0.0046500813764240876,True
GaussianBudget75M_TOPGrowing,Saddle_2024-CAPNF-001253,20240919,22,pyrologix,6,72-59,2024,0.0,0.005727851064875722,1,drone,1,9.489961992702219e-05,2920,0.0046500813764240876,True
GaussianBudget75M_TOPGrowing,Salt_2024-CAENF-017809,20240630,13,pyrologix,11,107-61,2024,0.0,0.00738081696908921,0,drone,1,9.489961992702219e-05,4475,0.0046500813764240876,True
GaussianBudget75M_TOPGrowing,Sand_2024-CATNF-000885,20240714,0,pyrologix,9,86-60,2024,0.0,0.0035782980266958475,0,drone,1,9.489961992702219e-05,3620,0.0046500813764240876,True
GaussianBudget75M_TOPGrowing,Sanhedrin_2024-CAMNF-001449,20241012,20,pyrologix,7,74-20,2024,0.0,0.006526730954647064,1,drone,1,9.489961992702219e-05,3370,0.0046500813764240876,True
GaussianBudget75M_TOPGrowing,Sardine_2024-CASTF-001400,20240716,22,pyrologix,6,107-68,2024,0.0,0.005266002030111849,0,drone,1,9.489961992702219e-05,2550,0.0046500813764240876,True
GaussianBudget75M_TOPGrowing,Scenic_2024-CAINF-000736,20240608,13,pyrologix,12,127-76,2024,0.0,0.003476536017842591,0,drone,1,9.489961992702219e-05,4890,0.004839880616278132,True
GaussianBudget75M_TOPGrowing,Scotland_2024-CABDF-012756,20240912,21,pyrologix,8,206-88,2024,0.0,0.004335197969339788,0,drone,1,9.489961992702219e-05,3350,0.004365382516643021,True
GaussianBudget75M_TOPGrowing,Scott_2024-CABDF-014959,20241026,1,pyrologix,12,206-88,2024,0.0,0.007967398036271334,1,drone,1,9.489961992702219e-05,5275,0.004460282136570043,True
GaussianBudget75M_TOPGrowing,Seeley_2024-CABDF-015160,20241027,20,pyrologix,5,209-96,2024,0.0,0.005701827933080494,1,drone,1,9.489961992702219e-05,2495,0.004460282136570043,True
GaussianBudget75M_TOPGrowing,Seiad_2024-CAKNF-007154,20240829,13,pyrologix,11,17-34,2024,0.0,0.0033790390007197857,0,drone,1,9.489961992702219e-05,4300,0.004175583276788976,True
GaussianBudget75M_TOPGrowing,Sepulveda_2024-CABDF-009699,20240705,23,pyrologix,7,209-96,2024,0.0,0.003418326028622687,0,drone,1,9.489961992702219e-05,2885,0.004460282136570043,True
GaussianBudget75M_TOPGrowing,Shake_2024-CAMDF-000947,20240916,15,pyrologix,3,37-63,2024,0.0,0.0022040120093151927,0,drone,1,9.489961992702219e-05,1295,0.0046500813764240876,True
GaussianBudget75M_TOPGrowing,Shanty_2024-CASRF-000614,20240720,1,pyrologix,7,52-19,2024,0.0,0.00372546399012208,0,drone,1,9.489961992702219e-05,3010,0.0046500813764240876,True
GaussianBudget75M_TOPGrowing,Sheep_2024-CABDF-011109,20240805,18,pyrologix,5,206-88,2024,0.0,0.00893918494693935,2,drone,1,9.489961992702219e-05,2815,0.004365382516643021,True
GaussianBudget75M_TOPGrowing,Sheep_2024-CASHF-000789,20240823,1,pyrologix,4,44-34,2024,0.0,0.002584391040727496,0,drone,1,9.489961992702219e-05,1660,0.0046500813764240876,True
GaussianBudget75M_TOPGrowing,Sheephead_2024-CACNF-001245,20240705,6,pyrologix,1,none,2024,0.0,0.0019208689918741584,-1,undetected,1,9.489961992702219e-05,0,0.0,False
GaussianBudget75M_TOPGrowing,Sheering_2024-CASTF-001060,20240625,0,pyrologix,5,114-64,2024,0.0,0.002395167015492916,0,drone,1,9.489961992702219e-05,2010,0.0046500813764240876,True
GaussianBudget75M_TOPGrowing,Shell_2024-CASQF-001024,20240625,22,pyrologix,7,147-79,2024,0.0,0.006554849911481142,0,drone,1,9.489961992702219e-05,2985,0.0046500813764240876,True
GaussianBudget75M_TOPGrowing,Shelley_2024-CATMU-030116,20241022,16,pyrologix,3,none,2024,0.0,0.0019295709207654,-1,undetected,1,9.489961992702219e-05,0,0.0,False
GaussianBudget75M_TOPGrowing,Shelly_2024-CAKNF-005159,20240703,16,pyrologix,9,24-32,2024,0.0,0.012648416101001203,1,drone,1,9.489961992702219e-05,4100,0.0046500813764240876,True
GaussianBudget75M_TOPGrowing,Sherwin_2024-CAINF-001851,20241003,19,pyrologix,10,127-76,2024,0.0,0.006396997021511197,1,drone,1,9.489961992702219e-05,4575,0.004839880616278132,True
GaussianBudget75M_TOPGrowing,Shinn_2024-CASNF-000977,20240716,22,pyrologix,2,134-74,2024,0.0,0.0031092639546841383,0,drone,1,9.489961992702219e-05,950,0.0046500813764240876,True
GaussianBudget75M_TOPGrowing,Shoe_2024-CASHF-000996,20241009,17,pyrologix,6,44-41,2024,0.0,0.00600875704549253,1,drone,1,9.489961992702219e-05,2985,0.0047449809963511095,True
GaussianBudget75M_TOPGrowing,Shore_2024-CATNF-001163,20240822,2,pyrologix,11,86-67,2024,0.0,0.0029133990174159408,0,drone,1,9.489961992702219e-05,4220,0.004270482896715999,True
GaussianBudget75M_TOPGrowing,Siberia_2024-CABDF-010843,20240730,15,pyrologix,8,209-96,2024,0.0,0.0037349669728428125,0,drone,1,9.489961992702219e-05,3340,0.004460282136570043,True
GaussianBudget75M_TOPGrowing,Sierra_2024-CAANF-242698,20240729,9,pyrologix,11,201-76,2024,0.0,0.003965493058785796,0,drone,1,9.489961992702219e-05,4475,0.004555181756497065,True
GaussianBudget75M_TOPGrowing,Sierra_2024-CAMMU-018562,20240811,4,pyrologix,1,135-67,2024,0.0,0.002726905979216099,0,drone,1,9.489961992702219e-05,600,0.004555181756497065,True
GaussianBudget75M_TOPGrowing,Signal_2024-CASRF-000713,20240805,13,pyrologix,9,15-20,2024,0.0,0.0027234191074967384,0,drone,1,9.489961992702219e-05,3545,0.0046500813764240876,True
GaussianBudget75M_TOPGrowing,Silverado_2024-CAANF-243644,20241005,7,pyrologix,9,195-71,2024,0.0,0.00476709206122905,0,drone,1,9.489961992702219e-05,3790,0.0046500813764240876,True
GaussianBudget75M_TOPGrowing,Sirretta_2024-CASQF-001263,20240714,16,pyrologix,4,169-84,2024,0.0,0.00258724601007998,0,drone,1,9.489961992702219e-05,1730,0.0046500813764240876,True
GaussianBudget75M_TOPGrowing,Skyland_2024-CABDF-009823,20240706,10,pyrologix,12,none,2024,0.0,0.0019406829960644245,-1,undetected,1,9.489961992702219e-05,0,0.0,False
GaussianBudget75M_TOPGrowing,Skyline_2024-CASHF-001147,20241207,17,pyrologix,5,44-41,2024,0.0,0.0023305159993469715,0,drone,1,9.489961992702219e-05,2040,0.0047449809963511095,True
GaussianBudget75M_TOPGrowing,Slate_2024-CASRF-000624,20240721,17,pyrologix,2,31-24,2024,0.0,0.002858038991689682,0,drone,1,9.489961992702219e-05,995,0.0046500813764240876,True
GaussianBudget75M_TOPGrowing,Sloat_2024-CATNF-001054,20240804,16,pyrologix,7,79-61,2024,0.0,0.0035324599593877792,0,drone,1,9.489961992702219e-05,3015,0.0046500813764240876,True
GaussianBudget75M_TOPGrowing,Smith_2024-CAPNF-000834,20240722,21,pyrologix,3,72-66,2024,0.0,0.006108422996476293,1,drone,1,9.489961992702219e-05,1780,0.0046500813764240876,True
GaussianBudget75M_TOPGrowing,Snag_2024-CAMDF-000416,20240717,17,pyrologix,5,none,2024,0.0,0.001991639961488545,-1,undetected,1,9.489961992702219e-05,0,0.0,False
GaussianBudget75M_TOPGrowing,Snell_2024-CAMDF-000949,20240916,16,pyrologix,4,37-56,2024,0.0,0.002676907926797867,0,drone,1,9.489961992702219e-05,1700,0.0046500813764240876,True
GaussianBudget75M_TOPGrowing,Snow_2024-CABDF-012275,20240901,16,pyrologix,8,214-103,2024,0.0,0.0026650200597941875,0,drone,1,9.489961992702219e-05,3250,0.004270482896715999,True
GaussianBudget75M_TOPGrowing,Snowbird_2024-CASHF-000647,20240727,16,pyrologix,9,44-41,2024,0.0,0.004465920035727322,0,drone,1,9.489961992702219e-05,3810,0.0047449809963511095,True
GaussianBudget75M_TOPGrowing,Soap_2024-CASTF-002267,20240927,17,pyrologix,3,114-57,2024,0.0,0.005332122091203928,1,drone,1,9.489961992702219e-05,1740,0.0046500813764240876,True
GaussianBudget75M_TOPGrowing,Somes_2024-CASRF-000901,20240920,1,pyrologix,4,24-25,2024,0.0,0.0031271770130842924,0,drone,1,9.489961992702219e-05,1730,0.0046500813764240876,True
GaussianBudget75M_TOPGrowing,South_2024-CAINF-001975,20241025,15,pyrologix,12,none,2024,0.0,0.001929837977513671,-1,undetected,1,9.489961992702219e-05,0,0.0,False
GaussianBudget75M_TOPGrowing,South_2024-CASKU-003966,20240530,17,pyrologix,11,37-42,2024,0.0,0.004553046077489853,0,drone,1,9.489961992702219e-05,4480,0.0046500813764240876,True
GaussianBudget75M_TOPGrowing,South_Crater_2024-CAINF-001246,20240723,1,pyrologix,6,124-80,2024,0.0,0.004151422064751387,0,drone,1,9.489961992702219e-05,2660,0.0046500813764240876,True
GaussianBudget75M_TOPGrowing,Spaulding_2024-CATNF-000682,20240623,19,pyrologix,4,86-60,2024,0.0,0.0034914769930765033,0,drone,1,9.489961992702219e-05,1810,0.0046500813764240876,True
GaussianBudget75M_TOPGrowing,Spider_2024-CASHF-000844,20240904,14,pyrologix,8,44-34,2024,0.0,0.00401357701048255,0,drone,1,9.489961992702219e-05,3320,0.0046500813764240876,True
GaussianBudget75M_TOPGrowing,Spillway_2024-CABDF-007081,20240512,22,pyrologix,2,223-101,2024,0.0,0.0016815130366012454,0,drone,1,9.489961992702219e-05,815,0.004365382516643021,True
GaussianBudget75M_TOPGrowing,Spring_2024-CAENF-016530,20240620,22,pyrologix,6,100-61,2024,0.0,0.003435830003581941,0,drone,1,9.489961992702219e-05,2530,0.0046500813764240876,True
GaussianBudget75M_TOPGrowing,Spring_2024-CAKNF-006816,20240818,20,pyrologix,2,17-34,2024,0.0,0.003428990952670574,0,drone,1,9.489961992702219e-05,1040,0.00389088441700791,True
GaussianBudget75M_TOPGrowing,Spring_2024-CAMDF-000414,20240717,16,pyrologix,2,49-75,2024,563.0003932700492,0.002856890088878572,0,drone,1,9.489961992702219e-05,930,0.0046500813764240876,True
GaussianBudget75M_TOPGrowing,Spring_2024-CAPNF-001286,20240927,0,pyrologix,1,72-66,2024,0.0,0.008177643059752882,1,drone,1,9.489961992702219e-05,990,0.0046500813764240876,True
GaussianBudget75M_TOPGrowing,Spring_2024-CASQF-001764,20240923,7,pyrologix,7,163-78,2024,0.0,0.0026708149816840887,0,drone,1,9.489961992702219e-05,2750,0.0046500813764240876,True
GaussianBudget75M_TOPGrowing,Springs_2024-CATNF-001018,20240803,22,pyrologix,11,86-67,2024,0.0,0.006079209968447685,1,drone,1,9.489961992702219e-05,4665,0.004365382516643021,True
GaussianBudget75M_TOPGrowing,Spunky_2024-CAANF-242018,20240630,21,pyrologix,10,none,2024,0.0,0.0019088449189439416,-1,undetected,1,9.489961992702219e-05,0,0.0,False
GaussianBudget75M_TOPGrowing,Spur_2024-CAINF-001424,20240811,10,pyrologix,12,127-76,2024,0.0,0.00465036800596863,0,drone,1,9.489961992702219e-05,5045,0.004839880616278132,True
GaussianBudget75M_TOPGrowing,Spur_2024-CAMDF-000346,20240710,12,pyrologix,10,37-63,2024,0.0,0.012920857989229262,1,drone,1,9.489961992702219e-05,4460,0.0046500813764240876,True
GaussianBudget75M_TOPGrowing,Star_2024-CASHF-000450,20240622,15,pyrologix,12,52-19,2024,0.0,0.006894521065987647,1,drone,1,9.489961992702219e-05,5365,0.0046500813764240876,True
GaussianBudget75M_TOPGrowing,Starvation_2024-CASQF-001512,20240818,0,pyrologix,9,170-77,2024,0.0,0.003965234034694731,0,drone,1,9.489961992702219e-05,3755,0.0046500813764240876,True
GaussianBudget75M_TOPGrowing,Stead_2024-CAMDF-000982,20240920,21,pyrologix,1,none,2024,0.0,0.0018918889109045267,-1,undetected,1,9.489961992702219e-05,0,0.0,False
GaussianBudget75M_TOPGrowing,Steep_2024-CABDF-012020,20240827,9,pyrologix,7,209-96,2024,0.0,0.0025955260498449206,0,drone,1,9.489961992702219e-05,2765,0.004460282136570043,True
GaussianBudget75M_TOPGrowing,Stick_2024-CABDF-012596,20240907,20,pyrologix,6,209-96,2024,0.0,0.008715749951079488,2,drone,1,9.489961992702219e-05,3300,0.004460282136570043,True
GaussianBudget75M_TOPGrowing,Stock_2024-CAMDF-000592,20240805,22,pyrologix,4,35-77,2024,0.0,0.0029534900095313787,0,drone,1,9.489961992702219e-05,1670,0.004555181756497065,True
GaussianBudget75M_TOPGrowing,Stokes_2024-CACNF-001574,20240727,18,pyrologix,4,237-97,2024,0.0,0.006433119997382164,1,drone,1,9.489961992702219e-05,2210,0.0046500813764240876,True
GaussianBudget75M_TOPGrowing,Strawberry_2024-CAPNF-000895,20240731,16,pyrologix,4,79-54,2024,0.0,0.006323940004222095,1,drone,1,9.489961992702219e-05,2185,0.0047449809963511095,True
GaussianBudget75M_TOPGrowing,Strike_2024-CABDF-012602,20240908,19,pyrologix,11,209-96,2024,0.0,0.003804497071541846,0,drone,1,9.489961992702219e-05,4445,0.004460282136570043,True
GaussianBudget75M_TOPGrowing,Stuart_2024-CASHF-000414,20240616,17,pyrologix,7,38-28,2024,0.0,0.003825069055892527,0,drone,1,9.489961992702219e-05,2970,0.0046500813764240876,True
GaussianBudget75M_TOPGrowing,Stump_2024-CASRF-000684,20240731,21,pyrologix,5,15-20,2024,0.0,0.006376632954925299,1,drone,1,9.489961992702219e-05,2570,0.0046500813764240876,True
GaussianBudget75M_TOPGrowing,Stump_2024-CASTF-001458,20240720,17,pyrologix,12,114-64,2024,0.0,0.006127874017693102,1,drone,1,9.489961992702219e-05,5260,0.0046500813764240876,True
GaussianBudget75M_TOPGrowing,Sugar_2024-CABDF-010319,20240717,13,pyrologix,11,214-103,2024,0.0,0.012774109956808388,1,drone,1,9.489961992702219e-05,5000,0.004270482896715999,True
GaussianBudget75M_TOPGrowing,Sugar_2024-CATNF-001025,20240803,6,pyrologix,2,86-53,2024,0.0,0.002301687025465071,0,drone,1,9.489961992702219e-05,865,0.004555181756497065,True
GaussianBudget75M_TOPGrowing,Sugar_2024-CATNF-001197,20240826,18,pyrologix,3,86-60,2024,0.0,0.0017087999731302261,0,drone,1,9.489961992702219e-05,1205,0.0046500813764240876,True
GaussianBudget75M_TOPGrowing,Sugarloaf_2024-CAANF-243521,20240926,21,pyrologix,5,206-88,2024,0.0,0.0023879919899627566,0,drone,1,9.489961992702219e-05,1970,0.004365382516643021,True
GaussianBudget75M_TOPGrowing,Sulphur_2024-CAKNF-004181,20240606,20,pyrologix,7,17-27,2024,0.0,0.0037515279836952686,0,drone,1,9.489961992702219e-05,2940,0.0046500813764240876,True
GaussianBudget75M_TOPGrowing,Summit_2024-CASQF-001071,20240629,17,pyrologix,7,147-79,2024,0.0,0.004283230984583497,0,drone,1,9.489961992702219e-05,3050,0.0046500813764240876,True
GaussianBudget75M_TOPGrowing,Sun_2024-CATCU-003101,20240311,22,pyrologix,9,114-57,2024,0.0,0.0033512800000607967,0,drone,1,9.489961992702219e-05,3600,0.0046500813764240876,True
GaussianBudget75M_TOPGrowing,Sunrise_2024-CAANF-241996,20240628,21,pyrologix,1,none,2024,0.0,0.0018552179681137204,-1,undetected,1,9.489961992702219e-05,0,0.0,False
GaussianBudget75M_TOPGrowing,Sunrise_2_2024-CAANF-242055,20240701,16,pyrologix,10,206-88,2024,0.0,0.003759235027246177,0,drone,1,9.489961992702219e-05,4030,0.004365382516643021,True
GaussianBudget75M_TOPGrowing,Sunset_2024-CAENF-024412,20240827,17,pyrologix,6,93-62,2024,0.0,0.0028357000555843115,0,drone,1,9.489961992702219e-05,2455,0.0046500813764240876,True
GaussianBudget75M_TOPGrowing,Sunshine_2024-CAANF-244639,20241222,2,pyrologix,5,201-76,2024,0.0,0.006801299983635545,1,drone,1,9.489961992702219e-05,2600,0.004555181756497065,True
GaussianBudget75M_TOPGrowing,Suzy_2024-CASRF-000368,20240621,0,pyrologix,5,38-21,2024,0.0,0.002276701037772,0,drone,1,9.489961992702219e-05,2005,0.0046500813764240876,True
GaussianBudget75M_TOPGrowing,Swaggert_Timber_Sale_2024-CAMDF-000887,20240910,14,pyrologix,5,43-69,2024,0.0,0.004003440961241722,0,drone,1,9.489961992702219e-05,2130,0.0046500813764240876,True
GaussianBudget75M_TOPGrowing,Swarthout_2024-CABDF-016024,20241104,4,pyrologix,4,206-88,2024,0.0,0.0028267260640859604,0,drone,1,9.489961992702219e-05,1640,0.004365382516643021,True
GaussianBudget75M_TOPGrowing,Sycamore_2024-CABDF-001018,20240121,20,pyrologix,6,206-88,2024,0.0,0.006677928031422198,1,drone,1,9.489961992702219e-05,2920,0.004365382516643021,True
GaussianBudget75M_TOPGrowing,Talbot_2024-CATNF-000904,20240716,16,pyrologix,1,86-60,2024,0.0,0.002326930989511311,0,drone,1,9.489961992702219e-05,550,0.003985784036934932,True
GaussianBudget75M_TOPGrowing,Tamarack_2024-CASHF-000630,20240724,17,pyrologix,11,37-42,2024,0.0,0.0070863389410078526,1,drone,1,9.489961992702219e-05,4805,0.0046500813764240876,True
GaussianBudget75M_TOPGrowing,Tamarack_2024-CASNF-000704,20240624,23,pyrologix,2,134-74,2024,0.0,0.0028442739276215434,0,drone,1,9.489961992702219e-05,950,0.0046500813764240876,True
GaussianBudget75M_TOPGrowing,Tank_2024-CAANF-243112,20240824,17,pyrologix,9,195-71,2024,0.0,0.007360956980846822,1,drone,1,9.489961992702219e-05,4100,0.0046500813764240876,True
GaussianBudget75M_TOPGrowing,Tar_2024-CALPF-001515,20240704,4,pyrologix,6,198-64,2024,0.0,0.004245156073011458,0,drone,1,9.489961992702219e-05,2640,0.0046500813764240876,True
GaussianBudget75M_TOPGrowing,Taylors_2024-CAPNF-000831,20240722,18,pyrologix,6,65-64,2024,0.0,0.003405486000701785,0,drone,1,9.489961992702219e-05,2590,0.0046500813764240876,True
GaussianBudget75M_TOPGrowing,Tecuya_2024-CALPF-002553,20241006,13,pyrologix,7,189-64,2024,0.0,0.0039560929872095585,0,drone,1,9.489961992702219e-05,2960,0.0046500813764240876,True
GaussianBudget75M_TOPGrowing,Telegraph_2024-CAANF-243254,20240903,20,pyrologix,3,206-88,2024,0.0,0.002346038934774697,0,drone,1,9.489961992702219e-05,1195,0.004270482896715999,True
GaussianBudget75M_TOPGrowing,Tells_2024-CAENF-023159,20240814,22,pyrologix,3,93-62,2024,0.0,0.0034304680302739143,0,drone,1,9.489961992702219e-05,1460,0.0046500813764240876,True
GaussianBudget75M_TOPGrowing,Temple_2024-CAKNF-003997,20240531,16,pyrologix,8,22-46,2024,0.0,0.0033656470477581024,0,drone,1,9.489961992702219e-05,3325,0.0046500813764240876,True
GaussianBudget75M_TOPGrowing,Templin_2024-CAANF-241629,20240607,1,pyrologix,5,195-71,2024,0.0,0.0036673570284619927,0,drone,1,9.489961992702219e-05,2285,0.0046500813764240876,True
GaussianBudget75M_TOPGrowing,Ten_Mile_2024-CASQF-000670,20240526,18,pyrologix,7,147-79,2024,0.0,0.0038348300149664283,0,drone,1,9.489961992702219e-05,2920,0.0046500813764240876,True
GaussianBudget75M_TOPGrowing,Tenaja_2024-CACNF-001874,20240825,16,pyrologix,5,220-87,2024,0.0,0.0030297930352389812,0,drone,1,9.489961992702219e-05,2115,0.004555181756497065,True
GaussianBudget75M_TOPGrowing,Thousand_2024-CAINF-001270,20240725,10,pyrologix,11,127-76,2024,0.0,0.002860104897990823,0,drone,1,9.489961992702219e-05,4445,0.004839880616278132,True
GaussianBudget75M_TOPGrowing,Thunder_2024-CAENF-025870,20240909,17,pyrologix,7,100-61,2024,0.0,0.005743126035667956,0,drone,1,9.489961992702219e-05,2895,0.0046500813764240876,True
GaussianBudget75M_TOPGrowing,Timber_2024-CASHF-000912,20240918,14,pyrologix,6,37-56,2024,0.0,0.003123912028968334,0,drone,1,9.489961992702219e-05,2560,0.0046500813764240876,True
GaussianBudget75M_TOPGrowing,Timber_2024-CASHU-004313,20240429,23,pyrologix,7,44-55,2024,0.0,0.003507896908558905,0,drone,1,9.489961992702219e-05,2980,0.0046500813764240876,True
GaussianBudget75M_TOPGrowing,Timber_2024-CASHU-013961,20241208,19,pyrologix,3,44-55,2024,0.0,0.0030753719620406628,0,drone,1,9.489961992702219e-05,1415,0.0046500813764240876,True
GaussianBudget75M_TOPGrowing,Tnf-Madrone_2024-CANEU-014985,20240530,19,pyrologix,4,79-54,2024,0.0,0.0038294430123642087,0,drone,1,9.489961992702219e-05,1770,0.0046500813764240876,True
GaussianBudget75M_TOPGrowing,Tom_2024-CAKNF-005764,20240717,14,pyrologix,9,17-34,2024,0.0,0.0076249579433351755,1,drone,1,9.489961992702219e-05,4085,0.004175583276788976,True
GaussianBudget75M_TOPGrowing,Tom_2024-CASNF-000726,20240625,18,pyrologix,6,134-74,2024,0.0,0.0022220619721338153,0,drone,1,9.489961992702219e-05,2400,0.0046500813764240876,True
GaussianBudget75M_TOPGrowing,Track_2024-CATNF-001069,20240806,17,pyrologix,4,79-61,2024,0.0,0.003145370981656015,0,drone,1,9.489961992702219e-05,1845,0.0046500813764240876,True
GaussianBudget75M_TOPGrowing,Trail_2024-CAKNF-006785,20240818,20,pyrologix,9,31-31,2024,0.0,0.002636270015500486,0,drone,1,9.489961992702219e-05,3525,0.0046500813764240876,True
GaussianBudget75M_TOPGrowing,Trail_2024-CALPF-000839,20240430,18,pyrologix,6,none,2024,0.0,0.0018955759005621076,-1,undetected,1,9.489961992702219e-05,0,0.0,False
GaussianBudget75M_TOPGrowing,Trailhead_2024-CASTF-002413,20241012,15,pyrologix,9,114-64,2024,0.0,0.004459563991986215,0,drone,1,9.489961992702219e-05,3930,0.0046500813764240876,True
GaussianBudget75M_TOPGrowing,Train_2024-CABDF-011648,20240817,18,pyrologix,10,206-88,2024,0.0,0.0044923670357093215,0,drone,1,9.489961992702219e-05,4070,0.004460282136570043,True
GaussianBudget75M_TOPGrowing,Trinity_2024-CASRF-000333,20240612,15,pyrologix,11,38-21,2024,0.0,0.004526564036495984,0,drone,1,9.489961992702219e-05,4630,0.0046500813764240876,True
GaussianBudget75M_TOPGrowing,Trinity_River_Camp_Shfweavville_2024-CASHU-009224,20240818,3,pyrologix,1,44-34,2024,0.0,0.004652513074688613,0,drone,1,9.489961992702219e-05,650,0.0036061855572268433,True
GaussianBudget75M_TOPGrowing,Trout_2024-CASQF-001240,20240713,10,pyrologix,12,169-84,2024,0.0,0.0046926820650696754,0,drone,1,9.489961992702219e-05,5015,0.0046500813764240876,True
GaussianBudget75M_TOPGrowing,Turk_2024-CABDF-004555,20240319,10,pyrologix,5,206-88,2024,0.0,0.0033069599885493517,0,drone,1,9.489961992702219e-05,2075,0.004365382516643021,True
GaussianBudget75M_TOPGrowing,Turkey_2024-CALPF-001493,20240702,12,pyrologix,11,170-47,2024,0.0,0.00412362499628216,0,drone,1,9.489961992702219e-05,4495,0.0047449809963511095,True
GaussianBudget75M_TOPGrowing,Tv_2024-CATNF-001039,20240803,18,pyrologix,9,79-68,2024,0.0,0.004822241025976837,0,drone,1,9.489961992702219e-05,3830,0.0046500813764240876,True
GaussianBudget75M_TOPGrowing,Twin_2024-CAPNF-000339,20240531,23,pyrologix,3,72-66,2024,0.0,0.0031188010470941663,0,drone,1,9.489961992702219e-05,1375,0.0046500813764240876,True
GaussianBudget75M_TOPGrowing,Ullathorne_2024-CASRF-000882,20240914,0,pyrologix,8,31-24,2024,0.0,0.0028991351136937737,0,drone,1,9.489961992702219e-05,3275,0.0046500813764240876,True
GaussianBudget75M_TOPGrowing,Unattended_2024-CASTF-002156,20240914,18,pyrologix,2,107-68,2024,0.0,0.0024742078967392445,0,drone,1,9.489961992702219e-05,980,0.004555181756497065,True
GaussianBudget75M_TOPGrowing,Under_2024-CASHF-000423,20240618,23,pyrologix,3,38-21,2024,0.0,0.004005364025942981,0,drone,1,9.489961992702219e-05,1510,0.0046500813764240876,True
GaussianBudget75M_TOPGrowing,Union_2024-CASTF-002004,20240901,23,pyrologix,2,107-68,2024,0.0,0.007938306080177426,2,drone,1,9.489961992702219e-05,1755,0.0046500813764240876,True
GaussianBudget75M_TOPGrowing,Union_2024-CATNF-000234,20240321,21,pyrologix,7,79-61,2024,0.0,0.006384994019754231,1,drone,1,9.489961992702219e-05,3370,0.0046500813764240876,True
GaussianBudget75M_TOPGrowing,Upper_2024-CAANF-243923,20241025,9,pyrologix,12,206-81,2024,0.0,0.0035454989410936832,0,drone,1,9.489961992702219e-05,4780,0.0040806836568619545,True
GaussianBudget75M_TOPGrowing,Upper_2024-CABDF-014731,20241021,21,pyrologix,3,206-88,2024,0.0,0.0020308579551056027,0,drone,1,9.489961992702219e-05,1195,0.004270482896715999,True
GaussianBudget75M_TOPGrowing,Upper_2024-CATMU-026524,20240916,20,pyrologix,11,100-68,2024,0.0,0.006726616062223911,0,drone,1,9.489961992702219e-05,4530,0.004555181756497065,True
GaussianBudget75M_TOPGrowing,Utica_2024-CASTF-001848,20240816,17,pyrologix,4,107-68,2024,0.0,0.005593004054389894,1,drone,1,9.489961992702219e-05,2140,0.0046500813764240876,True
GaussianBudget75M_TOPGrowing,Valentine_2024-CAINF-000771,20240612,21,pyrologix,11,127-76,2024,0.0,0.0037922709016129375,0,drone,1,9.489961992702219e-05,4575,0.004839880616278132,True
GaussianBudget75M_TOPGrowing,Valley_2024-CAMDF-000116,20240521,17,pyrologix,8,42-76,2024,0.0,0.006014617043547332,1,drone,1,9.489961992702219e-05,3675,0.0046500813764240876,True
GaussianBudget75M_TOPGrowing,Valley_2024-CATMU-016096,20240616,16,pyrologix,12,100-68,2024,0.0,0.0063004270195961,1,drone,1,9.489961992702219e-05,5140,0.004555181756497065,True
GaussianBudget75M_TOPGrowing,Valley_2024-CATNF-001417,20241002,6,pyrologix,1,86-67,2024,0.0,0.0030539019498974085,0,drone,1,9.489961992702219e-05,635,0.0040806836568619545,True
GaussianBudget75M_TOPGrowing,Van_Sickle_2024-CATMU-010359,20240424,13,pyrologix,9,none,2024,0.0,0.0018806660082191229,-1,undetected,1,9.489961992702219e-05,0,0.0,False
GaussianBudget75M_TOPGrowing,Veronica_2024-CAANF-243913,20241024,16,pyrologix,2,195-71,2024,0.0,0.0029818210750818253,0,drone,1,9.489961992702219e-05,1010,0.0046500813764240876,True
GaussianBudget75M_TOPGrowing,Viejas_2024-CACNF-001834,20240821,12,pyrologix,8,244-98,2024,0.0,0.0037835739785805345,0,drone,1,9.489961992702219e-05,3365,0.0046500813764240876,True
GaussianBudget75M_TOPGrowing,View_2024-CABDF-017150,20241126,23,pyrologix,4,223-101,2024,0.0,0.0020897819194942713,0,drone,1,9.489961992702219e-05,1570,0.004555181756497065,True
GaussianBudget75M_TOPGrowing,View_2024-CACNF-002168,20240918,19,pyrologix,2,244-98,2024,0.0,0.003393038990907371,0,drone,1,9.489961992702219e-05,1065,0.004460282136570043,True
GaussianBudget75M_TOPGrowing,Village_2024-CASRF-000143,20240408,16,pyrologix,8,38-21,2024,0.0,0.004632657044567168,0,drone,1,9.489961992702219e-05,3550,0.0046500813764240876,True
GaussianBudget75M_TOPGrowing,Violin_2024-CAANF-244304,20241123,22,pyrologix,9,195-71,2024,0.0,0.004391959053464234,0,drone,1,9.489961992702219e-05,3790,0.0046500813764240876,True
GaussianBudget75M_TOPGrowing,Vista_2024-CAANF-241533,20240530,7,pyrologix,2,195-71,2024,0.0,0.002992518013343215,0,drone,1,9.489961992702219e-05,1075,0.0046500813764240876,True
GaussianBudget75M_TOPGrowing,Vista_2024-CABDF-009908,20240707,15,pyrologix,3,206-88,2024,0.0,0.0048927400493994355,0,drone,1,9.489961992702219e-05,1530,0.004365382516643021,True
GaussianBudget75M_TOPGrowing,Vista_2024-CAPNF-000281,20240520,1,pyrologix,5,72-59,2024,0.0,0.005667694960720837,1,drone,1,9.489961992702219e-05,2520,0.0046500813764240876,True
GaussianBudget75M_TOPGrowing,Vogel_2024-CAANF-244517,20241212,19,pyrologix,11,201-76,2024,0.0,0.004304220899939537,0,drone,1,9.489961992702219e-05,4475,0.004555181756497065,True
GaussianBudget75M_TOPGrowing,Volcanoville_2024-CAENF-012090,20240511,21,pyrologix,5,93-56,2024,0.0,0.0036847430747002363,0,drone,1,9.489961992702219e-05,2240,0.0046500813764240876,True
GaussianBudget75M_TOPGrowing,Votaw_2024-CAENF-019847,20240715,17,pyrologix,3,107-61,2024,0.0,0.008224269025959074,2,drone,1,9.489961992702219e-05,2115,0.0046500813764240876,True
GaussianBudget75M_TOPGrowing,Warm_2024-CAANF-242190,20240706,12,pyrologix,10,195-71,2024,0.0,0.002804543008096516,0,drone,1,9.489961992702219e-05,3960,0.0046500813764240876,True
GaussianBudget75M_TOPGrowing,Warner_2024-CAMDF-000173,20240610,17,pyrologix,11,49-75,2024,0.0,0.00416234799195081,0,drone,1,9.489961992702219e-05,4425,0.0046500813764240876,True
GaussianBudget75M_TOPGrowing,Waterfall_2024-CASRF-000018,20240115,9,pyrologix,5,38-21,2024,0.0,0.0026101230178028345,0,drone,1,9.489961992702219e-05,2060,0.0046500813764240876,True
GaussianBudget75M_TOPGrowing,Waterman_2024-CASRF-000591,20240716,23,pyrologix,5,38-21,2024,0.0,0.0024549460504204035,0,drone,1,9.489961992702219e-05,2060,0.0046500813764240876,True
GaussianBudget75M_TOPGrowing,Waterman_2_2024-CABDF-011489,20240814,13,pyrologix,11,209-96,2024,0.0,0.004350672010332346,0,drone,1,9.489961992702219e-05,4480,0.004460282136570043,True
GaussianBudget75M_TOPGrowing,Waucoba_2024-CAINF-002044,20241111,14,pyrologix,7,none,2024,0.0,0.0019390479428693652,-1,undetected,1,9.489961992702219e-05,0,0.0,False
GaussianBudget75M_TOPGrowing,Weaver_2024-CASQF-002014,20241101,17,pyrologix,8,147-79,2024,0.0,0.005935050896368921,1,drone,1,9.489961992702219e-05,3625,0.0046500813764240876,True
GaussianBudget75M_TOPGrowing,Webber_2024-CATNF-000788,20240704,18,pyrologix,10,86-60,2024,0.0,0.006966728949919343,1,drone,1,9.489961992702219e-05,4425,0.0046500813764240876,True
GaussianBudget75M_TOPGrowing,Weeds_2024-CATNF-000824,20240706,7,pyrologix,11,79-54,2024,0.0,0.0031507780076935887,0,drone,1,9.489961992702219e-05,4335,0.0047449809963511095,True
GaussianBudget75M_TOPGrowing,Weigh_2024-CABDF-010655,20240726,10,pyrologix,5,206-88,2024,0.0,0.00839956698473543,2,drone,1,9.489961992702219e-05,2815,0.004365382516643021,True
GaussianBudget75M_TOPGrowing,Weiser_2024-CASTF-001952,20240827,18,pyrologix,3,107-68,2024,0.0,0.001714429003186524,0,drone,1,9.489961992702219e-05,1225,0.0046500813764240876,True
GaussianBudget75M_TOPGrowing,West_2024-CALNF-003765,20240704,1,pyrologix,6,65-57,2024,0.0,0.006353558972477913,0,drone,1,9.489961992702219e-05,2610,0.004460282136570043,True
GaussianBudget75M_TOPGrowing,West_2024-CASHF-000756,20240818,22,pyrologix,5,52-26,2024,0.0,0.0023169260239228606,0,drone,1,9.489961992702219e-05,2000,0.0046500813764240876,True
GaussianBudget75M_TOPGrowing,West_2024-CASNF-001345,20240827,18,pyrologix,8,134-74,2024,0.0,0.006021187989972532,1,drone,1,9.489961992702219e-05,3690,0.0046500813764240876,True
GaussianBudget75M_TOPGrowing,Whaleback_E-2_2024-CALNF-004085,20240714,7,pyrologix,9,58-61,2024,0.0,0.004154288093559444,0,drone,1,9.489961992702219e-05,3730,0.0046500813764240876,True
GaussianBudget75M_TOPGrowing,Wheeler_2024-CAINF-000885,20240624,19,pyrologix,6,none,2024,0.0,0.0019830570090562105,-1,undetected,1,9.489961992702219e-05,0,0.0,False
GaussianBudget75M_TOPGrowing,Wheeler_2024-CASTF-001396,20240715,17,pyrologix,5,107-68,2024,0.0,0.0032161750132218003,0,drone,1,9.489961992702219e-05,2175,0.0046500813764240876,True
GaussianBudget75M_TOPGrowing,Wheeler_2024-CATNF-001278,20240908,0,pyrologix,7,86-60,2024,0.0,0.006463964004069567,1,drone,1,9.489961992702219e-05,3255,0.0046500813764240876,True
GaussianBudget75M_TOPGrowing,Whitaker_2024-CAANF-242087,20240703,14,pyrologix,10,195-71,2024,0.0,0.003516989992931485,0,drone,1,9.489961992702219e-05,4000,0.0046500813764240876,True
GaussianBudget75M_TOPGrowing,Whitney_2024-CASHF-000106,20240226,21,pyrologix,2,30-45,2024,0.0,0.003871088963933289,0,drone,1,9.489961992702219e-05,1150,0.0046500813764240876,True
GaussianBudget75M_TOPGrowing,Whitney_2024-CASRF-000393,20240624,11,pyrologix,7,31-24,2024,0.0,0.006034884019754827,0,drone,1,9.489961992702219e-05,3055,0.0046500813764240876,True
GaussianBudget75M_TOPGrowing,Wildwood_2024-CAENF-031373,20241105,15,pyrologix,5,100-61,2024,0.0,0.0025286630261689425,0,drone,1,9.489961992702219e-05,2050,0.0046500813764240876,True
GaussianBudget75M_TOPGrowing,Wildwood_2024-CASHF-000354,20240531,19,pyrologix,1,52-26,2024,0.0,0.0016264599980786443,0,drone,1,9.489961992702219e-05,445,0.003511285937299821,True
GaussianBudget75M_TOPGrowing,Williams_2024-CAANF-243831,20241017,21,pyrologix,6,206-81,2024,0.0,0.006042681983672082,1,drone,1,9.489961992702219e-05,2940,0.0040806836568619545,True
GaussianBudget75M_TOPGrowing,Willow_2024-CALPF-002515,20241002,21,pyrologix,4,none,2024,0.0,0.0018877600086852908,-1,undetected,1,9.489961992702219e-05,0,0.0,False
GaussianBudget75M_TOPGrowing,Willow_2024-CAMDF-001006,20240925,18,pyrologix,7,none,2024,0.0,0.0018674409948289394,-1,undetected,1,9.489961992702219e-05,0,0.0,False
GaussianBudget75M_TOPGrowing,Willow_2024-CAPNF-001522,20241113,21,pyrologix,8,72-59,2024,0.0,0.003396807936951518,0,drone,1,9.489961992702219e-05,3285,0.0046500813764240876,True
GaussianBudget75M_TOPGrowing,Willow_2024-CASQF-001294,20240717,3,pyrologix,7,177-72,2024,0.0,0.008311431971378624,2,drone,1,9.489961992702219e-05,3500,0.0046500813764240876,True
GaussianBudget75M_TOPGrowing,Willow_2024-CASRF-000670,20240729,21,pyrologix,6,38-21,2024,0.0,0.003899937029927969,0,drone,1,9.489961992702219e-05,2630,0.0046500813764240876,True
GaussianBudget75M_TOPGrowing,Wilson_2024-CAKNF-005121,20240702,20,pyrologix,4,17-27,2024,0.0,0.006002534995786846,1,drone,1,9.489961992702219e-05,2165,0.0046500813764240876,True
GaussianBudget75M_TOPGrowing,Wintun_2024-CASRF-000477,20240706,23,pyrologix,4,52-19,2024,0.0,0.006036599981598556,1,drone,1,9.489961992702219e-05,2220,0.0046500813764240876,True
GaussianBudget75M_TOPGrowing,Woodward_2024-CASQF-000683,20240527,18,pyrologix,12,147-79,2024,0.0,0.004146708059124649,0,drone,1,9.489961992702219e-05,4855,0.0046500813764240876,True
GaussianBudget75M_TOPGrowing,Works_2024-CAANF-243724,20241009,2,pyrologix,8,201-76,2024,0.0,0.0026894659968093038,0,drone,1,9.489961992702219e-05,3200,0.004555181756497065,True
GaussianBudget75M_TOPGrowing,World_2024-CABDF-006869,20240508,20,pyrologix,7,206-88,2024,0.0,0.004156472044996917,0,drone,1,9.489961992702219e-05,2920,0.004365382516643021,True
GaussianBudget75M_TOPGrowing,Wright_2024-CASRF-000474,20240706,23,pyrologix,3,31-17,2024,0.0,0.0025571800069883466,0,drone,1,9.489961992702219e-05,1360,0.0046500813764240876,True
GaussianBudget75M_TOPGrowing,Yacht_2024-CASHF-001049,20241025,15,pyrologix,8,44-41,2024,0.0,0.0029132929630577564,0,drone,1,9.489961992702219e-05,3255,0.0047449809963511095,True
GaussianBudget75M_TOPGrowing,Yard_2024-CAKNF-005935,20240723,21,pyrologix,8,17-27,2024,0.0,0.002847420983016491,0,drone,1,9.489961992702219e-05,3215,0.0046500813764240876,True
GaussianBudget75M_TOPGrowing,Yellow_2024-CABDF-003193,20240222,14,pyrologix,5,206-88,2024,0.0,0.009678399073891342,2,drone,1,9.489961992702219e-05,2920,0.004365382516643021,True
GaussianBudget75M_TOPGrowing,York_2024-CAANF-242684,20240728,18,pyrologix,9,206-81,2024,0.0,0.003513250034302473,0,drone,1,9.489961992702219e-05,3725,0.0040806836568619545,True
GaussianBudget75M_TOPGrowing,Zot_2024-CASHF-000381,20240608,18,pyrologix,1,30-38,2024,0.0,0.0022832920076325536,0,drone,1,9.489961992702219e-05,575,0.004175583276788976,True
