strategy_combo,scenario_name,date,sim_start_hour,log_key,offset,cluster,year,routing_compute_seconds,sim_replay_seconds,delta_t,device,fire_size_cells,fire_size_percentage,total_distance_traveled,percentage_map_explored,routed
GaussianBudget75M_MaxCov,1-3_Mccoy_2023-CALMU-003270,20230627,0,pyrologix,1,58-61,2023,0.0,0.004424921004101634,1,drone,1,9.489961992702219e-05,760,0.0040806836568619545,True
GaussianBudget75M_MaxCov,3-1_Day_2023-CALMU-004305,20230815,2,pyrologix,2,37-56,2023,0.0,0.0020548669854179025,0,drone,1,9.489961992702219e-05,860,0.0046500813764240876,True
GaussianBudget75M_MaxCov,3-1_Egg_2023-CALMU-003234,20230625,16,pyrologix,2,37-56,2023,0.0,0.006157296011224389,1,drone,1,9.489961992702219e-05,1335,0.0046500813764240876,True
GaussianBudget75M_MaxCov,3-3_2023-CASRF-000976,20230816,19,pyrologix,2,45-20,2023,0.0,0.0027930549113079906,0,drone,1,9.489961992702219e-05,860,0.004555181756497065,True
GaussianBudget75M_MaxCov,3-4_2023-CAHUU-008052,20230815,15,pyrologix,1,45-20,2023,0.0,0.006135039962828159,1,drone,1,9.489961992702219e-05,860,0.004555181756497065,True
GaussianBudget75M_MaxCov,3-5_2023-CASRF-000975,20230816,15,pyrologix,9,45-20,2023,0.0,0.003608940984122455,0,drone,1,9.489961992702219e-05,3310,0.0046500813764240876,True
GaussianBudget75M_MaxCov,3-5_Buck_2023-CALMU-004384,20230818,20,pyrologix,7,50-68,2023,0.0,0.0028181480010971427,0,drone,1,9.489961992702219e-05,2605,0.0046500813764240876,True
GaussianBudget75M_MaxCov,3-9_2023-CASRF-000972,20230816,4,pyrologix,11,45-20,2023,0.0,0.003961659036576748,0,drone,1,9.489961992702219e-05,3975,0.0046500813764240876,True
GaussianBudget75M_MaxCov,330_2023-CABDF-011118,20230807,5,pyrologix,7,209-96,2023,0.0,0.005897281924262643,1,drone,1,9.489961992702219e-05,3035,0.004460282136570043,True
GaussianBudget75M_MaxCov,6-1_2023-CATCU-011048,20230820,12,pyrologix,8,121-61,2023,0.0,0.0029933839105069637,0,drone,1,9.489961992702219e-05,2950,0.0046500813764240876,True
GaussianBudget75M_MaxCov,6-6_2023-CATCU-012071,20230910,10,pyrologix,6,121-61,2023,0.0,0.007034740992821753,1,drone,1,9.489961992702219e-05,2800,0.0046500813764240876,True
GaussianBudget75M_MaxCov,Abbot_2023-CAKNF-008113,20230917,16,pyrologix,12,31-31,2023,0.0,0.00372832000721246,0,drone,1,9.489961992702219e-05,4345,0.0046500813764240876,True
GaussianBudget75M_MaxCov,Adits_2023-CASQF-002240,20231016,20,pyrologix,1,177-79,2023,0.0,0.0027753040194511414,0,drone,1,9.489961992702219e-05,560,0.003511285937299821,True
GaussianBudget75M_MaxCov,Agua_2023-CAANF-232390,20230725,17,pyrologix,8,201-76,2023,0.0,0.003728560055606067,0,drone,1,9.489961992702219e-05,2910,0.004555181756497065,True
GaussianBudget75M_MaxCov,Alder_2023-CAKNF-005006,20230623,11,pyrologix,10,17-34,2023,0.0,0.003042125958018005,0,drone,1,9.489961992702219e-05,3535,0.003985784036934932,True
GaussianBudget75M_MaxCov,Alpine_2023-CABDF-009210,20230628,20,pyrologix,8,none,2023,0.0,0.002441624994389713,-1,undetected,1,9.489961992702219e-05,0,0.0,False
GaussianBudget75M_MaxCov,Alpine_2023-CASHF-000969,20230814,19,pyrologix,5,30-45,2023,0.0,0.006902336957864463,1,drone,1,9.489961992702219e-05,2295,0.0046500813764240876,True
GaussianBudget75M_MaxCov,Alpine_2023-CASQF-001708,20230817,13,pyrologix,10,163-78,2023,0.0,0.009542951942421496,2,drone,1,9.489961992702219e-05,4490,0.0046500813764240876,True
GaussianBudget75M_MaxCov,Alray_2023-CABDF-011889,20230828,16,pyrologix,11,206-88,2023,0.0,0.01933188398834318,-1,undetected,1,9.489961992702219e-05,5080,0.004460282136570043,True
GaussianBudget75M_MaxCov,Andrews_2023-CAINF-001994,20231104,10,pyrologix,11,none,2023,0.0,0.00191183399874717,-1,undetected,1,9.489961992702219e-05,0,0.0,False
GaussianBudget75M_MaxCov,Anthony_2023-CAMNF-001204,20230917,20,pyrologix,12,66-19,2023,2379.8470898179803,0.019656049087643623,-1,undetected,1,9.489961992702219e-05,4800,0.0046500813764240876,True
GaussianBudget75M_MaxCov,Antlers_2023-CASHF-000837,20230720,0,pyrologix,1,44-41,2023,0.0,0.005834263050928712,1,drone,1,9.489961992702219e-05,1025,0.004555181756497065,True
GaussianBudget75M_MaxCov,Arnica_2023-CAMDF-000853,20230903,13,pyrologix,11,none,2023,0.0,0.0018997800070792437,-1,undetected,1,9.489961992702219e-05,0,0.0,False
GaussianBudget75M_MaxCov,Ash_2023-CASHF-000681,20230626,19,pyrologix,7,37-49,2023,0.0,0.009923213976435363,2,drone,1,9.489961992702219e-05,3805,0.0046500813764240876,True
GaussianBudget75M_MaxCov,Aspen_2023-CAENF-022284,20230814,17,pyrologix,9,100-68,2023,0.0,0.004738137940876186,0,drone,1,9.489961992702219e-05,3515,0.004555181756497065,True
GaussianBudget75M_MaxCov,Aspen_2023-CASTF-001532,20230813,10,pyrologix,10,114-64,2023,0.0,0.008494979003444314,2,drone,1,9.489961992702219e-05,4295,0.0046500813764240876,True
GaussianBudget75M_MaxCov,Aubrey_2023-CAKNF-004323,20230604,3,pyrologix,5,17-27,2023,0.0,0.007090342929586768,0,drone,1,9.489961992702219e-05,2200,0.0046500813764240876,True
GaussianBudget75M_MaxCov,Austin_2023-CATNF-000568,20230602,15,pyrologix,7,79-61,2023,0.0,0.007347053964622319,1,drone,1,9.489961992702219e-05,3090,0.0046500813764240876,True
GaussianBudget75M_MaxCov,Avenales_2023-CALPF-002880,20231012,12,pyrologix,12,175-45,2023,0.0,0.004044234985485673,0,drone,1,9.489961992702219e-05,4500,0.0046500813764240876,True
GaussianBudget75M_MaxCov,Backwards_2023-CASTF-000818,20230606,21,pyrologix,9,121-61,2023,0.0,0.0028706910088658333,0,drone,1,9.489961992702219e-05,3270,0.0046500813764240876,True
GaussianBudget75M_MaxCov,Badenaugh_2023-CATNF-000609,20230605,23,pyrologix,4,79-68,2023,0.0,0.002408360014669597,0,drone,1,9.489961992702219e-05,1500,0.004555181756497065,True
GaussianBudget75M_MaxCov,Baily_2023-CASQF-000609,20230523,17,pyrologix,7,141-74,2023,0.0,0.008643659995868802,1,drone,1,9.489961992702219e-05,2800,0.0046500813764240876,True
GaussianBudget75M_MaxCov,Baker_2023-CASTF-001946,20230910,16,pyrologix,4,107-68,2023,0.0,0.0031950779957696795,0,drone,1,9.489961992702219e-05,1705,0.0046500813764240876,True
GaussianBudget75M_MaxCov,Baker_2023-CATNF-000321,20230421,14,pyrologix,11,79-54,2023,0.0,0.008013347978703678,1,drone,1,9.489961992702219e-05,4385,0.0046500813764240876,True
GaussianBudget75M_MaxCov,Bald_2023-CASHF-000982,20230815,17,pyrologix,4,37-42,2023,0.0,0.01371248799841851,2,drone,1,9.489961992702219e-05,1990,0.0046500813764240876,True
GaussianBudget75M_MaxCov,Bald_2023-CATNF-001280,20230815,13,pyrologix,9,79-61,2023,0.0,0.003544398001395166,0,drone,1,9.489961992702219e-05,3265,0.0046500813764240876,True
GaussianBudget75M_MaxCov,Baldy_2023-CABDF-011408,20230813,20,pyrologix,1,223-101,2023,0.0,0.0029491139575839043,0,drone,1,9.489961992702219e-05,610,0.0040806836568619545,True
GaussianBudget75M_MaxCov,Ball_2023-CAKNF-007178,20230821,19,pyrologix,12,22-46,2023,0.0,0.00445433403365314,0,drone,1,9.489961992702219e-05,4355,0.0046500813764240876,True
GaussianBudget75M_MaxCov,Ballarat_2023-CAAEU-023137,20230822,21,pyrologix,4,93-56,2023,0.0,0.0036289639538154006,0,drone,1,9.489961992702219e-05,1675,0.0046500813764240876,True
GaussianBudget75M_MaxCov,Ballarat_2023-CAENF-023155,20230822,21,pyrologix,4,93-56,2023,0.0,0.0023259399458765984,0,drone,1,9.489961992702219e-05,1675,0.0046500813764240876,True
GaussianBudget75M_MaxCov,Bar_2023-CASRF-000078,20230203,2,pyrologix,8,31-24,2023,0.0,0.005785747081972659,1,drone,1,9.489961992702219e-05,3485,0.0046500813764240876,True
GaussianBudget75M_MaxCov,Bar_2023-CASTF-001950,20230910,12,pyrologix,12,114-57,2023,0.0,0.019370892085134983,-1,undetected,1,9.489961992702219e-05,4980,0.0046500813764240876,True
GaussianBudget75M_MaxCov,Barker_2023-CATNF-001310,20230818,21,pyrologix,4,93-62,2023,0.0,0.004700731951743364,1,drone,1,9.489961992702219e-05,1770,0.0046500813764240876,True
GaussianBudget75M_MaxCov,Barn_2023-CASTF-001984,20230912,18,pyrologix,9,107-68,2023,0.0,0.006449467036873102,1,drone,1,9.489961992702219e-05,3915,0.0046500813764240876,True
GaussianBudget75M_MaxCov,Barn_2023-CATCU-007129,20230602,16,pyrologix,11,114-64,2023,0.0,0.0038447800325229764,0,drone,1,9.489961992702219e-05,4005,0.0046500813764240876,True
GaussianBudget75M_MaxCov,Barrett_2023-CAANF-233601,20231030,1,pyrologix,11,206-88,2023,0.0,0.0072348269168287516,1,drone,1,9.489961992702219e-05,4655,0.004460282136570043,True
GaussianBudget75M_MaxCov,Barton_2023-CABDF-007889,20230530,16,pyrologix,1,214-103,2023,0.0,0.004718290991149843,1,drone,1,9.489961992702219e-05,805,0.004175583276788976,True
GaussianBudget75M_MaxCov,Basin_2023-CASRF-001038,20230823,15,pyrologix,11,59-19,2023,0.0,0.004317049984820187,0,drone,1,9.489961992702219e-05,4370,0.0046500813764240876,True
GaussianBudget75M_MaxCov,Bass_2023-CAMMU-026739,20231129,17,pyrologix,6,135-67,2023,0.0,0.0043902130564674735,0,drone,1,9.489961992702219e-05,2560,0.0046500813764240876,True
GaussianBudget75M_MaxCov,Battle_2023-CALNF-005206,20230923,19,pyrologix,3,51-47,2023,0.0,0.0020978159736841917,0,drone,1,9.489961992702219e-05,1080,0.004365382516643021,True
GaussianBudget75M_MaxCov,Battle_2023-CAMDF-000290,20230627,13,pyrologix,10,30-60,2023,0.0,0.007376510067842901,1,drone,1,9.489961992702219e-05,4230,0.0046500813764240876,True
GaussianBudget75M_MaxCov,Baxter_2023-CATCU-016553,20231217,13,pyrologix,12,114-57,2023,0.0,0.004206052049994469,0,drone,1,9.489961992702219e-05,4745,0.0046500813764240876,True
GaussianBudget75M_MaxCov,Beach_2023-CAINF-000389,20230430,2,pyrologix,6,124-80,2023,0.0,0.0062123560346663,1,drone,1,9.489961992702219e-05,2510,0.0046500813764240876,True
GaussianBudget75M_MaxCov,Bean_2023-CASHF-000582,20230613,0,pyrologix,6,52-26,2023,0.0,0.0037339519476518035,0,drone,1,9.489961992702219e-05,2140,0.004460282136570043,True
GaussianBudget75M_MaxCov,Bear_2023-CAANF-002607,20230807,19,pyrologix,6,195-71,2023,0.0,0.003014862071722746,0,drone,1,9.489961992702219e-05,2180,0.0046500813764240876,True
GaussianBudget75M_MaxCov,Bear_2023-CACNF-002771,20231011,14,pyrologix,8,244-98,2023,0.0,0.004819716094061732,0,drone,1,9.489961992702219e-05,3255,0.0046500813764240876,True
GaussianBudget75M_MaxCov,Bear_2023-CAENF-020118,20230724,18,pyrologix,12,100-61,2023,0.0,0.004421918070875108,0,drone,1,9.489961992702219e-05,4735,0.0046500813764240876,True
GaussianBudget75M_MaxCov,Bear_2023-CAENF-025998,20230921,12,pyrologix,9,100-61,2023,0.0,0.0071125099202618,1,drone,1,9.489961992702219e-05,3985,0.0046500813764240876,True
GaussianBudget75M_MaxCov,Bear_2023-CAKNF-004811,20230617,19,pyrologix,8,24-32,2023,0.0,0.0034977589966729283,0,drone,1,9.489961992702219e-05,3165,0.0046500813764240876,True
GaussianBudget75M_MaxCov,Bear_2023-CASHF-000664,20230625,16,pyrologix,5,38-28,2023,0.0,0.00435717694927007,0,drone,1,9.489961992702219e-05,2105,0.0046500813764240876,True
GaussianBudget75M_MaxCov,Bear_2023-CASTF-001093,20230703,11,pyrologix,8,107-61,2023,0.0,0.006160079967230558,1,drone,1,9.489961992702219e-05,3315,0.0046500813764240876,True
GaussianBudget75M_MaxCov,Beard_2023-CASTF-001777,20230830,13,pyrologix,5,114-64,2023,0.0,0.008457796997390687,2,drone,1,9.489961992702219e-05,2570,0.0046500813764240876,True
GaussianBudget75M_MaxCov,Beckwourth_2023-CAPNF-001324,20230914,6,pyrologix,7,72-66,2023,0.0,0.004198123002424836,0,drone,1,9.489961992702219e-05,2600,0.0046500813764240876,True
GaussianBudget75M_MaxCov,Beeler_2023-CAMDF-000215,20230606,15,pyrologix,5,37-63,2023,0.0,0.004093913943506777,0,drone,1,9.489961992702219e-05,2240,0.0046500813764240876,True
GaussianBudget75M_MaxCov,Belden_2023-CAPNF-000783,20230723,10,pyrologix,10,65-50,2023,0.0,0.004223127034492791,0,drone,1,9.489961992702219e-05,3910,0.0046500813764240876,True
GaussianBudget75M_MaxCov,Bell_2023-CASTF-001536,20230813,17,pyrologix,1,114-64,2023,0.0,0.0025130939902737737,0,drone,1,9.489961992702219e-05,520,0.003985784036934932,True
GaussianBudget75M_MaxCov,Belle_2023-CAKNF-005208,20230628,0,pyrologix,3,31-31,2023,0.0,0.0020520660327747464,0,drone,1,9.489961992702219e-05,1100,0.004555181756497065,True
GaussianBudget75M_MaxCov,Bennett_2023-CASTF-001602,20230816,20,pyrologix,7,107-68,2023,0.0,0.007894175942055881,2,drone,1,9.489961992702219e-05,3390,0.0046500813764240876,True
GaussianBudget75M_MaxCov,Berg_2023-CAPNF-000600,20230627,21,pyrologix,9,72-59,2023,0.0,0.005051481071859598,0,drone,1,9.489961992702219e-05,3515,0.0046500813764240876,True
GaussianBudget75M_MaxCov,Berry_2023-CAKNF-006953,20230815,13,pyrologix,5,24-32,2023,0.0,0.010140464990399778,2,drone,1,9.489961992702219e-05,2995,0.0046500813764240876,True
GaussianBudget75M_MaxCov,Berry_2023-CASRF-000641,20230704,18,pyrologix,6,38-14,2023,0.0,0.0035849609412252903,0,drone,1,9.489961992702219e-05,2250,0.004555181756497065,True
GaussianBudget75M_MaxCov,Bert_2023-CAANF-233335,20231003,22,pyrologix,4,195-71,2023,0.0,0.004846055991947651,1,drone,1,9.489961992702219e-05,1780,0.0046500813764240876,True
GaussianBudget75M_MaxCov,Bert_2023-CALAC-339062,20231003,18,pyrologix,10,195-71,2023,0.0,0.004498330061323941,0,drone,1,9.489961992702219e-05,3675,0.0046500813764240876,True
GaussianBudget75M_MaxCov,Betts_2023-CASRF-000949,20230815,16,pyrologix,3,59-19,2023,0.0,0.00647875398863107,1,drone,1,9.489961992702219e-05,1755,0.0046500813764240876,True
GaussianBudget75M_MaxCov,Big_2023-CATNF-001293,20230816,1,pyrologix,5,86-60,2023,0.0,0.0021941340528428555,0,drone,1,9.489961992702219e-05,1940,0.0046500813764240876,True
GaussianBudget75M_MaxCov,Bigfoot_2023-CASRF-001084,20230830,20,pyrologix,9,24-18,2023,2434.8667400029954,0.0036038659745827317,0,drone,1,9.489961992702219e-05,3495,0.004555181756497065,True
GaussianBudget75M_MaxCov,Birdie_2023-CASHF-001077,20230825,19,pyrologix,2,38-21,2023,0.0,0.0049449949292466044,1,drone,1,9.489961992702219e-05,1180,0.004555181756497065,True
GaussianBudget75M_MaxCov,Black_2023-CATMU-019832,20230720,15,pyrologix,11,93-62,2023,0.0,0.0038803189527243376,0,drone,1,9.489961992702219e-05,3875,0.0046500813764240876,True
GaussianBudget75M_MaxCov,Blackhawk_2023-CAPNF-001014,20230817,20,pyrologix,12,72-59,2023,0.0,0.004193130997009575,0,drone,1,9.489961992702219e-05,4395,0.0046500813764240876,True
GaussianBudget75M_MaxCov,Blacksprings_2023-CASTF-001868,20230906,11,pyrologix,7,107-61,2023,0.0,0.002489857957698405,0,drone,1,9.489961992702219e-05,2560,0.0046500813764240876,True
GaussianBudget75M_MaxCov,Blackwood_2023-CATMU-017918,20230703,19,pyrologix,2,93-62,2023,0.0,0.005543367005884647,1,drone,1,9.489961992702219e-05,1190,0.004460282136570043,True
GaussianBudget75M_MaxCov,Blake_2023-CASRF-000529,20230614,17,pyrologix,9,45-20,2023,0.0,0.0038093019975349307,0,drone,1,9.489961992702219e-05,3310,0.0046500813764240876,True
GaussianBudget75M_MaxCov,Blakes_2023-CAKNF-005203,20230628,20,pyrologix,11,31-31,2023,0.0,0.003793792915530503,0,drone,1,9.489961992702219e-05,4035,0.0046500813764240876,True
GaussianBudget75M_MaxCov,Blands_2023-CAMNF-001263,20230923,19,pyrologix,9,59-19,2023,0.0,0.007234100950881839,1,drone,1,9.489961992702219e-05,4025,0.0046500813764240876,True
GaussianBudget75M_MaxCov,Block_2023-CAKNF-007032,20230816,20,pyrologix,4,24-32,2023,0.0,0.002945253043435514,0,drone,1,9.489961992702219e-05,1710,0.0046500813764240876,True
GaussianBudget75M_MaxCov,Blue_2023-CAKNF-004495,20230608,17,pyrologix,9,30-45,2023,0.0,0.010262808995321393,2,drone,1,9.489961992702219e-05,4085,0.0046500813764240876,True
GaussianBudget75M_MaxCov,Blue_2023-CAMNF-000497,20230626,21,pyrologix,9,66-26,2023,2373.359762037988,0.010620257002301514,0,drone,1,9.489961992702219e-05,4025,0.0046500813764240876,True
GaussianBudget75M_MaxCov,Blue_2023-CAPNF-001040,20230817,21,pyrologix,4,72-59,2023,0.0,0.0066391079453751445,1,drone,1,9.489961992702219e-05,1930,0.0046500813764240876,True
GaussianBudget75M_MaxCov,Blue_2023-CASHF-000550,20230607,0,pyrologix,3,38-28,2023,0.0,0.0022802550811320543,0,drone,1,9.489961992702219e-05,1170,0.004555181756497065,True
GaussianBudget75M_MaxCov,Blue_Creek_2_2023-CASRF-000961,20230815,17,pyrologix,7,24-18,2023,0.0,0.0060512470081448555,1,drone,1,9.489961992702219e-05,3195,0.004555181756497065,True
GaussianBudget75M_MaxCov,Blue_Jay_2023-CAKNF-009055,20231017,15,pyrologix,11,none,2023,0.0,0.0019513049628585577,-1,undetected,1,9.489961992702219e-05,0,0.0,False
GaussianBudget75M_MaxCov,Bluff_2023-CAHUU-008538,20230829,6,pyrologix,4,31-24,2023,0.0,0.00267562095541507,0,drone,1,9.489961992702219e-05,1600,0.004555181756497065,True
GaussianBudget75M_MaxCov,Bluff__1_2023-CASRF-000957,20230815,15,pyrologix,10,24-18,2023,0.0,0.006647426052950323,1,drone,1,9.489961992702219e-05,4280,0.004555181756497065,True
GaussianBudget75M_MaxCov,Board_2023-CABDF-008676,20230617,15,pyrologix,3,206-88,2023,0.0,0.005437475047074258,1,drone,1,9.489961992702219e-05,1745,0.004460282136570043,True
GaussianBudget75M_MaxCov,Boardman_2023-CASKU-005105,20230625,19,pyrologix,9,23-39,2023,0.0,0.00408505997620523,0,drone,1,9.489961992702219e-05,3470,0.0046500813764240876,True
GaussianBudget75M_MaxCov,Boca_2023-CATNF-000400,20230512,23,pyrologix,7,86-67,2023,0.0,0.003046975005418062,0,drone,1,9.489961992702219e-05,2675,0.004460282136570043,True
GaussianBudget75M_MaxCov,Bolam_2023-CASHF-000752,20230706,2,pyrologix,2,30-45,2023,0.0,0.0037843940081074834,0,drone,1,9.489961992702219e-05,995,0.004270482896715999,True
GaussianBudget75M_MaxCov,Boles_2023-CAMDF-000553,20230817,19,pyrologix,8,none,2023,0.0,0.0019016580190509558,-1,undetected,1,9.489961992702219e-05,0,0.0,False
GaussianBudget75M_MaxCov,Bon_2023-CAANF-233675,20231106,0,pyrologix,3,206-81,2023,0.0,0.006408440065570176,1,drone,1,9.489961992702219e-05,1940,0.0040806836568619545,True
GaussianBudget75M_MaxCov,Bone_2023-CASHF-001075,20230825,18,pyrologix,3,52-19,2023,0.0,0.004296244005672634,0,drone,1,9.489961992702219e-05,1475,0.0046500813764240876,True
GaussianBudget75M_MaxCov,Bone_2023-CASTF-000896,20230616,19,pyrologix,10,114-64,2023,0.0,0.005409803008660674,0,drone,1,9.489961992702219e-05,3880,0.0046500813764240876,True
GaussianBudget75M_MaxCov,Bonetti_2023-CAENF-020947,20230801,0,pyrologix,1,100-54,2023,0.0,0.007848902023397386,2,drone,1,9.489961992702219e-05,1265,0.004555181756497065,True
GaussianBudget75M_MaxCov,Bonfire_2023-CAANF-233475,20231016,20,pyrologix,8,201-76,2023,0.0,0.006205326993949711,1,drone,1,9.489961992702219e-05,3285,0.004555181756497065,True
GaussianBudget75M_MaxCov,Bonita_2023-CABDF-006537,20230426,20,pyrologix,7,206-88,2023,0.0,0.0030644129728898406,0,drone,1,9.489961992702219e-05,2805,0.004460282136570043,True
GaussianBudget75M_MaxCov,Bordy_2023-CASHF-000559,20230608,21,pyrologix,6,45-27,2023,0.0,0.0033121599117293954,0,drone,1,9.489961992702219e-05,2160,0.0046500813764240876,True
GaussianBudget75M_MaxCov,Boulder_2023-CAKNF-006939,20230815,9,pyrologix,9,24-32,2023,0.0,0.006403459003195167,1,drone,1,9.489961992702219e-05,3915,0.0046500813764240876,True
GaussianBudget75M_MaxCov,Boulder_2023-CAPNF-000491,20230614,15,pyrologix,6,65-64,2023,0.0,0.0026323420461267233,0,drone,1,9.489961992702219e-05,1925,0.004365382516643021,True
GaussianBudget75M_MaxCov,Boundary_2023-CAINF-001798,20230930,12,pyrologix,10,127-76,2023,0.0,0.0038198980037122965,0,drone,1,9.489961992702219e-05,3625,0.0046500813764240876,True
GaussianBudget75M_MaxCov,Bourland_2023-CASTF-001609,20230817,15,pyrologix,2,114-64,2023,0.0,0.001752039068378508,0,drone,1,9.489961992702219e-05,785,0.004175583276788976,True
GaussianBudget75M_MaxCov,Bowl_2023-CABDF-010494,20230723,14,pyrologix,6,none,2023,0.0,0.0024539880687370896,-1,undetected,1,9.489961992702219e-05,0,0.0,False
GaussianBudget75M_MaxCov,Bowman_2023-CATNF-000552,20230601,21,pyrologix,8,86-60,2023,0.0,0.003163884044624865,0,drone,1,9.489961992702219e-05,3120,0.0046500813764240876,True
GaussianBudget75M_MaxCov,Box_2023-CAKNF-007204,20230821,16,pyrologix,4,24-32,2023,0.0,0.0034580810461193323,0,drone,1,9.489961992702219e-05,1755,0.0046500813764240876,True
GaussianBudget75M_MaxCov,Branch_2023-CASHU-004916,20230513,21,pyrologix,4,45-27,2023,0.0,0.003450407995842397,0,drone,1,9.489961992702219e-05,1570,0.004555181756497065,True
GaussianBudget75M_MaxCov,Bridge_2023-CASNF-001041,20230809,10,pyrologix,8,128-69,2023,0.0,0.0079284249804914,1,drone,1,9.489961992702219e-05,3500,0.004555181756497065,True
GaussianBudget75M_MaxCov,Bridge_2023-CASRF-000653,20230705,3,pyrologix,4,24-25,2023,0.0,0.007609255029819906,2,drone,1,9.489961992702219e-05,2075,0.0046500813764240876,True
GaussianBudget75M_MaxCov,Brown_2023-CAKNF-006999,20230816,23,pyrologix,9,24-25,2023,0.0,0.008552524959668517,2,drone,1,9.489961992702219e-05,3745,0.0046500813764240876,True
GaussianBudget75M_MaxCov,Browns_2023-CAKNF-007321,20230825,3,pyrologix,4,31-31,2023,0.0,0.006748793995939195,1,drone,1,9.489961992702219e-05,2060,0.0046500813764240876,True
GaussianBudget75M_MaxCov,Brushy_2023-CASHF-000579,20230612,23,pyrologix,1,38-21,2023,0.0,0.0027141639729961753,0,drone,1,9.489961992702219e-05,565,0.00389088441700791,True
GaussianBudget75M_MaxCov,Bryant_2023-CABDF-001218,20230125,0,pyrologix,3,216-96,2023,0.0,0.006920485990121961,1,drone,1,9.489961992702219e-05,1800,0.004460282136570043,True
GaussianBudget75M_MaxCov,Buck_2023-CAKNF-005054,20230624,20,pyrologix,1,17-27,2023,0.0,0.006308320909738541,1,drone,1,9.489961992702219e-05,1090,0.004555181756497065,True
GaussianBudget75M_MaxCov,Buck_2023-CASTF-001902,20230909,18,pyrologix,5,121-61,2023,0.0,0.0035889389691874385,0,drone,1,9.489961992702219e-05,2005,0.0046500813764240876,True
GaussianBudget75M_MaxCov,Buckeye_2023-CASHF-000895,20230729,19,pyrologix,9,37-35,2023,0.0,0.002993591013364494,0,drone,1,9.489961992702219e-05,3320,0.0046500813764240876,True
GaussianBudget75M_MaxCov,Buckeye_2023-CATNF-000550,20230531,19,pyrologix,8,86-53,2023,0.0,0.0028579270001500845,0,drone,1,9.489961992702219e-05,3120,0.0046500813764240876,True
GaussianBudget75M_MaxCov,Bule_2023-CASHF-000872,20230725,14,pyrologix,1,52-26,2023,0.0,0.002247735974378884,0,drone,1,9.489961992702219e-05,405,0.0031316874575917325,True
GaussianBudget75M_MaxCov,Bull_2023-CASNF-001025,20230806,19,pyrologix,7,128-69,2023,0.0,0.00411688897293061,0,drone,1,9.489961992702219e-05,2660,0.004555181756497065,True
GaussianBudget75M_MaxCov,Bull_2023-CASRF-000796,20230726,18,pyrologix,3,24-25,2023,0.0,0.005667270044796169,1,drone,1,9.489961992702219e-05,1515,0.0046500813764240876,True
GaussianBudget75M_MaxCov,Bumblebee_2023-CAKNF-004487,20230608,16,pyrologix,4,none,2023,0.0,0.0019178880611434579,-1,undetected,1,9.489961992702219e-05,0,0.0,False
GaussianBudget75M_MaxCov,Bunny_2023-CASHF-000871,20230725,9,pyrologix,11,30-45,2023,0.0,0.0042169480584561825,0,drone,1,9.489961992702219e-05,3910,0.0046500813764240876,True
GaussianBudget75M_MaxCov,Burger_2023-CAINF-001346,20230815,12,pyrologix,1,124-80,2023,0.0,0.005985861993394792,1,drone,1,9.489961992702219e-05,880,0.004365382516643021,True
GaussianBudget75M_MaxCov,Burgson_2023-CASTF-001632,20230818,21,pyrologix,4,107-68,2023,0.0,0.006072469055652618,1,drone,1,9.489961992702219e-05,2110,0.0046500813764240876,True
GaussianBudget75M_MaxCov,Burma_2023-CAENF-015601,20230611,20,pyrologix,7,93-62,2023,0.0,0.0034827409544959664,0,drone,1,9.489961992702219e-05,2540,0.0046500813764240876,True
GaussianBudget75M_MaxCov,Burner_2023-CASRF-000752,20230719,0,pyrologix,10,45-20,2023,0.0,0.004997441079467535,0,drone,1,9.489961992702219e-05,3820,0.0046500813764240876,True
GaussianBudget75M_MaxCov,Burney_2023-CAKNF-004138,20230529,15,pyrologix,9,24-32,2023,0.0,0.00983710098080337,2,drone,1,9.489961992702219e-05,4345,0.0046500813764240876,True
GaussianBudget75M_MaxCov,Burst_2023-CASTF-001673,20230820,15,pyrologix,9,114-64,2023,0.0,0.0032523570116609335,0,drone,1,9.489961992702219e-05,3175,0.0046500813764240876,True
GaussianBudget75M_MaxCov,Bush_2023-CACNF-001967,20230729,18,pyrologix,3,244-98,2023,0.0,0.0023359819315373898,0,drone,1,9.489961992702219e-05,1205,0.004555181756497065,True
GaussianBudget75M_MaxCov,Buster_2023-CAKNF-009059,20231017,22,pyrologix,1,none,2023,0.0,0.001852370915003121,-1,undetected,1,9.489961992702219e-05,0,0.0,False
GaussianBudget75M_MaxCov,Butte_2023-CAMDF-000207,20230601,20,pyrologix,6,30-60,2023,0.0,0.006995009956881404,1,drone,1,9.489961992702219e-05,2835,0.0046500813764240876,True
GaussianBudget75M_MaxCov,Butter_2023-CAPNF-000397,20230603,21,pyrologix,4,65-57,2023,0.0,0.003967960947193205,0,drone,1,9.489961992702219e-05,1700,0.0046500813764240876,True
GaussianBudget75M_MaxCov,Calpine_2023-CATNF-000815,20230625,21,pyrologix,6,79-61,2023,0.0,0.0030148570658639073,0,drone,1,9.489961992702219e-05,2210,0.0046500813764240876,True
GaussianBudget75M_MaxCov,Camp_2023-CAANF-233354,20231006,20,pyrologix,12,201-76,2023,0.0,0.019780182978138328,-1,undetected,1,9.489961992702219e-05,5465,0.004555181756497065,True
GaussianBudget75M_MaxCov,Campbell_2023-CASHF-000553,20230607,21,pyrologix,2,44-41,2023,0.0,0.003822354949079454,0,drone,1,9.489961992702219e-05,1065,0.004555181756497065,True
GaussianBudget75M_MaxCov,Cantilles_2023-CAANF-001169,20230511,21,pyrologix,8,195-71,2023,0.0,0.0055231680162250996,1,drone,1,9.489961992702219e-05,3170,0.0046500813764240876,True
GaussianBudget75M_MaxCov,Canyon_2023-CAKNF-007002,20230816,1,pyrologix,5,24-25,2023,0.0,0.002754064043983817,0,drone,1,9.489961992702219e-05,1770,0.0046500813764240876,True
GaussianBudget75M_MaxCov,Cap_2023-CASRF-000281,20230425,21,pyrologix,6,31-24,2023,0.0,0.0035362710477784276,0,drone,1,9.489961992702219e-05,2400,0.004555181756497065,True
GaussianBudget75M_MaxCov,Capitan_2023-CAKNF-007203,20230821,13,pyrologix,8,17-27,2023,0.0,0.006308258976787329,1,drone,1,9.489961992702219e-05,3580,0.0046500813764240876,True
GaussianBudget75M_MaxCov,Car_2023-CABDF-010788,20230730,19,pyrologix,2,206-88,2023,0.0,0.0022375599946826696,0,drone,1,9.489961992702219e-05,840,0.004270482896715999,True
GaussianBudget75M_MaxCov,Caraway_2023-CASHF-001104,20230828,23,pyrologix,1,38-21,2023,0.0,0.008065055939368904,2,drone,1,9.489961992702219e-05,1225,0.0046500813764240876,True
GaussianBudget75M_MaxCov,Caribou_2023-CABDF-010960,20230804,18,pyrologix,5,none,2023,0.0,0.0018581299809738994,-1,undetected,1,9.489961992702219e-05,0,0.0,False
GaussianBudget75M_MaxCov,Caribou_2023-CABDU-010728,20230804,20,pyrologix,1,none,2023,0.0,0.0019407999934628606,-1,undetected,1,9.489961992702219e-05,0,0.0,False
GaussianBudget75M_MaxCov,Carman_2023-CATNF-000660,20230611,23,pyrologix,3,79-61,2023,0.0,0.005872567067854106,1,drone,1,9.489961992702219e-05,1625,0.0046500813764240876,True
GaussianBudget75M_MaxCov,Carpenter_2023-CAMNF-000448,20230613,20,pyrologix,4,66-26,2023,0.0,0.0024414180079475045,0,drone,1,9.489961992702219e-05,1700,0.0046500813764240876,True
GaussianBudget75M_MaxCov,Carson_2023-CAENF-022008,20230811,19,pyrologix,9,100-68,2023,0.0,0.005445424001663923,1,drone,1,9.489961992702219e-05,3615,0.004555181756497065,True
GaussianBudget75M_MaxCov,Castle_2023-CABDF-009613,20230705,8,pyrologix,11,209-96,2023,0.0,0.003749279072508216,0,drone,1,9.489961992702219e-05,4060,0.004460282136570043,True
GaussianBudget75M_MaxCov,Castle_2023-CASHF-000876,20230725,15,pyrologix,11,37-42,2023,0.0,0.003708030912093818,0,drone,1,9.489961992702219e-05,3685,0.0046500813764240876,True
GaussianBudget75M_MaxCov,Cathederal_2023-CATMU-031777,20231120,12,pyrologix,10,none,2023,0.0,0.0018720889929682016,-1,undetected,1,9.489961992702219e-05,0,0.0,False
GaussianBudget75M_MaxCov,Cedar_2023-CABDF-009605,20230705,1,pyrologix,9,209-96,2023,0.0,0.003381981048732996,0,drone,1,9.489961992702219e-05,3330,0.004460282136570043,True
GaussianBudget75M_MaxCov,Cedar_2023-CAKNF-004741,20230615,14,pyrologix,10,30-52,2023,0.0,0.006463455036282539,1,drone,1,9.489961992702219e-05,4465,0.0046500813764240876,True
GaussianBudget75M_MaxCov,Cedar_2023-CASRF-000964,20230815,23,pyrologix,1,15-20,2023,0.0,0.0027437510434538126,0,drone,1,9.489961992702219e-05,600,0.004175583276788976,True
GaussianBudget75M_MaxCov,Centola_2023-CABDF-008859,20230621,16,pyrologix,8,206-88,2023,0.0,0.0034033789997920394,0,drone,1,9.489961992702219e-05,3155,0.004460282136570043,True
GaussianBudget75M_MaxCov,Chain_2023-CASNF-001096,20230816,21,pyrologix,7,141-74,2023,0.0,0.007605653023347259,1,drone,1,9.489961992702219e-05,3040,0.0046500813764240876,True
GaussianBudget75M_MaxCov,Chandler_2023-CAPNF-000407,20230605,20,pyrologix,7,72-59,2023,0.0,0.006881228997372091,1,drone,1,9.489961992702219e-05,3060,0.0046500813764240876,True
GaussianBudget75M_MaxCov,Chantry_2023-CAANF-231944,20230702,19,pyrologix,6,206-81,2023,0.0,0.002495296997949481,0,drone,1,9.489961992702219e-05,2455,0.0040806836568619545,True
GaussianBudget75M_MaxCov,Cherry_2023-CASTF-001914,20230909,19,pyrologix,7,121-61,2023,0.0,0.0024048000341281295,0,drone,1,9.489961992702219e-05,2550,0.0046500813764240876,True
GaussianBudget75M_MaxCov,Chester_2023-CALPF-002951,20231020,22,pyrologix,2,none,2023,0.0,0.001864663907326758,-1,undetected,1,9.489961992702219e-05,0,0.0,False
GaussianBudget75M_MaxCov,Chief_2023-CATNF-001426,20230905,15,pyrologix,5,86-53,2023,0.0,0.00901090505067259,2,drone,1,9.489961992702219e-05,2905,0.0046500813764240876,True
GaussianBudget75M_MaxCov,Chilcoot_2023-CAPNF-001372,20230918,19,pyrologix,9,none,2023,0.0,0.0019013539422303438,-1,undetected,1,9.489961992702219e-05,0,0.0,False
GaussianBudget75M_MaxCov,China_2023-CASHF-001073,20230825,23,pyrologix,8,38-21,2023,0.0,0.00737394904717803,1,drone,1,9.489961992702219e-05,3455,0.0046500813764240876,True
GaussianBudget75M_MaxCov,Christy_2023-CALMU-002809,20230606,12,pyrologix,7,58-61,2023,0.0,0.004294698010198772,0,drone,1,9.489961992702219e-05,2695,0.0046500813764240876,True
GaussianBudget75M_MaxCov,Christy_2023-CALNF-002809,20230606,11,pyrologix,10,58-61,2023,0.0,0.0058873629895970225,1,drone,1,9.489961992702219e-05,3845,0.0046500813764240876,True
GaussianBudget75M_MaxCov,Cienaga_2023-CABDF-012339,20230915,0,pyrologix,2,214-103,2023,0.0,0.006021391018293798,1,drone,1,9.489961992702219e-05,1415,0.004365382516643021,True
GaussianBudget75M_MaxCov,Claim_2023-CASTF-001955,20230910,18,pyrologix,7,121-61,2023,0.0,0.0070061179576441646,1,drone,1,9.489961992702219e-05,3125,0.0046500813764240876,True
GaussianBudget75M_MaxCov,Claire_2023-CAKNF-005153,20230626,20,pyrologix,3,38-28,2023,0.0,0.008414479903876781,2,drone,1,9.489961992702219e-05,1950,0.004555181756497065,True
GaussianBudget75M_MaxCov,Clear_2023-CAKNF-007163,20230820,15,pyrologix,1,31-31,2023,0.0,0.0059989249566569924,1,drone,1,9.489961992702219e-05,970,0.004555181756497065,True
GaussianBudget75M_MaxCov,Clear_2023-CASRF-001065,20230825,20,pyrologix,2,17-27,2023,0.0,0.00212853099219501,0,drone,1,9.489961992702219e-05,845,0.004460282136570043,True
GaussianBudget75M_MaxCov,Cliff_2023-CASTF-001804,20230902,1,pyrologix,2,114-64,2023,0.0,0.003376278909854591,0,drone,1,9.489961992702219e-05,935,0.004460282136570043,True
GaussianBudget75M_MaxCov,Club_2023-CAANF-233713,20231110,4,pyrologix,5,201-76,2023,0.0,0.009920415002852678,2,drone,1,9.489961992702219e-05,2695,0.004555181756497065,True
GaussianBudget75M_MaxCov,Cobble_2_2023-CAENF-024342,20230903,17,pyrologix,4,93-62,2023,0.0,0.0023134389193728566,0,drone,1,9.489961992702219e-05,1445,0.004555181756497065,True
GaussianBudget75M_MaxCov,Cold_2023-CAKNF-004306,20230603,18,pyrologix,6,22-46,2023,0.0,0.0026563380379229784,0,drone,1,9.489961992702219e-05,2205,0.004555181756497065,True
GaussianBudget75M_MaxCov,Cold_2023-CASTF-001924,20230909,19,pyrologix,10,114-64,2023,0.0,0.006582905072718859,1,drone,1,9.489961992702219e-05,3980,0.0046500813764240876,True
GaussianBudget75M_MaxCov,Comet_2023-CASNF-000573,20230618,21,pyrologix,5,128-62,2023,0.0,0.0031727669993415475,0,drone,1,9.489961992702219e-05,2075,0.0046500813764240876,True
GaussianBudget75M_MaxCov,Computer_2023-CAANF-001308,20230531,20,pyrologix,10,195-71,2023,0.0,0.006672163959592581,1,drone,1,9.489961992702219e-05,3855,0.0046500813764240876,True
GaussianBudget75M_MaxCov,Coon_2023-CASRF-000966,20230815,23,pyrologix,2,15-20,2023,0.0,0.0035564539721235633,0,drone,1,9.489961992702219e-05,1095,0.004555181756497065,True
GaussianBudget75M_MaxCov,Copper_2023-CAANF-001241,20230531,23,pyrologix,4,201-76,2023,0.0,0.006938381004147232,1,drone,1,9.489961992702219e-05,2085,0.004555181756497065,True
GaussianBudget75M_MaxCov,Copper_2023-CASRF-001075,20230828,17,pyrologix,4,24-25,2023,0.0,0.006724448991008103,1,drone,1,9.489961992702219e-05,1915,0.0046500813764240876,True
GaussianBudget75M_MaxCov,Corners_2023-CASTF-001161,20230709,11,pyrologix,12,121-61,2023,0.0,0.006967270979657769,0,drone,1,9.489961992702219e-05,4480,0.0046500813764240876,True
GaussianBudget75M_MaxCov,Corral_2023-CASHF-001024,20230818,19,pyrologix,8,37-35,2023,0.0,0.008921822998672724,2,drone,1,9.489961992702219e-05,3785,0.0046500813764240876,True
GaussianBudget75M_MaxCov,Corral_2023-CASRF-000946,20230815,14,pyrologix,4,15-20,2023,0.0,0.001913173939101398,0,drone,1,9.489961992702219e-05,1495,0.004555181756497065,True
GaussianBudget75M_MaxCov,Cosy_2023-CABDF-017722,20231214,22,pyrologix,9,206-88,2023,0.0,0.007213735021650791,0,drone,1,9.489961992702219e-05,3600,0.004460282136570043,True
GaussianBudget75M_MaxCov,Cotton_2023-CASNF-000773,20230711,20,pyrologix,1,141-74,2023,0.0,0.006373894982971251,1,drone,1,9.489961992702219e-05,995,0.004270482896715999,True
GaussianBudget75M_MaxCov,Cottonwood_2023-CASTF-001925,20230909,22,pyrologix,4,114-57,2023,0.0,0.0020599609706550837,0,drone,1,9.489961992702219e-05,1700,0.0046500813764240876,True
GaussianBudget75M_MaxCov,County_2023-CASHU-010642,20230923,16,pyrologix,8,44-34,2023,0.0,0.002658818964846432,0,drone,1,9.489961992702219e-05,3170,0.0046500813764240876,True
GaussianBudget75M_MaxCov,Court_2023-CASNF-001594,20231023,1,pyrologix,2,141-74,2023,0.0,0.00182279699947685,0,drone,1,9.489961992702219e-05,755,0.00389088441700791,True
GaussianBudget75M_MaxCov,Cove_2023-CAENF-017904,20230703,13,pyrologix,11,93-62,2023,0.0,0.007315931958146393,1,drone,1,9.489961992702219e-05,4325,0.0046500813764240876,True
GaussianBudget75M_MaxCov,Cove_2023-CATNF-001036,20230716,18,pyrologix,5,86-67,2023,0.0,0.007828720030374825,2,drone,1,9.489961992702219e-05,2615,0.004460282136570043,True
GaussianBudget75M_MaxCov,Cow_2023-CAKNF-005188,20230627,15,pyrologix,7,31-31,2023,0.0,0.006797341979108751,1,drone,1,9.489961992702219e-05,3075,0.0046500813764240876,True
GaussianBudget75M_MaxCov,Cow_2023-CASNF-001084,20230814,15,pyrologix,3,141-74,2023,0.0,0.0047689349157735705,1,drone,1,9.489961992702219e-05,1405,0.004555181756497065,True
GaussianBudget75M_MaxCov,Cowtrack_2023-CAINF-001075,20230720,22,pyrologix,4,124-80,2023,0.0,0.0021433470537886024,0,drone,1,9.489961992702219e-05,1340,0.004460282136570043,True
GaussianBudget75M_MaxCov,Coyote_2023-CABDF-CABDF8838,20230621,12,pyrologix,5,none,2023,0.0,0.0019178770016878843,-1,undetected,1,9.489961992702219e-05,0,0.0,False
GaussianBudget75M_MaxCov,Coyote_2023-CAINF-001308,20230813,6,pyrologix,12,none,2023,0.0,0.0018823060672730207,-1,undetected,1,9.489961992702219e-05,0,0.0,False
GaussianBudget75M_MaxCov,Crab_2023-CASTF-001456,20230806,19,pyrologix,9,114-64,2023,0.0,0.0040999529883265495,0,drone,1,9.489961992702219e-05,3240,0.0046500813764240876,True
GaussianBudget75M_MaxCov,Crater_2023-CALNF-002767,20230604,18,pyrologix,8,51-61,2023,0.0,0.003554123919457197,0,drone,1,9.489961992702219e-05,3070,0.0046500813764240876,True
GaussianBudget75M_MaxCov,Creek_2023-CAKNF-003961,20230523,18,pyrologix,5,17-34,2023,0.0,0.003177825012244284,0,drone,1,9.489961992702219e-05,1910,0.003985784036934932,True
GaussianBudget75M_MaxCov,Creek_2023-CAMDF-000611,20230820,16,pyrologix,4,35-77,2023,0.0,0.003797549055889249,0,drone,1,9.489961992702219e-05,1645,0.0046500813764240876,True
GaussianBudget75M_MaxCov,Creek_2023-CASRF-001068,20230826,19,pyrologix,9,31-24,2023,0.0,0.002975702052935958,0,drone,1,9.489961992702219e-05,3485,0.0046500813764240876,True
GaussianBudget75M_MaxCov,Crescent_2023-CASTF-001916,20230909,21,pyrologix,3,121-61,2023,0.0,0.0077186370035633445,1,drone,1,9.489961992702219e-05,1795,0.0046500813764240876,True
GaussianBudget75M_MaxCov,Crest_2023-CALAC-218192,20230702,2,pyrologix,4,none,2023,0.0,0.001869797008112073,-1,undetected,1,9.489961992702219e-05,0,0.0,False
GaussianBudget75M_MaxCov,Crestview_2023-CAINF-001801,20230930,16,pyrologix,9,127-76,2023,0.0,0.004137136973440647,0,drone,1,9.489961992702219e-05,3365,0.004555181756497065,True
GaussianBudget75M_MaxCov,Cristo_2023-CALAC-236491,20230716,1,pyrologix,11,206-81,2023,0.0,0.006859884015284479,1,drone,1,9.489961992702219e-05,5025,0.0040806836568619545,True
GaussianBudget75M_MaxCov,Cromberg_2023-CAPNF-000763,20230720,16,pyrologix,6,72-59,2023,0.0,0.003660005982965231,0,drone,1,9.489961992702219e-05,2245,0.0046500813764240876,True
GaussianBudget75M_MaxCov,Crown_2023-CASNF-000528,20230612,11,pyrologix,11,141-74,2023,0.0,0.006293050013482571,1,drone,1,9.489961992702219e-05,4170,0.0046500813764240876,True
GaussianBudget75M_MaxCov,Crystal_2023-CAANF-233839,20231120,17,pyrologix,3,206-81,2023,0.0,0.0065636070212349296,1,drone,1,9.489961992702219e-05,1980,0.0040806836568619545,True
GaussianBudget75M_MaxCov,Curl_2023-CASHF-000578,20230612,20,pyrologix,1,44-41,2023,0.0,0.0073033199878409505,2,drone,1,9.489961992702219e-05,1190,0.004555181756497065,True
GaussianBudget75M_MaxCov,Dairy_2023-CAKNF-004502,20230609,22,pyrologix,5,17-34,2023,0.0,0.001953932922333479,0,charging station,1,9.489961992702219e-05,1780,0.003985784036934932,True
GaussianBudget75M_MaxCov,Dark_2023-CAENF-022407,20230816,0,pyrologix,2,93-62,2023,0.0,0.011337421019561589,1,drone,1,9.489961992702219e-05,1285,0.004555181756497065,True
GaussianBudget75M_MaxCov,Davis_2023-CAANF-233978,20231205,11,pyrologix,12,206-81,2023,0.0,0.020630581071600318,-1,undetected,1,9.489961992702219e-05,5440,0.0040806836568619545,True
GaussianBudget75M_MaxCov,Davis_2023-CASNF-000361,20230524,23,pyrologix,2,141-74,2023,0.0,0.004619829938746989,1,drone,1,9.489961992702219e-05,1085,0.004365382516643021,True
GaussianBudget75M_MaxCov,Day_2023-CASHU-008936,20230815,14,pyrologix,8,37-56,2023,0.0,0.005999949993565679,1,drone,1,9.489961992702219e-05,3315,0.0046500813764240876,True
GaussianBudget75M_MaxCov,Deacon_2023-CAKNF-008082,20230917,20,pyrologix,11,31-31,2023,0.0,0.003675564075820148,0,drone,1,9.489961992702219e-05,3990,0.0046500813764240876,True
GaussianBudget75M_MaxCov,Deadhorse_2023-CALNF-002797,20230606,21,pyrologix,9,58-47,2023,0.0,0.008497286005876958,2,drone,1,9.489961992702219e-05,4010,0.0046500813764240876,True
GaussianBudget75M_MaxCov,Deep_2023-CAMDF-001064,20231105,17,pyrologix,12,35-77,2023,0.0,0.01942480797879398,-1,undetected,1,9.489961992702219e-05,4300,0.0046500813764240876,True
GaussianBudget75M_MaxCov,Deep_2023-CASHF-000973,20230815,9,pyrologix,12,38-28,2023,0.0,0.003492278978228569,0,drone,1,9.489961992702219e-05,4075,0.0046500813764240876,True
GaussianBudget75M_MaxCov,Deer_2023-CASHF-001006,20230818,22,pyrologix,9,52-26,2023,0.0,0.009657235001213849,2,drone,1,9.489961992702219e-05,3835,0.0046500813764240876,True
GaussianBudget75M_MaxCov,Deer_2023-CASTF-001613,20230817,16,pyrologix,4,121-61,2023,0.0,0.0019125998951494694,0,drone,1,9.489961992702219e-05,1495,0.0046500813764240876,True
GaussianBudget75M_MaxCov,Deerhart_2023-CALMU-004024,20230731,14,pyrologix,11,65-57,2023,0.0,0.0031178370118141174,0,drone,1,9.489961992702219e-05,4080,0.0046500813764240876,True
GaussianBudget75M_MaxCov,Del_2023-CALAC-238516,20230717,18,pyrologix,5,195-71,2023,0.0,0.003073511994443834,0,drone,1,9.489961992702219e-05,1865,0.0046500813764240876,True
GaussianBudget75M_MaxCov,Del_2023-CALAC-370918,20231029,14,pyrologix,11,195-71,2023,0.0,0.007120015914551914,1,drone,1,9.489961992702219e-05,4340,0.0046500813764240876,True
GaussianBudget75M_MaxCov,Delta_2023-CABDF-017370,20231207,0,pyrologix,2,none,2023,0.0,0.0018842719728127122,-1,undetected,1,9.489961992702219e-05,0,0.0,False
GaussianBudget75M_MaxCov,Democrat_2023-CASQF-001330,20230722,0,pyrologix,2,177-72,2023,0.0,0.005295025068335235,1,drone,1,9.489961992702219e-05,1230,0.0046500813764240876,True
GaussianBudget75M_MaxCov,Den_2023-CAKNF-007072,20230818,21,pyrologix,8,17-34,2023,0.0,0.005964656011201441,1,drone,1,9.489961992702219e-05,3250,0.003985784036934932,True
GaussianBudget75M_MaxCov,Denny_2023-CASRF-000903,20230811,17,pyrologix,8,38-21,2023,0.0,0.002435127040371299,0,drone,1,9.489961992702219e-05,2840,0.0046500813764240876,True
GaussianBudget75M_MaxCov,Devil_2023-CAKNF-007038,20230817,21,pyrologix,7,17-34,2023,0.0,0.0025996050098910928,0,drone,1,9.489961992702219e-05,2525,0.003985784036934932,True
GaussianBudget75M_MaxCov,Dexter_2023-CAINF-001044,20230718,23,pyrologix,8,124-80,2023,0.0,0.005589995998889208,1,drone,1,9.489961992702219e-05,3020,0.0046500813764240876,True
GaussianBudget75M_MaxCov,Diamond_2023-CASRF-000945,20230815,13,pyrologix,6,15-20,2023,0.0,0.006491619977168739,1,drone,1,9.489961992702219e-05,2855,0.0046500813764240876,True
GaussianBudget75M_MaxCov,Dillon_2023-CAKNF-007348,20230826,0,pyrologix,3,24-25,2023,0.0,0.0030874829972162843,0,drone,1,9.489961992702219e-05,1225,0.004460282136570043,True
GaussianBudget75M_MaxCov,Dillon_2023-CASNF-001392,20230909,10,pyrologix,10,128-69,2023,0.0,0.002868260955438018,0,drone,1,9.489961992702219e-05,3540,0.004555181756497065,True
GaussianBudget75M_MaxCov,Dinkey_2023-CASNF-001040,20230809,23,pyrologix,9,141-74,2023,0.0,0.0031445759814232588,0,drone,1,9.489961992702219e-05,3145,0.0046500813764240876,True
GaussianBudget75M_MaxCov,Dobyns_2023-CALMU-006017,20231104,19,pyrologix,3,58-61,2023,0.0,0.00533253001049161,1,drone,1,9.489961992702219e-05,1490,0.004460282136570043,True
GaussianBudget75M_MaxCov,Doe_2023-CASRF-000953,20230815,14,pyrologix,9,15-20,2023,0.0,0.005341447074897587,1,drone,1,9.489961992702219e-05,3705,0.0046500813764240876,True
GaussianBudget75M_MaxCov,Dog_2023-CASHF-000984,20230815,16,pyrologix,8,44-41,2023,0.0,0.007912777015008032,2,drone,1,9.489961992702219e-05,3750,0.0046500813764240876,True
GaussianBudget75M_MaxCov,Dome_2023-CASTF-001994,20230913,18,pyrologix,4,107-68,2023,0.0,0.0026795900193974376,0,drone,1,9.489961992702219e-05,1600,0.0046500813764240876,True
GaussianBudget75M_MaxCov,Donica_2023-CALMU-004727,20230902,15,pyrologix,11,37-63,2023,0.0,0.002970116911455989,0,drone,1,9.489961992702219e-05,4290,0.0046500813764240876,True
GaussianBudget75M_MaxCov,Donkey_2023-CAKNF-007351,20230826,20,pyrologix,11,24-25,2023,0.0,0.005923219956457615,0,drone,1,9.489961992702219e-05,3840,0.0046500813764240876,True
GaussianBudget75M_MaxCov,Doodlebug_2023-CASHF-000686,20230627,12,pyrologix,9,37-49,2023,0.0,0.003776770900003612,0,drone,1,9.489961992702219e-05,3630,0.0046500813764240876,True
GaussianBudget75M_MaxCov,Doolittle_2023-CAKNF-008954,20231014,11,pyrologix,12,17-27,2023,0.0,0.007352323969826102,1,drone,1,9.489961992702219e-05,4870,0.0046500813764240876,True
GaussianBudget75M_MaxCov,Double_2023-CASTF-001997,20230913,21,pyrologix,5,107-68,2023,0.0,0.005169002921320498,1,drone,1,9.489961992702219e-05,2295,0.0046500813764240876,True
GaussianBudget75M_MaxCov,Doyle_2023-CASQF-001776,20230823,19,pyrologix,12,163-78,2023,0.0,0.0035423010122030973,0,drone,1,9.489961992702219e-05,4445,0.0046500813764240876,True
GaussianBudget75M_MaxCov,Druey_2023-CAKNF-004252,20230602,22,pyrologix,11,17-27,2023,0.0,0.006541056907735765,1,drone,1,9.489961992702219e-05,4580,0.0046500813764240876,True
GaussianBudget75M_MaxCov,Dry_2023-CAANF-002149,20230712,21,pyrologix,12,195-71,2023,0.0,0.004546666983515024,0,drone,1,9.489961992702219e-05,4340,0.0046500813764240876,True
GaussianBudget75M_MaxCov,Dry_2023-CAINF-001545,20230831,14,pyrologix,2,127-76,2023,0.0,0.004269909928552806,0,drone,1,9.489961992702219e-05,1000,0.0040806836568619545,True
GaussianBudget75M_MaxCov,Dry_2023-CASQF-000835,20230612,13,pyrologix,12,177-79,2023,0.0,0.00554874399676919,0,drone,1,9.489961992702219e-05,4280,0.0046500813764240876,True
GaussianBudget75M_MaxCov,Dry_2023-CASTF-001965,20230911,14,pyrologix,4,107-61,2023,0.0,0.004737052950076759,1,drone,1,9.489961992702219e-05,1835,0.0046500813764240876,True
GaussianBudget75M_MaxCov,Duckwall_2023-CASTF-001920,20230909,21,pyrologix,5,114-64,2023,0.0,0.004644616041332483,0,drone,1,9.489961992702219e-05,2055,0.0046500813764240876,True
GaussianBudget75M_MaxCov,Duncan_2023-CASHF-000513,20230530,19,pyrologix,9,45-27,2023,0.0,0.0044945270055904984,0,drone,1,9.489961992702219e-05,3300,0.0046500813764240876,True
GaussianBudget75M_MaxCov,Durrwood_2023-CASQF-001669,20230814,15,pyrologix,9,163-78,2023,0.0,0.009786337963305414,2,drone,1,9.489961992702219e-05,4215,0.0046500813764240876,True
GaussianBudget75M_MaxCov,Dusty_2023-CAMDF-000234,20230611,17,pyrologix,10,37-56,2023,0.0,0.00354846497066319,0,drone,1,9.489961992702219e-05,3650,0.0046500813764240876,True
GaussianBudget75M_MaxCov,Dutch_2023-CAKNF-007003,20230816,23,pyrologix,8,24-25,2023,0.0,0.0029945209389552474,0,drone,1,9.489961992702219e-05,2775,0.0046500813764240876,True
GaussianBudget75M_MaxCov,E-1_Schoonamaker_2023-CALNF-002969,20230614,1,pyrologix,1,51-61,2023,0.0,0.005084461998194456,1,drone,1,9.489961992702219e-05,885,0.004270482896715999,True
GaussianBudget75M_MaxCov,E-2_Robbers_2023-CALNF-003013,20230615,17,pyrologix,2,51-54,2023,0.0,0.006341564003378153,1,drone,1,9.489961992702219e-05,1325,0.004555181756497065,True
GaussianBudget75M_MaxCov,Eagle_2023-CABDF-012594,20230923,11,pyrologix,10,206-88,2023,0.0,0.002959765959531069,0,drone,1,9.489961992702219e-05,3820,0.004460282136570043,True
GaussianBudget75M_MaxCov,Earthquake_2023-CAINF-001590,20230903,18,pyrologix,7,124-80,2023,0.0,0.005124888964928687,0,drone,1,9.489961992702219e-05,2435,0.0046500813764240876,True
GaussianBudget75M_MaxCov,East_2023-CAKNF-008114,20230917,21,pyrologix,4,31-31,2023,0.0,0.0022506999084725976,0,drone,1,9.489961992702219e-05,1475,0.0046500813764240876,True
GaussianBudget75M_MaxCov,East_2023-CASHF-000512,20230530,15,pyrologix,9,37-35,2023,0.0,0.007483833935111761,1,drone,1,9.489961992702219e-05,3920,0.0046500813764240876,True
GaussianBudget75M_MaxCov,East_2023-CASNF-001397,20230909,13,pyrologix,12,128-69,2023,0.0,0.0037611440056934953,0,drone,1,9.489961992702219e-05,4285,0.004555181756497065,True
GaussianBudget75M_MaxCov,East_2023-CATNF-001781,20231103,19,pyrologix,6,86-67,2023,0.0,0.0030018130782991648,0,drone,1,9.489961992702219e-05,2320,0.004460282136570043,True
GaussianBudget75M_MaxCov,Edison_2023-CASNF-001072,20230813,13,pyrologix,9,none,2023,0.0,0.0025193369947373867,-1,undetected,1,9.489961992702219e-05,0,0.0,False
GaussianBudget75M_MaxCov,Edison_2023-CASNF-001384,20230907,18,pyrologix,10,134-74,2023,0.0,0.004824368981644511,0,drone,1,9.489961992702219e-05,3570,0.0046500813764240876,True
GaussianBudget75M_MaxCov,El_Cariso_2023-CACNF-000870,20230430,17,pyrologix,12,220-87,2023,0.0,0.0035737199941650033,0,drone,1,9.489961992702219e-05,4620,0.004555181756497065,True
GaussianBudget75M_MaxCov,Elliot_2023-CAKNF-006944,20230815,11,pyrologix,8,24-25,2023,0.0,0.007416939013637602,1,drone,1,9.489961992702219e-05,3235,0.0046500813764240876,True
GaussianBudget75M_MaxCov,Emma_2023-CAANF-233880,20231125,18,pyrologix,2,none,2023,0.0,0.0018797689117491245,-1,undetected,1,9.489961992702219e-05,0,0.0,False
GaussianBudget75M_MaxCov,Emma_2023-CALAC-339561,20231004,6,pyrologix,12,201-76,2023,0.0,0.004510847036726773,0,drone,1,9.489961992702219e-05,4465,0.004555181756497065,True
GaussianBudget75M_MaxCov,English_2023-CATNF-001273,20230814,22,pyrologix,4,79-61,2023,0.0,0.002124471007846296,0,drone,1,9.489961992702219e-05,1485,0.004555181756497065,True
GaussianBudget75M_MaxCov,Escondido_2023-CAANF-233956,20231203,23,pyrologix,6,201-76,2023,0.0,0.003364034928381443,0,drone,1,9.489961992702219e-05,2270,0.004555181756497065,True
GaussianBudget75M_MaxCov,Etsel_2023-CAMNF-001222,20230918,22,pyrologix,5,66-19,2023,0.0,0.007449451019056141,1,drone,1,9.489961992702219e-05,2530,0.0046500813764240876,True
GaussianBudget75M_MaxCov,Excelsior_2023-CANEU-016702,20230615,17,pyrologix,3,86-60,2023,0.0,0.0049424669705331326,1,drone,1,9.489961992702219e-05,1565,0.0046500813764240876,True
GaussianBudget75M_MaxCov,Exit_2023-CASHF-000333,20230424,5,pyrologix,5,44-41,2023,0.0,0.003224726999178529,0,drone,1,9.489961992702219e-05,2065,0.0046500813764240876,True
GaussianBudget75M_MaxCov,Fairview_2023-CASHF-001248,20231006,21,pyrologix,4,44-34,2023,0.0,0.0056997829815372825,1,drone,1,9.489961992702219e-05,2135,0.0046500813764240876,True
GaussianBudget75M_MaxCov,Fallen_2023-CATMU-022772,20230819,16,pyrologix,1,none,2023,0.0,0.001921212999150157,-1,undetected,1,9.489961992702219e-05,0,0.0,False
GaussianBudget75M_MaxCov,Falls_2023-CASKU-006095,20230720,23,pyrologix,1,37-49,2023,0.0,0.002996111987158656,0,drone,1,9.489961992702219e-05,590,0.004270482896715999,True
GaussianBudget75M_MaxCov,Falls_2023-CASTF-001664,20230820,14,pyrologix,5,114-64,2023,0.0,0.0024675679160282016,0,drone,1,9.489961992702219e-05,1815,0.004555181756497065,True
GaussianBudget75M_MaxCov,Fast_2023-CABDF-010513,20230723,16,pyrologix,10,none,2023,0.0,0.0019168059807270765,-1,undetected,1,9.489961992702219e-05,0,0.0,False
GaussianBudget75M_MaxCov,Faulkstein_2023-CAKNF-005132,20230626,10,pyrologix,10,24-32,2023,0.0,0.005978581961244345,0,drone,1,9.489961992702219e-05,3820,0.0046500813764240876,True
GaussianBudget75M_MaxCov,Fir_2023-CAINF-002072,20231119,21,pyrologix,5,124-80,2023,0.0,0.002814222010783851,0,drone,1,9.489961992702219e-05,1700,0.004555181756497065,True
GaussianBudget75M_MaxCov,First_2023-CAKNF-004376,20230605,19,pyrologix,2,17-27,2023,0.0,0.004098369972780347,0,drone,1,9.489961992702219e-05,930,0.004460282136570043,True
GaussianBudget75M_MaxCov,Fish_2023-CAINF-001317,20230813,15,pyrologix,4,127-76,2023,0.0,0.002613163902424276,0,drone,1,9.489961992702219e-05,1450,0.004555181756497065,True
GaussianBudget75M_MaxCov,Fish_2023-CASTF-002295,20231020,21,pyrologix,6,114-64,2023,0.0,0.0030496399849653244,0,drone,1,9.489961992702219e-05,2180,0.0046500813764240876,True
GaussianBudget75M_MaxCov,Fisher_2023-CASTF-001961,20230911,22,pyrologix,7,107-61,2023,0.0,0.0038622349966317415,0,drone,1,9.489961992702219e-05,2700,0.0046500813764240876,True
GaussianBudget75M_MaxCov,Fishtown_2023-CAMNF-000884,20230820,21,pyrologix,10,59-26,2023,0.0,0.006035482045263052,1,drone,1,9.489961992702219e-05,3805,0.0046500813764240876,True
GaussianBudget75M_MaxCov,Five_2023-CATNF-001031,20230716,9,pyrologix,11,86-67,2023,0.0,0.006528380094096065,1,drone,1,9.489961992702219e-05,4465,0.004460282136570043,True
GaussianBudget75M_MaxCov,Flat_2023-CAANF-002740,20230815,13,pyrologix,12,195-71,2023,0.0,0.004459123942069709,0,drone,1,9.489961992702219e-05,4285,0.0046500813764240876,True
GaussianBudget75M_MaxCov,Flat_2023-CAENF-017405,20230630,22,pyrologix,5,93-56,2023,0.0,0.006800043978728354,1,drone,1,9.489961992702219e-05,2700,0.0046500813764240876,True
GaussianBudget75M_MaxCov,Flat_2023-CALPF-002163,20230806,16,pyrologix,5,170-47,2023,0.0,0.004682459053583443,0,drone,1,9.489961992702219e-05,2200,0.0046500813764240876,True
GaussianBudget75M_MaxCov,Flat_2023-CAMDF-000050,20230215,10,pyrologix,8,30-60,2023,0.0,0.0028225689893588424,0,drone,1,9.489961992702219e-05,2960,0.0046500813764240876,True
GaussianBudget75M_MaxCov,Flat_2023-CASHF-000942,20230810,14,pyrologix,9,30-45,2023,0.0,0.0039054619846865535,0,drone,1,9.489961992702219e-05,3175,0.0046500813764240876,True
GaussianBudget75M_MaxCov,Flat_2023-CASQF-002033,20230917,13,pyrologix,10,177-72,2023,0.0,0.005624696030281484,1,drone,1,9.489961992702219e-05,3810,0.0046500813764240876,True
GaussianBudget75M_MaxCov,Flat_2023-CASRF-001064,20230825,17,pyrologix,7,31-24,2023,0.0,0.0028266620356589556,0,drone,1,9.489961992702219e-05,2670,0.004555181756497065,True
GaussianBudget75M_MaxCov,Flat_2023-CASTF-000607,20230517,10,pyrologix,12,114-64,2023,0.0,0.019812330952845514,-1,undetected,1,9.489961992702219e-05,4905,0.0046500813764240876,True
GaussianBudget75M_MaxCov,Flats_2023-CABDF-008695,20230617,18,pyrologix,5,223-101,2023,0.0,0.00239194103050977,0,drone,1,9.489961992702219e-05,1920,0.0046500813764240876,True
GaussianBudget75M_MaxCov,Flats_2023-CABDF-010793,20230730,20,pyrologix,4,209-96,2023,0.0,0.002793600899167359,0,drone,1,9.489961992702219e-05,1635,0.004460282136570043,True
GaussianBudget75M_MaxCov,Fleming_2023-CAENF-021409,20230805,14,pyrologix,9,100-54,2023,0.0,0.0045151939848437905,0,drone,1,9.489961992702219e-05,3455,0.0046500813764240876,True
GaussianBudget75M_MaxCov,Flume_2023-CASHF-000703,20230629,16,pyrologix,10,37-42,2023,0.0,0.002793238963931799,0,drone,1,9.489961992702219e-05,3300,0.0046500813764240876,True
GaussianBudget75M_MaxCov,Forest_2023-CATNF-000717,20230616,16,pyrologix,7,93-56,2023,0.0,0.00756509299390018,1,drone,1,9.489961992702219e-05,3590,0.0046500813764240876,True
GaussianBudget75M_MaxCov,Fork_2023-CAANF-001661,20230618,11,pyrologix,10,206-81,2023,0.0,0.005817685974761844,1,drone,1,9.489961992702219e-05,4525,0.0040806836568619545,True
GaussianBudget75M_MaxCov,Fork_2023-CASRF-000645,20230705,1,pyrologix,1,38-21,2023,0.0,0.0055476289708167315,1,drone,1,9.489961992702219e-05,900,0.004460282136570043,True
GaussianBudget75M_MaxCov,Four_2023-CAKNF-004483,20230608,15,pyrologix,2,30-52,2023,0.0,0.001685181981883943,0,drone,1,9.489961992702219e-05,845,0.004365382516643021,True
GaussianBudget75M_MaxCov,Francis_2023-CAANF-233122,20230911,21,pyrologix,2,195-71,2023,0.0,0.0022192089818418026,0,drone,1,9.489961992702219e-05,830,0.004175583276788976,True
GaussianBudget75M_MaxCov,Francis_2023-CAENF-022302,20230815,23,pyrologix,5,93-62,2023,0.0,0.002262781956233084,0,drone,1,9.489961992702219e-05,1770,0.0046500813764240876,True
GaussianBudget75M_MaxCov,Franklin_2023-CAKNF-005103,20230625,21,pyrologix,4,24-32,2023,0.0,0.007871340028941631,2,drone,1,9.489961992702219e-05,2430,0.0046500813764240876,True
GaussianBudget75M_MaxCov,Franklin_2023-CALAC-23215391,20230630,22,pyrologix,6,195-71,2023,0.0,0.005832300055772066,1,drone,1,9.489961992702219e-05,2490,0.0046500813764240876,True
GaussianBudget75M_MaxCov,Franklin_2023-CALPF-001817,20230712,16,pyrologix,7,196-57,2023,0.0,0.004496993962675333,0,drone,1,9.489961992702219e-05,2625,0.004365382516643021,True
GaussianBudget75M_MaxCov,Frazier_2023-CASTF-001658,20230820,8,pyrologix,9,114-64,2023,0.0,0.003620030009187758,0,drone,1,9.489961992702219e-05,3215,0.0046500813764240876,True
GaussianBudget75M_MaxCov,Freeway_2023-CAANF-232754,20230816,16,pyrologix,2,195-71,2023,0.0,0.005344177014194429,1,drone,1,9.489961992702219e-05,1210,0.004555181756497065,True
GaussianBudget75M_MaxCov,Frenchman_2023-CAPNF-000737,20230715,21,pyrologix,4,72-66,2023,0.0,0.004373491043224931,0,drone,1,9.489961992702219e-05,1715,0.004555181756497065,True
GaussianBudget75M_MaxCov,Friday_2023-CASRF-000890,20230809,16,pyrologix,1,38-21,2023,0.0,0.009717694018036127,1,drone,1,9.489961992702219e-05,900,0.004460282136570043,True
GaussianBudget75M_MaxCov,Friend_2023-CASHF-000702,20230629,20,pyrologix,1,45-20,2023,0.0,0.0038799189496785402,0,drone,1,9.489961992702219e-05,520,0.0040806836568619545,True
GaussianBudget75M_MaxCov,Frontage_2023-CABDF-007992,20230602,7,pyrologix,5,209-96,2023,0.0,0.004183853976428509,0,drone,1,9.489961992702219e-05,2130,0.004460282136570043,True
GaussianBudget75M_MaxCov,Frying_2023-CAKNF-005107,20230626,21,pyrologix,7,17-27,2023,0.0,0.006822598981671035,1,drone,1,9.489961992702219e-05,3310,0.0046500813764240876,True
GaussianBudget75M_MaxCov,Fuller_2023-CABDF-014299,20231028,11,pyrologix,12,223-101,2023,0.0,0.0031452039256691933,0,drone,1,9.489961992702219e-05,4295,0.0046500813764240876,True
GaussianBudget75M_MaxCov,Fuller_2023-CATNF-001755,20231029,15,pyrologix,5,86-60,2023,0.0,0.006563127040863037,1,drone,1,9.489961992702219e-05,2515,0.0046500813764240876,True
GaussianBudget75M_MaxCov,Gabriel_2023-CAANF-001433,20230529,22,pyrologix,2,206-81,2023,0.0,0.0016314499080181122,0,drone,1,9.489961992702219e-05,900,0.00389088441700791,True
GaussianBudget75M_MaxCov,Gallagher_2023-CAPNF-000851,20230801,18,pyrologix,8,72-59,2023,0.0,0.010763911996036768,2,drone,1,9.489961992702219e-05,3885,0.0046500813764240876,True
GaussianBudget75M_MaxCov,Garden_2023-CAKNF-007331,20230825,13,pyrologix,11,31-31,2023,0.0,0.007498743943870068,1,drone,1,9.489961992702219e-05,4510,0.0046500813764240876,True
GaussianBudget75M_MaxCov,Gas_2023-CAANF-001520,20230606,21,pyrologix,2,201-76,2023,0.0,0.004265442956238985,0,drone,1,9.489961992702219e-05,1190,0.004555181756497065,True
GaussianBudget75M_MaxCov,Gerle_2023-CAENF-027748,20231009,12,pyrologix,9,93-62,2023,0.0,0.0026749749667942524,0,drone,1,9.489961992702219e-05,3110,0.0046500813764240876,True
GaussianBudget75M_MaxCov,Giant_2023-CASQF-001242,20230715,19,pyrologix,2,163-78,2023,0.0,0.0017520349938422441,0,drone,1,9.489961992702219e-05,845,0.004365382516643021,True
GaussianBudget75M_MaxCov,Gibson_2023-CAPNF-000955,20230814,17,pyrologix,11,72-59,2023,0.0,0.007359410054050386,1,drone,1,9.489961992702219e-05,4485,0.0046500813764240876,True
GaussianBudget75M_MaxCov,Gifford_2023-CALPF-001190,20230519,17,pyrologix,9,none,2023,0.0,0.0018932520179077983,-1,undetected,1,9.489961992702219e-05,0,0.0,False
GaussianBudget75M_MaxCov,Glass_2023-CAKNF-004674,20230613,15,pyrologix,7,30-52,2023,0.0,0.002766688005067408,0,drone,1,9.489961992702219e-05,2865,0.0046500813764240876,True
GaussianBudget75M_MaxCov,Gleason_2023-CAANF-232639,20230809,11,pyrologix,12,201-76,2023,0.0,0.019328227965161204,-1,undetected,1,9.489961992702219e-05,5465,0.004555181756497065,True
GaussianBudget75M_MaxCov,Gold_2023-CAKNF-007026,20230816,16,pyrologix,5,24-32,2023,0.0,0.0023723969934508204,0,drone,1,9.489961992702219e-05,1935,0.0046500813764240876,True
GaussianBudget75M_MaxCov,Gold_2023-CATNF-001290,20230816,22,pyrologix,5,79-61,2023,0.0,0.0076207699021324515,2,drone,1,9.489961992702219e-05,2530,0.0046500813764240876,True
GaussianBudget75M_MaxCov,Goldmine_2023-CABDF-009229,20230629,16,pyrologix,10,214-103,2023,0.0,0.0041305560152977705,0,drone,1,9.489961992702219e-05,3865,0.004365382516643021,True
GaussianBudget75M_MaxCov,Goodyear_2023-CATNF-001421,20230904,17,pyrologix,11,79-54,2023,0.0,0.00391794100869447,0,drone,1,9.489961992702219e-05,3830,0.0046500813764240876,True
GaussianBudget75M_MaxCov,Grade_2023-CACNF-002944,20231103,18,pyrologix,1,244-98,2023,0.0,0.00537007802631706,1,drone,1,9.489961992702219e-05,870,0.004460282136570043,True
GaussianBudget75M_MaxCov,Granite_2023-CASNF-000835,20230721,19,pyrologix,12,128-62,2023,0.0,0.019433677894994617,-1,undetected,1,9.489961992702219e-05,4900,0.0046500813764240876,True
GaussianBudget75M_MaxCov,Granite_2023-CATNF-001270,20230814,20,pyrologix,6,86-60,2023,0.0,0.00623912806622684,1,drone,1,9.489961992702219e-05,2850,0.0046500813764240876,True
GaussianBudget75M_MaxCov,Graniteville_2023-CANEU-031058,20231031,10,pyrologix,4,79-54,2023,0.0,0.005708554992452264,1,drone,1,9.489961992702219e-05,1880,0.0046500813764240876,True
GaussianBudget75M_MaxCov,Graniteville_2023-CATNF-001768,20231031,9,pyrologix,8,79-54,2023,0.0,0.007734325947239995,1,drone,1,9.489961992702219e-05,3370,0.0046500813764240876,True
GaussianBudget75M_MaxCov,Grants_2023-CAKNF-008101,20230917,18,pyrologix,1,24-32,2023,0.0,0.0018717170460149646,0,drone,1,9.489961992702219e-05,525,0.003795984797080888,True
GaussianBudget75M_MaxCov,Grass_2023-CAPNF-000660,20230704,18,pyrologix,4,72-52,2023,0.0,0.013092934968881309,4,drone,1,9.489961992702219e-05,3170,0.0046500813764240876,True
GaussianBudget75M_MaxCov,Grasshopper_2023-CASHU-007231,20230706,15,pyrologix,11,44-48,2023,0.0,0.02005185605958104,-1,undetected,1,9.489961992702219e-05,4370,0.0046500813764240876,True
GaussianBudget75M_MaxCov,Grassy_2023-CASHF-001188,20230916,18,pyrologix,9,45-20,2023,0.0,0.0031212810426950455,0,drone,1,9.489961992702219e-05,3270,0.0046500813764240876,True
GaussianBudget75M_MaxCov,Gravel_2023-CAKNF-004491,20230608,18,pyrologix,5,30-52,2023,0.0,0.007012792979367077,1,drone,1,9.489961992702219e-05,2680,0.0046500813764240876,True
GaussianBudget75M_MaxCov,Gravel_2023-CAPNF-000970,20230815,16,pyrologix,4,72-52,2023,0.0,0.005964438896626234,1,drone,1,9.489961992702219e-05,2190,0.004555181756497065,True
GaussianBudget75M_MaxCov,Green_2023-CAANF-002684,20230812,3,pyrologix,1,none,2023,0.0,0.0019003440393134952,-1,undetected,1,9.489961992702219e-05,0,0.0,False
GaussianBudget75M_MaxCov,Green_2023-CAPNF-000289,20230521,16,pyrologix,11,65-57,2023,0.0,0.0049965460784733295,0,drone,1,9.489961992702219e-05,4345,0.0046500813764240876,True
GaussianBudget75M_MaxCov,Greens_2023-CASHF-000747,20230704,16,pyrologix,1,44-41,2023,0.0,0.002727162092924118,0,drone,1,9.489961992702219e-05,600,0.004175583276788976,True
GaussianBudget75M_MaxCov,Grey_2023-CASNF-001107,20230817,19,pyrologix,12,128-69,2023,0.0,0.003100965986959636,0,drone,1,9.489961992702219e-05,4240,0.004555181756497065,True
GaussianBudget75M_MaxCov,Grizzly_2023-CAKNF-007144,20230819,18,pyrologix,7,31-31,2023,0.0,0.003077171044424176,0,drone,1,9.489961992702219e-05,2550,0.0046500813764240876,True
GaussianBudget75M_MaxCov,Grizzly_2023-CAPNF-000305,20230524,21,pyrologix,6,72-66,2023,0.0,0.007486406015232205,1,drone,1,9.489961992702219e-05,2750,0.0046500813764240876,True
GaussianBudget75M_MaxCov,H-10_Burney_2023-CALNF-004363,20230817,15,pyrologix,6,51-54,2023,0.0,0.0028292459901422262,0,drone,1,9.489961992702219e-05,2205,0.004555181756497065,True
GaussianBudget75M_MaxCov,H-11_Cornaz_2023-CALNF-004367,20230817,18,pyrologix,6,51-54,2023,0.0,0.014118522987700999,4,drone,1,9.489961992702219e-05,3610,0.0046500813764240876,True
GaussianBudget75M_MaxCov,H-1_Honn_2023-CALNF-004135,20230805,16,pyrologix,5,51-54,2023,0.0,0.006000928930006921,1,drone,1,9.489961992702219e-05,2325,0.0046500813764240876,True
GaussianBudget75M_MaxCov,H-1_Lava_2023-CALNF-002840,20230607,16,pyrologix,3,51-54,2023,0.0,0.0018732669996097684,0,drone,1,9.489961992702219e-05,1120,0.004555181756497065,True
GaussianBudget75M_MaxCov,H-1_Tamarack_2023-CALNF-004314,20230815,15,pyrologix,5,51-54,2023,0.0,0.0028848450165241957,0,drone,1,9.489961992702219e-05,1895,0.004555181756497065,True
GaussianBudget75M_MaxCov,H-2_Freaner_2023-CALNF-004336,20230816,17,pyrologix,11,51-54,2023,0.0,0.00667439098469913,1,drone,1,9.489961992702219e-05,4365,0.0046500813764240876,True
GaussianBudget75M_MaxCov,H-2_Moon_2023-CALNF-003251,20230626,21,pyrologix,9,51-54,2023,0.0,0.004629684961400926,0,drone,1,9.489961992702219e-05,3460,0.0046500813764240876,True
GaussianBudget75M_MaxCov,H-3_Bald_2023-CALNF-003252,20230626,22,pyrologix,8,51-54,2023,0.0,0.007301173987798393,1,drone,1,9.489961992702219e-05,3460,0.0046500813764240876,True
GaussianBudget75M_MaxCov,H-3_Huckleberry_2023-CALNF-004337,20230816,19,pyrologix,7,51-47,2023,0.0,0.004365116939879954,0,drone,1,9.489961992702219e-05,2685,0.0046500813764240876,True
GaussianBudget75M_MaxCov,H-4_Red_Rock_2023-CALNF-004338,20230816,19,pyrologix,7,51-54,2023,0.0,0.005207750014960766,0,drone,1,9.489961992702219e-05,2840,0.0046500813764240876,True
GaussianBudget75M_MaxCov,H-6_Eiler_2023-CALNF-004341,20230816,19,pyrologix,9,51-54,2023,0.0,0.00799164199270308,1,drone,1,9.489961992702219e-05,3865,0.0046500813764240876,True
GaussianBudget75M_MaxCov,H-7_Twin_Buttes_2023-CALNF-004342,20230816,19,pyrologix,8,51-54,2023,0.0,0.0030733419116586447,0,drone,1,9.489961992702219e-05,2945,0.0046500813764240876,True
GaussianBudget75M_MaxCov,H-8_Dutch_2023-CALNF-004343,20230816,18,pyrologix,10,51-54,2023,0.0,0.004321926971897483,0,drone,1,9.489961992702219e-05,3695,0.0046500813764240876,True
GaussianBudget75M_MaxCov,H-9_Bunchgrass_2023-CALNF-004347,20230817,22,pyrologix,6,51-47,2023,0.0,0.006991263944655657,1,drone,1,9.489961992702219e-05,2685,0.0046500813764240876,True
GaussianBudget75M_MaxCov,Hall_2023-CALNF-005330,20230930,20,pyrologix,3,51-54,2023,0.0,0.0018795840442180634,0,drone,1,9.489961992702219e-05,1120,0.004555181756497065,True
GaussianBudget75M_MaxCov,Hallett_2023-CAPNF-000405,20230605,15,pyrologix,11,65-64,2023,0.0,0.0028998079942539334,0,charging station,1,9.489961992702219e-05,3470,0.0046500813764240876,True
GaussianBudget75M_MaxCov,Hambone_2023-CASHF-000520,20230531,21,pyrologix,4,37-56,2023,0.0,0.004591597942635417,0,drone,1,9.489961992702219e-05,1805,0.0046500813764240876,True
GaussianBudget75M_MaxCov,Hancock_2023-CASRF-001016,20230821,12,pyrologix,9,24-25,2023,0.0,0.002889184979721904,0,drone,1,9.489961992702219e-05,3065,0.0046500813764240876,True
GaussianBudget75M_MaxCov,Harlem_2023-CAPNF-000598,20230626,8,pyrologix,6,72-59,2023,0.0,0.007450064993463457,1,drone,1,9.489961992702219e-05,2795,0.0046500813764240876,True
GaussianBudget75M_MaxCov,Harrison_2023-CABDF-009856,20230710,23,pyrologix,4,209-96,2023,0.0,0.006728628999553621,1,drone,1,9.489961992702219e-05,2130,0.004460282136570043,True
GaussianBudget75M_MaxCov,Haskins_2023-CAPNF-001029,20230817,18,pyrologix,3,72-52,2023,0.0,0.002668116008862853,0,drone,1,9.489961992702219e-05,1305,0.004555181756497065,True
GaussianBudget75M_MaxCov,Hawkins_Bar_2023-CASRF-001153,20230914,0,pyrologix,2,38-21,2023,0.0,0.001663503935560584,0,drone,1,9.489961992702219e-05,755,0.004365382516643021,True
GaussianBudget75M_MaxCov,Hawley_2023-CATNF-001302,20230817,14,pyrologix,8,79-61,2023,0.0,0.009428182966075838,1,drone,1,9.489961992702219e-05,3175,0.0046500813764240876,True
GaussianBudget75M_MaxCov,Haydon_2023-CASRF-000915,20230813,15,pyrologix,2,38-21,2023,0.0,0.005313112982548773,1,drone,1,9.489961992702219e-05,1180,0.004555181756497065,True
GaussianBudget75M_MaxCov,Head_2023-CAKNF-006988,20230815,21,pyrologix,4,24-32,2023,0.0,0.008104923996143043,2,drone,1,9.489961992702219e-05,2430,0.0046500813764240876,True
GaussianBudget75M_MaxCov,Heath_2023-CASHF-000576,20230612,13,pyrologix,12,44-48,2023,0.0,0.019320421968586743,-1,undetected,1,9.489961992702219e-05,4370,0.0046500813764240876,True
GaussianBudget75M_MaxCov,Heavenly_2023-CACNF-003041,20231112,22,pyrologix,5,244-98,2023,0.0,0.004102461040019989,0,drone,1,9.489961992702219e-05,2175,0.0046500813764240876,True
GaussianBudget75M_MaxCov,Hebron_2023-CAKNF-004493,20230608,21,pyrologix,1,30-52,2023,0.0,0.002342512016184628,0,drone,1,9.489961992702219e-05,615,0.0040806836568619545,True
GaussianBudget75M_MaxCov,Helm_2023-CASNF-001526,20231004,18,pyrologix,8,141-74,2023,0.0,0.007146444986574352,1,drone,1,9.489961992702219e-05,3305,0.0046500813764240876,True
GaussianBudget75M_MaxCov,Henness_2023-CATNF-001322,20230819,16,pyrologix,11,86-67,2023,0.0,0.004880007007159293,0,drone,1,9.489961992702219e-05,4255,0.004460282136570043,True
GaussianBudget75M_MaxCov,Hennessy_2023-CASHF-001071,20230825,22,pyrologix,7,38-21,2023,0.0,0.0034187519922852516,0,drone,1,9.489961992702219e-05,2545,0.0046500813764240876,True
GaussianBudget75M_MaxCov,Henry_2023-CAKNF-007036,20230816,20,pyrologix,7,31-31,2023,0.0,0.006772079970687628,1,drone,1,9.489961992702219e-05,2990,0.0046500813764240876,True
GaussianBudget75M_MaxCov,Henshaw_2023-CACNF-000773,20230417,13,pyrologix,5,230-100,2023,0.0,0.0021261759102344513,0,drone,1,9.489961992702219e-05,1720,0.004555181756497065,True
GaussianBudget75M_MaxCov,Hickey_2023-CAKNF-008080,20230917,20,pyrologix,8,31-31,2023,0.0,0.002761228010058403,0,drone,1,9.489961992702219e-05,2855,0.0046500813764240876,True
GaussianBudget75M_MaxCov,Hidden_2023-CACNF-001596,20230704,14,pyrologix,8,244-98,2023,0.0,0.002598644932731986,0,drone,1,9.489961992702219e-05,2985,0.0046500813764240876,True
GaussianBudget75M_MaxCov,Highline_2023-CAANF-233907,20231128,23,pyrologix,4,195-71,2023,0.0,0.003953987034037709,0,drone,1,9.489961992702219e-05,1700,0.0046500813764240876,True
GaussianBudget75M_MaxCov,Highway_2023-CAANF-001901,20230702,0,pyrologix,1,201-76,2023,0.0,0.005217946949414909,1,drone,1,9.489961992702219e-05,920,0.004365382516643021,True
GaussianBudget75M_MaxCov,Highway_2023-CAPNF-006276,20231118,22,pyrologix,12,70-71,2023,0.0,0.020305278012529016,-1,undetected,1,9.489961992702219e-05,4305,0.004365382516643021,True
GaussianBudget75M_MaxCov,Highway_2023-CATNF-001295,20230816,19,pyrologix,5,86-53,2023,0.0,0.004100005025975406,0,drone,1,9.489961992702219e-05,2230,0.0046500813764240876,True
GaussianBudget75M_MaxCov,Hill_2023-CAMDF-000175,20230520,18,pyrologix,4,37-63,2023,0.0,0.0022300140699371696,0,drone,1,9.489961992702219e-05,1570,0.0046500813764240876,True
GaussianBudget75M_MaxCov,Hill_2023-CAMDF-000845,20230902,15,pyrologix,11,37-63,2023,0.0,0.0035113049671053886,0,drone,1,9.489961992702219e-05,4345,0.0046500813764240876,True
GaussianBudget75M_MaxCov,Hill_2023-CATNF-000463,20230520,14,pyrologix,3,86-67,2023,0.0,0.0028972149593755603,0,drone,1,9.489961992702219e-05,1215,0.004460282136570043,True
GaussianBudget75M_MaxCov,Hilt_2023-CAKNF-004484,20230608,16,pyrologix,1,none,2023,0.0,0.0018814789364114404,-1,undetected,1,9.489961992702219e-05,0,0.0,False
GaussianBudget75M_MaxCov,Hoags_2023-CAKNF-005424,20230703,0,pyrologix,12,17-34,2023,0.0,0.018767017987556756,-1,undetected,1,9.489961992702219e-05,4580,0.003985784036934932,True
GaussianBudget75M_MaxCov,Hobart_2023-CATNF-000772,20230623,23,pyrologix,6,86-67,2023,0.0,0.007210724987089634,0,drone,1,9.489961992702219e-05,2470,0.004460282136570043,True
GaussianBudget75M_MaxCov,Hobo_2023-CASQF-002441,20231127,1,pyrologix,4,177-79,2023,0.0,0.0024166839430108666,0,drone,1,9.489961992702219e-05,1440,0.0046500813764240876,True
GaussianBudget75M_MaxCov,Hog_2023-CAKNF-007217,20230822,22,pyrologix,6,31-24,2023,0.0,0.005435181083157659,1,drone,1,9.489961992702219e-05,2670,0.004555181756497065,True
GaussianBudget75M_MaxCov,Hole_2023-CAMNF-000845,20230815,2,pyrologix,4,59-19,2023,0.0,0.004909564042463899,1,drone,1,9.489961992702219e-05,1895,0.0046500813764240876,True
GaussianBudget75M_MaxCov,Holiday_2023-CALPF-001277,20230526,19,pyrologix,3,169-38,2023,0.0,0.002849026001058519,0,drone,1,9.489961992702219e-05,1310,0.0046500813764240876,True
GaussianBudget75M_MaxCov,Holiday_2023-CASHF-000145,20230210,20,pyrologix,9,44-41,2023,0.0,0.004904371919110417,0,drone,1,9.489961992702219e-05,3475,0.0046500813764240876,True
GaussianBudget75M_MaxCov,Holiday_2023-CASRF-000952,20230815,13,pyrologix,12,15-20,2023,0.0,0.0036455050576478243,0,drone,1,9.489961992702219e-05,4440,0.0046500813764240876,True
GaussianBudget75M_MaxCov,Hollow_2023-CASTF-001956,20230910,16,pyrologix,12,107-61,2023,0.0,0.020546343992464244,-1,undetected,1,9.489961992702219e-05,4490,0.0046500813764240876,True
GaussianBudget75M_MaxCov,Hollow_2023-CATCU-013868,20231019,11,pyrologix,4,121-61,2023,0.0,0.00746065704151988,1,drone,1,9.489961992702219e-05,2165,0.0046500813764240876,True
GaussianBudget75M_MaxCov,Honey_2023-CAPNF-000663,20230705,20,pyrologix,12,65-64,2023,0.0,0.019750235020183027,-1,undetected,1,9.489961992702219e-05,4130,0.0046500813764240876,True
GaussianBudget75M_MaxCov,Hopkins_2023-CAPNF-001008,20230817,19,pyrologix,12,72-59,2023,0.0,0.0040240579983219504,0,drone,1,9.489961992702219e-05,4395,0.0046500813764240876,True
GaussianBudget75M_MaxCov,Horse_2023-CAKNF-008106,20230917,14,pyrologix,12,17-34,2023,0.0,0.007285119965672493,0,drone,1,9.489961992702219e-05,4420,0.003985784036934932,True
GaussianBudget75M_MaxCov,Horse_2023-CAMNF-000385,20230530,15,pyrologix,12,59-19,2023,0.0,0.004107885994017124,0,drone,1,9.489961992702219e-05,4615,0.0046500813764240876,True
GaussianBudget75M_MaxCov,Horse_2023-CAPNF-001410,20230925,22,pyrologix,1,72-59,2023,0.0,0.00762554001994431,2,drone,1,9.489961992702219e-05,1195,0.0046500813764240876,True
GaussianBudget75M_MaxCov,Hot_2023-CAINF-001668,20230910,17,pyrologix,2,none,2023,0.0,0.0018922509625554085,-1,undetected,1,9.489961992702219e-05,0,0.0,False
GaussianBudget75M_MaxCov,Huckle_2023-CAKNF-008130,20230918,1,pyrologix,4,24-32,2023,0.0,0.0067567439982667565,1,drone,1,9.489961992702219e-05,2280,0.0046500813764240876,True
GaussianBudget75M_MaxCov,Huckleberry_2023-CAENF-022291,20230814,20,pyrologix,6,100-68,2023,0.0,0.005153962993063033,1,drone,1,9.489961992702219e-05,2570,0.004555181756497065,True
GaussianBudget75M_MaxCov,Hughes_2023-CALAC-208600,20230624,5,pyrologix,8,195-71,2023,0.0,0.008505137986503541,2,drone,1,9.489961992702219e-05,3520,0.0046500813764240876,True
GaussianBudget75M_MaxCov,Hull_2023-CASTF-001546,20230814,22,pyrologix,8,114-64,2023,0.0,0.0026387160178273916,0,charging station,1,9.489961992702219e-05,2765,0.0046500813764240876,True
GaussianBudget75M_MaxCov,Humphrey_2023-CAPNF-000982,20230816,21,pyrologix,7,65-57,2023,0.0,0.0036552849924191833,0,drone,1,9.489961992702219e-05,2675,0.0046500813764240876,True
GaussianBudget75M_MaxCov,Hurdy_Gurdy_2023-CASRF-000998,20230818,12,pyrologix,12,15-20,2023,0.0,0.035257830983027816,-1,undetected,1,9.489961992702219e-05,4760,0.0046500813764240876,True
GaussianBudget75M_MaxCov,Hwy_166____Bull_Canyon_Rd_2023-CASLU-011614,20230728,8,pyrologix,1,none,2023,0.0,0.001853547990322113,-1,undetected,1,9.489961992702219e-05,0,0.0,False
GaussianBudget75M_MaxCov,Hy_243____Diamond_Zen_Rd_2023-CARRU-164439,20231106,0,pyrologix,4,none,2023,0.0,0.0018511490197852254,-1,undetected,1,9.489961992702219e-05,0,0.0,False
GaussianBudget75M_MaxCov,Hy_74__E__Scenic_Dr_2023-CARRU-004047,20230109,0,pyrologix,2,none,2023,0.0,0.0027253659209236503,-1,undetected,1,9.489961992702219e-05,0,0.0,False
GaussianBudget75M_MaxCov,Hyampom_2023-CASHF-000285,20230412,18,pyrologix,11,45-20,2023,0.0,0.0046341740526258945,0,drone,1,9.489961992702219e-05,4135,0.0046500813764240876,True
GaussianBudget75M_MaxCov,I_15__N__Hwy_138_2023-CABDU-009650,20230715,18,pyrologix,7,206-88,2023,0.0,0.005714382044970989,1,drone,1,9.489961992702219e-05,3155,0.004460282136570043,True
GaussianBudget75M_MaxCov,I_15__N__Hwy_138_2023-CABDU-012586,20230907,6,pyrologix,7,206-88,2023,0.0,0.005718948086723685,1,drone,1,9.489961992702219e-05,3155,0.004460282136570043,True
GaussianBudget75M_MaxCov,I_15__S__Hwy_138_2023-CABDU-006311,20230513,21,pyrologix,11,206-88,2023,0.0,0.0032083599362522364,0,drone,1,9.489961992702219e-05,4115,0.004460282136570043,True
GaussianBudget75M_MaxCov,Ice_2023-CAENF-018816,20230711,15,pyrologix,9,93-62,2023,0.0,0.0028619569493457675,0,drone,1,9.489961992702219e-05,3110,0.0046500813764240876,True
GaussianBudget75M_MaxCov,Ice_House_2023-CAENF-011783,20230502,16,pyrologix,2,100-61,2023,0.0,0.0026843949453905225,0,drone,1,9.489961992702219e-05,1030,0.004365382516643021,True
GaussianBudget75M_MaxCov,Icehouse_2023-CAANF-002235,20230717,11,pyrologix,11,206-88,2023,0.0,0.0036309839924797416,0,drone,1,9.489961992702219e-05,4175,0.004460282136570043,True
GaussianBudget75M_MaxCov,Indian_2023-CACNF-000210,20230204,12,pyrologix,12,230-100,2023,0.0,0.004512729006819427,0,drone,1,9.489961992702219e-05,4110,0.0046500813764240876,True
GaussianBudget75M_MaxCov,Indian_Springs_2023-CATNF-001752,20231028,20,pyrologix,5,86-60,2023,0.0,0.002300234977155924,0,drone,1,9.489961992702219e-05,1940,0.0046500813764240876,True
GaussianBudget75M_MaxCov,Interface_2023-CATCU-006361,20230518,1,pyrologix,8,107-61,2023,0.0,0.0033244150690734386,0,drone,1,9.489961992702219e-05,2960,0.0046500813764240876,True
GaussianBudget75M_MaxCov,Intersection_2023-CAKNF-007000,20230816,0,pyrologix,6,24-25,2023,0.0,0.0037615629844367504,0,drone,1,9.489961992702219e-05,2215,0.0046500813764240876,True
GaussianBudget75M_MaxCov,Iron_2023-CASRF-001003,20230819,13,pyrologix,11,24-25,2023,0.0,0.005300982971675694,0,drone,1,9.489961992702219e-05,3930,0.0046500813764240876,True
GaussianBudget75M_MaxCov,Ishi_2023-CALNF-006312,20231119,13,pyrologix,7,58-40,2023,2262.88758162898,0.010174794006161392,1,drone,1,9.489961992702219e-05,2830,0.004365382516643021,True
GaussianBudget75M_MaxCov,Ishi_2023-CATGU-013430,20231119,13,pyrologix,7,58-40,2023,0.0,0.0067754489136859775,1,drone,1,9.489961992702219e-05,2830,0.004365382516643021,True
GaussianBudget75M_MaxCov,Island_2023-CASRF-000991,20230817,19,pyrologix,9,15-20,2023,0.0,0.008101611048914492,2,drone,1,9.489961992702219e-05,3995,0.0046500813764240876,True
GaussianBudget75M_MaxCov,Jackson_2023-CAKNF-008621,20231003,18,pyrologix,10,31-31,2023,0.0,0.0030678960029035807,0,drone,1,9.489961992702219e-05,3605,0.0046500813764240876,True
GaussianBudget75M_MaxCov,Jackson_2023-CAPNF-000523,20230617,2,pyrologix,1,72-59,2023,0.0,0.005701533984392881,1,drone,1,9.489961992702219e-05,950,0.0046500813764240876,True
GaussianBudget75M_MaxCov,Jade_2023-CABDF-009601,20230705,3,pyrologix,3,209-96,2023,0.0,0.003582732053473592,0,drone,1,9.489961992702219e-05,1385,0.004460282136570043,True
GaussianBudget75M_MaxCov,Janes_2023-CAMDF-000177,20230522,18,pyrologix,4,none,2023,0.0,0.002013141056522727,-1,undetected,1,9.489961992702219e-05,0,0.0,False
GaussianBudget75M_MaxCov,Japatul_2023-CACNF-000744,20230415,15,pyrologix,11,244-98,2023,0.0,0.0039368149591609836,0,drone,1,9.489961992702219e-05,4265,0.0046500813764240876,True
GaussianBudget75M_MaxCov,Japatul_2_2023-CACNF-000745,20230415,17,pyrologix,8,244-98,2023,0.0,0.0039248449029400945,0,drone,1,9.489961992702219e-05,3120,0.0046500813764240876,True
GaussianBudget75M_MaxCov,Jaw_2023-CASTF-000895,20230616,22,pyrologix,5,114-64,2023,0.0,0.007299943012185395,1,drone,1,9.489961992702219e-05,2395,0.0046500813764240876,True
GaussianBudget75M_MaxCov,Jedediah_2023-CASRF-001058,20230825,18,pyrologix,2,none,2023,0.0,0.0018676089821383357,-1,undetected,1,9.489961992702219e-05,0,0.0,False
GaussianBudget75M_MaxCov,Jess_2023-CAMDF-000181,20230524,20,pyrologix,3,42-76,2023,0.0,0.009200280997902155,2,drone,1,9.489961992702219e-05,2080,0.0046500813764240876,True
GaussianBudget75M_MaxCov,Juergens_2023-CACNF-002409,20230831,17,pyrologix,1,244-98,2023,0.0,0.00444228807464242,1,drone,1,9.489961992702219e-05,745,0.004175583276788976,True
GaussianBudget75M_MaxCov,Juniper_2023-CASTF-001948,20230910,15,pyrologix,6,107-68,2023,0.0,0.007686680997721851,0,drone,1,9.489961992702219e-05,2565,0.0046500813764240876,True
GaussianBudget75M_MaxCov,Jupiter_2023-CASTF-000394,20230414,16,pyrologix,10,114-57,2023,0.0,0.00413514394313097,0,drone,1,9.489961992702219e-05,4075,0.0046500813764240876,True
GaussianBudget75M_MaxCov,Jupiters_2023-CASTF-001133,20230706,9,pyrologix,8,114-57,2023,0.0,0.003405509050935507,0,drone,1,9.489961992702219e-05,3355,0.0046500813764240876,True
GaussianBudget75M_MaxCov,Kaiser_2023-CASNF-001715,20231203,22,pyrologix,2,134-74,2023,0.0,0.0026015019975602627,0,drone,1,9.489961992702219e-05,850,0.004555181756497065,True
GaussianBudget75M_MaxCov,Kane_2023-CAMMU-020138,20230909,13,pyrologix,4,128-69,2023,0.0,0.0033633409766480327,0,drone,1,9.489961992702219e-05,1595,0.004555181756497065,True
GaussianBudget75M_MaxCov,Keddie_2023-CAPNF-000274,20230519,23,pyrologix,8,65-57,2023,0.0,0.0060276309959590435,1,drone,1,9.489961992702219e-05,3440,0.0046500813764240876,True
GaussianBudget75M_MaxCov,Kelly_2023-CASHF-001205,20230919,1,pyrologix,5,45-27,2023,0.0,0.002630708971992135,0,drone,1,9.489961992702219e-05,1785,0.004555181756497065,True
GaussianBudget75M_MaxCov,Kelly_2023-CASRF-000939,20230815,10,pyrologix,8,15-20,2023,0.0,0.004695541923865676,0,drone,1,9.489961992702219e-05,3300,0.0046500813764240876,True
GaussianBudget75M_MaxCov,Keltz_2023-CASTF-001915,20230909,20,pyrologix,5,114-57,2023,0.0,0.00636890297755599,1,drone,1,9.489961992702219e-05,2575,0.0046500813764240876,True
GaussianBudget75M_MaxCov,Kennedy_2023-CASQF-002149,20231001,12,pyrologix,10,162-85,2023,0.0,0.004192564054392278,0,drone,1,9.489961992702219e-05,3665,0.0046500813764240876,True
GaussianBudget75M_MaxCov,Kennedy_2023-CASTF-001780,20230830,13,pyrologix,7,107-68,2023,0.0,0.006166720995679498,1,drone,1,9.489961992702219e-05,3140,0.0046500813764240876,True
GaussianBudget75M_MaxCov,Kennedys_2023-CASTF-001947,20230910,18,pyrologix,1,107-68,2023,0.0,0.0022611910244449973,0,drone,1,9.489961992702219e-05,530,0.003795984797080888,True
GaussianBudget75M_MaxCov,Kentucky_2023-CAENF-014019,20230526,19,pyrologix,4,93-56,2023,0.0,0.004091997048817575,0,drone,1,9.489961992702219e-05,1965,0.0046500813764240876,True
GaussianBudget75M_MaxCov,Kerns_2023-CASTF-001934,20230910,12,pyrologix,6,114-64,2023,0.0,0.006249848986044526,1,drone,1,9.489961992702219e-05,2635,0.0046500813764240876,True
GaussianBudget75M_MaxCov,Kilgore_2023-CAMNF-001227,20230918,15,pyrologix,7,66-26,2023,0.0,0.002564492984674871,0,drone,1,9.489961992702219e-05,2940,0.0046500813764240876,True
GaussianBudget75M_MaxCov,King_2023-CASNF-001561,20231014,18,pyrologix,4,135-67,2023,0.0,0.006020436994731426,1,drone,1,9.489961992702219e-05,2085,0.0046500813764240876,True
GaussianBudget75M_MaxCov,Kings_2023-CAKNF-007503,20230830,12,pyrologix,11,24-32,2023,0.0,0.004378882935270667,0,drone,1,9.489961992702219e-05,4345,0.0046500813764240876,True
GaussianBudget75M_MaxCov,Kitchen_2023-CASTF-001594,20230816,16,pyrologix,6,107-61,2023,0.0,0.007527997950091958,0,drone,1,9.489961992702219e-05,2470,0.0046500813764240876,True
GaussianBudget75M_MaxCov,Knight_2023-CASTF-001330,20230729,7,pyrologix,5,114-57,2023,0.0,0.008361781015992165,0,drone,1,9.489961992702219e-05,2410,0.0046500813764240876,True
GaussianBudget75M_MaxCov,Knoll_2023-CAINF-001125,20230725,0,pyrologix,1,127-76,2023,0.0,0.012430913047865033,1,drone,1,9.489961992702219e-05,1000,0.0040806836568619545,True
GaussianBudget75M_MaxCov,Knownothing_2023-CAKNF-008148,20230918,15,pyrologix,10,31-24,2023,0.0,0.006837742985226214,0,drone,1,9.489961992702219e-05,3950,0.0046500813764240876,True
GaussianBudget75M_MaxCov,Kuntz_2023-CAKNF-005080,20230625,4,pyrologix,2,17-34,2023,0.0,0.0028623640537261963,0,drone,1,9.489961992702219e-05,925,0.003985784036934932,True
GaussianBudget75M_MaxCov,Kyburz_2023-CAAEU-025635,20230917,22,pyrologix,11,100-61,2023,0.0,0.005830024951137602,0,drone,1,9.489961992702219e-05,4500,0.0046500813764240876,True
GaussianBudget75M_MaxCov,L-1_Branch_Fish_2023-CALNF-004323,20230815,19,pyrologix,8,65-50,2023,0.0,0.0030598840676248074,0,drone,1,9.489961992702219e-05,3020,0.0046500813764240876,True
GaussianBudget75M_MaxCov,L-1_Pear_2023-CALNF-002954,20230613,18,pyrologix,3,58-47,2023,0.0,0.003910813946276903,0,drone,1,9.489961992702219e-05,1400,0.0046500813764240876,True
GaussianBudget75M_MaxCov,L-2_2023-CALNF-004359,20230817,16,pyrologix,2,58-47,2023,0.0,0.0029455689946189523,0,drone,1,9.489961992702219e-05,975,0.004555181756497065,True
GaussianBudget75M_MaxCov,L-_3_2023-CALNF-004362,20230817,17,pyrologix,2,58-47,2023,0.0,0.002154013025574386,0,drone,1,9.489961992702219e-05,865,0.004460282136570043,True
GaussianBudget75M_MaxCov,Lac-184211_2023-CALAC-184211,20230603,18,pyrologix,10,206-88,2023,0.0,0.0068949079141020775,1,drone,1,9.489961992702219e-05,4275,0.004460282136570043,True
GaussianBudget75M_MaxCov,Lac-248756_2023-CALAC-248756,20230725,17,pyrologix,10,206-88,2023,0.0,0.004211480030789971,0,drone,1,9.489961992702219e-05,3940,0.004460282136570043,True
GaussianBudget75M_MaxCov,Lac-265965_2023-CALAC-265965,20230807,17,pyrologix,8,195-71,2023,0.0,0.008969607995823026,2,drone,1,9.489961992702219e-05,3520,0.0046500813764240876,True
GaussianBudget75M_MaxCov,Lac-270836_2023-CALAC-270836,20230811,15,pyrologix,9,195-71,2023,0.0,0.0035712349927052855,0,drone,1,9.489961992702219e-05,3220,0.0046500813764240876,True
GaussianBudget75M_MaxCov,Lac-281560_2023-CALAC-281560,20230819,18,pyrologix,8,none,2023,0.0,0.0018829450709745288,-1,undetected,1,9.489961992702219e-05,0,0.0,False
GaussianBudget75M_MaxCov,Lac-291928_2023-CALAC-291928,20230827,11,pyrologix,10,195-71,2023,0.0,0.005600180011242628,0,drone,1,9.489961992702219e-05,3705,0.0046500813764240876,True
GaussianBudget75M_MaxCov,Lac-308780_2023-CALAC-308780,20230909,12,pyrologix,8,206-81,2023,0.0,0.005028387065976858,0,drone,1,9.489961992702219e-05,3625,0.0040806836568619545,True
GaussianBudget75M_MaxCov,Lac-311937_2023-CALAC-311937,20230911,21,pyrologix,2,195-71,2023,0.0,0.002070039976388216,0,drone,1,9.489961992702219e-05,830,0.004175583276788976,True
GaussianBudget75M_MaxCov,Lac-358687_2023-CALAC-358687,20231019,13,pyrologix,11,195-71,2023,0.0,0.007328324019908905,1,drone,1,9.489961992702219e-05,4340,0.0046500813764240876,True
GaussianBudget75M_MaxCov,Laco-_Fred_2023-CAANF-002523,20230802,16,pyrologix,9,195-71,2023,0.0,0.00986846990417689,2,drone,1,9.489961992702219e-05,4025,0.0046500813764240876,True
GaussianBudget75M_MaxCov,Lago_2023-CAANF-002338,20230723,6,pyrologix,2,195-71,2023,0.0,0.004260340007022023,0,drone,1,9.489961992702219e-05,1030,0.004270482896715999,True
GaussianBudget75M_MaxCov,Lago_2023-CALAC-198338,20230615,18,pyrologix,8,195-71,2023,0.0,0.003858351963572204,0,drone,1,9.489961992702219e-05,2975,0.0046500813764240876,True
GaussianBudget75M_MaxCov,Lago_2023-CALAC-245622,20230723,2,pyrologix,11,195-71,2023,0.0,0.00747793004848063,1,drone,1,9.489961992702219e-05,4340,0.0046500813764240876,True
GaussianBudget75M_MaxCov,Lago_Ic_2023-CALAC-197807,20230615,11,pyrologix,2,195-71,2023,0.0,0.004491955973207951,0,drone,1,9.489961992702219e-05,1030,0.004270482896715999,True
GaussianBudget75M_MaxCov,Lake_2023-CAANF-234133,20231222,14,pyrologix,6,206-81,2023,0.0,0.0040438559371978045,0,drone,1,9.489961992702219e-05,2740,0.0040806836568619545,True
GaussianBudget75M_MaxCov,Lake_2023-CAKNF-006975,20230815,18,pyrologix,4,24-32,2023,0.0,0.001988706993870437,0,drone,1,9.489961992702219e-05,1610,0.0046500813764240876,True
GaussianBudget75M_MaxCov,Lake_2023-CALPF-003332,20231204,11,pyrologix,1,189-64,2023,0.0,0.006315283011645079,1,drone,1,9.489961992702219e-05,950,0.004460282136570043,True
GaussianBudget75M_MaxCov,Lake_2023-CAMDF-000899,20230912,18,pyrologix,2,37-63,2023,0.0,0.002551086014136672,0,drone,1,9.489961992702219e-05,895,0.004270482896715999,True
GaussianBudget75M_MaxCov,Lake_2023-CASHF-000616,20230618,1,pyrologix,10,44-41,2023,0.0,0.003684593946672976,0,drone,1,9.489961992702219e-05,3820,0.0046500813764240876,True
GaussianBudget75M_MaxCov,Lake_2023-CASTF-001343,20230730,15,pyrologix,12,114-64,2023,0.0,0.003373389015905559,0,drone,1,9.489961992702219e-05,4295,0.0046500813764240876,True
GaussianBudget75M_MaxCov,Lamoine_2023-CASHF-000563,20230609,23,pyrologix,10,44-41,2023,0.0,0.00308263604529202,0,drone,1,9.489961992702219e-05,3750,0.0046500813764240876,True
GaussianBudget75M_MaxCov,Landing_2023-CACNF-003033,20231111,12,pyrologix,11,237-97,2023,0.0,0.004368708003312349,0,drone,1,9.489961992702219e-05,4645,0.0046500813764240876,True
GaussianBudget75M_MaxCov,Lane_2023-CASQF-001107,20230704,23,pyrologix,10,177-72,2023,0.0,0.00435168098192662,0,drone,1,9.489961992702219e-05,3620,0.0046500813764240876,True
GaussianBudget75M_MaxCov,Larch_2023-CALNF-002947,20230613,15,pyrologix,4,51-54,2023,0.0,0.004712015041150153,0,drone,1,9.489961992702219e-05,1805,0.004555181756497065,True
GaussianBudget75M_MaxCov,Lassen_2023-CAMDF-000291,20230627,13,pyrologix,12,none,2023,0.0,0.0019053149735555053,-1,undetected,1,9.489961992702219e-05,0,0.0,False
GaussianBudget75M_MaxCov,Lawson_2023-CACNF-003252,20231217,22,pyrologix,4,244-98,2023,0.0,0.001962037989869714,0,drone,1,9.489961992702219e-05,1520,0.004555181756497065,True
GaussianBudget75M_MaxCov,Leaf_2023-CATMU-014379,20230530,15,pyrologix,7,none,2023,0.0,0.00193469796795398,-1,undetected,1,9.489961992702219e-05,0,0.0,False
GaussianBudget75M_MaxCov,Leary_2023-CASRF-000487,20230606,11,pyrologix,10,31-24,2023,0.0,0.005805647000670433,1,drone,1,9.489961992702219e-05,4150,0.0046500813764240876,True
GaussianBudget75M_MaxCov,Let_Er-Buck_2023-CASRF-000984,20230817,21,pyrologix,8,24-25,2023,0.0,0.002747227903455496,0,drone,1,9.489961992702219e-05,2740,0.0046500813764240876,True
GaussianBudget75M_MaxCov,Lewis_2023-CASTF-001937,20230910,11,pyrologix,11,114-64,2023,0.0,0.005344043020159006,0,drone,1,9.489961992702219e-05,4225,0.0046500813764240876,True
GaussianBudget75M_MaxCov,Light_2023-CAAEU-011735,20230501,18,pyrologix,5,93-56,2023,0.0,0.0060068280436098576,1,drone,1,9.489961992702219e-05,2600,0.0046500813764240876,True
GaussianBudget75M_MaxCov,Light_2023-CATCU-007305,20230606,20,pyrologix,4,107-61,2023,0.0,0.0028301880229264498,0,drone,1,9.489961992702219e-05,1595,0.0046500813764240876,True
GaussianBudget75M_MaxCov,Lily_2023-CASTF-001559,20230814,17,pyrologix,2,114-64,2023,0.0,0.008087323047220707,1,drone,1,9.489961992702219e-05,1350,0.004555181756497065,True
GaussianBudget75M_MaxCov,Lime_2023-CAKNF-005141,20230626,13,pyrologix,12,17-27,2023,0.0,0.01916013692971319,-1,undetected,1,9.489961992702219e-05,4910,0.0046500813764240876,True
GaussianBudget75M_MaxCov,Lime_2023-CASHF-000503,20230529,17,pyrologix,3,45-27,2023,0.0,0.002595060970634222,0,drone,1,9.489961992702219e-05,1100,0.004270482896715999,True
GaussianBudget75M_MaxCov,Line_2023-CASNF-001097,20230816,20,pyrologix,11,134-74,2023,0.0,0.007368996040895581,1,drone,1,9.489961992702219e-05,4190,0.0046500813764240876,True
GaussianBudget75M_MaxCov,Little_2023-CAKNF-005465,20230704,20,pyrologix,9,17-27,2023,0.0,0.006262740003876388,1,drone,1,9.489961992702219e-05,3895,0.0046500813764240876,True
GaussianBudget75M_MaxCov,Little_2023-CASQF-001707,20230817,15,pyrologix,5,162-85,2023,0.0,0.010669087991118431,3,drone,1,9.489961992702219e-05,2770,0.0046500813764240876,True
GaussianBudget75M_MaxCov,Little_2023-CATNF-000567,20230602,15,pyrologix,5,86-60,2023,0.0,0.02699382696300745,4,drone,1,9.489961992702219e-05,3580,0.0046500813764240876,True
GaussianBudget75M_MaxCov,Lloyd_2023-CASQF-002068,20230921,17,pyrologix,8,163-78,2023,0.0,0.004024108056910336,0,drone,1,9.489961992702219e-05,3195,0.0046500813764240876,True
GaussianBudget75M_MaxCov,Log_Springs_2023-CAMNF-000705,20230731,14,pyrologix,9,66-26,2023,0.0,0.006863355985842645,1,drone,1,9.489961992702219e-05,4330,0.0046500813764240876,True
GaussianBudget75M_MaxCov,Logan_2023-CAMDF-000568,20230818,22,pyrologix,10,36-70,2023,0.0,0.0034072899725288153,0,drone,1,9.489961992702219e-05,3545,0.0046500813764240876,True
GaussianBudget75M_MaxCov,Logger_2023-CATNF-000608,20230605,22,pyrologix,6,86-67,2023,0.0,0.005235429969616234,1,drone,1,9.489961992702219e-05,2615,0.004460282136570043,True
GaussianBudget75M_MaxCov,Lone_2023-CABDF-009173,20230627,17,pyrologix,12,206-88,2023,0.0,0.0034798039123415947,0,drone,1,9.489961992702219e-05,4520,0.004460282136570043,True
GaussianBudget75M_MaxCov,Lone_Pine_2023-CASRF-000931,20230815,3,pyrologix,8,31-17,2023,0.0,0.0038828119868412614,0,drone,1,9.489961992702219e-05,2965,0.0046500813764240876,True
GaussianBudget75M_MaxCov,Long_2023-CAENF-025043,20230910,22,pyrologix,2,93-56,2023,0.0,0.002891326090320945,0,drone,1,9.489961992702219e-05,1010,0.004175583276788976,True
GaussianBudget75M_MaxCov,Long_2023-CASKU-006965,20230815,17,pyrologix,3,37-56,2023,0.0,0.006315171951428056,1,drone,1,9.489961992702219e-05,1725,0.0046500813764240876,True
GaussianBudget75M_MaxCov,Loon_2023-CAENF-024211,20230902,10,pyrologix,8,93-62,2023,0.0,0.002468869904987514,0,charging station,1,9.489961992702219e-05,2755,0.0046500813764240876,True
GaussianBudget75M_MaxCov,Loop_2023-CAPNF-001011,20230817,22,pyrologix,7,72-59,2023,0.0,0.0068856049329042435,1,drone,1,9.489961992702219e-05,3060,0.0046500813764240876,True
GaussianBudget75M_MaxCov,Loop_2023-CASRF-000442,20230528,19,pyrologix,9,38-21,2023,0.0,0.00830868596676737,1,drone,1,9.489961992702219e-05,3815,0.0046500813764240876,True
GaussianBudget75M_MaxCov,Lopez_2023-CAANF-002663,20230811,20,pyrologix,9,201-76,2023,0.0,0.004334105993621051,0,drone,1,9.489961992702219e-05,3350,0.004555181756497065,True
GaussianBudget75M_MaxCov,Lost_2023-CAKNF-006299,20230727,21,pyrologix,12,31-31,2023,0.0,0.004826199030503631,0,drone,1,9.489961992702219e-05,4510,0.0046500813764240876,True
GaussianBudget75M_MaxCov,Lost_2023-CALNF-002718,20230602,2,pyrologix,10,51-54,2023,0.0,0.00968921696767211,2,drone,1,9.489961992702219e-05,4425,0.0046500813764240876,True
GaussianBudget75M_MaxCov,Lower_2023-CASHF-000434,20230515,19,pyrologix,8,45-20,2023,0.0,0.0055370209738612175,1,drone,1,9.489961992702219e-05,3215,0.0046500813764240876,True
GaussianBudget75M_MaxCov,Lower_2023-CASRF-000951,20230815,15,pyrologix,6,15-20,2023,0.0,0.003472039010375738,0,drone,1,9.489961992702219e-05,2455,0.0046500813764240876,True
GaussianBudget75M_MaxCov,Lucky_2023-CASQF-001260,20230716,21,pyrologix,1,170-77,2023,0.0,0.002424841048195958,0,drone,1,9.489961992702219e-05,505,0.0040806836568619545,True
GaussianBudget75M_MaxCov,Lundy_2023-CAINF-001327,20230813,19,pyrologix,4,115-77,2023,0.0,0.00615990103688091,1,drone,1,9.489961992702219e-05,1940,0.004555181756497065,True
GaussianBudget75M_MaxCov,Lupine_2023-CAANF-233080,20230908,19,pyrologix,6,206-88,2023,0.0,0.0022863299818709493,0,drone,1,9.489961992702219e-05,2390,0.004460282136570043,True
GaussianBudget75M_MaxCov,Luther_2023-CATMU-018015,20230704,13,pyrologix,11,100-68,2023,0.0,0.005950939026661217,1,drone,1,9.489961992702219e-05,4220,0.004555181756497065,True
GaussianBudget75M_MaxCov,Lyon_2023-CASTF-001968,20230911,12,pyrologix,8,114-64,2023,0.0,0.0024975260021165013,0,drone,1,9.489961992702219e-05,2805,0.0046500813764240876,True
GaussianBudget75M_MaxCov,Lytle_2023-CABDF-007484,20230521,15,pyrologix,4,206-88,2023,0.0,0.004251656006090343,0,drone,1,9.489961992702219e-05,1960,0.004460282136570043,True
GaussianBudget75M_MaxCov,Mabie_2023-CAPNF-000641,20230702,19,pyrologix,10,72-66,2023,0.0,0.003927438985556364,0,drone,1,9.489961992702219e-05,3565,0.0046500813764240876,True
GaussianBudget75M_MaxCov,Maggie_2023-CASQF-001689,20230816,11,pyrologix,8,163-78,2023,0.0,0.00899541995022446,2,drone,1,9.489961992702219e-05,3770,0.0046500813764240876,True
GaussianBudget75M_MaxCov,Maidens_2023-CAENF-018974,20230712,15,pyrologix,12,100-61,2023,0.0,0.005466283997520804,0,drone,1,9.489961992702219e-05,4875,0.0046500813764240876,True
GaussianBudget75M_MaxCov,Malone_2023-CAKNF-006982,20230815,19,pyrologix,5,24-25,2023,0.0,0.0038048820570111275,0,drone,1,9.489961992702219e-05,1915,0.0046500813764240876,True
GaussianBudget75M_MaxCov,Mammoth_2023-CAINF-000699,20230611,21,pyrologix,2,127-76,2023,0.0,0.002352045034058392,0,drone,1,9.489961992702219e-05,710,0.0037010851771538656,True
GaussianBudget75M_MaxCov,Mapes_2023-CAPNF-001376,20230919,20,pyrologix,10,72-66,2023,0.0,0.009696464985609055,2,drone,1,9.489961992702219e-05,4190,0.0046500813764240876,True
GaussianBudget75M_MaxCov,Maple_2023-CAKNF-007045,20230817,22,pyrologix,11,17-34,2023,0.0,0.005068363971076906,0,drone,1,9.489961992702219e-05,4210,0.003985784036934932,True
GaussianBudget75M_MaxCov,Maple_2023-CAORC-051391,20230416,11,pyrologix,4,220-87,2023,0.0,0.0025401778984814882,0,drone,1,9.489961992702219e-05,1600,0.004555181756497065,True
GaussianBudget75M_MaxCov,Marble_2023-CAKNF-005350,20230701,12,pyrologix,12,24-32,2023,0.0,0.020057111978530884,-1,undetected,1,9.489961992702219e-05,5285,0.0046500813764240876,True
GaussianBudget75M_MaxCov,Marigold_2023-CASRF-000448,20230529,20,pyrologix,5,38-21,2023,0.0,0.002945378073491156,0,drone,1,9.489961992702219e-05,1950,0.0046500813764240876,True
GaussianBudget75M_MaxCov,Mariposa_2023-CABDF-009985,20230712,16,pyrologix,7,206-88,2023,0.0,0.002767550991848111,0,drone,1,9.489961992702219e-05,2805,0.004460282136570043,True
GaussianBudget75M_MaxCov,Marlow_2023-CASRF-000962,20230815,20,pyrologix,3,24-18,2023,0.0,0.0056203550193458796,1,drone,1,9.489961992702219e-05,1735,0.004555181756497065,True
GaussianBudget75M_MaxCov,Mather_2023-CASTF-001309,20230726,15,pyrologix,7,121-68,2023,2243.6090403650887,0.0071987060364335775,0,drone,1,9.489961992702219e-05,2795,0.0046500813764240876,True
GaussianBudget75M_MaxCov,May_Valley_Truck_Trl___Saunders_Meadow_Rd_2023-CARRU-109884,20230727,20,pyrologix,6,223-101,2023,0.0,0.007376641966402531,1,drone,1,9.489961992702219e-05,2795,0.0046500813764240876,True
GaussianBudget75M_MaxCov,Mcadams_2023-CASKU-005077,20230625,1,pyrologix,7,23-39,2023,0.0,0.004441614029929042,0,drone,1,9.489961992702219e-05,2855,0.0046500813764240876,True
GaussianBudget75M_MaxCov,Mccardle_2023-CASHF-001286,20231019,15,pyrologix,5,44-41,2023,0.0,0.00337062100879848,0,drone,1,9.489961992702219e-05,2100,0.0046500813764240876,True
GaussianBudget75M_MaxCov,Mccarthy_2023-CAKNF-007323,20230825,3,pyrologix,8,24-32,2023,0.0,0.006790547049604356,1,drone,1,9.489961992702219e-05,3625,0.0046500813764240876,True
GaussianBudget75M_MaxCov,Meadow_2023-CAKNF-008108,20230917,14,pyrologix,12,24-32,2023,0.0,0.004106123931705952,0,drone,1,9.489961992702219e-05,4630,0.0046500813764240876,True
GaussianBudget75M_MaxCov,Meadow_2023-CASQF-000722,20230530,20,pyrologix,9,169-84,2023,0.0,0.007306779967620969,1,drone,1,9.489961992702219e-05,3550,0.0046500813764240876,True
GaussianBudget75M_MaxCov,Meadow_2023-CASTF-001992,20230913,19,pyrologix,1,none,2023,0.0,0.002019281033426523,-1,undetected,1,9.489961992702219e-05,0,0.0,False
GaussianBudget75M_MaxCov,Meadow_2023-CATNF-001277,20230815,22,pyrologix,8,86-60,2023,0.0,0.005250296089798212,1,drone,1,9.489961992702219e-05,3385,0.0046500813764240876,True
GaussianBudget75M_MaxCov,Medicine_2023-CASHF-000507,20230530,12,pyrologix,12,37-56,2023,0.0,0.019228462013415992,-1,undetected,1,9.489961992702219e-05,4910,0.0046500813764240876,True
GaussianBudget75M_MaxCov,Merrill_2023-CASRF-001060,20230825,16,pyrologix,6,24-25,2023,0.0,0.0074592099990695715,1,drone,1,9.489961992702219e-05,2630,0.0046500813764240876,True
GaussianBudget75M_MaxCov,Mesa_2023-CAANF-002456,20230729,20,pyrologix,2,206-81,2023,0.0,0.0016012359410524368,0,drone,1,9.489961992702219e-05,900,0.00389088441700791,True
GaussianBudget75M_MaxCov,Mescal_2023-CAANF-000005,20230603,20,pyrologix,5,206-88,2023,0.0,0.004862032015807927,1,drone,1,9.489961992702219e-05,2390,0.004460282136570043,True
GaussianBudget75M_MaxCov,Miami_2023-CASNF-000751,20230708,18,pyrologix,8,128-69,2023,0.0,0.007683756062760949,1,drone,1,9.489961992702219e-05,3500,0.004555181756497065,True
GaussianBudget75M_MaxCov,Middle_2023-CAENF-022871,20230820,5,pyrologix,2,100-61,2023,0.0,0.003170682000927627,0,drone,1,9.489961992702219e-05,1075,0.004365382516643021,True
GaussianBudget75M_MaxCov,Middle_2023-CAKNF-003614,20230511,21,pyrologix,3,17-34,2023,0.0,0.008198971976526082,2,drone,1,9.489961992702219e-05,1790,0.003985784036934932,True
GaussianBudget75M_MaxCov,Middle_2023-CAKNF-005149,20230626,18,pyrologix,5,24-32,2023,0.0,0.0026729709934443235,0,drone,1,9.489961992702219e-05,2040,0.0046500813764240876,True
GaussianBudget75M_MaxCov,Mill_2023-CAMDF-000557,20230817,19,pyrologix,8,35-77,2023,0.0,0.0025258189998567104,0,drone,1,9.489961992702219e-05,2740,0.0046500813764240876,True
GaussianBudget75M_MaxCov,Mill_2023-CATNF-000346,20230428,23,pyrologix,5,79-54,2023,0.0,0.0032687619095668197,0,drone,1,9.489961992702219e-05,1935,0.0046500813764240876,True
GaussianBudget75M_MaxCov,Millard_2023-CAANF-002424,20230728,22,pyrologix,5,206-81,2023,0.0,0.0025684450520202518,0,drone,1,9.489961992702219e-05,2185,0.0040806836568619545,True
GaussianBudget75M_MaxCov,Minaret_2023-CAINF-001323,20230813,18,pyrologix,4,127-76,2023,0.0,0.0019761240109801292,0,drone,1,9.489961992702219e-05,1420,0.004555181756497065,True
GaussianBudget75M_MaxCov,Mine_2023-CASNF-001080,20230814,19,pyrologix,12,128-69,2023,0.0,0.004200864001177251,0,drone,1,9.489961992702219e-05,4335,0.004555181756497065,True
GaussianBudget75M_MaxCov,Miracle_2023-CASQF-002238,20231016,12,pyrologix,12,177-79,2023,0.0,0.0037670850288122892,0,drone,1,9.489961992702219e-05,4110,0.0046500813764240876,True
GaussianBudget75M_MaxCov,Mm_11_2023-CASRF-001112,20230905,13,pyrologix,9,15-20,2023,0.0,0.004111426998861134,0,drone,1,9.489961992702219e-05,3535,0.0046500813764240876,True
GaussianBudget75M_MaxCov,Modjeska_2023-CACNF-001650,20230708,5,pyrologix,3,220-87,2023,0.0,0.0026758359745144844,0,drone,1,9.489961992702219e-05,1185,0.004365382516643021,True
GaussianBudget75M_MaxCov,Mohawk_2023-CAPNF-001356,20230916,22,pyrologix,3,79-61,2023,0.0,0.003454755060374737,0,drone,1,9.489961992702219e-05,1325,0.004555181756497065,True
GaussianBudget75M_MaxCov,Money_2023-CATNF-000631,20230607,17,pyrologix,10,79-68,2023,0.0,0.01923244202043861,-1,undetected,1,9.489961992702219e-05,4875,0.0046500813764240876,True
GaussianBudget75M_MaxCov,Monte_2023-CASRF-000486,20230606,1,pyrologix,5,31-24,2023,0.0,0.003748588962480426,0,drone,1,9.489961992702219e-05,2085,0.004555181756497065,True
GaussianBudget75M_MaxCov,Monument_2023-CASRF-001061,20230825,16,pyrologix,7,24-25,2023,0.0,0.0022800149163231254,0,drone,1,9.489961992702219e-05,2390,0.0046500813764240876,True
GaussianBudget75M_MaxCov,Moon_2023-CABDF-013605,20231020,15,pyrologix,7,214-103,2023,0.0,0.006698261015117168,1,drone,1,9.489961992702219e-05,3220,0.004365382516643021,True
GaussianBudget75M_MaxCov,Moon_2023-CALPF-002846,20231008,22,pyrologix,6,none,2023,0.0,0.001878723967820406,-1,undetected,1,9.489961992702219e-05,0,0.0,False
GaussianBudget75M_MaxCov,Moonshine_2023-CATNF-001344,20230822,12,pyrologix,9,79-54,2023,0.0,0.00646106107160449,1,drone,1,9.489961992702219e-05,3530,0.0046500813764240876,True
GaussianBudget75M_MaxCov,Mormon_2023-CAAEU-030167,20231102,8,pyrologix,10,100-54,2023,0.0,0.006977431941777468,1,drone,1,9.489961992702219e-05,4140,0.0046500813764240876,True
GaussianBudget75M_MaxCov,Morris_2023-CARRU-108804,20230725,19,pyrologix,7,223-101,2023,0.0,0.005946552962996066,1,drone,1,9.489961992702219e-05,2970,0.0046500813764240876,True
GaussianBudget75M_MaxCov,Morris_2023-CASHF-000693,20230628,23,pyrologix,9,38-28,2023,0.0,0.003543050028383732,0,drone,1,9.489961992702219e-05,3155,0.0046500813764240876,True
GaussianBudget75M_MaxCov,Mosquito_2023-CASRF-000954,20230815,15,pyrologix,8,24-18,2023,0.0,0.006331863929517567,1,drone,1,9.489961992702219e-05,3550,0.004555181756497065,True
GaussianBudget75M_MaxCov,Motel_2023-CASRF-000534,20230614,21,pyrologix,4,38-21,2023,0.0,0.005490006995387375,1,drone,1,9.489961992702219e-05,1950,0.0046500813764240876,True
GaussianBudget75M_MaxCov,Mowery_2023-CASQF-001709,20230817,14,pyrologix,8,163-78,2023,0.0,0.010359419044107199,1,drone,1,9.489961992702219e-05,3445,0.0046500813764240876,True
GaussianBudget75M_MaxCov,Mowitz_2023-CAMDF-000195,20230528,20,pyrologix,11,none,2023,0.0,0.0019885209621861577,-1,undetected,1,9.489961992702219e-05,0,0.0,False
GaussianBudget75M_MaxCov,Mud_2023-CASKU-005511,20230705,1,pyrologix,3,37-49,2023,0.0,0.0044319480657577515,0,drone,1,9.489961992702219e-05,1400,0.004555181756497065,True
GaussianBudget75M_MaxCov,Muddy_2023-CASHF-000533,20230604,20,pyrologix,9,44-48,2023,0.0,0.007388753001578152,1,drone,1,9.489961992702219e-05,3645,0.0046500813764240876,True
GaussianBudget75M_MaxCov,Mule_2023-CAKNF-005906,20230714,14,pyrologix,9,31-24,2023,0.0,0.0028827779460698366,0,drone,1,9.489961992702219e-05,3415,0.0046500813764240876,True
GaussianBudget75M_MaxCov,Mule_2023-CASHF-000721,20230702,10,pyrologix,4,37-35,2023,0.0,0.0038881790824234486,0,drone,1,9.489961992702219e-05,1675,0.0046500813764240876,True
GaussianBudget75M_MaxCov,Mule_2023-CASNF-000526,20230612,10,pyrologix,12,141-74,2023,0.0,0.021504959906451404,-1,undetected,1,9.489961992702219e-05,4410,0.0046500813764240876,True
GaussianBudget75M_MaxCov,Mule_2023-CASRF-001102,20230902,17,pyrologix,11,52-19,2023,0.0,0.0038295910926535726,0,drone,1,9.489961992702219e-05,3995,0.0046500813764240876,True
GaussianBudget75M_MaxCov,Murken_2023-CALNF-002618,20230528,14,pyrologix,3,51-54,2023,0.0,0.005749709904193878,1,drone,1,9.489961992702219e-05,1545,0.004555181756497065,True
GaussianBudget75M_MaxCov,Nelder_2023-CASNF-000606,20230625,22,pyrologix,1,128-69,2023,0.0,0.0014175219694152474,0,drone,1,9.489961992702219e-05,390,0.0031316874575917325,True
GaussianBudget75M_MaxCov,Nelson_2023-CASHU-009073,20230818,2,pyrologix,1,45-27,2023,0.0,0.006621725973673165,1,drone,1,9.489961992702219e-05,995,0.004175583276788976,True
GaussianBudget75M_MaxCov,Niagra_2023-CASTF-001580,20230815,20,pyrologix,6,107-68,2023,0.0,0.002958232071250677,0,drone,1,9.489961992702219e-05,2345,0.0046500813764240876,True
GaussianBudget75M_MaxCov,No_Bluff_2023-CASRF-001080,20230829,8,pyrologix,1,31-24,2023,0.0,0.0055050450609996915,1,drone,1,9.489961992702219e-05,945,0.004555181756497065,True
GaussianBudget75M_MaxCov,Nob_2023-CABDF-006515,20230426,15,pyrologix,5,206-88,2023,0.0,0.002044980996288359,0,drone,1,9.489961992702219e-05,2060,0.004460282136570043,True
GaussianBudget75M_MaxCov,North_2023-CAENF-020219,20230724,16,pyrologix,12,100-61,2023,0.0,0.009784981026314199,0,drone,1,9.489961992702219e-05,4920,0.0046500813764240876,True
GaussianBudget75M_MaxCov,North_2023-CAPNF-000241,20230511,22,pyrologix,2,65-57,2023,0.0,0.0017026279820129275,0,drone,1,9.489961992702219e-05,775,0.004365382516643021,True
GaussianBudget75M_MaxCov,North_2023-CASQF-000844,20230613,15,pyrologix,2,163-78,2023,0.0,0.006499956944026053,1,drone,1,9.489961992702219e-05,1480,0.0046500813764240876,True
GaussianBudget75M_MaxCov,North_2023-CASTF-001273,20230721,19,pyrologix,12,114-64,2023,0.0,0.0037645299453288317,0,drone,1,9.489961992702219e-05,4295,0.0046500813764240876,True
GaussianBudget75M_MaxCov,Oak_2023-CAANF-233764,20231113,0,pyrologix,6,195-71,2023,0.0,0.005637219990603626,1,drone,1,9.489961992702219e-05,2545,0.0046500813764240876,True
GaussianBudget75M_MaxCov,Oak_2023-CALAC-388954,20231113,2,pyrologix,3,195-71,2023,0.0,0.002429249114356935,0,drone,1,9.489961992702219e-05,1110,0.004460282136570043,True
GaussianBudget75M_MaxCov,Oak_2023-CATNF-000705,20230615,19,pyrologix,1,79-54,2023,0.0,0.007899970980361104,1,drone,1,9.489961992702219e-05,780,0.0046500813764240876,True
GaussianBudget75M_MaxCov,Oaks_2023-CAPNF-000198,20230430,21,pyrologix,2,72-59,2023,0.0,0.0017703729681670666,0,drone,1,9.489961992702219e-05,765,0.004555181756497065,True
GaussianBudget75M_MaxCov,Obelisk_2023-CASNF-001093,20230815,18,pyrologix,9,147-79,2023,0.0,0.006869468023069203,1,drone,1,9.489961992702219e-05,3945,0.0046500813764240876,True
GaussianBudget75M_MaxCov,Old_Mill_2023-CANEU-016843,20230616,16,pyrologix,12,79-54,2023,0.0,0.0038939040387049317,0,drone,1,9.489961992702219e-05,4150,0.0046500813764240876,True
GaussianBudget75M_MaxCov,Old_State_2023-CAKNF-002771,20230411,16,pyrologix,5,30-52,2023,0.0,0.003689693985506892,0,drone,1,9.489961992702219e-05,2225,0.0046500813764240876,True
GaussianBudget75M_MaxCov,Olympic_2023-CATNF-001309,20230818,17,pyrologix,10,86-67,2023,0.0,0.0032386559760197997,0,drone,1,9.489961992702219e-05,3735,0.004460282136570043,True
GaussianBudget75M_MaxCov,Omega_2023-CATNF-001276,20230815,19,pyrologix,12,86-53,2023,0.0,0.004103893996216357,0,drone,1,9.489961992702219e-05,4745,0.0046500813764240876,True
GaussianBudget75M_MaxCov,Oneil_2023-CATCU-006373,20230518,12,pyrologix,6,107-61,2023,0.0,0.008425232954323292,2,drone,1,9.489961992702219e-05,2960,0.0046500813764240876,True
GaussianBudget75M_MaxCov,Oregon_2023-CAPNF-001591,20231116,11,pyrologix,11,79-47,2023,0.0,0.01988940709270537,-1,undetected,1,9.489961992702219e-05,4970,0.0046500813764240876,True
GaussianBudget75M_MaxCov,Oro_2023-CAANF-232959,20230831,17,pyrologix,12,201-76,2023,0.0,0.02053206507116556,-1,undetected,1,9.489961992702219e-05,5465,0.004555181756497065,True
GaussianBudget75M_MaxCov,Orr_2023-CAKNF-010545,20231130,15,pyrologix,12,30-52,2023,0.0,0.00674401898868382,0,drone,1,9.489961992702219e-05,4825,0.0046500813764240876,True
GaussianBudget75M_MaxCov,Otter_2023-CAENF-031294,20231115,23,pyrologix,3,93-56,2023,0.0,0.0021254679886624217,0,drone,1,9.489961992702219e-05,1295,0.004365382516643021,True
GaussianBudget75M_MaxCov,Pack_2023-CASTF-001531,20230813,12,pyrologix,5,114-64,2023,0.0,0.006058314931578934,1,drone,1,9.489961992702219e-05,2180,0.0046500813764240876,True
GaussianBudget75M_MaxCov,Packsaddle_2023-CAENF-022083,20230812,14,pyrologix,11,100-61,2023,0.0,0.004284581984393299,0,drone,1,9.489961992702219e-05,4345,0.0046500813764240876,True
GaussianBudget75M_MaxCov,Paddle_2023-CASTF-001214,20230715,23,pyrologix,5,114-64,2023,0.0,0.0026471350574865937,0,drone,1,9.489961992702219e-05,1870,0.0046500813764240876,True
GaussianBudget75M_MaxCov,Palisades_2023-CATNF-001160,20230802,13,pyrologix,5,86-60,2023,0.0,0.003258515032939613,0,drone,1,9.489961992702219e-05,2070,0.0046500813764240876,True
GaussianBudget75M_MaxCov,Palmetto_2023-CALNF-005592,20231014,23,pyrologix,7,58-61,2023,0.0,0.004106667009182274,0,drone,1,9.489961992702219e-05,2595,0.0046500813764240876,True
GaussianBudget75M_MaxCov,Pamo_2023-CACNF-000052,20230106,22,pyrologix,1,237-97,2023,0.0,0.0050453710136935115,1,drone,1,9.489961992702219e-05,890,0.004460282136570043,True
GaussianBudget75M_MaxCov,Pan_2023-CAKNF-005138,20230626,17,pyrologix,2,17-27,2023,0.0,0.002376889926381409,0,drone,1,9.489961992702219e-05,845,0.004460282136570043,True
GaussianBudget75M_MaxCov,Paradise_2023-CALPF-002936,20231019,2,pyrologix,9,none,2023,0.0,0.002328786998987198,-1,undetected,1,9.489961992702219e-05,0,0.0,False
GaussianBudget75M_MaxCov,Pardo_2023-CAENF-022801,20230819,17,pyrologix,6,100-61,2023,0.0,0.008250206941738725,2,drone,1,9.489961992702219e-05,3195,0.0046500813764240876,True
GaussianBudget75M_MaxCov,Park_2023-CAPNF-001542,20231028,20,pyrologix,6,79-61,2023,0.0,0.003415362094528973,0,drone,1,9.489961992702219e-05,2290,0.0046500813764240876,True
GaussianBudget75M_MaxCov,Parkhill_2023-CALPF-002453,20230827,16,pyrologix,7,170-47,2023,0.0,0.00314425106626004,0,drone,1,9.489961992702219e-05,2710,0.0046500813764240876,True
GaussianBudget75M_MaxCov,Pasqual_2023-CACNF-000871,20230430,20,pyrologix,6,237-97,2023,0.0,0.0022363149328157306,0,drone,1,9.489961992702219e-05,2470,0.0046500813764240876,True
GaussianBudget75M_MaxCov,Patrick_2023-CASRF-000620,20230701,22,pyrologix,2,15-20,2023,0.0,0.0022524569649249315,0,drone,1,9.489961992702219e-05,865,0.004460282136570043,True
GaussianBudget75M_MaxCov,Paxton_2023-CAANF-002066,20230707,5,pyrologix,5,201-76,2023,0.0,0.00915008899755776,2,drone,1,9.489961992702219e-05,2695,0.004555181756497065,True
GaussianBudget75M_MaxCov,Paymaster_2023-CAENF-024531,20230905,12,pyrologix,12,93-56,2023,0.0,0.004827928962185979,0,drone,1,9.489961992702219e-05,5040,0.0046500813764240876,True
GaussianBudget75M_MaxCov,Peak_2023-CACNF-003034,20231111,13,pyrologix,10,none,2023,0.0,0.0021947920322418213,-1,undetected,1,9.489961992702219e-05,0,0.0,False
GaussianBudget75M_MaxCov,Peak_2023-CASNF-001285,20230901,22,pyrologix,3,128-69,2023,0.0,0.005284346989355981,1,drone,1,9.489961992702219e-05,1470,0.004460282136570043,True
GaussianBudget75M_MaxCov,Peak_2023-CASTF-001971,20230911,12,pyrologix,10,114-64,2023,0.0,0.0038787199882790446,0,drone,1,9.489961992702219e-05,3590,0.0046500813764240876,True
GaussianBudget75M_MaxCov,Pearch_2023-CASRF-000983,20230817,20,pyrologix,11,31-24,2023,0.0,0.006226808996871114,1,drone,1,9.489961992702219e-05,4525,0.0046500813764240876,True
GaussianBudget75M_MaxCov,Pebble_2023-CAMNF-000858,20230816,21,pyrologix,9,74-20,2023,0.0,0.002972822985611856,0,drone,1,9.489961992702219e-05,3090,0.0046500813764240876,True
GaussianBudget75M_MaxCov,Peddler_2023-CAENF-022388,20230815,19,pyrologix,7,100-61,2023,0.0,0.00446339906193316,0,drone,1,9.489961992702219e-05,2995,0.0046500813764240876,True
GaussianBudget75M_MaxCov,Pedro_2023-CASTF-001565,20230815,0,pyrologix,3,114-64,2023,0.0,0.00646071694791317,1,drone,1,9.489961992702219e-05,1610,0.004555181756497065,True
GaussianBudget75M_MaxCov,Pellitreau_2023-CASHF-000994,20230816,21,pyrologix,7,52-19,2023,0.0,0.006141904043033719,1,drone,1,9.489961992702219e-05,3010,0.0046500813764240876,True
GaussianBudget75M_MaxCov,Peninsula_2023-CATNF-001430,20230905,20,pyrologix,7,86-67,2023,0.0,0.00270264595746994,0,drone,1,9.489961992702219e-05,2615,0.004460282136570043,True
GaussianBudget75M_MaxCov,Penman_2023-CAPNF-001377,20230919,23,pyrologix,3,72-59,2023,0.0,0.005855359020642936,1,drone,1,9.489961992702219e-05,1615,0.0046500813764240876,True
GaussianBudget75M_MaxCov,Pettinger_2023-CAANF-232901,20230827,15,pyrologix,4,none,2023,0.0,0.0019055630546063185,-1,undetected,1,9.489961992702219e-05,0,0.0,False
GaussianBudget75M_MaxCov,Philpot_2023-CASHF-000552,20230607,16,pyrologix,7,45-20,2023,0.0,0.007030031061731279,1,drone,1,9.489961992702219e-05,3075,0.0046500813764240876,True
GaussianBudget75M_MaxCov,Picayune_2023-CAKNF-007170,20230820,16,pyrologix,9,31-24,2023,0.0,0.003112881095148623,0,drone,1,9.489961992702219e-05,3485,0.0046500813764240876,True
GaussianBudget75M_MaxCov,Picket_2023-CAENF-022404,20230816,1,pyrologix,1,93-62,2023,0.0,0.003145223017781973,0,drone,1,9.489961992702219e-05,575,0.004175583276788976,True
GaussianBudget75M_MaxCov,Pierce_2023-CAKNF-008112,20230917,20,pyrologix,4,24-32,2023,0.0,0.008679546997882426,2,drone,1,9.489961992702219e-05,2525,0.0046500813764240876,True
GaussianBudget75M_MaxCov,Pierce_2023-CAPNF-001392,20230920,15,pyrologix,10,65-64,2023,0.0,0.003036819980479777,0,drone,1,9.489961992702219e-05,3200,0.0046500813764240876,True
GaussianBudget75M_MaxCov,Pigeon_2023-CASTF-001972,20230911,17,pyrologix,2,107-68,2023,0.0,0.0029112689662724733,0,drone,1,9.489961992702219e-05,985,0.0046500813764240876,True
GaussianBudget75M_MaxCov,Pike_2_2023-CATNF-001683,20231019,4,pyrologix,6,79-54,2023,0.0,0.004064394976012409,0,drone,1,9.489961992702219e-05,2355,0.0046500813764240876,True
GaussianBudget75M_MaxCov,Pilot_2023-CASRF-000932,20230815,7,pyrologix,2,45-20,2023,0.0,0.002786985016427934,0,drone,1,9.489961992702219e-05,860,0.004555181756497065,True
GaussianBudget75M_MaxCov,Pilot_2023-CASTF-001918,20230909,20,pyrologix,5,121-61,2023,0.0,0.006707645021378994,1,drone,1,9.489961992702219e-05,2410,0.0046500813764240876,True
GaussianBudget75M_MaxCov,Pine_2023-CAANF-232780,20230818,23,pyrologix,3,195-71,2023,0.0,0.005534937954507768,1,drone,1,9.489961992702219e-05,1505,0.0046500813764240876,True
GaussianBudget75M_MaxCov,Pine_2023-CASNF-001456,20230919,22,pyrologix,1,128-69,2023,0.0,0.005433556973002851,1,drone,1,9.489961992702219e-05,860,0.004270482896715999,True
GaussianBudget75M_MaxCov,Pine_2023-CASTF-001951,20230910,15,pyrologix,8,114-64,2023,0.0,0.006542171002365649,1,drone,1,9.489961992702219e-05,3240,0.0046500813764240876,True
GaussianBudget75M_MaxCov,Pine_2023-CATNF-001364,20230825,14,pyrologix,1,86-53,2023,0.0,0.006138418917544186,1,drone,1,9.489961992702219e-05,995,0.004555181756497065,True
GaussianBudget75M_MaxCov,Pinyon_2023-CAANF-232718,20230814,1,pyrologix,4,206-81,2023,0.0,0.003822359023615718,0,drone,1,9.489961992702219e-05,1940,0.0040806836568619545,True
GaussianBudget75M_MaxCov,Pioneer_2023-CAPNF-001522,20231022,14,pyrologix,8,65-57,2023,0.0,0.01573221303988248,2,drone,1,9.489961992702219e-05,3790,0.0046500813764240876,True
GaussianBudget75M_MaxCov,Pipe_2023-CAANF-001243,20230531,23,pyrologix,5,201-76,2023,0.0,0.00673701090272516,1,drone,1,9.489961992702219e-05,2350,0.004555181756497065,True
GaussianBudget75M_MaxCov,Pipeline_2023-CAANF-232953,20230831,17,pyrologix,4,195-71,2023,0.0,0.006160951917991042,1,drone,1,9.489961992702219e-05,1865,0.0046500813764240876,True
GaussianBudget75M_MaxCov,Pipeline_2023-CALAC-297456,20230831,15,pyrologix,8,195-71,2023,0.0,0.008556742104701698,2,drone,1,9.489961992702219e-05,3520,0.0046500813764240876,True
GaussianBudget75M_MaxCov,Pipeline_2023-CASKU-006970,20230815,18,pyrologix,2,37-56,2023,0.0,0.0025612800382077694,0,drone,1,9.489961992702219e-05,920,0.0046500813764240876,True
GaussianBudget75M_MaxCov,Pit_2023-CAKNF-004496,20230608,19,pyrologix,6,30-52,2023,0.0,0.0022012460976839066,0,drone,1,9.489961992702219e-05,2400,0.0046500813764240876,True
GaussianBudget75M_MaxCov,Pit_2023-CASHF-001220,20230924,9,pyrologix,12,44-41,2023,0.0,0.019807228003628552,-1,undetected,1,9.489961992702219e-05,4880,0.0046500813764240876,True
GaussianBudget75M_MaxCov,Planters_2023-CAMDF-000490,20230805,14,pyrologix,11,none,2023,0.0,0.0019332850351929665,-1,undetected,1,9.489961992702219e-05,0,0.0,False
GaussianBudget75M_MaxCov,Point_2023-CASQF-000507,20230510,2,pyrologix,8,170-77,2023,0.0,0.006045753019861877,1,drone,1,9.489961992702219e-05,3240,0.0046500813764240876,True
GaussianBudget75M_MaxCov,Point_2023-CASQF-001064,20230702,12,pyrologix,12,170-77,2023,0.0,0.019629455055110157,-1,undetected,1,9.489961992702219e-05,4620,0.0046500813764240876,True
GaussianBudget75M_MaxCov,Points_2023-CAANF-233722,20231110,19,pyrologix,1,195-71,2023,0.0,0.005330070969648659,1,drone,1,9.489961992702219e-05,830,0.004175583276788976,True
GaussianBudget75M_MaxCov,Poison_2023-CASNF-001393,20230909,16,pyrologix,1,141-74,2023,0.0,0.0062654269859194756,1,drone,1,9.489961992702219e-05,995,0.004270482896715999,True
GaussianBudget75M_MaxCov,Poker_2023-CATNF-001299,20230817,21,pyrologix,9,79-61,2023,0.0,0.01158995891455561,3,drone,1,9.489961992702219e-05,4190,0.0046500813764240876,True
GaussianBudget75M_MaxCov,Poll_2023-CATNF-001271,20230814,23,pyrologix,1,86-67,2023,0.0,0.004335789009928703,1,drone,1,9.489961992702219e-05,755,0.004365382516643021,True
GaussianBudget75M_MaxCov,Pollard_2023-CABDF-015399,20231112,23,pyrologix,5,206-88,2023,0.0,0.006140513927675784,1,drone,1,9.489961992702219e-05,2390,0.004460282136570043,True
GaussianBudget75M_MaxCov,Ponderosa_2023-CABDF-010684,20230728,4,pyrologix,3,209-96,2023,0.0,0.002775576082058251,0,drone,1,9.489961992702219e-05,1265,0.004460282136570043,True
GaussianBudget75M_MaxCov,Ponderosa_2023-CASHF-000853,20230723,23,pyrologix,3,52-19,2023,0.0,0.004309852025471628,0,drone,1,9.489961992702219e-05,1475,0.0046500813764240876,True
GaussianBudget75M_MaxCov,Porter_2023-CASHF-000659,20230624,17,pyrologix,2,37-35,2023,0.0,0.0031807500636205077,0,drone,1,9.489961992702219e-05,870,0.004365382516643021,True
GaussianBudget75M_MaxCov,Posey_2023-CATUU-000330,20230622,17,pyrologix,7,170-77,2023,0.0,0.0049481840105727315,0,drone,1,9.489961992702219e-05,2760,0.0046500813764240876,True
GaussianBudget75M_MaxCov,Posey_2_2023-CATUU-000332,20230623,0,pyrologix,1,170-77,2023,0.0,0.001999196014367044,0,drone,1,9.489961992702219e-05,465,0.0037010851771538656,True
GaussianBudget75M_MaxCov,Posey_3_2023-CATUU-000333,20230623,23,pyrologix,4,170-77,2023,0.0,0.002217510947957635,0,drone,1,9.489961992702219e-05,1485,0.0046500813764240876,True
GaussianBudget75M_MaxCov,Potter_2023-CASNF-000721,20230705,20,pyrologix,3,134-74,2023,0.0,0.007130221929401159,1,drone,1,9.489961992702219e-05,1580,0.004555181756497065,True
GaussianBudget75M_MaxCov,Powder_2023-CASHF-000653,20230624,21,pyrologix,8,37-56,2023,0.0,0.006554904044605792,1,drone,1,9.489961992702219e-05,3425,0.0046500813764240876,True
GaussianBudget75M_MaxCov,Power_2023-CAANF-233915,20231128,18,pyrologix,12,201-76,2023,0.0,0.01854153792373836,-1,undetected,1,9.489961992702219e-05,5465,0.004555181756497065,True
GaussianBudget75M_MaxCov,Power_2023-CALPF-002355,20230819,17,pyrologix,5,170-47,2023,0.0,0.004395446972921491,0,drone,1,9.489961992702219e-05,2200,0.0046500813764240876,True
GaussianBudget75M_MaxCov,Power_2023-CASQF-000791,20230607,13,pyrologix,11,177-72,2023,0.0,0.004252341925166547,0,drone,1,9.489961992702219e-05,4010,0.0046500813764240876,True
GaussianBudget75M_MaxCov,Powerhouse_2023-CATNF-001545,20230919,15,pyrologix,4,86-53,2023,0.0,0.007554840994998813,1,drone,1,9.489961992702219e-05,2280,0.0046500813764240876,True
GaussianBudget75M_MaxCov,Prairie_2023-CAKNF-006092,20230720,20,pyrologix,5,30-52,2023,0.0,0.0023903950350359082,0,drone,1,9.489961992702219e-05,2025,0.0046500813764240876,True
GaussianBudget75M_MaxCov,Preacher_2023-CASHF-000978,20230815,14,pyrologix,4,37-35,2023,0.0,0.0033231270499527454,0,drone,1,9.489961992702219e-05,1620,0.0046500813764240876,True
GaussianBudget75M_MaxCov,Prescott_2023-CASRF-000989,20230817,15,pyrologix,7,none,2023,0.0,0.0020879959920421243,-1,undetected,1,9.489961992702219e-05,0,0.0,False
GaussianBudget75M_MaxCov,Prospects_2023-CASTF-001949,20230910,17,pyrologix,3,107-68,2023,0.0,0.005421292036771774,1,drone,1,9.489961992702219e-05,1655,0.0046500813764240876,True
GaussianBudget75M_MaxCov,Prosser_2023-CATNF-000773,20230623,2,pyrologix,2,86-67,2023,0.0,0.0016992880264297128,0,drone,1,9.489961992702219e-05,755,0.004365382516643021,True
GaussianBudget75M_MaxCov,Providence_2023-CASNF-001320,20230903,20,pyrologix,11,141-74,2023,0.0,0.004810031969100237,0,drone,1,9.489961992702219e-05,3965,0.0046500813764240876,True
GaussianBudget75M_MaxCov,Pulga_2023-CABTU-014735,20230804,0,pyrologix,2,72-45,2023,0.0,0.008161423960700631,0,drone,1,9.489961992702219e-05,935,0.004555181756497065,True
GaussianBudget75M_MaxCov,Pumice_2023-CAINF-001026,20230715,20,pyrologix,6,124-80,2023,0.0,0.003621796960942447,0,drone,1,9.489961992702219e-05,2160,0.004555181756497065,True
GaussianBudget75M_MaxCov,Pumpkin_2023-CABDF-013885,20231025,17,pyrologix,10,209-96,2023,0.0,0.008971799979917705,2,drone,1,9.489961992702219e-05,4415,0.004460282136570043,True
GaussianBudget75M_MaxCov,Pyramid_2023-CALAC-365725,20231025,7,pyrologix,4,195-71,2023,0.0,0.00790379208046943,2,drone,1,9.489961992702219e-05,2180,0.0046500813764240876,True
GaussianBudget75M_MaxCov,Quail_2023-CASQF-000771,20230605,20,pyrologix,3,147-79,2023,0.0,0.0026453909231349826,0,drone,1,9.489961992702219e-05,1125,0.004365382516643021,True
GaussianBudget75M_MaxCov,Quail_2023-CATMU-020956,20230801,21,pyrologix,7,93-62,2023,0.0,0.002909090952016413,0,drone,1,9.489961992702219e-05,2500,0.0046500813764240876,True
GaussianBudget75M_MaxCov,Quail_2_2023-CAANF-234011,20231210,16,pyrologix,5,none,2023,0.0,0.001929171965457499,-1,undetected,1,9.489961992702219e-05,0,0.0,False
GaussianBudget75M_MaxCov,Quarry_2023-CAPNF-001633,20231216,14,pyrologix,4,65-57,2023,0.0,0.006925752037204802,1,drone,1,9.489961992702219e-05,2115,0.0046500813764240876,True
GaussianBudget75M_MaxCov,Quarry_2023-CASTF-001921,20230909,21,pyrologix,5,114-64,2023,0.0,0.003128199023194611,0,drone,1,9.489961992702219e-05,1870,0.0046500813764240876,True
GaussianBudget75M_MaxCov,Rabbit_2023-CASQF-002146,20230930,16,pyrologix,12,147-79,2023,0.0,0.019576460006646812,-1,undetected,1,9.489961992702219e-05,4890,0.0046500813764240876,True
GaussianBudget75M_MaxCov,Radio_2023-CASNF-001205,20230823,13,pyrologix,11,141-74,2023,0.0,0.019477389054372907,-1,undetected,1,9.489961992702219e-05,4410,0.0046500813764240876,True
GaussianBudget75M_MaxCov,Rail_2023-CASHF-000899,20230731,15,pyrologix,11,44-41,2023,0.0,0.006344086956232786,1,drone,1,9.489961992702219e-05,4585,0.0046500813764240876,True
GaussianBudget75M_MaxCov,Rail_2023-CASHU-008943,20230815,20,pyrologix,1,44-48,2023,0.0,0.004896927974186838,1,drone,1,9.489961992702219e-05,840,0.004460282136570043,True
GaussianBudget75M_MaxCov,Ram_2023-CASNF-001276,20230901,0,pyrologix,5,none,2023,0.0,0.0019060969352722168,-1,undetected,1,9.489961992702219e-05,0,0.0,False
GaussianBudget75M_MaxCov,Ramp_2023-CABDU-009817,20230718,16,pyrologix,9,206-88,2023,0.0,0.003280844073742628,0,drone,1,9.489961992702219e-05,3505,0.004460282136570043,True
GaussianBudget75M_MaxCov,Ranch_2023-CASKU-006969,20230815,13,pyrologix,12,37-56,2023,0.0,0.004565465031191707,0,drone,1,9.489961992702219e-05,4600,0.0046500813764240876,True
GaussianBudget75M_MaxCov,Ranch_2023-CASNF-000525,20230612,12,pyrologix,6,141-74,2023,0.0,0.0032998390961438417,0,drone,1,9.489961992702219e-05,2205,0.0046500813764240876,True
GaussianBudget75M_MaxCov,Ranch_2023-CASTF-002377,20231103,7,pyrologix,3,114-57,2023,0.0,0.005279925069771707,1,drone,1,9.489961992702219e-05,1745,0.0046500813764240876,True
GaussianBudget75M_MaxCov,Range_2023-CABDF-002251,20230212,21,pyrologix,11,209-96,2023,0.0,0.006787744001485407,1,drone,1,9.489961992702219e-05,4415,0.004460282136570043,True
GaussianBudget75M_MaxCov,Range_2023-CAENF-026345,20230925,14,pyrologix,11,100-61,2023,0.0,0.019840956083498895,-1,undetected,1,9.489961992702219e-05,5010,0.0046500813764240876,True
GaussianBudget75M_MaxCov,Range_2023-CASQF-000882,20230617,21,pyrologix,2,170-77,2023,0.0,0.004604729008860886,1,drone,1,9.489961992702219e-05,1135,0.004460282136570043,True
GaussianBudget75M_MaxCov,Rattlesnake_2023-CASTF-000861,20230612,0,pyrologix,7,107-61,2023,0.0,0.00244446296710521,0,drone,1,9.489961992702219e-05,2560,0.0046500813764240876,True
GaussianBudget75M_MaxCov,Ravine_2023-CAMDF-000325,20230708,13,pyrologix,6,none,2023,0.0,0.0018521510064601898,-1,undetected,1,9.489961992702219e-05,0,0.0,False
GaussianBudget75M_MaxCov,Ravine_2023-CAPNF-000909,20230807,22,pyrologix,10,79-54,2023,0.0,0.005979186971671879,1,drone,1,9.489961992702219e-05,3735,0.0046500813764240876,True
GaussianBudget75M_MaxCov,Recon_2023-CAANF-0001880,20230701,15,pyrologix,12,206-88,2023,0.0,0.0213935449719429,-1,undetected,1,9.489961992702219e-05,5155,0.004460282136570043,True
GaussianBudget75M_MaxCov,Red_2023-CAANF-001571,20230610,14,pyrologix,11,206-81,2023,0.0,0.0031054510036483407,0,drone,1,9.489961992702219e-05,4525,0.0040806836568619545,True
GaussianBudget75M_MaxCov,Red_2023-CAKNF-007347,20230826,22,pyrologix,6,17-27,2023,0.0,0.0045513969380408525,0,drone,1,9.489961992702219e-05,2670,0.0046500813764240876,True
GaussianBudget75M_MaxCov,Red_2023-CASTF-001945,20230910,13,pyrologix,10,107-68,2023,0.0,0.003875372000038624,0,drone,1,9.489961992702219e-05,3915,0.0046500813764240876,True
GaussianBudget75M_MaxCov,Red_Cones_2023-CAINF-000936,20230705,16,pyrologix,3,127-76,2023,0.0,0.005116489948704839,1,drone,1,9.489961992702219e-05,1450,0.004555181756497065,True
GaussianBudget75M_MaxCov,Redinger_2023-CAMMU-025615,20231115,13,pyrologix,4,135-67,2023,0.0,0.004090172937139869,0,drone,1,9.489961992702219e-05,1780,0.0046500813764240876,True
GaussianBudget75M_MaxCov,Remington_2023-CASQF-000424,20230417,22,pyrologix,2,177-79,2023,0.0,0.0021101110614836216,0,drone,1,9.489961992702219e-05,775,0.003985784036934932,True
GaussianBudget75M_MaxCov,Reservoir_2023-CASTF-001940,20230910,15,pyrologix,4,114-64,2023,0.0,0.004194709938019514,0,drone,1,9.489961992702219e-05,1730,0.004555181756497065,True
GaussianBudget75M_MaxCov,Reversed_2023-CAINF-001847,20231008,11,pyrologix,12,124-80,2023,0.0,0.004325104993768036,0,drone,1,9.489961992702219e-05,4245,0.0046500813764240876,True
GaussianBudget75M_MaxCov,Reynolds_2023-CASTF-001922,20230909,20,pyrologix,8,114-64,2023,0.0,0.003294478985480964,0,drone,1,9.489961992702219e-05,2850,0.0046500813764240876,True
GaussianBudget75M_MaxCov,Rich_2023-CASHF-000548,20230606,18,pyrologix,10,44-34,2023,0.0,0.006670786999166012,1,drone,1,9.489961992702219e-05,4360,0.0046500813764240876,True
GaussianBudget75M_MaxCov,Richard_2023-CAENF-022827,20230819,21,pyrologix,3,93-62,2023,0.0,0.002581804059445858,0,drone,1,9.489961992702219e-05,1135,0.004460282136570043,True
GaussianBudget75M_MaxCov,Richbar_2023-CASQF-000818,20230610,12,pyrologix,4,177-72,2023,0.0,0.0022673989878967404,0,drone,1,9.489961992702219e-05,1540,0.0046500813764240876,True
GaussianBudget75M_MaxCov,Ridge_2023-CALPF-002872,20231011,13,pyrologix,11,169-38,2023,0.0,0.003744945046491921,0,drone,1,9.489961992702219e-05,4045,0.0046500813764240876,True
GaussianBudget75M_MaxCov,Ridge_2023-CAPNF-000182,20230425,18,pyrologix,3,72-59,2023,0.0,0.0072870609583333135,1,drone,1,9.489961992702219e-05,1705,0.0046500813764240876,True
GaussianBudget75M_MaxCov,Ridge_2023-CAPNF-001031,20230817,18,pyrologix,4,72-59,2023,0.0,0.003114626044407487,0,drone,1,9.489961992702219e-05,1615,0.0046500813764240876,True
GaussianBudget75M_MaxCov,Ridge_2023-CASTF-000872,20230613,11,pyrologix,12,114-64,2023,0.0,0.021192615036852658,-1,undetected,1,9.489961992702219e-05,4905,0.0046500813764240876,True
GaussianBudget75M_MaxCov,Ridge_2023-CATNF-000665,20230611,14,pyrologix,3,79-54,2023,0.0,0.0035147630842402577,0,drone,1,9.489961992702219e-05,1350,0.0046500813764240876,True
GaussianBudget75M_MaxCov,Right_2023-CABDF-009977,20230712,15,pyrologix,4,206-88,2023,0.0,0.0035112620098516345,0,drone,1,9.489961992702219e-05,1905,0.004460282136570043,True
GaussianBudget75M_MaxCov,Rim_2023-CAMDF-000938,20230919,22,pyrologix,1,none,2023,0.0,0.0019211180042475462,-1,undetected,1,9.489961992702219e-05,0,0.0,False
GaussianBudget75M_MaxCov,Rinconada_2023-CALPF-002238,20230811,20,pyrologix,6,none,2023,0.0,0.0019121889490634203,-1,undetected,1,9.489961992702219e-05,0,0.0,False
GaussianBudget75M_MaxCov,Rising_2023-CALNF-001948,20230421,11,pyrologix,12,44-55,2023,0.0,0.019450132036581635,-1,undetected,1,9.489961992702219e-05,4360,0.0046500813764240876,True
GaussianBudget75M_MaxCov,River_2023-CAKRN-052312,20231115,17,pyrologix,1,170-77,2023,0.0,0.005428651929832995,1,drone,1,9.489961992702219e-05,905,0.004460282136570043,True
GaussianBudget75M_MaxCov,River_2023-CAMDF-000222,20230607,18,pyrologix,3,37-63,2023,0.0,0.0032312989933416247,0,drone,1,9.489961992702219e-05,1370,0.0046500813764240876,True
GaussianBudget75M_MaxCov,River_2023-CAPNF-000447,20230609,20,pyrologix,3,72-59,2023,0.0,0.006492375046946108,1,drone,1,9.489961992702219e-05,1675,0.0046500813764240876,True
GaussianBudget75M_MaxCov,River_2023-CASHF-000701,20230629,15,pyrologix,11,37-42,2023,0.0,0.0029324910137802362,0,drone,1,9.489961992702219e-05,3640,0.0046500813764240876,True
GaussianBudget75M_MaxCov,River_2023-CASQF-000825,20230610,21,pyrologix,5,170-77,2023,0.0,0.004517095978371799,0,drone,1,9.489961992702219e-05,2095,0.0046500813764240876,True
GaussianBudget75M_MaxCov,River_2023-CASTF-001927,20230910,21,pyrologix,9,114-64,2023,0.0,0.004155384958721697,0,drone,1,9.489961992702219e-05,3240,0.0046500813764240876,True
GaussianBudget75M_MaxCov,Riverside_2023-CASHF-000849,20230722,20,pyrologix,11,37-42,2023,0.0,0.003028030041605234,0,drone,1,9.489961992702219e-05,3640,0.0046500813764240876,True
GaussianBudget75M_MaxCov,Road_2023-CALPF-002628,20230915,1,pyrologix,2,none,2023,0.0,0.0019155340269207954,-1,undetected,1,9.489961992702219e-05,0,0.0,False
GaussianBudget75M_MaxCov,Robinson_2023-CATNF-000673,20230611,20,pyrologix,7,86-60,2023,0.0,0.002911543007940054,0,drone,1,9.489961992702219e-05,2695,0.0046500813764240876,True
GaussianBudget75M_MaxCov,Rock_2023-CABDF-012493,20230920,19,pyrologix,11,206-88,2023,0.0,0.004097271943464875,0,drone,1,9.489961992702219e-05,4220,0.004460282136570043,True
GaussianBudget75M_MaxCov,Rock_2023-CAENF-017683,20230702,23,pyrologix,6,93-56,2023,0.0,0.0023577299434691668,0,drone,1,9.489961992702219e-05,2500,0.0046500813764240876,True
GaussianBudget75M_MaxCov,Rock_2023-CAMNF-000861,20230816,14,pyrologix,3,66-19,2023,0.0,0.0022138949716463685,0,drone,1,9.489961992702219e-05,1200,0.0046500813764240876,True
GaussianBudget75M_MaxCov,Rock_2023-CAPNF-001287,20230910,3,pyrologix,7,72-52,2023,0.0,0.006849640980362892,1,drone,1,9.489961992702219e-05,3275,0.0046500813764240876,True
GaussianBudget75M_MaxCov,Rock_2023-CASHF-000405,20230510,19,pyrologix,7,45-20,2023,0.0,0.007015850045718253,1,drone,1,9.489961992702219e-05,3125,0.0046500813764240876,True
GaussianBudget75M_MaxCov,Rock_2023-CASTF-001615,20230817,19,pyrologix,2,114-64,2023,0.0,0.001939927926287055,0,drone,1,9.489961992702219e-05,785,0.004175583276788976,True
GaussianBudget75M_MaxCov,Rock_2_2023-CAANF-233519,20231021,16,pyrologix,2,none,2023,0.0,0.0021774659398943186,-1,undetected,1,9.489961992702219e-05,0,0.0,False
GaussianBudget75M_MaxCov,Rocks_2023-CABDF-007226,20230513,10,pyrologix,7,206-88,2023,0.0,0.003344236989505589,0,drone,1,9.489961992702219e-05,2850,0.004460282136570043,True
GaussianBudget75M_MaxCov,Rocky_2023-CASKU-005755,20230710,13,pyrologix,10,23-39,2023,0.0,0.004691925016231835,0,drone,1,9.489961992702219e-05,3860,0.0046500813764240876,True
GaussianBudget75M_MaxCov,Rodgers_2023-CASNF-000903,20230728,13,pyrologix,10,141-74,2023,0.0,0.002777855028398335,0,drone,1,9.489961992702219e-05,3440,0.0046500813764240876,True
GaussianBudget75M_MaxCov,Rogers_2023-CASQF-002393,20231114,17,pyrologix,3,163-78,2023,0.0,0.006059494917280972,1,drone,1,9.489961992702219e-05,1725,0.0046500813764240876,True
GaussianBudget75M_MaxCov,Roland_2023-CASKU-003662,20230513,17,pyrologix,4,30-45,2023,0.0,0.0023701119935140014,0,drone,1,9.489961992702219e-05,1450,0.0046500813764240876,True
GaussianBudget75M_MaxCov,Romeo_2023-CAINF-001007,20230713,20,pyrologix,5,124-80,2023,0.0,0.002826423035003245,0,drone,1,9.489961992702219e-05,1700,0.004555181756497065,True
GaussianBudget75M_MaxCov,Root_2023-CASHF-000827,20230717,16,pyrologix,10,37-42,2023,0.0,0.0030021470738574862,0,drone,1,9.489961992702219e-05,3300,0.0046500813764240876,True
GaussianBudget75M_MaxCov,Rose_2023-CASTF-000422,20230420,17,pyrologix,10,114-57,2023,0.0,0.00456095696426928,0,drone,1,9.489961992702219e-05,4075,0.0046500813764240876,True
GaussianBudget75M_MaxCov,Rough_2023-CASHF-000586,20230613,16,pyrologix,7,52-19,2023,0.0,0.005170613992959261,1,drone,1,9.489961992702219e-05,2900,0.0046500813764240876,True
GaussianBudget75M_MaxCov,Round_2023-CAKNF-005764,20230710,19,pyrologix,10,30-52,2023,0.0,0.003688625991344452,0,drone,1,9.489961992702219e-05,4145,0.0046500813764240876,True
GaussianBudget75M_MaxCov,Roy_2023-CASRF-000899,20230811,1,pyrologix,5,38-21,2023,0.0,0.002968213055282831,0,drone,1,9.489961992702219e-05,1950,0.0046500813764240876,True
GaussianBudget75M_MaxCov,Ruby_2023-CASTF-000355,20230406,13,pyrologix,3,114-57,2023,0.0,0.003845485975034535,0,drone,1,9.489961992702219e-05,1585,0.0046500813764240876,True
GaussianBudget75M_MaxCov,Rushing_2023-CASTF-000567,20230511,6,pyrologix,3,114-64,2023,0.0,0.007138720015063882,1,drone,1,9.489961992702219e-05,1770,0.004555181756497065,True
GaussianBudget75M_MaxCov,Sage_2023-CAMDF-000359,20230718,19,pyrologix,4,36-70,2023,0.0,0.0018946899799630046,0,drone,1,9.489961992702219e-05,1515,0.0046500813764240876,True
GaussianBudget75M_MaxCov,Sage_2023-CASTF-001974,20230911,13,pyrologix,9,107-68,2023,0.0,0.0027666930109262466,0,drone,1,9.489961992702219e-05,3390,0.0046500813764240876,True
GaussianBudget75M_MaxCov,Sagebrush_2023-CASQF-002187,20231008,22,pyrologix,2,163-78,2023,0.0,0.006841165013611317,1,drone,1,9.489961992702219e-05,1435,0.004460282136570043,True
GaussianBudget75M_MaxCov,Sagehen_2023-CATNF-001073,20230721,16,pyrologix,11,86-67,2023,0.0,0.003261325997300446,0,drone,1,9.489961992702219e-05,4040,0.004460282136570043,True
GaussianBudget75M_MaxCov,Saints_2023-CAKNF-005120,20230626,23,pyrologix,10,17-27,2023,0.0,0.005920402938500047,1,drone,1,9.489961992702219e-05,4165,0.0046500813764240876,True
GaussianBudget75M_MaxCov,Salmon_2023-CASRF-000859,20230803,12,pyrologix,3,24-25,2023,0.0,0.010155851021409035,3,drone,1,9.489961992702219e-05,2075,0.0046500813764240876,True
GaussianBudget75M_MaxCov,Salt_2023-CAKNF-005870,20230714,20,pyrologix,9,17-34,2023,0.0,0.004028661991469562,0,drone,1,9.489961992702219e-05,3340,0.003985784036934932,True
GaussianBudget75M_MaxCov,Salt_2023-CASHF-000594,20230615,0,pyrologix,7,44-41,2023,0.0,0.003489348920993507,0,drone,1,9.489961992702219e-05,2870,0.0046500813764240876,True
GaussianBudget75M_MaxCov,Salt_2023-CASRF-000933,20230815,5,pyrologix,7,59-19,2023,0.0,0.003913730033673346,0,drone,1,9.489961992702219e-05,2850,0.0046500813764240876,True
GaussianBudget75M_MaxCov,Salty_2023-CASHF-001007,20230818,1,pyrologix,5,52-26,2023,0.0,0.005782857071608305,1,drone,1,9.489961992702219e-05,2095,0.004460282136570043,True
GaussianBudget75M_MaxCov,Sand_2023-CAANF-002373,20230724,21,pyrologix,2,201-76,2023,0.0,0.007581572979688644,2,drone,1,9.489961992702219e-05,1465,0.004555181756497065,True
GaussianBudget75M_MaxCov,Sand_2023-CAENF-026944,20231001,16,pyrologix,10,93-56,2023,0.0,0.009304966893978417,2,drone,1,9.489961992702219e-05,4855,0.0046500813764240876,True
GaussianBudget75M_MaxCov,Sand_2023-CASHF-000787,20230712,4,pyrologix,1,30-45,2023,0.0,0.009133208077400923,2,drone,1,9.489961992702219e-05,1305,0.0046500813764240876,True
GaussianBudget75M_MaxCov,Sand_2023-CASQF-001652,20230813,13,pyrologix,11,163-78,2023,0.0,0.004448172985576093,0,drone,1,9.489961992702219e-05,4215,0.0046500813764240876,True
GaussianBudget75M_MaxCov,Santiago_2023-CACNF-002138,20230808,3,pyrologix,1,220-87,2023,0.0,0.007079955074004829,2,drone,1,9.489961992702219e-05,1085,0.004365382516643021,True
GaussianBudget75M_MaxCov,Santiago_2023-CARRU-115913,20230808,0,pyrologix,5,220-87,2023,0.0,0.002934145973995328,0,drone,1,9.489961992702219e-05,1960,0.004555181756497065,True
GaussianBudget75M_MaxCov,Sardine_2023-CASTF-001973,20230911,17,pyrologix,1,107-68,2023,0.0,0.007565081003122032,1,drone,1,9.489961992702219e-05,985,0.0046500813764240876,True
GaussianBudget75M_MaxCov,Sattley_2023-CATNF-000878,20230702,14,pyrologix,8,79-61,2023,0.0,0.00448050198610872,0,drone,1,9.489961992702219e-05,3045,0.0046500813764240876,True
GaussianBudget75M_MaxCov,Saugus_2023-CAANF-233735,20231111,1,pyrologix,7,201-76,2023,0.0,0.00826777599286288,2,drone,1,9.489961992702219e-05,3250,0.004555181756497065,True
GaussianBudget75M_MaxCov,Saw_2023-CATMU-022582,20230817,15,pyrologix,9,none,2023,0.0,0.0019832210382446647,-1,undetected,1,9.489961992702219e-05,0,0.0,False
GaussianBudget75M_MaxCov,Sawmill_2023-CAINF-001691,20230914,16,pyrologix,5,none,2023,0.0,0.0019168690778315067,-1,undetected,1,9.489961992702219e-05,0,0.0,False
GaussianBudget75M_MaxCov,Sawmill_2023-CATMU-015860,20230614,22,pyrologix,2,100-68,2023,0.0,0.01916795305442065,-1,undetected,1,9.489961992702219e-05,2900,0.004555181756497065,True
GaussianBudget75M_MaxCov,Sawmill_2023-CATMU-017755,20230702,12,pyrologix,11,100-68,2023,0.0,0.005071101011708379,0,drone,1,9.489961992702219e-05,4145,0.004555181756497065,True
GaussianBudget75M_MaxCov,Sawpit_2023-CABDF-009359,20230701,17,pyrologix,9,none,2023,0.0,0.0019370660884305835,-1,undetected,1,9.489961992702219e-05,0,0.0,False
GaussianBudget75M_MaxCov,School_2023-CALPF-001981,20230724,13,pyrologix,6,none,2023,0.0,0.0018894970417022705,-1,undetected,1,9.489961992702219e-05,0,0.0,False
GaussianBudget75M_MaxCov,Scotland_2023-CABDF-006716,20230430,16,pyrologix,12,206-88,2023,0.0,0.0036036180099472404,0,drone,1,9.489961992702219e-05,4565,0.004460282136570043,True
GaussianBudget75M_MaxCov,Scott_2023-CAKNF-006941,20230815,12,pyrologix,4,24-32,2023,0.0,0.0024272829759866,0,drone,1,9.489961992702219e-05,1650,0.0046500813764240876,True
GaussianBudget75M_MaxCov,Seattle_2023-CAKNF-006088,20230720,18,pyrologix,4,17-27,2023,0.0,0.003065570956096053,0,drone,1,9.489961992702219e-05,1700,0.0046500813764240876,True
GaussianBudget75M_MaxCov,Seely_2023-CASRF-000070,20230130,16,pyrologix,11,38-21,2023,0.0,0.004055135999806225,0,drone,1,9.489961992702219e-05,3875,0.0046500813764240876,True
GaussianBudget75M_MaxCov,Shadow_2023-CAINF-001305,20230813,2,pyrologix,3,127-76,2023,0.0,0.0022092509316280484,0,drone,1,9.489961992702219e-05,1090,0.004175583276788976,True
GaussianBudget75M_MaxCov,Shadow_2023-CAKNF-006974,20230815,19,pyrologix,2,24-32,2023,0.0,0.006840068963356316,0,drone,1,9.489961992702219e-05,1030,0.004460282136570043,True
GaussianBudget75M_MaxCov,Shake_2023-CASHF-001018,20230818,17,pyrologix,5,45-27,2023,0.0,0.002688428037799895,0,drone,1,9.489961992702219e-05,1785,0.004555181756497065,True
GaussianBudget75M_MaxCov,Shanty_2023-CASRF-000532,20230614,19,pyrologix,5,24-25,2023,0.0,0.005320277996361256,1,drone,1,9.489961992702219e-05,2120,0.0046500813764240876,True
GaussianBudget75M_MaxCov,Shark_2023-CASNF-001269,20230831,19,pyrologix,4,128-69,2023,0.0,0.0026404099771752954,0,drone,1,9.489961992702219e-05,1470,0.004460282136570043,True
GaussianBudget75M_MaxCov,Sheep_2023-CABDF-017505,20231208,18,pyrologix,10,206-88,2023,0.0,0.0058897510170936584,1,drone,1,9.489961992702219e-05,4115,0.004460282136570043,True
GaussianBudget75M_MaxCov,Sheering_2023-CASTF-002013,20230915,13,pyrologix,6,114-64,2023,0.0,0.0030513950623571873,0,drone,1,9.489961992702219e-05,2180,0.0046500813764240876,True
GaussianBudget75M_MaxCov,Shell_2023-CAINF-001028,20230716,2,pyrologix,3,none,2023,0.0,0.001910520950332284,-1,undetected,1,9.489961992702219e-05,0,0.0,False
GaussianBudget75M_MaxCov,Shell_2023-CASQF-002182,20231008,15,pyrologix,7,147-79,2023,0.0,0.00672530906740576,1,drone,1,9.489961992702219e-05,3200,0.0046500813764240876,True
GaussianBudget75M_MaxCov,Shelly_2023-CATMU-021441,20230806,23,pyrologix,2,none,2023,0.0,0.0018847810570150614,-1,undetected,1,9.489961992702219e-05,0,0.0,False
GaussianBudget75M_MaxCov,Sherer_2023-CASHF-001032,20230819,15,pyrologix,12,37-35,2023,0.0,0.007656708010472357,0,drone,1,9.489961992702219e-05,4475,0.0046500813764240876,True
GaussianBudget75M_MaxCov,Shinn_2023-CALAC-253309,20230729,3,pyrologix,1,206-88,2023,0.0,0.0013939270284026861,0,drone,1,9.489961992702219e-05,395,0.0033214866974457763,True
GaussianBudget75M_MaxCov,Shoemaker_2023-CAANF-001915,20230702,10,pyrologix,9,206-81,2023,0.0,0.004542742040939629,0,drone,1,9.489961992702219e-05,3935,0.0040806836568619545,True
GaussianBudget75M_MaxCov,Shu_Assist_Industrial_2023-CASHF-000484,20230526,19,pyrologix,5,45-27,2023,0.0,0.00620487192645669,1,drone,1,9.489961992702219e-05,2210,0.0046500813764240876,True
GaussianBudget75M_MaxCov,Sierra_2023-CAANF-232758,20230816,20,pyrologix,7,201-76,2023,0.0,0.007026246981695294,0,drone,1,9.489961992702219e-05,2645,0.004555181756497065,True
GaussianBudget75M_MaxCov,Sierra_2023-CALAC-277737,20230816,23,pyrologix,1,201-76,2023,0.0,0.00493762397672981,1,drone,1,9.489961992702219e-05,840,0.004270482896715999,True
GaussianBudget75M_MaxCov,Silver_2023-CABDF-011250,20230810,18,pyrologix,3,209-96,2023,0.0,0.012545113102532923,3,drone,1,9.489961992702219e-05,2535,0.004460282136570043,True
GaussianBudget75M_MaxCov,Silver_2023-CAENF-022362,20230815,15,pyrologix,8,100-61,2023,0.0,0.0029838240006938577,0,drone,1,9.489961992702219e-05,3195,0.0046500813764240876,True
GaussianBudget75M_MaxCov,Silver_2023-CASHU-008484,20230804,23,pyrologix,12,44-41,2023,0.0,0.01925908704288304,-1,undetected,1,9.489961992702219e-05,4880,0.0046500813764240876,True
GaussianBudget75M_MaxCov,Sims_2023-CASHF-001211,20230920,20,pyrologix,7,37-42,2023,0.0,0.006446218932978809,0,drone,1,9.489961992702219e-05,2430,0.0046500813764240876,True
GaussianBudget75M_MaxCov,Sims_2023-CATCU-010658,20230812,20,pyrologix,6,114-57,2023,0.0,0.006774758105166256,1,drone,1,9.489961992702219e-05,3100,0.0046500813764240876,True
GaussianBudget75M_MaxCov,Single_2023-CASTF-001529,20230813,0,pyrologix,6,114-64,2023,0.0,0.00308066897559911,0,drone,1,9.489961992702219e-05,2180,0.0046500813764240876,True
GaussianBudget75M_MaxCov,Sister_2023-CAKNF-004500,20230608,17,pyrologix,12,30-52,2023,0.0,0.0036650890251621604,0,drone,1,9.489961992702219e-05,4825,0.0046500813764240876,True
GaussianBudget75M_MaxCov,Ski_2023-CASTF-001676,20230820,16,pyrologix,9,114-64,2023,0.0,0.005392530933022499,0,drone,1,9.489961992702219e-05,3480,0.0046500813764240876,True
GaussianBudget75M_MaxCov,Skunk_2023-CASHF-000313,20230417,16,pyrologix,7,45-27,2023,0.0,0.006570833967998624,1,drone,1,9.489961992702219e-05,2945,0.0046500813764240876,True
GaussianBudget75M_MaxCov,Sky_2023-CASNF-000380,20230527,20,pyrologix,10,128-69,2023,0.0,0.006207733997143805,1,drone,1,9.489961992702219e-05,3935,0.004555181756497065,True
GaussianBudget75M_MaxCov,Sky_2023-CATCU-010394,20230807,23,pyrologix,3,121-61,2023,0.0,0.00397969305049628,0,drone,1,9.489961992702219e-05,1375,0.0046500813764240876,True
GaussianBudget75M_MaxCov,Slab_Creek_Reservoir_Camino_2023-CAAEU-010441,20230419,0,pyrologix,1,93-56,2023,0.0,0.002914726035669446,0,drone,1,9.489961992702219e-05,685,0.003985784036934932,True
GaussianBudget75M_MaxCov,Slide_1_2023-CAMNF-000852,20230815,13,pyrologix,10,59-26,2023,0.0,0.00629734992980957,1,drone,1,9.489961992702219e-05,3860,0.0046500813764240876,True
GaussianBudget75M_MaxCov,Slide_2_2023-CAMNF-000854,20230815,14,pyrologix,7,66-26,2023,0.0,0.004997006035409868,0,drone,1,9.489961992702219e-05,3325,0.0046500813764240876,True
GaussianBudget75M_MaxCov,Smith_2023-CASTF-000451,20230426,15,pyrologix,7,121-61,2023,0.0,0.003120042965747416,0,drone,1,9.489961992702219e-05,2615,0.0046500813764240876,True
GaussianBudget75M_MaxCov,Smokey_2023-CAINF-001714,20230917,19,pyrologix,2,124-80,2023,0.0,0.003930159960873425,0,drone,1,9.489961992702219e-05,980,0.004365382516643021,True
GaussianBudget75M_MaxCov,Snag_2023-CALMU-002821,20230606,21,pyrologix,2,44-62,2023,0.0,0.0033698660554364324,0,drone,1,9.489961992702219e-05,945,0.004555181756497065,True
GaussianBudget75M_MaxCov,Snake_2023-CAPNF-000744,20230717,13,pyrologix,11,72-59,2023,0.0,0.003542906022630632,0,drone,1,9.489961992702219e-05,3995,0.0046500813764240876,True
GaussianBudget75M_MaxCov,Snow_2023-CABDF-015602,20231116,16,pyrologix,3,223-101,2023,0.0,0.006614950951188803,1,drone,1,9.489961992702219e-05,1825,0.0046500813764240876,True
GaussianBudget75M_MaxCov,Snow_2023-CASHF-001072,20230825,22,pyrologix,7,52-19,2023,0.0,0.005303354002535343,0,drone,1,9.489961992702219e-05,2840,0.0046500813764240876,True
GaussianBudget75M_MaxCov,Soda_2023-CAENF-015599,20230611,21,pyrologix,5,93-62,2023,0.0,0.007273110095411539,1,drone,1,9.489961992702219e-05,2400,0.0046500813764240876,True
GaussianBudget75M_MaxCov,Soda_2023-CASHF-000457,20230521,19,pyrologix,6,37-42,2023,0.0,0.0020881040254607797,0,charging station,1,9.489961992702219e-05,1960,0.0046500813764240876,True
GaussianBudget75M_MaxCov,Soldier_2023-CALAC-257321,20230801,4,pyrologix,3,206-81,2023,0.0,0.009531743940897286,1,drone,1,9.489961992702219e-05,1980,0.0040806836568619545,True
GaussianBudget75M_MaxCov,South_2023-CASRF-000500,20230609,19,pyrologix,4,31-24,2023,0.0,0.002392956055700779,0,drone,1,9.489961992702219e-05,1600,0.004555181756497065,True
GaussianBudget75M_MaxCov,South_2023-CASRF-000646,20230705,0,pyrologix,5,38-21,2023,0.0,0.008095173048786819,2,drone,1,9.489961992702219e-05,2545,0.0046500813764240876,True
GaussianBudget75M_MaxCov,Spanish_2023-CASNF-000527,20230612,15,pyrologix,4,141-74,2023,0.0,0.0024898609844967723,0,drone,1,9.489961992702219e-05,1445,0.004555181756497065,True
GaussianBudget75M_MaxCov,Spaulding_2023-CAMDF-000211,20230605,16,pyrologix,11,37-63,2023,0.0,0.005638221045956016,0,drone,1,9.489961992702219e-05,4290,0.0046500813764240876,True
GaussianBudget75M_MaxCov,Spillway_2023-CALAC-386515,20231111,3,pyrologix,3,201-76,2023,0.0,0.006761158001609147,1,drone,1,9.489961992702219e-05,1645,0.004555181756497065,True
GaussianBudget75M_MaxCov,Spot_2023-CABDF-005844,20230408,16,pyrologix,5,223-101,2023,0.0,0.0066345299128443,0,drone,1,9.489961992702219e-05,2145,0.0046500813764240876,True
GaussianBudget75M_MaxCov,Spring_2023-CAMDF-000733,20230826,13,pyrologix,12,37-63,2023,0.0,0.01915051299147308,-1,undetected,1,9.489961992702219e-05,5090,0.0046500813764240876,True
GaussianBudget75M_MaxCov,Spring_2023-CAPNF-000278,20230519,15,pyrologix,10,79-61,2023,0.0,0.0028957220492884517,0,drone,1,9.489961992702219e-05,3560,0.0046500813764240876,True
GaussianBudget75M_MaxCov,Spring_2023-CASHF-001191,20230916,20,pyrologix,6,45-20,2023,0.0,0.004895949037745595,1,drone,1,9.489961992702219e-05,2445,0.0046500813764240876,True
GaussianBudget75M_MaxCov,Spring_2023-CASTF-001996,20230913,19,pyrologix,6,121-61,2023,0.0,0.008411554037593305,2,drone,1,9.489961992702219e-05,2950,0.0046500813764240876,True
GaussianBudget75M_MaxCov,Spring_2023-CATNF-000557,20230601,14,pyrologix,12,79-61,2023,0.0,0.00472327892202884,0,drone,1,9.489961992702219e-05,4405,0.0046500813764240876,True
GaussianBudget75M_MaxCov,Springs_2023-CACNF-000760,20230416,7,pyrologix,11,220-87,2023,0.0,0.007771928911097348,1,drone,1,9.489961992702219e-05,4865,0.004555181756497065,True
GaussianBudget75M_MaxCov,Springs_2_2023-CACNF-000822,20230425,10,pyrologix,5,220-87,2023,0.0,0.008364130975678563,1,drone,1,9.489961992702219e-05,2235,0.004555181756497065,True
GaussianBudget75M_MaxCov,Spur_2023-CAPNF-000428,20230607,17,pyrologix,9,65-64,2023,0.0,0.0062877340242266655,1,drone,1,9.489961992702219e-05,3285,0.0046500813764240876,True
GaussianBudget75M_MaxCov,Squaw_2023-CABTU-008770,20230514,0,pyrologix,5,79-47,2023,0.0,0.0031671469332650304,0,drone,1,9.489961992702219e-05,2040,0.0046500813764240876,True
GaussianBudget75M_MaxCov,Squaw_2023-CALPF-001664,20230701,9,pyrologix,12,198-64,2023,0.0,0.003186906920745969,0,drone,1,9.489961992702219e-05,4760,0.0046500813764240876,True
GaussianBudget75M_MaxCov,Squirrel_2023-CASHF-000989,20230815,20,pyrologix,4,37-35,2023,0.0,0.002241568989120424,0,drone,1,9.489961992702219e-05,1465,0.004555181756497065,True
GaussianBudget75M_MaxCov,Stage_2023-CASKU-003070,20230423,1,pyrologix,3,37-42,2023,0.0,0.0019061550265178084,0,drone,1,9.489961992702219e-05,1065,0.0046500813764240876,True
GaussianBudget75M_MaxCov,Staging_2023-CALPF-002221,20230810,13,pyrologix,11,175-45,2023,0.0,0.006618283921852708,1,drone,1,9.489961992702219e-05,4500,0.0046500813764240876,True
GaussianBudget75M_MaxCov,Stampede_2023-CATNF-000456,20230520,16,pyrologix,11,86-67,2023,0.0,0.006965009029954672,1,drone,1,9.489961992702219e-05,4575,0.004460282136570043,True
GaussianBudget75M_MaxCov,Stan_2023-CASTF-001612,20230817,15,pyrologix,5,107-68,2023,0.0,0.002544282004237175,0,drone,1,9.489961992702219e-05,2015,0.0046500813764240876,True
GaussianBudget75M_MaxCov,Star_2023-CACNF-002537,20230912,16,pyrologix,8,none,2023,0.0,0.0018837819807231426,-1,undetected,1,9.489961992702219e-05,0,0.0,False
GaussianBudget75M_MaxCov,Star_2023-CASTF-000464,20230427,18,pyrologix,8,114-57,2023,0.0,0.0034596469486132264,0,drone,1,9.489961992702219e-05,3355,0.0046500813764240876,True
GaussianBudget75M_MaxCov,Stine_2023-CASQF-001101,20230703,15,pyrologix,12,170-77,2023,0.0,0.020291797001846135,-1,undetected,1,9.489961992702219e-05,4620,0.0046500813764240876,True
GaussianBudget75M_MaxCov,Stock_2023-CAMDF-000937,20230919,17,pyrologix,10,none,2023,0.0,0.0018855739617720246,-1,undetected,1,9.489961992702219e-05,0,0.0,False
GaussianBudget75M_MaxCov,Stone_2023-CABDF-006328,20230421,15,pyrologix,10,206-88,2023,0.0,0.005217910977080464,0,drone,1,9.489961992702219e-05,4085,0.004460282136570043,True
GaussianBudget75M_MaxCov,Stone_2023-CASHF-000695,20230628,22,pyrologix,12,52-26,2023,0.0,0.0046039390144869685,0,drone,1,9.489961992702219e-05,4165,0.0046500813764240876,True
GaussianBudget75M_MaxCov,Stoneridge_2023-CACNF-001060,20230524,22,pyrologix,7,230-100,2023,0.0,0.002461603027768433,0,drone,1,9.489961992702219e-05,2400,0.004555181756497065,True
GaussianBudget75M_MaxCov,Stones_2023-CAKNF-005095,20230625,17,pyrologix,3,24-32,2023,0.0,0.0017665219493210316,0,drone,1,9.489961992702219e-05,1180,0.004460282136570043,True
GaussianBudget75M_MaxCov,Straw_2023-CASTF-001550,20230814,22,pyrologix,10,114-64,2023,0.0,0.006610924028791487,1,drone,1,9.489961992702219e-05,3980,0.0046500813764240876,True
GaussianBudget75M_MaxCov,Stuart_2023-CASHF-000544,20230606,11,pyrologix,11,38-28,2023,0.0,0.004139714990742505,0,drone,1,9.489961992702219e-05,3770,0.0046500813764240876,True
GaussianBudget75M_MaxCov,Stump_2023-CAKNF-000706,20230125,13,pyrologix,6,23-39,2023,0.0,0.0030486700125038624,0,drone,1,9.489961992702219e-05,2335,0.0046500813764240876,True
GaussianBudget75M_MaxCov,Sugar_2023-CANEU-018360,20230701,11,pyrologix,5,86-53,2023,0.0,0.0022049190010875463,0,drone,1,9.489961992702219e-05,1880,0.0046500813764240876,True
GaussianBudget75M_MaxCov,Sugar_2023-CASTF-001969,20230911,13,pyrologix,6,114-64,2023,0.0,0.008348250994458795,2,drone,1,9.489961992702219e-05,2805,0.0046500813764240876,True
GaussianBudget75M_MaxCov,Sugar_2023-CATNF-000854,20230701,9,pyrologix,11,86-53,2023,0.0,0.0030793299665674567,0,drone,1,9.489961992702219e-05,4200,0.0046500813764240876,True
GaussianBudget75M_MaxCov,Sugarloaf_2023-CABDF-017660,20231212,18,pyrologix,5,214-103,2023,0.0,0.006485986057668924,1,drone,1,9.489961992702219e-05,2345,0.004365382516643021,True
GaussianBudget75M_MaxCov,Sulpher_2023-CASHF-000992,20230815,22,pyrologix,3,45-20,2023,0.0,0.007686999975703657,1,drone,1,9.489961992702219e-05,1510,0.004555181756497065,True
GaussianBudget75M_MaxCov,Sulphur_2_2023-CAINF-001392,20230818,22,pyrologix,9,none,2023,0.0,0.0019192720064893365,-1,undetected,1,9.489961992702219e-05,0,0.0,False
GaussianBudget75M_MaxCov,Summit_2023-CASHU-006574,20230624,0,pyrologix,8,45-27,2023,0.0,0.00758967106230557,1,drone,1,9.489961992702219e-05,3300,0.0046500813764240876,True
GaussianBudget75M_MaxCov,Summit_2023-CASNF-001403,20230909,20,pyrologix,8,127-76,2023,0.0,0.004823609022423625,0,drone,1,9.489961992702219e-05,3185,0.004555181756497065,True
GaussianBudget75M_MaxCov,Sunrise_2023-CACNF-002091,20230805,7,pyrologix,6,none,2023,0.0,0.0019321179715916514,-1,undetected,1,9.489961992702219e-05,0,0.0,False
GaussianBudget75M_MaxCov,Sutherland_2023-CACNF-001178,20230603,23,pyrologix,2,237-97,2023,0.0,0.006692240014672279,1,drone,1,9.489961992702219e-05,1585,0.004555181756497065,True
GaussianBudget75M_MaxCov,Swanson_2023-CAKNF-005094,20230625,12,pyrologix,12,24-32,2023,0.0,0.0037919459864497185,0,drone,1,9.489961992702219e-05,4630,0.0046500813764240876,True
GaussianBudget75M_MaxCov,Sweetbrier_2023-CASHF-001012,20230818,6,pyrologix,11,37-42,2023,0.0,0.0044432650320231915,0,drone,1,9.489961992702219e-05,3785,0.0046500813764240876,True
GaussianBudget75M_MaxCov,Swift_2023-CASHF-000972,20230815,10,pyrologix,8,37-35,2023,0.0,0.006531929946504533,1,drone,1,9.489961992702219e-05,3440,0.0046500813764240876,True
GaussianBudget75M_MaxCov,Swillup_2023-CAKNF-006937,20230815,13,pyrologix,2,24-25,2023,0.0,0.005985590978525579,1,drone,1,9.489961992702219e-05,1285,0.004460282136570043,True
GaussianBudget75M_MaxCov,Swimming_Hole_2023-CAPNF-001425,20230930,1,pyrologix,4,65-57,2023,0.0,0.0075660370057448745,1,drone,1,9.489961992702219e-05,2115,0.0046500813764240876,True
GaussianBudget75M_MaxCov,Table_2023-CATNF-000622,20230606,17,pyrologix,2,79-54,2023,0.0,0.002071262919344008,0,drone,1,9.489961992702219e-05,835,0.0046500813764240876,True
GaussianBudget75M_MaxCov,Tadpole_2023-CATNF-001289,20230816,23,pyrologix,4,86-60,2023,0.0,0.00585315003991127,1,drone,1,9.489961992702219e-05,2070,0.0046500813764240876,True
GaussianBudget75M_MaxCov,Tailgate_2023-CALPF-001952,20230722,14,pyrologix,6,175-45,2023,0.0,0.0036430240143090487,0,drone,1,9.489961992702219e-05,2300,0.0046500813764240876,True
GaussianBudget75M_MaxCov,Tamarack_2023-CAPNF-001273,20230908,18,pyrologix,1,72-52,2023,0.0,0.0037522490601986647,0,drone,1,9.489961992702219e-05,705,0.004365382516643021,True
GaussianBudget75M_MaxCov,Tank_2023-CAMDF-000569,20230818,10,pyrologix,10,none,2023,0.0,0.001910742954351008,-1,undetected,1,9.489961992702219e-05,0,0.0,False
GaussianBudget75M_MaxCov,Tanker_2023-CAANF-002610,20230808,23,pyrologix,3,195-71,2023,0.0,0.002582305925898254,0,drone,1,9.489961992702219e-05,1210,0.004555181756497065,True
GaussianBudget75M_MaxCov,Tanker_2023-CALAC-266211,20230808,0,pyrologix,1,195-71,2023,0.0,0.0069234269903972745,1,drone,1,9.489961992702219e-05,1030,0.004270482896715999,True
GaussianBudget75M_MaxCov,Tanner_2023-CAKNF-008087,20230917,3,pyrologix,2,31-31,2023,0.0,0.007656443980522454,1,drone,1,9.489961992702219e-05,1180,0.004555181756497065,True
GaussianBudget75M_MaxCov,Taylor_2023-CAINF-001071,20230719,17,pyrologix,9,none,2023,0.0,0.0019277899991720915,-1,undetected,1,9.489961992702219e-05,0,0.0,False
GaussianBudget75M_MaxCov,Taylorsville_2023-CAPNF-001563,20231105,13,pyrologix,9,65-57,2023,0.0,0.006833931081928313,1,drone,1,9.489961992702219e-05,3845,0.0046500813764240876,True
GaussianBudget75M_MaxCov,Tea_2023-CASNF-001395,20230909,13,pyrologix,11,141-74,2023,0.0,0.0066485629649832845,1,drone,1,9.489961992702219e-05,4230,0.0046500813764240876,True
GaussianBudget75M_MaxCov,Tecuya_2023-CALPF-002100,20230802,12,pyrologix,6,189-64,2023,0.0,0.002357010031118989,0,drone,1,9.489961992702219e-05,2255,0.0046500813764240876,True
GaussianBudget75M_MaxCov,Telephone_2023-CASHF-001189,20230916,17,pyrologix,11,52-26,2023,0.0,0.006576262996532023,1,drone,1,9.489961992702219e-05,4070,0.0046500813764240876,True
GaussianBudget75M_MaxCov,Thatcher_2023-CAMNF-000495,20230625,20,pyrologix,5,66-19,2023,0.0,0.006045337067916989,1,drone,1,9.489961992702219e-05,2350,0.0046500813764240876,True
GaussianBudget75M_MaxCov,Thompson_2023-CASTF-001742,20230827,0,pyrologix,6,114-64,2023,0.0,0.0071835569106042385,1,drone,1,9.489961992702219e-05,2730,0.0046500813764240876,True
GaussianBudget75M_MaxCov,Three_Creeks_2023-CAKNF-007001,20230816,0,pyrologix,7,24-25,2023,0.0,0.0023004349786788225,0,drone,1,9.489961992702219e-05,2390,0.0046500813764240876,True
GaussianBudget75M_MaxCov,Thurman_2023-CABDF-017306,20231206,20,pyrologix,8,216-96,2023,0.0,0.0030944590689614415,0,drone,1,9.489961992702219e-05,2990,0.004460282136570043,True
GaussianBudget75M_MaxCov,Tierra_2023-CAENF-014309,20230529,18,pyrologix,12,93-56,2023,0.0,0.005063871969468892,0,drone,1,9.489961992702219e-05,5090,0.0046500813764240876,True
GaussianBudget75M_MaxCov,Timber_2023-CAMMU-011033,20230525,19,pyrologix,12,121-61,2023,0.0,0.005198893020860851,0,drone,1,9.489961992702219e-05,4430,0.0046500813764240876,True
GaussianBudget75M_MaxCov,Timber_2023-CASHU-008929,20230815,12,pyrologix,2,44-55,2023,0.0,0.003013486973941326,0,drone,1,9.489961992702219e-05,915,0.004555181756497065,True
GaussianBudget75M_MaxCov,Tire_2023-CAANF-001601,20230618,19,pyrologix,4,195-71,2023,0.0,0.004032265045680106,0,drone,1,9.489961992702219e-05,1700,0.0046500813764240876,True
GaussianBudget75M_MaxCov,Titmouse_2023-CAKNF-007216,20230822,21,pyrologix,7,31-31,2023,0.0,0.004481773939915001,0,drone,1,9.489961992702219e-05,2740,0.0046500813764240876,True
GaussianBudget75M_MaxCov,Titus_2023-CAKNF-006950,20230815,14,pyrologix,4,24-32,2023,0.0,0.007573303999379277,2,drone,1,9.489961992702219e-05,2390,0.0046500813764240876,True
GaussianBudget75M_MaxCov,Tnf-Forest_2023-CANEU-016816,20230616,17,pyrologix,2,93-56,2023,0.0,0.004491742933169007,1,drone,1,9.489961992702219e-05,1295,0.004365382516643021,True
GaussianBudget75M_MaxCov,Townsend_2023-CAKNF-007031,20230816,19,pyrologix,6,24-32,2023,0.0,0.00281858304515481,0,drone,1,9.489961992702219e-05,2430,0.0046500813764240876,True
GaussianBudget75M_MaxCov,Track_2023-CABDF-011906,20230829,18,pyrologix,11,206-88,2023,0.0,0.004989887936972082,0,drone,1,9.489961992702219e-05,4355,0.004460282136570043,True
GaussianBudget75M_MaxCov,Trail_2023-CAKNF-004558,20230610,16,pyrologix,8,none,2023,0.0,0.0018801270052790642,-1,undetected,1,9.489961992702219e-05,0,0.0,False
GaussianBudget75M_MaxCov,Trail_2023-CALNF-002794,20230606,21,pyrologix,9,51-54,2023,0.0,0.004103315062820911,0,drone,1,9.489961992702219e-05,3420,0.0046500813764240876,True
GaussianBudget75M_MaxCov,Trail_2023-CASKU-006612,20230806,22,pyrologix,7,23-39,2023,0.0,0.00622393109370023,1,drone,1,9.489961992702219e-05,3030,0.0046500813764240876,True
GaussianBudget75M_MaxCov,Trail_2023-CATMU-021397,20230805,10,pyrologix,11,86-67,2023,0.0,0.010236953967250884,1,drone,1,9.489961992702219e-05,4660,0.004460282136570043,True
GaussianBudget75M_MaxCov,Trail_2023-CATNF-001137,20230729,20,pyrologix,4,86-60,2023,0.0,0.0034433919936418533,0,drone,1,9.489961992702219e-05,1700,0.0046500813764240876,True
GaussianBudget75M_MaxCov,Training_2_2023-CACND-000002,20230102,14,pyrologix,4,170-70,2023,2309.6743248190032,0.004920960054732859,0,drone,1,9.489961992702219e-05,1700,0.004460282136570043,True
GaussianBudget75M_MaxCov,Trash_2023-CAINF-000843,20230629,21,pyrologix,1,124-80,2023,0.0,0.0022521859500557184,0,drone,1,9.489961992702219e-05,505,0.003511285937299821,True
GaussianBudget75M_MaxCov,Treasure_2023-CATNF-001279,20230815,14,pyrologix,6,79-61,2023,0.0,0.01052578806411475,3,drone,1,9.489961992702219e-05,3175,0.0046500813764240876,True
GaussianBudget75M_MaxCov,Tree_2023-CASTF-001544,20230814,19,pyrologix,12,114-64,2023,0.0,0.003568266984075308,0,drone,1,9.489961992702219e-05,4295,0.0046500813764240876,True
GaussianBudget75M_MaxCov,Trout_2023-CALNF-006021,20231104,20,pyrologix,5,51-54,2023,0.0,0.0034104289952665567,0,drone,1,9.489961992702219e-05,1980,0.004555181756497065,True
GaussianBudget75M_MaxCov,Trout_2023-CASTF-001979,20230912,22,pyrologix,6,114-64,2023,0.0,0.00570234504994005,1,drone,1,9.489961992702219e-05,2530,0.0046500813764240876,True
GaussianBudget75M_MaxCov,Tunnel_2023-CASQF-000909,20230620,12,pyrologix,6,177-72,2023,0.0,0.004736236063763499,0,drone,1,9.489961992702219e-05,2395,0.0046500813764240876,True
GaussianBudget75M_MaxCov,Tunnel_2023-CASRF-000823,20230728,20,pyrologix,7,none,2023,0.0,0.001970733981579542,-1,undetected,1,9.489961992702219e-05,0,0.0,False
GaussianBudget75M_MaxCov,Turkey_2023-CALPF-000763,20230405,12,pyrologix,8,175-45,2023,0.0,0.002926597953774035,0,drone,1,9.489961992702219e-05,2985,0.0046500813764240876,True
GaussianBudget75M_MaxCov,Turner_2023-CAMDF-000874,20230906,20,pyrologix,6,37-63,2023,0.0,0.003100230940617621,0,drone,1,9.489961992702219e-05,2505,0.0046500813764240876,True
GaussianBudget75M_MaxCov,Twain_2023-CAPNF-000275,20230519,4,pyrologix,2,65-57,2023,0.0,0.0062473800498992205,1,drone,1,9.489961992702219e-05,1320,0.0046500813764240876,True
GaussianBudget75M_MaxCov,Twin_2023-CAANF-001960,20230703,17,pyrologix,4,206-88,2023,0.0,0.0021308530122041702,0,drone,1,9.489961992702219e-05,1635,0.004460282136570043,True
GaussianBudget75M_MaxCov,Twin_2023-CALNF-004089,20230803,16,pyrologix,10,51-54,2023,0.0,0.007228573085740209,1,drone,1,9.489961992702219e-05,4100,0.0046500813764240876,True
GaussianBudget75M_MaxCov,Tyler_2023-CAKNF-005133,20230626,9,pyrologix,12,24-32,2023,0.0,0.018912684987299144,-1,undetected,1,9.489961992702219e-05,5285,0.0046500813764240876,True
GaussianBudget75M_MaxCov,Ufish_2023-CAKNF-007029,20230816,19,pyrologix,4,24-25,2023,0.0,0.0095879549626261,2,drone,1,9.489961992702219e-05,2175,0.0046500813764240876,True
GaussianBudget75M_MaxCov,Uncle_2023-CAKNF-008107,20230917,19,pyrologix,2,31-31,2023,0.0,0.0026504030684009194,0,drone,1,9.489961992702219e-05,880,0.004555181756497065,True
GaussianBudget75M_MaxCov,Underwood_2023-CASTF-001617,20230817,21,pyrologix,1,107-68,2023,0.0,0.005005042999982834,1,drone,1,9.489961992702219e-05,900,0.004555181756497065,True
GaussianBudget75M_MaxCov,Upper_2023-CACNF-001655,20230708,15,pyrologix,4,237-97,2023,0.0,0.005166667979210615,1,drone,1,9.489961992702219e-05,2055,0.004555181756497065,True
GaussianBudget75M_MaxCov,Upper_2023-CASHF-000983,20230815,14,pyrologix,10,38-28,2023,0.0,0.008585729985497892,2,drone,1,9.489961992702219e-05,4075,0.0046500813764240876,True
GaussianBudget75M_MaxCov,Valencia_2023-CANEU-015694,20230604,18,pyrologix,12,86-53,2023,0.0,0.003255810937844217,0,drone,1,9.489961992702219e-05,4650,0.0046500813764240876,True
GaussianBudget75M_MaxCov,Valley_2023-CAKNF-005234,20230628,16,pyrologix,9,24-32,2023,0.0,0.003360806033015251,0,drone,1,9.489961992702219e-05,3535,0.0046500813764240876,True
GaussianBudget75M_MaxCov,Valley_2023-CAMDF-000562,20230818,22,pyrologix,7,none,2023,0.0,0.0019707370083779097,-1,undetected,1,9.489961992702219e-05,0,0.0,False
GaussianBudget75M_MaxCov,Valley_2023-CAPNF-000709,20230711,18,pyrologix,6,72-52,2023,0.0,0.004269954981282353,0,drone,1,9.489961992702219e-05,2650,0.0046500813764240876,True
GaussianBudget75M_MaxCov,Valley_2023-CASHF-000600,20230615,18,pyrologix,12,45-20,2023,0.0,0.0031229170272126794,0,drone,1,9.489961992702219e-05,4315,0.0046500813764240876,True
GaussianBudget75M_MaxCov,Vann_2023-CAKNF-007350,20230826,20,pyrologix,11,17-27,2023,0.0,0.02615710091777146,-1,undetected,1,9.489961992702219e-05,4910,0.0046500813764240876,True
GaussianBudget75M_MaxCov,Viejas_2023-CACNF-002123,20230807,22,pyrologix,9,244-98,2023,0.0,0.004208190948702395,0,drone,1,9.489961992702219e-05,3470,0.0046500813764240876,True
GaussianBudget75M_MaxCov,Viejas_2_2023-CACNF-002645,20230924,15,pyrologix,10,244-98,2023,0.0,0.007514431024901569,1,drone,1,9.489961992702219e-05,4365,0.0046500813764240876,True
GaussianBudget75M_MaxCov,Vista_2023-CAANF-002138,20230710,22,pyrologix,1,195-71,2023,0.0,0.007108164019882679,1,drone,1,9.489961992702219e-05,1030,0.004270482896715999,True
GaussianBudget75M_MaxCov,Vista_2023-CAINF-001907,20231021,20,pyrologix,1,none,2023,0.0,0.001986827002838254,-1,undetected,1,9.489961992702219e-05,0,0.0,False
GaussianBudget75M_MaxCov,Vista_2023-CALAC-216296,20230630,19,pyrologix,3,195-71,2023,0.0,0.0029891940066590905,0,drone,1,9.489961992702219e-05,1210,0.004555181756497065,True
GaussianBudget75M_MaxCov,Vista_2023-CASTF-001614,20230817,19,pyrologix,1,107-68,2023,0.0,0.010260914918035269,3,drone,1,9.489961992702219e-05,1600,0.0046500813764240876,True
GaussianBudget75M_MaxCov,Vogel_2023-CAANF-001973,20230703,17,pyrologix,8,201-76,2023,0.0,0.005982614005915821,1,drone,1,9.489961992702219e-05,3285,0.004555181756497065,True
GaussianBudget75M_MaxCov,Vogel_2023-CALAC-220317,20230703,17,pyrologix,9,201-76,2023,0.0,0.003001034026965499,0,drone,1,9.489961992702219e-05,3250,0.004555181756497065,True
GaussianBudget75M_MaxCov,Volcano_2023-CASHU-001661,20230215,14,pyrologix,2,44-55,2023,0.0,0.004931658040732145,1,drone,1,9.489961992702219e-05,1170,0.004555181756497065,True
GaussianBudget75M_MaxCov,Votaw_2023-CAENF-022401,20230816,19,pyrologix,11,100-61,2023,0.0,0.007457221974618733,1,drone,1,9.489961992702219e-05,4810,0.0046500813764240876,True
GaussianBudget75M_MaxCov,Wagner_2023-CAMMU-020253,20230910,21,pyrologix,1,121-61,2023,0.0,0.0020134520018473268,0,drone,1,9.489961992702219e-05,480,0.003795984797080888,True
GaussianBudget75M_MaxCov,Wagon_2_2023-CAANF-233724,20231110,20,pyrologix,1,201-76,2023,0.0,0.0027365100104361773,0,drone,1,9.489961992702219e-05,615,0.0040806836568619545,True
GaussianBudget75M_MaxCov,Wall_2023-CATNF-000797,20230624,12,pyrologix,9,86-60,2023,0.0,0.0038810769328847528,0,drone,1,9.489961992702219e-05,3580,0.0046500813764240876,True
GaussianBudget75M_MaxCov,Walls_2023-CANEU-018722,20230703,17,pyrologix,7,79-54,2023,0.0,0.0032068570144474506,0,drone,1,9.489961992702219e-05,2595,0.0046500813764240876,True
GaussianBudget75M_MaxCov,Walter_2023-CALAC-272893,20230813,1,pyrologix,10,none,2023,0.0,0.001956684049218893,-1,undetected,1,9.489961992702219e-05,0,0.0,False
GaussianBudget75M_MaxCov,Wash_2023-CABDF-012288,20230913,22,pyrologix,12,206-88,2023,0.0,0.019814358092844486,-1,undetected,1,9.489961992702219e-05,5155,0.004460282136570043,True
GaussianBudget75M_MaxCov,Waterhouse_2023-CASTF-001923,20230909,20,pyrologix,7,114-64,2023,0.0,0.009079418028704822,2,drone,1,9.489961992702219e-05,3215,0.0046500813764240876,True
GaussianBudget75M_MaxCov,Waterman_2023-CASHF-000540,20230606,3,pyrologix,2,44-41,2023,0.0,0.0020576759707182646,0,drone,1,9.489961992702219e-05,775,0.004270482896715999,True
GaussianBudget75M_MaxCov,Watson_2023-CATMU-028805,20231019,21,pyrologix,4,86-67,2023,0.0,0.0036103610182181,0,drone,1,9.489961992702219e-05,1665,0.004460282136570043,True
GaussianBudget75M_MaxCov,Way_2023-CALPF-002417,20230825,20,pyrologix,9,189-64,2023,0.0,0.003613278968259692,0,drone,1,9.489961992702219e-05,3295,0.0046500813764240876,True
GaussianBudget75M_MaxCov,Weaver_2023-CASHU-007652,20230715,18,pyrologix,11,45-27,2023,0.0,0.006667345063760877,1,drone,1,9.489961992702219e-05,4325,0.0046500813764240876,True
GaussianBudget75M_MaxCov,Webber_2023-CATNF-001274,20230814,23,pyrologix,2,79-61,2023,0.0,0.005273681017570198,1,drone,1,9.489961992702219e-05,1090,0.004365382516643021,True
GaussianBudget75M_MaxCov,Weber_2023-CASHF-000689,20230628,0,pyrologix,1,38-28,2023,0.0,0.008448601001873612,2,drone,1,9.489961992702219e-05,1335,0.004555181756497065,True
GaussianBudget75M_MaxCov,Wemple_2023-CAPNF-000406,20230605,17,pyrologix,8,65-64,2023,0.0,0.0026186290197074413,0,drone,1,9.489961992702219e-05,2515,0.0046500813764240876,True
GaussianBudget75M_MaxCov,Wentworth_2023-CAENF-023260,20230824,20,pyrologix,9,93-56,2023,0.0,0.00362433900590986,0,drone,1,9.489961992702219e-05,3730,0.0046500813764240876,True
GaussianBudget75M_MaxCov,West_2023-CAANF-233948,20231202,15,pyrologix,8,206-81,2023,0.0,0.005370832048356533,1,drone,1,9.489961992702219e-05,3680,0.0040806836568619545,True
GaussianBudget75M_MaxCov,West_2023-CASHF-001013,20230818,9,pyrologix,9,37-35,2023,0.0,0.005937473033554852,1,drone,1,9.489961992702219e-05,3680,0.0046500813764240876,True
GaussianBudget75M_MaxCov,Western_2023-CABDF-010700,20230728,14,pyrologix,11,206-88,2023,0.0,0.0040941559709608555,0,drone,1,9.489961992702219e-05,4220,0.004460282136570043,True
GaussianBudget75M_MaxCov,Wheeler_2023-CAINF-001307,20230813,4,pyrologix,11,none,2023,0.0,0.001851679990068078,-1,undetected,1,9.489961992702219e-05,0,0.0,False
GaussianBudget75M_MaxCov,Whiskey_2023-CAKNF-007181,20230821,19,pyrologix,12,24-32,2023,0.0,0.019283336936496198,-1,undetected,1,9.489961992702219e-05,5285,0.0046500813764240876,True
GaussianBudget75M_MaxCov,Whit_2023-CASTF-001582,20230815,22,pyrologix,2,107-68,2023,0.0,0.005073931999504566,1,drone,1,9.489961992702219e-05,1265,0.0046500813764240876,True
GaussianBudget75M_MaxCov,Whitaker_2023-CALAC-325637,20230923,1,pyrologix,1,195-71,2023,0.0,0.0025937759783118963,0,drone,1,9.489961992702219e-05,535,0.00389088441700791,True
GaussianBudget75M_MaxCov,White_2023-CASKU-006984,20230815,21,pyrologix,2,37-56,2023,0.0,0.0025945219676941633,0,drone,1,9.489961992702219e-05,920,0.0046500813764240876,True
GaussianBudget75M_MaxCov,Whitlow_2023-CASHF-000977,20230815,11,pyrologix,9,44-41,2023,0.0,0.0056636459194123745,1,drone,1,9.489961992702219e-05,3750,0.0046500813764240876,True
GaussianBudget75M_MaxCov,Whitney_2023-CAINF-001878,20231016,22,pyrologix,7,none,2023,0.0,0.0019203389529138803,-1,undetected,1,9.489961992702219e-05,0,0.0,False
GaussianBudget75M_MaxCov,Whitney_2023-CASHF-000753,20230706,0,pyrologix,10,30-45,2023,0.0,0.003787311026826501,0,drone,1,9.489961992702219e-05,3530,0.0046500813764240876,True
GaussianBudget75M_MaxCov,Wilcox_2023-CAPNF-001380,20230919,12,pyrologix,12,65-64,2023,0.0,0.003940116032026708,0,drone,1,9.489961992702219e-05,3915,0.0046500813764240876,True
GaussianBudget75M_MaxCov,Wild_2023-CABDF-010665,20230727,17,pyrologix,11,223-101,2023,0.0,0.00561569700948894,0,drone,1,9.489961992702219e-05,4240,0.0046500813764240876,True
GaussianBudget75M_MaxCov,Wildcat_2023-CAPNF-000490,20230614,16,pyrologix,2,65-64,2023,0.0,0.0019182870164513588,0,drone,1,9.489961992702219e-05,720,0.003985784036934932,True
GaussianBudget75M_MaxCov,Wildcat_2023-CASHF-001011,20230818,4,pyrologix,7,37-35,2023,0.0,0.006398650002665818,1,drone,1,9.489961992702219e-05,3045,0.0046500813764240876,True
GaussianBudget75M_MaxCov,Wildcat_2023-CASNF-000555,20230617,23,pyrologix,11,141-74,2023,0.0,0.006194185931235552,1,drone,1,9.489961992702219e-05,4170,0.0046500813764240876,True
GaussianBudget75M_MaxCov,Wildwood_2023-CASHF-000646,20230622,5,pyrologix,4,45-27,2023,0.0,0.00432275200728327,0,drone,1,9.489961992702219e-05,1665,0.004555181756497065,True
GaussianBudget75M_MaxCov,Wilfred_2023-CAINF-001084,20230721,0,pyrologix,8,none,2023,0.0,0.001987023977562785,-1,undetected,1,9.489961992702219e-05,0,0.0,False
GaussianBudget75M_MaxCov,Williams_2023-CAPNF-000848,20230801,15,pyrologix,9,72-59,2023,0.0,0.005124950082972646,0,drone,1,9.489961992702219e-05,3515,0.0046500813764240876,True
GaussianBudget75M_MaxCov,Willow_2023-CAKNF-004131,20230529,14,pyrologix,4,22-46,2023,0.0,0.0025719529949128628,0,drone,1,9.489961992702219e-05,1550,0.004555181756497065,True
GaussianBudget75M_MaxCov,Willow_2023-CALNF-004262,20230812,15,pyrologix,5,58-54,2023,0.0,0.004682508995756507,0,drone,1,9.489961992702219e-05,2270,0.0046500813764240876,True
GaussianBudget75M_MaxCov,Willow_2023-CAMDF-000586,20230819,20,pyrologix,10,50-68,2023,0.0,0.008438199991360307,2,drone,1,9.489961992702219e-05,4210,0.0046500813764240876,True
GaussianBudget75M_MaxCov,Willow_2023-CAMDF-000932,20230919,20,pyrologix,10,none,2023,0.0,0.0019051129929721355,-1,undetected,1,9.489961992702219e-05,0,0.0,False
GaussianBudget75M_MaxCov,Willow_2023-CASQF-002141,20230930,22,pyrologix,4,177-72,2023,0.0,0.00680701807141304,0,drone,1,9.489961992702219e-05,1740,0.0046500813764240876,True
GaussianBudget75M_MaxCov,Willow_2023-CASRF-000519,20230612,21,pyrologix,4,38-21,2023,0.0,0.004284775000996888,0,drone,1,9.489961992702219e-05,1790,0.0046500813764240876,True
GaussianBudget75M_MaxCov,Wimer_2023-CASRF-001057,20230825,13,pyrologix,12,15-20,2023,0.0,0.018851896049454808,-1,undetected,1,9.489961992702219e-05,4760,0.0046500813764240876,True
GaussianBudget75M_MaxCov,Woodchopper_2023-CAKNF-004638,20230612,14,pyrologix,12,23-39,2023,0.0,0.018983235000632703,-1,undetected,1,9.489961992702219e-05,5070,0.0046500813764240876,True
GaussianBudget75M_MaxCov,Woodchuck_2023-CATNF-001500,20230915,18,pyrologix,4,86-60,2023,0.0,0.002146148937754333,0,drone,1,9.489961992702219e-05,1565,0.0046500813764240876,True
GaussianBudget75M_MaxCov,Wooded_2023-CACNF-000705,20230409,23,pyrologix,1,none,2023,0.0,0.0019390539964661002,-1,undetected,1,9.489961992702219e-05,0,0.0,False
GaussianBudget75M_MaxCov,Woods_2023-CASHF-000928,20230807,16,pyrologix,2,44-41,2023,0.0,0.002861291985027492,0,drone,1,9.489961992702219e-05,970,0.004555181756497065,True
GaussianBudget75M_MaxCov,Woodtick_2023-CASRF-000531,20230614,21,pyrologix,2,24-18,2023,0.0,0.006914054974913597,1,drone,1,9.489961992702219e-05,1445,0.004555181756497065,True
GaussianBudget75M_MaxCov,Work_2023-CAANF-002022,20230705,2,pyrologix,7,201-76,2023,0.0,0.003111010999418795,0,drone,1,9.489961992702219e-05,2565,0.004555181756497065,True
GaussianBudget75M_MaxCov,Yankee_2023-CASQF-000539,20230515,13,pyrologix,7,170-77,2023,0.0,0.003801401937380433,0,drone,1,9.489961992702219e-05,2615,0.0046500813764240876,True
GaussianBudget75M_MaxCov,Yellow_2023-CASKU-005548,20230706,21,pyrologix,11,30-45,2023,0.0,0.0031250230967998505,0,drone,1,9.489961992702219e-05,3790,0.0046500813764240876,True
GaussianBudget75M_MaxCov,Young_2023-CAMDF-000198,20230530,0,pyrologix,2,30-60,2023,0.0,0.0029254750115796924,0,drone,1,9.489961992702219e-05,945,0.004365382516643021,True
GaussianBudget75M_MaxCov,Yreka_2023-CASKU-004527,20230609,22,pyrologix,1,23-39,2023,0.0,0.0019778540590777993,0,drone,1,9.489961992702219e-05,420,0.0037010851771538656,True
GaussianBudget75M_MaxCov,Zot_2023-CASHF-000494,20230528,19,pyrologix,7,37-49,2023,0.0,0.0037147520342841744,0,drone,1,9.489961992702219e-05,2925,0.0046500813764240876,True
