strategy_combo,scenario_name,date,sim_start_hour,log_key,offset,cluster,year,routing_compute_seconds,sim_replay_seconds,delta_t,device,fire_size_cells,fire_size_percentage,total_distance_traveled,percentage_map_explored,routed
GaussianBudget75M_MaxCov,2-5_2021-CASHU-004806,20210516,12,pyrologix,6,44-41,2021,0.0,0.004016936058178544,0,drone,1,9.489961992702219e-05,2550,0.0046500813764240876,True
GaussianBudget75M_MaxCov,3_Mile__2021-CAPNF-001082,20210704,15,pyrologix,12,72-59,2021,2473.005968565936,0.02126488892827183,0,drone,1,9.489961992702219e-05,4485,0.0046500813764240876,True
GaussianBudget75M_MaxCov,41_MILE_2021-CAENF-022081,20210730,22,pyrologix,7,100-61,2021,2587.4935201369226,0.19497561501339078,0,drone,1,9.489961992702219e-05,3100,0.0046500813764240876,True
GaussianBudget75M_MaxCov,ADAMS_2021-CAKNF-006495,20210802,9,pyrologix,12,38-28,2021,2593.7423633369617,0.06484708189964294,0,drone,1,9.489961992702219e-05,4170,0.0046500813764240876,True
GaussianBudget75M_MaxCov,ADOBE_2021-CAINF-001488,20210701,12,pyrologix,8,none,2021,0.0,0.0021291369339451194,-1,undetected,1,9.489961992702219e-05,0,0.0,False
GaussianBudget75M_MaxCov,ALDER_2021-CASQF-002086,20210707,15,pyrologix,5,170-77,2021,2608.1087969080545,0.04105620796326548,1,drone,1,9.489961992702219e-05,2160,0.0046500813764240876,True
GaussianBudget75M_MaxCov,ALISAL__2021-CALPF-002759,20211011,21,pyrologix,1,none,2021,0.0,0.00273133791051805,-1,undetected,1,9.489961992702219e-05,0,0.0,False
GaussianBudget75M_MaxCov,ALOHA_2021-CAENF-013666,20210520,7,pyrologix,8,100-68,2021,2617.175874697976,0.9905971840489656,-1,undetected,1,9.489961992702219e-05,4755,0.004555181756497065,True
GaussianBudget75M_MaxCov,ALRAY_2021-CABDF-001347,20210118,15,pyrologix,11,206-88,2021,0.0,0.00437229301314801,0,drone,1,9.489961992702219e-05,4220,0.004460282136570043,True
GaussianBudget75M_MaxCov,AL_2021-CATMU-019763,20210710,1,pyrologix,1,none,2021,0.0,0.0020878739887848496,-1,undetected,1,9.489961992702219e-05,0,0.0,False
GaussianBudget75M_MaxCov,ANDERSON_2021-CATNF-000712,20210508,16,pyrologix,5,86-67,2021,2402.0630526259774,0.013101315009407699,0,drone,1,9.489961992702219e-05,2025,0.004460282136570043,True
GaussianBudget75M_MaxCov,ANTELOPE_2021-CAKNF-006454,20210801,12,pyrologix,12,30-52,2021,2622.3832213350106,0.07526363106444478,0,drone,1,9.489961992702219e-05,5005,0.0046500813764240876,True
GaussianBudget75M_MaxCov,ANTELOPE_2021-CAMDF-000580,20210622,14,pyrologix,8,36-70,2021,0.0,0.0028790689539164305,0,drone,1,9.489961992702219e-05,2840,0.0046500813764240876,True
GaussianBudget75M_MaxCov,ANTELOPE_SINK_TENNANT_2021-CAKNF-003950,20210524,17,pyrologix,7,30-52,2021,0.0,0.0029365750961005688,0,drone,1,9.489961992702219e-05,2815,0.0046500813764240876,True
GaussianBudget75M_MaxCov,ANTONIO__2021-CAANF-002891,20210803,16,pyrologix,11,206-88,2021,0.0,0.007417733082547784,1,drone,1,9.489961992702219e-05,4655,0.004460282136570043,True
GaussianBudget75M_MaxCov,APALACHEE_2021-CATMU-019709,20210709,15,pyrologix,11,none,2021,0.0,0.002119243028573692,-1,undetected,1,9.489961992702219e-05,0,0.0,False
GaussianBudget75M_MaxCov,ARNOT__2021-CASTF-001744,20210720,12,pyrologix,11,107-68,2021,2603.568369327928,0.20027690602000803,0,drone,1,9.489961992702219e-05,4275,0.0046500813764240876,True
GaussianBudget75M_MaxCov,ASH_2021-CASHF-000295,20210308,15,pyrologix,5,37-49,2021,2647.376102688024,0.058577697025612,0,drone,1,9.489961992702219e-05,1955,0.0046500813764240876,True
GaussianBudget75M_MaxCov,ASPENS_2021-CAINF-001449,20210629,22,pyrologix,8,none,2021,0.0,0.0021446020109578967,-1,undetected,1,9.489961992702219e-05,0,0.0,False
GaussianBudget75M_MaxCov,ASPEN_2021-CAENF-023616,20210811,14,pyrologix,7,100-68,2021,0.0,0.010349659016355872,2,drone,1,9.489961992702219e-05,3515,0.004555181756497065,True
GaussianBudget75M_MaxCov,ASPEN__2021-CASTF-000758,20210516,15,pyrologix,2,114-64,2021,2601.193687548046,0.02447923505678773,0,drone,1,9.489961992702219e-05,1025,0.004555181756497065,True
GaussianBudget75M_MaxCov,AUTUMN_2021-CABDF-017341,20211122,17,pyrologix,10,223-101,2021,0.0,0.004618240986019373,0,drone,1,9.489961992702219e-05,3770,0.0046500813764240876,True
GaussianBudget75M_MaxCov,Airport_2021-CAPNF-000482,20210421,18,pyrologix,2,72-59,2021,0.0,0.003506429959088564,0,drone,1,9.489961992702219e-05,1010,0.0046500813764240876,True
GaussianBudget75M_MaxCov,Antlers_2021-CASHF-000630,20210516,17,pyrologix,8,44-41,2021,0.0,0.012504515936598182,1,drone,1,9.489961992702219e-05,3475,0.0046500813764240876,True
GaussianBudget75M_MaxCov,BACKBONE_2021-CANEU-019609,20210726,21,pyrologix,12,79-54,2021,2491.774937449023,0.08055614004842937,-1,undetected,1,9.489961992702219e-05,5915,0.0046500813764240876,True
GaussianBudget75M_MaxCov,BAIRD_2021-CAKNF-006530,20210803,14,pyrologix,6,30-52,2021,0.0,0.0053822529735043645,1,drone,1,9.489961992702219e-05,2815,0.0046500813764240876,True
GaussianBudget75M_MaxCov,BAKER_2021-CALNF-002001,20210421,21,pyrologix,2,51-54,2021,0.0,0.005867293919436634,1,drone,1,9.489961992702219e-05,1225,0.004555181756497065,True
GaussianBudget75M_MaxCov,BAKER_2021-CATNF-000549,20210411,22,pyrologix,7,79-54,2021,0.0,0.02190497610718012,1,drone,1,9.489961992702219e-05,3005,0.0046500813764240876,True
GaussianBudget75M_MaxCov,BALDY_2021-CAANF-003105,20210820,20,pyrologix,12,206-88,2021,0.0,0.0038772861007601023,0,drone,1,9.489961992702219e-05,4565,0.004460282136570043,True
GaussianBudget75M_MaxCov,BALD_2021-CASTF-001632,20210714,7,pyrologix,12,114-64,2021,0.0,0.047998552094213665,-1,undetected,1,9.489961992702219e-05,4905,0.0046500813764240876,True
GaussianBudget75M_MaxCov,BALLY_2021-CAKNF-006369,20210731,19,pyrologix,11,none,2021,0.0,0.002567094983533025,-1,undetected,1,9.489961992702219e-05,0,0.0,False
GaussianBudget75M_MaxCov,BALL_2021-CAINF-001274,20210618,21,pyrologix,8,169-84,2021,2588.2159885599976,0.004906623042188585,0,drone,1,9.489961992702219e-05,2725,0.0046500813764240876,True
GaussianBudget75M_MaxCov,BALL__2021-CAANF-002492,20210709,2,pyrologix,5,195-71,2021,2648.107225094107,0.07414172496646643,0,drone,1,9.489961992702219e-05,2020,0.0046500813764240876,True
GaussianBudget75M_MaxCov,BALSAM_2021-CASNF-000364,20210519,21,pyrologix,6,134-74,2021,2633.233253227896,0.06817071698606014,1,drone,1,9.489961992702219e-05,2605,0.004555181756497065,True
GaussianBudget75M_MaxCov,BALTIC_2021-CAENF-017625,20210622,18,pyrologix,5,100-61,2021,0.0,0.028919692966155708,2,drone,1,9.489961992702219e-05,2945,0.0046500813764240876,True
GaussianBudget75M_MaxCov,BANDIDO_2021-CAANF-003414,20210910,13,pyrologix,8,206-81,2021,2070.5071332469815,0.03352441592141986,0,drone,1,9.489961992702219e-05,3315,0.0040806836568619545,True
GaussianBudget75M_MaxCov,BARKER_2021-CATMU-021949,20210728,15,pyrologix,12,93-62,2021,2463.369835087098,0.06401168601587415,-1,undetected,1,9.489961992702219e-05,4410,0.0046500813764240876,True
GaussianBudget75M_MaxCov,BARTLETT_2021-CAMNF-000517,20210602,18,pyrologix,5,78-23,2021,2556.268145813956,0.01795896899420768,0,drone,1,9.489961992702219e-05,2040,0.004460282136570043,True
GaussianBudget75M_MaxCov,BASIN__2021-CASHF-001223,20210804,20,pyrologix,5,52-19,2021,2694.730730639072,0.024158939952030778,1,drone,1,9.489961992702219e-05,2270,0.0046500813764240876,True
GaussianBudget75M_MaxCov,BEACROFT_2021-CATNF-000932,20210607,19,pyrologix,11,86-60,2021,2570.92862597201,0.08944986993446946,-1,undetected,1,9.489961992702219e-05,4920,0.0046500813764240876,True
GaussianBudget75M_MaxCov,BEAR_2021-CABDF-012148,20210811,9,pyrologix,11,214-103,2021,2436.9996170670493,0.1666641030460596,1,drone,1,9.489961992702219e-05,4470,0.004365382516643021,True
GaussianBudget75M_MaxCov,BEAR_2021-CAENF-022077,20210730,20,pyrologix,9,100-61,2021,0.0,0.0028824929613620043,0,drone,1,9.489961992702219e-05,3470,0.0046500813764240876,True
GaussianBudget75M_MaxCov,BEAR_2021-CASNF-000811,20210704,15,pyrologix,11,none,2021,0.0,0.0075324130011722445,-1,undetected,1,9.489961992702219e-05,0,0.0,False
GaussianBudget75M_MaxCov,BEAR_2021-CASQF-002703,20210812,20,pyrologix,2,163-78,2021,2788.6203641800676,0.10742741706781089,1,drone,1,9.489961992702219e-05,1435,0.004460282136570043,True
GaussianBudget75M_MaxCov,BEAR__2021-CASTF-001889,20210730,18,pyrologix,2,114-64,2021,0.0,0.002125364961102605,0,drone,1,9.489961992702219e-05,855,0.004270482896715999,True
GaussianBudget75M_MaxCov,BEASORE_2021-CASNF-001628,20210917,20,pyrologix,6,128-69,2021,0.0,0.010102986940182745,1,drone,1,9.489961992702219e-05,2545,0.004555181756497065,True
GaussianBudget75M_MaxCov,BEDFORD_2021-CACNF-001343,20210515,3,pyrologix,5,220-87,2021,0.0,0.01748032693285495,1,drone,1,9.489961992702219e-05,2235,0.004555181756497065,True
GaussianBudget75M_MaxCov,BEEHIVE_2021-CASHF-001423,20210924,19,pyrologix,7,44-41,2021,0.0,0.009867765009403229,2,drone,1,9.489961992702219e-05,3595,0.0046500813764240876,True
GaussianBudget75M_MaxCov,BEE_2021-CALPF-001234,20210530,16,pyrologix,8,175-45,2021,2510.112289124052,0.03139090398326516,1,drone,1,9.489961992702219e-05,3420,0.0046500813764240876,True
GaussianBudget75M_MaxCov,BEE__2021-CAANF-003546,20210919,23,pyrologix,11,195-71,2021,0.0,0.013336075004190207,0,drone,1,9.489961992702219e-05,3965,0.0046500813764240876,True
GaussianBudget75M_MaxCov,BELLEVUE_2021-CAENF-027012,20210910,18,pyrologix,2,93-62,2021,0.0,0.005845081992447376,1,drone,1,9.489961992702219e-05,1190,0.004460282136570043,True
GaussianBudget75M_MaxCov,BELL_2021-CASTF-001929,20210731,21,pyrologix,4,114-64,2021,0.0,0.002285479102283716,0,drone,1,9.489961992702219e-05,1460,0.004555181756497065,True
GaussianBudget75M_MaxCov,BENJAMIN_2021-CAKNF-008663,20211001,17,pyrologix,6,17-27,2021,2504.9634495229693,0.010822013020515442,0,drone,1,9.489961992702219e-05,2310,0.0046500813764240876,True
GaussianBudget75M_MaxCov,BERRY_2021-CAKNF-006872,20210812,7,pyrologix,2,24-32,2021,2785.0184262549737,0.03982241090852767,1,drone,1,9.489961992702219e-05,1440,0.004555181756497065,True
GaussianBudget75M_MaxCov,BICHOTA_2021-CAANF-003154,20210824,23,pyrologix,10,206-81,2021,0.0,0.007212446886114776,1,drone,1,9.489961992702219e-05,4635,0.0040806836568619545,True
GaussianBudget75M_MaxCov,BIGFORD__2021-CATNF-002271,20211122,17,pyrologix,11,86-67,2021,0.0,0.0039971539517864585,0,drone,1,9.489961992702219e-05,4040,0.004460282136570043,True
GaussianBudget75M_MaxCov,BIG_2021-CAANF-003078,20210817,9,pyrologix,1,195-71,2021,0.0,0.001991847064346075,0,drone,1,9.489961992702219e-05,480,0.003511285937299821,True
GaussianBudget75M_MaxCov,BIG_2021-CASTF-000968,20210602,16,pyrologix,6,107-61,2021,2904.83431519405,0.1401310838991776,0,drone,1,9.489961992702219e-05,2470,0.0046500813764240876,True
GaussianBudget75M_MaxCov,BIG_PINE_2021-CABDF-018139,20211127,17,pyrologix,9,209-96,2021,2887.1773350189906,0.03830073797143996,2,drone,1,9.489961992702219e-05,4210,0.004460282136570043,True
GaussianBudget75M_MaxCov,BILLY_2021-CATNF-000961,20210612,11,pyrologix,6,86-67,2021,0.0,0.00448933697771281,0,drone,1,9.489961992702219e-05,2470,0.004460282136570043,True
GaussianBudget75M_MaxCov,BLACK_2021-CATMU-027020,20210910,18,pyrologix,3,93-62,2021,0.0,0.0028721849666908383,0,drone,1,9.489961992702219e-05,1190,0.004460282136570043,True
GaussianBudget75M_MaxCov,BLIND_HORSE_2021-CAKNF-004511,20210610,16,pyrologix,7,38-28,2021,0.0,0.008516650064848363,2,drone,1,9.489961992702219e-05,3155,0.0046500813764240876,True
GaussianBudget75M_MaxCov,BLOOMFIELD_2021-CASTF-001865,20210729,18,pyrologix,4,107-68,2021,0.0,0.006180356023833156,1,drone,1,9.489961992702219e-05,2110,0.0046500813764240876,True
GaussianBudget75M_MaxCov,BLUE_2021-CABDF-007800,20210511,13,pyrologix,11,206-88,2021,0.0,0.0033384199487045407,0,drone,1,9.489961992702219e-05,4115,0.004460282136570043,True
GaussianBudget75M_MaxCov,BLUE_2021-CAKNF-004604,20210614,18,pyrologix,12,17-34,2021,2340.091166491038,0.0988610009662807,-1,undetected,1,9.489961992702219e-05,4580,0.003985784036934932,True
GaussianBudget75M_MaxCov,BLUE_2021-CASNF-000717,20210629,22,pyrologix,3,141-74,2021,2815.8360392779578,0.17101508600171655,2,drone,1,9.489961992702219e-05,1820,0.004555181756497065,True
GaussianBudget75M_MaxCov,BLUE__2021-CABDF-000924,20210110,19,pyrologix,8,206-88,2021,0.0,0.004732194007374346,0,drone,1,9.489961992702219e-05,3365,0.004460282136570043,True
GaussianBudget75M_MaxCov,BLUFF_2021-CABDF-010602,20210706,13,pyrologix,9,209-96,2021,0.0,0.009230301016941667,2,drone,1,9.489961992702219e-05,4060,0.004460282136570043,True
GaussianBudget75M_MaxCov,BLUFF_2021-CATNF-001775,20210910,17,pyrologix,12,86-53,2021,2884.18710232398,0.16520979104097933,0,drone,1,9.489961992702219e-05,4705,0.0046500813764240876,True
GaussianBudget75M_MaxCov,BONANZA_2021-CASHF-001209,20210803,22,pyrologix,6,37-35,2021,0.0,0.004050777992233634,0,drone,1,9.489961992702219e-05,2180,0.0046500813764240876,True
GaussianBudget75M_MaxCov,BONITA_2021-CARRU-007737,20210115,7,pyrologix,4,223-101,2021,0.0,0.008051707060076296,0,drone,1,9.489961992702219e-05,1640,0.0046500813764240876,True
GaussianBudget75M_MaxCov,BORDER_2021-CAKNF-006431,20210801,23,pyrologix,8,31-31,2021,2808.4225334930234,0.13266636000480503,0,drone,1,9.489961992702219e-05,3175,0.0046500813764240876,True
GaussianBudget75M_MaxCov,BORDER_2021-CAMDF-000575,20210622,11,pyrologix,7,37-56,2021,2863.0555097199976,0.12536491407081485,3,drone,1,9.489961992702219e-05,3980,0.0046500813764240876,True
GaussianBudget75M_MaxCov,BOULDER_2021-CABDF-009125,20210605,15,pyrologix,9,214-103,2021,0.0,0.006616192986257374,1,drone,1,9.489961992702219e-05,3865,0.004365382516643021,True
GaussianBudget75M_MaxCov,BOULDER_2021-CAKNF-005025,20210625,3,pyrologix,7,31-31,2021,0.0,0.00724984600674361,0,drone,1,9.489961992702219e-05,2600,0.0046500813764240876,True
GaussianBudget75M_MaxCov,BOUQUET_2021-CAANF-004280,20211203,1,pyrologix,4,201-76,2021,3038.165301227011,0.04915936407633126,1,drone,1,9.489961992702219e-05,1795,0.004555181756497065,True
GaussianBudget75M_MaxCov,BOX_2021-CAMDF-001391,20210811,16,pyrologix,2,44-62,2021,2431.910625086981,0.03209946199785918,2,drone,1,9.489961992702219e-05,1430,0.0046500813764240876,True
GaussianBudget75M_MaxCov,BRADLEY_2021-CASHF-001067,20210711,21,pyrologix,3,37-49,2021,0.0,0.0024954969994723797,0,drone,1,9.489961992702219e-05,1230,0.004555181756497065,True
GaussianBudget75M_MaxCov,BRANCH_2021-CAKNF-006399,20210731,15,pyrologix,2,17-27,2021,0.0,0.0028829850489273667,0,drone,1,9.489961992702219e-05,975,0.004555181756497065,True
GaussianBudget75M_MaxCov,BRIGHTMAN_2021-CASTF-000816,20210523,19,pyrologix,8,107-68,2021,0.0,0.006329706055112183,1,drone,1,9.489961992702219e-05,3500,0.0046500813764240876,True
GaussianBudget75M_MaxCov,BRODER_2021-CASQF-001048,20210518,18,pyrologix,1,162-85,2021,2439.202081469004,0.010887988028116524,0,drone,1,9.489961992702219e-05,575,0.004460282136570043,True
GaussianBudget75M_MaxCov,BROOKS_2021-CATNF-001615,20210819,21,pyrologix,6,79-68,2021,2605.204998911009,0.01668742496985942,0,drone,1,9.489961992702219e-05,2220,0.0046500813764240876,True
GaussianBudget75M_MaxCov,BROOK_2021-CABDF-009087,20210604,19,pyrologix,9,206-88,2021,0.0,0.00425073504447937,0,drone,1,9.489961992702219e-05,3600,0.004460282136570043,True
GaussianBudget75M_MaxCov,BROWNES_2021-CASTF-000628,20210428,16,pyrologix,9,114-64,2021,0.0,0.008347008959390223,2,drone,1,9.489961992702219e-05,3930,0.0046500813764240876,True
GaussianBudget75M_MaxCov,BUCKSKIN_2021-CAENF-020954,20210719,18,pyrologix,6,100-61,2021,0.0,0.0027387889567762613,0,drone,1,9.489961992702219e-05,2370,0.0046500813764240876,True
GaussianBudget75M_MaxCov,BUG__2021-CAANF-003545,20210919,1,pyrologix,5,none,2021,0.0,0.0031872389372438192,-1,undetected,1,9.489961992702219e-05,0,0.0,False
GaussianBudget75M_MaxCov,BURGSON_2021-CASTF-001908,20210731,2,pyrologix,2,107-68,2021,0.0,0.009000277030281723,1,drone,1,9.489961992702219e-05,1265,0.0046500813764240876,True
GaussianBudget75M_MaxCov,BURNS_CANYON_2021-CABDF-012479,20210819,22,pyrologix,4,none,2021,0.0,0.0026558730751276016,-1,undetected,1,9.489961992702219e-05,0,0.0,False
GaussianBudget75M_MaxCov,BURNT_2021-CASHF-000913,20210622,13,pyrologix,11,38-21,2021,2446.7710607659537,0.027727585984393954,0,drone,1,9.489961992702219e-05,3925,0.0046500813764240876,True
GaussianBudget75M_MaxCov,Backbone_2021-CASHF-000119,20210124,15,pyrologix,5,44-41,2021,0.0,0.013209044001996517,1,drone,1,9.489961992702219e-05,2700,0.0046500813764240876,True
GaussianBudget75M_MaxCov,Backbone_2021-CATNF-001424,20210726,1,pyrologix,4,79-54,2021,0.0,0.005867243045940995,1,drone,1,9.489961992702219e-05,1880,0.0046500813764240876,True
GaussianBudget75M_MaxCov,Bambi_2021-CACNF-002605,20210811,20,pyrologix,6,244-98,2021,2398.859026207938,0.008850535959936678,0,drone,1,9.489961992702219e-05,2525,0.0046500813764240876,True
GaussianBudget75M_MaxCov,Barry_2021-CASRF-000380,20210609,21,pyrologix,4,52-19,2021,0.0,0.0073740920051932335,1,drone,1,9.489961992702219e-05,2120,0.0046500813764240876,True
GaussianBudget75M_MaxCov,Beek_2021-CACNF-000008,20210101,18,pyrologix,2,220-87,2021,0.0,0.01095626805908978,1,drone,1,9.489961992702219e-05,1085,0.004365382516643021,True
GaussianBudget75M_MaxCov,Beskeen__2021-CAPNF-000184,20210226,16,pyrologix,11,72-59,2021,0.0,0.006947181071154773,1,drone,1,9.489961992702219e-05,4395,0.0046500813764240876,True
GaussianBudget75M_MaxCov,Binet_2021-CAPNF-001496,20210807,23,pyrologix,11,79-54,2021,0.0,0.03296879900153726,-1,undetected,1,9.489961992702219e-05,5625,0.0046500813764240876,True
GaussianBudget75M_MaxCov,Black_Canyon_2021-CACNF-001645,20210606,15,pyrologix,5,237-97,2021,2496.3606873509707,0.013397633098065853,0,drone,1,9.489961992702219e-05,2330,0.0046500813764240876,True
GaussianBudget75M_MaxCov,Bluff_2021-CASRF-000311,20210521,23,pyrologix,2,31-24,2021,2477.637490171008,0.009496061014942825,0,drone,1,9.489961992702219e-05,1060,0.004555181756497065,True
GaussianBudget75M_MaxCov,Bluff_2_2021-CASRF-000608,20210724,11,pyrologix,8,31-24,2021,0.0,0.005924591911025345,1,drone,1,9.489961992702219e-05,3485,0.0046500813764240876,True
GaussianBudget75M_MaxCov,Bluff_Creek_2021-CASRF-000697,20210811,19,pyrologix,1,31-24,2021,0.0,0.005223921034485102,1,drone,1,9.489961992702219e-05,945,0.004555181756497065,True
GaussianBudget75M_MaxCov,Bondo_2021-CASRF-000638,20210729,22,pyrologix,3,31-24,2021,0.0,0.00840285699814558,1,drone,1,9.489961992702219e-05,1600,0.004555181756497065,True
GaussianBudget75M_MaxCov,Bongo_2021-CACNF-001059,20210411,22,pyrologix,8,230-100,2021,0.0,0.010213030967861414,1,drone,1,9.489961992702219e-05,3115,0.004555181756497065,True
GaussianBudget75M_MaxCov,Bridge_2021-CASRF-000498,20210705,2,pyrologix,5,24-25,2021,2640.1359609380597,0.007060360047034919,1,drone,1,9.489961992702219e-05,2075,0.0046500813764240876,True
GaussianBudget75M_MaxCov,Brown_2021-CACNF-003451,20211123,15,pyrologix,4,244-98,2021,0.0,0.004940500948578119,1,drone,1,9.489961992702219e-05,1845,0.004555181756497065,True
GaussianBudget75M_MaxCov,Bunny_2021-CASHF-000994,20210703,22,pyrologix,11,37-42,2021,2637.3247335219057,0.0049510650569573045,0,drone,1,9.489961992702219e-05,3685,0.0046500813764240876,True
GaussianBudget75M_MaxCov,Butter_2021-CAPNF-000639,20210519,21,pyrologix,2,65-57,2021,0.0,0.19916953996289521,0,drone,1,9.489961992702219e-05,985,0.004460282136570043,True
GaussianBudget75M_MaxCov,Butterfly__2021-CAPNF-000054,20210122,19,pyrologix,8,65-57,2021,0.0,0.0059067209949716926,1,drone,1,9.489961992702219e-05,3440,0.0046500813764240876,True
GaussianBudget75M_MaxCov,CABBAGE_2021-CASTF-000141,20210120,21,pyrologix,2,107-61,2021,0.0,0.008077695965766907,0,drone,1,9.489961992702219e-05,965,0.004555181756497065,True
GaussianBudget75M_MaxCov,CABIN__2021-CASTF-001179,20210618,19,pyrologix,8,107-61,2021,0.0,0.005881352000869811,1,drone,1,9.489961992702219e-05,3315,0.0046500813764240876,True
GaussianBudget75M_MaxCov,CABLE_2021-CASHF-001304,20210823,19,pyrologix,4,52-19,2021,0.0,0.002037239959463477,0,drone,1,9.489961992702219e-05,1530,0.0046500813764240876,True
GaussianBudget75M_MaxCov,CACTUS_2021-CABDF-012134,20210810,23,pyrologix,2,214-103,2021,0.0,0.0017616810509935021,0,drone,1,9.489961992702219e-05,770,0.004175583276788976,True
GaussianBudget75M_MaxCov,CAJON_2021-CABDF-008480,20210525,4,pyrologix,1,206-88,2021,0.0,0.002117746975272894,0,drone,1,9.489961992702219e-05,490,0.003511285937299821,True
GaussianBudget75M_MaxCov,CALI_2021-CAANF-002044,20210616,20,pyrologix,11,201-76,2021,0.0,0.0035647940821945667,0,drone,1,9.489961992702219e-05,3980,0.004555181756497065,True
GaussianBudget75M_MaxCov,CALLBOX_2021-CAANF-003137,20210822,14,pyrologix,10,195-71,2021,0.0,0.003868828061968088,0,drone,1,9.489961992702219e-05,3575,0.0046500813764240876,True
GaussianBudget75M_MaxCov,CAMPBELL_2021-CAKNF-006306,20210730,19,pyrologix,10,24-32,2021,0.0,0.007607945008203387,0,drone,1,9.489961992702219e-05,4045,0.0046500813764240876,True
GaussianBudget75M_MaxCov,CAMPUS_2021-CABDF-012440,20210817,18,pyrologix,6,none,2021,0.0,0.09732574597001076,-1,undetected,1,9.489961992702219e-05,0,0.0,False
GaussianBudget75M_MaxCov,CAMP_2021-CAKNF-006616,20210802,16,pyrologix,7,30-38,2021,0.0,0.03208625805564225,0,drone,1,9.489961992702219e-05,2785,0.0046500813764240876,True
GaussianBudget75M_MaxCov,CANYON_2021-CAANF-002503,20210709,18,pyrologix,6,195-71,2021,0.0,0.005764306988567114,1,drone,1,9.489961992702219e-05,2545,0.0046500813764240876,True
GaussianBudget75M_MaxCov,CANYON_2021-CABDF-018227,20211128,21,pyrologix,7,206-88,2021,0.0,0.004535960033535957,0,drone,1,9.489961992702219e-05,2970,0.004460282136570043,True
GaussianBudget75M_MaxCov,CANYON_2021-CAINF-001712,20210713,4,pyrologix,4,none,2021,0.0,0.012102951994165778,-1,undetected,1,9.489961992702219e-05,0,0.0,False
GaussianBudget75M_MaxCov,CANYON_2021-CATNF-000663,20210428,17,pyrologix,8,79-68,2021,0.0,0.015988343977369368,1,drone,1,9.489961992702219e-05,3535,0.0046500813764240876,True
GaussianBudget75M_MaxCov,CARLON_2021-CASTF-002084,20210809,3,pyrologix,3,121-61,2021,0.0,0.03187708603218198,1,drone,1,9.489961992702219e-05,1635,0.0046500813764240876,True
GaussianBudget75M_MaxCov,CARP_2021-CATNF-001479,20210801,0,pyrologix,12,86-67,2021,0.0,0.007058896939270198,0,drone,1,9.489961992702219e-05,4525,0.004460282136570043,True
GaussianBudget75M_MaxCov,CARRVILLE_2021-CASHF-001048,20210709,17,pyrologix,9,37-35,2021,0.0,0.004607858951203525,0,drone,1,9.489961992702219e-05,3320,0.0046500813764240876,True
GaussianBudget75M_MaxCov,CARSON_2021-CAENF-013467,20210518,14,pyrologix,11,100-61,2021,0.0,0.0036574590485543013,0,drone,1,9.489961992702219e-05,4215,0.0046500813764240876,True
GaussianBudget75M_MaxCov,CARY_2021-CARRU-060063,20210506,17,pyrologix,3,223-101,2021,0.0,0.004888171912170947,1,drone,1,9.489961992702219e-05,1585,0.0046500813764240876,True
GaussianBudget75M_MaxCov,CASA_2021-CAINF-001862,20210724,0,pyrologix,6,none,2021,0.0,0.011596096097491682,-1,undetected,1,9.489961992702219e-05,0,0.0,False
GaussianBudget75M_MaxCov,CASCADE_2021-CASHF-001121,20210720,16,pyrologix,1,30-45,2021,2589.1701919010375,0.02998312597628683,2,drone,1,9.489961992702219e-05,1305,0.0046500813764240876,True
GaussianBudget75M_MaxCov,CASCADE_2021-CASTF-002673,20211012,17,pyrologix,7,107-68,2021,0.0,0.005976365064270794,1,drone,1,9.489961992702219e-05,3140,0.0046500813764240876,True
GaussianBudget75M_MaxCov,CASH_2021-CAENF-026928,20210910,2,pyrologix,8,93-56,2021,2634.4494156989967,0.04146837501320988,0,drone,1,9.489961992702219e-05,3360,0.0046500813764240876,True
GaussianBudget75M_MaxCov,CASSIDY_2021-CASNF-001237,20210812,13,pyrologix,12,127-76,2021,0.0,1.1263004690408707,-1,undetected,1,9.489961992702219e-05,4710,0.0046500813764240876,True
GaussianBudget75M_MaxCov,CASTAIC__2021-CAANF-001087,20210409,23,pyrologix,9,195-71,2021,0.0,0.008653191034682095,2,drone,1,9.489961992702219e-05,3790,0.0046500813764240876,True
GaussianBudget75M_MaxCov,CASTELLA_2021-CASHF-000425,20210406,20,pyrologix,2,37-42,2021,0.0,0.005893366993404925,1,drone,1,9.489961992702219e-05,1225,0.0046500813764240876,True
GaussianBudget75M_MaxCov,CASTLE__2021-CASHF-001012,20210705,2,pyrologix,4,37-42,2021,0.0,0.0019817370921373367,0,drone,1,9.489961992702219e-05,1430,0.0046500813764240876,True
GaussianBudget75M_MaxCov,CATHEDRAL_2021-CATMU-020670,20210717,14,pyrologix,7,none,2021,0.0,0.1155093580018729,-1,undetected,1,9.489961992702219e-05,0,0.0,False
GaussianBudget75M_MaxCov,CAT_2021-CAENF-020956,20210719,17,pyrologix,9,100-61,2021,0.0,0.006602924084290862,1,drone,1,9.489961992702219e-05,3945,0.0046500813764240876,True
GaussianBudget75M_MaxCov,CEMENT_2021-CASHF-001184,20210730,20,pyrologix,7,30-38,2021,0.0,0.007145760930143297,1,drone,1,9.489961992702219e-05,3210,0.0046500813764240876,True
GaussianBudget75M_MaxCov,CENTER_2021-CABDF-005836,20210401,0,pyrologix,4,206-88,2021,0.0,0.0036424549762159586,0,drone,1,9.489961992702219e-05,1745,0.004460282136570043,True
GaussianBudget75M_MaxCov,CENTOLA_2021-CABDF-006368,20210410,16,pyrologix,7,206-88,2021,0.0,0.004921930958516896,0,drone,1,9.489961992702219e-05,2970,0.004460282136570043,True
GaussianBudget75M_MaxCov,CHALET_2021-CASTF-000664,20210505,13,pyrologix,6,114-64,2021,0.0,0.0029152139322832227,0,drone,1,9.489961992702219e-05,2180,0.0046500813764240876,True
GaussianBudget75M_MaxCov,CHALK__2021-CAINF-000767,20210509,0,pyrologix,1,none,2021,0.0,0.12369262496940792,-1,undetected,1,9.489961992702219e-05,0,0.0,False
GaussianBudget75M_MaxCov,CHAMBERS_2021-CAKNF-002724,20210415,0,pyrologix,12,17-27,2021,0.0,0.00398804503493011,0,drone,1,9.489961992702219e-05,4580,0.0046500813764240876,True
GaussianBudget75M_MaxCov,CHAPMAN_2021-CATNF-001093,20210625,17,pyrologix,2,79-61,2021,2636.0758520188974,0.004952944000251591,0,drone,1,9.489961992702219e-05,735,0.004175583276788976,True
GaussianBudget75M_MaxCov,CHARLIE_2021-CAENF-017377,20210620,15,pyrologix,12,93-62,2021,0.0,0.00797105801757425,0,drone,1,9.489961992702219e-05,4325,0.0046500813764240876,True
GaussianBudget75M_MaxCov,CHECK_2021-CABDF-012207,20210812,20,pyrologix,3,206-88,2021,0.0,0.0056307719787582755,1,drone,1,9.489961992702219e-05,1745,0.004460282136570043,True
GaussianBudget75M_MaxCov,CHERRY_2021-CAANF-002069,20210617,14,pyrologix,11,195-71,2021,0.0,0.0044287380296736956,0,drone,1,9.489961992702219e-05,3895,0.0046500813764240876,True
GaussianBudget75M_MaxCov,CHUCK_2021-CASNF-000904,20210714,7,pyrologix,4,141-74,2021,0.0,0.002395151066593826,0,drone,1,9.489961992702219e-05,1445,0.004555181756497065,True
GaussianBudget75M_MaxCov,CINDER_2021-CASHF-001207,20210802,16,pyrologix,7,37-56,2021,0.0,0.012972583994269371,2,drone,1,9.489961992702219e-05,3375,0.0046500813764240876,True
GaussianBudget75M_MaxCov,CIRCLE_2021-CAMMU-021450,20210926,12,pyrologix,12,121-61,2021,0.0,0.004381885984912515,0,drone,1,9.489961992702219e-05,4480,0.0046500813764240876,True
GaussianBudget75M_MaxCov,CITY_2021-CABDF-007289,20210429,16,pyrologix,11,209-96,2021,0.0,0.0063692700350657105,1,drone,1,9.489961992702219e-05,4415,0.004460282136570043,True
GaussianBudget75M_MaxCov,CLARK_2021-CASTF-001279,20210625,20,pyrologix,1,107-68,2021,0.0,0.0018718299688771367,0,drone,1,9.489961992702219e-05,435,0.0036061855572268433,True
GaussianBudget75M_MaxCov,CLEARWATER_2021-CAANF-003677,20211002,16,pyrologix,7,195-71,2021,0.0,0.002991960966028273,0,drone,1,9.489961992702219e-05,2490,0.0046500813764240876,True
GaussianBudget75M_MaxCov,CLEGHORN_2021-CABDF-001345,20210118,19,pyrologix,2,206-88,2021,0.0,0.0024596559815108776,0,drone,1,9.489961992702219e-05,840,0.004270482896715999,True
GaussianBudget75M_MaxCov,CLOUD_2021-CAANF-003974,20211030,21,pyrologix,4,206-81,2021,0.0,0.002068392001092434,0,drone,1,9.489961992702219e-05,1695,0.0040806836568619545,True
GaussianBudget75M_MaxCov,CLOUD_2021-CABDF-009443,20210613,21,pyrologix,6,209-96,2021,0.0,0.014925429015420377,2,drone,1,9.489961992702219e-05,3035,0.004460282136570043,True
GaussianBudget75M_MaxCov,CLYDE_2021-CASNF-001296,20210817,18,pyrologix,7,141-74,2021,0.0,0.003576377988792956,0,drone,1,9.489961992702219e-05,2525,0.0046500813764240876,True
GaussianBudget75M_MaxCov,COCO_2021-CABDF-011273,20210721,17,pyrologix,5,223-101,2021,0.0,0.01517661998514086,2,drone,1,9.489961992702219e-05,2660,0.0046500813764240876,True
GaussianBudget75M_MaxCov,CODY_2021-CAENF-020975,20210720,19,pyrologix,11,100-61,2021,0.0,0.004847231088206172,0,drone,1,9.489961992702219e-05,4345,0.0046500813764240876,True
GaussianBudget75M_MaxCov,COLDWATER_2021-CABDF-012131,20210810,17,pyrologix,12,209-96,2021,0.0,0.006439636927098036,1,drone,1,9.489961992702219e-05,4610,0.004460282136570043,True
GaussianBudget75M_MaxCov,COLD_2021-CASTF-002063,20210807,20,pyrologix,4,114-64,2021,0.0,0.004590405034832656,0,drone,1,9.489961992702219e-05,1770,0.004555181756497065,True
GaussianBudget75M_MaxCov,COLD_2_2021-CAENF-022391,20210801,14,pyrologix,6,100-61,2021,0.0,0.003935673972591758,0,drone,1,9.489961992702219e-05,2625,0.0046500813764240876,True
GaussianBudget75M_MaxCov,CONTROL_2021-CABDF-009018,20210603,0,pyrologix,5,223-101,2021,0.0,0.003994281054474413,0,drone,1,9.489961992702219e-05,2145,0.0046500813764240876,True
GaussianBudget75M_MaxCov,COOP_2021-CAANF-000189,20210118,12,pyrologix,4,195-71,2021,0.0,0.006290263030678034,1,drone,1,9.489961992702219e-05,1865,0.0046500813764240876,True
GaussianBudget75M_MaxCov,COYOTE_2021-CAANF-003754,20211008,19,pyrologix,7,195-71,2021,0.0,0.004782594041898847,0,drone,1,9.489961992702219e-05,2790,0.0046500813764240876,True
GaussianBudget75M_MaxCov,COYOTE_2021-CAINF-001456,20210629,15,pyrologix,1,none,2021,0.0,0.0026760100154206157,-1,undetected,1,9.489961992702219e-05,0,0.0,False
GaussianBudget75M_MaxCov,COYOTE_2021-CARRU-073166,20210602,19,pyrologix,11,216-96,2021,2685.1836239820113,0.877194133005105,-1,undetected,1,9.489961992702219e-05,4720,0.004460282136570043,True
GaussianBudget75M_MaxCov,COYOTE_2021-CASTF-001875,20210730,0,pyrologix,4,114-64,2021,0.0,0.002151516964659095,0,drone,1,9.489961992702219e-05,1460,0.004555181756497065,True
GaussianBudget75M_MaxCov,COYOTE__2021-CAMDF-000839,20210709,22,pyrologix,3,30-60,2021,2617.1023307649884,0.02308501093648374,0,drone,1,9.489961992702219e-05,1340,0.004555181756497065,True
GaussianBudget75M_MaxCov,CRABTREE_2021-CASTF-001340,20210628,15,pyrologix,3,114-64,2021,0.0,0.0059920549392700195,1,drone,1,9.489961992702219e-05,1610,0.004555181756497065,True
GaussianBudget75M_MaxCov,CRAGS_2021-CASHF-001301,20210823,11,pyrologix,3,37-42,2021,0.0,0.0028222580440342426,0,drone,1,9.489961992702219e-05,1065,0.0046500813764240876,True
GaussianBudget75M_MaxCov,CRANDALL_2021-CASTF-001671,20210716,13,pyrologix,10,114-64,2021,0.0,0.006174997077323496,1,drone,1,9.489961992702219e-05,3980,0.0046500813764240876,True
GaussianBudget75M_MaxCov,CRATER_2021-CAINF-000768,20210509,0,pyrologix,1,127-76,2021,0.0,0.007228343980386853,1,drone,1,9.489961992702219e-05,1000,0.0040806836568619545,True
GaussianBudget75M_MaxCov,CRAWFORD_2021-CASQF-003061,20210910,2,pyrologix,2,163-78,2021,0.0,0.0016276850365102291,0,drone,1,9.489961992702219e-05,845,0.004365382516643021,True
GaussianBudget75M_MaxCov,CREEK_2021-CAKNF-006251,20210728,7,pyrologix,2,23-39,2021,2594.8303622000385,0.028731124941259623,1,drone,1,9.489961992702219e-05,1375,0.0046500813764240876,True
GaussianBudget75M_MaxCov,CREEK_2021-CALPF-002713,20211005,18,pyrologix,3,none,2021,0.0,0.030313155031763017,-1,undetected,1,9.489961992702219e-05,0,0.0,False
GaussianBudget75M_MaxCov,CREEK_2021-CARRU-059177,20210504,23,pyrologix,3,223-101,2021,0.0,0.003386380965821445,0,drone,1,9.489961992702219e-05,1410,0.0046500813764240876,True
GaussianBudget75M_MaxCov,CREEK__2021-CABDF-000986,20210112,15,pyrologix,7,none,2021,0.0,0.030814728001132607,-1,undetected,1,9.489961992702219e-05,0,0.0,False
GaussianBudget75M_MaxCov,CREST_2021-CASHF-001324,20210827,18,pyrologix,10,37-42,2021,0.0,0.004396892036311328,0,drone,1,9.489961992702219e-05,3495,0.0046500813764240876,True
GaussianBudget75M_MaxCov,CRONAN_2021-CAKNF-006381,20210731,1,pyrologix,4,31-31,2021,0.0,0.006212724023498595,1,drone,1,9.489961992702219e-05,1935,0.0046500813764240876,True
GaussianBudget75M_MaxCov,CROSSING_2021-CAINF-000543,20210410,13,pyrologix,12,none,2021,0.0,0.002327222959138453,-1,undetected,1,9.489961992702219e-05,0,0.0,False
GaussianBudget75M_MaxCov,CROWDER_2021-CAMDF-000588,20210622,18,pyrologix,11,none,2021,0.0,0.033585909055545926,-1,undetected,1,9.489961992702219e-05,0,0.0,False
GaussianBudget75M_MaxCov,CUDDY_2021-CALPF-000993,20210504,14,pyrologix,8,189-64,2021,2651.7250816100277,0.11558071908075362,0,drone,1,9.489961992702219e-05,2895,0.0046500813764240876,True
GaussianBudget75M_MaxCov,CUTOFF_2021-CAINF-000734,20210504,18,pyrologix,5,127-76,2021,0.0,0.0020685569616034627,0,drone,1,9.489961992702219e-05,1775,0.004555181756497065,True
GaussianBudget75M_MaxCov,CUT_2021-CABDF-014987,20211016,9,pyrologix,11,206-88,2021,0.0,0.005493649048730731,0,drone,1,9.489961992702219e-05,4355,0.004460282136570043,True
GaussianBudget75M_MaxCov,Caldor_2021-CAENF-024030,20210814,0,pyrologix,1,100-54,2021,2416.140449938015,0.024066339014098048,1,drone,1,9.489961992702219e-05,800,0.0040806836568619545,True
GaussianBudget75M_MaxCov,Camino_2021-CACNF-000844,20210321,18,pyrologix,12,244-98,2021,0.0,0.020164653076790273,-1,undetected,1,9.489961992702219e-05,4920,0.0046500813764240876,True
GaussianBudget75M_MaxCov,Camp_2021-CACNF-000404,20210206,12,pyrologix,4,244-98,2021,0.0,0.00820578495040536,0,drone,1,9.489961992702219e-05,1780,0.004555181756497065,True
GaussianBudget75M_MaxCov,Campbell_2021-CASRF-000869,20210915,11,pyrologix,7,31-17,2021,2615.437504723086,0.06321063498035073,1,drone,1,9.489961992702219e-05,3010,0.0046500813764240876,True
GaussianBudget75M_MaxCov,Candy_2021-CACNF-001278,20210505,21,pyrologix,2,220-87,2021,0.0,0.005388206918723881,1,drone,1,9.489961992702219e-05,1185,0.004365382516643021,True
GaussianBudget75M_MaxCov,Canfield_2021-CACNF-001536,20210530,15,pyrologix,12,230-100,2021,0.0,0.034836128004826605,-1,undetected,1,9.489961992702219e-05,4310,0.0046500813764240876,True
GaussianBudget75M_MaxCov,Canyon_2021-CAPNF-001053,20210703,0,pyrologix,3,72-66,2021,2488.865371564054,0.027590412995778024,1,drone,1,9.489961992702219e-05,1585,0.004555181756497065,True
GaussianBudget75M_MaxCov,Canyon_2_2021-CAPNF-001242,20210720,3,pyrologix,10,65-57,2021,0.0,0.0045118649723008275,0,drone,1,9.489961992702219e-05,3945,0.0046500813764240876,True
GaussianBudget75M_MaxCov,Cariso_2021-CACNF-000397,20210205,16,pyrologix,4,220-87,2021,0.0,0.012949839001521468,2,drone,1,9.489961992702219e-05,2280,0.004555181756497065,True
GaussianBudget75M_MaxCov,Cat_2021-CACNF-001669,20210608,15,pyrologix,12,244-98,2021,0.0,0.019575275015085936,-1,undetected,1,9.489961992702219e-05,4920,0.0046500813764240876,True
GaussianBudget75M_MaxCov,Chance__2021-CAPNF-002868,20211004,20,pyrologix,7,72-59,2021,0.0,0.011833818047307432,1,drone,1,9.489961992702219e-05,3060,0.0046500813764240876,True
GaussianBudget75M_MaxCov,Chaparral_2021-CACNF-002791,20210828,17,pyrologix,5,227-87,2021,0.0,0.01630744698923081,0,drone,1,9.489961992702219e-05,2130,0.003985784036934932,True
GaussianBudget75M_MaxCov,Charlie_2021-CASHF-000725,20210530,17,pyrologix,3,44-41,2021,0.0,0.0058641619980335236,1,drone,1,9.489961992702219e-05,1735,0.004555181756497065,True
GaussianBudget75M_MaxCov,China_2021-CASHF-000838,20210610,19,pyrologix,8,38-28,2021,0.0,0.006317721912637353,1,drone,1,9.489961992702219e-05,3155,0.0046500813764240876,True
GaussianBudget75M_MaxCov,Cliff_2021-CASRF-000455,20210626,18,pyrologix,2,45-20,2021,2374.4828470459906,0.011530917952768505,0,drone,1,9.489961992702219e-05,725,0.004555181756497065,True
GaussianBudget75M_MaxCov,Clipper_2021-CAPNF-000484,20210421,20,pyrologix,1,79-54,2021,0.0,0.0036153889959678054,0,drone,1,9.489961992702219e-05,705,0.0046500813764240876,True
GaussianBudget75M_MaxCov,Clough_2021-CAPNF-000570,20210507,12,pyrologix,6,72-59,2021,0.0,0.006213276064954698,1,drone,1,9.489961992702219e-05,2590,0.0046500813764240876,True
GaussianBudget75M_MaxCov,Clover_2021-CAPNF-001851,20210825,11,pyrologix,10,72-66,2021,0.0,0.003165277070365846,0,drone,1,9.489961992702219e-05,3485,0.0046500813764240876,True
GaussianBudget75M_MaxCov,Cobb_2021-CASRF-000378,20210609,11,pyrologix,10,59-19,2021,2420.3975523000117,0.03836836898699403,2,drone,1,9.489961992702219e-05,4530,0.0046500813764240876,True
GaussianBudget75M_MaxCov,Coldwater_2021-CAPNF-001374,20210730,21,pyrologix,1,72-59,2021,0.0,0.002061743987724185,0,drone,1,9.489961992702219e-05,500,0.003795984797080888,True
GaussianBudget75M_MaxCov,Community__2021-CAPNF-000563,20210506,1,pyrologix,1,79-54,2021,0.0,0.0035801909398287535,0,drone,1,9.489961992702219e-05,705,0.0046500813764240876,True
GaussianBudget75M_MaxCov,Corral_2021-CALPF-000734,20210405,16,pyrologix,3,none,2021,0.0,0.003418656997382641,-1,undetected,1,9.489961992702219e-05,0,0.0,False
GaussianBudget75M_MaxCov,Corral_2021-CASHF-000619,20210516,21,pyrologix,7,45-20,2021,0.0,0.008281695074401796,0,drone,1,9.489961992702219e-05,2675,0.0046500813764240876,True
GaussianBudget75M_MaxCov,Corte_Madera_2021-CACNF-000407,20210206,16,pyrologix,6,244-98,2021,0.0,0.005092359031550586,1,drone,1,9.489961992702219e-05,2570,0.0046500813764240876,True
GaussianBudget75M_MaxCov,Creek_2021-CACNF-003652,20211221,17,pyrologix,7,none,2021,0.0,0.005283755017444491,-1,undetected,1,9.489961992702219e-05,0,0.0,False
GaussianBudget75M_MaxCov,Creek_2021-CAPNF-001218,20210718,16,pyrologix,10,65-57,2021,0.0,0.013570109033025801,1,drone,1,9.489961992702219e-05,4345,0.0046500813764240876,True
GaussianBudget75M_MaxCov,Creek_2021-CASHF-000371,20210324,21,pyrologix,6,37-49,2021,0.0,0.002790314960293472,0,drone,1,9.489961992702219e-05,2345,0.0046500813764240876,True
GaussianBudget75M_MaxCov,Creekside__2021-CASRF-000262,20210508,19,pyrologix,5,38-21,2021,0.0,0.006779178977012634,0,drone,1,9.489961992702219e-05,1950,0.0046500813764240876,True
GaussianBudget75M_MaxCov,Crescent__2021-CAPNF-000698,20210529,16,pyrologix,12,65-57,2021,0.0,0.00444695504847914,0,drone,1,9.489961992702219e-05,4605,0.0046500813764240876,True
GaussianBudget75M_MaxCov,Crocker_2021-CAPNF-000394,20210408,20,pyrologix,10,72-66,2021,0.0,0.0030967540806159377,0,drone,1,9.489961992702219e-05,3485,0.0046500813764240876,True
GaussianBudget75M_MaxCov,Crocker_2021-CAPNF-001592,20210814,0,pyrologix,2,72-66,2021,0.0,0.002697377000004053,0,drone,1,9.489961992702219e-05,740,0.004270482896715999,True
GaussianBudget75M_MaxCov,Curtis_2021-CALPF-000998,20210505,23,pyrologix,9,189-64,2021,0.0,0.0042910450138151646,0,drone,1,9.489961992702219e-05,3170,0.0046500813764240876,True
GaussianBudget75M_MaxCov,Cutler_2021-CAPNF-001251,20210721,0,pyrologix,4,72-59,2021,0.0,0.005489534931257367,1,drone,1,9.489961992702219e-05,1775,0.0046500813764240876,True
GaussianBudget75M_MaxCov,DALE_2021-CASHF-000975,20210629,22,pyrologix,4,30-38,2021,0.0,0.0035187150351703167,0,drone,1,9.489961992702219e-05,1705,0.0046500813764240876,True
GaussianBudget75M_MaxCov,DALTON_2021-CAANF-003600,20210924,18,pyrologix,10,206-81,2021,0.0,0.004865266033448279,0,drone,1,9.489961992702219e-05,4090,0.0040806836568619545,True
GaussianBudget75M_MaxCov,DAMONS_2021-CAMDF-001193,20210806,13,pyrologix,11,37-63,2021,2447.7768025050173,0.021305641974322498,1,drone,1,9.489961992702219e-05,4675,0.0046500813764240876,True
GaussianBudget75M_MaxCov,DAM_2021-CAANF-004298,20211204,18,pyrologix,10,201-76,2021,0.0,0.006194740068167448,1,drone,1,9.489961992702219e-05,3980,0.004555181756497065,True
GaussianBudget75M_MaxCov,DAVIS_2021-CAINF-001143,20210608,16,pyrologix,9,none,2021,0.0,0.028944590012542903,-1,undetected,1,9.489961992702219e-05,0,0.0,False
GaussianBudget75M_MaxCov,DEADFALL_2021-CASHF-001182,20210730,20,pyrologix,6,30-38,2021,0.0,0.003635286004282534,0,drone,1,9.489961992702219e-05,2220,0.0046500813764240876,True
GaussianBudget75M_MaxCov,DEADWOOD_2021-CAENF-022441,20210801,19,pyrologix,7,100-68,2021,0.0,0.004643813008442521,0,drone,1,9.489961992702219e-05,2860,0.004555181756497065,True
GaussianBudget75M_MaxCov,DEAD_HORSE_2021-CASQF-001848,20210630,10,pyrologix,9,169-84,2021,0.0,0.006127821980044246,1,drone,1,9.489961992702219e-05,3400,0.0046500813764240876,True
GaussianBudget75M_MaxCov,DECHAMBEAU_2021-CAINF-001645,20210710,0,pyrologix,1,none,2021,0.0,0.046062572044320405,-1,undetected,1,9.489961992702219e-05,0,0.0,False
GaussianBudget75M_MaxCov,DEER_2021-CABDF-012757,20210827,13,pyrologix,6,209-96,2021,0.0,0.004281532950699329,0,drone,1,9.489961992702219e-05,2535,0.004460282136570043,True
GaussianBudget75M_MaxCov,DEER_2021-CAENF-019219,20210705,16,pyrologix,5,100-68,2021,0.0,0.005529861897230148,0,drone,1,9.489961992702219e-05,2015,0.004555181756497065,True
GaussianBudget75M_MaxCov,DEER_2021-CAKNF-005056,20210625,17,pyrologix,11,none,2021,0.0,0.025006697978824377,-1,undetected,1,9.489961992702219e-05,0,0.0,False
GaussianBudget75M_MaxCov,DEER_2021-CATNF-001386,20210721,23,pyrologix,9,86-53,2021,0.0,0.01224689104128629,1,drone,1,9.489961992702219e-05,3860,0.0046500813764240876,True
GaussianBudget75M_MaxCov,DELAMAR_2021-CABDF-011509,20210726,7,pyrologix,9,none,2021,0.0,0.03077806404326111,-1,undetected,1,9.489961992702219e-05,0,0.0,False
GaussianBudget75M_MaxCov,DEMOCRAT_2021-CASQF-002095,20210708,0,pyrologix,4,177-72,2021,2621.7016955170548,0.08073769195470959,0,drone,1,9.489961992702219e-05,1740,0.0046500813764240876,True
GaussianBudget75M_MaxCov,DERRY_2021-CALPF-002717,20211005,21,pyrologix,1,196-57,2021,2459.22579306399,0.020978132961317897,0,drone,1,9.489961992702219e-05,460,0.003511285937299821,True
GaussianBudget75M_MaxCov,DEVORE_2021-CABDU-005483,20210504,21,pyrologix,6,206-88,2021,0.0,0.0033440410625189543,0,drone,1,9.489961992702219e-05,2490,0.004460282136570043,True
GaussianBudget75M_MaxCov,DEXTER_2021-CAINF-001695,20210712,11,pyrologix,12,124-80,2021,0.0,0.01923333597369492,-1,undetected,1,9.489961992702219e-05,4540,0.0046500813764240876,True
GaussianBudget75M_MaxCov,DILLER_2021-CASHF-000552,20210508,10,pyrologix,8,30-45,2021,0.0,0.009914455004036427,0,drone,1,9.489961992702219e-05,2955,0.0046500813764240876,True
GaussianBudget75M_MaxCov,DIMAS_2021-CAANF-001591,20210523,4,pyrologix,12,206-81,2021,0.0,0.020725340000353754,-1,undetected,1,9.489961992702219e-05,5440,0.0040806836568619545,True
GaussianBudget75M_MaxCov,DINKEY_2021-CASNF-001236,20210812,23,pyrologix,11,141-74,2021,0.0,0.03350919496733695,-1,undetected,1,9.489961992702219e-05,4410,0.0046500813764240876,True
GaussianBudget75M_MaxCov,DIXIE_2021-CABTU-009205,20210714,0,pyrologix,1,72-52,2021,2604.3795231289696,0.07400024007074535,0,drone,1,9.489961992702219e-05,380,0.0028469885978106655,True
GaussianBudget75M_MaxCov,DOGCREEK_2021-CASHF-001322,20210827,11,pyrologix,12,44-41,2021,0.0,0.018710930016823113,-1,undetected,1,9.489961992702219e-05,4880,0.0046500813764240876,True
GaussianBudget75M_MaxCov,DOG_2021-CATNF-002107,20211017,14,pyrologix,4,86-67,2021,0.0,0.00573593401350081,1,drone,1,9.489961992702219e-05,2000,0.004460282136570043,True
GaussianBudget75M_MaxCov,DOME_2021-CAINF-002577,20210921,22,pyrologix,8,124-80,2021,0.0,0.0058888610219582915,0,drone,1,9.489961992702219e-05,2780,0.0046500813764240876,True
GaussianBudget75M_MaxCov,DOME_2021-CASQF-002669,20210808,15,pyrologix,7,163-78,2021,0.0,0.00244609999936074,0,drone,1,9.489961992702219e-05,2680,0.0046500813764240876,True
GaussianBudget75M_MaxCov,DOME_2021-CASTF-001915,20210731,14,pyrologix,7,107-68,2021,0.0,0.003895714064128697,0,drone,1,9.489961992702219e-05,2860,0.0046500813764240876,True
GaussianBudget75M_MaxCov,DONEY_2021-CASHF-000376,20210326,19,pyrologix,4,44-41,2021,0.0,0.0032283179461956024,0,drone,1,9.489961992702219e-05,1735,0.004555181756497065,True
GaussianBudget75M_MaxCov,DORMER_2021-CAANF-001579,20210522,19,pyrologix,5,201-76,2021,0.0,0.004718070034869015,0,drone,1,9.489961992702219e-05,1865,0.004555181756497065,True
GaussianBudget75M_MaxCov,DOW_2021-CALNF-006059,20211005,15,pyrologix,11,51-61,2021,2733.112589524011,0.047894268995150924,0,drone,1,9.489961992702219e-05,4285,0.0046500813764240876,True
GaussianBudget75M_MaxCov,DRAINAGE_HLRD_2021-CASQF-002363,20210719,18,pyrologix,8,149-72,2021,2616.3199757740367,0.15572489507030696,2,drone,1,9.489961992702219e-05,3735,0.0046500813764240876,True
GaussianBudget75M_MaxCov,DRY_2021-CAINF-000909,20210526,19,pyrologix,3,124-80,2021,0.0,0.002491316059604287,0,drone,1,9.489961992702219e-05,1090,0.004460282136570043,True
GaussianBudget75M_MaxCov,DRY_2021-CASQF-000964,20210509,19,pyrologix,11,177-79,2021,2607.812162426999,0.1438845309894532,0,drone,1,9.489961992702219e-05,3765,0.0046500813764240876,True
GaussianBudget75M_MaxCov,DRY__2021-CAANF-003810,20211013,18,pyrologix,4,195-71,2021,0.0,0.0037237630458548665,0,drone,1,9.489961992702219e-05,1610,0.0046500813764240876,True
GaussianBudget75M_MaxCov,DUNCAN_2021-CATNF-001388,20210721,15,pyrologix,3,93-62,2021,0.0,0.009483171976171434,1,drone,1,9.489961992702219e-05,1475,0.0046500813764240876,True
GaussianBudget75M_MaxCov,DURANGO_2021-CABDF-017332,20211122,15,pyrologix,12,223-101,2021,0.0,0.0076274051098152995,1,drone,1,9.489961992702219e-05,4630,0.0046500813764240876,True
GaussianBudget75M_MaxCov,DUSTY_2021-CABDF-014102,20210926,10,pyrologix,12,206-88,2021,0.0,0.0045191459357738495,0,drone,1,9.489961992702219e-05,4610,0.004460282136570043,True
GaussianBudget75M_MaxCov,DUSY_2021-CASNF-001231,20210811,16,pyrologix,10,141-74,2021,0.0,0.016427319962531328,2,drone,1,9.489961992702219e-05,4170,0.0046500813764240876,True
GaussianBudget75M_MaxCov,DUTCHMAN_2021-CALPF-002724,20211006,15,pyrologix,6,none,2021,0.0,0.10992859397083521,-1,undetected,1,9.489961992702219e-05,0,0.0,False
GaussianBudget75M_MaxCov,DUTCH_2021-CASQF-001862,20210701,20,pyrologix,7,170-77,2021,0.0,0.021417065989226103,2,drone,1,9.489961992702219e-05,3240,0.0046500813764240876,True
GaussianBudget75M_MaxCov,Davis_2021-CAPNF-000778,20210611,18,pyrologix,3,72-66,2021,0.0,0.0038495149929076433,0,drone,1,9.489961992702219e-05,1100,0.004555181756497065,True
GaussianBudget75M_MaxCov,Deer_2021-CASHF-000610,20210515,14,pyrologix,11,37-42,2021,0.0,0.0051967449253425,0,drone,1,9.489961992702219e-05,3910,0.0046500813764240876,True
GaussianBudget75M_MaxCov,Diamond_2021-CAPNF-001240,20210720,0,pyrologix,5,65-64,2021,0.0,0.20882311405148357,2,drone,1,9.489961992702219e-05,2215,0.004365382516643021,True
GaussianBudget75M_MaxCov,Dog_2021-CAPNF-001397,20210802,13,pyrologix,7,72-52,2021,0.0,0.016792575013823807,3,drone,1,9.489961992702219e-05,3990,0.0046500813764240876,True
GaussianBudget75M_MaxCov,Dotta_2021-CAPNF-001010,20210630,16,pyrologix,11,72-66,2021,0.0,0.003113282029516995,0,drone,1,9.489961992702219e-05,3795,0.0046500813764240876,True
GaussianBudget75M_MaxCov,Dubakella_2021-CASHF-000711,20210529,19,pyrologix,5,52-26,2021,2595.3311624539783,0.003332232008688152,0,drone,1,9.489961992702219e-05,1660,0.004460282136570043,True
GaussianBudget75M_MaxCov,Dutch_2021-CAPNF-001146,20210710,16,pyrologix,9,65-57,2021,0.0,0.009288395987823606,2,drone,1,9.489961992702219e-05,4255,0.0046500813764240876,True
GaussianBudget75M_MaxCov,Duzen_2021-CASRF-000321,20210524,20,pyrologix,1,45-20,2021,0.0,0.0041224530432373285,1,drone,1,9.489961992702219e-05,725,0.004555181756497065,True
GaussianBudget75M_MaxCov,E-1_ASHURST_2021-CALNF-002490,20210515,20,pyrologix,3,51-61,2021,0.0,0.0036240459885448217,0,drone,1,9.489961992702219e-05,1395,0.004460282136570043,True
GaussianBudget75M_MaxCov,E-1_CRATER_2021-CALNF-004410,20210731,20,pyrologix,2,58-61,2021,2482.820944200037,0.020275852060876787,1,drone,1,9.489961992702219e-05,1185,0.004365382516643021,True
GaussianBudget75M_MaxCov,E-1_INDIAN_2021-CALNF-003421,20210624,12,pyrologix,5,51-61,2021,0.0,0.0032616850221529603,0,drone,1,9.489961992702219e-05,2100,0.0046500813764240876,True
GaussianBudget75M_MaxCov,E-2_CAMP_TEN_2021-CALNF-002504,20210516,14,pyrologix,1,58-61,2021,0.0,0.00539048295468092,1,drone,1,9.489961992702219e-05,880,0.004270482896715999,True
GaussianBudget75M_MaxCov,E-2_PINE_2021-CALNF-003748,20210705,20,pyrologix,8,58-61,2021,0.0,0.003888142993673682,0,drone,1,9.489961992702219e-05,2915,0.0046500813764240876,True
GaussianBudget75M_MaxCov,E-2_STANFORD_2021-CALNF-003424,20210624,11,pyrologix,11,51-61,2021,0.0,0.007144225062802434,1,drone,1,9.489961992702219e-05,4435,0.0046500813764240876,True
GaussianBudget75M_MaxCov,E-3_BOGARD_2021-CALNF-004419,20210731,18,pyrologix,10,58-54,2021,0.0,0.05636020400561392,1,drone,1,9.489961992702219e-05,4365,0.0046500813764240876,True
GaussianBudget75M_MaxCov,E-3_GRAY_2021-CALNF-003750,20210705,23,pyrologix,3,58-54,2021,0.0,0.003183813998475671,0,drone,1,9.489961992702219e-05,1330,0.0046500813764240876,True
GaussianBudget75M_MaxCov,E-5_BUTTE_LAKE_2021-CALNF-004442,20210801,12,pyrologix,12,51-54,2021,0.0,0.025561623042449355,-1,undetected,1,9.489961992702219e-05,6040,0.0046500813764240876,True
GaussianBudget75M_MaxCov,E-6_ANTELOPE_2021-CALNF-004457,20210802,1,pyrologix,2,58-61,2021,0.0,0.008652008953504264,1,drone,1,9.489961992702219e-05,1185,0.004365382516643021,True
GaussianBudget75M_MaxCov,EAGLE_2021-CASHF-000460,20210415,20,pyrologix,3,37-35,2021,0.0,0.005716616054996848,1,drone,1,9.489961992702219e-05,1620,0.0046500813764240876,True
GaussianBudget75M_MaxCov,EAGLE_2021-CATMU-018004,20210626,9,pyrologix,11,93-62,2021,0.0,0.006743179983459413,1,drone,1,9.489961992702219e-05,4230,0.0046500813764240876,True
GaussianBudget75M_MaxCov,EARLY__2021-CASTF-002235,20210825,1,pyrologix,4,121-61,2021,0.0,0.0046649170108139515,0,drone,1,9.489961992702219e-05,1795,0.0046500813764240876,True
GaussianBudget75M_MaxCov,EAST_2021-CAANF-003356,20210906,14,pyrologix,2,206-88,2021,0.0,0.0059545820113271475,1,drone,1,9.489961992702219e-05,1280,0.004460282136570043,True
GaussianBudget75M_MaxCov,EAST_2021-CAENF-020980,20210720,0,pyrologix,2,100-61,2021,0.0,0.0031764769228175282,0,drone,1,9.489961992702219e-05,1075,0.004365382516643021,True
GaussianBudget75M_MaxCov,EAST_2021-CAKNF-006415,20210731,20,pyrologix,3,31-31,2021,0.0,0.0030792750185355544,0,drone,1,9.489961992702219e-05,1275,0.004555181756497065,True
GaussianBudget75M_MaxCov,EAST_2021-CASHF-000646,20210520,20,pyrologix,10,45-27,2021,2561.962638208992,0.03741986595559865,1,drone,1,9.489961992702219e-05,4105,0.0046500813764240876,True
GaussianBudget75M_MaxCov,ECHO_2021-CALNF-003471,20210625,21,pyrologix,4,58-54,2021,0.0,0.00533659104257822,1,drone,1,9.489961992702219e-05,1985,0.0046500813764240876,True
GaussianBudget75M_MaxCov,ECHO_2021-CATMU-021480,20210724,14,pyrologix,8,100-68,2021,0.0,0.017083582002669573,2,drone,1,9.489961992702219e-05,3615,0.004555181756497065,True
GaussianBudget75M_MaxCov,EDDY_2021-CASHF-000952,20210625,12,pyrologix,11,30-38,2021,0.0,0.006187467952258885,1,drone,1,9.489961992702219e-05,4565,0.0046500813764240876,True
GaussianBudget75M_MaxCov,ELAM_2021-CALNF-003064,20210610,12,pyrologix,5,65-50,2021,2478.1878172080033,0.0601575099863112,1,drone,1,9.489961992702219e-05,2465,0.0046500813764240876,True
GaussianBudget75M_MaxCov,ELAM_2021-CALNF-004040,20210715,19,pyrologix,10,58-47,2021,2483.247473634081,0.06754224596079439,2,drone,1,9.489961992702219e-05,4385,0.0046500813764240876,True
GaussianBudget75M_MaxCov,ELK_2021-CAKNF-002454,20210404,21,pyrologix,2,24-32,2021,0.0,0.003948622033931315,0,drone,1,9.489961992702219e-05,1155,0.004460282136570043,True
GaussianBudget75M_MaxCov,EMIGRANT_2021-CAANF-003521,20210917,15,pyrologix,12,195-71,2021,0.0,0.004527279990725219,0,drone,1,9.489961992702219e-05,4340,0.0046500813764240876,True
GaussianBudget75M_MaxCov,EMMA_2021-CAANF-003237,20210829,22,pyrologix,1,none,2021,0.0,0.015541542088612914,-1,undetected,1,9.489961992702219e-05,0,0.0,False
GaussianBudget75M_MaxCov,ERNST_2021-CAMMU-006886,20210405,21,pyrologix,4,121-61,2021,0.0,0.009652193053625524,1,drone,1,9.489961992702219e-05,1950,0.0046500813764240876,True
GaussianBudget75M_MaxCov,ESCAPE_2021-CABDF-008798,20210530,19,pyrologix,2,none,2021,0.0,0.006971446913667023,-1,undetected,1,9.489961992702219e-05,0,0.0,False
GaussianBudget75M_MaxCov,ESCONDIDO_2021-CAANF-003542,20210918,20,pyrologix,6,201-76,2021,0.0,0.015223743976093829,1,drone,1,9.489961992702219e-05,2775,0.004555181756497065,True
GaussianBudget75M_MaxCov,EVERETT_2021-CASHF-001127,20210721,12,pyrologix,5,30-45,2021,0.0,0.006368171074427664,1,drone,1,9.489961992702219e-05,2250,0.0046500813764240876,True
GaussianBudget75M_MaxCov,East_Grade_2021-CACNF-001220,20210501,14,pyrologix,2,230-100,2021,0.0,0.0032773599959909916,0,drone,1,9.489961992702219e-05,935,0.004365382516643021,True
GaussianBudget75M_MaxCov,Echo_2021-CASHF-000897,20210619,22,pyrologix,4,37-42,2021,0.0,0.009203330962918699,2,drone,1,9.489961992702219e-05,2170,0.0046500813764240876,True
GaussianBudget75M_MaxCov,Eight_2021-CACNF-003271,20211028,19,pyrologix,6,244-98,2021,0.0,0.006678389967419207,1,drone,1,9.489961992702219e-05,2805,0.0046500813764240876,True
GaussianBudget75M_MaxCov,Evans_2021-CAPNF-001358,20210730,1,pyrologix,2,65-57,2021,0.0,0.00506511505227536,1,drone,1,9.489961992702219e-05,1150,0.0046500813764240876,True
GaussianBudget75M_MaxCov,FAIRCHILD_2021-CAMDF-000597,20210623,18,pyrologix,9,36-70,2021,0.0,0.01226577500347048,1,drone,1,9.489961992702219e-05,3545,0.0046500813764240876,True
GaussianBudget75M_MaxCov,FALLS_2021-CASHF-001063,20210711,12,pyrologix,4,38-21,2021,0.0,0.0034455000422894955,0,drone,1,9.489961992702219e-05,1625,0.0046500813764240876,True
GaussianBudget75M_MaxCov,FALL_2021-CAANF-003791,20211011,16,pyrologix,10,201-76,2021,0.0,0.0040220459923148155,0,drone,1,9.489961992702219e-05,3715,0.004555181756497065,True
GaussianBudget75M_MaxCov,FAULKSTEIN_2021-CAKNF-004573,20210612,21,pyrologix,1,24-32,2021,0.0,0.002161059994250536,0,drone,1,9.489961992702219e-05,525,0.003795984797080888,True
GaussianBudget75M_MaxCov,FAWN_2021-CASHU-010480,20210922,18,pyrologix,12,44-41,2021,0.0,0.01889432594180107,-1,undetected,1,9.489961992702219e-05,4880,0.0046500813764240876,True
GaussianBudget75M_MaxCov,FIFTEEN_2021-CABDF-017313,20211122,15,pyrologix,1,206-88,2021,0.0,0.006546847987920046,1,drone,1,9.489961992702219e-05,1060,0.004460282136570043,True
GaussianBudget75M_MaxCov,FISH_2021-CAKNF-006421,20210731,20,pyrologix,7,31-31,2021,0.0,0.004434771020896733,0,drone,1,9.489961992702219e-05,2515,0.0046500813764240876,True
GaussianBudget75M_MaxCov,FIVE_2021-CAANF-000825,20210319,16,pyrologix,7,195-71,2021,0.0,0.0056359750451520085,1,drone,1,9.489961992702219e-05,2830,0.0046500813764240876,True
GaussianBudget75M_MaxCov,FLATS_2021-CABDF-009477,20210613,17,pyrologix,2,none,2021,0.0,0.00928028195630759,-1,undetected,1,9.489961992702219e-05,0,0.0,False
GaussianBudget75M_MaxCov,FLAT_2021-CAINF-000056,20210110,14,pyrologix,1,none,2021,0.0,0.006850644946098328,-1,undetected,1,9.489961992702219e-05,0,0.0,False
GaussianBudget75M_MaxCov,FLAT_2021-CASHF-000907,20210621,20,pyrologix,3,30-45,2021,0.0,0.004075758974067867,0,drone,1,9.489961992702219e-05,1305,0.0046500813764240876,True
GaussianBudget75M_MaxCov,FLAT__2021-CAANF-000125,20210113,3,pyrologix,4,195-71,2021,0.0,0.006324150017462671,1,drone,1,9.489961992702219e-05,1865,0.0046500813764240876,True
GaussianBudget75M_MaxCov,FLETCHER_2021-CABDF-015945,20211031,21,pyrologix,6,230-100,2021,0.0,0.02387426805216819,4,drone,1,9.489961992702219e-05,3425,0.0046500813764240876,True
GaussianBudget75M_MaxCov,FLINT_2021-CABDF-017383,20211123,16,pyrologix,9,223-101,2021,0.0,0.005475279991514981,1,drone,1,9.489961992702219e-05,3590,0.0046500813764240876,True
GaussianBudget75M_MaxCov,FORD_2021-CAINF-001461,20210629,16,pyrologix,4,none,2021,0.0,0.0026937240036204457,-1,undetected,1,9.489961992702219e-05,0,0.0,False
GaussianBudget75M_MaxCov,FORESTHILL_2021-CATNF-001677,20210829,1,pyrologix,1,86-53,2021,0.0,0.006417389959096909,1,drone,1,9.489961992702219e-05,1105,0.004555181756497065,True
GaussianBudget75M_MaxCov,FOREST_2021-CATCU-006215,20210517,19,pyrologix,3,107-54,2021,2395.871770009049,0.13425447803456336,2,drone,1,9.489961992702219e-05,1755,0.0046500813764240876,True
GaussianBudget75M_MaxCov,FORK_2021-CABDF-003725,20210222,0,pyrologix,4,206-88,2021,0.0,0.0049352169735357165,1,drone,1,9.489961992702219e-05,2060,0.004460282136570043,True
GaussianBudget75M_MaxCov,FOX_2021-CALNF-002007,20210422,22,pyrologix,4,58-61,2021,0.0,0.006288140895776451,1,drone,1,9.489961992702219e-05,1920,0.004555181756497065,True
GaussianBudget75M_MaxCov,FRASER__2021-CASTF-002126,20210813,11,pyrologix,9,114-64,2021,0.0,0.003427490941248834,0,drone,1,9.489961992702219e-05,3215,0.0046500813764240876,True
GaussianBudget75M_MaxCov,FRENCH_2021-CAKNF-005037,20210625,11,pyrologix,9,31-24,2021,0.0,0.009424104006029665,1,drone,1,9.489961992702219e-05,3885,0.0046500813764240876,True
GaussianBudget75M_MaxCov,FRESNO_2021-CASNF-001333,20210822,20,pyrologix,9,141-74,2021,0.0,0.0031016680877655745,0,drone,1,9.489961992702219e-05,3145,0.0046500813764240876,True
GaussianBudget75M_MaxCov,FULLER_2021-CATNF-001066,20210622,14,pyrologix,8,86-60,2021,0.0,0.0038430850254371762,0,drone,1,9.489961992702219e-05,3210,0.0046500813764240876,True
GaussianBudget75M_MaxCov,Feldmiller_2021-CASRF-000413,20210619,22,pyrologix,8,45-20,2021,0.0,0.006112201954238117,1,drone,1,9.489961992702219e-05,3270,0.0046500813764240876,True
GaussianBudget75M_MaxCov,Fisher_2021-CASHF-000647,20210520,7,pyrologix,6,37-42,2021,0.0,0.00897663994692266,2,drone,1,9.489961992702219e-05,2770,0.0046500813764240876,True
GaussianBudget75M_MaxCov,Fork_2021-CASRF-000270,20210510,17,pyrologix,5,38-21,2021,0.0,0.014654360013082623,2,drone,1,9.489961992702219e-05,2545,0.0046500813764240876,True
GaussianBudget75M_MaxCov,Frazier_2021-CALPF-000952,20210430,18,pyrologix,1,189-64,2021,0.0,0.005279719945974648,1,drone,1,9.489961992702219e-05,840,0.004270482896715999,True
GaussianBudget75M_MaxCov,French_2021-CATNF-001393,20210722,20,pyrologix,5,79-61,2021,0.0,0.00906663597561419,2,drone,1,9.489961992702219e-05,2705,0.0046500813764240876,True
GaussianBudget75M_MaxCov,GABRIEL_2021-CAANF-001318,20210429,3,pyrologix,7,206-81,2021,0.0,0.0028221620013937354,0,drone,1,9.489961992702219e-05,2990,0.0040806836568619545,True
GaussianBudget75M_MaxCov,GAGGS_2021-CASNF-001725,20211010,12,pyrologix,8,135-67,2021,2527.1967203429667,0.009956805035471916,0,drone,1,9.489961992702219e-05,3300,0.0046500813764240876,True
GaussianBudget75M_MaxCov,GALLOWAY_2021-CATNF-000698,20210505,12,pyrologix,6,79-54,2021,0.0,0.006378819001838565,1,drone,1,9.489961992702219e-05,2655,0.0046500813764240876,True
GaussianBudget75M_MaxCov,GAP_2021-CASTF-001059,20210611,13,pyrologix,7,114-64,2021,0.0,0.004813191015273333,0,drone,1,9.489961992702219e-05,2765,0.0046500813764240876,True
GaussianBudget75M_MaxCov,GARDEN_2021-CAKNF-006380,20210731,21,pyrologix,12,31-31,2021,0.0,0.004216408007778227,0,drone,1,9.489961992702219e-05,4405,0.0046500813764240876,True
GaussianBudget75M_MaxCov,GARDEN_2021-CASQF-002738,20210814,20,pyrologix,5,177-72,2021,0.0,0.0029319809982553124,0,drone,1,9.489961992702219e-05,1880,0.0046500813764240876,True
GaussianBudget75M_MaxCov,GEM__2021-CAINF-002224,20210825,16,pyrologix,11,127-76,2021,0.0,0.004810399957932532,0,drone,1,9.489961992702219e-05,4185,0.0046500813764240876,True
GaussianBudget75M_MaxCov,GILMAN_2021-CASHF-001271,20210815,14,pyrologix,9,44-41,2021,0.0,0.0037692280020564795,0,drone,1,9.489961992702219e-05,3525,0.0046500813764240876,True
GaussianBudget75M_MaxCov,GINGER_BREAD_2021-CABDF-018471,20211129,19,pyrologix,3,223-101,2021,0.0,0.006330088013783097,1,drone,1,9.489961992702219e-05,1785,0.0046500813764240876,True
GaussianBudget75M_MaxCov,GLACIER_NORTH_2021-CAINF-001732,20210715,14,pyrologix,2,none,2021,0.0,0.006174069014377892,-1,undetected,1,9.489961992702219e-05,0,0.0,False
GaussianBudget75M_MaxCov,GLACIER__2021-CAINF-001723,20210714,15,pyrologix,11,none,2021,0.0,0.004406578955240548,-1,undetected,1,9.489961992702219e-05,0,0.0,False
GaussianBudget75M_MaxCov,GLADE_2021-CAKNF-006405,20210731,13,pyrologix,8,none,2021,0.0,0.002295097103342414,-1,undetected,1,9.489961992702219e-05,0,0.0,False
GaussianBudget75M_MaxCov,GLASS_2021-CAINF-000874,20210522,15,pyrologix,10,124-80,2021,0.0,0.004545036004856229,0,drone,1,9.489961992702219e-05,3595,0.0046500813764240876,True
GaussianBudget75M_MaxCov,GOBBI_2021-CAENF-023392,20210809,15,pyrologix,12,93-62,2021,0.0,0.020016042981296778,-1,undetected,1,9.489961992702219e-05,4410,0.0046500813764240876,True
GaussianBudget75M_MaxCov,GOLDEN_2021-CAANF-002886,20210803,23,pyrologix,7,195-71,2021,0.0,0.0031918559689074755,0,drone,1,9.489961992702219e-05,2545,0.0046500813764240876,True
GaussianBudget75M_MaxCov,GOLD_2021-CASHF-000580,20210512,21,pyrologix,4,37-35,2021,0.0,0.0038578109815716743,0,drone,1,9.489961992702219e-05,1715,0.0046500813764240876,True
GaussianBudget75M_MaxCov,GOODALE_2021-CAINF-001466,20210629,19,pyrologix,7,none,2021,0.0,0.0052219179924577475,-1,undetected,1,9.489961992702219e-05,0,0.0,False
GaussianBudget75M_MaxCov,GOOSEBERRY__2021-CASNF-000626,20210621,18,pyrologix,12,128-69,2021,0.0,0.020096780033782125,-1,undetected,1,9.489961992702219e-05,5510,0.004555181756497065,True
GaussianBudget75M_MaxCov,GORDONS_2021-CAKNF-002282,20210329,0,pyrologix,2,17-27,2021,0.0,0.005576541996560991,0,drone,1,9.489961992702219e-05,1040,0.004555181756497065,True
GaussianBudget75M_MaxCov,GRAHAM_2021-CAKNF-006462,20210801,17,pyrologix,8,31-31,2021,0.0,0.007240085978992283,1,drone,1,9.489961992702219e-05,3505,0.0046500813764240876,True
GaussianBudget75M_MaxCov,GRAND_VIEW_2021-CABDF-012129,20210810,20,pyrologix,5,214-103,2021,0.0,0.006070318049751222,1,drone,1,9.489961992702219e-05,2345,0.004365382516643021,True
GaussianBudget75M_MaxCov,GRAPVINE_2021-CABDF-006945,20210421,12,pyrologix,9,206-88,2021,0.0,0.0038697640411555767,0,drone,1,9.489961992702219e-05,3555,0.004460282136570043,True
GaussianBudget75M_MaxCov,GRASSY_2021-CASHF-000618,20210516,21,pyrologix,8,45-20,2021,0.0,0.006388272042386234,0,drone,1,9.489961992702219e-05,3010,0.0046500813764240876,True
GaussianBudget75M_MaxCov,GRASS_2021-CATMU-018337,20210628,18,pyrologix,3,100-68,2021,0.0,0.0019018379971385002,0,drone,1,9.489961992702219e-05,1190,0.004555181756497065,True
GaussianBudget75M_MaxCov,GRAVEL__2021-CAMDF-002888,20211015,17,pyrologix,10,none,2021,0.0,0.002731866086833179,-1,undetected,1,9.489961992702219e-05,0,0.0,False
GaussianBudget75M_MaxCov,GRAVEYARD_2021-CAANF-002217,20210626,7,pyrologix,11,201-76,2021,0.0,0.004484234959818423,0,drone,1,9.489961992702219e-05,4100,0.004555181756497065,True
GaussianBudget75M_MaxCov,GRAYS_2021-CAINF-002723,20211012,20,pyrologix,6,none,2021,0.0,0.0026605749735608697,-1,undetected,1,9.489961992702219e-05,0,0.0,False
GaussianBudget75M_MaxCov,GRAYS__2021-CABDF-011709,20210731,22,pyrologix,3,209-96,2021,0.0,0.0027398470556363463,0,drone,1,9.489961992702219e-05,1265,0.004460282136570043,True
GaussianBudget75M_MaxCov,GREENWOOD_2021-CABDF-010939,20210713,18,pyrologix,10,206-88,2021,0.0,0.00821466592606157,1,drone,1,9.489961992702219e-05,4355,0.004460282136570043,True
GaussianBudget75M_MaxCov,GREY_2021-CASNF-000381,20210523,13,pyrologix,12,128-69,2021,0.0,0.019816656014882028,-1,undetected,1,9.489961992702219e-05,5510,0.004555181756497065,True
GaussianBudget75M_MaxCov,GRIZZLY_2021-CASNF-001239,20210812,17,pyrologix,11,135-67,2021,0.0,0.0074539789929986,1,drone,1,9.489961992702219e-05,4520,0.0046500813764240876,True
GaussianBudget75M_MaxCov,GROUSE_2021-CAKNF-003646,20210515,19,pyrologix,9,31-31,2021,0.0,0.0029601750429719687,0,drone,1,9.489961992702219e-05,3230,0.0046500813764240876,True
GaussianBudget75M_MaxCov,GROUSE__2021-CASTF-001968,20210801,17,pyrologix,11,114-64,2021,0.0,0.005562618956901133,0,drone,1,9.489961992702219e-05,4225,0.0046500813764240876,True
GaussianBudget75M_MaxCov,GROUT_2021-CABDF-011710,20210731,23,pyrologix,1,209-96,2021,0.0,0.0027315820334479213,0,drone,1,9.489961992702219e-05,575,0.00389088441700791,True
GaussianBudget75M_MaxCov,GROVE_2021-CATNF-001750,20210908,21,pyrologix,2,86-60,2021,0.0,0.006409454043023288,1,drone,1,9.489961992702219e-05,1450,0.0046500813764240876,True
GaussianBudget75M_MaxCov,GULCH_2021-CAANF-003619,20210926,19,pyrologix,12,195-71,2021,0.0,0.020323308068327606,-1,undetected,1,9.489961992702219e-05,4550,0.0046500813764240876,True
GaussianBudget75M_MaxCov,GULCH_2021-CAINF-001453,20210629,1,pyrologix,9,115-77,2021,2549.825373427011,0.019074419047683477,1,drone,1,9.489961992702219e-05,3515,0.004555181756497065,True
GaussianBudget75M_MaxCov,GULCH_2021-CASHF-001073,20210713,20,pyrologix,8,52-26,2021,0.0,0.007080803974531591,1,drone,1,9.489961992702219e-05,3235,0.0046500813764240876,True
GaussianBudget75M_MaxCov,GULCH_KRRD_2021-CASQF-002361,20210719,21,pyrologix,2,177-79,2021,0.0,0.00757043098565191,2,drone,1,9.489961992702219e-05,1440,0.0046500813764240876,True
GaussianBudget75M_MaxCov,GUM__2021-CASTF-001887,20210730,14,pyrologix,8,114-64,2021,0.0,0.005674526910297573,1,drone,1,9.489961992702219e-05,3175,0.0046500813764240876,True
GaussianBudget75M_MaxCov,GUNN_2021-CABDF-014268,20210930,19,pyrologix,2,206-88,2021,0.0,0.0037763009313493967,0,drone,1,9.489961992702219e-05,1060,0.004460282136570043,True
GaussianBudget75M_MaxCov,Genesee_2021-CAPNF-000668,20210524,22,pyrologix,1,65-57,2021,0.0,0.008790852036327124,2,drone,1,9.489961992702219e-05,1320,0.0046500813764240876,True
GaussianBudget75M_MaxCov,Gibraltar_2021-CALPF-001128,20210522,0,pyrologix,1,none,2021,0.0,0.0022704639704898,-1,undetected,1,9.489961992702219e-05,0,0.0,False
GaussianBudget75M_MaxCov,Gifford_2021-CALPF-001818,20210712,0,pyrologix,12,none,2021,0.0,0.0022659359965473413,-1,undetected,1,9.489961992702219e-05,0,0.0,False
GaussianBudget75M_MaxCov,Gold_2021-CACNF-001588,20210601,14,pyrologix,6,244-98,2021,0.0,0.006224196054972708,1,drone,1,9.489961992702219e-05,2750,0.0046500813764240876,True
GaussianBudget75M_MaxCov,Gold__2021-CAPNF-003260,20211031,15,pyrologix,10,79-61,2021,0.0,0.004384586005471647,0,drone,1,9.489961992702219e-05,3725,0.0046500813764240876,True
GaussianBudget75M_MaxCov,Gomez_2021-CACNF-003031,20210924,18,pyrologix,9,230-93,2021,0.0,0.007065116078592837,0,drone,1,9.489961992702219e-05,3580,0.004555181756497065,True
GaussianBudget75M_MaxCov,Granite_2021-CASHF-000774,20210602,7,pyrologix,7,44-34,2021,2455.6850596279837,0.013954202993772924,2,drone,1,9.489961992702219e-05,3565,0.0046500813764240876,True
GaussianBudget75M_MaxCov,Grassy_2021-CASRF-000451,20210625,18,pyrologix,6,15-20,2021,2525.45818212803,0.006541696027852595,0,drone,1,9.489961992702219e-05,2455,0.0046500813764240876,True
GaussianBudget75M_MaxCov,Greenhorn_2021-CAPNF-000421,20210413,22,pyrologix,6,72-59,2021,0.0,0.0038908609421923757,0,drone,1,9.489961992702219e-05,2305,0.0046500813764240876,True
GaussianBudget75M_MaxCov,Gregg_2021-CASRF-000312,20210521,13,pyrologix,10,38-21,2021,0.0,0.010236889938823879,0,drone,1,9.489961992702219e-05,3815,0.0046500813764240876,True
GaussianBudget75M_MaxCov,Grizzly_2021-CAPNF-000697,20210529,16,pyrologix,11,72-66,2021,0.0,0.007044899044558406,1,drone,1,9.489961992702219e-05,4290,0.0046500813764240876,True
GaussianBudget75M_MaxCov,H-1_CABLE_2021-CALNF-002461,20210515,1,pyrologix,11,51-54,2021,0.0,0.0057417870266363025,1,drone,1,9.489961992702219e-05,4255,0.0046500813764240876,True
GaussianBudget75M_MaxCov,H-1_MOON_2021-CALNF-003400,20210624,20,pyrologix,9,44-55,2021,2501.9338360740803,0.07301947101950645,1,drone,1,9.489961992702219e-05,3480,0.0046500813764240876,True
GaussianBudget75M_MaxCov,H-3_FORD_2021-CALNF-002493,20210515,19,pyrologix,9,51-54,2021,0.0,0.016890007071197033,2,drone,1,9.489961992702219e-05,4060,0.0046500813764240876,True
GaussianBudget75M_MaxCov,H-3_LOST_2021-CALNF-003447,20210625,0,pyrologix,1,51-54,2021,0.0,0.017577109043486416,2,drone,1,9.489961992702219e-05,1225,0.004555181756497065,True
GaussianBudget75M_MaxCov,H-4_UNION_2021-CALNF-002511,20210516,17,pyrologix,4,51-54,2021,0.0,0.00849540694616735,2,drone,1,9.489961992702219e-05,2285,0.0046500813764240876,True
GaussianBudget75M_MaxCov,H-5_CINDER_2021-CALNF-002519,20210516,21,pyrologix,4,51-54,2021,0.0,0.00791203195694834,2,drone,1,9.489961992702219e-05,2205,0.004555181756497065,True
GaussianBudget75M_MaxCov,HALLS_2021-CAMDF-003039,20211208,17,pyrologix,10,35-77,2021,2445.1630044130143,0.005816438002511859,0,drone,1,9.489961992702219e-05,3380,0.0046500813764240876,True
GaussianBudget75M_MaxCov,HAMBONE_2021-CASHF-001233,20210806,16,pyrologix,5,37-56,2021,0.0,0.0031416559359058738,0,drone,1,9.489961992702219e-05,1920,0.0046500813764240876,True
GaussianBudget75M_MaxCov,HARDEN_2021-CASTF-001794,20210723,17,pyrologix,7,121-61,2021,0.0,0.014699629042297602,1,drone,1,9.489961992702219e-05,3170,0.0046500813764240876,True
GaussianBudget75M_MaxCov,HARDEN_2__2021-CASTF-001795,20210723,16,pyrologix,10,121-61,2021,0.0,0.00482084508985281,0,drone,1,9.489961992702219e-05,3895,0.0046500813764240876,True
GaussianBudget75M_MaxCov,HARRIS_2021-CATNF-001509,20210803,13,pyrologix,11,79-61,2021,0.0,0.0066094479989260435,1,drone,1,9.489961992702219e-05,4250,0.0046500813764240876,True
GaussianBudget75M_MaxCov,HARWOOD_2021-CAANF-004254,20211129,7,pyrologix,2,206-88,2021,0.0,0.007351581007242203,2,drone,1,9.489961992702219e-05,1635,0.004460282136570043,True
GaussianBudget75M_MaxCov,HATCHERY_2021-CABDF-014811,20211011,19,pyrologix,3,214-103,2021,0.0,0.0020313169807195663,0,drone,1,9.489961992702219e-05,1165,0.004270482896715999,True
GaussianBudget75M_MaxCov,HATHAWAY_2021-CABDF-010788,20210710,17,pyrologix,9,214-103,2021,0.0,0.006094263982959092,1,drone,1,9.489961992702219e-05,3765,0.004365382516643021,True
GaussianBudget75M_MaxCov,HAYFORK_2021-CASHU-008170,20210803,4,pyrologix,9,45-27,2021,0.0,0.004583620000630617,0,drone,1,9.489961992702219e-05,3300,0.0046500813764240876,True
GaussianBudget75M_MaxCov,HAYPRESS_2021-CAKNF-006414,20210731,16,pyrologix,11,31-31,2021,0.0,0.003677311004139483,0,drone,1,9.489961992702219e-05,3990,0.0046500813764240876,True
GaussianBudget75M_MaxCov,HAZEL_2021-CAAEU-015966,20210608,20,pyrologix,6,100-54,2021,0.0,0.004589493968524039,0,drone,1,9.489961992702219e-05,2520,0.0046500813764240876,True
GaussianBudget75M_MaxCov,HEBRON_2021-CAKNF-003605,20210515,0,pyrologix,4,23-53,2021,2559.7416103089927,0.010689934017136693,1,drone,1,9.489961992702219e-05,2045,0.004365382516643021,True
GaussianBudget75M_MaxCov,HENRY_2021-CASTF-001280,20210625,15,pyrologix,12,107-68,2021,0.0,0.009343637037090957,2,drone,1,9.489961992702219e-05,5050,0.0046500813764240876,True
GaussianBudget75M_MaxCov,HIDDEN__2021-CAANF-003478,20210913,5,pyrologix,1,206-81,2021,0.0,0.002115509007126093,0,drone,1,9.489961992702219e-05,605,0.0031316874575917325,True
GaussianBudget75M_MaxCov,HIGHLAND__2021-CASTF-001735,20210719,21,pyrologix,4,107-68,2021,0.0,0.005934236920438707,1,drone,1,9.489961992702219e-05,2110,0.0046500813764240876,True
GaussianBudget75M_MaxCov,HIGHWAY_2021-CABDF-014988,20211016,9,pyrologix,10,206-88,2021,0.0,0.006812914041802287,1,drone,1,9.489961992702219e-05,4220,0.004460282136570043,True
GaussianBudget75M_MaxCov,HIGH_POINT_2021-CAKNF-006402,20210731,13,pyrologix,7,31-31,2021,0.0,0.004977799020707607,0,drone,1,9.489961992702219e-05,2780,0.0046500813764240876,True
GaussianBudget75M_MaxCov,HILL_2021-CAANF-003660,20211001,19,pyrologix,12,201-76,2021,0.0,0.0038107259897515178,0,drone,1,9.489961992702219e-05,4375,0.004555181756497065,True
GaussianBudget75M_MaxCov,HILL_2021-CABDF-004239,20210305,18,pyrologix,6,206-88,2021,0.0,0.0054557089461013675,1,drone,1,9.489961992702219e-05,2805,0.004460282136570043,True
GaussianBudget75M_MaxCov,HILL_2021-CASHF-000537,20210504,18,pyrologix,4,37-42,2021,0.0,0.004066922003403306,0,drone,1,9.489961992702219e-05,1615,0.0046500813764240876,True
GaussianBudget75M_MaxCov,HILL_2021-CASTF-001910,20210731,2,pyrologix,1,107-61,2021,0.0,0.010108671034686267,1,drone,1,9.489961992702219e-05,915,0.004555181756497065,True
GaussianBudget75M_MaxCov,HILTON_2021-CAINF-001144,20210608,18,pyrologix,5,none,2021,0.0,0.0066635849652811885,-1,undetected,1,9.489961992702219e-05,0,0.0,False
GaussianBudget75M_MaxCov,HIRAM_2021-CASTF-002595,20210929,11,pyrologix,11,107-68,2021,0.0,0.006813855958171189,1,drone,1,9.489961992702219e-05,4670,0.0046500813764240876,True
GaussianBudget75M_MaxCov,HOBART__2021-CASTF-002083,20210809,22,pyrologix,12,107-68,2021,0.0,0.01974692102521658,-1,undetected,1,9.489961992702219e-05,5255,0.0046500813764240876,True
GaussianBudget75M_MaxCov,HOGSBACK_2021-CAANF-000137,20210114,12,pyrologix,12,206-88,2021,0.0,0.004648645990528166,0,drone,1,9.489961992702219e-05,4655,0.004460282136570043,True
GaussianBudget75M_MaxCov,HOLLY_2021-CABDF-018832,20211207,12,pyrologix,8,209-96,2021,0.0,0.004049031995236874,0,drone,1,9.489961992702219e-05,3135,0.004460282136570043,True
GaussianBudget75M_MaxCov,HOME_2021-CATMU-027066,20210911,21,pyrologix,7,93-62,2021,0.0,0.00562365900259465,1,drone,1,9.489961992702219e-05,2830,0.0046500813764240876,True
GaussianBudget75M_MaxCov,HOOPER_KRRD_2021-CASQF-002348,20210719,6,pyrologix,9,177-79,2021,0.0,0.003585029044188559,0,drone,1,9.489961992702219e-05,3160,0.0046500813764240876,True
GaussianBudget75M_MaxCov,HORSE_2021-CAKNF-002220,20210326,19,pyrologix,7,17-34,2021,0.0,0.002386479056440294,0,drone,1,9.489961992702219e-05,2525,0.003985784036934932,True
GaussianBudget75M_MaxCov,HORSE_2021-CASQF-003069,20210910,10,pyrologix,11,163-78,2021,0.0,0.005477934959344566,0,drone,1,9.489961992702219e-05,4365,0.0046500813764240876,True
GaussianBudget75M_MaxCov,HORSE__2021-CAANF-003639,20210928,2,pyrologix,12,201-76,2021,0.0,0.004515559994615614,0,drone,1,9.489961992702219e-05,4465,0.004555181756497065,True
GaussianBudget75M_MaxCov,HOT_2021-CAINF-001450,20210629,0,pyrologix,6,none,2021,0.0,0.009696956956759095,-1,undetected,1,9.489961992702219e-05,0,0.0,False
GaussianBudget75M_MaxCov,HOT_2021-CASQF-002231,20210713,12,pyrologix,4,177-72,2021,0.0,0.00467527995351702,1,drone,1,9.489961992702219e-05,1815,0.0046500813764240876,True
GaussianBudget75M_MaxCov,HUFFMAN_2021-CAMDF-002376,20210919,16,pyrologix,4,none,2021,0.0,0.0063205769984051585,-1,undetected,1,9.489961992702219e-05,0,0.0,False
GaussianBudget75M_MaxCov,HUMBUG_2021-CALNF-005233,20210902,17,pyrologix,8,65-50,2021,0.0,0.0044104550033807755,0,drone,1,9.489961992702219e-05,3135,0.0046500813764240876,True
GaussianBudget75M_MaxCov,HUSKER_2021-CABDF-011130,20210718,13,pyrologix,8,223-101,2021,0.0,0.0067252329317852855,1,drone,1,9.489961992702219e-05,3400,0.0046500813764240876,True
GaussianBudget75M_MaxCov,HWY_18____HWY_189_2021-CABDU-017482,20211203,10,pyrologix,3,209-96,2021,0.0,0.002781011979095638,0,drone,1,9.489961992702219e-05,1265,0.004460282136570043,True
GaussianBudget75M_MaxCov,Hallett_2021-CAPNF-001068,20210704,22,pyrologix,9,65-64,2021,0.0,0.002757358946837485,0,drone,1,9.489961992702219e-05,2835,0.0046500813764240876,True
GaussianBudget75M_MaxCov,Hallyeyaaw_2021-CACNF-002813,20210829,18,pyrologix,10,237-97,2021,0.0,0.005835238960571587,1,drone,1,9.489961992702219e-05,4500,0.0046500813764240876,True
GaussianBudget75M_MaxCov,Hart_2021-CAPNF-001527,20210809,15,pyrologix,6,72-52,2021,0.0,0.006559344008564949,1,drone,1,9.489961992702219e-05,2985,0.0046500813764240876,True
GaussianBudget75M_MaxCov,Hartman__2021-CAPNF-000997,20210629,15,pyrologix,2,72-52,2021,0.0,0.005730513017624617,0,drone,1,9.489961992702219e-05,945,0.004460282136570043,True
GaussianBudget75M_MaxCov,Henshaw_2021-CACNF-002366,20210723,17,pyrologix,10,230-100,2021,0.0,0.007818575948476791,1,drone,1,9.489961992702219e-05,3860,0.0046500813764240876,True
GaussianBudget75M_MaxCov,Hi_2021-CALPF-002405,20210828,16,pyrologix,2,175-45,2021,0.0,0.003548244945704937,0,drone,1,9.489961992702219e-05,925,0.0046500813764240876,True
GaussianBudget75M_MaxCov,Hlel_Din_2021-CASRF-000201,20210412,19,pyrologix,1,38-21,2021,0.0,0.005459181033074856,1,drone,1,9.489961992702219e-05,900,0.004460282136570043,True
GaussianBudget75M_MaxCov,Hobart_2021-CASRF-000588,20210720,16,pyrologix,10,52-19,2021,0.0,0.006952510913833976,1,drone,1,9.489961992702219e-05,4040,0.0046500813764240876,True
GaussianBudget75M_MaxCov,Holland_2021-CAPNF-000689,20210528,14,pyrologix,2,65-57,2021,0.0,0.0016929859993979335,0,drone,1,9.489961992702219e-05,775,0.004365382516643021,True
GaussianBudget75M_MaxCov,Homestead_2021-CAPNF-000803,20210614,13,pyrologix,10,72-59,2021,0.0,0.009161256020888686,2,drone,1,9.489961992702219e-05,4330,0.0046500813764240876,True
GaussianBudget75M_MaxCov,Honey_2021-CACNF-002374,20210724,17,pyrologix,11,244-98,2021,0.0,0.00616446603089571,1,drone,1,9.489961992702219e-05,4585,0.0046500813764240876,True
GaussianBudget75M_MaxCov,Humbug_2021-CAPNF-001356,20210730,21,pyrologix,9,72-66,2021,0.0,0.00581501005217433,1,drone,1,9.489961992702219e-05,3520,0.0046500813764240876,True
GaussianBudget75M_MaxCov,ICE_2021-CAENF-015133,20210601,18,pyrologix,4,93-62,2021,0.0,0.005027892999351025,1,drone,1,9.489961992702219e-05,1770,0.0046500813764240876,True
GaussianBudget75M_MaxCov,INTERBAY_2021-CAENF-026980,20210910,10,pyrologix,11,93-56,2021,0.0,0.0034717459930106997,0,drone,1,9.489961992702219e-05,4390,0.0046500813764240876,True
GaussianBudget75M_MaxCov,INTERSECTION_2021-CAANF-003983,20211031,19,pyrologix,4,201-76,2021,0.0,0.007966660079546273,2,drone,1,9.489961992702219e-05,2140,0.004555181756497065,True
GaussianBudget75M_MaxCov,INTERSTATE_2021-CAANF-002677,20210719,18,pyrologix,11,195-71,2021,0.0,0.007456068065948784,1,drone,1,9.489961992702219e-05,4340,0.0046500813764240876,True
GaussianBudget75M_MaxCov,INYO_CREEK_2021-CAINF-001299,20210619,11,pyrologix,5,none,2021,0.0,0.006669217953458428,-1,undetected,1,9.489961992702219e-05,0,0.0,False
GaussianBudget75M_MaxCov,IRONWOOD_2021-CABDF-011712,20210731,19,pyrologix,8,209-96,2021,0.0,0.00903869397006929,2,drone,1,9.489961992702219e-05,3660,0.004460282136570043,True
GaussianBudget75M_MaxCov,ISLAND_2021-CAKNF-006317,20210730,0,pyrologix,5,24-32,2021,0.0,0.012611474026925862,1,drone,1,9.489961992702219e-05,2575,0.0046500813764240876,True
GaussianBudget75M_MaxCov,Indian_2021-CASHF-000840,20210611,19,pyrologix,12,44-41,2021,0.0,0.003817869001068175,0,drone,1,9.489961992702219e-05,4585,0.0046500813764240876,True
GaussianBudget75M_MaxCov,Ingalls_2021-CAPNF-001370,20210730,15,pyrologix,5,72-59,2021,0.0,0.0042527830228209496,0,drone,1,9.489961992702219e-05,1995,0.0046500813764240876,True
GaussianBudget75M_MaxCov,JACKSON_2021-CAKNF-006054,20210722,22,pyrologix,1,17-27,2021,0.0,0.008673280943185091,2,drone,1,9.489961992702219e-05,1425,0.0046500813764240876,True
GaussianBudget75M_MaxCov,JACKSON_2021-CATNF-001277,20210707,14,pyrologix,5,79-61,2021,0.0,0.007578372955322266,2,drone,1,9.489961992702219e-05,2530,0.0046500813764240876,True
GaussianBudget75M_MaxCov,JACK_2021-CAENF-027136,20210911,16,pyrologix,3,93-62,2021,0.0,0.004976505064405501,1,drone,1,9.489961992702219e-05,1445,0.004555181756497065,True
GaussianBudget75M_MaxCov,JENKS_2021-CABDF-015099,20211018,21,pyrologix,8,214-103,2021,0.0,0.0034769639605656266,0,drone,1,9.489961992702219e-05,3125,0.004365382516643021,True
GaussianBudget75M_MaxCov,JENNESS__2021-CASTF-002065,20210807,22,pyrologix,3,114-64,2021,0.0,0.007164846058003604,1,drone,1,9.489961992702219e-05,1770,0.004555181756497065,True
GaussianBudget75M_MaxCov,JENNINGS_2021-CAKNF-005044,20210625,16,pyrologix,5,31-24,2021,0.0,0.004771244013682008,1,drone,1,9.489961992702219e-05,2265,0.004555181756497065,True
GaussianBudget75M_MaxCov,JOAQUIN_2021-CAINF-001479,20210630,18,pyrologix,3,124-80,2021,0.0,0.003972112899646163,0,drone,1,9.489961992702219e-05,1280,0.004460282136570043,True
GaussianBudget75M_MaxCov,JONES_2021-CAENF-022004,20210729,4,pyrologix,12,93-62,2021,0.0,0.01961263094563037,-1,undetected,1,9.489961992702219e-05,4410,0.0046500813764240876,True
GaussianBudget75M_MaxCov,JONES_2021-CAKNF-005026,20210625,2,pyrologix,10,31-31,2021,0.0,0.007132692029699683,1,drone,1,9.489961992702219e-05,4125,0.0046500813764240876,True
GaussianBudget75M_MaxCov,JULY_2021-CAKNF-003631,20210515,13,pyrologix,12,31-31,2021,0.0,0.01893515803385526,-1,undetected,1,9.489961992702219e-05,4610,0.0046500813764240876,True
GaussianBudget75M_MaxCov,JUNIPER_2021-CAMDF-000781,20210705,21,pyrologix,2,none,2021,0.0,0.0029107030713930726,-1,undetected,1,9.489961992702219e-05,0,0.0,False
GaussianBudget75M_MaxCov,Japatul_2021-CACNF-000210,20210120,12,pyrologix,12,244-98,2021,0.0,0.01977464708033949,-1,undetected,1,9.489961992702219e-05,4920,0.0046500813764240876,True
GaussianBudget75M_MaxCov,Johnson_2021-CAPNF-002668,20210926,18,pyrologix,11,72-59,2021,0.0,0.003824912942945957,0,drone,1,9.489961992702219e-05,4025,0.0046500813764240876,True
GaussianBudget75M_MaxCov,Jordan_2021-CAPNF-000609,20210515,13,pyrologix,6,70-71,2021,0.0,0.026552119059488177,1,drone,1,9.489961992702219e-05,2580,0.004365382516643021,True
GaussianBudget75M_MaxCov,KAISER_2021-CASNF-000351,20210515,21,pyrologix,2,134-74,2021,0.0,0.003332139109261334,0,drone,1,9.489961992702219e-05,935,0.004555181756497065,True
GaussianBudget75M_MaxCov,KAMOOK_2021-CASNF-000903,20210714,3,pyrologix,11,128-69,2021,0.0,0.005397767992690206,0,drone,1,9.489961992702219e-05,3895,0.004555181756497065,True
GaussianBudget75M_MaxCov,KEENBROOK__2021-CABDF-007842,20210513,0,pyrologix,6,206-88,2021,0.0,0.00430238398257643,0,drone,1,9.489961992702219e-05,2575,0.004460282136570043,True
GaussianBudget75M_MaxCov,KELLY_2021-CAKNF-006382,20210731,2,pyrologix,2,31-31,2021,0.0,0.0044395310105755925,1,drone,1,9.489961992702219e-05,1100,0.004555181756497065,True
GaussianBudget75M_MaxCov,KELLY__2021-CAMDF-001437,20210813,23,pyrologix,5,36-70,2021,0.0,0.003441250999458134,0,drone,1,9.489961992702219e-05,2015,0.0046500813764240876,True
GaussianBudget75M_MaxCov,KENWOOD__2021-CABDF-007372,20210501,15,pyrologix,7,206-88,2021,0.0,0.007131097023375332,1,drone,1,9.489961992702219e-05,3365,0.004460282136570043,True
GaussianBudget75M_MaxCov,KINGFISHER_2021-CABDF-012449,20210817,19,pyrologix,6,223-101,2021,0.0,0.004747263039462268,0,drone,1,9.489961992702219e-05,2510,0.0046500813764240876,True
GaussianBudget75M_MaxCov,KINNEY__2021-CASHF-001131,20210721,20,pyrologix,5,45-27,2021,0.0,0.005619928939267993,1,drone,1,9.489961992702219e-05,2160,0.0046500813764240876,True
GaussianBudget75M_MaxCov,KNOB_2021-CASQF-003074,20210910,17,pyrologix,1,162-85,2021,0.0,0.002836991101503372,0,drone,1,9.489961992702219e-05,575,0.004460282136570043,True
GaussianBudget75M_MaxCov,Kessler_2021-CAPNF-001359,20210730,20,pyrologix,12,65-64,2021,0.0,0.019925086060538888,-1,undetected,1,9.489961992702219e-05,4130,0.0046500813764240876,True
GaussianBudget75M_MaxCov,Kitchen_2021-CACNF-001839,20210621,3,pyrologix,2,none,2021,0.0,0.008708373992703855,-1,undetected,1,9.489961992702219e-05,0,0.0,False
GaussianBudget75M_MaxCov,Knob_2021-CASRF-000795,20210829,16,pyrologix,12,38-21,2021,0.0,0.018985145958140492,-1,undetected,1,9.489961992702219e-05,4450,0.0046500813764240876,True
GaussianBudget75M_MaxCov,Kumeyaay_2021-CACNF-003422,20211119,18,pyrologix,10,244-98,2021,0.0,0.0052161229541525245,0,drone,1,9.489961992702219e-05,4130,0.0046500813764240876,True
GaussianBudget75M_MaxCov,L-1_WIDOW_2021-CALNF-002521,20210516,21,pyrologix,6,58-54,2021,0.0,0.014051437960006297,2,drone,1,9.489961992702219e-05,3090,0.0046500813764240876,True
GaussianBudget75M_MaxCov,L-2_CHRISTIE_2021-CALNF-004693,20210813,21,pyrologix,11,58-47,2021,0.0,0.03750437602866441,-1,undetected,1,9.489961992702219e-05,4800,0.0046500813764240876,True
GaussianBudget75M_MaxCov,L-2_CYPRESS_2021-CALNF-003749,20210705,20,pyrologix,8,58-54,2021,0.0,0.010379642015323043,1,drone,1,9.489961992702219e-05,3395,0.0046500813764240876,True
GaussianBudget75M_MaxCov,LAGOON_2021-CAANF-004253,20211129,6,pyrologix,1,195-71,2021,0.0,0.0018112750258296728,0,drone,1,9.489961992702219e-05,480,0.003511285937299821,True
GaussianBudget75M_MaxCov,LAGO_2021-CAANF-002115,20210620,2,pyrologix,9,195-71,2021,0.0,0.006384489010088146,1,drone,1,9.489961992702219e-05,3520,0.0046500813764240876,True
GaussianBudget75M_MaxCov,LAKECAMP_2021-CASNF-000962,20210719,22,pyrologix,2,134-74,2021,0.0,0.007061199983581901,2,drone,1,9.489961992702219e-05,1335,0.004555181756497065,True
GaussianBudget75M_MaxCov,LAKESHORE_2021-CASNF-000346,20210515,14,pyrologix,2,134-74,2021,0.0,0.003781918901950121,0,drone,1,9.489961992702219e-05,975,0.004555181756497065,True
GaussianBudget75M_MaxCov,LAKE_2021-CASTF-002696,20211015,19,pyrologix,6,114-64,2021,0.0,0.002298941952176392,0,drone,1,9.489961992702219e-05,2130,0.0046500813764240876,True
GaussianBudget75M_MaxCov,LAKE_2021-CATNF-000732,20210515,20,pyrologix,2,86-60,2021,0.0,0.0029370608972385526,0,drone,1,9.489961992702219e-05,815,0.004365382516643021,True
GaussianBudget75M_MaxCov,LAKIN_2021-CASHF-001235,20210806,16,pyrologix,6,37-56,2021,0.0,0.007338009076192975,1,drone,1,9.489961992702219e-05,2870,0.0046500813764240876,True
GaussianBudget75M_MaxCov,LANCASTER_2021-CAANF-003148,20210823,7,pyrologix,11,195-71,2021,0.0,0.004254869068972766,0,drone,1,9.489961992702219e-05,3895,0.0046500813764240876,True
GaussianBudget75M_MaxCov,LANDING__2021-CAANF-003335,20210905,16,pyrologix,1,195-71,2021,0.0,0.006582267000339925,1,drone,1,9.489961992702219e-05,1030,0.004270482896715999,True
GaussianBudget75M_MaxCov,LANG_2021-CATNF-001555,20210810,9,pyrologix,12,86-60,2021,0.0,0.006560747977346182,0,drone,1,9.489961992702219e-05,4540,0.0046500813764240876,True
GaussianBudget75M_MaxCov,LARCH_2021-CAENF-008992,20210403,16,pyrologix,5,100-61,2021,0.0,0.003191625000908971,0,drone,1,9.489961992702219e-05,2090,0.0046500813764240876,True
GaussianBudget75M_MaxCov,LASSEN_2021-CASTF-000072,20210111,16,pyrologix,5,114-64,2021,0.0,0.010270766098983586,2,drone,1,9.489961992702219e-05,2765,0.0046500813764240876,True
GaussianBudget75M_MaxCov,LAUER_2021-CAMDF-001446,20210813,13,pyrologix,11,35-77,2021,0.0,0.0058587860548868775,1,drone,1,9.489961992702219e-05,4010,0.0046500813764240876,True
GaussianBudget75M_MaxCov,LAVA_2021-CASHF-000949,20210625,3,pyrologix,1,30-45,2021,0.0,0.005217834026552737,0,drone,1,9.489961992702219e-05,565,0.00389088441700791,True
GaussianBudget75M_MaxCov,LA_HONDA_2021-CAKNF-005004,20210625,20,pyrologix,10,30-52,2021,0.0,0.008733752998523414,0,drone,1,9.489961992702219e-05,4280,0.0046500813764240876,True
GaussianBudget75M_MaxCov,LA_HONDA_WELL_2021-CAKNF-006467,20210801,18,pyrologix,9,30-52,2021,0.0,0.008091388968750834,0,drone,1,9.489961992702219e-05,3845,0.0046500813764240876,True
GaussianBudget75M_MaxCov,LEE_2021-CAINF-001186,20210611,20,pyrologix,1,124-80,2021,0.0,0.005910743027925491,1,drone,1,9.489961992702219e-05,880,0.004365382516643021,True
GaussianBudget75M_MaxCov,LEONA_2021-CAANF-003807,20211013,23,pyrologix,5,none,2021,0.0,0.006289458018727601,-1,undetected,1,9.489961992702219e-05,0,0.0,False
GaussianBudget75M_MaxCov,LEROY_2021-CABDF-007219,20210427,19,pyrologix,2,206-88,2021,0.0,0.007137374021112919,1,drone,1,9.489961992702219e-05,1540,0.004460282136570043,True
GaussianBudget75M_MaxCov,LEWIS__2021-CASTF-000836,20210526,19,pyrologix,5,114-57,2021,2438.2620475370204,0.009277794975787401,1,drone,1,9.489961992702219e-05,2505,0.0046500813764240876,True
GaussianBudget75M_MaxCov,LIME_2021-CAKNF-006363,20210730,19,pyrologix,10,24-32,2021,0.0,0.0078090670285746455,1,drone,1,9.489961992702219e-05,4470,0.0046500813764240876,True
GaussianBudget75M_MaxCov,LINE_2021-CAMDF-001054,20210729,23,pyrologix,4,none,2021,0.0,0.002559461980126798,-1,undetected,1,9.489961992702219e-05,0,0.0,False
GaussianBudget75M_MaxCov,LINE_2021-CATCU-004017,20210328,17,pyrologix,9,121-61,2021,0.0,0.004223297932185233,0,drone,1,9.489961992702219e-05,3425,0.0046500813764240876,True
GaussianBudget75M_MaxCov,LITTLE_2021-CABDF-012135,20210810,19,pyrologix,9,214-103,2021,0.0,0.0037185889668762684,0,drone,1,9.489961992702219e-05,3435,0.004365382516643021,True
GaussianBudget75M_MaxCov,LITTLE_MARBLE_2021-CAKNF-007809,20210908,11,pyrologix,8,24-32,2021,0.0,0.004355735960416496,0,drone,1,9.489961992702219e-05,3295,0.0046500813764240876,True
GaussianBudget75M_MaxCov,LITTLE_SWEDEN_1_2021-CASTF-001777,20210722,3,pyrologix,9,114-64,2021,0.0,0.008296826970763505,2,drone,1,9.489961992702219e-05,3930,0.0046500813764240876,True
GaussianBudget75M_MaxCov,LITTLE_SWEDEN_3__2021-CASTF-001782,20210722,14,pyrologix,5,114-64,2021,0.0,0.009893356007523835,2,drone,1,9.489961992702219e-05,2765,0.0046500813764240876,True
GaussianBudget75M_MaxCov,LODGE_2021-CALNF-002298,20210507,14,pyrologix,11,51-61,2021,0.0,0.02960508200339973,-1,undetected,1,9.489961992702219e-05,4710,0.0046500813764240876,True
GaussianBudget75M_MaxCov,LODGE_2021-CASTF-002426,20210910,2,pyrologix,9,121-61,2021,0.0,0.0077638039365410805,1,drone,1,9.489961992702219e-05,3945,0.0046500813764240876,True
GaussianBudget75M_MaxCov,LOGGING_2021-CAINF-000049,20210108,19,pyrologix,9,none,2021,0.0,0.0022593250032514334,-1,undetected,1,9.489961992702219e-05,0,0.0,False
GaussianBudget75M_MaxCov,LOMAR_KRRD_2021-CASQF-002357,20210719,15,pyrologix,4,177-79,2021,0.0,0.004323582979850471,0,drone,1,9.489961992702219e-05,1505,0.0046500813764240876,True
GaussianBudget75M_MaxCov,LOMA__2021-CAANF-002264,20210628,0,pyrologix,8,206-81,2021,0.0,0.005117070977576077,0,drone,1,9.489961992702219e-05,3625,0.0040806836568619545,True
GaussianBudget75M_MaxCov,LONEY_2021-CATNF-001766,20210910,13,pyrologix,9,79-61,2021,0.0,0.0029241429874673486,0,drone,1,9.489961992702219e-05,3175,0.0046500813764240876,True
GaussianBudget75M_MaxCov,LONE_2021-CABDF-010482,20210704,18,pyrologix,5,206-88,2021,0.0,0.006699476973153651,1,drone,1,9.489961992702219e-05,2575,0.004460282136570043,True
GaussianBudget75M_MaxCov,LONE_PINE_2021-CABDF-014910,20211013,20,pyrologix,6,206-88,2021,0.0,0.0032113189809024334,0,drone,1,9.489961992702219e-05,2440,0.004460282136570043,True
GaussianBudget75M_MaxCov,LONG_2021-CAKNF-006470,20210801,21,pyrologix,4,31-31,2021,0.0,0.0032774839783087373,0,drone,1,9.489961992702219e-05,1580,0.0046500813764240876,True
GaussianBudget75M_MaxCov,LONG_2021-CASQF-001856,20210630,19,pyrologix,9,177-79,2021,0.0,0.005182952038012445,0,drone,1,9.489961992702219e-05,3075,0.0046500813764240876,True
GaussianBudget75M_MaxCov,LONG_2021-CATNF-001452,20210730,16,pyrologix,5,86-60,2021,0.0,0.002817946020513773,0,drone,1,9.489961992702219e-05,2025,0.0046500813764240876,True
GaussianBudget75M_MaxCov,LONG_2021-CATNF-001958,20210930,22,pyrologix,4,86-60,2021,0.0,0.005601832992397249,1,drone,1,9.489961992702219e-05,2025,0.0046500813764240876,True
GaussianBudget75M_MaxCov,LOOKOUT_2021-CAINF-000738,20210505,15,pyrologix,3,124-80,2021,0.0,0.0018193959258496761,0,drone,1,9.489961992702219e-05,1030,0.004365382516643021,True
GaussianBudget75M_MaxCov,LOONEY_2021-CASTF-000755,20210516,23,pyrologix,12,114-64,2021,0.0,0.0043668829603120685,0,drone,1,9.489961992702219e-05,4440,0.0046500813764240876,True
GaussianBudget75M_MaxCov,LOOP_2021-CAINF-002421,20210907,19,pyrologix,5,127-76,2021,0.0,0.0020495180506259203,0,drone,1,9.489961992702219e-05,1775,0.004555181756497065,True
GaussianBudget75M_MaxCov,LOPEZ_2021-CAANF-004215,20211125,14,pyrologix,12,201-76,2021,0.0,0.019294072990305722,-1,undetected,1,9.489961992702219e-05,5465,0.004555181756497065,True
GaussianBudget75M_MaxCov,LOST_2021-CASHF-001199,20210801,15,pyrologix,10,30-52,2021,0.0,0.008121288032270968,2,drone,1,9.489961992702219e-05,4775,0.0046500813764240876,True
GaussianBudget75M_MaxCov,LOVERS_2021-CASHF-000918,20210622,17,pyrologix,11,45-20,2021,0.0,0.0045289379777386785,0,drone,1,9.489961992702219e-05,4135,0.0046500813764240876,True
GaussianBudget75M_MaxCov,LOWER_2021-CASHF-000451,20210413,22,pyrologix,5,44-41,2021,0.0,0.003112521953880787,0,drone,1,9.489961992702219e-05,2065,0.0046500813764240876,True
GaussianBudget75M_MaxCov,LOWER_BEAR_2021-CAENF-024077,20210815,7,pyrologix,4,100-61,2021,0.0,0.00641478702891618,1,drone,1,9.489961992702219e-05,2185,0.0046500813764240876,True
GaussianBudget75M_MaxCov,LOYALTON_2021-CATNF-000705,20210506,22,pyrologix,2,79-68,2021,0.0,0.0023927540751174092,0,drone,1,9.489961992702219e-05,825,0.004555181756497065,True
GaussianBudget75M_MaxCov,LOYALTON_2021-CATNF-001784,20210911,20,pyrologix,3,79-68,2021,0.0,0.0027759510558098555,0,drone,1,9.489961992702219e-05,1245,0.004555181756497065,True
GaussianBudget75M_MaxCov,LUMP_2021-CABDF-012137,20210811,22,pyrologix,4,214-103,2021,0.0,0.0041533769108355045,0,drone,1,9.489961992702219e-05,1815,0.004365382516643021,True
GaussianBudget75M_MaxCov,LUTHER_PASS_CAMPGROUND_LA_2021-CATMU-016173,20210610,17,pyrologix,4,100-68,2021,0.0,0.006239622016437352,1,drone,1,9.489961992702219e-05,2065,0.004555181756497065,True
GaussianBudget75M_MaxCov,LYNX_2021-CAAEU-000722,20210108,12,pyrologix,1,100-54,2021,0.0,0.007694659987464547,2,drone,1,9.489961992702219e-05,1230,0.004460282136570043,True
GaussianBudget75M_MaxCov,LYONS_2021-CAENF-017823,20210624,19,pyrologix,2,100-61,2021,0.0,0.0041596980299800634,0,drone,1,9.489961992702219e-05,1250,0.004555181756497065,True
GaussianBudget75M_MaxCov,LYONS_2021-CAENF-020983,20210625,21,pyrologix,9,100-61,2021,0.0,0.00855443300679326,2,drone,1,9.489961992702219e-05,4215,0.0046500813764240876,True
GaussianBudget75M_MaxCov,LYONS_2021-CASTF-000711,20210513,15,pyrologix,11,114-64,2021,0.0,0.003784073982387781,0,drone,1,9.489961992702219e-05,4005,0.0046500813764240876,True
GaussianBudget75M_MaxCov,LYTLE_2021-CABDF-001107,20210115,23,pyrologix,12,206-88,2021,0.0,0.005275178933516145,0,drone,1,9.489961992702219e-05,4765,0.004460282136570043,True
GaussianBudget75M_MaxCov,La_Panza_2021-CALPF-001525,20210621,16,pyrologix,11,170-47,2021,2545.9048246410675,0.014627228025346994,1,drone,1,9.489961992702219e-05,4475,0.0046500813764240876,True
GaussianBudget75M_MaxCov,Lake_2021-CASRF-000559,20210714,18,pyrologix,5,52-19,2021,0.0,0.007546049077063799,2,drone,1,9.489961992702219e-05,2545,0.0046500813764240876,True
GaussianBudget75M_MaxCov,Lakeshore_2021-CASHF-000967,20210627,20,pyrologix,7,44-41,2021,0.0,0.002296073012985289,0,drone,1,9.489961992702219e-05,2755,0.0046500813764240876,True
GaussianBudget75M_MaxCov,Lassic__2021-CASRF-000388,20210611,23,pyrologix,8,52-19,2021,0.0,0.005811429000459611,1,drone,1,9.489961992702219e-05,3270,0.0046500813764240876,True
GaussianBudget75M_MaxCov,Liberty_2021-CAPNF-000250,20210313,22,pyrologix,3,72-59,2021,0.0,0.0056911190040409565,1,drone,1,9.489961992702219e-05,1615,0.0046500813764240876,True
GaussianBudget75M_MaxCov,Linton_2021-CASHF-000611,20210515,18,pyrologix,3,44-34,2021,0.0,0.007466415991075337,2,drone,1,9.489961992702219e-05,1945,0.0046500813764240876,True
GaussianBudget75M_MaxCov,Lion_2021-CAENF-011521,20210429,20,pyrologix,8,93-56,2021,0.0,0.00649594294372946,1,drone,1,9.489961992702219e-05,3835,0.0046500813764240876,True
GaussianBudget75M_MaxCov,Lizard_2021-CALPF-001965,20210721,23,pyrologix,7,none,2021,0.0,0.0022148069692775607,-1,undetected,1,9.489961992702219e-05,0,0.0,False
GaussianBudget75M_MaxCov,Locker__2021-CAPNF-000924,20210625,21,pyrologix,10,79-61,2021,0.0,0.0101396240061149,2,drone,1,9.489961992702219e-05,4305,0.0046500813764240876,True
GaussianBudget75M_MaxCov,Logan_2021-CASHF-000606,20210515,12,pyrologix,12,38-28,2021,0.0,0.0034561159554868937,0,drone,1,9.489961992702219e-05,4020,0.0046500813764240876,True
GaussianBudget75M_MaxCov,Lone_Rock_2021-CAPNF-001487,20210806,15,pyrologix,6,65-64,2021,0.0,0.00684901000931859,1,drone,1,9.489961992702219e-05,2390,0.0046500813764240876,True
GaussianBudget75M_MaxCov,Love_2021-CACNF-001437,20210523,17,pyrologix,12,244-98,2021,0.0,0.0038360300241038203,0,drone,1,9.489961992702219e-05,4585,0.0046500813764240876,True
GaussianBudget75M_MaxCov,MADRONE_2021-CALNF-003125,20210613,22,pyrologix,8,58-61,2021,0.0,0.0057225460186600685,1,drone,1,9.489961992702219e-05,3190,0.0046500813764240876,True
GaussianBudget75M_MaxCov,MAPLE_2021-CAMDF-000589,20210623,20,pyrologix,9,36-70,2021,0.0,0.010626810020767152,1,drone,1,9.489961992702219e-05,3545,0.0046500813764240876,True
GaussianBudget75M_MaxCov,MATTHEWS_2021-CAKNF-003630,20210515,16,pyrologix,6,31-31,2021,0.0,0.007630361942574382,2,drone,1,9.489961992702219e-05,2855,0.0046500813764240876,True
GaussianBudget75M_MaxCov,MAYVAN_2021-CABDF-011658,20210730,16,pyrologix,12,214-103,2021,0.0,0.004566677031107247,0,drone,1,9.489961992702219e-05,4510,0.004365382516643021,True
GaussianBudget75M_MaxCov,MCCLOUD_2021-CASKU-005009,20210615,19,pyrologix,3,37-49,2021,0.0,0.0034783859737217426,0,drone,1,9.489961992702219e-05,1345,0.004555181756497065,True
GaussianBudget75M_MaxCov,MCFARLAND_2021-CASHF-001175,20210730,1,pyrologix,1,52-26,2021,0.0,0.003009613952599466,0,drone,1,9.489961992702219e-05,500,0.003511285937299821,True
GaussianBudget75M_MaxCov,MCGEE_2021-CAINF-001463,20210629,18,pyrologix,1,none,2021,0.0,0.0025419200537726283,-1,undetected,1,9.489961992702219e-05,0,0.0,False
GaussianBudget75M_MaxCov,MCKINNEY_2021-CATMU-027031,20210910,19,pyrologix,3,93-62,2021,0.0,0.0024621780030429363,0,drone,1,9.489961992702219e-05,1135,0.004460282136570043,True
GaussianBudget75M_MaxCov,MEADOW_2021-CAINF-001930,20210729,15,pyrologix,8,none,2021,0.0,0.0024763180408626795,-1,undetected,1,9.489961992702219e-05,0,0.0,False
GaussianBudget75M_MaxCov,MEADOW_2021-CALNF-003054,20210609,21,pyrologix,3,58-47,2021,0.0,0.006310841999948025,1,drone,1,9.489961992702219e-05,1695,0.0046500813764240876,True
GaussianBudget75M_MaxCov,MEADOW_2021-CATMU-025287,20210826,21,pyrologix,12,100-68,2021,0.0,0.01925570797175169,-1,undetected,1,9.489961992702219e-05,5175,0.004555181756497065,True
GaussianBudget75M_MaxCov,MEADOW_2021-CATNF-001518,20210806,23,pyrologix,5,79-61,2021,0.0,0.007379060029052198,2,drone,1,9.489961992702219e-05,2530,0.0046500813764240876,True
GaussianBudget75M_MaxCov,MEDIAN_2021-CAINF-000346,20210307,20,pyrologix,11,none,2021,0.0,0.0025654250057414174,-1,undetected,1,9.489961992702219e-05,0,0.0,False
GaussianBudget75M_MaxCov,MERLE_2021-CAKNF-006606,20210805,11,pyrologix,12,31-31,2021,0.0,0.019404817023314536,-1,undetected,1,9.489961992702219e-05,4610,0.0046500813764240876,True
GaussianBudget75M_MaxCov,MESA_2021-CABDF-007122,20210425,5,pyrologix,3,206-88,2021,0.0,0.006399873993359506,1,drone,1,9.489961992702219e-05,1905,0.004460282136570043,True
GaussianBudget75M_MaxCov,MESA_3_2021-CABDF-008767,20210530,11,pyrologix,9,206-88,2021,0.0,0.004409202956594527,0,drone,1,9.489961992702219e-05,3600,0.004460282136570043,True
GaussianBudget75M_MaxCov,MILE__2021-CAANF-003581,20210922,3,pyrologix,1,none,2021,0.0,0.0022072349674999714,-1,undetected,1,9.489961992702219e-05,0,0.0,False
GaussianBudget75M_MaxCov,MILITARY_2021-CAKNF-003533,20210513,6,pyrologix,9,30-45,2021,0.0,0.00804602401331067,0,drone,1,9.489961992702219e-05,3070,0.0046500813764240876,True
GaussianBudget75M_MaxCov,MILL_2021-CAAEU-022189,20210731,23,pyrologix,3,100-61,2021,0.0,0.006453471956774592,1,drone,1,9.489961992702219e-05,1875,0.0046500813764240876,True
GaussianBudget75M_MaxCov,MILL_2021-CABDF-002317,20210206,20,pyrologix,9,216-96,2021,0.0,0.0036580980522558093,0,drone,1,9.489961992702219e-05,3395,0.004460282136570043,True
GaussianBudget75M_MaxCov,MINARET__2021-CAINF-001798,20210719,15,pyrologix,10,127-76,2021,0.0,0.004157023970037699,0,drone,1,9.489961992702219e-05,3750,0.0046500813764240876,True
GaussianBudget75M_MaxCov,MINE_2021-CASQF-003078,20210910,15,pyrologix,9,177-79,2021,0.0,0.0033150820527225733,0,drone,1,9.489961992702219e-05,3120,0.0046500813764240876,True
GaussianBudget75M_MaxCov,MINNELUSA__2021-CABDF-011730,20210801,14,pyrologix,2,none,2021,0.0,0.0025824919575825334,-1,undetected,1,9.489961992702219e-05,0,0.0,False
GaussianBudget75M_MaxCov,MITCHELL__2021-CATNF-000742,20210518,0,pyrologix,2,86-60,2021,0.0,0.0034081710036844015,0,drone,1,9.489961992702219e-05,1015,0.0046500813764240876,True
GaussianBudget75M_MaxCov,MONUMENT_2021-CASHF-001187,20210731,1,pyrologix,1,38-21,2021,0.0,0.005644038086757064,1,drone,1,9.489961992702219e-05,955,0.004460282136570043,True
GaussianBudget75M_MaxCov,MOON_2021-CALNF-004555,20210806,23,pyrologix,8,58-61,2021,0.0,0.007813166012056172,1,drone,1,9.489961992702219e-05,3440,0.0046500813764240876,True
GaussianBudget75M_MaxCov,MORGAN_2021-CAINF-001142,20210608,16,pyrologix,7,none,2021,0.0,0.006909089977853,-1,undetected,1,9.489961992702219e-05,0,0.0,False
GaussianBudget75M_MaxCov,MOSQUITO_2021-CATNF-002030,20211009,3,pyrologix,3,93-56,2021,0.0,0.0028950569685548544,0,drone,1,9.489961992702219e-05,1295,0.004365382516643021,True
GaussianBudget75M_MaxCov,MOSS_2021-CASHF-001323,20210827,17,pyrologix,3,44-41,2021,0.0,0.002607327071018517,0,drone,1,9.489961992702219e-05,1270,0.004555181756497065,True
GaussianBudget75M_MaxCov,MOUNTAIN_2021-CAINF-001691,20210712,11,pyrologix,8,124-80,2021,0.0,0.013293133932165802,3,drone,1,9.489961992702219e-05,4075,0.0046500813764240876,True
GaussianBudget75M_MaxCov,MOUNTAIN__2021-CASQF-001625,20210618,4,pyrologix,11,163-78,2021,0.0,0.031868195976130664,-1,undetected,1,9.489961992702219e-05,4855,0.0046500813764240876,True
GaussianBudget75M_MaxCov,MUD_2021-CAENF-018046,20210626,16,pyrologix,8,100-61,2021,0.0,0.004218899994157255,0,drone,1,9.489961992702219e-05,3355,0.0046500813764240876,True
GaussianBudget75M_MaxCov,MUD_2021-CASTF-001909,20210731,1,pyrologix,3,107-68,2021,0.0,0.00285333301872015,0,drone,1,9.489961992702219e-05,1305,0.0046500813764240876,True
GaussianBudget75M_MaxCov,MULCH_2021-CAANF-003822,20211015,22,pyrologix,4,201-76,2021,0.0,0.0063312159618362784,1,drone,1,9.489961992702219e-05,1950,0.004555181756497065,True
GaussianBudget75M_MaxCov,MULE_2021-CAENF-019073,20210704,10,pyrologix,12,100-68,2021,0.0,0.005329297040589154,0,drone,1,9.489961992702219e-05,4505,0.004555181756497065,True
GaussianBudget75M_MaxCov,MURPHY_2021-CAKNF-003632,20210515,16,pyrologix,7,31-31,2021,0.0,0.0046360030537471175,0,drone,1,9.489961992702219e-05,2740,0.0046500813764240876,True
GaussianBudget75M_MaxCov,MUSIC_2021-CAKNF-006377,20210731,22,pyrologix,7,31-31,2021,0.0,0.00249245495069772,0,drone,1,9.489961992702219e-05,2515,0.0046500813764240876,True
GaussianBudget75M_MaxCov,MUSSER_2021-CASHU-004517,20210509,19,pyrologix,12,45-27,2021,0.0,0.03676072403322905,-1,undetected,1,9.489961992702219e-05,4490,0.0046500813764240876,True
GaussianBudget75M_MaxCov,Maddalena_2021-CAPNF-000902,20210623,18,pyrologix,11,72-66,2021,0.0,0.0047389729879796505,0,drone,1,9.489961992702219e-05,3960,0.0046500813764240876,True
GaussianBudget75M_MaxCov,Marcos_2021-CALPF-000739,20210406,11,pyrologix,5,none,2021,0.0,0.0026204779278486967,-1,undetected,1,9.489961992702219e-05,0,0.0,False
GaussianBudget75M_MaxCov,Marie_2021-CASHF-000793,20210605,17,pyrologix,5,52-19,2021,0.0,0.0058243360836058855,1,drone,1,9.489961992702219e-05,2270,0.0046500813764240876,True
GaussianBudget75M_MaxCov,Mayfair_2021-CASRF-000613,20210724,18,pyrologix,9,38-21,2021,0.0,0.00827061291784048,2,drone,1,9.489961992702219e-05,3875,0.0046500813764240876,True
GaussianBudget75M_MaxCov,Maynard_2021-CASRF-000232,20210422,10,pyrologix,9,45-20,2021,0.0,0.003438437939621508,0,drone,1,9.489961992702219e-05,3270,0.0046500813764240876,True
GaussianBudget75M_MaxCov,McCash_2021-CASRF-000651,20210801,0,pyrologix,5,24-25,2021,0.0,0.0030313030583783984,0,drone,1,9.489961992702219e-05,1835,0.0046500813764240876,True
GaussianBudget75M_MaxCov,McCellan_2021-CAPNF-001054,20210703,20,pyrologix,10,72-66,2021,0.0,0.0037354229716584086,0,drone,1,9.489961992702219e-05,3565,0.0046500813764240876,True
GaussianBudget75M_MaxCov,McCoy_2021-CACNF-001062,20210411,12,pyrologix,9,237-97,2021,0.0,0.006029885960742831,1,drone,1,9.489961992702219e-05,4065,0.0046500813764240876,True
GaussianBudget75M_MaxCov,Meadow_2021-CACNF-000100,20210110,22,pyrologix,2,220-87,2021,0.0,0.0019347920315340161,0,drone,1,9.489961992702219e-05,735,0.004365382516643021,True
GaussianBudget75M_MaxCov,Meadow_2021-CAPNF-000400,20210409,22,pyrologix,7,72-52,2021,0.0,0.015681179938837886,2,drone,1,9.489961992702219e-05,3510,0.0046500813764240876,True
GaussianBudget75M_MaxCov,Meadow_2_2021-CACNF-003026,20210924,17,pyrologix,9,none,2021,0.0,0.002606427064165473,-1,undetected,1,9.489961992702219e-05,0,0.0,False
GaussianBudget75M_MaxCov,Mission_2021-CAPNF-000965,20210628,9,pyrologix,11,65-57,2021,0.0,0.0053808370139449835,0,drone,1,9.489961992702219e-05,4395,0.0046500813764240876,True
GaussianBudget75M_MaxCov,Moccasin_2021-CAANF-003415,20210910,14,pyrologix,5,206-81,2021,0.0,0.007664912031032145,2,drone,1,9.489961992702219e-05,2930,0.0040806836568619545,True
GaussianBudget75M_MaxCov,Montgomery_2021-CAPNF-000441,20210416,18,pyrologix,11,65-57,2021,0.0,0.004589518997818232,0,drone,1,9.489961992702219e-05,4285,0.0046500813764240876,True
GaussianBudget75M_MaxCov,NABLE__2021-CAMDF-001190,20210806,11,pyrologix,11,37-63,2021,0.0,0.00375633395742625,0,drone,1,9.489961992702219e-05,4400,0.0046500813764240876,True
GaussianBudget75M_MaxCov,NAUFUS_2021-CASHF-001225,20210805,19,pyrologix,11,45-20,2021,0.0,0.006783877033740282,1,drone,1,9.489961992702219e-05,4475,0.0046500813764240876,True
GaussianBudget75M_MaxCov,NELSON_2021-CASQF-000721,20210412,20,pyrologix,1,163-78,2021,0.0,0.005283098085783422,1,drone,1,9.489961992702219e-05,965,0.004365382516643021,True
GaussianBudget75M_MaxCov,NEWTON_2021-CAPNF-000695,20210529,14,pyrologix,11,72-59,2021,0.0,0.00664092309307307,1,drone,1,9.489961992702219e-05,4395,0.0046500813764240876,True
GaussianBudget75M_MaxCov,NICK_2021-CASNF-000727,20210630,9,pyrologix,12,141-74,2021,0.0,0.019562650937587023,-1,undetected,1,9.489961992702219e-05,4410,0.0046500813764240876,True
GaussianBudget75M_MaxCov,NILES_2021-CAMDF-001134,20210803,17,pyrologix,10,37-63,2021,0.0,0.00480662495829165,0,drone,1,9.489961992702219e-05,4130,0.0046500813764240876,True
GaussianBudget75M_MaxCov,NOBE_2021-CASQF-003064,20210910,23,pyrologix,9,163-78,2021,0.0,0.004191276035271585,0,drone,1,9.489961992702219e-05,3550,0.0046500813764240876,True
GaussianBudget75M_MaxCov,NORTH_2021-CAENF-019850,20210710,19,pyrologix,7,100-61,2021,0.0,0.002567333052866161,0,drone,1,9.489961992702219e-05,2765,0.0046500813764240876,True
GaussianBudget75M_MaxCov,NORTH_2021-CASTF-001928,20210731,19,pyrologix,8,121-61,2021,0.0,0.005991234094835818,1,drone,1,9.489961992702219e-05,3325,0.0046500813764240876,True
GaussianBudget75M_MaxCov,Noble_2021-CACNF-002533,20210804,13,pyrologix,9,none,2021,0.0,0.0023877191124483943,-1,undetected,1,9.489961992702219e-05,0,0.0,False
GaussianBudget75M_MaxCov,Norse_2021-CASRF-000212,20210418,19,pyrologix,11,45-20,2021,0.0,0.0052663099486380816,0,drone,1,9.489961992702219e-05,4220,0.0046500813764240876,True
GaussianBudget75M_MaxCov,North_2021-CACNF-000071,20210108,18,pyrologix,12,220-87,2021,0.0,0.006976249045692384,1,drone,1,9.489961992702219e-05,4950,0.004555181756497065,True
GaussianBudget75M_MaxCov,North_2021-CASHF-000607,20210515,12,pyrologix,12,38-28,2021,0.0,0.007161204935982823,0,drone,1,9.489961992702219e-05,4020,0.0046500813764240876,True
GaussianBudget75M_MaxCov,North_Star_2021-CAPNF-000377,20210405,17,pyrologix,5,79-54,2021,0.0,0.00672751001548022,1,drone,1,9.489961992702219e-05,2400,0.0046500813764240876,True
GaussianBudget75M_MaxCov,Nye_2021-CAPNF-001371,20210730,14,pyrologix,6,72-59,2021,0.0,0.0077688919845968485,2,drone,1,9.489961992702219e-05,2855,0.0046500813764240876,True
GaussianBudget75M_MaxCov,OAKS_2021-CASHF-001509,20211019,8,pyrologix,7,44-41,2021,0.0,0.008724958985112607,2,drone,1,9.489961992702219e-05,3475,0.0046500813764240876,True
GaussianBudget75M_MaxCov,OAK_2021-CABDF-001348,20210118,16,pyrologix,9,206-88,2021,0.0,0.0041938889771699905,0,drone,1,9.489961992702219e-05,3600,0.004460282136570043,True
GaussianBudget75M_MaxCov,OAK_2021-CASQF-000758,20210418,1,pyrologix,8,177-72,2021,0.0,0.0027384390123188496,0,drone,1,9.489961992702219e-05,2830,0.0046500813764240876,True
GaussianBudget75M_MaxCov,OAK__2021-CAANF-001412,20210506,21,pyrologix,2,195-71,2021,0.0,0.007145537994801998,1,drone,1,9.489961992702219e-05,1415,0.0046500813764240876,True
GaussianBudget75M_MaxCov,OBSIDIAN__2021-CAINF-001432,20210628,18,pyrologix,9,127-76,2021,0.0,0.004166123108007014,0,drone,1,9.489961992702219e-05,3435,0.004555181756497065,True
GaussianBudget75M_MaxCov,OLD_MILL_2021-CABDF-010709,20210709,18,pyrologix,12,209-96,2021,0.0,0.0033162139588966966,0,drone,1,9.489961992702219e-05,4365,0.004460282136570043,True
GaussianBudget75M_MaxCov,ONION_2021-CAENF-023526,20210810,19,pyrologix,3,93-56,2021,0.0,0.003216778044588864,0,drone,1,9.489961992702219e-05,1295,0.004365382516643021,True
GaussianBudget75M_MaxCov,ONION_2021-CAINF-000521,20210408,21,pyrologix,7,none,2021,0.0,0.0028674090281128883,-1,undetected,1,9.489961992702219e-05,0,0.0,False
GaussianBudget75M_MaxCov,ONION__2021-CASNF-001241,20210813,14,pyrologix,1,134-74,2021,0.0,0.0021675409516319633,0,drone,1,9.489961992702219e-05,430,0.0034163863173727986,True
GaussianBudget75M_MaxCov,ORR_2021-CAKNF-003594,20210514,21,pyrologix,6,30-52,2021,0.0,0.00693973689340055,1,drone,1,9.489961992702219e-05,3105,0.0046500813764240876,True
GaussianBudget75M_MaxCov,OSITO__2021-CAANF-002108,20210619,22,pyrologix,3,195-71,2021,0.0,0.002818683977238834,0,drone,1,9.489961992702219e-05,1210,0.004555181756497065,True
GaussianBudget75M_MaxCov,Oak_2021-CASRF-000414,20210619,3,pyrologix,6,24-25,2021,0.0,0.006468865089118481,1,drone,1,9.489961992702219e-05,2535,0.0046500813764240876,True
GaussianBudget75M_MaxCov,Oaks_2021-CACNF-001438,20210523,20,pyrologix,7,none,2021,0.0,0.0026239730650559068,-1,undetected,1,9.489961992702219e-05,0,0.0,False
GaussianBudget75M_MaxCov,Observatory_2021-CACNF-002912,20210910,21,pyrologix,8,230-100,2021,0.0,0.0052545570069924,1,drone,1,9.489961992702219e-05,2955,0.004555181756497065,True
GaussianBudget75M_MaxCov,Old_2021-CATNF-001554,20210809,19,pyrologix,4,86-60,2021,0.0,0.002511346945539117,0,drone,1,9.489961992702219e-05,1605,0.0046500813764240876,True
GaussianBudget75M_MaxCov,Ortega_2021-CACNF-001160,20210420,19,pyrologix,3,220-87,2021,0.0,0.003174236975610256,0,drone,1,9.489961992702219e-05,1185,0.004365382516643021,True
GaussianBudget75M_MaxCov,Owl_2021-CASRF-000784,20210828,0,pyrologix,12,31-24,2021,0.0,0.003887321916408837,0,drone,1,9.489961992702219e-05,4590,0.0046500813764240876,True
GaussianBudget75M_MaxCov,Ozena_2021-CALPF-002505,20210909,13,pyrologix,1,none,2021,0.0,0.0025797089328989387,-1,undetected,1,9.489961992702219e-05,0,0.0,False
GaussianBudget75M_MaxCov,PACKERS_2021-CAKNF-006473,20210801,21,pyrologix,4,38-28,2021,0.0,0.003553958027623594,0,drone,1,9.489961992702219e-05,1655,0.004555181756497065,True
GaussianBudget75M_MaxCov,PANORAMA_2021-CABDF-014946,20211015,1,pyrologix,8,209-96,2021,0.0,0.0027027720352634788,0,drone,1,9.489961992702219e-05,3000,0.004460282136570043,True
GaussianBudget75M_MaxCov,PAN_2021-CALNF-003077,20210610,17,pyrologix,10,51-54,2021,0.0,0.009563726955093443,2,drone,1,9.489961992702219e-05,4425,0.0046500813764240876,True
GaussianBudget75M_MaxCov,PARADISE__2021-CATNF-001270,20210705,20,pyrologix,2,86-60,2021,0.0,0.018280464923009276,-1,undetected,1,9.489961992702219e-05,2980,0.0046500813764240876,True
GaussianBudget75M_MaxCov,PARADISE___2021-CASTF-001743,20210720,16,pyrologix,2,107-68,2021,0.0,0.0015097929863259196,0,drone,1,9.489961992702219e-05,850,0.004555181756497065,True
GaussianBudget75M_MaxCov,PASS_2021-CAINF-001475,20210630,12,pyrologix,9,127-76,2021,0.0,0.0038926390698179603,0,drone,1,9.489961992702219e-05,3365,0.004555181756497065,True
GaussianBudget75M_MaxCov,PASS_2021-CASTF-001445,20210704,15,pyrologix,12,107-68,2021,0.0,0.0035702260211110115,0,drone,1,9.489961992702219e-05,4605,0.0046500813764240876,True
GaussianBudget75M_MaxCov,PASS_HLRD_2021-CASQF-002362,20210719,18,pyrologix,8,147-79,2021,2447.2447910950286,0.011270069982856512,0,drone,1,9.489961992702219e-05,3200,0.0046500813764240876,True
GaussianBudget75M_MaxCov,PEACOCK_2021-CAANF-001208,20210419,18,pyrologix,12,206-88,2021,0.0,0.0035158030223101377,0,drone,1,9.489961992702219e-05,4520,0.004460282136570043,True
GaussianBudget75M_MaxCov,PEAK_2021-CAANF-002287,20210629,15,pyrologix,7,195-71,2021,0.0,0.004043736029416323,0,drone,1,9.489961992702219e-05,2695,0.0046500813764240876,True
GaussianBudget75M_MaxCov,PEAK_2021-CABDF-010128,20210628,17,pyrologix,1,209-96,2021,0.0,0.007436343003064394,2,drone,1,9.489961992702219e-05,1210,0.004460282136570043,True
GaussianBudget75M_MaxCov,PENDOLA_2021-CATNF-000411,20210324,11,pyrologix,12,79-54,2021,0.0,0.004741607001051307,0,drone,1,9.489961992702219e-05,4305,0.0046500813764240876,True
GaussianBudget75M_MaxCov,PEPPERMINT_2021-CASQF-003067,20210910,4,pyrologix,5,163-78,2021,0.0,0.002240721951238811,0,drone,1,9.489961992702219e-05,1930,0.0046500813764240876,True
GaussianBudget75M_MaxCov,PHILBROOK_2021-CALNF-003328,20210621,16,pyrologix,4,65-50,2021,0.0,0.003100105910561979,0,drone,1,9.489961992702219e-05,1610,0.0046500813764240876,True
GaussianBudget75M_MaxCov,PICNIC_2021-CAANF-004289,20211204,11,pyrologix,9,206-81,2021,0.0,0.004616710008122027,0,drone,1,9.489961992702219e-05,3935,0.0040806836568619545,True
GaussianBudget75M_MaxCov,PIGEON_2021-CABDF-014022,20210924,19,pyrologix,1,none,2021,0.0,0.006533051026053727,-1,undetected,1,9.489961992702219e-05,0,0.0,False
GaussianBudget75M_MaxCov,PIGEON_2021-CASHF-000932,20210623,23,pyrologix,1,45-27,2021,0.0,0.016354087041690946,3,drone,1,9.489961992702219e-05,1570,0.004555181756497065,True
GaussianBudget75M_MaxCov,PIGEON__2021-CAANF-003180,20210827,22,pyrologix,5,206-81,2021,0.0,0.00693485199008137,1,drone,1,9.489961992702219e-05,2785,0.0040806836568619545,True
GaussianBudget75M_MaxCov,PINE_2021-CAANF-001466,20210512,17,pyrologix,8,206-88,2021,0.0,0.00756087398622185,1,drone,1,9.489961992702219e-05,3740,0.004460282136570043,True
GaussianBudget75M_MaxCov,PINE_2021-CAINF-001607,20210707,17,pyrologix,10,none,2021,0.0,0.027933266013860703,-1,undetected,1,9.489961992702219e-05,0,0.0,False
GaussianBudget75M_MaxCov,PINE_2021-CALNF-004553,20210806,1,pyrologix,3,58-54,2021,0.0,0.008650929084978998,2,drone,1,9.489961992702219e-05,2085,0.0046500813764240876,True
GaussianBudget75M_MaxCov,PINE_2021-CALPF-002462,20210904,13,pyrologix,9,189-64,2021,0.0,0.005162182031199336,0,drone,1,9.489961992702219e-05,3510,0.0046500813764240876,True
GaussianBudget75M_MaxCov,PINE_2021-CATNF-001262,20210705,3,pyrologix,4,86-53,2021,0.0,0.004911108990199864,1,drone,1,9.489961992702219e-05,1880,0.0046500813764240876,True
GaussianBudget75M_MaxCov,PIONEER_2021-CASTF-000554,20210415,16,pyrologix,4,114-64,2021,0.0,0.002241684007458389,0,drone,1,9.489961992702219e-05,1500,0.004555181756497065,True
GaussianBudget75M_MaxCov,PIPI_2021-CAENF-015623,20210605,12,pyrologix,11,100-61,2021,0.0,0.0073548899963498116,1,drone,1,9.489961992702219e-05,4735,0.0046500813764240876,True
GaussianBudget75M_MaxCov,PIT_2021-CAMDF-000255,20210415,17,pyrologix,8,37-63,2021,0.0,0.006944372085854411,0,drone,1,9.489961992702219e-05,3310,0.0046500813764240876,True
GaussianBudget75M_MaxCov,PLACERITA__2021-CAANF-002048,20210616,16,pyrologix,3,201-76,2021,0.0,0.007545340922661126,2,drone,1,9.489961992702219e-05,1695,0.004555181756497065,True
GaussianBudget75M_MaxCov,PLIOCENE_2021-CATNF-000516,20210406,19,pyrologix,5,79-54,2021,0.0,0.0028584350366145372,0,drone,1,9.489961992702219e-05,1845,0.0046500813764240876,True
GaussianBudget75M_MaxCov,PLUM_2021-CASHF-001218,20210804,4,pyrologix,10,52-26,2021,0.0,0.01818056299816817,2,drone,1,9.489961992702219e-05,4165,0.0046500813764240876,True
GaussianBudget75M_MaxCov,POINTS_2021-CAANF-003416,20210910,11,pyrologix,12,206-81,2021,0.0,0.004272104008123279,0,drone,1,9.489961992702219e-05,5075,0.0040806836568619545,True
GaussianBudget75M_MaxCov,PONDEROSA_2021-CAMMU-015418,20210720,17,pyrologix,3,121-61,2021,0.0,0.00343879999127239,0,drone,1,9.489961992702219e-05,1310,0.0046500813764240876,True
GaussianBudget75M_MaxCov,PONDEROSA_2021-CASQF-000955,20210508,19,pyrologix,4,177-79,2021,0.0,0.006718871998600662,1,drone,1,9.489961992702219e-05,1980,0.0046500813764240876,True
GaussianBudget75M_MaxCov,PONY_2021-CABDF-010399,20210703,22,pyrologix,1,223-101,2021,0.0,0.005420607980340719,1,drone,1,9.489961992702219e-05,930,0.004460282136570043,True
GaussianBudget75M_MaxCov,POPCORN_2021-CASHF-001325,20210827,18,pyrologix,12,37-42,2021,0.0,0.0193229999858886,-1,undetected,1,9.489961992702219e-05,4260,0.0046500813764240876,True
GaussianBudget75M_MaxCov,POPE_2021-CATMU-015108,20210601,13,pyrologix,9,none,2021,0.0,0.033111145021393895,-1,undetected,1,9.489961992702219e-05,0,0.0,False
GaussianBudget75M_MaxCov,PORTAL_2021-CAINF-001066,20210603,22,pyrologix,6,124-80,2021,0.0,0.0036007650196552277,0,drone,1,9.489961992702219e-05,2160,0.004555181756497065,True
GaussianBudget75M_MaxCov,PORTAL_2021-CASNF-000806,20210704,14,pyrologix,8,134-74,2021,0.0,0.004699776996858418,0,drone,1,9.489961992702219e-05,2900,0.004555181756497065,True
GaussianBudget75M_MaxCov,POSEY_2021-CAANF-002846,20210731,18,pyrologix,7,195-71,2021,0.0,0.005253250943496823,0,drone,1,9.489961992702219e-05,2790,0.0046500813764240876,True
GaussianBudget75M_MaxCov,POST_2021-CASHF-000513,20210428,20,pyrologix,4,52-26,2021,0.0,0.012571968953125179,1,drone,1,9.489961992702219e-05,1905,0.004460282136570043,True
GaussianBudget75M_MaxCov,POTTERS_2021-CAMDF-000384,20210517,22,pyrologix,4,30-60,2021,0.0,0.008667938061989844,2,drone,1,9.489961992702219e-05,2330,0.0046500813764240876,True
GaussianBudget75M_MaxCov,POTTER_2021-CASNF-000401,20210527,16,pyrologix,6,134-74,2021,0.0,0.00274622009601444,0,drone,1,9.489961992702219e-05,2065,0.004555181756497065,True
GaussianBudget75M_MaxCov,POWERLINE_2021-CABDF-009313,20210610,17,pyrologix,1,none,2021,0.0,0.0026133760111406446,-1,undetected,1,9.489961992702219e-05,0,0.0,False
GaussianBudget75M_MaxCov,POWER_2021-CASQF-003044,20210908,17,pyrologix,4,163-78,2021,0.0,0.00254607608076185,0,drone,1,9.489961992702219e-05,1615,0.0046500813764240876,True
GaussianBudget75M_MaxCov,PREACHER_2021-CAKNF-006498,20210802,17,pyrologix,1,38-28,2021,0.0,0.006316502927802503,1,drone,1,9.489961992702219e-05,1040,0.004555181756497065,True
GaussianBudget75M_MaxCov,PRICE_2021-CAENF-027137,20210911,14,pyrologix,7,93-62,2021,0.0,0.004398818011395633,0,drone,1,9.489961992702219e-05,2705,0.0046500813764240876,True
GaussianBudget75M_MaxCov,PYRAMID_2021-CAANF-003988,20211101,19,pyrologix,10,195-71,2021,0.0,0.004798272042535245,0,drone,1,9.489961992702219e-05,3675,0.0046500813764240876,True
GaussianBudget75M_MaxCov,Palomar_2021-CACNF-003021,20210924,14,pyrologix,12,230-100,2021,0.0,0.019481939962133765,-1,undetected,1,9.489961992702219e-05,4310,0.0046500813764240876,True
GaussianBudget75M_MaxCov,Panel_2021-CALPF-003205,20211218,14,pyrologix,7,none,2021,0.0,0.017162326024845243,-1,undetected,1,9.489961992702219e-05,0,0.0,False
GaussianBudget75M_MaxCov,Patrick_2021-CASRF-000865,20210914,12,pyrologix,5,15-20,2021,0.0,0.006514011067338288,1,drone,1,9.489961992702219e-05,2505,0.0046500813764240876,True
GaussianBudget75M_MaxCov,Peak_2021-CALPF-002468,20210905,22,pyrologix,4,none,2021,0.0,0.0028025030624121428,-1,undetected,1,9.489961992702219e-05,0,0.0,False
GaussianBudget75M_MaxCov,Pelletreau_2021-CASHF-000621,20210516,0,pyrologix,4,45-20,2021,0.0,0.0019860679749399424,0,drone,1,9.489961992702219e-05,1420,0.004555181756497065,True
GaussianBudget75M_MaxCov,Penman_2021-CAPNF-001365,20210730,0,pyrologix,7,72-59,2021,0.0,0.0023703030310571194,0,drone,1,9.489961992702219e-05,2475,0.0046500813764240876,True
GaussianBudget75M_MaxCov,Penney_2021-CASHF-000836,20210610,14,pyrologix,7,52-26,2021,0.0,0.003928582067601383,0,drone,1,9.489961992702219e-05,2380,0.0046500813764240876,True
GaussianBudget75M_MaxCov,Pilgrim_2021-CASHF-000660,20210521,18,pyrologix,11,37-49,2021,0.0,0.008878947934135795,0,drone,1,9.489961992702219e-05,4555,0.0046500813764240876,True
GaussianBudget75M_MaxCov,Pine_2021-CACNF-002256,20210717,2,pyrologix,6,none,2021,0.0,0.0028023160994052887,-1,undetected,1,9.489961992702219e-05,0,0.0,False
GaussianBudget75M_MaxCov,Plummer_2021-CASHF-000665,20210522,16,pyrologix,6,52-26,2021,0.0,0.007416030042804778,1,drone,1,9.489961992702219e-05,2580,0.0046500813764240876,True
GaussianBudget75M_MaxCov,Pond_2021-CASHF-001598,20211130,21,pyrologix,4,37-42,2021,0.0,0.0018917419947683811,0,drone,1,9.489961992702219e-05,1430,0.0046500813764240876,True
GaussianBudget75M_MaxCov,Porter_2021-CAPNF-000626,20210516,18,pyrologix,10,70-71,2021,0.0,0.007817531004548073,1,drone,1,9.489961992702219e-05,3970,0.004365382516643021,True
GaussianBudget75M_MaxCov,Portola__2021-CAPNF-000856,20210618,20,pyrologix,5,72-66,2021,0.0,0.0020937490044161677,0,drone,1,9.489961992702219e-05,1765,0.004555181756497065,True
GaussianBudget75M_MaxCov,Posta_2021-CACNF-003171,20211015,22,pyrologix,3,none,2021,0.0,0.0024611310800537467,-1,undetected,1,9.489961992702219e-05,0,0.0,False
GaussianBudget75M_MaxCov,Purdy_2021-CAPNF-000050,20210121,19,pyrologix,10,72-59,2021,0.0,0.004045684938319027,0,drone,1,9.489961992702219e-05,3730,0.0046500813764240876,True
GaussianBudget75M_MaxCov,QUAIL_2021-CAANF-003149,20210823,9,pyrologix,8,195-71,2021,0.0,0.00577982107643038,1,drone,1,9.489961992702219e-05,3170,0.0046500813764240876,True
GaussianBudget75M_MaxCov,QUAIL_2021-CALPF-003060,20211122,19,pyrologix,2,169-38,2021,2540.6887676189654,0.0020513749914243817,0,drone,1,9.489961992702219e-05,775,0.0046500813764240876,True
GaussianBudget75M_MaxCov,RADFORD_2021-CABDF-014855,20211012,15,pyrologix,5,209-96,2021,0.0,0.0026927810395136476,0,drone,1,9.489961992702219e-05,1950,0.004460282136570043,True
GaussianBudget75M_MaxCov,RAILROAD_2021-CABDF-012858,20210829,19,pyrologix,2,206-88,2021,0.0,0.0035022670635953546,0,drone,1,9.489961992702219e-05,1010,0.004460282136570043,True
GaussianBudget75M_MaxCov,RAINBOW__2021-CAINF-002574,20210920,18,pyrologix,9,127-76,2021,0.0,0.007255088072270155,1,drone,1,9.489961992702219e-05,3820,0.0046500813764240876,True
GaussianBudget75M_MaxCov,RAMP_2021-CATNF-000944,20210609,22,pyrologix,6,86-60,2021,0.0,0.0069749170215800405,1,drone,1,9.489961992702219e-05,2930,0.0046500813764240876,True
GaussianBudget75M_MaxCov,RAMSEY_2021-CAENF-020301,20210714,7,pyrologix,2,93-56,2021,0.0,0.004749438958242536,0,drone,1,9.489961992702219e-05,1065,0.004270482896715999,True
GaussianBudget75M_MaxCov,RANCHARIA_2021-CAINF-001439,20210628,22,pyrologix,3,115-77,2021,0.0,0.008710206020623446,2,drone,1,9.489961992702219e-05,1940,0.004555181756497065,True
GaussianBudget75M_MaxCov,RANCH_2021-CAANF-002218,20210626,15,pyrologix,6,195-71,2021,0.0,0.0028613759204745293,0,drone,1,9.489961992702219e-05,2125,0.0046500813764240876,True
GaussianBudget75M_MaxCov,RANCH_2021-CASHF-001014,20210705,14,pyrologix,3,38-21,2021,0.0,0.005250721937045455,1,drone,1,9.489961992702219e-05,1520,0.0046500813764240876,True
GaussianBudget75M_MaxCov,RANCH_2021-CASQF-002268,20210715,18,pyrologix,9,163-78,2021,0.0,0.004810521029867232,0,drone,1,9.489961992702219e-05,3605,0.0046500813764240876,True
GaussianBudget75M_MaxCov,RANGE_2021-CAANF-001989,20210613,10,pyrologix,12,201-76,2021,0.0,0.019279704079963267,-1,undetected,1,9.489961992702219e-05,5465,0.004555181756497065,True
GaussianBudget75M_MaxCov,RAPTOR_2021-CABDF-012984,20210901,17,pyrologix,6,223-101,2021,0.0,0.008472459972836077,2,drone,1,9.489961992702219e-05,3025,0.0046500813764240876,True
GaussianBudget75M_MaxCov,RAYS_2021-CAENF-013393,20210517,19,pyrologix,5,93-62,2021,0.0,0.002329515991732478,0,drone,1,9.489961992702219e-05,1770,0.0046500813764240876,True
GaussianBudget75M_MaxCov,REBEL__2021-CABDF-011588,20210728,18,pyrologix,3,223-101,2021,0.0,0.0018224780214950442,0,drone,1,9.489961992702219e-05,1180,0.004555181756497065,True
GaussianBudget75M_MaxCov,REDHILL_2021-CATNF-000474,20210401,23,pyrologix,9,86-53,2021,0.0,0.011338824988342822,1,drone,1,9.489961992702219e-05,3980,0.0046500813764240876,True
GaussianBudget75M_MaxCov,RED_2021-CAINF-001804,20210720,1,pyrologix,4,none,2021,0.0,0.0025626380229368806,-1,undetected,1,9.489961992702219e-05,0,0.0,False
GaussianBudget75M_MaxCov,RED_2021-CASTF-001281,20210625,21,pyrologix,1,107-68,2021,0.0,0.005046037957072258,1,drone,1,9.489961992702219e-05,900,0.004555181756497065,True
GaussianBudget75M_MaxCov,RED_2021-CATNF-001084,20210624,16,pyrologix,9,86-53,2021,0.0,0.0054898690432310104,1,drone,1,9.489961992702219e-05,3860,0.0046500813764240876,True
GaussianBudget75M_MaxCov,REFUGE_2021-CAMDF-000609,20210624,17,pyrologix,11,36-70,2021,0.0,0.01062780898064375,1,drone,1,9.489961992702219e-05,4180,0.0046500813764240876,True
GaussianBudget75M_MaxCov,REMINGTON_2021-CASQF-001028,20210515,23,pyrologix,2,177-79,2021,0.0,0.007560738944448531,2,drone,1,9.489961992702219e-05,1440,0.0046500813764240876,True
GaussianBudget75M_MaxCov,RESORT_2_2021-CALNF-003218,20210617,1,pyrologix,4,51-54,2021,0.0,0.00461791199631989,0,drone,1,9.489961992702219e-05,1805,0.004555181756497065,True
GaussianBudget75M_MaxCov,RICE_2021-CAMDF-001543,20210816,9,pyrologix,12,44-62,2021,0.0,0.0038270270451903343,0,drone,1,9.489961992702219e-05,4165,0.0046500813764240876,True
GaussianBudget75M_MaxCov,RICOCHET_2021-CABDF-011909,20210804,21,pyrologix,4,223-101,2021,0.0,0.007181136053986847,1,drone,1,9.489961992702219e-05,2275,0.0046500813764240876,True
GaussianBudget75M_MaxCov,RIDGE_2021-CAANF-001918,20210609,11,pyrologix,12,195-71,2021,0.0,0.004185255034826696,0,drone,1,9.489961992702219e-05,4225,0.0046500813764240876,True
GaussianBudget75M_MaxCov,RIDGE_2021-CASTF-001870,20210730,0,pyrologix,1,114-64,2021,0.0,0.002504743984900415,0,drone,1,9.489961992702219e-05,520,0.003985784036934932,True
GaussianBudget75M_MaxCov,RIDLEY_2021-CABDF-016992,20211115,20,pyrologix,2,206-88,2021,0.0,0.007079499075189233,1,drone,1,9.489961992702219e-05,1540,0.004460282136570043,True
GaussianBudget75M_MaxCov,RIMROCK_2021-CAMDF-001187,20210805,22,pyrologix,4,30-60,2021,0.0,0.003555671079084277,0,drone,1,9.489961992702219e-05,1720,0.0046500813764240876,True
GaussianBudget75M_MaxCov,RIM_2021-CALNF-003307,20210620,23,pyrologix,1,51-54,2021,0.0,0.005442322930321097,1,drone,1,9.489961992702219e-05,865,0.004365382516643021,True
GaussianBudget75M_MaxCov,RIVER_2021-CASQF-001125,20210526,4,pyrologix,9,177-79,2021,0.0,0.005118860048241913,0,drone,1,9.489961992702219e-05,3335,0.0046500813764240876,True
GaussianBudget75M_MaxCov,ROADSIDE_2021-CABDF-012814,20210828,17,pyrologix,3,206-88,2021,0.0,0.006735711940564215,1,drone,1,9.489961992702219e-05,1960,0.004460282136570043,True
GaussianBudget75M_MaxCov,ROAD_2021-CASHF-001214,20210803,10,pyrologix,11,52-26,2021,0.0,0.007897223928011954,1,drone,1,9.489961992702219e-05,4165,0.0046500813764240876,True
GaussianBudget75M_MaxCov,ROBINSON__2021-CAINF-000607,20210418,11,pyrologix,10,none,2021,0.0,0.002560399007052183,-1,undetected,1,9.489961992702219e-05,0,0.0,False
GaussianBudget75M_MaxCov,ROCKHOUSE_2021-CASQF-003073,20210910,16,pyrologix,3,169-84,2021,0.0,0.0018560909666121006,0,drone,1,9.489961992702219e-05,1085,0.0046500813764240876,True
GaussianBudget75M_MaxCov,ROCK_HLRD_2021-CASQF-002359,20210719,16,pyrologix,7,147-79,2021,0.0,0.006898039020597935,1,drone,1,9.489961992702219e-05,3075,0.0046500813764240876,True
GaussianBudget75M_MaxCov,ROGUE_2021-CABDF-011274,20210721,18,pyrologix,3,223-101,2021,0.0,0.006951863062568009,1,drone,1,9.489961992702219e-05,1825,0.0046500813764240876,True
GaussianBudget75M_MaxCov,ROSS_2021-CASNF-001315,20210820,12,pyrologix,9,141-74,2021,0.0,0.007310362998396158,1,drone,1,9.489961992702219e-05,3615,0.0046500813764240876,True
GaussianBudget75M_MaxCov,ROUGH_2021-CAANF-002949,20210808,20,pyrologix,9,none,2021,0.0,0.002464882913045585,-1,undetected,1,9.489961992702219e-05,0,0.0,False
GaussianBudget75M_MaxCov,ROUND_2021-CAMDF-000607,20210624,17,pyrologix,3,37-56,2021,0.0,0.004978634067811072,0,drone,1,9.489961992702219e-05,1380,0.0046500813764240876,True
GaussianBudget75M_MaxCov,ROUTE_2021-CAANF-003438,20210911,17,pyrologix,12,195-71,2021,0.0,0.004275801940821111,0,drone,1,9.489961992702219e-05,4285,0.0046500813764240876,True
GaussianBudget75M_MaxCov,ROWHER_2021-CAANF-001058,20210405,22,pyrologix,4,201-76,2021,0.0,0.006295745028182864,1,drone,1,9.489961992702219e-05,1950,0.004555181756497065,True
GaussianBudget75M_MaxCov,ROYAL_2021-CATNF-001107,20210626,17,pyrologix,4,86-60,2021,0.0,0.0038193220971152186,0,drone,1,9.489961992702219e-05,1825,0.0046500813764240876,True
GaussianBudget75M_MaxCov,RUBICON_2021-CATMU-019083,20210704,12,pyrologix,12,93-62,2021,0.0,0.0034655039198696613,0,drone,1,9.489961992702219e-05,4115,0.0046500813764240876,True
GaussianBudget75M_MaxCov,RUBY__2021-CASTF-002137,20210814,22,pyrologix,9,114-57,2021,0.0,0.0067972150864079595,1,drone,1,9.489961992702219e-05,4075,0.0046500813764240876,True
GaussianBudget75M_MaxCov,RUFFEY_2021-CAKNF-006367,20210730,18,pyrologix,11,31-31,2021,0.0,0.0028900890611112118,0,drone,1,9.489961992702219e-05,3930,0.0046500813764240876,True
GaussianBudget75M_MaxCov,RUSH_2021-CASHF-001172,20210730,21,pyrologix,7,37-35,2021,0.0,0.003839208045974374,0,drone,1,9.489961992702219e-05,2740,0.0046500813764240876,True
GaussianBudget75M_MaxCov,RUSH_CREEK_DR___HWY_3_2021-CASHU-006097,20210618,17,pyrologix,1,44-34,2021,0.0,0.002784792915917933,0,drone,1,9.489961992702219e-05,670,0.004270482896715999,True
GaussianBudget75M_MaxCov,RUSSIAN_2021-CAKNF-005038,20210625,15,pyrologix,2,31-31,2021,0.0,0.002679897006601095,0,drone,1,9.489961992702219e-05,880,0.004555181756497065,True
GaussianBudget75M_MaxCov,Rancho_2021-CACNF-001351,20210515,19,pyrologix,2,230-100,2021,0.0,0.003760223975405097,0,drone,1,9.489961992702219e-05,1000,0.004365382516643021,True
GaussianBudget75M_MaxCov,Range_2021-CACNF-000230,20210122,15,pyrologix,4,220-87,2021,0.0,0.002100688056088984,0,drone,1,9.489961992702219e-05,1545,0.004555181756497065,True
GaussianBudget75M_MaxCov,Red_2021-CAPNF-001226,20210718,21,pyrologix,4,72-59,2021,0.0,0.004906199988909066,1,drone,1,9.489961992702219e-05,1775,0.0046500813764240876,True
GaussianBudget75M_MaxCov,Red_2021-CASHF-001004,20210704,16,pyrologix,9,30-45,2021,0.0,0.003839883953332901,0,drone,1,9.489961992702219e-05,3175,0.0046500813764240876,True
GaussianBudget75M_MaxCov,Reservation_2021-CAPNF-001208,20210718,4,pyrologix,8,65-57,2021,0.0,0.00814583501778543,2,drone,1,9.489961992702219e-05,3750,0.0046500813764240876,True
GaussianBudget75M_MaxCov,Ridge_2021-CALPF-000819,20210414,19,pyrologix,2,none,2021,0.0,0.0025207609869539738,-1,undetected,1,9.489961992702219e-05,0,0.0,False
GaussianBudget75M_MaxCov,Ridgerun_2021-CAPNF-000449,20210417,20,pyrologix,4,72-59,2021,0.0,0.004029211006127298,0,drone,1,9.489961992702219e-05,1705,0.0046500813764240876,True
GaussianBudget75M_MaxCov,Rig_2021-CACNF-001965,20210629,22,pyrologix,3,244-98,2021,0.0,0.001797794015146792,0,drone,1,9.489961992702219e-05,1150,0.004555181756497065,True
GaussianBudget75M_MaxCov,Road_2021-CACNF-002130,20210710,16,pyrologix,4,244-98,2021,0.0,0.004702936043031514,1,drone,1,9.489961992702219e-05,1845,0.004555181756497065,True
GaussianBudget75M_MaxCov,Rock_2021-CAPNF-001173,20210713,17,pyrologix,12,79-54,2021,0.0,0.0033567240461707115,0,drone,1,9.489961992702219e-05,4095,0.0046500813764240876,True
GaussianBudget75M_MaxCov,Rocky_2021-CACNF-001400,20210521,21,pyrologix,8,none,2021,0.0,0.002618559985421598,-1,undetected,1,9.489961992702219e-05,0,0.0,False
GaussianBudget75M_MaxCov,Rocky_2021-CAPNF-000497,20210422,11,pyrologix,12,72-66,2021,0.0,0.003745062043890357,0,drone,1,9.489961992702219e-05,4190,0.0046500813764240876,True
GaussianBudget75M_MaxCov,Rowdy_2021-CASRF-000650,20210731,18,pyrologix,10,15-20,2021,0.0,0.007798624923452735,1,drone,1,9.489961992702219e-05,4255,0.0046500813764240876,True
GaussianBudget75M_MaxCov,Rubicon_2021-CAENF-028647,20210925,22,pyrologix,4,93-56,2021,0.0,0.0033708499977365136,0,drone,1,9.489961992702219e-05,1805,0.0046500813764240876,True
GaussianBudget75M_MaxCov,SADDLE_KRRD_2021-CASQF-002349,20210719,11,pyrologix,1,177-79,2021,0.0,0.006693253060802817,1,drone,1,9.489961992702219e-05,1025,0.004555181756497065,True
GaussianBudget75M_MaxCov,SALT_2021-CASHF-000982,20210630,18,pyrologix,5,44-41,2021,0.0,0.007474070996977389,2,drone,1,9.489961992702219e-05,2755,0.0046500813764240876,True
GaussianBudget75M_MaxCov,SALT__2021-CASTF-000787,20210520,13,pyrologix,10,107-61,2021,0.0,0.0056006190134212375,0,drone,1,9.489961992702219e-05,3585,0.0046500813764240876,True
GaussianBudget75M_MaxCov,SAMPLE_2021-CASNF-000465,20210531,21,pyrologix,5,134-74,2021,0.0,0.0023740651085972786,0,drone,1,9.489961992702219e-05,1685,0.004555181756497065,True
GaussianBudget75M_MaxCov,SAM_2021-CASNF-000739,20210701,17,pyrologix,8,134-74,2021,0.0,0.002841343986801803,0,drone,1,9.489961992702219e-05,2650,0.004555181756497065,True
GaussianBudget75M_MaxCov,SANDY_2021-CASHF-000587,20210514,20,pyrologix,8,38-21,2021,0.0,0.002983126905746758,0,drone,1,9.489961992702219e-05,2870,0.0046500813764240876,True
GaussianBudget75M_MaxCov,SAND_2021-CASHF-000864,20210615,21,pyrologix,3,30-45,2021,0.0,0.0039347270503640175,0,drone,1,9.489961992702219e-05,1305,0.0046500813764240876,True
GaussianBudget75M_MaxCov,SANTA_2021-CAANF-004490,20211230,20,pyrologix,7,201-76,2021,0.0,0.00314866506960243,0,drone,1,9.489961992702219e-05,2565,0.004555181756497065,True
GaussianBudget75M_MaxCov,SANTA_2021-CABDF-001770,20210126,16,pyrologix,5,206-88,2021,0.0,0.0038016659673303366,0,drone,1,9.489961992702219e-05,2230,0.004460282136570043,True
GaussianBudget75M_MaxCov,SAPP_2021-CASTF-001710,20210718,12,pyrologix,10,107-61,2021,0.0,0.008307256968691945,1,drone,1,9.489961992702219e-05,3870,0.0046500813764240876,True
GaussianBudget75M_MaxCov,SATTLEY_2021-CATNF-000630,20210421,13,pyrologix,10,79-61,2021,0.0,0.007204351015388966,1,drone,1,9.489961992702219e-05,4000,0.0046500813764240876,True
GaussianBudget75M_MaxCov,SAWTOOTH_2021-CATNF-000674,20210429,15,pyrologix,12,86-67,2021,0.0,0.004563853959552944,0,drone,1,9.489961992702219e-05,4575,0.004460282136570043,True
GaussianBudget75M_MaxCov,SAW_2021-CAINF-001447,20210629,0,pyrologix,3,none,2021,0.0,0.0026963239070028067,-1,undetected,1,9.489961992702219e-05,0,0.0,False
GaussianBudget75M_MaxCov,SCENIC_2021-CACDD-009987,20210625,20,pyrologix,8,none,2021,0.0,0.0026670389343053102,-1,undetected,1,9.489961992702219e-05,0,0.0,False
GaussianBudget75M_MaxCov,SCENIC_2021-CAINF-001431,20210628,17,pyrologix,10,127-76,2021,0.0,0.0066098549868911505,1,drone,1,9.489961992702219e-05,4060,0.0046500813764240876,True
GaussianBudget75M_MaxCov,SCOTT_2021-CASHF-000884,20210618,16,pyrologix,8,52-19,2021,0.0,0.003206808934919536,0,drone,1,9.489961992702219e-05,2945,0.0046500813764240876,True
GaussianBudget75M_MaxCov,SEMI_2021-CACNF-001325,20210513,22,pyrologix,10,none,2021,0.0,0.0031992560252547264,-1,undetected,1,9.489961992702219e-05,0,0.0,False
GaussianBudget75M_MaxCov,SENTINEL_2021-CAINF-001706,20210712,21,pyrologix,5,124-80,2021,0.0,0.0069267990766093135,1,drone,1,9.489961992702219e-05,2270,0.0046500813764240876,True
GaussianBudget75M_MaxCov,SHADOW_2021-CAKNF-006420,20210731,20,pyrologix,7,31-31,2021,0.0,0.0028677500085905194,0,drone,1,9.489961992702219e-05,2550,0.0046500813764240876,True
GaussianBudget75M_MaxCov,SHADY_2021-CABDF-009458,20210613,23,pyrologix,12,209-96,2021,0.0,0.004618164035491645,0,drone,1,9.489961992702219e-05,4525,0.004460282136570043,True
GaussianBudget75M_MaxCov,SHANNON_2021-CAANF-000596,20210225,16,pyrologix,3,201-76,2021,0.0,0.005210994044318795,1,drone,1,9.489961992702219e-05,1465,0.004555181756497065,True
GaussianBudget75M_MaxCov,SHELL_2021-CASQF-002407,20210723,18,pyrologix,11,147-79,2021,0.0,0.003677012980915606,0,drone,1,9.489961992702219e-05,4270,0.0046500813764240876,True
GaussianBudget75M_MaxCov,SHERMAN_2021-CAENF-013945,20210522,21,pyrologix,4,100-61,2021,0.0,0.00271011795848608,0,drone,1,9.489961992702219e-05,1740,0.0046500813764240876,True
GaussianBudget75M_MaxCov,SHIRLEY_2021-CASQF-002724,20210814,14,pyrologix,4,170-77,2021,0.0,0.0045302590588107705,0,drone,1,9.489961992702219e-05,1750,0.0046500813764240876,True
GaussianBudget75M_MaxCov,SHOENING_2021-CAANF-004214,20211125,13,pyrologix,11,206-81,2021,0.0,0.005971146980300546,1,drone,1,9.489961992702219e-05,4925,0.0040806836568619545,True
GaussianBudget75M_MaxCov,SHOOTING_2021-CAANF-001423,20210508,14,pyrologix,7,201-76,2021,0.0,0.004103677929379046,0,drone,1,9.489961992702219e-05,2695,0.004555181756497065,True
GaussianBudget75M_MaxCov,SHORE_2021-CAINF-001670,20210711,21,pyrologix,8,124-80,2021,0.0,0.004256020998582244,0,drone,1,9.489961992702219e-05,2865,0.0046500813764240876,True
GaussianBudget75M_MaxCov,SIDE_2021-CASQF-001253,20210529,20,pyrologix,6,170-77,2021,0.0,0.004631324904039502,0,drone,1,9.489961992702219e-05,2460,0.0046500813764240876,True
GaussianBudget75M_MaxCov,SIERRA__2021-CABDF-006929,20210421,2,pyrologix,4,209-96,2021,0.0,0.005273681948892772,1,drone,1,9.489961992702219e-05,1885,0.004460282136570043,True
GaussianBudget75M_MaxCov,SIGNAL_2021-CALNF-001980,20210420,17,pyrologix,10,51-54,2021,0.0,0.0028504800284281373,0,drone,1,9.489961992702219e-05,3570,0.0046500813764240876,True
GaussianBudget75M_MaxCov,SIGNAL_2021-CATNF-001345,20210715,20,pyrologix,1,86-53,2021,0.0,0.005331231048330665,1,drone,1,9.489961992702219e-05,945,0.004555181756497065,True
GaussianBudget75M_MaxCov,SILVER_2021-CASNF-000961,20210719,20,pyrologix,4,127-76,2021,0.0,0.003006892977282405,0,drone,1,9.489961992702219e-05,1510,0.004555181756497065,True
GaussianBudget75M_MaxCov,SIMS_2021-CASHF-001586,20211125,16,pyrologix,2,37-42,2021,0.0,0.0060595819959416986,1,drone,1,9.489961992702219e-05,1280,0.0046500813764240876,True
GaussianBudget75M_MaxCov,SIX_SHOOTER_2021-CAKNF-006455,20210801,13,pyrologix,10,30-52,2021,0.0,0.002805751981213689,0,drone,1,9.489961992702219e-05,4010,0.0046500813764240876,True
GaussianBudget75M_MaxCov,SKYLINE__2021-CATNF-000868,20210601,10,pyrologix,9,79-54,2021,0.0,0.00757379608694464,1,drone,1,9.489961992702219e-05,3630,0.0046500813764240876,True
GaussianBudget75M_MaxCov,SKY_2021-CALNF-003531,20210627,18,pyrologix,11,65-50,2021,0.0,0.007158813998103142,1,drone,1,9.489961992702219e-05,4590,0.0046500813764240876,True
GaussianBudget75M_MaxCov,SLATE_2021-CAENF-010080,20210414,23,pyrologix,2,93-56,2021,0.0,0.008270759019069374,2,drone,1,9.489961992702219e-05,1760,0.0046500813764240876,True
GaussianBudget75M_MaxCov,SLATE_2021-CASQF-003085,20210911,11,pyrologix,11,163-78,2021,0.0,0.0032656459370628,0,drone,1,9.489961992702219e-05,4065,0.0046500813764240876,True
GaussianBudget75M_MaxCov,SLATE_2021-CATNF-001085,20210624,15,pyrologix,12,79-54,2021,0.0,0.003650170983746648,0,drone,1,9.489961992702219e-05,4150,0.0046500813764240876,True
GaussianBudget75M_MaxCov,SLEIGHVILLE_2021-CATNF-000722,20210512,21,pyrologix,3,79-54,2021,0.0,0.002154779969714582,0,drone,1,9.489961992702219e-05,1205,0.0046500813764240876,True
GaussianBudget75M_MaxCov,SLIDE_2021-CAMDF-000636,20210627,15,pyrologix,1,42-76,2021,2544.4526221689302,0.006293817074038088,1,drone,1,9.489961992702219e-05,960,0.004460282136570043,True
GaussianBudget75M_MaxCov,SLOPE_2021-CAINF-001448,20210629,21,pyrologix,10,none,2021,0.0,0.002271817997097969,-1,undetected,1,9.489961992702219e-05,0,0.0,False
GaussianBudget75M_MaxCov,SMALLS_2021-CABDF-018495,20211130,8,pyrologix,12,206-88,2021,0.0,0.02034262102097273,-1,undetected,1,9.489961992702219e-05,5155,0.004460282136570043,True
GaussianBudget75M_MaxCov,SMITH_2021-CAENF-028280,20210922,14,pyrologix,8,93-62,2021,0.0,0.007722571026533842,1,drone,1,9.489961992702219e-05,3350,0.0046500813764240876,True
GaussianBudget75M_MaxCov,SMITH_2021-CASRF-000576,20210718,14,pyrologix,11,15-20,2021,0.0,0.0036402910482138395,0,drone,1,9.489961992702219e-05,4045,0.0046500813764240876,True
GaussianBudget75M_MaxCov,SMOLDER_2021-CAANF-001200,20210418,17,pyrologix,6,206-88,2021,0.0,0.006565349991433322,1,drone,1,9.489961992702219e-05,2850,0.004460282136570043,True
GaussianBudget75M_MaxCov,SNAKE_2021-CABDF-012147,20210811,12,pyrologix,4,214-103,2021,0.0,0.00411306694149971,0,drone,1,9.489961992702219e-05,1815,0.004365382516643021,True
GaussianBudget75M_MaxCov,SNOW_2021-CABDF-014001,20210924,0,pyrologix,4,209-96,2021,0.0,0.0036790139274671674,0,drone,1,9.489961992702219e-05,1745,0.004460282136570043,True
GaussianBudget75M_MaxCov,SNOW_2021-CAENF-018112,20210627,22,pyrologix,5,100-61,2021,0.0,0.006464333040639758,1,drone,1,9.489961992702219e-05,2625,0.0046500813764240876,True
GaussianBudget75M_MaxCov,SNOW_2021-CASHF-001239,20210807,17,pyrologix,3,38-28,2021,0.0,0.005828648107126355,1,drone,1,9.489961992702219e-05,1540,0.004555181756497065,True
GaussianBudget75M_MaxCov,SNOW_PLAY_2021-CABDF-005086,20210320,21,pyrologix,6,209-96,2021,0.0,0.004054510034620762,0,drone,1,9.489961992702219e-05,2475,0.004460282136570043,True
GaussianBudget75M_MaxCov,SODA_2021-CAINF-001464,20210629,15,pyrologix,11,162-85,2021,0.0,0.0031142469961196184,0,drone,1,9.489961992702219e-05,3830,0.0046500813764240876,True
GaussianBudget75M_MaxCov,SOLEDAD_2021-CAANF-001926,20210609,18,pyrologix,9,201-76,2021,0.0,0.002856906969100237,0,drone,1,9.489961992702219e-05,3180,0.004555181756497065,True
GaussianBudget75M_MaxCov,SOPIAGO_2021-CAENF-013394,20210517,18,pyrologix,7,100-61,2021,0.0,0.005093366024084389,0,drone,1,9.489961992702219e-05,3100,0.0046500813764240876,True
GaussianBudget75M_MaxCov,SOUTH_2021-CABDU-012298,20210825,23,pyrologix,2,none,2021,0.0,0.002243458991870284,-1,undetected,1,9.489961992702219e-05,0,0.0,False
GaussianBudget75M_MaxCov,SOUTH_2021-CAKNF-004388,20210606,19,pyrologix,9,37-35,2021,0.0,0.00628416205290705,1,drone,1,9.489961992702219e-05,3785,0.0046500813764240876,True
GaussianBudget75M_MaxCov,SPADE__2021-CAANF-003949,20211028,5,pyrologix,10,201-76,2021,0.0,0.0027058670530095696,0,drone,1,9.489961992702219e-05,3550,0.004555181756497065,True
GaussianBudget75M_MaxCov,SPICE_2021-CABDF-018466,20211129,14,pyrologix,10,223-101,2021,0.0,0.0028788610361516476,0,drone,1,9.489961992702219e-05,3590,0.0046500813764240876,True
GaussianBudget75M_MaxCov,SPOT_2021-CAANF-000571,20210222,5,pyrologix,4,206-81,2021,0.0,0.005476362071931362,1,drone,1,9.489961992702219e-05,2235,0.0040806836568619545,True
GaussianBudget75M_MaxCov,SPRAGUE_2021-CATCU-004946,20210419,9,pyrologix,9,121-61,2021,0.0,0.005565422936342657,1,drone,1,9.489961992702219e-05,3625,0.0046500813764240876,True
GaussianBudget75M_MaxCov,SPRINGS_2021-CAANF-001067,20210405,18,pyrologix,10,206-81,2021,0.0,0.003410767065361142,0,drone,1,9.489961992702219e-05,4145,0.0040806836568619545,True
GaussianBudget75M_MaxCov,SPRINGS_2021-CAINF-001457,20210629,12,pyrologix,9,none,2021,0.0,0.0026387760881334543,-1,undetected,1,9.489961992702219e-05,0,0.0,False
GaussianBudget75M_MaxCov,SPRINGS_2021-CASQF-001124,20210525,22,pyrologix,4,177-79,2021,0.0,0.002364062936976552,0,drone,1,9.489961992702219e-05,1440,0.0046500813764240876,True
GaussianBudget75M_MaxCov,SPRINGTIME_2021-CASHF-001183,20210730,21,pyrologix,5,45-20,2021,0.0,0.007458129082806408,2,drone,1,9.489961992702219e-05,2445,0.0046500813764240876,True
GaussianBudget75M_MaxCov,SPRING_2021-CAKNF-006404,20210731,12,pyrologix,10,31-31,2021,0.0,0.00558425800409168,1,drone,1,9.489961992702219e-05,3930,0.0046500813764240876,True
GaussianBudget75M_MaxCov,SPRUCE_2021-CABDF-012448,20210817,18,pyrologix,5,223-101,2021,0.0,0.0075897969072684646,1,drone,1,9.489961992702219e-05,2510,0.0046500813764240876,True
GaussianBudget75M_MaxCov,SPUNKY_2021-CAANF-004252,20211128,18,pyrologix,10,none,2021,0.0,0.034475481021218,-1,undetected,1,9.489961992702219e-05,0,0.0,False
GaussianBudget75M_MaxCov,STAGING_2021-CAANF-004309,20211205,21,pyrologix,6,201-76,2021,0.0,0.00822249602060765,2,drone,1,9.489961992702219e-05,2870,0.004555181756497065,True
GaussianBudget75M_MaxCov,STANFIELD_2021-CABDF-010785,20210710,14,pyrologix,12,none,2021,0.0,0.002249264041893184,-1,undetected,1,9.489961992702219e-05,0,0.0,False
GaussianBudget75M_MaxCov,STANFORD_2021-CATMU-026974,20210910,15,pyrologix,1,93-62,2021,0.0,0.002661317936144769,0,drone,1,9.489961992702219e-05,510,0.00389088441700791,True
GaussianBudget75M_MaxCov,STARLIGHT_2021-CAANF-004192,20211123,4,pyrologix,5,none,2021,0.0,0.0024306209525093436,-1,undetected,1,9.489961992702219e-05,0,0.0,False
GaussianBudget75M_MaxCov,STATE_2021-CAANF-004208,20211125,22,pyrologix,10,195-71,2021,0.0,0.004136814968660474,0,drone,1,9.489961992702219e-05,3575,0.0046500813764240876,True
GaussianBudget75M_MaxCov,STEWART_2021-CALPF-002715,20211005,15,pyrologix,10,none,2021,0.0,0.002682343008928001,-1,undetected,1,9.489961992702219e-05,0,0.0,False
GaussianBudget75M_MaxCov,STOCKTON_2021-CABDF-017962,20211127,2,pyrologix,2,206-88,2021,0.0,0.00253409706056118,0,drone,1,9.489961992702219e-05,840,0.004270482896715999,True
GaussianBudget75M_MaxCov,STONE_2021-CATNF-001429,20210726,19,pyrologix,7,86-53,2021,0.0,0.004125812905840576,0,drone,1,9.489961992702219e-05,2960,0.0046500813764240876,True
GaussianBudget75M_MaxCov,STRAWBERRY__2021-CASTF-001974,20210802,13,pyrologix,2,114-64,2021,0.0,0.0020969940815120935,0,drone,1,9.489961992702219e-05,855,0.004270482896715999,True
GaussianBudget75M_MaxCov,STRAW_2021-CASTF-002844,20211126,14,pyrologix,5,114-64,2021,0.0,0.00861789402551949,2,drone,1,9.489961992702219e-05,2635,0.0046500813764240876,True
GaussianBudget75M_MaxCov,SUGAR_2021-CABDF-012136,20210810,20,pyrologix,8,214-103,2021,0.0,0.006561035057529807,1,drone,1,9.489961992702219e-05,3490,0.004365382516643021,True
GaussianBudget75M_MaxCov,SUGAR_2021-CAENF-019897,20210711,0,pyrologix,5,100-61,2021,0.0,0.003155456972308457,0,drone,1,9.489961992702219e-05,2090,0.0046500813764240876,True
GaussianBudget75M_MaxCov,SUGAR_2021-CAMDF-000429,20210529,21,pyrologix,7,none,2021,0.0,0.0026326330844312906,-1,undetected,1,9.489961992702219e-05,0,0.0,False
GaussianBudget75M_MaxCov,SUGAR_2_2021-CAMDF-000433,20210529,23,pyrologix,2,none,2021,0.0,0.002350902068428695,-1,undetected,1,9.489961992702219e-05,0,0.0,False
GaussianBudget75M_MaxCov,SUGAR_3_2021-CAMDF-000434,20210529,22,pyrologix,5,none,2021,0.0,0.002767198020592332,-1,undetected,1,9.489961992702219e-05,0,0.0,False
GaussianBudget75M_MaxCov,SUGAR_4_2021-CAMDF-000435,20210529,21,pyrologix,7,none,2021,0.0,0.002275833045132458,-1,undetected,1,9.489961992702219e-05,0,0.0,False
GaussianBudget75M_MaxCov,SUGAR_PINE_2021-CATNF-000850,20210530,21,pyrologix,5,86-53,2021,0.0,0.0022364850156009197,0,drone,1,9.489961992702219e-05,1880,0.0046500813764240876,True
GaussianBudget75M_MaxCov,SUGAR__2021-CATNF-000972,20210613,18,pyrologix,5,86-53,2021,0.0,0.002185960067436099,0,drone,1,9.489961992702219e-05,1880,0.0046500813764240876,True
GaussianBudget75M_MaxCov,SULPHER_2021-CASHF-000817,20210607,17,pyrologix,7,37-42,2021,0.0,0.005443289992399514,1,drone,1,9.489961992702219e-05,2690,0.0046500813764240876,True
GaussianBudget75M_MaxCov,SULPHUR_2021-CALPF-001037,20210509,17,pyrologix,3,none,2021,0.0,0.002249418990686536,-1,undetected,1,9.489961992702219e-05,0,0.0,False
GaussianBudget75M_MaxCov,SUMMIT_2021-CAENF-021041,20210720,13,pyrologix,7,100-68,2021,0.0,0.0029723079642280936,0,drone,1,9.489961992702219e-05,2630,0.004555181756497065,True
GaussianBudget75M_MaxCov,SUMMIT_2021-CAINF-001826,20210721,18,pyrologix,2,162-85,2021,0.0,0.0020933450432494283,0,drone,1,9.489961992702219e-05,770,0.004555181756497065,True
GaussianBudget75M_MaxCov,SUMMIT_2021-CASHF-001307,20210825,9,pyrologix,8,37-42,2021,0.0,0.006139723933301866,1,drone,1,9.489961992702219e-05,3080,0.0046500813764240876,True
GaussianBudget75M_MaxCov,SUMMIT_2021-CATNF-001568,20210812,22,pyrologix,3,86-60,2021,0.0,0.0038014529272913933,0,drone,1,9.489961992702219e-05,1450,0.0046500813764240876,True
GaussianBudget75M_MaxCov,SURVEYORS_2021-CAMDF-000385,20210518,1,pyrologix,4,none,2021,0.0,0.0022596879862248898,-1,undetected,1,9.489961992702219e-05,0,0.0,False
GaussianBudget75M_MaxCov,SWALL_2021-CAINF-000688,20210429,18,pyrologix,8,none,2021,0.0,0.0025135610485449433,-1,undetected,1,9.489961992702219e-05,0,0.0,False
GaussianBudget75M_MaxCov,SWARTHOUT_2021-CABDF-009976,20210625,17,pyrologix,8,206-88,2021,0.0,0.003420581924729049,0,drone,1,9.489961992702219e-05,3155,0.004460282136570043,True
GaussianBudget75M_MaxCov,SWEET_2021-CASNF-000960,20210719,20,pyrologix,5,121-61,2021,0.0,0.004306472954340279,0,drone,1,9.489961992702219e-05,2130,0.0046500813764240876,True
GaussianBudget75M_MaxCov,SWELL_2021-CALNF-001986,20210421,21,pyrologix,9,51-54,2021,0.0,0.006093450007028878,1,drone,1,9.489961992702219e-05,3610,0.0046500813764240876,True
GaussianBudget75M_MaxCov,SWITZER_2021-CABDF-013910,20210921,15,pyrologix,5,209-96,2021,0.0,0.002384171006269753,0,drone,1,9.489961992702219e-05,1885,0.004460282136570043,True
GaussianBudget75M_MaxCov,SWITZER_PARK__2021-CABDF-016614,20211111,1,pyrologix,2,209-96,2021,0.0,0.003944149939343333,0,drone,1,9.489961992702219e-05,1110,0.004460282136570043,True
GaussianBudget75M_MaxCov,SYCAMORE_2021-CABDF-006749,20210417,23,pyrologix,1,206-88,2021,0.0,0.006719653028994799,1,drone,1,9.489961992702219e-05,1060,0.004460282136570043,True
GaussianBudget75M_MaxCov,SYD_2021-CASHF-001293,20210819,8,pyrologix,12,59-26,2021,2460.968056218,0.00597812794148922,0,drone,1,9.489961992702219e-05,4175,0.0046500813764240876,True
GaussianBudget75M_MaxCov,School_2021-CASRF-000313,20210521,15,pyrologix,7,31-24,2021,0.0,0.005824892083182931,1,drone,1,9.489961992702219e-05,3125,0.004555181756497065,True
GaussianBudget75M_MaxCov,Seven_2021-CACNF-001500,20210529,16,pyrologix,4,220-87,2021,0.0,0.002093037008307874,0,drone,1,9.489961992702219e-05,1545,0.004555181756497065,True
GaussianBudget75M_MaxCov,Shade_2021-CACNF-002704,20210818,14,pyrologix,7,237-97,2021,0.0,0.0025602260138839483,0,drone,1,9.489961992702219e-05,2765,0.0046500813764240876,True
GaussianBudget75M_MaxCov,Silver_2021-CAPNF-000716,20210531,8,pyrologix,10,72-52,2021,0.0,0.007825030945241451,0,drone,1,9.489961992702219e-05,4260,0.0046500813764240876,True
GaussianBudget75M_MaxCov,Site_11_2021-CACNF-000929,20210328,12,pyrologix,10,220-87,2021,0.0,0.005140955094248056,0,drone,1,9.489961992702219e-05,3795,0.004555181756497065,True
GaussianBudget75M_MaxCov,Slate_2021-CASRF-000173,20210330,20,pyrologix,6,31-24,2021,0.0,0.004271427053026855,0,drone,1,9.489961992702219e-05,2500,0.004555181756497065,True
GaussianBudget75M_MaxCov,Smith_2021-CAPNF-001355,20210730,22,pyrologix,5,72-66,2021,0.0,0.006401408929377794,1,drone,1,9.489961992702219e-05,2305,0.0046500813764240876,True
GaussianBudget75M_MaxCov,South_2021-CASRF-000226,20210421,21,pyrologix,5,38-21,2021,0.0,0.006436010007746518,1,drone,1,9.489961992702219e-05,2370,0.0046500813764240876,True
GaussianBudget75M_MaxCov,Spring_2021-CAPNF-001012,20210701,21,pyrologix,8,none,2021,0.0,0.010628452990204096,-1,undetected,1,9.489961992702219e-05,0,0.0,False
GaussianBudget75M_MaxCov,Squirrel_2021-CAPNF-000574,20210509,2,pyrologix,6,72-59,2021,0.0,0.007556010037660599,1,drone,1,9.489961992702219e-05,2795,0.0046500813764240876,True
GaussianBudget75M_MaxCov,Stanshaw_2021-CASRF-000187,20210404,16,pyrologix,12,24-25,2021,0.0,0.007085895980708301,0,drone,1,9.489961992702219e-05,4155,0.0046500813764240876,True
GaussianBudget75M_MaxCov,Stoneridge_2021-CACNF-003429,20211120,18,pyrologix,11,230-100,2021,0.0,0.004554089973680675,0,drone,1,9.489961992702219e-05,3810,0.0046500813764240876,True
GaussianBudget75M_MaxCov,Sugarbowl_2021-CASRF-000115,20210304,2,pyrologix,6,31-17,2021,0.0,0.0022667970042675734,0,drone,1,9.489961992702219e-05,2140,0.004555181756497065,True
GaussianBudget75M_MaxCov,Sundance_2021-CACNF-002266,20210718,23,pyrologix,2,244-98,2021,0.0,0.004050445044413209,0,drone,1,9.489961992702219e-05,1100,0.004555181756497065,True
GaussianBudget75M_MaxCov,Sweetbriar_2021-CASHF-001025,20210707,5,pyrologix,5,37-42,2021,0.0,0.003906421014107764,0,drone,1,9.489961992702219e-05,1890,0.0046500813764240876,True
GaussianBudget75M_MaxCov,TAMARACK_2021-CALNF-002852,20210531,19,pyrologix,7,58-61,2021,0.0,0.003602942917495966,0,drone,1,9.489961992702219e-05,2595,0.0046500813764240876,True
GaussianBudget75M_MaxCov,TAMARACK_2021-CASHF-001181,20210730,21,pyrologix,1,30-38,2021,0.0,0.002752816886641085,0,drone,1,9.489961992702219e-05,575,0.00389088441700791,True
GaussianBudget75M_MaxCov,TAMARIN_2021-CABDF-011615,20210729,15,pyrologix,10,206-88,2021,0.0,0.003046029945835471,0,drone,1,9.489961992702219e-05,3820,0.004460282136570043,True
GaussianBudget75M_MaxCov,TANGLE_2021-CASHF-001013,20210705,13,pyrologix,1,37-35,2021,0.0,0.006287739030085504,1,drone,1,9.489961992702219e-05,955,0.004365382516643021,True
GaussianBudget75M_MaxCov,TAYLOR_2021-CAINF-002482,20210911,16,pyrologix,9,124-80,2021,0.0,0.007774521014653146,1,drone,1,9.489961992702219e-05,3725,0.0046500813764240876,True
GaussianBudget75M_MaxCov,TEJON_2021-CAANF-000190,20210118,16,pyrologix,1,none,2021,0.0,0.009728483972139657,-1,undetected,1,9.489961992702219e-05,0,0.0,False
GaussianBudget75M_MaxCov,TELEPHONE_2021-CAKNF-005027,20210625,4,pyrologix,7,31-31,2021,0.0,0.0030768989818170667,0,drone,1,9.489961992702219e-05,2600,0.0046500813764240876,True
GaussianBudget75M_MaxCov,TEMPLETON_2021-CAINF-001796,20210719,18,pyrologix,1,162-85,2021,0.0,0.004745670943520963,0,drone,1,9.489961992702219e-05,575,0.004460282136570043,True
GaussianBudget75M_MaxCov,TEMPLIN_2021-CAANF-000022,20210102,17,pyrologix,7,195-71,2021,0.0,0.005165028967894614,1,drone,1,9.489961992702219e-05,2830,0.0046500813764240876,True
GaussianBudget75M_MaxCov,TENNANT_2021-CAKNF-005169,20210628,21,pyrologix,5,30-52,2021,0.0,0.003341012983582914,0,drone,1,9.489961992702219e-05,2180,0.0046500813764240876,True
GaussianBudget75M_MaxCov,TEWANET_2021-CABDF-002530,20210209,21,pyrologix,4,none,2021,0.0,0.012513068970292807,-1,undetected,1,9.489961992702219e-05,0,0.0,False
GaussianBudget75M_MaxCov,TICK_2021-CAANF-001400,20210505,20,pyrologix,4,201-76,2021,0.0,0.0052614499581977725,1,drone,1,9.489961992702219e-05,1865,0.004555181756497065,True
GaussianBudget75M_MaxCov,TINKER_2021-CATNF-001251,20210705,23,pyrologix,4,86-67,2021,0.0,0.006435347022488713,1,drone,1,9.489961992702219e-05,2025,0.004460282136570043,True
GaussianBudget75M_MaxCov,TOOLBOX_2021-CABDF-016095,20211031,17,pyrologix,1,223-101,2021,0.0,0.005748069961555302,1,drone,1,9.489961992702219e-05,995,0.004460282136570043,True
GaussianBudget75M_MaxCov,TOWNSEND_2021-CAANF-003440,20210912,0,pyrologix,1,195-71,2021,0.0,0.006953072967007756,2,drone,1,9.489961992702219e-05,1110,0.004460282136570043,True
GaussianBudget75M_MaxCov,TRAILHEAD_2021-CAKNF-006403,20210731,11,pyrologix,11,31-31,2021,0.0,0.00292224099393934,0,drone,1,9.489961992702219e-05,3930,0.0046500813764240876,True
GaussianBudget75M_MaxCov,TRANSPORT_2021-CABDF-000949,20210111,7,pyrologix,3,206-88,2021,0.0,0.006208537030033767,1,drone,1,9.489961992702219e-05,1905,0.004460282136570043,True
GaussianBudget75M_MaxCov,TREE_2021-CAKNF-009333,20211021,21,pyrologix,5,23-39,2021,0.0,0.006181145086884499,1,drone,1,9.489961992702219e-05,2450,0.0046500813764240876,True
GaussianBudget75M_MaxCov,TREE_2021-CATNF-001762,20210910,11,pyrologix,10,93-62,2021,0.0,0.005226572044193745,0,drone,1,9.489961992702219e-05,3735,0.0046500813764240876,True
GaussianBudget75M_MaxCov,TROY_2021-CASQF-002353,20210719,12,pyrologix,6,162-85,2021,0.0,0.005875427974388003,0,drone,1,9.489961992702219e-05,2330,0.0046500813764240876,True
GaussianBudget75M_MaxCov,TUCKER_2021-CASTF-000297,20210222,17,pyrologix,6,114-57,2021,0.0,0.006904416950419545,1,drone,1,9.489961992702219e-05,3140,0.0046500813764240876,True
GaussianBudget75M_MaxCov,TUFA_2021-CAINF-001444,20210629,21,pyrologix,8,115-77,2021,0.0,0.002676315954886377,0,drone,1,9.489961992702219e-05,2800,0.004555181756497065,True
GaussianBudget75M_MaxCov,TUFF_2021-CAINF-001092,20210605,12,pyrologix,7,none,2021,0.0,0.012069215066730976,-1,undetected,1,9.489961992702219e-05,0,0.0,False
GaussianBudget75M_MaxCov,TUJUNGA__2021-CAANF-002494,20210709,13,pyrologix,2,206-81,2021,0.0,0.006608529947698116,1,drone,1,9.489961992702219e-05,1530,0.0040806836568619545,True
GaussianBudget75M_MaxCov,TUMBLEWEED_2021-CAANF-002402,20210704,20,pyrologix,2,none,2021,0.0,0.00971908902283758,-1,undetected,1,9.489961992702219e-05,0,0.0,False
GaussianBudget75M_MaxCov,TUNNELS_2021-CAANF-002246,20210627,13,pyrologix,9,206-88,2021,0.0,0.006989215966314077,1,drone,1,9.489961992702219e-05,3940,0.004460282136570043,True
GaussianBudget75M_MaxCov,TURNOUT_2021-CAANF-003853,20211017,16,pyrologix,7,201-76,2021,0.0,0.0035731300013139844,0,drone,1,9.489961992702219e-05,2645,0.004555181756497065,True
GaussianBudget75M_MaxCov,TURNOUT_2021-CABDF-016627,20211111,12,pyrologix,12,209-96,2021,0.0,0.003670753911137581,0,drone,1,9.489961992702219e-05,4415,0.004460282136570043,True
GaussianBudget75M_MaxCov,TWENTYFIVE_2021-CASTF-002441,20210910,18,pyrologix,8,114-64,2021,0.0,0.005962405004538596,1,drone,1,9.489961992702219e-05,3240,0.0046500813764240876,True
GaussianBudget75M_MaxCov,TWICE_2021-CAANF-003175,20210826,12,pyrologix,9,195-71,2021,0.0,0.0030517419800162315,0,drone,1,9.489961992702219e-05,3170,0.0046500813764240876,True
GaussianBudget75M_MaxCov,TWIN_2021-CAENF-017644,20210622,20,pyrologix,7,100-61,2021,0.0,0.004759854055009782,0,drone,1,9.489961992702219e-05,3100,0.0046500813764240876,True
GaussianBudget75M_MaxCov,TWIN_2021-CASHF-000945,20210625,19,pyrologix,12,37-42,2021,0.0,0.0192986709298566,-1,undetected,1,9.489961992702219e-05,4260,0.0046500813764240876,True
GaussianBudget75M_MaxCov,TWIN_2021-CASNF-000720,20210630,22,pyrologix,6,134-74,2021,0.0,0.005169059033505619,1,drone,1,9.489961992702219e-05,2340,0.004555181756497065,True
GaussianBudget75M_MaxCov,Taylor_2021-CAPNF-000694,20210529,15,pyrologix,4,65-57,2021,0.0,0.007003978011198342,1,drone,1,9.489961992702219e-05,2165,0.0046500813764240876,True
GaussianBudget75M_MaxCov,Thompson__2021-CAPNF-000508,20210423,20,pyrologix,4,72-59,2021,0.0,0.00402362400200218,0,drone,1,9.489961992702219e-05,1705,0.0046500813764240876,True
GaussianBudget75M_MaxCov,Three_Two_2021-CASRF-000217,20210419,13,pyrologix,9,24-25,2021,0.0,0.009548980044201016,1,drone,1,9.489961992702219e-05,3390,0.0046500813764240876,True
GaussianBudget75M_MaxCov,Three__2021-CASRF-000205,20210415,23,pyrologix,8,24-25,2021,0.0,0.00796359102241695,2,drone,1,9.489961992702219e-05,3390,0.0046500813764240876,True
GaussianBudget75M_MaxCov,Tooms_2021-CAPNF-001156,20210711,20,pyrologix,3,72-52,2021,0.0,0.004959832993336022,1,drone,1,9.489961992702219e-05,1685,0.004555181756497065,True
GaussianBudget75M_MaxCov,Tunnel_2021-CASRF-000386,20210610,17,pyrologix,8,38-21,2021,0.0,0.003445463953539729,0,drone,1,9.489961992702219e-05,2915,0.0046500813764240876,True
GaussianBudget75M_MaxCov,Turkey_2021-CALPF-001575,20210626,16,pyrologix,7,170-47,2021,0.0,0.0031372479861602187,0,drone,1,9.489961992702219e-05,2710,0.0046500813764240876,True
GaussianBudget75M_MaxCov,Turnout_2021-CACNF-003342,20211106,15,pyrologix,4,220-87,2021,0.0,0.002092948998324573,0,drone,1,9.489961992702219e-05,1545,0.004555181756497065,True
GaussianBudget75M_MaxCov,Twain_2021-CAPNF-000486,20210421,22,pyrologix,2,65-57,2021,0.0,0.0034069980029016733,0,drone,1,9.489961992702219e-05,945,0.004460282136570043,True
GaussianBudget75M_MaxCov,UNDERWOOD_2021-CASHF-001191,20210731,18,pyrologix,2,38-21,2021,0.0,0.0029088360024616122,0,drone,1,9.489961992702219e-05,900,0.004460282136570043,True
GaussianBudget75M_MaxCov,UPHILL_2021-CABDF-013838,20210919,14,pyrologix,11,206-88,2021,0.0,0.004261160036548972,0,drone,1,9.489961992702219e-05,4220,0.004460282136570043,True
GaussianBudget75M_MaxCov,UPPER_2021-CABDF-009448,20210613,0,pyrologix,2,209-96,2021,0.0,0.004849409102462232,1,drone,1,9.489961992702219e-05,1210,0.004460282136570043,True
GaussianBudget75M_MaxCov,Ullathorne_2021-CASRF-000204,20210413,23,pyrologix,1,31-24,2021,0.0,0.007286865031346679,2,drone,1,9.489961992702219e-05,1240,0.004555181756497065,True
GaussianBudget75M_MaxCov,VALLEY_2021-CAMDF-000410,20210524,19,pyrologix,7,36-70,2021,0.0,0.005836153053678572,1,drone,1,9.489961992702219e-05,2940,0.0046500813764240876,True
GaussianBudget75M_MaxCov,VALLEY_2021-CATNF-001454,20210730,13,pyrologix,11,86-60,2021,0.0,0.004842276917770505,0,drone,1,9.489961992702219e-05,4400,0.0046500813764240876,True
GaussianBudget75M_MaxCov,VALLEY__2021-CAANF-000645,20210301,14,pyrologix,10,195-71,2021,0.0,0.005126211908645928,0,drone,1,9.489961992702219e-05,3745,0.0046500813764240876,True
GaussianBudget75M_MaxCov,VALLEY__2021-CASTF-001888,20210730,14,pyrologix,9,114-64,2021,0.0,0.002907283022068441,0,drone,1,9.489961992702219e-05,3175,0.0046500813764240876,True
GaussianBudget75M_MaxCov,VALYERMO_2021-CAANF-002916,20210805,18,pyrologix,6,206-81,2021,0.0,0.0031349329510703683,0,drone,1,9.489961992702219e-05,2640,0.0040806836568619545,True
GaussianBudget75M_MaxCov,VASQUEZ_2021-CAANF-002923,20210806,13,pyrologix,12,201-76,2021,0.0,0.018589841900393367,-1,undetected,1,9.489961992702219e-05,5465,0.004555181756497065,True
GaussianBudget75M_MaxCov,VIEWPOINT_Viewpoint_2021-CACNF-003463,20211125,3,pyrologix,4,244-98,2021,0.0,0.0048018330708146095,1,drone,1,9.489961992702219e-05,1845,0.004555181756497065,True
GaussianBudget75M_MaxCov,VIEW_2021-CAANF-003226,20210829,6,pyrologix,5,195-71,2021,0.0,0.003590314998291433,0,drone,1,9.489961992702219e-05,1925,0.0046500813764240876,True
GaussianBudget75M_MaxCov,VISTA_2021-CAANF-001071,20210406,23,pyrologix,1,195-71,2021,0.0,0.0066918430384248495,1,drone,1,9.489961992702219e-05,1030,0.004270482896715999,True
GaussianBudget75M_MaxCov,VISTA_2021-CABDF-005850,20210401,15,pyrologix,7,209-96,2021,0.0,0.004881458007730544,0,drone,1,9.489961992702219e-05,2920,0.004460282136570043,True
GaussianBudget75M_MaxCov,VISTA_2021-CASTF-001903,20210731,22,pyrologix,7,107-68,2021,0.0,0.003846649080514908,0,drone,1,9.489961992702219e-05,2860,0.0046500813764240876,True
GaussianBudget75M_MaxCov,VIXEN_2021-CABDF-011348,20210723,15,pyrologix,7,223-101,2021,0.0,0.003433717996813357,0,drone,1,9.489961992702219e-05,2660,0.0046500813764240876,True
GaussianBudget75M_MaxCov,VLECK_2021-CAENF-022079,20210730,22,pyrologix,6,93-62,2021,0.0,0.005518432939425111,1,drone,1,9.489961992702219e-05,2500,0.0046500813764240876,True
GaussianBudget75M_MaxCov,VOGEL_2021-CAANF-003688,20211003,2,pyrologix,11,201-76,2021,0.0,0.0034967840183526278,0,drone,1,9.489961992702219e-05,3980,0.004555181756497065,True
GaussianBudget75M_MaxCov,VOLCANO__2021-CAINF-001788,20210719,15,pyrologix,2,162-85,2021,0.0,0.0033191979164257646,0,drone,1,9.489961992702219e-05,930,0.004555181756497065,True
GaussianBudget75M_MaxCov,VOLCOM_2021-CAINF-002538,20210917,12,pyrologix,7,127-76,2021,0.0,0.011483708047308028,3,drone,1,9.489961992702219e-05,3625,0.0046500813764240876,True
GaussianBudget75M_MaxCov,Viejas_2021-CACNF-001276,20210505,13,pyrologix,9,244-98,2021,0.0,0.004198058973997831,0,drone,1,9.489961992702219e-05,3535,0.0046500813764240876,True
GaussianBudget75M_MaxCov,WAGY_2021-CASQF-001819,20210627,14,pyrologix,5,170-77,2021,0.0,0.007699607056565583,0,drone,1,9.489961992702219e-05,2045,0.0046500813764240876,True
GaussianBudget75M_MaxCov,WALKERS_2021-CASQF-002758,20210815,14,pyrologix,8,none,2021,0.0,0.010113127995282412,-1,undetected,1,9.489961992702219e-05,0,0.0,False
GaussianBudget75M_MaxCov,WALKER_2021-CAINF-001067,20210603,20,pyrologix,11,124-80,2021,0.0,0.006661297986283898,1,drone,1,9.489961992702219e-05,4245,0.0046500813764240876,True
GaussianBudget75M_MaxCov,WALKER_2021-CAKNF-002604,20210410,20,pyrologix,2,17-34,2021,0.0,0.006363215972669423,1,drone,1,9.489961992702219e-05,1370,0.003985784036934932,True
GaussianBudget75M_MaxCov,WALKER_2021-CAKNF-006078,20210723,13,pyrologix,4,17-34,2021,0.0,0.013101529912091792,1,drone,1,9.489961992702219e-05,2075,0.003985784036934932,True
GaussianBudget75M_MaxCov,WALLOW_2021-CAKNF-005034,20210625,13,pyrologix,4,none,2021,0.0,0.023671799921430647,-1,undetected,1,9.489961992702219e-05,0,0.0,False
GaussianBudget75M_MaxCov,WARMING__2021-CAANF-001210,20210419,21,pyrologix,10,201-76,2021,0.0,0.006360325030982494,1,drone,1,9.489961992702219e-05,4015,0.004555181756497065,True
GaussianBudget75M_MaxCov,WASHES_2021-CABDF-011985,20210807,21,pyrologix,9,206-88,2021,0.0,0.008945239009335637,2,drone,1,9.489961992702219e-05,4175,0.004460282136570043,True
GaussianBudget75M_MaxCov,WASHINGTON_2021-CATNF-000515,20210406,19,pyrologix,5,86-53,2021,0.0,0.002540371031500399,0,drone,1,9.489961992702219e-05,1925,0.0046500813764240876,True
GaussianBudget75M_MaxCov,WATSON_2021-CATMU-023866,20210813,18,pyrologix,6,86-67,2021,0.0,0.0033775069750845432,0,drone,1,9.489961992702219e-05,2365,0.004460282136570043,True
GaussianBudget75M_MaxCov,WATSON_2021-CATNF-002108,20211017,20,pyrologix,1,86-67,2021,0.0,0.005082393065094948,1,drone,1,9.489961992702219e-05,870,0.004365382516643021,True
GaussianBudget75M_MaxCov,WAY_2021-CABDF-011645,20210730,17,pyrologix,4,206-88,2021,0.0,0.003873071982525289,0,drone,1,9.489961992702219e-05,1905,0.004460282136570043,True
GaussianBudget75M_MaxCov,WEBBER_2021-CATNF-001089,20210625,21,pyrologix,6,79-61,2021,0.0,0.005675396998412907,1,drone,1,9.489961992702219e-05,2575,0.0046500813764240876,True
GaussianBudget75M_MaxCov,WEED_3-4_2021-CASKU-005050,20210625,16,pyrologix,10,30-45,2021,0.0,0.0027305249823257327,0,drone,1,9.489961992702219e-05,3415,0.0046500813764240876,True
GaussianBudget75M_MaxCov,WEST_2021-CASNF-000781,20210703,22,pyrologix,2,128-62,2021,2535.4012012950843,0.00320146803278476,0,drone,1,9.489961992702219e-05,1015,0.004460282136570043,True
GaussianBudget75M_MaxCov,WHALE_2021-CAKNF-002260,20210328,2,pyrologix,7,30-45,2021,0.0,0.005910221952944994,1,drone,1,9.489961992702219e-05,2775,0.0046500813764240876,True
GaussianBudget75M_MaxCov,WHEATS_2021-CASTF-001867,20210729,23,pyrologix,1,107-68,2021,0.0,0.002490227925591171,0,drone,1,9.489961992702219e-05,585,0.003985784036934932,True
GaussianBudget75M_MaxCov,WHISKEY_2021-CAKNF-006344,20210730,18,pyrologix,2,31-31,2021,0.0,0.00884614500682801,2,drone,1,9.489961992702219e-05,1705,0.0046500813764240876,True
GaussianBudget75M_MaxCov,WHITE_2021-CAENF-021726,20210726,18,pyrologix,10,100-61,2021,0.0,0.007829106063582003,1,drone,1,9.489961992702219e-05,4450,0.0046500813764240876,True
GaussianBudget75M_MaxCov,WHITE_2021-CASHF-001242,20210808,19,pyrologix,1,31-24,2021,0.0,0.002667830907739699,0,drone,1,9.489961992702219e-05,640,0.004175583276788976,True
GaussianBudget75M_MaxCov,WHITE_POST_2021-CABDF-011135,20210718,13,pyrologix,11,223-101,2021,0.0,0.0032495249761268497,0,drone,1,9.489961992702219e-05,3910,0.0046500813764240876,True
GaussianBudget75M_MaxCov,WHITTEMORE_2021-CAMDF-001449,20210813,14,pyrologix,10,36-70,2021,0.0,0.009255808079615235,2,drone,1,9.489961992702219e-05,4285,0.0046500813764240876,True
GaussianBudget75M_MaxCov,WILCOX_2021-CALNF-001660,20210404,2,pyrologix,4,51-54,2021,0.0,0.002683953964151442,0,drone,1,9.489961992702219e-05,1545,0.004555181756497065,True
GaussianBudget75M_MaxCov,WILDHORSE_2021-CABDF-012130,20210810,17,pyrologix,12,214-103,2021,0.0,0.0039406249998137355,0,drone,1,9.489961992702219e-05,4470,0.004365382516643021,True
GaussianBudget75M_MaxCov,WILDWOOD_2021-CABDF-011813,20210802,8,pyrologix,8,209-96,2021,0.0,0.003132574027404189,0,drone,1,9.489961992702219e-05,3035,0.004460282136570043,True
GaussianBudget75M_MaxCov,WILD_2021-CABDF-012202,20210812,16,pyrologix,5,214-103,2021,0.0,0.002213669940829277,0,drone,1,9.489961992702219e-05,1945,0.004365382516643021,True
GaussianBudget75M_MaxCov,WILD_2021-CAKNF-006466,20210801,18,pyrologix,8,30-52,2021,0.0,0.007407763972878456,1,drone,1,9.489961992702219e-05,3915,0.0046500813764240876,True
GaussianBudget75M_MaxCov,WILLIAMS_2021-CAMDF-001448,20210813,14,pyrologix,11,36-70,2021,0.0,0.006253855070099235,1,drone,1,9.489961992702219e-05,4220,0.0046500813764240876,True
GaussianBudget75M_MaxCov,WILLOW_2021-CAMDF-000577,20210622,13,pyrologix,8,none,2021,0.0,0.008233634056523442,-1,undetected,1,9.489961992702219e-05,0,0.0,False
GaussianBudget75M_MaxCov,WILLOW_2021-CATMU-029520,20211003,20,pyrologix,5,100-68,2021,0.0,0.003128701006062329,0,drone,1,9.489961992702219e-05,1960,0.004555181756497065,True
GaussianBudget75M_MaxCov,WILLOW_2021-CATNF-001769,20210910,15,pyrologix,9,79-61,2021,0.0,0.004187679034657776,0,drone,1,9.489961992702219e-05,3365,0.0046500813764240876,True
GaussianBudget75M_MaxCov,WILSON_2021-CAINF-001454,20210629,23,pyrologix,12,115-77,2021,0.0,0.003307837061583996,0,drone,1,9.489961992702219e-05,4115,0.004555181756497065,True
GaussianBudget75M_MaxCov,WILSON__2021-CAANF-001478,20210514,4,pyrologix,3,206-81,2021,0.0,0.0027322008972987533,0,drone,1,9.489961992702219e-05,1455,0.0040806836568619545,True
GaussianBudget75M_MaxCov,WISHON_2021-CASNF-000458,20210531,9,pyrologix,11,141-74,2021,0.0,0.0056346720084548,0,drone,1,9.489961992702219e-05,4065,0.0046500813764240876,True
GaussianBudget75M_MaxCov,WOODS__2021-CASTF-001757,20210720,19,pyrologix,4,107-68,2021,0.0,0.0046574120642617345,0,drone,1,9.489961992702219e-05,1860,0.0046500813764240876,True
GaussianBudget75M_MaxCov,WOODWARD_2021-CASQF-000684,20210407,20,pyrologix,4,147-79,2021,0.0,0.004040907952003181,0,drone,1,9.489961992702219e-05,1675,0.0046500813764240876,True
GaussianBudget75M_MaxCov,WORLD_2021-CABDF-015371,20211024,0,pyrologix,4,209-96,2021,0.0,0.0020546249579638243,0,drone,1,9.489961992702219e-05,1545,0.004460282136570043,True
GaussianBudget75M_MaxCov,WRIGHTS_2021-CAENF-009608,20210410,0,pyrologix,1,100-61,2021,0.0,0.006650051102042198,1,drone,1,9.489961992702219e-05,1250,0.004555181756497065,True
GaussianBudget75M_MaxCov,Waldorf_2021-CASHF-000602,20210515,11,pyrologix,7,38-28,2021,0.0,0.0059326241025701165,1,drone,1,9.489961992702219e-05,2855,0.0046500813764240876,True
GaussianBudget75M_MaxCov,Warming_2021-CACNF-001108,20210417,9,pyrologix,9,230-100,2021,0.0,0.004092437913641334,0,drone,1,9.489961992702219e-05,3115,0.004555181756497065,True
GaussianBudget75M_MaxCov,Wildcat_2021-CAPNF-001050,20210703,19,pyrologix,10,65-64,2021,0.0,0.008931305026635528,0,drone,1,9.489961992702219e-05,3470,0.0046500813764240876,True
GaussianBudget75M_MaxCov,Willow_2021-CALPF-001493,20210618,0,pyrologix,7,none,2021,0.0,0.012102670036256313,-1,undetected,1,9.489961992702219e-05,0,0.0,False
GaussianBudget75M_MaxCov,Willow_2021-CASRF-000604,20210723,16,pyrologix,1,38-21,2021,0.0,0.0068139509530738,1,drone,1,9.489961992702219e-05,1065,0.004460282136570043,True
GaussianBudget75M_MaxCov,Willows_2021-CACNF-002745,20210823,19,pyrologix,2,244-98,2021,0.0,0.0022758051054552197,0,drone,1,9.489961992702219e-05,815,0.004365382516643021,True
GaussianBudget75M_MaxCov,Windy_2021-CASRF-000434,20210622,12,pyrologix,8,45-20,2021,0.0,0.0034282730193808675,0,drone,1,9.489961992702219e-05,2980,0.0046500813764240876,True
GaussianBudget75M_MaxCov,Wolf_2021-CAPNF-000598,20210513,22,pyrologix,2,65-57,2021,0.0,0.002920732949860394,0,drone,1,9.489961992702219e-05,890,0.004460282136570043,True
GaussianBudget75M_MaxCov,Wolf_2021-CAPNF-000795,20210613,18,pyrologix,5,65-57,2021,0.0,0.0031549499835819006,0,drone,1,9.489961992702219e-05,1910,0.0046500813764240876,True
GaussianBudget75M_MaxCov,YELLOWJACKET_2021-CAINF-001481,20210630,18,pyrologix,10,none,2021,0.0,0.002623722073622048,-1,undetected,1,9.489961992702219e-05,0,0.0,False
GaussianBudget75M_MaxCov,YELLOWJACKET_2021-CAKNF-007031,20210816,21,pyrologix,5,24-32,2021,0.0,0.0041244280291721225,0,drone,1,9.489961992702219e-05,2280,0.0046500813764240876,True
GaussianBudget75M_MaxCov,YELLOW_2021-CABDF-018163,20211127,20,pyrologix,6,223-101,2021,0.0,0.006843426031991839,1,drone,1,9.489961992702219e-05,2795,0.0046500813764240876,True
GaussianBudget75M_MaxCov,YELLOW_2021-CAKNF-003633,20210515,14,pyrologix,11,31-31,2021,0.0,0.005623540957458317,1,drone,1,9.489961992702219e-05,4275,0.0046500813764240876,True
GaussianBudget75M_MaxCov,Yellow_2021-CASHF-000950,20210625,2,pyrologix,6,30-45,2021,0.0,0.004801847040653229,1,drone,1,9.489961992702219e-05,2385,0.0046500813764240876,True
GaussianBudget75M_MaxCov,Zeigler_2021-CASRF-000202,20210413,11,pyrologix,9,38-21,2021,0.0,0.00464309798553586,0,drone,1,9.489961992702219e-05,3455,0.0046500813764240876,True
GaussianBudget75M_MaxCov,Zot_2021-CASHF-000948,20210625,23,pyrologix,9,30-38,2021,0.0,0.0029086930444464087,0,drone,1,9.489961992702219e-05,3310,0.0046500813764240876,True
GaussianBudget75M_MaxCov,Zumbrota_2021-CACNF-002802,20210829,17,pyrologix,6,244-98,2021,0.0,0.006153911002911627,1,drone,1,9.489961992702219e-05,2750,0.0046500813764240876,True
