strategy_combo,scenario_name,date,sim_start_hour,log_key,offset,cluster,year,routing_compute_seconds,sim_replay_seconds,delta_t,device,fire_size_cells,fire_size_percentage,total_distance_traveled,percentage_map_explored,routed
GaussianBudget75M_LinearMinTime,1-1_MAPES_2022-CALMU-004450,20220818,12,pyrologix,6,48-67,2022,5062.774649856961,0.005733552039600909,1,drone,1,9.489961992702219e-05,2615,0.004460282136570043,True
GaussianBudget75M_LinearMinTime,1-5_WILDCAT_2022-CALMU-004170,20220805,20,pyrologix,4,48-67,2022,0.0,0.0031540710479021072,0,drone,1,9.489961992702219e-05,1600,0.004175583276788976,True
GaussianBudget75M_LinearMinTime,2022_SQF_ABCD_MISC__2022-CASQF-001231,20220622,13,pyrologix,6,165-77,2022,0.0,0.009295749012380838,2,drone,1,9.489961992702219e-05,2935,0.0046500813764240876,True
GaussianBudget75M_LinearMinTime,3-1_CORDER_2022-CALMU-004055,20220801,17,pyrologix,2,50-60,2022,0.0,0.0025897249579429626,0,drone,1,9.489961992702219e-05,795,0.0040806836568619545,True
GaussianBudget75M_LinearMinTime,3-1_LOST_2022-CALMU-004455,20220818,14,pyrologix,8,50-60,2022,0.0,0.003060903982259333,0,drone,1,9.489961992702219e-05,3005,0.004555181756497065,True
GaussianBudget75M_LinearMinTime,3-3_JUNIPER_2022-CALMU-004137,20220804,21,pyrologix,4,45-59,2022,0.0,0.0050417890306562185,0,drone,1,9.489961992702219e-05,1770,0.004460282136570043,True
GaussianBudget75M_LinearMinTime,3-4_MCCLURE_2022-CALMU-004136,20220804,20,pyrologix,6,50-60,2022,0.0,0.003638010937720537,0,drone,1,9.489961992702219e-05,2420,0.004555181756497065,True
GaussianBudget75M_LinearMinTime,3-9_EAST_2022-CALMU-004244,20220809,10,pyrologix,5,45-59,2022,0.0,0.004962941049598157,0,drone,1,9.489961992702219e-05,2115,0.004555181756497065,True
GaussianBudget75M_LinearMinTime,79_2022-CACNF-002116,20220903,6,pyrologix,8,230-98,2022,0.0,0.002718726987950504,0,drone,1,9.489961992702219e-05,2880,0.004555181756497065,True
GaussianBudget75M_LinearMinTime,ACORN_2022-CASHF-000422,20220521,13,pyrologix,11,40-29,2022,0.0,0.010902986978180707,2,drone,1,9.489961992702219e-05,4985,0.0046500813764240876,True
GaussianBudget75M_LinearMinTime,AIRPORT_2022-CAENF-016495,20220623,21,pyrologix,5,90-60,2022,0.0,0.018592717009596527,-1,undetected,1,9.489961992702219e-05,4585,0.004460282136570043,True
GaussianBudget75M_LinearMinTime,ALEX_2022-CAKNF-006290,20220731,11,pyrologix,8,18-37,2022,0.0,0.0027218539034947753,0,drone,1,9.489961992702219e-05,2905,0.0037010851771538656,True
GaussianBudget75M_LinearMinTime,ALISO_2022-CAANF-003283,20221007,0,pyrologix,4,none,2022,0.0,0.001990018063224852,-1,undetected,1,9.489961992702219e-05,0,0.0,False
GaussianBudget75M_LinearMinTime,ALTO_2022-CABDF-012077,20220814,20,pyrologix,7,none,2022,0.0,0.001961278961971402,-1,undetected,1,9.489961992702219e-05,0,0.0,False
GaussianBudget75M_LinearMinTime,ANDERSON__2022-CACNF-001371,20220620,18,pyrologix,11,none,2022,0.0,0.0025980060454458,-1,undetected,1,9.489961992702219e-05,0,0.0,False
GaussianBudget75M_LinearMinTime,ANNIE_2022-CALPF-001810,20220804,17,pyrologix,8,none,2022,0.0,0.0020127969328314066,-1,undetected,1,9.489961992702219e-05,0,0.0,False
GaussianBudget75M_LinearMinTime,ANTELOPE_2022-CAMDF-000323,20220628,17,pyrologix,2,none,2022,0.0,0.002151418011635542,-1,undetected,1,9.489961992702219e-05,0,0.0,False
GaussianBudget75M_LinearMinTime,APPLEGATE_2022-CAKNF-002489,20220402,18,pyrologix,4,17-30,2022,0.0,0.0025615269551053643,0,drone,1,9.489961992702219e-05,1690,0.004365382516643021,True
GaussianBudget75M_LinearMinTime,ASH_2022-CALPF-001994,20220820,18,pyrologix,7,none,2022,0.0,0.002947618020698428,-1,undetected,1,9.489961992702219e-05,0,0.0,False
GaussianBudget75M_LinearMinTime,ASH_2022-CASTF-001481,20220813,15,pyrologix,12,115-63,2022,0.0,0.004689780995249748,0,drone,1,9.489961992702219e-05,4535,0.004460282136570043,True
GaussianBudget75M_LinearMinTime,ASH_2022-CATNF-001338,20220905,22,pyrologix,7,84-67,2022,0.0,0.006098908954299986,0,drone,1,9.489961992702219e-05,2920,0.004270482896715999,True
GaussianBudget75M_LinearMinTime,ASPENDELL_2022-CAINF-001173,20220621,21,pyrologix,6,none,2022,0.0,0.002239868976175785,-1,undetected,1,9.489961992702219e-05,0,0.0,False
GaussianBudget75M_LinearMinTime,ASPEN_2022-CAENF-017949,20220706,16,pyrologix,3,98-62,2022,0.0,0.004654246033169329,0,drone,1,9.489961992702219e-05,1450,0.004365382516643021,True
GaussianBudget75M_LinearMinTime,ASPEN_2022-CAMDF-000643,20220808,18,pyrologix,5,none,2022,0.0,0.0020385149400681257,-1,undetected,1,9.489961992702219e-05,0,0.0,False
GaussianBudget75M_LinearMinTime,AUSTIN_2022-CATNF-001000,20220730,10,pyrologix,9,80-58,2022,0.0,0.018684154958464205,-1,undetected,1,9.489961992702219e-05,2225,0.004270482896715999,True
GaussianBudget75M_LinearMinTime,AZALEA_2022-CABDF-012393,20220823,23,pyrologix,1,218-98,2022,0.0,0.0028427690267562866,0,drone,1,9.489961992702219e-05,610,0.0031316874575917325,True
GaussianBudget75M_LinearMinTime,Ackerson_2022-CASTF-STF-1842,20220920,11,pyrologix,12,118-64,2022,0.0,0.009293798939324915,0,drone,1,9.489961992702219e-05,4645,0.004555181756497065,True
GaussianBudget75M_LinearMinTime,Alamo_2022-CALPF-001331,20220622,17,pyrologix,8,none,2022,0.0,0.0019803059985861182,-1,undetected,1,9.489961992702219e-05,0,0.0,False
GaussianBudget75M_LinearMinTime,Ammon_2022-CASRF-000635,20220805,6,pyrologix,8,35-16,2022,0.0,0.004212908912450075,0,drone,1,9.489961992702219e-05,3225,0.0046500813764240876,True
GaussianBudget75M_LinearMinTime,Arroyo_2022-CALPF-000376,20220303,21,pyrologix,5,none,2022,0.0,0.0020030110608786345,-1,undetected,1,9.489961992702219e-05,0,0.0,False
GaussianBudget75M_LinearMinTime,BABBIT_2022-CATNF-000696,20220626,22,pyrologix,5,84-67,2022,0.0,0.0043655059998854995,0,drone,1,9.489961992702219e-05,2275,0.004270482896715999,True
GaussianBudget75M_LinearMinTime,BAILEY_2022-CAANF-002320,20220721,13,pyrologix,12,none,2022,0.0,0.0020206760382279754,-1,undetected,1,9.489961992702219e-05,0,0.0,False
GaussianBudget75M_LinearMinTime,BAKER_2022-CASQF-001270,20220624,14,pyrologix,5,171-80,2022,0.0,0.004391710041090846,0,drone,1,9.489961992702219e-05,2275,0.004555181756497065,True
GaussianBudget75M_LinearMinTime,BALDY_2022-CAANF-001852,20220623,23,pyrologix,9,206-87,2022,0.0,0.0028894260758534074,0,drone,1,9.489961992702219e-05,1525,0.004270482896715999,True
GaussianBudget75M_LinearMinTime,BALDY_2022-CABDF-002467,20220209,20,pyrologix,11,206-88,2022,0.0,0.009343659970909357,0,drone,1,9.489961992702219e-05,4475,0.004175583276788976,True
GaussianBudget75M_LinearMinTime,BALD_2022-CAPNF-001357,20220730,14,pyrologix,2,76-51,2022,0.0,0.014797638054005802,4,drone,1,9.489961992702219e-05,2675,0.003795984797080888,True
GaussianBudget75M_LinearMinTime,BANNER_2022-CAINF-001469,20220716,19,pyrologix,11,none,2022,0.0,0.002944369916804135,-1,undetected,1,9.489961992702219e-05,0,0.0,False
GaussianBudget75M_LinearMinTime,BARNES_2022-CAMDF-000896,20220907,21,pyrologix,4,none,2022,0.0,0.002012380980886519,-1,undetected,1,9.489961992702219e-05,0,0.0,False
GaussianBudget75M_LinearMinTime,BARNEY_2022-CASHF-000173,20220311,16,pyrologix,12,40-29,2022,0.0,0.003906170022673905,0,drone,1,9.489961992702219e-05,4375,0.0046500813764240876,True
GaussianBudget75M_LinearMinTime,BARN_2022-CACNF-001051,20220526,18,pyrologix,8,none,2022,0.0,0.0020488309673964977,-1,undetected,1,9.489961992702219e-05,0,0.0,False
GaussianBudget75M_LinearMinTime,BAR_2022-CAKNF-003718,20220519,20,pyrologix,1,24-35,2022,0.0,0.003107036929577589,0,drone,1,9.489961992702219e-05,665,0.003226587077518755,True
GaussianBudget75M_LinearMinTime,BAR_2022-CASNF-000339,20220506,19,pyrologix,4,135-68,2022,0.0,0.003996537998318672,0,drone,1,9.489961992702219e-05,1765,0.0046500813764240876,True
GaussianBudget75M_LinearMinTime,BASIN_2022-CABDF-014112,20221010,16,pyrologix,10,206-87,2022,0.0,0.002918628975749016,0,drone,1,9.489961992702219e-05,1525,0.004270482896715999,True
GaussianBudget75M_LinearMinTime,BASIN_2022-CASNF-001644,20221126,15,pyrologix,11,140-71,2022,0.0,0.004077204968780279,0,drone,1,9.489961992702219e-05,4485,0.004555181756497065,True
GaussianBudget75M_LinearMinTime,BEACROFT_2022-CATNF-001275,20220902,14,pyrologix,2,87-59,2022,0.0,0.002059320919215679,0,drone,1,9.489961992702219e-05,825,0.002941888217737688,True
GaussianBudget75M_LinearMinTime,BEAN_2022-CALPF-002662,20221030,15,pyrologix,2,none,2022,0.0,0.0020811610156670213,-1,undetected,1,9.489961992702219e-05,0,0.0,False
GaussianBudget75M_LinearMinTime,BEAR_2022-CAANF-001197,20220501,9,pyrologix,1,none,2022,0.0,0.002089611953124404,-1,undetected,1,9.489961992702219e-05,0,0.0,False
GaussianBudget75M_LinearMinTime,BEAR_2022-CABDF-013137,20220912,20,pyrologix,10,none,2022,0.0,0.0020057809306308627,-1,undetected,1,9.489961992702219e-05,0,0.0,False
GaussianBudget75M_LinearMinTime,BEAR_2022-CAMDF-000592,20220805,19,pyrologix,3,40-70,2022,0.0,0.019254638929851353,-1,undetected,1,9.489961992702219e-05,1640,0.004175583276788976,True
GaussianBudget75M_LinearMinTime,BEAR_2022-CASKU-006701,20220809,13,pyrologix,7,37-52,2022,0.0,0.002624660963192582,0,drone,1,9.489961992702219e-05,2615,0.0046500813764240876,True
GaussianBudget75M_LinearMinTime,BEAR_2022-CASQF-002485,20220924,0,pyrologix,4,148-73,2022,0.0,0.018220964004285634,-1,undetected,1,9.489961992702219e-05,1220,0.003511285937299821,True
GaussianBudget75M_LinearMinTime,BEAR_2022-CASTF-000836,20220616,20,pyrologix,1,105-63,2022,0.0,0.011094933026470244,3,drone,1,9.489961992702219e-05,1800,0.003985784036934932,True
GaussianBudget75M_LinearMinTime,BEER_2022-CAINF-001769,20220813,20,pyrologix,6,164-82,2022,0.0,0.004852293990552425,0,drone,1,9.489961992702219e-05,2745,0.004365382516643021,True
GaussianBudget75M_LinearMinTime,BEE_2022-CABDF-002238,20220205,16,pyrologix,7,218-98,2022,0.0,0.0033871979685500264,0,drone,1,9.489961992702219e-05,2895,0.0034163863173727986,True
GaussianBudget75M_LinearMinTime,BELKNAP_2022-CASQF-001805,20220724,13,pyrologix,11,161-79,2022,0.0,0.0037256359355524182,0,drone,1,9.489961992702219e-05,4370,0.00389088441700791,True
GaussianBudget75M_LinearMinTime,BELL_2022-CAMDF-000549,20220802,19,pyrologix,9,none,2022,0.0,0.0020385950338095427,-1,undetected,1,9.489961992702219e-05,0,0.0,False
GaussianBudget75M_LinearMinTime,BENJAMIN_2022-CAKNF-001866,20220310,17,pyrologix,4,16-26,2022,0.0,0.007287124986760318,0,drone,1,9.489961992702219e-05,1975,0.004270482896715999,True
GaussianBudget75M_LinearMinTime,BEN_2022-CAANF-003339,20221013,16,pyrologix,3,none,2022,0.0,0.0020154049852862954,-1,undetected,1,9.489961992702219e-05,0,0.0,False
GaussianBudget75M_LinearMinTime,BERRY_2022-CATNF-001201,20220822,22,pyrologix,4,80-65,2022,0.0,0.0026544530410319567,0,drone,1,9.489961992702219e-05,1610,0.004460282136570043,True
GaussianBudget75M_LinearMinTime,BICHOTA_2022-CAANF-003475,20221030,13,pyrologix,9,none,2022,0.0,0.002881712978705764,-1,undetected,1,9.489961992702219e-05,0,0.0,False
GaussianBudget75M_LinearMinTime,BIG_2022-CAANF-000779,20220325,21,pyrologix,8,none,2022,0.0,0.001986420014873147,-1,undetected,1,9.489961992702219e-05,0,0.0,False
GaussianBudget75M_LinearMinTime,BIG_2022-CAINF-001643,20220801,21,pyrologix,9,none,2022,0.0,0.0019732220098376274,-1,undetected,1,9.489961992702219e-05,0,0.0,False
GaussianBudget75M_LinearMinTime,BLACKBERRY_2022-CAKNF-009020,20221011,12,pyrologix,9,16-26,2022,0.0,0.0036072839284315705,0,drone,1,9.489961992702219e-05,3740,0.004555181756497065,True
GaussianBudget75M_LinearMinTime,BLACK_2022-CABDF-010481,20220705,2,pyrologix,5,218-98,2022,0.0,0.0049901800230145454,1,drone,1,9.489961992702219e-05,2400,0.0034163863173727986,True
GaussianBudget75M_LinearMinTime,BLACK_2022-CASHF-001052,20220927,17,pyrologix,11,35-43,2022,0.0,0.005901755997911096,0,drone,1,9.489961992702219e-05,4200,0.003985784036934932,True
GaussianBudget75M_LinearMinTime,BLOSSOM_2022-CABDF-009708,20220621,16,pyrologix,6,206-87,2022,0.0,0.002477110014297068,0,drone,1,9.489961992702219e-05,1525,0.004270482896715999,True
GaussianBudget75M_LinearMinTime,BLUE_2022-CAKNF-006308,20220731,17,pyrologix,7,21-28,2022,0.0,0.0024439049884676933,0,drone,1,9.489961992702219e-05,2490,0.004555181756497065,True
GaussianBudget75M_LinearMinTime,BLUE_2022-CASHF-000765,20220804,23,pyrologix,3,35-36,2022,0.0,0.0030220660846680403,0,drone,1,9.489961992702219e-05,1420,0.0040806836568619545,True
GaussianBudget75M_LinearMinTime,BLUE_CANYON_2022-CAKNF-006483,20220804,22,pyrologix,6,28-45,2022,0.0,0.009027123916894197,2,drone,1,9.489961992702219e-05,3120,0.003985784036934932,True
GaussianBudget75M_LinearMinTime,BLUE__2022-CAANF-001567,20220531,0,pyrologix,3,206-88,2022,0.0,0.0031381990993395448,0,drone,1,9.489961992702219e-05,1315,0.0036061855572268433,True
GaussianBudget75M_LinearMinTime,BLUFF_2022-CAINF-001703,20220806,15,pyrologix,7,none,2022,0.0,0.0020182859152555466,-1,undetected,1,9.489961992702219e-05,0,0.0,False
GaussianBudget75M_LinearMinTime,BOBCAT_2022-CACNF-001542,20220703,17,pyrologix,4,none,2022,0.0,0.0020652259700000286,-1,undetected,1,9.489961992702219e-05,0,0.0,False
GaussianBudget75M_LinearMinTime,BOCA_2022-CATNF-000710,20220629,18,pyrologix,4,84-67,2022,0.0,0.0021274799946695566,0,drone,1,9.489961992702219e-05,1615,0.004270482896715999,True
GaussianBudget75M_LinearMinTime,BOCA_2_2022-CATNF-001022,20220801,8,pyrologix,9,84-67,2022,0.0,0.003117728978395462,0,drone,1,9.489961992702219e-05,3560,0.004270482896715999,True
GaussianBudget75M_LinearMinTime,BORDER_2022-CAMDF-000651,20220809,9,pyrologix,8,none,2022,0.0,0.0024430040502920747,-1,undetected,1,9.489961992702219e-05,0,0.0,False
GaussianBudget75M_LinearMinTime,BOTANICAL_2022-CALPF-002665,20221030,14,pyrologix,10,none,2022,0.0,0.0020694300765171647,-1,undetected,1,9.489961992702219e-05,0,0.0,False
GaussianBudget75M_LinearMinTime,BOULDER_2022-CAINF-001582,20220725,14,pyrologix,9,none,2022,0.0,0.002098312950693071,-1,undetected,1,9.489961992702219e-05,0,0.0,False
GaussianBudget75M_LinearMinTime,BOUQUET_2022-CAANF-001564,20220530,16,pyrologix,10,none,2022,0.0,0.0020174720557406545,-1,undetected,1,9.489961992702219e-05,0,0.0,False
GaussianBudget75M_LinearMinTime,BOX_2022-CAKNF-007027,20220818,21,pyrologix,9,21-28,2022,0.0,0.0039397639920935035,0,drone,1,9.489961992702219e-05,3335,0.0046500813764240876,True
GaussianBudget75M_LinearMinTime,BRADLY_2022-CABDF-009396,20220614,19,pyrologix,7,206-88,2022,0.0,0.0047785560600459576,0,drone,1,9.489961992702219e-05,2940,0.004175583276788976,True
GaussianBudget75M_LinearMinTime,BRAKE_2022-CAANF-001466,20220525,12,pyrologix,12,none,2022,0.0,0.0020039179362356663,-1,undetected,1,9.489961992702219e-05,0,0.0,False
GaussianBudget75M_LinearMinTime,BRONCO_2022-CABDF-012134,20220817,17,pyrologix,5,206-88,2022,0.0,0.0036150829400867224,0,drone,1,9.489961992702219e-05,2130,0.00389088441700791,True
GaussianBudget75M_LinearMinTime,BROWN_2022-CALMU-006355,20221125,3,pyrologix,4,44-54,2022,0.0,0.01939269306603819,-1,undetected,1,9.489961992702219e-05,3660,0.004555181756497065,True
GaussianBudget75M_LinearMinTime,BROWN_2022-CASQF-002517,20220927,20,pyrologix,2,174-77,2022,0.0,0.017288462026044726,5,drone,1,9.489961992702219e-05,2760,0.0046500813764240876,True
GaussianBudget75M_LinearMinTime,BRUSHY_2022-CASHF-000670,20220720,19,pyrologix,6,54-26,2022,0.0,0.008607389987446368,2,drone,1,9.489961992702219e-05,3375,0.004365382516643021,True
GaussianBudget75M_LinearMinTime,BRYANT_2022-CAANF-003714,20221130,1,pyrologix,1,none,2022,0.0,0.0019729259656742215,-1,undetected,1,9.489961992702219e-05,0,0.0,False
GaussianBudget75M_LinearMinTime,BULL_2022-CALPF-001028,20220524,20,pyrologix,4,none,2022,0.0,0.0019700349075719714,-1,undetected,1,9.489961992702219e-05,0,0.0,False
GaussianBudget75M_LinearMinTime,BURRO_2022-CAANF-003334,20221012,17,pyrologix,10,none,2022,0.0,0.002028991002589464,-1,undetected,1,9.489961992702219e-05,0,0.0,False
GaussianBudget75M_LinearMinTime,BUS_2022-CAANF-003703,20221127,21,pyrologix,4,none,2022,0.0,0.001986823044717312,-1,undetected,1,9.489961992702219e-05,0,0.0,False
GaussianBudget75M_LinearMinTime,BUTTE_2022-CAKNF-006557,20220805,12,pyrologix,8,21-49,2022,5062.158673638012,0.003904603887349367,0,drone,1,9.489961992702219e-05,2970,0.003511285937299821,True
GaussianBudget75M_LinearMinTime,BYPASS__2022-CABDF-002167,20220205,22,pyrologix,5,206-88,2022,0.0,0.008541485061869025,2,drone,1,9.489961992702219e-05,2725,0.0040806836568619545,True
GaussianBudget75M_LinearMinTime,Bark_Shanty_2022-CASRF-000110,20220308,18,pyrologix,8,25-20,2022,0.0,0.00254247197881341,0,drone,1,9.489961992702219e-05,3210,0.0046500813764240876,True
GaussianBudget75M_LinearMinTime,Beaver_2022-CAPNF-001186,20220717,16,pyrologix,11,72-57,2022,0.0,0.004670453956350684,0,drone,1,9.489961992702219e-05,4215,0.003985784036934932,True
GaussianBudget75M_LinearMinTime,Beebe_2022-CASRF-000349,20220527,15,pyrologix,3,35-16,2022,0.0,0.006210463936440647,1,drone,1,9.489961992702219e-05,1750,0.004460282136570043,True
GaussianBudget75M_LinearMinTime,Bell__2022-CAPNF-001745,20220903,16,pyrologix,11,72-57,2022,0.0,0.003147892071865499,0,drone,1,9.489961992702219e-05,3995,0.003985784036934932,True
GaussianBudget75M_LinearMinTime,Big_Bar_2022-CASRF-000883,20221012,0,pyrologix,10,27-19,2022,0.0,0.0185387940146029,-1,undetected,1,9.489961992702219e-05,3210,0.004460282136570043,True
GaussianBudget75M_LinearMinTime,Bison_2022-CALPF-000531,20220326,20,pyrologix,11,none,2022,0.0,0.002025061985477805,-1,undetected,1,9.489961992702219e-05,0,0.0,False
GaussianBudget75M_LinearMinTime,Blue_2022-CASRF-000186,20220331,16,pyrologix,4,26-25,2022,0.0,0.004044668981805444,0,drone,1,9.489961992702219e-05,1820,0.0040806836568619545,True
GaussianBudget75M_LinearMinTime,Blue_Jay_2022-CACNF-000342,20220220,22,pyrologix,2,none,2022,0.0,0.0020348880207166076,-1,undetected,1,9.489961992702219e-05,0,0.0,False
GaussianBudget75M_LinearMinTime,Boatman_2022-CASRF-000619,20220805,7,pyrologix,10,33-23,2022,0.0,0.011740054003894329,2,drone,1,9.489961992702219e-05,4600,0.0046500813764240876,True
GaussianBudget75M_LinearMinTime,Boise_2022-CASRF-000411,20220613,18,pyrologix,10,35-16,2022,0.0,0.0049664590042084455,0,drone,1,9.489961992702219e-05,3950,0.0046500813764240876,True
GaussianBudget75M_LinearMinTime,Bosley_2022-CACNF-000078,20220111,21,pyrologix,5,none,2022,0.0,0.0020079819951206446,-1,undetected,1,9.489961992702219e-05,0,0.0,False
GaussianBudget75M_LinearMinTime,Bravo_2022-CASRF-000622,20220805,10,pyrologix,9,33-23,2022,0.0,0.012704203021712601,3,drone,1,9.489961992702219e-05,4535,0.0046500813764240876,True
GaussianBudget75M_LinearMinTime,Bremer_2022-CASRF-000623,20220805,8,pyrologix,12,33-23,2022,0.0,0.0052728039445355535,0,drone,1,9.489961992702219e-05,4600,0.0046500813764240876,True
GaussianBudget75M_LinearMinTime,Bridge_2022-CALPF-001017,20220522,21,pyrologix,5,none,2022,0.0,0.0020081510301679373,-1,undetected,1,9.489961992702219e-05,0,0.0,False
GaussianBudget75M_LinearMinTime,Bucks__2022-CAPNF-000761,20220604,10,pyrologix,10,72-57,2022,0.0,0.005644205957651138,1,drone,1,9.489961992702219e-05,3995,0.003985784036934932,True
GaussianBudget75M_LinearMinTime,Butterfly_2022-CAPNF-001669,20220824,18,pyrologix,7,65-55,2022,0.0,0.002927414025180042,0,drone,1,9.489961992702219e-05,2550,0.004365382516643021,True
GaussianBudget75M_LinearMinTime,Butterfly_2022-CAPNF-002295,20221030,11,pyrologix,6,65-55,2022,0.0,0.0021857050014659762,0,drone,1,9.489961992702219e-05,2160,0.004365382516643021,True
GaussianBudget75M_LinearMinTime,Buzzard_2022-CATNF-001557,20221016,23,pyrologix,4,none,2022,0.0,0.001989574055187404,-1,undetected,1,9.489961992702219e-05,0,0.0,False
GaussianBudget75M_LinearMinTime,CABIN_2022-CAANF-003337,20221013,13,pyrologix,6,206-88,2022,0.0,0.006352315074764192,1,drone,1,9.489961992702219e-05,2780,0.0040806836568619545,True
GaussianBudget75M_LinearMinTime,CABLE_2022-CAAEU-020435,20220726,20,pyrologix,7,99-53,2022,0.0,0.006483805016614497,1,drone,1,9.489961992702219e-05,3105,0.004365382516643021,True
GaussianBudget75M_LinearMinTime,CACTUS__2022-CABDF-007448,20220430,15,pyrologix,10,none,2022,0.0,0.002178494934923947,-1,undetected,1,9.489961992702219e-05,0,0.0,False
GaussianBudget75M_LinearMinTime,CAJON_2022-CABDF-009305,20220613,8,pyrologix,6,206-88,2022,0.0,0.003826413070783019,0,drone,1,9.489961992702219e-05,2490,0.003985784036934932,True
GaussianBudget75M_LinearMinTime,CALLAHAN_2022-CAKNF-007153,20220821,18,pyrologix,12,35-36,2022,0.0,0.019312144024297595,-1,undetected,1,9.489961992702219e-05,6925,0.004175583276788976,True
GaussianBudget75M_LinearMinTime,CAMPGROUND_2022-CASQF-001266,20220624,22,pyrologix,4,none,2022,0.0,0.002031066920608282,-1,undetected,1,9.489961992702219e-05,0,0.0,False
GaussianBudget75M_LinearMinTime,CAMP_2022-CAANF-001705,20220612,23,pyrologix,6,206-87,2022,0.0,0.01919215905945748,-1,undetected,1,9.489961992702219e-05,1525,0.004270482896715999,True
GaussianBudget75M_LinearMinTime,CAMP_2022-CABDF-006949,20220417,18,pyrologix,6,225-101,2022,0.0,0.004124226979911327,0,drone,1,9.489961992702219e-05,2425,0.004555181756497065,True
GaussianBudget75M_LinearMinTime,CANDY_2022-CACNF-000413,20220303,14,pyrologix,12,none,2022,0.0,0.0020393930608406663,-1,undetected,1,9.489961992702219e-05,0,0.0,False
GaussianBudget75M_LinearMinTime,CANNELL_2022-CASQF-001251,20220623,14,pyrologix,5,171-80,2022,0.0,0.003854817943647504,0,drone,1,9.489961992702219e-05,2160,0.004555181756497065,True
GaussianBudget75M_LinearMinTime,CANYON_2022-CABDF-014978,20221028,21,pyrologix,3,206-88,2022,0.0,0.002267819014377892,0,drone,1,9.489961992702219e-05,1215,0.0036061855572268433,True
GaussianBudget75M_LinearMinTime,CANYON_2022-CACNF-001665,20220714,18,pyrologix,6,none,2022,0.0,0.002017737948335707,-1,undetected,1,9.489961992702219e-05,0,0.0,False
GaussianBudget75M_LinearMinTime,CANYON_2022-CALPF-002421,20221001,17,pyrologix,7,none,2022,0.0,0.00209238997194916,-1,undetected,1,9.489961992702219e-05,0,0.0,False
GaussianBudget75M_LinearMinTime,CAPRA_2022-CAANF-003323,20221011,13,pyrologix,12,none,2022,0.0,0.002722406992688775,-1,undetected,1,9.489961992702219e-05,0,0.0,False
GaussianBudget75M_LinearMinTime,CARGO_2022-CAANF-001001,20220415,21,pyrologix,12,none,2022,0.0,0.0020837780321016908,-1,undetected,1,9.489961992702219e-05,0,0.0,False
GaussianBudget75M_LinearMinTime,CARISO_2022-CACNF-000934,20220515,3,pyrologix,1,none,2022,0.0,0.0020938109373673797,-1,undetected,1,9.489961992702219e-05,0,0.0,False
GaussianBudget75M_LinearMinTime,CARISO_2022-CARRU-069541,20220515,0,pyrologix,6,none,2022,0.0,0.0026947760488837957,-1,undetected,1,9.489961992702219e-05,0,0.0,False
GaussianBudget75M_LinearMinTime,CARMEL_2022-CALPF-001234,20220613,19,pyrologix,5,none,2022,0.0,0.002017966005951166,-1,undetected,1,9.489961992702219e-05,0,0.0,False
GaussianBudget75M_LinearMinTime,CARMEN_2022-CAKNF-006432,20220803,23,pyrologix,5,35-36,2022,0.0,0.019232569029554725,-1,undetected,1,9.489961992702219e-05,4280,0.004175583276788976,True
GaussianBudget75M_LinearMinTime,CARSON_2022-CAAEU-016273,20220621,17,pyrologix,8,99-53,2022,0.0,0.0033122289460152388,0,drone,1,9.489961992702219e-05,3055,0.004270482896715999,True
GaussianBudget75M_LinearMinTime,CASTILE_2022-CABDF-007822,20220510,19,pyrologix,9,218-96,2022,0.0,0.004727415973320603,0,drone,1,9.489961992702219e-05,3740,0.004175583276788976,True
GaussianBudget75M_LinearMinTime,CASUSE__2022-CAMDF-000350,20220703,19,pyrologix,11,none,2022,0.0,0.0020187540212646127,-1,undetected,1,9.489961992702219e-05,0,0.0,False
GaussianBudget75M_LinearMinTime,CAT_2022-CAANF-003131,20220918,20,pyrologix,8,206-88,2022,0.0,0.004340963088907301,0,drone,1,9.489961992702219e-05,3210,0.004175583276788976,True
GaussianBudget75M_LinearMinTime,CAT_2022-CAENF-027328,20220924,15,pyrologix,7,104-57,2022,0.0,0.0031449859961867332,0,drone,1,9.489961992702219e-05,2615,0.004175583276788976,True
GaussianBudget75M_LinearMinTime,CEDAR_2022-CAAEU-029099,20221011,23,pyrologix,9,99-53,2022,0.0,0.00355279294308275,0,drone,1,9.489961992702219e-05,3455,0.004365382516643021,True
GaussianBudget75M_LinearMinTime,CEDAR_2022-CALNF-005894,20221030,17,pyrologix,1,53-62,2022,0.0,0.018037792993709445,-1,undetected,1,9.489961992702219e-05,2465,0.0040806836568619545,True
GaussianBudget75M_LinearMinTime,CEDAR_2022-CAMDF-000650,20220809,2,pyrologix,6,none,2022,0.0,0.002048382069915533,-1,undetected,1,9.489961992702219e-05,0,0.0,False
GaussianBudget75M_LinearMinTime,CEDAR_2022-CASHF-001071,20221001,11,pyrologix,12,40-22,2022,0.0,0.004660989041440189,0,drone,1,9.489961992702219e-05,4395,0.0046500813764240876,True
GaussianBudget75M_LinearMinTime,CEDAR_2022-CASKU-007792,20220907,16,pyrologix,6,27-52,2022,0.0,0.002825747011229396,0,drone,1,9.489961992702219e-05,2470,0.004270482896715999,True
GaussianBudget75M_LinearMinTime,CHASE_2022-CACNF-001567,20220705,13,pyrologix,12,none,2022,0.0,0.002003342960961163,-1,undetected,1,9.489961992702219e-05,0,0.0,False
GaussianBudget75M_LinearMinTime,CHERRY_2022-CAANF-001728,20220613,20,pyrologix,5,none,2022,0.0,0.002144334022887051,-1,undetected,1,9.489961992702219e-05,0,0.0,False
GaussianBudget75M_LinearMinTime,CHERRY_2022-CAKNF-007311,20220826,21,pyrologix,8,18-37,2022,0.0,0.0027467829640954733,0,drone,1,9.489961992702219e-05,2905,0.0037010851771538656,True
GaussianBudget75M_LinearMinTime,CHERRY_2022-CASKU-007616,20220903,13,pyrologix,7,24-35,2022,0.0,0.0030872459756210446,0,drone,1,9.489961992702219e-05,3100,0.004555181756497065,True
GaussianBudget75M_LinearMinTime,CHERRY_2022-CASTF-000707,20220529,21,pyrologix,4,118-64,2022,0.0,0.003774160984903574,0,drone,1,9.489961992702219e-05,1580,0.004365382516643021,True
GaussianBudget75M_LinearMinTime,CHERRY__2022-CASQF-001669,20220716,0,pyrologix,2,148-73,2022,0.0,0.0018943529576063156,0,drone,1,9.489961992702219e-05,800,0.003226587077518755,True
GaussianBudget75M_LinearMinTime,CHILAO_RX_2022-CAANF-000476,20220221,21,pyrologix,7,none,2022,0.0,0.001967584015801549,-1,undetected,1,9.489961992702219e-05,0,0.0,False
GaussianBudget75M_LinearMinTime,CHINA_2022-CASHF-000735,20220730,21,pyrologix,5,47-27,2022,0.0,0.003497799043543637,0,drone,1,9.489961992702219e-05,2055,0.004460282136570043,True
GaussianBudget75M_LinearMinTime,CHINA_2022-CATNF-000889,20220717,18,pyrologix,2,86-54,2022,0.0,0.003841491066850722,0,drone,1,9.489961992702219e-05,1090,0.0040806836568619545,True
GaussianBudget75M_LinearMinTime,CHIPMUNK_2022-CASTF-001374,20220801,22,pyrologix,6,none,2022,0.0,0.0019764500902965665,-1,undetected,1,9.489961992702219e-05,0,0.0,False
GaussianBudget75M_LinearMinTime,CHUTE_2022-CALNF-005052,20220916,21,pyrologix,6,55-47,2022,0.0,0.018364796065725386,-1,undetected,1,9.489961992702219e-05,1095,0.003985784036934932,True
GaussianBudget75M_LinearMinTime,CHUTE_2_2022-CALNF-005054,20220917,21,pyrologix,7,55-47,2022,0.0,0.019667422981001437,-1,undetected,1,9.489961992702219e-05,1095,0.003985784036934932,True
GaussianBudget75M_LinearMinTime,CIENAGA_2022-CABDF-013642,20220928,21,pyrologix,1,none,2022,0.0,0.0020371880382299423,-1,undetected,1,9.489961992702219e-05,0,0.0,False
GaussianBudget75M_LinearMinTime,CITY_2022-CAINF-001017,20220605,22,pyrologix,3,none,2022,0.0,0.0020260250894352794,-1,undetected,1,9.489961992702219e-05,0,0.0,False
GaussianBudget75M_LinearMinTime,CITY_CREEK_2022-CABDF-000823,20220111,8,pyrologix,4,none,2022,0.0,0.0020922720432281494,-1,undetected,1,9.489961992702219e-05,0,0.0,False
GaussianBudget75M_LinearMinTime,CLARA_2022-CALAC-003782,20220104,0,pyrologix,9,none,2022,0.0,0.0020582829602062702,-1,undetected,1,9.489961992702219e-05,0,0.0,False
GaussianBudget75M_LinearMinTime,CLEAR_2022-CASHF-000804,20220810,17,pyrologix,7,35-43,2022,0.0,0.003583089914172888,0,drone,1,9.489961992702219e-05,2665,0.003985784036934932,True
GaussianBudget75M_LinearMinTime,CLOUDLAND__2022-CABDF-011721,20220803,16,pyrologix,12,none,2022,0.0,0.002052387921139598,-1,undetected,1,9.489961992702219e-05,0,0.0,False
GaussianBudget75M_LinearMinTime,CLOUD_2022-CABDF-002605,20220212,2,pyrologix,6,none,2022,0.0,0.002069434034638107,-1,undetected,1,9.489961992702219e-05,0,0.0,False
GaussianBudget75M_LinearMinTime,COBBLESTONE_2022-CAENF-014019,20220531,11,pyrologix,12,90-60,2022,0.0,0.019170833053067327,-1,undetected,1,9.489961992702219e-05,7500,0.004460282136570043,True
GaussianBudget75M_LinearMinTime,COFFEE_2022-CASHF-000727,20220729,18,pyrologix,4,33-29,2022,0.0,0.020587153965607285,-1,undetected,1,9.489961992702219e-05,3935,0.0046500813764240876,True
GaussianBudget75M_LinearMinTime,COLDWATER_2022-CABDF-010684,20220710,16,pyrologix,3,none,2022,0.0,0.002009965945035219,-1,undetected,1,9.489961992702219e-05,0,0.0,False
GaussianBudget75M_LinearMinTime,COLD_2022-CABDF-010816,20220713,4,pyrologix,5,206-88,2022,0.0,0.002519928035326302,0,drone,1,9.489961992702219e-05,2000,0.00389088441700791,True
GaussianBudget75M_LinearMinTime,COLD_2022-CAKNF-007065,20220818,18,pyrologix,2,21-28,2022,0.0,0.003549627959728241,0,drone,1,9.489961992702219e-05,995,0.004175583276788976,True
GaussianBudget75M_LinearMinTime,COLD_2022-CASNF-001542,20221020,14,pyrologix,12,128-67,2022,0.0,0.004549424978904426,0,drone,1,9.489961992702219e-05,4665,0.004365382516643021,True
GaussianBudget75M_LinearMinTime,CONANT_2022-CASHF-000736,20220731,10,pyrologix,4,35-43,2022,0.0,0.00510820304043591,1,drone,1,9.489961992702219e-05,1820,0.003985784036934932,True
GaussianBudget75M_LinearMinTime,CONVICT_2022-CAINF-000856,20220515,19,pyrologix,2,none,2022,0.0,0.0021266089752316475,-1,undetected,1,9.489961992702219e-05,0,0.0,False
GaussianBudget75M_LinearMinTime,COOK_2022-CABDF-005145,20220318,14,pyrologix,6,none,2022,0.0,0.0020627279300242662,-1,undetected,1,9.489961992702219e-05,0,0.0,False
GaussianBudget75M_LinearMinTime,CORRAL_2022-CALNF-005348,20221001,9,pyrologix,10,51-53,2022,0.0,0.005339739960618317,0,drone,1,9.489961992702219e-05,4335,0.004460282136570043,True
GaussianBudget75M_LinearMinTime,CORRAL_2022-CASQF-002025,20220809,16,pyrologix,11,164-82,2022,0.0,0.010771448025479913,1,drone,1,9.489961992702219e-05,5035,0.004555181756497065,True
GaussianBudget75M_LinearMinTime,CORRINE_2022-CAMMU-019359,20220830,2,pyrologix,11,135-68,2022,0.0,0.0037613658932968974,0,drone,1,9.489961992702219e-05,3940,0.0046500813764240876,True
GaussianBudget75M_LinearMinTime,COTTONWOOD_2022-CALPF-001352,20220624,17,pyrologix,4,none,2022,0.0,0.0020848760614171624,-1,undetected,1,9.489961992702219e-05,0,0.0,False
GaussianBudget75M_LinearMinTime,COUGAR_2022-CASQF-001733,20220720,20,pyrologix,3,161-79,2022,0.0,0.0038344599306583405,0,drone,1,9.489961992702219e-05,1475,0.00389088441700791,True
GaussianBudget75M_LinearMinTime,COVE_2022-CALNF-005200,20220923,18,pyrologix,8,53-62,2022,0.0,0.009659126051701605,2,drone,1,9.489961992702219e-05,3740,0.004270482896715999,True
GaussianBudget75M_LinearMinTime,COW_2022-CAANF-003324,20221011,17,pyrologix,9,206-88,2022,0.0,0.007746623014099896,1,drone,1,9.489961992702219e-05,4095,0.004175583276788976,True
GaussianBudget75M_LinearMinTime,COYOTE_2022-CAANF-002380,20220724,9,pyrologix,1,none,2022,0.0,0.0020653560059145093,-1,undetected,1,9.489961992702219e-05,0,0.0,False
GaussianBudget75M_LinearMinTime,CRAWFORD__2022-CASQF-001737,20220721,1,pyrologix,2,165-77,2022,0.0,0.0016135890036821365,0,drone,1,9.489961992702219e-05,735,0.0034163863173727986,True
GaussianBudget75M_LinearMinTime,CREEK_2022-CABDF-002845,20220216,0,pyrologix,12,none,2022,0.0,0.002086470020003617,-1,undetected,1,9.489961992702219e-05,0,0.0,False
GaussianBudget75M_LinearMinTime,CREEK_2022-CAHUU-007532,20220806,20,pyrologix,11,35-16,2022,0.0,0.0044714780524373055,0,drone,1,9.489961992702219e-05,4285,0.0046500813764240876,True
GaussianBudget75M_LinearMinTime,CREEK_2022-CAMDF-000679,20220810,19,pyrologix,4,none,2022,0.0,0.0020469609880819917,-1,undetected,1,9.489961992702219e-05,0,0.0,False
GaussianBudget75M_LinearMinTime,CREEK_2022-CAORC-014704,20220130,19,pyrologix,5,none,2022,0.0,0.002003039000555873,-1,undetected,1,9.489961992702219e-05,0,0.0,False
GaussianBudget75M_LinearMinTime,CREST_2022-CABDF-013612,20220928,20,pyrologix,9,206-88,2022,0.0,0.0037138720508664846,0,drone,1,9.489961992702219e-05,3610,0.004175583276788976,True
GaussianBudget75M_LinearMinTime,CROSSING__2022-CAANF-003539,20221106,18,pyrologix,4,none,2022,0.0,0.0021208019461482763,-1,undetected,1,9.489961992702219e-05,0,0.0,False
GaussianBudget75M_LinearMinTime,CROSSOVER_2022-CAANF-003068,20220913,16,pyrologix,2,none,2022,0.0,0.00207940093241632,-1,undetected,1,9.489961992702219e-05,0,0.0,False
GaussianBudget75M_LinearMinTime,CROSSOVER_2022-CALAC-137928,20220426,0,pyrologix,3,none,2022,0.0,0.0020228370558470488,-1,undetected,1,9.489961992702219e-05,0,0.0,False
GaussianBudget75M_LinearMinTime,CURLY_2022-CAKNF-006994,20220817,4,pyrologix,6,21-28,2022,0.0,0.002708725049160421,0,drone,1,9.489961992702219e-05,2190,0.004555181756497065,True
GaussianBudget75M_LinearMinTime,Cabin_2022-CASRF-000836,20220925,6,pyrologix,7,33-23,2022,0.0,0.004165486083365977,0,drone,1,9.489961992702219e-05,2775,0.0046500813764240876,True
GaussianBudget75M_LinearMinTime,Campbell_2022-CASRF-000616,20220805,9,pyrologix,4,40-22,2022,0.0,0.004907777067273855,0,drone,1,9.489961992702219e-05,1795,0.004270482896715999,True
GaussianBudget75M_LinearMinTime,Cap__2022-CASRF-000846,20220928,16,pyrologix,1,27-19,2022,0.0,0.0034186699194833636,0,drone,1,9.489961992702219e-05,685,0.0037010851771538656,True
GaussianBudget75M_LinearMinTime,Cape_2022-CAPNF-001343,20220729,17,pyrologix,10,69-50,2022,0.0,0.005373822990804911,0,drone,1,9.489961992702219e-05,3990,0.004555181756497065,True
GaussianBudget75M_LinearMinTime,Castella_2022-CASHF-000669,20220720,17,pyrologix,7,35-43,2022,0.0,0.004587779985740781,0,drone,1,9.489961992702219e-05,2755,0.003985784036934932,True
GaussianBudget75M_LinearMinTime,Castle_2022-CASHF-000509,20220615,21,pyrologix,3,35-43,2022,0.0,0.0021060629514977336,0,drone,1,9.489961992702219e-05,1130,0.003985784036934932,True
GaussianBudget75M_LinearMinTime,Cedar_2022-CASRF-000629,20220805,16,pyrologix,4,33-23,2022,0.0,0.004901585052721202,1,drone,1,9.489961992702219e-05,1855,0.004555181756497065,True
GaussianBudget75M_LinearMinTime,Cemetery_2022-CAPNF-000685,20220525,14,pyrologix,11,65-55,2022,0.0,0.005309809930622578,0,drone,1,9.489961992702219e-05,4115,0.004460282136570043,True
GaussianBudget75M_LinearMinTime,Charlie_2022-CASRF-000614,20220805,4,pyrologix,12,40-22,2022,0.0,0.007208419963717461,1,drone,1,9.489961992702219e-05,4815,0.0046500813764240876,True
GaussianBudget75M_LinearMinTime,Christian_2022-CASRF-000504,20220711,22,pyrologix,1,35-16,2022,0.0,0.003443146008066833,0,drone,1,9.489961992702219e-05,675,0.0033214866974457763,True
GaussianBudget75M_LinearMinTime,Clio_2022-CAPNF-000517,20220502,11,pyrologix,12,73-63,2022,0.0,0.00551962701138109,0,drone,1,9.489961992702219e-05,4585,0.0046500813764240876,True
GaussianBudget75M_LinearMinTime,Coach_2022-CALPF-002163,20220904,13,pyrologix,11,none,2022,0.0,0.0020176699617877603,-1,undetected,1,9.489961992702219e-05,0,0.0,False
GaussianBudget75M_LinearMinTime,Coon_2022-CASRF-000562,20220725,23,pyrologix,11,40-22,2022,0.0,0.004302432993426919,0,drone,1,9.489961992702219e-05,4110,0.0046500813764240876,True
GaussianBudget75M_LinearMinTime,Corral_2022-CASRF-000628,20220805,12,pyrologix,11,33-23,2022,0.0,0.0037987070390954614,0,drone,1,9.489961992702219e-05,4035,0.0046500813764240876,True
GaussianBudget75M_LinearMinTime,County_2022-CASRF-000676,20220819,19,pyrologix,10,47-21,2022,0.0,0.008575852029025555,1,drone,1,9.489961992702219e-05,4235,0.0046500813764240876,True
GaussianBudget75M_LinearMinTime,Creek_2022-CASHF-000785,20220806,21,pyrologix,7,34-50,2022,0.0,0.002949659014120698,0,drone,1,9.489961992702219e-05,2630,0.004555181756497065,True
GaussianBudget75M_LinearMinTime,Creekside_2022-CASRF-000250,20220423,14,pyrologix,7,40-22,2022,0.0,0.003416507039219141,0,drone,1,9.489961992702219e-05,2640,0.004555181756497065,True
GaussianBudget75M_LinearMinTime,Creekside_2_2022-CASRF-000786,20220907,10,pyrologix,7,35-16,2022,0.0,0.003190638031810522,0,drone,1,9.489961992702219e-05,2725,0.0046500813764240876,True
GaussianBudget75M_LinearMinTime,Crest_2022-CAPNF-001210,20220720,19,pyrologix,12,69-50,2022,0.0,0.006359572988003492,1,drone,1,9.489961992702219e-05,4735,0.004555181756497065,True
GaussianBudget75M_LinearMinTime,Crocker_2022-CAPNF-001409,20220804,10,pyrologix,10,73-63,2022,0.0,0.004686140920966864,0,drone,1,9.489961992702219e-05,3760,0.0046500813764240876,True
GaussianBudget75M_LinearMinTime,DARBY_2022-CASTF-002132,20221114,22,pyrologix,4,111-57,2022,0.0,0.0020705240312963724,0,drone,1,9.489961992702219e-05,1735,0.004175583276788976,True
GaussianBudget75M_LinearMinTime,DAVIES_2022-CATNF-001627,20221101,17,pyrologix,3,84-67,2022,0.0,0.004551342106424272,1,drone,1,9.489961992702219e-05,1615,0.004270482896715999,True
GaussianBudget75M_LinearMinTime,DAY_2022-CALMU-000005,20221125,21,pyrologix,11,44-54,2022,0.0,0.019409429980441928,-1,undetected,1,9.489961992702219e-05,6075,0.004555181756497065,True
GaussianBudget75M_LinearMinTime,DAY_2022-CALMU-006350,20221125,0,pyrologix,6,44-54,2022,0.0,0.019398691947571933,-1,undetected,1,9.489961992702219e-05,4385,0.004555181756497065,True
GaussianBudget75M_LinearMinTime,DECKER_CANYON_RD___ORTEGA_HY_2022-CARRU-089641,20220623,1,pyrologix,2,none,2022,0.0,0.002038727980107069,-1,undetected,1,9.489961992702219e-05,0,0.0,False
GaussianBudget75M_LinearMinTime,DEER_2022-CAENF-021135,20220801,17,pyrologix,5,101-70,2022,0.0,0.002372586983256042,0,drone,1,9.489961992702219e-05,1930,0.003985784036934932,True
GaussianBudget75M_LinearMinTime,DEER_2022-CAMDF-000515,20220731,21,pyrologix,7,37-64,2022,0.0,0.020539987017400563,-1,undetected,1,9.489961992702219e-05,875,0.0037010851771538656,True
GaussianBudget75M_LinearMinTime,DEER_2022-CASQF-001940,20220803,15,pyrologix,8,none,2022,0.0,0.0019928369438275695,-1,undetected,1,9.489961992702219e-05,0,0.0,False
GaussianBudget75M_LinearMinTime,DEER_HORN_2022-CAHIA-000336,20220525,1,pyrologix,8,33-23,2022,0.0,0.00423441594466567,0,drone,1,9.489961992702219e-05,3105,0.0046500813764240876,True
GaussianBudget75M_LinearMinTime,DEER__2022-CAPNF-002173,20221010,21,pyrologix,2,72-57,2022,0.0,0.0021386670414358377,0,drone,1,9.489961992702219e-05,870,0.0036061855572268433,True
GaussianBudget75M_LinearMinTime,DELONEGHA_2022-CASQF-001365,20220701,2,pyrologix,5,174-77,2022,0.0,0.005463437060825527,1,drone,1,9.489961992702219e-05,2260,0.004555181756497065,True
GaussianBudget75M_LinearMinTime,DELTA_2022-CAANF-002969,20220905,22,pyrologix,2,none,2022,0.0,0.0019975960021838546,-1,undetected,1,9.489961992702219e-05,0,0.0,False
GaussianBudget75M_LinearMinTime,DELTA_2022-CALAC-302214,20220905,17,pyrologix,12,none,2022,0.0,0.002018248080275953,-1,undetected,1,9.489961992702219e-05,0,0.0,False
GaussianBudget75M_LinearMinTime,DEL_2022-CAANF-002424,20220727,11,pyrologix,3,none,2022,0.0,0.00204507599119097,-1,undetected,1,9.489961992702219e-05,0,0.0,False
GaussianBudget75M_LinearMinTime,DEMOCRAT_2022-CASQF-001150,20220617,23,pyrologix,3,174-77,2022,0.0,0.003221387043595314,0,drone,1,9.489961992702219e-05,1315,0.004270482896715999,True
GaussianBudget75M_LinearMinTime,DEVILS_2022-CAANF-003338,20221013,16,pyrologix,1,206-87,2022,0.0,0.003341004019603133,0,drone,1,9.489961992702219e-05,595,0.0031316874575917325,True
GaussianBudget75M_LinearMinTime,DEXTER_2022-CAANF-002403,20220725,15,pyrologix,5,none,2022,0.0,0.001951857004314661,-1,undetected,1,9.489961992702219e-05,0,0.0,False
GaussianBudget75M_LinearMinTime,DIAMOND_2022-CATNF-001258,20220830,0,pyrologix,2,87-59,2022,0.0,0.0183820310048759,-1,undetected,1,9.489961992702219e-05,1010,0.00303678783766471,True
GaussianBudget75M_LinearMinTime,DILLON_2022-CALAC-087856,20220314,0,pyrologix,7,none,2022,0.0,0.002015767968259752,-1,undetected,1,9.489961992702219e-05,0,0.0,False
GaussianBudget75M_LinearMinTime,DILLON__2022-CAANF-000675,20220314,1,pyrologix,6,none,2022,0.0,0.0021236430620774627,-1,undetected,1,9.489961992702219e-05,0,0.0,False
GaussianBudget75M_LinearMinTime,DITCH_CAMP_RD___WENTWORTH_SPRINGS_RD_2022-CAENF-014950,20220608,16,pyrologix,6,93-54,2022,0.0,0.01848092896398157,-1,undetected,1,9.489961992702219e-05,4815,0.003985784036934932,True
GaussianBudget75M_LinearMinTime,DIVIDE__2022-CAANF-002093,20220706,23,pyrologix,7,none,2022,0.0,0.001966423005796969,-1,undetected,1,9.489961992702219e-05,0,0.0,False
GaussianBudget75M_LinearMinTime,DODGE_2022-CASTF-001595,20220825,18,pyrologix,7,115-63,2022,0.0,0.019519967958331108,-1,undetected,1,9.489961992702219e-05,4635,0.004460282136570043,True
GaussianBudget75M_LinearMinTime,DOGTOWN__2022-CASTF-000276,20220310,23,pyrologix,1,122-61,2022,0.0,0.0024095739936456084,0,drone,1,9.489961992702219e-05,535,0.002087791638394488,True
GaussianBudget75M_LinearMinTime,DOLLAR_2022-CABDF-011536,20220730,17,pyrologix,11,none,2022,0.0,0.0021591349504888058,-1,undetected,1,9.489961992702219e-05,0,0.0,False
GaussianBudget75M_LinearMinTime,DOME__2022-CASNF-001416,20220924,14,pyrologix,8,128-67,2022,0.0,0.004333178978413343,0,drone,1,9.489961992702219e-05,3230,0.004270482896715999,True
GaussianBudget75M_LinearMinTime,DOUBLE_2022-CAMDF-000591,20220805,18,pyrologix,5,none,2022,0.0,0.002030967967584729,-1,undetected,1,9.489961992702219e-05,0,0.0,False
GaussianBudget75M_LinearMinTime,DOUGLAS_2022-CAMMU-023741,20221023,6,pyrologix,4,135-68,2022,0.0,0.0021105000050738454,0,drone,1,9.489961992702219e-05,1540,0.004555181756497065,True
GaussianBudget75M_LinearMinTime,DOUGLAS_2022-CASNF-001550,20221023,3,pyrologix,12,135-68,2022,0.0,0.004123885999433696,0,drone,1,9.489961992702219e-05,4365,0.0046500813764240876,True
GaussianBudget75M_LinearMinTime,DRIP_2022-CACNF-000888,20220510,17,pyrologix,4,228-94,2022,0.0,0.004689672030508518,1,drone,1,9.489961992702219e-05,2010,0.00389088441700791,True
GaussianBudget75M_LinearMinTime,DRY_2022-CASQF-001908,20220731,17,pyrologix,8,174-77,2022,0.0,0.0037164100212976336,0,drone,1,9.489961992702219e-05,3060,0.0046500813764240876,True
GaussianBudget75M_LinearMinTime,DUCK_2022-CALNF-002812,20220609,20,pyrologix,2,51-53,2022,0.0,0.011000081081874669,3,drone,1,9.489961992702219e-05,2125,0.00389088441700791,True
GaussianBudget75M_LinearMinTime,DUCK__2022-CASNF-001450,20221001,13,pyrologix,3,none,2022,0.0,0.0020517410011962056,-1,undetected,1,9.489961992702219e-05,0,0.0,False
GaussianBudget75M_LinearMinTime,DUMPSTER__2022-CAANF-000486,20220222,18,pyrologix,12,none,2022,0.0,0.001983699039556086,-1,undetected,1,9.489961992702219e-05,0,0.0,False
GaussianBudget75M_LinearMinTime,DUMP_2022-CALNF-003654,20220717,21,pyrologix,8,55-47,2022,0.0,0.019149775966070592,-1,undetected,1,9.489961992702219e-05,1095,0.003985784036934932,True
GaussianBudget75M_LinearMinTime,DUMP_2022-CASHF-001069,20221001,1,pyrologix,1,40-22,2022,0.0,0.002020466956309974,0,drone,1,9.489961992702219e-05,450,0.0031316874575917325,True
GaussianBudget75M_LinearMinTime,DUNCAN_2022-CAMDF-000522,20220801,19,pyrologix,12,38-63,2022,0.0,0.005145636037923396,0,drone,1,9.489961992702219e-05,4735,0.0040806836568619545,True
GaussianBudget75M_LinearMinTime,DUNCAN_2022-CATNF-001215,20220824,21,pyrologix,6,90-60,2022,0.0,0.004530695965513587,0,drone,1,9.489961992702219e-05,2755,0.004460282136570043,True
GaussianBudget75M_LinearMinTime,DUNES_2022-CAINF-001495,20220717,13,pyrologix,11,none,2022,0.0,0.002256395062431693,-1,undetected,1,9.489961992702219e-05,0,0.0,False
GaussianBudget75M_LinearMinTime,DUSEN_2022-CABDF-010770,20220711,16,pyrologix,9,none,2022,0.0,0.0020287419902160764,-1,undetected,1,9.489961992702219e-05,0,0.0,False
GaussianBudget75M_LinearMinTime,DUSY__2022-CASNF-000635,20220626,16,pyrologix,5,none,2022,0.0,0.001998675987124443,-1,undetected,1,9.489961992702219e-05,0,0.0,False
GaussianBudget75M_LinearMinTime,DUTCH_2022-CASQF-001849,20220728,20,pyrologix,7,171-80,2022,0.0,0.002854969003237784,0,drone,1,9.489961992702219e-05,2770,0.004555181756497065,True
GaussianBudget75M_LinearMinTime,Deer__2022-CASRF-000712,20220826,20,pyrologix,7,26-25,2022,0.0,0.0033348379656672478,0,drone,1,9.489961992702219e-05,2790,0.004270482896715999,True
GaussianBudget75M_LinearMinTime,Delleker_2_2022-CAPNF-002299,20221030,16,pyrologix,8,73-63,2022,0.0,0.0028969059931114316,0,drone,1,9.489961992702219e-05,2920,0.0046500813764240876,True
GaussianBudget75M_LinearMinTime,Devils_2022-CAPNF-001415,20220804,15,pyrologix,11,67-62,2022,0.0,0.005229210946708918,0,drone,1,9.489961992702219e-05,4290,0.0046500813764240876,True
GaussianBudget75M_LinearMinTime,Diamond_2022-CAPNF-000316,20220325,20,pyrologix,4,67-62,2022,0.0,0.0030747310956940055,0,drone,1,9.489961992702219e-05,1630,0.004460282136570043,True
GaussianBudget75M_LinearMinTime,Dog_2022-CASHF-001049,20220927,12,pyrologix,12,42-34,2022,0.0,0.0033002669224515557,0,drone,1,9.489961992702219e-05,4730,0.004555181756497065,True
GaussianBudget75M_LinearMinTime,Dollar_2022-CASRF-000925,20221028,17,pyrologix,12,26-25,2022,0.0,0.0035232569789513946,0,drone,1,9.489961992702219e-05,4740,0.004365382516643021,True
GaussianBudget75M_LinearMinTime,Duzen_2022-CASRF-000830,20220923,1,pyrologix,3,47-21,2022,0.0,0.015000071027316153,4,drone,1,9.489961992702219e-05,2800,0.0046500813764240876,True
GaussianBudget75M_LinearMinTime,E-10_CAL_2022-CALNF-005001,20220914,19,pyrologix,12,50-60,2022,0.0,0.015600112965330482,4,drone,1,9.489961992702219e-05,5790,0.0046500813764240876,True
GaussianBudget75M_LinearMinTime,E-11_GRAYS_2022-CALNF-005008,20220914,15,pyrologix,1,none,2022,0.0,0.002022358006797731,-1,undetected,1,9.489961992702219e-05,0,0.0,False
GaussianBudget75M_LinearMinTime,E-1_CHAMPS_2022-CALNF-004966,20220912,19,pyrologix,8,53-62,2022,0.0,0.0044783479534089565,0,drone,1,9.489961992702219e-05,3125,0.0040806836568619545,True
GaussianBudget75M_LinearMinTime,E-1_REST_2022-CALNF-004478,20220819,16,pyrologix,10,none,2022,0.0,0.001938442001119256,-1,undetected,1,9.489961992702219e-05,0,0.0,False
GaussianBudget75M_LinearMinTime,E-2_SPRINGS_2022-CALNF-004968,20220912,22,pyrologix,3,51-53,2022,0.0,0.00987486308440566,2,drone,1,9.489961992702219e-05,2355,0.003985784036934932,True
GaussianBudget75M_LinearMinTime,E-5_FLAT_2022-CALNF-004972,20220912,23,pyrologix,1,53-62,2022,0.0,0.0014527470339089632,0,drone,1,9.489961992702219e-05,440,0.00303678783766471,True
GaussianBudget75M_LinearMinTime,E-6_POISON_2022-CALNF-004973,20220913,23,pyrologix,3,50-60,2022,0.0,0.004394429037347436,0,drone,1,9.489961992702219e-05,1490,0.004460282136570043,True
GaussianBudget75M_LinearMinTime,E-7_LOGAN_2022-CALNF-004988,20220913,13,pyrologix,8,53-62,2022,0.0,0.006228541024029255,1,drone,1,9.489961992702219e-05,3320,0.004175583276788976,True
GaussianBudget75M_LinearMinTime,E-9_SHAYS_2022-CALNF-004999,20220914,22,pyrologix,5,53-62,2022,0.0,0.002716136979870498,0,drone,1,9.489961992702219e-05,1920,0.003795984797080888,True
GaussianBudget75M_LinearMinTime,EAGLE_2022-CALMU-003399,20220704,19,pyrologix,1,60-61,2022,0.0,0.0052615380845963955,1,drone,1,9.489961992702219e-05,905,0.003985784036934932,True
GaussianBudget75M_LinearMinTime,EAST_2022-CAANF-002810,20220825,16,pyrologix,9,none,2022,0.0,0.0019750529900193214,-1,undetected,1,9.489961992702219e-05,0,0.0,False
GaussianBudget75M_LinearMinTime,EAST_2022-CAKNF-006328,20220801,23,pyrologix,9,17-30,2022,0.0,0.019847980001941323,-1,undetected,1,9.489961992702219e-05,1795,0.004365382516643021,True
GaussianBudget75M_LinearMinTime,EAST_2022-CASNF-001326,20220909,13,pyrologix,8,none,2022,0.0,0.0021016199607402086,-1,undetected,1,9.489961992702219e-05,0,0.0,False
GaussianBudget75M_LinearMinTime,EDDY_2022-CAKNF-006258,20220731,20,pyrologix,9,33-29,2022,0.0,0.003907545004040003,0,drone,1,9.489961992702219e-05,3760,0.0046500813764240876,True
GaussianBudget75M_LinearMinTime,ELIZA_2022-CAKNF-007844,20220909,19,pyrologix,12,21-42,2022,0.0,0.008490509004332125,1,drone,1,9.489961992702219e-05,4955,0.004555181756497065,True
GaussianBudget75M_LinearMinTime,ELK_2022-CAKNF-009321,20221020,10,pyrologix,11,16-26,2022,0.0,0.004676352953538299,0,drone,1,9.489961992702219e-05,4575,0.004555181756497065,True
GaussianBudget75M_LinearMinTime,ELK_MTN_IHC_STAFFING_2022-CAMNF-000331,20220405,12,pyrologix,8,none,2022,0.0,0.002035554964095354,-1,undetected,1,9.489961992702219e-05,0,0.0,False
GaussianBudget75M_LinearMinTime,EL_CARISO__001_2022-CACNF-000956,20220516,14,pyrologix,12,none,2022,0.0,0.0020694530103355646,-1,undetected,1,9.489961992702219e-05,0,0.0,False
GaussianBudget75M_LinearMinTime,EMERALD_2_2022-CABDF-003570,20220220,14,pyrologix,9,none,2022,0.0,0.0021276669576764107,-1,undetected,1,9.489961992702219e-05,0,0.0,False
GaussianBudget75M_LinearMinTime,EMMA_2022-CAANF-002243,20220716,13,pyrologix,10,none,2022,0.0,0.0021926669869571924,-1,undetected,1,9.489961992702219e-05,0,0.0,False
GaussianBudget75M_LinearMinTime,ENTRANCE_2022-CALNF-003808,20220722,19,pyrologix,4,55-47,2022,0.0,0.017652755952440202,-1,undetected,1,9.489961992702219e-05,1095,0.003985784036934932,True
GaussianBudget75M_LinearMinTime,EVANS_2022-CAKNF-006209,20220730,2,pyrologix,12,21-28,2022,0.0,0.0032430030405521393,0,drone,1,9.489961992702219e-05,4260,0.0046500813764240876,True
GaussianBudget75M_LinearMinTime,EVANS_2022-CASQF-001261,20220623,19,pyrologix,2,174-77,2022,0.0,0.0020369529956951737,0,drone,1,9.489961992702219e-05,805,0.004175583276788976,True
GaussianBudget75M_LinearMinTime,EVERILL_2022-CAKNF-006625,20220807,15,pyrologix,8,18-37,2022,0.0,0.006482635973952711,1,drone,1,9.489961992702219e-05,3380,0.0037010851771538656,True
GaussianBudget75M_LinearMinTime,EXCELSIOR_2022-CANEU-029246,20221025,5,pyrologix,5,86-54,2022,0.0,0.01720885094255209,5,drone,1,9.489961992702219e-05,3880,0.0046500813764240876,True
GaussianBudget75M_LinearMinTime,E_INDIAN_CREEK_DR__E_FORK_INDIAN_CREEK_RD_2022-CAKNF-002959,20220420,12,pyrologix,9,16-26,2022,0.0,0.0026911600725725293,0,drone,1,9.489961992702219e-05,3555,0.004555181756497065,True
GaussianBudget75M_LinearMinTime,Eagle__2022-CAPNF-001326,20220728,19,pyrologix,6,73-63,2022,0.0,0.003411117009818554,0,drone,1,9.489961992702219e-05,2390,0.0046500813764240876,True
GaussianBudget75M_LinearMinTime,Erin__2022-CASRF-000859,20221003,22,pyrologix,2,35-16,2022,0.0,0.0066508520394563675,1,drone,1,9.489961992702219e-05,1435,0.004365382516643021,True
GaussianBudget75M_LinearMinTime,FALSE_ALARM_2022-CAANF-000915,20220407,20,pyrologix,9,none,2022,0.0,0.0020740049658343196,-1,undetected,1,9.489961992702219e-05,0,0.0,False
GaussianBudget75M_LinearMinTime,FA_BC22_2022-CACNF-002548,20221026,16,pyrologix,9,none,2022,0.0,0.002073453040793538,-1,undetected,1,9.489961992702219e-05,0,0.0,False
GaussianBudget75M_LinearMinTime,FERN_2022-CACNF-001755,20220721,22,pyrologix,11,230-98,2022,0.0,0.003426537965424359,0,drone,1,9.489961992702219e-05,3990,0.0046500813764240876,True
GaussianBudget75M_LinearMinTime,FERRETTI_2022-CATCU-002310,20220219,18,pyrologix,5,122-61,2022,0.0,0.0023916350910440087,0,drone,1,9.489961992702219e-05,2095,0.00389088441700791,True
GaussianBudget75M_LinearMinTime,FISHER_2022-CAINF-000969,20220530,20,pyrologix,5,164-82,2022,0.0,0.0025178950745612383,0,drone,1,9.489961992702219e-05,2095,0.004270482896715999,True
GaussianBudget75M_LinearMinTime,FISHER_2022-CASHF-000566,20220701,22,pyrologix,7,42-41,2022,0.0,0.006415880052372813,1,drone,1,9.489961992702219e-05,3135,0.004460282136570043,True
GaussianBudget75M_LinearMinTime,FISH_2022-CABDF-011532,20220730,19,pyrologix,5,none,2022,0.0,0.0020324039505794644,-1,undetected,1,9.489961992702219e-05,0,0.0,False
GaussianBudget75M_LinearMinTime,FISH_2022-CAKNF-006310,20220731,18,pyrologix,7,17-30,2022,0.0,0.018909942009486258,-1,undetected,1,9.489961992702219e-05,1795,0.004365382516643021,True
GaussianBudget75M_LinearMinTime,FISH_CREEK_2022-CABDF-014175,20221012,12,pyrologix,12,none,2022,0.0,0.0022684650029987097,-1,undetected,1,9.489961992702219e-05,0,0.0,False
GaussianBudget75M_LinearMinTime,FIVE_2022-CAANF-002981,20220906,15,pyrologix,5,none,2022,0.0,0.0020858669886365533,-1,undetected,1,9.489961992702219e-05,0,0.0,False
GaussianBudget75M_LinearMinTime,FLAT_2022-CALPF-000341,20220226,14,pyrologix,4,none,2022,0.0,0.0020811569411307573,-1,undetected,1,9.489961992702219e-05,0,0.0,False
GaussianBudget75M_LinearMinTime,FLAT_2022-CASHF-000552,20220627,20,pyrologix,3,40-22,2022,0.0,0.010178841999731958,3,drone,1,9.489961992702219e-05,2195,0.004365382516643021,True
GaussianBudget75M_LinearMinTime,FLAT__2022-CASQF-002038,20220810,21,pyrologix,3,174-77,2022,0.0,0.0031443360494449735,0,drone,1,9.489961992702219e-05,1315,0.004270482896715999,True
GaussianBudget75M_LinearMinTime,FLOWER_2022-CAMDF-000939,20220920,14,pyrologix,11,none,2022,0.0,0.002018239931203425,-1,undetected,1,9.489961992702219e-05,0,0.0,False
GaussianBudget75M_LinearMinTime,FLUME_2022-CASHF-000551,20220627,18,pyrologix,4,42-34,2022,0.0,0.004537865985184908,0,drone,1,9.489961992702219e-05,1985,0.004270482896715999,True
GaussianBudget75M_LinearMinTime,FOLLOWS_2022-CAANF-000345,20220208,18,pyrologix,1,206-87,2022,0.0,0.006665094988420606,1,drone,1,9.489961992702219e-05,1100,0.0040806836568619545,True
GaussianBudget75M_LinearMinTime,FORBESTOWN_2022-CABTU-005799,20220403,6,pyrologix,3,76-51,2022,0.0,0.0024409140460193157,0,drone,1,9.489961992702219e-05,1280,0.0036061855572268433,True
GaussianBudget75M_LinearMinTime,FORK_2022-CAANF-002742,20220821,1,pyrologix,1,none,2022,0.0,0.00218364002648741,-1,undetected,1,9.489961992702219e-05,0,0.0,False
GaussianBudget75M_LinearMinTime,FORK_2022-CAKNF-007060,20220818,11,pyrologix,12,16-26,2022,0.0,0.00851506507024169,1,drone,1,9.489961992702219e-05,5395,0.004555181756497065,True
GaussianBudget75M_LinearMinTime,FORK_2022-CAMMU-009669,20220506,17,pyrologix,3,135-68,2022,0.0,0.001925240969285369,0,drone,1,9.489961992702219e-05,1180,0.004365382516643021,True
GaussianBudget75M_LinearMinTime,FOSTER_2022-CAENF-025294,20220905,20,pyrologix,8,105-63,2022,0.0,0.019451043917797506,-1,undetected,1,9.489961992702219e-05,5700,0.004365382516643021,True
GaussianBudget75M_LinearMinTime,FOURNIER_2022-CATNF-000379,20220418,23,pyrologix,2,80-58,2022,0.0,0.002853216021321714,0,drone,1,9.489961992702219e-05,945,0.003511285937299821,True
GaussianBudget75M_LinearMinTime,FOX_2022-CASHF-001180,20221029,19,pyrologix,3,34-50,2022,0.0,0.0024020890705287457,0,drone,1,9.489961992702219e-05,1200,0.004270482896715999,True
GaussianBudget75M_LinearMinTime,FOX_2022-CATNF-000123,20220216,18,pyrologix,5,84-67,2022,0.0,0.0036762510426342487,0,drone,1,9.489961992702219e-05,2145,0.004270482896715999,True
GaussianBudget75M_LinearMinTime,FRAZIER_2022-CALPF-001358,20220625,22,pyrologix,7,none,2022,0.0,0.002064084052108228,-1,undetected,1,9.489961992702219e-05,0,0.0,False
GaussianBudget75M_LinearMinTime,FREEL_2022-CATMU-021487,20220805,0,pyrologix,1,101-70,2022,0.0,0.0017072530463337898,0,drone,1,9.489961992702219e-05,430,0.003226587077518755,True
GaussianBudget75M_LinearMinTime,FREEMAN_2022-CASQF-002518,20220927,19,pyrologix,9,161-79,2022,0.0,0.005152879981324077,0,drone,1,9.489961992702219e-05,3865,0.00389088441700791,True
GaussianBudget75M_LinearMinTime,FREEWAY_2022-CAANF-000339,20220207,21,pyrologix,10,none,2022,0.0,0.0019889120012521744,-1,undetected,1,9.489961992702219e-05,0,0.0,False
GaussianBudget75M_LinearMinTime,FRIDAY__2022-CASHF-001034,20220924,16,pyrologix,10,42-41,2022,0.0,0.007206378970295191,1,drone,1,9.489961992702219e-05,4270,0.004460282136570043,True
GaussianBudget75M_LinearMinTime,FRISCO_2022-CAENF-028920,20221009,12,pyrologix,3,98-62,2022,0.0,0.002084058942273259,0,drone,1,9.489961992702219e-05,1175,0.004270482896715999,True
GaussianBudget75M_LinearMinTime,FROG_2022-CABDF-010538,20220707,3,pyrologix,1,none,2022,0.0,0.002039290964603424,-1,undetected,1,9.489961992702219e-05,0,0.0,False
GaussianBudget75M_LinearMinTime,FROG_2022-CABDF-011327,20220724,21,pyrologix,2,none,2022,0.0,0.001972937025129795,-1,undetected,1,9.489961992702219e-05,0,0.0,False
GaussianBudget75M_LinearMinTime,FROG_2022-CASTF-000927,20220626,17,pyrologix,4,105-63,2022,0.0,0.002582167973741889,0,drone,1,9.489961992702219e-05,1700,0.003985784036934932,True
GaussianBudget75M_LinearMinTime,FRONTIER_2022-CALPF-001048,20220526,14,pyrologix,10,none,2022,0.0,0.00206576194614172,-1,undetected,1,9.489961992702219e-05,0,0.0,False
GaussianBudget75M_LinearMinTime,FULLER_2022-CATNF-001346,20220905,9,pyrologix,8,87-59,2022,0.0,0.018969130935147405,-1,undetected,1,9.489961992702219e-05,1010,0.00303678783766471,True
GaussianBudget75M_LinearMinTime,Fair_Oak_2022-CASRF-000804,20220912,3,pyrologix,1,35-16,2022,0.0,0.009176112012937665,2,drone,1,9.489961992702219e-05,1435,0.004365382516643021,True
GaussianBudget75M_LinearMinTime,Four_2022-CAPNF-001904,20220913,21,pyrologix,6,69-50,2022,0.0,0.0026773610152304173,0,drone,1,9.489961992702219e-05,2315,0.004365382516643021,True
GaussianBudget75M_LinearMinTime,Friday_2022-CASRF-000617,20220805,5,pyrologix,12,40-22,2022,0.0,0.0052909699734300375,0,drone,1,9.489961992702219e-05,4565,0.0046500813764240876,True
GaussianBudget75M_LinearMinTime,GABRIEL_2022-CAANF-001781,20220618,7,pyrologix,3,none,2022,0.0,0.002002420020289719,-1,undetected,1,9.489961992702219e-05,0,0.0,False
GaussianBudget75M_LinearMinTime,GARROTTE_2022-CATCU-007717,20220623,18,pyrologix,9,118-56,2022,0.0,0.019607264082878828,-1,undetected,1,9.489961992702219e-05,5840,0.004555181756497065,True
GaussianBudget75M_LinearMinTime,GEM_2022-CASTF-000882,20220621,19,pyrologix,9,none,2022,0.0,0.0019913240103051066,-1,undetected,1,9.489961992702219e-05,0,0.0,False
GaussianBudget75M_LinearMinTime,GEORGE_2022-CAKNF-006783,20220811,19,pyrologix,2,24-35,2022,0.0,0.0017055119387805462,0,drone,1,9.489961992702219e-05,940,0.003795984797080888,True
GaussianBudget75M_LinearMinTime,GLASS_2022-CAINF-001162,20220619,17,pyrologix,1,none,2022,0.0,0.0020082079572603106,-1,undetected,1,9.489961992702219e-05,0,0.0,False
GaussianBudget75M_LinearMinTime,GLEASON__2022-CAANF-001044,20220417,17,pyrologix,11,none,2022,0.0,0.002036403981037438,-1,undetected,1,9.489961992702219e-05,0,0.0,False
GaussianBudget75M_LinearMinTime,GOAT_2022-CAMMU-015329,20220713,11,pyrologix,11,135-68,2022,0.0,0.007118887966498733,1,drone,1,9.489961992702219e-05,4415,0.0046500813764240876,True
GaussianBudget75M_LinearMinTime,GOAT_2022-CAMMU-019709,20220903,15,pyrologix,1,135-68,2022,0.0,0.0022565799299627542,0,drone,1,9.489961992702219e-05,480,0.0033214866974457763,True
GaussianBudget75M_LinearMinTime,GOAT_2022-CASNF-001464,20221002,18,pyrologix,7,125-65,2022,0.0,0.0024923020973801613,0,drone,1,9.489961992702219e-05,2660,0.004460282136570043,True
GaussianBudget75M_LinearMinTime,GOLDEN_2022-CATNF-000506,20220520,10,pyrologix,9,83-49,2022,0.0,0.019209757912904024,-1,undetected,1,9.489961992702219e-05,5255,0.004555181756497065,True
GaussianBudget75M_LinearMinTime,GOLD_2022-CAANF-000425,20220216,13,pyrologix,7,none,2022,0.0,0.0022145750699564815,-1,undetected,1,9.489961992702219e-05,0,0.0,False
GaussianBudget75M_LinearMinTime,GOLD_2022-CABDF-009730,20220622,12,pyrologix,9,none,2022,0.0,0.0020312349079176784,-1,undetected,1,9.489961992702219e-05,0,0.0,False
GaussianBudget75M_LinearMinTime,GOOSE2_2022-CAKNF-006350,20220801,14,pyrologix,4,28-45,2022,0.0,0.004510661005042493,0,drone,1,9.489961992702219e-05,1830,0.0036061855572268433,True
GaussianBudget75M_LinearMinTime,GORDON_2022-CAKNF-007409,20220829,1,pyrologix,5,21-28,2022,0.0,0.0023582959547638893,0,drone,1,9.489961992702219e-05,1810,0.004555181756497065,True
GaussianBudget75M_LinearMinTime,GRACE_2022-CAANF-003433,20221024,18,pyrologix,9,none,2022,0.0,0.0020478409714996815,-1,undetected,1,9.489961992702219e-05,0,0.0,False
GaussianBudget75M_LinearMinTime,GRADE1_2022-CACNF-002178,20220907,2,pyrologix,2,none,2022,0.0,0.0021166090155020356,-1,undetected,1,9.489961992702219e-05,0,0.0,False
GaussianBudget75M_LinearMinTime,GRADE_2022-CABDF-017250,20221128,23,pyrologix,5,206-88,2022,0.0,0.002373251016251743,0,drone,1,9.489961992702219e-05,2000,0.00389088441700791,True
GaussianBudget75M_LinearMinTime,GRADE_2022-CACNF-001011,20220523,21,pyrologix,11,230-98,2022,0.0,0.005086009972728789,0,drone,1,9.489961992702219e-05,4210,0.0046500813764240876,True
GaussianBudget75M_LinearMinTime,GRADE_2022-CAKNF-010395,20221117,20,pyrologix,3,16-26,2022,0.0,0.003582920995540917,0,drone,1,9.489961992702219e-05,1510,0.004270482896715999,True
GaussianBudget75M_LinearMinTime,GRADE_2022-CALNF-002524,20220527,11,pyrologix,11,51-53,2022,0.0,0.01339204900432378,3,drone,1,9.489961992702219e-05,5885,0.004460282136570043,True
GaussianBudget75M_LinearMinTime,GRAMERCY_2022-CABDF-008424,20220525,17,pyrologix,4,206-88,2022,0.0,0.0040387180633842945,0,drone,1,9.489961992702219e-05,1860,0.00389088441700791,True
GaussianBudget75M_LinearMinTime,GRAND_2022-CALPF-001329,20220622,12,pyrologix,8,none,2022,0.0,0.0022003280464559793,-1,undetected,1,9.489961992702219e-05,0,0.0,False
GaussianBudget75M_LinearMinTime,GRASS_2022-CAANF-003213,20220930,22,pyrologix,8,none,2022,0.0,0.0020735530415549874,-1,undetected,1,9.489961992702219e-05,0,0.0,False
GaussianBudget75M_LinearMinTime,GRAY_2022-CABDF-009692,20220621,3,pyrologix,1,206-88,2022,0.0,0.0020324010401964188,0,drone,1,9.489961992702219e-05,490,0.003226587077518755,True
GaussianBudget75M_LinearMinTime,GREYBACK_2022-CABDF-009408,20220615,23,pyrologix,3,none,2022,0.0,0.0021064799511805177,-1,undetected,1,9.489961992702219e-05,0,0.0,False
GaussianBudget75M_LinearMinTime,GRIDER_2022-CAKNF-002566,20220405,15,pyrologix,10,21-28,2022,0.0,0.0033756940392777324,0,drone,1,9.489961992702219e-05,3575,0.0046500813764240876,True
GaussianBudget75M_LinearMinTime,GROUSE_2022-CAENF-021134,20220801,15,pyrologix,9,105-63,2022,0.0,0.01910179399419576,-1,undetected,1,9.489961992702219e-05,6140,0.004365382516643021,True
GaussianBudget75M_LinearMinTime,GROUSE_2022-CATNF-001318,20220904,10,pyrologix,6,80-58,2022,0.0,0.01914408104494214,-1,undetected,1,9.489961992702219e-05,2225,0.004270482896715999,True
GaussianBudget75M_LinearMinTime,GROUSE__2022-CASQF-001246,20220622,19,pyrologix,9,159-73,2022,0.0,0.018990290933288634,-1,undetected,1,9.489961992702219e-05,870,0.0036061855572268433,True
GaussianBudget75M_LinearMinTime,GULCH_2022-CAANF-002870,20220829,17,pyrologix,3,none,2022,0.0,0.0021772109903395176,-1,undetected,1,9.489961992702219e-05,0,0.0,False
GaussianBudget75M_LinearMinTime,GULCH_2022-CAKNF-006282,20220731,4,pyrologix,7,33-29,2022,0.0,0.0028476150473579764,0,drone,1,9.489961992702219e-05,2900,0.004460282136570043,True
GaussianBudget75M_LinearMinTime,GULCH_2022-CALAC-292411,20220829,14,pyrologix,10,none,2022,0.0,0.0021458789706230164,-1,undetected,1,9.489961992702219e-05,0,0.0,False
GaussianBudget75M_LinearMinTime,GUMBOOT_2022-CASHF-000771,20220804,18,pyrologix,1,35-36,2022,0.0,0.010689683957025409,3,drone,1,9.489961992702219e-05,1745,0.0040806836568619545,True
GaussianBudget75M_LinearMinTime,GUM_2022-CASHF-001171,20221027,18,pyrologix,3,35-36,2022,0.0,0.018801560974679887,-1,undetected,1,9.489961992702219e-05,3460,0.004175583276788976,True
GaussianBudget75M_LinearMinTime,Gambi_2022-CASRF-000526,20220715,17,pyrologix,11,35-16,2022,0.0,0.004907103953883052,0,drone,1,9.489961992702219e-05,4335,0.0046500813764240876,True
GaussianBudget75M_LinearMinTime,Garden_2022-CASHF-001023,20220922,16,pyrologix,5,42-41,2022,0.0,0.0024171139812096953,0,drone,1,9.489961992702219e-05,1925,0.004270482896715999,True
GaussianBudget75M_LinearMinTime,Glen_2022-CALPF-000932,20220514,22,pyrologix,3,none,2022,0.0,0.0021606620866805315,-1,undetected,1,9.489961992702219e-05,0,0.0,False
GaussianBudget75M_LinearMinTime,Golden__2022-CAPNF-001180,20220717,15,pyrologix,4,76-51,2022,0.0,0.0030688990373164415,0,drone,1,9.489961992702219e-05,1835,0.0037010851771538656,True
GaussianBudget75M_LinearMinTime,Goods_2022-CASHF-001083,20221005,19,pyrologix,11,54-26,2022,0.0,0.007794586010277271,1,drone,1,9.489961992702219e-05,5010,0.004555181756497065,True
GaussianBudget75M_LinearMinTime,Green_2022-CAPNF-000991,20220628,18,pyrologix,12,65-55,2022,0.0,0.00866774597670883,2,drone,1,9.489961992702219e-05,4890,0.004460282136570043,True
GaussianBudget75M_LinearMinTime,Gypo_2022-CASRF-000834,20220924,22,pyrologix,1,35-16,2022,0.0,0.009089894942007959,2,drone,1,9.489961992702219e-05,1435,0.004365382516643021,True
GaussianBudget75M_LinearMinTime,H-1_ALCOHOL_2022-CALNF-004246,20220809,14,pyrologix,4,51-53,2022,0.0,0.0033847170416265726,0,drone,1,9.489961992702219e-05,1805,0.00389088441700791,True
GaussianBudget75M_LinearMinTime,H-1_PROSPECT_2022-CALNF-004964,20220912,21,pyrologix,4,51-53,2022,0.0,0.0022176409838721156,0,drone,1,9.489961992702219e-05,1680,0.00389088441700791,True
GaussianBudget75M_LinearMinTime,H-2_CAVE_2022-CALNF-003215,20220627,21,pyrologix,9,51-53,2022,0.0,0.0029081939719617367,0,drone,1,9.489961992702219e-05,3545,0.004460282136570043,True
GaussianBudget75M_LinearMinTime,H-2_EVERETT_2022-CALNF-004274,20220810,21,pyrologix,1,48-47,2022,0.0,0.00651945301797241,1,drone,1,9.489961992702219e-05,1045,0.004175583276788976,True
GaussianBudget75M_LinearMinTime,H-3_CHAOS_2022-CALNF-005031,20220915,21,pyrologix,1,55-47,2022,0.0,0.0024035440292209387,0,drone,1,9.489961992702219e-05,550,0.00303678783766471,True
GaussianBudget75M_LinearMinTime,HAGADOR_2022-CACNF-001355,20220619,15,pyrologix,10,none,2022,0.0,0.002085110987536609,-1,undetected,1,9.489961992702219e-05,0,0.0,False
GaussianBudget75M_LinearMinTime,HAGER_2022-CAMDF-000527,20220801,22,pyrologix,10,none,2022,0.0,0.002275670995004475,-1,undetected,1,9.489961992702219e-05,0,0.0,False
GaussianBudget75M_LinearMinTime,HALFMOON_2022-CALNF-005443,20221005,16,pyrologix,1,53-62,2022,0.0,0.003335831919685006,0,drone,1,9.489961992702219e-05,665,0.003226587077518755,True
GaussianBudget75M_LinearMinTime,HALL_2022-CABDF-005444,20220324,1,pyrologix,5,206-88,2022,0.0,0.003722897032275796,0,drone,1,9.489961992702219e-05,2130,0.00389088441700791,True
GaussianBudget75M_LinearMinTime,HAMBURG_2022-CAKNF-007042,20220818,3,pyrologix,4,18-37,2022,0.0,0.004071419942192733,0,drone,1,9.489961992702219e-05,1780,0.0036061855572268433,True
GaussianBudget75M_LinearMinTime,HARDEN_2022-CASTF-001614,20220829,6,pyrologix,10,118-64,2022,0.0,0.004609881085343659,0,drone,1,9.489961992702219e-05,3845,0.004555181756497065,True
GaussianBudget75M_LinearMinTime,HARRISON_2022-CABDF-005467,20220324,18,pyrologix,4,none,2022,0.0,0.0021116590360179543,-1,undetected,1,9.489961992702219e-05,0,0.0,False
GaussianBudget75M_LinearMinTime,HARVARD_2022-CAANF-001836,20220622,13,pyrologix,6,none,2022,0.0,0.0020623019663617015,-1,undetected,1,9.489961992702219e-05,0,0.0,False
GaussianBudget75M_LinearMinTime,HAYPRESS_2022-CAKNF-008456,20220925,23,pyrologix,3,26-25,2022,0.0,0.004495952045544982,0,drone,1,9.489961992702219e-05,1485,0.003985784036934932,True
GaussianBudget75M_LinearMinTime,HELMS_2022-CASNF-000638,20220626,19,pyrologix,1,none,2022,0.0,0.002060696016997099,-1,undetected,1,9.489961992702219e-05,0,0.0,False
GaussianBudget75M_LinearMinTime,HENRY_2022-CAANF-003381,20221017,16,pyrologix,3,none,2022,0.0,0.002118451986461878,-1,undetected,1,9.489961992702219e-05,0,0.0,False
GaussianBudget75M_LinearMinTime,HERMAN_2022-CAANF-002582,20220806,20,pyrologix,4,none,2022,0.0,0.002119106939062476,-1,undetected,1,9.489961992702219e-05,0,0.0,False
GaussianBudget75M_LinearMinTime,HIDDEN_2022-CAMDF-000780,20220824,7,pyrologix,12,none,2022,0.0,0.002202580915763974,-1,undetected,1,9.489961992702219e-05,0,0.0,False
GaussianBudget75M_LinearMinTime,HIGGINS_2022-CAINF-001552,20220723,12,pyrologix,8,none,2022,0.0,0.002143851015716791,-1,undetected,1,9.489961992702219e-05,0,0.0,False
GaussianBudget75M_LinearMinTime,HIGHWAY_2022-CAANF-003240,20221002,15,pyrologix,7,none,2022,0.0,0.0020849750144407153,-1,undetected,1,9.489961992702219e-05,0,0.0,False
GaussianBudget75M_LinearMinTime,HIGHWAY_2022-CALAC-201760,20220618,2,pyrologix,12,none,2022,0.0,0.0021617949241772294,-1,undetected,1,9.489961992702219e-05,0,0.0,False
GaussianBudget75M_LinearMinTime,HIGHWAY_2022-CARRU-096169,20220705,3,pyrologix,2,218-98,2022,0.0,0.0035438709892332554,0,drone,1,9.489961992702219e-05,1050,0.0034163863173727986,True
GaussianBudget75M_LinearMinTime,HIGH_2022-CABDF-010309,20220703,3,pyrologix,12,none,2022,0.0,0.0021020680433139205,-1,undetected,1,9.489961992702219e-05,0,0.0,False
GaussianBudget75M_LinearMinTime,HILLS_2022-CABDF-015479,20221103,16,pyrologix,2,206-88,2022,0.0,0.002875298960134387,0,drone,1,9.489961992702219e-05,975,0.0034163863173727986,True
GaussianBudget75M_LinearMinTime,HILL_2022-CABDF-002525,20220210,20,pyrologix,5,none,2022,0.0,0.0021156290313228965,-1,undetected,1,9.489961992702219e-05,0,0.0,False
GaussianBudget75M_LinearMinTime,HILL_2022-CASQF-002127,20220820,21,pyrologix,1,161-79,2022,0.0,0.0027142149629071355,0,drone,1,9.489961992702219e-05,605,0.003226587077518755,True
GaussianBudget75M_LinearMinTime,HOGBACK_2022-CASHF-001029,20220923,18,pyrologix,6,48-47,2022,0.0,0.003472969983704388,0,drone,1,9.489961992702219e-05,2350,0.004460282136570043,True
GaussianBudget75M_LinearMinTime,HOKE_2022-CATNF-001407,20220914,17,pyrologix,6,84-67,2022,0.0,0.004912503995001316,1,drone,1,9.489961992702219e-05,2775,0.004270482896715999,True
GaussianBudget75M_LinearMinTime,HORN_2022-CABDF-012892,20220904,18,pyrologix,8,206-88,2022,0.0,0.003164393943734467,0,drone,1,9.489961992702219e-05,3075,0.004175583276788976,True
GaussianBudget75M_LinearMinTime,HORN_2022-CABDF-016326,20221120,20,pyrologix,3,206-88,2022,0.0,0.004292083904147148,0,drone,1,9.489961992702219e-05,1510,0.003795984797080888,True
GaussianBudget75M_LinearMinTime,HORN_2022-CASQF-002535,20220930,16,pyrologix,7,165-77,2022,0.0,0.005136070074513555,1,drone,1,9.489961992702219e-05,2790,0.004460282136570043,True
GaussianBudget75M_LinearMinTime,HORSE_2022-CABDF-008251,20220521,20,pyrologix,9,206-88,2022,0.0,0.005170544958673418,0,drone,1,9.489961992702219e-05,3845,0.004175583276788976,True
GaussianBudget75M_LinearMinTime,HORSE__2022-CACNF-002527,20221022,16,pyrologix,10,none,2022,0.0,0.002089587040245533,-1,undetected,1,9.489961992702219e-05,0,0.0,False
GaussianBudget75M_LinearMinTime,HOTSPRINGS_2022-CASQF-001223,20220622,11,pyrologix,4,165-77,2022,0.0,0.004224269068799913,0,drone,1,9.489961992702219e-05,1685,0.004460282136570043,True
GaussianBudget75M_LinearMinTime,HUCKELBERRY_2022-CAENF-027891,20220929,19,pyrologix,8,none,2022,0.0,0.0021687180269509554,-1,undetected,1,9.489961992702219e-05,0,0.0,False
GaussianBudget75M_LinearMinTime,HUDSON_2022-CABDF-010893,20220715,12,pyrologix,3,none,2022,0.0,0.0021194800501689315,-1,undetected,1,9.489961992702219e-05,0,0.0,False
GaussianBudget75M_LinearMinTime,HUGHES_2022-CAANF-002583,20220806,19,pyrologix,9,none,2022,0.0,0.0021200680639594793,-1,undetected,1,9.489961992702219e-05,0,0.0,False
GaussianBudget75M_LinearMinTime,HWY_138____EL_CENTRO_RD_2022-CABDU-007181,20220525,16,pyrologix,6,206-87,2022,0.0,0.0022390619851648808,0,drone,1,9.489961992702219e-05,1525,0.004270482896715999,True
GaussianBudget75M_LinearMinTime,HWY_38___S_HATCHERY_DR_2022-CABDU-017193,20221129,3,pyrologix,4,none,2022,0.0,0.00215440196916461,-1,undetected,1,9.489961992702219e-05,0,0.0,False
GaussianBudget75M_LinearMinTime,HWY_41____CEDAR_VALLEY_DR_2022-CAMMU-004709,20220228,20,pyrologix,11,128-67,2022,0.0,0.0039860549150034785,0,drone,1,9.489961992702219e-05,4235,0.004365382516643021,True
GaussianBudget75M_LinearMinTime,HYAMPOM_2022-CASHF-000384,20220512,21,pyrologix,8,47-21,2022,0.0,0.010121873929165304,2,drone,1,9.489961992702219e-05,3825,0.0046500813764240876,True
GaussianBudget75M_LinearMinTime,Hawk_2022-CAPNF-000591,20220515,17,pyrologix,1,73-63,2022,0.0,0.013043983955867589,4,drone,1,9.489961992702219e-05,1865,0.004555181756497065,True
GaussianBudget75M_LinearMinTime,Hawkins_2022-CASRF-000156,20220323,21,pyrologix,2,40-22,2022,0.0,0.0024631069973111153,0,drone,1,9.489961992702219e-05,830,0.003795984797080888,True
GaussianBudget75M_LinearMinTime,Hayward__2022-CASHF-000438,20220528,17,pyrologix,9,42-34,2022,0.0,0.004326273920014501,0,drone,1,9.489961992702219e-05,3805,0.004460282136570043,True
GaussianBudget75M_LinearMinTime,Hideaway_2022-CAPNF-001728,20220901,23,pyrologix,10,65-55,2022,0.0,0.0047106570564210415,0,drone,1,9.489961992702219e-05,3725,0.004460282136570043,True
GaussianBudget75M_LinearMinTime,Highway_2022-CASRF-000597,20220731,1,pyrologix,10,26-25,2022,0.0,0.0027552939718589187,0,drone,1,9.489961992702219e-05,3885,0.004270482896715999,True
GaussianBudget75M_LinearMinTime,Hill__2022-CAPNF-001217,20220720,19,pyrologix,3,72-57,2022,0.0,0.004901667940430343,1,drone,1,9.489961992702219e-05,1570,0.003985784036934932,True
GaussianBudget75M_LinearMinTime,Hirz_2022-CASHF-000974,20220912,0,pyrologix,7,42-41,2022,0.0,0.0038878540508449078,0,drone,1,9.489961992702219e-05,2835,0.004460282136570043,True
GaussianBudget75M_LinearMinTime,Honey_2022-CAPNF-001729,20220901,13,pyrologix,1,63-64,2022,0.0,0.017963711987249553,-1,undetected,1,9.489961992702219e-05,2605,0.004175583276788976,True
GaussianBudget75M_LinearMinTime,Howard_2022-CALPF-000943,20220515,18,pyrologix,7,none,2022,0.0,0.002091450965963304,-1,undetected,1,9.489961992702219e-05,0,0.0,False
GaussianBudget75M_LinearMinTime,Howard_2_2022-CALPF-002477,20221008,17,pyrologix,12,none,2022,0.0,0.002185832941904664,-1,undetected,1,9.489961992702219e-05,0,0.0,False
GaussianBudget75M_LinearMinTime,Hudson_2022-CALPF-002367,20220925,22,pyrologix,7,none,2022,0.0,0.0020433180034160614,-1,undetected,1,9.489961992702219e-05,0,0.0,False
GaussianBudget75M_LinearMinTime,Hudson__2022-CAPNF-001089,20220707,17,pyrologix,11,65-55,2022,0.0,0.005131280981004238,0,drone,1,9.489961992702219e-05,4115,0.004460282136570043,True
GaussianBudget75M_LinearMinTime,IDA_2022-CASTF-001696,20220905,22,pyrologix,5,108-64,2022,0.0,0.00462551205419004,0,drone,1,9.489961992702219e-05,2405,0.004270482896715999,True
GaussianBudget75M_LinearMinTime,INCINERATOR_2022-CAANF-003654,20221123,10,pyrologix,4,none,2022,0.0,0.0024253259180113673,-1,undetected,1,9.489961992702219e-05,0,0.0,False
GaussianBudget75M_LinearMinTime,INDEPENDENCE_2022-CATNF-000916,20220721,22,pyrologix,6,84-67,2022,0.0,0.003646634053438902,0,drone,1,9.489961992702219e-05,2520,0.004270482896715999,True
GaussianBudget75M_LinearMinTime,INSPIRATION_2022-CABDF-011986,20220812,22,pyrologix,5,none,2022,0.0,0.0021246260730549693,-1,undetected,1,9.489961992702219e-05,0,0.0,False
GaussianBudget75M_LinearMinTime,INTAKE_2022-CABDF-004376,20220304,13,pyrologix,8,206-88,2022,0.0,0.0034486129879951477,0,drone,1,9.489961992702219e-05,3075,0.004175583276788976,True
GaussianBudget75M_LinearMinTime,ISLAND_DR__FOREST_FALLS_2022-CABDU-006622,20220514,14,pyrologix,6,none,2022,0.0,0.0027477049734443426,-1,undetected,1,9.489961992702219e-05,0,0.0,False
GaussianBudget75M_LinearMinTime,Independence_2022-CALPF-001483,20220705,16,pyrologix,4,none,2022,0.0,0.002148633007891476,-1,undetected,1,9.489961992702219e-05,0,0.0,False
GaussianBudget75M_LinearMinTime,JACK_2022-CASQF-001260,20220623,18,pyrologix,4,172-74,2022,0.0,0.017921880003996193,-1,undetected,1,9.489961992702219e-05,845,0.003795984797080888,True
GaussianBudget75M_LinearMinTime,JACOBY_2022-CABDF-010878,20220715,21,pyrologix,7,none,2022,0.0,0.0021345620043575764,-1,undetected,1,9.489961992702219e-05,0,0.0,False
GaussianBudget75M_LinearMinTime,JANESVILLE_2022-CALMU-003556,20220712,18,pyrologix,9,63-64,2022,0.0,0.004417778924107552,0,drone,1,9.489961992702219e-05,3605,0.004175583276788976,True
GaussianBudget75M_LinearMinTime,JIM_2022-CACNF-000406,20220302,17,pyrologix,4,none,2022,0.0,0.0020748500246554613,-1,undetected,1,9.489961992702219e-05,0,0.0,False
GaussianBudget75M_LinearMinTime,JOHNSON_2022-CAANF-001432,20220522,14,pyrologix,7,none,2022,0.0,0.0025806529447436333,-1,undetected,1,9.489961992702219e-05,0,0.0,False
GaussianBudget75M_LinearMinTime,JUAN_DIEGO_FLATS_RD___TRIPP_FLATS_RD_2022-CARRU-129826,20220906,22,pyrologix,7,225-101,2022,0.0,0.00354551593773067,0,drone,1,9.489961992702219e-05,2665,0.004555181756497065,True
GaussianBudget75M_LinearMinTime,JUNCTION_2022-CABDF-011531,20220730,21,pyrologix,2,none,2022,0.0,0.002165997982956469,-1,undetected,1,9.489961992702219e-05,0,0.0,False
GaussianBudget75M_LinearMinTime,JUNCTION_2022-CAINF-000983,20220601,21,pyrologix,5,none,2022,0.0,0.0021889060735702515,-1,undetected,1,9.489961992702219e-05,0,0.0,False
GaussianBudget75M_LinearMinTime,JUNE_ABC_MISC_2022-CASNF-000601,20220622,17,pyrologix,9,140-65,2022,5061.751728298026,0.0033378340303897858,0,drone,1,9.489961992702219e-05,3375,0.004365382516643021,True
GaussianBudget75M_LinearMinTime,JUNIPER_2022-CABDF-013538,20220925,17,pyrologix,1,none,2022,0.0,0.0023281769827008247,-1,undetected,1,9.489961992702219e-05,0,0.0,False
GaussianBudget75M_LinearMinTime,Jay_2022-CACNF-000248,20220207,15,pyrologix,2,none,2022,0.0,0.0021862549474462867,-1,undetected,1,9.489961992702219e-05,0,0.0,False
GaussianBudget75M_LinearMinTime,Jiggs_2022-CASRF-000658,20220813,23,pyrologix,7,47-21,2022,0.0,0.011258941027335823,3,drone,1,9.489961992702219e-05,3710,0.0046500813764240876,True
GaussianBudget75M_LinearMinTime,KAGEL_2022-CAANF-003199,20220928,19,pyrologix,3,none,2022,0.0,0.002238469081930816,-1,undetected,1,9.489961992702219e-05,0,0.0,False
GaussianBudget75M_LinearMinTime,KATE__2022-CAANF-002802,20220825,20,pyrologix,11,206-87,2022,0.0,0.018621029914356768,-1,undetected,1,9.489961992702219e-05,1525,0.004270482896715999,True
GaussianBudget75M_LinearMinTime,KAWEAH_2022-CASQF-002717,20221026,18,pyrologix,7,none,2022,0.0,0.002207291079685092,-1,undetected,1,9.489961992702219e-05,0,0.0,False
GaussianBudget75M_LinearMinTime,KELSEY_2022-CAKNF-006273,20220731,22,pyrologix,12,24-35,2022,0.0,0.018963789916597307,-1,undetected,1,9.489961992702219e-05,7770,0.004555181756497065,True
GaussianBudget75M_LinearMinTime,KEMPER_2022-CAKNF-007075,20220819,20,pyrologix,9,16-26,2022,0.0,0.0038844499504193664,0,drone,1,9.489961992702219e-05,3785,0.004555181756497065,True
GaussianBudget75M_LinearMinTime,KENTUCKY_2022-CAENF-021272,20220803,0,pyrologix,2,93-54,2022,0.0,0.007488153059966862,1,drone,1,9.489961992702219e-05,1615,0.00389088441700791,True
GaussianBudget75M_LinearMinTime,KITCHEN__018_2022-CACNF-001552,20220704,21,pyrologix,7,none,2022,0.0,0.002422642079181969,-1,undetected,1,9.489961992702219e-05,0,0.0,False
GaussianBudget75M_LinearMinTime,KNOB_2022-CABDF-009772,20220623,4,pyrologix,4,206-88,2022,0.0,0.0023605049354955554,0,drone,1,9.489961992702219e-05,1615,0.003795984797080888,True
GaussianBudget75M_LinearMinTime,KYBURZ_2022-CAENF-017348,20220701,12,pyrologix,11,97-60,2022,0.0,0.004641138948500156,0,drone,1,9.489961992702219e-05,4510,0.004460282136570043,True
GaussianBudget75M_LinearMinTime,Keddie_2022-CAPNF-001370,20220730,23,pyrologix,1,65-55,2022,0.0,0.003136881976388395,0,drone,1,9.489961992702219e-05,630,0.004175583276788976,True
GaussianBudget75M_LinearMinTime,L-1_WARNER_2022-CALNF-004077,20220802,16,pyrologix,10,58-54,2022,0.0,0.0041336690774187446,0,drone,1,9.489961992702219e-05,3880,0.004365382516643021,True
GaussianBudget75M_LinearMinTime,LAC-006523_2022-CALAC-006523,20220106,2,pyrologix,6,none,2022,0.0,0.0022111349971964955,-1,undetected,1,9.489961992702219e-05,0,0.0,False
GaussianBudget75M_LinearMinTime,LAC-046964_2022-CALAC-046964,20220207,20,pyrologix,11,none,2022,0.0,0.002101646037772298,-1,undetected,1,9.489961992702219e-05,0,0.0,False
GaussianBudget75M_LinearMinTime,LAC-061064_2022-CALAC-061064,20220218,17,pyrologix,6,none,2022,0.0,0.0021173820132389665,-1,undetected,1,9.489961992702219e-05,0,0.0,False
GaussianBudget75M_LinearMinTime,LAC-090300_2022-CALAC-090300,20220316,2,pyrologix,7,none,2022,0.0,0.0021972249960526824,-1,undetected,1,9.489961992702219e-05,0,0.0,False
GaussianBudget75M_LinearMinTime,LAC-160812_2022-CALAC-160812,20220515,23,pyrologix,9,none,2022,0.0,0.0021858339896425605,-1,undetected,1,9.489961992702219e-05,0,0.0,False
GaussianBudget75M_LinearMinTime,LAC-179624_2022-CALAC-179624,20220531,20,pyrologix,12,206-88,2022,0.0,0.005167869967408478,0,drone,1,9.489961992702219e-05,4850,0.004175583276788976,True
GaussianBudget75M_LinearMinTime,LAC-246041_2022-CALAC-246041,20220723,10,pyrologix,11,none,2022,0.0,0.0022712330101057887,-1,undetected,1,9.489961992702219e-05,0,0.0,False
GaussianBudget75M_LinearMinTime,LAC-382748_2022-CALAC-382748,20221110,12,pyrologix,11,none,2022,0.0,0.0024017810355871916,-1,undetected,1,9.489961992702219e-05,0,0.0,False
GaussianBudget75M_LinearMinTime,LAC-403372_2022-CALAC-403372,20221127,23,pyrologix,2,none,2022,0.0,0.002082941005937755,-1,undetected,1,9.489961992702219e-05,0,0.0,False
GaussianBudget75M_LinearMinTime,LAGO_2022-CAANF-003186,20220926,12,pyrologix,11,none,2022,0.0,0.002100970013998449,-1,undetected,1,9.489961992702219e-05,0,0.0,False
GaussianBudget75M_LinearMinTime,LAKEHEAD_2022-CASHF-000793,20220807,22,pyrologix,2,42-41,2022,0.0,0.009349858039058745,2,drone,1,9.489961992702219e-05,1835,0.004270482896715999,True
GaussianBudget75M_LinearMinTime,LAKE_2022-CASHF-000461,20220601,15,pyrologix,10,35-43,2022,0.0,0.0037549700355157256,0,drone,1,9.489961992702219e-05,3630,0.003985784036934932,True
GaussianBudget75M_LinearMinTime,LAKE_2022-CATNF-001256,20220830,18,pyrologix,12,84-67,2022,0.0,0.003379441099241376,0,drone,1,9.489961992702219e-05,4660,0.004365382516643021,True
GaussianBudget75M_LinearMinTime,LANE_2022-CABDF-013734,20221001,18,pyrologix,6,none,2022,0.0,0.0021606499794870615,-1,undetected,1,9.489961992702219e-05,0,0.0,False
GaussianBudget75M_LinearMinTime,LAVA_2022-CALNF-005466,20221006,20,pyrologix,5,44-54,2022,0.0,0.008200058015063405,2,drone,1,9.489961992702219e-05,2775,0.004555181756497065,True
GaussianBudget75M_LinearMinTime,LAVA__2022-CAMDF-000214,20220607,16,pyrologix,12,38-63,2022,0.0,0.019763268996030092,-1,undetected,1,9.489961992702219e-05,6620,0.0040806836568619545,True
GaussianBudget75M_LinearMinTime,LEAF_2022-CATMU-020809,20220730,20,pyrologix,9,none,2022,0.0,0.002170050051063299,-1,undetected,1,9.489961992702219e-05,0,0.0,False
GaussianBudget75M_LinearMinTime,LEAF_2022-CATMU-028133,20221001,21,pyrologix,1,none,2022,0.0,0.0021097949938848615,-1,undetected,1,9.489961992702219e-05,0,0.0,False
GaussianBudget75M_LinearMinTime,LEONI_2022-CAENF-013935,20220530,19,pyrologix,2,97-60,2022,0.0,0.004353718017227948,0,drone,1,9.489961992702219e-05,1225,0.0040806836568619545,True
GaussianBudget75M_LinearMinTime,LEWIS_2022-CASNF-000452,20220528,20,pyrologix,4,128-67,2022,0.0,0.0048699380131438375,1,drone,1,9.489961992702219e-05,1925,0.003511285937299821,True
GaussianBudget75M_LinearMinTime,LICK_2022-CASHF-001145,20221021,11,pyrologix,12,47-27,2022,0.0,0.004168814048171043,0,drone,1,9.489961992702219e-05,4450,0.004555181756497065,True
GaussianBudget75M_LinearMinTime,LIGHTNING_2022-CACNF-001398,20220623,21,pyrologix,10,none,2022,0.0,0.0021805730648338795,-1,undetected,1,9.489961992702219e-05,0,0.0,False
GaussianBudget75M_LinearMinTime,LILLY_2022-CAKNF-006430,20220803,22,pyrologix,6,35-36,2022,0.0,0.01888926199171692,-1,undetected,1,9.489961992702219e-05,4670,0.004175583276788976,True
GaussianBudget75M_LinearMinTime,LINE_2022-CAINF-001655,20220802,22,pyrologix,8,none,2022,0.0,0.0022012710105627775,-1,undetected,1,9.489961992702219e-05,0,0.0,False
GaussianBudget75M_LinearMinTime,LION_2022-CAENF-007455,20220320,17,pyrologix,10,93-54,2022,0.0,0.003259813995100558,0,drone,1,9.489961992702219e-05,4160,0.003985784036934932,True
GaussianBudget75M_LinearMinTime,LISA_2022-CALAC-213820,20220627,22,pyrologix,2,none,2022,0.0,0.0021721289958804846,-1,undetected,1,9.489961992702219e-05,0,0.0,False
GaussianBudget75M_LinearMinTime,LITTLE_2022-CAKNF-001539,20220226,15,pyrologix,10,21-28,2022,0.0,0.003426923998631537,0,drone,1,9.489961992702219e-05,3525,0.0046500813764240876,True
GaussianBudget75M_LinearMinTime,LITTLE_2022-CASHF-000763,20220804,22,pyrologix,6,35-43,2022,0.0,0.005026521044783294,1,drone,1,9.489961992702219e-05,2520,0.003985784036934932,True
GaussianBudget75M_LinearMinTime,LOBO_2022-CABDF-014357,20221016,11,pyrologix,7,none,2022,0.0,0.002166703110560775,-1,undetected,1,9.489961992702219e-05,0,0.0,False
GaussianBudget75M_LinearMinTime,LOFT_2022-CASNF-001642,20221125,19,pyrologix,4,128-67,2022,0.0,0.002011858974583447,0,drone,1,9.489961992702219e-05,1545,0.0034163863173727986,True
GaussianBudget75M_LinearMinTime,LOG_2022-CAANF-003645,20221122,1,pyrologix,8,206-87,2022,0.0,0.019102392019703984,-1,undetected,1,9.489961992702219e-05,1525,0.004270482896715999,True
GaussianBudget75M_LinearMinTime,LOG_2022-CATMU-030995,20221029,11,pyrologix,8,none,2022,0.0,0.00223008100874722,-1,undetected,1,9.489961992702219e-05,0,0.0,False
GaussianBudget75M_LinearMinTime,LONE_2022-CABDF-013461,20220923,22,pyrologix,1,206-88,2022,0.0,0.002124959952197969,0,drone,1,9.489961992702219e-05,535,0.0033214866974457763,True
GaussianBudget75M_LinearMinTime,LONE_2022-CAMDF-000514,20220731,22,pyrologix,4,none,2022,0.0,0.002198705915361643,-1,undetected,1,9.489961992702219e-05,0,0.0,False
GaussianBudget75M_LinearMinTime,LONGEST_2022-CABTU-015806,20220901,20,pyrologix,4,72-44,2022,2540.341239136993,0.00300030002836138,0,drone,1,9.489961992702219e-05,1710,0.003511285937299821,True
GaussianBudget75M_LinearMinTime,LONG_2022-CABDF-009757,20220622,17,pyrologix,11,none,2022,0.0,0.0023692279355600476,-1,undetected,1,9.489961992702219e-05,0,0.0,False
GaussianBudget75M_LinearMinTime,LONG_2022-CACNF-001399,20220623,2,pyrologix,3,none,2022,0.0,0.0023399669444188476,-1,undetected,1,9.489961992702219e-05,0,0.0,False
GaussianBudget75M_LinearMinTime,LONG_2022-CAENF-018477,20220710,17,pyrologix,10,90-60,2022,0.0,0.0033715449972078204,0,drone,1,9.489961992702219e-05,4245,0.004460282136570043,True
GaussianBudget75M_LinearMinTime,LONG_2022-CAINF-002266,20221021,19,pyrologix,10,none,2022,0.0,0.002763599972240627,-1,undetected,1,9.489961992702219e-05,0,0.0,False
GaussianBudget75M_LinearMinTime,LONG_2022-CAMDF-000652,20220809,9,pyrologix,7,none,2022,0.0,0.0022877409355714917,-1,undetected,1,9.489961992702219e-05,0,0.0,False
GaussianBudget75M_LinearMinTime,LOOKOUT_2022-CAKNF-007055,20220818,9,pyrologix,12,21-28,2022,0.0,0.0032308180816471577,0,drone,1,9.489961992702219e-05,4260,0.0046500813764240876,True
GaussianBudget75M_LinearMinTime,LOOP_2022-CAINF-001592,20220727,19,pyrologix,11,none,2022,0.0,0.002159919939003885,-1,undetected,1,9.489961992702219e-05,0,0.0,False
GaussianBudget75M_LinearMinTime,LOOP_2022-CALNF-003465,20220708,18,pyrologix,4,51-53,2022,0.0,0.0030180320609360933,0,drone,1,9.489961992702219e-05,1755,0.00389088441700791,True
GaussianBudget75M_LinearMinTime,LOPEZ_2022-CALPF-001155,20220606,19,pyrologix,7,none,2022,0.0,0.0022193939657881856,-1,undetected,1,9.489961992702219e-05,0,0.0,False
GaussianBudget75M_LinearMinTime,LOST_2022-CATNF-000633,20220617,17,pyrologix,10,90-60,2022,0.0,0.00452567997854203,0,drone,1,9.489961992702219e-05,4485,0.004460282136570043,True
GaussianBudget75M_LinearMinTime,LOS_PINOS_2022-CAORC-149035,20221106,19,pyrologix,1,none,2022,0.0,0.00219731405377388,-1,undetected,1,9.489961992702219e-05,0,0.0,False
GaussianBudget75M_LinearMinTime,LOT_2022-CACNF-001168,20220604,3,pyrologix,6,none,2022,0.0,0.0021822029957547784,-1,undetected,1,9.489961992702219e-05,0,0.0,False
GaussianBudget75M_LinearMinTime,LOVER_2022-CAKNF-006225,20220730,16,pyrologix,2,21-28,2022,0.0,0.0037687979638576508,0,drone,1,9.489961992702219e-05,1045,0.004175583276788976,True
GaussianBudget75M_LinearMinTime,LOWER_2022-CASHF-000205,20220322,13,pyrologix,7,42-41,2022,0.0,0.006231034989468753,1,drone,1,9.489961992702219e-05,3075,0.004460282136570043,True
GaussianBudget75M_LinearMinTime,LUPINE_2022-CAPNF-004737,20220901,10,pyrologix,1,63-64,2022,0.0,0.017569828080013394,-1,undetected,1,9.489961992702219e-05,2605,0.004175583276788976,True
GaussianBudget75M_LinearMinTime,LYON_2022-CATGU-011292,20220922,13,pyrologix,9,62-48,2022,0.0,0.011185026029124856,2,drone,1,9.489961992702219e-05,4210,0.0046500813764240876,True
GaussianBudget75M_LinearMinTime,Lamb_Gap_2022-CASRF-000223,20220414,9,pyrologix,11,47-21,2022,0.0,0.004802861018106341,0,drone,1,9.489961992702219e-05,4180,0.0046500813764240876,True
GaussianBudget75M_LinearMinTime,Lamoine_2022-CASHF-000626,20220711,12,pyrologix,11,42-41,2022,0.0,0.004483047989197075,0,drone,1,9.489961992702219e-05,4270,0.004460282136570043,True
GaussianBudget75M_LinearMinTime,Lane_2022-CAPNF-002293,20221029,18,pyrologix,5,72-57,2022,0.0,0.0025294130900874734,0,drone,1,9.489961992702219e-05,1970,0.003985784036934932,True
GaussianBudget75M_LinearMinTime,Laporte_2022-CAPNF-001155,20220715,11,pyrologix,4,76-51,2022,0.0,0.009416633984073997,2,drone,1,9.489961992702219e-05,2780,0.003795984797080888,True
GaussianBudget75M_LinearMinTime,Little_2022-CAPNF-001818,20220907,16,pyrologix,8,80-58,2022,0.0,0.01820883504115045,-1,undetected,1,9.489961992702219e-05,2225,0.004270482896715999,True
GaussianBudget75M_LinearMinTime,MADERA_2022-CASNF-001023,20220811,15,pyrologix,4,132-72,2022,0.0,0.0020974569488316774,0,drone,1,9.489961992702219e-05,1915,0.003511285937299821,True
GaussianBudget75M_LinearMinTime,MANOR_2022-CABDF-013776,20221002,15,pyrologix,8,206-88,2022,0.0,0.004643050022423267,0,drone,1,9.489961992702219e-05,3315,0.004175583276788976,True
GaussianBudget75M_LinearMinTime,MANZANITA_2022-CABDF-013457,20220923,18,pyrologix,9,none,2022,0.0,0.00200165796559304,-1,undetected,1,9.489961992702219e-05,0,0.0,False
GaussianBudget75M_LinearMinTime,MAPLE_1_2022-CACNF-001291,20220614,11,pyrologix,11,none,2022,0.0,0.0020841469522565603,-1,undetected,1,9.489961992702219e-05,0,0.0,False
GaussianBudget75M_LinearMinTime,MAPLE_2022-CAORC-076966,20220614,16,pyrologix,1,none,2022,0.0,0.002115085022523999,-1,undetected,1,9.489961992702219e-05,0,0.0,False
GaussianBudget75M_LinearMinTime,MAPLE_2_2022-CACNF-001295,20220614,11,pyrologix,11,none,2022,0.0,0.0020946048898622394,-1,undetected,1,9.489961992702219e-05,0,0.0,False
GaussianBudget75M_LinearMinTime,MAPLE_3_2022-CACNF-001296,20220614,14,pyrologix,5,none,2022,0.0,0.002315531950443983,-1,undetected,1,9.489961992702219e-05,0,0.0,False
GaussianBudget75M_LinearMinTime,MARICOPA_2022-CALPF-001282,20220618,9,pyrologix,7,none,2022,0.0,0.0020192319061607122,-1,undetected,1,9.489961992702219e-05,0,0.0,False
GaussianBudget75M_LinearMinTime,MARION_2022-CABDF-007214,20220424,11,pyrologix,5,none,2022,0.0,0.0020859810756519437,-1,undetected,1,9.489961992702219e-05,0,0.0,False
GaussianBudget75M_LinearMinTime,MARIPOSA_2022-CABDF-005080,20220317,21,pyrologix,7,206-88,2022,0.0,0.004047289025038481,0,drone,1,9.489961992702219e-05,2845,0.004175583276788976,True
GaussianBudget75M_LinearMinTime,MARSHALL_2022-CASTF-001862,20220923,23,pyrologix,2,108-64,2022,0.0,0.008577220956794918,2,drone,1,9.489961992702219e-05,1790,0.004270482896715999,True
GaussianBudget75M_LinearMinTime,MASON_2022-CATNF-000101,20220210,19,pyrologix,4,84-67,2022,0.0,0.003165978007018566,0,drone,1,9.489961992702219e-05,1720,0.004270482896715999,True
GaussianBudget75M_LinearMinTime,MATTRESS_2022-CAANF-002237,20220716,2,pyrologix,2,none,2022,0.0,0.0020890430314466357,-1,undetected,1,9.489961992702219e-05,0,0.0,False
GaussianBudget75M_LinearMinTime,MAXWELL_2022-CASHU-009929,20220907,8,pyrologix,11,47-27,2022,0.0,0.0052633549785241485,0,drone,1,9.489961992702219e-05,4270,0.004555181756497065,True
GaussianBudget75M_LinearMinTime,MCGEE_2022-CAINF-001072,20220612,12,pyrologix,11,none,2022,0.0,0.0020466939313337207,-1,undetected,1,9.489961992702219e-05,0,0.0,False
GaussianBudget75M_LinearMinTime,MCGINTY_2022-CAMDF-000569,20220804,15,pyrologix,9,none,2022,0.0,0.0021436349488794804,-1,undetected,1,9.489961992702219e-05,0,0.0,False
GaussianBudget75M_LinearMinTime,MCKINLEY_2022-CASNF-001368,20220915,13,pyrologix,11,140-71,2022,0.0,0.0031678160885348916,0,drone,1,9.489961992702219e-05,4390,0.004555181756497065,True
GaussianBudget75M_LinearMinTime,MCKINNEY_2022-CAKNF-006177,20220729,18,pyrologix,6,18-37,2022,0.0,0.0047686019679531455,0,drone,1,9.489961992702219e-05,2505,0.0036061855572268433,True
GaussianBudget75M_LinearMinTime,MCNEAL_2022-CAKNF-006262,20220731,22,pyrologix,7,33-23,2022,0.0,0.0030901560094207525,0,drone,1,9.489961992702219e-05,2605,0.0046500813764240876,True
GaussianBudget75M_LinearMinTime,MEADOW_2022-CAENF-021439,20220804,14,pyrologix,11,105-63,2022,0.0,0.019068063935264945,-1,undetected,1,9.489961992702219e-05,6970,0.004365382516643021,True
GaussianBudget75M_LinearMinTime,MEADOW_2022-CAINF-001681,20220804,21,pyrologix,8,none,2022,0.0,0.0022028309758752584,-1,undetected,1,9.489961992702219e-05,0,0.0,False
GaussianBudget75M_LinearMinTime,MEADOW_2022-CASQF-000245,20220219,17,pyrologix,7,none,2022,0.0,0.002114224946126342,-1,undetected,1,9.489961992702219e-05,0,0.0,False
GaussianBudget75M_LinearMinTime,MEADOW_2022-CATNF-001095,20220809,18,pyrologix,12,80-58,2022,0.0,0.0029406609246507287,0,drone,1,9.489961992702219e-05,2225,0.004270482896715999,True
GaussianBudget75M_LinearMinTime,MERRIL_2022-CATNF-001579,20221019,12,pyrologix,11,80-65,2022,0.0,0.004901841981336474,0,drone,1,9.489961992702219e-05,4270,0.0046500813764240876,True
GaussianBudget75M_LinearMinTime,MEYERS_2022-CABDF-011208,20220722,0,pyrologix,7,none,2022,0.0,0.0020612659864127636,-1,undetected,1,9.489961992702219e-05,0,0.0,False
GaussianBudget75M_LinearMinTime,MEYER_2022-CABDF-012989,20220907,20,pyrologix,12,none,2022,0.0,0.002307504997588694,-1,undetected,1,9.489961992702219e-05,0,0.0,False
GaussianBudget75M_LinearMinTime,MIDPINES_2022-CAMMU-014808,20220707,18,pyrologix,6,125-65,2022,0.0,0.003364218049682677,0,drone,1,9.489961992702219e-05,2385,0.004270482896715999,True
GaussianBudget75M_LinearMinTime,MIDPINES_2022-CAMMU-015084,20220710,15,pyrologix,12,125-65,2022,0.0,0.007368396036326885,1,drone,1,9.489961992702219e-05,5015,0.004555181756497065,True
GaussianBudget75M_LinearMinTime,MILITARY_2022-CAKNF-010677,20221125,15,pyrologix,9,28-45,2022,0.0,0.008377049001865089,2,drone,1,9.489961992702219e-05,3995,0.004365382516643021,True
GaussianBudget75M_LinearMinTime,MILLARD_2022-CAANF-001239,20220504,23,pyrologix,10,none,2022,0.0,0.0022418280132114887,-1,undetected,1,9.489961992702219e-05,0,0.0,False
GaussianBudget75M_LinearMinTime,MILLER_2022-CABDF-007690,20220507,5,pyrologix,8,206-88,2022,0.0,0.0031501189805567265,0,drone,1,9.489961992702219e-05,3075,0.004175583276788976,True
GaussianBudget75M_LinearMinTime,MILL_2022-CAKNF-001285,20220218,1,pyrologix,1,24-35,2022,0.0,0.003262098995037377,0,drone,1,9.489961992702219e-05,665,0.003226587077518755,True
GaussianBudget75M_LinearMinTime,MILL_2022-CASQF-001258,20220623,18,pyrologix,3,174-77,2022,0.0,0.004134539980441332,0,drone,1,9.489961992702219e-05,1460,0.004365382516643021,True
GaussianBudget75M_LinearMinTime,MILL_2022-CASTF-001171,20220715,19,pyrologix,4,108-64,2022,0.0,0.0045857359655201435,1,drone,1,9.489961992702219e-05,2080,0.004270482896715999,True
GaussianBudget75M_LinearMinTime,MILL__2022-CATGU-008572,20220719,1,pyrologix,2,55-47,2022,0.0,0.01810996700078249,-1,undetected,1,9.489961992702219e-05,1095,0.003985784036934932,True
GaussianBudget75M_LinearMinTime,MINERAL_2022-CATGU-011262,20220921,19,pyrologix,9,55-47,2022,0.0,0.018675302038900554,-1,undetected,1,9.489961992702219e-05,1095,0.003985784036934932,True
GaussianBudget75M_LinearMinTime,MM_10_2022-CASRF-000513,20220712,17,pyrologix,4,none,2022,0.0,0.002069212030619383,-1,undetected,1,9.489961992702219e-05,0,0.0,False
GaussianBudget75M_LinearMinTime,MONACHE_2022-CAINF-001667,20220802,17,pyrologix,9,164-82,2022,0.0,0.007872993010096252,1,drone,1,9.489961992702219e-05,4220,0.004460282136570043,True
GaussianBudget75M_LinearMinTime,MONO_2022-CAINF-001496,20220717,14,pyrologix,10,none,2022,0.0,0.002128046005964279,-1,undetected,1,9.489961992702219e-05,0,0.0,False
GaussianBudget75M_LinearMinTime,MONTE_2022-CAANF-003443,20221026,14,pyrologix,5,none,2022,0.0,0.0021705339895561337,-1,undetected,1,9.489961992702219e-05,0,0.0,False
GaussianBudget75M_LinearMinTime,MONTREAL_2022-CAAEU-029415,20221014,5,pyrologix,2,none,2022,0.0,0.0021342700347304344,-1,undetected,1,9.489961992702219e-05,0,0.0,False
GaussianBudget75M_LinearMinTime,MOON_2022-CASNF-000691,20220703,20,pyrologix,10,128-67,2022,0.0,0.006259141024202108,1,drone,1,9.489961992702219e-05,4195,0.004365382516643021,True
GaussianBudget75M_LinearMinTime,MOORES_2022-CANEU-029518,20221028,9,pyrologix,11,79-56,2022,0.0,0.0031089200638234615,0,drone,1,9.489961992702219e-05,4105,0.0046500813764240876,True
GaussianBudget75M_LinearMinTime,MOORES_2022-CATNF-001612,20221028,14,pyrologix,1,79-56,2022,0.0,0.0030758900102227926,0,drone,1,9.489961992702219e-05,630,0.0034163863173727986,True
GaussianBudget75M_LinearMinTime,MORRIS_2022-CAANF-002629,20220812,1,pyrologix,3,none,2022,0.0,0.0023378139594569802,-1,undetected,1,9.489961992702219e-05,0,0.0,False
GaussianBudget75M_LinearMinTime,MORRIS_2022-CALAC-270672,20220812,2,pyrologix,1,none,2022,0.0,0.0020136249950155616,-1,undetected,1,9.489961992702219e-05,0,0.0,False
GaussianBudget75M_LinearMinTime,MOSQUITO_2022-CASTF-001234,20220721,15,pyrologix,6,108-64,2022,0.0,0.0197835749713704,-1,undetected,1,9.489961992702219e-05,4740,0.004555181756497065,True
GaussianBudget75M_LinearMinTime,MOSQUITO_2022-CATNF-001371,20220907,20,pyrologix,10,93-54,2022,0.0,0.004832853912375867,0,drone,1,9.489961992702219e-05,4365,0.003985784036934932,True
GaussianBudget75M_LinearMinTime,MOUNTAIN_2022-CASHF-000775,20220805,1,pyrologix,12,42-41,2022,0.0,0.008099024067632854,1,drone,1,9.489961992702219e-05,5065,0.004460282136570043,True
GaussianBudget75M_LinearMinTime,MULCH_2022-CALNF-003356,20220702,20,pyrologix,1,none,2022,0.0,0.0020757430465891957,-1,undetected,1,9.489961992702219e-05,0,0.0,False
GaussianBudget75M_LinearMinTime,MULE_2022-CASQF-002110,20220819,16,pyrologix,10,165-77,2022,0.0,0.002864571986719966,0,drone,1,9.489961992702219e-05,3465,0.0046500813764240876,True
GaussianBudget75M_LinearMinTime,MUNSON_2022-CAENF-028534,20221006,0,pyrologix,1,105-63,2022,0.0,0.009242011001333594,2,drone,1,9.489961992702219e-05,1520,0.00389088441700791,True
GaussianBudget75M_LinearMinTime,MUNZ_2022-CAANF-003073,20220913,16,pyrologix,11,none,2022,0.0,0.0021309739677235484,-1,undetected,1,9.489961992702219e-05,0,0.0,False
GaussianBudget75M_LinearMinTime,MUNZ_2022-CALAC-313159,20220913,16,pyrologix,11,none,2022,0.0,0.0022379759466275573,-1,undetected,1,9.489961992702219e-05,0,0.0,False
GaussianBudget75M_LinearMinTime,MURPHY_2022-CASQF-002470,20220921,15,pyrologix,11,174-77,2022,0.0,0.004688004031777382,0,drone,1,9.489961992702219e-05,4115,0.0046500813764240876,True
GaussianBudget75M_LinearMinTime,MUTUAL_AID_TERRAZA_2022-CACNF-000725,20220419,20,pyrologix,5,228-94,2022,0.0,0.005253390991128981,1,drone,1,9.489961992702219e-05,2385,0.00389088441700791,True
GaussianBudget75M_LinearMinTime,Marian_2022-CALPF-001794,20220803,13,pyrologix,8,none,2022,0.0,0.0025266140000894666,-1,undetected,1,9.489961992702219e-05,0,0.0,False
GaussianBudget75M_LinearMinTime,Medicine_2022-CASRF-000602,20220801,16,pyrologix,12,26-25,2022,0.0,0.01921791397035122,-1,undetected,1,9.489961992702219e-05,6930,0.004365382516643021,True
GaussianBudget75M_LinearMinTime,Mutual_Aid_SERE_2022-CACNF-000268,20220210,11,pyrologix,9,230-98,2022,0.0,0.005868893000297248,1,drone,1,9.489961992702219e-05,3630,0.004555181756497065,True
GaussianBudget75M_LinearMinTime,NAVAJO_2022-CALPF-000869,20220508,16,pyrologix,10,none,2022,0.0,0.0021449580090120435,-1,undetected,1,9.489961992702219e-05,0,0.0,False
GaussianBudget75M_LinearMinTime,NELSON_2022-CASHF-000649,20220715,16,pyrologix,10,41-47,2022,0.0,0.002794026047922671,0,drone,1,9.489961992702219e-05,1590,0.004270482896715999,True
GaussianBudget75M_LinearMinTime,NEY_2022-CASHF-000718,20220728,0,pyrologix,1,35-43,2022,0.0,0.0024756970815360546,0,drone,1,9.489961992702219e-05,530,0.0036061855572268433,True
GaussianBudget75M_LinearMinTime,NOBLETT_2022-CAANF-001730,20220614,23,pyrologix,7,none,2022,0.0,0.002390779904089868,-1,undetected,1,9.489961992702219e-05,0,0.0,False
GaussianBudget75M_LinearMinTime,NOBLE_2022-CACNF-001459,20220626,20,pyrologix,7,none,2022,0.0,0.00206472200807184,-1,undetected,1,9.489961992702219e-05,0,0.0,False
GaussianBudget75M_LinearMinTime,NOB_HILL_2022-CABDF-012884,20220904,20,pyrologix,2,none,2022,0.0,0.002117231022566557,-1,undetected,1,9.489961992702219e-05,0,0.0,False
GaussianBudget75M_LinearMinTime,NON-REPORTABLE_2022-CAANF-001293,20220509,12,pyrologix,12,none,2022,0.0,0.0021942119346931577,-1,undetected,1,9.489961992702219e-05,0,0.0,False
GaussianBudget75M_LinearMinTime,NON-REPORTABLE_2022-CAANF-003057,20220912,13,pyrologix,9,206-87,2022,0.0,0.018875134992413223,-1,undetected,1,9.489961992702219e-05,1525,0.004270482896715999,True
GaussianBudget75M_LinearMinTime,NON-_REPORTABLE_2022-CAANF-002824,20220826,19,pyrologix,8,none,2022,0.0,0.0022922169882804155,-1,undetected,1,9.489961992702219e-05,0,0.0,False
GaussianBudget75M_LinearMinTime,NON_REPORTABLE_2022-CAANF-003158,20220923,23,pyrologix,7,none,2022,0.0,0.0021555559942498803,-1,undetected,1,9.489961992702219e-05,0,0.0,False
GaussianBudget75M_LinearMinTime,NORTHMAIN_2022-CACNF-000917,20220514,11,pyrologix,11,none,2022,0.0,0.002113990020006895,-1,undetected,1,9.489961992702219e-05,0,0.0,False
GaussianBudget75M_LinearMinTime,NORTH_2022-CAENF-025545,20220906,19,pyrologix,4,98-62,2022,0.0,0.002178653026930988,0,drone,1,9.489961992702219e-05,1535,0.004365382516643021,True
GaussianBudget75M_LinearMinTime,NORTH_2022-CATMU-024952,20220902,9,pyrologix,6,none,2022,0.0,0.002165303099900484,-1,undetected,1,9.489961992702219e-05,0,0.0,False
GaussianBudget75M_LinearMinTime,NORTH__2022-CAANF-003486,20221101,2,pyrologix,1,none,2022,0.0,0.002113458001986146,-1,undetected,1,9.489961992702219e-05,0,0.0,False
GaussianBudget75M_LinearMinTime,NUTMEG_2022-CASNF-001211,20220902,16,pyrologix,11,140-71,2022,0.0,0.003807569039054215,0,drone,1,9.489961992702219e-05,4485,0.004555181756497065,True
GaussianBudget75M_LinearMinTime,Nelson_2022-CACNF-000234,20220206,19,pyrologix,3,none,2022,0.0,0.0020763810025528073,-1,undetected,1,9.489961992702219e-05,0,0.0,False
GaussianBudget75M_LinearMinTime,Nervino_2022-CAPNF-001140,20220713,14,pyrologix,10,73-63,2022,0.0,0.004256342072039843,0,drone,1,9.489961992702219e-05,3760,0.0046500813764240876,True
GaussianBudget75M_LinearMinTime,OAKWILDE_2022-CAANF-003225,20221001,14,pyrologix,5,none,2022,0.0,0.0024472050135955215,-1,undetected,1,9.489961992702219e-05,0,0.0,False
GaussianBudget75M_LinearMinTime,OAKWILDE_2022-CALAC-334495,20221001,14,pyrologix,5,none,2022,0.0,0.0022143219830468297,-1,undetected,1,9.489961992702219e-05,0,0.0,False
GaussianBudget75M_LinearMinTime,OAK_2022-CAANF-000662,20220313,19,pyrologix,4,none,2022,0.0,0.002110851928591728,-1,undetected,1,9.489961992702219e-05,0,0.0,False
GaussianBudget75M_LinearMinTime,OAK_2022-CABDF-000336,20220102,20,pyrologix,1,206-88,2022,0.0,0.0025712050264701247,0,drone,1,9.489961992702219e-05,535,0.0033214866974457763,True
GaussianBudget75M_LinearMinTime,OBRIEN_2022-CASHF-000204,20220322,9,pyrologix,11,42-41,2022,0.0,0.010335217928513885,2,drone,1,9.489961992702219e-05,5015,0.004460282136570043,True
GaussianBudget75M_LinearMinTime,OBrien_2022-CASHF-000431,20220526,18,pyrologix,5,42-41,2022,0.0,0.002206802018918097,0,drone,1,9.489961992702219e-05,1925,0.004270482896715999,True
GaussianBudget75M_LinearMinTime,OH_2022-CAINF-001497,20220717,19,pyrologix,4,none,2022,0.0,0.0021243849769234657,-1,undetected,1,9.489961992702219e-05,0,0.0,False
GaussianBudget75M_LinearMinTime,OLIVER_2022-CABDF-013445,20220923,12,pyrologix,2,206-88,2022,0.0,0.00478416692931205,0,drone,1,9.489961992702219e-05,1080,0.0036061855572268433,True
GaussianBudget75M_LinearMinTime,OMEGA_2022-CATNF-001334,20220904,16,pyrologix,11,86-54,2022,0.0,0.005621068994514644,0,drone,1,9.489961992702219e-05,4425,0.0046500813764240876,True
GaussianBudget75M_LinearMinTime,ONYX_2022-CABDF-009774,20220623,6,pyrologix,1,none,2022,0.0,0.0022427430376410484,-1,undetected,1,9.489961992702219e-05,0,0.0,False
GaussianBudget75M_LinearMinTime,ORO_2022-CAANF-001921,20220627,5,pyrologix,1,none,2022,0.0,0.0021123619517311454,-1,undetected,1,9.489961992702219e-05,0,0.0,False
GaussianBudget75M_LinearMinTime,OVERLAND_2022-CAENF-027358,20220924,18,pyrologix,7,97-60,2022,0.0,0.002863075933419168,0,drone,1,9.489961992702219e-05,2905,0.004460282136570043,True
GaussianBudget75M_LinearMinTime,OVERLOOK_2022-CAANF-000493,20220223,21,pyrologix,10,none,2022,0.0,0.002543034963309765,-1,undetected,1,9.489961992702219e-05,0,0.0,False
GaussianBudget75M_LinearMinTime,OVERLOOK_2022-CABDF-016028,20221114,15,pyrologix,12,206-88,2022,0.0,0.003426330047659576,0,drone,1,9.489961992702219e-05,4630,0.004175583276788976,True
GaussianBudget75M_LinearMinTime,O_NEIL_2022-CAKNF-006324,20220801,20,pyrologix,12,18-37,2022,0.0,0.003212932962924242,0,drone,1,9.489961992702219e-05,4350,0.0037010851771538656,True
GaussianBudget75M_LinearMinTime,Oak_2022-CASHF-000841,20220818,12,pyrologix,10,41-47,2022,0.0,0.01872594200540334,-1,undetected,1,9.489961992702219e-05,1590,0.004270482896715999,True
GaussianBudget75M_LinearMinTime,Oak_2022-CASRF-000621,20220805,8,pyrologix,12,40-22,2022,0.0,0.007030535954982042,1,drone,1,9.489961992702219e-05,4815,0.0046500813764240876,True
GaussianBudget75M_LinearMinTime,Owl_2022-CASRF-000923,20221028,13,pyrologix,9,26-25,2022,0.0,0.004238916095346212,0,drone,1,9.489961992702219e-05,3685,0.004270482896715999,True
GaussianBudget75M_LinearMinTime,PACIFIC_2022-CASHF-001182,20221030,9,pyrologix,11,35-43,2022,0.0,0.019128806074149907,-1,undetected,1,9.489961992702219e-05,5915,0.003985784036934932,True
GaussianBudget75M_LinearMinTime,PACK_2022-CASQF-002206,20220829,20,pyrologix,7,165-77,2022,0.0,0.005331197986379266,1,drone,1,9.489961992702219e-05,2790,0.004460282136570043,True
GaussianBudget75M_LinearMinTime,PANTHER_2022-CALNF-005145,20220922,22,pyrologix,8,55-47,2022,0.0,0.018286949954926968,-1,undetected,1,9.489961992702219e-05,1095,0.003985784036934932,True
GaussianBudget75M_LinearMinTime,PARADE_2022-CALNF-005173,20220923,21,pyrologix,8,62-48,2022,0.0,0.0029943230329081416,0,drone,1,9.489961992702219e-05,3010,0.0046500813764240876,True
GaussianBudget75M_LinearMinTime,PARKER_2022-CAKNF-008333,20220921,17,pyrologix,11,21-49,2022,0.0,0.0066897450014948845,1,drone,1,9.489961992702219e-05,4360,0.003511285937299821,True
GaussianBudget75M_LinearMinTime,PARKER_2022-CAMDF-000106,20220408,17,pyrologix,8,none,2022,0.0,0.0026784739457070827,-1,undetected,1,9.489961992702219e-05,0,0.0,False
GaussianBudget75M_LinearMinTime,PASS_2022-CABDF-009631,20220619,14,pyrologix,12,206-88,2022,0.0,0.009535908000543714,2,drone,1,9.489961992702219e-05,5410,0.004175583276788976,True
GaussianBudget75M_LinearMinTime,PAYMASTER_2022-CAENF-006355,20220308,15,pyrologix,8,93-54,2022,0.0,0.0038684930186718702,0,drone,1,9.489961992702219e-05,3465,0.003985784036934932,True
GaussianBudget75M_LinearMinTime,PEAK_2022-CASHF-000764,20220804,23,pyrologix,4,47-27,2022,0.0,0.002405448933131993,0,drone,1,9.489961992702219e-05,1600,0.004460282136570043,True
GaussianBudget75M_LinearMinTime,PEAK_2022-CASQF-002638,20221011,17,pyrologix,1,172-74,2022,0.0,0.0029174009105190635,0,drone,1,9.489961992702219e-05,520,0.0034163863173727986,True
GaussianBudget75M_LinearMinTime,PEAVINE_2022-CAENF-008736,20220403,20,pyrologix,3,98-62,2022,0.0,0.004267040989361703,0,drone,1,9.489961992702219e-05,1490,0.004365382516643021,True
GaussianBudget75M_LinearMinTime,PICNIC_2022-CACNF-000485,20220314,17,pyrologix,2,none,2022,0.0,0.002167600905522704,-1,undetected,1,9.489961992702219e-05,0,0.0,False
GaussianBudget75M_LinearMinTime,PIGEON_2022-CASNF-000607,20220623,10,pyrologix,9,125-65,2022,0.0,0.0031324169831350446,0,drone,1,9.489961992702219e-05,3460,0.004460282136570043,True
GaussianBudget75M_LinearMinTime,PILGRIM_2022-CASHF-000773,20220804,22,pyrologix,2,34-50,2022,0.0,0.003643866046331823,0,drone,1,9.489961992702219e-05,1015,0.0040806836568619545,True
GaussianBudget75M_LinearMinTime,PILLSBURY_2022-CAMNF-000680,20220614,20,pyrologix,3,none,2022,0.0,0.0020379319321364164,-1,undetected,1,9.489961992702219e-05,0,0.0,False
GaussianBudget75M_LinearMinTime,PINECONE_2022-CASHF-000751,20220802,20,pyrologix,8,47-21,2022,0.0,0.002995933056809008,0,drone,1,9.489961992702219e-05,2940,0.0046500813764240876,True
GaussianBudget75M_LinearMinTime,PINE_2022-CACNF-000498,20220317,19,pyrologix,6,none,2022,0.0,0.002155128982849419,-1,undetected,1,9.489961992702219e-05,0,0.0,False
GaussianBudget75M_LinearMinTime,PINE_2022-CAKNF-006086,20220727,16,pyrologix,8,21-28,2022,0.0,0.002884963061660528,0,drone,1,9.489961992702219e-05,2880,0.004555181756497065,True
GaussianBudget75M_LinearMinTime,PINE_2022-CAMDF-000654,20220809,8,pyrologix,12,38-63,2022,0.0,0.004160096985287964,0,drone,1,9.489961992702219e-05,4575,0.0040806836568619545,True
GaussianBudget75M_LinearMinTime,PINE_2022-CATNF-000629,20220616,19,pyrologix,2,86-54,2022,0.0,0.003065550932660699,0,drone,1,9.489961992702219e-05,975,0.003795984797080888,True
GaussianBudget75M_LinearMinTime,PINYON_DR___HY_74__E_2022-CARRU-174457,20221129,19,pyrologix,11,none,2022,0.0,0.0021227110410109162,-1,undetected,1,9.489961992702219e-05,0,0.0,False
GaussianBudget75M_LinearMinTime,PIONEER_2022-CASTF-000035,20220109,20,pyrologix,3,115-63,2022,0.0,0.010072243981994689,3,drone,1,9.489961992702219e-05,2285,0.004175583276788976,True
GaussianBudget75M_LinearMinTime,PIPES_2022-CABDF-011375,20220725,21,pyrologix,1,none,2022,0.0,0.002101538935676217,-1,undetected,1,9.489961992702219e-05,0,0.0,False
GaussianBudget75M_LinearMinTime,PIT_2022-CAPNF-001320,20220728,21,pyrologix,9,70-69,2022,0.0,0.003922719042748213,0,drone,1,9.489961992702219e-05,3320,0.004460282136570043,True
GaussianBudget75M_LinearMinTime,PIUTE_2022-CAINF-002232,20221015,18,pyrologix,5,none,2022,0.0,0.0023050960153341293,-1,undetected,1,9.489961992702219e-05,0,0.0,False
GaussianBudget75M_LinearMinTime,PLUM_2022-CATNF-001110,20220811,16,pyrologix,12,79-56,2022,0.0,0.003473107935860753,0,drone,1,9.489961992702219e-05,4460,0.0046500813764240876,True
GaussianBudget75M_LinearMinTime,PLUTO_2022-CASKU-007671,20220904,19,pyrologix,5,28-45,2022,0.0,0.0033789710141718388,0,drone,1,9.489961992702219e-05,2040,0.0036061855572268433,True
GaussianBudget75M_LinearMinTime,PLUTO_2022-CASKU-007925,20220911,2,pyrologix,6,28-45,2022,0.0,0.0038801529444754124,0,drone,1,9.489961992702219e-05,2450,0.0036061855572268433,True
GaussianBudget75M_LinearMinTime,POINTS_2022-CAANF-001851,20220623,23,pyrologix,6,none,2022,0.0,0.002345122047699988,-1,undetected,1,9.489961992702219e-05,0,0.0,False
GaussianBudget75M_LinearMinTime,POISON_2022-CASNF-000308,20220424,17,pyrologix,10,none,2022,0.0,0.0020906010176986456,-1,undetected,1,9.489961992702219e-05,0,0.0,False
GaussianBudget75M_LinearMinTime,POISON_2022-CASQF-001262,20220623,15,pyrologix,12,171-80,2022,0.0,0.007593014044687152,1,drone,1,9.489961992702219e-05,5105,0.004555181756497065,True
GaussianBudget75M_LinearMinTime,POLE_2022-CALNF-002520,20220527,9,pyrologix,9,none,2022,0.0,0.0021863069850951433,-1,undetected,1,9.489961992702219e-05,0,0.0,False
GaussianBudget75M_LinearMinTime,POPLAR_2022-CABDF-000906,20220114,1,pyrologix,3,none,2022,0.0,0.0021314360201358795,-1,undetected,1,9.489961992702219e-05,0,0.0,False
GaussianBudget75M_LinearMinTime,POST_2022-CASHF-000531,20220623,23,pyrologix,4,47-27,2022,0.0,0.0019585619447752833,0,drone,1,9.489961992702219e-05,1545,0.004460282136570043,True
GaussianBudget75M_LinearMinTime,POTEM_2022-CASHF-001027,20220923,12,pyrologix,11,42-41,2022,0.0,0.004757965914905071,0,drone,1,9.489961992702219e-05,4270,0.004460282136570043,True
GaussianBudget75M_LinearMinTime,POWDER_2022-CASQF-001815,20220725,11,pyrologix,8,165-77,2022,0.0,0.002552130026742816,0,drone,1,9.489961992702219e-05,2790,0.004460282136570043,True
GaussianBudget75M_LinearMinTime,POWELL_2022-CABDF-010922,20220715,19,pyrologix,9,206-88,2022,0.0,0.004469085950404406,0,drone,1,9.489961992702219e-05,3710,0.004175583276788976,True
GaussianBudget75M_LinearMinTime,POWERHOUSE_2022-CALAC-115324,20220406,19,pyrologix,7,none,2022,0.0,0.0021761739626526833,-1,undetected,1,9.489961992702219e-05,0,0.0,False
GaussianBudget75M_LinearMinTime,PROSSER_2022-CATNF-000712,20220629,21,pyrologix,3,84-67,2022,0.0,0.00186224898789078,0,drone,1,9.489961992702219e-05,1225,0.004270482896715999,True
GaussianBudget75M_LinearMinTime,PROVO_2022-CASTF-002031,20221020,16,pyrologix,5,118-56,2022,0.0,0.0034035909920930862,0,drone,1,9.489961992702219e-05,2120,0.004365382516643021,True
GaussianBudget75M_LinearMinTime,PURCELL_2022-CABDF-004201,20220302,4,pyrologix,6,206-88,2022,0.0,0.005980345071293414,1,drone,1,9.489961992702219e-05,2725,0.0040806836568619545,True
GaussianBudget75M_LinearMinTime,PYRAMID__2022-CAANF-003197,20220928,1,pyrologix,3,none,2022,0.0,0.0021563490154221654,-1,undetected,1,9.489961992702219e-05,0,0.0,False
GaussianBudget75M_LinearMinTime,Panther_2022-CASRF-000523,20220715,8,pyrologix,12,26-25,2022,0.0,0.003777771955356002,0,drone,1,9.489961992702219e-05,4740,0.004365382516643021,True
GaussianBudget75M_LinearMinTime,Panther_2022-CASRF-000860,20221004,6,pyrologix,8,35-16,2022,0.0,0.009827469009906054,2,drone,1,9.489961992702219e-05,3950,0.0046500813764240876,True
GaussianBudget75M_LinearMinTime,Patrick_2022-CASRF-000469,20220701,14,pyrologix,9,none,2022,0.0,0.0020225769840180874,-1,undetected,1,9.489961992702219e-05,0,0.0,False
GaussianBudget75M_LinearMinTime,Pecks_2022-CAPNF-000939,20220624,15,pyrologix,10,65-55,2022,0.0,0.004652492003515363,0,drone,1,9.489961992702219e-05,3725,0.004460282136570043,True
GaussianBudget75M_LinearMinTime,Penman_2022-CAPNF-001402,20220803,14,pyrologix,10,73-63,2022,0.0,0.0034561119973659515,0,drone,1,9.489961992702219e-05,3655,0.0046500813764240876,True
GaussianBudget75M_LinearMinTime,Pike_2022-CAPNF-000210,20220310,16,pyrologix,4,79-47,2022,0.0,0.01828903693240136,-1,undetected,1,9.489961992702219e-05,430,0.002941888217737688,True
GaussianBudget75M_LinearMinTime,Pine_2022-CASHF-000915,20220902,0,pyrologix,1,47-21,2022,0.0,0.0026415169704705477,0,drone,1,9.489961992702219e-05,530,0.0034163863173727986,True
GaussianBudget75M_LinearMinTime,Pleasant_2022-CASRF-000589,20220730,14,pyrologix,9,28-32,2022,0.0,0.0037048220401629806,0,drone,1,9.489961992702219e-05,3370,0.0046500813764240876,True
GaussianBudget75M_LinearMinTime,Pleito_2022-CALPF-001219,20220612,19,pyrologix,4,none,2022,0.0,0.002075508004054427,-1,undetected,1,9.489961992702219e-05,0,0.0,False
GaussianBudget75M_LinearMinTime,Ponderosa_2022-CAPNF-001784,20220905,22,pyrologix,8,65-55,2022,0.0,0.005726556992158294,1,drone,1,9.489961992702219e-05,3165,0.004460282136570043,True
GaussianBudget75M_LinearMinTime,Powerline_2022-CALPF-002719,20221106,13,pyrologix,7,none,2022,0.0,0.0020181889412924647,-1,undetected,1,9.489961992702219e-05,0,0.0,False
GaussianBudget75M_LinearMinTime,QUAIL_2022-CAANF-002702,20220818,0,pyrologix,2,none,2022,0.0,0.0021106209605932236,-1,undetected,1,9.489961992702219e-05,0,0.0,False
GaussianBudget75M_LinearMinTime,RADFORD__2022-CABDF-012958,20220905,20,pyrologix,2,none,2022,0.0,0.002080283942632377,-1,undetected,1,9.489961992702219e-05,0,0.0,False
GaussianBudget75M_LinearMinTime,RANCHERIA_2022-CAKNF-007079,20220819,1,pyrologix,2,21-28,2022,0.0,0.0032520859967917204,0,drone,1,9.489961992702219e-05,995,0.004175583276788976,True
GaussianBudget75M_LinearMinTime,RANCH_2022-CAANF-001111,20220423,17,pyrologix,6,none,2022,0.0,0.0021841709967702627,-1,undetected,1,9.489961992702219e-05,0,0.0,False
GaussianBudget75M_LinearMinTime,RANCH_2022-CASHF-000830,20220816,5,pyrologix,9,42-41,2022,0.0,0.007078124908730388,1,drone,1,9.489961992702219e-05,3900,0.004460282136570043,True
GaussianBudget75M_LinearMinTime,RANCH_2022-CASHU-006486,20220620,17,pyrologix,3,42-41,2022,0.0,0.004159827949479222,0,drone,1,9.489961992702219e-05,1495,0.004270482896715999,True
GaussianBudget75M_LinearMinTime,RANGE_2022-CAANF-003605,20221116,22,pyrologix,4,none,2022,0.0,0.002114915056154132,-1,undetected,1,9.489961992702219e-05,0,0.0,False
GaussianBudget75M_LinearMinTime,RANGE_2022-CALAC-389416,20221116,23,pyrologix,2,none,2022,0.0,0.002158888033591211,-1,undetected,1,9.489961992702219e-05,0,0.0,False
GaussianBudget75M_LinearMinTime,RANGE_2022-CASQF-000905,20220528,15,pyrologix,12,159-73,2022,0.0,0.019798594992607832,-1,undetected,1,9.489961992702219e-05,870,0.0036061855572268433,True
GaussianBudget75M_LinearMinTime,RATTLESNAKE_2022-CASQF-001256,20220623,16,pyrologix,4,171-80,2022,0.0,0.004207591991871595,0,drone,1,9.489961992702219e-05,1890,0.004365382516643021,True
GaussianBudget75M_LinearMinTime,REDWOOD_2022-CASQF-002421,20220912,15,pyrologix,9,165-77,2022,0.0,0.004223169991746545,0,drone,1,9.489961992702219e-05,3330,0.0046500813764240876,True
GaussianBudget75M_LinearMinTime,RED_2022-CAINF-001532,20220721,17,pyrologix,2,none,2022,0.0,0.0021593919955193996,-1,undetected,1,9.489961992702219e-05,0,0.0,False
GaussianBudget75M_LinearMinTime,RED_2022-CASHF-000666,20220720,20,pyrologix,12,35-43,2022,0.0,0.0036594539415091276,0,drone,1,9.489961992702219e-05,4310,0.003985784036934932,True
GaussianBudget75M_LinearMinTime,RIDGE_2022-CABDF-013835,20221004,22,pyrologix,5,206-88,2022,0.0,0.0035687920171767473,0,drone,1,9.489961992702219e-05,2130,0.00389088441700791,True
GaussianBudget75M_LinearMinTime,RIDGE_2022-CAKNF-007069,20220818,18,pyrologix,4,21-28,2022,0.0,0.004190961015410721,0,drone,1,9.489961992702219e-05,1730,0.004555181756497065,True
GaussianBudget75M_LinearMinTime,RIDGE_2022-CASKU-004855,20220626,3,pyrologix,4,35-43,2022,0.0,0.002016921993345022,0,drone,1,9.489961992702219e-05,1475,0.003985784036934932,True
GaussianBudget75M_LinearMinTime,RIDGE_2022-CASQF-002016,20220808,0,pyrologix,1,148-73,2022,0.0,0.003501683007925749,0,drone,1,9.489961992702219e-05,610,0.0028469885978106655,True
GaussianBudget75M_LinearMinTime,RIVERWOOD_2022-CAANF-000805,20220327,23,pyrologix,9,none,2022,0.0,0.002019147970713675,-1,undetected,1,9.489961992702219e-05,0,0.0,False
GaussianBudget75M_LinearMinTime,ROAD_2022-CACNF-002251,20220916,21,pyrologix,2,none,2022,0.0,0.0021627669921144843,-1,undetected,1,9.489961992702219e-05,0,0.0,False
GaussianBudget75M_LinearMinTime,ROAD_2022-CASQF-000076,20220116,7,pyrologix,9,174-77,2022,0.0,0.0027360039530321956,0,drone,1,9.489961992702219e-05,3260,0.0046500813764240876,True
GaussianBudget75M_LinearMinTime,ROCK_2022-CABDF-012938,20220905,14,pyrologix,3,206-87,2022,0.0,0.0037649760488420725,0,drone,1,9.489961992702219e-05,1430,0.004270482896715999,True
GaussianBudget75M_LinearMinTime,ROCK_2022-CACNF-002771,20221127,18,pyrologix,10,none,2022,0.0,0.0020663749892264605,-1,undetected,1,9.489961992702219e-05,0,0.0,False
GaussianBudget75M_LinearMinTime,ROCK_2022-CAENF-017506,20220702,15,pyrologix,11,93-54,2022,0.0,0.005447637988254428,0,drone,1,9.489961992702219e-05,4815,0.003985784036934932,True
GaussianBudget75M_LinearMinTime,ROCK_2022-CASQF-001645,20220714,14,pyrologix,5,148-73,2022,0.0,0.017785948934033513,-1,undetected,1,9.489961992702219e-05,1220,0.003511285937299821,True
GaussianBudget75M_LinearMinTime,ROCK__2022-CAANF-002683,20220816,0,pyrologix,10,none,2022,0.0,0.0022436470026150346,-1,undetected,1,9.489961992702219e-05,0,0.0,False
GaussianBudget75M_LinearMinTime,ROLAND_2022-CASKU-000241,20220109,20,pyrologix,11,28-45,2022,0.0,0.0030832099728286266,0,drone,1,9.489961992702219e-05,3995,0.004365382516643021,True
GaussianBudget75M_LinearMinTime,ROSASCO_2022-CASTF-000955,20220629,13,pyrologix,5,118-64,2022,0.0,0.0032027990091592073,0,drone,1,9.489961992702219e-05,1950,0.004555181756497065,True
GaussianBudget75M_LinearMinTime,ROUND__2022-CAMDF-000547,20220802,17,pyrologix,9,none,2022,0.0,0.002237443928606808,-1,undetected,1,9.489961992702219e-05,0,0.0,False
GaussianBudget75M_LinearMinTime,ROUSEHILL_2022-CABDF-013448,20220923,11,pyrologix,9,225-101,2022,0.0,0.004639417049475014,0,drone,1,9.489961992702219e-05,3480,0.004555181756497065,True
GaussianBudget75M_LinearMinTime,ROUSE_2022-CABDF-006304,20220403,17,pyrologix,9,225-101,2022,0.0,0.004696291987784207,0,drone,1,9.489961992702219e-05,3540,0.004555181756497065,True
GaussianBudget75M_LinearMinTime,ROUTE_2022-CAANF-002884,20220831,14,pyrologix,10,none,2022,0.0,0.002192844054661691,-1,undetected,1,9.489961992702219e-05,0,0.0,False
GaussianBudget75M_LinearMinTime,ROWHER_2022-CALAC-279259,20220819,19,pyrologix,12,none,2022,0.0,0.0020579530391842127,-1,undetected,1,9.489961992702219e-05,0,0.0,False
GaussianBudget75M_LinearMinTime,ROYAL_2022-CATNF-001126,20220814,0,pyrologix,2,87-59,2022,0.0,0.003777056932449341,0,drone,1,9.489961992702219e-05,1010,0.00303678783766471,True
GaussianBudget75M_LinearMinTime,RUN_2022-CASQF-002636,20221011,11,pyrologix,6,171-80,2022,0.0,0.00532374600879848,1,drone,1,9.489961992702219e-05,2725,0.004555181756497065,True
GaussianBudget75M_LinearMinTime,RUN_2022-CASTF-001373,20220801,0,pyrologix,1,115-63,2022,0.0,0.0032790410332381725,0,drone,1,9.489961992702219e-05,645,0.003511285937299821,True
GaussianBudget75M_LinearMinTime,RUSH_2022-CAANF-002764,20220821,18,pyrologix,7,none,2022,0.0,0.0021009569754824042,-1,undetected,1,9.489961992702219e-05,0,0.0,False
GaussianBudget75M_LinearMinTime,RUSS_2022-CAANF-001361,20220515,19,pyrologix,4,none,2022,0.0,0.0020547850290313363,-1,undetected,1,9.489961992702219e-05,0,0.0,False
GaussianBudget75M_LinearMinTime,RUSS_2022-CALAC-161600,20220515,17,pyrologix,7,none,2022,0.0,0.0021151560358703136,-1,undetected,1,9.489961992702219e-05,0,0.0,False
GaussianBudget75M_LinearMinTime,Ranch_2022-CAPNF-001109,20220709,16,pyrologix,7,73-63,2022,0.0,0.004421354969963431,0,drone,1,9.489961992702219e-05,2800,0.0046500813764240876,True
GaussianBudget75M_LinearMinTime,Rattlesnake_2022-CASHF-000929,20220905,20,pyrologix,12,47-21,2022,0.0,0.005547499982640147,0,drone,1,9.489961992702219e-05,4625,0.0046500813764240876,True
GaussianBudget75M_LinearMinTime,Red_2022-CASRF-000188,20220401,2,pyrologix,4,26-25,2022,0.0,0.00390500295907259,0,drone,1,9.489961992702219e-05,1820,0.0040806836568619545,True
GaussianBudget75M_LinearMinTime,Red_Cap_2022-CASRF-000472,20220701,17,pyrologix,9,33-23,2022,0.0,0.01061273505911231,2,drone,1,9.489961992702219e-05,4290,0.0046500813764240876,True
GaussianBudget75M_LinearMinTime,Red__2022-CAPNF-000221,20220313,22,pyrologix,6,67-62,2022,0.0,0.0034230159362778068,0,drone,1,9.489961992702219e-05,2360,0.0046500813764240876,True
GaussianBudget75M_LinearMinTime,Redcap_2022-CASRF-000796,20220910,5,pyrologix,11,27-19,2022,0.0,0.018430545926094055,-1,undetected,1,9.489961992702219e-05,3210,0.004460282136570043,True
GaussianBudget75M_LinearMinTime,Ridge_2022-CALPF-002776,20221112,18,pyrologix,2,none,2022,0.0,0.002133784000761807,-1,undetected,1,9.489961992702219e-05,0,0.0,False
GaussianBudget75M_LinearMinTime,Ring_2022-CACNF-000260,20220209,14,pyrologix,8,none,2022,0.0,0.002177309012040496,-1,undetected,1,9.489961992702219e-05,0,0.0,False
GaussianBudget75M_LinearMinTime,Road_2022-CASHF-000927,20220905,21,pyrologix,9,47-21,2022,0.0,0.0031094030709937215,0,drone,1,9.489961992702219e-05,3305,0.0046500813764240876,True
GaussianBudget75M_LinearMinTime,Rock_2022-CALPF-002124,20220902,13,pyrologix,10,none,2022,0.0,0.002073619980365038,-1,undetected,1,9.489961992702219e-05,0,0.0,False
GaussianBudget75M_LinearMinTime,SADDLE_2022-CABDF-009828,20220624,15,pyrologix,2,none,2022,0.0,0.002149562002159655,-1,undetected,1,9.489961992702219e-05,0,0.0,False
GaussianBudget75M_LinearMinTime,SAGEHEN_2022-CATNF-000097,20220209,21,pyrologix,6,84-67,2022,0.0,0.003490966046229005,0,drone,1,9.489961992702219e-05,2520,0.004270482896715999,True
GaussianBudget75M_LinearMinTime,SAGEHEN_2_2022-CATNF-001164,20220819,18,pyrologix,6,84-67,2022,0.0,0.00321475591044873,0,drone,1,9.489961992702219e-05,2480,0.004270482896715999,True
GaussianBudget75M_LinearMinTime,SALLY_2022-CAANF-001847,20220622,20,pyrologix,7,none,2022,0.0,0.002094818977639079,-1,undetected,1,9.489961992702219e-05,0,0.0,False
GaussianBudget75M_LinearMinTime,SALMON_2022-CAINF-002294,20221026,1,pyrologix,2,none,2022,0.0,0.002124954015016556,-1,undetected,1,9.489961992702219e-05,0,0.0,False
GaussianBudget75M_LinearMinTime,SALT_2022-CAKNF-008368,20220922,16,pyrologix,5,17-30,2022,0.0,0.017591570038348436,-1,undetected,1,9.489961992702219e-05,1795,0.004365382516643021,True
GaussianBudget75M_LinearMinTime,SAM_2022-CAANF-002622,20220810,18,pyrologix,10,none,2022,0.0,0.0022170080337673426,-1,undetected,1,9.489961992702219e-05,0,0.0,False
GaussianBudget75M_LinearMinTime,SAND1_2022-CAANF-002095,20220706,3,pyrologix,7,none,2022,0.0,0.0020704950438812375,-1,undetected,1,9.489961992702219e-05,0,0.0,False
GaussianBudget75M_LinearMinTime,SAND2_2022-CAANF-002314,20220721,21,pyrologix,7,none,2022,0.0,0.0020197820849716663,-1,undetected,1,9.489961992702219e-05,0,0.0,False
GaussianBudget75M_LinearMinTime,SANDY_2022-CASNF-001407,20220921,18,pyrologix,9,128-67,2022,0.0,0.007720501977019012,1,drone,1,9.489961992702219e-05,3980,0.004365382516643021,True
GaussianBudget75M_LinearMinTime,SAN_JUAN_2022-CACNF-000412,20220303,14,pyrologix,12,none,2022,0.0,0.002100390032865107,-1,undetected,1,9.489961992702219e-05,0,0.0,False
GaussianBudget75M_LinearMinTime,SAN_SIMEON_2022-CANEU-004446,20220212,18,pyrologix,8,86-54,2022,0.0,0.005742773064412177,1,drone,1,9.489961992702219e-05,3350,0.0046500813764240876,True
GaussianBudget75M_LinearMinTime,SAWMILL_2022-CAINF-001222,20220625,21,pyrologix,4,none,2022,0.0,0.0020710370736196637,-1,undetected,1,9.489961992702219e-05,0,0.0,False
GaussianBudget75M_LinearMinTime,SCENIC__2022-CAINF-001983,20220906,19,pyrologix,12,none,2022,0.0,0.002124394988641143,-1,undetected,1,9.489961992702219e-05,0,0.0,False
GaussianBudget75M_LinearMinTime,SCHOOL_2022-CASHF-000836,20220817,14,pyrologix,7,42-41,2022,0.0,0.0024158970918506384,0,drone,1,9.489961992702219e-05,2650,0.004365382516643021,True
GaussianBudget75M_LinearMinTime,SCIARONI_2022-CAENF-025530,20220906,18,pyrologix,2,97-60,2022,0.0,0.011616464937105775,3,drone,1,9.489961992702219e-05,2075,0.004365382516643021,True
GaussianBudget75M_LinearMinTime,SCOTT_2022-CAKNF-006525,20220804,17,pyrologix,7,28-32,2022,0.0,0.00431382202077657,0,drone,1,9.489961992702219e-05,2840,0.0046500813764240876,True
GaussianBudget75M_LinearMinTime,SECRET_2022-CACNF-000662,20220410,16,pyrologix,7,none,2022,0.0,0.0022175420308485627,-1,undetected,1,9.489961992702219e-05,0,0.0,False
GaussianBudget75M_LinearMinTime,SEMI_2022-CACNF-002905,20221230,13,pyrologix,4,none,2022,0.0,0.0021072070812806487,-1,undetected,1,9.489961992702219e-05,0,0.0,False
GaussianBudget75M_LinearMinTime,SEPTEMBER_ABC_MISC_2022-CASNF-001327,20220909,12,pyrologix,11,none,2022,0.0,0.0020240810699760914,-1,undetected,1,9.489961992702219e-05,0,0.0,False
GaussianBudget75M_LinearMinTime,SERRANO_2022-CALAC-398822,20221123,4,pyrologix,6,none,2022,0.0,0.002080805948935449,-1,undetected,1,9.489961992702219e-05,0,0.0,False
GaussianBudget75M_LinearMinTime,SERRANO_2022-CALAC-404913,20221128,1,pyrologix,9,none,2022,0.0,0.002068009926006198,-1,undetected,1,9.489961992702219e-05,0,0.0,False
GaussianBudget75M_LinearMinTime,SHACKLEFORD_2022-CASKU-006265,20220731,0,pyrologix,5,28-32,2022,0.0,0.010933108977042139,3,drone,1,9.489961992702219e-05,2935,0.0046500813764240876,True
GaussianBudget75M_LinearMinTime,SHADOW_2022-CABDF-011575,20220731,19,pyrologix,1,206-87,2022,0.0,0.0034925140207633376,0,drone,1,9.489961992702219e-05,720,0.003511285937299821,True
GaussianBudget75M_LinearMinTime,SHANTY_2022-CAKNF-007057,20220818,12,pyrologix,8,21-28,2022,0.0,0.014250818057917058,3,drone,1,9.489961992702219e-05,4200,0.0046500813764240876,True
GaussianBudget75M_LinearMinTime,SHELL_2022-CASQF-002632,20221011,23,pyrologix,2,none,2022,0.0,0.0023752549896016717,-1,undetected,1,9.489961992702219e-05,0,0.0,False
GaussianBudget75M_LinearMinTime,SHERWIN_2022-CAINF-001423,20220710,20,pyrologix,8,none,2022,0.0,0.002279762993566692,-1,undetected,1,9.489961992702219e-05,0,0.0,False
GaussianBudget75M_LinearMinTime,SHORE_2022-CASHF-000560,20220630,9,pyrologix,11,35-43,2022,0.0,0.004154411959461868,0,drone,1,9.489961992702219e-05,4040,0.003985784036934932,True
GaussianBudget75M_LinearMinTime,SHORT_2022-CASNF-001063,20220818,11,pyrologix,7,none,2022,0.0,0.0021613010903820395,-1,undetected,1,9.489961992702219e-05,0,0.0,False
GaussianBudget75M_LinearMinTime,SHOT_2022-CAENF-020552,20220727,16,pyrologix,9,98-62,2022,0.0,0.01971344999037683,-1,undetected,1,9.489961992702219e-05,5495,0.004460282136570043,True
GaussianBudget75M_LinearMinTime,SIERRA_2022-CAANF-001752,20220615,18,pyrologix,6,none,2022,0.0,0.0022235680371522903,-1,undetected,1,9.489961992702219e-05,0,0.0,False
GaussianBudget75M_LinearMinTime,SIERRA_2022-CAENF-029367,20221013,18,pyrologix,5,98-62,2022,0.0,0.002773566055111587,0,drone,1,9.489961992702219e-05,1955,0.004460282136570043,True
GaussianBudget75M_LinearMinTime,SIERRA_2022-CALAC-198685,20220615,18,pyrologix,7,none,2022,0.0,0.0021877660183236003,-1,undetected,1,9.489961992702219e-05,0,0.0,False
GaussianBudget75M_LinearMinTime,SIERRA_2022-CATNF-000126,20220216,18,pyrologix,11,80-65,2022,0.0,0.003011563094332814,0,drone,1,9.489961992702219e-05,4105,0.0046500813764240876,True
GaussianBudget75M_LinearMinTime,SILVERWOOD_2022-CABDU-015584,20221030,16,pyrologix,3,none,2022,0.0,0.002146390965208411,-1,undetected,1,9.489961992702219e-05,0,0.0,False
GaussianBudget75M_LinearMinTime,SIMS_2022-CASHF-000420,20220520,12,pyrologix,5,42-41,2022,0.0,0.0021543470211327076,0,drone,1,9.489961992702219e-05,1925,0.004270482896715999,True
GaussianBudget75M_LinearMinTime,SIX__2022-CAMDF-000534,20220801,13,pyrologix,11,38-63,2022,0.0,0.0052828280022367835,0,drone,1,9.489961992702219e-05,4405,0.0040806836568619545,True
GaussianBudget75M_LinearMinTime,SKIVIEW_LN__HUNTINGTON_LAKE_2022-CAFKU-009849,20220624,11,pyrologix,6,none,2022,0.0,0.0026687950594350696,-1,undetected,1,9.489961992702219e-05,0,0.0,False
GaussianBudget75M_LinearMinTime,SKUNK_2022-CABDF-009747,20220622,18,pyrologix,3,225-101,2022,0.0,0.010922254994511604,3,drone,1,9.489961992702219e-05,2260,0.004555181756497065,True
GaussianBudget75M_LinearMinTime,SKYWAY_2022-CABTU-010529,20220615,19,pyrologix,2,67-43,2022,5061.55584898591,0.004057242069393396,0,drone,1,9.489961992702219e-05,1135,0.003985784036934932,True
GaussianBudget75M_LinearMinTime,SKY_2022-CACNF-000444,20220308,22,pyrologix,6,none,2022,0.0,0.0024865460582077503,-1,undetected,1,9.489961992702219e-05,0,0.0,False
GaussianBudget75M_LinearMinTime,SLATE_2022-CASQF-002086,20220815,15,pyrologix,10,161-79,2022,0.0,0.004419647972099483,0,drone,1,9.489961992702219e-05,4115,0.00389088441700791,True
GaussianBudget75M_LinearMinTime,SLIDE_2022-CAMNF-000341,20220409,20,pyrologix,10,none,2022,0.0,0.0021430710330605507,-1,undetected,1,9.489961992702219e-05,0,0.0,False
GaussianBudget75M_LinearMinTime,SLIDE_2022-CASHF-001072,20221001,19,pyrologix,2,40-22,2022,0.0,0.0016025240765884519,0,drone,1,9.489961992702219e-05,785,0.003795984797080888,True
GaussianBudget75M_LinearMinTime,SLINKARD_2022-CAKNF-006253,20220730,22,pyrologix,4,17-30,2022,0.0,0.01904308795928955,-1,undetected,1,9.489961992702219e-05,1795,0.004365382516643021,True
GaussianBudget75M_LinearMinTime,SMOKEY_2022-CAKNF-006504,20220804,12,pyrologix,5,18-37,2022,0.0,0.003213542979210615,0,drone,1,9.489961992702219e-05,1980,0.0036061855572268433,True
GaussianBudget75M_LinearMinTime,SMOKEY_2022-CALAC-032325,20220125,14,pyrologix,4,none,2022,0.0,0.0021595030557364225,-1,undetected,1,9.489961992702219e-05,0,0.0,False
GaussianBudget75M_LinearMinTime,SNF_OCTOBER_ABC_MISC_2022-CASNF-001467,20221003,15,pyrologix,3,132-72,2022,0.0,0.0025399429723620415,0,drone,1,9.489961992702219e-05,1505,0.003511285937299821,True
GaussianBudget75M_LinearMinTime,SNOWSHOE_2022-CAKNF-007059,20220818,11,pyrologix,12,21-28,2022,0.0,0.008263965952210128,1,drone,1,9.489961992702219e-05,4860,0.0046500813764240876,True
GaussianBudget75M_LinearMinTime,SNOW_2022-CABDF-009050,20220607,15,pyrologix,12,none,2022,0.0,0.0022211259929463267,-1,undetected,1,9.489961992702219e-05,0,0.0,False
GaussianBudget75M_LinearMinTime,SNOW_2022-CASNF-001565,20221026,19,pyrologix,7,125-65,2022,0.0,0.0026500640669837594,0,drone,1,9.489961992702219e-05,2660,0.004460282136570043,True
GaussianBudget75M_LinearMinTime,SNOW_2022-CATNF-000427,20220430,12,pyrologix,12,86-54,2022,0.0,0.011889246990904212,3,drone,1,9.489961992702219e-05,5545,0.0046500813764240876,True
GaussianBudget75M_LinearMinTime,SNYDER_2022-CASNF-000606,20220623,11,pyrologix,6,125-65,2022,0.0,0.0027284250827506185,0,drone,1,9.489961992702219e-05,2330,0.004270482896715999,True
GaussianBudget75M_LinearMinTime,SODA_2022-CASHF-000468,20220604,20,pyrologix,8,35-43,2022,0.0,0.0035634780069813132,0,drone,1,9.489961992702219e-05,2965,0.003985784036934932,True
GaussianBudget75M_LinearMinTime,SOLDIER_2022-CAMDF-000668,20220810,11,pyrologix,4,none,2022,0.0,0.0022238610545173287,-1,undetected,1,9.489961992702219e-05,0,0.0,False
GaussianBudget75M_LinearMinTime,SOLEDAD_2022-CAANF-000545,20220301,20,pyrologix,2,none,2022,0.0,0.002835156978107989,-1,undetected,1,9.489961992702219e-05,0,0.0,False
GaussianBudget75M_LinearMinTime,SONATA__2022-CAANF-000042,20220106,1,pyrologix,8,none,2022,0.0,0.0022875129943713546,-1,undetected,1,9.489961992702219e-05,0,0.0,False
GaussianBudget75M_LinearMinTime,SOQUEL_2022-CASNF-000160,20220227,16,pyrologix,6,128-67,2022,0.0,0.005809005931951106,1,drone,1,9.489961992702219e-05,2720,0.003985784036934932,True
GaussianBudget75M_LinearMinTime,SOTCHER_2022-CAINF-001593,20220727,12,pyrologix,3,none,2022,0.0,0.0021568569354712963,-1,undetected,1,9.489961992702219e-05,0,0.0,False
GaussianBudget75M_LinearMinTime,SOUTHERN_2022-CABDF-013845,20221004,12,pyrologix,4,225-101,2022,0.0,0.01731287909206003,5,drone,1,9.489961992702219e-05,3380,0.004555181756497065,True
GaussianBudget75M_LinearMinTime,SOUTH_2022-CAKNF-004940,20220628,8,pyrologix,10,33-29,2022,0.0,0.0031573380110785365,0,drone,1,9.489961992702219e-05,3990,0.0046500813764240876,True
GaussianBudget75M_LinearMinTime,SOUTH_2022-CASHF-000766,20220804,21,pyrologix,9,54-26,2022,0.0,0.013906953041441739,3,drone,1,9.489961992702219e-05,5065,0.004555181756497065,True
GaussianBudget75M_LinearMinTime,SOUTH_RIDGE__2022-CABDF-008956,20220605,14,pyrologix,12,225-101,2022,0.0,0.010859086061827838,2,drone,1,9.489961992702219e-05,5190,0.0046500813764240876,True
GaussianBudget75M_LinearMinTime,SPANISH_2022-CALAC-401758,20221125,12,pyrologix,11,none,2022,0.0,0.0021166299702599645,-1,undetected,1,9.489961992702219e-05,0,0.0,False
GaussianBudget75M_LinearMinTime,SPICE_2022-CASTF-001736,20220907,0,pyrologix,4,108-64,2022,0.0,0.0037306019803509116,0,drone,1,9.489961992702219e-05,1910,0.004270482896715999,True
GaussianBudget75M_LinearMinTime,SPRINGS_2022-CABDF-009886,20220625,15,pyrologix,2,none,2022,0.0,0.002163944998756051,-1,undetected,1,9.489961992702219e-05,0,0.0,False
GaussianBudget75M_LinearMinTime,SPRINGS_2022-CATCU-010416,20220816,4,pyrologix,1,108-64,2022,0.0,0.0030741739319637418,0,drone,1,9.489961992702219e-05,620,0.003511285937299821,True
GaussianBudget75M_LinearMinTime,SPRING_2022-CAANF-000333,20220206,16,pyrologix,12,none,2022,0.0,0.002219381043687463,-1,undetected,1,9.489961992702219e-05,0,0.0,False
GaussianBudget75M_LinearMinTime,SPUR__2022-CASTF-001105,20220709,22,pyrologix,11,115-63,2022,0.0,0.00471049000043422,0,drone,1,9.489961992702219e-05,4200,0.004460282136570043,True
GaussianBudget75M_LinearMinTime,STAGING_2022-CAANF-001720,20220613,14,pyrologix,8,none,2022,0.0,0.002524362993426621,-1,undetected,1,9.489961992702219e-05,0,0.0,False
GaussianBudget75M_LinearMinTime,STAMPEDE_2022-CATNF-000793,20220705,16,pyrologix,2,84-67,2022,0.0,0.0029380969936028123,0,drone,1,9.489961992702219e-05,1000,0.004270482896715999,True
GaussianBudget75M_LinearMinTime,STANDBY_2022-CABDF-015587,20221105,18,pyrologix,7,206-88,2022,0.0,0.003466604044660926,0,drone,1,9.489961992702219e-05,2725,0.0040806836568619545,True
GaussianBudget75M_LinearMinTime,STATE_2022-CABDF-013904,20221006,16,pyrologix,5,none,2022,0.0,0.0021970300003886223,-1,undetected,1,9.489961992702219e-05,0,0.0,False
GaussianBudget75M_LinearMinTime,STATION_2022-CASTF-000858,20220619,18,pyrologix,4,none,2022,0.0,0.0020920030074194074,-1,undetected,1,9.489961992702219e-05,0,0.0,False
GaussianBudget75M_LinearMinTime,STOCKTON_2022-CAANF-001855,20220623,1,pyrologix,11,206-88,2022,0.0,0.003496779943816364,0,drone,1,9.489961992702219e-05,4260,0.004175583276788976,True
GaussianBudget75M_LinearMinTime,STOCKTON_2022-CABDF-005269,20220320,13,pyrologix,10,206-88,2022,0.0,0.0028866480570286512,0,drone,1,9.489961992702219e-05,3880,0.004175583276788976,True
GaussianBudget75M_LinearMinTime,STONEY_2022-CAANF-002168,20220710,20,pyrologix,1,none,2022,0.0,0.0021857700776308775,-1,undetected,1,9.489961992702219e-05,0,0.0,False
GaussianBudget75M_LinearMinTime,STONE_2022-CABDF-011342,20220725,20,pyrologix,9,206-88,2022,0.0,0.003582674078643322,0,drone,1,9.489961992702219e-05,3610,0.004175583276788976,True
GaussianBudget75M_LinearMinTime,STONY__2022-CASQF-001949,20220804,15,pyrologix,5,164-82,2022,0.0,0.003531362977810204,0,drone,1,9.489961992702219e-05,2160,0.004270482896715999,True
GaussianBudget75M_LinearMinTime,STREAM_2022-CAANF-000224,20220125,19,pyrologix,10,none,2022,0.0,0.0021979769226163626,-1,undetected,1,9.489961992702219e-05,0,0.0,False
GaussianBudget75M_LinearMinTime,STUD_2022-CAKNF-007112,20220819,21,pyrologix,4,21-28,2022,0.0,0.0019148830324411392,0,drone,1,9.489961992702219e-05,1490,0.004365382516643021,True
GaussianBudget75M_LinearMinTime,SUGAR2_2022-CASQF-002374,20220908,23,pyrologix,2,172-74,2022,0.0,0.018560718977823853,-1,undetected,1,9.489961992702219e-05,845,0.003795984797080888,True
GaussianBudget75M_LinearMinTime,SUGARLOAF_2022-CATUU-000059,20220222,23,pyrologix,4,172-74,2022,0.0,0.01807421597186476,-1,undetected,1,9.489961992702219e-05,845,0.003795984797080888,True
GaussianBudget75M_LinearMinTime,SUGAR_2022-CAMNF-000510,20220520,15,pyrologix,1,61-26,2022,5061.52936443605,0.0025813119718804955,0,drone,1,9.489961992702219e-05,525,0.002941888217737688,True
GaussianBudget75M_LinearMinTime,SUGAR_2022-CASQF-001288,20220625,16,pyrologix,5,171-80,2022,0.0,0.007865556050091982,2,drone,1,9.489961992702219e-05,2725,0.004555181756497065,True
GaussianBudget75M_LinearMinTime,SULFUR_2022-CAANF-001837,20220622,13,pyrologix,8,none,2022,0.0,0.002458109986037016,-1,undetected,1,9.489961992702219e-05,0,0.0,False
GaussianBudget75M_LinearMinTime,SUMMIT_2022-CASHU-000838,20220123,23,pyrologix,7,47-27,2022,0.0,0.004656765959225595,0,drone,1,9.489961992702219e-05,2870,0.004555181756497065,True
GaussianBudget75M_LinearMinTime,SUMMIT_2022-CASQF-001726,20220720,0,pyrologix,2,none,2022,0.0,0.002157278941012919,-1,undetected,1,9.489961992702219e-05,0,0.0,False
GaussianBudget75M_LinearMinTime,SUNDAY_2022-CASQF-002635,20221011,0,pyrologix,10,171-80,2022,0.0,0.004462447948753834,0,drone,1,9.489961992702219e-05,4010,0.004555181756497065,True
GaussianBudget75M_LinearMinTime,SUNNY_2022-CAINF-000688,20220418,18,pyrologix,12,none,2022,0.0,0.002171147963963449,-1,undetected,1,9.489961992702219e-05,0,0.0,False
GaussianBudget75M_LinearMinTime,SWEET_2022-CASHF-001003,20220918,22,pyrologix,5,42-41,2022,0.0,0.0024769080337136984,0,drone,1,9.489961992702219e-05,1965,0.004270482896715999,True
GaussianBudget75M_LinearMinTime,SWITCHBACK_2022-CABDF-004966,20220314,11,pyrologix,3,206-88,2022,0.0,0.0037100190529599786,0,drone,1,9.489961992702219e-05,1460,0.0037010851771538656,True
GaussianBudget75M_LinearMinTime,SWITZER_2022-CAANF-002733,20220820,18,pyrologix,1,none,2022,0.0,0.002198916976340115,-1,undetected,1,9.489961992702219e-05,0,0.0,False
GaussianBudget75M_LinearMinTime,SWORD_2022-CASTF-001771,20220910,12,pyrologix,10,108-64,2022,0.0,0.004306828021071851,0,drone,1,9.489961992702219e-05,4190,0.004555181756497065,True
GaussianBudget75M_LinearMinTime,Salmon_2_2022-CASRF-000549,20220722,0,pyrologix,10,27-19,2022,0.0,0.018664527917280793,-1,undetected,1,9.489961992702219e-05,3210,0.004460282136570043,True
GaussianBudget75M_LinearMinTime,Salmon__2022-CASRF-000204,20220407,17,pyrologix,10,26-25,2022,0.0,0.0036393729969859123,0,drone,1,9.489961992702219e-05,3965,0.004270482896715999,True
GaussianBudget75M_LinearMinTime,Sand_2022-CAINF-001596,20220727,18,pyrologix,11,none,2022,0.0,0.0021638289326801896,-1,undetected,1,9.489961992702219e-05,0,0.0,False
GaussianBudget75M_LinearMinTime,Seco_2022-CALPF-001931,20220815,15,pyrologix,2,none,2022,0.0,0.002312912023626268,-1,undetected,1,9.489961992702219e-05,0,0.0,False
GaussianBudget75M_LinearMinTime,Signal_2022-CASRF-000803,20220911,15,pyrologix,11,none,2022,0.0,0.002342006890103221,-1,undetected,1,9.489961992702219e-05,0,0.0,False
GaussianBudget75M_LinearMinTime,Smith__2022-CASRF-000713,20220827,22,pyrologix,5,none,2022,0.0,0.0022582110250368714,-1,undetected,1,9.489961992702219e-05,0,0.0,False
GaussianBudget75M_LinearMinTime,Snake_2022-CAPNF-000887,20220618,21,pyrologix,6,72-57,2022,0.0,0.0022585520055145025,0,drone,1,9.489961992702219e-05,2270,0.003985784036934932,True
GaussianBudget75M_LinearMinTime,Spanish__2022-CAPNF-002255,20221023,18,pyrologix,9,72-57,2022,0.0,0.004843470058403909,0,drone,1,9.489961992702219e-05,3570,0.003985784036934932,True
GaussianBudget75M_LinearMinTime,Spike_2022-CASRF-000626,20220805,12,pyrologix,9,42-15,2022,5061.5474277330795,0.007002252037636936,0,drone,1,9.489961992702219e-05,3435,0.0046500813764240876,True
GaussianBudget75M_LinearMinTime,Sportshaven_2022-CASRF-000114,20220312,1,pyrologix,2,47-21,2022,0.0,0.003957583918236196,0,drone,1,9.489961992702219e-05,1040,0.004270482896715999,True
GaussianBudget75M_LinearMinTime,Stagecoach_2022-CALPF-001845,20220807,17,pyrologix,2,none,2022,0.0,0.0021500010043382645,-1,undetected,1,9.489961992702219e-05,0,0.0,False
GaussianBudget75M_LinearMinTime,Sunrise_2022-CACNF-000024,20220103,0,pyrologix,3,none,2022,0.0,0.002148312982171774,-1,undetected,1,9.489961992702219e-05,0,0.0,False
GaussianBudget75M_LinearMinTime,TANK_2022-CAMDF-000665,20220810,19,pyrologix,10,37-64,2022,0.0,0.018623444018885493,-1,undetected,1,9.489961992702219e-05,875,0.0037010851771538656,True
GaussianBudget75M_LinearMinTime,TANNERY_2022-CASHF-000273,20220409,23,pyrologix,3,42-34,2022,0.0,0.0065823119366541505,1,drone,1,9.489961992702219e-05,1925,0.004175583276788976,True
GaussianBudget75M_LinearMinTime,TAVERN_2022-CACNF-001474,20220628,3,pyrologix,1,none,2022,0.0,0.0022076580207794905,-1,undetected,1,9.489961992702219e-05,0,0.0,False
GaussianBudget75M_LinearMinTime,TC_PT23_2022-CACNF-000844,20220505,11,pyrologix,11,none,2022,0.0,0.0023321950575336814,-1,undetected,1,9.489961992702219e-05,0,0.0,False
GaussianBudget75M_LinearMinTime,TEMPLIN_2022-CAANF-001185,20220430,20,pyrologix,5,none,2022,0.0,0.0021190010011196136,-1,undetected,1,9.489961992702219e-05,0,0.0,False
GaussianBudget75M_LinearMinTime,TENNANT_2022-CAKNF-004139,20220603,0,pyrologix,2,27-52,2022,0.0,0.003857127041555941,0,drone,1,9.489961992702219e-05,1100,0.0034163863173727986,True
GaussianBudget75M_LinearMinTime,TEXAS_2022-CAANF-001346,20220515,3,pyrologix,2,none,2022,0.0,0.002139274962246418,-1,undetected,1,9.489961992702219e-05,0,0.0,False
GaussianBudget75M_LinearMinTime,THOMPKINS_2022-CAKNF-007031,20220818,21,pyrologix,10,24-35,2022,0.0,0.004889243980869651,0,drone,1,9.489961992702219e-05,4635,0.004555181756497065,True
GaussianBudget75M_LinearMinTime,THREE_2022-CACNF-002526,20221022,19,pyrologix,4,none,2022,0.0,0.002243906958028674,-1,undetected,1,9.489961992702219e-05,0,0.0,False
GaussianBudget75M_LinearMinTime,TIGER_2022-CASQF-002634,20221011,2,pyrologix,1,171-80,2022,0.0,0.0022724379086866975,0,drone,1,9.489961992702219e-05,540,0.00303678783766471,True
GaussianBudget75M_LinearMinTime,TIMBER_2022-CAMDF-000593,20220805,20,pyrologix,2,none,2022,0.0,0.002335253986530006,-1,undetected,1,9.489961992702219e-05,0,0.0,False
GaussianBudget75M_LinearMinTime,TINTA_2022-CALPF-002186,20220905,12,pyrologix,12,none,2022,0.0,0.0021604939829558134,-1,undetected,1,9.489961992702219e-05,0,0.0,False
GaussianBudget75M_LinearMinTime,TITUS_2022-CAKNF-001199,20220215,19,pyrologix,10,21-28,2022,0.0,0.0033327339915558696,0,drone,1,9.489961992702219e-05,3575,0.0046500813764240876,True
GaussianBudget75M_LinearMinTime,TNF_MUTUAL_AID_2022-CATNF-000081,20220204,22,pyrologix,6,86-54,2022,0.0,0.00900120404548943,2,drone,1,9.489961992702219e-05,3180,0.004555181756497065,True
GaussianBudget75M_LinearMinTime,TNF_SEPTEMBER_LIGHTNING_2022-CATNF-001364,20220906,12,pyrologix,10,79-56,2022,0.0,0.006577144959010184,1,drone,1,9.489961992702219e-05,4185,0.0046500813764240876,True
GaussianBudget75M_LinearMinTime,TORO_2022-CALPF-002707,20221104,20,pyrologix,5,none,2022,0.0,0.0021177439484745264,-1,undetected,1,9.489961992702219e-05,0,0.0,False
GaussianBudget75M_LinearMinTime,TOWNSEND_2022-CAKNF-007020,20220818,0,pyrologix,1,24-35,2022,0.0,0.003337591071613133,0,drone,1,9.489961992702219e-05,665,0.003226587077518755,True
GaussianBudget75M_LinearMinTime,TRAIL_2022-CABDF-003801,20220221,17,pyrologix,11,none,2022,0.0,0.0021804790012538433,-1,undetected,1,9.489961992702219e-05,0,0.0,False
GaussianBudget75M_LinearMinTime,TRAIL_2022-CABID-000972,20220531,9,pyrologix,3,none,2022,0.0,0.0021770020248368382,-1,undetected,1,9.489961992702219e-05,0,0.0,False
GaussianBudget75M_LinearMinTime,TRAINGLE_2022-CAMDF-000741,20220819,17,pyrologix,8,none,2022,0.0,0.002313111093826592,-1,undetected,1,9.489961992702219e-05,0,0.0,False
GaussianBudget75M_LinearMinTime,TRAINING_2022-CAANF-000001,20220404,14,pyrologix,11,none,2022,0.0,0.0020281319739297032,-1,undetected,1,9.489961992702219e-05,0,0.0,False
GaussianBudget75M_LinearMinTime,TREE_2_2022-CACNF-002474,20221017,13,pyrologix,8,228-94,2022,0.0,0.004040866973809898,0,drone,1,9.489961992702219e-05,3290,0.00389088441700791,True
GaussianBudget75M_LinearMinTime,TREE_2_2022-CAMVU-022381,20221017,14,pyrologix,8,228-94,2022,0.0,0.004063682048581541,0,drone,1,9.489961992702219e-05,3290,0.00389088441700791,True
GaussianBudget75M_LinearMinTime,TROUT_2022-CALNF-005198,20220923,18,pyrologix,5,51-53,2022,0.0,0.0023471510503441095,0,drone,1,9.489961992702219e-05,2070,0.00389088441700791,True
GaussianBudget75M_LinearMinTime,TRUCKEE_2022-CATNF-000439,20220502,13,pyrologix,12,80-65,2022,0.0,0.003257291973568499,0,drone,1,9.489961992702219e-05,4440,0.0046500813764240876,True
GaussianBudget75M_LinearMinTime,TULE_2022-CASHF-000761,20220803,18,pyrologix,12,54-26,2022,0.0,0.01900247298181057,-1,undetected,1,9.489961992702219e-05,6900,0.004555181756497065,True
GaussianBudget75M_LinearMinTime,TULE_2022-CASHU-008564,20220803,20,pyrologix,7,47-21,2022,0.0,0.005678587942384183,1,drone,1,9.489961992702219e-05,2940,0.0046500813764240876,True
GaussianBudget75M_LinearMinTime,TULLAMORE_2022-CAENF-031670,20221104,14,pyrologix,12,93-54,2022,0.0,0.005998719949275255,1,drone,1,9.489961992702219e-05,5265,0.003985784036934932,True
GaussianBudget75M_LinearMinTime,TURNER_2022-CALNF-005161,20220922,13,pyrologix,9,55-47,2022,0.0,0.018457419937476516,-1,undetected,1,9.489961992702219e-05,1095,0.003985784036934932,True
GaussianBudget75M_LinearMinTime,TWIN_2022-CASNF-001581,20221029,22,pyrologix,2,132-72,2022,0.0,0.01255106192547828,4,drone,1,9.489961992702219e-05,2790,0.00389088441700791,True
GaussianBudget75M_LinearMinTime,TYLER_2022-CAKNF-007104,20220819,18,pyrologix,5,21-28,2022,0.0,0.008345373091287911,2,drone,1,9.489961992702219e-05,2535,0.004555181756497065,True
GaussianBudget75M_LinearMinTime,Tamarack_2022-CASHF-001167,20221026,20,pyrologix,1,35-36,2022,0.0,0.01117787603288889,3,drone,1,9.489961992702219e-05,1850,0.004175583276788976,True
GaussianBudget75M_LinearMinTime,Texas_2022-CASHF-000953,20220909,19,pyrologix,1,54-26,2022,0.0,0.002745256992056966,0,drone,1,9.489961992702219e-05,610,0.0036061855572268433,True
GaussianBudget75M_LinearMinTime,Tobin__2022-CAPNF-001671,20220824,18,pyrologix,10,69-50,2022,0.0,0.003250114037655294,0,drone,1,9.489961992702219e-05,3700,0.004555181756497065,True
GaussianBudget75M_LinearMinTime,Toland_2022-CALPF-001326,20220622,12,pyrologix,6,none,2022,0.0,0.002130253007635474,-1,undetected,1,9.489961992702219e-05,0,0.0,False
GaussianBudget75M_LinearMinTime,Trabuco_2022-CACNF-000194,20220130,16,pyrologix,9,none,2022,0.0,0.0021351909963414073,-1,undetected,1,9.489961992702219e-05,0,0.0,False
GaussianBudget75M_LinearMinTime,Trinity_2022-CASHF-000615,20220709,19,pyrologix,3,42-34,2022,0.0,0.01805523899383843,-1,undetected,1,9.489961992702219e-05,3495,0.004460282136570043,True
GaussianBudget75M_LinearMinTime,Turkey_2022-CALPF-000224,20220207,15,pyrologix,7,none,2022,0.0,0.0020995630184188485,-1,undetected,1,9.489961992702219e-05,0,0.0,False
GaussianBudget75M_LinearMinTime,UNION_2022-CATNF-001458,20220925,21,pyrologix,2,80-58,2022,0.0,0.0019365230109542608,0,drone,1,9.489961992702219e-05,865,0.003511285937299821,True
GaussianBudget75M_LinearMinTime,USHER_2022-CASHF-000246,20220331,22,pyrologix,4,35-36,2022,0.0,0.018143483088351786,-1,undetected,1,9.489961992702219e-05,3860,0.004175583276788976,True
GaussianBudget75M_LinearMinTime,UTL_2022-CAANF-001846,20220622,22,pyrologix,2,none,2022,0.0,0.002507893950678408,-1,undetected,1,9.489961992702219e-05,0,0.0,False
GaussianBudget75M_LinearMinTime,UTL_KENNEDY_2022-CAINF-001196,20220623,17,pyrologix,2,none,2022,0.0,0.0020345160737633705,-1,undetected,1,9.489961992702219e-05,0,0.0,False
GaussianBudget75M_LinearMinTime,VALENTINE__2022-CAINF-001579,20220725,23,pyrologix,11,none,2022,0.0,0.0021380720427259803,-1,undetected,1,9.489961992702219e-05,0,0.0,False
GaussianBudget75M_LinearMinTime,VALE_2022-CAANF-002597,20220807,18,pyrologix,9,none,2022,0.0,0.002116279094479978,-1,undetected,1,9.489961992702219e-05,0,0.0,False
GaussianBudget75M_LinearMinTime,VALLEY_2022-CACNF-002040,20220822,15,pyrologix,7,none,2022,0.0,0.002159970928914845,-1,undetected,1,9.489961992702219e-05,0,0.0,False
GaussianBudget75M_LinearMinTime,VALLEY_2022-CAMDF-000596,20220805,19,pyrologix,8,none,2022,0.0,0.0022038499591872096,-1,undetected,1,9.489961992702219e-05,0,0.0,False
GaussianBudget75M_LinearMinTime,VALLE_2022-CABDF-006784,20220414,21,pyrologix,7,206-87,2022,0.0,0.0023921960964798927,0,drone,1,9.489961992702219e-05,1525,0.004270482896715999,True
GaussianBudget75M_LinearMinTime,VAQUERO_2022-CALAC-333540,20220930,16,pyrologix,9,none,2022,0.0,0.002109976951032877,-1,undetected,1,9.489961992702219e-05,0,0.0,False
GaussianBudget75M_LinearMinTime,VERONICA_2022-CACNF-002758,20221125,3,pyrologix,2,none,2022,0.0,0.002219791989773512,-1,undetected,1,9.489961992702219e-05,0,0.0,False
GaussianBudget75M_LinearMinTime,VIDA_2022-CAMDF-000595,20220805,22,pyrologix,3,none,2022,0.0,0.002283305977471173,-1,undetected,1,9.489961992702219e-05,0,0.0,False
GaussianBudget75M_LinearMinTime,VIEWPOINT_Viewpoint_2022-CACNF-000189,20220130,6,pyrologix,7,none,2022,0.0,0.0027216189773753285,-1,undetected,1,9.489961992702219e-05,0,0.0,False
GaussianBudget75M_LinearMinTime,VIEW_2022-CACNF-001931,20220809,18,pyrologix,1,none,2022,0.0,0.0021327289287000895,-1,undetected,1,9.489961992702219e-05,0,0.0,False
GaussianBudget75M_LinearMinTime,VILLA_2022-CACNF-002259,20220917,20,pyrologix,1,none,2022,0.0,0.002167070982977748,-1,undetected,1,9.489961992702219e-05,0,0.0,False
GaussianBudget75M_LinearMinTime,VILLE_2022-CATNF-000514,20220523,16,pyrologix,5,80-65,2022,0.0,0.0031582919182255864,0,drone,1,9.489961992702219e-05,2025,0.004555181756497065,True
GaussianBudget75M_LinearMinTime,VISTA_2022-CAANF-002399,20220725,23,pyrologix,6,none,2022,0.0,0.0023908399743959308,-1,undetected,1,9.489961992702219e-05,0,0.0,False
GaussianBudget75M_LinearMinTime,VISTA_2022-CALAC-248042,20220725,21,pyrologix,10,none,2022,0.0,0.0022127149859443307,-1,undetected,1,9.489961992702219e-05,0,0.0,False
GaussianBudget75M_LinearMinTime,VISTA_2022-CATNF-000829,20220710,21,pyrologix,2,73-63,2022,0.0,0.003068429999984801,0,drone,1,9.489961992702219e-05,955,0.0040806836568619545,True
GaussianBudget75M_LinearMinTime,VOGEL_2022-CAANF-002915,20220903,5,pyrologix,3,none,2022,0.0,0.0026302890619263053,-1,undetected,1,9.489961992702219e-05,0,0.0,False
GaussianBudget75M_LinearMinTime,Valley__2022-CAPNF-002301,20221030,20,pyrologix,2,65-55,2022,0.0,0.0030225430382415652,0,drone,1,9.489961992702219e-05,910,0.004175583276788976,True
GaussianBudget75M_LinearMinTime,Viejas_2022-CACNF-000175,20220128,5,pyrologix,5,none,2022,0.0,0.0022271120687946677,-1,undetected,1,9.489961992702219e-05,0,0.0,False
GaussianBudget75M_LinearMinTime,WAGON_TRAIN_2022-CABDF-008317,20220522,17,pyrologix,4,206-88,2022,0.0,0.010899864020757377,3,drone,1,9.489961992702219e-05,2725,0.0040806836568619545,True
GaussianBudget75M_LinearMinTime,WALKER_2022-CAINF-001691,20220804,17,pyrologix,10,none,2022,0.0,0.002019834006205201,-1,undetected,1,9.489961992702219e-05,0,0.0,False
GaussianBudget75M_LinearMinTime,WALKER_2022-CAKNF-006588,20220806,12,pyrologix,4,17-30,2022,0.0,0.017765021068044007,-1,undetected,1,9.489961992702219e-05,1795,0.004365382516643021,True
GaussianBudget75M_LinearMinTime,WALTER_2022-CAANF-002025,20220703,18,pyrologix,4,none,2022,0.0,0.0022551030851900578,-1,undetected,1,9.489961992702219e-05,0,0.0,False
GaussianBudget75M_LinearMinTime,WASHED_2022-CABDF-006563,20220408,21,pyrologix,5,206-88,2022,0.0,0.0030092570232227445,0,drone,1,9.489961992702219e-05,2095,0.00389088441700791,True
GaussianBudget75M_LinearMinTime,WASHINGTON_2022-CATNF-001329,20220904,14,pyrologix,12,86-54,2022,0.0,0.012056810082867742,3,drone,1,9.489961992702219e-05,5600,0.0046500813764240876,True
GaussianBudget75M_LinearMinTime,WATER_2022-CAANF-003255,20221003,18,pyrologix,9,none,2022,0.0,0.002186245983466506,-1,undetected,1,9.489961992702219e-05,0,0.0,False
GaussianBudget75M_LinearMinTime,WATSON_2022-CATMU-017364,20220701,13,pyrologix,11,none,2022,0.0,0.002176532056182623,-1,undetected,1,9.489961992702219e-05,0,0.0,False
GaussianBudget75M_LinearMinTime,WEBER_2022-CAENF-016246,20220621,17,pyrologix,5,97-60,2022,0.0,0.0026520179817453027,0,drone,1,9.489961992702219e-05,2145,0.004365382516643021,True
GaussianBudget75M_LinearMinTime,WHALE_2022-CALNF-004843,20220906,18,pyrologix,7,53-62,2022,0.0,0.0056991130113601685,1,drone,1,9.489961992702219e-05,2920,0.0040806836568619545,True
GaussianBudget75M_LinearMinTime,WHEELER_2022-CASTF-002002,20221013,16,pyrologix,3,105-63,2022,0.0,0.005207733018323779,1,drone,1,9.489961992702219e-05,1700,0.003985784036934932,True
GaussianBudget75M_LinearMinTime,WHITAKER_2022-CAANF-002287,20220718,17,pyrologix,4,none,2022,0.0,0.002221788978204131,-1,undetected,1,9.489961992702219e-05,0,0.0,False
GaussianBudget75M_LinearMinTime,WHITLOW_2022-CASKU-002274,20220326,23,pyrologix,5,37-52,2022,0.0,0.002860593027435243,0,drone,1,9.489961992702219e-05,1975,0.0046500813764240876,True
GaussianBudget75M_LinearMinTime,WIDOW_2022-CAMDF-000524,20220801,21,pyrologix,8,37-64,2022,0.0,0.018883790937252343,-1,undetected,1,9.489961992702219e-05,875,0.0037010851771538656,True
GaussianBudget75M_LinearMinTime,WILCOX_2022-CALNF-002732,20220606,12,pyrologix,11,51-53,2022,0.0,0.0052907830104231834,0,drone,1,9.489961992702219e-05,4740,0.004460282136570043,True
GaussianBudget75M_LinearMinTime,WILCOX_2022-CALNF-004513,20220821,15,pyrologix,8,51-53,2022,0.0,0.004849986056797206,0,drone,1,9.489961992702219e-05,3490,0.004460282136570043,True
GaussianBudget75M_LinearMinTime,WILDWOOD_2022-CABDF-002435,20220208,5,pyrologix,4,none,2022,0.0,0.0020459069637581706,-1,undetected,1,9.489961992702219e-05,0,0.0,False
GaussianBudget75M_LinearMinTime,WILLOWS_2022-CACNF-001571,20220706,0,pyrologix,2,none,2022,0.0,0.0021162930643185973,-1,undetected,1,9.489961992702219e-05,0,0.0,False
GaussianBudget75M_LinearMinTime,WILLOW_2022-CAMDF-000576,20220804,23,pyrologix,1,none,2022,0.0,0.002184935030527413,-1,undetected,1,9.489961992702219e-05,0,0.0,False
GaussianBudget75M_LinearMinTime,WILLOW_2022-CATNF-000894,20220718,22,pyrologix,4,80-65,2022,0.0,0.0028076389571651816,0,drone,1,9.489961992702219e-05,1670,0.004460282136570043,True
GaussianBudget75M_LinearMinTime,WILSON__2022-CAANF-001835,20220622,12,pyrologix,8,none,2022,0.0,0.0020690179662778974,-1,undetected,1,9.489961992702219e-05,0,0.0,False
GaussianBudget75M_LinearMinTime,WINDY_2022-CALNF-003884,20220726,8,pyrologix,5,none,2022,0.0,0.00215353409294039,-1,undetected,1,9.489961992702219e-05,0,0.0,False
GaussianBudget75M_LinearMinTime,WISHON_2022-CASQF-002089,20220815,16,pyrologix,11,159-73,2022,0.0,0.018408415955491364,-1,undetected,1,9.489961992702219e-05,870,0.0036061855572268433,True
GaussianBudget75M_LinearMinTime,WOODGLEN__2022-CAANF-002637,20220813,22,pyrologix,7,none,2022,0.0,0.0021202629432082176,-1,undetected,1,9.489961992702219e-05,0,0.0,False
GaussianBudget75M_LinearMinTime,WOODS_2022-CAENF-014160,20220601,18,pyrologix,3,none,2022,0.0,0.002075806027278304,-1,undetected,1,9.489961992702219e-05,0,0.0,False
GaussianBudget75M_LinearMinTime,WOOD_2022-CASHF-000731,20220730,13,pyrologix,5,40-29,2022,0.0,0.0023708119988441467,0,drone,1,9.489961992702219e-05,1830,0.004460282136570043,True
GaussianBudget75M_LinearMinTime,WOOLEY_2022-CAKNF-006378,20220801,20,pyrologix,6,26-25,2022,0.0,0.018281508004292846,-1,undetected,1,9.489961992702219e-05,4580,0.004365382516643021,True
GaussianBudget75M_LinearMinTime,WORLDS_2022-CABDF-012272,20220821,0,pyrologix,3,none,2022,0.0,0.002115072915330529,-1,undetected,1,9.489961992702219e-05,0,0.0,False
GaussianBudget75M_LinearMinTime,WORLDS_2022-CABDU-011960,20220821,23,pyrologix,5,none,2022,0.0,0.002134355017915368,-1,undetected,1,9.489961992702219e-05,0,0.0,False
GaussianBudget75M_LinearMinTime,WRECKUM_2022-CAENF-023570,20220821,0,pyrologix,3,97-60,2022,0.0,0.00256638799328357,0,drone,1,9.489961992702219e-05,1355,0.0040806836568619545,True
GaussianBudget75M_LinearMinTime,Waterman_2022-CASRF-000630,20220805,17,pyrologix,2,33-23,2022,0.0,0.010436543030664325,3,drone,1,9.489961992702219e-05,1855,0.004555181756497065,True
GaussianBudget75M_LinearMinTime,West_2022-CALPF-001318,20220621,18,pyrologix,11,none,2022,0.0,0.002197564928792417,-1,undetected,1,9.489961992702219e-05,0,0.0,False
GaussianBudget75M_LinearMinTime,Wildcat__2022-CAPNF-002102,20221004,22,pyrologix,11,67-62,2022,0.0,0.0029497939394786954,0,drone,1,9.489961992702219e-05,4040,0.0046500813764240876,True
GaussianBudget75M_LinearMinTime,Wildwood_2022-CAPNF-000850,20220613,16,pyrologix,4,65-55,2022,0.0,0.004606741014868021,1,drone,1,9.489961992702219e-05,1810,0.004365382516643021,True
GaussianBudget75M_LinearMinTime,Wildwood_2022-CASHF-000985,20220914,10,pyrologix,8,47-27,2022,0.0,0.00301227904856205,0,drone,1,9.489961992702219e-05,3020,0.004555181756497065,True
GaussianBudget75M_LinearMinTime,Williams_2022-CAPNF-001235,20220722,0,pyrologix,4,65-55,2022,0.0,0.00476309098303318,0,drone,1,9.489961992702219e-05,1745,0.004365382516643021,True
GaussianBudget75M_LinearMinTime,YELLOWJACKET_2022-CAKNF-007030,20220818,21,pyrologix,9,24-35,2022,0.0,0.018788819084875286,-1,undetected,1,9.489961992702219e-05,6450,0.004555181756497065,True
GaussianBudget75M_LinearMinTime,YELLOW_2022-CAKNF-006277,20220731,1,pyrologix,12,24-35,2022,0.0,0.01995955698657781,-1,undetected,1,9.489961992702219e-05,7770,0.004555181756497065,True
GaussianBudget75M_LinearMinTime,YETI_2022-CAKNF-006200,20220730,22,pyrologix,12,21-28,2022,0.0,0.005345090990886092,0,drone,1,9.489961992702219e-05,4550,0.0046500813764240876,True
GaussianBudget75M_LinearMinTime,YUBA__2022-CATNF-001384,20220908,20,pyrologix,6,80-65,2022,0.0,0.0029296030988916755,0,drone,1,9.489961992702219e-05,2320,0.004555181756497065,True
GaussianBudget75M_LinearMinTime,ZOT_2022-CASHF-000584,20220703,17,pyrologix,2,28-39,2022,1579.4436407580506,0.001738241990096867,0,drone,1,9.489961992702219e-05,875,0.0036061855572268433,True
GaussianBudget75M_LinearMinTime,ZUNI_2022-CAANF-001826,20220622,4,pyrologix,2,none,2022,0.0,0.002187993028201163,-1,undetected,1,9.489961992702219e-05,0,0.0,False
GaussianBudget75M_LinearMinTime,mill_creek_1_2022-CAHIA-22-001,20220131,17,pyrologix,9,33-23,2022,0.0,0.004975049057975411,0,drone,1,9.489961992702219e-05,3595,0.0046500813764240876,True
