strategy_combo,scenario_name,date,sim_start_hour,log_key,offset,cluster,year,routing_compute_seconds,sim_replay_seconds,delta_t,device,fire_size_cells,fire_size_percentage,total_distance_traveled,percentage_map_explored,routed
GaussianBudget75M_LinearMinTime,2-5_2021-CASHU-004806,20210516,12,pyrologix,6,44-41,2021,0.0,0.003746301052160561,0,drone,1,9.489961992702219e-05,2295,0.004175583276788976,True
GaussianBudget75M_LinearMinTime,3_Mile__2021-CAPNF-001082,20210704,15,pyrologix,12,72-59,2021,5067.423723525018,0.026433469960466027,0,drone,1,9.489961992702219e-05,4275,0.0046500813764240876,True
GaussianBudget75M_LinearMinTime,41_MILE_2021-CAENF-022081,20210730,22,pyrologix,7,100-61,2021,5067.059689859976,0.005580161930993199,0,drone,1,9.489961992702219e-05,2545,0.004460282136570043,True
GaussianBudget75M_LinearMinTime,ADAMS_2021-CAKNF-006495,20210802,9,pyrologix,12,38-28,2021,5066.634421178955,0.045105074997991323,5,drone,1,9.489961992702219e-05,6280,0.0046500813764240876,True
GaussianBudget75M_LinearMinTime,ADOBE_2021-CAINF-001488,20210701,12,pyrologix,8,none,2021,0.0,0.002143452991731465,-1,undetected,1,9.489961992702219e-05,0,0.0,False
GaussianBudget75M_LinearMinTime,ALDER_2021-CASQF-002086,20210707,15,pyrologix,5,170-77,2021,5066.641976248939,0.004835353000089526,0,drone,1,9.489961992702219e-05,1800,0.004460282136570043,True
GaussianBudget75M_LinearMinTime,ALISAL__2021-CALPF-002759,20211011,21,pyrologix,1,none,2021,0.0,0.002585445996373892,-1,undetected,1,9.489961992702219e-05,0,0.0,False
GaussianBudget75M_LinearMinTime,ALOHA_2021-CAENF-013666,20210520,7,pyrologix,8,100-68,2021,2544.7445126459934,0.011500954045914114,0,drone,1,9.489961992702219e-05,3150,0.004555181756497065,True
GaussianBudget75M_LinearMinTime,ALRAY_2021-CABDF-001347,20210118,15,pyrologix,11,206-88,2021,0.0,0.007858603959903121,0,drone,1,9.489961992702219e-05,4475,0.004175583276788976,True
GaussianBudget75M_LinearMinTime,AL_2021-CATMU-019763,20210710,1,pyrologix,1,none,2021,0.0,0.002352604060433805,-1,undetected,1,9.489961992702219e-05,0,0.0,False
GaussianBudget75M_LinearMinTime,ANDERSON_2021-CATNF-000712,20210508,16,pyrologix,5,86-67,2021,5066.50969972997,0.009398062946274877,0,drone,1,9.489961992702219e-05,1880,0.00389088441700791,True
GaussianBudget75M_LinearMinTime,ANTELOPE_2021-CAKNF-006454,20210801,12,pyrologix,12,30-52,2021,5066.842354340013,0.014081345056183636,1,drone,1,9.489961992702219e-05,4755,0.0046500813764240876,True
GaussianBudget75M_LinearMinTime,ANTELOPE_2021-CAMDF-000580,20210622,14,pyrologix,8,36-70,2021,0.0,0.004252476035617292,0,drone,1,9.489961992702219e-05,2910,0.004555181756497065,True
GaussianBudget75M_LinearMinTime,ANTELOPE_SINK_TENNANT_2021-CAKNF-003950,20210524,17,pyrologix,7,30-52,2021,0.0,0.004088007961399853,0,drone,1,9.489961992702219e-05,2615,0.0046500813764240876,True
GaussianBudget75M_LinearMinTime,ANTONIO__2021-CAANF-002891,20210803,16,pyrologix,11,206-88,2021,0.0,0.004418222000822425,0,drone,1,9.489961992702219e-05,4305,0.004175583276788976,True
GaussianBudget75M_LinearMinTime,APALACHEE_2021-CATMU-019709,20210709,15,pyrologix,11,none,2021,0.0,0.0022449269890785217,-1,undetected,1,9.489961992702219e-05,0,0.0,False
GaussianBudget75M_LinearMinTime,ARNOT__2021-CASTF-001744,20210720,12,pyrologix,11,107-68,2021,5066.321975297062,0.016359976027160883,0,drone,1,9.489961992702219e-05,4050,0.0046500813764240876,True
GaussianBudget75M_LinearMinTime,ASH_2021-CASHF-000295,20210308,15,pyrologix,5,37-49,2021,5066.61070545204,0.006299897097051144,0,drone,1,9.489961992702219e-05,1860,0.004460282136570043,True
GaussianBudget75M_LinearMinTime,ASPENS_2021-CAINF-001449,20210629,22,pyrologix,8,none,2021,0.0,0.0020274340640753508,-1,undetected,1,9.489961992702219e-05,0,0.0,False
GaussianBudget75M_LinearMinTime,ASPEN_2021-CAENF-023616,20210811,14,pyrologix,7,100-68,2021,0.0,0.006429368979297578,1,drone,1,9.489961992702219e-05,3105,0.004555181756497065,True
GaussianBudget75M_LinearMinTime,ASPEN__2021-CASTF-000758,20210516,15,pyrologix,2,114-64,2021,5067.66001654393,0.005859557073563337,0,drone,1,9.489961992702219e-05,955,0.003795984797080888,True
GaussianBudget75M_LinearMinTime,AUTUMN_2021-CABDF-017341,20211122,17,pyrologix,10,223-101,2021,0.0,0.01075263402890414,1,drone,1,9.489961992702219e-05,4075,0.004460282136570043,True
GaussianBudget75M_LinearMinTime,Airport_2021-CAPNF-000482,20210421,18,pyrologix,2,72-59,2021,0.0,0.00342251209076494,0,drone,1,9.489961992702219e-05,925,0.0040806836568619545,True
GaussianBudget75M_LinearMinTime,Antlers_2021-CASHF-000630,20210516,17,pyrologix,8,44-41,2021,0.0,0.003325967933051288,0,drone,1,9.489961992702219e-05,3070,0.004175583276788976,True
GaussianBudget75M_LinearMinTime,BACKBONE_2021-CANEU-019609,20210726,21,pyrologix,12,79-54,2021,2903.170852073934,0.043541001970879734,-1,undetected,1,9.489961992702219e-05,5695,0.0046500813764240876,True
GaussianBudget75M_LinearMinTime,BAIRD_2021-CAKNF-006530,20210803,14,pyrologix,6,30-52,2021,0.0,0.004097471013665199,0,drone,1,9.489961992702219e-05,2455,0.0046500813764240876,True
GaussianBudget75M_LinearMinTime,BAKER_2021-CALNF-002001,20210421,21,pyrologix,2,51-54,2021,0.0,0.0033273370936512947,0,drone,1,9.489961992702219e-05,795,0.003985784036934932,True
GaussianBudget75M_LinearMinTime,BAKER_2021-CATNF-000549,20210411,22,pyrologix,7,79-54,2021,0.0,0.007196631981059909,1,drone,1,9.489961992702219e-05,3675,0.004175583276788976,True
GaussianBudget75M_LinearMinTime,BALDY_2021-CAANF-003105,20210820,20,pyrologix,12,206-88,2021,0.0,0.024026171071454883,-1,undetected,1,9.489961992702219e-05,5850,0.004175583276788976,True
GaussianBudget75M_LinearMinTime,BALD_2021-CASTF-001632,20210714,7,pyrologix,12,114-64,2021,0.0,0.0054227650398388505,0,drone,1,9.489961992702219e-05,4760,0.0046500813764240876,True
GaussianBudget75M_LinearMinTime,BALLY_2021-CAKNF-006369,20210731,19,pyrologix,11,none,2021,0.0,0.002296964987181127,-1,undetected,1,9.489961992702219e-05,0,0.0,False
GaussianBudget75M_LinearMinTime,BALL_2021-CAINF-001274,20210618,21,pyrologix,8,169-84,2021,5065.981090276968,0.01923112105578184,2,drone,1,9.489961992702219e-05,3950,0.004555181756497065,True
GaussianBudget75M_LinearMinTime,BALL__2021-CAANF-002492,20210709,2,pyrologix,5,195-71,2021,5066.546066000941,0.037714126985520124,2,drone,1,9.489961992702219e-05,2640,0.004365382516643021,True
GaussianBudget75M_LinearMinTime,BALSAM_2021-CASNF-000364,20210519,21,pyrologix,6,134-74,2021,5067.94921512797,0.015293342061340809,0,drone,1,9.489961992702219e-05,2315,0.0046500813764240876,True
GaussianBudget75M_LinearMinTime,BALTIC_2021-CAENF-017625,20210622,18,pyrologix,5,100-61,2021,0.0,0.008233555010519922,0,drone,1,9.489961992702219e-05,2110,0.004460282136570043,True
GaussianBudget75M_LinearMinTime,BANDIDO_2021-CAANF-003414,20210910,13,pyrologix,8,206-81,2021,5065.256152451038,0.006243697949685156,0,drone,1,9.489961992702219e-05,3175,0.0037010851771538656,True
GaussianBudget75M_LinearMinTime,BARKER_2021-CATMU-021949,20210728,15,pyrologix,12,93-62,2021,261.01753561897203,0.047439353074878454,-1,undetected,1,9.489961992702219e-05,435,0.002941888217737688,True
GaussianBudget75M_LinearMinTime,BARTLETT_2021-CAMNF-000517,20210602,18,pyrologix,5,78-23,2021,5082.161147741019,0.0034667939180508256,0,drone,1,9.489961992702219e-05,1940,0.0040806836568619545,True
GaussianBudget75M_LinearMinTime,BASIN__2021-CASHF-001223,20210804,20,pyrologix,5,52-19,2021,5080.731863311026,0.1743454720126465,-1,undetected,1,9.489961992702219e-05,4535,0.0033214866974457763,True
GaussianBudget75M_LinearMinTime,BEACROFT_2021-CATNF-000932,20210607,19,pyrologix,11,86-60,2021,5082.173947012052,0.006930254050530493,0,drone,1,9.489961992702219e-05,4495,0.0040806836568619545,True
GaussianBudget75M_LinearMinTime,BEAR_2021-CABDF-012148,20210811,9,pyrologix,11,214-103,2021,875.2178305389825,0.08316264708992094,-1,undetected,1,9.489961992702219e-05,1485,0.00389088441700791,True
GaussianBudget75M_LinearMinTime,BEAR_2021-CAENF-022077,20210730,20,pyrologix,9,100-61,2021,0.0,0.0033389159943908453,0,drone,1,9.489961992702219e-05,3390,0.004460282136570043,True
GaussianBudget75M_LinearMinTime,BEAR_2021-CASNF-000811,20210704,15,pyrologix,11,none,2021,0.0,0.002728512976318598,-1,undetected,1,9.489961992702219e-05,0,0.0,False
GaussianBudget75M_LinearMinTime,BEAR_2021-CASQF-002703,20210812,20,pyrologix,2,163-78,2021,5094.185107367928,0.33215290296357125,-1,undetected,1,9.489961992702219e-05,3430,0.003795984797080888,True
GaussianBudget75M_LinearMinTime,BEAR__2021-CASTF-001889,20210730,18,pyrologix,2,114-64,2021,0.0,0.01682990009430796,-1,undetected,1,9.489961992702219e-05,2960,0.004365382516643021,True
GaussianBudget75M_LinearMinTime,BEASORE_2021-CASNF-001628,20210917,20,pyrologix,6,128-69,2021,0.0,0.005664468975737691,0,drone,1,9.489961992702219e-05,2300,0.004365382516643021,True
GaussianBudget75M_LinearMinTime,BEDFORD_2021-CACNF-001343,20210515,3,pyrologix,5,220-87,2021,0.0,0.00496801093686372,0,drone,1,9.489961992702219e-05,2060,0.003985784036934932,True
GaussianBudget75M_LinearMinTime,BEEHIVE_2021-CASHF-001423,20210924,19,pyrologix,7,44-41,2021,0.0,0.0030386430444195867,0,drone,1,9.489961992702219e-05,2750,0.004175583276788976,True
GaussianBudget75M_LinearMinTime,BEE_2021-CALPF-001234,20210530,16,pyrologix,8,175-45,2021,5105.858538446017,0.014353901031427085,0,drone,1,9.489961992702219e-05,2955,0.004460282136570043,True
GaussianBudget75M_LinearMinTime,BEE__2021-CAANF-003546,20210919,23,pyrologix,11,195-71,2021,0.0,0.0077042169868946075,0,drone,1,9.489961992702219e-05,4155,0.004460282136570043,True
GaussianBudget75M_LinearMinTime,BELLEVUE_2021-CAENF-027012,20210910,18,pyrologix,2,93-62,2021,0.0,0.019372796989046037,-1,undetected,1,9.489961992702219e-05,435,0.002941888217737688,True
GaussianBudget75M_LinearMinTime,BELL_2021-CASTF-001929,20210731,21,pyrologix,4,114-64,2021,0.0,0.0027379459934309125,0,drone,1,9.489961992702219e-05,1570,0.003985784036934932,True
GaussianBudget75M_LinearMinTime,BENJAMIN_2021-CAKNF-008663,20211001,17,pyrologix,6,17-27,2021,5088.328297637054,0.02122555288951844,2,drone,1,9.489961992702219e-05,3270,0.004555181756497065,True
GaussianBudget75M_LinearMinTime,BERRY_2021-CAKNF-006872,20210812,7,pyrologix,2,24-32,2021,5082.922360037919,0.019343793974258006,0,drone,1,9.489961992702219e-05,1130,0.004365382516643021,True
GaussianBudget75M_LinearMinTime,BICHOTA_2021-CAANF-003154,20210824,23,pyrologix,10,206-81,2021,0.0,0.00829077500384301,0,drone,1,9.489961992702219e-05,3955,0.003795984797080888,True
GaussianBudget75M_LinearMinTime,BIGFORD__2021-CATNF-002271,20211122,17,pyrologix,11,86-67,2021,0.0,0.005295983050018549,0,drone,1,9.489961992702219e-05,4255,0.0040806836568619545,True
GaussianBudget75M_LinearMinTime,BIG_2021-CAANF-003078,20210817,9,pyrologix,1,195-71,2021,0.0,0.0029555970104411244,0,drone,1,9.489961992702219e-05,470,0.003226587077518755,True
GaussianBudget75M_LinearMinTime,BIG_2021-CASTF-000968,20210602,16,pyrologix,6,107-61,2021,5089.053818567074,0.004044995992444456,0,drone,1,9.489961992702219e-05,2290,0.004555181756497065,True
GaussianBudget75M_LinearMinTime,BIG_PINE_2021-CABDF-018139,20211127,17,pyrologix,9,209-96,2021,5113.266972831916,0.006906769936904311,0,drone,1,9.489961992702219e-05,3325,0.004270482896715999,True
GaussianBudget75M_LinearMinTime,BILLY_2021-CATNF-000961,20210612,11,pyrologix,6,86-67,2021,0.0,0.0045592200476676226,1,drone,1,9.489961992702219e-05,2580,0.003985784036934932,True
GaussianBudget75M_LinearMinTime,BLACK_2021-CATMU-027020,20210910,18,pyrologix,3,93-62,2021,0.0,0.017741900053806603,-1,undetected,1,9.489961992702219e-05,435,0.002941888217737688,True
GaussianBudget75M_LinearMinTime,BLIND_HORSE_2021-CAKNF-004511,20210610,16,pyrologix,7,38-28,2021,0.0,0.003101264010183513,0,drone,1,9.489961992702219e-05,2595,0.004555181756497065,True
GaussianBudget75M_LinearMinTime,BLOOMFIELD_2021-CASTF-001865,20210729,18,pyrologix,4,107-68,2021,0.0,0.014378920895978808,2,drone,1,9.489961992702219e-05,2300,0.0046500813764240876,True
GaussianBudget75M_LinearMinTime,BLUE_2021-CABDF-007800,20210511,13,pyrologix,11,206-88,2021,0.0,0.004192830063402653,0,drone,1,9.489961992702219e-05,4435,0.004175583276788976,True
GaussianBudget75M_LinearMinTime,BLUE_2021-CAKNF-004604,20210614,18,pyrologix,12,17-34,2021,5121.394469666993,0.02811881701927632,3,drone,1,9.489961992702219e-05,5455,0.0037010851771538656,True
GaussianBudget75M_LinearMinTime,BLUE_2021-CASNF-000717,20210629,22,pyrologix,3,141-74,2021,5119.050385772018,0.0066986699821427464,0,drone,1,9.489961992702219e-05,1375,0.003985784036934932,True
GaussianBudget75M_LinearMinTime,BLUE__2021-CABDF-000924,20210110,19,pyrologix,8,206-88,2021,0.0,0.0028992689913138747,0,drone,1,9.489961992702219e-05,3075,0.004175583276788976,True
GaussianBudget75M_LinearMinTime,BLUFF_2021-CABDF-010602,20210706,13,pyrologix,9,209-96,2021,0.0,0.004956003045663238,0,drone,1,9.489961992702219e-05,3445,0.004270482896715999,True
GaussianBudget75M_LinearMinTime,BLUFF_2021-CATNF-001775,20210910,17,pyrologix,12,86-53,2021,5102.773707823013,0.00727803201880306,0,drone,1,9.489961992702219e-05,4570,0.0046500813764240876,True
GaussianBudget75M_LinearMinTime,BONANZA_2021-CASHF-001209,20210803,22,pyrologix,6,37-35,2021,0.0,0.006814519059844315,0,drone,1,9.489961992702219e-05,2420,0.004555181756497065,True
GaussianBudget75M_LinearMinTime,BONITA_2021-CARRU-007737,20210115,7,pyrologix,4,223-101,2021,0.0,0.002982345991767943,0,drone,1,9.489961992702219e-05,1675,0.004365382516643021,True
GaussianBudget75M_LinearMinTime,BORDER_2021-CAKNF-006431,20210801,23,pyrologix,8,31-31,2021,5117.239099252969,0.08980657998472452,0,drone,1,9.489961992702219e-05,3035,0.0046500813764240876,True
GaussianBudget75M_LinearMinTime,BORDER_2021-CAMDF-000575,20210622,11,pyrologix,7,37-56,2021,5112.787429042975,0.027550168917514384,3,drone,1,9.489961992702219e-05,3950,0.0046500813764240876,True
GaussianBudget75M_LinearMinTime,BOULDER_2021-CABDF-009125,20210605,15,pyrologix,9,214-103,2021,0.0,0.02704204898327589,-1,undetected,1,9.489961992702219e-05,1485,0.00389088441700791,True
GaussianBudget75M_LinearMinTime,BOULDER_2021-CAKNF-005025,20210625,3,pyrologix,7,31-31,2021,0.0,0.01840377296321094,2,drone,1,9.489961992702219e-05,3430,0.0046500813764240876,True
GaussianBudget75M_LinearMinTime,BOUQUET_2021-CAANF-004280,20211203,1,pyrologix,4,201-76,2021,5160.7596087860875,0.003314677975140512,0,drone,1,9.489961992702219e-05,1490,0.003985784036934932,True
GaussianBudget75M_LinearMinTime,BOX_2021-CAMDF-001391,20210811,16,pyrologix,2,44-62,2021,5049.7670429920545,0.0332684509921819,2,drone,1,9.489961992702219e-05,1645,0.0046500813764240876,True
GaussianBudget75M_LinearMinTime,BRADLEY_2021-CASHF-001067,20210711,21,pyrologix,3,37-49,2021,0.0,0.006833149003796279,0,drone,1,9.489961992702219e-05,1235,0.0040806836568619545,True
GaussianBudget75M_LinearMinTime,BRANCH_2021-CAKNF-006399,20210731,15,pyrologix,2,17-27,2021,0.0,0.003582095028832555,0,drone,1,9.489961992702219e-05,975,0.0040806836568619545,True
GaussianBudget75M_LinearMinTime,BRIGHTMAN_2021-CASTF-000816,20210523,19,pyrologix,8,107-68,2021,0.0,0.002698373980820179,0,drone,1,9.489961992702219e-05,3020,0.0046500813764240876,True
GaussianBudget75M_LinearMinTime,BRODER_2021-CASQF-001048,20210518,18,pyrologix,1,162-85,2021,488.2351057199994,0.005242757964879274,0,drone,1,9.489961992702219e-05,570,0.003226587077518755,True
GaussianBudget75M_LinearMinTime,BROOKS_2021-CATNF-001615,20210819,21,pyrologix,6,79-68,2021,5052.919337164029,0.033552097040228546,0,drone,1,9.489961992702219e-05,2365,0.004460282136570043,True
GaussianBudget75M_LinearMinTime,BROOK_2021-CABDF-009087,20210604,19,pyrologix,9,206-88,2021,0.0,0.004450312000699341,0,drone,1,9.489961992702219e-05,3710,0.004175583276788976,True
GaussianBudget75M_LinearMinTime,BROWNES_2021-CASTF-000628,20210428,16,pyrologix,9,114-64,2021,0.0,0.0036887109745293856,0,drone,1,9.489961992702219e-05,3510,0.0046500813764240876,True
GaussianBudget75M_LinearMinTime,BUCKSKIN_2021-CAENF-020954,20210719,18,pyrologix,6,100-61,2021,0.0,0.0025733320508152246,0,drone,1,9.489961992702219e-05,2250,0.004460282136570043,True
GaussianBudget75M_LinearMinTime,BUG__2021-CAANF-003545,20210919,1,pyrologix,5,none,2021,0.0,0.005062874057330191,-1,undetected,1,9.489961992702219e-05,0,0.0,False
GaussianBudget75M_LinearMinTime,BURGSON_2021-CASTF-001908,20210731,2,pyrologix,2,107-68,2021,0.0,0.0036541050067171454,0,drone,1,9.489961992702219e-05,1025,0.004365382516643021,True
GaussianBudget75M_LinearMinTime,BURNS_CANYON_2021-CABDF-012479,20210819,22,pyrologix,4,none,2021,0.0,0.0035329590318724513,-1,undetected,1,9.489961992702219e-05,0,0.0,False
GaussianBudget75M_LinearMinTime,BURNT_2021-CASHF-000913,20210622,13,pyrologix,11,38-21,2021,845.3204613490961,0.0060871889581903815,0,drone,1,9.489961992702219e-05,1450,0.004270482896715999,True
GaussianBudget75M_LinearMinTime,Backbone_2021-CASHF-000119,20210124,15,pyrologix,5,44-41,2021,0.0,0.0022166098933666945,0,drone,1,9.489961992702219e-05,1960,0.004175583276788976,True
GaussianBudget75M_LinearMinTime,Backbone_2021-CATNF-001424,20210726,1,pyrologix,4,79-54,2021,0.0,0.0018782709958031774,0,drone,1,9.489961992702219e-05,1770,0.004175583276788976,True
GaussianBudget75M_LinearMinTime,Bambi_2021-CACNF-002605,20210811,20,pyrologix,6,244-98,2021,5048.598547918955,0.011791685945354402,1,drone,1,9.489961992702219e-05,2590,0.004460282136570043,True
GaussianBudget75M_LinearMinTime,Barry_2021-CASRF-000380,20210609,21,pyrologix,4,52-19,2021,0.0,0.0036267039831727743,0,drone,1,9.489961992702219e-05,1755,0.0033214866974457763,True
GaussianBudget75M_LinearMinTime,Beek_2021-CACNF-000008,20210101,18,pyrologix,2,220-87,2021,0.0,0.010138511075638235,3,drone,1,9.489961992702219e-05,2005,0.003985784036934932,True
GaussianBudget75M_LinearMinTime,Beskeen__2021-CAPNF-000184,20210226,16,pyrologix,11,72-59,2021,0.0,0.004797128029167652,0,drone,1,9.489961992702219e-05,4170,0.0046500813764240876,True
GaussianBudget75M_LinearMinTime,Binet_2021-CAPNF-001496,20210807,23,pyrologix,11,79-54,2021,0.0,0.0028690460603684187,0,drone,1,9.489961992702219e-05,4690,0.004555181756497065,True
GaussianBudget75M_LinearMinTime,Black_Canyon_2021-CACNF-001645,20210606,15,pyrologix,5,237-97,2021,1686.8325365630444,0.020716813043691218,1,drone,1,9.489961992702219e-05,2315,0.004365382516643021,True
GaussianBudget75M_LinearMinTime,Bluff_2021-CASRF-000311,20210521,23,pyrologix,2,31-24,2021,5049.192802125006,0.046966764028184116,-1,undetected,1,9.489961992702219e-05,3125,0.004460282136570043,True
GaussianBudget75M_LinearMinTime,Bluff_2_2021-CASRF-000608,20210724,11,pyrologix,8,31-24,2021,0.0,0.0239766261074692,3,drone,1,9.489961992702219e-05,4555,0.004460282136570043,True
GaussianBudget75M_LinearMinTime,Bluff_Creek_2021-CASRF-000697,20210811,19,pyrologix,1,31-24,2021,0.0,0.003193777985870838,0,drone,1,9.489961992702219e-05,740,0.003795984797080888,True
GaussianBudget75M_LinearMinTime,Bondo_2021-CASRF-000638,20210729,22,pyrologix,3,31-24,2021,0.0,0.003926477045752108,0,drone,1,9.489961992702219e-05,1520,0.004175583276788976,True
GaussianBudget75M_LinearMinTime,Bongo_2021-CACNF-001059,20210411,22,pyrologix,8,230-100,2021,0.0,0.03587084694299847,2,drone,1,9.489961992702219e-05,3875,0.004270482896715999,True
GaussianBudget75M_LinearMinTime,Bridge_2021-CASRF-000498,20210705,2,pyrologix,5,24-25,2021,5049.71812356601,0.038651104900054634,3,drone,1,9.489961992702219e-05,2925,0.0046500813764240876,True
GaussianBudget75M_LinearMinTime,Brown_2021-CACNF-003451,20211123,15,pyrologix,4,244-98,2021,0.0,0.010261565912514925,3,drone,1,9.489961992702219e-05,2590,0.004460282136570043,True
GaussianBudget75M_LinearMinTime,Bunny_2021-CASHF-000994,20210703,22,pyrologix,11,37-42,2021,5048.92995139095,0.04281957191415131,2,drone,1,9.489961992702219e-05,4680,0.0046500813764240876,True
GaussianBudget75M_LinearMinTime,Butter_2021-CAPNF-000639,20210519,21,pyrologix,2,65-57,2021,0.0,0.018041375908069313,1,drone,1,9.489961992702219e-05,1420,0.0040806836568619545,True
GaussianBudget75M_LinearMinTime,Butterfly__2021-CAPNF-000054,20210122,19,pyrologix,8,65-57,2021,0.0,0.004236173932440579,0,drone,1,9.489961992702219e-05,3105,0.0040806836568619545,True
GaussianBudget75M_LinearMinTime,CABBAGE_2021-CASTF-000141,20210120,21,pyrologix,2,107-61,2021,0.0,0.0026172780198976398,0,drone,1,9.489961992702219e-05,810,0.004175583276788976,True
GaussianBudget75M_LinearMinTime,CABIN__2021-CASTF-001179,20210618,19,pyrologix,8,107-61,2021,0.0,0.003740549087524414,0,drone,1,9.489961992702219e-05,2920,0.004555181756497065,True
GaussianBudget75M_LinearMinTime,CABLE_2021-CASHF-001304,20210823,19,pyrologix,4,52-19,2021,0.0,0.0038406590465456247,0,drone,1,9.489961992702219e-05,1960,0.0033214866974457763,True
GaussianBudget75M_LinearMinTime,CACTUS_2021-CABDF-012134,20210810,23,pyrologix,2,214-103,2021,0.0,0.0022992760641500354,0,drone,1,9.489961992702219e-05,850,0.0036061855572268433,True
GaussianBudget75M_LinearMinTime,CAJON_2021-CABDF-008480,20210525,4,pyrologix,1,206-88,2021,0.0,0.0029392410069704056,0,drone,1,9.489961992702219e-05,640,0.0033214866974457763,True
GaussianBudget75M_LinearMinTime,CALI_2021-CAANF-002044,20210616,20,pyrologix,11,201-76,2021,0.0,0.004198124050162733,0,drone,1,9.489961992702219e-05,4000,0.004365382516643021,True
GaussianBudget75M_LinearMinTime,CALLBOX_2021-CAANF-003137,20210822,14,pyrologix,10,195-71,2021,0.0,0.0054319530026987195,1,drone,1,9.489961992702219e-05,3975,0.004460282136570043,True
GaussianBudget75M_LinearMinTime,CAMPBELL_2021-CAKNF-006306,20210730,19,pyrologix,10,24-32,2021,0.0,0.011011278023943305,1,drone,1,9.489961992702219e-05,4340,0.0046500813764240876,True
GaussianBudget75M_LinearMinTime,CAMPUS_2021-CABDF-012440,20210817,18,pyrologix,6,none,2021,0.0,0.002878753934055567,-1,undetected,1,9.489961992702219e-05,0,0.0,False
GaussianBudget75M_LinearMinTime,CAMP_2021-CAKNF-006616,20210802,16,pyrologix,7,30-38,2021,0.0,0.07816969405394047,-1,undetected,1,9.489961992702219e-05,4655,0.0046500813764240876,True
GaussianBudget75M_LinearMinTime,CANYON_2021-CAANF-002503,20210709,18,pyrologix,6,195-71,2021,0.0,0.004700191901065409,1,drone,1,9.489961992702219e-05,2535,0.004365382516643021,True
GaussianBudget75M_LinearMinTime,CANYON_2021-CABDF-018227,20211128,21,pyrologix,7,206-88,2021,0.0,0.01388519792817533,4,drone,1,9.489961992702219e-05,4520,0.004175583276788976,True
GaussianBudget75M_LinearMinTime,CANYON_2021-CAINF-001712,20210713,4,pyrologix,4,none,2021,0.0,0.0062313079833984375,-1,undetected,1,9.489961992702219e-05,0,0.0,False
GaussianBudget75M_LinearMinTime,CANYON_2021-CATNF-000663,20210428,17,pyrologix,8,79-68,2021,0.0,0.008115479024127126,1,drone,1,9.489961992702219e-05,3610,0.004555181756497065,True
GaussianBudget75M_LinearMinTime,CARLON_2021-CASTF-002084,20210809,3,pyrologix,3,121-61,2021,0.0,0.009054730995558202,0,drone,1,9.489961992702219e-05,1700,0.003795984797080888,True
GaussianBudget75M_LinearMinTime,CARP_2021-CATNF-001479,20210801,0,pyrologix,12,86-67,2021,0.0,0.003062988049350679,0,drone,1,9.489961992702219e-05,4415,0.0040806836568619545,True
GaussianBudget75M_LinearMinTime,CARRVILLE_2021-CASHF-001048,20210709,17,pyrologix,9,37-35,2021,0.0,0.0036249830154702067,0,drone,1,9.489961992702219e-05,3275,0.0046500813764240876,True
GaussianBudget75M_LinearMinTime,CARSON_2021-CAENF-013467,20210518,14,pyrologix,11,100-61,2021,0.0,0.01797190203797072,-1,undetected,1,9.489961992702219e-05,6075,0.004555181756497065,True
GaussianBudget75M_LinearMinTime,CARY_2021-CARRU-060063,20210506,17,pyrologix,3,223-101,2021,0.0,0.002901267958804965,0,drone,1,9.489961992702219e-05,1350,0.003985784036934932,True
GaussianBudget75M_LinearMinTime,CASA_2021-CAINF-001862,20210724,0,pyrologix,6,none,2021,0.0,0.002918141079135239,-1,undetected,1,9.489961992702219e-05,0,0.0,False
GaussianBudget75M_LinearMinTime,CASCADE_2021-CASHF-001121,20210720,16,pyrologix,1,30-45,2021,5048.857116843108,0.057843480026349425,-1,undetected,1,9.489961992702219e-05,2505,0.004365382516643021,True
GaussianBudget75M_LinearMinTime,CASCADE_2021-CASTF-002673,20211012,17,pyrologix,7,107-68,2021,0.0,0.005244262050837278,0,drone,1,9.489961992702219e-05,2720,0.0046500813764240876,True
GaussianBudget75M_LinearMinTime,CASH_2021-CAENF-026928,20210910,2,pyrologix,8,93-56,2021,5049.261489335913,0.020583212026394904,1,drone,1,9.489961992702219e-05,3690,0.0046500813764240876,True
GaussianBudget75M_LinearMinTime,CASSIDY_2021-CASNF-001237,20210812,13,pyrologix,12,127-76,2021,0.0,0.02422613196540624,2,drone,1,9.489961992702219e-05,5290,0.0046500813764240876,True
GaussianBudget75M_LinearMinTime,CASTAIC__2021-CAANF-001087,20210409,23,pyrologix,9,195-71,2021,0.0,0.003966875025071204,0,drone,1,9.489961992702219e-05,3450,0.004365382516643021,True
GaussianBudget75M_LinearMinTime,CASTELLA_2021-CASHF-000425,20210406,20,pyrologix,2,37-42,2021,0.0,0.0017952428897842765,0,drone,1,9.489961992702219e-05,800,0.003985784036934932,True
GaussianBudget75M_LinearMinTime,CASTLE__2021-CASHF-001012,20210705,2,pyrologix,4,37-42,2021,0.0,0.0030972009990364313,0,drone,1,9.489961992702219e-05,1545,0.004555181756497065,True
GaussianBudget75M_LinearMinTime,CATHEDRAL_2021-CATMU-020670,20210717,14,pyrologix,7,none,2021,0.0,0.0034772190265357494,-1,undetected,1,9.489961992702219e-05,0,0.0,False
GaussianBudget75M_LinearMinTime,CAT_2021-CAENF-020956,20210719,17,pyrologix,9,100-61,2021,0.0,0.002342752064578235,0,drone,1,9.489961992702219e-05,3235,0.004460282136570043,True
GaussianBudget75M_LinearMinTime,CEMENT_2021-CASHF-001184,20210730,20,pyrologix,7,30-38,2021,0.0,0.02080054604448378,-1,undetected,1,9.489961992702219e-05,4655,0.0046500813764240876,True
GaussianBudget75M_LinearMinTime,CENTER_2021-CABDF-005836,20210401,0,pyrologix,4,206-88,2021,0.0,0.00506127392873168,1,drone,1,9.489961992702219e-05,2095,0.00389088441700791,True
GaussianBudget75M_LinearMinTime,CENTOLA_2021-CABDF-006368,20210410,16,pyrologix,7,206-88,2021,0.0,0.010611489997245371,0,drone,1,9.489961992702219e-05,2990,0.004175583276788976,True
GaussianBudget75M_LinearMinTime,CHALET_2021-CASTF-000664,20210505,13,pyrologix,6,114-64,2021,0.0,0.0030770190060138702,0,drone,1,9.489961992702219e-05,2445,0.004365382516643021,True
GaussianBudget75M_LinearMinTime,CHALK__2021-CAINF-000767,20210509,0,pyrologix,1,none,2021,0.0,0.008722811006009579,-1,undetected,1,9.489961992702219e-05,0,0.0,False
GaussianBudget75M_LinearMinTime,CHAMBERS_2021-CAKNF-002724,20210415,0,pyrologix,12,17-27,2021,0.0,0.018357472959905863,-1,undetected,1,9.489961992702219e-05,6830,0.004555181756497065,True
GaussianBudget75M_LinearMinTime,CHAPMAN_2021-CATNF-001093,20210625,17,pyrologix,2,79-61,2021,1325.5051621849416,0.0020549260079860687,0,drone,1,9.489961992702219e-05,865,0.003985784036934932,True
GaussianBudget75M_LinearMinTime,CHARLIE_2021-CAENF-017377,20210620,15,pyrologix,12,93-62,2021,0.0,0.02019638498313725,-1,undetected,1,9.489961992702219e-05,435,0.002941888217737688,True
GaussianBudget75M_LinearMinTime,CHECK_2021-CABDF-012207,20210812,20,pyrologix,3,206-88,2021,0.0,0.005349272978492081,0,drone,1,9.489961992702219e-05,1460,0.0037010851771538656,True
GaussianBudget75M_LinearMinTime,CHERRY_2021-CAANF-002069,20210617,14,pyrologix,11,195-71,2021,0.0,0.0026562330313026905,0,drone,1,9.489961992702219e-05,3975,0.004460282136570043,True
GaussianBudget75M_LinearMinTime,CHUCK_2021-CASNF-000904,20210714,7,pyrologix,4,141-74,2021,0.0,0.01648362900596112,2,drone,1,9.489961992702219e-05,2250,0.004175583276788976,True
GaussianBudget75M_LinearMinTime,CINDER_2021-CASHF-001207,20210802,16,pyrologix,7,37-56,2021,0.0,0.0030158860608935356,0,drone,1,9.489961992702219e-05,2705,0.0046500813764240876,True
GaussianBudget75M_LinearMinTime,CIRCLE_2021-CAMMU-021450,20210926,12,pyrologix,12,121-61,2021,0.0,0.0063358600018545985,0,drone,1,9.489961992702219e-05,5570,0.003795984797080888,True
GaussianBudget75M_LinearMinTime,CITY_2021-CABDF-007289,20210429,16,pyrologix,11,209-96,2021,0.0,0.004445283091627061,0,drone,1,9.489961992702219e-05,4165,0.004270482896715999,True
GaussianBudget75M_LinearMinTime,CLARK_2021-CASTF-001279,20210625,20,pyrologix,1,107-68,2021,0.0,0.0026837739860638976,0,drone,1,9.489961992702219e-05,645,0.0040806836568619545,True
GaussianBudget75M_LinearMinTime,CLEARWATER_2021-CAANF-003677,20211002,16,pyrologix,7,195-71,2021,0.0,0.0029130809707567096,0,drone,1,9.489961992702219e-05,2640,0.004365382516643021,True
GaussianBudget75M_LinearMinTime,CLEGHORN_2021-CABDF-001345,20210118,19,pyrologix,2,206-88,2021,0.0,0.0019779930589720607,0,drone,1,9.489961992702219e-05,800,0.0033214866974457763,True
GaussianBudget75M_LinearMinTime,CLOUD_2021-CAANF-003974,20211030,21,pyrologix,4,206-81,2021,0.0,0.00758433504961431,2,drone,1,9.489961992702219e-05,2380,0.0037010851771538656,True
GaussianBudget75M_LinearMinTime,CLOUD_2021-CABDF-009443,20210613,21,pyrologix,6,209-96,2021,0.0,0.0025478150928393006,0,drone,1,9.489961992702219e-05,2310,0.004270482896715999,True
GaussianBudget75M_LinearMinTime,CLYDE_2021-CASNF-001296,20210817,18,pyrologix,7,141-74,2021,0.0,0.0048707310343161225,0,drone,1,9.489961992702219e-05,2785,0.004460282136570043,True
GaussianBudget75M_LinearMinTime,COCO_2021-CABDF-011273,20210721,17,pyrologix,5,223-101,2021,0.0,0.005222141044214368,1,drone,1,9.489961992702219e-05,2335,0.004460282136570043,True
GaussianBudget75M_LinearMinTime,CODY_2021-CAENF-020975,20210720,19,pyrologix,11,100-61,2021,0.0,0.009467773954384029,3,drone,1,9.489961992702219e-05,5075,0.004555181756497065,True
GaussianBudget75M_LinearMinTime,COLDWATER_2021-CABDF-012131,20210810,17,pyrologix,12,209-96,2021,0.0,0.005745036993175745,1,drone,1,9.489961992702219e-05,4670,0.004270482896715999,True
GaussianBudget75M_LinearMinTime,COLD_2021-CASTF-002063,20210807,20,pyrologix,4,114-64,2021,0.0,0.002224348019808531,0,drone,1,9.489961992702219e-05,1570,0.003985784036934932,True
GaussianBudget75M_LinearMinTime,COLD_2_2021-CAENF-022391,20210801,14,pyrologix,6,100-61,2021,0.0,0.004949731985107064,0,drone,1,9.489961992702219e-05,2485,0.004460282136570043,True
GaussianBudget75M_LinearMinTime,CONTROL_2021-CABDF-009018,20210603,0,pyrologix,5,223-101,2021,0.0,0.003225151915103197,0,drone,1,9.489961992702219e-05,2020,0.004365382516643021,True
GaussianBudget75M_LinearMinTime,COOP_2021-CAANF-000189,20210118,12,pyrologix,4,195-71,2021,0.0,0.00478797999676317,1,drone,1,9.489961992702219e-05,1830,0.004365382516643021,True
GaussianBudget75M_LinearMinTime,COYOTE_2021-CAANF-003754,20211008,19,pyrologix,7,195-71,2021,0.0,0.004392029019072652,0,drone,1,9.489961992702219e-05,2580,0.004365382516643021,True
GaussianBudget75M_LinearMinTime,COYOTE_2021-CAINF-001456,20210629,15,pyrologix,1,none,2021,0.0,0.004075855016708374,-1,undetected,1,9.489961992702219e-05,0,0.0,False
GaussianBudget75M_LinearMinTime,COYOTE_2021-CARRU-073166,20210602,19,pyrologix,11,216-96,2021,5050.137950724922,0.010554290958680212,0,drone,1,9.489961992702219e-05,4165,0.0040806836568619545,True
GaussianBudget75M_LinearMinTime,COYOTE_2021-CASTF-001875,20210730,0,pyrologix,4,114-64,2021,0.0,0.00726476195268333,1,drone,1,9.489961992702219e-05,1915,0.004270482896715999,True
GaussianBudget75M_LinearMinTime,COYOTE__2021-CAMDF-000839,20210709,22,pyrologix,3,30-60,2021,4090.2108766819583,0.004503475967794657,0,drone,1,9.489961992702219e-05,1205,0.00389088441700791,True
GaussianBudget75M_LinearMinTime,CRABTREE_2021-CASTF-001340,20210628,15,pyrologix,3,114-64,2021,0.0,0.005593740032054484,1,drone,1,9.489961992702219e-05,1805,0.0040806836568619545,True
GaussianBudget75M_LinearMinTime,CRAGS_2021-CASHF-001301,20210823,11,pyrologix,3,37-42,2021,0.0,0.0028827099595218897,0,drone,1,9.489961992702219e-05,1160,0.004460282136570043,True
GaussianBudget75M_LinearMinTime,CRANDALL_2021-CASTF-001671,20210716,13,pyrologix,10,114-64,2021,0.0,0.003266211017034948,0,drone,1,9.489961992702219e-05,3825,0.0046500813764240876,True
GaussianBudget75M_LinearMinTime,CRATER_2021-CAINF-000768,20210509,0,pyrologix,1,124-80,2021,5049.0161132640205,0.009346509003080428,0,drone,1,9.489961992702219e-05,680,0.0040806836568619545,True
GaussianBudget75M_LinearMinTime,CRAWFORD_2021-CASQF-003061,20210910,2,pyrologix,2,163-78,2021,0.0,0.0019543690141290426,0,drone,1,9.489961992702219e-05,885,0.0036061855572268433,True
GaussianBudget75M_LinearMinTime,CREEK_2021-CAKNF-006251,20210728,7,pyrologix,2,23-39,2021,5048.705626601004,0.01601475803181529,1,drone,1,9.489961992702219e-05,1275,0.00389088441700791,True
GaussianBudget75M_LinearMinTime,CREEK_2021-CALPF-002713,20211005,18,pyrologix,3,none,2021,0.0,0.0023399010533466935,-1,undetected,1,9.489961992702219e-05,0,0.0,False
GaussianBudget75M_LinearMinTime,CREEK_2021-CARRU-059177,20210504,23,pyrologix,3,223-101,2021,0.0,0.005383917014114559,1,drone,1,9.489961992702219e-05,1730,0.004365382516643021,True
GaussianBudget75M_LinearMinTime,CREEK__2021-CABDF-000986,20210112,15,pyrologix,7,none,2021,0.0,0.0022962020011618733,-1,undetected,1,9.489961992702219e-05,0,0.0,False
GaussianBudget75M_LinearMinTime,CREST_2021-CASHF-001324,20210827,18,pyrologix,10,37-42,2021,0.0,0.004590545082464814,0,drone,1,9.489961992702219e-05,3835,0.0046500813764240876,True
GaussianBudget75M_LinearMinTime,CRONAN_2021-CAKNF-006381,20210731,1,pyrologix,4,31-31,2021,0.0,0.004581506014801562,1,drone,1,9.489961992702219e-05,1895,0.004555181756497065,True
GaussianBudget75M_LinearMinTime,CROSSING_2021-CAINF-000543,20210410,13,pyrologix,12,none,2021,0.0,0.015517201041802764,-1,undetected,1,9.489961992702219e-05,0,0.0,False
GaussianBudget75M_LinearMinTime,CROWDER_2021-CAMDF-000588,20210622,18,pyrologix,11,none,2021,0.0,0.0022857479052618146,-1,undetected,1,9.489961992702219e-05,0,0.0,False
GaussianBudget75M_LinearMinTime,CUDDY_2021-CALPF-000993,20210504,14,pyrologix,8,189-64,2021,5048.695737513015,0.005651621031574905,0,drone,1,9.489961992702219e-05,3095,0.0046500813764240876,True
GaussianBudget75M_LinearMinTime,CUTOFF_2021-CAINF-000734,20210504,18,pyrologix,5,124-80,2021,0.0,0.002346714958548546,0,drone,1,9.489961992702219e-05,1890,0.0046500813764240876,True
GaussianBudget75M_LinearMinTime,CUT_2021-CABDF-014987,20211016,9,pyrologix,11,206-88,2021,0.0,0.004805429955013096,0,drone,1,9.489961992702219e-05,4565,0.004175583276788976,True
GaussianBudget75M_LinearMinTime,Caldor_2021-CAENF-024030,20210814,0,pyrologix,1,100-54,2021,5049.630524381995,0.007139313966035843,0,drone,1,9.489961992702219e-05,525,0.0036061855572268433,True
GaussianBudget75M_LinearMinTime,Camino_2021-CACNF-000844,20210321,18,pyrologix,12,244-98,2021,0.0,0.004240380018018186,0,drone,1,9.489961992702219e-05,4325,0.004555181756497065,True
GaussianBudget75M_LinearMinTime,Camp_2021-CACNF-000404,20210206,12,pyrologix,4,244-98,2021,0.0,0.003277673968113959,0,drone,1,9.489961992702219e-05,1575,0.004175583276788976,True
GaussianBudget75M_LinearMinTime,Campbell_2021-CASRF-000869,20210915,11,pyrologix,7,31-17,2021,5049.650356785045,0.0064891030779108405,0,drone,1,9.489961992702219e-05,2620,0.004555181756497065,True
GaussianBudget75M_LinearMinTime,Candy_2021-CACNF-001278,20210505,21,pyrologix,2,220-87,2021,0.0,0.0034917659359052777,0,drone,1,9.489961992702219e-05,1100,0.003795984797080888,True
GaussianBudget75M_LinearMinTime,Canfield_2021-CACNF-001536,20210530,15,pyrologix,12,230-100,2021,0.0,0.0034965500235557556,0,drone,1,9.489961992702219e-05,4455,0.004270482896715999,True
GaussianBudget75M_LinearMinTime,Canyon_2021-CAPNF-001053,20210703,0,pyrologix,3,72-66,2021,5046.316560675972,0.005489874980412424,0,drone,1,9.489961992702219e-05,1305,0.004175583276788976,True
GaussianBudget75M_LinearMinTime,Canyon_2_2021-CAPNF-001242,20210720,3,pyrologix,10,65-57,2021,0.0,0.003953195060603321,0,drone,1,9.489961992702219e-05,3675,0.0040806836568619545,True
GaussianBudget75M_LinearMinTime,Cariso_2021-CACNF-000397,20210205,16,pyrologix,4,220-87,2021,0.0,0.0034742139978334308,0,drone,1,9.489961992702219e-05,1615,0.003985784036934932,True
GaussianBudget75M_LinearMinTime,Cat_2021-CACNF-001669,20210608,15,pyrologix,12,244-98,2021,0.0,0.00816983892582357,2,drone,1,9.489961992702219e-05,4890,0.004555181756497065,True
GaussianBudget75M_LinearMinTime,Chance__2021-CAPNF-002868,20211004,20,pyrologix,7,72-59,2021,0.0,0.011352563044056296,2,drone,1,9.489961992702219e-05,3265,0.0046500813764240876,True
GaussianBudget75M_LinearMinTime,Chaparral_2021-CACNF-002791,20210828,17,pyrologix,5,227-87,2021,0.0,0.006218223017640412,0,drone,1,9.489961992702219e-05,2005,0.0036061855572268433,True
GaussianBudget75M_LinearMinTime,Charlie_2021-CASHF-000725,20210530,17,pyrologix,3,44-41,2021,0.0,0.019642742001451552,5,drone,1,9.489961992702219e-05,3070,0.004175583276788976,True
GaussianBudget75M_LinearMinTime,China_2021-CASHF-000838,20210610,19,pyrologix,8,38-28,2021,0.0,0.004195490037091076,0,drone,1,9.489961992702219e-05,3020,0.004555181756497065,True
GaussianBudget75M_LinearMinTime,Cliff_2021-CASRF-000455,20210626,18,pyrologix,2,45-20,2021,256.8819075860083,0.04189667501486838,-1,undetected,1,9.489961992702219e-05,430,0.002467390118102577,True
GaussianBudget75M_LinearMinTime,Clipper_2021-CAPNF-000484,20210421,20,pyrologix,1,79-54,2021,0.0,0.006698556011542678,1,drone,1,9.489961992702219e-05,1200,0.0040806836568619545,True
GaussianBudget75M_LinearMinTime,Clough_2021-CAPNF-000570,20210507,12,pyrologix,6,72-59,2021,0.0,0.003979042987339199,0,drone,1,9.489961992702219e-05,2410,0.0046500813764240876,True
GaussianBudget75M_LinearMinTime,Clover_2021-CAPNF-001851,20210825,11,pyrologix,10,72-66,2021,0.0,0.002833531005308032,0,drone,1,9.489961992702219e-05,3620,0.004460282136570043,True
GaussianBudget75M_LinearMinTime,Cobb_2021-CASRF-000378,20210609,11,pyrologix,10,59-19,2021,5054.700433306047,0.059395891963504255,3,drone,1,9.489961992702219e-05,5205,0.004555181756497065,True
GaussianBudget75M_LinearMinTime,Coldwater_2021-CAPNF-001374,20210730,21,pyrologix,1,72-59,2021,0.0,0.007922744960524142,2,drone,1,9.489961992702219e-05,1350,0.004175583276788976,True
GaussianBudget75M_LinearMinTime,Community__2021-CAPNF-000563,20210506,1,pyrologix,1,79-54,2021,0.0,0.0052792300703004,1,drone,1,9.489961992702219e-05,1200,0.0040806836568619545,True
GaussianBudget75M_LinearMinTime,Corral_2021-CALPF-000734,20210405,16,pyrologix,3,none,2021,0.0,0.003754662931896746,-1,undetected,1,9.489961992702219e-05,0,0.0,False
GaussianBudget75M_LinearMinTime,Corral_2021-CASHF-000619,20210516,21,pyrologix,7,45-20,2021,0.0,0.016932466067373753,-1,undetected,1,9.489961992702219e-05,430,0.002467390118102577,True
GaussianBudget75M_LinearMinTime,Corte_Madera_2021-CACNF-000407,20210206,16,pyrologix,6,244-98,2021,0.0,0.005276612937450409,1,drone,1,9.489961992702219e-05,2705,0.004460282136570043,True
GaussianBudget75M_LinearMinTime,Creek_2021-CACNF-003652,20211221,17,pyrologix,7,none,2021,0.0,0.003738070954568684,-1,undetected,1,9.489961992702219e-05,0,0.0,False
GaussianBudget75M_LinearMinTime,Creek_2021-CAPNF-001218,20210718,16,pyrologix,10,65-57,2021,0.0,0.004295664024539292,0,drone,1,9.489961992702219e-05,3630,0.0040806836568619545,True
GaussianBudget75M_LinearMinTime,Creek_2021-CASHF-000371,20210324,21,pyrologix,6,37-49,2021,0.0,0.004032338038086891,0,drone,1,9.489961992702219e-05,2330,0.0046500813764240876,True
GaussianBudget75M_LinearMinTime,Creekside__2021-CASRF-000262,20210508,19,pyrologix,5,38-21,2021,0.0,0.01941190694924444,-1,undetected,1,9.489961992702219e-05,1450,0.004270482896715999,True
GaussianBudget75M_LinearMinTime,Crescent__2021-CAPNF-000698,20210529,16,pyrologix,12,65-57,2021,0.0,0.008847641991451383,0,drone,1,9.489961992702219e-05,4450,0.0040806836568619545,True
GaussianBudget75M_LinearMinTime,Crocker_2021-CAPNF-000394,20210408,20,pyrologix,10,72-66,2021,0.0,0.004681351012550294,0,drone,1,9.489961992702219e-05,3730,0.004460282136570043,True
GaussianBudget75M_LinearMinTime,Crocker_2021-CAPNF-001592,20210814,0,pyrologix,2,72-66,2021,0.0,0.0024751760065555573,0,drone,1,9.489961992702219e-05,775,0.003795984797080888,True
GaussianBudget75M_LinearMinTime,Curtis_2021-CALPF-000998,20210505,23,pyrologix,9,189-64,2021,0.0,0.010207164916209877,1,drone,1,9.489961992702219e-05,3795,0.0046500813764240876,True
GaussianBudget75M_LinearMinTime,Cutler_2021-CAPNF-001251,20210721,0,pyrologix,4,72-59,2021,0.0,0.004026715061627328,0,drone,1,9.489961992702219e-05,1555,0.004175583276788976,True
GaussianBudget75M_LinearMinTime,DALE_2021-CASHF-000975,20210629,22,pyrologix,4,30-38,2021,0.0,0.006505422992631793,1,drone,1,9.489961992702219e-05,2220,0.0046500813764240876,True
GaussianBudget75M_LinearMinTime,DALTON_2021-CAANF-003600,20210924,18,pyrologix,10,206-81,2021,0.0,0.005623086937703192,0,drone,1,9.489961992702219e-05,3820,0.003795984797080888,True
GaussianBudget75M_LinearMinTime,DAMONS_2021-CAMDF-001193,20210806,13,pyrologix,11,37-63,2021,5053.540533922031,0.03447489195968956,1,drone,1,9.489961992702219e-05,4675,0.004555181756497065,True
GaussianBudget75M_LinearMinTime,DAM_2021-CAANF-004298,20211204,18,pyrologix,10,201-76,2021,0.0,0.005481304018758237,0,drone,1,9.489961992702219e-05,3840,0.004270482896715999,True
GaussianBudget75M_LinearMinTime,DAVIS_2021-CAINF-001143,20210608,16,pyrologix,9,none,2021,0.0,0.008258624002337456,-1,undetected,1,9.489961992702219e-05,0,0.0,False
GaussianBudget75M_LinearMinTime,DEADFALL_2021-CASHF-001182,20210730,20,pyrologix,6,30-38,2021,0.0,0.030728647019714117,-1,undetected,1,9.489961992702219e-05,4305,0.0046500813764240876,True
GaussianBudget75M_LinearMinTime,DEADWOOD_2021-CAENF-022441,20210801,19,pyrologix,7,100-68,2021,0.0,0.003069836995564401,0,drone,1,9.489961992702219e-05,2745,0.004555181756497065,True
GaussianBudget75M_LinearMinTime,DEAD_HORSE_2021-CASQF-001848,20210630,10,pyrologix,9,169-84,2021,0.0,0.007957792957313359,0,drone,1,9.489961992702219e-05,3545,0.004555181756497065,True
GaussianBudget75M_LinearMinTime,DECHAMBEAU_2021-CAINF-001645,20210710,0,pyrologix,1,none,2021,0.0,0.008023468079045415,-1,undetected,1,9.489961992702219e-05,0,0.0,False
GaussianBudget75M_LinearMinTime,DEER_2021-CABDF-012757,20210827,13,pyrologix,6,209-96,2021,0.0,0.002718233037739992,0,drone,1,9.489961992702219e-05,2360,0.004270482896715999,True
GaussianBudget75M_LinearMinTime,DEER_2021-CAENF-019219,20210705,16,pyrologix,5,100-68,2021,0.0,0.006600533961318433,0,drone,1,9.489961992702219e-05,2135,0.004365382516643021,True
GaussianBudget75M_LinearMinTime,DEER_2021-CAKNF-005056,20210625,17,pyrologix,11,none,2021,0.0,0.003706849063746631,-1,undetected,1,9.489961992702219e-05,0,0.0,False
GaussianBudget75M_LinearMinTime,DEER_2021-CATNF-001386,20210721,23,pyrologix,9,86-53,2021,0.0,0.005967541015706956,0,drone,1,9.489961992702219e-05,3535,0.0046500813764240876,True
GaussianBudget75M_LinearMinTime,DELAMAR_2021-CABDF-011509,20210726,7,pyrologix,9,none,2021,0.0,0.00360575201921165,-1,undetected,1,9.489961992702219e-05,0,0.0,False
GaussianBudget75M_LinearMinTime,DEMOCRAT_2021-CASQF-002095,20210708,0,pyrologix,4,177-72,2021,5052.044628657983,0.046912243007682264,0,drone,1,9.489961992702219e-05,1650,0.0040806836568619545,True
GaussianBudget75M_LinearMinTime,DERRY_2021-CALPF-002717,20211005,21,pyrologix,1,196-57,2021,5048.453719388926,0.009445534087717533,1,drone,1,9.489961992702219e-05,835,0.0034163863173727986,True
GaussianBudget75M_LinearMinTime,DEVORE_2021-CABDU-005483,20210504,21,pyrologix,6,206-88,2021,0.0,0.004753628047183156,1,drone,1,9.489961992702219e-05,2725,0.0040806836568619545,True
GaussianBudget75M_LinearMinTime,DEXTER_2021-CAINF-001695,20210712,11,pyrologix,12,124-80,2021,0.0,0.0038653330411762,0,drone,1,9.489961992702219e-05,4445,0.0046500813764240876,True
GaussianBudget75M_LinearMinTime,DILLER_2021-CASHF-000552,20210508,10,pyrologix,8,30-45,2021,0.0,0.0024735790211707354,0,drone,1,9.489961992702219e-05,2905,0.004365382516643021,True
GaussianBudget75M_LinearMinTime,DIMAS_2021-CAANF-001591,20210523,4,pyrologix,12,206-81,2021,0.0,0.004008301999419928,0,drone,1,9.489961992702219e-05,4560,0.003795984797080888,True
GaussianBudget75M_LinearMinTime,DINKEY_2021-CASNF-001236,20210812,23,pyrologix,11,141-74,2021,0.0,0.008694045944139361,1,drone,1,9.489961992702219e-05,4315,0.004555181756497065,True
GaussianBudget75M_LinearMinTime,DIXIE_2021-CABTU-009205,20210714,0,pyrologix,1,72-52,2021,5051.205749836983,0.03654133202508092,4,drone,1,9.489961992702219e-05,2205,0.0046500813764240876,True
GaussianBudget75M_LinearMinTime,DOGCREEK_2021-CASHF-001322,20210827,11,pyrologix,12,44-41,2021,0.0,0.007070061983540654,1,drone,1,9.489961992702219e-05,5115,0.004270482896715999,True
GaussianBudget75M_LinearMinTime,DOG_2021-CATNF-002107,20211017,14,pyrologix,4,86-67,2021,0.0,0.004800090100616217,1,drone,1,9.489961992702219e-05,1950,0.00389088441700791,True
GaussianBudget75M_LinearMinTime,DOME_2021-CAINF-002577,20210921,22,pyrologix,8,124-80,2021,0.0,0.003737709019333124,0,drone,1,9.489961992702219e-05,2960,0.0046500813764240876,True
GaussianBudget75M_LinearMinTime,DOME_2021-CASQF-002669,20210808,15,pyrologix,7,163-78,2021,0.0,0.004056903999298811,0,drone,1,9.489961992702219e-05,3385,0.003795984797080888,True
GaussianBudget75M_LinearMinTime,DOME_2021-CASTF-001915,20210731,14,pyrologix,7,107-68,2021,0.0,0.004139609984122217,0,drone,1,9.489961992702219e-05,2685,0.0046500813764240876,True
GaussianBudget75M_LinearMinTime,DONEY_2021-CASHF-000376,20210326,19,pyrologix,4,44-41,2021,0.0,0.020371002960018814,4,drone,1,9.489961992702219e-05,3070,0.004175583276788976,True
GaussianBudget75M_LinearMinTime,DORMER_2021-CAANF-001579,20210522,19,pyrologix,5,201-76,2021,0.0,0.0037903510965406895,0,drone,1,9.489961992702219e-05,1915,0.003985784036934932,True
GaussianBudget75M_LinearMinTime,DOW_2021-CALNF-006059,20211005,15,pyrologix,11,51-61,2021,5050.9619354619645,0.004157187067903578,0,drone,1,9.489961992702219e-05,4125,0.0046500813764240876,True
GaussianBudget75M_LinearMinTime,DRAINAGE_HLRD_2021-CASQF-002363,20210719,18,pyrologix,8,149-72,2021,5052.629387035966,0.009763183072209358,0,drone,1,9.489961992702219e-05,3130,0.0046500813764240876,True
GaussianBudget75M_LinearMinTime,DRY_2021-CAINF-000909,20210526,19,pyrologix,3,124-80,2021,0.0,0.0035254410468041897,0,drone,1,9.489961992702219e-05,1425,0.004460282136570043,True
GaussianBudget75M_LinearMinTime,DRY_2021-CASQF-000964,20210509,19,pyrologix,11,177-79,2021,4335.264307014993,0.06272208096925169,0,drone,1,9.489961992702219e-05,4265,0.004555181756497065,True
GaussianBudget75M_LinearMinTime,DRY__2021-CAANF-003810,20211013,18,pyrologix,4,195-71,2021,0.0,0.003386175027117133,0,drone,1,9.489961992702219e-05,1730,0.004365382516643021,True
GaussianBudget75M_LinearMinTime,DUNCAN_2021-CATNF-001388,20210721,15,pyrologix,3,93-62,2021,0.0,0.01664171798620373,-1,undetected,1,9.489961992702219e-05,435,0.002941888217737688,True
GaussianBudget75M_LinearMinTime,DURANGO_2021-CABDF-017332,20211122,15,pyrologix,12,223-101,2021,0.0,0.004885536036454141,0,drone,1,9.489961992702219e-05,4410,0.004555181756497065,True
GaussianBudget75M_LinearMinTime,DUSTY_2021-CABDF-014102,20210926,10,pyrologix,12,206-88,2021,0.0,0.005552068934775889,0,drone,1,9.489961992702219e-05,4730,0.004175583276788976,True
GaussianBudget75M_LinearMinTime,DUSY_2021-CASNF-001231,20210811,16,pyrologix,10,141-74,2021,0.0,0.007100790040567517,1,drone,1,9.489961992702219e-05,4170,0.004555181756497065,True
GaussianBudget75M_LinearMinTime,DUTCHMAN_2021-CALPF-002724,20211006,15,pyrologix,6,none,2021,0.0,0.0060525169828906655,-1,undetected,1,9.489961992702219e-05,0,0.0,False
GaussianBudget75M_LinearMinTime,DUTCH_2021-CASQF-001862,20210701,20,pyrologix,7,170-77,2021,0.0,0.012695303070358932,1,drone,1,9.489961992702219e-05,3135,0.0046500813764240876,True
GaussianBudget75M_LinearMinTime,Davis_2021-CAPNF-000778,20210611,18,pyrologix,3,72-66,2021,0.0,0.002699692966416478,0,drone,1,9.489961992702219e-05,1250,0.004175583276788976,True
GaussianBudget75M_LinearMinTime,Deer_2021-CASHF-000610,20210515,14,pyrologix,11,37-42,2021,0.0,0.004406215972267091,0,drone,1,9.489961992702219e-05,4155,0.0046500813764240876,True
GaussianBudget75M_LinearMinTime,Diamond_2021-CAPNF-001240,20210720,0,pyrologix,5,65-64,2021,0.0,0.007047433988191187,0,drone,1,9.489961992702219e-05,2180,0.004460282136570043,True
GaussianBudget75M_LinearMinTime,Dog_2021-CAPNF-001397,20210802,13,pyrologix,7,72-52,2021,0.0,0.0030652040150016546,0,drone,1,9.489961992702219e-05,2585,0.0046500813764240876,True
GaussianBudget75M_LinearMinTime,Dotta_2021-CAPNF-001010,20210630,16,pyrologix,11,72-66,2021,0.0,0.00554362207185477,0,drone,1,9.489961992702219e-05,4000,0.004555181756497065,True
GaussianBudget75M_LinearMinTime,Dubakella_2021-CASHF-000711,20210529,19,pyrologix,5,52-26,2021,5056.554057679023,0.03331645193975419,2,drone,1,9.489961992702219e-05,2725,0.0046500813764240876,True
GaussianBudget75M_LinearMinTime,Dutch_2021-CAPNF-001146,20210710,16,pyrologix,9,65-57,2021,0.0,0.00804118998348713,0,drone,1,9.489961992702219e-05,3470,0.0040806836568619545,True
GaussianBudget75M_LinearMinTime,Duzen_2021-CASRF-000321,20210524,20,pyrologix,1,45-20,2021,0.0,0.019262768095359206,-1,undetected,1,9.489961992702219e-05,430,0.002467390118102577,True
GaussianBudget75M_LinearMinTime,E-1_ASHURST_2021-CALNF-002490,20210515,20,pyrologix,3,51-61,2021,0.0,0.005569692002609372,1,drone,1,9.489961992702219e-05,1585,0.004555181756497065,True
GaussianBudget75M_LinearMinTime,E-1_CRATER_2021-CALNF-004410,20210731,20,pyrologix,2,58-61,2021,5050.104995841044,0.0163410339737311,0,drone,1,9.489961992702219e-05,1095,0.0040806836568619545,True
GaussianBudget75M_LinearMinTime,E-1_INDIAN_2021-CALNF-003421,20210624,12,pyrologix,5,51-61,2021,0.0,0.00395556993316859,0,drone,1,9.489961992702219e-05,2260,0.004555181756497065,True
GaussianBudget75M_LinearMinTime,E-2_CAMP_TEN_2021-CALNF-002504,20210516,14,pyrologix,1,58-61,2021,0.0,0.008565508993342519,2,drone,1,9.489961992702219e-05,1370,0.004175583276788976,True
GaussianBudget75M_LinearMinTime,E-2_PINE_2021-CALNF-003748,20210705,20,pyrologix,8,58-61,2021,0.0,0.0051872869953513145,0,drone,1,9.489961992702219e-05,3035,0.004460282136570043,True
GaussianBudget75M_LinearMinTime,E-2_STANFORD_2021-CALNF-003424,20210624,11,pyrologix,11,51-61,2021,0.0,0.007960240007378161,0,drone,1,9.489961992702219e-05,4400,0.0046500813764240876,True
GaussianBudget75M_LinearMinTime,E-3_BOGARD_2021-CALNF-004419,20210731,18,pyrologix,10,58-54,2021,0.0,0.22968534601386636,-1,undetected,1,9.489961992702219e-05,6130,0.004365382516643021,True
GaussianBudget75M_LinearMinTime,E-3_GRAY_2021-CALNF-003750,20210705,23,pyrologix,3,58-54,2021,0.0,0.006878421059809625,0,drone,1,9.489961992702219e-05,1515,0.0040806836568619545,True
GaussianBudget75M_LinearMinTime,E-5_BUTTE_LAKE_2021-CALNF-004442,20210801,12,pyrologix,12,51-54,2021,0.0,0.0057647599605843425,0,drone,1,9.489961992702219e-05,4560,0.0046500813764240876,True
GaussianBudget75M_LinearMinTime,E-6_ANTELOPE_2021-CALNF-004457,20210802,1,pyrologix,2,58-61,2021,0.0,0.006373274023644626,0,drone,1,9.489961992702219e-05,1095,0.0040806836568619545,True
GaussianBudget75M_LinearMinTime,EAGLE_2021-CASHF-000460,20210415,20,pyrologix,3,37-35,2021,0.0,0.00507698196452111,1,drone,1,9.489961992702219e-05,1540,0.004175583276788976,True
GaussianBudget75M_LinearMinTime,EAGLE_2021-CATMU-018004,20210626,9,pyrologix,11,93-62,2021,0.0,0.03928729600738734,-1,undetected,1,9.489961992702219e-05,435,0.002941888217737688,True
GaussianBudget75M_LinearMinTime,EARLY__2021-CASTF-002235,20210825,1,pyrologix,4,121-61,2021,0.0,0.004224459989927709,0,drone,1,9.489961992702219e-05,2190,0.003795984797080888,True
GaussianBudget75M_LinearMinTime,EAST_2021-CAANF-003356,20210906,14,pyrologix,2,206-88,2021,0.0,0.005537171033211052,1,drone,1,9.489961992702219e-05,1510,0.003795984797080888,True
GaussianBudget75M_LinearMinTime,EAST_2021-CAENF-020980,20210720,0,pyrologix,2,100-61,2021,0.0,0.007660719915293157,2,drone,1,9.489961992702219e-05,1715,0.004365382516643021,True
GaussianBudget75M_LinearMinTime,EAST_2021-CAKNF-006415,20210731,20,pyrologix,3,31-31,2021,0.0,0.0030145799973979592,0,drone,1,9.489961992702219e-05,1200,0.004175583276788976,True
GaussianBudget75M_LinearMinTime,EAST_2021-CASHF-000646,20210520,20,pyrologix,10,45-27,2021,5047.521484352066,0.019101983052678406,2,drone,1,9.489961992702219e-05,4785,0.004460282136570043,True
GaussianBudget75M_LinearMinTime,ECHO_2021-CALNF-003471,20210625,21,pyrologix,4,58-54,2021,0.0,0.00463440699968487,1,drone,1,9.489961992702219e-05,1945,0.004270482896715999,True
GaussianBudget75M_LinearMinTime,ECHO_2021-CATMU-021480,20210724,14,pyrologix,8,100-68,2021,0.0,0.0030655519803985953,0,drone,1,9.489961992702219e-05,3050,0.004555181756497065,True
GaussianBudget75M_LinearMinTime,EDDY_2021-CASHF-000952,20210625,12,pyrologix,11,30-38,2021,0.0,0.004287388059310615,0,drone,1,9.489961992702219e-05,4145,0.0046500813764240876,True
GaussianBudget75M_LinearMinTime,ELAM_2021-CALNF-003064,20210610,12,pyrologix,5,65-50,2021,5047.334894946078,0.0036434049252420664,0,drone,1,9.489961992702219e-05,2070,0.004365382516643021,True
GaussianBudget75M_LinearMinTime,ELAM_2021-CALNF-004040,20210715,19,pyrologix,10,58-47,2021,485.8927703539375,0.052737042075023055,-1,undetected,1,9.489961992702219e-05,850,0.00389088441700791,True
GaussianBudget75M_LinearMinTime,ELK_2021-CAKNF-002454,20210404,21,pyrologix,2,24-32,2021,0.0,0.012827012920752168,4,drone,1,9.489961992702219e-05,2315,0.0046500813764240876,True
GaussianBudget75M_LinearMinTime,EMIGRANT_2021-CAANF-003521,20210917,15,pyrologix,12,195-71,2021,0.0,0.006990919937379658,1,drone,1,9.489961992702219e-05,4995,0.004555181756497065,True
GaussianBudget75M_LinearMinTime,EMMA_2021-CAANF-003237,20210829,22,pyrologix,1,none,2021,0.0,0.03177027800120413,-1,undetected,1,9.489961992702219e-05,0,0.0,False
GaussianBudget75M_LinearMinTime,ERNST_2021-CAMMU-006886,20210405,21,pyrologix,4,121-61,2021,0.0,0.002839606022462249,0,drone,1,9.489961992702219e-05,1930,0.003795984797080888,True
GaussianBudget75M_LinearMinTime,ESCAPE_2021-CABDF-008798,20210530,19,pyrologix,2,none,2021,0.0,0.0023399420315399766,-1,undetected,1,9.489961992702219e-05,0,0.0,False
GaussianBudget75M_LinearMinTime,ESCONDIDO_2021-CAANF-003542,20210918,20,pyrologix,6,201-76,2021,0.0,0.004233540967106819,0,drone,1,9.489961992702219e-05,2425,0.0040806836568619545,True
GaussianBudget75M_LinearMinTime,EVERETT_2021-CASHF-001127,20210721,12,pyrologix,5,30-45,2021,0.0,0.0022368220379576087,0,drone,1,9.489961992702219e-05,1930,0.004365382516643021,True
GaussianBudget75M_LinearMinTime,East_Grade_2021-CACNF-001220,20210501,14,pyrologix,2,230-100,2021,0.0,0.006261877017095685,0,drone,1,9.489961992702219e-05,1100,0.004175583276788976,True
GaussianBudget75M_LinearMinTime,Echo_2021-CASHF-000897,20210619,22,pyrologix,4,37-42,2021,0.0,0.02112843096256256,4,drone,1,9.489961992702219e-05,2975,0.0046500813764240876,True
GaussianBudget75M_LinearMinTime,Eight_2021-CACNF-003271,20211028,19,pyrologix,6,244-98,2021,0.0,0.00853945198468864,1,drone,1,9.489961992702219e-05,2645,0.004460282136570043,True
GaussianBudget75M_LinearMinTime,Evans_2021-CAPNF-001358,20210730,1,pyrologix,2,65-57,2021,0.0,0.003992681973613799,0,drone,1,9.489961992702219e-05,925,0.0037010851771538656,True
GaussianBudget75M_LinearMinTime,FAIRCHILD_2021-CAMDF-000597,20210623,18,pyrologix,9,36-70,2021,0.0,0.005817805067636073,0,drone,1,9.489961992702219e-05,3375,0.004555181756497065,True
GaussianBudget75M_LinearMinTime,FALLS_2021-CASHF-001063,20210711,12,pyrologix,4,38-21,2021,0.0,0.0018870490603148937,0,drone,1,9.489961992702219e-05,1450,0.004270482896715999,True
GaussianBudget75M_LinearMinTime,FALL_2021-CAANF-003791,20211011,16,pyrologix,10,206-81,2021,0.0,0.011181310983374715,1,drone,1,9.489961992702219e-05,4110,0.003795984797080888,True
GaussianBudget75M_LinearMinTime,FAULKSTEIN_2021-CAKNF-004573,20210612,21,pyrologix,1,24-32,2021,0.0,0.024524010019376874,5,drone,1,9.489961992702219e-05,2315,0.0046500813764240876,True
GaussianBudget75M_LinearMinTime,FAWN_2021-CASHU-010480,20210922,18,pyrologix,12,44-41,2021,0.0,0.021920264000073075,4,drone,1,9.489961992702219e-05,6045,0.004270482896715999,True
GaussianBudget75M_LinearMinTime,FIFTEEN_2021-CABDF-017313,20211122,15,pyrologix,1,206-88,2021,0.0,0.002314209006726742,0,drone,1,9.489961992702219e-05,585,0.0033214866974457763,True
GaussianBudget75M_LinearMinTime,FISH_2021-CAKNF-006421,20210731,20,pyrologix,7,31-31,2021,0.0,0.002709966036491096,0,drone,1,9.489961992702219e-05,2590,0.004555181756497065,True
GaussianBudget75M_LinearMinTime,FIVE_2021-CAANF-000825,20210319,16,pyrologix,7,195-71,2021,0.0,0.00476329994853586,1,drone,1,9.489961992702219e-05,2945,0.004365382516643021,True
GaussianBudget75M_LinearMinTime,FLATS_2021-CABDF-009477,20210613,17,pyrologix,2,none,2021,0.0,0.002037330996245146,-1,undetected,1,9.489961992702219e-05,0,0.0,False
GaussianBudget75M_LinearMinTime,FLAT_2021-CAINF-000056,20210110,14,pyrologix,1,none,2021,0.0,0.002102153026498854,-1,undetected,1,9.489961992702219e-05,0,0.0,False
GaussianBudget75M_LinearMinTime,FLAT_2021-CASHF-000907,20210621,20,pyrologix,3,30-45,2021,0.0,0.027634831028990448,5,drone,1,9.489961992702219e-05,3005,0.004460282136570043,True
GaussianBudget75M_LinearMinTime,FLAT__2021-CAANF-000125,20210113,3,pyrologix,4,195-71,2021,0.0,0.003762140986509621,0,drone,1,9.489961992702219e-05,1520,0.004270482896715999,True
GaussianBudget75M_LinearMinTime,FLETCHER_2021-CABDF-015945,20211031,21,pyrologix,6,230-100,2021,0.0,0.0033166150096803904,0,drone,1,9.489961992702219e-05,2260,0.004175583276788976,True
GaussianBudget75M_LinearMinTime,FLINT_2021-CABDF-017383,20211123,16,pyrologix,9,223-101,2021,0.0,0.029444517102092505,-1,undetected,1,9.489961992702219e-05,5380,0.004555181756497065,True
GaussianBudget75M_LinearMinTime,FORD_2021-CAINF-001461,20210629,16,pyrologix,4,none,2021,0.0,0.0020918650552630424,-1,undetected,1,9.489961992702219e-05,0,0.0,False
GaussianBudget75M_LinearMinTime,FORESTHILL_2021-CATNF-001677,20210829,1,pyrologix,1,86-53,2021,0.0,0.010739119024947286,3,drone,1,9.489961992702219e-05,1600,0.004270482896715999,True
GaussianBudget75M_LinearMinTime,FOREST_2021-CATCU-006215,20210517,19,pyrologix,3,107-54,2021,5054.985725909937,0.027114092954434454,0,drone,1,9.489961992702219e-05,1500,0.004365382516643021,True
GaussianBudget75M_LinearMinTime,FORK_2021-CABDF-003725,20210222,0,pyrologix,4,206-88,2021,0.0,0.0033228850224986672,0,drone,1,9.489961992702219e-05,1860,0.00389088441700791,True
GaussianBudget75M_LinearMinTime,FOX_2021-CALNF-002007,20210422,22,pyrologix,4,58-61,2021,0.0,0.0019326399778947234,0,drone,1,9.489961992702219e-05,1510,0.004175583276788976,True
GaussianBudget75M_LinearMinTime,FRASER__2021-CASTF-002126,20210813,11,pyrologix,9,114-64,2021,0.0,0.004408751032315195,0,drone,1,9.489961992702219e-05,3510,0.0046500813764240876,True
GaussianBudget75M_LinearMinTime,FRENCH_2021-CAKNF-005037,20210625,11,pyrologix,9,31-24,2021,0.0,0.004521825001575053,0,drone,1,9.489961992702219e-05,3950,0.004460282136570043,True
GaussianBudget75M_LinearMinTime,FRESNO_2021-CASNF-001333,20210822,20,pyrologix,9,141-74,2021,0.0,0.00458700000308454,0,drone,1,9.489961992702219e-05,3300,0.004460282136570043,True
GaussianBudget75M_LinearMinTime,FULLER_2021-CATNF-001066,20210622,14,pyrologix,8,86-60,2021,0.0,0.003907160018570721,0,drone,1,9.489961992702219e-05,3405,0.0040806836568619545,True
GaussianBudget75M_LinearMinTime,Feldmiller_2021-CASRF-000413,20210619,22,pyrologix,8,45-20,2021,0.0,0.028737779008224607,-1,undetected,1,9.489961992702219e-05,430,0.002467390118102577,True
GaussianBudget75M_LinearMinTime,Fisher_2021-CASHF-000647,20210520,7,pyrologix,6,37-42,2021,0.0,0.0223851699847728,4,drone,1,9.489961992702219e-05,3735,0.0046500813764240876,True
GaussianBudget75M_LinearMinTime,Fork_2021-CASRF-000270,20210510,17,pyrologix,5,38-21,2021,0.0,0.030286793946288526,-1,undetected,1,9.489961992702219e-05,1450,0.004270482896715999,True
GaussianBudget75M_LinearMinTime,Frazier_2021-CALPF-000952,20210430,18,pyrologix,1,189-64,2021,0.0,0.0038299710722640157,0,drone,1,9.489961992702219e-05,735,0.00389088441700791,True
GaussianBudget75M_LinearMinTime,French_2021-CATNF-001393,20210722,20,pyrologix,5,79-61,2021,0.0,0.0020698170410469174,0,drone,1,9.489961992702219e-05,2120,0.004365382516643021,True
GaussianBudget75M_LinearMinTime,GABRIEL_2021-CAANF-001318,20210429,3,pyrologix,7,206-81,2021,0.0,0.0041930710431188345,0,drone,1,9.489961992702219e-05,2710,0.0037010851771538656,True
GaussianBudget75M_LinearMinTime,GAGGS_2021-CASNF-001725,20211010,12,pyrologix,8,135-67,2021,5054.929068826023,0.004425624036230147,0,drone,1,9.489961992702219e-05,3290,0.004460282136570043,True
GaussianBudget75M_LinearMinTime,GALLOWAY_2021-CATNF-000698,20210505,12,pyrologix,6,79-54,2021,0.0,0.019502890994772315,3,drone,1,9.489961992702219e-05,4205,0.004460282136570043,True
GaussianBudget75M_LinearMinTime,GAP_2021-CASTF-001059,20210611,13,pyrologix,7,114-64,2021,0.0,0.0021499129943549633,0,drone,1,9.489961992702219e-05,2665,0.004365382516643021,True
GaussianBudget75M_LinearMinTime,GARDEN_2021-CAKNF-006380,20210731,21,pyrologix,12,31-31,2021,0.0,0.00985905306879431,0,drone,1,9.489961992702219e-05,4600,0.0046500813764240876,True
GaussianBudget75M_LinearMinTime,GARDEN_2021-CASQF-002738,20210814,20,pyrologix,5,177-72,2021,0.0,0.0038027690025046468,0,drone,1,9.489961992702219e-05,1940,0.004175583276788976,True
GaussianBudget75M_LinearMinTime,GEM__2021-CAINF-002224,20210825,16,pyrologix,11,127-76,2021,0.0,0.021479944931343198,2,drone,1,9.489961992702219e-05,4955,0.0046500813764240876,True
GaussianBudget75M_LinearMinTime,GILMAN_2021-CASHF-001271,20210815,14,pyrologix,9,44-41,2021,0.0,0.004271157085895538,0,drone,1,9.489961992702219e-05,3595,0.004270482896715999,True
GaussianBudget75M_LinearMinTime,GINGER_BREAD_2021-CABDF-018471,20211129,19,pyrologix,3,223-101,2021,0.0,0.00938630593009293,3,drone,1,9.489961992702219e-05,2335,0.004460282136570043,True
GaussianBudget75M_LinearMinTime,GLACIER_NORTH_2021-CAINF-001732,20210715,14,pyrologix,2,none,2021,0.0,0.008049149066209793,-1,undetected,1,9.489961992702219e-05,0,0.0,False
GaussianBudget75M_LinearMinTime,GLACIER__2021-CAINF-001723,20210714,15,pyrologix,11,none,2021,0.0,0.008047593990340829,-1,undetected,1,9.489961992702219e-05,0,0.0,False
GaussianBudget75M_LinearMinTime,GLADE_2021-CAKNF-006405,20210731,13,pyrologix,8,none,2021,0.0,0.007846063002943993,-1,undetected,1,9.489961992702219e-05,0,0.0,False
GaussianBudget75M_LinearMinTime,GLASS_2021-CAINF-000874,20210522,15,pyrologix,10,124-80,2021,0.0,0.004943756968714297,0,drone,1,9.489961992702219e-05,3705,0.0046500813764240876,True
GaussianBudget75M_LinearMinTime,GOBBI_2021-CAENF-023392,20210809,15,pyrologix,12,93-62,2021,0.0,0.029069437994621694,-1,undetected,1,9.489961992702219e-05,435,0.002941888217737688,True
GaussianBudget75M_LinearMinTime,GOLDEN_2021-CAANF-002886,20210803,23,pyrologix,7,195-71,2021,0.0,0.0025026070652529597,0,drone,1,9.489961992702219e-05,2535,0.004365382516643021,True
GaussianBudget75M_LinearMinTime,GOLD_2021-CASHF-000580,20210512,21,pyrologix,4,37-35,2021,0.0,0.0030181200709193945,0,drone,1,9.489961992702219e-05,1490,0.004175583276788976,True
GaussianBudget75M_LinearMinTime,GOODALE_2021-CAINF-001466,20210629,19,pyrologix,7,none,2021,0.0,0.008075807010754943,-1,undetected,1,9.489961992702219e-05,0,0.0,False
GaussianBudget75M_LinearMinTime,GOOSEBERRY__2021-CASNF-000626,20210621,18,pyrologix,12,128-69,2021,0.0,0.0063486379804089665,0,drone,1,9.489961992702219e-05,4230,0.004555181756497065,True
GaussianBudget75M_LinearMinTime,GORDONS_2021-CAKNF-002282,20210329,0,pyrologix,2,17-27,2021,0.0,0.006663543987087905,1,drone,1,9.489961992702219e-05,1280,0.0040806836568619545,True
GaussianBudget75M_LinearMinTime,GRAHAM_2021-CAKNF-006462,20210801,17,pyrologix,8,31-31,2021,0.0,0.003980746027082205,0,drone,1,9.489961992702219e-05,2985,0.004555181756497065,True
GaussianBudget75M_LinearMinTime,GRAND_VIEW_2021-CABDF-012129,20210810,20,pyrologix,5,214-103,2021,0.0,0.030437591020017862,-1,undetected,1,9.489961992702219e-05,1485,0.00389088441700791,True
GaussianBudget75M_LinearMinTime,GRAPVINE_2021-CABDF-006945,20210421,12,pyrologix,9,206-88,2021,0.0,0.003971062018536031,0,drone,1,9.489961992702219e-05,3610,0.004175583276788976,True
GaussianBudget75M_LinearMinTime,GRASSY_2021-CASHF-000618,20210516,21,pyrologix,8,45-20,2021,0.0,0.018354019965045154,-1,undetected,1,9.489961992702219e-05,430,0.002467390118102577,True
GaussianBudget75M_LinearMinTime,GRASS_2021-CATMU-018337,20210628,18,pyrologix,3,100-68,2021,0.0,0.003426952986046672,0,drone,1,9.489961992702219e-05,1210,0.0040806836568619545,True
GaussianBudget75M_LinearMinTime,GRAVEL__2021-CAMDF-002888,20211015,17,pyrologix,10,none,2021,0.0,0.00820837588980794,-1,undetected,1,9.489961992702219e-05,0,0.0,False
GaussianBudget75M_LinearMinTime,GRAVEYARD_2021-CAANF-002217,20210626,7,pyrologix,11,201-76,2021,0.0,0.007574380026198924,0,drone,1,9.489961992702219e-05,4215,0.004460282136570043,True
GaussianBudget75M_LinearMinTime,GRAYS_2021-CAINF-002723,20211012,20,pyrologix,6,none,2021,0.0,0.007970797014422715,-1,undetected,1,9.489961992702219e-05,0,0.0,False
GaussianBudget75M_LinearMinTime,GRAYS__2021-CABDF-011709,20210731,22,pyrologix,3,209-96,2021,0.0,0.010592972044833004,2,drone,1,9.489961992702219e-05,1885,0.004270482896715999,True
GaussianBudget75M_LinearMinTime,GREENWOOD_2021-CABDF-010939,20210713,18,pyrologix,10,206-88,2021,0.0,0.003391533042304218,0,drone,1,9.489961992702219e-05,4010,0.004175583276788976,True
GaussianBudget75M_LinearMinTime,GREY_2021-CASNF-000381,20210523,13,pyrologix,12,128-69,2021,0.0,0.005522079998627305,0,drone,1,9.489961992702219e-05,4515,0.004555181756497065,True
GaussianBudget75M_LinearMinTime,GRIZZLY_2021-CASNF-001239,20210812,17,pyrologix,11,135-67,2021,0.0,0.006934300065040588,0,drone,1,9.489961992702219e-05,4435,0.004555181756497065,True
GaussianBudget75M_LinearMinTime,GROUSE_2021-CAKNF-003646,20210515,19,pyrologix,9,31-31,2021,0.0,0.004951170994900167,0,drone,1,9.489961992702219e-05,3375,0.0046500813764240876,True
GaussianBudget75M_LinearMinTime,GROUSE__2021-CASTF-001968,20210801,17,pyrologix,11,114-64,2021,0.0,0.006483891047537327,1,drone,1,9.489961992702219e-05,4760,0.0046500813764240876,True
GaussianBudget75M_LinearMinTime,GROUT_2021-CABDF-011710,20210731,23,pyrologix,1,209-96,2021,0.0,0.004647578927688301,0,drone,1,9.489961992702219e-05,650,0.0034163863173727986,True
GaussianBudget75M_LinearMinTime,GROVE_2021-CATNF-001750,20210908,21,pyrologix,2,86-60,2021,0.0,0.0028185710543766618,0,drone,1,9.489961992702219e-05,1015,0.003511285937299821,True
GaussianBudget75M_LinearMinTime,GULCH_2021-CAANF-003619,20210926,19,pyrologix,12,195-71,2021,0.0,0.0029744839994236827,0,drone,1,9.489961992702219e-05,4330,0.004555181756497065,True
GaussianBudget75M_LinearMinTime,GULCH_2021-CAINF-001453,20210629,1,pyrologix,9,115-77,2021,5050.750202680007,0.02069601195398718,-1,undetected,1,9.489961992702219e-05,5115,0.004555181756497065,True
GaussianBudget75M_LinearMinTime,GULCH_2021-CASHF-001073,20210713,20,pyrologix,8,52-26,2021,0.0,0.0034612480085343122,0,drone,1,9.489961992702219e-05,3085,0.0046500813764240876,True
GaussianBudget75M_LinearMinTime,GULCH_KRRD_2021-CASQF-002361,20210719,21,pyrologix,2,177-79,2021,0.0,0.0039815399795770645,0,drone,1,9.489961992702219e-05,990,0.003795984797080888,True
GaussianBudget75M_LinearMinTime,GUM__2021-CASTF-001887,20210730,14,pyrologix,8,114-64,2021,0.0,0.002809838973917067,0,drone,1,9.489961992702219e-05,3075,0.004460282136570043,True
GaussianBudget75M_LinearMinTime,GUNN_2021-CABDF-014268,20210930,19,pyrologix,2,206-88,2021,0.0,0.004017680999822915,0,drone,1,9.489961992702219e-05,1080,0.0036061855572268433,True
GaussianBudget75M_LinearMinTime,Genesee_2021-CAPNF-000668,20210524,22,pyrologix,1,65-57,2021,0.0,0.004570388933643699,0,drone,1,9.489961992702219e-05,630,0.003511285937299821,True
GaussianBudget75M_LinearMinTime,Gibraltar_2021-CALPF-001128,20210522,0,pyrologix,1,none,2021,0.0,0.003643620992079377,-1,undetected,1,9.489961992702219e-05,0,0.0,False
GaussianBudget75M_LinearMinTime,Gifford_2021-CALPF-001818,20210712,0,pyrologix,12,none,2021,0.0,0.003627213998697698,-1,undetected,1,9.489961992702219e-05,0,0.0,False
GaussianBudget75M_LinearMinTime,Gold_2021-CACNF-001588,20210601,14,pyrologix,6,244-98,2021,0.0,0.0029131610644981265,0,drone,1,9.489961992702219e-05,2185,0.004365382516643021,True
GaussianBudget75M_LinearMinTime,Gold__2021-CAPNF-003260,20211031,15,pyrologix,10,79-61,2021,0.0,0.01768005802296102,-1,undetected,1,9.489961992702219e-05,2530,0.004365382516643021,True
GaussianBudget75M_LinearMinTime,Gomez_2021-CACNF-003031,20210924,18,pyrologix,9,230-93,2021,0.0,0.06371300900354981,-1,undetected,1,9.489961992702219e-05,5145,0.0037010851771538656,True
GaussianBudget75M_LinearMinTime,Granite_2021-CASHF-000774,20210602,7,pyrologix,7,44-34,2021,4688.366682439926,0.05856892606243491,5,drone,1,9.489961992702219e-05,4755,0.0046500813764240876,True
GaussianBudget75M_LinearMinTime,Grassy_2021-CASRF-000451,20210625,18,pyrologix,6,15-20,2021,5047.522824111045,0.0028125690296292305,0,drone,1,9.489961992702219e-05,2535,0.0040806836568619545,True
GaussianBudget75M_LinearMinTime,Greenhorn_2021-CAPNF-000421,20210413,22,pyrologix,6,72-59,2021,0.0,0.0052832699147984385,0,drone,1,9.489961992702219e-05,2360,0.0046500813764240876,True
GaussianBudget75M_LinearMinTime,Gregg_2021-CASRF-000312,20210521,13,pyrologix,10,38-21,2021,0.0,0.017895948025397956,-1,undetected,1,9.489961992702219e-05,1450,0.004270482896715999,True
GaussianBudget75M_LinearMinTime,Grizzly_2021-CAPNF-000697,20210529,16,pyrologix,11,72-66,2021,0.0,0.004312394070439041,0,drone,1,9.489961992702219e-05,3965,0.004555181756497065,True
GaussianBudget75M_LinearMinTime,H-1_CABLE_2021-CALNF-002461,20210515,1,pyrologix,11,51-54,2021,0.0,0.005063338088802993,0,drone,1,9.489961992702219e-05,4315,0.0046500813764240876,True
GaussianBudget75M_LinearMinTime,H-1_MOON_2021-CALNF-003400,20210624,20,pyrologix,9,44-55,2021,3972.3051315119956,0.017147691920399666,2,drone,1,9.489961992702219e-05,4630,0.004555181756497065,True
GaussianBudget75M_LinearMinTime,H-3_FORD_2021-CALNF-002493,20210515,19,pyrologix,9,51-54,2021,0.0,0.005606965976767242,0,drone,1,9.489961992702219e-05,3480,0.0046500813764240876,True
GaussianBudget75M_LinearMinTime,H-3_LOST_2021-CALNF-003447,20210625,0,pyrologix,1,51-54,2021,0.0,0.0034018330043181777,0,drone,1,9.489961992702219e-05,535,0.0033214866974457763,True
GaussianBudget75M_LinearMinTime,H-4_UNION_2021-CALNF-002511,20210516,17,pyrologix,4,51-54,2021,0.0,0.03496383794117719,5,drone,1,9.489961992702219e-05,3480,0.0046500813764240876,True
GaussianBudget75M_LinearMinTime,H-5_CINDER_2021-CALNF-002519,20210516,21,pyrologix,4,51-54,2021,0.0,0.0027697039768099785,0,drone,1,9.489961992702219e-05,1505,0.004555181756497065,True
GaussianBudget75M_LinearMinTime,HALLS_2021-CAMDF-003039,20211208,17,pyrologix,10,35-77,2021,5047.670454505016,0.002670129993930459,0,drone,1,9.489961992702219e-05,3780,0.004365382516643021,True
GaussianBudget75M_LinearMinTime,HAMBONE_2021-CASHF-001233,20210806,16,pyrologix,5,37-56,2021,0.0,0.0027224250370636582,0,drone,1,9.489961992702219e-05,1970,0.0046500813764240876,True
GaussianBudget75M_LinearMinTime,HARDEN_2021-CASTF-001794,20210723,17,pyrologix,7,121-61,2021,0.0,0.006639609928242862,1,drone,1,9.489961992702219e-05,3955,0.003795984797080888,True
GaussianBudget75M_LinearMinTime,HARDEN_2__2021-CASTF-001795,20210723,16,pyrologix,10,121-61,2021,0.0,0.010418078978545964,1,drone,1,9.489961992702219e-05,4970,0.003795984797080888,True
GaussianBudget75M_LinearMinTime,HARRIS_2021-CATNF-001509,20210803,13,pyrologix,11,79-61,2021,0.0,0.03263673197943717,-1,undetected,1,9.489961992702219e-05,2530,0.004365382516643021,True
GaussianBudget75M_LinearMinTime,HARWOOD_2021-CAANF-004254,20211129,7,pyrologix,2,206-88,2021,0.0,0.00264192302711308,0,drone,1,9.489961992702219e-05,835,0.0034163863173727986,True
GaussianBudget75M_LinearMinTime,HATCHERY_2021-CABDF-014811,20211011,19,pyrologix,3,214-103,2021,0.0,0.016775844036601484,-1,undetected,1,9.489961992702219e-05,1485,0.00389088441700791,True
GaussianBudget75M_LinearMinTime,HATHAWAY_2021-CABDF-010788,20210710,17,pyrologix,9,214-103,2021,0.0,0.039028419996611774,-1,undetected,1,9.489961992702219e-05,1485,0.00389088441700791,True
GaussianBudget75M_LinearMinTime,HAYFORK_2021-CASHU-008170,20210803,4,pyrologix,9,45-27,2021,0.0,0.002754471031948924,0,drone,1,9.489961992702219e-05,3565,0.004460282136570043,True
GaussianBudget75M_LinearMinTime,HAYPRESS_2021-CAKNF-006414,20210731,16,pyrologix,11,31-31,2021,0.0,0.004133610986173153,0,drone,1,9.489961992702219e-05,4165,0.0046500813764240876,True
GaussianBudget75M_LinearMinTime,HAZEL_2021-CAAEU-015966,20210608,20,pyrologix,6,100-54,2021,0.0,0.006660828017629683,1,drone,1,9.489961992702219e-05,2750,0.004365382516643021,True
GaussianBudget75M_LinearMinTime,HEBRON_2021-CAKNF-003605,20210515,0,pyrologix,4,23-53,2021,1206.6916860559722,0.030563350999727845,-1,undetected,1,9.489961992702219e-05,2265,0.00389088441700791,True
GaussianBudget75M_LinearMinTime,HENRY_2021-CASTF-001280,20210625,15,pyrologix,12,107-68,2021,0.0,0.00569647504016757,0,drone,1,9.489961992702219e-05,4420,0.0046500813764240876,True
GaussianBudget75M_LinearMinTime,HIDDEN__2021-CAANF-003478,20210913,5,pyrologix,1,201-76,2021,0.0,0.004054215038195252,0,drone,1,9.489961992702219e-05,585,0.0034163863173727986,True
GaussianBudget75M_LinearMinTime,HIGHLAND__2021-CASTF-001735,20210719,21,pyrologix,4,107-68,2021,0.0,0.008090635063126683,2,drone,1,9.489961992702219e-05,2300,0.0046500813764240876,True
GaussianBudget75M_LinearMinTime,HIGHWAY_2021-CABDF-014988,20211016,9,pyrologix,10,206-88,2021,0.0,0.006524916039779782,1,drone,1,9.489961992702219e-05,4475,0.004175583276788976,True
GaussianBudget75M_LinearMinTime,HIGH_POINT_2021-CAKNF-006402,20210731,13,pyrologix,7,31-31,2021,0.0,0.003330194973386824,0,drone,1,9.489961992702219e-05,2640,0.004555181756497065,True
GaussianBudget75M_LinearMinTime,HILL_2021-CAANF-003660,20211001,19,pyrologix,12,201-76,2021,0.0,0.004844852024689317,0,drone,1,9.489961992702219e-05,4605,0.004460282136570043,True
GaussianBudget75M_LinearMinTime,HILL_2021-CABDF-004239,20210305,18,pyrologix,6,206-88,2021,0.0,0.0057322250213474035,1,drone,1,9.489961992702219e-05,2845,0.004175583276788976,True
GaussianBudget75M_LinearMinTime,HILL_2021-CASHF-000537,20210504,18,pyrologix,4,37-42,2021,0.0,0.007061626994982362,1,drone,1,9.489961992702219e-05,1835,0.004555181756497065,True
GaussianBudget75M_LinearMinTime,HILL_2021-CASTF-001910,20210731,2,pyrologix,1,107-61,2021,0.0,0.02814027899876237,-1,undetected,1,9.489961992702219e-05,2520,0.004555181756497065,True
GaussianBudget75M_LinearMinTime,HILTON_2021-CAINF-001144,20210608,18,pyrologix,5,none,2021,0.0,0.06623723800294101,-1,undetected,1,9.489961992702219e-05,0,0.0,False
GaussianBudget75M_LinearMinTime,HIRAM_2021-CASTF-002595,20210929,11,pyrologix,11,107-68,2021,0.0,0.0028575860196724534,0,drone,1,9.489961992702219e-05,3990,0.0046500813764240876,True
GaussianBudget75M_LinearMinTime,HOBART__2021-CASTF-002083,20210809,22,pyrologix,12,107-68,2021,0.0,0.00925952906254679,1,drone,1,9.489961992702219e-05,4680,0.0046500813764240876,True
GaussianBudget75M_LinearMinTime,HOGSBACK_2021-CAANF-000137,20210114,12,pyrologix,12,206-88,2021,0.0,0.006449409062042832,0,drone,1,9.489961992702219e-05,4690,0.004175583276788976,True
GaussianBudget75M_LinearMinTime,HOLLY_2021-CABDF-018832,20211207,12,pyrologix,8,209-96,2021,0.0,0.004630118957720697,0,drone,1,9.489961992702219e-05,3000,0.004270482896715999,True
GaussianBudget75M_LinearMinTime,HOME_2021-CATMU-027066,20210911,21,pyrologix,7,93-62,2021,0.0,0.02843723597470671,-1,undetected,1,9.489961992702219e-05,435,0.002941888217737688,True
GaussianBudget75M_LinearMinTime,HOOPER_KRRD_2021-CASQF-002348,20210719,6,pyrologix,9,177-79,2021,0.0,0.005234138923697174,1,drone,1,9.489961992702219e-05,3675,0.004555181756497065,True
GaussianBudget75M_LinearMinTime,HORSE_2021-CAKNF-002220,20210326,19,pyrologix,7,17-34,2021,0.0,0.0026766369119286537,0,drone,1,9.489961992702219e-05,2495,0.0036061855572268433,True
GaussianBudget75M_LinearMinTime,HORSE_2021-CASQF-003069,20210910,10,pyrologix,11,163-78,2021,0.0,0.005361507995985448,0,drone,1,9.489961992702219e-05,4905,0.003795984797080888,True
GaussianBudget75M_LinearMinTime,HORSE__2021-CAANF-003639,20210928,2,pyrologix,12,201-76,2021,0.0,0.016204482060857117,5,drone,1,9.489961992702219e-05,6190,0.004460282136570043,True
GaussianBudget75M_LinearMinTime,HOT_2021-CAINF-001450,20210629,0,pyrologix,6,none,2021,0.0,0.002537752967327833,-1,undetected,1,9.489961992702219e-05,0,0.0,False
GaussianBudget75M_LinearMinTime,HOT_2021-CASQF-002231,20210713,12,pyrologix,4,177-72,2021,0.0,0.0057689150562509894,1,drone,1,9.489961992702219e-05,1850,0.004175583276788976,True
GaussianBudget75M_LinearMinTime,HUFFMAN_2021-CAMDF-002376,20210919,16,pyrologix,4,none,2021,0.0,0.002522252034395933,-1,undetected,1,9.489961992702219e-05,0,0.0,False
GaussianBudget75M_LinearMinTime,HUMBUG_2021-CALNF-005233,20210902,17,pyrologix,8,65-50,2021,0.0,0.004459293908439577,0,drone,1,9.489961992702219e-05,3470,0.004555181756497065,True
GaussianBudget75M_LinearMinTime,HUSKER_2021-CABDF-011130,20210718,13,pyrologix,8,223-101,2021,0.0,0.009968391968868673,1,drone,1,9.489961992702219e-05,3430,0.004460282136570043,True
GaussianBudget75M_LinearMinTime,HWY_18____HWY_189_2021-CABDU-017482,20211203,10,pyrologix,3,209-96,2021,0.0,0.018438720027916133,-1,undetected,1,9.489961992702219e-05,3240,0.004270482896715999,True
GaussianBudget75M_LinearMinTime,Hallett_2021-CAPNF-001068,20210704,22,pyrologix,9,65-64,2021,0.0,0.003081489005126059,0,drone,1,9.489961992702219e-05,3205,0.004460282136570043,True
GaussianBudget75M_LinearMinTime,Hallyeyaaw_2021-CACNF-002813,20210829,18,pyrologix,10,237-97,2021,0.0,0.019284882000647485,-1,undetected,1,9.489961992702219e-05,2960,0.004460282136570043,True
GaussianBudget75M_LinearMinTime,Hart_2021-CAPNF-001527,20210809,15,pyrologix,6,72-52,2021,0.0,0.0032349489629268646,0,drone,1,9.489961992702219e-05,2325,0.0046500813764240876,True
GaussianBudget75M_LinearMinTime,Hartman__2021-CAPNF-000997,20210629,15,pyrologix,2,72-52,2021,0.0,0.0019523249939084053,0,drone,1,9.489961992702219e-05,795,0.004365382516643021,True
GaussianBudget75M_LinearMinTime,Henshaw_2021-CACNF-002366,20210723,17,pyrologix,10,230-100,2021,0.0,0.003893521032296121,0,drone,1,9.489961992702219e-05,3875,0.004270482896715999,True
GaussianBudget75M_LinearMinTime,Hi_2021-CALPF-002405,20210828,16,pyrologix,2,175-45,2021,0.0,0.010335012921132147,3,drone,1,9.489961992702219e-05,1915,0.004365382516643021,True
GaussianBudget75M_LinearMinTime,Hlel_Din_2021-CASRF-000201,20210412,19,pyrologix,1,38-21,2021,0.0,0.004867339041084051,0,drone,1,9.489961992702219e-05,550,0.0033214866974457763,True
GaussianBudget75M_LinearMinTime,Hobart_2021-CASRF-000588,20210720,16,pyrologix,10,52-19,2021,0.0,0.009343444020487368,1,drone,1,9.489961992702219e-05,4585,0.0033214866974457763,True
GaussianBudget75M_LinearMinTime,Holland_2021-CAPNF-000689,20210528,14,pyrologix,2,65-57,2021,0.0,0.003502225037664175,0,drone,1,9.489961992702219e-05,875,0.003511285937299821,True
GaussianBudget75M_LinearMinTime,Homestead_2021-CAPNF-000803,20210614,13,pyrologix,10,72-59,2021,0.0,0.0057415139162912965,0,drone,1,9.489961992702219e-05,3775,0.0046500813764240876,True
GaussianBudget75M_LinearMinTime,Honey_2021-CACNF-002374,20210724,17,pyrologix,11,244-98,2021,0.0,0.005045459023676813,0,drone,1,9.489961992702219e-05,3890,0.004555181756497065,True
GaussianBudget75M_LinearMinTime,Humbug_2021-CAPNF-001356,20210730,21,pyrologix,9,72-66,2021,0.0,0.019813403021544218,3,drone,1,9.489961992702219e-05,4570,0.0046500813764240876,True
GaussianBudget75M_LinearMinTime,ICE_2021-CAENF-015133,20210601,18,pyrologix,4,93-62,2021,0.0,0.028028664062730968,-1,undetected,1,9.489961992702219e-05,435,0.002941888217737688,True
GaussianBudget75M_LinearMinTime,INTERBAY_2021-CAENF-026980,20210910,10,pyrologix,11,93-56,2021,0.0,0.003786265035159886,0,drone,1,9.489961992702219e-05,4590,0.0046500813764240876,True
GaussianBudget75M_LinearMinTime,INTERSECTION_2021-CAANF-003983,20211031,19,pyrologix,4,201-76,2021,0.0,0.027936577098444104,-1,undetected,1,9.489961992702219e-05,3595,0.004270482896715999,True
GaussianBudget75M_LinearMinTime,INTERSTATE_2021-CAANF-002677,20210719,18,pyrologix,11,195-71,2021,0.0,0.0030135230626910925,0,drone,1,9.489961992702219e-05,4010,0.004460282136570043,True
GaussianBudget75M_LinearMinTime,INYO_CREEK_2021-CAINF-001299,20210619,11,pyrologix,5,none,2021,0.0,0.0025945749366655946,-1,undetected,1,9.489961992702219e-05,0,0.0,False
GaussianBudget75M_LinearMinTime,IRONWOOD_2021-CABDF-011712,20210731,19,pyrologix,8,209-96,2021,0.0,0.008826456032693386,1,drone,1,9.489961992702219e-05,3385,0.004270482896715999,True
GaussianBudget75M_LinearMinTime,ISLAND_2021-CAKNF-006317,20210730,0,pyrologix,5,24-32,2021,0.0,0.0038942109094932675,0,drone,1,9.489961992702219e-05,2080,0.004555181756497065,True
GaussianBudget75M_LinearMinTime,Indian_2021-CASHF-000840,20210611,19,pyrologix,12,44-41,2021,0.0,0.005205974099226296,0,drone,1,9.489961992702219e-05,4465,0.004270482896715999,True
GaussianBudget75M_LinearMinTime,Ingalls_2021-CAPNF-001370,20210730,15,pyrologix,5,72-59,2021,0.0,0.013881149934604764,4,drone,1,9.489961992702219e-05,3265,0.0046500813764240876,True
GaussianBudget75M_LinearMinTime,JACKSON_2021-CAKNF-006054,20210722,22,pyrologix,1,17-27,2021,0.0,0.0081069259904325,2,drone,1,9.489961992702219e-05,1280,0.0040806836568619545,True
GaussianBudget75M_LinearMinTime,JACKSON_2021-CATNF-001277,20210707,14,pyrologix,5,79-61,2021,0.0,0.021605005953460932,-1,undetected,1,9.489961992702219e-05,2530,0.004365382516643021,True
GaussianBudget75M_LinearMinTime,JACK_2021-CAENF-027136,20210911,16,pyrologix,3,93-62,2021,0.0,0.01789820403791964,-1,undetected,1,9.489961992702219e-05,435,0.002941888217737688,True
GaussianBudget75M_LinearMinTime,JENKS_2021-CABDF-015099,20211018,21,pyrologix,8,214-103,2021,0.0,0.028288292000070214,-1,undetected,1,9.489961992702219e-05,1485,0.00389088441700791,True
GaussianBudget75M_LinearMinTime,JENNESS__2021-CASTF-002065,20210807,22,pyrologix,3,114-64,2021,0.0,0.002284243004396558,0,drone,1,9.489961992702219e-05,1150,0.00389088441700791,True
GaussianBudget75M_LinearMinTime,JENNINGS_2021-CAKNF-005044,20210625,16,pyrologix,5,31-24,2021,0.0,0.035438658902421594,5,drone,1,9.489961992702219e-05,4240,0.004460282136570043,True
GaussianBudget75M_LinearMinTime,JOAQUIN_2021-CAINF-001479,20210630,18,pyrologix,3,127-76,2021,0.0,0.0023135849041864276,0,drone,1,9.489961992702219e-05,1120,0.00389088441700791,True
GaussianBudget75M_LinearMinTime,JONES_2021-CAENF-022004,20210729,4,pyrologix,12,93-62,2021,0.0,0.02842722402419895,-1,undetected,1,9.489961992702219e-05,435,0.002941888217737688,True
GaussianBudget75M_LinearMinTime,JONES_2021-CAKNF-005026,20210625,2,pyrologix,10,31-31,2021,0.0,0.011484000948257744,1,drone,1,9.489961992702219e-05,4210,0.0046500813764240876,True
GaussianBudget75M_LinearMinTime,JULY_2021-CAKNF-003631,20210515,13,pyrologix,12,31-31,2021,0.0,0.0121239930158481,4,drone,1,9.489961992702219e-05,5740,0.0046500813764240876,True
GaussianBudget75M_LinearMinTime,JUNIPER_2021-CAMDF-000781,20210705,21,pyrologix,2,none,2021,0.0,0.0025079830083996058,-1,undetected,1,9.489961992702219e-05,0,0.0,False
GaussianBudget75M_LinearMinTime,Japatul_2021-CACNF-000210,20210120,12,pyrologix,12,244-98,2021,0.0,0.01845618593506515,-1,undetected,1,9.489961992702219e-05,6240,0.004555181756497065,True
GaussianBudget75M_LinearMinTime,Johnson_2021-CAPNF-002668,20210926,18,pyrologix,11,72-59,2021,0.0,0.005039273994043469,0,drone,1,9.489961992702219e-05,3925,0.0046500813764240876,True
GaussianBudget75M_LinearMinTime,Jordan_2021-CAPNF-000609,20210515,13,pyrologix,6,70-71,2021,0.0,0.12542622000910342,1,drone,1,9.489961992702219e-05,2575,0.003985784036934932,True
GaussianBudget75M_LinearMinTime,KAISER_2021-CASNF-000351,20210515,21,pyrologix,2,134-74,2021,0.0,0.0031395700061693788,0,drone,1,9.489961992702219e-05,985,0.004175583276788976,True
GaussianBudget75M_LinearMinTime,KAMOOK_2021-CASNF-000903,20210714,3,pyrologix,11,128-69,2021,0.0,0.008135669981129467,0,drone,1,9.489961992702219e-05,4125,0.004555181756497065,True
GaussianBudget75M_LinearMinTime,KEENBROOK__2021-CABDF-007842,20210513,0,pyrologix,6,206-88,2021,0.0,0.0031265299767255783,0,drone,1,9.489961992702219e-05,2490,0.003985784036934932,True
GaussianBudget75M_LinearMinTime,KELLY_2021-CAKNF-006382,20210731,2,pyrologix,2,31-31,2021,0.0,0.004639138001948595,1,drone,1,9.489961992702219e-05,1300,0.004175583276788976,True
GaussianBudget75M_LinearMinTime,KELLY__2021-CAMDF-001437,20210813,23,pyrologix,5,36-70,2021,0.0,0.017109396983869374,-1,undetected,1,9.489961992702219e-05,3935,0.004555181756497065,True
GaussianBudget75M_LinearMinTime,KENWOOD__2021-CABDF-007372,20210501,15,pyrologix,7,206-88,2021,0.0,0.0044987809378653765,1,drone,1,9.489961992702219e-05,3075,0.004175583276788976,True
GaussianBudget75M_LinearMinTime,KINGFISHER_2021-CABDF-012449,20210817,19,pyrologix,6,223-101,2021,0.0,0.003060591989196837,0,drone,1,9.489961992702219e-05,2220,0.004460282136570043,True
GaussianBudget75M_LinearMinTime,KINNEY__2021-CASHF-001131,20210721,20,pyrologix,5,45-27,2021,0.0,0.006913949036970735,1,drone,1,9.489961992702219e-05,2505,0.004365382516643021,True
GaussianBudget75M_LinearMinTime,KNOB_2021-CASQF-003074,20210910,17,pyrologix,1,162-85,2021,0.0,0.003072703955695033,0,drone,1,9.489961992702219e-05,570,0.003226587077518755,True
GaussianBudget75M_LinearMinTime,Kessler_2021-CAPNF-001359,20210730,20,pyrologix,12,65-64,2021,0.0,0.00570546998642385,1,drone,1,9.489961992702219e-05,4685,0.004460282136570043,True
GaussianBudget75M_LinearMinTime,Kitchen_2021-CACNF-001839,20210621,3,pyrologix,2,none,2021,0.0,0.06763710197992623,-1,undetected,1,9.489961992702219e-05,0,0.0,False
GaussianBudget75M_LinearMinTime,Knob_2021-CASRF-000795,20210829,16,pyrologix,12,38-21,2021,0.0,0.028638630989007652,-1,undetected,1,9.489961992702219e-05,1450,0.004270482896715999,True
GaussianBudget75M_LinearMinTime,Kumeyaay_2021-CACNF-003422,20211119,18,pyrologix,10,244-98,2021,0.0,0.011461709043942392,1,drone,1,9.489961992702219e-05,4170,0.004555181756497065,True
GaussianBudget75M_LinearMinTime,L-1_WIDOW_2021-CALNF-002521,20210516,21,pyrologix,6,58-54,2021,0.0,0.03125708410516381,-1,undetected,1,9.489961992702219e-05,4595,0.004365382516643021,True
GaussianBudget75M_LinearMinTime,L-2_CHRISTIE_2021-CALNF-004693,20210813,21,pyrologix,11,58-47,2021,0.0,0.0219832940492779,-1,undetected,1,9.489961992702219e-05,850,0.00389088441700791,True
GaussianBudget75M_LinearMinTime,L-2_CYPRESS_2021-CALNF-003749,20210705,20,pyrologix,8,58-54,2021,0.0,0.00462887401226908,0,drone,1,9.489961992702219e-05,3315,0.004365382516643021,True
GaussianBudget75M_LinearMinTime,LAGOON_2021-CAANF-004253,20211129,6,pyrologix,1,195-71,2021,0.0,0.005429237033240497,1,drone,1,9.489961992702219e-05,1025,0.0040806836568619545,True
GaussianBudget75M_LinearMinTime,LAGO_2021-CAANF-002115,20210620,2,pyrologix,9,195-71,2021,0.0,0.00328251498285681,0,drone,1,9.489961992702219e-05,3335,0.004365382516643021,True
GaussianBudget75M_LinearMinTime,LAKECAMP_2021-CASNF-000962,20210719,22,pyrologix,2,134-74,2021,0.0,0.006782455020584166,2,drone,1,9.489961992702219e-05,1570,0.0046500813764240876,True
GaussianBudget75M_LinearMinTime,LAKESHORE_2021-CASNF-000346,20210515,14,pyrologix,2,134-74,2021,0.0,0.0022339290007948875,0,drone,1,9.489961992702219e-05,815,0.0040806836568619545,True
GaussianBudget75M_LinearMinTime,LAKE_2021-CASTF-002696,20211015,19,pyrologix,6,114-64,2021,0.0,0.007022247998975217,2,drone,1,9.489961992702219e-05,3075,0.004460282136570043,True
GaussianBudget75M_LinearMinTime,LAKE_2021-CATNF-000732,20210515,20,pyrologix,2,86-60,2021,0.0,0.0026628730120137334,0,drone,1,9.489961992702219e-05,875,0.003511285937299821,True
GaussianBudget75M_LinearMinTime,LAKIN_2021-CASHF-001235,20210806,16,pyrologix,6,37-56,2021,0.0,0.004238591063767672,0,drone,1,9.489961992702219e-05,2395,0.0046500813764240876,True
GaussianBudget75M_LinearMinTime,LANCASTER_2021-CAANF-003148,20210823,7,pyrologix,11,195-71,2021,0.0,0.005788665032014251,1,drone,1,9.489961992702219e-05,4390,0.004555181756497065,True
GaussianBudget75M_LinearMinTime,LANDING__2021-CAANF-003335,20210905,16,pyrologix,1,195-71,2021,0.0,0.0019962249789386988,0,drone,1,9.489961992702219e-05,515,0.0033214866974457763,True
GaussianBudget75M_LinearMinTime,LANG_2021-CATNF-001555,20210810,9,pyrologix,12,86-60,2021,0.0,0.004169285064563155,0,drone,1,9.489961992702219e-05,4995,0.0040806836568619545,True
GaussianBudget75M_LinearMinTime,LARCH_2021-CAENF-008992,20210403,16,pyrologix,5,100-61,2021,0.0,0.0035531569737941027,0,drone,1,9.489961992702219e-05,2000,0.004460282136570043,True
GaussianBudget75M_LinearMinTime,LASSEN_2021-CASTF-000072,20210111,16,pyrologix,5,114-64,2021,0.0,0.0024884010199457407,0,drone,1,9.489961992702219e-05,2020,0.004270482896715999,True
GaussianBudget75M_LinearMinTime,LAUER_2021-CAMDF-001446,20210813,13,pyrologix,11,35-77,2021,0.0,0.017301438958384097,4,drone,1,9.489961992702219e-05,5640,0.004365382516643021,True
GaussianBudget75M_LinearMinTime,LAVA_2021-CASHF-000949,20210625,3,pyrologix,1,30-45,2021,0.0,0.002301204949617386,0,drone,1,9.489961992702219e-05,515,0.0034163863173727986,True
GaussianBudget75M_LinearMinTime,LA_HONDA_2021-CAKNF-005004,20210625,20,pyrologix,10,30-52,2021,0.0,0.007409429992549121,0,drone,1,9.489961992702219e-05,3950,0.0046500813764240876,True
GaussianBudget75M_LinearMinTime,LA_HONDA_WELL_2021-CAKNF-006467,20210801,18,pyrologix,9,30-52,2021,0.0,0.004858970060013235,0,drone,1,9.489961992702219e-05,3395,0.0046500813764240876,True
GaussianBudget75M_LinearMinTime,LEE_2021-CAINF-001186,20210611,20,pyrologix,1,124-80,2021,0.0,0.00883906101807952,1,drone,1,9.489961992702219e-05,995,0.004175583276788976,True
GaussianBudget75M_LinearMinTime,LEONA_2021-CAANF-003807,20211013,23,pyrologix,5,none,2021,0.0,0.024365902063436806,-1,undetected,1,9.489961992702219e-05,0,0.0,False
GaussianBudget75M_LinearMinTime,LEROY_2021-CABDF-007219,20210427,19,pyrologix,2,206-88,2021,0.0,0.002506138989701867,0,drone,1,9.489961992702219e-05,925,0.0034163863173727986,True
GaussianBudget75M_LinearMinTime,LEWIS__2021-CASTF-000836,20210526,19,pyrologix,5,114-57,2021,5055.264407545095,0.005127480020746589,0,drone,1,9.489961992702219e-05,2195,0.004555181756497065,True
GaussianBudget75M_LinearMinTime,LIME_2021-CAKNF-006363,20210730,19,pyrologix,10,24-32,2021,0.0,0.007384499069303274,0,drone,1,9.489961992702219e-05,3985,0.0046500813764240876,True
GaussianBudget75M_LinearMinTime,LINE_2021-CAMDF-001054,20210729,23,pyrologix,4,none,2021,0.0,0.008049178984947503,-1,undetected,1,9.489961992702219e-05,0,0.0,False
GaussianBudget75M_LinearMinTime,LINE_2021-CATCU-004017,20210328,17,pyrologix,9,121-61,2021,0.0,0.004364432999864221,0,drone,1,9.489961992702219e-05,4085,0.003795984797080888,True
GaussianBudget75M_LinearMinTime,LITTLE_2021-CABDF-012135,20210810,19,pyrologix,9,214-103,2021,0.0,0.028797956998459995,-1,undetected,1,9.489961992702219e-05,1485,0.00389088441700791,True
GaussianBudget75M_LinearMinTime,LITTLE_MARBLE_2021-CAKNF-007809,20210908,11,pyrologix,8,24-32,2021,0.0,0.01097735995426774,1,drone,1,9.489961992702219e-05,3650,0.0046500813764240876,True
GaussianBudget75M_LinearMinTime,LITTLE_SWEDEN_1_2021-CASTF-001777,20210722,3,pyrologix,9,114-64,2021,0.0,0.004326244932599366,0,drone,1,9.489961992702219e-05,3510,0.0046500813764240876,True
GaussianBudget75M_LinearMinTime,LITTLE_SWEDEN_3__2021-CASTF-001782,20210722,14,pyrologix,5,114-64,2021,0.0,0.002451324020512402,0,drone,1,9.489961992702219e-05,2020,0.004270482896715999,True
GaussianBudget75M_LinearMinTime,LODGE_2021-CALNF-002298,20210507,14,pyrologix,11,51-61,2021,0.0,0.021924400003626943,-1,undetected,1,9.489961992702219e-05,6370,0.0046500813764240876,True
GaussianBudget75M_LinearMinTime,LODGE_2021-CASTF-002426,20210910,2,pyrologix,9,121-61,2021,0.0,0.028919725096784532,-1,undetected,1,9.489961992702219e-05,6525,0.004175583276788976,True
GaussianBudget75M_LinearMinTime,LOGGING_2021-CAINF-000049,20210108,19,pyrologix,9,none,2021,0.0,0.004086719010956585,-1,undetected,1,9.489961992702219e-05,0,0.0,False
GaussianBudget75M_LinearMinTime,LOMAR_KRRD_2021-CASQF-002357,20210719,15,pyrologix,4,177-79,2021,0.0,0.0030517139239236712,0,drone,1,9.489961992702219e-05,1530,0.004365382516643021,True
GaussianBudget75M_LinearMinTime,LOMA__2021-CAANF-002264,20210628,0,pyrologix,8,206-81,2021,0.0,0.003946640063077211,0,drone,1,9.489961992702219e-05,3015,0.0037010851771538656,True
GaussianBudget75M_LinearMinTime,LONEY_2021-CATNF-001766,20210910,13,pyrologix,9,79-61,2021,0.0,0.03928023704793304,-1,undetected,1,9.489961992702219e-05,2530,0.004365382516643021,True
GaussianBudget75M_LinearMinTime,LONE_2021-CABDF-010482,20210704,18,pyrologix,5,206-88,2021,0.0,0.0031038708984851837,0,drone,1,9.489961992702219e-05,2130,0.00389088441700791,True
GaussianBudget75M_LinearMinTime,LONE_PINE_2021-CABDF-014910,20211013,20,pyrologix,6,206-88,2021,0.0,0.007103765965439379,0,drone,1,9.489961992702219e-05,2490,0.003985784036934932,True
GaussianBudget75M_LinearMinTime,LONG_2021-CAKNF-006470,20210801,21,pyrologix,4,37-35,2021,0.0,0.006187031045556068,0,drone,1,9.489961992702219e-05,1805,0.004365382516643021,True
GaussianBudget75M_LinearMinTime,LONG_2021-CASQF-001856,20210630,19,pyrologix,9,177-79,2021,0.0,0.0036002330016344786,0,drone,1,9.489961992702219e-05,3480,0.004555181756497065,True
GaussianBudget75M_LinearMinTime,LONG_2021-CATNF-001452,20210730,16,pyrologix,5,86-60,2021,0.0,0.029991007992066443,4,drone,1,9.489961992702219e-05,3805,0.0040806836568619545,True
GaussianBudget75M_LinearMinTime,LONG_2021-CATNF-001958,20210930,22,pyrologix,4,86-60,2021,0.0,0.0033924590097740293,0,drone,1,9.489961992702219e-05,1705,0.003985784036934932,True
GaussianBudget75M_LinearMinTime,LOOKOUT_2021-CAINF-000738,20210505,15,pyrologix,3,124-80,2021,0.0,0.005012175999581814,0,drone,1,9.489961992702219e-05,1385,0.004365382516643021,True
GaussianBudget75M_LinearMinTime,LOONEY_2021-CASTF-000755,20210516,23,pyrologix,12,114-64,2021,0.0,0.0035149049945175648,0,drone,1,9.489961992702219e-05,4475,0.0046500813764240876,True
GaussianBudget75M_LinearMinTime,LOOP_2021-CAINF-002421,20210907,19,pyrologix,5,124-80,2021,0.0,0.0020713770063593984,0,drone,1,9.489961992702219e-05,1890,0.0046500813764240876,True
GaussianBudget75M_LinearMinTime,LOPEZ_2021-CAANF-004215,20211125,14,pyrologix,12,201-76,2021,0.0,0.0034084469079971313,0,drone,1,9.489961992702219e-05,4315,0.004460282136570043,True
GaussianBudget75M_LinearMinTime,LOST_2021-CASHF-001199,20210801,15,pyrologix,10,30-52,2021,0.0,0.03857532504480332,-1,undetected,1,9.489961992702219e-05,5755,0.0046500813764240876,True
GaussianBudget75M_LinearMinTime,LOVERS_2021-CASHF-000918,20210622,17,pyrologix,11,45-20,2021,0.0,0.02948755002580583,-1,undetected,1,9.489961992702219e-05,430,0.002467390118102577,True
GaussianBudget75M_LinearMinTime,LOWER_2021-CASHF-000451,20210413,22,pyrologix,5,44-41,2021,0.0,0.0033922309521585703,0,drone,1,9.489961992702219e-05,1960,0.004175583276788976,True
GaussianBudget75M_LinearMinTime,LOWER_BEAR_2021-CAENF-024077,20210815,7,pyrologix,4,100-61,2021,0.0,0.006384694017469883,1,drone,1,9.489961992702219e-05,1825,0.004460282136570043,True
GaussianBudget75M_LinearMinTime,LOYALTON_2021-CATNF-000705,20210506,22,pyrologix,2,79-68,2021,0.0,0.0014574879314750433,0,drone,1,9.489961992702219e-05,820,0.0034163863173727986,True
GaussianBudget75M_LinearMinTime,LOYALTON_2021-CATNF-001784,20210911,20,pyrologix,3,79-68,2021,0.0,0.0023140739649534225,0,drone,1,9.489961992702219e-05,1165,0.0037010851771538656,True
GaussianBudget75M_LinearMinTime,LUMP_2021-CABDF-012137,20210811,22,pyrologix,4,214-103,2021,0.0,0.028771904995664954,-1,undetected,1,9.489961992702219e-05,1485,0.00389088441700791,True
GaussianBudget75M_LinearMinTime,LUTHER_PASS_CAMPGROUND_LA_2021-CATMU-016173,20210610,17,pyrologix,4,100-68,2021,0.0,0.0036530409706756473,0,drone,1,9.489961992702219e-05,1605,0.004365382516643021,True
GaussianBudget75M_LinearMinTime,LYNX_2021-CAAEU-000722,20210108,12,pyrologix,1,100-54,2021,0.0,0.005968156037852168,1,drone,1,9.489961992702219e-05,1015,0.0040806836568619545,True
GaussianBudget75M_LinearMinTime,LYONS_2021-CAENF-017823,20210624,19,pyrologix,2,100-61,2021,0.0,0.0038254880346357822,0,drone,1,9.489961992702219e-05,1020,0.003795984797080888,True
GaussianBudget75M_LinearMinTime,LYONS_2021-CAENF-020983,20210625,21,pyrologix,9,100-61,2021,0.0,0.00890682905446738,2,drone,1,9.489961992702219e-05,4330,0.004555181756497065,True
GaussianBudget75M_LinearMinTime,LYONS_2021-CASTF-000711,20210513,15,pyrologix,11,114-64,2021,0.0,0.007910760003142059,2,drone,1,9.489961992702219e-05,4915,0.0046500813764240876,True
GaussianBudget75M_LinearMinTime,LYTLE_2021-CABDF-001107,20210115,23,pyrologix,12,206-88,2021,0.0,0.007123957970179617,0,drone,1,9.489961992702219e-05,4730,0.004175583276788976,True
GaussianBudget75M_LinearMinTime,La_Panza_2021-CALPF-001525,20210621,16,pyrologix,11,170-47,2021,5047.666603944963,0.007269997033290565,0,drone,1,9.489961992702219e-05,4240,0.0046500813764240876,True
GaussianBudget75M_LinearMinTime,Lake_2021-CASRF-000559,20210714,18,pyrologix,5,52-19,2021,0.0,0.017232770915143192,-1,undetected,1,9.489961992702219e-05,4535,0.0033214866974457763,True
GaussianBudget75M_LinearMinTime,Lakeshore_2021-CASHF-000967,20210627,20,pyrologix,7,44-41,2021,0.0,0.005205943016335368,1,drone,1,9.489961992702219e-05,3070,0.004175583276788976,True
GaussianBudget75M_LinearMinTime,Lassic__2021-CASRF-000388,20210611,23,pyrologix,8,52-19,2021,0.0,0.02960375207476318,-1,undetected,1,9.489961992702219e-05,5710,0.0033214866974457763,True
GaussianBudget75M_LinearMinTime,Liberty_2021-CAPNF-000250,20210313,22,pyrologix,3,72-59,2021,0.0,0.008603663998655975,3,drone,1,9.489961992702219e-05,2170,0.0046500813764240876,True
GaussianBudget75M_LinearMinTime,Linton_2021-CASHF-000611,20210515,18,pyrologix,3,44-34,2021,0.0,0.004220329923555255,0,drone,1,9.489961992702219e-05,1505,0.004175583276788976,True
GaussianBudget75M_LinearMinTime,Lion_2021-CAENF-011521,20210429,20,pyrologix,8,93-56,2021,0.0,0.0195217439904809,-1,undetected,1,9.489961992702219e-05,5640,0.0046500813764240876,True
GaussianBudget75M_LinearMinTime,Lizard_2021-CALPF-001965,20210721,23,pyrologix,7,none,2021,0.0,0.0034025280037894845,-1,undetected,1,9.489961992702219e-05,0,0.0,False
GaussianBudget75M_LinearMinTime,Locker__2021-CAPNF-000924,20210625,21,pyrologix,10,79-61,2021,0.0,0.028917809017002583,-1,undetected,1,9.489961992702219e-05,2530,0.004365382516643021,True
GaussianBudget75M_LinearMinTime,Logan_2021-CASHF-000606,20210515,12,pyrologix,12,38-28,2021,0.0,0.007508851937018335,0,drone,1,9.489961992702219e-05,4575,0.0046500813764240876,True
GaussianBudget75M_LinearMinTime,Lone_Rock_2021-CAPNF-001487,20210806,15,pyrologix,6,65-64,2021,0.0,0.005597294075414538,0,drone,1,9.489961992702219e-05,2345,0.004460282136570043,True
GaussianBudget75M_LinearMinTime,Love_2021-CACNF-001437,20210523,17,pyrologix,12,244-98,2021,0.0,0.002735228044912219,0,drone,1,9.489961992702219e-05,4220,0.004555181756497065,True
GaussianBudget75M_LinearMinTime,MADRONE_2021-CALNF-003125,20210613,22,pyrologix,8,58-61,2021,0.0,0.024041114025749266,4,drone,1,9.489961992702219e-05,4500,0.004555181756497065,True
GaussianBudget75M_LinearMinTime,MAPLE_2021-CAMDF-000589,20210623,20,pyrologix,9,36-70,2021,0.0,0.005375827080570161,0,drone,1,9.489961992702219e-05,3375,0.004555181756497065,True
GaussianBudget75M_LinearMinTime,MATTHEWS_2021-CAKNF-003630,20210515,16,pyrologix,6,31-31,2021,0.0,0.008095138939097524,1,drone,1,9.489961992702219e-05,2590,0.004555181756497065,True
GaussianBudget75M_LinearMinTime,MAYVAN_2021-CABDF-011658,20210730,16,pyrologix,12,214-103,2021,0.0,0.017158473026938736,-1,undetected,1,9.489961992702219e-05,1485,0.00389088441700791,True
GaussianBudget75M_LinearMinTime,MCCLOUD_2021-CASKU-005009,20210615,19,pyrologix,3,37-49,2021,0.0,0.004210466984659433,0,drone,1,9.489961992702219e-05,1295,0.0040806836568619545,True
GaussianBudget75M_LinearMinTime,MCFARLAND_2021-CASHF-001175,20210730,1,pyrologix,1,52-26,2021,0.0,0.001966086099855602,0,drone,1,9.489961992702219e-05,490,0.00303678783766471,True
GaussianBudget75M_LinearMinTime,MCGEE_2021-CAINF-001463,20210629,18,pyrologix,1,none,2021,0.0,0.014962653047405183,-1,undetected,1,9.489961992702219e-05,0,0.0,False
GaussianBudget75M_LinearMinTime,MCKINNEY_2021-CATMU-027031,20210910,19,pyrologix,3,93-62,2021,0.0,0.015088801039382815,-1,undetected,1,9.489961992702219e-05,435,0.002941888217737688,True
GaussianBudget75M_LinearMinTime,MEADOW_2021-CAINF-001930,20210729,15,pyrologix,8,none,2021,0.0,0.004276280989870429,-1,undetected,1,9.489961992702219e-05,0,0.0,False
GaussianBudget75M_LinearMinTime,MEADOW_2021-CALNF-003054,20210609,21,pyrologix,3,58-47,2021,0.0,0.017119200085289776,-1,undetected,1,9.489961992702219e-05,850,0.00389088441700791,True
GaussianBudget75M_LinearMinTime,MEADOW_2021-CATMU-025287,20210826,21,pyrologix,12,100-68,2021,0.0,0.029324511997401714,-1,undetected,1,9.489961992702219e-05,4375,0.004555181756497065,True
GaussianBudget75M_LinearMinTime,MEADOW_2021-CATNF-001518,20210806,23,pyrologix,5,79-61,2021,0.0,0.028152159065939486,-1,undetected,1,9.489961992702219e-05,2530,0.004365382516643021,True
GaussianBudget75M_LinearMinTime,MEDIAN_2021-CAINF-000346,20210307,20,pyrologix,11,none,2021,0.0,0.004056453937664628,-1,undetected,1,9.489961992702219e-05,0,0.0,False
GaussianBudget75M_LinearMinTime,MERLE_2021-CAKNF-006606,20210805,11,pyrologix,12,31-31,2021,0.0,0.011295180069282651,1,drone,1,9.489961992702219e-05,4945,0.0046500813764240876,True
GaussianBudget75M_LinearMinTime,MESA_2021-CABDF-007122,20210425,5,pyrologix,3,206-88,2021,0.0,0.006124997977167368,2,drone,1,9.489961992702219e-05,2000,0.00389088441700791,True
GaussianBudget75M_LinearMinTime,MESA_3_2021-CABDF-008767,20210530,11,pyrologix,9,206-88,2021,0.0,0.0030043460428714752,0,drone,1,9.489961992702219e-05,3610,0.004175583276788976,True
GaussianBudget75M_LinearMinTime,MILE__2021-CAANF-003581,20210922,3,pyrologix,1,none,2021,0.0,0.009071400971151888,-1,undetected,1,9.489961992702219e-05,0,0.0,False
GaussianBudget75M_LinearMinTime,MILITARY_2021-CAKNF-003533,20210513,6,pyrologix,9,30-45,2021,0.0,0.008505185949616134,1,drone,1,9.489961992702219e-05,3605,0.004460282136570043,True
GaussianBudget75M_LinearMinTime,MILL_2021-CAAEU-022189,20210731,23,pyrologix,3,100-61,2021,0.0,0.002646113047376275,0,drone,1,9.489961992702219e-05,1270,0.003795984797080888,True
GaussianBudget75M_LinearMinTime,MILL_2021-CABDF-002317,20210206,20,pyrologix,9,216-96,2021,0.0,0.013075248105451465,3,drone,1,9.489961992702219e-05,4510,0.004175583276788976,True
GaussianBudget75M_LinearMinTime,MINARET__2021-CAINF-001798,20210719,15,pyrologix,10,127-76,2021,0.0,0.0056552799651399255,0,drone,1,9.489961992702219e-05,3780,0.004555181756497065,True
GaussianBudget75M_LinearMinTime,MINE_2021-CASQF-003078,20210910,15,pyrologix,9,177-79,2021,0.0,0.029156381031498313,-1,undetected,1,9.489961992702219e-05,5450,0.004555181756497065,True
GaussianBudget75M_LinearMinTime,MINNELUSA__2021-CABDF-011730,20210801,14,pyrologix,2,none,2021,0.0,0.006133240065537393,-1,undetected,1,9.489961992702219e-05,0,0.0,False
GaussianBudget75M_LinearMinTime,MITCHELL__2021-CATNF-000742,20210518,0,pyrologix,2,86-60,2021,0.0,0.0035225750179961324,0,drone,1,9.489961992702219e-05,1015,0.003511285937299821,True
GaussianBudget75M_LinearMinTime,MONUMENT_2021-CASHF-001187,20210731,1,pyrologix,1,38-21,2021,0.0,0.024296747986227274,-1,undetected,1,9.489961992702219e-05,1450,0.004270482896715999,True
GaussianBudget75M_LinearMinTime,MOON_2021-CALNF-004555,20210806,23,pyrologix,8,58-61,2021,0.0,0.003485213965177536,0,drone,1,9.489961992702219e-05,2940,0.004460282136570043,True
GaussianBudget75M_LinearMinTime,MORGAN_2021-CAINF-001142,20210608,16,pyrologix,7,none,2021,0.0,0.00299660989549011,-1,undetected,1,9.489961992702219e-05,0,0.0,False
GaussianBudget75M_LinearMinTime,MOSQUITO_2021-CATNF-002030,20211009,3,pyrologix,3,93-56,2021,0.0,0.005405655945651233,0,drone,1,9.489961992702219e-05,1490,0.0037010851771538656,True
GaussianBudget75M_LinearMinTime,MOSS_2021-CASHF-001323,20210827,17,pyrologix,3,44-41,2021,0.0,0.0015888860216364264,0,drone,1,9.489961992702219e-05,1175,0.004175583276788976,True
GaussianBudget75M_LinearMinTime,MOUNTAIN_2021-CAINF-001691,20210712,11,pyrologix,8,124-80,2021,0.0,0.015936356969177723,-1,undetected,1,9.489961992702219e-05,4985,0.0046500813764240876,True
GaussianBudget75M_LinearMinTime,MOUNTAIN__2021-CASQF-001625,20210618,4,pyrologix,11,163-78,2021,0.0,0.0033319720532745123,0,drone,1,9.489961992702219e-05,4860,0.003795984797080888,True
GaussianBudget75M_LinearMinTime,MUD_2021-CAENF-018046,20210626,16,pyrologix,8,100-61,2021,0.0,0.015941798919811845,-1,undetected,1,9.489961992702219e-05,5015,0.004555181756497065,True
GaussianBudget75M_LinearMinTime,MUD_2021-CASTF-001909,20210731,1,pyrologix,3,107-68,2021,0.0,0.0033349780132994056,0,drone,1,9.489961992702219e-05,1450,0.004555181756497065,True
GaussianBudget75M_LinearMinTime,MULCH_2021-CAANF-003822,20211015,22,pyrologix,4,201-76,2021,0.0,0.002225311007350683,0,drone,1,9.489961992702219e-05,1535,0.003985784036934932,True
GaussianBudget75M_LinearMinTime,MULE_2021-CAENF-019073,20210704,10,pyrologix,12,100-68,2021,0.0,0.030895336996763945,-1,undetected,1,9.489961992702219e-05,4375,0.004555181756497065,True
GaussianBudget75M_LinearMinTime,MURPHY_2021-CAKNF-003632,20210515,16,pyrologix,7,31-31,2021,0.0,0.00479321600869298,1,drone,1,9.489961992702219e-05,2985,0.004555181756497065,True
GaussianBudget75M_LinearMinTime,MUSIC_2021-CAKNF-006377,20210731,22,pyrologix,7,31-31,2021,0.0,0.005223441985435784,0,drone,1,9.489961992702219e-05,2740,0.004555181756497065,True
GaussianBudget75M_LinearMinTime,MUSSER_2021-CASHU-004517,20210509,19,pyrologix,12,45-27,2021,0.0,0.010275661945343018,1,drone,1,9.489961992702219e-05,5160,0.004555181756497065,True
GaussianBudget75M_LinearMinTime,Maddalena_2021-CAPNF-000902,20210623,18,pyrologix,11,72-66,2021,0.0,0.005041892058216035,0,drone,1,9.489961992702219e-05,4270,0.0046500813764240876,True
GaussianBudget75M_LinearMinTime,Marcos_2021-CALPF-000739,20210406,11,pyrologix,5,none,2021,0.0,0.0037738620303571224,-1,undetected,1,9.489961992702219e-05,0,0.0,False
GaussianBudget75M_LinearMinTime,Marie_2021-CASHF-000793,20210605,17,pyrologix,5,52-19,2021,0.0,0.006366070942021906,0,drone,1,9.489961992702219e-05,2435,0.0033214866974457763,True
GaussianBudget75M_LinearMinTime,Mayfair_2021-CASRF-000613,20210724,18,pyrologix,9,38-21,2021,0.0,0.028095234069041908,-1,undetected,1,9.489961992702219e-05,1450,0.004270482896715999,True
GaussianBudget75M_LinearMinTime,Maynard_2021-CASRF-000232,20210422,10,pyrologix,9,45-20,2021,0.0,0.028002244886010885,-1,undetected,1,9.489961992702219e-05,430,0.002467390118102577,True
GaussianBudget75M_LinearMinTime,McCash_2021-CASRF-000651,20210801,0,pyrologix,5,24-25,2021,0.0,0.0032260220032185316,0,drone,1,9.489961992702219e-05,1960,0.004460282136570043,True
GaussianBudget75M_LinearMinTime,McCellan_2021-CAPNF-001054,20210703,20,pyrologix,10,72-66,2021,0.0,0.00624016101937741,0,drone,1,9.489961992702219e-05,3770,0.004555181756497065,True
GaussianBudget75M_LinearMinTime,McCoy_2021-CACNF-001062,20210411,12,pyrologix,9,237-97,2021,0.0,0.017580750049091876,-1,undetected,1,9.489961992702219e-05,2960,0.004460282136570043,True
GaussianBudget75M_LinearMinTime,Meadow_2021-CACNF-000100,20210110,22,pyrologix,2,220-87,2021,0.0,0.0018162080086767673,0,drone,1,9.489961992702219e-05,875,0.0036061855572268433,True
GaussianBudget75M_LinearMinTime,Meadow_2021-CAPNF-000400,20210409,22,pyrologix,7,72-52,2021,0.0,0.015168572892434895,4,drone,1,9.489961992702219e-05,4250,0.0046500813764240876,True
GaussianBudget75M_LinearMinTime,Meadow_2_2021-CACNF-003026,20210924,17,pyrologix,9,none,2021,0.0,0.0036253149155527353,-1,undetected,1,9.489961992702219e-05,0,0.0,False
GaussianBudget75M_LinearMinTime,Mission_2021-CAPNF-000965,20210628,9,pyrologix,11,65-57,2021,0.0,0.004384242929518223,0,drone,1,9.489961992702219e-05,4200,0.0040806836568619545,True
GaussianBudget75M_LinearMinTime,Moccasin_2021-CAANF-003415,20210910,14,pyrologix,5,206-81,2021,0.0,0.004467819002456963,1,drone,1,9.489961992702219e-05,2260,0.0037010851771538656,True
GaussianBudget75M_LinearMinTime,Montgomery_2021-CAPNF-000441,20210416,18,pyrologix,11,65-57,2021,0.0,0.03150389704387635,-1,undetected,1,9.489961992702219e-05,6090,0.0040806836568619545,True
GaussianBudget75M_LinearMinTime,NABLE__2021-CAMDF-001190,20210806,11,pyrologix,11,37-63,2021,0.0,0.004712990019470453,0,drone,1,9.489961992702219e-05,4060,0.004555181756497065,True
GaussianBudget75M_LinearMinTime,NAUFUS_2021-CASHF-001225,20210805,19,pyrologix,11,45-20,2021,0.0,0.026361561031080782,-1,undetected,1,9.489961992702219e-05,430,0.002467390118102577,True
GaussianBudget75M_LinearMinTime,NELSON_2021-CASQF-000721,20210412,20,pyrologix,1,163-78,2021,0.0,0.0035697990097105503,0,drone,1,9.489961992702219e-05,505,0.0028469885978106655,True
GaussianBudget75M_LinearMinTime,NEWTON_2021-CAPNF-000695,20210529,14,pyrologix,11,72-59,2021,0.0,0.004310962976887822,0,drone,1,9.489961992702219e-05,4170,0.0046500813764240876,True
GaussianBudget75M_LinearMinTime,NICK_2021-CASNF-000727,20210630,9,pyrologix,12,141-74,2021,0.0,0.02760204195510596,5,drone,1,9.489961992702219e-05,6200,0.004555181756497065,True
GaussianBudget75M_LinearMinTime,NILES_2021-CAMDF-001134,20210803,17,pyrologix,10,37-63,2021,0.0,0.004911047057248652,0,drone,1,9.489961992702219e-05,3995,0.004555181756497065,True
GaussianBudget75M_LinearMinTime,NOBE_2021-CASQF-003064,20210910,23,pyrologix,9,163-78,2021,0.0,0.005595369962975383,0,drone,1,9.489961992702219e-05,4070,0.003795984797080888,True
GaussianBudget75M_LinearMinTime,NORTH_2021-CAENF-019850,20210710,19,pyrologix,7,100-61,2021,0.0,0.0036308550043031573,0,drone,1,9.489961992702219e-05,2740,0.004460282136570043,True
GaussianBudget75M_LinearMinTime,NORTH_2021-CASTF-001928,20210731,19,pyrologix,8,121-61,2021,0.0,0.029967702110297978,5,drone,1,9.489961992702219e-05,6145,0.003985784036934932,True
GaussianBudget75M_LinearMinTime,Noble_2021-CACNF-002533,20210804,13,pyrologix,9,none,2021,0.0,0.0028673200868070126,-1,undetected,1,9.489961992702219e-05,0,0.0,False
GaussianBudget75M_LinearMinTime,Norse_2021-CASRF-000212,20210418,19,pyrologix,11,45-20,2021,0.0,0.027224707999266684,-1,undetected,1,9.489961992702219e-05,430,0.002467390118102577,True
GaussianBudget75M_LinearMinTime,North_2021-CACNF-000071,20210108,18,pyrologix,12,220-87,2021,0.0,0.004774690023623407,0,drone,1,9.489961992702219e-05,4680,0.003985784036934932,True
GaussianBudget75M_LinearMinTime,North_2021-CASHF-000607,20210515,12,pyrologix,12,38-28,2021,0.0,0.004730597021989524,0,drone,1,9.489961992702219e-05,4575,0.0046500813764240876,True
GaussianBudget75M_LinearMinTime,North_Star_2021-CAPNF-000377,20210405,17,pyrologix,5,79-54,2021,0.0,0.003855366026982665,0,drone,1,9.489961992702219e-05,2290,0.004175583276788976,True
GaussianBudget75M_LinearMinTime,Nye_2021-CAPNF-001371,20210730,14,pyrologix,6,72-59,2021,0.0,0.010409072041511536,3,drone,1,9.489961992702219e-05,3265,0.0046500813764240876,True
GaussianBudget75M_LinearMinTime,OAKS_2021-CASHF-001509,20211019,8,pyrologix,7,44-41,2021,0.0,0.002476111985743046,0,drone,1,9.489961992702219e-05,2650,0.004175583276788976,True
GaussianBudget75M_LinearMinTime,OAK_2021-CABDF-001348,20210118,16,pyrologix,9,206-88,2021,0.0,0.00314760091714561,0,drone,1,9.489961992702219e-05,3610,0.004175583276788976,True
GaussianBudget75M_LinearMinTime,OAK_2021-CASQF-000758,20210418,1,pyrologix,8,177-72,2021,0.0,0.00377372105140239,0,drone,1,9.489961992702219e-05,2925,0.004460282136570043,True
GaussianBudget75M_LinearMinTime,OAK__2021-CAANF-001412,20210506,21,pyrologix,2,195-71,2021,0.0,0.0016682749846950173,0,drone,1,9.489961992702219e-05,800,0.003795984797080888,True
GaussianBudget75M_LinearMinTime,OBSIDIAN__2021-CAINF-001432,20210628,18,pyrologix,9,127-76,2021,0.0,0.004018413019366562,0,drone,1,9.489961992702219e-05,3225,0.004555181756497065,True
GaussianBudget75M_LinearMinTime,OLD_MILL_2021-CABDF-010709,20210709,18,pyrologix,12,209-96,2021,0.0,0.010296581080183387,0,drone,1,9.489961992702219e-05,4630,0.004270482896715999,True
GaussianBudget75M_LinearMinTime,ONION_2021-CAENF-023526,20210810,19,pyrologix,3,93-56,2021,0.0,0.002604810055345297,0,drone,1,9.489961992702219e-05,1265,0.0036061855572268433,True
GaussianBudget75M_LinearMinTime,ONION_2021-CAINF-000521,20210408,21,pyrologix,7,none,2021,0.0,0.002947862958535552,-1,undetected,1,9.489961992702219e-05,0,0.0,False
GaussianBudget75M_LinearMinTime,ONION__2021-CASNF-001241,20210813,14,pyrologix,1,134-74,2021,0.0,0.006448957021348178,1,drone,1,9.489961992702219e-05,1135,0.004460282136570043,True
GaussianBudget75M_LinearMinTime,ORR_2021-CAKNF-003594,20210514,21,pyrologix,6,30-52,2021,0.0,0.003892206004820764,0,drone,1,9.489961992702219e-05,2315,0.0046500813764240876,True
GaussianBudget75M_LinearMinTime,OSITO__2021-CAANF-002108,20210619,22,pyrologix,3,195-71,2021,0.0,0.002003172063268721,0,drone,1,9.489961992702219e-05,1175,0.004175583276788976,True
GaussianBudget75M_LinearMinTime,Oak_2021-CASRF-000414,20210619,3,pyrologix,6,24-25,2021,0.0,0.008226856007240713,2,drone,1,9.489961992702219e-05,2985,0.0046500813764240876,True
GaussianBudget75M_LinearMinTime,Oaks_2021-CACNF-001438,20210523,20,pyrologix,7,none,2021,0.0,0.0035259219584986567,-1,undetected,1,9.489961992702219e-05,0,0.0,False
GaussianBudget75M_LinearMinTime,Observatory_2021-CACNF-002912,20210910,21,pyrologix,8,230-100,2021,0.0,0.004330217023380101,0,drone,1,9.489961992702219e-05,3050,0.004175583276788976,True
GaussianBudget75M_LinearMinTime,Old_2021-CATNF-001554,20210809,19,pyrologix,4,86-60,2021,0.0,0.029193480033427477,-1,undetected,1,9.489961992702219e-05,4010,0.0040806836568619545,True
GaussianBudget75M_LinearMinTime,Ortega_2021-CACNF-001160,20210420,19,pyrologix,3,220-87,2021,0.0,0.010339201893657446,1,drone,1,9.489961992702219e-05,1885,0.003985784036934932,True
GaussianBudget75M_LinearMinTime,Owl_2021-CASRF-000784,20210828,0,pyrologix,12,31-24,2021,0.0,0.007146493997424841,0,drone,1,9.489961992702219e-05,5080,0.004555181756497065,True
GaussianBudget75M_LinearMinTime,Ozena_2021-CALPF-002505,20210909,13,pyrologix,1,none,2021,0.0,0.0037047460209578276,-1,undetected,1,9.489961992702219e-05,0,0.0,False
GaussianBudget75M_LinearMinTime,PACKERS_2021-CAKNF-006473,20210801,21,pyrologix,4,38-28,2021,0.0,0.020342758973129094,4,drone,1,9.489961992702219e-05,3120,0.004555181756497065,True
GaussianBudget75M_LinearMinTime,PANORAMA_2021-CABDF-014946,20211015,1,pyrologix,8,209-96,2021,0.0,0.0032886790577322245,0,drone,1,9.489961992702219e-05,3110,0.004270482896715999,True
GaussianBudget75M_LinearMinTime,PAN_2021-CALNF-003077,20210610,17,pyrologix,10,51-54,2021,0.0,0.024521250976249576,5,drone,1,9.489961992702219e-05,5450,0.0046500813764240876,True
GaussianBudget75M_LinearMinTime,PARADISE__2021-CATNF-001270,20210705,20,pyrologix,2,86-60,2021,0.0,0.003482799045741558,0,drone,1,9.489961992702219e-05,1115,0.003511285937299821,True
GaussianBudget75M_LinearMinTime,PARADISE___2021-CASTF-001743,20210720,16,pyrologix,2,107-68,2021,0.0,0.0016377680003643036,0,drone,1,9.489961992702219e-05,810,0.004270482896715999,True
GaussianBudget75M_LinearMinTime,PASS_2021-CAINF-001475,20210630,12,pyrologix,9,127-76,2021,0.0,0.004879720974713564,0,drone,1,9.489961992702219e-05,3285,0.004555181756497065,True
GaussianBudget75M_LinearMinTime,PASS_2021-CASTF-001445,20210704,15,pyrologix,12,107-68,2021,0.0,0.0032660099677741528,0,drone,1,9.489961992702219e-05,4325,0.0046500813764240876,True
GaussianBudget75M_LinearMinTime,PASS_HLRD_2021-CASQF-002362,20210719,18,pyrologix,8,147-79,2021,4812.049678535084,0.002741886069998145,0,drone,1,9.489961992702219e-05,3240,0.004365382516643021,True
GaussianBudget75M_LinearMinTime,PEACOCK_2021-CAANF-001208,20210419,18,pyrologix,12,206-88,2021,0.0,0.009039882104843855,2,drone,1,9.489961992702219e-05,5690,0.004175583276788976,True
GaussianBudget75M_LinearMinTime,PEAK_2021-CAANF-002287,20210629,15,pyrologix,7,195-71,2021,0.0,0.0025196420028805733,0,drone,1,9.489961992702219e-05,2640,0.004365382516643021,True
GaussianBudget75M_LinearMinTime,PEAK_2021-CABDF-010128,20210628,17,pyrologix,1,209-96,2021,0.0,0.002811123034916818,0,drone,1,9.489961992702219e-05,600,0.0033214866974457763,True
GaussianBudget75M_LinearMinTime,PENDOLA_2021-CATNF-000411,20210324,11,pyrologix,12,79-54,2021,0.0,0.004693681956268847,0,drone,1,9.489961992702219e-05,5075,0.0046500813764240876,True
GaussianBudget75M_LinearMinTime,PEPPERMINT_2021-CASQF-003067,20210910,4,pyrologix,5,163-78,2021,0.0,0.004316473961807787,0,drone,1,9.489961992702219e-05,2305,0.003795984797080888,True
GaussianBudget75M_LinearMinTime,PHILBROOK_2021-CALNF-003328,20210621,16,pyrologix,4,65-50,2021,0.0,0.0026409029960632324,0,drone,1,9.489961992702219e-05,1775,0.004365382516643021,True
GaussianBudget75M_LinearMinTime,PICNIC_2021-CAANF-004289,20211204,11,pyrologix,9,206-81,2021,0.0,0.0059549210127443075,0,drone,1,9.489961992702219e-05,3520,0.0037010851771538656,True
GaussianBudget75M_LinearMinTime,PIGEON_2021-CABDF-014022,20210924,19,pyrologix,1,none,2021,0.0,0.003771141986362636,-1,undetected,1,9.489961992702219e-05,0,0.0,False
GaussianBudget75M_LinearMinTime,PIGEON_2021-CASHF-000932,20210623,23,pyrologix,1,45-27,2021,0.0,0.008574359933845699,2,drone,1,9.489961992702219e-05,1510,0.00389088441700791,True
GaussianBudget75M_LinearMinTime,PIGEON__2021-CAANF-003180,20210827,22,pyrologix,5,206-81,2021,0.0,0.007229084963910282,0,drone,1,9.489961992702219e-05,2065,0.0037010851771538656,True
GaussianBudget75M_LinearMinTime,PINE_2021-CAANF-001466,20210512,17,pyrologix,8,206-88,2021,0.0,0.01151233201380819,0,drone,1,9.489961992702219e-05,3425,0.004175583276788976,True
GaussianBudget75M_LinearMinTime,PINE_2021-CAINF-001607,20210707,17,pyrologix,10,none,2021,0.0,0.00370377697981894,-1,undetected,1,9.489961992702219e-05,0,0.0,False
GaussianBudget75M_LinearMinTime,PINE_2021-CALNF-004553,20210806,1,pyrologix,3,58-54,2021,0.0,0.0276333229849115,-1,undetected,1,9.489961992702219e-05,3440,0.004365382516643021,True
GaussianBudget75M_LinearMinTime,PINE_2021-CALPF-002462,20210904,13,pyrologix,9,189-64,2021,0.0,0.019791849073953927,3,drone,1,9.489961992702219e-05,4575,0.0046500813764240876,True
GaussianBudget75M_LinearMinTime,PINE_2021-CATNF-001262,20210705,3,pyrologix,4,86-53,2021,0.0,0.0037096840096637607,0,drone,1,9.489961992702219e-05,1655,0.004270482896715999,True
GaussianBudget75M_LinearMinTime,PIONEER_2021-CASTF-000554,20210415,16,pyrologix,4,114-64,2021,0.0,0.007003033068031073,2,drone,1,9.489961992702219e-05,2445,0.004365382516643021,True
GaussianBudget75M_LinearMinTime,PIPI_2021-CAENF-015623,20210605,12,pyrologix,11,100-61,2021,0.0,0.005089881015010178,0,drone,1,9.489961992702219e-05,4230,0.004460282136570043,True
GaussianBudget75M_LinearMinTime,PIT_2021-CAMDF-000255,20210415,17,pyrologix,8,37-63,2021,0.0,0.004005371010862291,0,drone,1,9.489961992702219e-05,2930,0.004555181756497065,True
GaussianBudget75M_LinearMinTime,PLACERITA__2021-CAANF-002048,20210616,16,pyrologix,3,201-76,2021,0.0,0.003675039974041283,0,drone,1,9.489961992702219e-05,1415,0.00389088441700791,True
GaussianBudget75M_LinearMinTime,PLIOCENE_2021-CATNF-000516,20210406,19,pyrologix,5,79-54,2021,0.0,0.003150971024297178,0,drone,1,9.489961992702219e-05,2350,0.004175583276788976,True
GaussianBudget75M_LinearMinTime,PLUM_2021-CASHF-001218,20210804,4,pyrologix,10,52-26,2021,0.0,0.00984001497272402,1,drone,1,9.489961992702219e-05,4150,0.0046500813764240876,True
GaussianBudget75M_LinearMinTime,POINTS_2021-CAANF-003416,20210910,11,pyrologix,12,206-81,2021,0.0,0.0035886940313503146,0,drone,1,9.489961992702219e-05,4515,0.003795984797080888,True
GaussianBudget75M_LinearMinTime,PONDEROSA_2021-CAMMU-015418,20210720,17,pyrologix,3,121-61,2021,0.0,0.0016163570107892156,0,drone,1,9.489961992702219e-05,1395,0.003795984797080888,True
GaussianBudget75M_LinearMinTime,PONDEROSA_2021-CASQF-000955,20210508,19,pyrologix,4,177-79,2021,0.0,0.02537152892909944,4,drone,1,9.489961992702219e-05,3310,0.004555181756497065,True
GaussianBudget75M_LinearMinTime,PONY_2021-CABDF-010399,20210703,22,pyrologix,1,223-101,2021,0.0,0.025919583975337446,3,drone,1,9.489961992702219e-05,1785,0.004365382516643021,True
GaussianBudget75M_LinearMinTime,POPCORN_2021-CASHF-001325,20210827,18,pyrologix,12,37-42,2021,0.0,0.0031736399978399277,0,drone,1,9.489961992702219e-05,4315,0.0046500813764240876,True
GaussianBudget75M_LinearMinTime,POPE_2021-CATMU-015108,20210601,13,pyrologix,9,none,2021,0.0,0.003944196039810777,-1,undetected,1,9.489961992702219e-05,0,0.0,False
GaussianBudget75M_LinearMinTime,PORTAL_2021-CAINF-001066,20210603,22,pyrologix,6,124-80,2021,0.0,0.010166003019548953,1,drone,1,9.489961992702219e-05,2680,0.0046500813764240876,True
GaussianBudget75M_LinearMinTime,PORTAL_2021-CASNF-000806,20210704,14,pyrologix,8,134-74,2021,0.0,0.0039059330010786653,0,drone,1,9.489961992702219e-05,3050,0.0046500813764240876,True
GaussianBudget75M_LinearMinTime,POSEY_2021-CAANF-002846,20210731,18,pyrologix,7,195-71,2021,0.0,0.0054267129162326455,1,drone,1,9.489961992702219e-05,2945,0.004365382516643021,True
GaussianBudget75M_LinearMinTime,POST_2021-CASHF-000513,20210428,20,pyrologix,4,52-26,2021,0.0,0.004445660044439137,0,drone,1,9.489961992702219e-05,1860,0.004555181756497065,True
GaussianBudget75M_LinearMinTime,POTTERS_2021-CAMDF-000384,20210517,22,pyrologix,4,30-60,2021,0.0,0.008921538013964891,2,drone,1,9.489961992702219e-05,2350,0.004460282136570043,True
GaussianBudget75M_LinearMinTime,POTTER_2021-CASNF-000401,20210527,16,pyrologix,6,134-74,2021,0.0,0.006246957927942276,0,drone,1,9.489961992702219e-05,2515,0.0046500813764240876,True
GaussianBudget75M_LinearMinTime,POWERLINE_2021-CABDF-009313,20210610,17,pyrologix,1,none,2021,0.0,0.0035638819681480527,-1,undetected,1,9.489961992702219e-05,0,0.0,False
GaussianBudget75M_LinearMinTime,POWER_2021-CASQF-003044,20210908,17,pyrologix,4,163-78,2021,0.0,0.0029145509470254183,0,drone,1,9.489961992702219e-05,1790,0.003795984797080888,True
GaussianBudget75M_LinearMinTime,PREACHER_2021-CAKNF-006498,20210802,17,pyrologix,1,38-28,2021,0.0,0.0028139930218458176,0,drone,1,9.489961992702219e-05,480,0.0031316874575917325,True
GaussianBudget75M_LinearMinTime,PRICE_2021-CAENF-027137,20210911,14,pyrologix,7,93-62,2021,0.0,0.015270320000126958,-1,undetected,1,9.489961992702219e-05,435,0.002941888217737688,True
GaussianBudget75M_LinearMinTime,PYRAMID_2021-CAANF-003988,20211101,19,pyrologix,10,195-71,2021,0.0,0.0025442030746489763,0,drone,1,9.489961992702219e-05,3645,0.004365382516643021,True
GaussianBudget75M_LinearMinTime,Palomar_2021-CACNF-003021,20210924,14,pyrologix,12,230-100,2021,0.0,0.005402629962190986,0,drone,1,9.489961992702219e-05,4455,0.004270482896715999,True
GaussianBudget75M_LinearMinTime,Panel_2021-CALPF-003205,20211218,14,pyrologix,7,none,2021,0.0,0.003763995016925037,-1,undetected,1,9.489961992702219e-05,0,0.0,False
GaussianBudget75M_LinearMinTime,Patrick_2021-CASRF-000865,20210914,12,pyrologix,5,15-20,2021,0.0,0.003793529001995921,0,drone,1,9.489961992702219e-05,2240,0.0040806836568619545,True
GaussianBudget75M_LinearMinTime,Peak_2021-CALPF-002468,20210905,22,pyrologix,4,none,2021,0.0,0.0038727750070393085,-1,undetected,1,9.489961992702219e-05,0,0.0,False
GaussianBudget75M_LinearMinTime,Pelletreau_2021-CASHF-000621,20210516,0,pyrologix,4,45-20,2021,0.0,0.01591546495910734,-1,undetected,1,9.489961992702219e-05,430,0.002467390118102577,True
GaussianBudget75M_LinearMinTime,Penman_2021-CAPNF-001365,20210730,0,pyrologix,7,72-59,2021,0.0,0.0032708070939406753,0,drone,1,9.489961992702219e-05,2645,0.0046500813764240876,True
GaussianBudget75M_LinearMinTime,Penney_2021-CASHF-000836,20210610,14,pyrologix,7,52-26,2021,0.0,0.004498369991779327,0,drone,1,9.489961992702219e-05,2725,0.0046500813764240876,True
GaussianBudget75M_LinearMinTime,Pilgrim_2021-CASHF-000660,20210521,18,pyrologix,11,37-49,2021,0.0,0.003976439009420574,0,drone,1,9.489961992702219e-05,4035,0.0046500813764240876,True
GaussianBudget75M_LinearMinTime,Pine_2021-CACNF-002256,20210717,2,pyrologix,6,none,2021,0.0,0.003677417989820242,-1,undetected,1,9.489961992702219e-05,0,0.0,False
GaussianBudget75M_LinearMinTime,Plummer_2021-CASHF-000665,20210522,16,pyrologix,6,52-26,2021,0.0,0.004299105959944427,0,drone,1,9.489961992702219e-05,2355,0.004555181756497065,True
GaussianBudget75M_LinearMinTime,Pond_2021-CASHF-001598,20211130,21,pyrologix,4,37-42,2021,0.0,0.0033107110066339374,0,drone,1,9.489961992702219e-05,1545,0.004555181756497065,True
GaussianBudget75M_LinearMinTime,Porter_2021-CAPNF-000626,20210516,18,pyrologix,10,70-71,2021,0.0,0.00333034701179713,0,drone,1,9.489961992702219e-05,3620,0.003985784036934932,True
GaussianBudget75M_LinearMinTime,Portola__2021-CAPNF-000856,20210618,20,pyrologix,5,72-66,2021,0.0,0.009302227990701795,0,drone,1,9.489961992702219e-05,2030,0.004270482896715999,True
GaussianBudget75M_LinearMinTime,Posta_2021-CACNF-003171,20211015,22,pyrologix,3,none,2021,0.0,0.003589558065868914,-1,undetected,1,9.489961992702219e-05,0,0.0,False
GaussianBudget75M_LinearMinTime,Purdy_2021-CAPNF-000050,20210121,19,pyrologix,10,72-59,2021,0.0,0.004654066055081785,0,drone,1,9.489961992702219e-05,3890,0.0046500813764240876,True
GaussianBudget75M_LinearMinTime,QUAIL_2021-CAANF-003149,20210823,9,pyrologix,8,195-71,2021,0.0,0.00585204001981765,0,drone,1,9.489961992702219e-05,3090,0.004365382516643021,True
GaussianBudget75M_LinearMinTime,QUAIL_2021-CALPF-003060,20211122,19,pyrologix,2,169-38,2021,5047.228263558936,0.003071158076636493,0,drone,1,9.489961992702219e-05,835,0.004270482896715999,True
GaussianBudget75M_LinearMinTime,RADFORD_2021-CABDF-014855,20211012,15,pyrologix,5,209-96,2021,0.0,0.002668561995960772,0,drone,1,9.489961992702219e-05,1885,0.004270482896715999,True
GaussianBudget75M_LinearMinTime,RAILROAD_2021-CABDF-012858,20210829,19,pyrologix,2,206-88,2021,0.0,0.002278167987242341,0,drone,1,9.489961992702219e-05,975,0.0034163863173727986,True
GaussianBudget75M_LinearMinTime,RAINBOW__2021-CAINF-002574,20210920,18,pyrologix,9,127-76,2021,0.0,0.0026865240652114153,0,drone,1,9.489961992702219e-05,3225,0.004555181756497065,True
GaussianBudget75M_LinearMinTime,RAMP_2021-CATNF-000944,20210609,22,pyrologix,6,86-60,2021,0.0,0.006120129022747278,0,drone,1,9.489961992702219e-05,2695,0.003985784036934932,True
GaussianBudget75M_LinearMinTime,RAMSEY_2021-CAENF-020301,20210714,7,pyrologix,2,93-56,2021,0.0,0.003306785016320646,0,drone,1,9.489961992702219e-05,970,0.003511285937299821,True
GaussianBudget75M_LinearMinTime,RANCHARIA_2021-CAINF-001439,20210628,22,pyrologix,3,115-77,2021,0.0,0.011420939001254737,3,drone,1,9.489961992702219e-05,2135,0.004270482896715999,True
GaussianBudget75M_LinearMinTime,RANCH_2021-CAANF-002218,20210626,15,pyrologix,6,195-71,2021,0.0,0.0034977819304913282,0,drone,1,9.489961992702219e-05,2205,0.004365382516643021,True
GaussianBudget75M_LinearMinTime,RANCH_2021-CASHF-001014,20210705,14,pyrologix,3,38-21,2021,0.0,0.003541691112332046,0,drone,1,9.489961992702219e-05,1420,0.004270482896715999,True
GaussianBudget75M_LinearMinTime,RANCH_2021-CASQF-002268,20210715,18,pyrologix,9,163-78,2021,0.0,0.0040795860113576055,0,drone,1,9.489961992702219e-05,4130,0.003795984797080888,True
GaussianBudget75M_LinearMinTime,RANGE_2021-CAANF-001989,20210613,10,pyrologix,12,201-76,2021,0.0,0.005168415955267847,0,drone,1,9.489961992702219e-05,4315,0.004460282136570043,True
GaussianBudget75M_LinearMinTime,RAPTOR_2021-CABDF-012984,20210901,17,pyrologix,6,223-101,2021,0.0,0.002185085089877248,0,drone,1,9.489961992702219e-05,2275,0.004460282136570043,True
GaussianBudget75M_LinearMinTime,RAYS_2021-CAENF-013393,20210517,19,pyrologix,5,93-62,2021,0.0,0.018826282932423055,-1,undetected,1,9.489961992702219e-05,435,0.002941888217737688,True
GaussianBudget75M_LinearMinTime,REBEL__2021-CABDF-011588,20210728,18,pyrologix,3,223-101,2021,0.0,0.0029505660058930516,0,drone,1,9.489961992702219e-05,1410,0.0040806836568619545,True
GaussianBudget75M_LinearMinTime,REDHILL_2021-CATNF-000474,20210401,23,pyrologix,9,86-53,2021,0.0,0.003820532001554966,0,drone,1,9.489961992702219e-05,3590,0.0046500813764240876,True
GaussianBudget75M_LinearMinTime,RED_2021-CAINF-001804,20210720,1,pyrologix,4,none,2021,0.0,0.0038242980372160673,-1,undetected,1,9.489961992702219e-05,0,0.0,False
GaussianBudget75M_LinearMinTime,RED_2021-CASTF-001281,20210625,21,pyrologix,1,107-68,2021,0.0,0.004832677077502012,0,drone,1,9.489961992702219e-05,595,0.0037010851771538656,True
GaussianBudget75M_LinearMinTime,RED_2021-CATNF-001084,20210624,16,pyrologix,9,86-53,2021,0.0,0.019548231968656182,3,drone,1,9.489961992702219e-05,4755,0.0046500813764240876,True
GaussianBudget75M_LinearMinTime,REFUGE_2021-CAMDF-000609,20210624,17,pyrologix,11,36-70,2021,0.0,0.017750688013620675,-1,undetected,1,9.489961992702219e-05,6075,0.004555181756497065,True
GaussianBudget75M_LinearMinTime,REMINGTON_2021-CASQF-001028,20210515,23,pyrologix,2,177-79,2021,0.0,0.0052476400742307305,0,drone,1,9.489961992702219e-05,990,0.003795984797080888,True
GaussianBudget75M_LinearMinTime,RESORT_2_2021-CALNF-003218,20210617,1,pyrologix,4,51-54,2021,0.0,0.002550459001213312,0,drone,1,9.489961992702219e-05,1505,0.004555181756497065,True
GaussianBudget75M_LinearMinTime,RICE_2021-CAMDF-001543,20210816,9,pyrologix,12,44-62,2021,0.0,0.007603939971886575,0,drone,1,9.489961992702219e-05,4830,0.0046500813764240876,True
GaussianBudget75M_LinearMinTime,RICOCHET_2021-CABDF-011909,20210804,21,pyrologix,4,223-101,2021,0.0,0.0022678340319544077,0,drone,1,9.489961992702219e-05,1590,0.004365382516643021,True
GaussianBudget75M_LinearMinTime,RIDGE_2021-CAANF-001918,20210609,11,pyrologix,12,195-71,2021,0.0,0.003930381964892149,0,drone,1,9.489961992702219e-05,4585,0.004555181756497065,True
GaussianBudget75M_LinearMinTime,RIDGE_2021-CASTF-001870,20210730,0,pyrologix,1,114-64,2021,0.0,0.004592347890138626,1,drone,1,9.489961992702219e-05,1005,0.00389088441700791,True
GaussianBudget75M_LinearMinTime,RIDLEY_2021-CABDF-016992,20211115,20,pyrologix,2,206-88,2021,0.0,0.0034031320828944445,0,drone,1,9.489961992702219e-05,925,0.0034163863173727986,True
GaussianBudget75M_LinearMinTime,RIMROCK_2021-CAMDF-001187,20210805,22,pyrologix,4,30-60,2021,0.0,0.0031805490143597126,0,drone,1,9.489961992702219e-05,1745,0.004175583276788976,True
GaussianBudget75M_LinearMinTime,RIM_2021-CALNF-003307,20210620,23,pyrologix,1,51-54,2021,0.0,0.0026741710025817156,0,drone,1,9.489961992702219e-05,575,0.003511285937299821,True
GaussianBudget75M_LinearMinTime,RIVER_2021-CASQF-001125,20210526,4,pyrologix,9,177-79,2021,0.0,0.017224204959347844,3,drone,1,9.489961992702219e-05,4360,0.004555181756497065,True
GaussianBudget75M_LinearMinTime,ROADSIDE_2021-CABDF-012814,20210828,17,pyrologix,3,206-88,2021,0.0,0.002981419092975557,0,drone,1,9.489961992702219e-05,1265,0.0036061855572268433,True
GaussianBudget75M_LinearMinTime,ROAD_2021-CASHF-001214,20210803,10,pyrologix,11,52-26,2021,0.0,0.004907516995444894,0,drone,1,9.489961992702219e-05,4150,0.0046500813764240876,True
GaussianBudget75M_LinearMinTime,ROBINSON__2021-CAINF-000607,20210418,11,pyrologix,10,none,2021,0.0,0.0033920370042324066,-1,undetected,1,9.489961992702219e-05,0,0.0,False
GaussianBudget75M_LinearMinTime,ROCKHOUSE_2021-CASQF-003073,20210910,16,pyrologix,3,169-84,2021,0.0,0.0023026280105113983,0,drone,1,9.489961992702219e-05,1190,0.004175583276788976,True
GaussianBudget75M_LinearMinTime,ROCK_HLRD_2021-CASQF-002359,20210719,16,pyrologix,7,147-79,2021,0.0,0.0042454099748283625,0,drone,1,9.489961992702219e-05,3055,0.004365382516643021,True
GaussianBudget75M_LinearMinTime,ROGUE_2021-CABDF-011274,20210721,18,pyrologix,3,223-101,2021,0.0,0.0032800380140542984,0,drone,1,9.489961992702219e-05,1460,0.004365382516643021,True
GaussianBudget75M_LinearMinTime,ROSS_2021-CASNF-001315,20210820,12,pyrologix,9,141-74,2021,0.0,0.008744740975089371,1,drone,1,9.489961992702219e-05,3720,0.004555181756497065,True
GaussianBudget75M_LinearMinTime,ROUGH_2021-CAANF-002949,20210808,20,pyrologix,9,none,2021,0.0,0.0039055730449035764,-1,undetected,1,9.489961992702219e-05,0,0.0,False
GaussianBudget75M_LinearMinTime,ROUND_2021-CAMDF-000607,20210624,17,pyrologix,3,37-56,2021,0.0,0.0025574000319465995,0,drone,1,9.489961992702219e-05,1180,0.0040806836568619545,True
GaussianBudget75M_LinearMinTime,ROUTE_2021-CAANF-003438,20210911,17,pyrologix,12,195-71,2021,0.0,0.003826435888186097,0,drone,1,9.489961992702219e-05,4330,0.004555181756497065,True
GaussianBudget75M_LinearMinTime,ROWHER_2021-CAANF-001058,20210405,22,pyrologix,4,201-76,2021,0.0,0.0021663870429620147,0,drone,1,9.489961992702219e-05,1535,0.003985784036934932,True
GaussianBudget75M_LinearMinTime,ROYAL_2021-CATNF-001107,20210626,17,pyrologix,4,86-60,2021,0.0,0.010729464003816247,1,drone,1,9.489961992702219e-05,2185,0.003985784036934932,True
GaussianBudget75M_LinearMinTime,RUBICON_2021-CATMU-019083,20210704,12,pyrologix,12,93-62,2021,0.0,0.01612143509555608,-1,undetected,1,9.489961992702219e-05,435,0.002941888217737688,True
GaussianBudget75M_LinearMinTime,RUBY__2021-CASTF-002137,20210814,22,pyrologix,9,114-57,2021,0.0,0.005464713089168072,0,drone,1,9.489961992702219e-05,3445,0.004555181756497065,True
GaussianBudget75M_LinearMinTime,RUFFEY_2021-CAKNF-006367,20210730,18,pyrologix,11,31-31,2021,0.0,0.007184447953477502,2,drone,1,9.489961992702219e-05,4645,0.0046500813764240876,True
GaussianBudget75M_LinearMinTime,RUSH_2021-CASHF-001172,20210730,21,pyrologix,7,37-35,2021,0.0,0.002900351071730256,0,drone,1,9.489961992702219e-05,2540,0.004555181756497065,True
GaussianBudget75M_LinearMinTime,RUSH_CREEK_DR___HWY_3_2021-CASHU-006097,20210618,17,pyrologix,1,44-34,2021,0.0,0.004956385935656726,1,drone,1,9.489961992702219e-05,995,0.003985784036934932,True
GaussianBudget75M_LinearMinTime,RUSSIAN_2021-CAKNF-005038,20210625,15,pyrologix,2,31-31,2021,0.0,0.0013717419933527708,0,drone,1,9.489961992702219e-05,790,0.0040806836568619545,True
GaussianBudget75M_LinearMinTime,Rancho_2021-CACNF-001351,20210515,19,pyrologix,2,230-100,2021,0.0,0.0034890169044956565,0,drone,1,9.489961992702219e-05,895,0.003985784036934932,True
GaussianBudget75M_LinearMinTime,Range_2021-CACNF-000230,20210122,15,pyrologix,4,220-87,2021,0.0,0.002499665948562324,0,drone,1,9.489961992702219e-05,1565,0.00389088441700791,True
GaussianBudget75M_LinearMinTime,Red_2021-CAPNF-001226,20210718,21,pyrologix,4,72-59,2021,0.0,0.0030346689745783806,0,drone,1,9.489961992702219e-05,1555,0.004175583276788976,True
GaussianBudget75M_LinearMinTime,Red_2021-CASHF-001004,20210704,16,pyrologix,9,30-45,2021,0.0,0.030261503998190165,5,drone,1,9.489961992702219e-05,5240,0.004555181756497065,True
GaussianBudget75M_LinearMinTime,Reservation_2021-CAPNF-001208,20210718,4,pyrologix,8,65-57,2021,0.0,0.0050816129660233855,0,drone,1,9.489961992702219e-05,2970,0.0040806836568619545,True
GaussianBudget75M_LinearMinTime,Ridge_2021-CALPF-000819,20210414,19,pyrologix,2,none,2021,0.0,0.002641457016579807,-1,undetected,1,9.489961992702219e-05,0,0.0,False
GaussianBudget75M_LinearMinTime,Ridgerun_2021-CAPNF-000449,20210417,20,pyrologix,4,72-59,2021,0.0,0.0017954870127141476,0,drone,1,9.489961992702219e-05,1445,0.004175583276788976,True
GaussianBudget75M_LinearMinTime,Rig_2021-CACNF-001965,20210629,22,pyrologix,3,244-98,2021,0.0,0.009262876003049314,3,drone,1,9.489961992702219e-05,2235,0.004365382516643021,True
GaussianBudget75M_LinearMinTime,Road_2021-CACNF-002130,20210710,16,pyrologix,4,244-98,2021,0.0,0.006515568005852401,2,drone,1,9.489961992702219e-05,2235,0.004365382516643021,True
GaussianBudget75M_LinearMinTime,Rock_2021-CAPNF-001173,20210713,17,pyrologix,12,79-54,2021,0.0,0.00948803301434964,1,drone,1,9.489961992702219e-05,5420,0.0046500813764240876,True
GaussianBudget75M_LinearMinTime,Rocky_2021-CACNF-001400,20210521,21,pyrologix,8,none,2021,0.0,0.0036641389597207308,-1,undetected,1,9.489961992702219e-05,0,0.0,False
GaussianBudget75M_LinearMinTime,Rocky_2021-CAPNF-000497,20210422,11,pyrologix,12,72-66,2021,0.0,0.0038228019839152694,0,drone,1,9.489961992702219e-05,4455,0.0046500813764240876,True
GaussianBudget75M_LinearMinTime,Rowdy_2021-CASRF-000650,20210731,18,pyrologix,10,15-20,2021,0.0,0.0035594459623098373,0,drone,1,9.489961992702219e-05,4265,0.0040806836568619545,True
GaussianBudget75M_LinearMinTime,Rubicon_2021-CAENF-028647,20210925,22,pyrologix,4,93-56,2021,0.0,0.01060296397190541,1,drone,1,9.489961992702219e-05,2420,0.004270482896715999,True
GaussianBudget75M_LinearMinTime,SADDLE_KRRD_2021-CASQF-002349,20210719,11,pyrologix,1,177-79,2021,0.0,0.002600253908894956,0,drone,1,9.489961992702219e-05,495,0.0023724904981755547,True
GaussianBudget75M_LinearMinTime,SALT_2021-CASHF-000982,20210630,18,pyrologix,5,44-41,2021,0.0,0.01360026397742331,3,drone,1,9.489961992702219e-05,3070,0.004175583276788976,True
GaussianBudget75M_LinearMinTime,SALT__2021-CASTF-000787,20210520,13,pyrologix,10,107-61,2021,0.0,0.012630471028387547,4,drone,1,9.489961992702219e-05,4970,0.0046500813764240876,True
GaussianBudget75M_LinearMinTime,SAMPLE_2021-CASNF-000465,20210531,21,pyrologix,5,134-74,2021,0.0,0.004194000968709588,0,drone,1,9.489961992702219e-05,2005,0.0046500813764240876,True
GaussianBudget75M_LinearMinTime,SAM_2021-CASNF-000739,20210701,17,pyrologix,8,134-74,2021,0.0,0.006676926044747233,0,drone,1,9.489961992702219e-05,3260,0.0046500813764240876,True
GaussianBudget75M_LinearMinTime,SANDY_2021-CASHF-000587,20210514,20,pyrologix,8,38-21,2021,0.0,0.02656127605587244,-1,undetected,1,9.489961992702219e-05,1450,0.004270482896715999,True
GaussianBudget75M_LinearMinTime,SAND_2021-CASHF-000864,20210615,21,pyrologix,3,30-45,2021,0.0,0.025564627023413777,5,drone,1,9.489961992702219e-05,3005,0.004460282136570043,True
GaussianBudget75M_LinearMinTime,SANTA_2021-CAANF-004490,20211230,20,pyrologix,7,201-76,2021,0.0,0.006252477061934769,1,drone,1,9.489961992702219e-05,3190,0.004270482896715999,True
GaussianBudget75M_LinearMinTime,SANTA_2021-CABDF-001770,20210126,16,pyrologix,5,206-88,2021,0.0,0.0016958999913185835,0,drone,1,9.489961992702219e-05,2000,0.00389088441700791,True
GaussianBudget75M_LinearMinTime,SAPP_2021-CASTF-001710,20210718,12,pyrologix,10,107-61,2021,0.0,0.02860941702965647,-1,undetected,1,9.489961992702219e-05,5590,0.0046500813764240876,True
GaussianBudget75M_LinearMinTime,SATTLEY_2021-CATNF-000630,20210421,13,pyrologix,10,79-61,2021,0.0,0.029887162032537162,-1,undetected,1,9.489961992702219e-05,2530,0.004365382516643021,True
GaussianBudget75M_LinearMinTime,SAWTOOTH_2021-CATNF-000674,20210429,15,pyrologix,12,86-67,2021,0.0,0.006572613958269358,0,drone,1,9.489961992702219e-05,4505,0.0040806836568619545,True
GaussianBudget75M_LinearMinTime,SAW_2021-CAINF-001447,20210629,0,pyrologix,3,none,2021,0.0,0.0028841920429840684,-1,undetected,1,9.489961992702219e-05,0,0.0,False
GaussianBudget75M_LinearMinTime,SCENIC_2021-CACDD-009987,20210625,20,pyrologix,8,none,2021,0.0,0.003379278932698071,-1,undetected,1,9.489961992702219e-05,0,0.0,False
GaussianBudget75M_LinearMinTime,SCENIC_2021-CAINF-001431,20210628,17,pyrologix,10,127-76,2021,0.0,0.004218459944240749,0,drone,1,9.489961992702219e-05,3680,0.004555181756497065,True
GaussianBudget75M_LinearMinTime,SCOTT_2021-CASHF-000884,20210618,16,pyrologix,8,52-19,2021,0.0,0.003850370063446462,0,drone,1,9.489961992702219e-05,3370,0.0033214866974457763,True
GaussianBudget75M_LinearMinTime,SEMI_2021-CACNF-001325,20210513,22,pyrologix,10,none,2021,0.0,0.0033461899729445577,-1,undetected,1,9.489961992702219e-05,0,0.0,False
GaussianBudget75M_LinearMinTime,SENTINEL_2021-CAINF-001706,20210712,21,pyrologix,5,124-80,2021,0.0,0.010074712918139994,3,drone,1,9.489961992702219e-05,3115,0.0046500813764240876,True
GaussianBudget75M_LinearMinTime,SHADOW_2021-CAKNF-006420,20210731,20,pyrologix,7,31-31,2021,0.0,0.0031366499606519938,0,drone,1,9.489961992702219e-05,2740,0.004555181756497065,True
GaussianBudget75M_LinearMinTime,SHADY_2021-CABDF-009458,20210613,23,pyrologix,12,209-96,2021,0.0,0.0031437090365216136,0,drone,1,9.489961992702219e-05,4335,0.004270482896715999,True
GaussianBudget75M_LinearMinTime,SHANNON_2021-CAANF-000596,20210225,16,pyrologix,3,201-76,2021,0.0,0.010017754975706339,3,drone,1,9.489961992702219e-05,2385,0.0040806836568619545,True
GaussianBudget75M_LinearMinTime,SHELL_2021-CASQF-002407,20210723,18,pyrologix,11,147-79,2021,0.0,0.004210110986605287,0,drone,1,9.489961992702219e-05,4470,0.004365382516643021,True
GaussianBudget75M_LinearMinTime,SHERMAN_2021-CAENF-013945,20210522,21,pyrologix,4,100-61,2021,0.0,0.0029496849747374654,0,drone,1,9.489961992702219e-05,1565,0.004175583276788976,True
GaussianBudget75M_LinearMinTime,SHIRLEY_2021-CASQF-002724,20210814,14,pyrologix,4,170-77,2021,0.0,0.002254548016935587,0,drone,1,9.489961992702219e-05,1515,0.004365382516643021,True
GaussianBudget75M_LinearMinTime,SHOENING_2021-CAANF-004214,20211125,13,pyrologix,11,206-81,2021,0.0,0.0030541870510205626,0,drone,1,9.489961992702219e-05,4110,0.003795984797080888,True
GaussianBudget75M_LinearMinTime,SHOOTING_2021-CAANF-001423,20210508,14,pyrologix,7,201-76,2021,0.0,0.008676599012687802,2,drone,1,9.489961992702219e-05,3595,0.004270482896715999,True
GaussianBudget75M_LinearMinTime,SHORE_2021-CAINF-001670,20210711,21,pyrologix,8,124-80,2021,0.0,0.0053714190144091845,1,drone,1,9.489961992702219e-05,3425,0.0046500813764240876,True
GaussianBudget75M_LinearMinTime,SIDE_2021-CASQF-001253,20210529,20,pyrologix,6,170-77,2021,0.0,0.007281042053364217,0,drone,1,9.489961992702219e-05,2445,0.004555181756497065,True
GaussianBudget75M_LinearMinTime,SIERRA__2021-CABDF-006929,20210421,2,pyrologix,4,209-96,2021,0.0,0.0069133409997448325,2,drone,1,9.489961992702219e-05,2310,0.004270482896715999,True
GaussianBudget75M_LinearMinTime,SIGNAL_2021-CALNF-001980,20210420,17,pyrologix,10,51-54,2021,0.0,0.004619056941010058,0,drone,1,9.489961992702219e-05,3700,0.0046500813764240876,True
GaussianBudget75M_LinearMinTime,SIGNAL_2021-CATNF-001345,20210715,20,pyrologix,1,86-53,2021,0.0,0.004076085053384304,0,drone,1,9.489961992702219e-05,600,0.0036061855572268433,True
GaussianBudget75M_LinearMinTime,SILVER_2021-CASNF-000961,20210719,20,pyrologix,4,127-76,2021,0.0,0.005534434923902154,1,drone,1,9.489961992702219e-05,1810,0.004365382516643021,True
GaussianBudget75M_LinearMinTime,SIMS_2021-CASHF-001586,20211125,16,pyrologix,2,37-42,2021,0.0,0.003949126927182078,0,drone,1,9.489961992702219e-05,900,0.003985784036934932,True
GaussianBudget75M_LinearMinTime,SIX_SHOOTER_2021-CAKNF-006455,20210801,13,pyrologix,10,30-52,2021,0.0,0.01586164196487516,2,drone,1,9.489961992702219e-05,4695,0.0046500813764240876,True
GaussianBudget75M_LinearMinTime,SKYLINE__2021-CATNF-000868,20210601,10,pyrologix,9,79-54,2021,0.0,0.010388678987510502,1,drone,1,9.489961992702219e-05,4255,0.004460282136570043,True
GaussianBudget75M_LinearMinTime,SKY_2021-CALNF-003531,20210627,18,pyrologix,11,65-50,2021,0.0,0.005385202937759459,0,drone,1,9.489961992702219e-05,4600,0.004555181756497065,True
GaussianBudget75M_LinearMinTime,SLATE_2021-CAENF-010080,20210414,23,pyrologix,2,93-56,2021,0.0,0.004394786083139479,0,drone,1,9.489961992702219e-05,1020,0.003511285937299821,True
GaussianBudget75M_LinearMinTime,SLATE_2021-CASQF-003085,20210911,11,pyrologix,11,163-78,2021,0.0,0.005157481064088643,0,drone,1,9.489961992702219e-05,4950,0.003795984797080888,True
GaussianBudget75M_LinearMinTime,SLATE_2021-CATNF-001085,20210624,15,pyrologix,12,79-54,2021,0.0,0.010183408972807229,1,drone,1,9.489961992702219e-05,5600,0.0046500813764240876,True
GaussianBudget75M_LinearMinTime,SLEIGHVILLE_2021-CATNF-000722,20210512,21,pyrologix,3,79-54,2021,0.0,0.0019809219520539045,0,drone,1,9.489961992702219e-05,1390,0.004175583276788976,True
GaussianBudget75M_LinearMinTime,SLIDE_2021-CAMDF-000636,20210627,15,pyrologix,1,42-76,2021,5047.137678103987,0.0018366220174357295,0,drone,1,9.489961992702219e-05,485,0.0031316874575917325,True
GaussianBudget75M_LinearMinTime,SLOPE_2021-CAINF-001448,20210629,21,pyrologix,10,none,2021,0.0,0.005755218910053372,-1,undetected,1,9.489961992702219e-05,0,0.0,False
GaussianBudget75M_LinearMinTime,SMALLS_2021-CABDF-018495,20211130,8,pyrologix,12,206-88,2021,0.0,0.0026042339159175754,0,drone,1,9.489961992702219e-05,4630,0.004175583276788976,True
GaussianBudget75M_LinearMinTime,SMITH_2021-CAENF-028280,20210922,14,pyrologix,8,93-62,2021,0.0,0.01568508497439325,-1,undetected,1,9.489961992702219e-05,435,0.002941888217737688,True
GaussianBudget75M_LinearMinTime,SMITH_2021-CASRF-000576,20210718,14,pyrologix,11,15-20,2021,0.0,0.005854280083440244,0,drone,1,9.489961992702219e-05,4540,0.0040806836568619545,True
GaussianBudget75M_LinearMinTime,SMOLDER_2021-CAANF-001200,20210418,17,pyrologix,6,206-88,2021,0.0,0.006203626981005073,0,drone,1,9.489961992702219e-05,2335,0.00389088441700791,True
GaussianBudget75M_LinearMinTime,SNAKE_2021-CABDF-012147,20210811,12,pyrologix,4,214-103,2021,0.0,0.026794930920004845,-1,undetected,1,9.489961992702219e-05,1485,0.00389088441700791,True
GaussianBudget75M_LinearMinTime,SNOW_2021-CABDF-014001,20210924,0,pyrologix,4,209-96,2021,0.0,0.0016678370302543044,0,drone,1,9.489961992702219e-05,1530,0.003985784036934932,True
GaussianBudget75M_LinearMinTime,SNOW_2021-CAENF-018112,20210627,22,pyrologix,5,100-61,2021,0.0,0.0030891289934515953,0,drone,1,9.489961992702219e-05,2000,0.004460282136570043,True
GaussianBudget75M_LinearMinTime,SNOW_2021-CASHF-001239,20210807,17,pyrologix,3,38-28,2021,0.0,0.004405194893479347,0,drone,1,9.489961992702219e-05,1305,0.004555181756497065,True
GaussianBudget75M_LinearMinTime,SNOW_PLAY_2021-CABDF-005086,20210320,21,pyrologix,6,209-96,2021,0.0,0.003120953100733459,0,drone,1,9.489961992702219e-05,2425,0.004270482896715999,True
GaussianBudget75M_LinearMinTime,SODA_2021-CAINF-001464,20210629,15,pyrologix,11,162-85,2021,0.0,0.0025229310849681497,0,drone,1,9.489961992702219e-05,880,0.00389088441700791,True
GaussianBudget75M_LinearMinTime,SOLEDAD_2021-CAANF-001926,20210609,18,pyrologix,9,201-76,2021,0.0,0.002701561083085835,0,drone,1,9.489961992702219e-05,3340,0.004270482896715999,True
GaussianBudget75M_LinearMinTime,SOPIAGO_2021-CAENF-013394,20210517,18,pyrologix,7,100-61,2021,0.0,0.005736405961215496,1,drone,1,9.489961992702219e-05,3060,0.004460282136570043,True
GaussianBudget75M_LinearMinTime,SOUTH_2021-CABDU-012298,20210825,23,pyrologix,2,none,2021,0.0,0.003146882983855903,-1,undetected,1,9.489961992702219e-05,0,0.0,False
GaussianBudget75M_LinearMinTime,SOUTH_2021-CAKNF-004388,20210606,19,pyrologix,9,31-31,2021,0.0,0.010490642976947129,3,drone,1,9.489961992702219e-05,4600,0.0046500813764240876,True
GaussianBudget75M_LinearMinTime,SPADE__2021-CAANF-003949,20211028,5,pyrologix,10,201-76,2021,0.0,0.0033374789636582136,0,drone,1,9.489961992702219e-05,3790,0.004270482896715999,True
GaussianBudget75M_LinearMinTime,SPICE_2021-CABDF-018466,20211129,14,pyrologix,10,223-101,2021,0.0,0.0027579539455473423,0,drone,1,9.489961992702219e-05,3665,0.004460282136570043,True
GaussianBudget75M_LinearMinTime,SPOT_2021-CAANF-000571,20210222,5,pyrologix,4,206-81,2021,0.0,0.004199124057777226,0,drone,1,9.489961992702219e-05,1840,0.0037010851771538656,True
GaussianBudget75M_LinearMinTime,SPRAGUE_2021-CATCU-004946,20210419,9,pyrologix,9,121-61,2021,0.0,0.005207596928812563,0,drone,1,9.489961992702219e-05,4140,0.003795984797080888,True
GaussianBudget75M_LinearMinTime,SPRINGS_2021-CAANF-001067,20210405,18,pyrologix,10,206-81,2021,0.0,0.0030366230057552457,0,drone,1,9.489961992702219e-05,3765,0.003795984797080888,True
GaussianBudget75M_LinearMinTime,SPRINGS_2021-CAINF-001457,20210629,12,pyrologix,9,none,2021,0.0,0.00681092101149261,-1,undetected,1,9.489961992702219e-05,0,0.0,False
GaussianBudget75M_LinearMinTime,SPRINGS_2021-CASQF-001124,20210525,22,pyrologix,4,177-79,2021,0.0,0.0027418750105425715,0,drone,1,9.489961992702219e-05,1530,0.004365382516643021,True
GaussianBudget75M_LinearMinTime,SPRINGTIME_2021-CASHF-001183,20210730,21,pyrologix,5,45-20,2021,0.0,0.026593012968078256,-1,undetected,1,9.489961992702219e-05,430,0.002467390118102577,True
GaussianBudget75M_LinearMinTime,SPRING_2021-CAKNF-006404,20210731,12,pyrologix,10,31-31,2021,0.0,0.011004226980730891,4,drone,1,9.489961992702219e-05,4995,0.0046500813764240876,True
GaussianBudget75M_LinearMinTime,SPRUCE_2021-CABDF-012448,20210817,18,pyrologix,5,223-101,2021,0.0,0.0042138060089200735,1,drone,1,9.489961992702219e-05,2220,0.004460282136570043,True
GaussianBudget75M_LinearMinTime,SPUNKY_2021-CAANF-004252,20211128,18,pyrologix,10,none,2021,0.0,0.005820941063575447,-1,undetected,1,9.489961992702219e-05,0,0.0,False
GaussianBudget75M_LinearMinTime,STAGING_2021-CAANF-004309,20211205,21,pyrologix,6,201-76,2021,0.0,0.0031694089993834496,0,drone,1,9.489961992702219e-05,2230,0.0040806836568619545,True
GaussianBudget75M_LinearMinTime,STANFIELD_2021-CABDF-010785,20210710,14,pyrologix,12,none,2021,0.0,0.0027061679866164923,-1,undetected,1,9.489961992702219e-05,0,0.0,False
GaussianBudget75M_LinearMinTime,STANFORD_2021-CATMU-026974,20210910,15,pyrologix,1,93-62,2021,0.0,0.015439518028870225,-1,undetected,1,9.489961992702219e-05,435,0.002941888217737688,True
GaussianBudget75M_LinearMinTime,STARLIGHT_2021-CAANF-004192,20211123,4,pyrologix,5,none,2021,0.0,0.0057080930564552546,-1,undetected,1,9.489961992702219e-05,0,0.0,False
GaussianBudget75M_LinearMinTime,STATE_2021-CAANF-004208,20211125,22,pyrologix,10,195-71,2021,0.0,0.007457140018232167,1,drone,1,9.489961992702219e-05,3975,0.004460282136570043,True
GaussianBudget75M_LinearMinTime,STEWART_2021-CALPF-002715,20211005,15,pyrologix,10,none,2021,0.0,0.003488554968498647,-1,undetected,1,9.489961992702219e-05,0,0.0,False
GaussianBudget75M_LinearMinTime,STOCKTON_2021-CABDF-017962,20211127,2,pyrologix,2,206-88,2021,0.0,0.0012855130480602384,0,drone,1,9.489961992702219e-05,800,0.0033214866974457763,True
GaussianBudget75M_LinearMinTime,STONE_2021-CATNF-001429,20210726,19,pyrologix,7,86-53,2021,0.0,0.009046958992257714,1,drone,1,9.489961992702219e-05,3215,0.0046500813764240876,True
GaussianBudget75M_LinearMinTime,STRAWBERRY__2021-CASTF-001974,20210802,13,pyrologix,2,114-64,2021,0.0,0.00581226299982518,1,drone,1,9.489961992702219e-05,1365,0.003985784036934932,True
GaussianBudget75M_LinearMinTime,STRAW_2021-CASTF-002844,20211126,14,pyrologix,5,114-64,2021,0.0,0.009013531031087041,3,drone,1,9.489961992702219e-05,3225,0.0046500813764240876,True
GaussianBudget75M_LinearMinTime,SUGAR_2021-CABDF-012136,20210810,20,pyrologix,8,214-103,2021,0.0,0.03940531692933291,-1,undetected,1,9.489961992702219e-05,1485,0.00389088441700791,True
GaussianBudget75M_LinearMinTime,SUGAR_2021-CAENF-019897,20210711,0,pyrologix,5,100-61,2021,0.0,0.0032575619406998158,0,drone,1,9.489961992702219e-05,2000,0.004460282136570043,True
GaussianBudget75M_LinearMinTime,SUGAR_2021-CAMDF-000429,20210529,21,pyrologix,7,none,2021,0.0,0.005072131985798478,-1,undetected,1,9.489961992702219e-05,0,0.0,False
GaussianBudget75M_LinearMinTime,SUGAR_2_2021-CAMDF-000433,20210529,23,pyrologix,2,none,2021,0.0,0.003494812990538776,-1,undetected,1,9.489961992702219e-05,0,0.0,False
GaussianBudget75M_LinearMinTime,SUGAR_3_2021-CAMDF-000434,20210529,22,pyrologix,5,none,2021,0.0,0.0021514950785785913,-1,undetected,1,9.489961992702219e-05,0,0.0,False
GaussianBudget75M_LinearMinTime,SUGAR_4_2021-CAMDF-000435,20210529,21,pyrologix,7,none,2021,0.0,0.004133704002015293,-1,undetected,1,9.489961992702219e-05,0,0.0,False
GaussianBudget75M_LinearMinTime,SUGAR_PINE_2021-CATNF-000850,20210530,21,pyrologix,5,86-53,2021,0.0,0.0034139890922233462,0,drone,1,9.489961992702219e-05,2040,0.004365382516643021,True
GaussianBudget75M_LinearMinTime,SUGAR__2021-CATNF-000972,20210613,18,pyrologix,5,86-53,2021,0.0,0.002301183994859457,0,drone,1,9.489961992702219e-05,2040,0.004365382516643021,True
GaussianBudget75M_LinearMinTime,SULPHER_2021-CASHF-000817,20210607,17,pyrologix,7,37-42,2021,0.0,0.0032017379999160767,0,drone,1,9.489961992702219e-05,2675,0.0046500813764240876,True
GaussianBudget75M_LinearMinTime,SULPHUR_2021-CALPF-001037,20210509,17,pyrologix,3,none,2021,0.0,0.003791532013565302,-1,undetected,1,9.489961992702219e-05,0,0.0,False
GaussianBudget75M_LinearMinTime,SUMMIT_2021-CAENF-021041,20210720,13,pyrologix,7,100-68,2021,0.0,0.011034614057280123,3,drone,1,9.489961992702219e-05,3855,0.004555181756497065,True
GaussianBudget75M_LinearMinTime,SUMMIT_2021-CAINF-001826,20210721,18,pyrologix,2,162-85,2021,0.0,0.030579222016967833,-1,undetected,1,9.489961992702219e-05,880,0.00389088441700791,True
GaussianBudget75M_LinearMinTime,SUMMIT_2021-CASHF-001307,20210825,9,pyrologix,8,37-42,2021,0.0,0.005164687987416983,0,drone,1,9.489961992702219e-05,3025,0.0046500813764240876,True
GaussianBudget75M_LinearMinTime,SUMMIT_2021-CATNF-001568,20210812,22,pyrologix,3,86-60,2021,0.0,0.00346019200515002,0,drone,1,9.489961992702219e-05,1515,0.0037010851771538656,True
GaussianBudget75M_LinearMinTime,SURVEYORS_2021-CAMDF-000385,20210518,1,pyrologix,4,none,2021,0.0,0.0025702359853312373,-1,undetected,1,9.489961992702219e-05,0,0.0,False
GaussianBudget75M_LinearMinTime,SWALL_2021-CAINF-000688,20210429,18,pyrologix,8,none,2021,0.0,0.003580777905881405,-1,undetected,1,9.489961992702219e-05,0,0.0,False
GaussianBudget75M_LinearMinTime,SWARTHOUT_2021-CABDF-009976,20210625,17,pyrologix,8,206-88,2021,0.0,0.009595079929567873,0,drone,1,9.489961992702219e-05,3155,0.004175583276788976,True
GaussianBudget75M_LinearMinTime,SWEET_2021-CASNF-000960,20210719,20,pyrologix,5,121-61,2021,0.0,0.0022756600519642234,0,drone,1,9.489961992702219e-05,2420,0.003795984797080888,True
GaussianBudget75M_LinearMinTime,SWELL_2021-CALNF-001986,20210421,21,pyrologix,9,51-54,2021,0.0,0.005812379997223616,1,drone,1,9.489961992702219e-05,3760,0.0046500813764240876,True
GaussianBudget75M_LinearMinTime,SWITZER_2021-CABDF-013910,20210921,15,pyrologix,5,209-96,2021,0.0,0.0037078409222885966,0,drone,1,9.489961992702219e-05,2045,0.004270482896715999,True
GaussianBudget75M_LinearMinTime,SWITZER_PARK__2021-CABDF-016614,20211111,1,pyrologix,2,209-96,2021,0.0,0.0013817179715260863,0,drone,1,9.489961992702219e-05,800,0.003511285937299821,True
GaussianBudget75M_LinearMinTime,SYCAMORE_2021-CABDF-006749,20210417,23,pyrologix,1,206-88,2021,0.0,0.0012514099944382906,0,drone,1,9.489961992702219e-05,400,0.00303678783766471,True
GaussianBudget75M_LinearMinTime,SYD_2021-CASHF-001293,20210819,8,pyrologix,12,59-26,2021,3247.994683315046,0.0034837700659409165,0,drone,1,9.489961992702219e-05,4760,0.0046500813764240876,True
GaussianBudget75M_LinearMinTime,School_2021-CASRF-000313,20210521,15,pyrologix,7,31-24,2021,0.0,0.028527626069262624,-1,undetected,1,9.489961992702219e-05,5140,0.004555181756497065,True
GaussianBudget75M_LinearMinTime,Seven_2021-CACNF-001500,20210529,16,pyrologix,4,220-87,2021,0.0,0.0025840559974312782,0,drone,1,9.489961992702219e-05,1565,0.00389088441700791,True
GaussianBudget75M_LinearMinTime,Shade_2021-CACNF-002704,20210818,14,pyrologix,7,237-97,2021,0.0,0.006583192036487162,0,drone,1,9.489961992702219e-05,2880,0.004460282136570043,True
GaussianBudget75M_LinearMinTime,Silver_2021-CAPNF-000716,20210531,8,pyrologix,10,72-52,2021,0.0,0.01169169310014695,1,drone,1,9.489961992702219e-05,4250,0.0046500813764240876,True
GaussianBudget75M_LinearMinTime,Site_11_2021-CACNF-000929,20210328,12,pyrologix,10,220-87,2021,0.0,0.006353345001116395,1,drone,1,9.489961992702219e-05,4260,0.003985784036934932,True
GaussianBudget75M_LinearMinTime,Slate_2021-CASRF-000173,20210330,20,pyrologix,6,31-24,2021,0.0,0.02699488599319011,5,drone,1,9.489961992702219e-05,4555,0.004460282136570043,True
GaussianBudget75M_LinearMinTime,Smith_2021-CAPNF-001355,20210730,22,pyrologix,5,72-66,2021,0.0,0.004020830034278333,0,drone,1,9.489961992702219e-05,2150,0.004270482896715999,True
GaussianBudget75M_LinearMinTime,South_2021-CASRF-000226,20210421,21,pyrologix,5,38-21,2021,0.0,0.0028758180560544133,0,drone,1,9.489961992702219e-05,1450,0.004270482896715999,True
GaussianBudget75M_LinearMinTime,Spring_2021-CAPNF-001012,20210701,21,pyrologix,8,none,2021,0.0,0.0035187009489163756,-1,undetected,1,9.489961992702219e-05,0,0.0,False
GaussianBudget75M_LinearMinTime,Squirrel_2021-CAPNF-000574,20210509,2,pyrologix,6,72-59,2021,0.0,0.002636598888784647,0,drone,1,9.489961992702219e-05,2260,0.0046500813764240876,True
GaussianBudget75M_LinearMinTime,Stanshaw_2021-CASRF-000187,20210404,16,pyrologix,12,24-25,2021,0.0,0.004858126048929989,0,drone,1,9.489961992702219e-05,4260,0.0046500813764240876,True
GaussianBudget75M_LinearMinTime,Stoneridge_2021-CACNF-003429,20211120,18,pyrologix,11,230-100,2021,0.0,0.004140314995311201,0,drone,1,9.489961992702219e-05,4070,0.004270482896715999,True
GaussianBudget75M_LinearMinTime,Sugarbowl_2021-CASRF-000115,20210304,2,pyrologix,6,31-17,2021,0.0,0.008630942087620497,1,drone,1,9.489961992702219e-05,2620,0.004555181756497065,True
GaussianBudget75M_LinearMinTime,Sundance_2021-CACNF-002266,20210718,23,pyrologix,2,244-98,2021,0.0,0.005908117047511041,1,drone,1,9.489961992702219e-05,1410,0.004175583276788976,True
GaussianBudget75M_LinearMinTime,Sweetbriar_2021-CASHF-001025,20210707,5,pyrologix,5,37-42,2021,0.0,0.003378226072527468,0,drone,1,9.489961992702219e-05,1890,0.004555181756497065,True
GaussianBudget75M_LinearMinTime,TAMARACK_2021-CALNF-002852,20210531,19,pyrologix,7,58-61,2021,0.0,0.03022296796552837,-1,undetected,1,9.489961992702219e-05,4550,0.004555181756497065,True
GaussianBudget75M_LinearMinTime,TAMARACK_2021-CASHF-001181,20210730,21,pyrologix,1,30-38,2021,0.0,0.0034601129591464996,0,drone,1,9.489961992702219e-05,570,0.0033214866974457763,True
GaussianBudget75M_LinearMinTime,TAMARIN_2021-CABDF-011615,20210729,15,pyrologix,10,206-88,2021,0.0,0.0131128040375188,1,drone,1,9.489961992702219e-05,4260,0.004175583276788976,True
GaussianBudget75M_LinearMinTime,TANGLE_2021-CASHF-001013,20210705,13,pyrologix,1,37-35,2021,0.0,0.003694685990922153,0,drone,1,9.489961992702219e-05,700,0.00389088441700791,True
GaussianBudget75M_LinearMinTime,TAYLOR_2021-CAINF-002482,20210911,16,pyrologix,9,124-80,2021,0.0,0.01596367300953716,-1,undetected,1,9.489961992702219e-05,5315,0.0046500813764240876,True
GaussianBudget75M_LinearMinTime,TEJON_2021-CAANF-000190,20210118,16,pyrologix,1,none,2021,0.0,0.003306790953502059,-1,undetected,1,9.489961992702219e-05,0,0.0,False
GaussianBudget75M_LinearMinTime,TELEPHONE_2021-CAKNF-005027,20210625,4,pyrologix,7,37-35,2021,0.0,0.012848721933551133,2,drone,1,9.489961992702219e-05,3335,0.0046500813764240876,True
GaussianBudget75M_LinearMinTime,TEMPLETON_2021-CAINF-001796,20210719,18,pyrologix,1,162-85,2021,0.0,0.0017977739917114377,0,drone,1,9.489961992702219e-05,445,0.002941888217737688,True
GaussianBudget75M_LinearMinTime,TEMPLIN_2021-CAANF-000022,20210102,17,pyrologix,7,195-71,2021,0.0,0.00494902697391808,1,drone,1,9.489961992702219e-05,2945,0.004365382516643021,True
GaussianBudget75M_LinearMinTime,TENNANT_2021-CAKNF-005169,20210628,21,pyrologix,5,30-52,2021,0.0,0.007753259968012571,1,drone,1,9.489961992702219e-05,2265,0.0046500813764240876,True
GaussianBudget75M_LinearMinTime,TEWANET_2021-CABDF-002530,20210209,21,pyrologix,4,none,2021,0.0,0.003306970000267029,-1,undetected,1,9.489961992702219e-05,0,0.0,False
GaussianBudget75M_LinearMinTime,TICK_2021-CAANF-001400,20210505,20,pyrologix,4,201-76,2021,0.0,0.0029035320039838552,0,drone,1,9.489961992702219e-05,1600,0.003985784036934932,True
GaussianBudget75M_LinearMinTime,TINKER_2021-CATNF-001251,20210705,23,pyrologix,4,86-67,2021,0.0,0.006605974049307406,1,drone,1,9.489961992702219e-05,1880,0.00389088441700791,True
GaussianBudget75M_LinearMinTime,TOOLBOX_2021-CABDF-016095,20211031,17,pyrologix,1,223-101,2021,0.0,0.002110389992594719,0,drone,1,9.489961992702219e-05,555,0.0033214866974457763,True
GaussianBudget75M_LinearMinTime,TOWNSEND_2021-CAANF-003440,20210912,0,pyrologix,1,195-71,2021,0.0,0.006712178001180291,1,drone,1,9.489961992702219e-05,1070,0.0040806836568619545,True
GaussianBudget75M_LinearMinTime,TRAILHEAD_2021-CAKNF-006403,20210731,11,pyrologix,11,31-31,2021,0.0,0.008453184040263295,3,drone,1,9.489961992702219e-05,4995,0.0046500813764240876,True
GaussianBudget75M_LinearMinTime,TRANSPORT_2021-CABDF-000949,20210111,7,pyrologix,3,206-88,2021,0.0,0.015502349939197302,2,drone,1,9.489961992702219e-05,2000,0.00389088441700791,True
GaussianBudget75M_LinearMinTime,TREE_2021-CAKNF-009333,20211021,21,pyrologix,5,23-39,2021,0.0,0.007682626019231975,2,drone,1,9.489961992702219e-05,2700,0.004270482896715999,True
GaussianBudget75M_LinearMinTime,TREE_2021-CATNF-001762,20210910,11,pyrologix,10,93-56,2021,0.0,0.005819324986077845,0,drone,1,9.489961992702219e-05,4240,0.0046500813764240876,True
GaussianBudget75M_LinearMinTime,TROY_2021-CASQF-002353,20210719,12,pyrologix,6,162-85,2021,0.0,0.028009427012875676,-1,undetected,1,9.489961992702219e-05,880,0.00389088441700791,True
GaussianBudget75M_LinearMinTime,TUCKER_2021-CASTF-000297,20210222,17,pyrologix,6,114-57,2021,0.0,0.004388666013255715,0,drone,1,9.489961992702219e-05,2410,0.004555181756497065,True
GaussianBudget75M_LinearMinTime,TUFA_2021-CAINF-001444,20210629,21,pyrologix,8,115-77,2021,0.0,0.017638338962569833,-1,undetected,1,9.489961992702219e-05,4775,0.004555181756497065,True
GaussianBudget75M_LinearMinTime,TUFF_2021-CAINF-001092,20210605,12,pyrologix,7,none,2021,0.0,0.0033917539985850453,-1,undetected,1,9.489961992702219e-05,0,0.0,False
GaussianBudget75M_LinearMinTime,TUJUNGA__2021-CAANF-002494,20210709,13,pyrologix,2,206-81,2021,0.0,0.0028010420501232147,0,drone,1,9.489961992702219e-05,975,0.0036061855572268433,True
GaussianBudget75M_LinearMinTime,TUMBLEWEED_2021-CAANF-002402,20210704,20,pyrologix,2,none,2021,0.0,0.006762376986443996,-1,undetected,1,9.489961992702219e-05,0,0.0,False
GaussianBudget75M_LinearMinTime,TUNNELS_2021-CAANF-002246,20210627,13,pyrologix,9,206-88,2021,0.0,0.005700264009647071,0,drone,1,9.489961992702219e-05,3610,0.004175583276788976,True
GaussianBudget75M_LinearMinTime,TURNOUT_2021-CAANF-003853,20211017,16,pyrologix,7,206-81,2021,0.0,0.0035876280162483454,0,drone,1,9.489961992702219e-05,2755,0.0037010851771538656,True
GaussianBudget75M_LinearMinTime,TURNOUT_2021-CABDF-016627,20211111,12,pyrologix,12,209-96,2021,0.0,0.005547092063352466,1,drone,1,9.489961992702219e-05,4780,0.004270482896715999,True
GaussianBudget75M_LinearMinTime,TWENTYFIVE_2021-CASTF-002441,20210910,18,pyrologix,8,114-64,2021,0.0,0.0032499840017408133,0,drone,1,9.489961992702219e-05,3225,0.0046500813764240876,True
GaussianBudget75M_LinearMinTime,TWICE_2021-CAANF-003175,20210826,12,pyrologix,9,195-71,2021,0.0,0.002166190999560058,0,drone,1,9.489961992702219e-05,3225,0.004365382516643021,True
GaussianBudget75M_LinearMinTime,TWIN_2021-CAENF-017644,20210622,20,pyrologix,7,100-61,2021,0.0,0.0052924699848517776,1,drone,1,9.489961992702219e-05,3060,0.004460282136570043,True
GaussianBudget75M_LinearMinTime,TWIN_2021-CASHF-000945,20210625,19,pyrologix,12,37-42,2021,0.0,0.002795486943796277,0,drone,1,9.489961992702219e-05,4270,0.0046500813764240876,True
GaussianBudget75M_LinearMinTime,TWIN_2021-CASNF-000720,20210630,22,pyrologix,6,134-74,2021,0.0,0.017175607034005225,-1,undetected,1,9.489961992702219e-05,4385,0.0046500813764240876,True
GaussianBudget75M_LinearMinTime,Taylor_2021-CAPNF-000694,20210529,15,pyrologix,4,65-57,2021,0.0,0.002243353985249996,0,drone,1,9.489961992702219e-05,1520,0.0040806836568619545,True
GaussianBudget75M_LinearMinTime,Thompson__2021-CAPNF-000508,20210423,20,pyrologix,4,72-59,2021,0.0,0.002915836055763066,0,drone,1,9.489961992702219e-05,1445,0.004175583276788976,True
GaussianBudget75M_LinearMinTime,Three_Two_2021-CASRF-000217,20210419,13,pyrologix,9,24-25,2021,0.0,0.005289922002702951,1,drone,1,9.489961992702219e-05,3555,0.0046500813764240876,True
GaussianBudget75M_LinearMinTime,Three__2021-CASRF-000205,20210415,23,pyrologix,8,24-25,2021,0.0,0.00495512702036649,0,drone,1,9.489961992702219e-05,2985,0.0046500813764240876,True
GaussianBudget75M_LinearMinTime,Tooms_2021-CAPNF-001156,20210711,20,pyrologix,3,72-52,2021,0.0,0.005964201991446316,0,drone,1,9.489961992702219e-05,1475,0.004460282136570043,True
GaussianBudget75M_LinearMinTime,Tunnel_2021-CASRF-000386,20210610,17,pyrologix,8,38-21,2021,0.0,0.00226613599807024,0,drone,1,9.489961992702219e-05,1450,0.004270482896715999,True
GaussianBudget75M_LinearMinTime,Turkey_2021-CALPF-001575,20210626,16,pyrologix,7,175-45,2021,0.0,0.007665744051337242,0,drone,1,9.489961992702219e-05,2905,0.004460282136570043,True
GaussianBudget75M_LinearMinTime,Turnout_2021-CACNF-003342,20211106,15,pyrologix,4,220-87,2021,0.0,0.0025612240424379706,0,drone,1,9.489961992702219e-05,1565,0.00389088441700791,True
GaussianBudget75M_LinearMinTime,Twain_2021-CAPNF-000486,20210421,22,pyrologix,2,65-57,2021,0.0,0.009687504963949323,0,drone,1,9.489961992702219e-05,1070,0.003985784036934932,True
GaussianBudget75M_LinearMinTime,UNDERWOOD_2021-CASHF-001191,20210731,18,pyrologix,2,38-21,2021,0.0,0.0021545030176639557,0,drone,1,9.489961992702219e-05,905,0.003985784036934932,True
GaussianBudget75M_LinearMinTime,UPHILL_2021-CABDF-013838,20210919,14,pyrologix,11,206-88,2021,0.0,0.011471471982076764,0,drone,1,9.489961992702219e-05,4475,0.004175583276788976,True
GaussianBudget75M_LinearMinTime,UPPER_2021-CABDF-009448,20210613,0,pyrologix,2,209-96,2021,0.0,0.005571947083808482,1,drone,1,9.489961992702219e-05,1485,0.003985784036934932,True
GaussianBudget75M_LinearMinTime,Ullathorne_2021-CASRF-000204,20210413,23,pyrologix,1,31-24,2021,0.0,0.002268120995722711,0,drone,1,9.489961992702219e-05,540,0.00303678783766471,True
GaussianBudget75M_LinearMinTime,VALLEY_2021-CAMDF-000410,20210524,19,pyrologix,7,36-70,2021,0.0,0.02731120807584375,-1,undetected,1,9.489961992702219e-05,4635,0.004555181756497065,True
GaussianBudget75M_LinearMinTime,VALLEY_2021-CATNF-001454,20210730,13,pyrologix,11,86-60,2021,0.0,0.002602173015475273,0,drone,1,9.489961992702219e-05,4495,0.0040806836568619545,True
GaussianBudget75M_LinearMinTime,VALLEY__2021-CAANF-000645,20210301,14,pyrologix,10,195-71,2021,0.0,0.015423555974848568,4,drone,1,9.489961992702219e-05,5050,0.004555181756497065,True
GaussianBudget75M_LinearMinTime,VALLEY__2021-CASTF-001888,20210730,14,pyrologix,9,114-64,2021,0.0,0.00391168100759387,0,drone,1,9.489961992702219e-05,3510,0.0046500813764240876,True
GaussianBudget75M_LinearMinTime,VALYERMO_2021-CAANF-002916,20210805,18,pyrologix,6,206-81,2021,0.0,0.0039056679233908653,0,drone,1,9.489961992702219e-05,2590,0.0037010851771538656,True
GaussianBudget75M_LinearMinTime,VASQUEZ_2021-CAANF-002923,20210806,13,pyrologix,12,201-76,2021,0.0,0.0032456499757245183,0,drone,1,9.489961992702219e-05,4450,0.004460282136570043,True
GaussianBudget75M_LinearMinTime,VIEWPOINT_Viewpoint_2021-CACNF-003463,20211125,3,pyrologix,4,244-98,2021,0.0,0.00668840401340276,2,drone,1,9.489961992702219e-05,2235,0.004365382516643021,True
GaussianBudget75M_LinearMinTime,VIEW_2021-CAANF-003226,20210829,6,pyrologix,5,195-71,2021,0.0,0.0022605800768360496,0,drone,1,9.489961992702219e-05,1945,0.004365382516643021,True
GaussianBudget75M_LinearMinTime,VISTA_2021-CAANF-001071,20210406,23,pyrologix,1,195-71,2021,0.0,0.001859437907114625,0,drone,1,9.489961992702219e-05,515,0.0033214866974457763,True
GaussianBudget75M_LinearMinTime,VISTA_2021-CABDF-005850,20210401,15,pyrologix,7,209-96,2021,0.0,0.005370956961996853,1,drone,1,9.489961992702219e-05,3055,0.004270482896715999,True
GaussianBudget75M_LinearMinTime,VISTA_2021-CASTF-001903,20210731,22,pyrologix,7,107-68,2021,0.0,0.002579472027719021,0,drone,1,9.489961992702219e-05,2685,0.0046500813764240876,True
GaussianBudget75M_LinearMinTime,VIXEN_2021-CABDF-011348,20210723,15,pyrologix,7,223-101,2021,0.0,0.00809664896223694,2,drone,1,9.489961992702219e-05,3430,0.004460282136570043,True
GaussianBudget75M_LinearMinTime,VLECK_2021-CAENF-022079,20210730,22,pyrologix,6,93-62,2021,0.0,0.0019594250479713082,0,drone,1,9.489961992702219e-05,435,0.002941888217737688,True
GaussianBudget75M_LinearMinTime,VOGEL_2021-CAANF-003688,20211003,2,pyrologix,11,201-76,2021,0.0,0.00669943995308131,1,drone,1,9.489961992702219e-05,4605,0.004460282136570043,True
GaussianBudget75M_LinearMinTime,VOLCANO__2021-CAINF-001788,20210719,15,pyrologix,2,162-85,2021,0.0,0.027412747032940388,-1,undetected,1,9.489961992702219e-05,880,0.00389088441700791,True
GaussianBudget75M_LinearMinTime,VOLCOM_2021-CAINF-002538,20210917,12,pyrologix,7,127-76,2021,0.0,0.007493740995414555,2,drone,1,9.489961992702219e-05,3345,0.004555181756497065,True
GaussianBudget75M_LinearMinTime,Viejas_2021-CACNF-001276,20210505,13,pyrologix,9,244-98,2021,0.0,0.004972512018866837,0,drone,1,9.489961992702219e-05,3465,0.004555181756497065,True
GaussianBudget75M_LinearMinTime,WAGY_2021-CASQF-001819,20210627,14,pyrologix,5,170-77,2021,0.0,0.005074028973467648,0,drone,1,9.489961992702219e-05,1925,0.004460282136570043,True
GaussianBudget75M_LinearMinTime,WALKERS_2021-CASQF-002758,20210815,14,pyrologix,8,none,2021,0.0,0.004692866932600737,-1,undetected,1,9.489961992702219e-05,0,0.0,False
GaussianBudget75M_LinearMinTime,WALKER_2021-CAINF-001067,20210603,20,pyrologix,11,124-80,2021,0.0,0.0040184579556807876,0,drone,1,9.489961992702219e-05,4205,0.0046500813764240876,True
GaussianBudget75M_LinearMinTime,WALKER_2021-CAKNF-002604,20210410,20,pyrologix,2,17-34,2021,0.0,0.00286983500700444,0,drone,1,9.489961992702219e-05,955,0.003511285937299821,True
GaussianBudget75M_LinearMinTime,WALKER_2021-CAKNF-006078,20210723,13,pyrologix,4,17-34,2021,0.0,0.003308554063551128,0,drone,1,9.489961992702219e-05,1535,0.003511285937299821,True
GaussianBudget75M_LinearMinTime,WALLOW_2021-CAKNF-005034,20210625,13,pyrologix,4,none,2021,0.0,0.003497960977256298,-1,undetected,1,9.489961992702219e-05,0,0.0,False
GaussianBudget75M_LinearMinTime,WARMING__2021-CAANF-001210,20210419,21,pyrologix,10,201-76,2021,0.0,0.008588844910264015,0,drone,1,9.489961992702219e-05,3840,0.004270482896715999,True
GaussianBudget75M_LinearMinTime,WASHES_2021-CABDF-011985,20210807,21,pyrologix,9,206-88,2021,0.0,0.004925385001115501,0,drone,1,9.489961992702219e-05,3665,0.004175583276788976,True
GaussianBudget75M_LinearMinTime,WASHINGTON_2021-CATNF-000515,20210406,19,pyrologix,5,86-53,2021,0.0,0.0067349199671298265,0,drone,1,9.489961992702219e-05,2310,0.004365382516643021,True
GaussianBudget75M_LinearMinTime,WATSON_2021-CATMU-023866,20210813,18,pyrologix,6,86-67,2021,0.0,0.007612955989316106,1,drone,1,9.489961992702219e-05,2580,0.003985784036934932,True
GaussianBudget75M_LinearMinTime,WATSON_2021-CATNF-002108,20211017,20,pyrologix,1,86-67,2021,0.0,0.011364759993739426,2,drone,1,9.489961992702219e-05,1170,0.00389088441700791,True
GaussianBudget75M_LinearMinTime,WAY_2021-CABDF-011645,20210730,17,pyrologix,4,206-88,2021,0.0,0.00629258097615093,2,drone,1,9.489961992702219e-05,2380,0.003985784036934932,True
GaussianBudget75M_LinearMinTime,WEBBER_2021-CATNF-001089,20210625,21,pyrologix,6,79-61,2021,0.0,0.02017454500310123,-1,undetected,1,9.489961992702219e-05,2530,0.004365382516643021,True
GaussianBudget75M_LinearMinTime,WEED_3-4_2021-CASKU-005050,20210625,16,pyrologix,10,30-45,2021,0.0,0.005452104029245675,0,drone,1,9.489961992702219e-05,3665,0.004460282136570043,True
GaussianBudget75M_LinearMinTime,WEST_2021-CASNF-000781,20210703,22,pyrologix,2,128-62,2021,844.1318104789825,0.0028566590044647455,0,drone,1,9.489961992702219e-05,965,0.00389088441700791,True
GaussianBudget75M_LinearMinTime,WHALE_2021-CAKNF-002260,20210328,2,pyrologix,7,30-45,2021,0.0,0.002136930008418858,0,drone,1,9.489961992702219e-05,2575,0.004365382516643021,True
GaussianBudget75M_LinearMinTime,WHEATS_2021-CASTF-001867,20210729,23,pyrologix,1,107-68,2021,0.0,0.0022945899982005358,0,drone,1,9.489961992702219e-05,595,0.0037010851771538656,True
GaussianBudget75M_LinearMinTime,WHISKEY_2021-CAKNF-006344,20210730,18,pyrologix,2,31-31,2021,0.0,0.003542487043887377,0,drone,1,9.489961992702219e-05,1055,0.004175583276788976,True
GaussianBudget75M_LinearMinTime,WHITE_2021-CAENF-021726,20210726,18,pyrologix,10,100-61,2021,0.0,0.003334305016323924,0,drone,1,9.489961992702219e-05,3805,0.004460282136570043,True
GaussianBudget75M_LinearMinTime,WHITE_2021-CASHF-001242,20210808,19,pyrologix,1,31-24,2021,0.0,0.009436629014089704,1,drone,1,9.489961992702219e-05,1095,0.004175583276788976,True
GaussianBudget75M_LinearMinTime,WHITE_POST_2021-CABDF-011135,20210718,13,pyrologix,11,223-101,2021,0.0,0.0023527239682152867,0,drone,1,9.489961992702219e-05,4000,0.004460282136570043,True
GaussianBudget75M_LinearMinTime,WHITTEMORE_2021-CAMDF-001449,20210813,14,pyrologix,10,36-70,2021,0.0,0.028812600998207927,-1,undetected,1,9.489961992702219e-05,5715,0.004555181756497065,True
GaussianBudget75M_LinearMinTime,WILCOX_2021-CALNF-001660,20210404,2,pyrologix,4,51-54,2021,0.0,0.003999497042968869,0,drone,1,9.489961992702219e-05,1615,0.004555181756497065,True
GaussianBudget75M_LinearMinTime,WILDHORSE_2021-CABDF-012130,20210810,17,pyrologix,12,214-103,2021,0.0,0.01952647604048252,-1,undetected,1,9.489961992702219e-05,1485,0.00389088441700791,True
GaussianBudget75M_LinearMinTime,WILDWOOD_2021-CABDF-011813,20210802,8,pyrologix,8,209-96,2021,0.0,0.0071374059189110994,2,drone,1,9.489961992702219e-05,3790,0.004270482896715999,True
GaussianBudget75M_LinearMinTime,WILD_2021-CABDF-012202,20210812,16,pyrologix,5,214-103,2021,0.0,0.015457240981049836,-1,undetected,1,9.489961992702219e-05,1485,0.00389088441700791,True
GaussianBudget75M_LinearMinTime,WILD_2021-CAKNF-006466,20210801,18,pyrologix,8,30-52,2021,0.0,0.003425670089200139,0,drone,1,9.489961992702219e-05,3090,0.0046500813764240876,True
GaussianBudget75M_LinearMinTime,WILLIAMS_2021-CAMDF-001448,20210813,14,pyrologix,11,36-70,2021,0.0,0.0305989149492234,-1,undetected,1,9.489961992702219e-05,6075,0.004555181756497065,True
GaussianBudget75M_LinearMinTime,WILLOW_2021-CAMDF-000577,20210622,13,pyrologix,8,none,2021,0.0,0.003579890006221831,-1,undetected,1,9.489961992702219e-05,0,0.0,False
GaussianBudget75M_LinearMinTime,WILLOW_2021-CATMU-029520,20211003,20,pyrologix,5,100-68,2021,0.0,0.009996675071306527,1,drone,1,9.489961992702219e-05,2490,0.004460282136570043,True
GaussianBudget75M_LinearMinTime,WILLOW_2021-CATNF-001769,20210910,15,pyrologix,9,79-61,2021,0.0,0.028012686991132796,-1,undetected,1,9.489961992702219e-05,2530,0.004365382516643021,True
GaussianBudget75M_LinearMinTime,WILSON_2021-CAINF-001454,20210629,23,pyrologix,12,115-77,2021,0.0,0.014212090987712145,2,drone,1,9.489961992702219e-05,4815,0.004555181756497065,True
GaussianBudget75M_LinearMinTime,WILSON__2021-CAANF-001478,20210514,4,pyrologix,3,206-81,2021,0.0,0.005701960995793343,0,drone,1,9.489961992702219e-05,1425,0.0037010851771538656,True
GaussianBudget75M_LinearMinTime,WISHON_2021-CASNF-000458,20210531,9,pyrologix,11,141-74,2021,0.0,0.005852184956893325,0,drone,1,9.489961992702219e-05,4050,0.004555181756497065,True
GaussianBudget75M_LinearMinTime,WOODS__2021-CASTF-001757,20210720,19,pyrologix,4,107-68,2021,0.0,0.004022895940579474,0,drone,1,9.489961992702219e-05,1675,0.004555181756497065,True
GaussianBudget75M_LinearMinTime,WOODWARD_2021-CASQF-000684,20210407,20,pyrologix,4,147-79,2021,0.0,0.005658562993630767,0,drone,1,9.489961992702219e-05,1930,0.004365382516643021,True
GaussianBudget75M_LinearMinTime,WORLD_2021-CABDF-015371,20211024,0,pyrologix,4,209-96,2021,0.0,0.006290819030255079,1,drone,1,9.489961992702219e-05,1885,0.004270482896715999,True
GaussianBudget75M_LinearMinTime,WRIGHTS_2021-CAENF-009608,20210410,0,pyrologix,1,100-61,2021,0.0,0.0025707919849082828,0,drone,1,9.489961992702219e-05,630,0.0034163863173727986,True
GaussianBudget75M_LinearMinTime,Waldorf_2021-CASHF-000602,20210515,11,pyrologix,7,38-28,2021,0.0,0.0037463268963620067,0,drone,1,9.489961992702219e-05,2645,0.004555181756497065,True
GaussianBudget75M_LinearMinTime,Warming_2021-CACNF-001108,20210417,9,pyrologix,9,230-100,2021,0.0,0.006145409890450537,1,drone,1,9.489961992702219e-05,3875,0.004270482896715999,True
GaussianBudget75M_LinearMinTime,Wildcat_2021-CAPNF-001050,20210703,19,pyrologix,10,65-64,2021,0.0,0.002778747002594173,0,drone,1,9.489961992702219e-05,3645,0.004460282136570043,True
GaussianBudget75M_LinearMinTime,Willow_2021-CALPF-001493,20210618,0,pyrologix,7,none,2021,0.0,0.0045916379895061255,-1,undetected,1,9.489961992702219e-05,0,0.0,False
GaussianBudget75M_LinearMinTime,Willow_2021-CASRF-000604,20210723,16,pyrologix,1,38-21,2021,0.0,0.004634353914298117,0,drone,1,9.489961992702219e-05,605,0.003511285937299821,True
GaussianBudget75M_LinearMinTime,Willows_2021-CACNF-002745,20210823,19,pyrologix,2,244-98,2021,0.0,0.002201454946771264,0,drone,1,9.489961992702219e-05,885,0.003511285937299821,True
GaussianBudget75M_LinearMinTime,Windy_2021-CASRF-000434,20210622,12,pyrologix,8,45-20,2021,0.0,0.015939687029458582,-1,undetected,1,9.489961992702219e-05,430,0.002467390118102577,True
GaussianBudget75M_LinearMinTime,Wolf_2021-CAPNF-000598,20210513,22,pyrologix,2,65-57,2021,0.0,0.0018612570129334927,0,drone,1,9.489961992702219e-05,825,0.003511285937299821,True
GaussianBudget75M_LinearMinTime,Wolf_2021-CAPNF-000795,20210613,18,pyrologix,5,65-57,2021,0.0,0.007242546998895705,0,drone,1,9.489961992702219e-05,2150,0.0040806836568619545,True
GaussianBudget75M_LinearMinTime,YELLOWJACKET_2021-CAINF-001481,20210630,18,pyrologix,10,none,2021,0.0,0.0034114629961550236,-1,undetected,1,9.489961992702219e-05,0,0.0,False
GaussianBudget75M_LinearMinTime,YELLOWJACKET_2021-CAKNF-007031,20210816,21,pyrologix,5,24-32,2021,0.0,0.007310381974093616,1,drone,1,9.489961992702219e-05,2315,0.0046500813764240876,True
GaussianBudget75M_LinearMinTime,YELLOW_2021-CABDF-018163,20211127,20,pyrologix,6,223-101,2021,0.0,0.0028405000921338797,0,drone,1,9.489961992702219e-05,2370,0.004460282136570043,True
GaussianBudget75M_LinearMinTime,YELLOW_2021-CAKNF-003633,20210515,14,pyrologix,11,31-31,2021,0.0,0.01169725798536092,4,drone,1,9.489961992702219e-05,5365,0.0046500813764240876,True
GaussianBudget75M_LinearMinTime,Yellow_2021-CASHF-000950,20210625,2,pyrologix,6,30-45,2021,0.0,0.00536666892003268,0,drone,1,9.489961992702219e-05,2425,0.004365382516643021,True
GaussianBudget75M_LinearMinTime,Zeigler_2021-CASRF-000202,20210413,11,pyrologix,9,38-21,2021,0.0,0.020312939072027802,-1,undetected,1,9.489961992702219e-05,1450,0.004270482896715999,True
GaussianBudget75M_LinearMinTime,Zot_2021-CASHF-000948,20210625,23,pyrologix,9,30-38,2021,0.0,0.029657659004442394,-1,undetected,1,9.489961992702219e-05,5345,0.0046500813764240876,True
GaussianBudget75M_LinearMinTime,Zumbrota_2021-CACNF-002802,20210829,17,pyrologix,6,244-98,2021,0.0,0.002328936941921711,0,drone,1,9.489961992702219e-05,2185,0.004365382516643021,True
