strategy_combo,scenario_name,date,sim_start_hour,log_key,offset,cluster,year,routing_compute_seconds,sim_replay_seconds,delta_t,device,fire_size_cells,fire_size_percentage,total_distance_traveled,percentage_map_explored,routed
GaussianBudget75M_MaxCov,1-8_Jessen_2024-CALMU-004352,20240723,19,pyrologix,9,51-61,2024,0.0,0.004256653948687017,0,drone,1,9.489961992702219e-05,3370,0.0046500813764240876,True
GaussianBudget75M_MaxCov,4-1_2024-CATCU-006043,20240515,23,pyrologix,7,114-64,2024,0.0,0.002731539076194167,0,drone,1,9.489961992702219e-05,2505,0.0046500813764240876,True
GaussianBudget75M_MaxCov,5-1_2024-CAMMU-016051,20240714,12,pyrologix,6,135-67,2024,0.0,0.007577863056212664,1,drone,1,9.489961992702219e-05,3005,0.0046500813764240876,True
GaussianBudget75M_MaxCov,5-2_2024-CAMMU-016053,20240714,9,pyrologix,12,135-67,2024,0.0,0.004511912004090846,0,drone,1,9.489961992702219e-05,4570,0.0046500813764240876,True
GaussianBudget75M_MaxCov,5-2_2024-CASHU-009215,20240818,19,pyrologix,10,44-34,2024,0.0,0.009304596926085651,2,drone,1,9.489961992702219e-05,4745,0.0046500813764240876,True
GaussianBudget75M_MaxCov,5-4_2024-CAMMU-016086,20240714,19,pyrologix,3,135-67,2024,0.0,0.004096864024177194,0,drone,1,9.489961992702219e-05,1465,0.0046500813764240876,True
GaussianBudget75M_MaxCov,Ackerson_2024-CASTF-001399,20240716,23,pyrologix,3,121-68,2024,0.0,0.0033357859356328845,0,drone,1,9.489961992702219e-05,1215,0.0046500813764240876,True
GaussianBudget75M_MaxCov,Acorn_2024-CACNF-002683,20241124,20,pyrologix,8,none,2024,0.0,0.0023866919800639153,-1,undetected,1,9.489961992702219e-05,0,0.0,False
GaussianBudget75M_MaxCov,Acorn_2024-CASQF-001270,20240714,19,pyrologix,7,177-72,2024,0.0,0.00384193891659379,0,drone,1,9.489961992702219e-05,2610,0.0046500813764240876,True
GaussianBudget75M_MaxCov,Airport_2024-CAKNF-009324,20241110,16,pyrologix,5,17-27,2024,0.0,0.005146586918272078,1,drone,1,9.489961992702219e-05,2310,0.0046500813764240876,True
GaussianBudget75M_MaxCov,Alder_2024-CAANF-244447,20241205,5,pyrologix,8,206-81,2024,0.0,0.004912002012133598,0,drone,1,9.489961992702219e-05,3625,0.0040806836568619545,True
GaussianBudget75M_MaxCov,Alder_2024-CASHF-000370,20240606,20,pyrologix,7,37-35,2024,0.0,0.004541949019767344,0,drone,1,9.489961992702219e-05,2855,0.0046500813764240876,True
GaussianBudget75M_MaxCov,Aliso_2024-CALPF-002588,20241010,2,pyrologix,3,none,2024,0.0,0.001885186997242272,-1,undetected,1,9.489961992702219e-05,0,0.0,False
GaussianBudget75M_MaxCov,Alpine_2024-CASTF-002246,20240924,13,pyrologix,8,114-64,2024,0.0,0.003135003033094108,0,drone,1,9.489961992702219e-05,2850,0.0046500813764240876,True
GaussianBudget75M_MaxCov,Alpine_2024-CATNF-000884,20240714,23,pyrologix,7,93-62,2024,0.0,0.0032763599883764982,0,drone,1,9.489961992702219e-05,2540,0.0046500813764240876,True
GaussianBudget75M_MaxCov,Alray_2024-CABDF-015057,20241027,21,pyrologix,8,206-88,2024,0.0,0.006815688917413354,1,drone,1,9.489961992702219e-05,3600,0.004460282136570043,True
GaussianBudget75M_MaxCov,Antelope_2024-CAPNF-000395,20240612,3,pyrologix,3,65-64,2024,0.0,0.007900594966486096,2,drone,1,9.489961992702219e-05,1650,0.004365382516643021,True
GaussianBudget75M_MaxCov,Apache_2024-CALPF-001757,20240724,1,pyrologix,1,none,2024,0.0,0.001910091028548777,-1,undetected,1,9.489961992702219e-05,0,0.0,False
GaussianBudget75M_MaxCov,Applegate_2024-CAMDF-000802,20240829,19,pyrologix,6,none,2024,0.0,0.001881399075500667,-1,undetected,1,9.489961992702219e-05,0,0.0,False
GaussianBudget75M_MaxCov,Archer_2024-CAANF-243524,20240927,6,pyrologix,6,195-71,2024,0.0,0.009687843965366483,2,drone,1,9.489961992702219e-05,3080,0.0046500813764240876,True
GaussianBudget75M_MaxCov,Argentine_2024-CAPNF-000269,20240515,17,pyrologix,4,72-59,2024,0.0,0.00209135003387928,0,drone,1,9.489961992702219e-05,1470,0.0046500813764240876,True
GaussianBudget75M_MaxCov,Arnot_2024-CASTF-001473,20240721,16,pyrologix,2,107-68,2024,0.0,0.003000608994625509,0,drone,1,9.489961992702219e-05,1020,0.0046500813764240876,True
GaussianBudget75M_MaxCov,Ash_2024-CAMDF-000501,20240724,17,pyrologix,7,43-69,2024,0.0,0.005194816971197724,1,drone,1,9.489961992702219e-05,2800,0.0046500813764240876,True
GaussianBudget75M_MaxCov,Ashpan_2024-CALNF-003573,20240627,19,pyrologix,3,51-54,2024,0.0,0.005369769991375506,1,drone,1,9.489961992702219e-05,1545,0.004555181756497065,True
GaussianBudget75M_MaxCov,Aspen_2024-CAINF-000889,20240625,10,pyrologix,9,none,2024,0.0,0.0018645779928192496,-1,undetected,1,9.489961992702219e-05,0,0.0,False
GaussianBudget75M_MaxCov,Azalea_2024-CASRF-000964,20241005,13,pyrologix,4,15-20,2024,0.0,0.0026293660048395395,0,drone,1,9.489961992702219e-05,1545,0.004555181756497065,True
GaussianBudget75M_MaxCov,Babbit_2024-CATNF-001465,20241007,18,pyrologix,6,79-68,2024,0.0,0.003524124971590936,0,drone,1,9.489961992702219e-05,2375,0.0046500813764240876,True
GaussianBudget75M_MaxCov,Babcock_2024-CAPNF-000739,20240714,21,pyrologix,11,65-64,2024,0.0,0.003989781020209193,0,drone,1,9.489961992702219e-05,3600,0.0046500813764240876,True
GaussianBudget75M_MaxCov,Back_Bone_2024-CANEU-015937,20240607,21,pyrologix,6,79-54,2024,0.0,0.005966336000710726,1,drone,1,9.489961992702219e-05,2595,0.0046500813764240876,True
GaussianBudget75M_MaxCov,Badger_2024-CASNF-000935,20240714,22,pyrologix,8,134-74,2024,0.0,0.003065073979087174,0,drone,1,9.489961992702219e-05,2710,0.004555181756497065,True
GaussianBudget75M_MaxCov,Bailey_2024-CABDF-005862,20240414,1,pyrologix,6,none,2024,0.0,0.0018242960795760155,-1,undetected,1,9.489961992702219e-05,0,0.0,False
GaussianBudget75M_MaxCov,Bailey_2024-CASRF-000702,20240803,20,pyrologix,4,52-19,2024,0.0,0.003964103991165757,0,drone,1,9.489961992702219e-05,1770,0.0046500813764240876,True
GaussianBudget75M_MaxCov,Baldwin_2024-CABDF-006762,20240506,16,pyrologix,2,none,2024,0.0,0.002043961896561086,-1,undetected,1,9.489961992702219e-05,0,0.0,False
GaussianBudget75M_MaxCov,Baldy_2024-CAANF-242409,20240715,4,pyrologix,1,206-88,2024,0.0,0.006224266951903701,1,drone,1,9.489961992702219e-05,1060,0.004460282136570043,True
GaussianBudget75M_MaxCov,Baldy_2024-CAMNF-000884,20240730,0,pyrologix,2,59-26,2024,0.0,0.004872438032180071,1,drone,1,9.489961992702219e-05,1115,0.0040806836568619545,True
GaussianBudget75M_MaxCov,Banner_2024-CATNF-001676,20241207,17,pyrologix,12,86-53,2024,0.0,0.003437982057221234,0,drone,1,9.489961992702219e-05,4650,0.0046500813764240876,True
GaussianBudget75M_MaxCov,Barbosa_2024-CAANF-242899,20240810,4,pyrologix,12,206-81,2024,0.0,0.0032574880169704556,0,drone,1,9.489961992702219e-05,4925,0.0040806836568619545,True
GaussianBudget75M_MaxCov,Barlow_2024-CASQF-001046,20240627,0,pyrologix,2,177-79,2024,0.0,0.006747452076524496,1,drone,1,9.489961992702219e-05,1305,0.0046500813764240876,True
GaussianBudget75M_MaxCov,Barrett_2024-CACNF-000708,20240518,15,pyrologix,11,244-98,2024,0.0,0.0036644359352067113,0,drone,1,9.489961992702219e-05,4225,0.0046500813764240876,True
GaussianBudget75M_MaxCov,Base_2024-CABDF-012513,20240906,0,pyrologix,1,209-96,2024,0.0,0.0033163910266011953,0,drone,1,9.489961992702219e-05,615,0.0040806836568619545,True
GaussianBudget75M_MaxCov,Basin_2024-CASHF-000799,20240826,18,pyrologix,12,52-19,2024,0.0,0.018902365933172405,-1,undetected,1,9.489961992702219e-05,4550,0.0046500813764240876,True
GaussianBudget75M_MaxCov,Basin_2024-CASNF-000731,20240626,13,pyrologix,9,141-74,2024,0.0,0.007560039986856282,1,drone,1,9.489961992702219e-05,3655,0.0046500813764240876,True
GaussianBudget75M_MaxCov,Bass_2024-CAMMU-023926,20241012,19,pyrologix,9,135-67,2024,0.0,0.009361186064779758,2,drone,1,9.489961992702219e-05,4095,0.0046500813764240876,True
GaussianBudget75M_MaxCov,Bassetts_2024-CATNF-001538,20241025,21,pyrologix,3,79-61,2024,0.0,0.006975675001740456,1,drone,1,9.489961992702219e-05,1760,0.0046500813764240876,True
GaussianBudget75M_MaxCov,Bautista_2024-CABDF-011458,20240813,15,pyrologix,7,223-101,2024,0.0,0.0025936010060831904,0,drone,1,9.489961992702219e-05,2550,0.0046500813764240876,True
GaussianBudget75M_MaxCov,Bawdy_2024-CASNF-001693,20241008,17,pyrologix,6,134-74,2024,0.0,0.007059129071421921,1,drone,1,9.489961992702219e-05,2580,0.004555181756497065,True
GaussianBudget75M_MaxCov,Beach_2024-CASQF-001885,20241006,15,pyrologix,11,177-72,2024,0.0,0.0029590330086648464,0,drone,1,9.489961992702219e-05,3810,0.0046500813764240876,True
GaussianBudget75M_MaxCov,Beal_2024-CAFKU-012210,20240614,19,pyrologix,12,142-67,2024,0.0,0.01998210302554071,-1,undetected,1,9.489961992702219e-05,5170,0.0046500813764240876,True
GaussianBudget75M_MaxCov,Bear_2024-CAANF-243255,20240904,4,pyrologix,1,206-88,2024,0.0,0.006422737962566316,1,drone,1,9.489961992702219e-05,1010,0.004460282136570043,True
GaussianBudget75M_MaxCov,Bear_2024-CAMDF-000407,20240716,19,pyrologix,9,none,2024,0.0,0.0018630379345268011,-1,undetected,1,9.489961992702219e-05,0,0.0,False
GaussianBudget75M_MaxCov,Bear_2024-CASKU-008015,20240926,8,pyrologix,7,37-56,2024,0.0,0.004976290976628661,0,drone,1,9.489961992702219e-05,2905,0.0046500813764240876,True
GaussianBudget75M_MaxCov,Bear_2024-CASRF-000951,20241002,19,pyrologix,5,45-20,2024,0.0,0.007045477977953851,1,drone,1,9.489961992702219e-05,2370,0.0046500813764240876,True
GaussianBudget75M_MaxCov,Bear_2024-CATNF-001251,20240902,16,pyrologix,10,79-68,2024,0.0,0.0028653369517996907,0,drone,1,9.489961992702219e-05,3710,0.0046500813764240876,True
GaussianBudget75M_MaxCov,Bear_2_2024-CAENF-031901,20241110,13,pyrologix,12,93-56,2024,0.0,0.01905560796149075,-1,undetected,1,9.489961992702219e-05,5565,0.0046500813764240876,True
GaussianBudget75M_MaxCov,Bear_Dam_2024-CABDF-015192,20241028,23,pyrologix,12,209-96,2024,0.0,0.019066328997723758,-1,undetected,1,9.489961992702219e-05,4610,0.004460282136570043,True
GaussianBudget75M_MaxCov,Bear_Lake_2024-CASTF-001903,20240823,14,pyrologix,4,114-64,2024,0.0,0.0025780219584703445,0,drone,1,9.489961992702219e-05,1500,0.004555181756497065,True
GaussianBudget75M_MaxCov,Beardsley_2024-CASTF-002557,20241102,22,pyrologix,3,114-64,2024,0.0,0.007023334968835115,1,drone,1,9.489961992702219e-05,1695,0.004555181756497065,True
GaussianBudget75M_MaxCov,Bee_2024-CAKNF-005736,20240716,19,pyrologix,7,none,2024,0.0,0.0020596199901774526,-1,undetected,1,9.489961992702219e-05,0,0.0,False
GaussianBudget75M_MaxCov,Bell_2024-CASTF-001979,20240830,21,pyrologix,2,114-64,2024,0.0,0.003414651029743254,0,drone,1,9.489961992702219e-05,935,0.004460282136570043,True
GaussianBudget75M_MaxCov,Bench_2024-CACNF-002603,20241110,11,pyrologix,11,none,2024,0.0,0.0018504150211811066,-1,undetected,1,9.489961992702219e-05,0,0.0,False
GaussianBudget75M_MaxCov,Berry_2024-CASRF-001009,20241017,14,pyrologix,9,45-20,2024,0.0,0.004483971046283841,0,drone,1,9.489961992702219e-05,3390,0.0046500813764240876,True
GaussianBudget75M_MaxCov,Big_2024-CAANF-243530,20240927,19,pyrologix,1,195-71,2024,0.0,0.0023835119791328907,0,drone,1,9.489961992702219e-05,535,0.00389088441700791,True
GaussianBudget75M_MaxCov,Big_2024-CASQF-000665,20240526,16,pyrologix,9,147-79,2024,0.0,0.00851322605740279,2,drone,1,9.489961992702219e-05,4205,0.0046500813764240876,True
GaussianBudget75M_MaxCov,Billy_2024-CASNF-001544,20240915,18,pyrologix,1,134-74,2024,0.0,0.007320117903873324,2,drone,1,9.489961992702219e-05,1060,0.004555181756497065,True
GaussianBudget75M_MaxCov,Bingham_2024-CAKNF-006782,20240817,22,pyrologix,4,31-31,2024,0.0,0.0039764969842508435,0,drone,1,9.489961992702219e-05,1705,0.0046500813764240876,True
GaussianBudget75M_MaxCov,Bitter_2024-CAANF-244511,20241211,10,pyrologix,10,195-71,2024,0.0,0.005946266930550337,1,drone,1,9.489961992702219e-05,3790,0.0046500813764240876,True
GaussianBudget75M_MaxCov,Bizz_2024-CALMU-003272,20240615,11,pyrologix,6,58-61,2024,0.0,0.0028800630243495107,0,drone,1,9.489961992702219e-05,2160,0.0046500813764240876,True
GaussianBudget75M_MaxCov,Black_2024-CAENF-020571,20240721,23,pyrologix,1,93-62,2024,0.0,0.004406715044751763,1,drone,1,9.489961992702219e-05,715,0.004365382516643021,True
GaussianBudget75M_MaxCov,Black_2024-CAPNF-000439,20240619,20,pyrologix,4,72-52,2024,0.0,0.012829355080612004,4,drone,1,9.489961992702219e-05,3170,0.0046500813764240876,True
GaussianBudget75M_MaxCov,Blackhawk_2024-CAPNF-000215,20240429,15,pyrologix,6,72-59,2024,0.0,0.003047497011721134,0,drone,1,9.489961992702219e-05,2215,0.0046500813764240876,True
GaussianBudget75M_MaxCov,Blue_2024-CAANF-242070,20240702,17,pyrologix,4,206-88,2024,0.0,0.006934668053872883,1,drone,1,9.489961992702219e-05,2305,0.004460282136570043,True
GaussianBudget75M_MaxCov,Blue_2024-CABDF-010473,20240721,21,pyrologix,1,209-96,2024,0.0,0.005793554009869695,1,drone,1,9.489961992702219e-05,910,0.004460282136570043,True
GaussianBudget75M_MaxCov,Blue_2024-CAKNF-005703,20240716,0,pyrologix,2,17-34,2024,0.0,0.006003028945997357,1,drone,1,9.489961992702219e-05,1325,0.003985784036934932,True
GaussianBudget75M_MaxCov,Blue_2024-CANEU-024723,20240819,5,pyrologix,10,86-60,2024,0.0,0.003053577966056764,0,drone,1,9.489961992702219e-05,3770,0.0046500813764240876,True
GaussianBudget75M_MaxCov,Blue_2024-CASTF-001688,20240803,15,pyrologix,11,none,2024,0.0,0.001881461008451879,-1,undetected,1,9.489961992702219e-05,0,0.0,False
GaussianBudget75M_MaxCov,Blue_2024-CATNF-000587,20240615,15,pyrologix,2,86-60,2024,0.0,0.0029837030451744795,0,drone,1,9.489961992702219e-05,955,0.0046500813764240876,True
GaussianBudget75M_MaxCov,Blue_2024-CATNF-001491,20241013,17,pyrologix,4,86-60,2024,0.0,0.00425908004399389,0,drone,1,9.489961992702219e-05,1825,0.0046500813764240876,True
GaussianBudget75M_MaxCov,Bluff_2024-CABDF-012418,20240903,22,pyrologix,8,209-96,2024,0.0,0.009282218990847468,2,drone,1,9.489961992702219e-05,3755,0.004460282136570043,True
GaussianBudget75M_MaxCov,Bluff_2024-CASNF-000709,20240625,20,pyrologix,11,141-74,2024,0.0,0.006951921037398279,1,drone,1,9.489961992702219e-05,4285,0.0046500813764240876,True
GaussianBudget75M_MaxCov,Board_2024-CAMNF-001150,20240905,22,pyrologix,11,66-26,2024,0.0,0.01958963496144861,-1,undetected,1,9.489961992702219e-05,5180,0.0046500813764240876,True
GaussianBudget75M_MaxCov,Bobcat_2024-CABDF-012662,20240909,13,pyrologix,4,209-96,2024,0.0,0.006670785951428115,1,drone,1,9.489961992702219e-05,2035,0.004460282136570043,True
GaussianBudget75M_MaxCov,Boca_2024-CATNF-000758,20240702,0,pyrologix,2,86-67,2024,0.0,0.003120430978015065,0,drone,1,9.489961992702219e-05,800,0.004365382516643021,True
GaussianBudget75M_MaxCov,Boise_2024-CASRF-000729,20240809,14,pyrologix,4,31-24,2024,0.0,0.003140005050227046,0,drone,1,9.489961992702219e-05,1675,0.004555181756497065,True
GaussianBudget75M_MaxCov,Bolam_2024-CASHF-000046,20240120,14,pyrologix,10,30-45,2024,0.0,0.0032345440704375505,0,drone,1,9.489961992702219e-05,3475,0.0046500813764240876,True
GaussianBudget75M_MaxCov,Borel_2024-CASQF-001362,20240724,17,pyrologix,6,177-72,2024,0.0,0.005057165049947798,0,drone,1,9.489961992702219e-05,2150,0.0046500813764240876,True
GaussianBudget75M_MaxCov,Boulder_2024-CASQF-001251,20240713,20,pyrologix,5,147-79,2024,0.0,0.008745892089791596,2,drone,1,9.489961992702219e-05,2765,0.0046500813764240876,True
GaussianBudget75M_MaxCov,Bouquet_2024-CAANF-242717,20240730,11,pyrologix,6,none,2024,0.0,0.0018678110791370273,-1,undetected,1,9.489961992702219e-05,0,0.0,False
GaussianBudget75M_MaxCov,Bradley_2024-CASHF-000897,20240915,20,pyrologix,7,37-42,2024,0.0,0.0024003719445317984,0,drone,1,9.489961992702219e-05,2285,0.0046500813764240876,True
GaussianBudget75M_MaxCov,Bragdon_2024-CASHF-000759,20240818,22,pyrologix,7,44-34,2024,0.0,0.006031907978467643,1,drone,1,9.489961992702219e-05,3270,0.0046500813764240876,True
GaussianBudget75M_MaxCov,Bremer_2024-CASRF-000319,20240606,19,pyrologix,7,38-21,2024,0.0,0.0023728510132059455,0,drone,1,9.489961992702219e-05,2500,0.0046500813764240876,True
GaussianBudget75M_MaxCov,Brewer_2024-CASNF-000936,20240714,1,pyrologix,4,141-74,2024,0.0,0.005893456982448697,0,drone,1,9.489961992702219e-05,1595,0.004555181756497065,True
GaussianBudget75M_MaxCov,Bridge_2024-CAANF-243334,20240908,18,pyrologix,7,206-88,2024,0.0,0.0038081579841673374,0,drone,1,9.489961992702219e-05,2925,0.004460282136570043,True
GaussianBudget75M_MaxCov,Bridge_2024-CAKNF-002497,20240408,21,pyrologix,5,23-39,2024,0.0,0.0030216840095818043,0,drone,1,9.489961992702219e-05,1980,0.0046500813764240876,True
GaussianBudget75M_MaxCov,Brimstone_2024-CATNF-000879,20240713,19,pyrologix,4,86-53,2024,0.0,0.005038711009547114,1,drone,1,9.489961992702219e-05,1925,0.0046500813764240876,True
GaussianBudget75M_MaxCov,Brook_2024-CABDF-008848,20240616,19,pyrologix,5,206-88,2024,0.0,0.0027596469735726714,0,drone,1,9.489961992702219e-05,2110,0.004460282136570043,True
GaussianBudget75M_MaxCov,Brooks_2024-CATNF-000530,20240606,23,pyrologix,6,79-68,2024,0.0,0.005826305947266519,0,drone,1,9.489961992702219e-05,2335,0.0046500813764240876,True
GaussianBudget75M_MaxCov,Browns_2024-CABTU-017716,20240919,16,pyrologix,6,65-50,2024,0.0,0.00227702793199569,0,drone,1,9.489961992702219e-05,2215,0.0046500813764240876,True
GaussianBudget75M_MaxCov,Browns_2024-CALNF-005269,20240902,14,pyrologix,7,65-50,2024,0.0,0.0049232629826292396,0,drone,1,9.489961992702219e-05,2885,0.0046500813764240876,True
GaussianBudget75M_MaxCov,Brubaker_2024-CALPF-002880,20241111,23,pyrologix,7,none,2024,0.0,0.0018825100269168615,-1,undetected,1,9.489961992702219e-05,0,0.0,False
GaussianBudget75M_MaxCov,Buck_2024-CAANF-244182,20241111,21,pyrologix,4,206-81,2024,0.0,0.003295960952527821,0,drone,1,9.489961992702219e-05,1695,0.0040806836568619545,True
GaussianBudget75M_MaxCov,Bucks_2024-CAPNF-000224,20240501,19,pyrologix,5,72-52,2024,0.0,0.007269377936609089,1,drone,1,9.489961992702219e-05,2765,0.0046500813764240876,True
GaussianBudget75M_MaxCov,Buena_2024-CAANF-242408,20240715,0,pyrologix,7,201-76,2024,0.0,0.0025151040172204375,0,drone,1,9.489961992702219e-05,2465,0.004555181756497065,True
GaussianBudget75M_MaxCov,Bug_2024-CAANF-242377,20240714,4,pyrologix,12,206-81,2024,0.0,0.02011279808357358,-1,undetected,1,9.489961992702219e-05,5440,0.0040806836568619545,True
GaussianBudget75M_MaxCov,Bull_2024-CASTF-001058,20240625,22,pyrologix,9,114-64,2024,0.0,0.006076183984987438,1,drone,1,9.489961992702219e-05,3535,0.0046500813764240876,True
GaussianBudget75M_MaxCov,Bull_2024-CATNF-000923,20240718,14,pyrologix,2,86-67,2024,0.0,0.002679591067135334,0,drone,1,9.489961992702219e-05,870,0.004365382516643021,True
GaussianBudget75M_MaxCov,Bunker_2024-CAENF-031192,20241103,12,pyrologix,7,93-62,2024,0.0,0.0023595349630340934,0,drone,1,9.489961992702219e-05,2435,0.0046500813764240876,True
GaussianBudget75M_MaxCov,Burro_2024-CAANF-241787,20240616,17,pyrologix,8,206-81,2024,0.0,0.007636780035682023,1,drone,1,9.489961992702219e-05,4005,0.0040806836568619545,True
GaussianBudget75M_MaxCov,Butte_2024-CAKNF-008406,20241009,18,pyrologix,4,30-52,2024,0.0,0.006063962006010115,1,drone,1,9.489961992702219e-05,2180,0.0046500813764240876,True
GaussianBudget75M_MaxCov,Buttermilks_2024-CAINF-001887,20241010,18,pyrologix,3,none,2024,0.0,0.0019133969908580184,-1,undetected,1,9.489961992702219e-05,0,0.0,False
GaussianBudget75M_MaxCov,Buzzard_2024-CATNF-001488,20241012,16,pyrologix,12,86-60,2024,0.0,0.004484737990424037,0,drone,1,9.489961992702219e-05,4695,0.0046500813764240876,True
GaussianBudget75M_MaxCov,Cable_2024-CALPF-001257,20240614,16,pyrologix,11,none,2024,0.0,0.0018824180588126183,-1,undetected,1,9.489961992702219e-05,0,0.0,False
GaussianBudget75M_MaxCov,Cachuma_2024-CALPF-002151,20240826,18,pyrologix,9,none,2024,0.0,0.0018937720451503992,-1,undetected,1,9.489961992702219e-05,0,0.0,False
GaussianBudget75M_MaxCov,Cactus_2024-CABDF-013456,20240927,17,pyrologix,8,none,2024,0.0,0.0018895589746534824,-1,undetected,1,9.489961992702219e-05,0,0.0,False
GaussianBudget75M_MaxCov,Campfire_2024-CASQF-000561,20240514,22,pyrologix,12,170-77,2024,0.0,0.005449788994155824,0,drone,1,9.489961992702219e-05,4470,0.0046500813764240876,True
GaussianBudget75M_MaxCov,Campground_2024-CAINF-001022,20240706,14,pyrologix,2,none,2024,0.0,0.0025889090029522777,-1,undetected,1,9.489961992702219e-05,0,0.0,False
GaussianBudget75M_MaxCov,Canal_2024-CABDF-016192,20241109,14,pyrologix,5,209-96,2024,0.0,0.00420821295119822,0,drone,1,9.489961992702219e-05,2130,0.004460282136570043,True
GaussianBudget75M_MaxCov,Canyon_2024-CAANF-243072,20240822,20,pyrologix,8,201-76,2024,0.0,0.010897258995100856,1,drone,1,9.489961992702219e-05,3285,0.004555181756497065,True
GaussianBudget75M_MaxCov,Canyon_2024-CACNF-000183,20240207,4,pyrologix,12,none,2024,0.0,0.001911162049509585,-1,undetected,1,9.489961992702219e-05,0,0.0,False
GaussianBudget75M_MaxCov,Canyon_2024-CAKNF-006803,20240818,11,pyrologix,7,24-32,2024,0.0,0.007503350032493472,1,drone,1,9.489961992702219e-05,3395,0.0046500813764240876,True
GaussianBudget75M_MaxCov,Canyon_2024-CALPF-001838,20240801,9,pyrologix,11,none,2024,0.0,0.0019125849939882755,-1,undetected,1,9.489961992702219e-05,0,0.0,False
GaussianBudget75M_MaxCov,Canyon_2024-CASHF-000754,20240817,20,pyrologix,5,45-27,2024,0.0,0.0034490859834477305,0,drone,1,9.489961992702219e-05,1875,0.0046500813764240876,True
GaussianBudget75M_MaxCov,Canyon_2024-CASTF-001749,20240809,5,pyrologix,6,114-57,2024,0.0,0.00236010504886508,0,drone,1,9.489961992702219e-05,2455,0.0046500813764240876,True
GaussianBudget75M_MaxCov,Canyon_2024-CATMU-024403,20240827,17,pyrologix,4,93-62,2024,0.0,0.0057823340175673366,1,drone,1,9.489961992702219e-05,1860,0.0046500813764240876,True
GaussianBudget75M_MaxCov,Capitan_2024-CACNF-001149,20240628,15,pyrologix,8,244-98,2024,0.0,0.005919893039390445,1,drone,1,9.489961992702219e-05,3430,0.0046500813764240876,True
GaussianBudget75M_MaxCov,Capps_2024-CAENF-021415,20240729,2,pyrologix,10,100-61,2024,0.0,0.0068407910875976086,1,drone,1,9.489961992702219e-05,4345,0.0046500813764240876,True
GaussianBudget75M_MaxCov,Carmen_2024-CAPNF-000932,20240805,18,pyrologix,2,72-59,2024,0.0,0.002113154041580856,0,drone,1,9.489961992702219e-05,815,0.0046500813764240876,True
GaussianBudget75M_MaxCov,Carmen_2024-CATNF-001052,20240804,16,pyrologix,2,79-61,2024,0.0,0.002528036944568157,0,drone,1,9.489961992702219e-05,855,0.004175583276788976,True
GaussianBudget75M_MaxCov,Cassel_2024-CASHU-011470,20241008,20,pyrologix,2,44-55,2024,0.0,0.0056056169560179114,1,drone,1,9.489961992702219e-05,1215,0.004555181756497065,True
GaussianBudget75M_MaxCov,Castle_2024-CASNF-000932,20240714,22,pyrologix,6,none,2024,0.0,0.0019047219539061189,-1,undetected,1,9.489961992702219e-05,0,0.0,False
GaussianBudget75M_MaxCov,Cattle_2024-CAANF-242372,20240714,0,pyrologix,11,206-81,2024,0.0,0.0043153290171176195,0,drone,1,9.489961992702219e-05,4720,0.0040806836568619545,True
GaussianBudget75M_MaxCov,Cave_2024-CALPF-002253,20240904,23,pyrologix,1,none,2024,0.0,0.001973596983589232,-1,undetected,1,9.489961992702219e-05,0,0.0,False
GaussianBudget75M_MaxCov,Caves_2024-CAINF-000643,20240526,12,pyrologix,11,127-76,2024,0.0,0.006341325934045017,1,drone,1,9.489961992702219e-05,4445,0.0046500813764240876,True
GaussianBudget75M_MaxCov,Cayuse_2024-CAKNF-002498,20240409,21,pyrologix,8,23-39,2024,0.0,0.0037075229920446873,0,drone,1,9.489961992702219e-05,3070,0.0046500813764240876,True
GaussianBudget75M_MaxCov,Cedar_2024-CABDF-006927,20240510,13,pyrologix,5,223-101,2024,0.0,0.004157289979048073,0,drone,1,9.489961992702219e-05,2230,0.0046500813764240876,True
GaussianBudget75M_MaxCov,Cedar_2024-CASRF-000606,20240717,19,pyrologix,9,38-21,2024,0.0,0.006265535019338131,1,drone,1,9.489961992702219e-05,3620,0.0046500813764240876,True
GaussianBudget75M_MaxCov,Cemetery_2024-CAINF-001307,20240730,20,pyrologix,1,none,2024,0.0,0.0022230129688978195,-1,undetected,1,9.489961992702219e-05,0,0.0,False
GaussianBudget75M_MaxCov,Center_2024-CAANF-241387,20240521,20,pyrologix,1,195-71,2024,0.0,0.00144749297760427,0,drone,1,9.489961992702219e-05,415,0.003226587077518755,True
GaussianBudget75M_MaxCov,Chandler_2024-CAPNF-000653,20240706,4,pyrologix,11,72-59,2024,0.0,0.003926100907847285,0,drone,1,9.489961992702219e-05,4025,0.0046500813764240876,True
GaussianBudget75M_MaxCov,Cherry_2024-CAANF-241157,20240501,23,pyrologix,4,195-71,2024,0.0,0.007894373033195734,2,drone,1,9.489961992702219e-05,2180,0.0046500813764240876,True
GaussianBudget75M_MaxCov,Cherry_2024-CASTF-001057,20240625,18,pyrologix,12,114-64,2024,0.0,0.0063898119842633605,1,drone,1,9.489961992702219e-05,4545,0.0046500813764240876,True
GaussianBudget75M_MaxCov,Chilao_2024-CAANF-244171,20241111,19,pyrologix,10,206-81,2024,0.0,0.00425355602055788,0,drone,1,9.489961992702219e-05,4210,0.0040806836568619545,True
GaussianBudget75M_MaxCov,Chip_2024-CAKNF-000790,20240130,17,pyrologix,3,23-39,2024,0.0,0.0022246139124035835,0,drone,1,9.489961992702219e-05,1155,0.0046500813764240876,True
GaussianBudget75M_MaxCov,Chipmunk_2024-CAKNF-006947,20240822,16,pyrologix,4,24-32,2024,0.0,0.0052404230227693915,1,drone,1,9.489961992702219e-05,2040,0.0046500813764240876,True
GaussianBudget75M_MaxCov,Cinder_2024-CASHF-000109,20240227,14,pyrologix,12,30-45,2024,0.0,0.003941478906199336,0,drone,1,9.489961992702219e-05,4300,0.0046500813764240876,True
GaussianBudget75M_MaxCov,Circle_2024-CABDF-011098,20240805,4,pyrologix,9,206-88,2024,0.0,0.003627919009886682,0,drone,1,9.489961992702219e-05,3555,0.004460282136570043,True
GaussianBudget75M_MaxCov,Cisco_2024-CATNF-000949,20240721,20,pyrologix,5,86-60,2024,0.0,0.006592929014004767,1,drone,1,9.489961992702219e-05,2515,0.0046500813764240876,True
GaussianBudget75M_MaxCov,City_2024-CABDF-008910,20240618,15,pyrologix,3,209-96,2024,0.0,0.0043146510142832994,0,drone,1,9.489961992702219e-05,1505,0.004460282136570043,True
GaussianBudget75M_MaxCov,Clavey_2024-CASTF-001059,20240625,2,pyrologix,1,121-61,2024,0.0,0.004396500997245312,1,drone,1,9.489961992702219e-05,790,0.004555181756497065,True
GaussianBudget75M_MaxCov,Claw_2024-CASNF-001572,20240920,13,pyrologix,9,141-74,2024,0.0,0.002802702016197145,0,drone,1,9.489961992702219e-05,3085,0.0046500813764240876,True
GaussianBudget75M_MaxCov,Clear_2024-CAMDF-000244,20240626,18,pyrologix,7,none,2024,0.0,0.0019096259493380785,-1,undetected,1,9.489961992702219e-05,0,0.0,False
GaussianBudget75M_MaxCov,Clear_2024-CATNF-001267,20240906,20,pyrologix,2,86-60,2024,0.0,0.003311765962280333,0,drone,1,9.489961992702219e-05,1015,0.0046500813764240876,True
GaussianBudget75M_MaxCov,Clearwater_2024-CAANF-242776,20240803,21,pyrologix,9,195-71,2024,0.0,0.0034210250014439225,0,drone,1,9.489961992702219e-05,3220,0.0046500813764240876,True
GaussianBudget75M_MaxCov,Cleghorn_2024-CABDF-010652,20240726,3,pyrologix,5,206-88,2024,0.0,0.002917267964221537,0,drone,1,9.489961992702219e-05,2110,0.004460282136570043,True
GaussianBudget75M_MaxCov,Cliff_2024-CASNF-000512,20240602,14,pyrologix,12,141-74,2024,0.0,0.004123285063542426,0,drone,1,9.489961992702219e-05,4230,0.0046500813764240876,True
GaussianBudget75M_MaxCov,Cloud_2024-CAMDF-000692,20240817,18,pyrologix,8,none,2024,0.0,0.001905005075968802,-1,undetected,1,9.489961992702219e-05,0,0.0,False
GaussianBudget75M_MaxCov,Club_2024-CASRF-000156,20240412,16,pyrologix,11,38-21,2024,0.0,0.0030513560632243752,0,drone,1,9.489961992702219e-05,3875,0.0046500813764240876,True
GaussianBudget75M_MaxCov,Coarse_2024-CAANF-244555,20241215,1,pyrologix,7,201-76,2024,0.0,0.007558281999081373,1,drone,1,9.489961992702219e-05,3080,0.004555181756497065,True
GaussianBudget75M_MaxCov,Coast_2024-CALPF-001296,20240617,19,pyrologix,4,none,2024,0.0,0.0021169859683141112,-1,undetected,1,9.489961992702219e-05,0,0.0,False
GaussianBudget75M_MaxCov,Coble_Spring_2024-CALNF-002129,20240424,21,pyrologix,9,44-55,2024,0.0,0.008057106984779239,2,drone,1,9.489961992702219e-05,3685,0.0046500813764240876,True
GaussianBudget75M_MaxCov,Coffee_2024-CASRF-001103,20241209,16,pyrologix,8,31-24,2024,0.0,0.006490102969110012,1,drone,1,9.489961992702219e-05,3575,0.0046500813764240876,True
GaussianBudget75M_MaxCov,Cold_2024-CAANF-244599,20241219,4,pyrologix,8,206-81,2024,0.0,0.006037265993654728,1,drone,1,9.489961992702219e-05,3680,0.0040806836568619545,True
GaussianBudget75M_MaxCov,Cold_2024-CASQF-001253,20240713,22,pyrologix,1,163-78,2024,0.0,0.0019409980159252882,0,drone,1,9.489961992702219e-05,515,0.0034163863173727986,True
GaussianBudget75M_MaxCov,Cole_2024-CAENF-027933,20240930,15,pyrologix,5,107-61,2024,0.0,0.004594875033944845,0,drone,1,9.489961992702219e-05,2175,0.0046500813764240876,True
GaussianBudget75M_MaxCov,College_2024-CAINF-001563,20240827,14,pyrologix,3,127-76,2024,0.0,0.00413134996779263,0,drone,1,9.489961992702219e-05,1340,0.004460282136570043,True
GaussianBudget75M_MaxCov,Coloma_2024-CATNF-001057,20240804,18,pyrologix,10,79-54,2024,0.0,0.005946532008238137,1,drone,1,9.489961992702219e-05,3790,0.0046500813764240876,True
GaussianBudget75M_MaxCov,Con_2024-CAFKU-019749,20240910,15,pyrologix,9,149-72,2024,0.0,0.005088772042654455,0,drone,1,9.489961992702219e-05,3540,0.0046500813764240876,True
GaussianBudget75M_MaxCov,Cone_2024-CAINF-001223,20240722,22,pyrologix,9,127-76,2024,0.0,0.005827135988511145,1,drone,1,9.489961992702219e-05,3625,0.0046500813764240876,True
GaussianBudget75M_MaxCov,Connection_2024-CAINF-001054,20240708,20,pyrologix,8,124-80,2024,0.0,0.0024462529690936208,0,drone,1,9.489961992702219e-05,2700,0.0046500813764240876,True
GaussianBudget75M_MaxCov,Conrad_2024-CASHF-000596,20240718,7,pyrologix,8,45-27,2024,0.0,0.0071509541012346745,1,drone,1,9.489961992702219e-05,3360,0.0046500813764240876,True
GaussianBudget75M_MaxCov,Copper_2024-CAANF-242334,20240713,23,pyrologix,9,195-71,2024,0.0,0.0075869329739362,1,drone,1,9.489961992702219e-05,3705,0.0046500813764240876,True
GaussianBudget75M_MaxCov,Copper_2024-CAKNF-007887,20240921,20,pyrologix,6,17-34,2024,0.0,0.0022376939887180924,0,drone,1,9.489961992702219e-05,2120,0.003985784036934932,True
GaussianBudget75M_MaxCov,Coppins_2024-CATNF-000957,20240722,23,pyrologix,1,79-61,2024,0.0,0.005141341942362487,1,drone,1,9.489961992702219e-05,855,0.004175583276788976,True
GaussianBudget75M_MaxCov,Cougar_2024-CABDF-010555,20240723,16,pyrologix,10,none,2024,0.0,0.0018950370140373707,-1,undetected,1,9.489961992702219e-05,0,0.0,False
GaussianBudget75M_MaxCov,Cougar_2024-CAKNF-005306,20240706,18,pyrologix,4,17-27,2024,0.0,0.003132543060928583,0,drone,1,9.489961992702219e-05,1745,0.0046500813764240876,True
GaussianBudget75M_MaxCov,Cow_2024-CASQF-000568,20240515,13,pyrologix,12,177-72,2024,0.0,0.0032407509861513972,0,drone,1,9.489961992702219e-05,4210,0.0046500813764240876,True
GaussianBudget75M_MaxCov,Coyote_2024-CAINF-001280,20240726,12,pyrologix,11,none,2024,0.0,0.0019313559168949723,-1,undetected,1,9.489961992702219e-05,0,0.0,False
GaussianBudget75M_MaxCov,Craigs_2024-CASRF-000026,20240128,14,pyrologix,10,15-20,2024,0.0,0.003386164898984134,0,drone,1,9.489961992702219e-05,3760,0.0046500813764240876,True
GaussianBudget75M_MaxCov,Craigs_Access_2024-CASRF-000181,20240421,19,pyrologix,4,15-20,2024,0.0,0.002350037917494774,0,drone,1,9.489961992702219e-05,1545,0.004555181756497065,True
GaussianBudget75M_MaxCov,Crater_2024-CAINF-001082,20240710,17,pyrologix,6,127-76,2024,0.0,0.0035627259640023112,0,drone,1,9.489961992702219e-05,2270,0.004555181756497065,True
GaussianBudget75M_MaxCov,Crater_2024-CASNF-000937,20240714,21,pyrologix,11,134-74,2024,0.0,0.0037879369920119643,0,drone,1,9.489961992702219e-05,3735,0.0046500813764240876,True
GaussianBudget75M_MaxCov,Creek_2024-CAANF-242047,20240701,3,pyrologix,2,201-76,2024,0.0,0.0026977910893037915,0,drone,1,9.489961992702219e-05,920,0.004365382516643021,True
GaussianBudget75M_MaxCov,Creek_2024-CABDF-007154,20240514,19,pyrologix,8,209-96,2024,0.0,0.005623841076157987,0,drone,1,9.489961992702219e-05,3135,0.004460282136570043,True
GaussianBudget75M_MaxCov,Creek_2024-CAINF-001185,20240719,22,pyrologix,6,124-80,2024,0.0,0.0023814989253878593,0,drone,1,9.489961992702219e-05,2010,0.004555181756497065,True
GaussianBudget75M_MaxCov,Creek_2024-CAKNF-002761,20240418,16,pyrologix,9,17-27,2024,0.0,0.005276958923786879,0,drone,1,9.489961992702219e-05,3535,0.0046500813764240876,True
GaussianBudget75M_MaxCov,Crest_2024-CAANF-241274,20240514,2,pyrologix,9,206-81,2024,0.0,0.004825273994356394,0,drone,1,9.489961992702219e-05,3935,0.0040806836568619545,True
GaussianBudget75M_MaxCov,Crozier_2024-CAAEU-022341,20240807,4,pyrologix,3,93-56,2024,0.0,0.005354508990421891,1,drone,1,9.489961992702219e-05,1760,0.0046500813764240876,True
GaussianBudget75M_MaxCov,Crystal_2024-CATNF-000881,20240713,21,pyrologix,5,86-67,2024,0.0,0.0022958519402891397,0,drone,1,9.489961992702219e-05,1840,0.004460282136570043,True
GaussianBudget75M_MaxCov,Cuesta_2024-CAPNF-001560,20241206,15,pyrologix,11,72-66,2024,0.0,0.006747724954038858,1,drone,1,9.489961992702219e-05,4190,0.0046500813764240876,True
GaussianBudget75M_MaxCov,Curl_2024-CASHF-000768,20240819,22,pyrologix,7,44-41,2024,0.0,0.007173827034421265,1,drone,1,9.489961992702219e-05,3320,0.0046500813764240876,True
GaussianBudget75M_MaxCov,Cyrus_2024-CASQF-001912,20241011,20,pyrologix,2,170-77,2024,0.0,0.004502429044805467,1,drone,1,9.489961992702219e-05,1135,0.004460282136570043,True
GaussianBudget75M_MaxCov,Dam_2024-CAANF-242212,20240707,23,pyrologix,7,206-81,2024,0.0,0.00245001504663378,0,drone,1,9.489961992702219e-05,2930,0.0040806836568619545,True
GaussianBudget75M_MaxCov,Dam_2024-CASRF-000556,20240714,9,pyrologix,4,52-19,2024,0.0,0.0031720950501039624,0,drone,1,9.489961992702219e-05,1670,0.0046500813764240876,True
GaussianBudget75M_MaxCov,Dark_2024-CAKNF-006777,20240817,17,pyrologix,9,31-31,2024,0.0,0.0032149339094758034,0,drone,1,9.489961992702219e-05,3300,0.0046500813764240876,True
GaussianBudget75M_MaxCov,Darling_2024-CAENF-030342,20241024,17,pyrologix,11,93-56,2024,0.0,0.00618639902677387,0,drone,1,9.489961992702219e-05,4390,0.0046500813764240876,True
GaussianBudget75M_MaxCov,Deadman_2024-CAINF-001614,20240831,18,pyrologix,8,124-80,2024,0.0,0.006411828100681305,1,drone,1,9.489961992702219e-05,3140,0.0046500813764240876,True
GaussianBudget75M_MaxCov,Deer_2024-CAINF-001323,20240801,21,pyrologix,2,none,2024,0.0,0.0018735150806605816,-1,undetected,1,9.489961992702219e-05,0,0.0,False
GaussianBudget75M_MaxCov,Deer_2024-CALNF-003958,20240710,14,pyrologix,12,58-54,2024,0.0,0.004089746973477304,0,drone,1,9.489961992702219e-05,4595,0.0046500813764240876,True
GaussianBudget75M_MaxCov,Deer_2024-CATMU-022426,20240807,17,pyrologix,12,86-67,2024,0.0,0.004914285033009946,0,drone,1,9.489961992702219e-05,4660,0.004460282136570043,True
GaussianBudget75M_MaxCov,Del_Sur_2024-CAANF-242021,20240630,20,pyrologix,12,none,2024,0.0,0.0018509270157665014,-1,undetected,1,9.489961992702219e-05,0,0.0,False
GaussianBudget75M_MaxCov,Dell_2024-CABDF-011704,20240819,1,pyrologix,10,206-88,2024,0.0,0.006954495911486447,1,drone,1,9.489961992702219e-05,4115,0.004460282136570043,True
GaussianBudget75M_MaxCov,Delonegha_2024-CASQF-001752,20240920,17,pyrologix,11,177-72,2024,0.0,0.003490398987196386,0,drone,1,9.489961992702219e-05,3880,0.0046500813764240876,True
GaussianBudget75M_MaxCov,Desert_2024-CACNF-000097,20240116,19,pyrologix,2,none,2024,0.0,0.0019006049260497093,-1,undetected,1,9.489961992702219e-05,0,0.0,False
GaussianBudget75M_MaxCov,Dime_2024-CAANF-242179,20240706,23,pyrologix,11,206-88,2024,0.0,0.004044778062961996,0,drone,1,9.489961992702219e-05,4220,0.004460282136570043,True
GaussianBudget75M_MaxCov,Dinkey_2024-CASNF-001040,20240722,16,pyrologix,5,141-74,2024,0.0,0.0022053599823266268,0,drone,1,9.489961992702219e-05,1725,0.004555181756497065,True
GaussianBudget75M_MaxCov,Dodge_2024-CASTF-001338,20240713,0,pyrologix,1,114-64,2024,0.0,0.004936974961310625,1,drone,1,9.489961992702219e-05,855,0.004270482896715999,True
GaussianBudget75M_MaxCov,Dog_2024-CATNF-000540,20240607,20,pyrologix,4,86-67,2024,0.0,0.004147970932535827,0,drone,1,9.489961992702219e-05,1720,0.004460282136570043,True
GaussianBudget75M_MaxCov,Dog_2024-CATNF-001401,20240929,1,pyrologix,11,86-67,2024,0.0,0.005385376047343016,0,drone,1,9.489961992702219e-05,4300,0.004460282136570043,True
GaussianBudget75M_MaxCov,Don_2024-CASQF-001286,20240716,14,pyrologix,5,147-79,2024,0.0,0.0023239320144057274,0,drone,1,9.489961992702219e-05,1775,0.0046500813764240876,True
GaussianBudget75M_MaxCov,Donahue_2024-CASRF-000457,20240705,2,pyrologix,7,24-25,2024,0.0,0.010657620034180582,3,drone,1,9.489961992702219e-05,3390,0.0046500813764240876,True
GaussianBudget75M_MaxCov,Doski_2024-CAANF-244398,20241129,16,pyrologix,11,201-76,2024,0.0,0.003974050981923938,0,drone,1,9.489961992702219e-05,4015,0.004555181756497065,True
GaussianBudget75M_MaxCov,Double_2024-CASTF-002437,20241013,19,pyrologix,7,107-68,2024,0.0,0.003822133061476052,0,drone,1,9.489961992702219e-05,2860,0.0046500813764240876,True
GaussianBudget75M_MaxCov,Drink_2024-CAANF-243958,20241027,14,pyrologix,7,195-71,2024,0.0,0.002581859938800335,0,drone,1,9.489961992702219e-05,2490,0.0046500813764240876,True
GaussianBudget75M_MaxCov,Duck_2024-CASTF-001404,20240716,12,pyrologix,11,107-68,2024,0.0,0.005929821985773742,1,drone,1,9.489961992702219e-05,4565,0.0046500813764240876,True
GaussianBudget75M_MaxCov,Duckwall_2024-CASTF-001025,20240622,15,pyrologix,12,114-64,2024,0.0,0.007585098035633564,1,drone,1,9.489961992702219e-05,4590,0.0046500813764240876,True
GaussianBudget75M_MaxCov,Dump_2024-CASNF-001076,20240727,23,pyrologix,5,128-69,2024,0.0,0.0025321829598397017,0,drone,1,9.489961992702219e-05,1925,0.004555181756497065,True
GaussianBudget75M_MaxCov,E-1_Logan_2024-CALNF-006082,20241007,17,pyrologix,7,58-61,2024,0.0,0.007233957061544061,1,drone,1,9.489961992702219e-05,3025,0.0046500813764240876,True
GaussianBudget75M_MaxCov,E-1_Martin_2024-CALNF-003136,20240610,21,pyrologix,3,58-61,2024,0.0,0.005592113942839205,1,drone,1,9.489961992702219e-05,1540,0.004460282136570043,True
GaussianBudget75M_MaxCov,E-3_2024-CALNF-005586,20240916,23,pyrologix,6,51-61,2024,0.0,0.0024246099637821317,0,drone,1,9.489961992702219e-05,2340,0.0046500813764240876,True
GaussianBudget75M_MaxCov,Eagle_2024-CALMU-002928,20240601,0,pyrologix,4,58-61,2024,0.0,0.005287976935505867,1,drone,1,9.489961992702219e-05,1830,0.004555181756497065,True
GaussianBudget75M_MaxCov,Eagle_2024-CALNF-006194,20241013,14,pyrologix,9,51-61,2024,0.0,0.0043971160193905234,0,drone,1,9.489961992702219e-05,3450,0.0046500813764240876,True
GaussianBudget75M_MaxCov,Eagle_2024-CAPNF-000654,20240706,6,pyrologix,10,72-59,2024,0.0,0.0028321879217401147,0,drone,1,9.489961992702219e-05,3560,0.0046500813764240876,True
GaussianBudget75M_MaxCov,Eagle_2024-CATNF-000988,20240728,18,pyrologix,1,86-60,2024,0.0,0.004031987977214158,0,drone,1,9.489961992702219e-05,785,0.004365382516643021,True
GaussianBudget75M_MaxCov,Elk_2024-CAKNF-005252,20240705,20,pyrologix,4,17-27,2024,0.0,0.0033268729457631707,0,drone,1,9.489961992702219e-05,1745,0.0046500813764240876,True
GaussianBudget75M_MaxCov,Ellis_2024-CAENF-024318,20240826,20,pyrologix,2,100-61,2024,0.0,0.004244409967213869,0,drone,1,9.489961992702219e-05,1250,0.004555181756497065,True
GaussianBudget75M_MaxCov,Ember_2024-CAANF-244124,20241108,16,pyrologix,2,195-71,2024,0.0,0.0068649459863081574,1,drone,1,9.489961992702219e-05,1365,0.0046500813764240876,True
GaussianBudget75M_MaxCov,Emma_2024-CAANF-240327,20240202,20,pyrologix,5,none,2024,0.0,0.0018933400278910995,-1,undetected,1,9.489961992702219e-05,0,0.0,False
GaussianBudget75M_MaxCov,Enchanted_2024-CASRF-000253,20240518,13,pyrologix,2,38-21,2024,0.0,0.005242476938292384,1,drone,1,9.489961992702219e-05,1180,0.004555181756497065,True
GaussianBudget75M_MaxCov,Engineer_1_2024-CASQF-001166,20240707,2,pyrologix,4,170-77,2024,0.0,0.005542758968658745,1,drone,1,9.489961992702219e-05,1825,0.0046500813764240876,True
GaussianBudget75M_MaxCov,Engineer_2_2024-CASQF-001167,20240707,3,pyrologix,3,170-77,2024,0.0,0.0024843059945851564,0,drone,1,9.489961992702219e-05,1190,0.004460282136570043,True
GaussianBudget75M_MaxCov,Engineer_4_2024-CASQF-001169,20240707,0,pyrologix,8,170-77,2024,0.0,0.0061258780770003796,1,drone,1,9.489961992702219e-05,3240,0.0046500813764240876,True
GaussianBudget75M_MaxCov,Evergreen_2024-CASTF-002534,20241030,21,pyrologix,9,121-68,2024,0.0,0.006496593006886542,1,drone,1,9.489961992702219e-05,3695,0.0046500813764240876,True
GaussianBudget75M_MaxCov,Fallen_2024-CATMU-024996,20240901,16,pyrologix,6,none,2024,0.0,0.0018802420236170292,-1,undetected,1,9.489961992702219e-05,0,0.0,False
GaussianBudget75M_MaxCov,Falls_2024-CABDF-013114,20240921,22,pyrologix,6,214-103,2024,0.0,0.0037536469753831625,0,drone,1,9.489961992702219e-05,2380,0.004365382516643021,True
GaussianBudget75M_MaxCov,Falls_2024-CACNF-000358,20240316,18,pyrologix,1,237-97,2024,0.0,0.0028429930098354816,0,drone,1,9.489961992702219e-05,685,0.004270482896715999,True
GaussianBudget75M_MaxCov,Far_2024-CASKU-007796,20240918,18,pyrologix,4,37-56,2024,0.0,0.007500545005314052,2,drone,1,9.489961992702219e-05,2210,0.0046500813764240876,True
GaussianBudget75M_MaxCov,Fern_2024-CABDF-013311,20240923,19,pyrologix,10,223-101,2024,0.0,0.002833280013874173,0,drone,1,9.489961992702219e-05,3590,0.0046500813764240876,True
GaussianBudget75M_MaxCov,Fern_2024-CAPNF-000244,20240508,6,pyrologix,10,72-59,2024,0.0,0.00300618598703295,0,drone,1,9.489961992702219e-05,3560,0.0046500813764240876,True
GaussianBudget75M_MaxCov,Fern_2024-CASHF-000787,20240822,16,pyrologix,8,37-42,2024,0.0,0.006924147950485349,1,drone,1,9.489961992702219e-05,3165,0.0046500813764240876,True
GaussianBudget75M_MaxCov,Fiddle_2024-CATNF-001348,20240919,0,pyrologix,2,79-54,2024,0.0,0.0017318089958280325,0,drone,1,9.489961992702219e-05,780,0.0046500813764240876,True
GaussianBudget75M_MaxCov,Fir_2024-CASHF-000698,20240806,1,pyrologix,6,37-42,2024,0.0,0.0055774610955268145,1,drone,1,9.489961992702219e-05,2340,0.0046500813764240876,True
GaussianBudget75M_MaxCov,Fir_2024-CASNF-000725,20240625,14,pyrologix,11,141-74,2024,0.0,0.004188795923255384,0,drone,1,9.489961992702219e-05,3915,0.0046500813764240876,True
GaussianBudget75M_MaxCov,Five_2024-CAANF-243304,20240907,3,pyrologix,10,195-71,2024,0.0,0.006621513981372118,1,drone,1,9.489961992702219e-05,3895,0.0046500813764240876,True
GaussianBudget75M_MaxCov,Flat_2024-CALNF-004249,20240720,16,pyrologix,4,44-55,2024,0.0,0.005507334019057453,1,drone,1,9.489961992702219e-05,1880,0.0046500813764240876,True
GaussianBudget75M_MaxCov,Flat_2024-CALPF-000089,20240113,17,pyrologix,4,198-64,2024,0.0,0.0020879149669781327,0,drone,1,9.489961992702219e-05,1700,0.004555181756497065,True
GaussianBudget75M_MaxCov,Flat_2024-CASQF-000728,20240531,20,pyrologix,10,177-72,2024,0.0,0.005617253016680479,1,drone,1,9.489961992702219e-05,3810,0.0046500813764240876,True
GaussianBudget75M_MaxCov,Flat_Camp_2024-CALPF-001612,20240713,13,pyrologix,10,none,2024,0.0,0.0018972470425069332,-1,undetected,1,9.489961992702219e-05,0,0.0,False
GaussianBudget75M_MaxCov,Fleischmann_2024-CALNF-002561,20240515,21,pyrologix,4,58-54,2024,0.0,0.002231347025372088,0,drone,1,9.489961992702219e-05,1535,0.0046500813764240876,True
GaussianBudget75M_MaxCov,Flume_2024-CASHF-000822,20240831,11,pyrologix,8,37-42,2024,0.0,0.0027497520204633474,0,drone,1,9.489961992702219e-05,2645,0.0046500813764240876,True
GaussianBudget75M_MaxCov,Fly_2024-CAMNF-000926,20240805,17,pyrologix,8,59-19,2024,0.0,0.00414409302175045,0,drone,1,9.489961992702219e-05,3285,0.0046500813764240876,True
GaussianBudget75M_MaxCov,Fordyce_2024-CATNF-000990,20240728,15,pyrologix,10,86-60,2024,0.0,0.008156285039149225,1,drone,1,9.489961992702219e-05,4475,0.0046500813764240876,True
GaussianBudget75M_MaxCov,Forebay_2024-CAENF-026969,20240920,12,pyrologix,7,93-56,2024,0.0,0.004742891993373632,0,drone,1,9.489961992702219e-05,3125,0.0046500813764240876,True
GaussianBudget75M_MaxCov,Forebay_2024-CAENF-028748,20241008,15,pyrologix,2,93-56,2024,0.0,0.0038341779727488756,0,drone,1,9.489961992702219e-05,1115,0.004270482896715999,True
GaussianBudget75M_MaxCov,Forgay_2024-CAPNF-001231,20240915,19,pyrologix,4,65-57,2024,0.0,0.006987642962485552,1,drone,1,9.489961992702219e-05,2115,0.0046500813764240876,True
GaussianBudget75M_MaxCov,Fork_2024-CAANF-242484,20240719,20,pyrologix,5,206-81,2024,0.0,0.0029910450102761388,0,drone,1,9.489961992702219e-05,2100,0.0040806836568619545,True
GaussianBudget75M_MaxCov,Fork_2024-CABDF-005677,20240409,14,pyrologix,6,206-88,2024,0.0,0.0027326010167598724,0,drone,1,9.489961992702219e-05,2390,0.004460282136570043,True
GaussianBudget75M_MaxCov,Fort_2024-CAKNF-005171,20240704,23,pyrologix,9,17-34,2024,0.0,0.003497425001114607,0,drone,1,9.489961992702219e-05,3280,0.003985784036934932,True
GaussianBudget75M_MaxCov,Fox_2024-CALPF-001870,20240804,18,pyrologix,5,none,2024,0.0,0.0018978369189426303,-1,undetected,1,9.489961992702219e-05,0,0.0,False
GaussianBudget75M_MaxCov,Fox_2024-CAMDF-000950,20240916,16,pyrologix,5,37-63,2024,0.0,0.002825925941579044,0,drone,1,9.489961992702219e-05,2005,0.0046500813764240876,True
GaussianBudget75M_MaxCov,Fraser_2024-CALPF-002400,20240920,20,pyrologix,4,175-45,2024,0.0,0.0031023190822452307,0,drone,1,9.489961992702219e-05,1530,0.0046500813764240876,True
GaussianBudget75M_MaxCov,French_2024-CAANF-242303,20240712,3,pyrologix,3,195-71,2024,0.0,0.001965087023563683,0,drone,1,9.489961992702219e-05,1110,0.004460282136570043,True
GaussianBudget75M_MaxCov,French_2024-CATNF-000762,20240702,11,pyrologix,11,86-60,2024,0.0,0.0035061619710177183,0,drone,1,9.489961992702219e-05,4275,0.0046500813764240876,True
GaussianBudget75M_MaxCov,Frenchman_2024-CAANF-244116,20241107,19,pyrologix,3,195-71,2024,0.0,0.002197936992160976,0,drone,1,9.489961992702219e-05,1110,0.004460282136570043,True
GaussianBudget75M_MaxCov,Frying_Pan_2024-CAKNF-008910,20241027,22,pyrologix,12,17-27,2024,0.0,0.01939399808179587,-1,undetected,1,9.489961992702219e-05,4910,0.0046500813764240876,True
GaussianBudget75M_MaxCov,Gabriel_2024-CAANF-242668,20240728,7,pyrologix,4,206-81,2024,0.0,0.006931410985998809,1,drone,1,9.489961992702219e-05,2310,0.0040806836568619545,True
GaussianBudget75M_MaxCov,Garlic_2024-CASNF-000716,20240625,12,pyrologix,5,141-74,2024,0.0,0.004344023996964097,0,drone,1,9.489961992702219e-05,2005,0.004555181756497065,True
GaussianBudget75M_MaxCov,Gate_2024-CAANF-244178,20241111,11,pyrologix,11,206-81,2024,0.0,0.004360468010418117,0,drone,1,9.489961992702219e-05,4635,0.0040806836568619545,True
GaussianBudget75M_MaxCov,Gateway_2024-CASKU-008878,20241025,22,pyrologix,2,37-42,2024,0.0,0.0025866790674626827,0,drone,1,9.489961992702219e-05,815,0.004365382516643021,True
GaussianBudget75M_MaxCov,Genesee_2024-CAPNF-000194,20240419,18,pyrologix,4,72-66,2024,0.0,0.0033633969724178314,0,drone,1,9.489961992702219e-05,1585,0.004555181756497065,True
GaussianBudget75M_MaxCov,George_2024-CAINF-002041,20241109,20,pyrologix,4,127-76,2024,0.0,0.0020741799380630255,0,drone,1,9.489961992702219e-05,1420,0.004555181756497065,True
GaussianBudget75M_MaxCov,Gilmore_2024-CATMU-031223,20241103,18,pyrologix,9,93-62,2024,0.0,0.005328241968527436,0,drone,1,9.489961992702219e-05,3385,0.0046500813764240876,True
GaussianBudget75M_MaxCov,Glade_2024-CAINF-001979,20241026,18,pyrologix,1,none,2024,0.0,0.001869605970568955,-1,undetected,1,9.489961992702219e-05,0,0.0,False
GaussianBudget75M_MaxCov,Glass_2024-CAINF-000547,20240515,19,pyrologix,10,124-80,2024,0.0,0.0046074590645730495,0,drone,1,9.489961992702219e-05,3595,0.0046500813764240876,True
GaussianBudget75M_MaxCov,Glass_2024-CAMDF-000275,20240701,17,pyrologix,3,30-60,2024,0.0,0.005330811021849513,1,drone,1,9.489961992702219e-05,1625,0.0046500813764240876,True
GaussianBudget75M_MaxCov,Glen_2024-CATMU-030944,20241031,14,pyrologix,9,100-68,2024,0.0,0.005389107041992247,0,drone,1,9.489961992702219e-05,3570,0.004555181756497065,True
GaussianBudget75M_MaxCov,Goat_2024-CAPNF-000340,20240531,14,pyrologix,9,65-57,2024,0.0,0.003395081963390112,0,drone,1,9.489961992702219e-05,3440,0.0046500813764240876,True
GaussianBudget75M_MaxCov,Goat_2024-CASNF-000908,20240712,13,pyrologix,8,128-69,2024,0.0,0.005389626021496952,1,drone,1,9.489961992702219e-05,3165,0.004555181756497065,True
GaussianBudget75M_MaxCov,Gold_2024-CAANF-241424,20240525,1,pyrologix,4,201-76,2024,0.0,0.004563636961393058,0,drone,1,9.489961992702219e-05,1645,0.004555181756497065,True
GaussianBudget75M_MaxCov,Gold_2024-CAPNF-000300,20240524,2,pyrologix,4,79-61,2024,0.0,0.0041660069255158305,0,drone,1,9.489961992702219e-05,1760,0.0046500813764240876,True
GaussianBudget75M_MaxCov,Golden_2024-CASQF-002007,20241031,18,pyrologix,1,163-78,2024,0.0,0.005261466023512185,1,drone,1,9.489961992702219e-05,965,0.004365382516643021,True
GaussianBudget75M_MaxCov,Goose_2024-CASTF-000999,20240620,18,pyrologix,2,114-64,2024,0.0,0.0022924720542505383,0,drone,1,9.489961992702219e-05,855,0.004270482896715999,True
GaussianBudget75M_MaxCov,Grade_2024-CACNF-001239,20240705,1,pyrologix,6,244-98,2024,0.0,0.004869614960625768,0,drone,1,9.489961992702219e-05,2525,0.0046500813764240876,True
GaussianBudget75M_MaxCov,Grade_2024-CAKNF-002952,20240425,1,pyrologix,3,17-27,2024,0.0,0.0047052709851413965,1,drone,1,9.489961992702219e-05,1615,0.0046500813764240876,True
GaussianBudget75M_MaxCov,Graffiti_2024-CACNF-001011,20240618,23,pyrologix,6,none,2024,0.0,0.0019259100081399083,-1,undetected,1,9.489961992702219e-05,0,0.0,False
GaussianBudget75M_MaxCov,Granlibakken_2024-CATMU-030319,20241024,13,pyrologix,11,none,2024,0.0,0.001914762076921761,-1,undetected,1,9.489961992702219e-05,0,0.0,False
GaussianBudget75M_MaxCov,Grass_2024-CASTF-000851,20240604,17,pyrologix,6,114-64,2024,0.0,0.0029595319647341967,0,drone,1,9.489961992702219e-05,2180,0.0046500813764240876,True
GaussianBudget75M_MaxCov,Grassy_1_2024-CASRF-000448,20240704,21,pyrologix,3,15-20,2024,0.0,0.003912645974196494,0,drone,1,9.489961992702219e-05,1410,0.004555181756497065,True
GaussianBudget75M_MaxCov,Grassy_Flat_2024-CASRF-000629,20240722,21,pyrologix,4,15-20,2024,0.0,0.002676584990695119,0,drone,1,9.489961992702219e-05,1545,0.004555181756497065,True
GaussianBudget75M_MaxCov,Grays_2024-CASRF-001014,20241019,15,pyrologix,11,38-21,2024,0.0,0.003005373990163207,0,drone,1,9.489961992702219e-05,3875,0.0046500813764240876,True
GaussianBudget75M_MaxCov,Green_2024-CABDF-011293,20240810,17,pyrologix,4,206-88,2024,0.0,0.004736168077215552,1,drone,1,9.489961992702219e-05,2060,0.004460282136570043,True
GaussianBudget75M_MaxCov,Green_2024-CASNF-001198,20240807,22,pyrologix,1,127-76,2024,0.0,0.007424470968544483,2,drone,1,9.489961992702219e-05,1035,0.004175583276788976,True
GaussianBudget75M_MaxCov,Grey_2024-CASHF-000904,20240916,14,pyrologix,10,37-42,2024,0.0,0.004607098991982639,0,drone,1,9.489961992702219e-05,3495,0.0046500813764240876,True
GaussianBudget75M_MaxCov,Grey_2024-CASNF-001571,20240920,13,pyrologix,9,128-69,2024,0.0,0.009958966984413564,2,drone,1,9.489961992702219e-05,4145,0.004555181756497065,True
GaussianBudget75M_MaxCov,Grider_2024-CAKNF-003315,20240508,16,pyrologix,9,17-27,2024,0.0,0.0057715249713510275,1,drone,1,9.489961992702219e-05,3835,0.0046500813764240876,True
GaussianBudget75M_MaxCov,Grider_2024-CAKNF-005709,20240716,1,pyrologix,5,17-34,2024,0.0,0.005324495956301689,1,drone,1,9.489961992702219e-05,2165,0.003985784036934932,True
GaussianBudget75M_MaxCov,Griffin_2024-CASRF-000861,20240910,0,pyrologix,2,15-20,2024,0.0,0.0025832250248640776,0,drone,1,9.489961992702219e-05,935,0.004460282136570043,True
GaussianBudget75M_MaxCov,Grizzly_2024-CASNF-001681,20241006,16,pyrologix,11,128-69,2024,0.0,0.003490077913738787,0,drone,1,9.489961992702219e-05,3935,0.004555181756497065,True
GaussianBudget75M_MaxCov,Grizzly_2024-CASTF-001646,20240731,18,pyrologix,3,none,2024,0.0,0.0019209709716960788,-1,undetected,1,9.489961992702219e-05,0,0.0,False
GaussianBudget75M_MaxCov,Grove_2024-CASNF-001698,20241010,19,pyrologix,5,141-74,2024,0.0,0.004918802995234728,1,drone,1,9.489961992702219e-05,2100,0.004555181756497065,True
GaussianBudget75M_MaxCov,Gulch-Ref_3101_2024-CAANF-243107,20240824,16,pyrologix,2,195-71,2024,0.0,0.00379692402202636,0,drone,1,9.489961992702219e-05,975,0.004270482896715999,True
GaussianBudget75M_MaxCov,Gulch_2024-CAANF-243101,20240824,8,pyrologix,3,195-71,2024,0.0,0.006068988004699349,1,drone,1,9.489961992702219e-05,1610,0.0046500813764240876,True
GaussianBudget75M_MaxCov,Gypsum_2024-CABDF-016290,20241110,11,pyrologix,9,214-103,2024,0.0,0.006752665969543159,1,drone,1,9.489961992702219e-05,3865,0.004365382516643021,True
GaussianBudget75M_MaxCov,H-2_Busters_2024-CALNF-005584,20240916,0,pyrologix,2,51-61,2024,0.0,0.012815824011340737,3,drone,1,9.489961992702219e-05,2275,0.0046500813764240876,True
GaussianBudget75M_MaxCov,Hackamore_2024-CAMDF-000669,20240816,7,pyrologix,7,37-63,2024,0.0,0.005055407993495464,1,drone,1,9.489961992702219e-05,3155,0.0046500813764240876,True
GaussianBudget75M_MaxCov,Haight_2024-CAKNF-005992,20240724,17,pyrologix,10,30-45,2024,0.0,0.0044271600199863315,0,drone,1,9.489961992702219e-05,3585,0.0046500813764240876,True
GaussianBudget75M_MaxCov,Hall_2024-CABDF-009898,20240707,6,pyrologix,12,206-88,2024,0.0,0.019064478925429285,-1,undetected,1,9.489961992702219e-05,5155,0.004460282136570043,True
GaussianBudget75M_MaxCov,Hall_2024-CAKNF-004218,20240607,18,pyrologix,9,17-34,2024,0.0,0.0077260410180315375,1,drone,1,9.489961992702219e-05,3835,0.003985784036934932,True
GaussianBudget75M_MaxCov,Halls_2024-CAMDF-000389,20240715,0,pyrologix,3,37-63,2024,0.0,0.0020806490210816264,0,drone,1,9.489961992702219e-05,1200,0.004555181756497065,True
GaussianBudget75M_MaxCov,Hambone_2024-CASKU-008314,20241006,15,pyrologix,11,37-56,2024,0.0,0.004746671067550778,0,drone,1,9.489961992702219e-05,4275,0.0046500813764240876,True
GaussianBudget75M_MaxCov,Happy_2024-CASQF-001285,20240716,11,pyrologix,10,147-79,2024,0.0,0.004902109038084745,0,drone,1,9.489961992702219e-05,4100,0.0046500813764240876,True
GaussianBudget75M_MaxCov,Hard_2024-CAANF-241934,20240625,22,pyrologix,12,195-71,2024,0.0,0.019798616063781083,-1,undetected,1,9.489961992702219e-05,4550,0.0046500813764240876,True
GaussianBudget75M_MaxCov,Harding_2024-CATNF-001046,20240804,23,pyrologix,6,79-68,2024,0.0,0.007694905041716993,1,drone,1,9.489961992702219e-05,2920,0.0046500813764240876,True
GaussianBudget75M_MaxCov,Harris_2024-CAMDF-000518,20240726,12,pyrologix,4,37-63,2024,0.0,0.0052161599742248654,1,drone,1,9.489961992702219e-05,2005,0.0046500813764240876,True
GaussianBudget75M_MaxCov,Hartley_2024-CAINF-001179,20240718,18,pyrologix,10,124-80,2024,0.0,0.0053619350073859096,0,drone,1,9.489961992702219e-05,3725,0.0046500813764240876,True
GaussianBudget75M_MaxCov,Hathaway_2024-CAANF-243176,20240829,21,pyrologix,1,201-76,2024,0.0,0.005418541957624257,1,drone,1,9.489961992702219e-05,920,0.004365382516643021,True
GaussianBudget75M_MaxCov,Hawk_2024-CAPNF-000410,20240615,21,pyrologix,11,72-59,2024,0.0,0.004821017966605723,0,drone,1,9.489961992702219e-05,4115,0.0046500813764240876,True
GaussianBudget75M_MaxCov,Hawkins_2024-CASRF-000904,20240920,20,pyrologix,4,38-21,2024,0.0,0.006000251043587923,1,drone,1,9.489961992702219e-05,2010,0.0046500813764240876,True
GaussianBudget75M_MaxCov,Haypress_2024-CASTF-001351,20240713,18,pyrologix,9,107-68,2024,0.0,0.002748075989075005,0,drone,1,9.489961992702219e-05,3390,0.0046500813764240876,True
GaussianBudget75M_MaxCov,Hazel_2024-CABDF-012873,20240914,19,pyrologix,9,206-88,2024,0.0,0.0036534949904307723,0,drone,1,9.489961992702219e-05,3555,0.004460282136570043,True
GaussianBudget75M_MaxCov,Headwaters_2024-CASTF-001965,20240829,16,pyrologix,3,114-64,2024,0.0,0.00190736202057451,0,drone,1,9.489961992702219e-05,1195,0.004555181756497065,True
GaussianBudget75M_MaxCov,Heather_2024-CASNF-001017,20240720,18,pyrologix,4,none,2024,0.0,0.001829292974434793,-1,undetected,1,9.489961992702219e-05,0,0.0,False
GaussianBudget75M_MaxCov,Heel_2024-CASHF-001031,20241019,11,pyrologix,11,44-41,2024,0.0,0.004404258099384606,0,drone,1,9.489961992702219e-05,4325,0.0046500813764240876,True
GaussianBudget75M_MaxCov,Hennessy_2024-CASRF-000447,20240704,17,pyrologix,7,38-21,2024,0.0,0.0029174620285630226,0,drone,1,9.489961992702219e-05,2545,0.0046500813764240876,True
GaussianBudget75M_MaxCov,Hennessy_2_2024-CASRF-000592,20240716,22,pyrologix,9,38-21,2024,0.0,0.003990891971625388,0,drone,1,9.489961992702219e-05,3345,0.0046500813764240876,True
GaussianBudget75M_MaxCov,Highway_2024-CACNF-001204,20240703,13,pyrologix,1,220-87,2024,0.0,0.0040273439371958375,0,drone,1,9.489961992702219e-05,690,0.004365382516643021,True
GaussianBudget75M_MaxCov,Highway_2024-CAINF-001777,20240921,5,pyrologix,1,124-80,2024,0.0,0.006597047089599073,1,drone,1,9.489961992702219e-05,980,0.004365382516643021,True
GaussianBudget75M_MaxCov,Highway_2024-CAKNF-003856,20240527,1,pyrologix,2,30-52,2024,0.0,0.006035335944034159,1,drone,1,9.489961992702219e-05,1515,0.0046500813764240876,True
GaussianBudget75M_MaxCov,Highway_2024-CALPF-002498,20241001,1,pyrologix,8,none,2024,0.0,0.0019157880451530218,-1,undetected,1,9.489961992702219e-05,0,0.0,False
GaussianBudget75M_MaxCov,Highway_2024-CASHF-000549,20240708,21,pyrologix,11,44-41,2024,0.0,0.004968944936990738,0,drone,1,9.489961992702219e-05,4420,0.0046500813764240876,True
GaussianBudget75M_MaxCov,Hill_2024-CANEU-017006,20240617,7,pyrologix,8,79-47,2024,0.0,0.0051120350835844874,0,drone,1,9.489961992702219e-05,3460,0.0046500813764240876,True
GaussianBudget75M_MaxCov,Hill_2024-CASRF-000586,20240716,23,pyrologix,3,38-21,2024,0.0,0.002749686944298446,0,drone,1,9.489961992702219e-05,1225,0.0046500813764240876,True
GaussianBudget75M_MaxCov,Hill_2024-CATNF-001473,20241010,10,pyrologix,12,86-67,2024,0.0,0.0031717240344733,0,drone,1,9.489961992702219e-05,4420,0.004460282136570043,True
GaussianBudget75M_MaxCov,Hillcrest_2024-CABDF-012201,20240831,18,pyrologix,10,214-103,2024,0.0,0.006842458969913423,1,drone,1,9.489961992702219e-05,4120,0.004365382516643021,True
GaussianBudget75M_MaxCov,Hobart_2024-CATNF-001416,20241001,17,pyrologix,9,86-67,2024,0.0,0.0039713820442557335,0,drone,1,9.489961992702219e-05,3500,0.004460282136570043,True
GaussianBudget75M_MaxCov,Hobo_2024-CASQF-000345,20240402,15,pyrologix,5,177-79,2024,0.0,0.004858333966694772,1,drone,1,9.489961992702219e-05,2085,0.0046500813764240876,True
GaussianBudget75M_MaxCov,Honn_2024-CALNF-001473,20240322,22,pyrologix,3,51-54,2024,0.0,0.0028359940042719245,0,drone,1,9.489961992702219e-05,1225,0.004555181756497065,True
GaussianBudget75M_MaxCov,Hopkins_2024-CASRF-000293,20240528,17,pyrologix,9,31-24,2024,0.0,0.0032534300116822124,0,drone,1,9.489961992702219e-05,3485,0.0046500813764240876,True
GaussianBudget75M_MaxCov,Horse_2024-CAANF-242667,20240728,8,pyrologix,2,206-81,2024,0.0,0.0037024770863354206,0,drone,1,9.489961992702219e-05,1220,0.003985784036934932,True
GaussianBudget75M_MaxCov,Horse_2024-CAKNF-006775,20240817,19,pyrologix,4,17-34,2024,0.0,0.0019161730306223035,0,drone,1,9.489961992702219e-05,1510,0.003985784036934932,True
GaussianBudget75M_MaxCov,Horse_2024-CAMDF-000500,20240724,15,pyrologix,11,30-60,2024,0.0,0.004507099976763129,0,drone,1,9.489961992702219e-05,4185,0.0046500813764240876,True
GaussianBudget75M_MaxCov,Horse_2024-CAMNF-001382,20241004,9,pyrologix,12,74-20,2024,0.0,0.0056420559994876385,0,drone,1,9.489961992702219e-05,4335,0.0046500813764240876,True
GaussianBudget75M_MaxCov,Horse_2024-CASHF-000582,20240716,22,pyrologix,4,52-19,2024,0.0,0.00731888203881681,1,drone,1,9.489961992702219e-05,2120,0.0046500813764240876,True
GaussianBudget75M_MaxCov,Horse_2024-CASRF-000317,20240606,16,pyrologix,5,38-21,2024,0.0,0.0034972340799868107,0,drone,1,9.489961992702219e-05,2010,0.0046500813764240876,True
GaussianBudget75M_MaxCov,Horseshoe_2024-CAINF-001995,20241030,13,pyrologix,10,none,2024,0.0,0.0018604620127007365,-1,undetected,1,9.489961992702219e-05,0,0.0,False
GaussianBudget75M_MaxCov,Hotlum_2024-CASHF-000139,20240308,19,pyrologix,2,30-45,2024,0.0,0.0017526589799672365,0,drone,1,9.489961992702219e-05,735,0.004270482896715999,True
GaussianBudget75M_MaxCov,Hughes_2_2024-CAANF-243305,20240907,4,pyrologix,11,195-71,2024,0.0,0.0075621119467541575,1,drone,1,9.489961992702219e-05,4340,0.0046500813764240876,True
GaussianBudget75M_MaxCov,Hulburd_2024-CACNF-002587,20241109,10,pyrologix,10,244-98,2024,0.0,0.005385713069699705,0,drone,1,9.489961992702219e-05,4130,0.0046500813764240876,True
GaussianBudget75M_MaxCov,Hull_2024-CAMNF-001169,20240907,22,pyrologix,3,none,2024,0.0,0.0019068110268563032,-1,undetected,1,9.489961992702219e-05,0,0.0,False
GaussianBudget75M_MaxCov,Hume_2024-CASQF-001379,20240726,16,pyrologix,12,147-79,2024,0.0,0.019734728964976966,-1,undetected,1,9.489961992702219e-05,4890,0.0046500813764240876,True
GaussianBudget75M_MaxCov,Hunters2_2024-CAMDF-000808,20240828,14,pyrologix,6,43-69,2024,0.0,0.006346093025058508,1,drone,1,9.489961992702219e-05,2580,0.0046500813764240876,True
GaussianBudget75M_MaxCov,Hunters_2024-CAMDF-000718,20240821,20,pyrologix,4,43-69,2024,0.0,0.011878242017701268,3,drone,1,9.489961992702219e-05,2580,0.0046500813764240876,True
GaussianBudget75M_MaxCov,I_15__S__Cleghorn_Rd_2024-CABDU-014682,20240927,10,pyrologix,2,206-88,2024,0.0,0.003376391949132085,0,drone,1,9.489961992702219e-05,960,0.004460282136570043,True
GaussianBudget75M_MaxCov,Ice_2024-CAENF-015964,20240615,20,pyrologix,7,93-62,2024,0.0,0.007658800925128162,1,drone,1,9.489961992702219e-05,3065,0.0046500813764240876,True
GaussianBudget75M_MaxCov,Ice_2024-CAENF-020980,20240725,23,pyrologix,11,93-62,2024,0.0,0.0036149579100310802,0,drone,1,9.489961992702219e-05,3835,0.0046500813764240876,True
GaussianBudget75M_MaxCov,Ikes_2024-CASRF-000549,20240713,6,pyrologix,3,24-25,2024,0.0,0.009687455021776259,3,drone,1,9.489961992702219e-05,2075,0.0046500813764240876,True
GaussianBudget75M_MaxCov,Indian_2024-CAANF-242599,20240725,18,pyrologix,2,201-76,2024,0.0,0.0017772410064935684,0,drone,1,9.489961992702219e-05,790,0.004270482896715999,True
GaussianBudget75M_MaxCov,Industrial_2024-CATMU-015789,20240614,13,pyrologix,8,none,2024,0.0,0.0019281109562143683,-1,undetected,1,9.489961992702219e-05,0,0.0,False
GaussianBudget75M_MaxCov,Interstate_2024-CAANF-243338,20240908,18,pyrologix,10,195-71,2024,0.0,0.005325766047462821,0,drone,1,9.489961992702219e-05,3675,0.0046500813764240876,True
GaussianBudget75M_MaxCov,Interstate_2024-CACNF-002439,20241020,16,pyrologix,8,244-98,2024,0.0,0.006791524006985128,1,drone,1,9.489961992702219e-05,3535,0.0046500813764240876,True
GaussianBudget75M_MaxCov,Interstate_2024-CASHF-001074,20241029,9,pyrologix,10,37-42,2024,0.0,0.0026828920235857368,0,charging station,1,9.489961992702219e-05,3255,0.0046500813764240876,True
GaussianBudget75M_MaxCov,Iowa_2024-CATNF-001295,20240910,20,pyrologix,5,86-53,2024,0.0,0.0024808529997244477,0,drone,1,9.489961992702219e-05,1925,0.0046500813764240876,True
GaussianBudget75M_MaxCov,Iron_2024-CASNF-000942,20240714,13,pyrologix,5,128-62,2024,0.0,0.002745669917203486,0,drone,1,9.489961992702219e-05,2030,0.0046500813764240876,True
GaussianBudget75M_MaxCov,Ironwood_2024-CABDF-012667,20240909,12,pyrologix,11,214-103,2024,0.0,0.0061443340964615345,1,drone,1,9.489961992702219e-05,4385,0.004365382516643021,True
GaussianBudget75M_MaxCov,Italian_2024-CASNF-001114,20240729,19,pyrologix,2,135-67,2024,0.0,0.006691436981782317,1,drone,1,9.489961992702219e-05,1465,0.0046500813764240876,True
GaussianBudget75M_MaxCov,Jack_2024-CAKNF-008927,20241027,18,pyrologix,1,17-27,2024,0.0,0.0052835410460829735,1,drone,1,9.489961992702219e-05,930,0.004460282136570043,True
GaussianBudget75M_MaxCov,Jackson_2024-CAANF-241547,20240531,14,pyrologix,7,206-88,2024,0.0,0.006516305962577462,1,drone,1,9.489961992702219e-05,3215,0.004460282136570043,True
GaussianBudget75M_MaxCov,Jackson_2024-CAKNF-005648,20240714,23,pyrologix,1,31-31,2024,0.0,0.0043735019862651825,1,drone,1,9.489961992702219e-05,755,0.004555181756497065,True
GaussianBudget75M_MaxCov,Japatul_2024-CACNF-002835,20241220,1,pyrologix,1,244-98,2024,0.0,0.0057358769699931145,1,drone,1,9.489961992702219e-05,910,0.004460282136570043,True
GaussianBudget75M_MaxCov,Jeffery_2024-CAINF-002015,20241103,10,pyrologix,12,none,2024,0.0,0.0019135839538648725,-1,undetected,1,9.489961992702219e-05,0,0.0,False
GaussianBudget75M_MaxCov,Jones_2024-CAHUU-007537,20240813,13,pyrologix,5,59-19,2024,0.0,0.006991029949858785,1,drone,1,9.489961992702219e-05,2595,0.0046500813764240876,True
GaussianBudget75M_MaxCov,Jora_2024-CAANF-243511,20240926,4,pyrologix,10,195-71,2024,0.0,0.004750179010443389,0,drone,1,9.489961992702219e-05,3675,0.0046500813764240876,True
GaussianBudget75M_MaxCov,Jordan_2024-CASTF-001053,20240624,17,pyrologix,12,121-61,2024,0.0,0.0042858150554820895,0,drone,1,9.489961992702219e-05,4480,0.0046500813764240876,True
GaussianBudget75M_MaxCov,Joshua_2024-CAANF-243099,20240824,7,pyrologix,3,none,2024,0.0,0.0018962030299007893,-1,undetected,1,9.489961992702219e-05,0,0.0,False
GaussianBudget75M_MaxCov,Junction_2024-CAINF-001506,20240820,19,pyrologix,5,124-80,2024,0.0,0.0052002399461343884,1,drone,1,9.489961992702219e-05,2010,0.004555181756497065,True
GaussianBudget75M_MaxCov,June_2024-CAINF-001029,20240706,16,pyrologix,11,127-76,2024,0.0,0.004342437954619527,0,drone,1,9.489961992702219e-05,4130,0.0046500813764240876,True
GaussianBudget75M_MaxCov,Kagel_2024-CAANF-242295,20240711,19,pyrologix,6,201-76,2024,0.0,0.006530754966661334,1,drone,1,9.489961992702219e-05,2695,0.004555181756497065,True
GaussianBudget75M_MaxCov,Kaiser_2024-CASNF-001496,20240908,21,pyrologix,1,134-74,2024,0.0,0.0015593969728797674,0,drone,1,9.489961992702219e-05,430,0.0034163863173727986,True
GaussianBudget75M_MaxCov,Kangaroo_2024-CAKNF-009316,20241110,12,pyrologix,1,30-38,2024,0.0,0.0016887359088286757,0,drone,1,9.489961992702219e-05,405,0.00303678783766471,True
GaussianBudget75M_MaxCov,Kellogg_2024-CAMDF-000377,20240714,0,pyrologix,1,none,2024,0.0,0.001901801093481481,-1,undetected,1,9.489961992702219e-05,0,0.0,False
GaussianBudget75M_MaxCov,Kelly_2024-CAKNF-006047,20240726,4,pyrologix,3,17-27,2024,0.0,0.0018962250323966146,0,drone,1,9.489961992702219e-05,1215,0.004555181756497065,True
GaussianBudget75M_MaxCov,Kelsey_2024-CASRF-000523,20240709,18,pyrologix,8,none,2024,0.0,0.0019156610360369086,-1,undetected,1,9.489961992702219e-05,0,0.0,False
GaussianBudget75M_MaxCov,Kinevan_2024-CALPF-001022,20240522,20,pyrologix,4,none,2024,0.0,0.001914227963425219,-1,undetected,1,9.489961992702219e-05,0,0.0,False
GaussianBudget75M_MaxCov,Kings_2024-CASNF-000919,20240713,18,pyrologix,1,141-74,2024,0.0,0.008888854994438589,2,drone,1,9.489961992702219e-05,1340,0.004555181756497065,True
GaussianBudget75M_MaxCov,Kitchen_2024-CACNF-001184,20240701,17,pyrologix,2,none,2024,0.0,0.0019483320647850633,-1,undetected,1,9.489961992702219e-05,0,0.0,False
GaussianBudget75M_MaxCov,Knob_2024-CAINF-000901,20240626,21,pyrologix,7,127-76,2024,0.0,0.006150753004476428,1,drone,1,9.489961992702219e-05,2960,0.004555181756497065,True
GaussianBudget75M_MaxCov,Knob_2024-CASQF-001233,20240713,23,pyrologix,4,169-84,2024,0.0,0.0067610020050778985,1,drone,1,9.489961992702219e-05,1960,0.0046500813764240876,True
GaussianBudget75M_MaxCov,L-2_Carter_2024-CALNF-004138,20240716,22,pyrologix,12,58-54,2024,0.0,0.0198375650215894,-1,undetected,1,9.489961992702219e-05,5475,0.0046500813764240876,True
GaussianBudget75M_MaxCov,L1Buzzard_2024-CALNF-003550,20240627,20,pyrologix,10,58-54,2024,0.0,0.007570300018414855,1,drone,1,9.489961992702219e-05,4310,0.0046500813764240876,True
GaussianBudget75M_MaxCov,Lac_-_Soledad_2024-CAANF-243141,20240826,17,pyrologix,7,201-76,2024,0.0,0.00566684000659734,1,drone,1,9.489961992702219e-05,2870,0.004555181756497065,True
GaussianBudget75M_MaxCov,Lac_Bert_2024-CAANF-242764,20240802,19,pyrologix,1,none,2024,0.0,0.001924096024595201,-1,undetected,1,9.489961992702219e-05,0,0.0,False
GaussianBudget75M_MaxCov,Ladybug_2024-CAANF-243459,20240921,8,pyrologix,3,206-81,2024,0.0,0.003335137036629021,0,drone,1,9.489961992702219e-05,1530,0.0040806836568619545,True
GaussianBudget75M_MaxCov,Ladybug_2024-CATNF-000976,20240726,13,pyrologix,12,86-67,2024,0.0,0.0037711489712819457,0,drone,1,9.489961992702219e-05,4465,0.004460282136570043,True
GaussianBudget75M_MaxCov,Lake_2024-CABDF-001298,20240127,15,pyrologix,12,223-101,2024,0.0,0.0037188719725236297,0,drone,1,9.489961992702219e-05,4345,0.0046500813764240876,True
GaussianBudget75M_MaxCov,Lake_2024-CALPF-001542,20240705,17,pyrologix,11,none,2024,0.0,0.0019797449931502342,-1,undetected,1,9.489961992702219e-05,0,0.0,False
GaussianBudget75M_MaxCov,Lake_2024-CASRF-001056,20241105,15,pyrologix,12,52-19,2024,0.0,0.01952200196683407,-1,undetected,1,9.489961992702219e-05,4550,0.0046500813764240876,True
GaussianBudget75M_MaxCov,Lake_2024-CASTF-000674,20240514,23,pyrologix,1,114-64,2024,0.0,0.004818176035769284,1,drone,1,9.489961992702219e-05,855,0.004270482896715999,True
GaussianBudget75M_MaxCov,Landing_2024-CATNF-000745,20240630,3,pyrologix,1,79-68,2024,0.0,0.005825425963848829,1,drone,1,9.489961992702219e-05,980,0.004555181756497065,True
GaussianBudget75M_MaxCov,Lava_2024-CASHF-000905,20240916,14,pyrologix,10,37-56,2024,0.0,0.007142547983676195,1,drone,1,9.489961992702219e-05,4230,0.0046500813764240876,True
GaussianBudget75M_MaxCov,Leaf_2024-CATMU-011294,20240504,1,pyrologix,1,none,2024,0.0,0.0019070749403908849,-1,undetected,1,9.489961992702219e-05,0,0.0,False
GaussianBudget75M_MaxCov,Lemon_2024-CATNF-001043,20240804,18,pyrologix,12,79-68,2024,0.0,0.003877342096529901,0,drone,1,9.489961992702219e-05,4530,0.0046500813764240876,True
GaussianBudget75M_MaxCov,Liberty_2024-CASTF-001974,20240830,17,pyrologix,2,107-61,2024,0.0,0.0037695260252803564,0,drone,1,9.489961992702219e-05,1015,0.004555181756497065,True
GaussianBudget75M_MaxCov,Lightning_2024-CACNF-001050,20240620,13,pyrologix,12,none,2024,0.0,0.0024155660066753626,-1,undetected,1,9.489961992702219e-05,0,0.0,False
GaussianBudget75M_MaxCov,Lights_2024-CAPNF-000857,20240725,19,pyrologix,7,65-64,2024,0.0,0.005723515059798956,1,drone,1,9.489961992702219e-05,2550,0.0046500813764240876,True
GaussianBudget75M_MaxCov,Lime_2024-CAKNF-004659,20240620,16,pyrologix,2,23-39,2024,0.0,0.011491236975416541,3,drone,1,9.489961992702219e-05,2080,0.0046500813764240876,True
GaussianBudget75M_MaxCov,Linda_2024-CAMMU-025337,20241030,21,pyrologix,1,135-67,2024,0.0,0.001537923002615571,0,drone,1,9.489961992702219e-05,435,0.0036061855572268433,True
GaussianBudget75M_MaxCov,Line_2024-CABDF-012520,20240906,20,pyrologix,11,209-96,2024,0.0,0.006742518045939505,1,drone,1,9.489961992702219e-05,4475,0.004460282136570043,True
GaussianBudget75M_MaxCov,Lion_2024-CASNF-000946,20240714,17,pyrologix,4,127-76,2024,0.0,0.002971866982989013,0,drone,1,9.489961992702219e-05,1510,0.004555181756497065,True
GaussianBudget75M_MaxCov,Lisa_2024-CAANF-242066,20240702,7,pyrologix,5,195-71,2024,0.0,0.0044204359874129295,0,drone,1,9.489961992702219e-05,2020,0.0046500813764240876,True
GaussianBudget75M_MaxCov,Little_2024-CAANF-241849,20240620,19,pyrologix,1,201-76,2024,0.0,0.005314301000908017,1,drone,1,9.489961992702219e-05,920,0.004365382516643021,True
GaussianBudget75M_MaxCov,Little_2024-CAKNF-003131,20240501,18,pyrologix,10,17-27,2024,0.0,0.005944282980635762,1,drone,1,9.489961992702219e-05,4165,0.0046500813764240876,True
GaussianBudget75M_MaxCov,Little_2024-CALAC-211628,20240620,18,pyrologix,3,201-76,2024,0.0,0.006795231020078063,1,drone,1,9.489961992702219e-05,1610,0.004555181756497065,True
GaussianBudget75M_MaxCov,Little_2024-CAPNF-001091,20240901,14,pyrologix,4,72-52,2024,0.0,0.0032622249564155936,0,drone,1,9.489961992702219e-05,1770,0.004555181756497065,True
GaussianBudget75M_MaxCov,Log_2024-CASHF-000146,20240310,22,pyrologix,12,30-45,2024,0.0,0.0042950710048899055,0,drone,1,9.489961992702219e-05,4350,0.0046500813764240876,True
GaussianBudget75M_MaxCov,Logging_Fire_2024-CAMDF-001049,20241007,15,pyrologix,8,44-62,2024,0.0,0.004999576951377094,0,drone,1,9.489961992702219e-05,3020,0.0046500813764240876,True
GaussianBudget75M_MaxCov,Lone_2024-CABDF-009497,20240701,5,pyrologix,1,206-88,2024,0.0,0.0021679489873349667,0,drone,1,9.489961992702219e-05,490,0.003511285937299821,True
GaussianBudget75M_MaxCov,Long_2024-CABDF-014560,20241019,4,pyrologix,12,206-88,2024,0.0,0.019919761922210455,-1,undetected,1,9.489961992702219e-05,5155,0.004460282136570043,True
GaussianBudget75M_MaxCov,Long_2024-CACNF-002802,20241213,17,pyrologix,9,220-87,2024,0.0,0.006140260025858879,1,drone,1,9.489961992702219e-05,3840,0.004555181756497065,True
GaussianBudget75M_MaxCov,Long_2024-CASHF-001059,20241028,21,pyrologix,8,37-35,2024,0.0,0.008813131949864328,2,drone,1,9.489961992702219e-05,3785,0.0046500813764240876,True
GaussianBudget75M_MaxCov,Long_2024-CASQF-001281,20240715,16,pyrologix,11,169-84,2024,0.0,0.0029996669618412852,0,drone,1,9.489961992702219e-05,3715,0.0046500813764240876,True
GaussianBudget75M_MaxCov,Lookout_2024-CAINF-001757,20240917,20,pyrologix,2,124-80,2024,0.0,0.005776903009973466,1,drone,1,9.489961992702219e-05,1195,0.004460282136570043,True
GaussianBudget75M_MaxCov,Loon_2024-CAENF-018656,20240706,20,pyrologix,1,93-62,2024,0.0,0.0014911090256646276,0,drone,1,9.489961992702219e-05,415,0.0036061855572268433,True
GaussianBudget75M_MaxCov,Loon_2024-CAENF-025020,20240901,20,pyrologix,2,93-62,2024,0.0,0.002413616981357336,0,drone,1,9.489961992702219e-05,775,0.004365382516643021,True
GaussianBudget75M_MaxCov,Loop_2024-CAINF-000654,20240527,19,pyrologix,12,124-80,2024,0.0,0.019715478993020952,-1,undetected,1,9.489961992702219e-05,4540,0.0046500813764240876,True
GaussianBudget75M_MaxCov,Lower_2024-CAENF-013979,20240529,17,pyrologix,4,107-61,2024,0.0,0.007063116994686425,1,drone,1,9.489961992702219e-05,2175,0.0046500813764240876,True
GaussianBudget75M_MaxCov,Lower_2024-CASNF-000705,20240624,23,pyrologix,1,141-74,2024,0.0,0.007783158915117383,2,drone,1,9.489961992702219e-05,1145,0.004460282136570043,True
GaussianBudget75M_MaxCov,Lukens_2024-CAANF-241820,20240618,21,pyrologix,3,none,2024,0.0,0.0019021619809791446,-1,undetected,1,9.489961992702219e-05,0,0.0,False
GaussianBudget75M_MaxCov,Lunch_2024-CATNF-001045,20240804,0,pyrologix,2,79-61,2024,0.0,0.002947504981420934,0,drone,1,9.489961992702219e-05,910,0.004175583276788976,True
GaussianBudget75M_MaxCov,Luther_2024-CATMU-022161,20240805,14,pyrologix,10,100-68,2024,0.0,0.0033122888999059796,0,drone,1,9.489961992702219e-05,3670,0.004555181756497065,True
GaussianBudget75M_MaxCov,Lyons_2024-CACNF-002195,20240921,14,pyrologix,10,244-98,2024,0.0,0.003260907018557191,0,drone,1,9.489961992702219e-05,3825,0.0046500813764240876,True
GaussianBudget75M_MaxCov,Lyons_2024-CAENF-023259,20240815,20,pyrologix,2,100-61,2024,0.0,0.014070143108256161,4,drone,1,9.489961992702219e-05,2505,0.0046500813764240876,True
GaussianBudget75M_MaxCov,Lyons_2024-CASTF-000827,20240601,12,pyrologix,11,114-64,2024,0.0,0.0033712880685925484,0,drone,1,9.489961992702219e-05,3980,0.0046500813764240876,True
GaussianBudget75M_MaxCov,Lytle_2024-CABDF-008512,20240609,20,pyrologix,4,206-88,2024,0.0,0.0075602419674396515,2,drone,1,9.489961992702219e-05,2390,0.004460282136570043,True
GaussianBudget75M_MaxCov,Mace_2024-CAAEU-021087,20240726,6,pyrologix,4,93-56,2024,0.0,0.004520099959336221,0,drone,1,9.489961992702219e-05,2030,0.0046500813764240876,True
GaussianBudget75M_MaxCov,Mad_Rock_2024-CASRF-000359,20240619,6,pyrologix,10,45-20,2024,0.0,0.007143839029595256,1,drone,1,9.489961992702219e-05,4135,0.0046500813764240876,True
GaussianBudget75M_MaxCov,Maddalena_2024-CAPNF-000657,20240706,13,pyrologix,10,72-66,2024,0.0,0.006053653080016375,1,drone,1,9.489961992702219e-05,3830,0.0046500813764240876,True
GaussianBudget75M_MaxCov,Madrone_2024-CATNF-000478,20240530,19,pyrologix,2,79-54,2024,0.0,0.007019607932306826,1,drone,1,9.489961992702219e-05,1430,0.0046500813764240876,True
GaussianBudget75M_MaxCov,Main_2024-CATNF-001408,20240930,3,pyrologix,6,79-61,2024,0.0,0.0034469410311430693,0,drone,1,9.489961992702219e-05,2335,0.0046500813764240876,True
GaussianBudget75M_MaxCov,Manzanita_2024-CAANF-242218,20240707,10,pyrologix,1,206-88,2024,0.0,0.0031967220129445195,0,drone,1,9.489961992702219e-05,590,0.003985784036934932,True
GaussianBudget75M_MaxCov,Manzanita_2024-CAINF-001157,20240716,14,pyrologix,7,162-85,2024,0.0,0.008593932026997209,2,drone,1,9.489961992702219e-05,3205,0.0046500813764240876,True
GaussianBudget75M_MaxCov,Maple_2024-CAANF-243443,20240918,22,pyrologix,3,none,2024,0.0,0.0019686290761455894,-1,undetected,1,9.489961992702219e-05,0,0.0,False
GaussianBudget75M_MaxCov,Marina_2024-CASQF-001396,20240729,12,pyrologix,5,170-77,2024,0.0,0.0028378700371831656,0,drone,1,9.489961992702219e-05,1825,0.0046500813764240876,True
GaussianBudget75M_MaxCov,Maxon_2024-CASNF-000940,20240714,13,pyrologix,5,none,2024,0.0,0.002157298964448273,-1,undetected,1,9.489961992702219e-05,0,0.0,False
GaussianBudget75M_MaxCov,Mcculloh_2024-CAENF-021466,20240729,19,pyrologix,2,93-56,2024,0.0,0.006573759950697422,1,drone,1,9.489961992702219e-05,1555,0.0046500813764240876,True
GaussianBudget75M_MaxCov,Mckenzie_2024-CASHF-001018,20241016,21,pyrologix,2,44-41,2024,0.0,0.003536958945915103,0,drone,1,9.489961992702219e-05,1025,0.004555181756497065,True
GaussianBudget75M_MaxCov,Mckinstry_2024-CAENF-019734,20240714,18,pyrologix,8,93-62,2024,0.0,0.00656022597104311,1,drone,1,9.489961992702219e-05,3245,0.0046500813764240876,True
GaussianBudget75M_MaxCov,Mclain_2024-CATNF-000486,20240531,13,pyrologix,7,79-54,2024,0.0,0.007409446989186108,1,drone,1,9.489961992702219e-05,3005,0.0046500813764240876,True
GaussianBudget75M_MaxCov,Mcleod_2024-CAINF-000910,20240626,17,pyrologix,3,127-76,2024,0.0,0.0023977699456736445,0,drone,1,9.489961992702219e-05,1090,0.004175583276788976,True
GaussianBudget75M_MaxCov,Mcnair_2024-CAPNF-000934,20240805,16,pyrologix,7,79-61,2024,0.0,0.0058027979684993625,1,drone,1,9.489961992702219e-05,2915,0.0046500813764240876,True
GaussianBudget75M_MaxCov,Meadow_2024-CAENF-019852,20240715,18,pyrologix,3,100-68,2024,0.0,0.008771682041697204,2,drone,1,9.489961992702219e-05,2015,0.004555181756497065,True
GaussianBudget75M_MaxCov,Meadow_2024-CAKNF-001865,20240315,14,pyrologix,11,17-27,2024,0.0,0.0034361250000074506,0,drone,1,9.489961992702219e-05,4165,0.0046500813764240876,True
GaussianBudget75M_MaxCov,Meadow_2024-CAPNF-000360,20240605,23,pyrologix,5,72-52,2024,0.0,0.007629335974343121,1,drone,1,9.489961992702219e-05,2765,0.0046500813764240876,True
GaussianBudget75M_MaxCov,Meadow_2024-CASTF-002049,20240903,20,pyrologix,7,107-61,2024,0.0,0.002701028948649764,0,drone,1,9.489961992702219e-05,2560,0.0046500813764240876,True
GaussianBudget75M_MaxCov,Meadow_2024-CATNF-001058,20240805,19,pyrologix,10,86-60,2024,0.0,0.005442592897452414,0,drone,1,9.489961992702219e-05,4185,0.0046500813764240876,True
GaussianBudget75M_MaxCov,Merrill_2024-CATNF-001451,20241006,6,pyrologix,9,79-68,2024,0.0,0.005879171891137958,1,drone,1,9.489961992702219e-05,3760,0.0046500813764240876,True
GaussianBudget75M_MaxCov,Mesa_2024-CABDF-004531,20240318,15,pyrologix,2,206-88,2024,0.0,0.003361905924975872,0,drone,1,9.489961992702219e-05,1010,0.004460282136570043,True
GaussianBudget75M_MaxCov,Meyers_2024-CABDF-007436,20240519,15,pyrologix,11,206-88,2024,0.0,0.004241741960868239,0,drone,1,9.489961992702219e-05,4220,0.004460282136570043,True
GaussianBudget75M_MaxCov,Middle_2024-CAPNF-000738,20240714,0,pyrologix,4,65-64,2024,0.0,0.006625809008255601,1,drone,1,9.489961992702219e-05,1760,0.004365382516643021,True
GaussianBudget75M_MaxCov,Midnight_2024-CAKNF-008589,20241016,4,pyrologix,5,17-34,2024,0.0,0.003162848064675927,0,drone,1,9.489961992702219e-05,1910,0.003985784036934932,True
GaussianBudget75M_MaxCov,Mike_2024-CALPF-002094,20240820,16,pyrologix,8,189-64,2024,0.0,0.0032036310294643044,0,drone,1,9.489961992702219e-05,2895,0.0046500813764240876,True
GaussianBudget75M_MaxCov,Milcha_2024-CACNF-002764,20241208,12,pyrologix,9,244-98,2024,0.0,0.003821041085757315,0,drone,1,9.489961992702219e-05,3470,0.0046500813764240876,True
GaussianBudget75M_MaxCov,Milford_2024-CAPNF-000276,20240518,1,pyrologix,7,72-66,2024,0.0,0.006833287072367966,1,drone,1,9.489961992702219e-05,2935,0.0046500813764240876,True
GaussianBudget75M_MaxCov,Mill_2024-CABDF-007176,20240515,18,pyrologix,5,none,2024,0.0,0.0018660660134628415,-1,undetected,1,9.489961992702219e-05,0,0.0,False
GaussianBudget75M_MaxCov,Mill_2024-CALPF-000981,20240518,13,pyrologix,6,189-64,2024,0.0,0.0022051780251786113,0,drone,1,9.489961992702219e-05,2255,0.0046500813764240876,True
GaussianBudget75M_MaxCov,Mill_2024-CAPNF-000832,20240722,20,pyrologix,3,79-61,2024,0.0,0.0031220760429278016,0,drone,1,9.489961992702219e-05,1270,0.004555181756497065,True
GaussianBudget75M_MaxCov,Mill_2024-CATNF-000939,20240720,7,pyrologix,2,79-54,2024,0.0,0.0017693080008029938,0,drone,1,9.489961992702219e-05,780,0.0046500813764240876,True
GaussianBudget75M_MaxCov,Miller_2024-CAMDF-000945,20240916,8,pyrologix,10,37-63,2024,0.0,0.005864565027877688,1,drone,1,9.489961992702219e-05,4290,0.0046500813764240876,True
GaussianBudget75M_MaxCov,Mine_2024-CAPNF-001477,20241030,17,pyrologix,12,65-57,2024,0.0,0.019698714022524655,-1,undetected,1,9.489961992702219e-05,4760,0.0046500813764240876,True
GaussianBudget75M_MaxCov,Mine_2024-CASNF-000951,20240714,18,pyrologix,9,128-62,2024,0.0,0.002707006991840899,0,drone,1,9.489961992702219e-05,3450,0.0046500813764240876,True
GaussianBudget75M_MaxCov,Miners_2024-CACNF-002617,20241113,17,pyrologix,11,244-98,2024,0.0,0.02000975306145847,-1,undetected,1,9.489961992702219e-05,4920,0.0046500813764240876,True
GaussianBudget75M_MaxCov,Mission_2024-CAMMU-024236,20241017,19,pyrologix,10,135-67,2024,0.0,0.007466097013093531,1,drone,1,9.489961992702219e-05,4265,0.0046500813764240876,True
GaussianBudget75M_MaxCov,Mnf1_2024-CALNU-019072,20241004,22,pyrologix,9,78-23,2024,0.0,0.004575363942421973,0,drone,1,9.489961992702219e-05,3290,0.004460282136570043,True
GaussianBudget75M_MaxCov,Modin_2024-CASHF-001020,20241016,22,pyrologix,2,44-48,2024,0.0,0.004185380996204913,0,drone,1,9.489961992702219e-05,1025,0.004460282136570043,True
GaussianBudget75M_MaxCov,Mohawk_2024-CAPNF-000665,20240707,8,pyrologix,1,72-59,2024,0.0,0.004710963927209377,1,drone,1,9.489961992702219e-05,815,0.0046500813764240876,True
GaussianBudget75M_MaxCov,Monkey_2024-CAANF-242139,20240705,8,pyrologix,5,201-76,2024,0.0,0.003836433053947985,0,drone,1,9.489961992702219e-05,1950,0.004555181756497065,True
GaussianBudget75M_MaxCov,Moon_2024-CAANF-242974,20240813,18,pyrologix,7,206-81,2024,0.0,0.007600512006320059,2,drone,1,9.489961992702219e-05,3680,0.0040806836568619545,True
GaussianBudget75M_MaxCov,Moon_2024-CALNF-000997,20240226,18,pyrologix,2,51-54,2024,0.0,0.0031644440023228526,0,drone,1,9.489961992702219e-05,910,0.004365382516643021,True
GaussianBudget75M_MaxCov,Moonshine_2024-CATNF-000243,20240321,22,pyrologix,1,79-54,2024,0.0,0.002355008036829531,0,drone,1,9.489961992702219e-05,540,0.0040806836568619545,True
GaussianBudget75M_MaxCov,Moore_2024-CASTF-001052,20240624,19,pyrologix,9,121-61,2024,0.0,0.004744403995573521,0,drone,1,9.489961992702219e-05,3535,0.0046500813764240876,True
GaussianBudget75M_MaxCov,Morris_2024-CAANF-242830,20240804,22,pyrologix,4,206-81,2024,0.0,0.005577091011218727,1,drone,1,9.489961992702219e-05,2235,0.0040806836568619545,True
GaussianBudget75M_MaxCov,Morris_2024-CALAC-271876,20240804,18,pyrologix,11,206-81,2024,0.0,0.004045163048431277,0,drone,1,9.489961992702219e-05,4575,0.0040806836568619545,True
GaussianBudget75M_MaxCov,Morris_2024-CASHF-000448,20240621,22,pyrologix,2,38-28,2024,0.0,0.0021245430689305067,0,drone,1,9.489961992702219e-05,830,0.004460282136570043,True
GaussianBudget75M_MaxCov,Mosquito_2024-CAAEU-022315,20240807,0,pyrologix,5,93-56,2024,0.0,0.006680847029201686,1,drone,1,9.489961992702219e-05,2700,0.0046500813764240876,True
GaussianBudget75M_MaxCov,Mosquito_2024-CATNF-000771,20240702,18,pyrologix,11,93-56,2024,0.0,0.005555127048864961,0,drone,1,9.489961992702219e-05,4730,0.0046500813764240876,True
GaussianBudget75M_MaxCov,Motor_2024-CAANF-243087,20240823,12,pyrologix,11,195-71,2024,0.0,0.007409465964883566,1,drone,1,9.489961992702219e-05,4340,0.0046500813764240876,True
GaussianBudget75M_MaxCov,Mount_2024-CALPF-002316,20240910,15,pyrologix,12,189-64,2024,0.0,0.004856426967307925,0,drone,1,9.489961992702219e-05,4610,0.0046500813764240876,True
GaussianBudget75M_MaxCov,Mountain_2024-CATNF-000760,20240702,13,pyrologix,3,79-54,2024,0.0,0.0022125899558886886,0,drone,1,9.489961992702219e-05,1205,0.0046500813764240876,True
GaussianBudget75M_MaxCov,Mouse_2024-CAKNF-006814,20240818,18,pyrologix,5,31-31,2024,0.0,0.012139729922637343,3,drone,1,9.489961992702219e-05,3075,0.0046500813764240876,True
GaussianBudget75M_MaxCov,Mp_243-16_Pinc_2024-CARRU-197199,20241222,0,pyrologix,10,223-101,2024,0.0,0.004972534021362662,0,drone,1,9.489961992702219e-05,3805,0.0046500813764240876,True
GaussianBudget75M_MaxCov,Mud_2024-CAMDF-000496,20240724,15,pyrologix,5,30-60,2024,0.0,0.004616284044459462,0,drone,1,9.489961992702219e-05,2155,0.0046500813764240876,True
GaussianBudget75M_MaxCov,Mumbo_2024-CASHF-000581,20240715,19,pyrologix,12,37-35,2024,0.0,0.003719014930538833,0,drone,1,9.489961992702219e-05,4375,0.0046500813764240876,True
GaussianBudget75M_MaxCov,Muse_2024-CAKNF-006808,20240818,12,pyrologix,10,24-32,2024,0.0,0.007477735984139144,1,drone,1,9.489961992702219e-05,4435,0.0046500813764240876,True
GaussianBudget75M_MaxCov,Myrtle_2024-CASRF-000727,20240808,18,pyrologix,12,15-20,2024,0.0,0.019255588995292783,-1,undetected,1,9.489961992702219e-05,4760,0.0046500813764240876,True
GaussianBudget75M_MaxCov,Mystery_2024-CASNF-000889,20240710,23,pyrologix,3,141-74,2024,0.0,0.006098259007558227,1,drone,1,9.489961992702219e-05,1595,0.004555181756497065,True
GaussianBudget75M_MaxCov,N_Hwy_138___Old_Mill_Rd_2024-CABDU-010726,20240718,5,pyrologix,7,209-96,2024,0.0,0.009970352053642273,2,drone,1,9.489961992702219e-05,3540,0.004460282136570043,True
GaussianBudget75M_MaxCov,Non_Reportable_2024-CAANF-241146,20240429,16,pyrologix,10,none,2024,0.0,0.0018956249114125967,-1,undetected,1,9.489961992702219e-05,0,0.0,False
GaussianBudget75M_MaxCov,North_2024-CAPNF-001479,20241031,23,pyrologix,2,65-57,2024,0.0,0.0030237369937822223,0,drone,1,9.489961992702219e-05,890,0.004460282136570043,True
GaussianBudget75M_MaxCov,North_2024-CASTF-001411,20240716,23,pyrologix,1,107-68,2024,0.0,0.005869473097845912,1,drone,1,9.489961992702219e-05,1085,0.0046500813764240876,True
GaussianBudget75M_MaxCov,North_2024-CATNF-001110,20240813,15,pyrologix,4,86-60,2024,0.0,0.013301389059051871,4,drone,1,9.489961992702219e-05,3055,0.0046500813764240876,True
GaussianBudget75M_MaxCov,Northern_2024-CAMDF-000879,20240909,12,pyrologix,6,30-60,2024,0.0,0.005624025012366474,1,drone,1,9.489961992702219e-05,2635,0.0046500813764240876,True
GaussianBudget75M_MaxCov,Nose_2024-CASRF-000338,20240613,12,pyrologix,10,38-21,2024,0.0,0.005627537961117923,1,drone,1,9.489961992702219e-05,3875,0.0046500813764240876,True
GaussianBudget75M_MaxCov,Nutmeg_2024-CASNF-000953,20240714,20,pyrologix,7,128-62,2024,0.0,0.011599989957176149,3,drone,1,9.489961992702219e-05,3955,0.0046500813764240876,True
GaussianBudget75M_MaxCov,O_Brien_2024-CASHF-000939,20240924,9,pyrologix,12,44-41,2024,0.0,0.004106447915546596,0,drone,1,9.489961992702219e-05,4645,0.0046500813764240876,True
GaussianBudget75M_MaxCov,Oak_2024-CAANF-240330,20240203,0,pyrologix,12,201-76,2024,0.0,0.018924569943919778,-1,undetected,1,9.489961992702219e-05,5465,0.004555181756497065,True
GaussianBudget75M_MaxCov,Oak_2024-CALPF-002314,20240910,12,pyrologix,10,198-64,2024,0.0,0.0062287760665640235,1,drone,1,9.489961992702219e-05,4425,0.0046500813764240876,True
GaussianBudget75M_MaxCov,Oaks_2024-CABDF-016085,20241106,12,pyrologix,9,206-88,2024,0.0,0.004907234921120107,0,drone,1,9.489961992702219e-05,3600,0.004460282136570043,True
GaussianBudget75M_MaxCov,Old_2024-CABTU-006472,20240412,22,pyrologix,5,79-47,2024,0.0,0.003169412026181817,0,drone,1,9.489961992702219e-05,2040,0.0046500813764240876,True
GaussianBudget75M_MaxCov,Old_2024-CASRF-000385,20240623,20,pyrologix,12,24-25,2024,0.0,0.019662588951177895,-1,undetected,1,9.489961992702219e-05,4320,0.0046500813764240876,True
GaussianBudget75M_MaxCov,Olga_2024-CAANF-243956,20241027,7,pyrologix,7,195-71,2024,0.0,0.008467317093163729,1,drone,1,9.489961992702219e-05,3130,0.0046500813764240876,True
GaussianBudget75M_MaxCov,Onion_2024-CATNF-001280,20240908,18,pyrologix,2,86-60,2024,0.0,0.0028363389428704977,0,drone,1,9.489961992702219e-05,955,0.0046500813764240876,True
GaussianBudget75M_MaxCov,Oregon_2024-CAPNF-001514,20241111,22,pyrologix,4,79-47,2024,0.0,0.003958084969781339,0,drone,1,9.489961992702219e-05,1850,0.0046500813764240876,True
GaussianBudget75M_MaxCov,Oregon_2024-CASHU-007131,20240704,9,pyrologix,12,45-27,2024,0.0,0.00390743394382298,0,drone,1,9.489961992702219e-05,4325,0.0046500813764240876,True
GaussianBudget75M_MaxCov,Orosco_2024-CACNF-001338,20240712,1,pyrologix,9,237-97,2024,0.0,0.006816518027335405,1,drone,1,9.489961992702219e-05,4225,0.0046500813764240876,True
GaussianBudget75M_MaxCov,Osborne_2024-CASTF-001964,20240829,14,pyrologix,1,107-61,2024,0.0,0.011513359961099923,3,drone,1,9.489961992702219e-05,1710,0.0046500813764240876,True
GaussianBudget75M_MaxCov,Overlook_2024-CAANF-242134,20240705,1,pyrologix,9,201-76,2024,0.0,0.003186811925843358,0,drone,1,9.489961992702219e-05,3250,0.004555181756497065,True
GaussianBudget75M_MaxCov,Overlook_2024-CACNF-001752,20240810,19,pyrologix,9,none,2024,0.0,0.00188933196477592,-1,undetected,1,9.489961992702219e-05,0,0.0,False
GaussianBudget75M_MaxCov,Owens_River_2024-CAINF-001553,20240826,2,pyrologix,2,124-80,2024,0.0,0.003654689993709326,0,drone,1,9.489961992702219e-05,930,0.004365382516643021,True
GaussianBudget75M_MaxCov,Owl_2024-CASNF-000945,20240714,18,pyrologix,1,135-67,2024,0.0,0.008150495938025415,2,drone,1,9.489961992702219e-05,1275,0.0046500813764240876,True
GaussianBudget75M_MaxCov,Owl_2024-CASRF-000935,20240928,21,pyrologix,5,31-24,2024,0.0,0.0066395290195941925,1,drone,1,9.489961992702219e-05,2460,0.004555181756497065,True
GaussianBudget75M_MaxCov,Packsaddle_2024-CASQF-001250,20240713,20,pyrologix,2,170-77,2024,0.0,0.00936079304665327,2,drone,1,9.489961992702219e-05,1750,0.0046500813764240876,True
GaussianBudget75M_MaxCov,Paddle_2024-CASRF-000778,20240819,11,pyrologix,11,15-20,2024,0.0,0.0032328939996659756,0,drone,1,9.489961992702219e-05,3995,0.0046500813764240876,True
GaussianBudget75M_MaxCov,Palen_2024-CATNF-000883,20240714,21,pyrologix,10,79-68,2024,0.0,0.007840155973099172,1,drone,1,9.489961992702219e-05,4345,0.0046500813764240876,True
GaussianBudget75M_MaxCov,Paloma_2024-CAANF-244637,20241222,23,pyrologix,7,201-76,2024,0.0,0.00802398007363081,2,drone,1,9.489961992702219e-05,3250,0.004555181756497065,True
GaussianBudget75M_MaxCov,Pancake_2024-CAPNF-000473,20240623,11,pyrologix,11,72-52,2024,0.0,0.005942199029959738,1,drone,1,9.489961992702219e-05,4605,0.0046500813764240876,True
GaussianBudget75M_MaxCov,Panoramic_2024-CABDF-001975,20240206,21,pyrologix,8,223-101,2024,0.0,0.005783807020634413,1,drone,1,9.489961992702219e-05,3305,0.0046500813764240876,True
GaussianBudget75M_MaxCov,Park_Creek_Rd___Sly_Park_Rd_2024-CAAEU-009199,20240412,8,pyrologix,12,100-54,2024,0.0,0.019095385097898543,-1,undetected,1,9.489961992702219e-05,4730,0.0046500813764240876,True
GaussianBudget75M_MaxCov,Pass_2024-CASQF-001363,20240724,17,pyrologix,7,147-79,2024,0.0,0.006864671013318002,1,drone,1,9.489961992702219e-05,3200,0.0046500813764240876,True
GaussianBudget75M_MaxCov,Patricks_2024-CASRF-000944,20241001,19,pyrologix,7,15-20,2024,0.0,0.006688217050395906,1,drone,1,9.489961992702219e-05,3245,0.0046500813764240876,True
GaussianBudget75M_MaxCov,Patterson_2024-CAMDF-000408,20240717,22,pyrologix,8,42-76,2024,0.0,0.008460097014904022,2,drone,1,9.489961992702219e-05,3590,0.0046500813764240876,True
GaussianBudget75M_MaxCov,Patterson_2024-CATNF-001415,20241001,16,pyrologix,8,86-60,2024,0.0,0.007815007003955543,1,drone,1,9.489961992702219e-05,3715,0.0046500813764240876,True
GaussianBudget75M_MaxCov,Peak_2024-CASTF-002313,20241002,13,pyrologix,12,114-64,2024,0.0,0.01920452294871211,-1,undetected,1,9.489961992702219e-05,4905,0.0046500813764240876,True
GaussianBudget75M_MaxCov,Pearl_2024-CAENF-019645,20240714,1,pyrologix,1,93-62,2024,0.0,0.004344411077909172,1,drone,1,9.489961992702219e-05,715,0.004365382516643021,True
GaussianBudget75M_MaxCov,Peavine_2024-CAENF-030576,20241027,15,pyrologix,8,100-61,2024,0.0,0.0056112660095095634,1,drone,1,9.489961992702219e-05,3470,0.0046500813764240876,True
GaussianBudget75M_MaxCov,Pecks_2024-CAPNF-001478,20241030,22,pyrologix,2,65-57,2024,0.0,0.003208891022950411,0,drone,1,9.489961992702219e-05,890,0.004460282136570043,True
GaussianBudget75M_MaxCov,Pelona_2024-CAANF-243346,20240909,11,pyrologix,9,201-76,2024,0.0,0.0036654439754784107,0,drone,1,9.489961992702219e-05,3285,0.004555181756497065,True
GaussianBudget75M_MaxCov,Pencil_2024-CAMDF-000481,20240722,19,pyrologix,4,none,2024,0.0,0.00189805100671947,-1,undetected,1,9.489961992702219e-05,0,0.0,False
GaussianBudget75M_MaxCov,Pendola_2024-CATNF-000345,20240421,14,pyrologix,12,79-54,2024,0.0,0.020294121000915766,-1,undetected,1,9.489961992702219e-05,5915,0.0046500813764240876,True
GaussianBudget75M_MaxCov,Perdew_2024-CABDF-014445,20241016,19,pyrologix,11,206-88,2024,0.0,0.0035116509534418583,0,drone,1,9.489961992702219e-05,4115,0.004460282136570043,True
GaussianBudget75M_MaxCov,Perkins_2024-CASNF-000978,20240717,19,pyrologix,12,134-74,2024,0.0,0.019164921948686242,-1,undetected,1,9.489961992702219e-05,4500,0.0046500813764240876,True
GaussianBudget75M_MaxCov,Phipps_2024-CAENF-019712,20240714,17,pyrologix,6,93-62,2024,0.0,0.007803324959240854,2,drone,1,9.489961992702219e-05,2805,0.0046500813764240876,True
GaussianBudget75M_MaxCov,Phipps_2024-CATMU-019712,20240714,18,pyrologix,4,93-62,2024,0.0,0.012802019016817212,4,drone,1,9.489961992702219e-05,2805,0.0046500813764240876,True
GaussianBudget75M_MaxCov,Picket_2024-CAENF-026879,20240919,17,pyrologix,1,93-62,2024,0.0,0.0027964409673586488,0,drone,1,9.489961992702219e-05,545,0.0040806836568619545,True
GaussianBudget75M_MaxCov,Pickett_2024-CASRF-000557,20240714,10,pyrologix,5,52-19,2024,0.0,0.007534647011198103,2,drone,1,9.489961992702219e-05,2545,0.0046500813764240876,True
GaussianBudget75M_MaxCov,Picnic_2024-CACNF-002561,20241107,15,pyrologix,12,none,2024,0.0,0.0018917269771918654,-1,undetected,1,9.489961992702219e-05,0,0.0,False
GaussianBudget75M_MaxCov,Piedras_2024-CALPF-001480,20240701,12,pyrologix,8,198-64,2024,0.0,0.004174095927737653,0,drone,1,9.489961992702219e-05,3460,0.0046500813764240876,True
GaussianBudget75M_MaxCov,Pine_2024-CALPF-002058,20240817,15,pyrologix,1,189-64,2024,0.0,0.0014671629760414362,0,drone,1,9.489961992702219e-05,375,0.00303678783766471,True
GaussianBudget75M_MaxCov,Pine_2024-CATNF-000921,20240718,14,pyrologix,1,86-53,2024,0.0,0.005978001048788428,1,drone,1,9.489961992702219e-05,995,0.004555181756497065,True
GaussianBudget75M_MaxCov,Pinecrest_2024-CASTF-000673,20240514,17,pyrologix,12,114-64,2024,0.0,0.003372685983777046,0,drone,1,9.489961992702219e-05,4295,0.0046500813764240876,True
GaussianBudget75M_MaxCov,Pines_2024-CAANF-242216,20240707,7,pyrologix,4,206-88,2024,0.0,0.0070135960122570395,1,drone,1,9.489961992702219e-05,2305,0.004460282136570043,True
GaussianBudget75M_MaxCov,Pinewood_2024-CABDF-007893,20240527,12,pyrologix,7,223-101,2024,0.0,0.0034949169494211674,0,drone,1,9.489961992702219e-05,2660,0.0046500813764240876,True
GaussianBudget75M_MaxCov,Pipe_2024-CAANF-242836,20240805,21,pyrologix,11,201-76,2024,0.0,0.0034910449758172035,0,drone,1,9.489961992702219e-05,3980,0.004555181756497065,True
GaussianBudget75M_MaxCov,Pipeline_2024-CASHF-000628,20240724,16,pyrologix,9,52-26,2024,0.0,0.0046951150288805366,0,drone,1,9.489961992702219e-05,3235,0.0046500813764240876,True
GaussianBudget75M_MaxCov,Pipi_2024-CAENF-018817,20240707,15,pyrologix,9,100-61,2024,0.0,0.006066865986213088,1,drone,1,9.489961992702219e-05,3825,0.0046500813764240876,True
GaussianBudget75M_MaxCov,Pit_2024-CALPF-002505,20241002,22,pyrologix,9,189-64,2024,0.0,0.0032892379676923156,0,drone,1,9.489961992702219e-05,3250,0.0046500813764240876,True
GaussianBudget75M_MaxCov,Pitman_2024-CABDF-009013,20240621,13,pyrologix,5,206-88,2024,0.0,0.006573955062776804,1,drone,1,9.489961992702219e-05,2575,0.004460282136570043,True
GaussianBudget75M_MaxCov,Piute_2024-CASTF-002034,20240902,16,pyrologix,11,114-64,2024,0.0,0.018975767074152827,-1,undetected,1,9.489961992702219e-05,4825,0.0046500813764240876,True
GaussianBudget75M_MaxCov,Plantation_2024-CAMDF-000415,20240717,13,pyrologix,11,none,2024,0.0,0.0018680839566513896,-1,undetected,1,9.489961992702219e-05,0,0.0,False
GaussianBudget75M_MaxCov,Plenty_2024-CAANF-242169,20240705,21,pyrologix,4,none,2024,0.0,0.0018475039396435022,-1,undetected,1,9.489961992702219e-05,0,0.0,False
GaussianBudget75M_MaxCov,Point_2024-CAMDF-000395,20240715,16,pyrologix,10,30-60,2024,0.0,0.004505603923462331,0,drone,1,9.489961992702219e-05,3865,0.0046500813764240876,True
GaussianBudget75M_MaxCov,Point_2024-CASHU-006836,20240627,17,pyrologix,7,44-55,2024,0.0,0.0041872760048136115,0,drone,1,9.489961992702219e-05,2585,0.0046500813764240876,True
GaussianBudget75M_MaxCov,Point_2024-CASQF-001303,20240718,6,pyrologix,4,177-79,2024,0.0,0.006843701004981995,1,drone,1,9.489961992702219e-05,1980,0.0046500813764240876,True
GaussianBudget75M_MaxCov,Poison_2024-CALNF-005125,20240827,18,pyrologix,4,51-54,2024,0.0,0.004019045969471335,0,drone,1,9.489961992702219e-05,1750,0.004555181756497065,True
GaussianBudget75M_MaxCov,Poison_2024-CASNF-001054,20240724,22,pyrologix,1,134-74,2024,0.0,0.003355617052875459,0,drone,1,9.489961992702219e-05,625,0.004270482896715999,True
GaussianBudget75M_MaxCov,Poison_2024-CASQF-001232,20240713,21,pyrologix,6,170-77,2024,0.0,0.007941995048895478,2,drone,1,9.489961992702219e-05,2840,0.0046500813764240876,True
GaussianBudget75M_MaxCov,Poker_2024-CAKNF-006795,20240818,22,pyrologix,10,17-27,2024,0.0,0.0053352899849414825,0,drone,1,9.489961992702219e-05,4065,0.0046500813764240876,True
GaussianBudget75M_MaxCov,Porka_2024-CASTF-001365,20240714,11,pyrologix,10,107-68,2024,0.0,0.0069940099492669106,1,drone,1,9.489961992702219e-05,4345,0.0046500813764240876,True
GaussianBudget75M_MaxCov,Portal_2024-CAANF-242662,20240727,20,pyrologix,7,none,2024,0.0,0.0019034140277653933,-1,undetected,1,9.489961992702219e-05,0,0.0,False
GaussianBudget75M_MaxCov,Portal_2024-CAINF-002022,20241104,19,pyrologix,1,none,2024,0.0,0.0019106300314888358,-1,undetected,1,9.489961992702219e-05,0,0.0,False
GaussianBudget75M_MaxCov,Portuguese_2024-CAKNF-006636,20240814,0,pyrologix,3,17-34,2024,0.0,0.0038528830045834184,0,drone,1,9.489961992702219e-05,1325,0.003985784036934932,True
GaussianBudget75M_MaxCov,Poso_2024-CATUU-000791,20240719,8,pyrologix,4,170-77,2024,0.0,0.0021852239733561873,0,drone,1,9.489961992702219e-05,1485,0.0046500813764240876,True
GaussianBudget75M_MaxCov,Post_2024-CASHF-000586,20240716,0,pyrologix,5,52-26,2024,0.0,0.004300373024307191,0,drone,1,9.489961992702219e-05,1905,0.004460282136570043,True
GaussianBudget75M_MaxCov,Power_2024-CAMMU-023174,20241004,22,pyrologix,6,135-67,2024,0.0,0.004082827945239842,0,drone,1,9.489961992702219e-05,2510,0.0046500813764240876,True
GaussianBudget75M_MaxCov,Power_2024-CASNF-001545,20240915,14,pyrologix,12,141-74,2024,0.0,0.01912337902467698,-1,undetected,1,9.489961992702219e-05,4410,0.0046500813764240876,True
GaussianBudget75M_MaxCov,Power_2024-CASQF-001097,20240703,0,pyrologix,1,177-72,2024,0.0,0.005445169052109122,1,drone,1,9.489961992702219e-05,955,0.004555181756497065,True
GaussianBudget75M_MaxCov,Powerhouse_2024-CAANF-242656,20240727,17,pyrologix,6,195-71,2024,0.0,0.005499719991348684,1,drone,1,9.489961992702219e-05,2490,0.0046500813764240876,True
GaussianBudget75M_MaxCov,Propane_2024-CASQF-001598,20240830,22,pyrologix,9,177-79,2024,0.0,0.0029259930597618222,0,drone,1,9.489961992702219e-05,3075,0.0046500813764240876,True
GaussianBudget75M_MaxCov,Prospect_2024-CAPNF-000095,20240226,16,pyrologix,5,79-61,2024,0.0,0.006868154974654317,1,drone,1,9.489961992702219e-05,2400,0.0046500813764240876,True
GaussianBudget75M_MaxCov,Prospect_2024-CASHF-001019,20241016,20,pyrologix,3,44-41,2024,0.0,0.005583366961218417,1,drone,1,9.489961992702219e-05,1735,0.004555181756497065,True
GaussianBudget75M_MaxCov,Prosser_2024-CATNF-000497,20240601,15,pyrologix,11,86-67,2024,0.0,0.0049571499694138765,0,drone,1,9.489961992702219e-05,4300,0.004460282136570043,True
GaussianBudget75M_MaxCov,Provo_2024-CASTF-000370,20240311,23,pyrologix,7,114-57,2024,0.0,0.002351790084503591,0,drone,1,9.489961992702219e-05,2875,0.0046500813764240876,True
GaussianBudget75M_MaxCov,Punch_2024-CASNF-000934,20240714,20,pyrologix,12,none,2024,0.0,0.001897300942800939,-1,undetected,1,9.489961992702219e-05,0,0.0,False
GaussianBudget75M_MaxCov,Quartz_2024-CASNF-001057,20240725,22,pyrologix,11,128-69,2024,0.0,0.00594152498524636,1,drone,1,9.489961992702219e-05,4240,0.004555181756497065,True
GaussianBudget75M_MaxCov,Rail_2024-CAPNF-000256,20240511,18,pyrologix,2,72-66,2024,0.0,0.0041429230477660894,0,drone,1,9.489961992702219e-05,1070,0.004555181756497065,True
GaussianBudget75M_MaxCov,Rainbow_2024-CASHF-000869,20240909,17,pyrologix,1,52-19,2024,0.0,0.003312075976282358,0,drone,1,9.489961992702219e-05,650,0.00389088441700791,True
GaussianBudget75M_MaxCov,Ramp_2024-CATNF-000446,20240525,19,pyrologix,3,86-67,2024,0.0,0.0026410570135340095,0,drone,1,9.489961992702219e-05,1215,0.004460282136570043,True
GaussianBudget75M_MaxCov,Ramparts_2024-CATMU-021980,20240803,17,pyrologix,10,93-62,2024,0.0,0.006824683980084956,1,drone,1,9.489961992702219e-05,3920,0.0046500813764240876,True
GaussianBudget75M_MaxCov,Ranch_2024-CATNF-001414,20241001,16,pyrologix,5,79-61,2024,0.0,0.006094589945860207,1,drone,1,9.489961992702219e-05,2335,0.0046500813764240876,True
GaussianBudget75M_MaxCov,Rancheria_2024-CACNF-002722,20241201,15,pyrologix,3,none,2024,0.0,0.0019805469783023,-1,undetected,1,9.489961992702219e-05,0,0.0,False
GaussianBudget75M_MaxCov,Range_2024-CAANF-243749,20241011,16,pyrologix,2,206-81,2024,0.0,0.004610565956681967,1,drone,1,9.489961992702219e-05,1370,0.0040806836568619545,True
GaussianBudget75M_MaxCov,Rattlesnake_2024-CASTF-001325,20240712,23,pyrologix,8,107-61,2024,0.0,0.0032431520521640778,0,drone,1,9.489961992702219e-05,2960,0.0046500813764240876,True
GaussianBudget75M_MaxCov,Raymond_2024-CASNF-001072,20240726,16,pyrologix,10,128-69,2024,0.0,0.005163948982954025,0,drone,1,9.489961992702219e-05,3835,0.004555181756497065,True
GaussianBudget75M_MaxCov,Raywood_2024-CABDF-012213,20240901,21,pyrologix,8,214-103,2024,0.0,0.00815861695446074,2,drone,1,9.489961992702219e-05,3725,0.004365382516643021,True
GaussianBudget75M_MaxCov,Red_2024-CASHF-000767,20240818,20,pyrologix,7,37-42,2024,0.0,0.003708019037730992,0,drone,1,9.489961992702219e-05,2430,0.0046500813764240876,True
GaussianBudget75M_MaxCov,Red_2024-CATNF-000906,20240717,0,pyrologix,4,86-60,2024,0.0,0.007103730924427509,1,drone,1,9.489961992702219e-05,2300,0.0046500813764240876,True
GaussianBudget75M_MaxCov,Red_2024-CATNF-001349,20240919,12,pyrologix,2,93-62,2024,0.0,0.002690859022550285,0,drone,1,9.489961992702219e-05,820,0.004365382516643021,True
GaussianBudget75M_MaxCov,Redgrove_2024-CASQF-001170,20240708,10,pyrologix,9,163-78,2024,0.0,0.0035718639846891165,0,drone,1,9.489961992702219e-05,3445,0.0046500813764240876,True
GaussianBudget75M_MaxCov,Redinger_2024-CASNF-001840,20241115,16,pyrologix,12,135-67,2024,0.0,0.005217808997258544,0,drone,1,9.489961992702219e-05,4685,0.0046500813764240876,True
GaussianBudget75M_MaxCov,Redonda_2024-CABDF-015968,20241103,14,pyrologix,8,209-96,2024,0.0,0.0025918870232999325,0,drone,1,9.489961992702219e-05,3000,0.004460282136570043,True
GaussianBudget75M_MaxCov,Redwood_2024-CASRF-000862,20240910,10,pyrologix,12,15-20,2024,0.0,0.019069280941039324,-1,undetected,1,9.489961992702219e-05,4760,0.0046500813764240876,True
GaussianBudget75M_MaxCov,Reeves_2024-CAKNF-006815,20240818,19,pyrologix,4,17-34,2024,0.0,0.006214298075065017,1,drone,1,9.489961992702219e-05,1955,0.003985784036934932,True
GaussianBudget75M_MaxCov,Refugio_2024-CALPF-002117,20240823,5,pyrologix,4,none,2024,0.0,0.0019203369738534093,-1,undetected,1,9.489961992702219e-05,0,0.0,False
GaussianBudget75M_MaxCov,Remann_2024-CALNF-005700,20240921,11,pyrologix,10,51-54,2024,0.0,0.00646655005402863,1,drone,1,9.489961992702219e-05,3985,0.0046500813764240876,True
GaussianBudget75M_MaxCov,Reservoir_2024-CAANF-243574,20240930,16,pyrologix,3,206-81,2024,0.0,0.004722710931673646,1,drone,1,9.489961992702219e-05,1745,0.0040806836568619545,True
GaussianBudget75M_MaxCov,Resort_2024-CACNF-002865,20241228,17,pyrologix,7,230-100,2024,0.0,0.007038988056592643,1,drone,1,9.489961992702219e-05,2825,0.004555181756497065,True
GaussianBudget75M_MaxCov,Rest_2024-CAINF-001411,20240810,12,pyrologix,8,127-76,2024,0.0,0.008730996982194483,2,drone,1,9.489961992702219e-05,3625,0.0046500813764240876,True
GaussianBudget75M_MaxCov,Rest_2024-CALNF-005560,20240915,0,pyrologix,1,58-61,2024,0.0,0.004796818015165627,1,drone,1,9.489961992702219e-05,830,0.0040806836568619545,True
GaussianBudget75M_MaxCov,Reynolds_2024-CASRF-000287,20240527,1,pyrologix,4,24-25,2024,0.0,0.0034223509719595313,0,drone,1,9.489961992702219e-05,1560,0.0046500813764240876,True
GaussianBudget75M_MaxCov,Ridge_2024-CABDF-010876,20240731,14,pyrologix,4,none,2024,0.0,0.0018546490464359522,-1,undetected,1,9.489961992702219e-05,0,0.0,False
GaussianBudget75M_MaxCov,Ridge_2024-CANEU-030573,20241012,22,pyrologix,3,93-56,2024,0.0,0.006378495949320495,1,drone,1,9.489961992702219e-05,1915,0.0046500813764240876,True
GaussianBudget75M_MaxCov,Ridge_2_2024-CASRF-000580,20240715,23,pyrologix,2,38-21,2024,0.0,0.006475219037383795,1,drone,1,9.489961992702219e-05,1380,0.0046500813764240876,True
GaussianBudget75M_MaxCov,Rim_2024-CABDF-000408,20240109,16,pyrologix,3,209-96,2024,0.0,0.004712242051027715,1,drone,1,9.489961992702219e-05,1545,0.004460282136570043,True
GaussianBudget75M_MaxCov,River_2024-CAANF-242928,20240811,11,pyrologix,9,206-81,2024,0.0,0.004862956004217267,0,drone,1,9.489961992702219e-05,4005,0.0040806836568619545,True
GaussianBudget75M_MaxCov,River_2024-CASHF-000226,20240427,20,pyrologix,2,44-41,2024,0.0,0.003268172964453697,0,drone,1,9.489961992702219e-05,1025,0.004555181756497065,True
GaussianBudget75M_MaxCov,River_Park_2024-CAKNF-009213,20241107,20,pyrologix,9,17-27,2024,0.0,0.002554976032115519,0,drone,1,9.489961992702219e-05,3440,0.0046500813764240876,True
GaussianBudget75M_MaxCov,Road_2024-CAANF-243400,20240914,11,pyrologix,9,201-76,2024,0.0,0.003073466010391712,0,drone,1,9.489961992702219e-05,3250,0.004555181756497065,True
GaussianBudget75M_MaxCov,Rock_2024-CABDF-009734,20240725,18,pyrologix,8,209-96,2024,0.0,0.007106286007910967,1,drone,1,9.489961992702219e-05,3460,0.004460282136570043,True
GaussianBudget75M_MaxCov,Rock_2024-CALPF-002208,20240902,21,pyrologix,7,none,2024,0.0,0.0024597779847681522,-1,undetected,1,9.489961992702219e-05,0,0.0,False
GaussianBudget75M_MaxCov,Rock_2024-CAMDF-000170,20240610,19,pyrologix,11,42-76,2024,0.0,0.0036477530375123024,0,drone,1,9.489961992702219e-05,3955,0.0046500813764240876,True
GaussianBudget75M_MaxCov,Rock_2024-CASHF-000761,20240818,10,pyrologix,8,44-34,2024,0.0,0.006102901068516076,1,drone,1,9.489961992702219e-05,3660,0.0046500813764240876,True
GaussianBudget75M_MaxCov,Rock_2024-CASNF-000717,20240625,15,pyrologix,1,141-74,2024,0.0,0.008697459939867258,2,drone,1,9.489961992702219e-05,1290,0.004555181756497065,True
GaussianBudget75M_MaxCov,Rock_2024-CASRF-000607,20240718,13,pyrologix,10,24-25,2024,0.0,0.0037211290327832103,0,drone,1,9.489961992702219e-05,3475,0.0046500813764240876,True
GaussianBudget75M_MaxCov,Rocky_2024-CATNF-001017,20240803,22,pyrologix,9,86-67,2024,0.0,0.006752417073585093,1,drone,1,9.489961992702219e-05,3830,0.004460282136570043,True
GaussianBudget75M_MaxCov,Rodeo_2024-CASQF-001344,20240718,22,pyrologix,2,169-84,2024,0.0,0.003757184953428805,0,drone,1,9.489961992702219e-05,995,0.0046500813764240876,True
GaussianBudget75M_MaxCov,Rodgers_2024-CASNF-001798,20241103,9,pyrologix,11,141-74,2024,0.0,0.006597487023100257,1,drone,1,9.489961992702219e-05,4230,0.0046500813764240876,True
GaussianBudget75M_MaxCov,Root_2024-CASHF-001002,20241010,19,pyrologix,6,37-42,2024,0.0,0.0037717550294473767,0,drone,1,9.489961992702219e-05,2095,0.0046500813764240876,True
GaussianBudget75M_MaxCov,Rosa_2024-CABDF-017160,20241126,1,pyrologix,7,223-101,2024,0.0,0.010620485059916973,3,drone,1,9.489961992702219e-05,3590,0.0046500813764240876,True
GaussianBudget75M_MaxCov,Round_2024-CABDF-007414,20240519,13,pyrologix,6,223-101,2024,0.0,0.005750408046878874,1,drone,1,9.489961992702219e-05,2605,0.0046500813764240876,True
GaussianBudget75M_MaxCov,Round_2024-CAPNF-000719,20240711,16,pyrologix,12,65-57,2024,0.0,0.004415223025716841,0,drone,1,9.489961992702219e-05,4605,0.0046500813764240876,True
GaussianBudget75M_MaxCov,Royal_2024-CATNF-000855,20240707,20,pyrologix,6,86-60,2024,0.0,0.0054437980288639665,1,drone,1,9.489961992702219e-05,2695,0.0046500813764240876,True
GaussianBudget75M_MaxCov,Rru_Cove_2024-CABDF-014860,20241025,9,pyrologix,10,223-101,2024,0.0,0.007785439025610685,1,drone,1,9.489961992702219e-05,4195,0.0046500813764240876,True
GaussianBudget75M_MaxCov,Rru_Howard_2024-CABDF-008044,20240530,18,pyrologix,3,223-101,2024,0.0,0.005398783017881215,1,drone,1,9.489961992702219e-05,1640,0.0046500813764240876,True
GaussianBudget75M_MaxCov,Rubbish_2024-CAANF-240976,20240412,14,pyrologix,7,206-81,2024,0.0,0.003055411041714251,0,drone,1,9.489961992702219e-05,3050,0.0040806836568619545,True
GaussianBudget75M_MaxCov,Ruby_2024-CAANF-242657,20240727,15,pyrologix,12,195-71,2024,0.0,0.004729429027065635,0,drone,1,9.489961992702219e-05,4340,0.0046500813764240876,True
GaussianBudget75M_MaxCov,Rucker_2024-CATNF-000985,20240727,17,pyrologix,6,86-60,2024,0.0,0.004186399979516864,0,drone,1,9.489961992702219e-05,2515,0.0046500813764240876,True
GaussianBudget75M_MaxCov,Ruffey_2024-CAKNF-005725,20240716,16,pyrologix,4,31-31,2024,0.0,0.0036868250463157892,0,drone,1,9.489961992702219e-05,1650,0.0046500813764240876,True
GaussianBudget75M_MaxCov,Runner_2024-CAANF-242659,20240727,17,pyrologix,11,195-71,2024,0.0,0.007115175016224384,1,drone,1,9.489961992702219e-05,4340,0.0046500813764240876,True
GaussianBudget75M_MaxCov,Runner_2_2024-CAANF-243959,20241027,14,pyrologix,8,195-71,2024,0.0,0.006012930069118738,1,drone,1,9.489961992702219e-05,3220,0.0046500813764240876,True
GaussianBudget75M_MaxCov,Saddle_2024-CAPNF-001253,20240919,22,pyrologix,6,72-59,2024,0.0,0.0058559420285746455,1,drone,1,9.489961992702219e-05,2540,0.0046500813764240876,True
GaussianBudget75M_MaxCov,Salt_2024-CAENF-017809,20240630,13,pyrologix,11,107-61,2024,0.0,0.007218794897198677,1,drone,1,9.489961992702219e-05,4360,0.0046500813764240876,True
GaussianBudget75M_MaxCov,Sand_2024-CATNF-000885,20240714,0,pyrologix,9,86-60,2024,0.0,0.006524808006361127,1,drone,1,9.489961992702219e-05,3985,0.0046500813764240876,True
GaussianBudget75M_MaxCov,Sanhedrin_2024-CAMNF-001449,20241012,20,pyrologix,7,74-20,2024,0.0,0.003984831040725112,0,drone,1,9.489961992702219e-05,2555,0.0046500813764240876,True
GaussianBudget75M_MaxCov,Sardine_2024-CASTF-001400,20240716,22,pyrologix,6,107-68,2024,0.0,0.004468077910132706,0,drone,1,9.489961992702219e-05,2565,0.0046500813764240876,True
GaussianBudget75M_MaxCov,Scenic_2024-CAINF-000736,20240608,13,pyrologix,12,124-80,2024,0.0,0.019018460996448994,-1,undetected,1,9.489961992702219e-05,4540,0.0046500813764240876,True
GaussianBudget75M_MaxCov,Scotland_2024-CABDF-012756,20240912,21,pyrologix,8,206-88,2024,0.0,0.006479130010120571,1,drone,1,9.489961992702219e-05,3505,0.004460282136570043,True
GaussianBudget75M_MaxCov,Scott_2024-CABDF-014959,20241026,1,pyrologix,12,206-88,2024,0.0,0.0053936269832775,0,drone,1,9.489961992702219e-05,4765,0.004460282136570043,True
GaussianBudget75M_MaxCov,Seeley_2024-CABDF-015160,20241027,20,pyrologix,5,209-96,2024,0.0,0.0041589150205254555,0,drone,1,9.489961992702219e-05,2130,0.004460282136570043,True
GaussianBudget75M_MaxCov,Seiad_2024-CAKNF-007154,20240829,13,pyrologix,11,17-34,2024,0.0,0.006053552962839603,1,drone,1,9.489961992702219e-05,4335,0.003985784036934932,True
GaussianBudget75M_MaxCov,Sepulveda_2024-CABDF-009699,20240705,23,pyrologix,7,209-96,2024,0.0,0.0057740689953789115,1,drone,1,9.489961992702219e-05,3035,0.004460282136570043,True
GaussianBudget75M_MaxCov,Shake_2024-CAMDF-000947,20240916,15,pyrologix,3,37-63,2024,0.0,0.007505960064008832,2,drone,1,9.489961992702219e-05,2005,0.0046500813764240876,True
GaussianBudget75M_MaxCov,Shanty_2024-CASRF-000614,20240720,1,pyrologix,7,52-19,2024,0.0,0.008539190981537104,2,drone,1,9.489961992702219e-05,3270,0.0046500813764240876,True
GaussianBudget75M_MaxCov,Sheep_2024-CABDF-011109,20240805,18,pyrologix,5,206-88,2024,0.0,0.0025988679844886065,0,drone,1,9.489961992702219e-05,2110,0.004460282136570043,True
GaussianBudget75M_MaxCov,Sheep_2024-CASHF-000789,20240823,1,pyrologix,4,44-34,2024,0.0,0.002329620998352766,0,drone,1,9.489961992702219e-05,1640,0.0046500813764240876,True
GaussianBudget75M_MaxCov,Sheephead_2024-CACNF-001245,20240705,6,pyrologix,1,none,2024,0.0,0.0019119640346616507,-1,undetected,1,9.489961992702219e-05,0,0.0,False
GaussianBudget75M_MaxCov,Sheering_2024-CASTF-001060,20240625,0,pyrologix,5,114-64,2024,0.0,0.0027074250392615795,0,drone,1,9.489961992702219e-05,1870,0.0046500813764240876,True
GaussianBudget75M_MaxCov,Shell_2024-CASQF-001024,20240625,22,pyrologix,7,147-79,2024,0.0,0.006655164994299412,1,drone,1,9.489961992702219e-05,3200,0.0046500813764240876,True
GaussianBudget75M_MaxCov,Shelley_2024-CATMU-030116,20241022,16,pyrologix,3,none,2024,0.0,0.0018527009524405003,-1,undetected,1,9.489961992702219e-05,0,0.0,False
GaussianBudget75M_MaxCov,Shelly_2024-CAKNF-005159,20240703,16,pyrologix,9,24-32,2024,0.0,0.007853984949178994,1,drone,1,9.489961992702219e-05,4120,0.0046500813764240876,True
GaussianBudget75M_MaxCov,Sherwin_2024-CAINF-001851,20241003,19,pyrologix,10,127-76,2024,0.0,0.003289506072178483,0,drone,1,9.489961992702219e-05,3625,0.0046500813764240876,True
GaussianBudget75M_MaxCov,Shinn_2024-CASNF-000977,20240716,22,pyrologix,2,134-74,2024,0.0,0.01811937498860061,-1,undetected,1,9.489961992702219e-05,2605,0.004555181756497065,True
GaussianBudget75M_MaxCov,Shoe_2024-CASHF-000996,20241009,17,pyrologix,6,44-41,2024,0.0,0.005808550980873406,1,drone,1,9.489961992702219e-05,2820,0.0046500813764240876,True
GaussianBudget75M_MaxCov,Shore_2024-CATNF-001163,20240822,2,pyrologix,11,86-67,2024,0.0,0.0032570939511060715,0,drone,1,9.489961992702219e-05,4040,0.004460282136570043,True
GaussianBudget75M_MaxCov,Siberia_2024-CABDF-010843,20240730,15,pyrologix,8,209-96,2024,0.0,0.012160249054431915,3,drone,1,9.489961992702219e-05,4060,0.004460282136570043,True
GaussianBudget75M_MaxCov,Sierra_2024-CAANF-242698,20240729,9,pyrologix,11,201-76,2024,0.0,0.003758177044801414,0,drone,1,9.489961992702219e-05,4015,0.004555181756497065,True
GaussianBudget75M_MaxCov,Sierra_2024-CAMMU-018562,20240811,4,pyrologix,1,135-67,2024,0.0,0.0014575760578736663,0,drone,1,9.489961992702219e-05,435,0.0036061855572268433,True
GaussianBudget75M_MaxCov,Signal_2024-CASRF-000713,20240805,13,pyrologix,9,15-20,2024,0.0,0.004057978047057986,0,drone,1,9.489961992702219e-05,3535,0.0046500813764240876,True
GaussianBudget75M_MaxCov,Silverado_2024-CAANF-243644,20241005,7,pyrologix,9,195-71,2024,0.0,0.005836825934238732,1,drone,1,9.489961992702219e-05,3520,0.0046500813764240876,True
GaussianBudget75M_MaxCov,Sirretta_2024-CASQF-001263,20240714,16,pyrologix,4,169-84,2024,0.0,0.002684512990526855,0,drone,1,9.489961992702219e-05,1415,0.0046500813764240876,True
GaussianBudget75M_MaxCov,Skyland_2024-CABDF-009823,20240706,10,pyrologix,12,none,2024,0.0,0.0019237379310652614,-1,undetected,1,9.489961992702219e-05,0,0.0,False
GaussianBudget75M_MaxCov,Skyline_2024-CASHF-001147,20241207,17,pyrologix,5,44-41,2024,0.0,0.0028349660569801927,0,drone,1,9.489961992702219e-05,2020,0.0046500813764240876,True
GaussianBudget75M_MaxCov,Slate_2024-CASRF-000624,20240721,17,pyrologix,2,31-24,2024,0.0,0.0036597299622371793,0,drone,1,9.489961992702219e-05,1110,0.004555181756497065,True
GaussianBudget75M_MaxCov,Sloat_2024-CATNF-001054,20240804,16,pyrologix,7,79-61,2024,0.0,0.00807787396479398,2,drone,1,9.489961992702219e-05,3175,0.0046500813764240876,True
GaussianBudget75M_MaxCov,Smith_2024-CAPNF-000834,20240722,21,pyrologix,3,72-66,2024,0.0,0.004955848096869886,1,drone,1,9.489961992702219e-05,1490,0.004555181756497065,True
GaussianBudget75M_MaxCov,Snag_2024-CAMDF-000416,20240717,17,pyrologix,5,none,2024,0.0,0.0021643630461767316,-1,undetected,1,9.489961992702219e-05,0,0.0,False
GaussianBudget75M_MaxCov,Snell_2024-CAMDF-000949,20240916,16,pyrologix,4,37-56,2024,0.0,0.0032439999049529433,0,drone,1,9.489961992702219e-05,1670,0.0046500813764240876,True
GaussianBudget75M_MaxCov,Snow_2024-CABDF-012275,20240901,16,pyrologix,8,214-103,2024,0.0,0.0032296529971063137,0,drone,1,9.489961992702219e-05,3065,0.004365382516643021,True
GaussianBudget75M_MaxCov,Snowbird_2024-CASHF-000647,20240727,16,pyrologix,9,44-41,2024,0.0,0.0034293009666725993,0,drone,1,9.489961992702219e-05,3525,0.0046500813764240876,True
GaussianBudget75M_MaxCov,Soap_2024-CASTF-002267,20240927,17,pyrologix,3,114-57,2024,0.0,0.009444734081625938,2,drone,1,9.489961992702219e-05,2360,0.0046500813764240876,True
GaussianBudget75M_MaxCov,Somes_2024-CASRF-000901,20240920,1,pyrologix,4,24-25,2024,0.0,0.007902909070253372,2,drone,1,9.489961992702219e-05,2075,0.0046500813764240876,True
GaussianBudget75M_MaxCov,South_2024-CAINF-001975,20241025,15,pyrologix,12,none,2024,0.0,0.0019324900349602103,-1,undetected,1,9.489961992702219e-05,0,0.0,False
GaussianBudget75M_MaxCov,South_2024-CASKU-003966,20240530,17,pyrologix,11,37-42,2024,0.0,0.0038575290236622095,0,drone,1,9.489961992702219e-05,3720,0.0046500813764240876,True
GaussianBudget75M_MaxCov,South_Crater_2024-CAINF-001246,20240723,1,pyrologix,6,124-80,2024,0.0,0.003930043079890311,0,drone,1,9.489961992702219e-05,2215,0.0046500813764240876,True
GaussianBudget75M_MaxCov,Spaulding_2024-CATNF-000682,20240623,19,pyrologix,4,86-60,2024,0.0,0.00412579090334475,0,drone,1,9.489961992702219e-05,1825,0.0046500813764240876,True
GaussianBudget75M_MaxCov,Spider_2024-CASHF-000844,20240904,14,pyrologix,8,44-34,2024,0.0,0.004189541912637651,0,drone,1,9.489961992702219e-05,3400,0.0046500813764240876,True
GaussianBudget75M_MaxCov,Spillway_2024-CABDF-007081,20240512,22,pyrologix,2,223-101,2024,0.0,0.0022799300495535135,0,drone,1,9.489961992702219e-05,850,0.004460282136570043,True
GaussianBudget75M_MaxCov,Spring_2024-CAENF-016530,20240620,22,pyrologix,6,100-61,2024,0.0,0.005866862018592656,1,drone,1,9.489961992702219e-05,2850,0.0046500813764240876,True
GaussianBudget75M_MaxCov,Spring_2024-CAKNF-006816,20240818,20,pyrologix,2,17-34,2024,0.0,0.0017209131037816405,0,drone,1,9.489961992702219e-05,720,0.00389088441700791,True
GaussianBudget75M_MaxCov,Spring_2024-CAMDF-000414,20240717,16,pyrologix,2,49-75,2024,2386.413090378046,0.006068827002309263,1,drone,1,9.489961992702219e-05,1270,0.0046500813764240876,True
GaussianBudget75M_MaxCov,Spring_2024-CAPNF-001286,20240927,0,pyrologix,1,72-66,2024,0.0,0.004663115018047392,1,drone,1,9.489961992702219e-05,790,0.004365382516643021,True
GaussianBudget75M_MaxCov,Spring_2024-CASQF-001764,20240923,7,pyrologix,7,163-78,2024,0.0,0.006752987974323332,1,drone,1,9.489961992702219e-05,3195,0.0046500813764240876,True
GaussianBudget75M_MaxCov,Springs_2024-CATNF-001018,20240803,22,pyrologix,11,86-67,2024,0.0,0.004703041980974376,0,drone,1,9.489961992702219e-05,4255,0.004460282136570043,True
GaussianBudget75M_MaxCov,Spunky_2024-CAANF-242018,20240630,21,pyrologix,10,none,2024,0.0,0.00195983296725899,-1,undetected,1,9.489961992702219e-05,0,0.0,False
GaussianBudget75M_MaxCov,Spur_2024-CAINF-001424,20240811,10,pyrologix,12,124-80,2024,0.0,0.003559957956895232,0,drone,1,9.489961992702219e-05,4180,0.0046500813764240876,True
GaussianBudget75M_MaxCov,Spur_2024-CAMDF-000346,20240710,12,pyrologix,10,37-63,2024,0.0,0.0036503319861367345,0,drone,1,9.489961992702219e-05,3940,0.0046500813764240876,True
GaussianBudget75M_MaxCov,Star_2024-CASHF-000450,20240622,15,pyrologix,12,52-19,2024,0.0,0.01990020798984915,-1,undetected,1,9.489961992702219e-05,4550,0.0046500813764240876,True
GaussianBudget75M_MaxCov,Starvation_2024-CASQF-001512,20240818,0,pyrologix,9,170-77,2024,0.0,0.004389710025861859,0,drone,1,9.489961992702219e-05,3360,0.0046500813764240876,True
GaussianBudget75M_MaxCov,Stead_2024-CAMDF-000982,20240920,21,pyrologix,1,none,2024,0.0,0.001908918027766049,-1,undetected,1,9.489961992702219e-05,0,0.0,False
GaussianBudget75M_MaxCov,Steep_2024-CABDF-012020,20240827,9,pyrologix,7,209-96,2024,0.0,0.0063518889946863055,1,drone,1,9.489961992702219e-05,3135,0.004460282136570043,True
GaussianBudget75M_MaxCov,Stick_2024-CABDF-012596,20240907,20,pyrologix,6,209-96,2024,0.0,0.010831788997165859,3,drone,1,9.489961992702219e-05,3330,0.004460282136570043,True
GaussianBudget75M_MaxCov,Stock_2024-CAMDF-000592,20240805,22,pyrologix,4,35-77,2024,0.0,0.006324943038634956,1,drone,1,9.489961992702219e-05,1975,0.0046500813764240876,True
GaussianBudget75M_MaxCov,Stokes_2024-CACNF-001574,20240727,18,pyrologix,4,237-97,2024,0.0,0.0051076909294351935,1,drone,1,9.489961992702219e-05,2055,0.004555181756497065,True
GaussianBudget75M_MaxCov,Strawberry_2024-CAPNF-000895,20240731,16,pyrologix,4,79-54,2024,0.0,0.004163375007919967,0,drone,1,9.489961992702219e-05,1685,0.0046500813764240876,True
GaussianBudget75M_MaxCov,Strike_2024-CABDF-012602,20240908,19,pyrologix,11,209-96,2024,0.0,0.006057554041035473,1,drone,1,9.489961992702219e-05,4365,0.004460282136570043,True
GaussianBudget75M_MaxCov,Stuart_2024-CASHF-000414,20240616,17,pyrologix,7,38-28,2024,0.0,0.007438975037075579,1,drone,1,9.489961992702219e-05,3025,0.0046500813764240876,True
GaussianBudget75M_MaxCov,Stump_2024-CASRF-000684,20240731,21,pyrologix,5,15-20,2024,0.0,0.004992588073946536,1,drone,1,9.489961992702219e-05,2280,0.0046500813764240876,True
GaussianBudget75M_MaxCov,Stump_2024-CASTF-001458,20240720,17,pyrologix,12,114-64,2024,0.0,0.004450066946446896,0,drone,1,9.489961992702219e-05,4440,0.0046500813764240876,True
GaussianBudget75M_MaxCov,Sugar_2024-CABDF-010319,20240717,13,pyrologix,11,214-103,2024,0.0,0.0060923059936612844,1,drone,1,9.489961992702219e-05,4430,0.004365382516643021,True
GaussianBudget75M_MaxCov,Sugar_2024-CATNF-001025,20240803,6,pyrologix,2,86-53,2024,0.0,0.003121576039120555,0,drone,1,9.489961992702219e-05,995,0.004555181756497065,True
GaussianBudget75M_MaxCov,Sugar_2024-CATNF-001197,20240826,18,pyrologix,3,86-60,2024,0.0,0.0032321810722351074,0,drone,1,9.489961992702219e-05,1390,0.0046500813764240876,True
GaussianBudget75M_MaxCov,Sugarloaf_2024-CAANF-243521,20240926,21,pyrologix,5,206-88,2024,0.0,0.0034502949565649033,0,drone,1,9.489961992702219e-05,2195,0.004460282136570043,True
GaussianBudget75M_MaxCov,Sulphur_2024-CAKNF-004181,20240606,20,pyrologix,7,17-27,2024,0.0,0.006490902043879032,1,drone,1,9.489961992702219e-05,3205,0.0046500813764240876,True
GaussianBudget75M_MaxCov,Summit_2024-CASQF-001071,20240629,17,pyrologix,7,147-79,2024,0.0,0.00717580399941653,1,drone,1,9.489961992702219e-05,3245,0.0046500813764240876,True
GaussianBudget75M_MaxCov,Sun_2024-CATCU-003101,20240311,22,pyrologix,9,114-57,2024,0.0,0.007860006066039205,1,drone,1,9.489961992702219e-05,4170,0.0046500813764240876,True
GaussianBudget75M_MaxCov,Sunrise_2024-CAANF-241996,20240628,21,pyrologix,1,none,2024,0.0,0.0022229159949347377,-1,undetected,1,9.489961992702219e-05,0,0.0,False
GaussianBudget75M_MaxCov,Sunrise_2_2024-CAANF-242055,20240701,16,pyrologix,10,206-88,2024,0.0,0.007199792074970901,1,drone,1,9.489961992702219e-05,4275,0.004460282136570043,True
GaussianBudget75M_MaxCov,Sunset_2024-CAENF-024412,20240827,17,pyrologix,6,93-62,2024,0.0,0.006498096045106649,1,drone,1,9.489961992702219e-05,2650,0.0046500813764240876,True
GaussianBudget75M_MaxCov,Sunshine_2024-CAANF-244639,20241222,2,pyrologix,5,201-76,2024,0.0,0.008511909982189536,2,drone,1,9.489961992702219e-05,2565,0.004555181756497065,True
GaussianBudget75M_MaxCov,Suzy_2024-CASRF-000368,20240621,0,pyrologix,5,38-21,2024,0.0,0.006269996985793114,1,drone,1,9.489961992702219e-05,2370,0.0046500813764240876,True
GaussianBudget75M_MaxCov,Swaggert_Timber_Sale_2024-CAMDF-000887,20240910,14,pyrologix,5,43-69,2024,0.0,0.005851418012753129,1,drone,1,9.489961992702219e-05,2185,0.0046500813764240876,True
GaussianBudget75M_MaxCov,Swarthout_2024-CABDF-016024,20241104,4,pyrologix,4,206-88,2024,0.0,0.004330958006903529,0,drone,1,9.489961992702219e-05,1960,0.004460282136570043,True
GaussianBudget75M_MaxCov,Sycamore_2024-CABDF-001018,20240121,20,pyrologix,6,206-88,2024,0.0,0.006631309981457889,1,drone,1,9.489961992702219e-05,2970,0.004460282136570043,True
GaussianBudget75M_MaxCov,Talbot_2024-CATNF-000904,20240716,16,pyrologix,1,86-60,2024,0.0,0.003533249022439122,0,drone,1,9.489961992702219e-05,740,0.004365382516643021,True
GaussianBudget75M_MaxCov,Tamarack_2024-CASHF-000630,20240724,17,pyrologix,11,37-42,2024,0.0,0.019189985003322363,-1,undetected,1,9.489961992702219e-05,4260,0.0046500813764240876,True
GaussianBudget75M_MaxCov,Tamarack_2024-CASNF-000704,20240624,23,pyrologix,2,134-74,2024,0.0,0.0037307250313460827,0,drone,1,9.489961992702219e-05,975,0.004555181756497065,True
GaussianBudget75M_MaxCov,Tank_2024-CAANF-243112,20240824,17,pyrologix,9,195-71,2024,0.0,0.00762209203094244,1,drone,1,9.489961992702219e-05,3675,0.0046500813764240876,True
GaussianBudget75M_MaxCov,Tar_2024-CALPF-001515,20240704,4,pyrologix,6,198-64,2024,0.0,0.0029069180600345135,0,drone,1,9.489961992702219e-05,2465,0.0046500813764240876,True
GaussianBudget75M_MaxCov,Taylors_2024-CAPNF-000831,20240722,18,pyrologix,6,65-64,2024,0.0,0.005034268950112164,1,drone,1,9.489961992702219e-05,2215,0.004365382516643021,True
GaussianBudget75M_MaxCov,Tecuya_2024-CALPF-002553,20241006,13,pyrologix,7,189-64,2024,0.0,0.005983594921417534,1,drone,1,9.489961992702219e-05,2895,0.0046500813764240876,True
GaussianBudget75M_MaxCov,Telegraph_2024-CAANF-243254,20240903,20,pyrologix,3,206-88,2024,0.0,0.0036677250172942877,0,drone,1,9.489961992702219e-05,1410,0.004460282136570043,True
GaussianBudget75M_MaxCov,Tells_2024-CAENF-023159,20240814,22,pyrologix,3,93-62,2024,0.0,0.0028295039664953947,0,drone,1,9.489961992702219e-05,1190,0.004460282136570043,True
GaussianBudget75M_MaxCov,Temple_2024-CAKNF-003997,20240531,16,pyrologix,8,22-46,2024,0.0,0.008076897007413208,2,drone,1,9.489961992702219e-05,3520,0.0046500813764240876,True
GaussianBudget75M_MaxCov,Templin_2024-CAANF-241629,20240607,1,pyrologix,5,195-71,2024,0.0,0.0020305549260228872,0,drone,1,9.489961992702219e-05,1780,0.0046500813764240876,True
GaussianBudget75M_MaxCov,Ten_Mile_2024-CASQF-000670,20240526,18,pyrologix,7,147-79,2024,0.0,0.003064374905079603,0,drone,1,9.489961992702219e-05,2600,0.0046500813764240876,True
GaussianBudget75M_MaxCov,Tenaja_2024-CACNF-001874,20240825,16,pyrologix,5,220-87,2024,0.0,0.003365335986018181,0,drone,1,9.489961992702219e-05,1960,0.004555181756497065,True
GaussianBudget75M_MaxCov,Thousand_2024-CAINF-001270,20240725,10,pyrologix,11,127-76,2024,0.0,0.003184873959980905,0,drone,1,9.489961992702219e-05,4020,0.0046500813764240876,True
GaussianBudget75M_MaxCov,Thunder_2024-CAENF-025870,20240909,17,pyrologix,7,100-61,2024,0.0,0.002745497040450573,0,drone,1,9.489961992702219e-05,2765,0.0046500813764240876,True
GaussianBudget75M_MaxCov,Timber_2024-CASHF-000912,20240918,14,pyrologix,6,37-56,2024,0.0,0.005266848020255566,1,drone,1,9.489961992702219e-05,2575,0.0046500813764240876,True
GaussianBudget75M_MaxCov,Timber_2024-CASHU-004313,20240429,23,pyrologix,7,44-55,2024,0.0,0.003716891980729997,0,drone,1,9.489961992702219e-05,2555,0.0046500813764240876,True
GaussianBudget75M_MaxCov,Timber_2024-CASHU-013961,20241208,19,pyrologix,3,44-55,2024,0.0,0.0032721899915486574,0,drone,1,9.489961992702219e-05,1255,0.0046500813764240876,True
GaussianBudget75M_MaxCov,Tnf-Madrone_2024-CANEU-014985,20240530,19,pyrologix,4,79-54,2024,0.0,0.008875624043866992,2,drone,1,9.489961992702219e-05,2285,0.0046500813764240876,True
GaussianBudget75M_MaxCov,Tom_2024-CAKNF-005764,20240717,14,pyrologix,9,17-34,2024,0.0,0.007744663977064192,1,drone,1,9.489961992702219e-05,3835,0.003985784036934932,True
GaussianBudget75M_MaxCov,Tom_2024-CASNF-000726,20240625,18,pyrologix,6,134-74,2024,0.0,0.0024691070429980755,0,drone,1,9.489961992702219e-05,2020,0.004555181756497065,True
GaussianBudget75M_MaxCov,Track_2024-CATNF-001069,20240806,17,pyrologix,4,79-61,2024,0.0,0.0034675089409574866,0,drone,1,9.489961992702219e-05,1705,0.0046500813764240876,True
GaussianBudget75M_MaxCov,Trail_2024-CAKNF-006785,20240818,20,pyrologix,9,31-31,2024,0.0,0.008643607958219945,2,drone,1,9.489961992702219e-05,3990,0.0046500813764240876,True
GaussianBudget75M_MaxCov,Trail_2024-CALPF-000839,20240430,18,pyrologix,6,none,2024,0.0,0.0019855500431731343,-1,undetected,1,9.489961992702219e-05,0,0.0,False
GaussianBudget75M_MaxCov,Trailhead_2024-CASTF-002413,20241012,15,pyrologix,9,114-64,2024,0.0,0.0071656969375908375,1,drone,1,9.489961992702219e-05,3765,0.0046500813764240876,True
GaussianBudget75M_MaxCov,Train_2024-CABDF-011648,20240817,18,pyrologix,10,206-88,2024,0.0,0.005439082975499332,0,drone,1,9.489961992702219e-05,4085,0.004460282136570043,True
GaussianBudget75M_MaxCov,Trinity_2024-CASRF-000333,20240612,15,pyrologix,11,38-21,2024,0.0,0.0030324310064315796,0,drone,1,9.489961992702219e-05,3875,0.0046500813764240876,True
GaussianBudget75M_MaxCov,Trinity_River_Camp_Shfweavville_2024-CASHU-009224,20240818,3,pyrologix,1,44-34,2024,0.0,0.0023770700208842754,0,drone,1,9.489961992702219e-05,625,0.003985784036934932,True
GaussianBudget75M_MaxCov,Trout_2024-CASQF-001240,20240713,10,pyrologix,12,169-84,2024,0.0,0.003982449066825211,0,drone,1,9.489961992702219e-05,4185,0.0046500813764240876,True
GaussianBudget75M_MaxCov,Turk_2024-CABDF-004555,20240319,10,pyrologix,5,206-88,2024,0.0,0.002857776009477675,0,drone,1,9.489961992702219e-05,2110,0.004460282136570043,True
GaussianBudget75M_MaxCov,Turkey_2024-CALPF-001493,20240702,12,pyrologix,11,175-45,2024,0.0,0.006562061025761068,1,drone,1,9.489961992702219e-05,4500,0.0046500813764240876,True
GaussianBudget75M_MaxCov,Tv_2024-CATNF-001039,20240803,18,pyrologix,9,79-68,2024,0.0,0.008140043006278574,2,drone,1,9.489961992702219e-05,4070,0.0046500813764240876,True
GaussianBudget75M_MaxCov,Twin_2024-CAPNF-000339,20240531,23,pyrologix,3,72-66,2024,0.0,0.002285239053890109,0,drone,1,9.489961992702219e-05,1130,0.004555181756497065,True
GaussianBudget75M_MaxCov,Ullathorne_2024-CASRF-000882,20240914,0,pyrologix,8,31-24,2024,0.0,0.00652649998664856,1,drone,1,9.489961992702219e-05,3575,0.0046500813764240876,True
GaussianBudget75M_MaxCov,Unattended_2024-CASTF-002156,20240914,18,pyrologix,2,107-68,2024,0.0,0.0028153230668976903,0,drone,1,9.489961992702219e-05,985,0.0046500813764240876,True
GaussianBudget75M_MaxCov,Under_2024-CASHF-000423,20240618,23,pyrologix,3,38-21,2024,0.0,0.00581123901065439,1,drone,1,9.489961992702219e-05,1625,0.0046500813764240876,True
GaussianBudget75M_MaxCov,Union_2024-CASTF-002004,20240901,23,pyrologix,2,107-68,2024,0.0,0.0056013669818639755,1,drone,1,9.489961992702219e-05,1305,0.0046500813764240876,True
GaussianBudget75M_MaxCov,Union_2024-CATNF-000234,20240321,21,pyrologix,7,79-61,2024,0.0,0.0032877159537747502,0,drone,1,9.489961992702219e-05,2630,0.0046500813764240876,True
GaussianBudget75M_MaxCov,Upper_2024-CAANF-243923,20241025,9,pyrologix,12,201-76,2024,0.0,0.0036382960388436913,0,drone,1,9.489961992702219e-05,4375,0.004555181756497065,True
GaussianBudget75M_MaxCov,Upper_2024-CABDF-014731,20241021,21,pyrologix,3,206-88,2024,0.0,0.002391778049059212,0,drone,1,9.489961992702219e-05,1240,0.004460282136570043,True
GaussianBudget75M_MaxCov,Upper_2024-CATMU-026524,20240916,20,pyrologix,11,100-68,2024,0.0,0.006556560983881354,1,drone,1,9.489961992702219e-05,4285,0.004555181756497065,True
GaussianBudget75M_MaxCov,Utica_2024-CASTF-001848,20240816,17,pyrologix,4,107-68,2024,0.0,0.0034117670729756355,0,drone,1,9.489961992702219e-05,1705,0.0046500813764240876,True
GaussianBudget75M_MaxCov,Valentine_2024-CAINF-000771,20240612,21,pyrologix,11,127-76,2024,0.0,0.00624097406398505,1,drone,1,9.489961992702219e-05,4445,0.0046500813764240876,True
GaussianBudget75M_MaxCov,Valley_2024-CAMDF-000116,20240521,17,pyrologix,8,42-76,2024,0.0,0.00735763693228364,1,drone,1,9.489961992702219e-05,3505,0.0046500813764240876,True
GaussianBudget75M_MaxCov,Valley_2024-CATMU-016096,20240616,16,pyrologix,12,100-68,2024,0.0,0.004887967952527106,0,drone,1,9.489961992702219e-05,4470,0.004555181756497065,True
GaussianBudget75M_MaxCov,Valley_2024-CATNF-001417,20241002,6,pyrologix,1,86-67,2024,0.0,0.006203054101206362,1,drone,1,9.489961992702219e-05,1030,0.004365382516643021,True
GaussianBudget75M_MaxCov,Van_Sickle_2024-CATMU-010359,20240424,13,pyrologix,9,none,2024,0.0,0.0019046360393986106,-1,undetected,1,9.489961992702219e-05,0,0.0,False
GaussianBudget75M_MaxCov,Veronica_2024-CAANF-243913,20241024,16,pyrologix,2,195-71,2024,0.0,0.006839325069449842,1,drone,1,9.489961992702219e-05,1365,0.0046500813764240876,True
GaussianBudget75M_MaxCov,Viejas_2024-CACNF-001834,20240821,12,pyrologix,8,244-98,2024,0.0,0.006413370021618903,1,drone,1,9.489961992702219e-05,3470,0.0046500813764240876,True
GaussianBudget75M_MaxCov,View_2024-CABDF-017150,20241126,23,pyrologix,4,223-101,2024,0.0,0.0030446640448644757,0,drone,1,9.489961992702219e-05,1640,0.0046500813764240876,True
GaussianBudget75M_MaxCov,View_2024-CACNF-002168,20240918,19,pyrologix,2,244-98,2024,0.0,0.004453676985576749,1,drone,1,9.489961992702219e-05,1150,0.004555181756497065,True
GaussianBudget75M_MaxCov,Village_2024-CASRF-000143,20240408,16,pyrologix,8,38-21,2024,0.0,0.0023345110239461064,0,drone,1,9.489961992702219e-05,2840,0.0046500813764240876,True
GaussianBudget75M_MaxCov,Violin_2024-CAANF-244304,20241123,22,pyrologix,9,195-71,2024,0.0,0.007061208016239107,1,drone,1,9.489961992702219e-05,3675,0.0046500813764240876,True
GaussianBudget75M_MaxCov,Vista_2024-CAANF-241533,20240530,7,pyrologix,2,195-71,2024,0.0,0.004147720988839865,0,drone,1,9.489961992702219e-05,1030,0.004270482896715999,True
GaussianBudget75M_MaxCov,Vista_2024-CABDF-009908,20240707,15,pyrologix,3,206-88,2024,0.0,0.0017577660037204623,0,drone,1,9.489961992702219e-05,1200,0.004460282136570043,True
GaussianBudget75M_MaxCov,Vista_2024-CAPNF-000281,20240520,1,pyrologix,5,72-59,2024,0.0,0.00869396491907537,2,drone,1,9.489961992702219e-05,2660,0.0046500813764240876,True
GaussianBudget75M_MaxCov,Vogel_2024-CAANF-244517,20241212,19,pyrologix,11,201-76,2024,0.0,0.0042056560050696135,0,drone,1,9.489961992702219e-05,4100,0.004555181756497065,True
GaussianBudget75M_MaxCov,Volcanoville_2024-CAENF-012090,20240511,21,pyrologix,5,93-56,2024,0.0,0.006797378999181092,1,drone,1,9.489961992702219e-05,2700,0.0046500813764240876,True
GaussianBudget75M_MaxCov,Votaw_2024-CAENF-019847,20240715,17,pyrologix,3,107-61,2024,0.0,0.0032679170835763216,0,drone,1,9.489961992702219e-05,1280,0.004555181756497065,True
GaussianBudget75M_MaxCov,Warm_2024-CAANF-242190,20240706,12,pyrologix,10,195-71,2024,0.0,0.007292797905392945,1,drone,1,9.489961992702219e-05,4025,0.0046500813764240876,True
GaussianBudget75M_MaxCov,Warner_2024-CAMDF-000173,20240610,17,pyrologix,11,49-75,2024,0.0,0.018856580019928515,-1,undetected,1,9.489961992702219e-05,4430,0.0046500813764240876,True
GaussianBudget75M_MaxCov,Waterfall_2024-CASRF-000018,20240115,9,pyrologix,5,38-21,2024,0.0,0.007846627035178244,2,drone,1,9.489961992702219e-05,2545,0.0046500813764240876,True
GaussianBudget75M_MaxCov,Waterman_2024-CASRF-000591,20240716,23,pyrologix,5,38-21,2024,0.0,0.0029126500012353063,0,drone,1,9.489961992702219e-05,1950,0.0046500813764240876,True
GaussianBudget75M_MaxCov,Waterman_2_2024-CABDF-011489,20240814,13,pyrologix,11,209-96,2024,0.0,0.006329149007797241,1,drone,1,9.489961992702219e-05,4415,0.004460282136570043,True
GaussianBudget75M_MaxCov,Waucoba_2024-CAINF-002044,20241111,14,pyrologix,7,none,2024,0.0,0.0019082979997619987,-1,undetected,1,9.489961992702219e-05,0,0.0,False
GaussianBudget75M_MaxCov,Weaver_2024-CASQF-002014,20241101,17,pyrologix,8,147-79,2024,0.0,0.004145652987062931,0,drone,1,9.489961992702219e-05,3200,0.0046500813764240876,True
GaussianBudget75M_MaxCov,Webber_2024-CATNF-000788,20240704,18,pyrologix,10,86-60,2024,0.0,0.004777167923748493,0,drone,1,9.489961992702219e-05,4075,0.0046500813764240876,True
GaussianBudget75M_MaxCov,Weeds_2024-CATNF-000824,20240706,7,pyrologix,11,79-54,2024,0.0,0.004832330043427646,0,drone,1,9.489961992702219e-05,3930,0.0046500813764240876,True
GaussianBudget75M_MaxCov,Weigh_2024-CABDF-010655,20240726,10,pyrologix,5,206-88,2024,0.0,0.0025924049550667405,0,drone,1,9.489961992702219e-05,2110,0.004460282136570043,True
GaussianBudget75M_MaxCov,Weiser_2024-CASTF-001952,20240827,18,pyrologix,3,107-68,2024,0.0,0.0021794430213049054,0,drone,1,9.489961992702219e-05,1265,0.0046500813764240876,True
GaussianBudget75M_MaxCov,West_2024-CALNF-003765,20240704,1,pyrologix,6,65-57,2024,0.0,0.0036156560527160764,0,drone,1,9.489961992702219e-05,2350,0.0046500813764240876,True
GaussianBudget75M_MaxCov,West_2024-CASHF-000756,20240818,22,pyrologix,5,52-26,2024,0.0,0.004001164925284684,0,drone,1,9.489961992702219e-05,1905,0.004460282136570043,True
GaussianBudget75M_MaxCov,West_2024-CASNF-001345,20240827,18,pyrologix,8,134-74,2024,0.0,0.007084159995429218,1,drone,1,9.489961992702219e-05,3220,0.0046500813764240876,True
GaussianBudget75M_MaxCov,Whaleback_E-2_2024-CALNF-004085,20240714,7,pyrologix,9,58-61,2024,0.0,0.003718447987921536,0,drone,1,9.489961992702219e-05,3235,0.0046500813764240876,True
GaussianBudget75M_MaxCov,Wheeler_2024-CAINF-000885,20240624,19,pyrologix,6,none,2024,0.0,0.00196100608445704,-1,undetected,1,9.489961992702219e-05,0,0.0,False
GaussianBudget75M_MaxCov,Wheeler_2024-CASTF-001396,20240715,17,pyrologix,5,107-68,2024,0.0,0.00347021094057709,0,drone,1,9.489961992702219e-05,2110,0.0046500813764240876,True
GaussianBudget75M_MaxCov,Wheeler_2024-CATNF-001278,20240908,0,pyrologix,7,86-60,2024,0.0,0.004730682005174458,0,drone,1,9.489961992702219e-05,2930,0.0046500813764240876,True
GaussianBudget75M_MaxCov,Whitaker_2024-CAANF-242087,20240703,14,pyrologix,10,195-71,2024,0.0,0.006607303046621382,1,drone,1,9.489961992702219e-05,3895,0.0046500813764240876,True
GaussianBudget75M_MaxCov,Whitney_2024-CASHF-000106,20240226,21,pyrologix,2,30-45,2024,0.0,0.0017353460425511003,0,drone,1,9.489961992702219e-05,735,0.004270482896715999,True
GaussianBudget75M_MaxCov,Whitney_2024-CASRF-000393,20240624,11,pyrologix,7,31-24,2024,0.0,0.0022967830300331116,0,drone,1,9.489961992702219e-05,2610,0.004555181756497065,True
GaussianBudget75M_MaxCov,Wildwood_2024-CAENF-031373,20241105,15,pyrologix,5,100-61,2024,0.0,0.0031931319972500205,0,drone,1,9.489961992702219e-05,2090,0.0046500813764240876,True
GaussianBudget75M_MaxCov,Wildwood_2024-CASHF-000354,20240531,19,pyrologix,1,52-26,2024,0.0,0.0030318740755319595,0,drone,1,9.489961992702219e-05,500,0.003511285937299821,True
GaussianBudget75M_MaxCov,Williams_2024-CAANF-243831,20241017,21,pyrologix,6,206-81,2024,0.0,0.005692399921827018,1,drone,1,9.489961992702219e-05,3050,0.0040806836568619545,True
GaussianBudget75M_MaxCov,Willow_2024-CALPF-002515,20241002,21,pyrologix,4,none,2024,0.0,0.001966536045074463,-1,undetected,1,9.489961992702219e-05,0,0.0,False
GaussianBudget75M_MaxCov,Willow_2024-CAMDF-001006,20240925,18,pyrologix,7,none,2024,0.0,0.0018971519311890006,-1,undetected,1,9.489961992702219e-05,0,0.0,False
GaussianBudget75M_MaxCov,Willow_2024-CAPNF-001522,20241113,21,pyrologix,8,72-59,2024,0.0,0.0033486339962109923,0,drone,1,9.489961992702219e-05,2950,0.0046500813764240876,True
GaussianBudget75M_MaxCov,Willow_2024-CASQF-001294,20240717,3,pyrologix,7,177-72,2024,0.0,0.005099173984490335,1,drone,1,9.489961992702219e-05,2830,0.0046500813764240876,True
GaussianBudget75M_MaxCov,Willow_2024-CASRF-000670,20240729,21,pyrologix,6,38-21,2024,0.0,0.00724914891179651,1,drone,1,9.489961992702219e-05,2795,0.0046500813764240876,True
GaussianBudget75M_MaxCov,Wilson_2024-CAKNF-005121,20240702,20,pyrologix,4,17-27,2024,0.0,0.0027826150180771947,0,drone,1,9.489961992702219e-05,1700,0.0046500813764240876,True
GaussianBudget75M_MaxCov,Wintun_2024-CASRF-000477,20240706,23,pyrologix,4,52-19,2024,0.0,0.003187377005815506,0,drone,1,9.489961992702219e-05,1670,0.0046500813764240876,True
GaussianBudget75M_MaxCov,Woodward_2024-CASQF-000683,20240527,18,pyrologix,12,147-79,2024,0.0,0.003249061992391944,0,drone,1,9.489961992702219e-05,4570,0.0046500813764240876,True
GaussianBudget75M_MaxCov,Works_2024-CAANF-243724,20241009,2,pyrologix,8,201-76,2024,0.0,0.006279643974266946,1,drone,1,9.489961992702219e-05,3350,0.004555181756497065,True
GaussianBudget75M_MaxCov,World_2024-CABDF-006869,20240508,20,pyrologix,7,206-88,2024,0.0,0.003111313912086189,0,drone,1,9.489961992702219e-05,2750,0.004460282136570043,True
GaussianBudget75M_MaxCov,Wright_2024-CASRF-000474,20240706,23,pyrologix,3,31-17,2024,0.0,0.004848322947509587,1,drone,1,9.489961992702219e-05,1540,0.004555181756497065,True
GaussianBudget75M_MaxCov,Yacht_2024-CASHF-001049,20241025,15,pyrologix,8,44-41,2024,0.0,0.0035491229500621557,0,drone,1,9.489961992702219e-05,3150,0.0046500813764240876,True
GaussianBudget75M_MaxCov,Yard_2024-CAKNF-005935,20240723,21,pyrologix,8,17-27,2024,0.0,0.009130613994784653,2,drone,1,9.489961992702219e-05,3895,0.0046500813764240876,True
GaussianBudget75M_MaxCov,Yellow_2024-CABDF-003193,20240222,14,pyrologix,5,206-88,2024,0.0,0.009092035004869103,2,drone,1,9.489961992702219e-05,2970,0.004460282136570043,True
GaussianBudget75M_MaxCov,York_2024-CAANF-242684,20240728,18,pyrologix,9,206-81,2024,0.0,0.005854036891832948,1,drone,1,9.489961992702219e-05,4145,0.0040806836568619545,True
GaussianBudget75M_MaxCov,Zot_2024-CASHF-000381,20240608,18,pyrologix,1,30-38,2024,0.0,0.001992315985262394,0,drone,1,9.489961992702219e-05,485,0.0033214866974457763,True
