strategy_combo,scenario_name,date,sim_start_hour,log_key,offset,cluster,year,routing_compute_seconds,sim_replay_seconds,delta_t,device,fire_size_cells,fire_size_percentage,total_distance_traveled,percentage_map_explored,routed
GaussianBudget75M_TOPGrowing,2-5_2021-CASHU-004806,20210516,12,pyrologix,6,44-41,2021,0.0,0.004222711082547903,0,drone,1,9.489961992702219e-05,2545,0.0047449809963511095,True
GaussianBudget75M_TOPGrowing,3_Mile__2021-CAPNF-001082,20210704,15,pyrologix,12,72-59,2021,736.3657374239992,0.007216649944894016,1,drone,1,9.489961992702219e-05,5205,0.0046500813764240876,True
GaussianBudget75M_TOPGrowing,41_MILE_2021-CAENF-022081,20210730,22,pyrologix,7,100-61,2021,627.1994614789728,0.00417530199047178,0,drone,1,9.489961992702219e-05,2930,0.0046500813764240876,True
GaussianBudget75M_TOPGrowing,ADAMS_2021-CAKNF-006495,20210802,9,pyrologix,12,38-28,2021,601.2229115359951,0.004944610060192645,0,drone,1,9.489961992702219e-05,4840,0.0046500813764240876,True
GaussianBudget75M_TOPGrowing,ADOBE_2021-CAINF-001488,20210701,12,pyrologix,8,none,2021,0.0,0.0020256759598851204,-1,undetected,1,9.489961992702219e-05,0,0.0,False
GaussianBudget75M_TOPGrowing,ALDER_2021-CASQF-002086,20210707,15,pyrologix,5,170-77,2021,582.1610784409568,0.0025716149248182774,0,drone,1,9.489961992702219e-05,2015,0.0046500813764240876,True
GaussianBudget75M_TOPGrowing,ALISAL__2021-CALPF-002759,20211011,21,pyrologix,1,none,2021,0.0,0.0025398400612175465,-1,undetected,1,9.489961992702219e-05,0,0.0,False
GaussianBudget75M_TOPGrowing,ALOHA_2021-CAENF-013666,20210520,7,pyrologix,8,100-68,2021,635.5308979731053,0.008035012986510992,0,drone,1,9.489961992702219e-05,3355,0.004555181756497065,True
GaussianBudget75M_TOPGrowing,ALRAY_2021-CABDF-001347,20210118,15,pyrologix,11,206-88,2021,0.0,0.004001645022071898,0,drone,1,9.489961992702219e-05,4350,0.004460282136570043,True
GaussianBudget75M_TOPGrowing,AL_2021-CATMU-019763,20210710,1,pyrologix,1,none,2021,0.0,0.0020010999869555235,-1,undetected,1,9.489961992702219e-05,0,0.0,False
GaussianBudget75M_TOPGrowing,ANDERSON_2021-CATNF-000712,20210508,16,pyrologix,5,86-67,2021,664.4467774670338,0.004066560999490321,0,drone,1,9.489961992702219e-05,2075,0.004175583276788976,True
GaussianBudget75M_TOPGrowing,ANTELOPE_2021-CAKNF-006454,20210801,12,pyrologix,12,30-52,2021,688.6690645089839,0.004159884061664343,0,drone,1,9.489961992702219e-05,4750,0.0046500813764240876,True
GaussianBudget75M_TOPGrowing,ANTELOPE_2021-CAMDF-000580,20210622,14,pyrologix,8,36-70,2021,0.0,0.0027545649791136384,0,drone,1,9.489961992702219e-05,3170,0.0046500813764240876,True
GaussianBudget75M_TOPGrowing,ANTELOPE_SINK_TENNANT_2021-CAKNF-003950,20210524,17,pyrologix,7,30-52,2021,0.0,0.004721505101770163,0,drone,1,9.489961992702219e-05,2980,0.0046500813764240876,True
GaussianBudget75M_TOPGrowing,ANTONIO__2021-CAANF-002891,20210803,16,pyrologix,11,206-88,2021,0.0,0.005168095929548144,0,drone,1,9.489961992702219e-05,4510,0.004460282136570043,True
GaussianBudget75M_TOPGrowing,APALACHEE_2021-CATMU-019709,20210709,15,pyrologix,11,none,2021,0.0,0.00207737204618752,-1,undetected,1,9.489961992702219e-05,0,0.0,False
GaussianBudget75M_TOPGrowing,ARNOT__2021-CASTF-001744,20210720,12,pyrologix,11,107-68,2021,603.8721927909646,0.0033480459824204445,0,drone,1,9.489961992702219e-05,4280,0.0046500813764240876,True
GaussianBudget75M_TOPGrowing,ASH_2021-CASHF-000295,20210308,15,pyrologix,5,37-49,2021,720.0120913609862,0.002502594026736915,0,drone,1,9.489961992702219e-05,2025,0.0046500813764240876,True
GaussianBudget75M_TOPGrowing,ASPENS_2021-CAINF-001449,20210629,22,pyrologix,8,none,2021,0.0,0.0022480840561911464,-1,undetected,1,9.489961992702219e-05,0,0.0,False
GaussianBudget75M_TOPGrowing,ASPEN_2021-CAENF-023616,20210811,14,pyrologix,7,100-68,2021,0.0,0.003916674992069602,0,drone,1,9.489961992702219e-05,2920,0.004555181756497065,True
GaussianBudget75M_TOPGrowing,ASPEN__2021-CASTF-000758,20210516,15,pyrologix,2,114-64,2021,659.6974130739691,0.0025731100467965007,0,drone,1,9.489961992702219e-05,905,0.004460282136570043,True
GaussianBudget75M_TOPGrowing,AUTUMN_2021-CABDF-017341,20211122,17,pyrologix,10,223-101,2021,0.0,0.0030209129909053445,0,drone,1,9.489961992702219e-05,3795,0.0046500813764240876,True
GaussianBudget75M_TOPGrowing,Airport_2021-CAPNF-000482,20210421,18,pyrologix,2,72-59,2021,0.0,0.002253333921544254,0,drone,1,9.489961992702219e-05,925,0.004555181756497065,True
GaussianBudget75M_TOPGrowing,Antlers_2021-CASHF-000630,20210516,17,pyrologix,8,44-41,2021,0.0,0.0031566869001835585,0,drone,1,9.489961992702219e-05,3255,0.0047449809963511095,True
GaussianBudget75M_TOPGrowing,BACKBONE_2021-CANEU-019609,20210726,21,pyrologix,12,79-54,2021,624.0788886350347,0.010426813969388604,2,drone,1,9.489961992702219e-05,5640,0.0047449809963511095,True
GaussianBudget75M_TOPGrowing,BAIRD_2021-CAKNF-006530,20210803,14,pyrologix,6,30-52,2021,0.0,0.004646645043976605,0,drone,1,9.489961992702219e-05,2650,0.0046500813764240876,True
GaussianBudget75M_TOPGrowing,BAKER_2021-CALNF-002001,20210421,21,pyrologix,2,51-54,2021,0.0,0.0022225930588319898,0,drone,1,9.489961992702219e-05,835,0.004460282136570043,True
GaussianBudget75M_TOPGrowing,BAKER_2021-CATNF-000549,20210411,22,pyrologix,7,79-54,2021,0.0,0.0061919629806652665,1,drone,1,9.489961992702219e-05,3305,0.0047449809963511095,True
GaussianBudget75M_TOPGrowing,BALDY_2021-CAANF-003105,20210820,20,pyrologix,12,206-88,2021,0.0,0.0072595609817653894,1,drone,1,9.489961992702219e-05,5170,0.004460282136570043,True
GaussianBudget75M_TOPGrowing,BALD_2021-CASTF-001632,20210714,7,pyrologix,12,114-64,2021,0.0,0.004957649041898549,0,drone,1,9.489961992702219e-05,5035,0.0046500813764240876,True
GaussianBudget75M_TOPGrowing,BALLY_2021-CAKNF-006369,20210731,19,pyrologix,11,none,2021,0.0,0.002163683995604515,-1,undetected,1,9.489961992702219e-05,0,0.0,False
GaussianBudget75M_TOPGrowing,BALL_2021-CAINF-001274,20210618,21,pyrologix,8,169-84,2021,643.7279841209529,0.004361902945674956,0,drone,1,9.489961992702219e-05,3385,0.0046500813764240876,True
GaussianBudget75M_TOPGrowing,BALL__2021-CAANF-002492,20210709,2,pyrologix,5,195-71,2021,678.8392134410096,0.0038928119465708733,0,drone,1,9.489961992702219e-05,2135,0.004555181756497065,True
GaussianBudget75M_TOPGrowing,BALSAM_2021-CASNF-000364,20210519,21,pyrologix,6,134-74,2021,678.8827170809964,0.0041539419908076525,0,drone,1,9.489961992702219e-05,2560,0.0046500813764240876,True
GaussianBudget75M_TOPGrowing,BALTIC_2021-CAENF-017625,20210622,18,pyrologix,5,100-61,2021,0.0,0.0035490409936755896,0,drone,1,9.489961992702219e-05,2150,0.0046500813764240876,True
GaussianBudget75M_TOPGrowing,BANDIDO_2021-CAANF-003414,20210910,13,pyrologix,8,206-81,2021,665.4874583110213,0.003627952071838081,0,drone,1,9.489961992702219e-05,3195,0.0040806836568619545,True
GaussianBudget75M_TOPGrowing,BARKER_2021-CATMU-021949,20210728,15,pyrologix,12,93-62,2021,620.1763548729941,0.007542131002992392,1,drone,1,9.489961992702219e-05,5260,0.0046500813764240876,True
GaussianBudget75M_TOPGrowing,BARTLETT_2021-CAMNF-000517,20210602,18,pyrologix,5,78-23,2021,1016.7559244099539,0.011279235943220556,1,drone,1,9.489961992702219e-05,2640,0.004270482896715999,True
GaussianBudget75M_TOPGrowing,BASIN__2021-CASHF-001223,20210804,20,pyrologix,5,52-19,2021,1039.3449667219538,0.011116847046650946,1,drone,1,9.489961992702219e-05,2580,0.0046500813764240876,True
GaussianBudget75M_TOPGrowing,BEACROFT_2021-CATNF-000932,20210607,19,pyrologix,11,86-60,2021,1114.7648094809847,0.007465722970664501,0,drone,1,9.489961992702219e-05,4495,0.0046500813764240876,True
GaussianBudget75M_TOPGrowing,BEAR_2021-CABDF-012148,20210811,9,pyrologix,11,214-103,2021,1044.586317942012,0.007915596012026072,0,drone,1,9.489961992702219e-05,4610,0.004270482896715999,True
GaussianBudget75M_TOPGrowing,BEAR_2021-CAENF-022077,20210730,20,pyrologix,9,100-61,2021,0.0,0.006739798001945019,1,drone,1,9.489961992702219e-05,4085,0.0046500813764240876,True
GaussianBudget75M_TOPGrowing,BEAR_2021-CASNF-000811,20210704,15,pyrologix,11,none,2021,0.0,0.0030010519549250603,-1,undetected,1,9.489961992702219e-05,0,0.0,False
GaussianBudget75M_TOPGrowing,BEAR_2021-CASQF-002703,20210812,20,pyrologix,2,163-78,2021,1137.7514044420095,0.010608886019326746,1,drone,1,9.489961992702219e-05,1345,0.0046500813764240876,True
GaussianBudget75M_TOPGrowing,BEAR__2021-CASTF-001889,20210730,18,pyrologix,2,114-64,2021,0.0,0.0021340500097721815,0,drone,1,9.489961992702219e-05,905,0.004460282136570043,True
GaussianBudget75M_TOPGrowing,BEASORE_2021-CASNF-001628,20210917,20,pyrologix,6,128-69,2021,0.0,0.007711692014709115,0,drone,1,9.489961992702219e-05,2610,0.004365382516643021,True
GaussianBudget75M_TOPGrowing,BEDFORD_2021-CACNF-001343,20210515,3,pyrologix,5,220-87,2021,0.0,0.005086197983473539,0,drone,1,9.489961992702219e-05,2060,0.004555181756497065,True
GaussianBudget75M_TOPGrowing,BEEHIVE_2021-CASHF-001423,20210924,19,pyrologix,7,44-41,2021,0.0,0.005958653055131435,1,drone,1,9.489961992702219e-05,3315,0.0047449809963511095,True
GaussianBudget75M_TOPGrowing,BEE_2021-CALPF-001234,20210530,16,pyrologix,8,175-45,2021,1046.3800326019991,0.006156104034744203,0,drone,1,9.489961992702219e-05,3255,0.0046500813764240876,True
GaussianBudget75M_TOPGrowing,BEE__2021-CAANF-003546,20210919,23,pyrologix,11,195-71,2021,0.0,0.004731858032755554,0,drone,1,9.489961992702219e-05,4555,0.0046500813764240876,True
GaussianBudget75M_TOPGrowing,BELLEVUE_2021-CAENF-027012,20210910,18,pyrologix,2,93-62,2021,0.0,0.002333317999728024,0,drone,1,9.489961992702219e-05,900,0.004555181756497065,True
GaussianBudget75M_TOPGrowing,BELL_2021-CASTF-001929,20210731,21,pyrologix,4,114-64,2021,0.0,0.004219201044179499,0,drone,1,9.489961992702219e-05,1885,0.0046500813764240876,True
GaussianBudget75M_TOPGrowing,BENJAMIN_2021-CAKNF-008663,20211001,17,pyrologix,6,17-27,2021,1081.067027623998,0.006555774947628379,0,drone,1,9.489961992702219e-05,2440,0.0046500813764240876,True
GaussianBudget75M_TOPGrowing,BERRY_2021-CAKNF-006872,20210812,7,pyrologix,2,24-32,2021,1051.8393966580043,0.005910782027058303,0,drone,1,9.489961992702219e-05,1075,0.0046500813764240876,True
GaussianBudget75M_TOPGrowing,BICHOTA_2021-CAANF-003154,20210824,23,pyrologix,10,206-81,2021,0.0,0.00457746593747288,0,drone,1,9.489961992702219e-05,4180,0.0040806836568619545,True
GaussianBudget75M_TOPGrowing,BIGFORD__2021-CATNF-002271,20211122,17,pyrologix,11,86-67,2021,0.0,0.004425183986313641,0,drone,1,9.489961992702219e-05,4380,0.004365382516643021,True
GaussianBudget75M_TOPGrowing,BIG_2021-CAANF-003078,20210817,9,pyrologix,1,195-71,2021,0.0,0.0018118320731446147,0,drone,1,9.489961992702219e-05,455,0.003511285937299821,True
GaussianBudget75M_TOPGrowing,BIG_2021-CASTF-000968,20210602,16,pyrologix,6,107-61,2021,1109.3095340239815,0.00500626303255558,0,drone,1,9.489961992702219e-05,2425,0.0046500813764240876,True
GaussianBudget75M_TOPGrowing,BIG_PINE_2021-CABDF-018139,20211127,17,pyrologix,9,209-96,2021,1041.7249787179753,0.009130803984589875,0,drone,1,9.489961992702219e-05,3775,0.004460282136570043,True
GaussianBudget75M_TOPGrowing,BILLY_2021-CATNF-000961,20210612,11,pyrologix,6,86-67,2021,0.0,0.006553330924361944,1,drone,1,9.489961992702219e-05,2915,0.004175583276788976,True
GaussianBudget75M_TOPGrowing,BLACK_2021-CATMU-027020,20210910,18,pyrologix,3,93-62,2021,0.0,0.005764413974247873,1,drone,1,9.489961992702219e-05,1790,0.0046500813764240876,True
GaussianBudget75M_TOPGrowing,BLIND_HORSE_2021-CAKNF-004511,20210610,16,pyrologix,7,38-28,2021,0.0,0.0029573088977485895,0,drone,1,9.489961992702219e-05,2870,0.0046500813764240876,True
GaussianBudget75M_TOPGrowing,BLOOMFIELD_2021-CASTF-001865,20210729,18,pyrologix,4,107-68,2021,0.0,0.0025664969580248,0,drone,1,9.489961992702219e-05,1685,0.0046500813764240876,True
GaussianBudget75M_TOPGrowing,BLUE_2021-CABDF-007800,20210511,13,pyrologix,11,206-88,2021,0.0,0.003389365039765835,0,drone,1,9.489961992702219e-05,4350,0.004460282136570043,True
GaussianBudget75M_TOPGrowing,BLUE_2021-CAKNF-004604,20210614,18,pyrologix,12,17-34,2021,1119.2927732570097,0.013871842995285988,1,drone,1,9.489961992702219e-05,5215,0.004175583276788976,True
GaussianBudget75M_TOPGrowing,BLUE_2021-CASNF-000717,20210629,22,pyrologix,3,141-74,2021,994.3520974889398,0.006070659030228853,0,drone,1,9.489961992702219e-05,1405,0.0046500813764240876,True
GaussianBudget75M_TOPGrowing,BLUE__2021-CABDF-000924,20210110,19,pyrologix,8,206-88,2021,0.0,0.007147265016101301,1,drone,1,9.489961992702219e-05,3755,0.004365382516643021,True
GaussianBudget75M_TOPGrowing,BLUFF_2021-CABDF-010602,20210706,13,pyrologix,9,209-96,2021,0.0,0.00639195810072124,1,drone,1,9.489961992702219e-05,4055,0.004460282136570043,True
GaussianBudget75M_TOPGrowing,BLUFF_2021-CATNF-001775,20210910,17,pyrologix,12,86-53,2021,1132.313859493006,0.006754138972610235,0,drone,1,9.489961992702219e-05,4770,0.0046500813764240876,True
GaussianBudget75M_TOPGrowing,BONANZA_2021-CASHF-001209,20210803,22,pyrologix,6,37-35,2021,0.0,0.003921221941709518,0,drone,1,9.489961992702219e-05,2400,0.0046500813764240876,True
GaussianBudget75M_TOPGrowing,BONITA_2021-CARRU-007737,20210115,7,pyrologix,4,223-101,2021,0.0,0.002061879960820079,0,drone,1,9.489961992702219e-05,1570,0.004555181756497065,True
GaussianBudget75M_TOPGrowing,BORDER_2021-CAKNF-006431,20210801,23,pyrologix,8,31-31,2021,1096.0640473320382,0.011308150016702712,1,drone,1,9.489961992702219e-05,3620,0.0047449809963511095,True
GaussianBudget75M_TOPGrowing,BORDER_2021-CAMDF-000575,20210622,11,pyrologix,7,37-56,2021,1042.1785868389998,0.014862261014059186,1,drone,1,9.489961992702219e-05,3250,0.0046500813764240876,True
GaussianBudget75M_TOPGrowing,BOULDER_2021-CABDF-009125,20210605,15,pyrologix,9,214-103,2021,0.0,0.003638308960944414,0,drone,1,9.489961992702219e-05,3765,0.004270482896715999,True
GaussianBudget75M_TOPGrowing,BOULDER_2021-CAKNF-005025,20210625,3,pyrologix,7,37-35,2021,0.0,0.003380552981980145,0,drone,1,9.489961992702219e-05,2930,0.0046500813764240876,True
GaussianBudget75M_TOPGrowing,BOUQUET_2021-CAANF-004280,20211203,1,pyrologix,4,201-76,2021,1071.5646687999833,0.005877293995581567,0,drone,1,9.489961992702219e-05,1765,0.004555181756497065,True
GaussianBudget75M_TOPGrowing,BOX_2021-CAMDF-001391,20210811,16,pyrologix,2,44-62,2021,614.2680206580553,0.005705078947357833,1,drone,1,9.489961992702219e-05,1365,0.0046500813764240876,True
GaussianBudget75M_TOPGrowing,BRADLEY_2021-CASHF-001067,20210711,21,pyrologix,3,37-49,2021,0.0,0.0019984350074082613,0,drone,1,9.489961992702219e-05,1220,0.0046500813764240876,True
GaussianBudget75M_TOPGrowing,BRANCH_2021-CAKNF-006399,20210731,15,pyrologix,2,17-27,2021,0.0,0.002099180012010038,0,drone,1,9.489961992702219e-05,895,0.004460282136570043,True
GaussianBudget75M_TOPGrowing,BRIGHTMAN_2021-CASTF-000816,20210523,19,pyrologix,8,107-68,2021,0.0,0.004340157960541546,0,drone,1,9.489961992702219e-05,3445,0.0046500813764240876,True
GaussianBudget75M_TOPGrowing,BRODER_2021-CASQF-001048,20210518,18,pyrologix,1,162-85,2021,583.8685543850297,0.0017809519777074456,0,drone,1,9.489961992702219e-05,435,0.003511285937299821,True
GaussianBudget75M_TOPGrowing,BROOKS_2021-CATNF-001615,20210819,21,pyrologix,6,79-68,2021,591.740960367024,0.005337923066690564,0,drone,1,9.489961992702219e-05,2720,0.0046500813764240876,True
GaussianBudget75M_TOPGrowing,BROOK_2021-CABDF-009087,20210604,19,pyrologix,9,206-88,2021,0.0,0.004719702992588282,0,drone,1,9.489961992702219e-05,3755,0.004365382516643021,True
GaussianBudget75M_TOPGrowing,BROWNES_2021-CASTF-000628,20210428,16,pyrologix,9,114-64,2021,0.0,0.0077162799425423145,1,drone,1,9.489961992702219e-05,4270,0.0046500813764240876,True
GaussianBudget75M_TOPGrowing,BUCKSKIN_2021-CAENF-020954,20210719,18,pyrologix,6,100-61,2021,0.0,0.00259098201058805,0,drone,1,9.489961992702219e-05,2380,0.0046500813764240876,True
GaussianBudget75M_TOPGrowing,BUG__2021-CAANF-003545,20210919,1,pyrologix,5,none,2021,0.0,0.0019150349544361234,-1,undetected,1,9.489961992702219e-05,0,0.0,False
GaussianBudget75M_TOPGrowing,BURGSON_2021-CASTF-001908,20210731,2,pyrologix,2,107-68,2021,0.0,0.0027449449989944696,0,drone,1,9.489961992702219e-05,980,0.004555181756497065,True
GaussianBudget75M_TOPGrowing,BURNS_CANYON_2021-CABDF-012479,20210819,22,pyrologix,4,none,2021,0.0,0.0018499960424378514,-1,undetected,1,9.489961992702219e-05,0,0.0,False
GaussianBudget75M_TOPGrowing,BURNT_2021-CASHF-000913,20210622,13,pyrologix,11,38-21,2021,666.5699275489897,0.0031993399607017636,0,drone,1,9.489961992702219e-05,4400,0.0046500813764240876,True
GaussianBudget75M_TOPGrowing,Backbone_2021-CASHF-000119,20210124,15,pyrologix,5,44-41,2021,0.0,0.005593793001025915,1,drone,1,9.489961992702219e-05,2545,0.0047449809963511095,True
GaussianBudget75M_TOPGrowing,Backbone_2021-CATNF-001424,20210726,1,pyrologix,4,79-54,2021,0.0,0.005840604077093303,1,drone,1,9.489961992702219e-05,2120,0.0047449809963511095,True
GaussianBudget75M_TOPGrowing,Bambi_2021-CACNF-002605,20210811,20,pyrologix,6,244-98,2021,0.0,0.0038289499934762716,0,drone,1,9.489961992702219e-05,2590,0.0046500813764240876,True
GaussianBudget75M_TOPGrowing,Barry_2021-CASRF-000380,20210609,21,pyrologix,4,52-19,2021,0.0,0.003595359972678125,0,drone,1,9.489961992702219e-05,1895,0.0046500813764240876,True
GaussianBudget75M_TOPGrowing,Beek_2021-CACNF-000008,20210101,18,pyrologix,2,220-87,2021,0.0,0.005465734982863069,1,drone,1,9.489961992702219e-05,1325,0.004460282136570043,True
GaussianBudget75M_TOPGrowing,Beskeen__2021-CAPNF-000184,20210226,16,pyrologix,11,72-59,2021,0.0,0.0038184119621291757,0,drone,1,9.489961992702219e-05,4495,0.0046500813764240876,True
GaussianBudget75M_TOPGrowing,Binet_2021-CAPNF-001496,20210807,23,pyrologix,11,79-54,2021,0.0,0.006667336914688349,1,drone,1,9.489961992702219e-05,4860,0.0047449809963511095,True
GaussianBudget75M_TOPGrowing,Black_Canyon_2021-CACNF-001645,20210606,15,pyrologix,5,237-97,2021,671.8182809849968,0.002929546986706555,0,drone,1,9.489961992702219e-05,2040,0.004555181756497065,True
GaussianBudget75M_TOPGrowing,Bluff_2021-CASRF-000311,20210521,23,pyrologix,2,31-24,2021,571.9991865700576,0.002671009977348149,0,drone,1,9.489961992702219e-05,960,0.0046500813764240876,True
GaussianBudget75M_TOPGrowing,Bluff_2_2021-CASRF-000608,20210724,11,pyrologix,8,31-24,2021,0.0,0.0061538099544122815,1,drone,1,9.489961992702219e-05,3735,0.0046500813764240876,True
GaussianBudget75M_TOPGrowing,Bluff_Creek_2021-CASRF-000697,20210811,19,pyrologix,1,31-24,2021,0.0,0.005631196079775691,1,drone,1,9.489961992702219e-05,995,0.0046500813764240876,True
GaussianBudget75M_TOPGrowing,Bondo_2021-CASRF-000638,20210729,22,pyrologix,3,31-24,2021,0.0,0.00589552300516516,1,drone,1,9.489961992702219e-05,1810,0.0046500813764240876,True
GaussianBudget75M_TOPGrowing,Bongo_2021-CACNF-001059,20210411,22,pyrologix,8,230-100,2021,0.0,0.008023390080779791,0,drone,1,9.489961992702219e-05,3255,0.0046500813764240876,True
GaussianBudget75M_TOPGrowing,Bridge_2021-CASRF-000498,20210705,2,pyrologix,5,24-25,2021,624.0147088590311,0.006115966942161322,1,drone,1,9.489961992702219e-05,2580,0.0046500813764240876,True
GaussianBudget75M_TOPGrowing,Brown_2021-CACNF-003451,20211123,15,pyrologix,4,244-98,2021,0.0,0.005629885010421276,1,drone,1,9.489961992702219e-05,2175,0.004555181756497065,True
GaussianBudget75M_TOPGrowing,Bunny_2021-CASHF-000994,20210703,22,pyrologix,11,37-42,2021,641.4700460779713,0.009932095999829471,2,drone,1,9.489961992702219e-05,5325,0.0046500813764240876,True
GaussianBudget75M_TOPGrowing,Butter_2021-CAPNF-000639,20210519,21,pyrologix,2,65-57,2021,0.0,0.002932830946519971,0,drone,1,9.489961992702219e-05,925,0.004175583276788976,True
GaussianBudget75M_TOPGrowing,Butterfly__2021-CAPNF-000054,20210122,19,pyrologix,8,65-57,2021,0.0,0.003786714980378747,0,drone,1,9.489961992702219e-05,3340,0.004460282136570043,True
GaussianBudget75M_TOPGrowing,CABBAGE_2021-CASTF-000141,20210120,21,pyrologix,2,107-61,2021,0.0,0.003705550916492939,0,drone,1,9.489961992702219e-05,1130,0.0046500813764240876,True
GaussianBudget75M_TOPGrowing,CABIN__2021-CASTF-001179,20210618,19,pyrologix,8,107-61,2021,0.0,0.0024051640648394823,0,drone,1,9.489961992702219e-05,3140,0.0046500813764240876,True
GaussianBudget75M_TOPGrowing,CABLE_2021-CASHF-001304,20210823,19,pyrologix,4,52-19,2021,0.0,0.002588720992207527,0,drone,1,9.489961992702219e-05,1725,0.0046500813764240876,True
GaussianBudget75M_TOPGrowing,CACTUS_2021-CABDF-012134,20210810,23,pyrologix,2,214-103,2021,0.0,0.002793653984554112,0,drone,1,9.489961992702219e-05,1040,0.0040806836568619545,True
GaussianBudget75M_TOPGrowing,CAJON_2021-CABDF-008480,20210525,4,pyrologix,1,206-88,2021,0.0,0.002159773022867739,0,drone,1,9.489961992702219e-05,475,0.003511285937299821,True
GaussianBudget75M_TOPGrowing,CALI_2021-CAANF-002044,20210616,20,pyrologix,11,201-76,2021,0.0,0.0046447248896583915,0,drone,1,9.489961992702219e-05,4325,0.004555181756497065,True
GaussianBudget75M_TOPGrowing,CALLBOX_2021-CAANF-003137,20210822,14,pyrologix,10,195-71,2021,0.0,0.0035189379705116153,0,drone,1,9.489961992702219e-05,4000,0.0046500813764240876,True
GaussianBudget75M_TOPGrowing,CAMPBELL_2021-CAKNF-006306,20210730,19,pyrologix,10,24-32,2021,0.0,0.010279393987730145,1,drone,1,9.489961992702219e-05,4400,0.0046500813764240876,True
GaussianBudget75M_TOPGrowing,CAMPUS_2021-CABDF-012440,20210817,18,pyrologix,6,none,2021,0.0,0.002031189971603453,-1,undetected,1,9.489961992702219e-05,0,0.0,False
GaussianBudget75M_TOPGrowing,CAMP_2021-CAKNF-006616,20210802,16,pyrologix,7,30-38,2021,0.0,0.0030921719735488296,0,drone,1,9.489961992702219e-05,2850,0.0046500813764240876,True
GaussianBudget75M_TOPGrowing,CANYON_2021-CAANF-002503,20210709,18,pyrologix,6,195-71,2021,0.0,0.004565518000163138,0,drone,1,9.489961992702219e-05,2685,0.0046500813764240876,True
GaussianBudget75M_TOPGrowing,CANYON_2021-CABDF-018227,20211128,21,pyrologix,7,206-88,2021,0.0,0.004420152981765568,0,drone,1,9.489961992702219e-05,2920,0.004365382516643021,True
GaussianBudget75M_TOPGrowing,CANYON_2021-CAINF-001712,20210713,4,pyrologix,4,none,2021,0.0,0.0019702919526025653,-1,undetected,1,9.489961992702219e-05,0,0.0,False
GaussianBudget75M_TOPGrowing,CANYON_2021-CATNF-000663,20210428,17,pyrologix,8,79-68,2021,0.0,0.011561395018361509,1,drone,1,9.489961992702219e-05,3710,0.0046500813764240876,True
GaussianBudget75M_TOPGrowing,CARLON_2021-CASTF-002084,20210809,3,pyrologix,3,121-61,2021,0.0,0.003253211034461856,0,drone,1,9.489961992702219e-05,1370,0.0046500813764240876,True
GaussianBudget75M_TOPGrowing,CARP_2021-CATNF-001479,20210801,0,pyrologix,12,86-67,2021,0.0,0.005789923015981913,1,drone,1,9.489961992702219e-05,5025,0.004365382516643021,True
GaussianBudget75M_TOPGrowing,CARRVILLE_2021-CASHF-001048,20210709,17,pyrologix,9,37-35,2021,0.0,0.004567789030261338,0,drone,1,9.489961992702219e-05,3860,0.0046500813764240876,True
GaussianBudget75M_TOPGrowing,CARSON_2021-CAENF-013467,20210518,14,pyrologix,11,100-61,2021,0.0,0.004184314981102943,0,drone,1,9.489961992702219e-05,4450,0.0046500813764240876,True
GaussianBudget75M_TOPGrowing,CARY_2021-CARRU-060063,20210506,17,pyrologix,3,223-101,2021,0.0,0.0021474730456247926,0,drone,1,9.489961992702219e-05,1245,0.004555181756497065,True
GaussianBudget75M_TOPGrowing,CASA_2021-CAINF-001862,20210724,0,pyrologix,6,none,2021,0.0,0.0019331250805407763,-1,undetected,1,9.489961992702219e-05,0,0.0,False
GaussianBudget75M_TOPGrowing,CASCADE_2021-CASHF-001121,20210720,16,pyrologix,1,30-45,2021,634.144812096958,0.0059530200669541955,1,drone,1,9.489961992702219e-05,980,0.0046500813764240876,True
GaussianBudget75M_TOPGrowing,CASCADE_2021-CASTF-002673,20211012,17,pyrologix,7,107-68,2021,0.0,0.003774918965063989,0,drone,1,9.489961992702219e-05,2975,0.0046500813764240876,True
GaussianBudget75M_TOPGrowing,CASH_2021-CAENF-026928,20210910,2,pyrologix,8,93-56,2021,635.36931335798,0.003526057000271976,0,drone,1,9.489961992702219e-05,3245,0.0046500813764240876,True
GaussianBudget75M_TOPGrowing,CASSIDY_2021-CASNF-001237,20210812,13,pyrologix,12,127-76,2021,0.0,0.004591066972352564,0,drone,1,9.489961992702219e-05,4985,0.004839880616278132,True
GaussianBudget75M_TOPGrowing,CASTAIC__2021-CAANF-001087,20210409,23,pyrologix,9,195-71,2021,0.0,0.005028760991990566,0,drone,1,9.489961992702219e-05,3790,0.0046500813764240876,True
GaussianBudget75M_TOPGrowing,CASTELLA_2021-CASHF-000425,20210406,20,pyrologix,2,37-42,2021,0.0,0.0023631160147488117,0,drone,1,9.489961992702219e-05,820,0.004555181756497065,True
GaussianBudget75M_TOPGrowing,CASTLE__2021-CASHF-001012,20210705,2,pyrologix,4,37-42,2021,0.0,0.004150529974140227,0,drone,1,9.489961992702219e-05,1920,0.0046500813764240876,True
GaussianBudget75M_TOPGrowing,CATHEDRAL_2021-CATMU-020670,20210717,14,pyrologix,7,none,2021,0.0,0.0019362119492143393,-1,undetected,1,9.489961992702219e-05,0,0.0,False
GaussianBudget75M_TOPGrowing,CAT_2021-CAENF-020956,20210719,17,pyrologix,9,100-61,2021,0.0,0.003337183967232704,0,drone,1,9.489961992702219e-05,3605,0.0046500813764240876,True
GaussianBudget75M_TOPGrowing,CEMENT_2021-CASHF-001184,20210730,20,pyrologix,7,30-38,2021,0.0,0.006681315950118005,0,drone,1,9.489961992702219e-05,3015,0.0046500813764240876,True
GaussianBudget75M_TOPGrowing,CENTER_2021-CABDF-005836,20210401,0,pyrologix,4,206-88,2021,0.0,0.0038377760211005807,0,drone,1,9.489961992702219e-05,1810,0.004365382516643021,True
GaussianBudget75M_TOPGrowing,CENTOLA_2021-CABDF-006368,20210410,16,pyrologix,7,206-88,2021,0.0,0.004388734931126237,0,drone,1,9.489961992702219e-05,2760,0.004365382516643021,True
GaussianBudget75M_TOPGrowing,CHALET_2021-CASTF-000664,20210505,13,pyrologix,6,114-64,2021,0.0,0.0027210430707782507,0,drone,1,9.489961992702219e-05,2500,0.0046500813764240876,True
GaussianBudget75M_TOPGrowing,CHALK__2021-CAINF-000767,20210509,0,pyrologix,1,none,2021,0.0,0.0018903979798778892,-1,undetected,1,9.489961992702219e-05,0,0.0,False
GaussianBudget75M_TOPGrowing,CHAMBERS_2021-CAKNF-002724,20210415,0,pyrologix,12,17-27,2021,0.0,0.007570429006591439,1,drone,1,9.489961992702219e-05,5245,0.0046500813764240876,True
GaussianBudget75M_TOPGrowing,CHAPMAN_2021-CATNF-001093,20210625,17,pyrologix,2,79-61,2021,0.0,0.003696521045640111,0,drone,1,9.489961992702219e-05,1160,0.0046500813764240876,True
GaussianBudget75M_TOPGrowing,CHARLIE_2021-CAENF-017377,20210620,15,pyrologix,12,93-62,2021,0.0,0.005320374039001763,0,drone,1,9.489961992702219e-05,4975,0.0046500813764240876,True
GaussianBudget75M_TOPGrowing,CHECK_2021-CABDF-012207,20210812,20,pyrologix,3,206-88,2021,0.0,0.0025941530475392938,0,drone,1,9.489961992702219e-05,1245,0.004270482896715999,True
GaussianBudget75M_TOPGrowing,CHERRY_2021-CAANF-002069,20210617,14,pyrologix,11,195-71,2021,0.0,0.005396933993324637,0,drone,1,9.489961992702219e-05,4555,0.0046500813764240876,True
GaussianBudget75M_TOPGrowing,CHUCK_2021-CASNF-000904,20210714,7,pyrologix,4,141-74,2021,0.0,0.008861499023623765,1,drone,1,9.489961992702219e-05,2090,0.0046500813764240876,True
GaussianBudget75M_TOPGrowing,CINDER_2021-CASHF-001207,20210802,16,pyrologix,7,37-56,2021,0.0,0.004810578073374927,0,drone,1,9.489961992702219e-05,2885,0.0046500813764240876,True
GaussianBudget75M_TOPGrowing,CIRCLE_2021-CAMMU-021450,20210926,12,pyrologix,12,121-61,2021,0.0,0.005178124993108213,0,drone,1,9.489961992702219e-05,4700,0.0046500813764240876,True
GaussianBudget75M_TOPGrowing,CITY_2021-CABDF-007289,20210429,16,pyrologix,11,209-96,2021,0.0,0.00448089896235615,0,drone,1,9.489961992702219e-05,4545,0.004460282136570043,True
GaussianBudget75M_TOPGrowing,CLARK_2021-CASTF-001279,20210625,20,pyrologix,1,107-68,2021,0.0,0.0033224039943888783,0,drone,1,9.489961992702219e-05,680,0.004555181756497065,True
GaussianBudget75M_TOPGrowing,CLEARWATER_2021-CAANF-003677,20211002,16,pyrologix,7,195-71,2021,0.0,0.004643335938453674,0,drone,1,9.489961992702219e-05,3070,0.0046500813764240876,True
GaussianBudget75M_TOPGrowing,CLEGHORN_2021-CABDF-001345,20210118,19,pyrologix,2,206-88,2021,0.0,0.003527099033817649,0,drone,1,9.489961992702219e-05,1025,0.004270482896715999,True
GaussianBudget75M_TOPGrowing,CLOUD_2021-CAANF-003974,20211030,21,pyrologix,4,206-81,2021,0.0,0.005126527976244688,1,drone,1,9.489961992702219e-05,2085,0.003985784036934932,True
GaussianBudget75M_TOPGrowing,CLOUD_2021-CABDF-009443,20210613,21,pyrologix,6,209-96,2021,0.0,0.005961691029369831,1,drone,1,9.489961992702219e-05,2885,0.004460282136570043,True
GaussianBudget75M_TOPGrowing,CLYDE_2021-CASNF-001296,20210817,18,pyrologix,7,141-74,2021,0.0,0.00256154197268188,0,drone,1,9.489961992702219e-05,2815,0.0046500813764240876,True
GaussianBudget75M_TOPGrowing,COCO_2021-CABDF-011273,20210721,17,pyrologix,5,223-101,2021,0.0,0.008531746920198202,2,drone,1,9.489961992702219e-05,2745,0.0046500813764240876,True
GaussianBudget75M_TOPGrowing,CODY_2021-CAENF-020975,20210720,19,pyrologix,11,100-61,2021,0.0,0.003532382077537477,0,drone,1,9.489961992702219e-05,4350,0.0046500813764240876,True
GaussianBudget75M_TOPGrowing,COLDWATER_2021-CABDF-012131,20210810,17,pyrologix,12,209-96,2021,0.0,0.00440112897194922,0,drone,1,9.489961992702219e-05,4850,0.004460282136570043,True
GaussianBudget75M_TOPGrowing,COLD_2021-CASTF-002063,20210807,20,pyrologix,4,114-64,2021,0.0,0.0027376289945095778,0,drone,1,9.489961992702219e-05,1670,0.0046500813764240876,True
GaussianBudget75M_TOPGrowing,COLD_2_2021-CAENF-022391,20210801,14,pyrologix,6,100-61,2021,0.0,0.003818021039478481,0,drone,1,9.489961992702219e-05,2595,0.0046500813764240876,True
GaussianBudget75M_TOPGrowing,CONTROL_2021-CABDF-009018,20210603,0,pyrologix,5,223-101,2021,0.0,0.004146282095462084,0,drone,1,9.489961992702219e-05,2225,0.0046500813764240876,True
GaussianBudget75M_TOPGrowing,COOP_2021-CAANF-000189,20210118,12,pyrologix,4,195-71,2021,0.0,0.0041309010703116655,0,drone,1,9.489961992702219e-05,1730,0.0046500813764240876,True
GaussianBudget75M_TOPGrowing,COYOTE_2021-CAANF-003754,20211008,19,pyrologix,7,195-71,2021,0.0,0.0024450040655210614,0,drone,1,9.489961992702219e-05,2845,0.0046500813764240876,True
GaussianBudget75M_TOPGrowing,COYOTE_2021-CAINF-001456,20210629,15,pyrologix,1,none,2021,0.0,0.0019309890922158957,-1,undetected,1,9.489961992702219e-05,0,0.0,False
GaussianBudget75M_TOPGrowing,COYOTE_2021-CARRU-073166,20210602,19,pyrologix,11,216-96,2021,641.4803328770213,0.007032640976831317,1,drone,1,9.489961992702219e-05,4835,0.004555181756497065,True
GaussianBudget75M_TOPGrowing,COYOTE_2021-CASTF-001875,20210730,0,pyrologix,4,114-64,2021,0.0,0.008621478918939829,2,drone,1,9.489961992702219e-05,2605,0.0046500813764240876,True
GaussianBudget75M_TOPGrowing,COYOTE__2021-CAMDF-000839,20210709,22,pyrologix,3,30-60,2021,0.0,0.0019163390388712287,0,drone,1,9.489961992702219e-05,1180,0.004555181756497065,True
GaussianBudget75M_TOPGrowing,CRABTREE_2021-CASTF-001340,20210628,15,pyrologix,3,114-64,2021,0.0,0.0024440870620310307,0,drone,1,9.489961992702219e-05,1290,0.0046500813764240876,True
GaussianBudget75M_TOPGrowing,CRAGS_2021-CASHF-001301,20210823,11,pyrologix,3,37-42,2021,0.0,0.004008290008641779,0,drone,1,9.489961992702219e-05,1530,0.0046500813764240876,True
GaussianBudget75M_TOPGrowing,CRANDALL_2021-CASTF-001671,20210716,13,pyrologix,10,114-64,2021,0.0,0.006522394018247724,0,drone,1,9.489961992702219e-05,4170,0.0046500813764240876,True
GaussianBudget75M_TOPGrowing,CRATER_2021-CAINF-000768,20210509,0,pyrologix,1,124-80,2021,646.2199216930894,0.0026550479233264923,0,drone,1,9.489961992702219e-05,565,0.00389088441700791,True
GaussianBudget75M_TOPGrowing,CRAWFORD_2021-CASQF-003061,20210910,2,pyrologix,2,163-78,2021,0.0,0.006300595006905496,0,drone,1,9.489961992702219e-05,1090,0.0046500813764240876,True
GaussianBudget75M_TOPGrowing,CREEK_2021-CAKNF-006251,20210728,7,pyrologix,2,23-39,2021,630.8010603209259,0.0025421009631827474,0,drone,1,9.489961992702219e-05,905,0.004555181756497065,True
GaussianBudget75M_TOPGrowing,CREEK_2021-CALPF-002713,20211005,18,pyrologix,3,none,2021,0.0,0.0019195850472897291,-1,undetected,1,9.489961992702219e-05,0,0.0,False
GaussianBudget75M_TOPGrowing,CREEK_2021-CARRU-059177,20210504,23,pyrologix,3,223-101,2021,0.0,0.002693665912374854,0,drone,1,9.489961992702219e-05,1310,0.004555181756497065,True
GaussianBudget75M_TOPGrowing,CREEK__2021-CABDF-000986,20210112,15,pyrologix,7,none,2021,0.0,0.0018615210428833961,-1,undetected,1,9.489961992702219e-05,0,0.0,False
GaussianBudget75M_TOPGrowing,CREST_2021-CASHF-001324,20210827,18,pyrologix,10,37-42,2021,0.0,0.004860621993429959,0,drone,1,9.489961992702219e-05,4145,0.0046500813764240876,True
GaussianBudget75M_TOPGrowing,CRONAN_2021-CAKNF-006381,20210731,1,pyrologix,4,31-31,2021,0.0,0.002815607003867626,0,drone,1,9.489961992702219e-05,1715,0.0046500813764240876,True
GaussianBudget75M_TOPGrowing,CROSSING_2021-CAINF-000543,20210410,13,pyrologix,12,none,2021,0.0,0.0018781970720738173,-1,undetected,1,9.489961992702219e-05,0,0.0,False
GaussianBudget75M_TOPGrowing,CROWDER_2021-CAMDF-000588,20210622,18,pyrologix,11,none,2021,0.0,0.0018363810377195477,-1,undetected,1,9.489961992702219e-05,0,0.0,False
GaussianBudget75M_TOPGrowing,CUDDY_2021-CALPF-000993,20210504,14,pyrologix,8,189-64,2021,634.8155360830715,0.0030881440034136176,0,drone,1,9.489961992702219e-05,3130,0.0046500813764240876,True
GaussianBudget75M_TOPGrowing,CUTOFF_2021-CAINF-000734,20210504,18,pyrologix,5,124-80,2021,0.0,0.005819127894937992,0,drone,1,9.489961992702219e-05,2135,0.0046500813764240876,True
GaussianBudget75M_TOPGrowing,CUT_2021-CABDF-014987,20211016,9,pyrologix,11,206-88,2021,0.0,0.005136035033501685,0,drone,1,9.489961992702219e-05,4510,0.004460282136570043,True
GaussianBudget75M_TOPGrowing,Caldor_2021-CAENF-024030,20210814,0,pyrologix,1,100-54,2021,632.5918455789797,0.0021509139332920313,0,drone,1,9.489961992702219e-05,515,0.0036061855572268433,True
GaussianBudget75M_TOPGrowing,Camino_2021-CACNF-000844,20210321,18,pyrologix,12,244-98,2021,0.0,0.0048083929577842355,0,drone,1,9.489961992702219e-05,4940,0.0046500813764240876,True
GaussianBudget75M_TOPGrowing,Camp_2021-CACNF-000404,20210206,12,pyrologix,4,244-98,2021,0.0,0.003575152950361371,0,drone,1,9.489961992702219e-05,1885,0.004555181756497065,True
GaussianBudget75M_TOPGrowing,Campbell_2021-CASRF-000869,20210915,11,pyrologix,7,31-17,2021,610.0931449549971,0.003711868077516556,0,drone,1,9.489961992702219e-05,2910,0.0046500813764240876,True
GaussianBudget75M_TOPGrowing,Candy_2021-CACNF-001278,20210505,21,pyrologix,2,220-87,2021,0.0,0.0032398629700765014,0,drone,1,9.489961992702219e-05,1045,0.004365382516643021,True
GaussianBudget75M_TOPGrowing,Canfield_2021-CACNF-001536,20210530,15,pyrologix,12,230-100,2021,0.0,0.006825835909694433,0,drone,1,9.489961992702219e-05,4720,0.0046500813764240876,True
GaussianBudget75M_TOPGrowing,Canyon_2021-CAPNF-001053,20210703,0,pyrologix,3,72-66,2021,798.2023482519435,0.003497582976706326,0,drone,1,9.489961992702219e-05,1350,0.0046500813764240876,True
GaussianBudget75M_TOPGrowing,Canyon_2_2021-CAPNF-001242,20210720,3,pyrologix,10,65-57,2021,0.0,0.004815006046555936,0,drone,1,9.489961992702219e-05,4235,0.004555181756497065,True
GaussianBudget75M_TOPGrowing,Cariso_2021-CACNF-000397,20210205,16,pyrologix,4,220-87,2021,0.0,0.005060399998910725,1,drone,1,9.489961992702219e-05,2060,0.004555181756497065,True
GaussianBudget75M_TOPGrowing,Cat_2021-CACNF-001669,20210608,15,pyrologix,12,244-98,2021,0.0,0.0072362900245934725,1,drone,1,9.489961992702219e-05,5245,0.0046500813764240876,True
GaussianBudget75M_TOPGrowing,Chance__2021-CAPNF-002868,20211004,20,pyrologix,7,72-59,2021,0.0,0.0030549659859389067,0,drone,1,9.489961992702219e-05,2860,0.0046500813764240876,True
GaussianBudget75M_TOPGrowing,Chaparral_2021-CACNF-002791,20210828,17,pyrologix,5,227-87,2021,0.0,0.006760557997040451,0,drone,1,9.489961992702219e-05,2185,0.003985784036934932,True
GaussianBudget75M_TOPGrowing,Charlie_2021-CASHF-000725,20210530,17,pyrologix,3,44-41,2021,0.0,0.0035971959587186575,0,drone,1,9.489961992702219e-05,1470,0.0047449809963511095,True
GaussianBudget75M_TOPGrowing,China_2021-CASHF-000838,20210610,19,pyrologix,8,38-28,2021,0.0,0.003457785933278501,0,drone,1,9.489961992702219e-05,3255,0.0046500813764240876,True
GaussianBudget75M_TOPGrowing,Cliff_2021-CASRF-000455,20210626,18,pyrologix,2,45-20,2021,759.4356325960252,0.0024377689696848392,0,drone,1,9.489961992702219e-05,880,0.0046500813764240876,True
GaussianBudget75M_TOPGrowing,Clipper_2021-CAPNF-000484,20210421,20,pyrologix,1,79-54,2021,0.0,0.0025733610382303596,0,drone,1,9.489961992702219e-05,550,0.0040806836568619545,True
GaussianBudget75M_TOPGrowing,Clough_2021-CAPNF-000570,20210507,12,pyrologix,6,72-59,2021,0.0,0.0029467170825228095,0,drone,1,9.489961992702219e-05,2455,0.0046500813764240876,True
GaussianBudget75M_TOPGrowing,Clover_2021-CAPNF-001851,20210825,11,pyrologix,10,72-66,2021,0.0,0.008910479955375195,0,drone,1,9.489961992702219e-05,4310,0.0046500813764240876,True
GaussianBudget75M_TOPGrowing,Cobb_2021-CASRF-000378,20210609,11,pyrologix,10,59-19,2021,726.7270444940077,0.004899222985841334,0,drone,1,9.489961992702219e-05,4130,0.0046500813764240876,True
GaussianBudget75M_TOPGrowing,Coldwater_2021-CAPNF-001374,20210730,21,pyrologix,1,72-59,2021,0.0,0.0059608189621940255,1,drone,1,9.489961992702219e-05,1030,0.0046500813764240876,True
GaussianBudget75M_TOPGrowing,Community__2021-CAPNF-000563,20210506,1,pyrologix,1,79-54,2021,0.0,0.00260501098819077,0,drone,1,9.489961992702219e-05,550,0.0040806836568619545,True
GaussianBudget75M_TOPGrowing,Corral_2021-CALPF-000734,20210405,16,pyrologix,3,none,2021,0.0,0.002547171898186207,-1,undetected,1,9.489961992702219e-05,0,0.0,False
GaussianBudget75M_TOPGrowing,Corral_2021-CASHF-000619,20210516,21,pyrologix,7,45-20,2021,0.0,0.006301506073214114,0,drone,1,9.489961992702219e-05,2885,0.0046500813764240876,True
GaussianBudget75M_TOPGrowing,Corte_Madera_2021-CACNF-000407,20210206,16,pyrologix,6,244-98,2021,0.0,0.005627728998661041,1,drone,1,9.489961992702219e-05,2905,0.0046500813764240876,True
GaussianBudget75M_TOPGrowing,Creek_2021-CACNF-003652,20211221,17,pyrologix,7,none,2021,0.0,0.0024769719457253814,-1,undetected,1,9.489961992702219e-05,0,0.0,False
GaussianBudget75M_TOPGrowing,Creek_2021-CAPNF-001218,20210718,16,pyrologix,10,65-57,2021,0.0,0.0030981539748609066,0,drone,1,9.489961992702219e-05,3975,0.004555181756497065,True
GaussianBudget75M_TOPGrowing,Creek_2021-CASHF-000371,20210324,21,pyrologix,6,37-49,2021,0.0,0.002414225018583238,0,drone,1,9.489961992702219e-05,2370,0.0046500813764240876,True
GaussianBudget75M_TOPGrowing,Creekside__2021-CASRF-000262,20210508,19,pyrologix,5,38-21,2021,0.0,0.003892601002007723,0,drone,1,9.489961992702219e-05,2060,0.0046500813764240876,True
GaussianBudget75M_TOPGrowing,Crescent__2021-CAPNF-000698,20210529,16,pyrologix,12,65-57,2021,0.0,0.0031736179953441024,0,drone,1,9.489961992702219e-05,4740,0.004555181756497065,True
GaussianBudget75M_TOPGrowing,Crocker_2021-CAPNF-000394,20210408,20,pyrologix,10,72-66,2021,0.0,0.002851504017598927,0,drone,1,9.489961992702219e-05,3985,0.0046500813764240876,True
GaussianBudget75M_TOPGrowing,Crocker_2021-CAPNF-001592,20210814,0,pyrologix,2,72-66,2021,0.0,0.003541592974215746,0,drone,1,9.489961992702219e-05,1110,0.0046500813764240876,True
GaussianBudget75M_TOPGrowing,Curtis_2021-CALPF-000998,20210505,23,pyrologix,9,189-64,2021,0.0,0.00504353700671345,0,drone,1,9.489961992702219e-05,3535,0.0046500813764240876,True
GaussianBudget75M_TOPGrowing,Cutler_2021-CAPNF-001251,20210721,0,pyrologix,4,72-59,2021,0.0,0.004173662979155779,0,drone,1,9.489961992702219e-05,1915,0.0046500813764240876,True
GaussianBudget75M_TOPGrowing,DALE_2021-CASHF-000975,20210629,22,pyrologix,4,30-38,2021,0.0,0.006632397999055684,1,drone,1,9.489961992702219e-05,2240,0.0046500813764240876,True
GaussianBudget75M_TOPGrowing,DALTON_2021-CAANF-003600,20210924,18,pyrologix,10,206-81,2021,0.0,0.0033491189824417233,0,drone,1,9.489961992702219e-05,4025,0.0040806836568619545,True
GaussianBudget75M_TOPGrowing,DAMONS_2021-CAMDF-001193,20210806,13,pyrologix,11,37-63,2021,792.0109299999895,0.004636659985408187,0,drone,1,9.489961992702219e-05,4390,0.0046500813764240876,True
GaussianBudget75M_TOPGrowing,DAM_2021-CAANF-004298,20211204,18,pyrologix,10,201-76,2021,0.0,0.004176687099970877,0,drone,1,9.489961992702219e-05,4090,0.004555181756497065,True
GaussianBudget75M_TOPGrowing,DAVIS_2021-CAINF-001143,20210608,16,pyrologix,9,none,2021,0.0,0.0025223640259355307,-1,undetected,1,9.489961992702219e-05,0,0.0,False
GaussianBudget75M_TOPGrowing,DEADFALL_2021-CASHF-001182,20210730,20,pyrologix,6,30-38,2021,0.0,0.0029605430318042636,0,drone,1,9.489961992702219e-05,2535,0.0046500813764240876,True
GaussianBudget75M_TOPGrowing,DEADWOOD_2021-CAENF-022441,20210801,19,pyrologix,7,100-68,2021,0.0,0.0033035429660230875,0,drone,1,9.489961992702219e-05,2875,0.004555181756497065,True
GaussianBudget75M_TOPGrowing,DEAD_HORSE_2021-CASQF-001848,20210630,10,pyrologix,9,169-84,2021,0.0,0.006915597943589091,0,drone,1,9.489961992702219e-05,3755,0.0046500813764240876,True
GaussianBudget75M_TOPGrowing,DECHAMBEAU_2021-CAINF-001645,20210710,0,pyrologix,1,none,2021,0.0,0.002466079080477357,-1,undetected,1,9.489961992702219e-05,0,0.0,False
GaussianBudget75M_TOPGrowing,DEER_2021-CABDF-012757,20210827,13,pyrologix,6,209-96,2021,0.0,0.006980009959079325,1,drone,1,9.489961992702219e-05,2990,0.004460282136570043,True
GaussianBudget75M_TOPGrowing,DEER_2021-CAENF-019219,20210705,16,pyrologix,5,100-68,2021,0.0,0.003396506072022021,0,drone,1,9.489961992702219e-05,2170,0.004555181756497065,True
GaussianBudget75M_TOPGrowing,DEER_2021-CAKNF-005056,20210625,17,pyrologix,11,none,2021,0.0,0.002470323001034558,-1,undetected,1,9.489961992702219e-05,0,0.0,False
GaussianBudget75M_TOPGrowing,DEER_2021-CATNF-001386,20210721,23,pyrologix,9,86-53,2021,0.0,0.005628627026453614,0,drone,1,9.489961992702219e-05,3590,0.0046500813764240876,True
GaussianBudget75M_TOPGrowing,DELAMAR_2021-CABDF-011509,20210726,7,pyrologix,9,none,2021,0.0,0.002455765032209456,-1,undetected,1,9.489961992702219e-05,0,0.0,False
GaussianBudget75M_TOPGrowing,DEMOCRAT_2021-CASQF-002095,20210708,0,pyrologix,4,177-72,2021,869.4326492149848,0.006125635001808405,1,drone,1,9.489961992702219e-05,2005,0.0046500813764240876,True
GaussianBudget75M_TOPGrowing,DERRY_2021-CALPF-002717,20211005,21,pyrologix,1,196-57,2021,709.9838275390211,0.0023533100029453635,0,drone,1,9.489961992702219e-05,500,0.003511285937299821,True
GaussianBudget75M_TOPGrowing,DEVORE_2021-CABDU-005483,20210504,21,pyrologix,6,206-88,2021,0.0,0.006431167013943195,1,drone,1,9.489961992702219e-05,2880,0.004365382516643021,True
GaussianBudget75M_TOPGrowing,DEXTER_2021-CAINF-001695,20210712,11,pyrologix,12,124-80,2021,0.0,0.0030670209089294076,0,drone,1,9.489961992702219e-05,4755,0.0046500813764240876,True
GaussianBudget75M_TOPGrowing,DILLER_2021-CASHF-000552,20210508,10,pyrologix,8,30-45,2021,0.0,0.006891718017868698,0,drone,1,9.489961992702219e-05,3360,0.0046500813764240876,True
GaussianBudget75M_TOPGrowing,DIMAS_2021-CAANF-001591,20210523,4,pyrologix,12,206-81,2021,0.0,0.004551338031888008,0,drone,1,9.489961992702219e-05,4885,0.0040806836568619545,True
GaussianBudget75M_TOPGrowing,DINKEY_2021-CASNF-001236,20210812,23,pyrologix,11,141-74,2021,0.0,0.004887029994279146,0,drone,1,9.489961992702219e-05,4635,0.0046500813764240876,True
GaussianBudget75M_TOPGrowing,DIXIE_2021-CABTU-009205,20210714,0,pyrologix,1,72-52,2021,0.0,0.003978390013799071,0,drone,1,9.489961992702219e-05,575,0.004270482896715999,True
GaussianBudget75M_TOPGrowing,DOGCREEK_2021-CASHF-001322,20210827,11,pyrologix,12,44-41,2021,0.0,0.0044960270170122385,0,drone,1,9.489961992702219e-05,4910,0.0047449809963511095,True
GaussianBudget75M_TOPGrowing,DOG_2021-CATNF-002107,20211017,14,pyrologix,4,86-67,2021,0.0,0.0021037559490650892,0,drone,1,9.489961992702219e-05,1575,0.004175583276788976,True
GaussianBudget75M_TOPGrowing,DOME_2021-CAINF-002577,20210921,22,pyrologix,8,124-80,2021,0.0,0.0030698610935360193,0,drone,1,9.489961992702219e-05,3220,0.0046500813764240876,True
GaussianBudget75M_TOPGrowing,DOME_2021-CASQF-002669,20210808,15,pyrologix,7,163-78,2021,0.0,0.0030748631106689572,0,drone,1,9.489961992702219e-05,2750,0.0046500813764240876,True
GaussianBudget75M_TOPGrowing,DOME_2021-CASTF-001915,20210731,14,pyrologix,7,107-68,2021,0.0,0.003419414977543056,0,drone,1,9.489961992702219e-05,2940,0.0046500813764240876,True
GaussianBudget75M_TOPGrowing,DONEY_2021-CASHF-000376,20210326,19,pyrologix,4,44-41,2021,0.0,0.002280436921864748,0,drone,1,9.489961992702219e-05,1705,0.0047449809963511095,True
GaussianBudget75M_TOPGrowing,DORMER_2021-CAANF-001579,20210522,19,pyrologix,5,201-76,2021,0.0,0.0026484470581635833,0,drone,1,9.489961992702219e-05,2055,0.004555181756497065,True
GaussianBudget75M_TOPGrowing,DOW_2021-CALNF-006059,20211005,15,pyrologix,11,51-61,2021,0.0,0.006404072046279907,0,drone,1,9.489961992702219e-05,4405,0.0046500813764240876,True
GaussianBudget75M_TOPGrowing,DRAINAGE_HLRD_2021-CASQF-002363,20210719,18,pyrologix,8,149-72,2021,821.0455344809452,0.0032255969708785415,0,drone,1,9.489961992702219e-05,3165,0.0046500813764240876,True
GaussianBudget75M_TOPGrowing,DRY_2021-CAINF-000909,20210526,19,pyrologix,3,124-80,2021,0.0,0.002889232011511922,0,drone,1,9.489961992702219e-05,1345,0.0046500813764240876,True
GaussianBudget75M_TOPGrowing,DRY_2021-CASQF-000964,20210509,19,pyrologix,11,177-79,2021,810.1705672399839,0.0039478810504078865,0,drone,1,9.489961992702219e-05,4415,0.0046500813764240876,True
GaussianBudget75M_TOPGrowing,DRY__2021-CAANF-003810,20211013,18,pyrologix,4,195-71,2021,0.0,0.003166857990436256,0,drone,1,9.489961992702219e-05,1730,0.0046500813764240876,True
GaussianBudget75M_TOPGrowing,DUNCAN_2021-CATNF-001388,20210721,15,pyrologix,3,93-62,2021,0.0,0.005736782914027572,1,drone,1,9.489961992702219e-05,1790,0.0046500813764240876,True
GaussianBudget75M_TOPGrowing,DURANGO_2021-CABDF-017332,20211122,15,pyrologix,12,223-101,2021,0.0,0.003099922090768814,0,drone,1,9.489961992702219e-05,4565,0.0046500813764240876,True
GaussianBudget75M_TOPGrowing,DUSTY_2021-CABDF-014102,20210926,10,pyrologix,12,206-88,2021,0.0,0.006076085031963885,0,drone,1,9.489961992702219e-05,4670,0.004460282136570043,True
GaussianBudget75M_TOPGrowing,DUSY_2021-CASNF-001231,20210811,16,pyrologix,10,141-74,2021,0.0,0.007178120082244277,1,drone,1,9.489961992702219e-05,4635,0.0046500813764240876,True
GaussianBudget75M_TOPGrowing,DUTCHMAN_2021-CALPF-002724,20211006,15,pyrologix,6,none,2021,0.0,0.002509306068532169,-1,undetected,1,9.489961992702219e-05,0,0.0,False
GaussianBudget75M_TOPGrowing,DUTCH_2021-CASQF-001862,20210701,20,pyrologix,7,170-77,2021,0.0,0.010671469965018332,1,drone,1,9.489961992702219e-05,3310,0.0046500813764240876,True
GaussianBudget75M_TOPGrowing,Davis_2021-CAPNF-000778,20210611,18,pyrologix,3,72-66,2021,0.0,0.0024435140658169985,0,drone,1,9.489961992702219e-05,1275,0.0046500813764240876,True
GaussianBudget75M_TOPGrowing,Deer_2021-CASHF-000610,20210515,14,pyrologix,11,37-42,2021,0.0,0.0039125189650803804,0,drone,1,9.489961992702219e-05,4375,0.0046500813764240876,True
GaussianBudget75M_TOPGrowing,Diamond_2021-CAPNF-001240,20210720,0,pyrologix,5,65-64,2021,0.0,0.006019016960635781,0,drone,1,9.489961992702219e-05,2170,0.0046500813764240876,True
GaussianBudget75M_TOPGrowing,Dog_2021-CAPNF-001397,20210802,13,pyrologix,7,72-52,2021,0.0,0.005913465982303023,0,drone,1,9.489961992702219e-05,2895,0.0046500813764240876,True
GaussianBudget75M_TOPGrowing,Dotta_2021-CAPNF-001010,20210630,16,pyrologix,11,72-66,2021,0.0,0.0030208820244297385,0,drone,1,9.489961992702219e-05,4365,0.0046500813764240876,True
GaussianBudget75M_TOPGrowing,Dubakella_2021-CASHF-000711,20210529,19,pyrologix,5,52-26,2021,695.3845968159148,0.003929282072931528,0,drone,1,9.489961992702219e-05,2130,0.0046500813764240876,True
GaussianBudget75M_TOPGrowing,Dutch_2021-CAPNF-001146,20210710,16,pyrologix,9,65-57,2021,0.0,0.003764307009987533,0,drone,1,9.489961992702219e-05,3700,0.004460282136570043,True
GaussianBudget75M_TOPGrowing,Duzen_2021-CASRF-000321,20210524,20,pyrologix,1,45-20,2021,0.0,0.0031146518886089325,0,drone,1,9.489961992702219e-05,660,0.0046500813764240876,True
GaussianBudget75M_TOPGrowing,E-1_ASHURST_2021-CALNF-002490,20210515,20,pyrologix,3,51-61,2021,0.0,0.006219904054887593,0,drone,1,9.489961992702219e-05,1480,0.0046500813764240876,True
GaussianBudget75M_TOPGrowing,E-1_CRATER_2021-CALNF-004410,20210731,20,pyrologix,2,58-61,2021,869.3182335520396,0.006329622003249824,1,drone,1,9.489961992702219e-05,1435,0.004460282136570043,True
GaussianBudget75M_TOPGrowing,E-1_INDIAN_2021-CALNF-003421,20210624,12,pyrologix,5,51-61,2021,0.0,0.003869067062623799,0,drone,1,9.489961992702219e-05,2220,0.0046500813764240876,True
GaussianBudget75M_TOPGrowing,E-2_CAMP_TEN_2021-CALNF-002504,20210516,14,pyrologix,1,58-61,2021,0.0,0.0036521119764074683,0,drone,1,9.489961992702219e-05,585,0.00389088441700791,True
GaussianBudget75M_TOPGrowing,E-2_PINE_2021-CALNF-003748,20210705,20,pyrologix,8,58-61,2021,0.0,0.006679343059659004,1,drone,1,9.489961992702219e-05,3730,0.0046500813764240876,True
GaussianBudget75M_TOPGrowing,E-2_STANFORD_2021-CALNF-003424,20210624,11,pyrologix,11,51-61,2021,0.0,0.004125657957047224,0,drone,1,9.489961992702219e-05,4510,0.0046500813764240876,True
GaussianBudget75M_TOPGrowing,E-3_BOGARD_2021-CALNF-004419,20210731,18,pyrologix,10,58-54,2021,0.0,0.01681625295896083,2,drone,1,9.489961992702219e-05,4765,0.004555181756497065,True
GaussianBudget75M_TOPGrowing,E-3_GRAY_2021-CALNF-003750,20210705,23,pyrologix,3,58-54,2021,0.0,0.004773725988343358,0,drone,1,9.489961992702219e-05,1370,0.004555181756497065,True
GaussianBudget75M_TOPGrowing,E-5_BUTTE_LAKE_2021-CALNF-004442,20210801,12,pyrologix,12,51-54,2021,0.0,0.006112258997745812,0,drone,1,9.489961992702219e-05,4795,0.0046500813764240876,True
GaussianBudget75M_TOPGrowing,E-6_ANTELOPE_2021-CALNF-004457,20210802,1,pyrologix,2,58-61,2021,0.0,0.005828271037898958,1,drone,1,9.489961992702219e-05,1435,0.004460282136570043,True
GaussianBudget75M_TOPGrowing,EAGLE_2021-CASHF-000460,20210415,20,pyrologix,3,37-35,2021,0.0,0.003502045990899205,0,drone,1,9.489961992702219e-05,1460,0.0046500813764240876,True
GaussianBudget75M_TOPGrowing,EAGLE_2021-CATMU-018004,20210626,9,pyrologix,11,93-62,2021,0.0,0.004567594034597278,0,drone,1,9.489961992702219e-05,4505,0.0046500813764240876,True
GaussianBudget75M_TOPGrowing,EARLY__2021-CASTF-002235,20210825,1,pyrologix,4,121-61,2021,0.0,0.002428414998576045,0,drone,1,9.489961992702219e-05,1655,0.0046500813764240876,True
GaussianBudget75M_TOPGrowing,EAST_2021-CAANF-003356,20210906,14,pyrologix,2,206-88,2021,0.0,0.005969614023342729,1,drone,1,9.489961992702219e-05,1310,0.004365382516643021,True
GaussianBudget75M_TOPGrowing,EAST_2021-CAENF-020980,20210720,0,pyrologix,2,100-61,2021,0.0,0.0030056420946493745,0,drone,1,9.489961992702219e-05,1000,0.0046500813764240876,True
GaussianBudget75M_TOPGrowing,EAST_2021-CAKNF-006415,20210731,20,pyrologix,3,31-31,2021,0.0,0.003814563970081508,0,drone,1,9.489961992702219e-05,1495,0.0046500813764240876,True
GaussianBudget75M_TOPGrowing,EAST_2021-CASHF-000646,20210520,20,pyrologix,10,45-27,2021,0.0,0.007294120034202933,0,drone,1,9.489961992702219e-05,4145,0.0046500813764240876,True
GaussianBudget75M_TOPGrowing,ECHO_2021-CALNF-003471,20210625,21,pyrologix,4,58-54,2021,0.0,0.00372058292850852,0,drone,1,9.489961992702219e-05,1825,0.004555181756497065,True
GaussianBudget75M_TOPGrowing,ECHO_2021-CATMU-021480,20210724,14,pyrologix,8,100-68,2021,0.0,0.004253586987033486,0,drone,1,9.489961992702219e-05,3395,0.004555181756497065,True
GaussianBudget75M_TOPGrowing,EDDY_2021-CASHF-000952,20210625,12,pyrologix,11,30-38,2021,0.0,0.007341409916989505,1,drone,1,9.489961992702219e-05,4980,0.0046500813764240876,True
GaussianBudget75M_TOPGrowing,ELAM_2021-CALNF-003064,20210610,12,pyrologix,5,65-50,2021,685.2139897319721,0.006105980952270329,1,drone,1,9.489961992702219e-05,2500,0.0046500813764240876,True
GaussianBudget75M_TOPGrowing,ELAM_2021-CALNF-004040,20210715,19,pyrologix,10,58-47,2021,832.9334699090105,0.0038603959837928414,0,drone,1,9.489961992702219e-05,4035,0.0046500813764240876,True
GaussianBudget75M_TOPGrowing,ELK_2021-CAKNF-002454,20210404,21,pyrologix,2,24-32,2021,0.0,0.005660519935190678,1,drone,1,9.489961992702219e-05,1395,0.0046500813764240876,True
GaussianBudget75M_TOPGrowing,EMIGRANT_2021-CAANF-003521,20210917,15,pyrologix,12,195-71,2021,0.0,0.0073878689436241984,1,drone,1,9.489961992702219e-05,5145,0.0046500813764240876,True
GaussianBudget75M_TOPGrowing,EMMA_2021-CAANF-003237,20210829,22,pyrologix,1,none,2021,0.0,0.0023742871126160026,-1,undetected,1,9.489961992702219e-05,0,0.0,False
GaussianBudget75M_TOPGrowing,ERNST_2021-CAMMU-006886,20210405,21,pyrologix,4,121-61,2021,0.0,0.0024085460463538766,0,drone,1,9.489961992702219e-05,1655,0.0046500813764240876,True
GaussianBudget75M_TOPGrowing,ESCAPE_2021-CABDF-008798,20210530,19,pyrologix,2,none,2021,0.0,0.002556973951868713,-1,undetected,1,9.489961992702219e-05,0,0.0,False
GaussianBudget75M_TOPGrowing,ESCONDIDO_2021-CAANF-003542,20210918,20,pyrologix,6,201-76,2021,0.0,0.002451379084959626,0,drone,1,9.489961992702219e-05,2380,0.004555181756497065,True
GaussianBudget75M_TOPGrowing,EVERETT_2021-CASHF-001127,20210721,12,pyrologix,5,30-45,2021,0.0,0.005991445039398968,1,drone,1,9.489961992702219e-05,2515,0.0046500813764240876,True
GaussianBudget75M_TOPGrowing,East_Grade_2021-CACNF-001220,20210501,14,pyrologix,2,230-100,2021,0.0,0.002900079940445721,0,drone,1,9.489961992702219e-05,1005,0.004555181756497065,True
GaussianBudget75M_TOPGrowing,Echo_2021-CASHF-000897,20210619,22,pyrologix,4,37-42,2021,0.0,0.0062052179127931595,1,drone,1,9.489961992702219e-05,2140,0.0046500813764240876,True
GaussianBudget75M_TOPGrowing,Eight_2021-CACNF-003271,20211028,19,pyrologix,6,244-98,2021,0.0,0.0029588439501821995,0,drone,1,9.489961992702219e-05,2490,0.004555181756497065,True
GaussianBudget75M_TOPGrowing,Evans_2021-CAPNF-001358,20210730,1,pyrologix,2,65-57,2021,0.0,0.0025778079871088266,0,drone,1,9.489961992702219e-05,925,0.004175583276788976,True
GaussianBudget75M_TOPGrowing,FAIRCHILD_2021-CAMDF-000597,20210623,18,pyrologix,9,36-70,2021,0.0,0.005241796956397593,0,drone,1,9.489961992702219e-05,3605,0.0046500813764240876,True
GaussianBudget75M_TOPGrowing,FALLS_2021-CASHF-001063,20210711,12,pyrologix,4,38-21,2021,0.0,0.0019976620096713305,0,drone,1,9.489961992702219e-05,1605,0.0046500813764240876,True
GaussianBudget75M_TOPGrowing,FALL_2021-CAANF-003791,20211011,16,pyrologix,10,206-81,2021,0.0,0.004181948024779558,0,drone,1,9.489961992702219e-05,4125,0.0040806836568619545,True
GaussianBudget75M_TOPGrowing,FAULKSTEIN_2021-CAKNF-004573,20210612,21,pyrologix,1,24-32,2021,0.0,0.002508239005692303,0,drone,1,9.489961992702219e-05,555,0.0040806836568619545,True
GaussianBudget75M_TOPGrowing,FAWN_2021-CASHU-010480,20210922,18,pyrologix,12,44-41,2021,0.0,0.003866405109874904,0,drone,1,9.489961992702219e-05,4875,0.0047449809963511095,True
GaussianBudget75M_TOPGrowing,FIFTEEN_2021-CABDF-017313,20211122,15,pyrologix,1,206-88,2021,0.0,0.006100332946516573,1,drone,1,9.489961992702219e-05,965,0.004270482896715999,True
GaussianBudget75M_TOPGrowing,FISH_2021-CAKNF-006421,20210731,20,pyrologix,7,31-31,2021,0.0,0.0058033340610563755,1,drone,1,9.489961992702219e-05,3195,0.0046500813764240876,True
GaussianBudget75M_TOPGrowing,FIVE_2021-CAANF-000825,20210319,16,pyrologix,7,195-71,2021,0.0,0.004444472957402468,0,drone,1,9.489961992702219e-05,3070,0.0046500813764240876,True
GaussianBudget75M_TOPGrowing,FLATS_2021-CABDF-009477,20210613,17,pyrologix,2,none,2021,0.0,0.0024528689682483673,-1,undetected,1,9.489961992702219e-05,0,0.0,False
GaussianBudget75M_TOPGrowing,FLAT_2021-CAINF-000056,20210110,14,pyrologix,1,none,2021,0.0,0.0024621140910312533,-1,undetected,1,9.489961992702219e-05,0,0.0,False
GaussianBudget75M_TOPGrowing,FLAT_2021-CASHF-000907,20210621,20,pyrologix,3,30-45,2021,0.0,0.00525893596932292,1,drone,1,9.489961992702219e-05,1705,0.0046500813764240876,True
GaussianBudget75M_TOPGrowing,FLAT__2021-CAANF-000125,20210113,3,pyrologix,4,195-71,2021,0.0,0.003969363053329289,0,drone,1,9.489961992702219e-05,1730,0.0046500813764240876,True
GaussianBudget75M_TOPGrowing,FLETCHER_2021-CABDF-015945,20211031,21,pyrologix,6,230-100,2021,0.0,0.0035409529227763414,0,drone,1,9.489961992702219e-05,2545,0.0046500813764240876,True
GaussianBudget75M_TOPGrowing,FLINT_2021-CABDF-017383,20211123,16,pyrologix,9,223-101,2021,0.0,0.00622231001034379,1,drone,1,9.489961992702219e-05,3905,0.0046500813764240876,True
GaussianBudget75M_TOPGrowing,FORD_2021-CAINF-001461,20210629,16,pyrologix,4,none,2021,0.0,0.002459121053107083,-1,undetected,1,9.489961992702219e-05,0,0.0,False
GaussianBudget75M_TOPGrowing,FORESTHILL_2021-CATNF-001677,20210829,1,pyrologix,1,86-53,2021,0.0,0.002433620044030249,0,drone,1,9.489961992702219e-05,530,0.0040806836568619545,True
GaussianBudget75M_TOPGrowing,FOREST_2021-CATCU-006215,20210517,19,pyrologix,3,107-54,2021,755.6860483860364,0.005806691013276577,1,drone,1,9.489961992702219e-05,1725,0.0046500813764240876,True
GaussianBudget75M_TOPGrowing,FORK_2021-CABDF-003725,20210222,0,pyrologix,4,206-88,2021,0.0,0.003870827960781753,0,drone,1,9.489961992702219e-05,1810,0.004365382516643021,True
GaussianBudget75M_TOPGrowing,FOX_2021-CALNF-002007,20210422,22,pyrologix,4,58-61,2021,0.0,0.003820383921265602,0,drone,1,9.489961992702219e-05,1865,0.004460282136570043,True
GaussianBudget75M_TOPGrowing,FRASER__2021-CASTF-002126,20210813,11,pyrologix,9,114-64,2021,0.0,0.0032621589489281178,0,drone,1,9.489961992702219e-05,3720,0.0046500813764240876,True
GaussianBudget75M_TOPGrowing,FRENCH_2021-CAKNF-005037,20210625,11,pyrologix,9,31-24,2021,0.0,0.0035318719455972314,0,drone,1,9.489961992702219e-05,3735,0.0046500813764240876,True
GaussianBudget75M_TOPGrowing,FRESNO_2021-CASNF-001333,20210822,20,pyrologix,9,141-74,2021,0.0,0.002966187079437077,0,drone,1,9.489961992702219e-05,3615,0.0046500813764240876,True
GaussianBudget75M_TOPGrowing,FULLER_2021-CATNF-001066,20210622,14,pyrologix,8,86-60,2021,0.0,0.007524664048105478,0,drone,1,9.489961992702219e-05,3350,0.0046500813764240876,True
GaussianBudget75M_TOPGrowing,Feldmiller_2021-CASRF-000413,20210619,22,pyrologix,8,45-20,2021,0.0,0.006911340053193271,1,drone,1,9.489961992702219e-05,3730,0.0046500813764240876,True
GaussianBudget75M_TOPGrowing,Fisher_2021-CASHF-000647,20210520,7,pyrologix,6,37-42,2021,0.0,0.003450219053775072,0,drone,1,9.489961992702219e-05,2475,0.0046500813764240876,True
GaussianBudget75M_TOPGrowing,Fork_2021-CASRF-000270,20210510,17,pyrologix,5,38-21,2021,0.0,0.002701071905903518,0,drone,1,9.489961992702219e-05,2060,0.0046500813764240876,True
GaussianBudget75M_TOPGrowing,Frazier_2021-CALPF-000952,20210430,18,pyrologix,1,189-64,2021,0.0,0.0031510679982602596,0,drone,1,9.489961992702219e-05,665,0.004555181756497065,True
GaussianBudget75M_TOPGrowing,French_2021-CATNF-001393,20210722,20,pyrologix,5,79-61,2021,0.0,0.010936741018667817,1,drone,1,9.489961992702219e-05,2620,0.0046500813764240876,True
GaussianBudget75M_TOPGrowing,GABRIEL_2021-CAANF-001318,20210429,3,pyrologix,7,206-81,2021,0.0,0.004153823014348745,0,drone,1,9.489961992702219e-05,3005,0.0040806836568619545,True
GaussianBudget75M_TOPGrowing,GAGGS_2021-CASNF-001725,20211010,12,pyrologix,8,135-67,2021,0.0,0.0036479230038821697,0,drone,1,9.489961992702219e-05,3325,0.0046500813764240876,True
GaussianBudget75M_TOPGrowing,GALLOWAY_2021-CATNF-000698,20210505,12,pyrologix,6,79-54,2021,0.0,0.006247375044040382,1,drone,1,9.489961992702219e-05,2940,0.0047449809963511095,True
GaussianBudget75M_TOPGrowing,GAP_2021-CASTF-001059,20210611,13,pyrologix,7,114-64,2021,0.0,0.002902784966863692,0,drone,1,9.489961992702219e-05,2905,0.0046500813764240876,True
GaussianBudget75M_TOPGrowing,GARDEN_2021-CAKNF-006380,20210731,21,pyrologix,12,31-31,2021,0.0,0.004269066033884883,0,drone,1,9.489961992702219e-05,4775,0.0046500813764240876,True
GaussianBudget75M_TOPGrowing,GARDEN_2021-CASQF-002738,20210814,20,pyrologix,5,177-72,2021,0.0,0.004054124001413584,0,drone,1,9.489961992702219e-05,2005,0.0046500813764240876,True
GaussianBudget75M_TOPGrowing,GEM__2021-CAINF-002224,20210825,16,pyrologix,11,127-76,2021,0.0,0.004811234073713422,0,drone,1,9.489961992702219e-05,4675,0.004839880616278132,True
GaussianBudget75M_TOPGrowing,GILMAN_2021-CASHF-001271,20210815,14,pyrologix,9,44-41,2021,0.0,0.0068848771043121815,1,drone,1,9.489961992702219e-05,4190,0.0047449809963511095,True
GaussianBudget75M_TOPGrowing,GINGER_BREAD_2021-CABDF-018471,20211129,19,pyrologix,3,223-101,2021,0.0,0.003162865061312914,0,drone,1,9.489961992702219e-05,1345,0.004555181756497065,True
GaussianBudget75M_TOPGrowing,GLACIER_NORTH_2021-CAINF-001732,20210715,14,pyrologix,2,none,2021,0.0,0.0019280819687992334,-1,undetected,1,9.489961992702219e-05,0,0.0,False
GaussianBudget75M_TOPGrowing,GLACIER__2021-CAINF-001723,20210714,15,pyrologix,11,none,2021,0.0,0.0018762799445539713,-1,undetected,1,9.489961992702219e-05,0,0.0,False
GaussianBudget75M_TOPGrowing,GLADE_2021-CAKNF-006405,20210731,13,pyrologix,8,none,2021,0.0,0.001872628927230835,-1,undetected,1,9.489961992702219e-05,0,0.0,False
GaussianBudget75M_TOPGrowing,GLASS_2021-CAINF-000874,20210522,15,pyrologix,10,124-80,2021,0.0,0.003190482035279274,0,drone,1,9.489961992702219e-05,3960,0.0046500813764240876,True
GaussianBudget75M_TOPGrowing,GOBBI_2021-CAENF-023392,20210809,15,pyrologix,12,93-62,2021,0.0,0.007411225000396371,1,drone,1,9.489961992702219e-05,5260,0.0046500813764240876,True
GaussianBudget75M_TOPGrowing,GOLDEN_2021-CAANF-002886,20210803,23,pyrologix,7,195-71,2021,0.0,0.004594463971443474,0,drone,1,9.489961992702219e-05,3070,0.0046500813764240876,True
GaussianBudget75M_TOPGrowing,GOLD_2021-CASHF-000580,20210512,21,pyrologix,4,37-35,2021,0.0,0.003956567030400038,0,drone,1,9.489961992702219e-05,1920,0.0046500813764240876,True
GaussianBudget75M_TOPGrowing,GOODALE_2021-CAINF-001466,20210629,19,pyrologix,7,none,2021,0.0,0.0018651180434972048,-1,undetected,1,9.489961992702219e-05,0,0.0,False
GaussianBudget75M_TOPGrowing,GOOSEBERRY__2021-CASNF-000626,20210621,18,pyrologix,12,128-69,2021,0.0,0.00800607493147254,0,drone,1,9.489961992702219e-05,4925,0.004365382516643021,True
GaussianBudget75M_TOPGrowing,GORDONS_2021-CAKNF-002282,20210329,0,pyrologix,2,17-27,2021,0.0,0.0021968360524624586,0,drone,1,9.489961992702219e-05,895,0.004460282136570043,True
GaussianBudget75M_TOPGrowing,GRAHAM_2021-CAKNF-006462,20210801,17,pyrologix,8,31-31,2021,0.0,0.006492368062026799,1,drone,1,9.489961992702219e-05,3690,0.0046500813764240876,True
GaussianBudget75M_TOPGrowing,GRAND_VIEW_2021-CABDF-012129,20210810,20,pyrologix,5,214-103,2021,0.0,0.003352756961248815,0,drone,1,9.489961992702219e-05,2200,0.004270482896715999,True
GaussianBudget75M_TOPGrowing,GRAPVINE_2021-CABDF-006945,20210421,12,pyrologix,9,206-88,2021,0.0,0.004364445921964943,0,drone,1,9.489961992702219e-05,3690,0.004365382516643021,True
GaussianBudget75M_TOPGrowing,GRASSY_2021-CASHF-000618,20210516,21,pyrologix,8,45-20,2021,0.0,0.003073111060075462,0,drone,1,9.489961992702219e-05,3160,0.0046500813764240876,True
GaussianBudget75M_TOPGrowing,GRASS_2021-CATMU-018337,20210628,18,pyrologix,3,100-68,2021,0.0,0.002033994998782873,0,drone,1,9.489961992702219e-05,1195,0.004460282136570043,True
GaussianBudget75M_TOPGrowing,GRAVEL__2021-CAMDF-002888,20211015,17,pyrologix,10,none,2021,0.0,0.0018576759612187743,-1,undetected,1,9.489961992702219e-05,0,0.0,False
GaussianBudget75M_TOPGrowing,GRAVEYARD_2021-CAANF-002217,20210626,7,pyrologix,11,201-76,2021,0.0,0.004465312929823995,0,drone,1,9.489961992702219e-05,4475,0.004555181756497065,True
GaussianBudget75M_TOPGrowing,GRAYS_2021-CAINF-002723,20211012,20,pyrologix,6,none,2021,0.0,0.0018620400223881006,-1,undetected,1,9.489961992702219e-05,0,0.0,False
GaussianBudget75M_TOPGrowing,GRAYS__2021-CABDF-011709,20210731,22,pyrologix,3,209-96,2021,0.0,0.0033163210609927773,0,drone,1,9.489961992702219e-05,1405,0.004365382516643021,True
GaussianBudget75M_TOPGrowing,GREENWOOD_2021-CABDF-010939,20210713,18,pyrologix,10,206-88,2021,0.0,0.007803056971170008,1,drone,1,9.489961992702219e-05,4510,0.004460282136570043,True
GaussianBudget75M_TOPGrowing,GREY_2021-CASNF-000381,20210523,13,pyrologix,12,128-69,2021,0.0,0.003871844965033233,0,drone,1,9.489961992702219e-05,4820,0.004365382516643021,True
GaussianBudget75M_TOPGrowing,GRIZZLY_2021-CASNF-001239,20210812,17,pyrologix,11,135-67,2021,0.0,0.012035749037750065,1,drone,1,9.489961992702219e-05,4920,0.0046500813764240876,True
GaussianBudget75M_TOPGrowing,GROUSE_2021-CAKNF-003646,20210515,19,pyrologix,9,31-31,2021,0.0,0.0030017188983038068,0,drone,1,9.489961992702219e-05,3585,0.0046500813764240876,True
GaussianBudget75M_TOPGrowing,GROUSE__2021-CASTF-001968,20210801,17,pyrologix,11,114-64,2021,0.0,0.006281406036578119,1,drone,1,9.489961992702219e-05,4870,0.0046500813764240876,True
GaussianBudget75M_TOPGrowing,GROUT_2021-CABDF-011710,20210731,23,pyrologix,1,209-96,2021,0.0,0.0027582799084484577,0,drone,1,9.489961992702219e-05,610,0.004175583276788976,True
GaussianBudget75M_TOPGrowing,GROVE_2021-CATNF-001750,20210908,21,pyrologix,2,86-60,2021,0.0,0.0017120070988312364,0,drone,1,9.489961992702219e-05,830,0.004555181756497065,True
GaussianBudget75M_TOPGrowing,GULCH_2021-CAANF-003619,20210926,19,pyrologix,12,195-71,2021,0.0,0.005341700976714492,0,drone,1,9.489961992702219e-05,4915,0.0046500813764240876,True
GaussianBudget75M_TOPGrowing,GULCH_2021-CAINF-001453,20210629,1,pyrologix,9,115-77,2021,604.3507984699681,0.01043822302017361,2,drone,1,9.489961992702219e-05,4500,0.004555181756497065,True
GaussianBudget75M_TOPGrowing,GULCH_2021-CASHF-001073,20210713,20,pyrologix,8,52-26,2021,0.0,0.006252413033507764,0,drone,1,9.489961992702219e-05,3350,0.0046500813764240876,True
GaussianBudget75M_TOPGrowing,GULCH_KRRD_2021-CASQF-002361,20210719,21,pyrologix,2,177-79,2021,0.0,0.008651292067952454,1,drone,1,9.489961992702219e-05,1355,0.004555181756497065,True
GaussianBudget75M_TOPGrowing,GUM__2021-CASTF-001887,20210730,14,pyrologix,8,114-64,2021,0.0,0.008701322018168867,2,drone,1,9.489961992702219e-05,4120,0.0046500813764240876,True
GaussianBudget75M_TOPGrowing,GUNN_2021-CABDF-014268,20210930,19,pyrologix,2,206-88,2021,0.0,0.003023948986083269,0,drone,1,9.489961992702219e-05,965,0.004270482896715999,True
GaussianBudget75M_TOPGrowing,Genesee_2021-CAPNF-000668,20210524,22,pyrologix,1,65-57,2021,0.0,0.0024019640404731035,0,drone,1,9.489961992702219e-05,550,0.003985784036934932,True
GaussianBudget75M_TOPGrowing,Gibraltar_2021-CALPF-001128,20210522,0,pyrologix,1,none,2021,0.0,0.002649954054504633,-1,undetected,1,9.489961992702219e-05,0,0.0,False
GaussianBudget75M_TOPGrowing,Gifford_2021-CALPF-001818,20210712,0,pyrologix,12,none,2021,0.0,0.0023060129024088383,-1,undetected,1,9.489961992702219e-05,0,0.0,False
GaussianBudget75M_TOPGrowing,Gold_2021-CACNF-001588,20210601,14,pyrologix,6,244-98,2021,0.0,0.003334362991154194,0,drone,1,9.489961992702219e-05,2555,0.004555181756497065,True
GaussianBudget75M_TOPGrowing,Gold__2021-CAPNF-003260,20211031,15,pyrologix,10,79-61,2021,0.0,0.003261213074438274,0,drone,1,9.489961992702219e-05,4110,0.0046500813764240876,True
GaussianBudget75M_TOPGrowing,Gomez_2021-CACNF-003031,20210924,18,pyrologix,9,230-93,2021,0.0,0.006159382057376206,0,drone,1,9.489961992702219e-05,3680,0.0047449809963511095,True
GaussianBudget75M_TOPGrowing,Granite_2021-CASHF-000774,20210602,7,pyrologix,7,44-34,2021,704.8077688340563,0.009421595023013651,2,drone,1,9.489961992702219e-05,3625,0.0046500813764240876,True
GaussianBudget75M_TOPGrowing,Grassy_2021-CASRF-000451,20210625,18,pyrologix,6,15-20,2021,565.3122763769934,0.007449149969033897,1,drone,1,9.489961992702219e-05,3015,0.0046500813764240876,True
GaussianBudget75M_TOPGrowing,Greenhorn_2021-CAPNF-000421,20210413,22,pyrologix,6,72-59,2021,0.0,0.0024463030276820064,0,drone,1,9.489961992702219e-05,2400,0.0046500813764240876,True
GaussianBudget75M_TOPGrowing,Gregg_2021-CASRF-000312,20210521,13,pyrologix,10,38-21,2021,0.0,0.006867218995466828,1,drone,1,9.489961992702219e-05,4560,0.0046500813764240876,True
GaussianBudget75M_TOPGrowing,Grizzly_2021-CAPNF-000697,20210529,16,pyrologix,11,72-66,2021,0.0,0.00338436895981431,0,drone,1,9.489961992702219e-05,4405,0.0046500813764240876,True
GaussianBudget75M_TOPGrowing,H-1_CABLE_2021-CALNF-002461,20210515,1,pyrologix,11,51-54,2021,0.0,0.00466236297506839,0,drone,1,9.489961992702219e-05,4495,0.0046500813764240876,True
GaussianBudget75M_TOPGrowing,H-1_MOON_2021-CALNF-003400,20210624,20,pyrologix,9,44-55,2021,569.7493595309788,0.004397657001391053,0,drone,1,9.489961992702219e-05,3775,0.0046500813764240876,True
GaussianBudget75M_TOPGrowing,H-3_FORD_2021-CALNF-002493,20210515,19,pyrologix,9,51-54,2021,0.0,0.003928030026145279,0,drone,1,9.489961992702219e-05,3750,0.0046500813764240876,True
GaussianBudget75M_TOPGrowing,H-3_LOST_2021-CALNF-003447,20210625,0,pyrologix,1,51-54,2021,0.0,0.002198935952037573,0,drone,1,9.489961992702219e-05,505,0.003511285937299821,True
GaussianBudget75M_TOPGrowing,H-4_UNION_2021-CALNF-002511,20210516,17,pyrologix,4,51-54,2021,0.0,0.0058828170876950026,1,drone,1,9.489961992702219e-05,2140,0.0046500813764240876,True
GaussianBudget75M_TOPGrowing,H-5_CINDER_2021-CALNF-002519,20210516,21,pyrologix,4,51-54,2021,0.0,0.003148881020024419,0,drone,1,9.489961992702219e-05,1780,0.0046500813764240876,True
GaussianBudget75M_TOPGrowing,HALLS_2021-CAMDF-003039,20211208,17,pyrologix,10,35-77,2021,573.0482965620467,0.005008400068618357,0,drone,1,9.489961992702219e-05,4150,0.0046500813764240876,True
GaussianBudget75M_TOPGrowing,HAMBONE_2021-CASHF-001233,20210806,16,pyrologix,5,37-56,2021,0.0,0.0026644690660759807,0,drone,1,9.489961992702219e-05,2115,0.0046500813764240876,True
GaussianBudget75M_TOPGrowing,HARDEN_2021-CASTF-001794,20210723,17,pyrologix,7,121-61,2021,0.0,0.006723065045662224,1,drone,1,9.489961992702219e-05,3355,0.0046500813764240876,True
GaussianBudget75M_TOPGrowing,HARDEN_2__2021-CASTF-001795,20210723,16,pyrologix,10,121-61,2021,0.0,0.003476543934084475,0,drone,1,9.489961992702219e-05,3955,0.0046500813764240876,True
GaussianBudget75M_TOPGrowing,HARRIS_2021-CATNF-001509,20210803,13,pyrologix,11,79-61,2021,0.0,0.004654985968954861,0,drone,1,9.489961992702219e-05,4685,0.0046500813764240876,True
GaussianBudget75M_TOPGrowing,HARWOOD_2021-CAANF-004254,20211129,7,pyrologix,2,206-88,2021,0.0,0.002099617966450751,0,drone,1,9.489961992702219e-05,810,0.004175583276788976,True
GaussianBudget75M_TOPGrowing,HATCHERY_2021-CABDF-014811,20211011,19,pyrologix,3,214-103,2021,0.0,0.0032291560200974345,0,drone,1,9.489961992702219e-05,1425,0.0040806836568619545,True
GaussianBudget75M_TOPGrowing,HATHAWAY_2021-CABDF-010788,20210710,17,pyrologix,9,214-103,2021,0.0,0.006839856039732695,1,drone,1,9.489961992702219e-05,4155,0.004270482896715999,True
GaussianBudget75M_TOPGrowing,HAYFORK_2021-CASHU-008170,20210803,4,pyrologix,9,45-27,2021,0.0,0.00422118604183197,0,drone,1,9.489961992702219e-05,3585,0.0046500813764240876,True
GaussianBudget75M_TOPGrowing,HAYPRESS_2021-CAKNF-006414,20210731,16,pyrologix,11,31-31,2021,0.0,0.004401405923999846,0,drone,1,9.489961992702219e-05,4475,0.0046500813764240876,True
GaussianBudget75M_TOPGrowing,HAZEL_2021-CAAEU-015966,20210608,20,pyrologix,6,100-54,2021,0.0,0.005162312998436391,0,drone,1,9.489961992702219e-05,2550,0.0046500813764240876,True
GaussianBudget75M_TOPGrowing,HEBRON_2021-CAKNF-003605,20210515,0,pyrologix,4,23-53,2021,824.8686536719324,0.003559461096301675,0,drone,1,9.489961992702219e-05,1795,0.004175583276788976,True
GaussianBudget75M_TOPGrowing,HENRY_2021-CASTF-001280,20210625,15,pyrologix,12,107-68,2021,0.0,0.003259324934333563,0,drone,1,9.489961992702219e-05,4805,0.0046500813764240876,True
GaussianBudget75M_TOPGrowing,HIDDEN__2021-CAANF-003478,20210913,5,pyrologix,1,206-81,2021,0.0,0.0025998579803854227,0,drone,1,9.489961992702219e-05,565,0.0037010851771538656,True
GaussianBudget75M_TOPGrowing,HIGHLAND__2021-CASTF-001735,20210719,21,pyrologix,4,107-68,2021,0.0,0.0025067669339478016,0,drone,1,9.489961992702219e-05,1685,0.0046500813764240876,True
GaussianBudget75M_TOPGrowing,HIGHWAY_2021-CABDF-014988,20211016,9,pyrologix,10,206-88,2021,0.0,0.003748578019440174,0,drone,1,9.489961992702219e-05,3965,0.004365382516643021,True
GaussianBudget75M_TOPGrowing,HIGH_POINT_2021-CAKNF-006402,20210731,13,pyrologix,7,31-31,2021,0.0,0.01044437091331929,1,drone,1,9.489961992702219e-05,3195,0.0046500813764240876,True
GaussianBudget75M_TOPGrowing,HILL_2021-CAANF-003660,20211001,19,pyrologix,12,201-76,2021,0.0,0.004395202966406941,0,drone,1,9.489961992702219e-05,4870,0.004555181756497065,True
GaussianBudget75M_TOPGrowing,HILL_2021-CABDF-004239,20210305,18,pyrologix,6,206-88,2021,0.0,0.006267354940064251,1,drone,1,9.489961992702219e-05,2880,0.004365382516643021,True
GaussianBudget75M_TOPGrowing,HILL_2021-CASHF-000537,20210504,18,pyrologix,4,37-42,2021,0.0,0.002565062022767961,0,drone,1,9.489961992702219e-05,1645,0.0046500813764240876,True
GaussianBudget75M_TOPGrowing,HILL_2021-CASTF-001910,20210731,2,pyrologix,1,107-61,2021,0.0,0.0027077851118519902,0,drone,1,9.489961992702219e-05,625,0.004555181756497065,True
GaussianBudget75M_TOPGrowing,HILTON_2021-CAINF-001144,20210608,18,pyrologix,5,none,2021,0.0,0.0025407050270587206,-1,undetected,1,9.489961992702219e-05,0,0.0,False
GaussianBudget75M_TOPGrowing,HIRAM_2021-CASTF-002595,20210929,11,pyrologix,11,107-68,2021,0.0,0.005086504970677197,0,drone,1,9.489961992702219e-05,4410,0.0046500813764240876,True
GaussianBudget75M_TOPGrowing,HOBART__2021-CASTF-002083,20210809,22,pyrologix,12,107-68,2021,0.0,0.004357537953183055,0,drone,1,9.489961992702219e-05,4930,0.0046500813764240876,True
GaussianBudget75M_TOPGrowing,HOGSBACK_2021-CAANF-000137,20210114,12,pyrologix,12,206-88,2021,0.0,0.0046959680039435625,0,drone,1,9.489961992702219e-05,4890,0.004460282136570043,True
GaussianBudget75M_TOPGrowing,HOLLY_2021-CABDF-018832,20211207,12,pyrologix,8,209-96,2021,0.0,0.0027966180350631475,0,drone,1,9.489961992702219e-05,3185,0.004460282136570043,True
GaussianBudget75M_TOPGrowing,HOME_2021-CATMU-027066,20210911,21,pyrologix,7,93-62,2021,0.0,0.006500961957499385,1,drone,1,9.489961992702219e-05,3345,0.0046500813764240876,True
GaussianBudget75M_TOPGrowing,HOOPER_KRRD_2021-CASQF-002348,20210719,6,pyrologix,9,177-79,2021,0.0,0.0038811980048194528,0,drone,1,9.489961992702219e-05,3715,0.0046500813764240876,True
GaussianBudget75M_TOPGrowing,HORSE_2021-CAKNF-002220,20210326,19,pyrologix,7,17-34,2021,0.0,0.006635583005845547,0,drone,1,9.489961992702219e-05,2965,0.004175583276788976,True
GaussianBudget75M_TOPGrowing,HORSE_2021-CASQF-003069,20210910,10,pyrologix,11,163-78,2021,0.0,0.00308277306612581,0,drone,1,9.489961992702219e-05,4305,0.0046500813764240876,True
GaussianBudget75M_TOPGrowing,HORSE__2021-CAANF-003639,20210928,2,pyrologix,12,201-76,2021,0.0,0.007927599013783038,0,drone,1,9.489961992702219e-05,4870,0.004555181756497065,True
GaussianBudget75M_TOPGrowing,HOT_2021-CAINF-001450,20210629,0,pyrologix,6,none,2021,0.0,0.002475908026099205,-1,undetected,1,9.489961992702219e-05,0,0.0,False
GaussianBudget75M_TOPGrowing,HOT_2021-CASQF-002231,20210713,12,pyrologix,4,177-72,2021,0.0,0.0029999640537425876,0,drone,1,9.489961992702219e-05,1680,0.0046500813764240876,True
GaussianBudget75M_TOPGrowing,HUFFMAN_2021-CAMDF-002376,20210919,16,pyrologix,4,none,2021,0.0,0.0024758439976722,-1,undetected,1,9.489961992702219e-05,0,0.0,False
GaussianBudget75M_TOPGrowing,HUMBUG_2021-CALNF-005233,20210902,17,pyrologix,8,65-50,2021,0.0,0.01315354893449694,1,drone,1,9.489961992702219e-05,3870,0.0046500813764240876,True
GaussianBudget75M_TOPGrowing,HUSKER_2021-CABDF-011130,20210718,13,pyrologix,8,223-101,2021,0.0,0.011831211973913014,1,drone,1,9.489961992702219e-05,3560,0.0046500813764240876,True
GaussianBudget75M_TOPGrowing,HWY_18____HWY_189_2021-CABDU-017482,20211203,10,pyrologix,3,209-96,2021,0.0,0.004015263984911144,0,drone,1,9.489961992702219e-05,1300,0.004270482896715999,True
GaussianBudget75M_TOPGrowing,Hallett_2021-CAPNF-001068,20210704,22,pyrologix,9,65-64,2021,0.0,0.008547732955776155,0,drone,1,9.489961992702219e-05,3890,0.0046500813764240876,True
GaussianBudget75M_TOPGrowing,Hallyeyaaw_2021-CACNF-002813,20210829,18,pyrologix,10,237-97,2021,0.0,0.01261316891759634,1,drone,1,9.489961992702219e-05,4545,0.0046500813764240876,True
GaussianBudget75M_TOPGrowing,Hart_2021-CAPNF-001527,20210809,15,pyrologix,6,72-52,2021,0.0,0.0050625590374693274,1,drone,1,9.489961992702219e-05,2725,0.0046500813764240876,True
GaussianBudget75M_TOPGrowing,Hartman__2021-CAPNF-000997,20210629,15,pyrologix,2,72-52,2021,0.0,0.008232032065279782,1,drone,1,9.489961992702219e-05,1465,0.0046500813764240876,True
GaussianBudget75M_TOPGrowing,Henshaw_2021-CACNF-002366,20210723,17,pyrologix,10,230-100,2021,0.0,0.003701374982483685,0,drone,1,9.489961992702219e-05,3920,0.0046500813764240876,True
GaussianBudget75M_TOPGrowing,Hi_2021-CALPF-002405,20210828,16,pyrologix,2,175-45,2021,0.0,0.004285787930712104,0,drone,1,9.489961992702219e-05,940,0.004175583276788976,True
GaussianBudget75M_TOPGrowing,Hlel_Din_2021-CASRF-000201,20210412,19,pyrologix,1,38-21,2021,0.0,0.005305723985657096,1,drone,1,9.489961992702219e-05,915,0.004555181756497065,True
GaussianBudget75M_TOPGrowing,Hobart_2021-CASRF-000588,20210720,16,pyrologix,10,52-19,2021,0.0,0.0034534489968791604,0,drone,1,9.489961992702219e-05,4080,0.0046500813764240876,True
GaussianBudget75M_TOPGrowing,Holland_2021-CAPNF-000689,20210528,14,pyrologix,2,65-57,2021,0.0,0.0021744539262726903,0,drone,1,9.489961992702219e-05,860,0.004175583276788976,True
GaussianBudget75M_TOPGrowing,Homestead_2021-CAPNF-000803,20210614,13,pyrologix,10,72-59,2021,0.0,0.00602981389965862,1,drone,1,9.489961992702219e-05,4430,0.0046500813764240876,True
GaussianBudget75M_TOPGrowing,Honey_2021-CACNF-002374,20210724,17,pyrologix,11,244-98,2021,0.0,0.005255643045529723,0,drone,1,9.489961992702219e-05,4630,0.0046500813764240876,True
GaussianBudget75M_TOPGrowing,Humbug_2021-CAPNF-001356,20210730,21,pyrologix,9,72-66,2021,0.0,0.004427372943609953,0,drone,1,9.489961992702219e-05,3810,0.0046500813764240876,True
GaussianBudget75M_TOPGrowing,ICE_2021-CAENF-015133,20210601,18,pyrologix,4,93-62,2021,0.0,0.0033112840028479695,0,drone,1,9.489961992702219e-05,1790,0.0046500813764240876,True
GaussianBudget75M_TOPGrowing,INTERBAY_2021-CAENF-026980,20210910,10,pyrologix,11,93-56,2021,0.0,0.013040218967944384,1,drone,1,9.489961992702219e-05,4960,0.0046500813764240876,True
GaussianBudget75M_TOPGrowing,INTERSECTION_2021-CAANF-003983,20211031,19,pyrologix,4,201-76,2021,0.0,0.0062718159751966596,1,drone,1,9.489961992702219e-05,2155,0.004555181756497065,True
GaussianBudget75M_TOPGrowing,INTERSTATE_2021-CAANF-002677,20210719,18,pyrologix,11,195-71,2021,0.0,0.003652702085673809,0,drone,1,9.489961992702219e-05,4385,0.0046500813764240876,True
GaussianBudget75M_TOPGrowing,INYO_CREEK_2021-CAINF-001299,20210619,11,pyrologix,5,none,2021,0.0,0.0024963199393823743,-1,undetected,1,9.489961992702219e-05,0,0.0,False
GaussianBudget75M_TOPGrowing,IRONWOOD_2021-CABDF-011712,20210731,19,pyrologix,8,209-96,2021,0.0,0.003807971952483058,0,drone,1,9.489961992702219e-05,3300,0.004460282136570043,True
GaussianBudget75M_TOPGrowing,ISLAND_2021-CAKNF-006317,20210730,0,pyrologix,5,24-32,2021,0.0,0.005881258985027671,1,drone,1,9.489961992702219e-05,2515,0.0046500813764240876,True
GaussianBudget75M_TOPGrowing,Indian_2021-CASHF-000840,20210611,19,pyrologix,12,44-41,2021,0.0,0.006464673904702067,0,drone,1,9.489961992702219e-05,4815,0.0047449809963511095,True
GaussianBudget75M_TOPGrowing,Ingalls_2021-CAPNF-001370,20210730,15,pyrologix,5,72-59,2021,0.0,0.011499905958771706,1,drone,1,9.489961992702219e-05,2555,0.0046500813764240876,True
GaussianBudget75M_TOPGrowing,JACKSON_2021-CAKNF-006054,20210722,22,pyrologix,1,17-27,2021,0.0,0.003096712054684758,0,drone,1,9.489961992702219e-05,670,0.004460282136570043,True
GaussianBudget75M_TOPGrowing,JACKSON_2021-CATNF-001277,20210707,14,pyrologix,5,79-61,2021,0.0,0.0037324049044400454,0,drone,1,9.489961992702219e-05,2300,0.0046500813764240876,True
GaussianBudget75M_TOPGrowing,JACK_2021-CAENF-027136,20210911,16,pyrologix,3,93-62,2021,0.0,0.00440848502330482,0,drone,1,9.489961992702219e-05,1355,0.0046500813764240876,True
GaussianBudget75M_TOPGrowing,JENKS_2021-CABDF-015099,20211018,21,pyrologix,8,214-103,2021,0.0,0.004318423918448389,0,drone,1,9.489961992702219e-05,3480,0.004270482896715999,True
GaussianBudget75M_TOPGrowing,JENNESS__2021-CASTF-002065,20210807,22,pyrologix,3,114-64,2021,0.0,0.003430917044170201,0,drone,1,9.489961992702219e-05,1290,0.0046500813764240876,True
GaussianBudget75M_TOPGrowing,JENNINGS_2021-CAKNF-005044,20210625,16,pyrologix,5,31-24,2021,0.0,0.00594466901384294,1,drone,1,9.489961992702219e-05,2575,0.0046500813764240876,True
GaussianBudget75M_TOPGrowing,JOAQUIN_2021-CAINF-001479,20210630,18,pyrologix,3,124-80,2021,0.0,0.003305179998278618,0,drone,1,9.489961992702219e-05,1380,0.0046500813764240876,True
GaussianBudget75M_TOPGrowing,JONES_2021-CAENF-022004,20210729,4,pyrologix,12,93-62,2021,0.0,0.00732753099873662,1,drone,1,9.489961992702219e-05,5260,0.0046500813764240876,True
GaussianBudget75M_TOPGrowing,JONES_2021-CAKNF-005026,20210625,2,pyrologix,10,31-31,2021,0.0,0.0038455220637843013,0,drone,1,9.489961992702219e-05,4060,0.0046500813764240876,True
GaussianBudget75M_TOPGrowing,JULY_2021-CAKNF-003631,20210515,13,pyrologix,12,31-31,2021,0.0,0.006869531003758311,1,drone,1,9.489961992702219e-05,5230,0.0046500813764240876,True
GaussianBudget75M_TOPGrowing,JUNIPER_2021-CAMDF-000781,20210705,21,pyrologix,2,none,2021,0.0,0.002501896000467241,-1,undetected,1,9.489961992702219e-05,0,0.0,False
GaussianBudget75M_TOPGrowing,Japatul_2021-CACNF-000210,20210120,12,pyrologix,12,244-98,2021,0.0,0.008648472023196518,0,drone,1,9.489961992702219e-05,4940,0.0046500813764240876,True
GaussianBudget75M_TOPGrowing,Johnson_2021-CAPNF-002668,20210926,18,pyrologix,11,72-59,2021,0.0,0.004366972949355841,0,drone,1,9.489961992702219e-05,4530,0.0046500813764240876,True
GaussianBudget75M_TOPGrowing,Jordan_2021-CAPNF-000609,20210515,13,pyrologix,6,70-71,2021,0.0,0.005893467925488949,0,drone,1,9.489961992702219e-05,2520,0.004365382516643021,True
GaussianBudget75M_TOPGrowing,KAISER_2021-CASNF-000351,20210515,21,pyrologix,2,134-74,2021,0.0,0.010503262048587203,1,drone,1,9.489961992702219e-05,1425,0.0046500813764240876,True
GaussianBudget75M_TOPGrowing,KAMOOK_2021-CASNF-000903,20210714,3,pyrologix,11,128-69,2021,0.0,0.0041025669779628515,0,drone,1,9.489961992702219e-05,4440,0.004365382516643021,True
GaussianBudget75M_TOPGrowing,KEENBROOK__2021-CABDF-007842,20210513,0,pyrologix,6,206-88,2021,0.0,0.004163593985140324,0,drone,1,9.489961992702219e-05,2565,0.004365382516643021,True
GaussianBudget75M_TOPGrowing,KELLY_2021-CAKNF-006382,20210731,2,pyrologix,2,31-31,2021,0.0,0.0023871699813753366,0,drone,1,9.489961992702219e-05,880,0.0046500813764240876,True
GaussianBudget75M_TOPGrowing,KELLY__2021-CAMDF-001437,20210813,23,pyrologix,5,36-70,2021,0.0,0.005506223067641258,1,drone,1,9.489961992702219e-05,2430,0.0046500813764240876,True
GaussianBudget75M_TOPGrowing,KENWOOD__2021-CABDF-007372,20210501,15,pyrologix,7,206-88,2021,0.0,0.004218469955958426,0,drone,1,9.489961992702219e-05,2990,0.004365382516643021,True
GaussianBudget75M_TOPGrowing,KINGFISHER_2021-CABDF-012449,20210817,19,pyrologix,6,223-101,2021,0.0,0.008760481956414878,2,drone,1,9.489961992702219e-05,3145,0.0046500813764240876,True
GaussianBudget75M_TOPGrowing,KINNEY__2021-CASHF-001131,20210721,20,pyrologix,5,45-27,2021,0.0,0.005663917982019484,1,drone,1,9.489961992702219e-05,2575,0.0046500813764240876,True
GaussianBudget75M_TOPGrowing,KNOB_2021-CASQF-003074,20210910,17,pyrologix,1,162-85,2021,0.0,0.0019851969555020332,0,drone,1,9.489961992702219e-05,435,0.003511285937299821,True
GaussianBudget75M_TOPGrowing,Kessler_2021-CAPNF-001359,20210730,20,pyrologix,12,65-64,2021,0.0,0.004174980102106929,0,drone,1,9.489961992702219e-05,4850,0.0046500813764240876,True
GaussianBudget75M_TOPGrowing,Kitchen_2021-CACNF-001839,20210621,3,pyrologix,2,none,2021,0.0,0.0025188979925587773,-1,undetected,1,9.489961992702219e-05,0,0.0,False
GaussianBudget75M_TOPGrowing,Knob_2021-CASRF-000795,20210829,16,pyrologix,12,38-21,2021,0.0,0.007341391989029944,1,drone,1,9.489961992702219e-05,5395,0.0046500813764240876,True
GaussianBudget75M_TOPGrowing,Kumeyaay_2021-CACNF-003422,20211119,18,pyrologix,10,244-98,2021,0.0,0.006854773033410311,1,drone,1,9.489961992702219e-05,4505,0.0046500813764240876,True
GaussianBudget75M_TOPGrowing,L-1_WIDOW_2021-CALNF-002521,20210516,21,pyrologix,6,58-54,2021,0.0,0.003509317059069872,0,drone,1,9.489961992702219e-05,2530,0.004555181756497065,True
GaussianBudget75M_TOPGrowing,L-2_CHRISTIE_2021-CALNF-004693,20210813,21,pyrologix,11,58-47,2021,0.0,0.007498534978367388,0,drone,1,9.489961992702219e-05,4465,0.0046500813764240876,True
GaussianBudget75M_TOPGrowing,L-2_CYPRESS_2021-CALNF-003749,20210705,20,pyrologix,8,58-54,2021,0.0,0.0042127229971811175,0,drone,1,9.489961992702219e-05,3385,0.004555181756497065,True
GaussianBudget75M_TOPGrowing,LAGOON_2021-CAANF-004253,20211129,6,pyrologix,1,195-71,2021,0.0,0.005880699958652258,1,drone,1,9.489961992702219e-05,1010,0.0046500813764240876,True
GaussianBudget75M_TOPGrowing,LAGO_2021-CAANF-002115,20210620,2,pyrologix,9,195-71,2021,0.0,0.004670799011364579,0,drone,1,9.489961992702219e-05,3790,0.0046500813764240876,True
GaussianBudget75M_TOPGrowing,LAKECAMP_2021-CASNF-000962,20210719,22,pyrologix,2,134-74,2021,0.0,0.0023921020328998566,0,drone,1,9.489961992702219e-05,850,0.004460282136570043,True
GaussianBudget75M_TOPGrowing,LAKESHORE_2021-CASNF-000346,20210515,14,pyrologix,2,134-74,2021,0.0,0.0018705910770222545,0,drone,1,9.489961992702219e-05,795,0.004460282136570043,True
GaussianBudget75M_TOPGrowing,LAKE_2021-CASTF-002696,20211015,19,pyrologix,6,114-64,2021,0.0,0.005819768994115293,1,drone,1,9.489961992702219e-05,2905,0.0046500813764240876,True
GaussianBudget75M_TOPGrowing,LAKE_2021-CATNF-000732,20210515,20,pyrologix,2,86-60,2021,0.0,0.0018457300029695034,0,drone,1,9.489961992702219e-05,830,0.004555181756497065,True
GaussianBudget75M_TOPGrowing,LAKIN_2021-CASHF-001235,20210806,16,pyrologix,6,37-56,2021,0.0,0.003738726954907179,0,drone,1,9.489961992702219e-05,2665,0.0046500813764240876,True
GaussianBudget75M_TOPGrowing,LANCASTER_2021-CAANF-003148,20210823,7,pyrologix,11,195-71,2021,0.0,0.0036801659734919667,0,drone,1,9.489961992702219e-05,4385,0.0046500813764240876,True
GaussianBudget75M_TOPGrowing,LANDING__2021-CAANF-003335,20210905,16,pyrologix,1,195-71,2021,0.0,0.003371644066646695,0,drone,1,9.489961992702219e-05,685,0.004460282136570043,True
GaussianBudget75M_TOPGrowing,LANG_2021-CATNF-001555,20210810,9,pyrologix,12,86-60,2021,0.0,0.0032115670619532466,0,drone,1,9.489961992702219e-05,4675,0.0046500813764240876,True
GaussianBudget75M_TOPGrowing,LARCH_2021-CAENF-008992,20210403,16,pyrologix,5,100-61,2021,0.0,0.004543824004940689,0,drone,1,9.489961992702219e-05,2050,0.0046500813764240876,True
GaussianBudget75M_TOPGrowing,LASSEN_2021-CASTF-000072,20210111,16,pyrologix,5,114-64,2021,0.0,0.002511634025722742,0,drone,1,9.489961992702219e-05,2080,0.0046500813764240876,True
GaussianBudget75M_TOPGrowing,LAUER_2021-CAMDF-001446,20210813,13,pyrologix,11,35-77,2021,0.0,0.006425432045944035,0,drone,1,9.489961992702219e-05,4385,0.0046500813764240876,True
GaussianBudget75M_TOPGrowing,LAVA_2021-CASHF-000949,20210625,3,pyrologix,1,30-45,2021,0.0,0.0021728869760408998,0,drone,1,9.489961992702219e-05,485,0.003511285937299821,True
GaussianBudget75M_TOPGrowing,LA_HONDA_2021-CAKNF-005004,20210625,20,pyrologix,10,30-52,2021,0.0,0.004897543927654624,0,drone,1,9.489961992702219e-05,4195,0.0046500813764240876,True
GaussianBudget75M_TOPGrowing,LA_HONDA_WELL_2021-CAKNF-006467,20210801,18,pyrologix,9,30-52,2021,0.0,0.00472828303463757,0,drone,1,9.489961992702219e-05,3830,0.0046500813764240876,True
GaussianBudget75M_TOPGrowing,LEE_2021-CAINF-001186,20210611,20,pyrologix,1,124-80,2021,0.0,0.0024835310177877545,0,drone,1,9.489961992702219e-05,565,0.00389088441700791,True
GaussianBudget75M_TOPGrowing,LEONA_2021-CAANF-003807,20211013,23,pyrologix,5,none,2021,0.0,0.0024604419013485312,-1,undetected,1,9.489961992702219e-05,0,0.0,False
GaussianBudget75M_TOPGrowing,LEROY_2021-CABDF-007219,20210427,19,pyrologix,2,206-88,2021,0.0,0.0018904129974544048,0,drone,1,9.489961992702219e-05,810,0.004175583276788976,True
GaussianBudget75M_TOPGrowing,LEWIS__2021-CASTF-000836,20210526,19,pyrologix,5,114-57,2021,763.8693350299727,0.0032450740691274405,0,drone,1,9.489961992702219e-05,2115,0.0046500813764240876,True
GaussianBudget75M_TOPGrowing,LIME_2021-CAKNF-006363,20210730,19,pyrologix,10,24-32,2021,0.0,0.004241163958795369,0,drone,1,9.489961992702219e-05,4100,0.0046500813764240876,True
GaussianBudget75M_TOPGrowing,LINE_2021-CAMDF-001054,20210729,23,pyrologix,4,none,2021,0.0,0.001950736972503364,-1,undetected,1,9.489961992702219e-05,0,0.0,False
GaussianBudget75M_TOPGrowing,LINE_2021-CATCU-004017,20210328,17,pyrologix,9,121-61,2021,0.0,0.0029358869651332498,0,drone,1,9.489961992702219e-05,3530,0.0046500813764240876,True
GaussianBudget75M_TOPGrowing,LITTLE_2021-CABDF-012135,20210810,19,pyrologix,9,214-103,2021,0.0,0.003358332091011107,0,drone,1,9.489961992702219e-05,3695,0.004270482896715999,True
GaussianBudget75M_TOPGrowing,LITTLE_MARBLE_2021-CAKNF-007809,20210908,11,pyrologix,8,24-32,2021,0.0,0.0042798659997060895,0,drone,1,9.489961992702219e-05,3405,0.0046500813764240876,True
GaussianBudget75M_TOPGrowing,LITTLE_SWEDEN_1_2021-CASTF-001777,20210722,3,pyrologix,9,114-64,2021,0.0,0.007150246994569898,1,drone,1,9.489961992702219e-05,4270,0.0046500813764240876,True
GaussianBudget75M_TOPGrowing,LITTLE_SWEDEN_3__2021-CASTF-001782,20210722,14,pyrologix,5,114-64,2021,0.0,0.0024632340064272285,0,drone,1,9.489961992702219e-05,2080,0.0046500813764240876,True
GaussianBudget75M_TOPGrowing,LODGE_2021-CALNF-002298,20210507,14,pyrologix,11,51-61,2021,0.0,0.004395758034661412,0,drone,1,9.489961992702219e-05,4510,0.0046500813764240876,True
GaussianBudget75M_TOPGrowing,LODGE_2021-CASTF-002426,20210910,2,pyrologix,9,121-61,2021,0.0,0.0037880620220676064,0,drone,1,9.489961992702219e-05,3640,0.0046500813764240876,True
GaussianBudget75M_TOPGrowing,LOGGING_2021-CAINF-000049,20210108,19,pyrologix,9,none,2021,0.0,0.0018729889998212457,-1,undetected,1,9.489961992702219e-05,0,0.0,False
GaussianBudget75M_TOPGrowing,LOMAR_KRRD_2021-CASQF-002357,20210719,15,pyrologix,4,177-79,2021,0.0,0.0020089109893888235,0,drone,1,9.489961992702219e-05,1695,0.0046500813764240876,True
GaussianBudget75M_TOPGrowing,LOMA__2021-CAANF-002264,20210628,0,pyrologix,8,206-81,2021,0.0,0.0034530910197645426,0,drone,1,9.489961992702219e-05,3320,0.0040806836568619545,True
GaussianBudget75M_TOPGrowing,LONEY_2021-CATNF-001766,20210910,13,pyrologix,9,79-61,2021,0.0,0.004196107038296759,0,drone,1,9.489961992702219e-05,3825,0.0046500813764240876,True
GaussianBudget75M_TOPGrowing,LONE_2021-CABDF-010482,20210704,18,pyrologix,5,206-88,2021,0.0,0.002765157027170062,0,drone,1,9.489961992702219e-05,2020,0.004365382516643021,True
GaussianBudget75M_TOPGrowing,LONE_PINE_2021-CABDF-014910,20211013,20,pyrologix,6,206-88,2021,0.0,0.005595285911113024,1,drone,1,9.489961992702219e-05,2815,0.004365382516643021,True
GaussianBudget75M_TOPGrowing,LONG_2021-CAKNF-006470,20210801,21,pyrologix,4,37-35,2021,0.0,0.005961316986940801,1,drone,1,9.489961992702219e-05,2175,0.0046500813764240876,True
GaussianBudget75M_TOPGrowing,LONG_2021-CASQF-001856,20210630,19,pyrologix,9,177-79,2021,0.0,0.0029276279965415597,0,drone,1,9.489961992702219e-05,3660,0.0046500813764240876,True
GaussianBudget75M_TOPGrowing,LONG_2021-CATNF-001452,20210730,16,pyrologix,5,86-60,2021,0.0,0.0025096699828282,0,drone,1,9.489961992702219e-05,2035,0.0046500813764240876,True
GaussianBudget75M_TOPGrowing,LONG_2021-CATNF-001958,20210930,22,pyrologix,4,86-60,2021,0.0,0.0050960349617525935,1,drone,1,9.489961992702219e-05,2035,0.0046500813764240876,True
GaussianBudget75M_TOPGrowing,LOOKOUT_2021-CAINF-000738,20210505,15,pyrologix,3,124-80,2021,0.0,0.0030294409953057766,0,drone,1,9.489961992702219e-05,1380,0.0046500813764240876,True
GaussianBudget75M_TOPGrowing,LOONEY_2021-CASTF-000755,20210516,23,pyrologix,12,114-64,2021,0.0,0.0031978830229490995,0,drone,1,9.489961992702219e-05,4825,0.0046500813764240876,True
GaussianBudget75M_TOPGrowing,LOOP_2021-CAINF-002421,20210907,19,pyrologix,5,127-76,2021,0.0,0.003485915018245578,0,drone,1,9.489961992702219e-05,2190,0.0046500813764240876,True
GaussianBudget75M_TOPGrowing,LOPEZ_2021-CAANF-004215,20211125,14,pyrologix,12,201-76,2021,0.0,0.005109716905280948,0,drone,1,9.489961992702219e-05,4935,0.004555181756497065,True
GaussianBudget75M_TOPGrowing,LOST_2021-CASHF-001199,20210801,15,pyrologix,10,30-52,2021,0.0,0.004273728001862764,0,drone,1,9.489961992702219e-05,4070,0.0046500813764240876,True
GaussianBudget75M_TOPGrowing,LOVERS_2021-CASHF-000918,20210622,17,pyrologix,11,45-20,2021,0.0,0.005376080982387066,0,drone,1,9.489961992702219e-05,4610,0.0046500813764240876,True
GaussianBudget75M_TOPGrowing,LOWER_2021-CASHF-000451,20210413,22,pyrologix,5,44-41,2021,0.0,0.005440086009912193,1,drone,1,9.489961992702219e-05,2480,0.0047449809963511095,True
GaussianBudget75M_TOPGrowing,LOWER_BEAR_2021-CAENF-024077,20210815,7,pyrologix,4,100-61,2021,0.0,0.003295075031928718,0,drone,1,9.489961992702219e-05,1790,0.0046500813764240876,True
GaussianBudget75M_TOPGrowing,LOYALTON_2021-CATNF-000705,20210506,22,pyrologix,2,79-68,2021,0.0,0.003830652916803956,0,drone,1,9.489961992702219e-05,1150,0.004555181756497065,True
GaussianBudget75M_TOPGrowing,LOYALTON_2021-CATNF-001784,20210911,20,pyrologix,3,79-68,2021,0.0,0.004069993970915675,0,drone,1,9.489961992702219e-05,1560,0.004555181756497065,True
GaussianBudget75M_TOPGrowing,LUMP_2021-CABDF-012137,20210811,22,pyrologix,4,214-103,2021,0.0,0.00308619299903512,0,drone,1,9.489961992702219e-05,1775,0.004175583276788976,True
GaussianBudget75M_TOPGrowing,LUTHER_PASS_CAMPGROUND_LA_2021-CATMU-016173,20210610,17,pyrologix,4,100-68,2021,0.0,0.001854002010077238,0,drone,1,9.489961992702219e-05,1620,0.004555181756497065,True
GaussianBudget75M_TOPGrowing,LYNX_2021-CAAEU-000722,20210108,12,pyrologix,1,100-54,2021,0.0,0.0054733940633013844,1,drone,1,9.489961992702219e-05,1025,0.0046500813764240876,True
GaussianBudget75M_TOPGrowing,LYONS_2021-CAENF-017823,20210624,19,pyrologix,2,100-61,2021,0.0,0.003414298058487475,0,drone,1,9.489961992702219e-05,1060,0.0046500813764240876,True
GaussianBudget75M_TOPGrowing,LYONS_2021-CAENF-020983,20210625,21,pyrologix,9,100-61,2021,0.0,0.00394994392991066,0,drone,1,9.489961992702219e-05,3700,0.0046500813764240876,True
GaussianBudget75M_TOPGrowing,LYONS_2021-CASTF-000711,20210513,15,pyrologix,11,114-64,2021,0.0,0.0071194469928741455,1,drone,1,9.489961992702219e-05,4970,0.0046500813764240876,True
GaussianBudget75M_TOPGrowing,LYTLE_2021-CABDF-001107,20210115,23,pyrologix,12,206-88,2021,0.0,0.008050918928347528,1,drone,1,9.489961992702219e-05,5275,0.004460282136570043,True
GaussianBudget75M_TOPGrowing,La_Panza_2021-CALPF-001525,20210621,16,pyrologix,11,170-47,2021,0.0,0.003391026984900236,0,drone,1,9.489961992702219e-05,4385,0.0046500813764240876,True
GaussianBudget75M_TOPGrowing,Lake_2021-CASRF-000559,20210714,18,pyrologix,5,52-19,2021,0.0,0.0038204080192372203,0,drone,1,9.489961992702219e-05,2285,0.0046500813764240876,True
GaussianBudget75M_TOPGrowing,Lakeshore_2021-CASHF-000967,20210627,20,pyrologix,7,44-41,2021,0.0,0.004234754014760256,0,drone,1,9.489961992702219e-05,3045,0.0047449809963511095,True
GaussianBudget75M_TOPGrowing,Lassic__2021-CASRF-000388,20210611,23,pyrologix,8,52-19,2021,0.0,0.006594929029233754,1,drone,1,9.489961992702219e-05,3760,0.0046500813764240876,True
GaussianBudget75M_TOPGrowing,Liberty_2021-CAPNF-000250,20210313,22,pyrologix,3,72-59,2021,0.0,0.005878138937987387,1,drone,1,9.489961992702219e-05,1785,0.0046500813764240876,True
GaussianBudget75M_TOPGrowing,Linton_2021-CASHF-000611,20210515,18,pyrologix,3,44-34,2021,0.0,0.00930874701589346,1,drone,1,9.489961992702219e-05,1725,0.0046500813764240876,True
GaussianBudget75M_TOPGrowing,Lion_2021-CAENF-011521,20210429,20,pyrologix,8,93-56,2021,0.0,0.00432510394603014,0,drone,1,9.489961992702219e-05,3400,0.0046500813764240876,True
GaussianBudget75M_TOPGrowing,Lizard_2021-CALPF-001965,20210721,23,pyrologix,7,none,2021,0.0,0.0018944180337712169,-1,undetected,1,9.489961992702219e-05,0,0.0,False
GaussianBudget75M_TOPGrowing,Locker__2021-CAPNF-000924,20210625,21,pyrologix,10,79-61,2021,0.0,0.004135478986427188,0,drone,1,9.489961992702219e-05,4215,0.0046500813764240876,True
GaussianBudget75M_TOPGrowing,Logan_2021-CASHF-000606,20210515,12,pyrologix,12,38-28,2021,0.0,0.004174995003268123,0,drone,1,9.489961992702219e-05,4855,0.0046500813764240876,True
GaussianBudget75M_TOPGrowing,Lone_Rock_2021-CAPNF-001487,20210806,15,pyrologix,6,65-64,2021,0.0,0.0026504170382395387,0,drone,1,9.489961992702219e-05,2485,0.0046500813764240876,True
GaussianBudget75M_TOPGrowing,Love_2021-CACNF-001437,20210523,17,pyrologix,12,244-98,2021,0.0,0.0033224469516426325,0,drone,1,9.489961992702219e-05,4735,0.0046500813764240876,True
GaussianBudget75M_TOPGrowing,MADRONE_2021-CALNF-003125,20210613,22,pyrologix,8,58-61,2021,0.0,0.006682554958388209,1,drone,1,9.489961992702219e-05,3695,0.0046500813764240876,True
GaussianBudget75M_TOPGrowing,MAPLE_2021-CAMDF-000589,20210623,20,pyrologix,9,36-70,2021,0.0,0.0031783609883859754,0,drone,1,9.489961992702219e-05,3605,0.0046500813764240876,True
GaussianBudget75M_TOPGrowing,MATTHEWS_2021-CAKNF-003630,20210515,16,pyrologix,6,31-31,2021,0.0,0.009881755919195712,1,drone,1,9.489961992702219e-05,2865,0.0046500813764240876,True
GaussianBudget75M_TOPGrowing,MAYVAN_2021-CABDF-011658,20210730,16,pyrologix,12,214-103,2021,0.0,0.006492931046523154,0,drone,1,9.489961992702219e-05,4955,0.004270482896715999,True
GaussianBudget75M_TOPGrowing,MCCLOUD_2021-CASKU-005009,20210615,19,pyrologix,3,37-49,2021,0.0,0.0035585520090535283,0,drone,1,9.489961992702219e-05,1435,0.0046500813764240876,True
GaussianBudget75M_TOPGrowing,MCFARLAND_2021-CASHF-001175,20210730,1,pyrologix,1,52-26,2021,0.0,0.0017301709158346057,0,drone,1,9.489961992702219e-05,445,0.003511285937299821,True
GaussianBudget75M_TOPGrowing,MCGEE_2021-CAINF-001463,20210629,18,pyrologix,1,none,2021,0.0,0.0018759440863505006,-1,undetected,1,9.489961992702219e-05,0,0.0,False
GaussianBudget75M_TOPGrowing,MCKINNEY_2021-CATMU-027031,20210910,19,pyrologix,3,93-62,2021,0.0,0.005656161927618086,1,drone,1,9.489961992702219e-05,1750,0.0046500813764240876,True
GaussianBudget75M_TOPGrowing,MEADOW_2021-CAINF-001930,20210729,15,pyrologix,8,none,2021,0.0,0.0018660250352695584,-1,undetected,1,9.489961992702219e-05,0,0.0,False
GaussianBudget75M_TOPGrowing,MEADOW_2021-CALNF-003054,20210609,21,pyrologix,3,58-47,2021,0.0,0.0030340610537678003,0,drone,1,9.489961992702219e-05,1375,0.0046500813764240876,True
GaussianBudget75M_TOPGrowing,MEADOW_2021-CATMU-025287,20210826,21,pyrologix,12,100-68,2021,0.0,0.00704086699988693,1,drone,1,9.489961992702219e-05,5235,0.004555181756497065,True
GaussianBudget75M_TOPGrowing,MEADOW_2021-CATNF-001518,20210806,23,pyrologix,5,79-61,2021,0.0,0.0037060639588162303,0,drone,1,9.489961992702219e-05,2300,0.0046500813764240876,True
GaussianBudget75M_TOPGrowing,MEDIAN_2021-CAINF-000346,20210307,20,pyrologix,11,none,2021,0.0,0.001882891054265201,-1,undetected,1,9.489961992702219e-05,0,0.0,False
GaussianBudget75M_TOPGrowing,MERLE_2021-CAKNF-006606,20210805,11,pyrologix,12,31-31,2021,0.0,0.007480085012502968,1,drone,1,9.489961992702219e-05,5270,0.0046500813764240876,True
GaussianBudget75M_TOPGrowing,MESA_2021-CABDF-007122,20210425,5,pyrologix,3,206-88,2021,0.0,0.0036532729864120483,0,drone,1,9.489961992702219e-05,1415,0.004365382516643021,True
GaussianBudget75M_TOPGrowing,MESA_3_2021-CABDF-008767,20210530,11,pyrologix,9,206-88,2021,0.0,0.0045701159397140145,0,drone,1,9.489961992702219e-05,3755,0.004365382516643021,True
GaussianBudget75M_TOPGrowing,MILE__2021-CAANF-003581,20210922,3,pyrologix,1,none,2021,0.0,0.0018582289339974523,-1,undetected,1,9.489961992702219e-05,0,0.0,False
GaussianBudget75M_TOPGrowing,MILITARY_2021-CAKNF-003533,20210513,6,pyrologix,9,30-45,2021,0.0,0.0029104549903422594,0,drone,1,9.489961992702219e-05,3525,0.0046500813764240876,True
GaussianBudget75M_TOPGrowing,MILL_2021-CAAEU-022189,20210731,23,pyrologix,3,100-61,2021,0.0,0.005546185071580112,1,drone,1,9.489961992702219e-05,1750,0.0046500813764240876,True
GaussianBudget75M_TOPGrowing,MILL_2021-CABDF-002317,20210206,20,pyrologix,9,216-96,2021,0.0,0.011921040015295148,1,drone,1,9.489961992702219e-05,4025,0.004460282136570043,True
GaussianBudget75M_TOPGrowing,MINARET__2021-CAINF-001798,20210719,15,pyrologix,10,127-76,2021,0.0,0.009745809016749263,0,drone,1,9.489961992702219e-05,4315,0.004839880616278132,True
GaussianBudget75M_TOPGrowing,MINE_2021-CASQF-003078,20210910,15,pyrologix,9,177-79,2021,0.0,0.007181713939644396,1,drone,1,9.489961992702219e-05,4245,0.0046500813764240876,True
GaussianBudget75M_TOPGrowing,MINNELUSA__2021-CABDF-011730,20210801,14,pyrologix,2,none,2021,0.0,0.001875924994237721,-1,undetected,1,9.489961992702219e-05,0,0.0,False
GaussianBudget75M_TOPGrowing,MITCHELL__2021-CATNF-000742,20210518,0,pyrologix,2,86-60,2021,0.0,0.0022611389867961407,0,drone,1,9.489961992702219e-05,880,0.004555181756497065,True
GaussianBudget75M_TOPGrowing,MONUMENT_2021-CASHF-001187,20210731,1,pyrologix,1,38-21,2021,0.0,0.0027341380482539535,0,drone,1,9.489961992702219e-05,610,0.004460282136570043,True
GaussianBudget75M_TOPGrowing,MOON_2021-CALNF-004555,20210806,23,pyrologix,8,58-61,2021,0.0,0.006465216050855815,1,drone,1,9.489961992702219e-05,3730,0.0046500813764240876,True
GaussianBudget75M_TOPGrowing,MORGAN_2021-CAINF-001142,20210608,16,pyrologix,7,none,2021,0.0,0.0018693730235099792,-1,undetected,1,9.489961992702219e-05,0,0.0,False
GaussianBudget75M_TOPGrowing,MOSQUITO_2021-CATNF-002030,20211009,3,pyrologix,3,93-56,2021,0.0,0.00535771599970758,1,drone,1,9.489961992702219e-05,1730,0.0046500813764240876,True
GaussianBudget75M_TOPGrowing,MOSS_2021-CASHF-001323,20210827,17,pyrologix,3,44-41,2021,0.0,0.0017326390370726585,0,drone,1,9.489961992702219e-05,1245,0.004555181756497065,True
GaussianBudget75M_TOPGrowing,MOUNTAIN_2021-CAINF-001691,20210712,11,pyrologix,8,124-80,2021,0.0,0.004044340108521283,0,drone,1,9.489961992702219e-05,3330,0.0046500813764240876,True
GaussianBudget75M_TOPGrowing,MOUNTAIN__2021-CASQF-001625,20210618,4,pyrologix,11,163-78,2021,0.0,0.0037827370688319206,0,drone,1,9.489961992702219e-05,4425,0.0046500813764240876,True
GaussianBudget75M_TOPGrowing,MUD_2021-CAENF-018046,20210626,16,pyrologix,8,100-61,2021,0.0,0.007059945957735181,1,drone,1,9.489961992702219e-05,3700,0.0046500813764240876,True
GaussianBudget75M_TOPGrowing,MUD_2021-CASTF-001909,20210731,1,pyrologix,3,107-68,2021,0.0,0.005518923979252577,1,drone,1,9.489961992702219e-05,1755,0.0046500813764240876,True
GaussianBudget75M_TOPGrowing,MULCH_2021-CAANF-003822,20211015,22,pyrologix,4,201-76,2021,0.0,0.0024126439820975065,0,drone,1,9.489961992702219e-05,1655,0.004555181756497065,True
GaussianBudget75M_TOPGrowing,MULE_2021-CAENF-019073,20210704,10,pyrologix,12,100-68,2021,0.0,0.007056549075059593,1,drone,1,9.489961992702219e-05,5235,0.004555181756497065,True
GaussianBudget75M_TOPGrowing,MURPHY_2021-CAKNF-003632,20210515,16,pyrologix,7,31-31,2021,0.0,0.0035323520423844457,0,drone,1,9.489961992702219e-05,2900,0.0046500813764240876,True
GaussianBudget75M_TOPGrowing,MUSIC_2021-CAKNF-006377,20210731,22,pyrologix,7,31-31,2021,0.0,0.007104540942236781,1,drone,1,9.489961992702219e-05,3420,0.0046500813764240876,True
GaussianBudget75M_TOPGrowing,MUSSER_2021-CASHU-004517,20210509,19,pyrologix,12,45-27,2021,0.0,0.004467473016120493,0,drone,1,9.489961992702219e-05,4920,0.0046500813764240876,True
GaussianBudget75M_TOPGrowing,Maddalena_2021-CAPNF-000902,20210623,18,pyrologix,11,72-66,2021,0.0,0.006597604020498693,0,drone,1,9.489961992702219e-05,4470,0.0046500813764240876,True
GaussianBudget75M_TOPGrowing,Marcos_2021-CALPF-000739,20210406,11,pyrologix,5,none,2021,0.0,0.00186051893979311,-1,undetected,1,9.489961992702219e-05,0,0.0,False
GaussianBudget75M_TOPGrowing,Marie_2021-CASHF-000793,20210605,17,pyrologix,5,52-19,2021,0.0,0.003919763956218958,0,drone,1,9.489961992702219e-05,2285,0.0046500813764240876,True
GaussianBudget75M_TOPGrowing,Mayfair_2021-CASRF-000613,20210724,18,pyrologix,9,38-21,2021,0.0,0.004185493919067085,0,drone,1,9.489961992702219e-05,3830,0.0046500813764240876,True
GaussianBudget75M_TOPGrowing,Maynard_2021-CASRF-000232,20210422,10,pyrologix,9,45-20,2021,0.0,0.0042910369811579585,0,drone,1,9.489961992702219e-05,3730,0.0046500813764240876,True
GaussianBudget75M_TOPGrowing,McCash_2021-CASRF-000651,20210801,0,pyrologix,5,24-25,2021,0.0,0.006457359064370394,0,drone,1,9.489961992702219e-05,2190,0.0046500813764240876,True
GaussianBudget75M_TOPGrowing,McCellan_2021-CAPNF-001054,20210703,20,pyrologix,10,72-66,2021,0.0,0.004822582006454468,0,drone,1,9.489961992702219e-05,4140,0.0046500813764240876,True
GaussianBudget75M_TOPGrowing,McCoy_2021-CACNF-001062,20210411,12,pyrologix,9,237-97,2021,0.0,0.006763205979950726,1,drone,1,9.489961992702219e-05,4115,0.0046500813764240876,True
GaussianBudget75M_TOPGrowing,Meadow_2021-CACNF-000100,20210110,22,pyrologix,2,220-87,2021,0.0,0.0016899959882721305,0,drone,1,9.489961992702219e-05,830,0.003985784036934932,True
GaussianBudget75M_TOPGrowing,Meadow_2021-CAPNF-000400,20210409,22,pyrologix,7,72-52,2021,0.0,0.006387491011992097,1,drone,1,9.489961992702219e-05,3270,0.0046500813764240876,True
GaussianBudget75M_TOPGrowing,Meadow_2_2021-CACNF-003026,20210924,17,pyrologix,9,none,2021,0.0,0.0018905310425907373,-1,undetected,1,9.489961992702219e-05,0,0.0,False
GaussianBudget75M_TOPGrowing,Mission_2021-CAPNF-000965,20210628,9,pyrologix,11,65-57,2021,0.0,0.0060875300550833344,0,drone,1,9.489961992702219e-05,4405,0.004555181756497065,True
GaussianBudget75M_TOPGrowing,Moccasin_2021-CAANF-003415,20210910,14,pyrologix,5,206-81,2021,0.0,0.004596807062625885,0,drone,1,9.489961992702219e-05,2085,0.003985784036934932,True
GaussianBudget75M_TOPGrowing,Montgomery_2021-CAPNF-000441,20210416,18,pyrologix,11,65-57,2021,0.0,0.006707411026582122,1,drone,1,9.489961992702219e-05,4865,0.0046500813764240876,True
GaussianBudget75M_TOPGrowing,NABLE__2021-CAMDF-001190,20210806,11,pyrologix,11,37-63,2021,0.0,0.009144476964138448,0,drone,1,9.489961992702219e-05,4570,0.0046500813764240876,True
GaussianBudget75M_TOPGrowing,NAUFUS_2021-CASHF-001225,20210805,19,pyrologix,11,45-20,2021,0.0,0.007042329991236329,1,drone,1,9.489961992702219e-05,4875,0.0046500813764240876,True
GaussianBudget75M_TOPGrowing,NELSON_2021-CASQF-000721,20210412,20,pyrologix,1,163-78,2021,0.0,0.0016059750923886895,0,drone,1,9.489961992702219e-05,430,0.003511285937299821,True
GaussianBudget75M_TOPGrowing,NEWTON_2021-CAPNF-000695,20210529,14,pyrologix,11,72-59,2021,0.0,0.003920438000932336,0,drone,1,9.489961992702219e-05,4495,0.0046500813764240876,True
GaussianBudget75M_TOPGrowing,NICK_2021-CASNF-000727,20210630,9,pyrologix,12,141-74,2021,0.0,0.010038513923063874,2,drone,1,9.489961992702219e-05,5750,0.0046500813764240876,True
GaussianBudget75M_TOPGrowing,NILES_2021-CAMDF-001134,20210803,17,pyrologix,10,37-63,2021,0.0,0.007169633987359703,1,drone,1,9.489961992702219e-05,4390,0.0046500813764240876,True
GaussianBudget75M_TOPGrowing,NOBE_2021-CASQF-003064,20210910,23,pyrologix,9,163-78,2021,0.0,0.003268939908593893,0,drone,1,9.489961992702219e-05,3595,0.0046500813764240876,True
GaussianBudget75M_TOPGrowing,NORTH_2021-CAENF-019850,20210710,19,pyrologix,7,100-61,2021,0.0,0.002564636990427971,0,drone,1,9.489961992702219e-05,2765,0.0046500813764240876,True
GaussianBudget75M_TOPGrowing,NORTH_2021-CASTF-001928,20210731,19,pyrologix,8,121-61,2021,0.0,0.003814077004790306,0,drone,1,9.489961992702219e-05,3285,0.0046500813764240876,True
GaussianBudget75M_TOPGrowing,Noble_2021-CACNF-002533,20210804,13,pyrologix,9,none,2021,0.0,0.0018584339413791895,-1,undetected,1,9.489961992702219e-05,0,0.0,False
GaussianBudget75M_TOPGrowing,Norse_2021-CASRF-000212,20210418,19,pyrologix,11,45-20,2021,0.0,0.0039932760410010815,0,drone,1,9.489961992702219e-05,4445,0.0046500813764240876,True
GaussianBudget75M_TOPGrowing,North_2021-CACNF-000071,20210108,18,pyrologix,12,220-87,2021,0.0,0.003164231078699231,0,drone,1,9.489961992702219e-05,4700,0.004555181756497065,True
GaussianBudget75M_TOPGrowing,North_2021-CASHF-000607,20210515,12,pyrologix,12,38-28,2021,0.0,0.004195500980131328,0,drone,1,9.489961992702219e-05,4855,0.0046500813764240876,True
GaussianBudget75M_TOPGrowing,North_Star_2021-CAPNF-000377,20210405,17,pyrologix,5,79-54,2021,0.0,0.0036571620730683208,0,drone,1,9.489961992702219e-05,2185,0.0047449809963511095,True
GaussianBudget75M_TOPGrowing,Nye_2021-CAPNF-001371,20210730,14,pyrologix,6,72-59,2021,0.0,0.003630936029367149,0,drone,1,9.489961992702219e-05,2555,0.0046500813764240876,True
GaussianBudget75M_TOPGrowing,OAKS_2021-CASHF-001509,20211019,8,pyrologix,7,44-41,2021,0.0,0.002868476090952754,0,drone,1,9.489961992702219e-05,2880,0.0047449809963511095,True
GaussianBudget75M_TOPGrowing,OAK_2021-CABDF-001348,20210118,16,pyrologix,9,206-88,2021,0.0,0.004656963981688023,0,drone,1,9.489961992702219e-05,3755,0.004365382516643021,True
GaussianBudget75M_TOPGrowing,OAK_2021-CASQF-000758,20210418,1,pyrologix,8,177-72,2021,0.0,0.005361762014217675,1,drone,1,9.489961992702219e-05,3445,0.0046500813764240876,True
GaussianBudget75M_TOPGrowing,OAK__2021-CAANF-001412,20210506,21,pyrologix,2,195-71,2021,0.0,0.0022322710137814283,0,drone,1,9.489961992702219e-05,850,0.004460282136570043,True
GaussianBudget75M_TOPGrowing,OBSIDIAN__2021-CAINF-001432,20210628,18,pyrologix,9,127-76,2021,0.0,0.004719428019598126,0,drone,1,9.489961992702219e-05,3825,0.0047449809963511095,True
GaussianBudget75M_TOPGrowing,OLD_MILL_2021-CABDF-010709,20210709,18,pyrologix,12,209-96,2021,0.0,0.0046441309386864305,0,drone,1,9.489961992702219e-05,4850,0.004460282136570043,True
GaussianBudget75M_TOPGrowing,ONION_2021-CAENF-023526,20210810,19,pyrologix,3,93-56,2021,0.0,0.0018670769641175866,0,drone,1,9.489961992702219e-05,1230,0.0046500813764240876,True
GaussianBudget75M_TOPGrowing,ONION_2021-CAINF-000521,20210408,21,pyrologix,7,none,2021,0.0,0.001864903955720365,-1,undetected,1,9.489961992702219e-05,0,0.0,False
GaussianBudget75M_TOPGrowing,ONION__2021-CASNF-001241,20210813,14,pyrologix,1,134-74,2021,0.0,0.003158638020977378,0,drone,1,9.489961992702219e-05,620,0.004460282136570043,True
GaussianBudget75M_TOPGrowing,ORR_2021-CAKNF-003594,20210514,21,pyrologix,6,30-52,2021,0.0,0.002915441058576107,0,drone,1,9.489961992702219e-05,2425,0.0046500813764240876,True
GaussianBudget75M_TOPGrowing,OSITO__2021-CAANF-002108,20210619,22,pyrologix,3,195-71,2021,0.0,0.006369879003614187,1,drone,1,9.489961992702219e-05,1895,0.0046500813764240876,True
GaussianBudget75M_TOPGrowing,Oak_2021-CASRF-000414,20210619,3,pyrologix,6,24-25,2021,0.0,0.0034166129771620035,0,drone,1,9.489961992702219e-05,2510,0.0046500813764240876,True
GaussianBudget75M_TOPGrowing,Oaks_2021-CACNF-001438,20210523,20,pyrologix,7,none,2021,0.0,0.0018549980595707893,-1,undetected,1,9.489961992702219e-05,0,0.0,False
GaussianBudget75M_TOPGrowing,Observatory_2021-CACNF-002912,20210910,21,pyrologix,8,230-100,2021,0.0,0.006703650113195181,1,drone,1,9.489961992702219e-05,3580,0.0046500813764240876,True
GaussianBudget75M_TOPGrowing,Old_2021-CATNF-001554,20210809,19,pyrologix,4,86-60,2021,0.0,0.0025842550676316023,0,drone,1,9.489961992702219e-05,1650,0.0046500813764240876,True
GaussianBudget75M_TOPGrowing,Ortega_2021-CACNF-001160,20210420,19,pyrologix,3,220-87,2021,0.0,0.0022684650029987097,0,drone,1,9.489961992702219e-05,1255,0.004365382516643021,True
GaussianBudget75M_TOPGrowing,Owl_2021-CASRF-000784,20210828,0,pyrologix,12,31-24,2021,0.0,0.003906911937519908,0,drone,1,9.489961992702219e-05,4840,0.0046500813764240876,True
GaussianBudget75M_TOPGrowing,Ozena_2021-CALPF-002505,20210909,13,pyrologix,1,none,2021,0.0,0.0018795980140566826,-1,undetected,1,9.489961992702219e-05,0,0.0,False
GaussianBudget75M_TOPGrowing,PACKERS_2021-CAKNF-006473,20210801,21,pyrologix,4,38-28,2021,0.0,0.0033167459769174457,0,drone,1,9.489961992702219e-05,1780,0.0046500813764240876,True
GaussianBudget75M_TOPGrowing,PANORAMA_2021-CABDF-014946,20211015,1,pyrologix,8,209-96,2021,0.0,0.0038005890091881156,0,drone,1,9.489961992702219e-05,3340,0.004460282136570043,True
GaussianBudget75M_TOPGrowing,PAN_2021-CALNF-003077,20210610,17,pyrologix,10,51-54,2021,0.0,0.004092945018783212,0,drone,1,9.489961992702219e-05,4145,0.0046500813764240876,True
GaussianBudget75M_TOPGrowing,PARADISE__2021-CATNF-001270,20210705,20,pyrologix,2,86-60,2021,0.0,0.009736950974911451,1,drone,1,9.489961992702219e-05,1315,0.0046500813764240876,True
GaussianBudget75M_TOPGrowing,PARADISE___2021-CASTF-001743,20210720,16,pyrologix,2,107-68,2021,0.0,0.004685507970862091,1,drone,1,9.489961992702219e-05,1225,0.0046500813764240876,True
GaussianBudget75M_TOPGrowing,PASS_2021-CAINF-001475,20210630,12,pyrologix,9,127-76,2021,0.0,0.00267067295499146,0,drone,1,9.489961992702219e-05,3610,0.0047449809963511095,True
GaussianBudget75M_TOPGrowing,PASS_2021-CASTF-001445,20210704,15,pyrologix,12,107-68,2021,0.0,0.0047440300695598125,0,drone,1,9.489961992702219e-05,5035,0.0046500813764240876,True
GaussianBudget75M_TOPGrowing,PASS_HLRD_2021-CASQF-002362,20210719,18,pyrologix,8,147-79,2021,0.0,0.005953892017714679,1,drone,1,9.489961992702219e-05,3625,0.0046500813764240876,True
GaussianBudget75M_TOPGrowing,PEACOCK_2021-CAANF-001208,20210419,18,pyrologix,12,206-88,2021,0.0,0.003978844033554196,0,drone,1,9.489961992702219e-05,4790,0.004460282136570043,True
GaussianBudget75M_TOPGrowing,PEAK_2021-CAANF-002287,20210629,15,pyrologix,7,195-71,2021,0.0,0.0027544390177354217,0,drone,1,9.489961992702219e-05,2895,0.0046500813764240876,True
GaussianBudget75M_TOPGrowing,PEAK_2021-CABDF-010128,20210628,17,pyrologix,1,209-96,2021,0.0,0.0028034590650349855,0,drone,1,9.489961992702219e-05,610,0.004175583276788976,True
GaussianBudget75M_TOPGrowing,PENDOLA_2021-CATNF-000411,20210324,11,pyrologix,12,79-54,2021,0.0,0.0031599339563399553,0,drone,1,9.489961992702219e-05,4735,0.0047449809963511095,True
GaussianBudget75M_TOPGrowing,PEPPERMINT_2021-CASQF-003067,20210910,4,pyrologix,5,163-78,2021,0.0,0.0021940720034763217,0,drone,1,9.489961992702219e-05,1975,0.0046500813764240876,True
GaussianBudget75M_TOPGrowing,PHILBROOK_2021-CALNF-003328,20210621,16,pyrologix,4,65-50,2021,0.0,0.0019193619955331087,0,drone,1,9.489961992702219e-05,1650,0.0046500813764240876,True
GaussianBudget75M_TOPGrowing,PICNIC_2021-CAANF-004289,20211204,11,pyrologix,9,206-81,2021,0.0,0.0040859110886231065,0,drone,1,9.489961992702219e-05,3760,0.0040806836568619545,True
GaussianBudget75M_TOPGrowing,PIGEON_2021-CABDF-014022,20210924,19,pyrologix,1,none,2021,0.0,0.0019456640584394336,-1,undetected,1,9.489961992702219e-05,0,0.0,False
GaussianBudget75M_TOPGrowing,PIGEON_2021-CASHF-000932,20210623,23,pyrologix,1,45-27,2021,0.0,0.0023038070648908615,0,drone,1,9.489961992702219e-05,575,0.0040806836568619545,True
GaussianBudget75M_TOPGrowing,PIGEON__2021-CAANF-003180,20210827,22,pyrologix,5,206-81,2021,0.0,0.002716885064728558,0,drone,1,9.489961992702219e-05,2085,0.003985784036934932,True
GaussianBudget75M_TOPGrowing,PINE_2021-CAANF-001466,20210512,17,pyrologix,8,206-88,2021,0.0,0.006688343011774123,1,drone,1,9.489961992702219e-05,3650,0.004365382516643021,True
GaussianBudget75M_TOPGrowing,PINE_2021-CAINF-001607,20210707,17,pyrologix,10,none,2021,0.0,0.0018593990243971348,-1,undetected,1,9.489961992702219e-05,0,0.0,False
GaussianBudget75M_TOPGrowing,PINE_2021-CALNF-004553,20210806,1,pyrologix,3,58-54,2021,0.0,0.0029189379420131445,0,drone,1,9.489961992702219e-05,1330,0.004555181756497065,True
GaussianBudget75M_TOPGrowing,PINE_2021-CALPF-002462,20210904,13,pyrologix,9,189-64,2021,0.0,0.004656276083551347,0,drone,1,9.489961992702219e-05,3745,0.0046500813764240876,True
GaussianBudget75M_TOPGrowing,PINE_2021-CATNF-001262,20210705,3,pyrologix,4,86-53,2021,0.0,0.006501066964119673,1,drone,1,9.489961992702219e-05,2195,0.0046500813764240876,True
GaussianBudget75M_TOPGrowing,PIONEER_2021-CASTF-000554,20210415,16,pyrologix,4,114-64,2021,0.0,0.0025192019529640675,0,drone,1,9.489961992702219e-05,1670,0.0046500813764240876,True
GaussianBudget75M_TOPGrowing,PIPI_2021-CAENF-015623,20210605,12,pyrologix,11,100-61,2021,0.0,0.004108444903977215,0,drone,1,9.489961992702219e-05,4415,0.0046500813764240876,True
GaussianBudget75M_TOPGrowing,PIT_2021-CAMDF-000255,20210415,17,pyrologix,8,37-63,2021,0.0,0.003202729974873364,0,drone,1,9.489961992702219e-05,3215,0.0046500813764240876,True
GaussianBudget75M_TOPGrowing,PLACERITA__2021-CAANF-002048,20210616,16,pyrologix,3,201-76,2021,0.0,0.0027031610952690244,0,drone,1,9.489961992702219e-05,1325,0.004460282136570043,True
GaussianBudget75M_TOPGrowing,PLIOCENE_2021-CATNF-000516,20210406,19,pyrologix,5,79-54,2021,0.0,0.003227478009648621,0,drone,1,9.489961992702219e-05,1970,0.0047449809963511095,True
GaussianBudget75M_TOPGrowing,PLUM_2021-CASHF-001218,20210804,4,pyrologix,10,52-26,2021,0.0,0.00399964302778244,0,drone,1,9.489961992702219e-05,4130,0.0046500813764240876,True
GaussianBudget75M_TOPGrowing,POINTS_2021-CAANF-003416,20210910,11,pyrologix,12,206-81,2021,0.0,0.003582205972634256,0,drone,1,9.489961992702219e-05,4780,0.0040806836568619545,True
GaussianBudget75M_TOPGrowing,PONDEROSA_2021-CAMMU-015418,20210720,17,pyrologix,3,121-61,2021,0.0,0.01154867501463741,1,drone,1,9.489961992702219e-05,1825,0.0046500813764240876,True
GaussianBudget75M_TOPGrowing,PONDEROSA_2021-CASQF-000955,20210508,19,pyrologix,4,177-79,2021,0.0,0.006096665048971772,1,drone,1,9.489961992702219e-05,2230,0.0046500813764240876,True
GaussianBudget75M_TOPGrowing,PONY_2021-CABDF-010399,20210703,22,pyrologix,1,223-101,2021,0.0,0.00546027603559196,1,drone,1,9.489961992702219e-05,915,0.004460282136570043,True
GaussianBudget75M_TOPGrowing,POPCORN_2021-CASHF-001325,20210827,18,pyrologix,12,37-42,2021,0.0,0.008649021969176829,0,drone,1,9.489961992702219e-05,4940,0.0046500813764240876,True
GaussianBudget75M_TOPGrowing,POPE_2021-CATMU-015108,20210601,13,pyrologix,9,none,2021,0.0,0.0018584700301289558,-1,undetected,1,9.489961992702219e-05,0,0.0,False
GaussianBudget75M_TOPGrowing,PORTAL_2021-CAINF-001066,20210603,22,pyrologix,6,124-80,2021,0.0,0.004181829979643226,0,drone,1,9.489961992702219e-05,2610,0.0046500813764240876,True
GaussianBudget75M_TOPGrowing,PORTAL_2021-CASNF-000806,20210704,14,pyrologix,8,134-74,2021,0.0,0.003283671918325126,0,drone,1,9.489961992702219e-05,3225,0.0046500813764240876,True
GaussianBudget75M_TOPGrowing,POSEY_2021-CAANF-002846,20210731,18,pyrologix,7,195-71,2021,0.0,0.009848137036897242,2,drone,1,9.489961992702219e-05,3790,0.0046500813764240876,True
GaussianBudget75M_TOPGrowing,POST_2021-CASHF-000513,20210428,20,pyrologix,4,52-26,2021,0.0,0.0033959420397877693,0,drone,1,9.489961992702219e-05,1755,0.0046500813764240876,True
GaussianBudget75M_TOPGrowing,POTTERS_2021-CAMDF-000384,20210517,22,pyrologix,4,30-60,2021,0.0,0.01489458093419671,2,drone,1,9.489961992702219e-05,2480,0.0046500813764240876,True
GaussianBudget75M_TOPGrowing,POTTER_2021-CASNF-000401,20210527,16,pyrologix,6,134-74,2021,0.0,0.0023171519860625267,0,drone,1,9.489961992702219e-05,2400,0.0046500813764240876,True
GaussianBudget75M_TOPGrowing,POWERLINE_2021-CABDF-009313,20210610,17,pyrologix,1,none,2021,0.0,0.0018671579891815782,-1,undetected,1,9.489961992702219e-05,0,0.0,False
GaussianBudget75M_TOPGrowing,POWER_2021-CASQF-003044,20210908,17,pyrologix,4,163-78,2021,0.0,0.003830367000773549,0,drone,1,9.489961992702219e-05,1805,0.0046500813764240876,True
GaussianBudget75M_TOPGrowing,PREACHER_2021-CAKNF-006498,20210802,17,pyrologix,1,38-28,2021,0.0,0.0029023620299994946,0,drone,1,9.489961992702219e-05,625,0.004460282136570043,True
GaussianBudget75M_TOPGrowing,PRICE_2021-CAENF-027137,20210911,14,pyrologix,7,93-62,2021,0.0,0.003382839960977435,0,drone,1,9.489961992702219e-05,2915,0.0046500813764240876,True
GaussianBudget75M_TOPGrowing,PYRAMID_2021-CAANF-003988,20211101,19,pyrologix,10,195-71,2021,0.0,0.007471098913811147,1,drone,1,9.489961992702219e-05,4490,0.0046500813764240876,True
GaussianBudget75M_TOPGrowing,Palomar_2021-CACNF-003021,20210924,14,pyrologix,12,230-100,2021,0.0,0.004105354892089963,0,drone,1,9.489961992702219e-05,4720,0.0046500813764240876,True
GaussianBudget75M_TOPGrowing,Panel_2021-CALPF-003205,20211218,14,pyrologix,7,none,2021,0.0,0.0018884759629145265,-1,undetected,1,9.489961992702219e-05,0,0.0,False
GaussianBudget75M_TOPGrowing,Patrick_2021-CASRF-000865,20210914,12,pyrologix,5,15-20,2021,0.0,0.004211908089928329,0,drone,1,9.489961992702219e-05,2015,0.0046500813764240876,True
GaussianBudget75M_TOPGrowing,Peak_2021-CALPF-002468,20210905,22,pyrologix,4,none,2021,0.0,0.0018698569620028138,-1,undetected,1,9.489961992702219e-05,0,0.0,False
GaussianBudget75M_TOPGrowing,Pelletreau_2021-CASHF-000621,20210516,0,pyrologix,4,45-20,2021,0.0,0.003287601051852107,0,drone,1,9.489961992702219e-05,1600,0.0046500813764240876,True
GaussianBudget75M_TOPGrowing,Penman_2021-CAPNF-001365,20210730,0,pyrologix,7,72-59,2021,0.0,0.010953946970403194,1,drone,1,9.489961992702219e-05,3320,0.0046500813764240876,True
GaussianBudget75M_TOPGrowing,Penney_2021-CASHF-000836,20210610,14,pyrologix,7,52-26,2021,0.0,0.003826225991360843,0,drone,1,9.489961992702219e-05,2955,0.0046500813764240876,True
GaussianBudget75M_TOPGrowing,Pilgrim_2021-CASHF-000660,20210521,18,pyrologix,11,37-49,2021,0.0,0.0035627050092443824,0,drone,1,9.489961992702219e-05,4315,0.0046500813764240876,True
GaussianBudget75M_TOPGrowing,Pine_2021-CACNF-002256,20210717,2,pyrologix,6,none,2021,0.0,0.0018676379695534706,-1,undetected,1,9.489961992702219e-05,0,0.0,False
GaussianBudget75M_TOPGrowing,Plummer_2021-CASHF-000665,20210522,16,pyrologix,6,52-26,2021,0.0,0.003643976990133524,0,drone,1,9.489961992702219e-05,2550,0.0046500813764240876,True
GaussianBudget75M_TOPGrowing,Pond_2021-CASHF-001598,20211130,21,pyrologix,4,37-42,2021,0.0,0.0042641350300982594,0,drone,1,9.489961992702219e-05,1920,0.0046500813764240876,True
GaussianBudget75M_TOPGrowing,Porter_2021-CAPNF-000626,20210516,18,pyrologix,10,70-71,2021,0.0,0.008189679007045925,0,drone,1,9.489961992702219e-05,4180,0.004365382516643021,True
GaussianBudget75M_TOPGrowing,Portola__2021-CAPNF-000856,20210618,20,pyrologix,5,72-66,2021,0.0,0.0025496530579403043,0,drone,1,9.489961992702219e-05,2075,0.0046500813764240876,True
GaussianBudget75M_TOPGrowing,Posta_2021-CACNF-003171,20211015,22,pyrologix,3,none,2021,0.0,0.001867590006440878,-1,undetected,1,9.489961992702219e-05,0,0.0,False
GaussianBudget75M_TOPGrowing,Purdy_2021-CAPNF-000050,20210121,19,pyrologix,10,72-59,2021,0.0,0.006849999073892832,1,drone,1,9.489961992702219e-05,4495,0.0046500813764240876,True
GaussianBudget75M_TOPGrowing,QUAIL_2021-CAANF-003149,20210823,9,pyrologix,8,195-71,2021,0.0,0.0077209570445120335,1,drone,1,9.489961992702219e-05,3790,0.0046500813764240876,True
GaussianBudget75M_TOPGrowing,QUAIL_2021-CALPF-003060,20211122,19,pyrologix,2,169-38,2021,0.0,0.0019018800230696797,0,drone,1,9.489961992702219e-05,830,0.004555181756497065,True
GaussianBudget75M_TOPGrowing,RADFORD_2021-CABDF-014855,20211012,15,pyrologix,5,209-96,2021,0.0,0.0032415660098195076,0,drone,1,9.489961992702219e-05,2135,0.004460282136570043,True
GaussianBudget75M_TOPGrowing,RAILROAD_2021-CABDF-012858,20210829,19,pyrologix,2,206-88,2021,0.0,0.0026928139850497246,0,drone,1,9.489961992702219e-05,860,0.004175583276788976,True
GaussianBudget75M_TOPGrowing,RAINBOW__2021-CAINF-002574,20210920,18,pyrologix,9,127-76,2021,0.0,0.00875613500829786,2,drone,1,9.489961992702219e-05,4445,0.004839880616278132,True
GaussianBudget75M_TOPGrowing,RAMP_2021-CATNF-000944,20210609,22,pyrologix,6,86-60,2021,0.0,0.0021923549938946962,0,drone,1,9.489961992702219e-05,2355,0.0046500813764240876,True
GaussianBudget75M_TOPGrowing,RAMSEY_2021-CAENF-020301,20210714,7,pyrologix,2,93-56,2021,0.0,0.003389219054952264,0,drone,1,9.489961992702219e-05,1065,0.0046500813764240876,True
GaussianBudget75M_TOPGrowing,RANCHARIA_2021-CAINF-001439,20210628,22,pyrologix,3,115-77,2021,0.0,0.019845942966639996,3,drone,1,9.489961992702219e-05,2470,0.004555181756497065,True
GaussianBudget75M_TOPGrowing,RANCH_2021-CAANF-002218,20210626,15,pyrologix,6,195-71,2021,0.0,0.0026652159867808223,0,drone,1,9.489961992702219e-05,2465,0.0046500813764240876,True
GaussianBudget75M_TOPGrowing,RANCH_2021-CASHF-001014,20210705,14,pyrologix,3,38-21,2021,0.0,0.009200681932270527,1,drone,1,9.489961992702219e-05,1730,0.0046500813764240876,True
GaussianBudget75M_TOPGrowing,RANCH_2021-CASQF-002268,20210715,18,pyrologix,9,163-78,2021,0.0,0.011796353966929018,1,drone,1,9.489961992702219e-05,4050,0.0046500813764240876,True
GaussianBudget75M_TOPGrowing,RANGE_2021-CAANF-001989,20210613,10,pyrologix,12,201-76,2021,0.0,0.008886862895451486,0,drone,1,9.489961992702219e-05,4935,0.004555181756497065,True
GaussianBudget75M_TOPGrowing,RAPTOR_2021-CABDF-012984,20210901,17,pyrologix,6,223-101,2021,0.0,0.005755855003371835,1,drone,1,9.489961992702219e-05,2675,0.0046500813764240876,True
GaussianBudget75M_TOPGrowing,RAYS_2021-CAENF-013393,20210517,19,pyrologix,5,93-62,2021,0.0,0.006248967023566365,1,drone,1,9.489961992702219e-05,2555,0.0046500813764240876,True
GaussianBudget75M_TOPGrowing,REBEL__2021-CABDF-011588,20210728,18,pyrologix,3,223-101,2021,0.0,0.003506407025270164,0,drone,1,9.489961992702219e-05,1405,0.004555181756497065,True
GaussianBudget75M_TOPGrowing,REDHILL_2021-CATNF-000474,20210401,23,pyrologix,9,86-53,2021,0.0,0.004543547984212637,0,drone,1,9.489961992702219e-05,3760,0.0046500813764240876,True
GaussianBudget75M_TOPGrowing,RED_2021-CAINF-001804,20210720,1,pyrologix,4,none,2021,0.0,0.0018889779457822442,-1,undetected,1,9.489961992702219e-05,0,0.0,False
GaussianBudget75M_TOPGrowing,RED_2021-CASTF-001281,20210625,21,pyrologix,1,107-68,2021,0.0,0.0018859319388866425,0,drone,1,9.489961992702219e-05,505,0.0036061855572268433,True
GaussianBudget75M_TOPGrowing,RED_2021-CATNF-001084,20210624,16,pyrologix,9,86-53,2021,0.0,0.003778145066462457,0,drone,1,9.489961992702219e-05,3655,0.0046500813764240876,True
GaussianBudget75M_TOPGrowing,REFUGE_2021-CAMDF-000609,20210624,17,pyrologix,11,36-70,2021,0.0,0.006791386054828763,1,drone,1,9.489961992702219e-05,4855,0.0046500813764240876,True
GaussianBudget75M_TOPGrowing,REMINGTON_2021-CASQF-001028,20210515,23,pyrologix,2,177-79,2021,0.0,0.005011951900087297,1,drone,1,9.489961992702219e-05,1355,0.004555181756497065,True
GaussianBudget75M_TOPGrowing,RESORT_2_2021-CALNF-003218,20210617,1,pyrologix,4,51-54,2021,0.0,0.006273863022215664,1,drone,1,9.489961992702219e-05,2245,0.0046500813764240876,True
GaussianBudget75M_TOPGrowing,RICE_2021-CAMDF-001543,20210816,9,pyrologix,12,44-62,2021,0.0,0.006584552000276744,0,drone,1,9.489961992702219e-05,4925,0.004839880616278132,True
GaussianBudget75M_TOPGrowing,RICOCHET_2021-CABDF-011909,20210804,21,pyrologix,4,223-101,2021,0.0,0.0036143549950793386,0,drone,1,9.489961992702219e-05,1785,0.0046500813764240876,True
GaussianBudget75M_TOPGrowing,RIDGE_2021-CAANF-001918,20210609,11,pyrologix,12,195-71,2021,0.0,0.005254794028587639,0,drone,1,9.489961992702219e-05,4915,0.0046500813764240876,True
GaussianBudget75M_TOPGrowing,RIDGE_2021-CASTF-001870,20210730,0,pyrologix,1,114-64,2021,0.0,0.003064074902795255,0,drone,1,9.489961992702219e-05,685,0.004460282136570043,True
GaussianBudget75M_TOPGrowing,RIDLEY_2021-CABDF-016992,20211115,20,pyrologix,2,206-88,2021,0.0,0.0021807170705869794,0,drone,1,9.489961992702219e-05,810,0.004175583276788976,True
GaussianBudget75M_TOPGrowing,RIMROCK_2021-CAMDF-001187,20210805,22,pyrologix,4,30-60,2021,0.0,0.006239346927031875,1,drone,1,9.489961992702219e-05,2120,0.0046500813764240876,True
GaussianBudget75M_TOPGrowing,RIM_2021-CALNF-003307,20210620,23,pyrologix,1,51-54,2021,0.0,0.009397179004736245,1,drone,1,9.489961992702219e-05,965,0.0046500813764240876,True
GaussianBudget75M_TOPGrowing,RIVER_2021-CASQF-001125,20210526,4,pyrologix,9,177-79,2021,0.0,0.0037343520671129227,0,drone,1,9.489961992702219e-05,3775,0.0046500813764240876,True
GaussianBudget75M_TOPGrowing,ROADSIDE_2021-CABDF-012814,20210828,17,pyrologix,3,206-88,2021,0.0,0.003744429093785584,0,drone,1,9.489961992702219e-05,1415,0.004365382516643021,True
GaussianBudget75M_TOPGrowing,ROAD_2021-CASHF-001214,20210803,10,pyrologix,11,52-26,2021,0.0,0.006400994025170803,1,drone,1,9.489961992702219e-05,4900,0.0046500813764240876,True
GaussianBudget75M_TOPGrowing,ROBINSON__2021-CAINF-000607,20210418,11,pyrologix,10,none,2021,0.0,0.0018650110578164458,-1,undetected,1,9.489961992702219e-05,0,0.0,False
GaussianBudget75M_TOPGrowing,ROCKHOUSE_2021-CASQF-003073,20210910,16,pyrologix,3,169-84,2021,0.0,0.00415827299002558,0,drone,1,9.489961992702219e-05,1600,0.0046500813764240876,True
GaussianBudget75M_TOPGrowing,ROCK_HLRD_2021-CASQF-002359,20210719,16,pyrologix,7,147-79,2021,0.0,0.0057109108893200755,0,drone,1,9.489961992702219e-05,2920,0.0046500813764240876,True
GaussianBudget75M_TOPGrowing,ROGUE_2021-CABDF-011274,20210721,18,pyrologix,3,223-101,2021,0.0,0.0027727760607376695,0,drone,1,9.489961992702219e-05,1310,0.004555181756497065,True
GaussianBudget75M_TOPGrowing,ROSS_2021-CASNF-001315,20210820,12,pyrologix,9,141-74,2021,0.0,0.004256595973856747,0,drone,1,9.489961992702219e-05,3830,0.0046500813764240876,True
GaussianBudget75M_TOPGrowing,ROUGH_2021-CAANF-002949,20210808,20,pyrologix,9,none,2021,0.0,0.0018674659077078104,-1,undetected,1,9.489961992702219e-05,0,0.0,False
GaussianBudget75M_TOPGrowing,ROUND_2021-CAMDF-000607,20210624,17,pyrologix,3,37-56,2021,0.0,0.002085854997858405,0,drone,1,9.489961992702219e-05,1240,0.0046500813764240876,True
GaussianBudget75M_TOPGrowing,ROUTE_2021-CAANF-003438,20210911,17,pyrologix,12,195-71,2021,0.0,0.003697779029607773,0,drone,1,9.489961992702219e-05,4700,0.0046500813764240876,True
GaussianBudget75M_TOPGrowing,ROWHER_2021-CAANF-001058,20210405,22,pyrologix,4,201-76,2021,0.0,0.0022638749796897173,0,drone,1,9.489961992702219e-05,1655,0.004555181756497065,True
GaussianBudget75M_TOPGrowing,ROYAL_2021-CATNF-001107,20210626,17,pyrologix,4,86-60,2021,0.0,0.002712508081458509,0,drone,1,9.489961992702219e-05,1650,0.0046500813764240876,True
GaussianBudget75M_TOPGrowing,RUBICON_2021-CATMU-019083,20210704,12,pyrologix,12,93-62,2021,0.0,0.010646509937942028,2,drone,1,9.489961992702219e-05,5640,0.0046500813764240876,True
GaussianBudget75M_TOPGrowing,RUBY__2021-CASTF-002137,20210814,22,pyrologix,9,114-57,2021,0.0,0.005254802061244845,0,drone,1,9.489961992702219e-05,3600,0.0046500813764240876,True
GaussianBudget75M_TOPGrowing,RUFFEY_2021-CAKNF-006367,20210730,18,pyrologix,11,31-31,2021,0.0,0.0045817450154572725,0,drone,1,9.489961992702219e-05,4535,0.0046500813764240876,True
GaussianBudget75M_TOPGrowing,RUSH_2021-CASHF-001172,20210730,21,pyrologix,7,37-35,2021,0.0,0.0034924689680337906,0,drone,1,9.489961992702219e-05,2965,0.0046500813764240876,True
GaussianBudget75M_TOPGrowing,RUSH_CREEK_DR___HWY_3_2021-CASHU-006097,20210618,17,pyrologix,1,44-34,2021,0.0,0.0025873169070109725,0,drone,1,9.489961992702219e-05,545,0.002562289738029599,True
GaussianBudget75M_TOPGrowing,RUSSIAN_2021-CAKNF-005038,20210625,15,pyrologix,2,31-31,2021,0.0,0.001512860064394772,0,drone,1,9.489961992702219e-05,825,0.0046500813764240876,True
GaussianBudget75M_TOPGrowing,Rancho_2021-CACNF-001351,20210515,19,pyrologix,2,230-100,2021,0.0,0.003346954006701708,0,drone,1,9.489961992702219e-05,1065,0.004555181756497065,True
GaussianBudget75M_TOPGrowing,Range_2021-CACNF-000230,20210122,15,pyrologix,4,220-87,2021,0.0,0.002104882034473121,0,drone,1,9.489961992702219e-05,1605,0.004460282136570043,True
GaussianBudget75M_TOPGrowing,Red_2021-CAPNF-001226,20210718,21,pyrologix,4,72-59,2021,0.0,0.004056020057760179,0,drone,1,9.489961992702219e-05,1915,0.0046500813764240876,True
GaussianBudget75M_TOPGrowing,Red_2021-CASHF-001004,20210704,16,pyrologix,9,30-45,2021,0.0,0.006324887974187732,1,drone,1,9.489961992702219e-05,4025,0.0046500813764240876,True
GaussianBudget75M_TOPGrowing,Reservation_2021-CAPNF-001208,20210718,4,pyrologix,8,65-57,2021,0.0,0.0029750580433756113,0,drone,1,9.489961992702219e-05,3240,0.004460282136570043,True
GaussianBudget75M_TOPGrowing,Ridge_2021-CALPF-000819,20210414,19,pyrologix,2,none,2021,0.0,0.0018653880106285214,-1,undetected,1,9.489961992702219e-05,0,0.0,False
GaussianBudget75M_TOPGrowing,Ridgerun_2021-CAPNF-000449,20210417,20,pyrologix,4,72-59,2021,0.0,0.0034473430132493377,0,drone,1,9.489961992702219e-05,1850,0.0046500813764240876,True
GaussianBudget75M_TOPGrowing,Rig_2021-CACNF-001965,20210629,22,pyrologix,3,244-98,2021,0.0,0.0053059529745951295,1,drone,1,9.489961992702219e-05,1710,0.004460282136570043,True
GaussianBudget75M_TOPGrowing,Road_2021-CACNF-002130,20210710,16,pyrologix,4,244-98,2021,0.0,0.0024990030797198415,0,drone,1,9.489961992702219e-05,1710,0.004460282136570043,True
GaussianBudget75M_TOPGrowing,Rock_2021-CAPNF-001173,20210713,17,pyrologix,12,79-54,2021,0.0,0.004833073006011546,0,drone,1,9.489961992702219e-05,4960,0.0047449809963511095,True
GaussianBudget75M_TOPGrowing,Rocky_2021-CACNF-001400,20210521,21,pyrologix,8,none,2021,0.0,0.0018541039898991585,-1,undetected,1,9.489961992702219e-05,0,0.0,False
GaussianBudget75M_TOPGrowing,Rocky_2021-CAPNF-000497,20210422,11,pyrologix,12,72-66,2021,0.0,0.004768226062878966,0,drone,1,9.489961992702219e-05,4955,0.0046500813764240876,True
GaussianBudget75M_TOPGrowing,Rowdy_2021-CASRF-000650,20210731,18,pyrologix,10,15-20,2021,0.0,0.00447550299577415,0,drone,1,9.489961992702219e-05,4170,0.0046500813764240876,True
GaussianBudget75M_TOPGrowing,Rubicon_2021-CAENF-028647,20210925,22,pyrologix,4,93-56,2021,0.0,0.0030343090184032917,0,drone,1,9.489961992702219e-05,1730,0.0046500813764240876,True
GaussianBudget75M_TOPGrowing,SADDLE_KRRD_2021-CASQF-002349,20210719,11,pyrologix,1,177-79,2021,0.0,0.002400266006588936,0,drone,1,9.489961992702219e-05,480,0.003511285937299821,True
GaussianBudget75M_TOPGrowing,SALT_2021-CASHF-000982,20210630,18,pyrologix,5,44-41,2021,0.0,0.00272667792160064,0,drone,1,9.489961992702219e-05,2090,0.0047449809963511095,True
GaussianBudget75M_TOPGrowing,SALT__2021-CASTF-000787,20210520,13,pyrologix,10,107-61,2021,0.0,0.007155148894526064,1,drone,1,9.489961992702219e-05,4540,0.0046500813764240876,True
GaussianBudget75M_TOPGrowing,SAMPLE_2021-CASNF-000465,20210531,21,pyrologix,5,134-74,2021,0.0,0.004366239067167044,0,drone,1,9.489961992702219e-05,2340,0.0046500813764240876,True
GaussianBudget75M_TOPGrowing,SAM_2021-CASNF-000739,20210701,17,pyrologix,8,134-74,2021,0.0,0.004830722929909825,0,drone,1,9.489961992702219e-05,3510,0.0046500813764240876,True
GaussianBudget75M_TOPGrowing,SANDY_2021-CASHF-000587,20210514,20,pyrologix,8,38-21,2021,0.0,0.004143700934946537,0,drone,1,9.489961992702219e-05,3435,0.0046500813764240876,True
GaussianBudget75M_TOPGrowing,SAND_2021-CASHF-000864,20210615,21,pyrologix,3,30-45,2021,0.0,0.005256938980892301,1,drone,1,9.489961992702219e-05,1705,0.0046500813764240876,True
GaussianBudget75M_TOPGrowing,SANTA_2021-CAANF-004490,20211230,20,pyrologix,7,201-76,2021,0.0,0.006898707011714578,1,drone,1,9.489961992702219e-05,3365,0.004555181756497065,True
GaussianBudget75M_TOPGrowing,SANTA_2021-CABDF-001770,20210126,16,pyrologix,5,206-88,2021,0.0,0.0038806430529803038,0,drone,1,9.489961992702219e-05,2175,0.004365382516643021,True
GaussianBudget75M_TOPGrowing,SAPP_2021-CASTF-001710,20210718,12,pyrologix,10,107-61,2021,0.0,0.007382884039543569,1,drone,1,9.489961992702219e-05,4475,0.0046500813764240876,True
GaussianBudget75M_TOPGrowing,SATTLEY_2021-CATNF-000630,20210421,13,pyrologix,10,79-61,2021,0.0,0.006240546004846692,1,drone,1,9.489961992702219e-05,4515,0.0046500813764240876,True
GaussianBudget75M_TOPGrowing,SAWTOOTH_2021-CATNF-000674,20210429,15,pyrologix,12,86-67,2021,0.0,0.008340375032275915,1,drone,1,9.489961992702219e-05,5310,0.004365382516643021,True
GaussianBudget75M_TOPGrowing,SAW_2021-CAINF-001447,20210629,0,pyrologix,3,none,2021,0.0,0.001865070080384612,-1,undetected,1,9.489961992702219e-05,0,0.0,False
GaussianBudget75M_TOPGrowing,SCENIC_2021-CACDD-009987,20210625,20,pyrologix,8,none,2021,0.0,0.0018838290125131607,-1,undetected,1,9.489961992702219e-05,0,0.0,False
GaussianBudget75M_TOPGrowing,SCENIC_2021-CAINF-001431,20210628,17,pyrologix,10,127-76,2021,0.0,0.004645611043088138,0,drone,1,9.489961992702219e-05,4245,0.004839880616278132,True
GaussianBudget75M_TOPGrowing,SCOTT_2021-CASHF-000884,20210618,16,pyrologix,8,52-19,2021,0.0,0.006852581049315631,1,drone,1,9.489961992702219e-05,3870,0.0046500813764240876,True
GaussianBudget75M_TOPGrowing,SEMI_2021-CACNF-001325,20210513,22,pyrologix,10,none,2021,0.0,0.0018711630254983902,-1,undetected,1,9.489961992702219e-05,0,0.0,False
GaussianBudget75M_TOPGrowing,SENTINEL_2021-CAINF-001706,20210712,21,pyrologix,5,124-80,2021,0.0,0.003138648928143084,0,drone,1,9.489961992702219e-05,2100,0.0046500813764240876,True
GaussianBudget75M_TOPGrowing,SHADOW_2021-CAKNF-006420,20210731,20,pyrologix,7,31-31,2021,0.0,0.0022631759056821465,0,drone,1,9.489961992702219e-05,2760,0.0046500813764240876,True
GaussianBudget75M_TOPGrowing,SHADY_2021-CABDF-009458,20210613,23,pyrologix,12,209-96,2021,0.0,0.0032792430138215423,0,drone,1,9.489961992702219e-05,4695,0.004460282136570043,True
GaussianBudget75M_TOPGrowing,SHANNON_2021-CAANF-000596,20210225,16,pyrologix,3,201-76,2021,0.0,0.0033863669959828258,0,drone,1,9.489961992702219e-05,1425,0.004555181756497065,True
GaussianBudget75M_TOPGrowing,SHELL_2021-CASQF-002407,20210723,18,pyrologix,11,147-79,2021,0.0,0.005003932979889214,0,drone,1,9.489961992702219e-05,4550,0.0046500813764240876,True
GaussianBudget75M_TOPGrowing,SHERMAN_2021-CAENF-013945,20210522,21,pyrologix,4,100-61,2021,0.0,0.0018824109574779868,0,drone,1,9.489961992702219e-05,1630,0.0046500813764240876,True
GaussianBudget75M_TOPGrowing,SHIRLEY_2021-CASQF-002724,20210814,14,pyrologix,4,170-77,2021,0.0,0.006419983925297856,1,drone,1,9.489961992702219e-05,2245,0.0046500813764240876,True
GaussianBudget75M_TOPGrowing,SHOENING_2021-CAANF-004214,20211125,13,pyrologix,11,206-81,2021,0.0,0.003752422984689474,0,drone,1,9.489961992702219e-05,4455,0.0040806836568619545,True
GaussianBudget75M_TOPGrowing,SHOOTING_2021-CAANF-001423,20210508,14,pyrologix,7,201-76,2021,0.0,0.003977200947701931,0,drone,1,9.489961992702219e-05,2965,0.004555181756497065,True
GaussianBudget75M_TOPGrowing,SHORE_2021-CAINF-001670,20210711,21,pyrologix,8,127-76,2021,0.0,0.0037377880653366446,0,drone,1,9.489961992702219e-05,3335,0.0047449809963511095,True
GaussianBudget75M_TOPGrowing,SIDE_2021-CASQF-001253,20210529,20,pyrologix,6,170-77,2021,0.0,0.002826470066793263,0,drone,1,9.489961992702219e-05,2445,0.0046500813764240876,True
GaussianBudget75M_TOPGrowing,SIERRA__2021-CABDF-006929,20210421,2,pyrologix,4,209-96,2021,0.0,0.006001418922096491,1,drone,1,9.489961992702219e-05,2175,0.004460282136570043,True
GaussianBudget75M_TOPGrowing,SIGNAL_2021-CALNF-001980,20210420,17,pyrologix,10,51-54,2021,0.0,0.005079341935925186,0,drone,1,9.489961992702219e-05,4270,0.0046500813764240876,True
GaussianBudget75M_TOPGrowing,SIGNAL_2021-CATNF-001345,20210715,20,pyrologix,1,86-53,2021,0.0,0.002992614987306297,0,drone,1,9.489961992702219e-05,565,0.004460282136570043,True
GaussianBudget75M_TOPGrowing,SILVER_2021-CASNF-000961,20210719,20,pyrologix,4,127-76,2021,0.0,0.0030152349499985576,0,drone,1,9.489961992702219e-05,1760,0.0046500813764240876,True
GaussianBudget75M_TOPGrowing,SIMS_2021-CASHF-001586,20211125,16,pyrologix,2,37-42,2021,0.0,0.0022059209877625108,0,drone,1,9.489961992702219e-05,870,0.004555181756497065,True
GaussianBudget75M_TOPGrowing,SIX_SHOOTER_2021-CAKNF-006455,20210801,13,pyrologix,10,30-52,2021,0.0,0.0036822870606556535,0,drone,1,9.489961992702219e-05,4035,0.0046500813764240876,True
GaussianBudget75M_TOPGrowing,SKYLINE__2021-CATNF-000868,20210601,10,pyrologix,9,79-54,2021,0.0,0.008899381966330111,2,drone,1,9.489961992702219e-05,4385,0.0047449809963511095,True
GaussianBudget75M_TOPGrowing,SKY_2021-CALNF-003531,20210627,18,pyrologix,11,65-50,2021,0.0,0.005145272007212043,0,drone,1,9.489961992702219e-05,4685,0.0046500813764240876,True
GaussianBudget75M_TOPGrowing,SLATE_2021-CAENF-010080,20210414,23,pyrologix,2,93-56,2021,0.0,0.0023230250226333737,0,drone,1,9.489961992702219e-05,900,0.004555181756497065,True
GaussianBudget75M_TOPGrowing,SLATE_2021-CASQF-003085,20210911,11,pyrologix,11,163-78,2021,0.0,0.005595377064310014,0,drone,1,9.489961992702219e-05,4630,0.0046500813764240876,True
GaussianBudget75M_TOPGrowing,SLATE_2021-CATNF-001085,20210624,15,pyrologix,12,79-54,2021,0.0,0.004454422043636441,0,drone,1,9.489961992702219e-05,4900,0.0047449809963511095,True
GaussianBudget75M_TOPGrowing,SLEIGHVILLE_2021-CATNF-000722,20210512,21,pyrologix,3,79-54,2021,0.0,0.003938741981983185,0,drone,1,9.489961992702219e-05,1440,0.0046500813764240876,True
GaussianBudget75M_TOPGrowing,SLIDE_2021-CAMDF-000636,20210627,15,pyrologix,1,42-76,2021,0.0,0.001491835922934115,0,drone,1,9.489961992702219e-05,410,0.003511285937299821,True
GaussianBudget75M_TOPGrowing,SLOPE_2021-CAINF-001448,20210629,21,pyrologix,10,none,2021,0.0,0.0018752129981294274,-1,undetected,1,9.489961992702219e-05,0,0.0,False
GaussianBudget75M_TOPGrowing,SMALLS_2021-CABDF-018495,20211130,8,pyrologix,12,206-88,2021,0.0,0.003925058990716934,0,drone,1,9.489961992702219e-05,4725,0.004460282136570043,True
GaussianBudget75M_TOPGrowing,SMITH_2021-CAENF-028280,20210922,14,pyrologix,8,93-62,2021,0.0,0.006163134006783366,1,drone,1,9.489961992702219e-05,3695,0.0046500813764240876,True
GaussianBudget75M_TOPGrowing,SMITH_2021-CASRF-000576,20210718,14,pyrologix,11,15-20,2021,0.0,0.004664222942665219,0,drone,1,9.489961992702219e-05,4575,0.0046500813764240876,True
GaussianBudget75M_TOPGrowing,SMOLDER_2021-CAANF-001200,20210418,17,pyrologix,6,206-88,2021,0.0,0.005112539045512676,1,drone,1,9.489961992702219e-05,2760,0.004365382516643021,True
GaussianBudget75M_TOPGrowing,SNAKE_2021-CABDF-012147,20210811,12,pyrologix,4,214-103,2021,0.0,0.0030974680557847023,0,drone,1,9.489961992702219e-05,1775,0.004175583276788976,True
GaussianBudget75M_TOPGrowing,SNOW_2021-CABDF-014001,20210924,0,pyrologix,4,209-96,2021,0.0,0.002182072028517723,0,drone,1,9.489961992702219e-05,1650,0.004365382516643021,True
GaussianBudget75M_TOPGrowing,SNOW_2021-CAENF-018112,20210627,22,pyrologix,5,100-61,2021,0.0,0.00392943702172488,0,drone,1,9.489961992702219e-05,2215,0.0046500813764240876,True
GaussianBudget75M_TOPGrowing,SNOW_2021-CASHF-001239,20210807,17,pyrologix,3,38-28,2021,0.0,0.0028757369145751,0,drone,1,9.489961992702219e-05,1340,0.0046500813764240876,True
GaussianBudget75M_TOPGrowing,SNOW_PLAY_2021-CABDF-005086,20210320,21,pyrologix,6,209-96,2021,0.0,0.004017095896415412,0,drone,1,9.489961992702219e-05,2600,0.004460282136570043,True
GaussianBudget75M_TOPGrowing,SODA_2021-CAINF-001464,20210629,15,pyrologix,11,162-85,2021,0.0,0.005364805925637484,0,drone,1,9.489961992702219e-05,4760,0.0047449809963511095,True
GaussianBudget75M_TOPGrowing,SOLEDAD_2021-CAANF-001926,20210609,18,pyrologix,9,201-76,2021,0.0,0.0027989549562335014,0,drone,1,9.489961992702219e-05,3535,0.004555181756497065,True
GaussianBudget75M_TOPGrowing,SOPIAGO_2021-CAENF-013394,20210517,18,pyrologix,7,100-61,2021,0.0,0.006589694996364415,1,drone,1,9.489961992702219e-05,3345,0.0046500813764240876,True
GaussianBudget75M_TOPGrowing,SOUTH_2021-CABDU-012298,20210825,23,pyrologix,2,none,2021,0.0,0.0018624879885464907,-1,undetected,1,9.489961992702219e-05,0,0.0,False
GaussianBudget75M_TOPGrowing,SOUTH_2021-CAKNF-004388,20210606,19,pyrologix,9,37-35,2021,0.0,0.003805530956014991,0,drone,1,9.489961992702219e-05,3730,0.0046500813764240876,True
GaussianBudget75M_TOPGrowing,SPADE__2021-CAANF-003949,20211028,5,pyrologix,10,201-76,2021,0.0,0.0031339810229837894,0,drone,1,9.489961992702219e-05,3985,0.004555181756497065,True
GaussianBudget75M_TOPGrowing,SPICE_2021-CABDF-018466,20211129,14,pyrologix,10,223-101,2021,0.0,0.0026847400004044175,0,drone,1,9.489961992702219e-05,3795,0.0046500813764240876,True
GaussianBudget75M_TOPGrowing,SPOT_2021-CAANF-000571,20210222,5,pyrologix,4,206-81,2021,0.0,0.0055364989675581455,1,drone,1,9.489961992702219e-05,2140,0.003985784036934932,True
GaussianBudget75M_TOPGrowing,SPRAGUE_2021-CATCU-004946,20210419,9,pyrologix,9,121-61,2021,0.0,0.00430682604201138,0,drone,1,9.489961992702219e-05,3735,0.0046500813764240876,True
GaussianBudget75M_TOPGrowing,SPRINGS_2021-CAANF-001067,20210405,18,pyrologix,10,206-81,2021,0.0,0.0038854129379615188,0,drone,1,9.489961992702219e-05,4090,0.0040806836568619545,True
GaussianBudget75M_TOPGrowing,SPRINGS_2021-CAINF-001457,20210629,12,pyrologix,9,none,2021,0.0,0.001852956018410623,-1,undetected,1,9.489961992702219e-05,0,0.0,False
GaussianBudget75M_TOPGrowing,SPRINGS_2021-CASQF-001124,20210525,22,pyrologix,4,177-79,2021,0.0,0.0025794979883357882,0,drone,1,9.489961992702219e-05,1755,0.0046500813764240876,True
GaussianBudget75M_TOPGrowing,SPRINGTIME_2021-CASHF-001183,20210730,21,pyrologix,5,45-20,2021,0.0,0.0032697690185159445,0,drone,1,9.489961992702219e-05,2140,0.0046500813764240876,True
GaussianBudget75M_TOPGrowing,SPRING_2021-CAKNF-006404,20210731,12,pyrologix,10,31-31,2021,0.0,0.004078299039974809,0,drone,1,9.489961992702219e-05,4095,0.0046500813764240876,True
GaussianBudget75M_TOPGrowing,SPRUCE_2021-CABDF-012448,20210817,18,pyrologix,5,223-101,2021,0.0,0.003008524072356522,0,drone,1,9.489961992702219e-05,2075,0.0046500813764240876,True
GaussianBudget75M_TOPGrowing,SPUNKY_2021-CAANF-004252,20211128,18,pyrologix,10,none,2021,0.0,0.0018840580014511943,-1,undetected,1,9.489961992702219e-05,0,0.0,False
GaussianBudget75M_TOPGrowing,STAGING_2021-CAANF-004309,20211205,21,pyrologix,6,201-76,2021,0.0,0.0032305659260600805,0,drone,1,9.489961992702219e-05,2495,0.004555181756497065,True
GaussianBudget75M_TOPGrowing,STANFIELD_2021-CABDF-010785,20210710,14,pyrologix,12,none,2021,0.0,0.0018575529102236032,-1,undetected,1,9.489961992702219e-05,0,0.0,False
GaussianBudget75M_TOPGrowing,STANFORD_2021-CATMU-026974,20210910,15,pyrologix,1,93-62,2021,0.0,0.005536128068342805,1,drone,1,9.489961992702219e-05,1000,0.004555181756497065,True
GaussianBudget75M_TOPGrowing,STARLIGHT_2021-CAANF-004192,20211123,4,pyrologix,5,none,2021,0.0,0.0018563891062512994,-1,undetected,1,9.489961992702219e-05,0,0.0,False
GaussianBudget75M_TOPGrowing,STATE_2021-CAANF-004208,20211125,22,pyrologix,10,195-71,2021,0.0,0.003373270039446652,0,drone,1,9.489961992702219e-05,4000,0.0046500813764240876,True
GaussianBudget75M_TOPGrowing,STEWART_2021-CALPF-002715,20211005,15,pyrologix,10,none,2021,0.0,0.0018700551008805633,-1,undetected,1,9.489961992702219e-05,0,0.0,False
GaussianBudget75M_TOPGrowing,STOCKTON_2021-CABDF-017962,20211127,2,pyrologix,2,206-88,2021,0.0,0.003993803984485567,0,drone,1,9.489961992702219e-05,1140,0.004270482896715999,True
GaussianBudget75M_TOPGrowing,STONE_2021-CATNF-001429,20210726,19,pyrologix,7,86-53,2021,0.0,0.006234779022634029,1,drone,1,9.489961992702219e-05,3305,0.0046500813764240876,True
GaussianBudget75M_TOPGrowing,STRAWBERRY__2021-CASTF-001974,20210802,13,pyrologix,2,114-64,2021,0.0,0.003154712961986661,0,drone,1,9.489961992702219e-05,1060,0.0046500813764240876,True
GaussianBudget75M_TOPGrowing,STRAW_2021-CASTF-002844,20211126,14,pyrologix,5,114-64,2021,0.0,0.005568755092099309,1,drone,1,9.489961992702219e-05,2500,0.0046500813764240876,True
GaussianBudget75M_TOPGrowing,SUGAR_2021-CABDF-012136,20210810,20,pyrologix,8,214-103,2021,0.0,0.0029788590036332607,0,drone,1,9.489961992702219e-05,3305,0.004270482896715999,True
GaussianBudget75M_TOPGrowing,SUGAR_2021-CAENF-019897,20210711,0,pyrologix,5,100-61,2021,0.0,0.0025229669408872724,0,drone,1,9.489961992702219e-05,2050,0.0046500813764240876,True
GaussianBudget75M_TOPGrowing,SUGAR_2021-CAMDF-000429,20210529,21,pyrologix,7,none,2021,0.0,0.0018680799985304475,-1,undetected,1,9.489961992702219e-05,0,0.0,False
GaussianBudget75M_TOPGrowing,SUGAR_2_2021-CAMDF-000433,20210529,23,pyrologix,2,none,2021,0.0,0.0018628659890964627,-1,undetected,1,9.489961992702219e-05,0,0.0,False
GaussianBudget75M_TOPGrowing,SUGAR_3_2021-CAMDF-000434,20210529,22,pyrologix,5,none,2021,0.0,0.001856427057646215,-1,undetected,1,9.489961992702219e-05,0,0.0,False
GaussianBudget75M_TOPGrowing,SUGAR_4_2021-CAMDF-000435,20210529,21,pyrologix,7,none,2021,0.0,0.001888452097773552,-1,undetected,1,9.489961992702219e-05,0,0.0,False
GaussianBudget75M_TOPGrowing,SUGAR_PINE_2021-CATNF-000850,20210530,21,pyrologix,5,86-53,2021,0.0,0.0039860899560153484,0,drone,1,9.489961992702219e-05,2195,0.0046500813764240876,True
GaussianBudget75M_TOPGrowing,SUGAR__2021-CATNF-000972,20210613,18,pyrologix,5,86-53,2021,0.0,0.006925827008672059,0,drone,1,9.489961992702219e-05,2195,0.0046500813764240876,True
GaussianBudget75M_TOPGrowing,SULPHER_2021-CASHF-000817,20210607,17,pyrologix,7,37-42,2021,0.0,0.002657543052919209,0,drone,1,9.489961992702219e-05,2710,0.0046500813764240876,True
GaussianBudget75M_TOPGrowing,SULPHUR_2021-CALPF-001037,20210509,17,pyrologix,3,none,2021,0.0,0.0018694489262998104,-1,undetected,1,9.489961992702219e-05,0,0.0,False
GaussianBudget75M_TOPGrowing,SUMMIT_2021-CAENF-021041,20210720,13,pyrologix,7,100-68,2021,0.0,0.011348402011208236,1,drone,1,9.489961992702219e-05,3330,0.004555181756497065,True
GaussianBudget75M_TOPGrowing,SUMMIT_2021-CAINF-001826,20210721,18,pyrologix,2,162-85,2021,0.0,0.002131649060174823,0,drone,1,9.489961992702219e-05,885,0.004365382516643021,True
GaussianBudget75M_TOPGrowing,SUMMIT_2021-CASHF-001307,20210825,9,pyrologix,8,37-42,2021,0.0,0.0030370670137926936,0,drone,1,9.489961992702219e-05,3135,0.0046500813764240876,True
GaussianBudget75M_TOPGrowing,SUMMIT_2021-CATNF-001568,20210812,22,pyrologix,3,86-60,2021,0.0,0.0024853170616552234,0,drone,1,9.489961992702219e-05,1250,0.0046500813764240876,True
GaussianBudget75M_TOPGrowing,SURVEYORS_2021-CAMDF-000385,20210518,1,pyrologix,4,none,2021,0.0,0.0018763000844046474,-1,undetected,1,9.489961992702219e-05,0,0.0,False
GaussianBudget75M_TOPGrowing,SWALL_2021-CAINF-000688,20210429,18,pyrologix,8,none,2021,0.0,0.0018572260159999132,-1,undetected,1,9.489961992702219e-05,0,0.0,False
GaussianBudget75M_TOPGrowing,SWARTHOUT_2021-CABDF-009976,20210625,17,pyrologix,8,206-88,2021,0.0,0.005835733027197421,1,drone,1,9.489961992702219e-05,3585,0.004365382516643021,True
GaussianBudget75M_TOPGrowing,SWEET_2021-CASNF-000960,20210719,20,pyrologix,5,121-61,2021,0.0,0.0030051110079512,0,drone,1,9.489961992702219e-05,2105,0.0046500813764240876,True
GaussianBudget75M_TOPGrowing,SWELL_2021-CALNF-001986,20210421,21,pyrologix,9,51-54,2021,0.0,0.0042702939826995134,0,drone,1,9.489961992702219e-05,3820,0.0046500813764240876,True
GaussianBudget75M_TOPGrowing,SWITZER_2021-CABDF-013910,20210921,15,pyrologix,5,209-96,2021,0.0,0.0022781100124120712,0,drone,1,9.489961992702219e-05,2015,0.004460282136570043,True
GaussianBudget75M_TOPGrowing,SWITZER_PARK__2021-CABDF-016614,20211111,1,pyrologix,2,209-96,2021,0.0,0.001536429044790566,0,drone,1,9.489961992702219e-05,860,0.004270482896715999,True
GaussianBudget75M_TOPGrowing,SYCAMORE_2021-CABDF-006749,20210417,23,pyrologix,1,206-88,2021,0.0,0.0031227379804477096,0,drone,1,9.489961992702219e-05,540,0.003795984797080888,True
GaussianBudget75M_TOPGrowing,SYD_2021-CASHF-001293,20210819,8,pyrologix,12,59-26,2021,599.2939244400477,0.003914596978574991,0,drone,1,9.489961992702219e-05,4835,0.0046500813764240876,True
GaussianBudget75M_TOPGrowing,School_2021-CASRF-000313,20210521,15,pyrologix,7,31-24,2021,0.0,0.005944217089563608,1,drone,1,9.489961992702219e-05,3335,0.0046500813764240876,True
GaussianBudget75M_TOPGrowing,Seven_2021-CACNF-001500,20210529,16,pyrologix,4,220-87,2021,0.0,0.002066944958642125,0,drone,1,9.489961992702219e-05,1605,0.004460282136570043,True
GaussianBudget75M_TOPGrowing,Shade_2021-CACNF-002704,20210818,14,pyrologix,7,237-97,2021,0.0,0.0023300820030272007,0,drone,1,9.489961992702219e-05,2765,0.0046500813764240876,True
GaussianBudget75M_TOPGrowing,Silver_2021-CAPNF-000716,20210531,8,pyrologix,10,72-52,2021,0.0,0.004124555038288236,0,drone,1,9.489961992702219e-05,4050,0.0046500813764240876,True
GaussianBudget75M_TOPGrowing,Site_11_2021-CACNF-000929,20210328,12,pyrologix,10,220-87,2021,0.0,0.005329866078682244,0,drone,1,9.489961992702219e-05,3980,0.004555181756497065,True
GaussianBudget75M_TOPGrowing,Slate_2021-CASRF-000173,20210330,20,pyrologix,6,31-24,2021,0.0,0.006508457008749247,1,drone,1,9.489961992702219e-05,2995,0.0046500813764240876,True
GaussianBudget75M_TOPGrowing,Smith_2021-CAPNF-001355,20210730,22,pyrologix,5,72-66,2021,0.0,0.004280068911612034,0,drone,1,9.489961992702219e-05,2240,0.0046500813764240876,True
GaussianBudget75M_TOPGrowing,South_2021-CASRF-000226,20210421,21,pyrologix,5,38-21,2021,0.0,0.0037887649377807975,0,drone,1,9.489961992702219e-05,2240,0.0046500813764240876,True
GaussianBudget75M_TOPGrowing,Spring_2021-CAPNF-001012,20210701,21,pyrologix,8,none,2021,0.0,0.0019457120215520263,-1,undetected,1,9.489961992702219e-05,0,0.0,False
GaussianBudget75M_TOPGrowing,Squirrel_2021-CAPNF-000574,20210509,2,pyrologix,6,72-59,2021,0.0,0.0021415050141513348,0,drone,1,9.489961992702219e-05,2400,0.0046500813764240876,True
GaussianBudget75M_TOPGrowing,Stanshaw_2021-CASRF-000187,20210404,16,pyrologix,12,24-25,2021,0.0,0.0030488320626318455,0,drone,1,9.489961992702219e-05,4690,0.0046500813764240876,True
GaussianBudget75M_TOPGrowing,Stoneridge_2021-CACNF-003429,20211120,18,pyrologix,11,230-100,2021,0.0,0.003363237017765641,0,drone,1,9.489961992702219e-05,4260,0.0046500813764240876,True
GaussianBudget75M_TOPGrowing,Sugarbowl_2021-CASRF-000115,20210304,2,pyrologix,6,31-17,2021,0.0,0.005416868953034282,0,drone,1,9.489961992702219e-05,2485,0.0046500813764240876,True
GaussianBudget75M_TOPGrowing,Sundance_2021-CACNF-002266,20210718,23,pyrologix,2,244-98,2021,0.0,0.005888416082598269,1,drone,1,9.489961992702219e-05,1345,0.004460282136570043,True
GaussianBudget75M_TOPGrowing,Sweetbriar_2021-CASHF-001025,20210707,5,pyrologix,5,37-42,2021,0.0,0.002101756981573999,0,drone,1,9.489961992702219e-05,1985,0.0046500813764240876,True
GaussianBudget75M_TOPGrowing,TAMARACK_2021-CALNF-002852,20210531,19,pyrologix,7,58-61,2021,0.0,0.01672326901461929,5,drone,1,9.489961992702219e-05,4880,0.0046500813764240876,True
GaussianBudget75M_TOPGrowing,TAMARACK_2021-CASHF-001181,20210730,21,pyrologix,1,30-38,2021,0.0,0.001909857033751905,0,drone,1,9.489961992702219e-05,505,0.0036061855572268433,True
GaussianBudget75M_TOPGrowing,TAMARIN_2021-CABDF-011615,20210729,15,pyrologix,10,206-88,2021,0.0,0.005169239011593163,0,drone,1,9.489961992702219e-05,4205,0.004460282136570043,True
GaussianBudget75M_TOPGrowing,TANGLE_2021-CASHF-001013,20210705,13,pyrologix,1,37-35,2021,0.0,0.0036644820356741548,0,drone,1,9.489961992702219e-05,565,0.0040806836568619545,True
GaussianBudget75M_TOPGrowing,TAYLOR_2021-CAINF-002482,20210911,16,pyrologix,9,124-80,2021,0.0,0.003942792071029544,0,drone,1,9.489961992702219e-05,3720,0.0046500813764240876,True
GaussianBudget75M_TOPGrowing,TEJON_2021-CAANF-000190,20210118,16,pyrologix,1,none,2021,0.0,0.001913740998134017,-1,undetected,1,9.489961992702219e-05,0,0.0,False
GaussianBudget75M_TOPGrowing,TELEPHONE_2021-CAKNF-005027,20210625,4,pyrologix,7,37-35,2021,0.0,0.0034130570711568,0,drone,1,9.489961992702219e-05,2930,0.0046500813764240876,True
GaussianBudget75M_TOPGrowing,TEMPLETON_2021-CAINF-001796,20210719,18,pyrologix,1,162-85,2021,0.0,0.003160448046401143,0,drone,1,9.489961992702219e-05,650,0.004365382516643021,True
GaussianBudget75M_TOPGrowing,TEMPLIN_2021-CAANF-000022,20210102,17,pyrologix,7,195-71,2021,0.0,0.0043467729119583964,0,drone,1,9.489961992702219e-05,3070,0.0046500813764240876,True
GaussianBudget75M_TOPGrowing,TENNANT_2021-CAKNF-005169,20210628,21,pyrologix,5,30-52,2021,0.0,0.005862389924004674,1,drone,1,9.489961992702219e-05,2490,0.0046500813764240876,True
GaussianBudget75M_TOPGrowing,TEWANET_2021-CABDF-002530,20210209,21,pyrologix,4,none,2021,0.0,0.0019449000246822834,-1,undetected,1,9.489961992702219e-05,0,0.0,False
GaussianBudget75M_TOPGrowing,TICK_2021-CAANF-001400,20210505,20,pyrologix,4,201-76,2021,0.0,0.0021388940513134003,0,drone,1,9.489961992702219e-05,1600,0.004555181756497065,True
GaussianBudget75M_TOPGrowing,TINKER_2021-CATNF-001251,20210705,23,pyrologix,4,86-67,2021,0.0,0.003014524932950735,0,drone,1,9.489961992702219e-05,1695,0.004175583276788976,True
GaussianBudget75M_TOPGrowing,TOOLBOX_2021-CABDF-016095,20211031,17,pyrologix,1,223-101,2021,0.0,0.002975818933919072,0,drone,1,9.489961992702219e-05,665,0.004365382516643021,True
GaussianBudget75M_TOPGrowing,TOWNSEND_2021-CAANF-003440,20210912,0,pyrologix,1,195-71,2021,0.0,0.005568129010498524,1,drone,1,9.489961992702219e-05,905,0.004460282136570043,True
GaussianBudget75M_TOPGrowing,TRAILHEAD_2021-CAKNF-006403,20210731,11,pyrologix,11,31-31,2021,0.0,0.00663007702678442,1,drone,1,9.489961992702219e-05,4880,0.0046500813764240876,True
GaussianBudget75M_TOPGrowing,TRANSPORT_2021-CABDF-000949,20210111,7,pyrologix,3,206-88,2021,0.0,0.004115428077057004,0,drone,1,9.489961992702219e-05,1415,0.004365382516643021,True
GaussianBudget75M_TOPGrowing,TREE_2021-CAKNF-009333,20211021,21,pyrologix,5,23-39,2021,0.0,0.006159184034913778,0,drone,1,9.489961992702219e-05,2215,0.0046500813764240876,True
GaussianBudget75M_TOPGrowing,TREE_2021-CATNF-001762,20210910,11,pyrologix,10,93-56,2021,0.0,0.004065367043949664,0,drone,1,9.489961992702219e-05,4100,0.0046500813764240876,True
GaussianBudget75M_TOPGrowing,TROY_2021-CASQF-002353,20210719,12,pyrologix,6,162-85,2021,0.0,0.0037281319964677095,0,drone,1,9.489961992702219e-05,2545,0.0046500813764240876,True
GaussianBudget75M_TOPGrowing,TUCKER_2021-CASTF-000297,20210222,17,pyrologix,6,114-57,2021,0.0,0.0023480060044676065,0,drone,1,9.489961992702219e-05,2370,0.0046500813764240876,True
GaussianBudget75M_TOPGrowing,TUFA_2021-CAINF-001444,20210629,21,pyrologix,8,115-77,2021,0.0,0.003858598996885121,0,drone,1,9.489961992702219e-05,3300,0.004555181756497065,True
GaussianBudget75M_TOPGrowing,TUFF_2021-CAINF-001092,20210605,12,pyrologix,7,none,2021,0.0,0.0018871930660679936,-1,undetected,1,9.489961992702219e-05,0,0.0,False
GaussianBudget75M_TOPGrowing,TUJUNGA__2021-CAANF-002494,20210709,13,pyrologix,2,206-81,2021,0.0,0.0032587479799985886,0,drone,1,9.489961992702219e-05,950,0.003985784036934932,True
GaussianBudget75M_TOPGrowing,TUMBLEWEED_2021-CAANF-002402,20210704,20,pyrologix,2,none,2021,0.0,0.0018719049403443933,-1,undetected,1,9.489961992702219e-05,0,0.0,False
GaussianBudget75M_TOPGrowing,TUNNELS_2021-CAANF-002246,20210627,13,pyrologix,9,206-88,2021,0.0,0.0033321590162813663,0,drone,1,9.489961992702219e-05,3585,0.004365382516643021,True
GaussianBudget75M_TOPGrowing,TURNOUT_2021-CAANF-003853,20211017,16,pyrologix,7,206-81,2021,0.0,0.0036038620164617896,0,drone,1,9.489961992702219e-05,2940,0.0040806836568619545,True
GaussianBudget75M_TOPGrowing,TURNOUT_2021-CABDF-016627,20211111,12,pyrologix,12,209-96,2021,0.0,0.0035149590112268925,0,drone,1,9.489961992702219e-05,4750,0.004460282136570043,True
GaussianBudget75M_TOPGrowing,TWENTYFIVE_2021-CASTF-002441,20210910,18,pyrologix,8,114-64,2021,0.0,0.009637049050070345,2,drone,1,9.489961992702219e-05,4270,0.0046500813764240876,True
GaussianBudget75M_TOPGrowing,TWICE_2021-CAANF-003175,20210826,12,pyrologix,9,195-71,2021,0.0,0.0027779119554907084,0,drone,1,9.489961992702219e-05,3565,0.0046500813764240876,True
GaussianBudget75M_TOPGrowing,TWIN_2021-CAENF-017644,20210622,20,pyrologix,7,100-61,2021,0.0,0.006268625962547958,1,drone,1,9.489961992702219e-05,3345,0.0046500813764240876,True
GaussianBudget75M_TOPGrowing,TWIN_2021-CASHF-000945,20210625,19,pyrologix,12,37-42,2021,0.0,0.0076294910395517945,1,drone,1,9.489961992702219e-05,5205,0.0046500813764240876,True
GaussianBudget75M_TOPGrowing,TWIN_2021-CASNF-000720,20210630,22,pyrologix,6,134-74,2021,0.0,0.010294341016560793,1,drone,1,9.489961992702219e-05,2920,0.0046500813764240876,True
GaussianBudget75M_TOPGrowing,Taylor_2021-CAPNF-000694,20210529,15,pyrologix,4,65-57,2021,0.0,0.0037433139514178038,0,drone,1,9.489961992702219e-05,1820,0.004365382516643021,True
GaussianBudget75M_TOPGrowing,Thompson__2021-CAPNF-000508,20210423,20,pyrologix,4,72-59,2021,0.0,0.0034922310151159763,0,drone,1,9.489961992702219e-05,1850,0.0046500813764240876,True
GaussianBudget75M_TOPGrowing,Three_Two_2021-CASRF-000217,20210419,13,pyrologix,9,24-25,2021,0.0,0.0067364099668338895,1,drone,1,9.489961992702219e-05,4055,0.0046500813764240876,True
GaussianBudget75M_TOPGrowing,Three__2021-CASRF-000205,20210415,23,pyrologix,8,24-25,2021,0.0,0.0037634039763361216,0,drone,1,9.489961992702219e-05,3280,0.0046500813764240876,True
GaussianBudget75M_TOPGrowing,Tooms_2021-CAPNF-001156,20210711,20,pyrologix,3,72-52,2021,0.0,0.0026096580550074577,0,drone,1,9.489961992702219e-05,1300,0.0046500813764240876,True
GaussianBudget75M_TOPGrowing,Tunnel_2021-CASRF-000386,20210610,17,pyrologix,8,38-21,2021,0.0,0.0024928180500864983,0,drone,1,9.489961992702219e-05,3215,0.0046500813764240876,True
GaussianBudget75M_TOPGrowing,Turkey_2021-CALPF-001575,20210626,16,pyrologix,7,175-45,2021,0.0,0.003494067001156509,0,drone,1,9.489961992702219e-05,2900,0.0046500813764240876,True
GaussianBudget75M_TOPGrowing,Turnout_2021-CACNF-003342,20211106,15,pyrologix,4,220-87,2021,0.0,0.0021217059111222625,0,drone,1,9.489961992702219e-05,1605,0.004460282136570043,True
GaussianBudget75M_TOPGrowing,Twain_2021-CAPNF-000486,20210421,22,pyrologix,2,65-57,2021,0.0,0.0027144169434905052,0,drone,1,9.489961992702219e-05,925,0.004175583276788976,True
GaussianBudget75M_TOPGrowing,UNDERWOOD_2021-CASHF-001191,20210731,18,pyrologix,2,38-21,2021,0.0,0.002263821894302964,0,drone,1,9.489961992702219e-05,915,0.004555181756497065,True
GaussianBudget75M_TOPGrowing,UPHILL_2021-CABDF-013838,20210919,14,pyrologix,11,206-88,2021,0.0,0.003965053940191865,0,drone,1,9.489961992702219e-05,4350,0.004460282136570043,True
GaussianBudget75M_TOPGrowing,UPPER_2021-CABDF-009448,20210613,0,pyrologix,2,209-96,2021,0.0,0.005848826025612652,1,drone,1,9.489961992702219e-05,1405,0.004365382516643021,True
GaussianBudget75M_TOPGrowing,Ullathorne_2021-CASRF-000204,20210413,23,pyrologix,1,31-24,2021,0.0,0.005522432969883084,0,drone,1,9.489961992702219e-05,660,0.0046500813764240876,True
GaussianBudget75M_TOPGrowing,VALLEY_2021-CAMDF-000410,20210524,19,pyrologix,7,36-70,2021,0.0,0.009677972993813455,2,drone,1,9.489961992702219e-05,3710,0.0046500813764240876,True
GaussianBudget75M_TOPGrowing,VALLEY_2021-CATNF-001454,20210730,13,pyrologix,11,86-60,2021,0.0,0.004721313947811723,0,drone,1,9.489961992702219e-05,4495,0.0046500813764240876,True
GaussianBudget75M_TOPGrowing,VALLEY__2021-CAANF-000645,20210301,14,pyrologix,10,195-71,2021,0.0,0.003984148963354528,0,drone,1,9.489961992702219e-05,4100,0.0046500813764240876,True
GaussianBudget75M_TOPGrowing,VALLEY__2021-CASTF-001888,20210730,14,pyrologix,9,114-64,2021,0.0,0.005831891088746488,1,drone,1,9.489961992702219e-05,4120,0.0046500813764240876,True
GaussianBudget75M_TOPGrowing,VALYERMO_2021-CAANF-002916,20210805,18,pyrologix,6,206-81,2021,0.0,0.003680614987388253,0,drone,1,9.489961992702219e-05,2565,0.0040806836568619545,True
GaussianBudget75M_TOPGrowing,VASQUEZ_2021-CAANF-002923,20210806,13,pyrologix,12,201-76,2021,0.0,0.0048357920022681355,0,drone,1,9.489961992702219e-05,4935,0.004555181756497065,True
GaussianBudget75M_TOPGrowing,VIEWPOINT_Viewpoint_2021-CACNF-003463,20211125,3,pyrologix,4,244-98,2021,0.0,0.0024828040041029453,0,drone,1,9.489961992702219e-05,1710,0.004460282136570043,True
GaussianBudget75M_TOPGrowing,VIEW_2021-CAANF-003226,20210829,6,pyrologix,5,195-71,2021,0.0,0.002977816970087588,0,drone,1,9.489961992702219e-05,2110,0.0046500813764240876,True
GaussianBudget75M_TOPGrowing,VISTA_2021-CAANF-001071,20210406,23,pyrologix,1,195-71,2021,0.0,0.0034009339287877083,0,drone,1,9.489961992702219e-05,685,0.004460282136570043,True
GaussianBudget75M_TOPGrowing,VISTA_2021-CABDF-005850,20210401,15,pyrologix,7,209-96,2021,0.0,0.006829755962826312,1,drone,1,9.489961992702219e-05,3405,0.004460282136570043,True
GaussianBudget75M_TOPGrowing,VISTA_2021-CASTF-001903,20210731,22,pyrologix,7,107-68,2021,0.0,0.0034259470412507653,0,drone,1,9.489961992702219e-05,2940,0.0046500813764240876,True
GaussianBudget75M_TOPGrowing,VIXEN_2021-CABDF-011348,20210723,15,pyrologix,7,223-101,2021,0.0,0.0033458280377089977,0,drone,1,9.489961992702219e-05,2745,0.0046500813764240876,True
GaussianBudget75M_TOPGrowing,VLECK_2021-CAENF-022079,20210730,22,pyrologix,6,93-62,2021,0.0,0.002921651001088321,0,drone,1,9.489961992702219e-05,2455,0.0046500813764240876,True
GaussianBudget75M_TOPGrowing,VOGEL_2021-CAANF-003688,20211003,2,pyrologix,11,201-76,2021,0.0,0.006201133015565574,1,drone,1,9.489961992702219e-05,4835,0.004555181756497065,True
GaussianBudget75M_TOPGrowing,VOLCANO__2021-CAINF-001788,20210719,15,pyrologix,2,162-85,2021,0.0,0.002878646948374808,0,drone,1,9.489961992702219e-05,985,0.0046500813764240876,True
GaussianBudget75M_TOPGrowing,VOLCOM_2021-CAINF-002538,20210917,12,pyrologix,7,127-76,2021,0.0,0.006153077003546059,1,drone,1,9.489961992702219e-05,3335,0.0047449809963511095,True
GaussianBudget75M_TOPGrowing,Viejas_2021-CACNF-001276,20210505,13,pyrologix,9,244-98,2021,0.0,0.007088853977620602,1,drone,1,9.489961992702219e-05,4165,0.0046500813764240876,True
GaussianBudget75M_TOPGrowing,WAGY_2021-CASQF-001819,20210627,14,pyrologix,5,170-77,2021,0.0,0.004144679056480527,0,drone,1,9.489961992702219e-05,2305,0.0046500813764240876,True
GaussianBudget75M_TOPGrowing,WALKERS_2021-CASQF-002758,20210815,14,pyrologix,8,none,2021,0.0,0.0018469389760866761,-1,undetected,1,9.489961992702219e-05,0,0.0,False
GaussianBudget75M_TOPGrowing,WALKER_2021-CAINF-001067,20210603,20,pyrologix,11,124-80,2021,0.0,0.004248582990840077,0,drone,1,9.489961992702219e-05,4515,0.0046500813764240876,True
GaussianBudget75M_TOPGrowing,WALKER_2021-CAKNF-002604,20210410,20,pyrologix,2,17-34,2021,0.0,0.002115128911100328,0,drone,1,9.489961992702219e-05,890,0.00389088441700791,True
GaussianBudget75M_TOPGrowing,WALKER_2021-CAKNF-006078,20210723,13,pyrologix,4,17-34,2021,0.0,0.0023114020004868507,0,drone,1,9.489961992702219e-05,1670,0.003985784036934932,True
GaussianBudget75M_TOPGrowing,WALLOW_2021-CAKNF-005034,20210625,13,pyrologix,4,none,2021,0.0,0.0018507189815863967,-1,undetected,1,9.489961992702219e-05,0,0.0,False
GaussianBudget75M_TOPGrowing,WARMING__2021-CAANF-001210,20210419,21,pyrologix,10,201-76,2021,0.0,0.0036515939282253385,0,drone,1,9.489961992702219e-05,4055,0.004555181756497065,True
GaussianBudget75M_TOPGrowing,WASHES_2021-CABDF-011985,20210807,21,pyrologix,9,206-88,2021,0.0,0.003952980972826481,0,drone,1,9.489961992702219e-05,3650,0.004365382516643021,True
GaussianBudget75M_TOPGrowing,WASHINGTON_2021-CATNF-000515,20210406,19,pyrologix,5,86-53,2021,0.0,0.00395009689964354,0,drone,1,9.489961992702219e-05,2195,0.0046500813764240876,True
GaussianBudget75M_TOPGrowing,WATSON_2021-CATMU-023866,20210813,18,pyrologix,6,86-67,2021,0.0,0.003297240938991308,0,drone,1,9.489961992702219e-05,2450,0.004175583276788976,True
GaussianBudget75M_TOPGrowing,WATSON_2021-CATNF-002108,20211017,20,pyrologix,1,86-67,2021,0.0,0.005363343982025981,1,drone,1,9.489961992702219e-05,910,0.004175583276788976,True
GaussianBudget75M_TOPGrowing,WAY_2021-CABDF-011645,20210730,17,pyrologix,4,206-88,2021,0.0,0.005735379992984235,1,drone,1,9.489961992702219e-05,2075,0.004365382516643021,True
GaussianBudget75M_TOPGrowing,WEBBER_2021-CATNF-001089,20210625,21,pyrologix,6,79-61,2021,0.0,0.009746805066242814,1,drone,1,9.489961992702219e-05,2980,0.0046500813764240876,True
GaussianBudget75M_TOPGrowing,WEED_3-4_2021-CASKU-005050,20210625,16,pyrologix,10,30-45,2021,0.0,0.0027804889250546694,0,drone,1,9.489961992702219e-05,3910,0.0046500813764240876,True
GaussianBudget75M_TOPGrowing,WEST_2021-CASNF-000781,20210703,22,pyrologix,2,128-62,2021,604.3865179960849,0.0026979289250448346,0,drone,1,9.489961992702219e-05,920,0.0046500813764240876,True
GaussianBudget75M_TOPGrowing,WHALE_2021-CAKNF-002260,20210328,2,pyrologix,7,30-45,2021,0.0,0.005016090930439532,0,drone,1,9.489961992702219e-05,2785,0.0046500813764240876,True
GaussianBudget75M_TOPGrowing,WHEATS_2021-CASTF-001867,20210729,23,pyrologix,1,107-68,2021,0.0,0.005763881024904549,1,drone,1,9.489961992702219e-05,980,0.004555181756497065,True
GaussianBudget75M_TOPGrowing,WHISKEY_2021-CAKNF-006344,20210730,18,pyrologix,2,31-31,2021,0.0,0.0024259219644591212,0,drone,1,9.489961992702219e-05,940,0.0046500813764240876,True
GaussianBudget75M_TOPGrowing,WHITE_2021-CAENF-021726,20210726,18,pyrologix,10,100-61,2021,0.0,0.003593064029701054,0,drone,1,9.489961992702219e-05,4045,0.0046500813764240876,True
GaussianBudget75M_TOPGrowing,WHITE_2021-CASHF-001242,20210808,19,pyrologix,1,31-24,2021,0.0,0.0025368150090798736,0,drone,1,9.489961992702219e-05,560,0.004175583276788976,True
GaussianBudget75M_TOPGrowing,WHITE_POST_2021-CABDF-011135,20210718,13,pyrologix,11,223-101,2021,0.0,0.005130358971655369,0,drone,1,9.489961992702219e-05,4500,0.0046500813764240876,True
GaussianBudget75M_TOPGrowing,WHITTEMORE_2021-CAMDF-001449,20210813,14,pyrologix,10,36-70,2021,0.0,0.0034479560563340783,0,drone,1,9.489961992702219e-05,4020,0.0046500813764240876,True
GaussianBudget75M_TOPGrowing,WILCOX_2021-CALNF-001660,20210404,2,pyrologix,4,51-54,2021,0.0,0.0018539209850132465,0,drone,1,9.489961992702219e-05,1630,0.0046500813764240876,True
GaussianBudget75M_TOPGrowing,WILDHORSE_2021-CABDF-012130,20210810,17,pyrologix,12,214-103,2021,0.0,0.0048587380442768335,0,drone,1,9.489961992702219e-05,5060,0.004270482896715999,True
GaussianBudget75M_TOPGrowing,WILDWOOD_2021-CABDF-011813,20210802,8,pyrologix,8,209-96,2021,0.0,0.006433741073124111,1,drone,1,9.489961992702219e-05,3715,0.004460282136570043,True
GaussianBudget75M_TOPGrowing,WILD_2021-CABDF-012202,20210812,16,pyrologix,5,214-103,2021,0.0,0.002573588048107922,0,drone,1,9.489961992702219e-05,2095,0.004270482896715999,True
GaussianBudget75M_TOPGrowing,WILD_2021-CAKNF-006466,20210801,18,pyrologix,8,30-52,2021,0.0,0.012083219015039504,1,drone,1,9.489961992702219e-05,3775,0.0046500813764240876,True
GaussianBudget75M_TOPGrowing,WILLIAMS_2021-CAMDF-001448,20210813,14,pyrologix,11,36-70,2021,0.0,0.009383357013575733,2,drone,1,9.489961992702219e-05,5165,0.0046500813764240876,True
GaussianBudget75M_TOPGrowing,WILLOW_2021-CAMDF-000577,20210622,13,pyrologix,8,none,2021,0.0,0.0019288549665361643,-1,undetected,1,9.489961992702219e-05,0,0.0,False
GaussianBudget75M_TOPGrowing,WILLOW_2021-CATMU-029520,20211003,20,pyrologix,5,100-68,2021,0.0,0.002743849065154791,0,drone,1,9.489961992702219e-05,2070,0.004555181756497065,True
GaussianBudget75M_TOPGrowing,WILLOW_2021-CATNF-001769,20210910,15,pyrologix,9,79-61,2021,0.0,0.003954699961468577,0,drone,1,9.489961992702219e-05,3825,0.0046500813764240876,True
GaussianBudget75M_TOPGrowing,WILSON_2021-CAINF-001454,20210629,23,pyrologix,12,115-77,2021,0.0,0.004387955064885318,0,drone,1,9.489961992702219e-05,4895,0.004555181756497065,True
GaussianBudget75M_TOPGrowing,WILSON__2021-CAANF-001478,20210514,4,pyrologix,3,206-81,2021,0.0,0.0025809570215642452,0,drone,1,9.489961992702219e-05,1275,0.003985784036934932,True
GaussianBudget75M_TOPGrowing,WISHON_2021-CASNF-000458,20210531,9,pyrologix,11,141-74,2021,0.0,0.0029740770114585757,0,drone,1,9.489961992702219e-05,4425,0.0046500813764240876,True
GaussianBudget75M_TOPGrowing,WOODS__2021-CASTF-001757,20210720,19,pyrologix,4,107-68,2021,0.0,0.0038065470289438963,0,drone,1,9.489961992702219e-05,1910,0.0046500813764240876,True
GaussianBudget75M_TOPGrowing,WOODWARD_2021-CASQF-000684,20210407,20,pyrologix,4,147-79,2021,0.0,0.0032244500471279025,0,drone,1,9.489961992702219e-05,1775,0.0046500813764240876,True
GaussianBudget75M_TOPGrowing,WORLD_2021-CABDF-015371,20211024,0,pyrologix,4,209-96,2021,0.0,0.0029118640813976526,0,drone,1,9.489961992702219e-05,1760,0.004460282136570043,True
GaussianBudget75M_TOPGrowing,WRIGHTS_2021-CAENF-009608,20210410,0,pyrologix,1,100-61,2021,0.0,0.0020783900981768966,0,drone,1,9.489961992702219e-05,505,0.0036061855572268433,True
GaussianBudget75M_TOPGrowing,Waldorf_2021-CASHF-000602,20210515,11,pyrologix,7,38-28,2021,0.0,0.006210542982444167,1,drone,1,9.489961992702219e-05,3355,0.0046500813764240876,True
GaussianBudget75M_TOPGrowing,Warming_2021-CACNF-001108,20210417,9,pyrologix,9,230-100,2021,0.0,0.011234714067541063,1,drone,1,9.489961992702219e-05,3920,0.0046500813764240876,True
GaussianBudget75M_TOPGrowing,Wildcat_2021-CAPNF-001050,20210703,19,pyrologix,10,65-64,2021,0.0,0.004857157007791102,0,drone,1,9.489961992702219e-05,4230,0.0046500813764240876,True
GaussianBudget75M_TOPGrowing,Willow_2021-CALPF-001493,20210618,0,pyrologix,7,none,2021,0.0,0.0018668320262804627,-1,undetected,1,9.489961992702219e-05,0,0.0,False
GaussianBudget75M_TOPGrowing,Willow_2021-CASRF-000604,20210723,16,pyrologix,1,38-21,2021,0.0,0.0053297539707273245,1,drone,1,9.489961992702219e-05,980,0.0046500813764240876,True
GaussianBudget75M_TOPGrowing,Willows_2021-CACNF-002745,20210823,19,pyrologix,2,244-98,2021,0.0,0.0026646630140021443,0,drone,1,9.489961992702219e-05,895,0.004270482896715999,True
GaussianBudget75M_TOPGrowing,Windy_2021-CASRF-000434,20210622,12,pyrologix,8,45-20,2021,0.0,0.002974526025354862,0,drone,1,9.489961992702219e-05,3115,0.0046500813764240876,True
GaussianBudget75M_TOPGrowing,Wolf_2021-CAPNF-000598,20210513,22,pyrologix,2,65-57,2021,0.0,0.003634424996562302,0,drone,1,9.489961992702219e-05,1090,0.004365382516643021,True
GaussianBudget75M_TOPGrowing,Wolf_2021-CAPNF-000795,20210613,18,pyrologix,5,65-57,2021,0.0,0.005856634001247585,1,drone,1,9.489961992702219e-05,2440,0.004460282136570043,True
GaussianBudget75M_TOPGrowing,YELLOWJACKET_2021-CAINF-001481,20210630,18,pyrologix,10,none,2021,0.0,0.0019172030733898282,-1,undetected,1,9.489961992702219e-05,0,0.0,False
GaussianBudget75M_TOPGrowing,YELLOWJACKET_2021-CAKNF-007031,20210816,21,pyrologix,5,24-32,2021,0.0,0.0029786579543724656,0,drone,1,9.489961992702219e-05,2160,0.0046500813764240876,True
GaussianBudget75M_TOPGrowing,YELLOW_2021-CABDF-018163,20211127,20,pyrologix,6,223-101,2021,0.0,0.00481493107508868,1,drone,1,9.489961992702219e-05,2620,0.0046500813764240876,True
GaussianBudget75M_TOPGrowing,YELLOW_2021-CAKNF-003633,20210515,14,pyrologix,11,31-31,2021,0.0,0.0035559909883886576,0,drone,1,9.489961992702219e-05,4440,0.0046500813764240876,True
GaussianBudget75M_TOPGrowing,Yellow_2021-CASHF-000950,20210625,2,pyrologix,6,30-45,2021,0.0,0.0021981289610266685,0,drone,1,9.489961992702219e-05,2370,0.0046500813764240876,True
GaussianBudget75M_TOPGrowing,Zeigler_2021-CASRF-000202,20210413,11,pyrologix,9,38-21,2021,0.0,0.002613510936498642,0,drone,1,9.489961992702219e-05,3595,0.0046500813764240876,True
GaussianBudget75M_TOPGrowing,Zot_2021-CASHF-000948,20210625,23,pyrologix,9,30-38,2021,0.0,0.006776723079383373,1,drone,1,9.489961992702219e-05,4125,0.0046500813764240876,True
GaussianBudget75M_TOPGrowing,Zumbrota_2021-CACNF-002802,20210829,17,pyrologix,6,244-98,2021,0.0,0.0032524350099265575,0,drone,1,9.489961992702219e-05,2555,0.004555181756497065,True
