strategy_combo,scenario_name,date,sim_start_hour,log_key,offset,cluster,year,routing_compute_seconds,sim_replay_seconds,delta_t,device,fire_size_cells,fire_size_percentage,total_distance_traveled,percentage_map_explored,routed
GaussianBudget75M_LinearMinTime,1-8_Jessen_2024-CALMU-004352,20240723,19,pyrologix,9,51-61,2024,0.0,0.005346240941435099,0,drone,1,9.489961992702219e-05,3695,0.0046500813764240876,True
GaussianBudget75M_LinearMinTime,4-1_2024-CATCU-006043,20240515,23,pyrologix,7,114-64,2024,0.0,0.0031242810655385256,0,drone,1,9.489961992702219e-05,2720,0.004365382516643021,True
GaussianBudget75M_LinearMinTime,5-1_2024-CAMMU-016051,20240714,12,pyrologix,6,135-67,2024,0.0,0.0044139440869912505,0,drone,1,9.489961992702219e-05,2525,0.004365382516643021,True
GaussianBudget75M_LinearMinTime,5-2_2024-CAMMU-016053,20240714,9,pyrologix,12,135-67,2024,0.0,0.0037076689768582582,0,drone,1,9.489961992702219e-05,4545,0.004555181756497065,True
GaussianBudget75M_LinearMinTime,5-2_2024-CASHU-009215,20240818,19,pyrologix,10,44-34,2024,0.0,0.014406237052753568,4,drone,1,9.489961992702219e-05,5290,0.0046500813764240876,True
GaussianBudget75M_LinearMinTime,5-4_2024-CAMMU-016086,20240714,19,pyrologix,3,135-67,2024,0.0,0.004339355044066906,0,drone,1,9.489961992702219e-05,1235,0.004365382516643021,True
GaussianBudget75M_LinearMinTime,Ackerson_2024-CASTF-001399,20240716,23,pyrologix,3,121-68,2024,0.0,0.018815835937857628,-1,undetected,1,9.489961992702219e-05,3245,0.004175583276788976,True
GaussianBudget75M_LinearMinTime,Acorn_2024-CACNF-002683,20241124,20,pyrologix,8,none,2024,0.0,0.0019047849345952272,-1,undetected,1,9.489961992702219e-05,0,0.0,False
GaussianBudget75M_LinearMinTime,Acorn_2024-CASQF-001270,20240714,19,pyrologix,7,177-72,2024,0.0,0.003431656979955733,0,drone,1,9.489961992702219e-05,2670,0.004460282136570043,True
GaussianBudget75M_LinearMinTime,Airport_2024-CAKNF-009324,20241110,16,pyrologix,5,17-27,2024,0.0,0.00437909597530961,0,drone,1,9.489961992702219e-05,2310,0.004460282136570043,True
GaussianBudget75M_LinearMinTime,Alder_2024-CAANF-244447,20241205,5,pyrologix,8,206-81,2024,0.0,0.004774376982823014,0,drone,1,9.489961992702219e-05,3285,0.0037010851771538656,True
GaussianBudget75M_LinearMinTime,Alder_2024-CASHF-000370,20240606,20,pyrologix,7,37-35,2024,0.0,0.0031205579871311784,0,drone,1,9.489961992702219e-05,2645,0.004555181756497065,True
GaussianBudget75M_LinearMinTime,Aliso_2024-CALPF-002588,20241010,2,pyrologix,3,none,2024,0.0,0.0018499810248613358,-1,undetected,1,9.489961992702219e-05,0,0.0,False
GaussianBudget75M_LinearMinTime,Alpine_2024-CASTF-002246,20240924,13,pyrologix,8,114-64,2024,0.0,0.003506814013235271,0,drone,1,9.489961992702219e-05,3075,0.004460282136570043,True
GaussianBudget75M_LinearMinTime,Alpine_2024-CATNF-000884,20240714,23,pyrologix,7,93-62,2024,0.0,0.01903098006732762,-1,undetected,1,9.489961992702219e-05,435,0.002941888217737688,True
GaussianBudget75M_LinearMinTime,Alray_2024-CABDF-015057,20241027,21,pyrologix,8,206-88,2024,0.0,0.004035589983686805,0,drone,1,9.489961992702219e-05,3210,0.004175583276788976,True
GaussianBudget75M_LinearMinTime,Antelope_2024-CAPNF-000395,20240612,3,pyrologix,3,65-64,2024,0.0,0.011109058978036046,3,drone,1,9.489961992702219e-05,2295,0.004460282136570043,True
GaussianBudget75M_LinearMinTime,Apache_2024-CALPF-001757,20240724,1,pyrologix,1,none,2024,0.0,0.0018401599954813719,-1,undetected,1,9.489961992702219e-05,0,0.0,False
GaussianBudget75M_LinearMinTime,Applegate_2024-CAMDF-000802,20240829,19,pyrologix,6,none,2024,0.0,0.0018300350056961179,-1,undetected,1,9.489961992702219e-05,0,0.0,False
GaussianBudget75M_LinearMinTime,Archer_2024-CAANF-243524,20240927,6,pyrologix,6,195-71,2024,0.0,0.005306628067046404,1,drone,1,9.489961992702219e-05,2535,0.004365382516643021,True
GaussianBudget75M_LinearMinTime,Argentine_2024-CAPNF-000269,20240515,17,pyrologix,4,72-59,2024,0.0,0.002671601017937064,0,drone,1,9.489961992702219e-05,1505,0.004175583276788976,True
GaussianBudget75M_LinearMinTime,Arnot_2024-CASTF-001473,20240721,16,pyrologix,2,107-68,2024,0.0,0.001799814053811133,0,drone,1,9.489961992702219e-05,810,0.004270482896715999,True
GaussianBudget75M_LinearMinTime,Ash_2024-CAMDF-000501,20240724,17,pyrologix,7,43-69,2024,0.0,0.005531950970180333,1,drone,1,9.489961992702219e-05,2835,0.004365382516643021,True
GaussianBudget75M_LinearMinTime,Ashpan_2024-CALNF-003573,20240627,19,pyrologix,3,51-54,2024,0.0,0.004340193932875991,0,drone,1,9.489961992702219e-05,1460,0.004555181756497065,True
GaussianBudget75M_LinearMinTime,Aspen_2024-CAINF-000889,20240625,10,pyrologix,9,none,2024,0.0,0.002148541039787233,-1,undetected,1,9.489961992702219e-05,0,0.0,False
GaussianBudget75M_LinearMinTime,Azalea_2024-CASRF-000964,20241005,13,pyrologix,4,15-20,2024,0.0,0.002250719931907952,0,drone,1,9.489961992702219e-05,1660,0.0040806836568619545,True
GaussianBudget75M_LinearMinTime,Babbit_2024-CATNF-001465,20241007,18,pyrologix,6,79-68,2024,0.0,0.0056380529422312975,1,drone,1,9.489961992702219e-05,2720,0.004460282136570043,True
GaussianBudget75M_LinearMinTime,Babcock_2024-CAPNF-000739,20240714,21,pyrologix,11,65-64,2024,0.0,0.008805694989860058,2,drone,1,9.489961992702219e-05,4685,0.004460282136570043,True
GaussianBudget75M_LinearMinTime,Back_Bone_2024-CANEU-015937,20240607,21,pyrologix,6,79-54,2024,0.0,0.0033003860153257847,0,drone,1,9.489961992702219e-05,2730,0.004175583276788976,True
GaussianBudget75M_LinearMinTime,Badger_2024-CASNF-000935,20240714,22,pyrologix,8,134-74,2024,0.0,0.006190376938320696,1,drone,1,9.489961992702219e-05,3440,0.0046500813764240876,True
GaussianBudget75M_LinearMinTime,Bailey_2024-CABDF-005862,20240414,1,pyrologix,6,none,2024,0.0,0.0018971209647133946,-1,undetected,1,9.489961992702219e-05,0,0.0,False
GaussianBudget75M_LinearMinTime,Bailey_2024-CASRF-000702,20240803,20,pyrologix,4,52-19,2024,0.0,0.018263304024003446,-1,undetected,1,9.489961992702219e-05,4105,0.0033214866974457763,True
GaussianBudget75M_LinearMinTime,Baldwin_2024-CABDF-006762,20240506,16,pyrologix,2,none,2024,0.0,0.0018626040546223521,-1,undetected,1,9.489961992702219e-05,0,0.0,False
GaussianBudget75M_LinearMinTime,Baldy_2024-CAANF-242409,20240715,4,pyrologix,1,206-88,2024,0.0,0.0031887959921732545,0,drone,1,9.489961992702219e-05,640,0.0033214866974457763,True
GaussianBudget75M_LinearMinTime,Baldy_2024-CAMNF-000884,20240730,0,pyrologix,2,59-26,2024,0.0,0.004746632068417966,1,drone,1,9.489961992702219e-05,1290,0.004555181756497065,True
GaussianBudget75M_LinearMinTime,Banner_2024-CATNF-001676,20241207,17,pyrologix,12,86-53,2024,0.0,0.0048959479900076985,0,drone,1,9.489961992702219e-05,4755,0.0046500813764240876,True
GaussianBudget75M_LinearMinTime,Barbosa_2024-CAANF-242899,20240810,4,pyrologix,12,206-81,2024,0.0,0.00410030095372349,0,drone,1,9.489961992702219e-05,4515,0.003795984797080888,True
GaussianBudget75M_LinearMinTime,Barlow_2024-CASQF-001046,20240627,0,pyrologix,2,177-79,2024,0.0,0.018202391103841364,-1,undetected,1,9.489961992702219e-05,2960,0.004460282136570043,True
GaussianBudget75M_LinearMinTime,Barrett_2024-CACNF-000708,20240518,15,pyrologix,11,244-98,2024,0.0,0.0030489549972116947,0,drone,1,9.489961992702219e-05,3890,0.004555181756497065,True
GaussianBudget75M_LinearMinTime,Base_2024-CABDF-012513,20240906,0,pyrologix,1,209-96,2024,0.0,0.0020057620713487267,0,drone,1,9.489961992702219e-05,485,0.00303678783766471,True
GaussianBudget75M_LinearMinTime,Basin_2024-CASHF-000799,20240826,18,pyrologix,12,52-19,2024,0.0,0.01965978799853474,-1,undetected,1,9.489961992702219e-05,7365,0.0033214866974457763,True
GaussianBudget75M_LinearMinTime,Basin_2024-CASNF-000731,20240626,13,pyrologix,9,141-74,2024,0.0,0.007540551945567131,1,drone,1,9.489961992702219e-05,3830,0.004555181756497065,True
GaussianBudget75M_LinearMinTime,Bass_2024-CAMMU-023926,20241012,19,pyrologix,9,135-67,2024,0.0,0.0034558370243757963,0,drone,1,9.489961992702219e-05,3490,0.004460282136570043,True
GaussianBudget75M_LinearMinTime,Bassetts_2024-CATNF-001538,20241025,21,pyrologix,3,79-61,2024,0.0,0.002137219998985529,0,drone,1,9.489961992702219e-05,1315,0.004175583276788976,True
GaussianBudget75M_LinearMinTime,Bautista_2024-CABDF-011458,20240813,15,pyrologix,7,223-101,2024,0.0,0.003836120944470167,0,drone,1,9.489961992702219e-05,2765,0.004460282136570043,True
GaussianBudget75M_LinearMinTime,Bawdy_2024-CASNF-001693,20241008,17,pyrologix,6,134-74,2024,0.0,0.005181627930141985,1,drone,1,9.489961992702219e-05,2640,0.0046500813764240876,True
GaussianBudget75M_LinearMinTime,Beach_2024-CASQF-001885,20241006,15,pyrologix,11,177-72,2024,0.0,0.007858845056034625,1,drone,1,9.489961992702219e-05,4595,0.0046500813764240876,True
GaussianBudget75M_LinearMinTime,Beal_2024-CAFKU-012210,20240614,19,pyrologix,12,142-67,2024,0.0,0.0032333009876310825,0,drone,1,9.489961992702219e-05,4265,0.004270482896715999,True
GaussianBudget75M_LinearMinTime,Bear_2024-CAANF-243255,20240904,4,pyrologix,1,206-88,2024,0.0,0.005212499992921948,0,drone,1,9.489961992702219e-05,585,0.0033214866974457763,True
GaussianBudget75M_LinearMinTime,Bear_2024-CAMDF-000407,20240716,19,pyrologix,9,none,2024,0.0,0.0018887229962274432,-1,undetected,1,9.489961992702219e-05,0,0.0,False
GaussianBudget75M_LinearMinTime,Bear_2024-CASKU-008015,20240926,8,pyrologix,7,37-56,2024,0.0,0.003848738968372345,0,drone,1,9.489961992702219e-05,2805,0.0046500813764240876,True
GaussianBudget75M_LinearMinTime,Bear_2024-CASRF-000951,20241002,19,pyrologix,5,45-20,2024,0.0,0.01786716701462865,-1,undetected,1,9.489961992702219e-05,430,0.002467390118102577,True
GaussianBudget75M_LinearMinTime,Bear_2024-CATNF-001251,20240902,16,pyrologix,10,79-68,2024,0.0,0.0038339049788191915,0,drone,1,9.489961992702219e-05,3845,0.004555181756497065,True
GaussianBudget75M_LinearMinTime,Bear_2_2024-CAENF-031901,20241110,13,pyrologix,12,93-56,2024,0.0,0.0034956660820171237,0,drone,1,9.489961992702219e-05,4905,0.0046500813764240876,True
GaussianBudget75M_LinearMinTime,Bear_Dam_2024-CABDF-015192,20241028,23,pyrologix,12,209-96,2024,0.0,0.005839571938849986,0,drone,1,9.489961992702219e-05,4630,0.004270482896715999,True
GaussianBudget75M_LinearMinTime,Bear_Lake_2024-CASTF-001903,20240823,14,pyrologix,4,114-64,2024,0.0,0.025164674036204815,4,drone,1,9.489961992702219e-05,3075,0.004460282136570043,True
GaussianBudget75M_LinearMinTime,Beardsley_2024-CASTF-002557,20241102,22,pyrologix,3,114-64,2024,0.0,0.004240307956933975,0,drone,1,9.489961992702219e-05,1465,0.003985784036934932,True
GaussianBudget75M_LinearMinTime,Bee_2024-CAKNF-005736,20240716,19,pyrologix,7,none,2024,0.0,0.0018942860187962651,-1,undetected,1,9.489961992702219e-05,0,0.0,False
GaussianBudget75M_LinearMinTime,Bell_2024-CASTF-001979,20240830,21,pyrologix,2,114-64,2024,0.0,0.004312004894018173,0,drone,1,9.489961992702219e-05,885,0.0037010851771538656,True
GaussianBudget75M_LinearMinTime,Bench_2024-CACNF-002603,20241110,11,pyrologix,11,none,2024,0.0,0.001851261011324823,-1,undetected,1,9.489961992702219e-05,0,0.0,False
GaussianBudget75M_LinearMinTime,Berry_2024-CASRF-001009,20241017,14,pyrologix,9,45-20,2024,0.0,0.018607488018460572,-1,undetected,1,9.489961992702219e-05,430,0.002467390118102577,True
GaussianBudget75M_LinearMinTime,Big_2024-CAANF-243530,20240927,19,pyrologix,1,195-71,2024,0.0,0.003434479935094714,0,drone,1,9.489961992702219e-05,620,0.003795984797080888,True
GaussianBudget75M_LinearMinTime,Big_2024-CASQF-000665,20240526,16,pyrologix,9,147-79,2024,0.0,0.003957633045502007,0,drone,1,9.489961992702219e-05,3375,0.0046500813764240876,True
GaussianBudget75M_LinearMinTime,Billy_2024-CASNF-001544,20240915,18,pyrologix,1,134-74,2024,0.0,0.0036979899741709232,0,drone,1,9.489961992702219e-05,535,0.0036061855572268433,True
GaussianBudget75M_LinearMinTime,Bingham_2024-CAKNF-006782,20240817,22,pyrologix,4,31-31,2024,0.0,0.0020523490384221077,0,drone,1,9.489961992702219e-05,1535,0.004365382516643021,True
GaussianBudget75M_LinearMinTime,Bitter_2024-CAANF-244511,20241211,10,pyrologix,10,195-71,2024,0.0,0.009964423021301627,0,drone,1,9.489961992702219e-05,3915,0.004460282136570043,True
GaussianBudget75M_LinearMinTime,Bizz_2024-CALMU-003272,20240615,11,pyrologix,6,58-61,2024,0.0,0.0028531309217214584,0,drone,1,9.489961992702219e-05,2305,0.004365382516643021,True
GaussianBudget75M_LinearMinTime,Black_2024-CAENF-020571,20240721,23,pyrologix,1,93-62,2024,0.0,0.01800795504823327,-1,undetected,1,9.489961992702219e-05,435,0.002941888217737688,True
GaussianBudget75M_LinearMinTime,Black_2024-CAPNF-000439,20240619,20,pyrologix,4,72-52,2024,0.0,0.005759829073213041,1,drone,1,9.489961992702219e-05,1960,0.0046500813764240876,True
GaussianBudget75M_LinearMinTime,Blackhawk_2024-CAPNF-000215,20240429,15,pyrologix,6,72-59,2024,0.0,0.0025172110181301832,0,drone,1,9.489961992702219e-05,2170,0.0046500813764240876,True
GaussianBudget75M_LinearMinTime,Blue_2024-CAANF-242070,20240702,17,pyrologix,4,206-88,2024,0.0,0.002907383954152465,0,drone,1,9.489961992702219e-05,1705,0.003795984797080888,True
GaussianBudget75M_LinearMinTime,Blue_2024-CABDF-010473,20240721,21,pyrologix,1,209-96,2024,0.0,0.004525572061538696,0,drone,1,9.489961992702219e-05,600,0.0033214866974457763,True
GaussianBudget75M_LinearMinTime,Blue_2024-CAKNF-005703,20240716,0,pyrologix,2,17-34,2024,0.0,0.0066328810062259436,1,drone,1,9.489961992702219e-05,1440,0.003511285937299821,True
GaussianBudget75M_LinearMinTime,Blue_2024-CANEU-024723,20240819,5,pyrologix,10,86-60,2024,0.0,0.003160294028930366,0,drone,1,9.489961992702219e-05,4075,0.0040806836568619545,True
GaussianBudget75M_LinearMinTime,Blue_2024-CASTF-001688,20240803,15,pyrologix,11,none,2024,0.0,0.0018325020791962743,-1,undetected,1,9.489961992702219e-05,0,0.0,False
GaussianBudget75M_LinearMinTime,Blue_2024-CATNF-000587,20240615,15,pyrologix,2,86-60,2024,0.0,0.003935105982236564,0,drone,1,9.489961992702219e-05,1115,0.003511285937299821,True
GaussianBudget75M_LinearMinTime,Blue_2024-CATNF-001491,20241013,17,pyrologix,4,86-60,2024,0.0,0.008475240087136626,1,drone,1,9.489961992702219e-05,2015,0.003985784036934932,True
GaussianBudget75M_LinearMinTime,Bluff_2024-CABDF-012418,20240903,22,pyrologix,8,209-96,2024,0.0,0.006855602958239615,1,drone,1,9.489961992702219e-05,3445,0.004270482896715999,True
GaussianBudget75M_LinearMinTime,Bluff_2024-CASNF-000709,20240625,20,pyrologix,11,141-74,2024,0.0,0.004540048073977232,0,drone,1,9.489961992702219e-05,4110,0.004555181756497065,True
GaussianBudget75M_LinearMinTime,Board_2024-CAMNF-001150,20240905,22,pyrologix,11,66-26,2024,0.0,0.0044185679871588945,0,drone,1,9.489961992702219e-05,4015,0.0046500813764240876,True
GaussianBudget75M_LinearMinTime,Bobcat_2024-CABDF-012662,20240909,13,pyrologix,4,209-96,2024,0.0,0.002844296977855265,0,drone,1,9.489961992702219e-05,1530,0.003985784036934932,True
GaussianBudget75M_LinearMinTime,Boca_2024-CATNF-000758,20240702,0,pyrologix,2,86-67,2024,0.0,0.001982426969334483,0,drone,1,9.489961992702219e-05,785,0.003795984797080888,True
GaussianBudget75M_LinearMinTime,Boise_2024-CASRF-000729,20240809,14,pyrologix,4,31-24,2024,0.0,0.0026008760323747993,0,drone,1,9.489961992702219e-05,1640,0.004270482896715999,True
GaussianBudget75M_LinearMinTime,Bolam_2024-CASHF-000046,20240120,14,pyrologix,10,30-45,2024,0.0,0.0028347079642117023,0,drone,1,9.489961992702219e-05,3575,0.004460282136570043,True
GaussianBudget75M_LinearMinTime,Borel_2024-CASQF-001362,20240724,17,pyrologix,6,177-72,2024,0.0,0.006031311000697315,0,drone,1,9.489961992702219e-05,2350,0.004270482896715999,True
GaussianBudget75M_LinearMinTime,Boulder_2024-CASQF-001251,20240713,20,pyrologix,5,147-79,2024,0.0,0.00873327604494989,2,drone,1,9.489961992702219e-05,2605,0.0046500813764240876,True
GaussianBudget75M_LinearMinTime,Bouquet_2024-CAANF-242717,20240730,11,pyrologix,6,none,2024,0.0,0.001955221057869494,-1,undetected,1,9.489961992702219e-05,0,0.0,False
GaussianBudget75M_LinearMinTime,Bradley_2024-CASHF-000897,20240915,20,pyrologix,7,37-42,2024,0.0,0.0028216709615662694,0,drone,1,9.489961992702219e-05,2580,0.0046500813764240876,True
GaussianBudget75M_LinearMinTime,Bragdon_2024-CASHF-000759,20240818,22,pyrologix,7,44-34,2024,0.0,0.004444282967597246,0,drone,1,9.489961992702219e-05,2990,0.004270482896715999,True
GaussianBudget75M_LinearMinTime,Bremer_2024-CASRF-000319,20240606,19,pyrologix,7,38-21,2024,0.0,0.01840805704705417,-1,undetected,1,9.489961992702219e-05,1450,0.004270482896715999,True
GaussianBudget75M_LinearMinTime,Brewer_2024-CASNF-000936,20240714,1,pyrologix,4,141-74,2024,0.0,0.030574860982596874,5,drone,1,9.489961992702219e-05,3420,0.004555181756497065,True
GaussianBudget75M_LinearMinTime,Bridge_2024-CAANF-243334,20240908,18,pyrologix,7,206-88,2024,0.0,0.021754454006440938,3,drone,1,9.489961992702219e-05,4095,0.004175583276788976,True
GaussianBudget75M_LinearMinTime,Bridge_2024-CAKNF-002497,20240408,21,pyrologix,5,23-39,2024,0.0,0.002128752996213734,0,drone,1,9.489961992702219e-05,1800,0.0040806836568619545,True
GaussianBudget75M_LinearMinTime,Brimstone_2024-CATNF-000879,20240713,19,pyrologix,4,86-53,2024,0.0,0.004832181031815708,1,drone,1,9.489961992702219e-05,1955,0.004365382516643021,True
GaussianBudget75M_LinearMinTime,Brook_2024-CABDF-008848,20240616,19,pyrologix,5,206-88,2024,0.0,0.004045402049086988,0,drone,1,9.489961992702219e-05,2095,0.00389088441700791,True
GaussianBudget75M_LinearMinTime,Brooks_2024-CATNF-000530,20240606,23,pyrologix,6,79-68,2024,0.0,0.007303577032871544,0,drone,1,9.489961992702219e-05,2500,0.004460282136570043,True
GaussianBudget75M_LinearMinTime,Browns_2024-CABTU-017716,20240919,16,pyrologix,6,65-50,2024,0.0,0.005180620937608182,1,drone,1,9.489961992702219e-05,2875,0.004460282136570043,True
GaussianBudget75M_LinearMinTime,Browns_2024-CALNF-005269,20240902,14,pyrologix,7,65-50,2024,0.0,0.0024947390193119645,0,drone,1,9.489961992702219e-05,2875,0.004460282136570043,True
GaussianBudget75M_LinearMinTime,Brubaker_2024-CALPF-002880,20241111,23,pyrologix,7,none,2024,0.0,0.0018892480293288827,-1,undetected,1,9.489961992702219e-05,0,0.0,False
GaussianBudget75M_LinearMinTime,Buck_2024-CAANF-244182,20241111,21,pyrologix,4,206-81,2024,0.0,0.01460071699693799,2,drone,1,9.489961992702219e-05,2380,0.0037010851771538656,True
GaussianBudget75M_LinearMinTime,Bucks_2024-CAPNF-000224,20240501,19,pyrologix,5,72-52,2024,0.0,0.018764078966341913,-1,undetected,1,9.489961992702219e-05,3935,0.0046500813764240876,True
GaussianBudget75M_LinearMinTime,Buena_2024-CAANF-242408,20240715,0,pyrologix,7,201-76,2024,0.0,0.012523351004347205,3,drone,1,9.489961992702219e-05,3840,0.004270482896715999,True
GaussianBudget75M_LinearMinTime,Bug_2024-CAANF-242377,20240714,4,pyrologix,12,206-81,2024,0.0,0.0075627879705280066,1,drone,1,9.489961992702219e-05,4980,0.003795984797080888,True
GaussianBudget75M_LinearMinTime,Bull_2024-CASTF-001058,20240625,22,pyrologix,9,114-64,2024,0.0,0.008059449028223753,1,drone,1,9.489961992702219e-05,3985,0.0046500813764240876,True
GaussianBudget75M_LinearMinTime,Bull_2024-CATNF-000923,20240718,14,pyrologix,2,86-67,2024,0.0,0.003992090933024883,0,drone,1,9.489961992702219e-05,1110,0.00389088441700791,True
GaussianBudget75M_LinearMinTime,Bunker_2024-CAENF-031192,20241103,12,pyrologix,7,93-62,2024,0.0,0.03303048200905323,-1,undetected,1,9.489961992702219e-05,435,0.002941888217737688,True
GaussianBudget75M_LinearMinTime,Burro_2024-CAANF-241787,20240616,17,pyrologix,8,206-81,2024,0.0,0.010661136009730399,1,drone,1,9.489961992702219e-05,3470,0.0037010851771538656,True
GaussianBudget75M_LinearMinTime,Butte_2024-CAKNF-008406,20241009,18,pyrologix,4,30-52,2024,0.0,0.004027107963338494,0,drone,1,9.489961992702219e-05,1840,0.0046500813764240876,True
GaussianBudget75M_LinearMinTime,Buttermilks_2024-CAINF-001887,20241010,18,pyrologix,3,none,2024,0.0,0.0018978030420839787,-1,undetected,1,9.489961992702219e-05,0,0.0,False
GaussianBudget75M_LinearMinTime,Buzzard_2024-CATNF-001488,20241012,16,pyrologix,12,86-60,2024,0.0,0.003835113951936364,0,drone,1,9.489961992702219e-05,4940,0.0040806836568619545,True
GaussianBudget75M_LinearMinTime,Cable_2024-CALPF-001257,20240614,16,pyrologix,11,none,2024,0.0,0.0018866319442167878,-1,undetected,1,9.489961992702219e-05,0,0.0,False
GaussianBudget75M_LinearMinTime,Cachuma_2024-CALPF-002151,20240826,18,pyrologix,9,none,2024,0.0,0.0018385360017418861,-1,undetected,1,9.489961992702219e-05,0,0.0,False
GaussianBudget75M_LinearMinTime,Cactus_2024-CABDF-013456,20240927,17,pyrologix,8,none,2024,0.0,0.0018848070176318288,-1,undetected,1,9.489961992702219e-05,0,0.0,False
GaussianBudget75M_LinearMinTime,Campfire_2024-CASQF-000561,20240514,22,pyrologix,12,170-77,2024,0.0,0.003270927001722157,0,drone,1,9.489961992702219e-05,4280,0.0046500813764240876,True
GaussianBudget75M_LinearMinTime,Campground_2024-CAINF-001022,20240706,14,pyrologix,2,none,2024,0.0,0.0018432369688525796,-1,undetected,1,9.489961992702219e-05,0,0.0,False
GaussianBudget75M_LinearMinTime,Canal_2024-CABDF-016192,20241109,14,pyrologix,5,209-96,2024,0.0,0.005504464032128453,1,drone,1,9.489961992702219e-05,2310,0.004270482896715999,True
GaussianBudget75M_LinearMinTime,Canyon_2024-CAANF-243072,20240822,20,pyrologix,8,201-76,2024,0.0,0.012326164986006916,1,drone,1,9.489961992702219e-05,3455,0.004270482896715999,True
GaussianBudget75M_LinearMinTime,Canyon_2024-CACNF-000183,20240207,4,pyrologix,12,none,2024,0.0,0.0019000440370291471,-1,undetected,1,9.489961992702219e-05,0,0.0,False
GaussianBudget75M_LinearMinTime,Canyon_2024-CAKNF-006803,20240818,11,pyrologix,7,24-32,2024,0.0,0.00422231201082468,0,drone,1,9.489961992702219e-05,2885,0.0046500813764240876,True
GaussianBudget75M_LinearMinTime,Canyon_2024-CALPF-001838,20240801,9,pyrologix,11,none,2024,0.0,0.0018541030585765839,-1,undetected,1,9.489961992702219e-05,0,0.0,False
GaussianBudget75M_LinearMinTime,Canyon_2024-CASHF-000754,20240817,20,pyrologix,5,45-27,2024,0.0,0.002079127007164061,0,drone,1,9.489961992702219e-05,1985,0.004175583276788976,True
GaussianBudget75M_LinearMinTime,Canyon_2024-CASTF-001749,20240809,5,pyrologix,6,114-57,2024,0.0,0.0034950299886986613,0,drone,1,9.489961992702219e-05,2490,0.004555181756497065,True
GaussianBudget75M_LinearMinTime,Canyon_2024-CATMU-024403,20240827,17,pyrologix,4,93-62,2024,0.0,0.017997568007558584,-1,undetected,1,9.489961992702219e-05,435,0.002941888217737688,True
GaussianBudget75M_LinearMinTime,Capitan_2024-CACNF-001149,20240628,15,pyrologix,8,244-98,2024,0.0,0.0034740400733426213,0,drone,1,9.489961992702219e-05,2985,0.004460282136570043,True
GaussianBudget75M_LinearMinTime,Capps_2024-CAENF-021415,20240729,2,pyrologix,10,100-61,2024,0.0,0.004551238962449133,0,drone,1,9.489961992702219e-05,3860,0.004460282136570043,True
GaussianBudget75M_LinearMinTime,Carmen_2024-CAPNF-000932,20240805,18,pyrologix,2,72-59,2024,0.0,0.020887726917862892,3,drone,1,9.489961992702219e-05,1995,0.0046500813764240876,True
GaussianBudget75M_LinearMinTime,Carmen_2024-CATNF-001052,20240804,16,pyrologix,2,79-61,2024,0.0,0.01829649496357888,-1,undetected,1,9.489961992702219e-05,2530,0.004365382516643021,True
GaussianBudget75M_LinearMinTime,Cassel_2024-CASHU-011470,20241008,20,pyrologix,2,44-55,2024,0.0,0.003273356007412076,0,drone,1,9.489961992702219e-05,990,0.0033214866974457763,True
GaussianBudget75M_LinearMinTime,Castle_2024-CASNF-000932,20240714,22,pyrologix,6,none,2024,0.0,0.002473343047313392,-1,undetected,1,9.489961992702219e-05,0,0.0,False
GaussianBudget75M_LinearMinTime,Cattle_2024-CAANF-242372,20240714,0,pyrologix,11,206-81,2024,0.0,0.0065090450225397944,1,drone,1,9.489961992702219e-05,4470,0.003795984797080888,True
GaussianBudget75M_LinearMinTime,Cave_2024-CALPF-002253,20240904,23,pyrologix,1,none,2024,0.0,0.0018921890296041965,-1,undetected,1,9.489961992702219e-05,0,0.0,False
GaussianBudget75M_LinearMinTime,Caves_2024-CAINF-000643,20240526,12,pyrologix,11,127-76,2024,0.0,0.008991976035758853,2,drone,1,9.489961992702219e-05,4690,0.0046500813764240876,True
GaussianBudget75M_LinearMinTime,Cayuse_2024-CAKNF-002498,20240409,21,pyrologix,8,23-39,2024,0.0,0.003979036002419889,0,drone,1,9.489961992702219e-05,3140,0.004270482896715999,True
GaussianBudget75M_LinearMinTime,Cedar_2024-CABDF-006927,20240510,13,pyrologix,5,223-101,2024,0.0,0.004858016036450863,1,drone,1,9.489961992702219e-05,2220,0.004460282136570043,True
GaussianBudget75M_LinearMinTime,Cedar_2024-CASRF-000606,20240717,19,pyrologix,9,38-21,2024,0.0,0.01871883904095739,-1,undetected,1,9.489961992702219e-05,1450,0.004270482896715999,True
GaussianBudget75M_LinearMinTime,Cemetery_2024-CAINF-001307,20240730,20,pyrologix,1,none,2024,0.0,0.0019903319189324975,-1,undetected,1,9.489961992702219e-05,0,0.0,False
GaussianBudget75M_LinearMinTime,Center_2024-CAANF-241387,20240521,20,pyrologix,1,195-71,2024,0.0,0.005486823967657983,1,drone,1,9.489961992702219e-05,930,0.003795984797080888,True
GaussianBudget75M_LinearMinTime,Chandler_2024-CAPNF-000653,20240706,4,pyrologix,11,72-59,2024,0.0,0.0033230449771508574,0,drone,1,9.489961992702219e-05,3925,0.0046500813764240876,True
GaussianBudget75M_LinearMinTime,Cherry_2024-CAANF-241157,20240501,23,pyrologix,4,195-71,2024,0.0,0.008598500047810376,1,drone,1,9.489961992702219e-05,1890,0.004365382516643021,True
GaussianBudget75M_LinearMinTime,Cherry_2024-CASTF-001057,20240625,18,pyrologix,12,114-64,2024,0.0,0.01823249796871096,5,drone,1,9.489961992702219e-05,6340,0.0046500813764240876,True
GaussianBudget75M_LinearMinTime,Chilao_2024-CAANF-244171,20241111,19,pyrologix,10,206-81,2024,0.0,0.009154824074357748,2,drone,1,9.489961992702219e-05,4470,0.003795984797080888,True
GaussianBudget75M_LinearMinTime,Chip_2024-CAKNF-000790,20240130,17,pyrologix,3,23-39,2024,0.0,0.0035127350129187107,0,drone,1,9.489961992702219e-05,1135,0.00389088441700791,True
GaussianBudget75M_LinearMinTime,Chipmunk_2024-CAKNF-006947,20240822,16,pyrologix,4,24-32,2024,0.0,0.007454402977600694,2,drone,1,9.489961992702219e-05,2315,0.0046500813764240876,True
GaussianBudget75M_LinearMinTime,Cinder_2024-CASHF-000109,20240227,14,pyrologix,12,30-45,2024,0.0,0.003924969001673162,0,drone,1,9.489961992702219e-05,4335,0.004555181756497065,True
GaussianBudget75M_LinearMinTime,Circle_2024-CABDF-011098,20240805,4,pyrologix,9,206-88,2024,0.0,0.0029383120127022266,0,drone,1,9.489961992702219e-05,3470,0.004175583276788976,True
GaussianBudget75M_LinearMinTime,Cisco_2024-CATNF-000949,20240721,20,pyrologix,5,86-60,2024,0.0,0.005501745967194438,0,drone,1,9.489961992702219e-05,2235,0.003985784036934932,True
GaussianBudget75M_LinearMinTime,City_2024-CABDF-008910,20240618,15,pyrologix,3,209-96,2024,0.0,0.0019953030860051513,0,drone,1,9.489961992702219e-05,1175,0.00389088441700791,True
GaussianBudget75M_LinearMinTime,Clavey_2024-CASTF-001059,20240625,2,pyrologix,1,121-61,2024,0.0,0.003718903986737132,0,drone,1,9.489961992702219e-05,815,0.0034163863173727986,True
GaussianBudget75M_LinearMinTime,Claw_2024-CASNF-001572,20240920,13,pyrologix,9,141-74,2024,0.0,0.002799459034577012,0,drone,1,9.489961992702219e-05,3240,0.004460282136570043,True
GaussianBudget75M_LinearMinTime,Clear_2024-CAMDF-000244,20240626,18,pyrologix,7,none,2024,0.0,0.00211919192224741,-1,undetected,1,9.489961992702219e-05,0,0.0,False
GaussianBudget75M_LinearMinTime,Clear_2024-CATNF-001267,20240906,20,pyrologix,2,86-60,2024,0.0,0.0035882460651919246,0,drone,1,9.489961992702219e-05,1065,0.003511285937299821,True
GaussianBudget75M_LinearMinTime,Clearwater_2024-CAANF-242776,20240803,21,pyrologix,9,195-71,2024,0.0,0.0028583689127117395,0,drone,1,9.489961992702219e-05,3225,0.004365382516643021,True
GaussianBudget75M_LinearMinTime,Cleghorn_2024-CABDF-010652,20240726,3,pyrologix,5,206-88,2024,0.0,0.003193255979567766,0,drone,1,9.489961992702219e-05,2095,0.00389088441700791,True
GaussianBudget75M_LinearMinTime,Cliff_2024-CASNF-000512,20240602,14,pyrologix,12,141-74,2024,0.0,0.005870859022252262,0,drone,1,9.489961992702219e-05,4315,0.004555181756497065,True
GaussianBudget75M_LinearMinTime,Cloud_2024-CAMDF-000692,20240817,18,pyrologix,8,none,2024,0.0,0.0019031360279768705,-1,undetected,1,9.489961992702219e-05,0,0.0,False
GaussianBudget75M_LinearMinTime,Club_2024-CASRF-000156,20240412,16,pyrologix,11,38-21,2024,0.0,0.03353397501632571,-1,undetected,1,9.489961992702219e-05,1450,0.004270482896715999,True
GaussianBudget75M_LinearMinTime,Coarse_2024-CAANF-244555,20241215,1,pyrologix,7,201-76,2024,0.0,0.0023923920234665275,0,drone,1,9.489961992702219e-05,2590,0.0040806836568619545,True
GaussianBudget75M_LinearMinTime,Coast_2024-CALPF-001296,20240617,19,pyrologix,4,none,2024,0.0,0.0020081880502402782,-1,undetected,1,9.489961992702219e-05,0,0.0,False
GaussianBudget75M_LinearMinTime,Coble_Spring_2024-CALNF-002129,20240424,21,pyrologix,9,44-55,2024,0.0,0.007309717941097915,1,drone,1,9.489961992702219e-05,4190,0.004460282136570043,True
GaussianBudget75M_LinearMinTime,Coffee_2024-CASRF-001103,20241209,16,pyrologix,8,31-24,2024,0.0,0.008571291924454272,2,drone,1,9.489961992702219e-05,4090,0.004460282136570043,True
GaussianBudget75M_LinearMinTime,Cold_2024-CAANF-244599,20241219,4,pyrologix,8,206-81,2024,0.0,0.00367666594684124,0,drone,1,9.489961992702219e-05,3070,0.0037010851771538656,True
GaussianBudget75M_LinearMinTime,Cold_2024-CASQF-001253,20240713,22,pyrologix,1,163-78,2024,0.0,0.0034739829134196043,0,drone,1,9.489961992702219e-05,615,0.0034163863173727986,True
GaussianBudget75M_LinearMinTime,Cole_2024-CAENF-027933,20240930,15,pyrologix,5,107-61,2024,0.0,0.0023943400010466576,0,drone,1,9.489961992702219e-05,1890,0.004555181756497065,True
GaussianBudget75M_LinearMinTime,College_2024-CAINF-001563,20240827,14,pyrologix,3,127-76,2024,0.0,0.003848938038572669,0,drone,1,9.489961992702219e-05,1380,0.003985784036934932,True
GaussianBudget75M_LinearMinTime,Coloma_2024-CATNF-001057,20240804,18,pyrologix,10,79-54,2024,0.0,0.007683668052777648,1,drone,1,9.489961992702219e-05,4935,0.0046500813764240876,True
GaussianBudget75M_LinearMinTime,Con_2024-CAFKU-019749,20240910,15,pyrologix,9,149-72,2024,0.0,0.00447135407011956,0,drone,1,9.489961992702219e-05,3540,0.0046500813764240876,True
GaussianBudget75M_LinearMinTime,Cone_2024-CAINF-001223,20240722,22,pyrologix,9,127-76,2024,0.0,0.017731916974298656,2,drone,1,9.489961992702219e-05,4115,0.0046500813764240876,True
GaussianBudget75M_LinearMinTime,Connection_2024-CAINF-001054,20240708,20,pyrologix,8,124-80,2024,0.0,0.002930908929556608,0,drone,1,9.489961992702219e-05,2960,0.0046500813764240876,True
GaussianBudget75M_LinearMinTime,Conrad_2024-CASHF-000596,20240718,7,pyrologix,8,45-27,2024,0.0,0.013210128992795944,3,drone,1,9.489961992702219e-05,4635,0.004460282136570043,True
GaussianBudget75M_LinearMinTime,Copper_2024-CAANF-242334,20240713,23,pyrologix,9,195-71,2024,0.0,0.00391531502828002,0,drone,1,9.489961992702219e-05,3405,0.004365382516643021,True
GaussianBudget75M_LinearMinTime,Copper_2024-CAKNF-007887,20240921,20,pyrologix,6,17-34,2024,0.0,0.005255391006357968,0,drone,1,9.489961992702219e-05,2240,0.0036061855572268433,True
GaussianBudget75M_LinearMinTime,Coppins_2024-CATNF-000957,20240722,23,pyrologix,1,79-61,2024,0.0,0.01537457900121808,2,drone,1,9.489961992702219e-05,1565,0.004175583276788976,True
GaussianBudget75M_LinearMinTime,Cougar_2024-CABDF-010555,20240723,16,pyrologix,10,none,2024,0.0,0.0018652500584721565,-1,undetected,1,9.489961992702219e-05,0,0.0,False
GaussianBudget75M_LinearMinTime,Cougar_2024-CAKNF-005306,20240706,18,pyrologix,4,17-27,2024,0.0,0.005359817994758487,1,drone,1,9.489961992702219e-05,2110,0.004460282136570043,True
GaussianBudget75M_LinearMinTime,Cow_2024-CASQF-000568,20240515,13,pyrologix,12,177-72,2024,0.0,0.003135327948257327,0,drone,1,9.489961992702219e-05,4375,0.0046500813764240876,True
GaussianBudget75M_LinearMinTime,Coyote_2024-CAINF-001280,20240726,12,pyrologix,11,none,2024,0.0,0.0019185739802196622,-1,undetected,1,9.489961992702219e-05,0,0.0,False
GaussianBudget75M_LinearMinTime,Craigs_2024-CASRF-000026,20240128,14,pyrologix,10,15-20,2024,0.0,0.004572212928906083,0,drone,1,9.489961992702219e-05,4320,0.0040806836568619545,True
GaussianBudget75M_LinearMinTime,Craigs_Access_2024-CASRF-000181,20240421,19,pyrologix,4,15-20,2024,0.0,0.007425809977576137,0,drone,1,9.489961992702219e-05,2020,0.0040806836568619545,True
GaussianBudget75M_LinearMinTime,Crater_2024-CAINF-001082,20240710,17,pyrologix,6,127-76,2024,0.0,0.0032521060202270746,0,drone,1,9.489961992702219e-05,2290,0.004460282136570043,True
GaussianBudget75M_LinearMinTime,Crater_2024-CASNF-000937,20240714,21,pyrologix,11,134-74,2024,0.0,0.005956302979029715,1,drone,1,9.489961992702219e-05,4440,0.0046500813764240876,True
GaussianBudget75M_LinearMinTime,Creek_2024-CAANF-242047,20240701,3,pyrologix,2,201-76,2024,0.0,0.006769801955670118,0,drone,1,9.489961992702219e-05,1100,0.003795984797080888,True
GaussianBudget75M_LinearMinTime,Creek_2024-CABDF-007154,20240514,19,pyrologix,8,209-96,2024,0.0,0.003245966974645853,0,drone,1,9.489961992702219e-05,3000,0.004270482896715999,True
GaussianBudget75M_LinearMinTime,Creek_2024-CAINF-001185,20240719,22,pyrologix,6,127-76,2024,0.0,0.006255401065573096,0,drone,1,9.489961992702219e-05,2330,0.004460282136570043,True
GaussianBudget75M_LinearMinTime,Creek_2024-CAKNF-002761,20240418,16,pyrologix,9,17-27,2024,0.0,0.005904267891310155,0,drone,1,9.489961992702219e-05,3600,0.004555181756497065,True
GaussianBudget75M_LinearMinTime,Crest_2024-CAANF-241274,20240514,2,pyrologix,9,206-81,2024,0.0,0.004955447046086192,0,drone,1,9.489961992702219e-05,3520,0.0037010851771538656,True
GaussianBudget75M_LinearMinTime,Crozier_2024-CAAEU-022341,20240807,4,pyrologix,3,93-56,2024,0.0,0.002106365980580449,0,drone,1,9.489961992702219e-05,1215,0.0036061855572268433,True
GaussianBudget75M_LinearMinTime,Crystal_2024-CATNF-000881,20240713,21,pyrologix,5,86-67,2024,0.0,0.008230656967498362,1,drone,1,9.489961992702219e-05,2230,0.003985784036934932,True
GaussianBudget75M_LinearMinTime,Cuesta_2024-CAPNF-001560,20241206,15,pyrologix,11,72-66,2024,0.0,0.0045053280191496015,0,drone,1,9.489961992702219e-05,4105,0.004555181756497065,True
GaussianBudget75M_LinearMinTime,Curl_2024-CASHF-000768,20240819,22,pyrologix,7,44-41,2024,0.0,0.002465898054651916,0,drone,1,9.489961992702219e-05,2650,0.004175583276788976,True
GaussianBudget75M_LinearMinTime,Cyrus_2024-CASQF-001912,20241011,20,pyrologix,2,170-77,2024,0.0,0.003088272991590202,0,drone,1,9.489961992702219e-05,925,0.004175583276788976,True
GaussianBudget75M_LinearMinTime,Dam_2024-CAANF-242212,20240707,23,pyrologix,7,206-81,2024,0.0,0.0030929489294067025,0,drone,1,9.489961992702219e-05,2645,0.0037010851771538656,True
GaussianBudget75M_LinearMinTime,Dam_2024-CASRF-000556,20240714,9,pyrologix,4,52-19,2024,0.0,0.003075424931012094,0,drone,1,9.489961992702219e-05,1705,0.0033214866974457763,True
GaussianBudget75M_LinearMinTime,Dark_2024-CAKNF-006777,20240817,17,pyrologix,9,31-31,2024,0.0,0.0034246540162712336,0,drone,1,9.489961992702219e-05,3310,0.0046500813764240876,True
GaussianBudget75M_LinearMinTime,Darling_2024-CAENF-030342,20241024,17,pyrologix,11,93-56,2024,0.0,0.0052338490495458245,0,drone,1,9.489961992702219e-05,4475,0.0046500813764240876,True
GaussianBudget75M_LinearMinTime,Deadman_2024-CAINF-001614,20240831,18,pyrologix,8,124-80,2024,0.0,0.003814634052105248,0,drone,1,9.489961992702219e-05,3115,0.0046500813764240876,True
GaussianBudget75M_LinearMinTime,Deer_2024-CAINF-001323,20240801,21,pyrologix,2,none,2024,0.0,0.0019062929786741734,-1,undetected,1,9.489961992702219e-05,0,0.0,False
GaussianBudget75M_LinearMinTime,Deer_2024-CALNF-003958,20240710,14,pyrologix,12,58-54,2024,0.0,0.005880345008336008,0,drone,1,9.489961992702219e-05,4980,0.004365382516643021,True
GaussianBudget75M_LinearMinTime,Deer_2024-CATMU-022426,20240807,17,pyrologix,12,86-67,2024,0.0,0.019818378961645067,-1,undetected,1,9.489961992702219e-05,6360,0.0040806836568619545,True
GaussianBudget75M_LinearMinTime,Del_Sur_2024-CAANF-242021,20240630,20,pyrologix,12,none,2024,0.0,0.0018923330353572965,-1,undetected,1,9.489961992702219e-05,0,0.0,False
GaussianBudget75M_LinearMinTime,Dell_2024-CABDF-011704,20240819,1,pyrologix,10,206-88,2024,0.0,0.005471603013575077,0,drone,1,9.489961992702219e-05,4135,0.004175583276788976,True
GaussianBudget75M_LinearMinTime,Delonegha_2024-CASQF-001752,20240920,17,pyrologix,11,177-72,2024,0.0,0.01407488901168108,1,drone,1,9.489961992702219e-05,4655,0.0046500813764240876,True
GaussianBudget75M_LinearMinTime,Desert_2024-CACNF-000097,20240116,19,pyrologix,2,none,2024,0.0,0.0018708399729803205,-1,undetected,1,9.489961992702219e-05,0,0.0,False
GaussianBudget75M_LinearMinTime,Dime_2024-CAANF-242179,20240706,23,pyrologix,11,206-88,2024,0.0,0.011377615970559418,2,drone,1,9.489961992702219e-05,5320,0.004175583276788976,True
GaussianBudget75M_LinearMinTime,Dinkey_2024-CASNF-001040,20240722,16,pyrologix,5,141-74,2024,0.0,0.002724238089285791,0,drone,1,9.489961992702219e-05,1895,0.004175583276788976,True
GaussianBudget75M_LinearMinTime,Dodge_2024-CASTF-001338,20240713,0,pyrologix,1,114-64,2024,0.0,0.009061648976057768,2,drone,1,9.489961992702219e-05,1365,0.003985784036934932,True
GaussianBudget75M_LinearMinTime,Dog_2024-CATNF-000540,20240607,20,pyrologix,4,86-67,2024,0.0,0.004867670009844005,0,drone,1,9.489961992702219e-05,1650,0.00389088441700791,True
GaussianBudget75M_LinearMinTime,Dog_2024-CATNF-001401,20240929,1,pyrologix,11,86-67,2024,0.0,0.003423974965699017,0,drone,1,9.489961992702219e-05,4045,0.0040806836568619545,True
GaussianBudget75M_LinearMinTime,Don_2024-CASQF-001286,20240716,14,pyrologix,5,147-79,2024,0.0,0.003219122998416424,0,drone,1,9.489961992702219e-05,1825,0.0046500813764240876,True
GaussianBudget75M_LinearMinTime,Donahue_2024-CASRF-000457,20240705,2,pyrologix,7,24-25,2024,0.0,0.0057396190240979195,1,drone,1,9.489961992702219e-05,2925,0.0046500813764240876,True
GaussianBudget75M_LinearMinTime,Doski_2024-CAANF-244398,20241129,16,pyrologix,11,201-76,2024,0.0,0.0052593579748645425,0,drone,1,9.489961992702219e-05,4215,0.004460282136570043,True
GaussianBudget75M_LinearMinTime,Double_2024-CASTF-002437,20241013,19,pyrologix,7,107-68,2024,0.0,0.0031316470121964812,0,drone,1,9.489961992702219e-05,2685,0.0046500813764240876,True
GaussianBudget75M_LinearMinTime,Drink_2024-CAANF-243958,20241027,14,pyrologix,7,195-71,2024,0.0,0.0033296369947493076,0,drone,1,9.489961992702219e-05,2640,0.004365382516643021,True
GaussianBudget75M_LinearMinTime,Duck_2024-CASTF-001404,20240716,12,pyrologix,11,107-68,2024,0.0,0.00820048397872597,0,drone,1,9.489961992702219e-05,4260,0.0046500813764240876,True
GaussianBudget75M_LinearMinTime,Duckwall_2024-CASTF-001025,20240622,15,pyrologix,12,114-64,2024,0.0,0.005449495045468211,0,drone,1,9.489961992702219e-05,4825,0.0046500813764240876,True
GaussianBudget75M_LinearMinTime,Dump_2024-CASNF-001076,20240727,23,pyrologix,5,128-69,2024,0.0,0.002347065950743854,0,drone,1,9.489961992702219e-05,1855,0.004365382516643021,True
GaussianBudget75M_LinearMinTime,E-1_Logan_2024-CALNF-006082,20241007,17,pyrologix,7,58-61,2024,0.0,0.005919147981330752,1,drone,1,9.489961992702219e-05,2995,0.004460282136570043,True
GaussianBudget75M_LinearMinTime,E-1_Martin_2024-CALNF-003136,20240610,21,pyrologix,3,58-61,2024,0.0,0.005956326960586011,0,drone,1,9.489961992702219e-05,1370,0.004175583276788976,True
GaussianBudget75M_LinearMinTime,E-3_2024-CALNF-005586,20240916,23,pyrologix,6,51-61,2024,0.0,0.003684559022076428,0,drone,1,9.489961992702219e-05,2475,0.004555181756497065,True
GaussianBudget75M_LinearMinTime,Eagle_2024-CALMU-002928,20240601,0,pyrologix,4,58-61,2024,0.0,0.0045472909696400166,0,drone,1,9.489961992702219e-05,1830,0.004175583276788976,True
GaussianBudget75M_LinearMinTime,Eagle_2024-CALNF-006194,20241013,14,pyrologix,9,51-61,2024,0.0,0.007290559005923569,0,drone,1,9.489961992702219e-05,3540,0.0046500813764240876,True
GaussianBudget75M_LinearMinTime,Eagle_2024-CAPNF-000654,20240706,6,pyrologix,10,72-59,2024,0.0,0.009787364047951996,1,drone,1,9.489961992702219e-05,3975,0.0046500813764240876,True
GaussianBudget75M_LinearMinTime,Eagle_2024-CATNF-000988,20240728,18,pyrologix,1,86-60,2024,0.0,0.0024821619736030698,0,drone,1,9.489961992702219e-05,545,0.002941888217737688,True
GaussianBudget75M_LinearMinTime,Elk_2024-CAKNF-005252,20240705,20,pyrologix,4,17-27,2024,0.0,0.005328680039383471,1,drone,1,9.489961992702219e-05,2110,0.004460282136570043,True
GaussianBudget75M_LinearMinTime,Ellis_2024-CAENF-024318,20240826,20,pyrologix,2,100-61,2024,0.0,0.009619020042009652,2,drone,1,9.489961992702219e-05,1770,0.004365382516643021,True
GaussianBudget75M_LinearMinTime,Ember_2024-CAANF-244124,20241108,16,pyrologix,2,195-71,2024,0.0,0.0035495529882609844,0,drone,1,9.489961992702219e-05,1025,0.0040806836568619545,True
GaussianBudget75M_LinearMinTime,Emma_2024-CAANF-240327,20240202,20,pyrologix,5,none,2024,0.0,0.0019120459910482168,-1,undetected,1,9.489961992702219e-05,0,0.0,False
GaussianBudget75M_LinearMinTime,Enchanted_2024-CASRF-000253,20240518,13,pyrologix,2,38-21,2024,0.0,0.0028544459491968155,0,drone,1,9.489961992702219e-05,960,0.0040806836568619545,True
GaussianBudget75M_LinearMinTime,Engineer_1_2024-CASQF-001166,20240707,2,pyrologix,4,170-77,2024,0.0,0.0029177049873396754,0,drone,1,9.489961992702219e-05,1460,0.004365382516643021,True
GaussianBudget75M_LinearMinTime,Engineer_2_2024-CASQF-001167,20240707,3,pyrologix,3,170-77,2024,0.0,0.0034912900300696492,0,drone,1,9.489961992702219e-05,1315,0.004365382516643021,True
GaussianBudget75M_LinearMinTime,Engineer_4_2024-CASQF-001169,20240707,0,pyrologix,8,170-77,2024,0.0,0.008853884064592421,0,drone,1,9.489961992702219e-05,3135,0.0046500813764240876,True
GaussianBudget75M_LinearMinTime,Evergreen_2024-CASTF-002534,20241030,21,pyrologix,9,121-68,2024,0.0,0.01937211793847382,-1,undetected,1,9.489961992702219e-05,5390,0.004175583276788976,True
GaussianBudget75M_LinearMinTime,Fallen_2024-CATMU-024996,20240901,16,pyrologix,6,none,2024,0.0,0.0018615740118548274,-1,undetected,1,9.489961992702219e-05,0,0.0,False
GaussianBudget75M_LinearMinTime,Falls_2024-CABDF-013114,20240921,22,pyrologix,6,214-103,2024,0.0,0.01830652798525989,-1,undetected,1,9.489961992702219e-05,1485,0.00389088441700791,True
GaussianBudget75M_LinearMinTime,Falls_2024-CACNF-000358,20240316,18,pyrologix,1,237-97,2024,0.0,0.005280780023895204,1,drone,1,9.489961992702219e-05,875,0.00389088441700791,True
GaussianBudget75M_LinearMinTime,Far_2024-CASKU-007796,20240918,18,pyrologix,4,37-56,2024,0.0,0.004263778915628791,0,drone,1,9.489961992702219e-05,1875,0.0046500813764240876,True
GaussianBudget75M_LinearMinTime,Fern_2024-CABDF-013311,20240923,19,pyrologix,10,223-101,2024,0.0,0.03469006507657468,-1,undetected,1,9.489961992702219e-05,5695,0.004555181756497065,True
GaussianBudget75M_LinearMinTime,Fern_2024-CAPNF-000244,20240508,6,pyrologix,10,72-59,2024,0.0,0.0033565349876880646,0,drone,1,9.489961992702219e-05,3620,0.0046500813764240876,True
GaussianBudget75M_LinearMinTime,Fern_2024-CASHF-000787,20240822,16,pyrologix,8,37-42,2024,0.0,0.0033374950289726257,0,drone,1,9.489961992702219e-05,2975,0.0046500813764240876,True
GaussianBudget75M_LinearMinTime,Fiddle_2024-CATNF-001348,20240919,0,pyrologix,2,79-54,2024,0.0,0.0022550009889528155,0,drone,1,9.489961992702219e-05,925,0.0037010851771538656,True
GaussianBudget75M_LinearMinTime,Fir_2024-CASHF-000698,20240806,1,pyrologix,6,37-42,2024,0.0,0.0037892020773142576,0,drone,1,9.489961992702219e-05,2180,0.0046500813764240876,True
GaussianBudget75M_LinearMinTime,Fir_2024-CASNF-000725,20240625,14,pyrologix,11,141-74,2024,0.0,0.0029463309329003096,0,drone,1,9.489961992702219e-05,3985,0.004555181756497065,True
GaussianBudget75M_LinearMinTime,Five_2024-CAANF-243304,20240907,3,pyrologix,10,195-71,2024,0.0,0.003840424004010856,0,drone,1,9.489961992702219e-05,3705,0.004365382516643021,True
GaussianBudget75M_LinearMinTime,Flat_2024-CALNF-004249,20240720,16,pyrologix,4,44-55,2024,0.0,0.020542468992061913,3,drone,1,9.489961992702219e-05,2800,0.004270482896715999,True
GaussianBudget75M_LinearMinTime,Flat_2024-CALPF-000089,20240113,17,pyrologix,4,198-64,2024,0.0,0.003877802984789014,0,drone,1,9.489961992702219e-05,1820,0.004365382516643021,True
GaussianBudget75M_LinearMinTime,Flat_2024-CASQF-000728,20240531,20,pyrologix,10,177-72,2024,0.0,0.005120977060869336,0,drone,1,9.489961992702219e-05,3895,0.0046500813764240876,True
GaussianBudget75M_LinearMinTime,Flat_Camp_2024-CALPF-001612,20240713,13,pyrologix,10,none,2024,0.0,0.0019134279573336244,-1,undetected,1,9.489961992702219e-05,0,0.0,False
GaussianBudget75M_LinearMinTime,Fleischmann_2024-CALNF-002561,20240515,21,pyrologix,4,58-54,2024,0.0,0.002354718977585435,0,drone,1,9.489961992702219e-05,1615,0.0040806836568619545,True
GaussianBudget75M_LinearMinTime,Flume_2024-CASHF-000822,20240831,11,pyrologix,8,37-42,2024,0.0,0.005565704079344869,1,drone,1,9.489961992702219e-05,3235,0.0046500813764240876,True
GaussianBudget75M_LinearMinTime,Fly_2024-CAMNF-000926,20240805,17,pyrologix,8,59-19,2024,0.0,0.014869955950416625,4,drone,1,9.489961992702219e-05,5025,0.004460282136570043,True
GaussianBudget75M_LinearMinTime,Fordyce_2024-CATNF-000990,20240728,15,pyrologix,10,86-60,2024,0.0,0.004593886085785925,0,drone,1,9.489961992702219e-05,4260,0.0040806836568619545,True
GaussianBudget75M_LinearMinTime,Forebay_2024-CAENF-026969,20240920,12,pyrologix,7,93-56,2024,0.0,0.006257947999984026,1,drone,1,9.489961992702219e-05,3455,0.0046500813764240876,True
GaussianBudget75M_LinearMinTime,Forebay_2024-CAENF-028748,20241008,15,pyrologix,2,93-56,2024,0.0,0.030563245993107557,5,drone,1,9.489961992702219e-05,2995,0.004555181756497065,True
GaussianBudget75M_LinearMinTime,Forgay_2024-CAPNF-001231,20240915,19,pyrologix,4,65-57,2024,0.0,0.004533150931820273,0,drone,1,9.489961992702219e-05,1790,0.0040806836568619545,True
GaussianBudget75M_LinearMinTime,Fork_2024-CAANF-242484,20240719,20,pyrologix,5,206-81,2024,0.0,0.004860264016315341,0,drone,1,9.489961992702219e-05,2200,0.0037010851771538656,True
GaussianBudget75M_LinearMinTime,Fork_2024-CABDF-005677,20240409,14,pyrologix,6,206-88,2024,0.0,0.0027700469363480806,0,drone,1,9.489961992702219e-05,2335,0.00389088441700791,True
GaussianBudget75M_LinearMinTime,Fort_2024-CAKNF-005171,20240704,23,pyrologix,9,17-34,2024,0.0,0.004627409973181784,0,drone,1,9.489961992702219e-05,3485,0.0037010851771538656,True
GaussianBudget75M_LinearMinTime,Fox_2024-CALPF-001870,20240804,18,pyrologix,5,none,2024,0.0,0.0018439999548718333,-1,undetected,1,9.489961992702219e-05,0,0.0,False
GaussianBudget75M_LinearMinTime,Fox_2024-CAMDF-000950,20240916,16,pyrologix,5,37-63,2024,0.0,0.005946587887592614,1,drone,1,9.489961992702219e-05,2320,0.004460282136570043,True
GaussianBudget75M_LinearMinTime,Fraser_2024-CALPF-002400,20240920,20,pyrologix,4,170-47,2024,0.0,0.001887533930130303,0,drone,1,9.489961992702219e-05,1595,0.004270482896715999,True
GaussianBudget75M_LinearMinTime,French_2024-CAANF-242303,20240712,3,pyrologix,3,195-71,2024,0.0,0.005183622939512134,1,drone,1,9.489961992702219e-05,1520,0.004270482896715999,True
GaussianBudget75M_LinearMinTime,French_2024-CATNF-000762,20240702,11,pyrologix,11,86-60,2024,0.0,0.004936270997859538,0,drone,1,9.489961992702219e-05,4735,0.0040806836568619545,True
GaussianBudget75M_LinearMinTime,Frenchman_2024-CAANF-244116,20241107,19,pyrologix,3,195-71,2024,0.0,0.005307986051775515,1,drone,1,9.489961992702219e-05,1520,0.004270482896715999,True
GaussianBudget75M_LinearMinTime,Frying_Pan_2024-CAKNF-008910,20241027,22,pyrologix,12,17-27,2024,0.0,0.006083170999772847,0,drone,1,9.489961992702219e-05,4675,0.004555181756497065,True
GaussianBudget75M_LinearMinTime,Gabriel_2024-CAANF-242668,20240728,7,pyrologix,4,206-81,2024,0.0,0.002591327065601945,0,drone,1,9.489961992702219e-05,1540,0.0037010851771538656,True
GaussianBudget75M_LinearMinTime,Garlic_2024-CASNF-000716,20240625,12,pyrologix,5,141-74,2024,0.0,0.0021741020027548075,0,drone,1,9.489961992702219e-05,1840,0.004175583276788976,True
GaussianBudget75M_LinearMinTime,Gate_2024-CAANF-244178,20241111,11,pyrologix,11,206-81,2024,0.0,0.0038841129280626774,0,drone,1,9.489961992702219e-05,4110,0.003795984797080888,True
GaussianBudget75M_LinearMinTime,Gateway_2024-CASKU-008878,20241025,22,pyrologix,2,37-42,2024,0.0,0.005961291957646608,0,drone,1,9.489961992702219e-05,1055,0.004365382516643021,True
GaussianBudget75M_LinearMinTime,Genesee_2024-CAPNF-000194,20240419,18,pyrologix,4,72-66,2024,0.0,0.0047410560073331,1,drone,1,9.489961992702219e-05,1845,0.004270482896715999,True
GaussianBudget75M_LinearMinTime,George_2024-CAINF-002041,20241109,20,pyrologix,4,127-76,2024,0.0,0.004256500047631562,0,drone,1,9.489961992702219e-05,1765,0.004175583276788976,True
GaussianBudget75M_LinearMinTime,Gilmore_2024-CATMU-031223,20241103,18,pyrologix,9,93-62,2024,0.0,0.03048114595003426,-1,undetected,1,9.489961992702219e-05,435,0.002941888217737688,True
GaussianBudget75M_LinearMinTime,Glade_2024-CAINF-001979,20241026,18,pyrologix,1,none,2024,0.0,0.001842524972744286,-1,undetected,1,9.489961992702219e-05,0,0.0,False
GaussianBudget75M_LinearMinTime,Glass_2024-CAINF-000547,20240515,19,pyrologix,10,124-80,2024,0.0,0.005691703991033137,0,drone,1,9.489961992702219e-05,3705,0.0046500813764240876,True
GaussianBudget75M_LinearMinTime,Glass_2024-CAMDF-000275,20240701,17,pyrologix,3,30-60,2024,0.0,0.006459292955696583,1,drone,1,9.489961992702219e-05,1790,0.004175583276788976,True
GaussianBudget75M_LinearMinTime,Glen_2024-CATMU-030944,20241031,14,pyrologix,9,100-68,2024,0.0,0.007121494971215725,1,drone,1,9.489961992702219e-05,3905,0.004555181756497065,True
GaussianBudget75M_LinearMinTime,Goat_2024-CAPNF-000340,20240531,14,pyrologix,9,65-57,2024,0.0,0.00479844503570348,0,drone,1,9.489961992702219e-05,3515,0.0040806836568619545,True
GaussianBudget75M_LinearMinTime,Goat_2024-CASNF-000908,20240712,13,pyrologix,8,128-69,2024,0.0,0.0026316860457882285,0,drone,1,9.489961992702219e-05,2860,0.004365382516643021,True
GaussianBudget75M_LinearMinTime,Gold_2024-CAANF-241424,20240525,1,pyrologix,4,201-76,2024,0.0,0.005624359007924795,1,drone,1,9.489961992702219e-05,1970,0.003985784036934932,True
GaussianBudget75M_LinearMinTime,Gold_2024-CAPNF-000300,20240524,2,pyrologix,4,79-61,2024,0.0,0.004170993925072253,0,drone,1,9.489961992702219e-05,2000,0.004365382516643021,True
GaussianBudget75M_LinearMinTime,Golden_2024-CASQF-002007,20241031,18,pyrologix,1,163-78,2024,0.0,0.003117131069302559,0,drone,1,9.489961992702219e-05,615,0.0034163863173727986,True
GaussianBudget75M_LinearMinTime,Goose_2024-CASTF-000999,20240620,18,pyrologix,2,114-64,2024,0.0,0.006476360955275595,1,drone,1,9.489961992702219e-05,1365,0.003985784036934932,True
GaussianBudget75M_LinearMinTime,Grade_2024-CACNF-001239,20240705,1,pyrologix,6,244-98,2024,0.0,0.00936898309737444,1,drone,1,9.489961992702219e-05,2590,0.004460282136570043,True
GaussianBudget75M_LinearMinTime,Grade_2024-CAKNF-002952,20240425,1,pyrologix,3,17-27,2024,0.0,0.004846638068556786,1,drone,1,9.489961992702219e-05,1620,0.004270482896715999,True
GaussianBudget75M_LinearMinTime,Graffiti_2024-CACNF-001011,20240618,23,pyrologix,6,none,2024,0.0,0.001948307966813445,-1,undetected,1,9.489961992702219e-05,0,0.0,False
GaussianBudget75M_LinearMinTime,Granlibakken_2024-CATMU-030319,20241024,13,pyrologix,11,none,2024,0.0,0.0018237080657854676,-1,undetected,1,9.489961992702219e-05,0,0.0,False
GaussianBudget75M_LinearMinTime,Grass_2024-CASTF-000851,20240604,17,pyrologix,6,114-64,2024,0.0,0.00367806910071522,0,drone,1,9.489961992702219e-05,2445,0.004365382516643021,True
GaussianBudget75M_LinearMinTime,Grassy_1_2024-CASRF-000448,20240704,21,pyrologix,3,15-20,2024,0.0,0.0024684929521754384,0,drone,1,9.489961992702219e-05,1325,0.003795984797080888,True
GaussianBudget75M_LinearMinTime,Grassy_Flat_2024-CASRF-000629,20240722,21,pyrologix,4,15-20,2024,0.0,0.002965702908113599,0,drone,1,9.489961992702219e-05,1660,0.0040806836568619545,True
GaussianBudget75M_LinearMinTime,Grays_2024-CASRF-001014,20241019,15,pyrologix,11,38-21,2024,0.0,0.004599782056175172,0,drone,1,9.489961992702219e-05,1450,0.004270482896715999,True
GaussianBudget75M_LinearMinTime,Green_2024-CABDF-011293,20240810,17,pyrologix,4,206-88,2024,0.0,0.0037686480209231377,0,drone,1,9.489961992702219e-05,1860,0.00389088441700791,True
GaussianBudget75M_LinearMinTime,Green_2024-CASNF-001198,20240807,22,pyrologix,1,127-76,2024,0.0,0.005572246969677508,1,drone,1,9.489961992702219e-05,925,0.0037010851771538656,True
GaussianBudget75M_LinearMinTime,Grey_2024-CASHF-000904,20240916,14,pyrologix,10,37-42,2024,0.0,0.00756566203199327,1,drone,1,9.489961992702219e-05,4155,0.0046500813764240876,True
GaussianBudget75M_LinearMinTime,Grey_2024-CASNF-001571,20240920,13,pyrologix,9,128-69,2024,0.0,0.00694377301260829,0,drone,1,9.489961992702219e-05,3345,0.004555181756497065,True
GaussianBudget75M_LinearMinTime,Grider_2024-CAKNF-003315,20240508,16,pyrologix,9,17-27,2024,0.0,0.01891643099952489,-1,undetected,1,9.489961992702219e-05,5685,0.004555181756497065,True
GaussianBudget75M_LinearMinTime,Grider_2024-CAKNF-005709,20240716,1,pyrologix,5,17-34,2024,0.0,0.009921755990944803,1,drone,1,9.489961992702219e-05,2240,0.0036061855572268433,True
GaussianBudget75M_LinearMinTime,Griffin_2024-CASRF-000861,20240910,0,pyrologix,2,15-20,2024,0.0,0.018405606970191002,-1,undetected,1,9.489961992702219e-05,3160,0.0040806836568619545,True
GaussianBudget75M_LinearMinTime,Grizzly_2024-CASNF-001681,20241006,16,pyrologix,11,128-69,2024,0.0,0.005443844012916088,0,drone,1,9.489961992702219e-05,4170,0.004555181756497065,True
GaussianBudget75M_LinearMinTime,Grizzly_2024-CASTF-001646,20240731,18,pyrologix,3,none,2024,0.0,0.0018939489964395761,-1,undetected,1,9.489961992702219e-05,0,0.0,False
GaussianBudget75M_LinearMinTime,Grove_2024-CASNF-001698,20241010,19,pyrologix,5,141-74,2024,0.0,0.005538987927138805,1,drone,1,9.489961992702219e-05,2250,0.004175583276788976,True
GaussianBudget75M_LinearMinTime,Gulch-Ref_3101_2024-CAANF-243107,20240824,16,pyrologix,2,195-71,2024,0.0,0.0029764299979433417,0,drone,1,9.489961992702219e-05,930,0.003795984797080888,True
GaussianBudget75M_LinearMinTime,Gulch_2024-CAANF-243101,20240824,8,pyrologix,3,195-71,2024,0.0,0.0033826149301603436,0,drone,1,9.489961992702219e-05,1320,0.004270482896715999,True
GaussianBudget75M_LinearMinTime,Gypsum_2024-CABDF-016290,20241110,11,pyrologix,9,214-103,2024,0.0,0.01900283503346145,-1,undetected,1,9.489961992702219e-05,1485,0.00389088441700791,True
GaussianBudget75M_LinearMinTime,H-2_Busters_2024-CALNF-005584,20240916,0,pyrologix,2,51-61,2024,0.0,0.00692371092736721,1,drone,1,9.489961992702219e-05,1520,0.004555181756497065,True
GaussianBudget75M_LinearMinTime,Hackamore_2024-CAMDF-000669,20240816,7,pyrologix,7,37-63,2024,0.0,0.01835299003869295,5,drone,1,9.489961992702219e-05,4675,0.004555181756497065,True
GaussianBudget75M_LinearMinTime,Haight_2024-CAKNF-005992,20240724,17,pyrologix,10,30-45,2024,0.0,0.024651243002153933,3,drone,1,9.489961992702219e-05,4880,0.004555181756497065,True
GaussianBudget75M_LinearMinTime,Hall_2024-CABDF-009898,20240707,6,pyrologix,12,206-88,2024,0.0,0.011042563011869788,2,drone,1,9.489961992702219e-05,5690,0.004175583276788976,True
GaussianBudget75M_LinearMinTime,Hall_2024-CAKNF-004218,20240607,18,pyrologix,9,23-39,2024,0.0,0.004187468905001879,0,drone,1,9.489961992702219e-05,3575,0.004365382516643021,True
GaussianBudget75M_LinearMinTime,Halls_2024-CAMDF-000389,20240715,0,pyrologix,3,37-63,2024,0.0,0.003276681061834097,0,drone,1,9.489961992702219e-05,1165,0.004175583276788976,True
GaussianBudget75M_LinearMinTime,Hambone_2024-CASKU-008314,20241006,15,pyrologix,11,37-56,2024,0.0,0.009883427992463112,0,drone,1,9.489961992702219e-05,4375,0.0046500813764240876,True
GaussianBudget75M_LinearMinTime,Happy_2024-CASQF-001285,20240716,11,pyrologix,10,147-79,2024,0.0,0.003779508057050407,0,drone,1,9.489961992702219e-05,3670,0.0046500813764240876,True
GaussianBudget75M_LinearMinTime,Hard_2024-CAANF-241934,20240625,22,pyrologix,12,195-71,2024,0.0,0.020226062973961234,-1,undetected,1,9.489961992702219e-05,6430,0.004555181756497065,True
GaussianBudget75M_LinearMinTime,Harding_2024-CATNF-001046,20240804,23,pyrologix,6,79-68,2024,0.0,0.005356985027901828,1,drone,1,9.489961992702219e-05,2655,0.004460282136570043,True
GaussianBudget75M_LinearMinTime,Harris_2024-CAMDF-000518,20240726,12,pyrologix,4,37-63,2024,0.0,0.004145548911765218,0,drone,1,9.489961992702219e-05,1745,0.004365382516643021,True
GaussianBudget75M_LinearMinTime,Hartley_2024-CAINF-001179,20240718,18,pyrologix,10,124-80,2024,0.0,0.0037531370762735605,0,drone,1,9.489961992702219e-05,3755,0.0046500813764240876,True
GaussianBudget75M_LinearMinTime,Hathaway_2024-CAANF-243176,20240829,21,pyrologix,1,201-76,2024,0.0,0.0024549559457227588,0,drone,1,9.489961992702219e-05,530,0.0033214866974457763,True
GaussianBudget75M_LinearMinTime,Hawk_2024-CAPNF-000410,20240615,21,pyrologix,11,72-59,2024,0.0,0.003915637964382768,0,drone,1,9.489961992702219e-05,4025,0.0046500813764240876,True
GaussianBudget75M_LinearMinTime,Hawkins_2024-CASRF-000904,20240920,20,pyrologix,4,38-21,2024,0.0,0.0021520339651033282,0,drone,1,9.489961992702219e-05,1450,0.004270482896715999,True
GaussianBudget75M_LinearMinTime,Haypress_2024-CASTF-001351,20240713,18,pyrologix,9,107-68,2024,0.0,0.00453568494413048,0,drone,1,9.489961992702219e-05,3500,0.0046500813764240876,True
GaussianBudget75M_LinearMinTime,Hazel_2024-CABDF-012873,20240914,19,pyrologix,9,206-88,2024,0.0,0.002875837031751871,0,drone,1,9.489961992702219e-05,3470,0.004175583276788976,True
GaussianBudget75M_LinearMinTime,Headwaters_2024-CASTF-001965,20240829,16,pyrologix,3,114-64,2024,0.0,0.001925464952364564,0,drone,1,9.489961992702219e-05,1150,0.00389088441700791,True
GaussianBudget75M_LinearMinTime,Heather_2024-CASNF-001017,20240720,18,pyrologix,4,none,2024,0.0,0.001850942033343017,-1,undetected,1,9.489961992702219e-05,0,0.0,False
GaussianBudget75M_LinearMinTime,Heel_2024-CASHF-001031,20241019,11,pyrologix,11,44-41,2024,0.0,0.003017404000274837,0,drone,1,9.489961992702219e-05,4100,0.004270482896715999,True
GaussianBudget75M_LinearMinTime,Hennessy_2024-CASRF-000447,20240704,17,pyrologix,7,38-21,2024,0.0,0.018286608974449337,-1,undetected,1,9.489961992702219e-05,1450,0.004270482896715999,True
GaussianBudget75M_LinearMinTime,Hennessy_2_2024-CASRF-000592,20240716,22,pyrologix,9,38-21,2024,0.0,0.01874833193141967,-1,undetected,1,9.489961992702219e-05,1450,0.004270482896715999,True
GaussianBudget75M_LinearMinTime,Highway_2024-CACNF-001204,20240703,13,pyrologix,1,220-87,2024,0.0,0.0021868430776521564,0,drone,1,9.489961992702219e-05,525,0.0031316874575917325,True
GaussianBudget75M_LinearMinTime,Highway_2024-CAINF-001777,20240921,5,pyrologix,1,124-80,2024,0.0,0.0037106178933754563,0,drone,1,9.489961992702219e-05,680,0.0040806836568619545,True
GaussianBudget75M_LinearMinTime,Highway_2024-CAKNF-003856,20240527,1,pyrologix,2,30-52,2024,0.0,0.009279021993279457,2,drone,1,9.489961992702219e-05,1840,0.0046500813764240876,True
GaussianBudget75M_LinearMinTime,Highway_2024-CALPF-002498,20241001,1,pyrologix,8,none,2024,0.0,0.002022086991928518,-1,undetected,1,9.489961992702219e-05,0,0.0,False
GaussianBudget75M_LinearMinTime,Highway_2024-CASHF-000549,20240708,21,pyrologix,11,44-41,2024,0.0,0.008177952957339585,0,drone,1,9.489961992702219e-05,4310,0.004270482896715999,True
GaussianBudget75M_LinearMinTime,Hill_2024-CANEU-017006,20240617,7,pyrologix,8,79-47,2024,0.0,0.018589240964502096,-1,undetected,1,9.489961992702219e-05,430,0.002941888217737688,True
GaussianBudget75M_LinearMinTime,Hill_2024-CASRF-000586,20240716,23,pyrologix,3,38-21,2024,0.0,0.01766464998945594,-1,undetected,1,9.489961992702219e-05,1450,0.004270482896715999,True
GaussianBudget75M_LinearMinTime,Hill_2024-CATNF-001473,20241010,10,pyrologix,12,86-67,2024,0.0,0.00441041705198586,0,drone,1,9.489961992702219e-05,4505,0.0040806836568619545,True
GaussianBudget75M_LinearMinTime,Hillcrest_2024-CABDF-012201,20240831,18,pyrologix,10,214-103,2024,0.0,0.0339680640026927,-1,undetected,1,9.489961992702219e-05,1485,0.00389088441700791,True
GaussianBudget75M_LinearMinTime,Hobart_2024-CATNF-001416,20241001,17,pyrologix,9,86-67,2024,0.0,0.0039338740753009915,0,drone,1,9.489961992702219e-05,3430,0.003985784036934932,True
GaussianBudget75M_LinearMinTime,Hobo_2024-CASQF-000345,20240402,15,pyrologix,5,177-79,2024,0.0,0.003206986002624035,0,drone,1,9.489961992702219e-05,2000,0.004365382516643021,True
GaussianBudget75M_LinearMinTime,Honn_2024-CALNF-001473,20240322,22,pyrologix,3,51-54,2024,0.0,0.0032151530031114817,0,drone,1,9.489961992702219e-05,1300,0.004555181756497065,True
GaussianBudget75M_LinearMinTime,Hopkins_2024-CASRF-000293,20240528,17,pyrologix,9,31-24,2024,0.0,0.01734135509468615,2,drone,1,9.489961992702219e-05,4555,0.004460282136570043,True
GaussianBudget75M_LinearMinTime,Horse_2024-CAANF-242667,20240728,8,pyrologix,2,206-81,2024,0.0,0.0025195080088451505,0,drone,1,9.489961992702219e-05,870,0.0034163863173727986,True
GaussianBudget75M_LinearMinTime,Horse_2024-CAKNF-006775,20240817,19,pyrologix,4,17-34,2024,0.0,0.0020792899886146188,0,drone,1,9.489961992702219e-05,1485,0.003511285937299821,True
GaussianBudget75M_LinearMinTime,Horse_2024-CAMDF-000500,20240724,15,pyrologix,11,30-60,2024,0.0,0.004100346006453037,0,drone,1,9.489961992702219e-05,4240,0.004555181756497065,True
GaussianBudget75M_LinearMinTime,Horse_2024-CAMNF-001382,20241004,9,pyrologix,12,78-23,2024,0.0,0.011647088918834925,3,drone,1,9.489961992702219e-05,5450,0.0040806836568619545,True
GaussianBudget75M_LinearMinTime,Horse_2024-CASHF-000582,20240716,22,pyrologix,4,52-19,2024,0.0,0.002676383941434324,0,drone,1,9.489961992702219e-05,1755,0.0033214866974457763,True
GaussianBudget75M_LinearMinTime,Horse_2024-CASRF-000317,20240606,16,pyrologix,5,38-21,2024,0.0,0.018853356945328414,-1,undetected,1,9.489961992702219e-05,1450,0.004270482896715999,True
GaussianBudget75M_LinearMinTime,Horseshoe_2024-CAINF-001995,20241030,13,pyrologix,10,none,2024,0.0,0.0019240049878135324,-1,undetected,1,9.489961992702219e-05,0,0.0,False
GaussianBudget75M_LinearMinTime,Hotlum_2024-CASHF-000139,20240308,19,pyrologix,2,30-45,2024,0.0,0.001936865970492363,0,drone,1,9.489961992702219e-05,780,0.004175583276788976,True
GaussianBudget75M_LinearMinTime,Hughes_2_2024-CAANF-243305,20240907,4,pyrologix,11,195-71,2024,0.0,0.005126580945216119,0,drone,1,9.489961992702219e-05,4155,0.004460282136570043,True
GaussianBudget75M_LinearMinTime,Hulburd_2024-CACNF-002587,20241109,10,pyrologix,10,244-98,2024,0.0,0.01741214795038104,5,drone,1,9.489961992702219e-05,5300,0.004555181756497065,True
GaussianBudget75M_LinearMinTime,Hull_2024-CAMNF-001169,20240907,22,pyrologix,3,none,2024,0.0,0.00189435004722327,-1,undetected,1,9.489961992702219e-05,0,0.0,False
GaussianBudget75M_LinearMinTime,Hume_2024-CASQF-001379,20240726,16,pyrologix,12,147-79,2024,0.0,0.008893755031749606,0,drone,1,9.489961992702219e-05,4550,0.0046500813764240876,True
GaussianBudget75M_LinearMinTime,Hunters2_2024-CAMDF-000808,20240828,14,pyrologix,6,43-69,2024,0.0,0.002343508997000754,0,drone,1,9.489961992702219e-05,2165,0.004365382516643021,True
GaussianBudget75M_LinearMinTime,Hunters_2024-CAMDF-000718,20240821,20,pyrologix,4,43-69,2024,0.0,0.003079461050219834,0,drone,1,9.489961992702219e-05,1485,0.004365382516643021,True
GaussianBudget75M_LinearMinTime,I_15__S__Cleghorn_Rd_2024-CABDU-014682,20240927,10,pyrologix,2,206-88,2024,0.0,0.0029635539976879954,0,drone,1,9.489961992702219e-05,975,0.0034163863173727986,True
GaussianBudget75M_LinearMinTime,Ice_2024-CAENF-015964,20240615,20,pyrologix,7,93-62,2024,0.0,0.01890165393706411,-1,undetected,1,9.489961992702219e-05,435,0.002941888217737688,True
GaussianBudget75M_LinearMinTime,Ice_2024-CAENF-020980,20240725,23,pyrologix,11,93-62,2024,0.0,0.018821446923539042,-1,undetected,1,9.489961992702219e-05,435,0.002941888217737688,True
GaussianBudget75M_LinearMinTime,Ikes_2024-CASRF-000549,20240713,6,pyrologix,3,24-25,2024,0.0,0.003954675048589706,0,drone,1,9.489961992702219e-05,1415,0.004365382516643021,True
GaussianBudget75M_LinearMinTime,Indian_2024-CAANF-242599,20240725,18,pyrologix,2,201-76,2024,0.0,0.003072884981520474,0,drone,1,9.489961992702219e-05,830,0.003795984797080888,True
GaussianBudget75M_LinearMinTime,Industrial_2024-CATMU-015789,20240614,13,pyrologix,8,none,2024,0.0,0.0019182499963790178,-1,undetected,1,9.489961992702219e-05,0,0.0,False
GaussianBudget75M_LinearMinTime,Interstate_2024-CAANF-243338,20240908,18,pyrologix,10,195-71,2024,0.0,0.006535965949296951,1,drone,1,9.489961992702219e-05,4010,0.004460282136570043,True
GaussianBudget75M_LinearMinTime,Interstate_2024-CACNF-002439,20241020,16,pyrologix,8,244-98,2024,0.0,0.010498135932721198,1,drone,1,9.489961992702219e-05,3310,0.004555181756497065,True
GaussianBudget75M_LinearMinTime,Interstate_2024-CASHF-001074,20241029,9,pyrologix,10,37-42,2024,0.0,0.002667791093699634,0,charging station,1,9.489961992702219e-05,3540,0.0046500813764240876,True
GaussianBudget75M_LinearMinTime,Iowa_2024-CATNF-001295,20240910,20,pyrologix,5,86-53,2024,0.0,0.0032254039542749524,0,drone,1,9.489961992702219e-05,1955,0.004365382516643021,True
GaussianBudget75M_LinearMinTime,Iron_2024-CASNF-000942,20240714,13,pyrologix,5,128-62,2024,0.0,0.01949442899785936,-1,undetected,1,9.489961992702219e-05,1580,0.004270482896715999,True
GaussianBudget75M_LinearMinTime,Ironwood_2024-CABDF-012667,20240909,12,pyrologix,11,214-103,2024,0.0,0.018986021052114666,-1,undetected,1,9.489961992702219e-05,1485,0.00389088441700791,True
GaussianBudget75M_LinearMinTime,Italian_2024-CASNF-001114,20240729,19,pyrologix,2,135-67,2024,0.0,0.004913471988402307,0,drone,1,9.489961992702219e-05,990,0.004365382516643021,True
GaussianBudget75M_LinearMinTime,Jack_2024-CAKNF-008927,20241027,18,pyrologix,1,17-27,2024,0.0,0.0029264299664646387,0,drone,1,9.489961992702219e-05,610,0.0031316874575917325,True
GaussianBudget75M_LinearMinTime,Jackson_2024-CAANF-241547,20240531,14,pyrologix,7,206-88,2024,0.0,0.0026737379375845194,0,drone,1,9.489961992702219e-05,2675,0.0040806836568619545,True
GaussianBudget75M_LinearMinTime,Jackson_2024-CAKNF-005648,20240714,23,pyrologix,1,31-31,2024,0.0,0.00350782903842628,0,drone,1,9.489961992702219e-05,535,0.0031316874575917325,True
GaussianBudget75M_LinearMinTime,Japatul_2024-CACNF-002835,20241220,1,pyrologix,1,244-98,2024,0.0,0.003447400056757033,0,drone,1,9.489961992702219e-05,655,0.0034163863173727986,True
GaussianBudget75M_LinearMinTime,Jeffery_2024-CAINF-002015,20241103,10,pyrologix,12,none,2024,0.0,0.0018686909461393952,-1,undetected,1,9.489961992702219e-05,0,0.0,False
GaussianBudget75M_LinearMinTime,Jones_2024-CAHUU-007537,20240813,13,pyrologix,5,59-19,2024,0.0,0.018636387074366212,-1,undetected,1,9.489961992702219e-05,4420,0.004365382516643021,True
GaussianBudget75M_LinearMinTime,Jora_2024-CAANF-243511,20240926,4,pyrologix,10,195-71,2024,0.0,0.007549913949333131,1,drone,1,9.489961992702219e-05,4155,0.004460282136570043,True
GaussianBudget75M_LinearMinTime,Jordan_2024-CASTF-001053,20240624,17,pyrologix,12,121-61,2024,0.0,0.004263477982021868,0,drone,1,9.489961992702219e-05,5570,0.003795984797080888,True
GaussianBudget75M_LinearMinTime,Joshua_2024-CAANF-243099,20240824,7,pyrologix,3,none,2024,0.0,0.001861997996456921,-1,undetected,1,9.489961992702219e-05,0,0.0,False
GaussianBudget75M_LinearMinTime,Junction_2024-CAINF-001506,20240820,19,pyrologix,5,124-80,2024,0.0,0.0022779590217396617,0,drone,1,9.489961992702219e-05,1890,0.0046500813764240876,True
GaussianBudget75M_LinearMinTime,June_2024-CAINF-001029,20240706,16,pyrologix,11,124-80,2024,0.0,0.0076149459928274155,0,drone,1,9.489961992702219e-05,4205,0.0046500813764240876,True
GaussianBudget75M_LinearMinTime,Kagel_2024-CAANF-242295,20240711,19,pyrologix,6,201-76,2024,0.0,0.013370199012570083,3,drone,1,9.489961992702219e-05,3595,0.004270482896715999,True
GaussianBudget75M_LinearMinTime,Kaiser_2024-CASNF-001496,20240908,21,pyrologix,1,134-74,2024,0.0,0.002021235995925963,0,drone,1,9.489961992702219e-05,420,0.0036061855572268433,True
GaussianBudget75M_LinearMinTime,Kangaroo_2024-CAKNF-009316,20241110,12,pyrologix,1,30-38,2024,0.0,0.0022323590237647295,0,drone,1,9.489961992702219e-05,510,0.00303678783766471,True
GaussianBudget75M_LinearMinTime,Kellogg_2024-CAMDF-000377,20240714,0,pyrologix,1,none,2024,0.0,0.001836649957112968,-1,undetected,1,9.489961992702219e-05,0,0.0,False
GaussianBudget75M_LinearMinTime,Kelly_2024-CAKNF-006047,20240726,4,pyrologix,3,17-27,2024,0.0,0.01310980401467532,2,drone,1,9.489961992702219e-05,1985,0.004460282136570043,True
GaussianBudget75M_LinearMinTime,Kelsey_2024-CASRF-000523,20240709,18,pyrologix,8,none,2024,0.0,0.0018934840336441994,-1,undetected,1,9.489961992702219e-05,0,0.0,False
GaussianBudget75M_LinearMinTime,Kinevan_2024-CALPF-001022,20240522,20,pyrologix,4,none,2024,0.0,0.0019274239894002676,-1,undetected,1,9.489961992702219e-05,0,0.0,False
GaussianBudget75M_LinearMinTime,Kings_2024-CASNF-000919,20240713,18,pyrologix,1,141-74,2024,0.0,0.0060370470164343715,1,drone,1,9.489961992702219e-05,960,0.00389088441700791,True
GaussianBudget75M_LinearMinTime,Kitchen_2024-CACNF-001184,20240701,17,pyrologix,2,none,2024,0.0,0.0019178529037162662,-1,undetected,1,9.489961992702219e-05,0,0.0,False
GaussianBudget75M_LinearMinTime,Knob_2024-CAINF-000901,20240626,21,pyrologix,7,127-76,2024,0.0,0.004918735008686781,0,drone,1,9.489961992702219e-05,2815,0.004460282136570043,True
GaussianBudget75M_LinearMinTime,Knob_2024-CASQF-001233,20240713,23,pyrologix,4,169-84,2024,0.0,0.008044118992984295,2,drone,1,9.489961992702219e-05,2320,0.004460282136570043,True
GaussianBudget75M_LinearMinTime,L-2_Carter_2024-CALNF-004138,20240716,22,pyrologix,12,58-54,2024,0.0,0.01768750394694507,2,drone,1,9.489961992702219e-05,5515,0.004365382516643021,True
GaussianBudget75M_LinearMinTime,L1Buzzard_2024-CALNF-003550,20240627,20,pyrologix,10,58-54,2024,0.0,0.0041406030068174005,0,drone,1,9.489961992702219e-05,4050,0.004365382516643021,True
GaussianBudget75M_LinearMinTime,Lac_-_Soledad_2024-CAANF-243141,20240826,17,pyrologix,7,201-76,2024,0.0,0.004639706923626363,0,drone,1,9.489961992702219e-05,2850,0.004175583276788976,True
GaussianBudget75M_LinearMinTime,Lac_Bert_2024-CAANF-242764,20240802,19,pyrologix,1,none,2024,0.0,0.0019263809081166983,-1,undetected,1,9.489961992702219e-05,0,0.0,False
GaussianBudget75M_LinearMinTime,Ladybug_2024-CAANF-243459,20240921,8,pyrologix,3,206-81,2024,0.0,0.003667643992230296,0,drone,1,9.489961992702219e-05,1370,0.0037010851771538656,True
GaussianBudget75M_LinearMinTime,Ladybug_2024-CATNF-000976,20240726,13,pyrologix,12,86-67,2024,0.0,0.006412271992303431,0,drone,1,9.489961992702219e-05,4465,0.0040806836568619545,True
GaussianBudget75M_LinearMinTime,Lake_2024-CABDF-001298,20240127,15,pyrologix,12,223-101,2024,0.0,0.004261014983057976,0,drone,1,9.489961992702219e-05,4450,0.004555181756497065,True
GaussianBudget75M_LinearMinTime,Lake_2024-CALPF-001542,20240705,17,pyrologix,11,none,2024,0.0,0.0018828699830919504,-1,undetected,1,9.489961992702219e-05,0,0.0,False
GaussianBudget75M_LinearMinTime,Lake_2024-CASRF-001056,20241105,15,pyrologix,12,52-19,2024,0.0,0.005689183948561549,0,drone,1,9.489961992702219e-05,5110,0.0033214866974457763,True
GaussianBudget75M_LinearMinTime,Lake_2024-CASTF-000674,20240514,23,pyrologix,1,114-64,2024,0.0,0.008788274019025266,2,drone,1,9.489961992702219e-05,1365,0.003985784036934932,True
GaussianBudget75M_LinearMinTime,Landing_2024-CATNF-000745,20240630,3,pyrologix,1,79-68,2024,0.0,0.01178653899114579,1,drone,1,9.489961992702219e-05,1125,0.0037010851771538656,True
GaussianBudget75M_LinearMinTime,Lava_2024-CASHF-000905,20240916,14,pyrologix,10,37-56,2024,0.0,0.003739412990398705,0,drone,1,9.489961992702219e-05,3825,0.0046500813764240876,True
GaussianBudget75M_LinearMinTime,Leaf_2024-CATMU-011294,20240504,1,pyrologix,1,none,2024,0.0,0.001906685996800661,-1,undetected,1,9.489961992702219e-05,0,0.0,False
GaussianBudget75M_LinearMinTime,Lemon_2024-CATNF-001043,20240804,18,pyrologix,12,79-68,2024,0.0,0.009005235973745584,2,drone,1,9.489961992702219e-05,5220,0.004555181756497065,True
GaussianBudget75M_LinearMinTime,Liberty_2024-CASTF-001974,20240830,17,pyrologix,2,107-61,2024,0.0,0.003569941036403179,0,drone,1,9.489961992702219e-05,1015,0.004365382516643021,True
GaussianBudget75M_LinearMinTime,Lightning_2024-CACNF-001050,20240620,13,pyrologix,12,none,2024,0.0,0.0018909730715677142,-1,undetected,1,9.489961992702219e-05,0,0.0,False
GaussianBudget75M_LinearMinTime,Lights_2024-CAPNF-000857,20240725,19,pyrologix,7,65-64,2024,0.0,0.012641250039450824,1,drone,1,9.489961992702219e-05,3120,0.004460282136570043,True
GaussianBudget75M_LinearMinTime,Lime_2024-CAKNF-004659,20240620,16,pyrologix,2,23-39,2024,0.0,0.023902917047962546,4,drone,1,9.489961992702219e-05,2255,0.004175583276788976,True
GaussianBudget75M_LinearMinTime,Linda_2024-CAMMU-025337,20241030,21,pyrologix,1,135-67,2024,0.0,0.0014530429616570473,0,drone,1,9.489961992702219e-05,440,0.0034163863173727986,True
GaussianBudget75M_LinearMinTime,Line_2024-CABDF-012520,20240906,20,pyrologix,11,209-96,2024,0.0,0.009601464960724115,0,drone,1,9.489961992702219e-05,4275,0.004270482896715999,True
GaussianBudget75M_LinearMinTime,Lion_2024-CASNF-000946,20240714,17,pyrologix,4,127-76,2024,0.0,0.0022059379843994975,0,drone,1,9.489961992702219e-05,1540,0.0040806836568619545,True
GaussianBudget75M_LinearMinTime,Lisa_2024-CAANF-242066,20240702,7,pyrologix,5,195-71,2024,0.0,0.008655821904540062,2,drone,1,9.489961992702219e-05,2640,0.004365382516643021,True
GaussianBudget75M_LinearMinTime,Little_2024-CAANF-241849,20240620,19,pyrologix,1,201-76,2024,0.0,0.002432284993119538,0,drone,1,9.489961992702219e-05,530,0.0033214866974457763,True
GaussianBudget75M_LinearMinTime,Little_2024-CAKNF-003131,20240501,18,pyrologix,10,17-27,2024,0.0,0.0027791670290753245,0,drone,1,9.489961992702219e-05,3865,0.004555181756497065,True
GaussianBudget75M_LinearMinTime,Little_2024-CALAC-211628,20240620,18,pyrologix,3,201-76,2024,0.0,0.007801107945851982,2,drone,1,9.489961992702219e-05,1915,0.003985784036934932,True
GaussianBudget75M_LinearMinTime,Little_2024-CAPNF-001091,20240901,14,pyrologix,4,72-52,2024,0.0,0.004386562970466912,0,drone,1,9.489961992702219e-05,1630,0.004555181756497065,True
GaussianBudget75M_LinearMinTime,Log_2024-CASHF-000146,20240310,22,pyrologix,12,30-45,2024,0.0,0.005939306924119592,0,drone,1,9.489961992702219e-05,4305,0.004555181756497065,True
GaussianBudget75M_LinearMinTime,Logging_Fire_2024-CAMDF-001049,20241007,15,pyrologix,8,44-62,2024,0.0,0.005952801089733839,1,drone,1,9.489961992702219e-05,3515,0.0046500813764240876,True
GaussianBudget75M_LinearMinTime,Lone_2024-CABDF-009497,20240701,5,pyrologix,1,206-88,2024,0.0,0.0035206519532948732,0,drone,1,9.489961992702219e-05,640,0.0033214866974457763,True
GaussianBudget75M_LinearMinTime,Long_2024-CABDF-014560,20241019,4,pyrologix,12,206-88,2024,0.0,0.0033911479404196143,0,drone,1,9.489961992702219e-05,4630,0.004175583276788976,True
GaussianBudget75M_LinearMinTime,Long_2024-CACNF-002802,20241213,17,pyrologix,9,220-87,2024,0.0,0.0031758840195834637,0,drone,1,9.489961992702219e-05,3530,0.003985784036934932,True
GaussianBudget75M_LinearMinTime,Long_2024-CASHF-001059,20241028,21,pyrologix,8,37-35,2024,0.0,0.009723722003400326,2,drone,1,9.489961992702219e-05,3790,0.0046500813764240876,True
GaussianBudget75M_LinearMinTime,Long_2024-CASQF-001281,20240715,16,pyrologix,11,169-84,2024,0.0,0.015605672029778361,4,drone,1,9.489961992702219e-05,5605,0.004555181756497065,True
GaussianBudget75M_LinearMinTime,Lookout_2024-CAINF-001757,20240917,20,pyrologix,2,124-80,2024,0.0,0.002657238976098597,0,drone,1,9.489961992702219e-05,890,0.0040806836568619545,True
GaussianBudget75M_LinearMinTime,Loon_2024-CAENF-018656,20240706,20,pyrologix,1,93-62,2024,0.0,0.0022255899384617805,0,drone,1,9.489961992702219e-05,435,0.002941888217737688,True
GaussianBudget75M_LinearMinTime,Loon_2024-CAENF-025020,20240901,20,pyrologix,2,93-62,2024,0.0,0.0021827169694006443,0,drone,1,9.489961992702219e-05,435,0.002941888217737688,True
GaussianBudget75M_LinearMinTime,Loop_2024-CAINF-000654,20240527,19,pyrologix,12,124-80,2024,0.0,0.005580907920375466,0,drone,1,9.489961992702219e-05,4645,0.0046500813764240876,True
GaussianBudget75M_LinearMinTime,Lower_2024-CAENF-013979,20240529,17,pyrologix,4,107-61,2024,0.0,0.00825720897410065,1,drone,1,9.489961992702219e-05,1890,0.004555181756497065,True
GaussianBudget75M_LinearMinTime,Lower_2024-CASNF-000705,20240624,23,pyrologix,1,141-74,2024,0.0,0.0029890589648857713,0,drone,1,9.489961992702219e-05,580,0.003226587077518755,True
GaussianBudget75M_LinearMinTime,Lukens_2024-CAANF-241820,20240618,21,pyrologix,3,none,2024,0.0,0.0019352108938619494,-1,undetected,1,9.489961992702219e-05,0,0.0,False
GaussianBudget75M_LinearMinTime,Lunch_2024-CATNF-001045,20240804,0,pyrologix,2,79-61,2024,0.0,0.0051740549970418215,0,drone,1,9.489961992702219e-05,1070,0.0040806836568619545,True
GaussianBudget75M_LinearMinTime,Luther_2024-CATMU-022161,20240805,14,pyrologix,10,100-68,2024,0.0,0.003292576060630381,0,drone,1,9.489961992702219e-05,3750,0.004555181756497065,True
GaussianBudget75M_LinearMinTime,Lyons_2024-CACNF-002195,20240921,14,pyrologix,10,244-98,2024,0.0,0.0028080150950700045,0,drone,1,9.489961992702219e-05,3545,0.004555181756497065,True
GaussianBudget75M_LinearMinTime,Lyons_2024-CAENF-023259,20240815,20,pyrologix,2,100-61,2024,0.0,0.033077151980251074,-1,undetected,1,9.489961992702219e-05,2830,0.004460282136570043,True
GaussianBudget75M_LinearMinTime,Lyons_2024-CASTF-000827,20240601,12,pyrologix,11,114-64,2024,0.0,0.0043407619232311845,0,drone,1,9.489961992702219e-05,4280,0.0046500813764240876,True
GaussianBudget75M_LinearMinTime,Lytle_2024-CABDF-008512,20240609,20,pyrologix,4,206-88,2024,0.0,0.0028820589650422335,0,drone,1,9.489961992702219e-05,1705,0.003795984797080888,True
GaussianBudget75M_LinearMinTime,Mace_2024-CAAEU-021087,20240726,6,pyrologix,4,93-56,2024,0.0,0.011246955022215843,3,drone,1,9.489961992702219e-05,2955,0.004460282136570043,True
GaussianBudget75M_LinearMinTime,Mad_Rock_2024-CASRF-000359,20240619,6,pyrologix,10,45-20,2024,0.0,0.03328309010248631,-1,undetected,1,9.489961992702219e-05,430,0.002467390118102577,True
GaussianBudget75M_LinearMinTime,Maddalena_2024-CAPNF-000657,20240706,13,pyrologix,10,72-66,2024,0.0,0.006836646003648639,0,drone,1,9.489961992702219e-05,3770,0.004555181756497065,True
GaussianBudget75M_LinearMinTime,Madrone_2024-CATNF-000478,20240530,19,pyrologix,2,79-54,2024,0.0,0.018130182987079024,-1,undetected,1,9.489961992702219e-05,3365,0.004175583276788976,True
GaussianBudget75M_LinearMinTime,Main_2024-CATNF-001408,20240930,3,pyrologix,6,79-61,2024,0.0,0.01919426303356886,-1,undetected,1,9.489961992702219e-05,2530,0.004365382516643021,True
GaussianBudget75M_LinearMinTime,Manzanita_2024-CAANF-242218,20240707,10,pyrologix,1,206-88,2024,0.0,0.0035511949099600315,0,drone,1,9.489961992702219e-05,715,0.0033214866974457763,True
GaussianBudget75M_LinearMinTime,Manzanita_2024-CAINF-001157,20240716,14,pyrologix,7,162-85,2024,0.0,0.01907240890432149,-1,undetected,1,9.489961992702219e-05,880,0.00389088441700791,True
GaussianBudget75M_LinearMinTime,Maple_2024-CAANF-243443,20240918,22,pyrologix,3,none,2024,0.0,0.0018375010695308447,-1,undetected,1,9.489961992702219e-05,0,0.0,False
GaussianBudget75M_LinearMinTime,Marina_2024-CASQF-001396,20240729,12,pyrologix,5,170-77,2024,0.0,0.004507051082327962,0,drone,1,9.489961992702219e-05,2095,0.004555181756497065,True
GaussianBudget75M_LinearMinTime,Maxon_2024-CASNF-000940,20240714,13,pyrologix,5,none,2024,0.0,0.0019067570101469755,-1,undetected,1,9.489961992702219e-05,0,0.0,False
GaussianBudget75M_LinearMinTime,Mcculloh_2024-CAENF-021466,20240729,19,pyrologix,2,93-56,2024,0.0,0.0021459689596667886,0,drone,1,9.489961992702219e-05,890,0.0034163863173727986,True
GaussianBudget75M_LinearMinTime,Mckenzie_2024-CASHF-001018,20241016,21,pyrologix,2,44-41,2024,0.0,0.0033798100193962455,0,drone,1,9.489961992702219e-05,1035,0.003985784036934932,True
GaussianBudget75M_LinearMinTime,Mckinstry_2024-CAENF-019734,20240714,18,pyrologix,8,93-62,2024,0.0,0.019219614914618433,-1,undetected,1,9.489961992702219e-05,435,0.002941888217737688,True
GaussianBudget75M_LinearMinTime,Mclain_2024-CATNF-000486,20240531,13,pyrologix,7,79-54,2024,0.0,0.012619390967302024,1,drone,1,9.489961992702219e-05,3675,0.004175583276788976,True
GaussianBudget75M_LinearMinTime,Mcleod_2024-CAINF-000910,20240626,17,pyrologix,3,127-76,2024,0.0,0.0018698429921641946,0,drone,1,9.489961992702219e-05,1120,0.00389088441700791,True
GaussianBudget75M_LinearMinTime,Mcnair_2024-CAPNF-000934,20240805,16,pyrologix,7,79-61,2024,0.0,0.018864753074012697,-1,undetected,1,9.489961992702219e-05,2530,0.004365382516643021,True
GaussianBudget75M_LinearMinTime,Meadow_2024-CAENF-019852,20240715,18,pyrologix,3,100-68,2024,0.0,0.00484554807189852,0,drone,1,9.489961992702219e-05,1295,0.004175583276788976,True
GaussianBudget75M_LinearMinTime,Meadow_2024-CAKNF-001865,20240315,14,pyrologix,11,17-27,2024,0.0,0.003349598031491041,0,drone,1,9.489961992702219e-05,4295,0.004555181756497065,True
GaussianBudget75M_LinearMinTime,Meadow_2024-CAPNF-000360,20240605,23,pyrologix,5,72-52,2024,0.0,0.01862214202992618,-1,undetected,1,9.489961992702219e-05,3935,0.0046500813764240876,True
GaussianBudget75M_LinearMinTime,Meadow_2024-CASTF-002049,20240903,20,pyrologix,7,107-61,2024,0.0,0.0032328818924725056,0,drone,1,9.489961992702219e-05,2680,0.004555181756497065,True
GaussianBudget75M_LinearMinTime,Meadow_2024-CATNF-001058,20240805,19,pyrologix,10,86-60,2024,0.0,0.019845323055051267,-1,undetected,1,9.489961992702219e-05,6440,0.0040806836568619545,True
GaussianBudget75M_LinearMinTime,Merrill_2024-CATNF-001451,20241006,6,pyrologix,9,79-68,2024,0.0,0.019239490968175232,-1,undetected,1,9.489961992702219e-05,5515,0.004555181756497065,True
GaussianBudget75M_LinearMinTime,Mesa_2024-CABDF-004531,20240318,15,pyrologix,2,206-88,2024,0.0,0.0029532830230891705,0,drone,1,9.489961992702219e-05,975,0.0034163863173727986,True
GaussianBudget75M_LinearMinTime,Meyers_2024-CABDF-007436,20240519,15,pyrologix,11,206-88,2024,0.0,0.009613798931241035,0,drone,1,9.489961992702219e-05,4475,0.004175583276788976,True
GaussianBudget75M_LinearMinTime,Middle_2024-CAPNF-000738,20240714,0,pyrologix,4,65-64,2024,0.0,0.005796659039333463,1,drone,1,9.489961992702219e-05,1980,0.004460282136570043,True
GaussianBudget75M_LinearMinTime,Midnight_2024-CAKNF-008589,20241016,4,pyrologix,5,17-34,2024,0.0,0.0049929110100492835,1,drone,1,9.489961992702219e-05,2140,0.0036061855572268433,True
GaussianBudget75M_LinearMinTime,Mike_2024-CALPF-002094,20240820,16,pyrologix,8,189-64,2024,0.0,0.002671895083039999,0,drone,1,9.489961992702219e-05,3095,0.0046500813764240876,True
GaussianBudget75M_LinearMinTime,Milcha_2024-CACNF-002764,20241208,12,pyrologix,9,244-98,2024,0.0,0.0043812800431624055,0,drone,1,9.489961992702219e-05,3375,0.004555181756497065,True
GaussianBudget75M_LinearMinTime,Milford_2024-CAPNF-000276,20240518,1,pyrologix,7,72-66,2024,0.0,0.004473689943552017,0,drone,1,9.489961992702219e-05,2775,0.004460282136570043,True
GaussianBudget75M_LinearMinTime,Mill_2024-CABDF-007176,20240515,18,pyrologix,5,none,2024,0.0,0.0018226420506834984,-1,undetected,1,9.489961992702219e-05,0,0.0,False
GaussianBudget75M_LinearMinTime,Mill_2024-CALPF-000981,20240518,13,pyrologix,6,189-64,2024,0.0,0.002898239064961672,0,drone,1,9.489961992702219e-05,2270,0.004270482896715999,True
GaussianBudget75M_LinearMinTime,Mill_2024-CAPNF-000832,20240722,20,pyrologix,3,79-61,2024,0.0,0.018310937914066017,-1,undetected,1,9.489961992702219e-05,2530,0.004365382516643021,True
GaussianBudget75M_LinearMinTime,Mill_2024-CATNF-000939,20240720,7,pyrologix,2,79-54,2024,0.0,0.0017332240240648389,0,drone,1,9.489961992702219e-05,925,0.0037010851771538656,True
GaussianBudget75M_LinearMinTime,Miller_2024-CAMDF-000945,20240916,8,pyrologix,10,37-63,2024,0.0,0.007099095033481717,0,drone,1,9.489961992702219e-05,3890,0.004555181756497065,True
GaussianBudget75M_LinearMinTime,Mine_2024-CAPNF-001477,20241030,17,pyrologix,12,65-57,2024,0.0,0.006440724013373256,0,drone,1,9.489961992702219e-05,4450,0.0040806836568619545,True
GaussianBudget75M_LinearMinTime,Mine_2024-CASNF-000951,20240714,18,pyrologix,9,128-62,2024,0.0,0.01902307302225381,-1,undetected,1,9.489961992702219e-05,1580,0.004270482896715999,True
GaussianBudget75M_LinearMinTime,Miners_2024-CACNF-002617,20241113,17,pyrologix,11,244-98,2024,0.0,0.026151836034841835,4,drone,1,9.489961992702219e-05,5300,0.004555181756497065,True
GaussianBudget75M_LinearMinTime,Mission_2024-CAMMU-024236,20241017,19,pyrologix,10,135-67,2024,0.0,0.0028190050506964326,0,drone,1,9.489961992702219e-05,3805,0.004555181756497065,True
GaussianBudget75M_LinearMinTime,Mnf1_2024-CALNU-019072,20241004,22,pyrologix,9,78-23,2024,0.0,0.004453778965398669,0,drone,1,9.489961992702219e-05,3555,0.0040806836568619545,True
GaussianBudget75M_LinearMinTime,Modin_2024-CASHF-001020,20241016,22,pyrologix,2,44-48,2024,0.0,0.003880531992763281,0,drone,1,9.489961992702219e-05,1015,0.004365382516643021,True
GaussianBudget75M_LinearMinTime,Mohawk_2024-CAPNF-000665,20240707,8,pyrologix,1,72-59,2024,0.0,0.002803231938742101,0,drone,1,9.489961992702219e-05,595,0.003511285937299821,True
GaussianBudget75M_LinearMinTime,Monkey_2024-CAANF-242139,20240705,8,pyrologix,5,206-81,2024,0.0,0.002209798898547888,0,drone,1,9.489961992702219e-05,1885,0.0037010851771538656,True
GaussianBudget75M_LinearMinTime,Moon_2024-CAANF-242974,20240813,18,pyrologix,7,206-81,2024,0.0,0.003447252092882991,0,drone,1,9.489961992702219e-05,2825,0.0037010851771538656,True
GaussianBudget75M_LinearMinTime,Moon_2024-CALNF-000997,20240226,18,pyrologix,2,51-54,2024,0.0,0.011554143042303622,1,drone,1,9.489961992702219e-05,1415,0.004555181756497065,True
GaussianBudget75M_LinearMinTime,Moonshine_2024-CATNF-000243,20240321,22,pyrologix,1,79-54,2024,0.0,0.002725405036471784,0,drone,1,9.489961992702219e-05,660,0.00303678783766471,True
GaussianBudget75M_LinearMinTime,Moore_2024-CASTF-001052,20240624,19,pyrologix,9,121-61,2024,0.0,0.006067694979719818,0,drone,1,9.489961992702219e-05,4140,0.003795984797080888,True
GaussianBudget75M_LinearMinTime,Morris_2024-CAANF-242830,20240804,22,pyrologix,4,206-81,2024,0.0,0.0036001059925183654,0,drone,1,9.489961992702219e-05,1720,0.0037010851771538656,True
GaussianBudget75M_LinearMinTime,Morris_2024-CALAC-271876,20240804,18,pyrologix,11,206-81,2024,0.0,0.006368284928612411,1,drone,1,9.489961992702219e-05,4470,0.003795984797080888,True
GaussianBudget75M_LinearMinTime,Morris_2024-CASHF-000448,20240621,22,pyrologix,2,38-28,2024,0.0,0.005613935994915664,1,drone,1,9.489961992702219e-05,1260,0.004555181756497065,True
GaussianBudget75M_LinearMinTime,Mosquito_2024-CAAEU-022315,20240807,0,pyrologix,5,93-56,2024,0.0,0.003971075057052076,0,drone,1,9.489961992702219e-05,2220,0.004270482896715999,True
GaussianBudget75M_LinearMinTime,Mosquito_2024-CATNF-000771,20240702,18,pyrologix,11,93-56,2024,0.0,0.008590635028667748,0,drone,1,9.489961992702219e-05,4805,0.0046500813764240876,True
GaussianBudget75M_LinearMinTime,Motor_2024-CAANF-243087,20240823,12,pyrologix,11,195-71,2024,0.0,0.012454651994630694,2,drone,1,9.489961992702219e-05,4995,0.004555181756497065,True
GaussianBudget75M_LinearMinTime,Mount_2024-CALPF-002316,20240910,15,pyrologix,12,189-64,2024,0.0,0.036902458989061415,-1,undetected,1,9.489961992702219e-05,6700,0.0046500813764240876,True
GaussianBudget75M_LinearMinTime,Mountain_2024-CATNF-000760,20240702,13,pyrologix,3,79-54,2024,0.0,0.002436893992125988,0,drone,1,9.489961992702219e-05,1390,0.004175583276788976,True
GaussianBudget75M_LinearMinTime,Mouse_2024-CAKNF-006814,20240818,18,pyrologix,5,31-31,2024,0.0,0.005907457903958857,1,drone,1,9.489961992702219e-05,2330,0.004555181756497065,True
GaussianBudget75M_LinearMinTime,Mp_243-16_Pinc_2024-CARRU-197199,20241222,0,pyrologix,10,223-101,2024,0.0,0.013448677957057953,1,drone,1,9.489961992702219e-05,4305,0.004555181756497065,True
GaussianBudget75M_LinearMinTime,Mud_2024-CAMDF-000496,20240724,15,pyrologix,5,30-60,2024,0.0,0.010894584003835917,1,drone,1,9.489961992702219e-05,2515,0.004460282136570043,True
GaussianBudget75M_LinearMinTime,Mumbo_2024-CASHF-000581,20240715,19,pyrologix,12,37-35,2024,0.0,0.00502163905184716,0,drone,1,9.489961992702219e-05,4300,0.0046500813764240876,True
GaussianBudget75M_LinearMinTime,Muse_2024-CAKNF-006808,20240818,12,pyrologix,10,24-32,2024,0.0,0.007301512989215553,0,drone,1,9.489961992702219e-05,3985,0.0046500813764240876,True
GaussianBudget75M_LinearMinTime,Myrtle_2024-CASRF-000727,20240808,18,pyrologix,12,15-20,2024,0.0,0.036085623083636165,-1,undetected,1,9.489961992702219e-05,7205,0.0040806836568619545,True
GaussianBudget75M_LinearMinTime,Mystery_2024-CASNF-000889,20240710,23,pyrologix,3,141-74,2024,0.0,0.01814811897929758,-1,undetected,1,9.489961992702219e-05,3200,0.004460282136570043,True
GaussianBudget75M_LinearMinTime,N_Hwy_138___Old_Mill_Rd_2024-CABDU-010726,20240718,5,pyrologix,7,209-96,2024,0.0,0.009551029070280492,2,drone,1,9.489961992702219e-05,3445,0.004270482896715999,True
GaussianBudget75M_LinearMinTime,Non_Reportable_2024-CAANF-241146,20240429,16,pyrologix,10,none,2024,0.0,0.001834566006436944,-1,undetected,1,9.489961992702219e-05,0,0.0,False
GaussianBudget75M_LinearMinTime,North_2024-CAPNF-001479,20241031,23,pyrologix,2,65-57,2024,0.0,0.002239289926365018,0,drone,1,9.489961992702219e-05,825,0.003511285937299821,True
GaussianBudget75M_LinearMinTime,North_2024-CASTF-001411,20240716,23,pyrologix,1,107-68,2024,0.0,0.004813170060515404,0,drone,1,9.489961992702219e-05,595,0.0037010851771538656,True
GaussianBudget75M_LinearMinTime,North_2024-CATNF-001110,20240813,15,pyrologix,4,86-60,2024,0.0,0.005002385005354881,1,drone,1,9.489961992702219e-05,2015,0.003985784036934932,True
GaussianBudget75M_LinearMinTime,Northern_2024-CAMDF-000879,20240909,12,pyrologix,6,30-60,2024,0.0,0.006012201076373458,1,drone,1,9.489961992702219e-05,2790,0.004460282136570043,True
GaussianBudget75M_LinearMinTime,Nose_2024-CASRF-000338,20240613,12,pyrologix,10,38-21,2024,0.0,0.0188820359762758,-1,undetected,1,9.489961992702219e-05,1450,0.004270482896715999,True
GaussianBudget75M_LinearMinTime,Nutmeg_2024-CASNF-000953,20240714,20,pyrologix,7,128-62,2024,0.0,0.03324404894374311,-1,undetected,1,9.489961992702219e-05,1580,0.004270482896715999,True
GaussianBudget75M_LinearMinTime,O_Brien_2024-CASHF-000939,20240924,9,pyrologix,12,44-41,2024,0.0,0.03592557099182159,-1,undetected,1,9.489961992702219e-05,6550,0.004270482896715999,True
GaussianBudget75M_LinearMinTime,Oak_2024-CAANF-240330,20240203,0,pyrologix,12,201-76,2024,0.0,0.008584289927966893,2,drone,1,9.489961992702219e-05,4985,0.004460282136570043,True
GaussianBudget75M_LinearMinTime,Oak_2024-CALPF-002314,20240910,12,pyrologix,10,198-64,2024,0.0,0.004292869009077549,0,drone,1,9.489961992702219e-05,4025,0.0046500813764240876,True
GaussianBudget75M_LinearMinTime,Oaks_2024-CABDF-016085,20241106,12,pyrologix,9,206-88,2024,0.0,0.003734073950909078,0,drone,1,9.489961992702219e-05,3610,0.004175583276788976,True
GaussianBudget75M_LinearMinTime,Old_2024-CABTU-006472,20240412,22,pyrologix,5,79-47,2024,0.0,0.018276816001161933,-1,undetected,1,9.489961992702219e-05,430,0.002941888217737688,True
GaussianBudget75M_LinearMinTime,Old_2024-CASRF-000385,20240623,20,pyrologix,12,24-25,2024,0.0,0.014436824945732951,1,drone,1,9.489961992702219e-05,4885,0.0046500813764240876,True
GaussianBudget75M_LinearMinTime,Olga_2024-CAANF-243956,20241027,7,pyrologix,7,195-71,2024,0.0,0.005690837977454066,0,drone,1,9.489961992702219e-05,2580,0.004365382516643021,True
GaussianBudget75M_LinearMinTime,Onion_2024-CATNF-001280,20240908,18,pyrologix,2,86-60,2024,0.0,0.003747605951502919,0,drone,1,9.489961992702219e-05,1115,0.003511285937299821,True
GaussianBudget75M_LinearMinTime,Oregon_2024-CAPNF-001514,20241111,22,pyrologix,4,79-47,2024,0.0,0.03239150904119015,-1,undetected,1,9.489961992702219e-05,430,0.002941888217737688,True
GaussianBudget75M_LinearMinTime,Oregon_2024-CASHU-007131,20240704,9,pyrologix,12,45-27,2024,0.0,0.0071162719978019595,0,drone,1,9.489961992702219e-05,4820,0.004460282136570043,True
GaussianBudget75M_LinearMinTime,Orosco_2024-CACNF-001338,20240712,1,pyrologix,9,237-97,2024,0.0,0.002678711083717644,0,drone,1,9.489961992702219e-05,2960,0.004460282136570043,True
GaussianBudget75M_LinearMinTime,Osborne_2024-CASTF-001964,20240829,14,pyrologix,1,107-61,2024,0.0,0.004605159978382289,0,drone,1,9.489961992702219e-05,625,0.003795984797080888,True
GaussianBudget75M_LinearMinTime,Overlook_2024-CAANF-242134,20240705,1,pyrologix,9,201-76,2024,0.0,0.0037558620097115636,0,drone,1,9.489961992702219e-05,3410,0.004270482896715999,True
GaussianBudget75M_LinearMinTime,Overlook_2024-CACNF-001752,20240810,19,pyrologix,9,none,2024,0.0,0.0019285599701106548,-1,undetected,1,9.489961992702219e-05,0,0.0,False
GaussianBudget75M_LinearMinTime,Owens_River_2024-CAINF-001553,20240826,2,pyrologix,2,124-80,2024,0.0,0.0029347010422497988,0,drone,1,9.489961992702219e-05,940,0.0040806836568619545,True
GaussianBudget75M_LinearMinTime,Owl_2024-CASNF-000945,20240714,18,pyrologix,1,135-67,2024,0.0,0.017753721913322806,-1,undetected,1,9.489961992702219e-05,2630,0.004365382516643021,True
GaussianBudget75M_LinearMinTime,Owl_2024-CASRF-000935,20240928,21,pyrologix,5,31-24,2024,0.0,0.018273830064572394,-1,undetected,1,9.489961992702219e-05,4360,0.004460282136570043,True
GaussianBudget75M_LinearMinTime,Packsaddle_2024-CASQF-001250,20240713,20,pyrologix,2,170-77,2024,0.0,0.005528177949599922,0,drone,1,9.489961992702219e-05,970,0.004175583276788976,True
GaussianBudget75M_LinearMinTime,Paddle_2024-CASRF-000778,20240819,11,pyrologix,11,15-20,2024,0.0,0.01933629100676626,-1,undetected,1,9.489961992702219e-05,6800,0.0040806836568619545,True
GaussianBudget75M_LinearMinTime,Palen_2024-CATNF-000883,20240714,21,pyrologix,10,79-68,2024,0.0,0.009577163960784674,2,drone,1,9.489961992702219e-05,4580,0.004555181756497065,True
GaussianBudget75M_LinearMinTime,Paloma_2024-CAANF-244637,20241222,23,pyrologix,7,201-76,2024,0.0,0.0031256269430741668,0,drone,1,9.489961992702219e-05,2695,0.004175583276788976,True
GaussianBudget75M_LinearMinTime,Pancake_2024-CAPNF-000473,20240623,11,pyrologix,11,72-52,2024,0.0,0.006453009904362261,0,drone,1,9.489961992702219e-05,4080,0.0046500813764240876,True
GaussianBudget75M_LinearMinTime,Panoramic_2024-CABDF-001975,20240206,21,pyrologix,8,223-101,2024,0.0,0.004302337067201734,0,drone,1,9.489961992702219e-05,3140,0.004460282136570043,True
GaussianBudget75M_LinearMinTime,Park_Creek_Rd___Sly_Park_Rd_2024-CAAEU-009199,20240412,8,pyrologix,12,100-54,2024,0.0,0.0031104310182854533,0,drone,1,9.489961992702219e-05,4405,0.004365382516643021,True
GaussianBudget75M_LinearMinTime,Pass_2024-CASQF-001363,20240724,17,pyrologix,7,147-79,2024,0.0,0.004444523015990853,0,drone,1,9.489961992702219e-05,2715,0.0046500813764240876,True
GaussianBudget75M_LinearMinTime,Patricks_2024-CASRF-000944,20241001,19,pyrologix,7,15-20,2024,0.0,0.03379289200529456,-1,undetected,1,9.489961992702219e-05,5240,0.0040806836568619545,True
GaussianBudget75M_LinearMinTime,Patterson_2024-CAMDF-000408,20240717,22,pyrologix,8,42-76,2024,0.0,0.005070985993370414,0,drone,1,9.489961992702219e-05,3300,0.004555181756497065,True
GaussianBudget75M_LinearMinTime,Patterson_2024-CATNF-001415,20241001,16,pyrologix,8,86-60,2024,0.0,0.003899193019606173,0,drone,1,9.489961992702219e-05,3405,0.0040806836568619545,True
GaussianBudget75M_LinearMinTime,Peak_2024-CASTF-002313,20241002,13,pyrologix,12,114-64,2024,0.0,0.005868511972948909,1,drone,1,9.489961992702219e-05,4865,0.0046500813764240876,True
GaussianBudget75M_LinearMinTime,Pearl_2024-CAENF-019645,20240714,1,pyrologix,1,93-62,2024,0.0,0.018020960967987776,-1,undetected,1,9.489961992702219e-05,435,0.002941888217737688,True
GaussianBudget75M_LinearMinTime,Peavine_2024-CAENF-030576,20241027,15,pyrologix,8,100-61,2024,0.0,0.0031844639452174306,0,drone,1,9.489961992702219e-05,2955,0.004460282136570043,True
GaussianBudget75M_LinearMinTime,Pecks_2024-CAPNF-001478,20241030,22,pyrologix,2,65-57,2024,0.0,0.0033400150714442134,0,drone,1,9.489961992702219e-05,825,0.003511285937299821,True
GaussianBudget75M_LinearMinTime,Pelona_2024-CAANF-243346,20240909,11,pyrologix,9,201-76,2024,0.0,0.004107067012228072,0,drone,1,9.489961992702219e-05,3455,0.004270482896715999,True
GaussianBudget75M_LinearMinTime,Pencil_2024-CAMDF-000481,20240722,19,pyrologix,4,none,2024,0.0,0.00194579700473696,-1,undetected,1,9.489961992702219e-05,0,0.0,False
GaussianBudget75M_LinearMinTime,Pendola_2024-CATNF-000345,20240421,14,pyrologix,12,79-54,2024,0.0,0.03511856193654239,-1,undetected,1,9.489961992702219e-05,5695,0.0046500813764240876,True
GaussianBudget75M_LinearMinTime,Perdew_2024-CABDF-014445,20241016,19,pyrologix,11,206-88,2024,0.0,0.0049494910053908825,0,drone,1,9.489961992702219e-05,4435,0.004175583276788976,True
GaussianBudget75M_LinearMinTime,Perkins_2024-CASNF-000978,20240717,19,pyrologix,12,134-74,2024,0.0,0.0062041140627115965,1,drone,1,9.489961992702219e-05,4780,0.0046500813764240876,True
GaussianBudget75M_LinearMinTime,Phipps_2024-CAENF-019712,20240714,17,pyrologix,6,93-62,2024,0.0,0.018056310946121812,-1,undetected,1,9.489961992702219e-05,435,0.002941888217737688,True
GaussianBudget75M_LinearMinTime,Phipps_2024-CATMU-019712,20240714,18,pyrologix,4,93-62,2024,0.0,0.017686845967546105,-1,undetected,1,9.489961992702219e-05,435,0.002941888217737688,True
GaussianBudget75M_LinearMinTime,Picket_2024-CAENF-026879,20240919,17,pyrologix,1,93-62,2024,0.0,0.017279829015024006,-1,undetected,1,9.489961992702219e-05,435,0.002941888217737688,True
GaussianBudget75M_LinearMinTime,Pickett_2024-CASRF-000557,20240714,10,pyrologix,5,52-19,2024,0.0,0.018885978031903505,-1,undetected,1,9.489961992702219e-05,4535,0.0033214866974457763,True
GaussianBudget75M_LinearMinTime,Picnic_2024-CACNF-002561,20241107,15,pyrologix,12,none,2024,0.0,0.0019140539225190878,-1,undetected,1,9.489961992702219e-05,0,0.0,False
GaussianBudget75M_LinearMinTime,Piedras_2024-CALPF-001480,20240701,12,pyrologix,8,198-64,2024,0.0,0.034558655926957726,-1,undetected,1,9.489961992702219e-05,5340,0.0046500813764240876,True
GaussianBudget75M_LinearMinTime,Pine_2024-CALPF-002058,20240817,15,pyrologix,1,189-64,2024,0.0,0.0014381679939106107,0,drone,1,9.489961992702219e-05,440,0.0026571893579566213,True
GaussianBudget75M_LinearMinTime,Pine_2024-CATNF-000921,20240718,14,pyrologix,1,86-53,2024,0.0,0.002078791963867843,0,drone,1,9.489961992702219e-05,490,0.0033214866974457763,True
GaussianBudget75M_LinearMinTime,Pinecrest_2024-CASTF-000673,20240514,17,pyrologix,12,114-64,2024,0.0,0.008628543931990862,2,drone,1,9.489961992702219e-05,5255,0.0046500813764240876,True
GaussianBudget75M_LinearMinTime,Pines_2024-CAANF-242216,20240707,7,pyrologix,4,206-88,2024,0.0,0.0028741350397467613,0,drone,1,9.489961992702219e-05,1705,0.003795984797080888,True
GaussianBudget75M_LinearMinTime,Pinewood_2024-CABDF-007893,20240527,12,pyrologix,7,223-101,2024,0.0,0.01713892794214189,2,drone,1,9.489961992702219e-05,3430,0.004460282136570043,True
GaussianBudget75M_LinearMinTime,Pipe_2024-CAANF-242836,20240805,21,pyrologix,11,201-76,2024,0.0,0.007843923987820745,1,drone,1,9.489961992702219e-05,4605,0.004460282136570043,True
GaussianBudget75M_LinearMinTime,Pipeline_2024-CASHF-000628,20240724,16,pyrologix,9,52-26,2024,0.0,0.004163244040682912,0,drone,1,9.489961992702219e-05,3515,0.0046500813764240876,True
GaussianBudget75M_LinearMinTime,Pipi_2024-CAENF-018817,20240707,15,pyrologix,9,100-61,2024,0.0,0.006208025966770947,0,drone,1,9.489961992702219e-05,3490,0.004460282136570043,True
GaussianBudget75M_LinearMinTime,Pit_2024-CALPF-002505,20241002,22,pyrologix,9,189-64,2024,0.0,0.006708378903567791,0,drone,1,9.489961992702219e-05,3640,0.0046500813764240876,True
GaussianBudget75M_LinearMinTime,Pitman_2024-CABDF-009013,20240621,13,pyrologix,5,206-88,2024,0.0,0.0037646039854735136,0,drone,1,9.489961992702219e-05,2130,0.00389088441700791,True
GaussianBudget75M_LinearMinTime,Piute_2024-CASTF-002034,20240902,16,pyrologix,11,114-64,2024,0.0,0.013614894938655198,3,drone,1,9.489961992702219e-05,5285,0.0046500813764240876,True
GaussianBudget75M_LinearMinTime,Plantation_2024-CAMDF-000415,20240717,13,pyrologix,11,none,2024,0.0,0.0019669909961521626,-1,undetected,1,9.489961992702219e-05,0,0.0,False
GaussianBudget75M_LinearMinTime,Plenty_2024-CAANF-242169,20240705,21,pyrologix,4,none,2024,0.0,0.0019601150415837765,-1,undetected,1,9.489961992702219e-05,0,0.0,False
GaussianBudget75M_LinearMinTime,Point_2024-CAMDF-000395,20240715,16,pyrologix,10,30-60,2024,0.0,0.006101260078139603,0,drone,1,9.489961992702219e-05,3835,0.004555181756497065,True
GaussianBudget75M_LinearMinTime,Point_2024-CASHU-006836,20240627,17,pyrologix,7,44-55,2024,0.0,0.00380889093503356,0,drone,1,9.489961992702219e-05,2910,0.004270482896715999,True
GaussianBudget75M_LinearMinTime,Point_2024-CASQF-001303,20240718,6,pyrologix,4,177-79,2024,0.0,0.028461367008276284,4,drone,1,9.489961992702219e-05,3310,0.004555181756497065,True
GaussianBudget75M_LinearMinTime,Poison_2024-CALNF-005125,20240827,18,pyrologix,4,51-54,2024,0.0,0.004154506954364479,0,drone,1,9.489961992702219e-05,1785,0.004555181756497065,True
GaussianBudget75M_LinearMinTime,Poison_2024-CASNF-001054,20240724,22,pyrologix,1,134-74,2024,0.0,0.0058260039659217,0,drone,1,9.489961992702219e-05,645,0.00389088441700791,True
GaussianBudget75M_LinearMinTime,Poison_2024-CASQF-001232,20240713,21,pyrologix,6,170-77,2024,0.0,0.002477513044141233,0,drone,1,9.489961992702219e-05,2145,0.004555181756497065,True
GaussianBudget75M_LinearMinTime,Poker_2024-CAKNF-006795,20240818,22,pyrologix,10,17-27,2024,0.0,0.004767426056787372,0,drone,1,9.489961992702219e-05,4110,0.004555181756497065,True
GaussianBudget75M_LinearMinTime,Porka_2024-CASTF-001365,20240714,11,pyrologix,10,107-68,2024,0.0,0.01811757090035826,5,drone,1,9.489961992702219e-05,5475,0.0046500813764240876,True
GaussianBudget75M_LinearMinTime,Portal_2024-CAANF-242662,20240727,20,pyrologix,7,none,2024,0.0,0.001946549047715962,-1,undetected,1,9.489961992702219e-05,0,0.0,False
GaussianBudget75M_LinearMinTime,Portal_2024-CAINF-002022,20241104,19,pyrologix,1,none,2024,0.0,0.001971623976714909,-1,undetected,1,9.489961992702219e-05,0,0.0,False
GaussianBudget75M_LinearMinTime,Portuguese_2024-CAKNF-006636,20240814,0,pyrologix,3,17-34,2024,0.0,0.0058395410887897015,0,drone,1,9.489961992702219e-05,1340,0.003511285937299821,True
GaussianBudget75M_LinearMinTime,Poso_2024-CATUU-000791,20240719,8,pyrologix,4,170-77,2024,0.0,0.005958638968877494,0,drone,1,9.489961992702219e-05,1630,0.004460282136570043,True
GaussianBudget75M_LinearMinTime,Post_2024-CASHF-000586,20240716,0,pyrologix,5,52-26,2024,0.0,0.00557504000607878,1,drone,1,9.489961992702219e-05,2355,0.004555181756497065,True
GaussianBudget75M_LinearMinTime,Power_2024-CAMMU-023174,20241004,22,pyrologix,6,135-67,2024,0.0,0.004487167927436531,0,drone,1,9.489961992702219e-05,2375,0.004365382516643021,True
GaussianBudget75M_LinearMinTime,Power_2024-CASNF-001545,20240915,14,pyrologix,12,141-74,2024,0.0,0.0051961729768663645,0,drone,1,9.489961992702219e-05,4560,0.004555181756497065,True
GaussianBudget75M_LinearMinTime,Power_2024-CASQF-001097,20240703,0,pyrologix,1,177-72,2024,0.0,0.0029442880768328905,0,drone,1,9.489961992702219e-05,465,0.0031316874575917325,True
GaussianBudget75M_LinearMinTime,Powerhouse_2024-CAANF-242656,20240727,17,pyrologix,6,195-71,2024,0.0,0.0068641649559140205,1,drone,1,9.489961992702219e-05,2640,0.004365382516643021,True
GaussianBudget75M_LinearMinTime,Propane_2024-CASQF-001598,20240830,22,pyrologix,9,177-79,2024,0.0,0.004816978005692363,0,drone,1,9.489961992702219e-05,3580,0.004555181756497065,True
GaussianBudget75M_LinearMinTime,Prospect_2024-CAPNF-000095,20240226,16,pyrologix,5,79-61,2024,0.0,0.006258705980144441,0,drone,1,9.489961992702219e-05,2310,0.004365382516643021,True
GaussianBudget75M_LinearMinTime,Prospect_2024-CASHF-001019,20241016,20,pyrologix,3,44-41,2024,0.0,0.004000269924290478,0,drone,1,9.489961992702219e-05,1455,0.004175583276788976,True
GaussianBudget75M_LinearMinTime,Prosser_2024-CATNF-000497,20240601,15,pyrologix,11,86-67,2024,0.0,0.0034149569692090154,0,drone,1,9.489961992702219e-05,4045,0.0040806836568619545,True
GaussianBudget75M_LinearMinTime,Provo_2024-CASTF-000370,20240311,23,pyrologix,7,114-57,2024,0.0,0.0033521410077810287,0,drone,1,9.489961992702219e-05,2860,0.004555181756497065,True
GaussianBudget75M_LinearMinTime,Punch_2024-CASNF-000934,20240714,20,pyrologix,12,none,2024,0.0,0.0019445959478616714,-1,undetected,1,9.489961992702219e-05,0,0.0,False
GaussianBudget75M_LinearMinTime,Quartz_2024-CASNF-001057,20240725,22,pyrologix,11,128-69,2024,0.0,0.005284712999127805,0,drone,1,9.489961992702219e-05,3900,0.004555181756497065,True
GaussianBudget75M_LinearMinTime,Rail_2024-CAPNF-000256,20240511,18,pyrologix,2,72-66,2024,0.0,0.005668316967785358,0,drone,1,9.489961992702219e-05,995,0.0040806836568619545,True
GaussianBudget75M_LinearMinTime,Rainbow_2024-CASHF-000869,20240909,17,pyrologix,1,52-19,2024,0.0,0.033065108000300825,-1,undetected,1,9.489961992702219e-05,2830,0.0033214866974457763,True
GaussianBudget75M_LinearMinTime,Ramp_2024-CATNF-000446,20240525,19,pyrologix,3,86-67,2024,0.0,0.003154412959702313,0,drone,1,9.489961992702219e-05,1310,0.00389088441700791,True
GaussianBudget75M_LinearMinTime,Ramparts_2024-CATMU-021980,20240803,17,pyrologix,10,93-62,2024,0.0,0.018576973001472652,-1,undetected,1,9.489961992702219e-05,435,0.002941888217737688,True
GaussianBudget75M_LinearMinTime,Ranch_2024-CATNF-001414,20241001,16,pyrologix,5,79-61,2024,0.0,0.01910304802004248,-1,undetected,1,9.489961992702219e-05,2530,0.004365382516643021,True
GaussianBudget75M_LinearMinTime,Rancheria_2024-CACNF-002722,20241201,15,pyrologix,3,none,2024,0.0,0.001931375009007752,-1,undetected,1,9.489961992702219e-05,0,0.0,False
GaussianBudget75M_LinearMinTime,Range_2024-CAANF-243749,20241011,16,pyrologix,2,206-81,2024,0.0,0.0038320530438795686,0,drone,1,9.489961992702219e-05,975,0.0036061855572268433,True
GaussianBudget75M_LinearMinTime,Rattlesnake_2024-CASTF-001325,20240712,23,pyrologix,8,107-61,2024,0.0,0.004097819095477462,0,drone,1,9.489961992702219e-05,3090,0.004555181756497065,True
GaussianBudget75M_LinearMinTime,Raymond_2024-CASNF-001072,20240726,16,pyrologix,10,128-69,2024,0.0,0.0037887870566919446,0,drone,1,9.489961992702219e-05,3635,0.004555181756497065,True
GaussianBudget75M_LinearMinTime,Raywood_2024-CABDF-012213,20240901,21,pyrologix,8,214-103,2024,0.0,0.03460436896421015,-1,undetected,1,9.489961992702219e-05,1485,0.00389088441700791,True
GaussianBudget75M_LinearMinTime,Red_2024-CASHF-000767,20240818,20,pyrologix,7,37-42,2024,0.0,0.0034863839391618967,0,drone,1,9.489961992702219e-05,2625,0.0046500813764240876,True
GaussianBudget75M_LinearMinTime,Red_2024-CATNF-000906,20240717,0,pyrologix,4,86-60,2024,0.0,0.0020181280560791492,0,drone,1,9.489961992702219e-05,1660,0.003985784036934932,True
GaussianBudget75M_LinearMinTime,Red_2024-CATNF-001349,20240919,12,pyrologix,2,93-62,2024,0.0,0.01730782596860081,-1,undetected,1,9.489961992702219e-05,435,0.002941888217737688,True
GaussianBudget75M_LinearMinTime,Redgrove_2024-CASQF-001170,20240708,10,pyrologix,9,163-78,2024,0.0,0.005324783967807889,0,drone,1,9.489961992702219e-05,3970,0.003795984797080888,True
GaussianBudget75M_LinearMinTime,Redinger_2024-CASNF-001840,20241115,16,pyrologix,12,135-67,2024,0.0,0.0035043969983235,0,drone,1,9.489961992702219e-05,4490,0.004555181756497065,True
GaussianBudget75M_LinearMinTime,Redonda_2024-CABDF-015968,20241103,14,pyrologix,8,209-96,2024,0.0,0.004443009966053069,0,drone,1,9.489961992702219e-05,3160,0.004270482896715999,True
GaussianBudget75M_LinearMinTime,Redwood_2024-CASRF-000862,20240910,10,pyrologix,12,15-20,2024,0.0,0.020194896031171083,-1,undetected,1,9.489961992702219e-05,7205,0.0040806836568619545,True
GaussianBudget75M_LinearMinTime,Reeves_2024-CAKNF-006815,20240818,19,pyrologix,4,17-34,2024,0.0,0.0025854059495031834,0,drone,1,9.489961992702219e-05,1535,0.003511285937299821,True
GaussianBudget75M_LinearMinTime,Refugio_2024-CALPF-002117,20240823,5,pyrologix,4,none,2024,0.0,0.002058055019006133,-1,undetected,1,9.489961992702219e-05,0,0.0,False
GaussianBudget75M_LinearMinTime,Remann_2024-CALNF-005700,20240921,11,pyrologix,10,51-54,2024,0.0,0.004729717969894409,0,drone,1,9.489961992702219e-05,3700,0.0046500813764240876,True
GaussianBudget75M_LinearMinTime,Reservoir_2024-CAANF-243574,20240930,16,pyrologix,3,206-81,2024,0.0,0.0037305880105122924,0,drone,1,9.489961992702219e-05,1425,0.0037010851771538656,True
GaussianBudget75M_LinearMinTime,Resort_2024-CACNF-002865,20241228,17,pyrologix,7,230-100,2024,0.0,0.002387518994510174,0,drone,1,9.489961992702219e-05,2630,0.004175583276788976,True
GaussianBudget75M_LinearMinTime,Rest_2024-CAINF-001411,20240810,12,pyrologix,8,127-76,2024,0.0,0.006975715048611164,1,drone,1,9.489961992702219e-05,3345,0.004555181756497065,True
GaussianBudget75M_LinearMinTime,Rest_2024-CALNF-005560,20240915,0,pyrologix,1,58-61,2024,0.0,0.004573830985464156,0,drone,1,9.489961992702219e-05,655,0.003795984797080888,True
GaussianBudget75M_LinearMinTime,Reynolds_2024-CASRF-000287,20240527,1,pyrologix,4,24-25,2024,0.0,0.0026185140013694763,0,drone,1,9.489961992702219e-05,1555,0.004365382516643021,True
GaussianBudget75M_LinearMinTime,Ridge_2024-CABDF-010876,20240731,14,pyrologix,4,none,2024,0.0,0.001920877955853939,-1,undetected,1,9.489961992702219e-05,0,0.0,False
GaussianBudget75M_LinearMinTime,Ridge_2024-CANEU-030573,20241012,22,pyrologix,3,93-56,2024,0.0,0.0027659450424835086,0,drone,1,9.489961992702219e-05,1325,0.0036061855572268433,True
GaussianBudget75M_LinearMinTime,Ridge_2_2024-CASRF-000580,20240715,23,pyrologix,2,38-21,2024,0.0,0.003757313941605389,0,drone,1,9.489961992702219e-05,1060,0.0040806836568619545,True
GaussianBudget75M_LinearMinTime,Rim_2024-CABDF-000408,20240109,16,pyrologix,3,209-96,2024,0.0,0.004013136029243469,0,drone,1,9.489961992702219e-05,1435,0.00389088441700791,True
GaussianBudget75M_LinearMinTime,River_2024-CAANF-242928,20240811,11,pyrologix,9,206-81,2024,0.0,0.006193040055222809,0,drone,1,9.489961992702219e-05,3470,0.0037010851771538656,True
GaussianBudget75M_LinearMinTime,River_2024-CASHF-000226,20240427,20,pyrologix,2,44-41,2024,0.0,0.03279374307021499,-1,undetected,1,9.489961992702219e-05,2950,0.004175583276788976,True
GaussianBudget75M_LinearMinTime,River_Park_2024-CAKNF-009213,20241107,20,pyrologix,9,17-27,2024,0.0,0.004020962049253285,0,drone,1,9.489961992702219e-05,3650,0.004555181756497065,True
GaussianBudget75M_LinearMinTime,Road_2024-CAANF-243400,20240914,11,pyrologix,9,201-76,2024,0.0,0.004092419054359198,0,drone,1,9.489961992702219e-05,3410,0.004270482896715999,True
GaussianBudget75M_LinearMinTime,Rock_2024-CABDF-009734,20240725,18,pyrologix,8,209-96,2024,0.0,0.002701893914490938,0,drone,1,9.489961992702219e-05,2945,0.004270482896715999,True
GaussianBudget75M_LinearMinTime,Rock_2024-CALPF-002208,20240902,21,pyrologix,7,none,2024,0.0,0.0019554869504645467,-1,undetected,1,9.489961992702219e-05,0,0.0,False
GaussianBudget75M_LinearMinTime,Rock_2024-CAMDF-000170,20240610,19,pyrologix,11,42-76,2024,0.0,0.0033417469821870327,0,drone,1,9.489961992702219e-05,4120,0.004555181756497065,True
GaussianBudget75M_LinearMinTime,Rock_2024-CASHF-000761,20240818,10,pyrologix,8,44-34,2024,0.0,0.011708238045684993,1,drone,1,9.489961992702219e-05,3645,0.004555181756497065,True
GaussianBudget75M_LinearMinTime,Rock_2024-CASNF-000717,20240625,15,pyrologix,1,141-74,2024,0.0,0.008399370010010898,2,drone,1,9.489961992702219e-05,1315,0.00389088441700791,True
GaussianBudget75M_LinearMinTime,Rock_2024-CASRF-000607,20240718,13,pyrologix,10,24-25,2024,0.0,0.005581071018241346,0,drone,1,9.489961992702219e-05,3610,0.0046500813764240876,True
GaussianBudget75M_LinearMinTime,Rocky_2024-CATNF-001017,20240803,22,pyrologix,9,86-67,2024,0.0,0.003262986079789698,0,drone,1,9.489961992702219e-05,3325,0.003985784036934932,True
GaussianBudget75M_LinearMinTime,Rodeo_2024-CASQF-001344,20240718,22,pyrologix,2,169-84,2024,0.0,0.0062742880545556545,0,drone,1,9.489961992702219e-05,1080,0.004175583276788976,True
GaussianBudget75M_LinearMinTime,Rodgers_2024-CASNF-001798,20241103,9,pyrologix,11,141-74,2024,0.0,0.004844069015234709,0,drone,1,9.489961992702219e-05,4170,0.004555181756497065,True
GaussianBudget75M_LinearMinTime,Root_2024-CASHF-001002,20241010,19,pyrologix,6,37-42,2024,0.0,0.004257465014234185,0,drone,1,9.489961992702219e-05,2230,0.0046500813764240876,True
GaussianBudget75M_LinearMinTime,Rosa_2024-CABDF-017160,20241126,1,pyrologix,7,223-101,2024,0.0,0.005684523028321564,1,drone,1,9.489961992702219e-05,2975,0.004460282136570043,True
GaussianBudget75M_LinearMinTime,Round_2024-CABDF-007414,20240519,13,pyrologix,6,223-101,2024,0.0,0.015790379024110734,2,drone,1,9.489961992702219e-05,3085,0.004460282136570043,True
GaussianBudget75M_LinearMinTime,Round_2024-CAPNF-000719,20240711,16,pyrologix,12,65-57,2024,0.0,0.004318773979321122,0,drone,1,9.489961992702219e-05,4450,0.0040806836568619545,True
GaussianBudget75M_LinearMinTime,Royal_2024-CATNF-000855,20240707,20,pyrologix,6,86-60,2024,0.0,0.0024238370824605227,0,drone,1,9.489961992702219e-05,2425,0.003985784036934932,True
GaussianBudget75M_LinearMinTime,Rru_Cove_2024-CABDF-014860,20241025,9,pyrologix,10,223-101,2024,0.0,0.008597259991802275,2,drone,1,9.489961992702219e-05,4365,0.004555181756497065,True
GaussianBudget75M_LinearMinTime,Rru_Howard_2024-CABDF-008044,20240530,18,pyrologix,3,223-101,2024,0.0,0.006892908015288413,1,drone,1,9.489961992702219e-05,1785,0.004365382516643021,True
GaussianBudget75M_LinearMinTime,Rubbish_2024-CAANF-240976,20240412,14,pyrologix,7,206-81,2024,0.0,0.004391259979456663,0,drone,1,9.489961992702219e-05,2920,0.0037010851771538656,True
GaussianBudget75M_LinearMinTime,Ruby_2024-CAANF-242657,20240727,15,pyrologix,12,195-71,2024,0.0,0.01619500806555152,3,drone,1,9.489961992702219e-05,5505,0.004555181756497065,True
GaussianBudget75M_LinearMinTime,Rucker_2024-CATNF-000985,20240727,17,pyrologix,6,86-60,2024,0.0,0.002848842996172607,0,drone,1,9.489961992702219e-05,2475,0.003985784036934932,True
GaussianBudget75M_LinearMinTime,Ruffey_2024-CAKNF-005725,20240716,16,pyrologix,4,31-31,2024,0.0,0.014135527075268328,2,drone,1,9.489961992702219e-05,2290,0.004555181756497065,True
GaussianBudget75M_LinearMinTime,Runner_2024-CAANF-242659,20240727,17,pyrologix,11,195-71,2024,0.0,0.0059564110124483705,0,drone,1,9.489961992702219e-05,4275,0.004555181756497065,True
GaussianBudget75M_LinearMinTime,Runner_2_2024-CAANF-243959,20241027,14,pyrologix,8,195-71,2024,0.0,0.003399142064154148,0,drone,1,9.489961992702219e-05,3010,0.004365382516643021,True
GaussianBudget75M_LinearMinTime,Saddle_2024-CAPNF-001253,20240919,22,pyrologix,6,72-59,2024,0.0,0.02093233005143702,3,drone,1,9.489961992702219e-05,3370,0.0046500813764240876,True
GaussianBudget75M_LinearMinTime,Salt_2024-CAENF-017809,20240630,13,pyrologix,11,107-61,2024,0.0,0.019468326936475933,2,drone,1,9.489961992702219e-05,4930,0.0046500813764240876,True
GaussianBudget75M_LinearMinTime,Sand_2024-CATNF-000885,20240714,0,pyrologix,9,86-60,2024,0.0,0.004914872930385172,0,drone,1,9.489961992702219e-05,3860,0.0040806836568619545,True
GaussianBudget75M_LinearMinTime,Sanhedrin_2024-CAMNF-001449,20241012,20,pyrologix,7,74-20,2024,0.0,0.003383888048119843,0,drone,1,9.489961992702219e-05,840,0.003985784036934932,True
GaussianBudget75M_LinearMinTime,Sardine_2024-CASTF-001400,20240716,22,pyrologix,6,107-68,2024,0.0,0.010187754989601672,1,drone,1,9.489961992702219e-05,2720,0.0046500813764240876,True
GaussianBudget75M_LinearMinTime,Scenic_2024-CAINF-000736,20240608,13,pyrologix,12,124-80,2024,0.0,0.00557495397515595,0,drone,1,9.489961992702219e-05,4645,0.0046500813764240876,True
GaussianBudget75M_LinearMinTime,Scotland_2024-CABDF-012756,20240912,21,pyrologix,8,206-88,2024,0.0,0.00494988402351737,0,drone,1,9.489961992702219e-05,3425,0.004175583276788976,True
GaussianBudget75M_LinearMinTime,Scott_2024-CABDF-014959,20241026,1,pyrologix,12,206-88,2024,0.0,0.004229418933391571,0,drone,1,9.489961992702219e-05,4730,0.004175583276788976,True
GaussianBudget75M_LinearMinTime,Seeley_2024-CABDF-015160,20241027,20,pyrologix,5,209-96,2024,0.0,0.0027639849577099085,0,drone,1,9.489961992702219e-05,1945,0.004270482896715999,True
GaussianBudget75M_LinearMinTime,Seiad_2024-CAKNF-007154,20240829,13,pyrologix,11,17-34,2024,0.0,0.0046071839751675725,0,drone,1,9.489961992702219e-05,4135,0.0037010851771538656,True
GaussianBudget75M_LinearMinTime,Sepulveda_2024-CABDF-009699,20240705,23,pyrologix,7,209-96,2024,0.0,0.01200982800219208,3,drone,1,9.489961992702219e-05,3790,0.004270482896715999,True
GaussianBudget75M_LinearMinTime,Shake_2024-CAMDF-000947,20240916,15,pyrologix,3,37-63,2024,0.0,0.004296869970858097,0,drone,1,9.489961992702219e-05,1445,0.004365382516643021,True
GaussianBudget75M_LinearMinTime,Shanty_2024-CASRF-000614,20240720,1,pyrologix,7,52-19,2024,0.0,0.019093086943030357,-1,undetected,1,9.489961992702219e-05,5315,0.0033214866974457763,True
GaussianBudget75M_LinearMinTime,Sheep_2024-CABDF-011109,20240805,18,pyrologix,5,206-88,2024,0.0,0.003347199992276728,0,drone,1,9.489961992702219e-05,2095,0.00389088441700791,True
GaussianBudget75M_LinearMinTime,Sheep_2024-CASHF-000789,20240823,1,pyrologix,4,44-34,2024,0.0,0.0026212400989606977,0,drone,1,9.489961992702219e-05,1660,0.004270482896715999,True
GaussianBudget75M_LinearMinTime,Sheephead_2024-CACNF-001245,20240705,6,pyrologix,1,none,2024,0.0,0.0018927899654954672,-1,undetected,1,9.489961992702219e-05,0,0.0,False
GaussianBudget75M_LinearMinTime,Sheering_2024-CASTF-001060,20240625,0,pyrologix,5,114-64,2024,0.0,0.003418077016249299,0,drone,1,9.489961992702219e-05,2075,0.004270482896715999,True
GaussianBudget75M_LinearMinTime,Shell_2024-CASQF-001024,20240625,22,pyrologix,7,147-79,2024,0.0,0.007218950078822672,0,drone,1,9.489961992702219e-05,2715,0.0046500813764240876,True
GaussianBudget75M_LinearMinTime,Shelley_2024-CATMU-030116,20241022,16,pyrologix,3,none,2024,0.0,0.0019771320512518287,-1,undetected,1,9.489961992702219e-05,0,0.0,False
GaussianBudget75M_LinearMinTime,Shelly_2024-CAKNF-005159,20240703,16,pyrologix,9,24-32,2024,0.0,0.012897802982479334,3,drone,1,9.489961992702219e-05,4745,0.0046500813764240876,True
GaussianBudget75M_LinearMinTime,Sherwin_2024-CAINF-001851,20241003,19,pyrologix,10,127-76,2024,0.0,0.00777038699015975,0,drone,1,9.489961992702219e-05,3780,0.004555181756497065,True
GaussianBudget75M_LinearMinTime,Shinn_2024-CASNF-000977,20240716,22,pyrologix,2,134-74,2024,0.0,0.0064674828900024295,1,drone,1,9.489961992702219e-05,1480,0.0046500813764240876,True
GaussianBudget75M_LinearMinTime,Shoe_2024-CASHF-000996,20241009,17,pyrologix,6,44-41,2024,0.0,0.009327803971245885,2,drone,1,9.489961992702219e-05,3230,0.004270482896715999,True
GaussianBudget75M_LinearMinTime,Shore_2024-CATNF-001163,20240822,2,pyrologix,11,86-67,2024,0.0,0.003694719052873552,0,drone,1,9.489961992702219e-05,4045,0.0040806836568619545,True
GaussianBudget75M_LinearMinTime,Siberia_2024-CABDF-010843,20240730,15,pyrologix,8,209-96,2024,0.0,0.006465037004090846,1,drone,1,9.489961992702219e-05,3445,0.004270482896715999,True
GaussianBudget75M_LinearMinTime,Sierra_2024-CAANF-242698,20240729,9,pyrologix,11,201-76,2024,0.0,0.005125276977196336,0,drone,1,9.489961992702219e-05,4265,0.004460282136570043,True
GaussianBudget75M_LinearMinTime,Sierra_2024-CAMMU-018562,20240811,4,pyrologix,1,135-67,2024,0.0,0.003558518015779555,0,drone,1,9.489961992702219e-05,700,0.004365382516643021,True
GaussianBudget75M_LinearMinTime,Signal_2024-CASRF-000713,20240805,13,pyrologix,9,15-20,2024,0.0,0.0043671190505847335,0,drone,1,9.489961992702219e-05,3915,0.0040806836568619545,True
GaussianBudget75M_LinearMinTime,Silverado_2024-CAANF-243644,20241005,7,pyrologix,9,195-71,2024,0.0,0.0038628230104222894,0,drone,1,9.489961992702219e-05,3335,0.004365382516643021,True
GaussianBudget75M_LinearMinTime,Sirretta_2024-CASQF-001263,20240714,16,pyrologix,4,169-84,2024,0.0,0.00218287599273026,0,drone,1,9.489961992702219e-05,1570,0.004175583276788976,True
GaussianBudget75M_LinearMinTime,Skyland_2024-CABDF-009823,20240706,10,pyrologix,12,none,2024,0.0,0.0020562889985740185,-1,undetected,1,9.489961992702219e-05,0,0.0,False
GaussianBudget75M_LinearMinTime,Skyline_2024-CASHF-001147,20241207,17,pyrologix,5,44-41,2024,0.0,0.004746840102598071,0,drone,1,9.489961992702219e-05,2015,0.004175583276788976,True
GaussianBudget75M_LinearMinTime,Slate_2024-CASRF-000624,20240721,17,pyrologix,2,31-24,2024,0.0,0.007043750025331974,0,drone,1,9.489961992702219e-05,1205,0.004175583276788976,True
GaussianBudget75M_LinearMinTime,Sloat_2024-CATNF-001054,20240804,16,pyrologix,7,79-61,2024,0.0,0.01899887900799513,-1,undetected,1,9.489961992702219e-05,2530,0.004365382516643021,True
GaussianBudget75M_LinearMinTime,Smith_2024-CAPNF-000834,20240722,21,pyrologix,3,72-66,2024,0.0,0.0031648750882595778,0,drone,1,9.489961992702219e-05,1305,0.004175583276788976,True
GaussianBudget75M_LinearMinTime,Snag_2024-CAMDF-000416,20240717,17,pyrologix,5,none,2024,0.0,0.0019228089367970824,-1,undetected,1,9.489961992702219e-05,0,0.0,False
GaussianBudget75M_LinearMinTime,Snell_2024-CAMDF-000949,20240916,16,pyrologix,4,37-56,2024,0.0,0.003907708916813135,0,drone,1,9.489961992702219e-05,1595,0.0046500813764240876,True
GaussianBudget75M_LinearMinTime,Snow_2024-CABDF-012275,20240901,16,pyrologix,8,214-103,2024,0.0,0.01911854196805507,-1,undetected,1,9.489961992702219e-05,1485,0.00389088441700791,True
GaussianBudget75M_LinearMinTime,Snowbird_2024-CASHF-000647,20240727,16,pyrologix,9,44-41,2024,0.0,0.003622055985033512,0,drone,1,9.489961992702219e-05,3490,0.004270482896715999,True
GaussianBudget75M_LinearMinTime,Soap_2024-CASTF-002267,20240927,17,pyrologix,3,114-57,2024,0.0,0.017257811967283487,2,drone,1,9.489961992702219e-05,2315,0.004555181756497065,True
GaussianBudget75M_LinearMinTime,Somes_2024-CASRF-000901,20240920,1,pyrologix,4,24-25,2024,0.0,0.0022473790450021625,0,drone,1,9.489961992702219e-05,1510,0.004365382516643021,True
GaussianBudget75M_LinearMinTime,South_2024-CAINF-001975,20241025,15,pyrologix,12,none,2024,0.0,0.001910935970954597,-1,undetected,1,9.489961992702219e-05,0,0.0,False
GaussianBudget75M_LinearMinTime,South_2024-CASKU-003966,20240530,17,pyrologix,11,37-42,2024,0.0,0.005353823071345687,0,drone,1,9.489961992702219e-05,4205,0.0046500813764240876,True
GaussianBudget75M_LinearMinTime,South_Crater_2024-CAINF-001246,20240723,1,pyrologix,6,124-80,2024,0.0,0.0030430800979956985,0,drone,1,9.489961992702219e-05,2355,0.0046500813764240876,True
GaussianBudget75M_LinearMinTime,Spaulding_2024-CATNF-000682,20240623,19,pyrologix,4,86-60,2024,0.0,0.00499638298060745,1,drone,1,9.489961992702219e-05,2015,0.003985784036934932,True
GaussianBudget75M_LinearMinTime,Spider_2024-CASHF-000844,20240904,14,pyrologix,8,44-34,2024,0.0,0.00560458900872618,0,drone,1,9.489961992702219e-05,3215,0.004555181756497065,True
GaussianBudget75M_LinearMinTime,Spillway_2024-CABDF-007081,20240512,22,pyrologix,2,223-101,2024,0.0,0.0018816780066117644,0,drone,1,9.489961992702219e-05,815,0.0037010851771538656,True
GaussianBudget75M_LinearMinTime,Spring_2024-CAENF-016530,20240620,22,pyrologix,6,100-61,2024,0.0,0.0026461640372872353,0,drone,1,9.489961992702219e-05,2210,0.004460282136570043,True
GaussianBudget75M_LinearMinTime,Spring_2024-CAKNF-006816,20240818,20,pyrologix,2,17-34,2024,0.0,0.001951550948433578,0,drone,1,9.489961992702219e-05,820,0.003511285937299821,True
GaussianBudget75M_LinearMinTime,Spring_2024-CAMDF-000414,20240717,16,pyrologix,2,49-75,2024,2419.3590093830135,0.0036693139700219035,0,drone,1,9.489961992702219e-05,960,0.003795984797080888,True
GaussianBudget75M_LinearMinTime,Spring_2024-CAPNF-001286,20240927,0,pyrologix,1,72-66,2024,0.0,0.006121058948338032,0,drone,1,9.489961992702219e-05,700,0.003795984797080888,True
GaussianBudget75M_LinearMinTime,Spring_2024-CASQF-001764,20240923,7,pyrologix,7,163-78,2024,0.0,0.0030984439654275775,0,drone,1,9.489961992702219e-05,3055,0.003795984797080888,True
GaussianBudget75M_LinearMinTime,Springs_2024-CATNF-001018,20240803,22,pyrologix,11,86-67,2024,0.0,0.005800897954031825,1,drone,1,9.489961992702219e-05,4375,0.0040806836568619545,True
GaussianBudget75M_LinearMinTime,Spunky_2024-CAANF-242018,20240630,21,pyrologix,10,none,2024,0.0,0.001991062075830996,-1,undetected,1,9.489961992702219e-05,0,0.0,False
GaussianBudget75M_LinearMinTime,Spur_2024-CAINF-001424,20240811,10,pyrologix,12,127-76,2024,0.0,0.004927171976305544,0,drone,1,9.489961992702219e-05,4550,0.0046500813764240876,True
GaussianBudget75M_LinearMinTime,Spur_2024-CAMDF-000346,20240710,12,pyrologix,10,37-63,2024,0.0,0.0067705330438911915,0,drone,1,9.489961992702219e-05,3830,0.004555181756497065,True
GaussianBudget75M_LinearMinTime,Star_2024-CASHF-000450,20240622,15,pyrologix,12,52-19,2024,0.0,0.03561079304199666,-1,undetected,1,9.489961992702219e-05,7365,0.0033214866974457763,True
GaussianBudget75M_LinearMinTime,Starvation_2024-CASQF-001512,20240818,0,pyrologix,9,170-77,2024,0.0,0.006500588962808251,1,drone,1,9.489961992702219e-05,3655,0.0046500813764240876,True
GaussianBudget75M_LinearMinTime,Stead_2024-CAMDF-000982,20240920,21,pyrologix,1,none,2024,0.0,0.0021969079971313477,-1,undetected,1,9.489961992702219e-05,0,0.0,False
GaussianBudget75M_LinearMinTime,Steep_2024-CABDF-012020,20240827,9,pyrologix,7,209-96,2024,0.0,0.0054407319985330105,0,drone,1,9.489961992702219e-05,2890,0.004270482896715999,True
GaussianBudget75M_LinearMinTime,Stick_2024-CABDF-012596,20240907,20,pyrologix,6,209-96,2024,0.0,0.0023460600059479475,0,drone,1,9.489961992702219e-05,2260,0.004270482896715999,True
GaussianBudget75M_LinearMinTime,Stock_2024-CAMDF-000592,20240805,22,pyrologix,4,35-77,2024,0.0,0.011329780099913478,3,drone,1,9.489961992702219e-05,2740,0.004365382516643021,True
GaussianBudget75M_LinearMinTime,Stokes_2024-CACNF-001574,20240727,18,pyrologix,4,237-97,2024,0.0,0.009428328019566834,1,drone,1,9.489961992702219e-05,2000,0.004270482896715999,True
GaussianBudget75M_LinearMinTime,Strawberry_2024-CAPNF-000895,20240731,16,pyrologix,4,79-54,2024,0.0,0.0023935060016810894,0,drone,1,9.489961992702219e-05,1810,0.004175583276788976,True
GaussianBudget75M_LinearMinTime,Strike_2024-CABDF-012602,20240908,19,pyrologix,11,209-96,2024,0.0,0.004622669075615704,0,drone,1,9.489961992702219e-05,4165,0.004270482896715999,True
GaussianBudget75M_LinearMinTime,Stuart_2024-CASHF-000414,20240616,17,pyrologix,7,38-28,2024,0.0,0.003048527054488659,0,drone,1,9.489961992702219e-05,2645,0.004555181756497065,True
GaussianBudget75M_LinearMinTime,Stump_2024-CASRF-000684,20240731,21,pyrologix,5,15-20,2024,0.0,0.01796954101882875,-1,undetected,1,9.489961992702219e-05,4420,0.0040806836568619545,True
GaussianBudget75M_LinearMinTime,Stump_2024-CASTF-001458,20240720,17,pyrologix,12,114-64,2024,0.0,0.005087028024718165,0,drone,1,9.489961992702219e-05,4760,0.0046500813764240876,True
GaussianBudget75M_LinearMinTime,Sugar_2024-CABDF-010319,20240717,13,pyrologix,11,214-103,2024,0.0,0.03418853902257979,-1,undetected,1,9.489961992702219e-05,1485,0.00389088441700791,True
GaussianBudget75M_LinearMinTime,Sugar_2024-CATNF-001025,20240803,6,pyrologix,2,86-53,2024,0.0,0.010607136995531619,1,drone,1,9.489961992702219e-05,1425,0.004175583276788976,True
GaussianBudget75M_LinearMinTime,Sugar_2024-CATNF-001197,20240826,18,pyrologix,3,86-60,2024,0.0,0.0024302529636770487,0,drone,1,9.489961992702219e-05,1335,0.003511285937299821,True
GaussianBudget75M_LinearMinTime,Sugarloaf_2024-CAANF-243521,20240926,21,pyrologix,5,206-88,2024,0.0,0.0023515450302511454,0,drone,1,9.489961992702219e-05,2000,0.00389088441700791,True
GaussianBudget75M_LinearMinTime,Sulphur_2024-CAKNF-004181,20240606,20,pyrologix,7,17-27,2024,0.0,0.006755534093827009,1,drone,1,9.489961992702219e-05,3405,0.004555181756497065,True
GaussianBudget75M_LinearMinTime,Summit_2024-CASQF-001071,20240629,17,pyrologix,7,147-79,2024,0.0,0.002981020021252334,0,drone,1,9.489961992702219e-05,2550,0.0046500813764240876,True
GaussianBudget75M_LinearMinTime,Sun_2024-CATCU-003101,20240311,22,pyrologix,9,114-57,2024,0.0,0.0030182339251041412,0,drone,1,9.489961992702219e-05,3455,0.0046500813764240876,True
GaussianBudget75M_LinearMinTime,Sunrise_2024-CAANF-241996,20240628,21,pyrologix,1,none,2024,0.0,0.0019310819916427135,-1,undetected,1,9.489961992702219e-05,0,0.0,False
GaussianBudget75M_LinearMinTime,Sunrise_2_2024-CAANF-242055,20240701,16,pyrologix,10,206-88,2024,0.0,0.007639624993316829,1,drone,1,9.489961992702219e-05,4520,0.004175583276788976,True
GaussianBudget75M_LinearMinTime,Sunset_2024-CAENF-024412,20240827,17,pyrologix,6,93-62,2024,0.0,0.0491165790008381,-1,undetected,1,9.489961992702219e-05,435,0.002941888217737688,True
GaussianBudget75M_LinearMinTime,Sunshine_2024-CAANF-244639,20241222,2,pyrologix,5,201-76,2024,0.0,0.00235286692623049,0,drone,1,9.489961992702219e-05,1870,0.003985784036934932,True
GaussianBudget75M_LinearMinTime,Suzy_2024-CASRF-000368,20240621,0,pyrologix,5,38-21,2024,0.0,0.01789183192886412,-1,undetected,1,9.489961992702219e-05,1450,0.004270482896715999,True
GaussianBudget75M_LinearMinTime,Swaggert_Timber_Sale_2024-CAMDF-000887,20240910,14,pyrologix,5,43-69,2024,0.0,0.00460661097895354,0,drone,1,9.489961992702219e-05,2115,0.004365382516643021,True
GaussianBudget75M_LinearMinTime,Swarthout_2024-CABDF-016024,20241104,4,pyrologix,4,206-88,2024,0.0,0.0032601829152554274,0,drone,1,9.489961992702219e-05,1750,0.003795984797080888,True
GaussianBudget75M_LinearMinTime,Sycamore_2024-CABDF-001018,20240121,20,pyrologix,6,206-88,2024,0.0,0.0024885389721021056,0,drone,1,9.489961992702219e-05,2335,0.00389088441700791,True
GaussianBudget75M_LinearMinTime,Talbot_2024-CATNF-000904,20240716,16,pyrologix,1,86-60,2024,0.0,0.0031416830606758595,0,drone,1,9.489961992702219e-05,645,0.003511285937299821,True
GaussianBudget75M_LinearMinTime,Tamarack_2024-CASHF-000630,20240724,17,pyrologix,11,37-42,2024,0.0,0.015081204939633608,4,drone,1,9.489961992702219e-05,5435,0.0046500813764240876,True
GaussianBudget75M_LinearMinTime,Tamarack_2024-CASNF-000704,20240624,23,pyrologix,2,134-74,2024,0.0,0.007322430028580129,0,drone,1,9.489961992702219e-05,1135,0.004460282136570043,True
GaussianBudget75M_LinearMinTime,Tank_2024-CAANF-243112,20240824,17,pyrologix,9,195-71,2024,0.0,0.00482405791990459,0,drone,1,9.489961992702219e-05,3450,0.004365382516643021,True
GaussianBudget75M_LinearMinTime,Tar_2024-CALPF-001515,20240704,4,pyrologix,6,198-64,2024,0.0,0.0022265500156208873,0,drone,1,9.489961992702219e-05,2305,0.004365382516643021,True
GaussianBudget75M_LinearMinTime,Taylors_2024-CAPNF-000831,20240722,18,pyrologix,6,65-64,2024,0.0,0.010321840993128717,1,drone,1,9.489961992702219e-05,2625,0.004460282136570043,True
GaussianBudget75M_LinearMinTime,Tecuya_2024-CALPF-002553,20241006,13,pyrologix,7,189-64,2024,0.0,0.007889038068242371,1,drone,1,9.489961992702219e-05,3410,0.0046500813764240876,True
GaussianBudget75M_LinearMinTime,Telegraph_2024-CAANF-243254,20240903,20,pyrologix,3,206-88,2024,0.0,0.003006218932569027,0,drone,1,9.489961992702219e-05,1315,0.0036061855572268433,True
GaussianBudget75M_LinearMinTime,Tells_2024-CAENF-023159,20240814,22,pyrologix,3,93-62,2024,0.0,0.0019611879251897335,0,drone,1,9.489961992702219e-05,435,0.002941888217737688,True
GaussianBudget75M_LinearMinTime,Temple_2024-CAKNF-003997,20240531,16,pyrologix,8,22-46,2024,0.0,0.0038503800751641393,0,drone,1,9.489961992702219e-05,3090,0.004460282136570043,True
GaussianBudget75M_LinearMinTime,Templin_2024-CAANF-241629,20240607,1,pyrologix,5,195-71,2024,0.0,0.007552070077508688,2,drone,1,9.489961992702219e-05,2535,0.004365382516643021,True
GaussianBudget75M_LinearMinTime,Ten_Mile_2024-CASQF-000670,20240526,18,pyrologix,7,147-79,2024,0.0,0.004804875003173947,0,drone,1,9.489961992702219e-05,2550,0.0046500813764240876,True
GaussianBudget75M_LinearMinTime,Tenaja_2024-CACNF-001874,20240825,16,pyrologix,5,220-87,2024,0.0,0.00330020091496408,0,drone,1,9.489961992702219e-05,1920,0.003985784036934932,True
GaussianBudget75M_LinearMinTime,Thousand_2024-CAINF-001270,20240725,10,pyrologix,11,127-76,2024,0.0,0.0037804439198225737,0,drone,1,9.489961992702219e-05,3975,0.0046500813764240876,True
GaussianBudget75M_LinearMinTime,Thunder_2024-CAENF-025870,20240909,17,pyrologix,7,100-61,2024,0.0,0.034344453015364707,-1,undetected,1,9.489961992702219e-05,4670,0.004555181756497065,True
GaussianBudget75M_LinearMinTime,Timber_2024-CASHF-000912,20240918,14,pyrologix,6,37-56,2024,0.0,0.006252396968193352,1,drone,1,9.489961992702219e-05,2750,0.0046500813764240876,True
GaussianBudget75M_LinearMinTime,Timber_2024-CASHU-004313,20240429,23,pyrologix,7,44-55,2024,0.0,0.00553506298456341,0,drone,1,9.489961992702219e-05,2800,0.004270482896715999,True
GaussianBudget75M_LinearMinTime,Timber_2024-CASHU-013961,20241208,19,pyrologix,3,44-55,2024,0.0,0.00407432799693197,0,drone,1,9.489961992702219e-05,1435,0.003795984797080888,True
GaussianBudget75M_LinearMinTime,Tnf-Madrone_2024-CANEU-014985,20240530,19,pyrologix,4,79-54,2024,0.0,0.015184321091510355,4,drone,1,9.489961992702219e-05,3675,0.004175583276788976,True
GaussianBudget75M_LinearMinTime,Tom_2024-CAKNF-005764,20240717,14,pyrologix,9,17-34,2024,0.0,0.007152206962928176,1,drone,1,9.489961992702219e-05,3775,0.0037010851771538656,True
GaussianBudget75M_LinearMinTime,Tom_2024-CASNF-000726,20240625,18,pyrologix,6,134-74,2024,0.0,0.0035222850274294615,0,drone,1,9.489961992702219e-05,2435,0.0046500813764240876,True
GaussianBudget75M_LinearMinTime,Track_2024-CATNF-001069,20240806,17,pyrologix,4,79-61,2024,0.0,0.0036644310457631946,0,drone,1,9.489961992702219e-05,1955,0.004365382516643021,True
GaussianBudget75M_LinearMinTime,Trail_2024-CAKNF-006785,20240818,20,pyrologix,9,31-31,2024,0.0,0.0029992830241099,0,drone,1,9.489961992702219e-05,3250,0.0046500813764240876,True
GaussianBudget75M_LinearMinTime,Trail_2024-CALPF-000839,20240430,18,pyrologix,6,none,2024,0.0,0.0019442050252109766,-1,undetected,1,9.489961992702219e-05,0,0.0,False
GaussianBudget75M_LinearMinTime,Trailhead_2024-CASTF-002413,20241012,15,pyrologix,9,114-64,2024,0.0,0.006001078989356756,0,drone,1,9.489961992702219e-05,3450,0.0046500813764240876,True
GaussianBudget75M_LinearMinTime,Train_2024-CABDF-011648,20240817,18,pyrologix,10,206-88,2024,0.0,0.0051081819692626595,0,drone,1,9.489961992702219e-05,4095,0.004175583276788976,True
GaussianBudget75M_LinearMinTime,Trinity_2024-CASRF-000333,20240612,15,pyrologix,11,38-21,2024,0.0,0.018227999098598957,-1,undetected,1,9.489961992702219e-05,1450,0.004270482896715999,True
GaussianBudget75M_LinearMinTime,Trinity_River_Camp_Shfweavville_2024-CASHU-009224,20240818,3,pyrologix,1,44-34,2024,0.0,0.00616257602814585,0,drone,1,9.489961992702219e-05,730,0.0037010851771538656,True
GaussianBudget75M_LinearMinTime,Trout_2024-CASQF-001240,20240713,10,pyrologix,12,169-84,2024,0.0,0.009132205042988062,0,drone,1,9.489961992702219e-05,4640,0.004555181756497065,True
GaussianBudget75M_LinearMinTime,Turk_2024-CABDF-004555,20240319,10,pyrologix,5,206-88,2024,0.0,0.005465462920255959,1,drone,1,9.489961992702219e-05,2380,0.003985784036934932,True
GaussianBudget75M_LinearMinTime,Turkey_2024-CALPF-001493,20240702,12,pyrologix,11,170-47,2024,0.0,0.003988826065324247,0,drone,1,9.489961992702219e-05,4395,0.004460282136570043,True
GaussianBudget75M_LinearMinTime,Tv_2024-CATNF-001039,20240803,18,pyrologix,9,79-68,2024,0.0,0.005491563002578914,0,drone,1,9.489961992702219e-05,3445,0.004555181756497065,True
GaussianBudget75M_LinearMinTime,Twin_2024-CAPNF-000339,20240531,23,pyrologix,3,72-66,2024,0.0,0.003766278037801385,0,drone,1,9.489961992702219e-05,1390,0.004175583276788976,True
GaussianBudget75M_LinearMinTime,Ullathorne_2024-CASRF-000882,20240914,0,pyrologix,8,31-24,2024,0.0,0.00867994292639196,2,drone,1,9.489961992702219e-05,4090,0.004460282136570043,True
GaussianBudget75M_LinearMinTime,Unattended_2024-CASTF-002156,20240914,18,pyrologix,2,107-68,2024,0.0,0.004048718954436481,0,drone,1,9.489961992702219e-05,1125,0.004555181756497065,True
GaussianBudget75M_LinearMinTime,Under_2024-CASHF-000423,20240618,23,pyrologix,3,38-21,2024,0.0,0.0024066250771284103,0,drone,1,9.489961992702219e-05,1185,0.0040806836568619545,True
GaussianBudget75M_LinearMinTime,Union_2024-CASTF-002004,20240901,23,pyrologix,2,107-68,2024,0.0,0.011456244043074548,1,drone,1,9.489961992702219e-05,1450,0.004555181756497065,True
GaussianBudget75M_LinearMinTime,Union_2024-CATNF-000234,20240321,21,pyrologix,7,79-61,2024,0.0,0.01852435991168022,-1,undetected,1,9.489961992702219e-05,2530,0.004365382516643021,True
GaussianBudget75M_LinearMinTime,Upper_2024-CAANF-243923,20241025,9,pyrologix,12,206-81,2024,0.0,0.005606979015283287,0,drone,1,9.489961992702219e-05,4655,0.003795984797080888,True
GaussianBudget75M_LinearMinTime,Upper_2024-CABDF-014731,20241021,21,pyrologix,3,206-88,2024,0.0,0.002696543000638485,0,drone,1,9.489961992702219e-05,1315,0.0036061855572268433,True
GaussianBudget75M_LinearMinTime,Upper_2024-CATMU-026524,20240916,20,pyrologix,11,100-68,2024,0.0,0.00477532297372818,0,drone,1,9.489961992702219e-05,4280,0.004555181756497065,True
GaussianBudget75M_LinearMinTime,Utica_2024-CASTF-001848,20240816,17,pyrologix,4,107-68,2024,0.0,0.004877962055616081,1,drone,1,9.489961992702219e-05,1895,0.0046500813764240876,True
GaussianBudget75M_LinearMinTime,Valentine_2024-CAINF-000771,20240612,21,pyrologix,11,127-76,2024,0.0,0.015805998002178967,2,drone,1,9.489961992702219e-05,4690,0.0046500813764240876,True
GaussianBudget75M_LinearMinTime,Valley_2024-CAMDF-000116,20240521,17,pyrologix,8,42-76,2024,0.0,0.005911106010898948,0,drone,1,9.489961992702219e-05,3140,0.004555181756497065,True
GaussianBudget75M_LinearMinTime,Valley_2024-CATMU-016096,20240616,16,pyrologix,12,100-68,2024,0.0,0.034645827021449804,-1,undetected,1,9.489961992702219e-05,4375,0.004555181756497065,True
GaussianBudget75M_LinearMinTime,Valley_2024-CATNF-001417,20241002,6,pyrologix,1,86-67,2024,0.0,0.0024643370416015387,0,drone,1,9.489961992702219e-05,560,0.003226587077518755,True
GaussianBudget75M_LinearMinTime,Van_Sickle_2024-CATMU-010359,20240424,13,pyrologix,9,none,2024,0.0,0.0020372270373627543,-1,undetected,1,9.489961992702219e-05,0,0.0,False
GaussianBudget75M_LinearMinTime,Veronica_2024-CAANF-243913,20241024,16,pyrologix,2,195-71,2024,0.0,0.004724444937892258,0,drone,1,9.489961992702219e-05,1025,0.0040806836568619545,True
GaussianBudget75M_LinearMinTime,Viejas_2024-CACNF-001834,20240821,12,pyrologix,8,244-98,2024,0.0,0.0031872940016910434,0,drone,1,9.489961992702219e-05,2935,0.004460282136570043,True
GaussianBudget75M_LinearMinTime,View_2024-CABDF-017150,20241126,23,pyrologix,4,223-101,2024,0.0,0.003172461991198361,0,drone,1,9.489961992702219e-05,1675,0.004365382516643021,True
GaussianBudget75M_LinearMinTime,View_2024-CACNF-002168,20240918,19,pyrologix,2,244-98,2024,0.0,0.0030089039355516434,0,drone,1,9.489961992702219e-05,940,0.003511285937299821,True
GaussianBudget75M_LinearMinTime,Village_2024-CASRF-000143,20240408,16,pyrologix,8,38-21,2024,0.0,0.0022130239522084594,0,drone,1,9.489961992702219e-05,1450,0.004270482896715999,True
GaussianBudget75M_LinearMinTime,Violin_2024-CAANF-244304,20241123,22,pyrologix,9,195-71,2024,0.0,0.003537476062774658,0,drone,1,9.489961992702219e-05,3335,0.004365382516643021,True
GaussianBudget75M_LinearMinTime,Vista_2024-CAANF-241533,20240530,7,pyrologix,2,195-71,2024,0.0,0.0035117979859933257,0,drone,1,9.489961992702219e-05,1025,0.0040806836568619545,True
GaussianBudget75M_LinearMinTime,Vista_2024-CABDF-009908,20240707,15,pyrologix,3,206-88,2024,0.0,0.0020953190978616476,0,drone,1,9.489961992702219e-05,1215,0.0036061855572268433,True
GaussianBudget75M_LinearMinTime,Vista_2024-CAPNF-000281,20240520,1,pyrologix,5,72-59,2024,0.0,0.014741736929863691,4,drone,1,9.489961992702219e-05,3320,0.0046500813764240876,True
GaussianBudget75M_LinearMinTime,Vogel_2024-CAANF-244517,20241212,19,pyrologix,11,201-76,2024,0.0,0.005526554072275758,0,drone,1,9.489961992702219e-05,4215,0.004460282136570043,True
GaussianBudget75M_LinearMinTime,Volcanoville_2024-CAENF-012090,20240511,21,pyrologix,5,93-56,2024,0.0,0.010098727070726454,2,drone,1,9.489961992702219e-05,3165,0.004555181756497065,True
GaussianBudget75M_LinearMinTime,Votaw_2024-CAENF-019847,20240715,17,pyrologix,3,107-61,2024,0.0,0.007029852946288884,1,drone,1,9.489961992702219e-05,1840,0.004555181756497065,True
GaussianBudget75M_LinearMinTime,Warm_2024-CAANF-242190,20240706,12,pyrologix,10,195-71,2024,0.0,0.004057005979120731,0,drone,1,9.489961992702219e-05,3705,0.004365382516643021,True
GaussianBudget75M_LinearMinTime,Warner_2024-CAMDF-000173,20240610,17,pyrologix,11,49-75,2024,0.0,0.019192490028217435,-1,undetected,1,9.489961992702219e-05,4120,0.004365382516643021,True
GaussianBudget75M_LinearMinTime,Waterfall_2024-CASRF-000018,20240115,9,pyrologix,5,38-21,2024,0.0,0.03232220094650984,-1,undetected,1,9.489961992702219e-05,1450,0.004270482896715999,True
GaussianBudget75M_LinearMinTime,Waterman_2024-CASRF-000591,20240716,23,pyrologix,5,38-21,2024,0.0,0.0020025490084663033,0,drone,1,9.489961992702219e-05,1450,0.004270482896715999,True
GaussianBudget75M_LinearMinTime,Waterman_2_2024-CABDF-011489,20240814,13,pyrologix,11,209-96,2024,0.0,0.00913398596458137,0,drone,1,9.489961992702219e-05,4215,0.004270482896715999,True
GaussianBudget75M_LinearMinTime,Waucoba_2024-CAINF-002044,20241111,14,pyrologix,7,none,2024,0.0,0.001975411083549261,-1,undetected,1,9.489961992702219e-05,0,0.0,False
GaussianBudget75M_LinearMinTime,Weaver_2024-CASQF-002014,20241101,17,pyrologix,8,147-79,2024,0.0,0.0038785309297963977,0,drone,1,9.489961992702219e-05,3020,0.0046500813764240876,True
GaussianBudget75M_LinearMinTime,Webber_2024-CATNF-000788,20240704,18,pyrologix,10,86-60,2024,0.0,0.01871537498664111,-1,undetected,1,9.489961992702219e-05,6440,0.0040806836568619545,True
GaussianBudget75M_LinearMinTime,Weeds_2024-CATNF-000824,20240706,7,pyrologix,11,79-54,2024,0.0,0.003852076013572514,0,drone,1,9.489961992702219e-05,4805,0.004555181756497065,True
GaussianBudget75M_LinearMinTime,Weigh_2024-CABDF-010655,20240726,10,pyrologix,5,206-88,2024,0.0,0.0030188399832695723,0,drone,1,9.489961992702219e-05,2095,0.00389088441700791,True
GaussianBudget75M_LinearMinTime,Weiser_2024-CASTF-001952,20240827,18,pyrologix,3,107-68,2024,0.0,0.002530421013943851,0,drone,1,9.489961992702219e-05,1240,0.004555181756497065,True
GaussianBudget75M_LinearMinTime,West_2024-CALNF-003765,20240704,1,pyrologix,6,65-57,2024,0.0,0.03515838400926441,-1,undetected,1,9.489961992702219e-05,4290,0.0040806836568619545,True
GaussianBudget75M_LinearMinTime,West_2024-CASHF-000756,20240818,22,pyrologix,5,52-26,2024,0.0,0.0038073050091043115,0,drone,1,9.489961992702219e-05,1945,0.004555181756497065,True
GaussianBudget75M_LinearMinTime,West_2024-CASNF-001345,20240827,18,pyrologix,8,134-74,2024,0.0,0.016859397990629077,5,drone,1,9.489961992702219e-05,4780,0.0046500813764240876,True
GaussianBudget75M_LinearMinTime,Whaleback_E-2_2024-CALNF-004085,20240714,7,pyrologix,9,58-61,2024,0.0,0.004328851937316358,0,drone,1,9.489961992702219e-05,3425,0.004555181756497065,True
GaussianBudget75M_LinearMinTime,Wheeler_2024-CAINF-000885,20240624,19,pyrologix,6,none,2024,0.0,0.001937013934366405,-1,undetected,1,9.489961992702219e-05,0,0.0,False
GaussianBudget75M_LinearMinTime,Wheeler_2024-CASTF-001396,20240715,17,pyrologix,5,107-68,2024,0.0,0.0025026060175150633,0,drone,1,9.489961992702219e-05,1950,0.0046500813764240876,True
GaussianBudget75M_LinearMinTime,Wheeler_2024-CATNF-001278,20240908,0,pyrologix,7,86-60,2024,0.0,0.00884694408159703,0,drone,1,9.489961992702219e-05,2940,0.0040806836568619545,True
GaussianBudget75M_LinearMinTime,Whitaker_2024-CAANF-242087,20240703,14,pyrologix,10,195-71,2024,0.0,0.004517007968388498,0,drone,1,9.489961992702219e-05,3705,0.004365382516643021,True
GaussianBudget75M_LinearMinTime,Whitney_2024-CASHF-000106,20240226,21,pyrologix,2,30-45,2024,0.0,0.0019248450407758355,0,drone,1,9.489961992702219e-05,780,0.004175583276788976,True
GaussianBudget75M_LinearMinTime,Whitney_2024-CASRF-000393,20240624,11,pyrologix,7,31-24,2024,0.0,0.02039288601372391,3,drone,1,9.489961992702219e-05,4090,0.004460282136570043,True
GaussianBudget75M_LinearMinTime,Wildwood_2024-CAENF-031373,20241105,15,pyrologix,5,100-61,2024,0.0,0.00395373604260385,0,drone,1,9.489961992702219e-05,2000,0.004460282136570043,True
GaussianBudget75M_LinearMinTime,Wildwood_2024-CASHF-000354,20240531,19,pyrologix,1,52-26,2024,0.0,0.0021411130437627435,0,drone,1,9.489961992702219e-05,490,0.00303678783766471,True
GaussianBudget75M_LinearMinTime,Williams_2024-CAANF-243831,20241017,21,pyrologix,6,206-81,2024,0.0,0.019613854005001485,1,drone,1,9.489961992702219e-05,2920,0.0037010851771538656,True
GaussianBudget75M_LinearMinTime,Willow_2024-CALPF-002515,20241002,21,pyrologix,4,none,2024,0.0,0.0019517720211297274,-1,undetected,1,9.489961992702219e-05,0,0.0,False
GaussianBudget75M_LinearMinTime,Willow_2024-CAMDF-001006,20240925,18,pyrologix,7,none,2024,0.0,0.0021605610381811857,-1,undetected,1,9.489961992702219e-05,0,0.0,False
GaussianBudget75M_LinearMinTime,Willow_2024-CAPNF-001522,20241113,21,pyrologix,8,72-59,2024,0.0,0.005946181947365403,1,drone,1,9.489961992702219e-05,3265,0.0046500813764240876,True
GaussianBudget75M_LinearMinTime,Willow_2024-CASQF-001294,20240717,3,pyrologix,7,177-72,2024,0.0,0.005532821058295667,1,drone,1,9.489961992702219e-05,2990,0.004460282136570043,True
GaussianBudget75M_LinearMinTime,Willow_2024-CASRF-000670,20240729,21,pyrologix,6,38-21,2024,0.0,0.017839470994658768,-1,undetected,1,9.489961992702219e-05,1450,0.004270482896715999,True
GaussianBudget75M_LinearMinTime,Wilson_2024-CAKNF-005121,20240702,20,pyrologix,4,17-27,2024,0.0,0.011462790076620877,3,drone,1,9.489961992702219e-05,2870,0.004555181756497065,True
GaussianBudget75M_LinearMinTime,Wintun_2024-CASRF-000477,20240706,23,pyrologix,4,52-19,2024,0.0,0.0021515319822356105,0,drone,1,9.489961992702219e-05,1705,0.0033214866974457763,True
GaussianBudget75M_LinearMinTime,Woodward_2024-CASQF-000683,20240527,18,pyrologix,12,147-79,2024,0.0,0.008928147959522903,2,drone,1,9.489961992702219e-05,4975,0.0046500813764240876,True
GaussianBudget75M_LinearMinTime,Works_2024-CAANF-243724,20241009,2,pyrologix,8,201-76,2024,0.0,0.02131792006548494,1,drone,1,9.489961992702219e-05,3595,0.004270482896715999,True
GaussianBudget75M_LinearMinTime,World_2024-CABDF-006869,20240508,20,pyrologix,7,206-88,2024,0.0,0.0050487370463088155,0,drone,1,9.489961992702219e-05,2990,0.004175583276788976,True
GaussianBudget75M_LinearMinTime,Wright_2024-CASRF-000474,20240706,23,pyrologix,3,31-17,2024,0.0,0.015751732978969812,4,drone,1,9.489961992702219e-05,2660,0.004555181756497065,True
GaussianBudget75M_LinearMinTime,Yacht_2024-CASHF-001049,20241025,15,pyrologix,8,44-41,2024,0.0,0.009180875960737467,2,drone,1,9.489961992702219e-05,3905,0.004270482896715999,True
GaussianBudget75M_LinearMinTime,Yard_2024-CAKNF-005935,20240723,21,pyrologix,8,17-27,2024,0.0,0.004249025019817054,0,drone,1,9.489961992702219e-05,3405,0.004555181756497065,True
GaussianBudget75M_LinearMinTime,Yellow_2024-CABDF-003193,20240222,14,pyrologix,5,206-88,2024,0.0,0.005519434926100075,1,drone,1,9.489961992702219e-05,2335,0.00389088441700791,True
GaussianBudget75M_LinearMinTime,York_2024-CAANF-242684,20240728,18,pyrologix,9,206-81,2024,0.0,0.00601961393840611,1,drone,1,9.489961992702219e-05,3765,0.003795984797080888,True
GaussianBudget75M_LinearMinTime,Zot_2024-CASHF-000381,20240608,18,pyrologix,1,30-38,2024,0.0,0.012157076969742775,3,drone,1,9.489961992702219e-05,1840,0.0046500813764240876,True
