strategy_combo,scenario_name,date,sim_start_hour,log_key,offset,cluster,year,routing_compute_seconds,sim_replay_seconds,delta_t,device,fire_size_cells,fire_size_percentage,total_distance_traveled,percentage_map_explored,routed
GaussianBudget75M_TOPGrowing,1-1_MAPES_2022-CALMU-004450,20220818,12,pyrologix,6,48-67,2022,579.6959644799936,0.0032344909996027127,0,drone,1,9.489961992702219e-05,2490,0.0046500813764240876,True
GaussianBudget75M_TOPGrowing,1-5_WILDCAT_2022-CALMU-004170,20220805,20,pyrologix,4,48-67,2022,0.0,0.004211844003293663,0,drone,1,9.489961992702219e-05,1880,0.0046500813764240876,True
GaussianBudget75M_TOPGrowing,2022_SQF_ABCD_MISC__2022-CASQF-001231,20220622,13,pyrologix,6,165-77,2022,0.0,0.00464102799014654,0,drone,1,9.489961992702219e-05,2515,0.0046500813764240876,True
GaussianBudget75M_TOPGrowing,3-1_CORDER_2022-CALMU-004055,20220801,17,pyrologix,2,50-60,2022,0.0,0.0036119400028837845,0,drone,1,9.489961992702219e-05,1145,0.0046500813764240876,True
GaussianBudget75M_TOPGrowing,3-1_LOST_2022-CALMU-004455,20220818,14,pyrologix,8,45-59,2022,0.0,0.003907195990905166,0,drone,1,9.489961992702219e-05,3350,0.0046500813764240876,True
GaussianBudget75M_TOPGrowing,3-3_JUNIPER_2022-CALMU-004137,20220804,21,pyrologix,4,50-60,2022,0.0,0.003822767990641296,0,drone,1,9.489961992702219e-05,1885,0.0046500813764240876,True
GaussianBudget75M_TOPGrowing,3-4_MCCLURE_2022-CALMU-004136,20220804,20,pyrologix,6,53-62,2022,0.0,0.0027792019973276183,0,drone,1,9.489961992702219e-05,2450,0.0046500813764240876,True
GaussianBudget75M_TOPGrowing,3-9_EAST_2022-CALMU-004244,20220809,10,pyrologix,5,45-59,2022,0.0,0.008340644009876996,2,drone,1,9.489961992702219e-05,2875,0.0046500813764240876,True
GaussianBudget75M_TOPGrowing,79_2022-CACNF-002116,20220903,6,pyrologix,8,230-98,2022,0.0,0.008055254991631955,1,drone,1,9.489961992702219e-05,3745,0.0046500813764240876,True
GaussianBudget75M_TOPGrowing,ACORN_2022-CASHF-000422,20220521,13,pyrologix,11,40-29,2022,0.0,0.004625931003829464,0,drone,1,9.489961992702219e-05,4525,0.0046500813764240876,True
GaussianBudget75M_TOPGrowing,AIRPORT_2022-CAENF-016495,20220623,21,pyrologix,5,90-60,2022,0.0,0.0034899369929917157,0,drone,1,9.489961992702219e-05,2110,0.0046500813764240876,True
GaussianBudget75M_TOPGrowing,ALEX_2022-CAKNF-006290,20220731,11,pyrologix,8,18-37,2022,0.0,0.0046089070092421025,0,drone,1,9.489961992702219e-05,3440,0.004175583276788976,True
GaussianBudget75M_TOPGrowing,ALISO_2022-CAANF-003283,20221007,0,pyrologix,4,none,2022,0.0,0.0019516330066835508,-1,undetected,1,9.489961992702219e-05,0,0.0,False
GaussianBudget75M_TOPGrowing,ALTO_2022-CABDF-012077,20220814,20,pyrologix,7,none,2022,0.0,0.001904172997456044,-1,undetected,1,9.489961992702219e-05,0,0.0,False
GaussianBudget75M_TOPGrowing,ANDERSON__2022-CACNF-001371,20220620,18,pyrologix,11,none,2022,0.0,0.0019133280002279207,-1,undetected,1,9.489961992702219e-05,0,0.0,False
GaussianBudget75M_TOPGrowing,ANNIE_2022-CALPF-001810,20220804,17,pyrologix,8,none,2022,0.0,0.0019255960069131106,-1,undetected,1,9.489961992702219e-05,0,0.0,False
GaussianBudget75M_TOPGrowing,ANTELOPE_2022-CAMDF-000323,20220628,17,pyrologix,2,none,2022,0.0,0.002332305011805147,-1,undetected,1,9.489961992702219e-05,0,0.0,False
GaussianBudget75M_TOPGrowing,APPLEGATE_2022-CAKNF-002489,20220402,18,pyrologix,4,17-30,2022,0.0,0.0024020540004130453,0,drone,1,9.489961992702219e-05,1635,0.004460282136570043,True
GaussianBudget75M_TOPGrowing,ASH_2022-CALPF-001994,20220820,18,pyrologix,7,none,2022,0.0,0.0019636659999378026,-1,undetected,1,9.489961992702219e-05,0,0.0,False
GaussianBudget75M_TOPGrowing,ASH_2022-CASTF-001481,20220813,15,pyrologix,12,115-63,2022,0.0,0.004299369000364095,0,drone,1,9.489961992702219e-05,4875,0.0046500813764240876,True
GaussianBudget75M_TOPGrowing,ASH_2022-CATNF-001338,20220905,22,pyrologix,7,84-67,2022,0.0,0.0026399960042908788,0,drone,1,9.489961992702219e-05,2800,0.004839880616278132,True
GaussianBudget75M_TOPGrowing,ASPENDELL_2022-CAINF-001173,20220621,21,pyrologix,6,none,2022,0.0,0.002026270012720488,-1,undetected,1,9.489961992702219e-05,0,0.0,False
GaussianBudget75M_TOPGrowing,ASPEN_2022-CAENF-017949,20220706,16,pyrologix,3,98-62,2022,0.0,0.005653267013258301,1,drone,1,9.489961992702219e-05,1810,0.0046500813764240876,True
GaussianBudget75M_TOPGrowing,ASPEN_2022-CAMDF-000643,20220808,18,pyrologix,5,none,2022,0.0,0.001973959995666519,-1,undetected,1,9.489961992702219e-05,0,0.0,False
GaussianBudget75M_TOPGrowing,AUSTIN_2022-CATNF-001000,20220730,10,pyrologix,9,80-58,2022,0.0,0.00390485099342186,0,drone,1,9.489961992702219e-05,3645,0.0046500813764240876,True
GaussianBudget75M_TOPGrowing,AZALEA_2022-CABDF-012393,20220823,23,pyrologix,1,218-98,2022,0.0,0.0029763200000161305,0,drone,1,9.489961992702219e-05,625,0.004365382516643021,True
GaussianBudget75M_TOPGrowing,Ackerson_2022-CASTF-STF-1842,20220920,11,pyrologix,12,118-64,2022,0.0,0.003774395998334512,0,drone,1,9.489961992702219e-05,4855,0.0046500813764240876,True
GaussianBudget75M_TOPGrowing,Alamo_2022-CALPF-001331,20220622,17,pyrologix,8,none,2022,0.0,0.0025426220090594143,-1,undetected,1,9.489961992702219e-05,0,0.0,False
GaussianBudget75M_TOPGrowing,Ammon_2022-CASRF-000635,20220805,6,pyrologix,8,35-16,2022,0.0,0.006426697000279091,1,drone,1,9.489961992702219e-05,3685,0.0046500813764240876,True
GaussianBudget75M_TOPGrowing,Arroyo_2022-CALPF-000376,20220303,21,pyrologix,5,none,2022,0.0,0.002039128987235017,-1,undetected,1,9.489961992702219e-05,0,0.0,False
GaussianBudget75M_TOPGrowing,BABBIT_2022-CATNF-000696,20220626,22,pyrologix,5,84-67,2022,0.0,0.0057337530015502125,1,drone,1,9.489961992702219e-05,2530,0.004839880616278132,True
GaussianBudget75M_TOPGrowing,BAILEY_2022-CAANF-002320,20220721,13,pyrologix,12,none,2022,0.0,0.0019248820026405156,-1,undetected,1,9.489961992702219e-05,0,0.0,False
GaussianBudget75M_TOPGrowing,BAKER_2022-CASQF-001270,20220624,14,pyrologix,5,171-80,2022,0.0,0.0026879940123762935,0,drone,1,9.489961992702219e-05,2080,0.0046500813764240876,True
GaussianBudget75M_TOPGrowing,BALDY_2022-CAANF-001852,20220623,23,pyrologix,9,206-87,2022,0.0,0.005567211002926342,0,drone,1,9.489961992702219e-05,3790,0.004555181756497065,True
GaussianBudget75M_TOPGrowing,BALDY_2022-CABDF-002467,20220209,20,pyrologix,11,206-88,2022,0.0,0.003657669003587216,0,drone,1,9.489961992702219e-05,4350,0.004460282136570043,True
GaussianBudget75M_TOPGrowing,BALD_2022-CAPNF-001357,20220730,14,pyrologix,2,76-51,2022,0.0,0.0027166430081706494,0,drone,1,9.489961992702219e-05,865,0.0046500813764240876,True
GaussianBudget75M_TOPGrowing,BANNER_2022-CAINF-001469,20220716,19,pyrologix,11,none,2022,0.0,0.0022004950005793944,-1,undetected,1,9.489961992702219e-05,0,0.0,False
GaussianBudget75M_TOPGrowing,BARNES_2022-CAMDF-000896,20220907,21,pyrologix,4,none,2022,0.0,0.002024970992351882,-1,undetected,1,9.489961992702219e-05,0,0.0,False
GaussianBudget75M_TOPGrowing,BARNEY_2022-CASHF-000173,20220311,16,pyrologix,12,40-29,2022,0.0,0.003592292996472679,0,drone,1,9.489961992702219e-05,4765,0.0046500813764240876,True
GaussianBudget75M_TOPGrowing,BARN_2022-CACNF-001051,20220526,18,pyrologix,8,none,2022,0.0,0.0025778779963729903,-1,undetected,1,9.489961992702219e-05,0,0.0,False
GaussianBudget75M_TOPGrowing,BAR_2022-CAKNF-003718,20220519,20,pyrologix,1,24-35,2022,0.0,0.0018719210056588054,0,drone,1,9.489961992702219e-05,510,0.0036061855572268433,True
GaussianBudget75M_TOPGrowing,BAR_2022-CASNF-000339,20220506,19,pyrologix,4,135-68,2022,0.0,0.0027048799965996295,0,drone,1,9.489961992702219e-05,1675,0.0046500813764240876,True
GaussianBudget75M_TOPGrowing,BASIN_2022-CABDF-014112,20221010,16,pyrologix,10,206-88,2022,0.0,0.0048934840015135705,0,drone,1,9.489961992702219e-05,4205,0.004460282136570043,True
GaussianBudget75M_TOPGrowing,BASIN_2022-CASNF-001644,20221126,15,pyrologix,11,140-71,2022,0.0,0.004832840990275145,0,drone,1,9.489961992702219e-05,4525,0.0046500813764240876,True
GaussianBudget75M_TOPGrowing,BEACROFT_2022-CATNF-001275,20220902,14,pyrologix,2,87-59,2022,0.0,0.0019487440004013479,0,drone,1,9.489961992702219e-05,845,0.0046500813764240876,True
GaussianBudget75M_TOPGrowing,BEAN_2022-CALPF-002662,20221030,15,pyrologix,2,none,2022,0.0,0.001973072998225689,-1,undetected,1,9.489961992702219e-05,0,0.0,False
GaussianBudget75M_TOPGrowing,BEAR_2022-CAANF-001197,20220501,9,pyrologix,1,none,2022,0.0,0.0019758679991355166,-1,undetected,1,9.489961992702219e-05,0,0.0,False
GaussianBudget75M_TOPGrowing,BEAR_2022-CABDF-013137,20220912,20,pyrologix,10,none,2022,0.0,0.0019987099949503317,-1,undetected,1,9.489961992702219e-05,0,0.0,False
GaussianBudget75M_TOPGrowing,BEAR_2022-CAMDF-000592,20220805,19,pyrologix,3,40-70,2022,0.0,0.0026285250060027465,0,drone,1,9.489961992702219e-05,1365,0.0046500813764240876,True
GaussianBudget75M_TOPGrowing,BEAR_2022-CASKU-006701,20220809,13,pyrologix,7,37-52,2022,0.0,0.0031385309994220734,0,drone,1,9.489961992702219e-05,2790,0.0046500813764240876,True
GaussianBudget75M_TOPGrowing,BEAR_2022-CASQF-002485,20220924,0,pyrologix,4,148-73,2022,0.0,0.0062422920018434525,1,drone,1,9.489961992702219e-05,2140,0.0046500813764240876,True
GaussianBudget75M_TOPGrowing,BEAR_2022-CASTF-000836,20220616,20,pyrologix,1,105-63,2022,0.0,0.0022469389950856566,0,drone,1,9.489961992702219e-05,505,0.0036061855572268433,True
GaussianBudget75M_TOPGrowing,BEER_2022-CAINF-001769,20220813,20,pyrologix,6,164-82,2022,0.0,0.0033003589924192056,0,drone,1,9.489961992702219e-05,2540,0.0046500813764240876,True
GaussianBudget75M_TOPGrowing,BEE_2022-CABDF-002238,20220205,16,pyrologix,7,218-98,2022,0.0,0.0037866460043005645,0,drone,1,9.489961992702219e-05,2955,0.0046500813764240876,True
GaussianBudget75M_TOPGrowing,BELKNAP_2022-CASQF-001805,20220724,13,pyrologix,11,161-79,2022,0.0,0.004978682001819834,0,drone,1,9.489961992702219e-05,4550,0.0047449809963511095,True
GaussianBudget75M_TOPGrowing,BELL_2022-CAMDF-000549,20220802,19,pyrologix,9,none,2022,0.0,0.001963606002391316,-1,undetected,1,9.489961992702219e-05,0,0.0,False
GaussianBudget75M_TOPGrowing,BENJAMIN_2022-CAKNF-001866,20220310,17,pyrologix,4,17-30,2022,0.0,0.003568411004380323,0,drone,1,9.489961992702219e-05,1800,0.004460282136570043,True
GaussianBudget75M_TOPGrowing,BEN_2022-CAANF-003339,20221013,16,pyrologix,3,none,2022,0.0,0.001992424004129134,-1,undetected,1,9.489961992702219e-05,0,0.0,False
GaussianBudget75M_TOPGrowing,BERRY_2022-CATNF-001201,20220822,22,pyrologix,4,80-65,2022,0.0,0.002442251003230922,0,drone,1,9.489961992702219e-05,1665,0.0046500813764240876,True
GaussianBudget75M_TOPGrowing,BICHOTA_2022-CAANF-003475,20221030,13,pyrologix,9,none,2022,0.0,0.001994833000935614,-1,undetected,1,9.489961992702219e-05,0,0.0,False
GaussianBudget75M_TOPGrowing,BIG_2022-CAANF-000779,20220325,21,pyrologix,8,none,2022,0.0,0.0020181829895591363,-1,undetected,1,9.489961992702219e-05,0,0.0,False
GaussianBudget75M_TOPGrowing,BIG_2022-CAINF-001643,20220801,21,pyrologix,9,none,2022,0.0,0.0022635630011791363,-1,undetected,1,9.489961992702219e-05,0,0.0,False
GaussianBudget75M_TOPGrowing,BLACKBERRY_2022-CAKNF-009020,20221011,12,pyrologix,9,17-30,2022,0.0,0.0030687919934280217,0,drone,1,9.489961992702219e-05,3565,0.004460282136570043,True
GaussianBudget75M_TOPGrowing,BLACK_2022-CABDF-010481,20220705,2,pyrologix,5,218-98,2022,0.0,0.0034559689956950024,0,drone,1,9.489961992702219e-05,2190,0.0046500813764240876,True
GaussianBudget75M_TOPGrowing,BLACK_2022-CASHF-001052,20220927,17,pyrologix,11,35-43,2022,0.0,0.006709762994432822,1,drone,1,9.489961992702219e-05,4835,0.004839880616278132,True
GaussianBudget75M_TOPGrowing,BLOSSOM_2022-CABDF-009708,20220621,16,pyrologix,6,206-88,2022,0.0,0.004878116000327282,0,drone,1,9.489961992702219e-05,2635,0.004365382516643021,True
GaussianBudget75M_TOPGrowing,BLUE_2022-CAKNF-006308,20220731,17,pyrologix,7,21-28,2022,0.0,0.0031774839881109074,0,drone,1,9.489961992702219e-05,2810,0.0046500813764240876,True
GaussianBudget75M_TOPGrowing,BLUE_2022-CASHF-000765,20220804,23,pyrologix,3,35-36,2022,0.0,0.0037649629957741126,0,drone,1,9.489961992702219e-05,1530,0.0046500813764240876,True
GaussianBudget75M_TOPGrowing,BLUE_CANYON_2022-CAKNF-006483,20220804,22,pyrologix,6,28-45,2022,0.0,0.0030616610019933432,0,drone,1,9.489961992702219e-05,2490,0.0046500813764240876,True
GaussianBudget75M_TOPGrowing,BLUE__2022-CAANF-001567,20220531,0,pyrologix,3,206-88,2022,0.0,0.003961957001592964,0,drone,1,9.489961992702219e-05,1415,0.004365382516643021,True
GaussianBudget75M_TOPGrowing,BLUFF_2022-CAINF-001703,20220806,15,pyrologix,7,none,2022,0.0,0.001968294003745541,-1,undetected,1,9.489961992702219e-05,0,0.0,False
GaussianBudget75M_TOPGrowing,BOBCAT_2022-CACNF-001542,20220703,17,pyrologix,4,none,2022,0.0,0.0019868800009135157,-1,undetected,1,9.489961992702219e-05,0,0.0,False
GaussianBudget75M_TOPGrowing,BOCA_2022-CATNF-000710,20220629,18,pyrologix,4,84-67,2022,0.0,0.0049082549958257005,1,drone,1,9.489961992702219e-05,2045,0.004839880616278132,True
GaussianBudget75M_TOPGrowing,BOCA_2_2022-CATNF-001022,20220801,8,pyrologix,9,84-67,2022,0.0,0.0030477960099233314,0,drone,1,9.489961992702219e-05,3580,0.004839880616278132,True
GaussianBudget75M_TOPGrowing,BORDER_2022-CAMDF-000651,20220809,9,pyrologix,8,none,2022,0.0,0.0020833529997617006,-1,undetected,1,9.489961992702219e-05,0,0.0,False
GaussianBudget75M_TOPGrowing,BOTANICAL_2022-CALPF-002665,20221030,14,pyrologix,10,none,2022,0.0,0.002002278997679241,-1,undetected,1,9.489961992702219e-05,0,0.0,False
GaussianBudget75M_TOPGrowing,BOULDER_2022-CAINF-001582,20220725,14,pyrologix,9,none,2022,0.0,0.0019920810009352863,-1,undetected,1,9.489961992702219e-05,0,0.0,False
GaussianBudget75M_TOPGrowing,BOUQUET_2022-CAANF-001564,20220530,16,pyrologix,10,none,2022,0.0,0.00203814500127919,-1,undetected,1,9.489961992702219e-05,0,0.0,False
GaussianBudget75M_TOPGrowing,BOX_2022-CAKNF-007027,20220818,21,pyrologix,9,21-28,2022,0.0,0.004114234005101025,0,drone,1,9.489961992702219e-05,3640,0.0046500813764240876,True
GaussianBudget75M_TOPGrowing,BRADLY_2022-CABDF-009396,20220614,19,pyrologix,7,206-88,2022,0.0,0.004518715009908192,0,drone,1,9.489961992702219e-05,2990,0.004365382516643021,True
GaussianBudget75M_TOPGrowing,BRAKE_2022-CAANF-001466,20220525,12,pyrologix,12,none,2022,0.0,0.0020376090105855837,-1,undetected,1,9.489961992702219e-05,0,0.0,False
GaussianBudget75M_TOPGrowing,BRONCO_2022-CABDF-012134,20220817,17,pyrologix,5,206-88,2022,0.0,0.0026855690084630623,0,drone,1,9.489961992702219e-05,2020,0.004365382516643021,True
GaussianBudget75M_TOPGrowing,BROWN_2022-CALMU-006355,20221125,3,pyrologix,4,44-54,2022,0.0,0.0032548339950153604,0,drone,1,9.489961992702219e-05,1795,0.0046500813764240876,True
GaussianBudget75M_TOPGrowing,BROWN_2022-CASQF-002517,20220927,20,pyrologix,2,174-77,2022,0.0,0.002779128000838682,0,drone,1,9.489961992702219e-05,955,0.004555181756497065,True
GaussianBudget75M_TOPGrowing,BRUSHY_2022-CASHF-000670,20220720,19,pyrologix,6,54-26,2022,0.0,0.0028312240028753877,0,drone,1,9.489961992702219e-05,2480,0.0046500813764240876,True
GaussianBudget75M_TOPGrowing,BRYANT_2022-CAANF-003714,20221130,1,pyrologix,1,none,2022,0.0,0.002028647009865381,-1,undetected,1,9.489961992702219e-05,0,0.0,False
GaussianBudget75M_TOPGrowing,BULL_2022-CALPF-001028,20220524,20,pyrologix,4,none,2022,0.0,0.002068852001684718,-1,undetected,1,9.489961992702219e-05,0,0.0,False
GaussianBudget75M_TOPGrowing,BURRO_2022-CAANF-003334,20221012,17,pyrologix,10,none,2022,0.0,0.002013576988247223,-1,undetected,1,9.489961992702219e-05,0,0.0,False
GaussianBudget75M_TOPGrowing,BUS_2022-CAANF-003703,20221127,21,pyrologix,4,none,2022,0.0,0.0020170130010228604,-1,undetected,1,9.489961992702219e-05,0,0.0,False
GaussianBudget75M_TOPGrowing,BUTTE_2022-CAKNF-006557,20220805,12,pyrologix,8,21-49,2022,561.7489947400027,0.003928598991478793,0,drone,1,9.489961992702219e-05,3265,0.004365382516643021,True
GaussianBudget75M_TOPGrowing,BYPASS__2022-CABDF-002167,20220205,22,pyrologix,5,206-88,2022,0.0,0.0031326000025728717,0,drone,1,9.489961992702219e-05,2075,0.004365382516643021,True
GaussianBudget75M_TOPGrowing,Bark_Shanty_2022-CASRF-000110,20220308,18,pyrologix,8,26-25,2022,0.0,0.004065396002260968,0,drone,1,9.489961992702219e-05,3340,0.0046500813764240876,True
GaussianBudget75M_TOPGrowing,Beaver_2022-CAPNF-001186,20220717,16,pyrologix,11,72-57,2022,0.0,0.005296575007378124,0,drone,1,9.489961992702219e-05,4485,0.0046500813764240876,True
GaussianBudget75M_TOPGrowing,Beebe_2022-CASRF-000349,20220527,15,pyrologix,3,35-16,2022,0.0,0.00325040498864837,0,drone,1,9.489961992702219e-05,1385,0.0046500813764240876,True
GaussianBudget75M_TOPGrowing,Bell__2022-CAPNF-001745,20220903,16,pyrologix,11,72-57,2022,0.0,0.0047845810040598735,0,drone,1,9.489961992702219e-05,4485,0.0046500813764240876,True
GaussianBudget75M_TOPGrowing,Big_Bar_2022-CASRF-000883,20221012,0,pyrologix,10,27-19,2022,0.0,0.0032285619963658974,0,drone,1,9.489961992702219e-05,4060,0.0046500813764240876,True
GaussianBudget75M_TOPGrowing,Bison_2022-CALPF-000531,20220326,20,pyrologix,11,none,2022,0.0,0.0020122340065427125,-1,undetected,1,9.489961992702219e-05,0,0.0,False
GaussianBudget75M_TOPGrowing,Blue_2022-CASRF-000186,20220331,16,pyrologix,4,26-25,2022,0.0,0.0021354649943532422,0,drone,1,9.489961992702219e-05,1620,0.0046500813764240876,True
GaussianBudget75M_TOPGrowing,Blue_Jay_2022-CACNF-000342,20220220,22,pyrologix,2,none,2022,0.0,0.0020522470003925264,-1,undetected,1,9.489961992702219e-05,0,0.0,False
GaussianBudget75M_TOPGrowing,Boatman_2022-CASRF-000619,20220805,7,pyrologix,10,33-23,2022,0.0,0.003922217001672834,0,drone,1,9.489961992702219e-05,4095,0.0046500813764240876,True
GaussianBudget75M_TOPGrowing,Boise_2022-CASRF-000411,20220613,18,pyrologix,10,35-16,2022,0.0,0.0035588829923653975,0,drone,1,9.489961992702219e-05,4020,0.0046500813764240876,True
GaussianBudget75M_TOPGrowing,Bosley_2022-CACNF-000078,20220111,21,pyrologix,5,none,2022,0.0,0.0019918390025850385,-1,undetected,1,9.489961992702219e-05,0,0.0,False
GaussianBudget75M_TOPGrowing,Bravo_2022-CASRF-000622,20220805,10,pyrologix,9,33-23,2022,0.0,0.006844463001471013,1,drone,1,9.489961992702219e-05,4135,0.0046500813764240876,True
GaussianBudget75M_TOPGrowing,Bremer_2022-CASRF-000623,20220805,8,pyrologix,12,32-17,2022,0.0,0.0066590460046427324,1,drone,1,9.489961992702219e-05,5265,0.0046500813764240876,True
GaussianBudget75M_TOPGrowing,Bridge_2022-CALPF-001017,20220522,21,pyrologix,5,none,2022,0.0,0.002015841004322283,-1,undetected,1,9.489961992702219e-05,0,0.0,False
GaussianBudget75M_TOPGrowing,Bucks__2022-CAPNF-000761,20220604,10,pyrologix,10,72-57,2022,0.0,0.007190521995653398,1,drone,1,9.489961992702219e-05,4485,0.0046500813764240876,True
GaussianBudget75M_TOPGrowing,Butterfly_2022-CAPNF-001669,20220824,18,pyrologix,7,65-55,2022,0.0,0.003672970997286029,0,drone,1,9.489961992702219e-05,2975,0.004460282136570043,True
GaussianBudget75M_TOPGrowing,Butterfly_2022-CAPNF-002295,20221030,11,pyrologix,6,65-55,2022,0.0,0.003708485994138755,0,drone,1,9.489961992702219e-05,2575,0.004460282136570043,True
GaussianBudget75M_TOPGrowing,Buzzard_2022-CATNF-001557,20221016,23,pyrologix,4,none,2022,0.0,0.001968780008610338,-1,undetected,1,9.489961992702219e-05,0,0.0,False
GaussianBudget75M_TOPGrowing,CABIN_2022-CAANF-003337,20221013,13,pyrologix,6,206-87,2022,0.0,0.0023269640078069642,0,drone,1,9.489961992702219e-05,2360,0.004460282136570043,True
GaussianBudget75M_TOPGrowing,CABLE_2022-CAAEU-020435,20220726,20,pyrologix,7,99-53,2022,0.0,0.003862974001094699,0,drone,1,9.489961992702219e-05,2945,0.0046500813764240876,True
GaussianBudget75M_TOPGrowing,CACTUS__2022-CABDF-007448,20220430,15,pyrologix,10,none,2022,0.0,0.0019407590007176623,-1,undetected,1,9.489961992702219e-05,0,0.0,False
GaussianBudget75M_TOPGrowing,CAJON_2022-CABDF-009305,20220613,8,pyrologix,6,206-87,2022,0.0,0.004153237008722499,0,drone,1,9.489961992702219e-05,2515,0.004460282136570043,True
GaussianBudget75M_TOPGrowing,CALLAHAN_2022-CAKNF-007153,20220821,18,pyrologix,12,35-36,2022,0.0,0.00700889399740845,1,drone,1,9.489961992702219e-05,5240,0.0046500813764240876,True
GaussianBudget75M_TOPGrowing,CAMPGROUND_2022-CASQF-001266,20220624,22,pyrologix,4,none,2022,0.0,0.00196827101171948,-1,undetected,1,9.489961992702219e-05,0,0.0,False
GaussianBudget75M_TOPGrowing,CAMP_2022-CAANF-001705,20220612,23,pyrologix,6,206-87,2022,0.0,0.0075439169886521995,1,drone,1,9.489961992702219e-05,2880,0.004460282136570043,True
GaussianBudget75M_TOPGrowing,CAMP_2022-CABDF-006949,20220417,18,pyrologix,6,225-101,2022,0.0,0.002205530006904155,0,drone,1,9.489961992702219e-05,2455,0.0046500813764240876,True
GaussianBudget75M_TOPGrowing,CANDY_2022-CACNF-000413,20220303,14,pyrologix,12,none,2022,0.0,0.0020340329938335344,-1,undetected,1,9.489961992702219e-05,0,0.0,False
GaussianBudget75M_TOPGrowing,CANNELL_2022-CASQF-001251,20220623,14,pyrologix,5,171-80,2022,0.0,0.0037644810072379187,0,drone,1,9.489961992702219e-05,2255,0.0046500813764240876,True
GaussianBudget75M_TOPGrowing,CANYON_2022-CABDF-014978,20221028,21,pyrologix,3,206-88,2022,0.0,0.002005258997087367,0,drone,1,9.489961992702219e-05,1195,0.004270482896715999,True
GaussianBudget75M_TOPGrowing,CANYON_2022-CACNF-001665,20220714,18,pyrologix,6,none,2022,0.0,0.002034221004578285,-1,undetected,1,9.489961992702219e-05,0,0.0,False
GaussianBudget75M_TOPGrowing,CANYON_2022-CALPF-002421,20221001,17,pyrologix,7,none,2022,0.0,0.0020528360037133098,-1,undetected,1,9.489961992702219e-05,0,0.0,False
GaussianBudget75M_TOPGrowing,CAPRA_2022-CAANF-003323,20221011,13,pyrologix,12,none,2022,0.0,0.002028522008913569,-1,undetected,1,9.489961992702219e-05,0,0.0,False
GaussianBudget75M_TOPGrowing,CARGO_2022-CAANF-001001,20220415,21,pyrologix,12,none,2022,0.0,0.0020589979976648465,-1,undetected,1,9.489961992702219e-05,0,0.0,False
GaussianBudget75M_TOPGrowing,CARISO_2022-CACNF-000934,20220515,3,pyrologix,1,none,2022,0.0,0.0020084560092072934,-1,undetected,1,9.489961992702219e-05,0,0.0,False
GaussianBudget75M_TOPGrowing,CARISO_2022-CARRU-069541,20220515,0,pyrologix,6,none,2022,0.0,0.0020277150033507496,-1,undetected,1,9.489961992702219e-05,0,0.0,False
GaussianBudget75M_TOPGrowing,CARMEL_2022-CALPF-001234,20220613,19,pyrologix,5,none,2022,0.0,0.0020387510012369603,-1,undetected,1,9.489961992702219e-05,0,0.0,False
GaussianBudget75M_TOPGrowing,CARMEN_2022-CAKNF-006432,20220803,23,pyrologix,5,35-36,2022,0.0,0.005550147005124018,1,drone,1,9.489961992702219e-05,2515,0.0046500813764240876,True
GaussianBudget75M_TOPGrowing,CARSON_2022-CAAEU-016273,20220621,17,pyrologix,8,99-53,2022,0.0,0.003247547007049434,0,drone,1,9.489961992702219e-05,3220,0.0046500813764240876,True
GaussianBudget75M_TOPGrowing,CASTILE_2022-CABDF-007822,20220510,19,pyrologix,9,218-98,2022,0.0,0.004277742002159357,0,drone,1,9.489961992702219e-05,3810,0.0046500813764240876,True
GaussianBudget75M_TOPGrowing,CASUSE__2022-CAMDF-000350,20220703,19,pyrologix,11,none,2022,0.0,0.0020762700005434453,-1,undetected,1,9.489961992702219e-05,0,0.0,False
GaussianBudget75M_TOPGrowing,CAT_2022-CAANF-003131,20220918,20,pyrologix,8,206-88,2022,0.0,0.0031362589943455532,0,drone,1,9.489961992702219e-05,3225,0.004365382516643021,True
GaussianBudget75M_TOPGrowing,CAT_2022-CAENF-027328,20220924,15,pyrologix,7,104-57,2022,0.0,0.006417297990992665,1,drone,1,9.489961992702219e-05,3330,0.004934780236205154,True
GaussianBudget75M_TOPGrowing,CEDAR_2022-CAAEU-029099,20221011,23,pyrologix,9,99-53,2022,0.0,0.003256768992287107,0,drone,1,9.489961992702219e-05,3600,0.0046500813764240876,True
GaussianBudget75M_TOPGrowing,CEDAR_2022-CALNF-005894,20221030,17,pyrologix,1,53-62,2022,0.0,0.005106826007249765,1,drone,1,9.489961992702219e-05,880,0.003795984797080888,True
GaussianBudget75M_TOPGrowing,CEDAR_2022-CAMDF-000650,20220809,2,pyrologix,6,none,2022,0.0,0.001996308987145312,-1,undetected,1,9.489961992702219e-05,0,0.0,False
GaussianBudget75M_TOPGrowing,CEDAR_2022-CASHF-001071,20221001,11,pyrologix,12,40-22,2022,0.0,0.0031986940011847764,0,drone,1,9.489961992702219e-05,4820,0.0046500813764240876,True
GaussianBudget75M_TOPGrowing,CEDAR_2022-CASKU-007792,20220907,16,pyrologix,6,25-54,2022,0.0,0.0031019440066302195,0,drone,1,9.489961992702219e-05,2485,0.0046500813764240876,True
GaussianBudget75M_TOPGrowing,CHASE_2022-CACNF-001567,20220705,13,pyrologix,12,none,2022,0.0,0.0020002749952254817,-1,undetected,1,9.489961992702219e-05,0,0.0,False
GaussianBudget75M_TOPGrowing,CHERRY_2022-CAANF-001728,20220613,20,pyrologix,5,none,2022,0.0,0.001966494004591368,-1,undetected,1,9.489961992702219e-05,0,0.0,False
GaussianBudget75M_TOPGrowing,CHERRY_2022-CAKNF-007311,20220826,21,pyrologix,8,18-37,2022,0.0,0.0030698010086780414,0,drone,1,9.489961992702219e-05,3220,0.004175583276788976,True
GaussianBudget75M_TOPGrowing,CHERRY_2022-CASKU-007616,20220903,13,pyrologix,7,24-35,2022,0.0,0.0028894870047224686,0,drone,1,9.489961992702219e-05,2795,0.0046500813764240876,True
GaussianBudget75M_TOPGrowing,CHERRY_2022-CASTF-000707,20220529,21,pyrologix,4,115-63,2022,0.0,0.00359870599640999,0,drone,1,9.489961992702219e-05,1830,0.0046500813764240876,True
GaussianBudget75M_TOPGrowing,CHERRY__2022-CASQF-001669,20220716,0,pyrologix,2,152-72,2022,0.0,0.002516500011552125,0,drone,1,9.489961992702219e-05,935,0.004365382516643021,True
GaussianBudget75M_TOPGrowing,CHILAO_RX_2022-CAANF-000476,20220221,21,pyrologix,7,none,2022,0.0,0.0020143010042374954,-1,undetected,1,9.489961992702219e-05,0,0.0,False
GaussianBudget75M_TOPGrowing,CHINA_2022-CASHF-000735,20220730,21,pyrologix,5,47-27,2022,0.0,0.004054815988638438,0,drone,1,9.489961992702219e-05,2305,0.0046500813764240876,True
GaussianBudget75M_TOPGrowing,CHINA_2022-CATNF-000889,20220717,18,pyrologix,2,86-54,2022,0.0,0.0026913379988400266,0,drone,1,9.489961992702219e-05,950,0.004555181756497065,True
GaussianBudget75M_TOPGrowing,CHIPMUNK_2022-CASTF-001374,20220801,22,pyrologix,6,none,2022,0.0,0.0020085180003661662,-1,undetected,1,9.489961992702219e-05,0,0.0,False
GaussianBudget75M_TOPGrowing,CHUTE_2022-CALNF-005052,20220916,21,pyrologix,6,55-47,2022,0.0,0.0028897209995193407,0,drone,1,9.489961992702219e-05,2495,0.0046500813764240876,True
GaussianBudget75M_TOPGrowing,CHUTE_2_2022-CALNF-005054,20220917,21,pyrologix,7,55-47,2022,0.0,0.004122522004763596,0,drone,1,9.489961992702219e-05,3080,0.0046500813764240876,True
GaussianBudget75M_TOPGrowing,CIENAGA_2022-CABDF-013642,20220928,21,pyrologix,1,none,2022,0.0,0.001995161990635097,-1,undetected,1,9.489961992702219e-05,0,0.0,False
GaussianBudget75M_TOPGrowing,CITY_2022-CAINF-001017,20220605,22,pyrologix,3,none,2022,0.0,0.001987812007428147,-1,undetected,1,9.489961992702219e-05,0,0.0,False
GaussianBudget75M_TOPGrowing,CITY_CREEK_2022-CABDF-000823,20220111,8,pyrologix,4,none,2022,0.0,0.002020444007939659,-1,undetected,1,9.489961992702219e-05,0,0.0,False
GaussianBudget75M_TOPGrowing,CLARA_2022-CALAC-003782,20220104,0,pyrologix,9,none,2022,0.0,0.002444275000016205,-1,undetected,1,9.489961992702219e-05,0,0.0,False
GaussianBudget75M_TOPGrowing,CLEAR_2022-CASHF-000804,20220810,17,pyrologix,7,35-43,2022,0.0,0.004100895996089093,0,drone,1,9.489961992702219e-05,3000,0.004839880616278132,True
GaussianBudget75M_TOPGrowing,CLOUDLAND__2022-CABDF-011721,20220803,16,pyrologix,12,none,2022,0.0,0.0020886470010736957,-1,undetected,1,9.489961992702219e-05,0,0.0,False
GaussianBudget75M_TOPGrowing,CLOUD_2022-CABDF-002605,20220212,2,pyrologix,6,none,2022,0.0,0.002058615005807951,-1,undetected,1,9.489961992702219e-05,0,0.0,False
GaussianBudget75M_TOPGrowing,COBBLESTONE_2022-CAENF-014019,20220531,11,pyrologix,12,90-60,2022,0.0,0.0077512919961009175,1,drone,1,9.489961992702219e-05,5210,0.0046500813764240876,True
GaussianBudget75M_TOPGrowing,COFFEE_2022-CASHF-000727,20220729,18,pyrologix,4,33-29,2022,0.0,0.002999142001499422,0,drone,1,9.489961992702219e-05,1715,0.0046500813764240876,True
GaussianBudget75M_TOPGrowing,COLDWATER_2022-CABDF-010684,20220710,16,pyrologix,3,none,2022,0.0,0.0028198069921927527,-1,undetected,1,9.489961992702219e-05,0,0.0,False
GaussianBudget75M_TOPGrowing,COLD_2022-CABDF-010816,20220713,4,pyrologix,5,206-88,2022,0.0,0.004538308989140205,0,drone,1,9.489961992702219e-05,2280,0.004365382516643021,True
GaussianBudget75M_TOPGrowing,COLD_2022-CAKNF-007065,20220818,18,pyrologix,2,21-28,2022,0.0,0.002279403997818008,0,drone,1,9.489961992702219e-05,900,0.004555181756497065,True
GaussianBudget75M_TOPGrowing,COLD_2022-CASNF-001542,20221020,14,pyrologix,12,128-67,2022,0.0,0.004704881997895427,0,drone,1,9.489961992702219e-05,4875,0.0046500813764240876,True
GaussianBudget75M_TOPGrowing,CONANT_2022-CASHF-000736,20220731,10,pyrologix,4,35-43,2022,0.0,0.0032804179936647415,0,drone,1,9.489961992702219e-05,1785,0.0046500813764240876,True
GaussianBudget75M_TOPGrowing,CONVICT_2022-CAINF-000856,20220515,19,pyrologix,2,none,2022,0.0,0.002061790000880137,-1,undetected,1,9.489961992702219e-05,0,0.0,False
GaussianBudget75M_TOPGrowing,COOK_2022-CABDF-005145,20220318,14,pyrologix,6,none,2022,0.0,0.0020330420084064826,-1,undetected,1,9.489961992702219e-05,0,0.0,False
GaussianBudget75M_TOPGrowing,CORRAL_2022-CALNF-005348,20221001,9,pyrologix,10,51-53,2022,0.0,0.004568835996906273,0,drone,1,9.489961992702219e-05,4190,0.0046500813764240876,True
GaussianBudget75M_TOPGrowing,CORRAL_2022-CASQF-002025,20220809,16,pyrologix,11,164-82,2022,0.0,0.004168543004198,0,drone,1,9.489961992702219e-05,4485,0.0046500813764240876,True
GaussianBudget75M_TOPGrowing,CORRINE_2022-CAMMU-019359,20220830,2,pyrologix,11,135-68,2022,0.0,0.00287590800144244,0,drone,1,9.489961992702219e-05,4340,0.0046500813764240876,True
GaussianBudget75M_TOPGrowing,COTTONWOOD_2022-CALPF-001352,20220624,17,pyrologix,4,none,2022,0.0,0.001998367006308399,-1,undetected,1,9.489961992702219e-05,0,0.0,False
GaussianBudget75M_TOPGrowing,COUGAR_2022-CASQF-001733,20220720,20,pyrologix,3,161-79,2022,0.0,0.00271620400599204,0,drone,1,9.489961992702219e-05,1325,0.0046500813764240876,True
GaussianBudget75M_TOPGrowing,COVE_2022-CALNF-005200,20220923,18,pyrologix,8,53-62,2022,0.0,0.003102785994997248,0,drone,1,9.489961992702219e-05,3220,0.0046500813764240876,True
GaussianBudget75M_TOPGrowing,COW_2022-CAANF-003324,20221011,17,pyrologix,9,206-88,2022,0.0,0.0040927809895947576,0,drone,1,9.489961992702219e-05,3690,0.004365382516643021,True
GaussianBudget75M_TOPGrowing,COYOTE_2022-CAANF-002380,20220724,9,pyrologix,1,none,2022,0.0,0.0019380720041226596,-1,undetected,1,9.489961992702219e-05,0,0.0,False
GaussianBudget75M_TOPGrowing,CRAWFORD__2022-CASQF-001737,20220721,1,pyrologix,2,161-79,2022,0.0,0.0030615139985457063,0,drone,1,9.489961992702219e-05,985,0.0046500813764240876,True
GaussianBudget75M_TOPGrowing,CREEK_2022-CABDF-002845,20220216,0,pyrologix,12,none,2022,0.0,0.0019322129955980927,-1,undetected,1,9.489961992702219e-05,0,0.0,False
GaussianBudget75M_TOPGrowing,CREEK_2022-CAHUU-007532,20220806,20,pyrologix,11,35-16,2022,0.0,0.00465959899884183,0,drone,1,9.489961992702219e-05,4520,0.0046500813764240876,True
GaussianBudget75M_TOPGrowing,CREEK_2022-CAMDF-000679,20220810,19,pyrologix,4,none,2022,0.0,0.001963219008757733,-1,undetected,1,9.489961992702219e-05,0,0.0,False
GaussianBudget75M_TOPGrowing,CREEK_2022-CAORC-014704,20220130,19,pyrologix,5,none,2022,0.0,0.0019960539939347655,-1,undetected,1,9.489961992702219e-05,0,0.0,False
GaussianBudget75M_TOPGrowing,CREST_2022-CABDF-013612,20220928,20,pyrologix,9,206-88,2022,0.0,0.00457491900306195,0,drone,1,9.489961992702219e-05,3755,0.004365382516643021,True
GaussianBudget75M_TOPGrowing,CROSSING__2022-CAANF-003539,20221106,18,pyrologix,4,none,2022,0.0,0.001990064003621228,-1,undetected,1,9.489961992702219e-05,0,0.0,False
GaussianBudget75M_TOPGrowing,CROSSOVER_2022-CAANF-003068,20220913,16,pyrologix,2,none,2022,0.0,0.00200403000053484,-1,undetected,1,9.489961992702219e-05,0,0.0,False
GaussianBudget75M_TOPGrowing,CROSSOVER_2022-CALAC-137928,20220426,0,pyrologix,3,none,2022,0.0,0.0020592689979821444,-1,undetected,1,9.489961992702219e-05,0,0.0,False
GaussianBudget75M_TOPGrowing,CURLY_2022-CAKNF-006994,20220817,4,pyrologix,6,16-26,2022,0.0,0.0037306349986465648,0,drone,1,9.489961992702219e-05,2470,0.004555181756497065,True
GaussianBudget75M_TOPGrowing,Cabin_2022-CASRF-000836,20220925,6,pyrologix,7,33-23,2022,0.0,0.004347196998423897,0,drone,1,9.489961992702219e-05,3100,0.0046500813764240876,True
GaussianBudget75M_TOPGrowing,Campbell_2022-CASRF-000616,20220805,9,pyrologix,4,40-22,2022,0.0,0.00616202199307736,1,drone,1,9.489961992702219e-05,2195,0.0046500813764240876,True
GaussianBudget75M_TOPGrowing,Cap__2022-CASRF-000846,20220928,16,pyrologix,1,26-25,2022,0.0,0.002830330005963333,0,drone,1,9.489961992702219e-05,590,0.004460282136570043,True
GaussianBudget75M_TOPGrowing,Cape_2022-CAPNF-001343,20220729,17,pyrologix,10,69-50,2022,0.0,0.0035393209982430562,0,drone,1,9.489961992702219e-05,4050,0.0046500813764240876,True
GaussianBudget75M_TOPGrowing,Castella_2022-CASHF-000669,20220720,17,pyrologix,7,35-43,2022,0.0,0.0026982419949490577,0,drone,1,9.489961992702219e-05,2780,0.004839880616278132,True
GaussianBudget75M_TOPGrowing,Castle_2022-CASHF-000509,20220615,21,pyrologix,3,35-43,2022,0.0,0.002240529007394798,0,drone,1,9.489961992702219e-05,1315,0.004460282136570043,True
GaussianBudget75M_TOPGrowing,Cedar_2022-CASRF-000629,20220805,16,pyrologix,4,32-17,2022,0.0,0.003230906993849203,0,drone,1,9.489961992702219e-05,1760,0.0046500813764240876,True
GaussianBudget75M_TOPGrowing,Cemetery_2022-CAPNF-000685,20220525,14,pyrologix,11,65-55,2022,0.0,0.004316136008128524,0,drone,1,9.489961992702219e-05,4595,0.004555181756497065,True
GaussianBudget75M_TOPGrowing,Charlie_2022-CASRF-000614,20220805,4,pyrologix,12,40-22,2022,0.0,0.003906184996594675,0,drone,1,9.489961992702219e-05,4950,0.0046500813764240876,True
GaussianBudget75M_TOPGrowing,Christian_2022-CASRF-000504,20220711,22,pyrologix,1,40-22,2022,0.0,0.002893433003919199,0,drone,1,9.489961992702219e-05,625,0.004460282136570043,True
GaussianBudget75M_TOPGrowing,Clio_2022-CAPNF-000517,20220502,11,pyrologix,12,73-63,2022,0.0,0.004282010006136261,0,drone,1,9.489961992702219e-05,4855,0.0046500813764240876,True
GaussianBudget75M_TOPGrowing,Coach_2022-CALPF-002163,20220904,13,pyrologix,11,none,2022,0.0,0.0019506940006976947,-1,undetected,1,9.489961992702219e-05,0,0.0,False
GaussianBudget75M_TOPGrowing,Coon_2022-CASRF-000562,20220725,23,pyrologix,11,40-22,2022,0.0,0.004776133006089367,0,drone,1,9.489961992702219e-05,4650,0.0046500813764240876,True
GaussianBudget75M_TOPGrowing,Corral_2022-CASRF-000628,20220805,12,pyrologix,11,33-23,2022,0.0,0.0031658240040997043,0,drone,1,9.489961992702219e-05,4380,0.0046500813764240876,True
GaussianBudget75M_TOPGrowing,County_2022-CASRF-000676,20220819,19,pyrologix,10,47-21,2022,0.0,0.006797252994147129,1,drone,1,9.489961992702219e-05,4465,0.0046500813764240876,True
GaussianBudget75M_TOPGrowing,Creek_2022-CASHF-000785,20220806,21,pyrologix,7,34-50,2022,0.0,0.006600880995392799,1,drone,1,9.489961992702219e-05,3350,0.0046500813764240876,True
GaussianBudget75M_TOPGrowing,Creekside_2022-CASRF-000250,20220423,14,pyrologix,7,40-22,2022,0.0,0.003658485002233647,0,drone,1,9.489961992702219e-05,2990,0.0046500813764240876,True
GaussianBudget75M_TOPGrowing,Creekside_2_2022-CASRF-000786,20220907,10,pyrologix,7,35-16,2022,0.0,0.0039022190030664206,0,drone,1,9.489961992702219e-05,2920,0.0046500813764240876,True
GaussianBudget75M_TOPGrowing,Crest_2022-CAPNF-001210,20220720,19,pyrologix,12,69-50,2022,0.0,0.0038380269979825243,0,drone,1,9.489961992702219e-05,4820,0.0046500813764240876,True
GaussianBudget75M_TOPGrowing,Crocker_2022-CAPNF-001409,20220804,10,pyrologix,10,73-63,2022,0.0,0.0033794459886848927,0,drone,1,9.489961992702219e-05,4015,0.0046500813764240876,True
GaussianBudget75M_TOPGrowing,DARBY_2022-CASTF-002132,20221114,22,pyrologix,4,111-57,2022,0.0,0.004549409000901505,0,drone,1,9.489961992702219e-05,1940,0.0046500813764240876,True
GaussianBudget75M_TOPGrowing,DAVIES_2022-CATNF-001627,20221101,17,pyrologix,3,84-67,2022,0.0,0.00365841000166256,0,drone,1,9.489961992702219e-05,1445,0.004555181756497065,True
GaussianBudget75M_TOPGrowing,DAY_2022-CALMU-000005,20221125,21,pyrologix,11,44-54,2022,0.0,0.004206937010167167,0,drone,1,9.489961992702219e-05,4535,0.0046500813764240876,True
GaussianBudget75M_TOPGrowing,DAY_2022-CALMU-006350,20221125,0,pyrologix,6,44-54,2022,0.0,0.003615202003857121,0,drone,1,9.489961992702219e-05,2575,0.0046500813764240876,True
GaussianBudget75M_TOPGrowing,DECKER_CANYON_RD___ORTEGA_HY_2022-CARRU-089641,20220623,1,pyrologix,2,none,2022,0.0,0.002029379000305198,-1,undetected,1,9.489961992702219e-05,0,0.0,False
GaussianBudget75M_TOPGrowing,DEER_2022-CAENF-021135,20220801,17,pyrologix,5,101-70,2022,0.0,0.005886290004127659,1,drone,1,9.489961992702219e-05,2505,0.004175583276788976,True
GaussianBudget75M_TOPGrowing,DEER_2022-CAMDF-000515,20220731,21,pyrologix,7,37-64,2022,0.0,0.0032605750020593405,0,drone,1,9.489961992702219e-05,2895,0.0046500813764240876,True
GaussianBudget75M_TOPGrowing,DEER_2022-CASQF-001940,20220803,15,pyrologix,8,none,2022,0.0,0.001998954001464881,-1,undetected,1,9.489961992702219e-05,0,0.0,False
GaussianBudget75M_TOPGrowing,DEER_HORN_2022-CAHIA-000336,20220525,1,pyrologix,8,33-23,2022,0.0,0.0026651789958123118,0,drone,1,9.489961992702219e-05,3215,0.0046500813764240876,True
GaussianBudget75M_TOPGrowing,DEER__2022-CAPNF-002173,20221010,21,pyrologix,2,72-57,2022,0.0,0.007895218004705384,2,drone,1,9.489961992702219e-05,1635,0.0046500813764240876,True
GaussianBudget75M_TOPGrowing,DELONEGHA_2022-CASQF-001365,20220701,2,pyrologix,5,174-77,2022,0.0,0.0038439619966084138,0,drone,1,9.489961992702219e-05,2200,0.0046500813764240876,True
GaussianBudget75M_TOPGrowing,DELTA_2022-CAANF-002969,20220905,22,pyrologix,2,none,2022,0.0,0.0020036719943163916,-1,undetected,1,9.489961992702219e-05,0,0.0,False
GaussianBudget75M_TOPGrowing,DELTA_2022-CALAC-302214,20220905,17,pyrologix,12,none,2022,0.0,0.002029701994615607,-1,undetected,1,9.489961992702219e-05,0,0.0,False
GaussianBudget75M_TOPGrowing,DEL_2022-CAANF-002424,20220727,11,pyrologix,3,none,2022,0.0,0.0020861429948126897,-1,undetected,1,9.489961992702219e-05,0,0.0,False
GaussianBudget75M_TOPGrowing,DEMOCRAT_2022-CASQF-001150,20220617,23,pyrologix,3,172-74,2022,0.0,0.0030217509920476004,0,drone,1,9.489961992702219e-05,1335,0.0046500813764240876,True
GaussianBudget75M_TOPGrowing,DEVILS_2022-CAANF-003338,20221013,16,pyrologix,1,206-87,2022,0.0,0.005628847997286357,1,drone,1,9.489961992702219e-05,915,0.003985784036934932,True
GaussianBudget75M_TOPGrowing,DEXTER_2022-CAANF-002403,20220725,15,pyrologix,5,none,2022,0.0,0.002049670001724735,-1,undetected,1,9.489961992702219e-05,0,0.0,False
GaussianBudget75M_TOPGrowing,DIAMOND_2022-CATNF-001258,20220830,0,pyrologix,2,87-59,2022,0.0,0.002626488989335485,0,drone,1,9.489961992702219e-05,965,0.0046500813764240876,True
GaussianBudget75M_TOPGrowing,DILLON_2022-CALAC-087856,20220314,0,pyrologix,7,none,2022,0.0,0.002012434008065611,-1,undetected,1,9.489961992702219e-05,0,0.0,False
GaussianBudget75M_TOPGrowing,DILLON__2022-CAANF-000675,20220314,1,pyrologix,6,none,2022,0.0,0.0020450650044949725,-1,undetected,1,9.489961992702219e-05,0,0.0,False
GaussianBudget75M_TOPGrowing,DITCH_CAMP_RD___WENTWORTH_SPRINGS_RD_2022-CAENF-014950,20220608,16,pyrologix,6,93-54,2022,0.0,0.005718729997170158,1,drone,1,9.489961992702219e-05,2875,0.0046500813764240876,True
GaussianBudget75M_TOPGrowing,DIVIDE__2022-CAANF-002093,20220706,23,pyrologix,7,none,2022,0.0,0.0020512519986368716,-1,undetected,1,9.489961992702219e-05,0,0.0,False
GaussianBudget75M_TOPGrowing,DODGE_2022-CASTF-001595,20220825,18,pyrologix,7,115-63,2022,0.0,0.006026186994859017,1,drone,1,9.489961992702219e-05,3260,0.0046500813764240876,True
GaussianBudget75M_TOPGrowing,DOGTOWN__2022-CASTF-000276,20220310,23,pyrologix,1,122-61,2022,0.0,0.0015941849997034296,0,drone,1,9.489961992702219e-05,420,0.003511285937299821,True
GaussianBudget75M_TOPGrowing,DOLLAR_2022-CABDF-011536,20220730,17,pyrologix,11,none,2022,0.0,0.0020501510007306933,-1,undetected,1,9.489961992702219e-05,0,0.0,False
GaussianBudget75M_TOPGrowing,DOME__2022-CASNF-001416,20220924,14,pyrologix,8,128-67,2022,0.0,0.008685192005941644,2,drone,1,9.489961992702219e-05,3960,0.0046500813764240876,True
GaussianBudget75M_TOPGrowing,DOUBLE_2022-CAMDF-000591,20220805,18,pyrologix,5,none,2022,0.0,0.0019998289935756475,-1,undetected,1,9.489961992702219e-05,0,0.0,False
GaussianBudget75M_TOPGrowing,DOUGLAS_2022-CAMMU-023741,20221023,6,pyrologix,4,135-68,2022,0.0,0.0021195230074226856,0,drone,1,9.489961992702219e-05,1625,0.0046500813764240876,True
GaussianBudget75M_TOPGrowing,DOUGLAS_2022-CASNF-001550,20221023,3,pyrologix,12,135-68,2022,0.0,0.0031545759993605316,0,drone,1,9.489961992702219e-05,4750,0.0046500813764240876,True
GaussianBudget75M_TOPGrowing,DRIP_2022-CACNF-000888,20220510,17,pyrologix,4,230-98,2022,0.0,0.0032224650058196858,0,drone,1,9.489961992702219e-05,1720,0.0046500813764240876,True
GaussianBudget75M_TOPGrowing,DRY_2022-CASQF-001908,20220731,17,pyrologix,8,174-77,2022,0.0,0.003467634000116959,0,drone,1,9.489961992702219e-05,3225,0.0046500813764240876,True
GaussianBudget75M_TOPGrowing,DUCK_2022-CALNF-002812,20220609,20,pyrologix,2,51-53,2022,0.0,0.0031347030017059296,0,drone,1,9.489961992702219e-05,1015,0.0046500813764240876,True
GaussianBudget75M_TOPGrowing,DUCK__2022-CASNF-001450,20221001,13,pyrologix,3,none,2022,0.0,0.002005474001634866,-1,undetected,1,9.489961992702219e-05,0,0.0,False
GaussianBudget75M_TOPGrowing,DUMPSTER__2022-CAANF-000486,20220222,18,pyrologix,12,none,2022,0.0,0.0019948580011259764,-1,undetected,1,9.489961992702219e-05,0,0.0,False
GaussianBudget75M_TOPGrowing,DUMP_2022-CALNF-003654,20220717,21,pyrologix,8,55-47,2022,0.0,0.004004424990853295,0,drone,1,9.489961992702219e-05,3400,0.0046500813764240876,True
GaussianBudget75M_TOPGrowing,DUMP_2022-CASHF-001069,20221001,1,pyrologix,1,40-22,2022,0.0,0.00172218399529811,0,drone,1,9.489961992702219e-05,465,0.003511285937299821,True
GaussianBudget75M_TOPGrowing,DUNCAN_2022-CAMDF-000522,20220801,19,pyrologix,12,38-63,2022,0.0,0.004908809991320595,0,drone,1,9.489961992702219e-05,4955,0.0046500813764240876,True
GaussianBudget75M_TOPGrowing,DUNCAN_2022-CATNF-001215,20220824,21,pyrologix,6,87-59,2022,0.0,0.0026648889906937256,0,drone,1,9.489961992702219e-05,2490,0.0046500813764240876,True
GaussianBudget75M_TOPGrowing,DUNES_2022-CAINF-001495,20220717,13,pyrologix,11,none,2022,0.0,0.002008344992646016,-1,undetected,1,9.489961992702219e-05,0,0.0,False
GaussianBudget75M_TOPGrowing,DUSEN_2022-CABDF-010770,20220711,16,pyrologix,9,none,2022,0.0,0.002009054005611688,-1,undetected,1,9.489961992702219e-05,0,0.0,False
GaussianBudget75M_TOPGrowing,DUSY__2022-CASNF-000635,20220626,16,pyrologix,5,none,2022,0.0,0.001955298997927457,-1,undetected,1,9.489961992702219e-05,0,0.0,False
GaussianBudget75M_TOPGrowing,DUTCH_2022-CASQF-001849,20220728,20,pyrologix,7,171-80,2022,0.0,0.0030680850031785667,0,drone,1,9.489961992702219e-05,2830,0.0046500813764240876,True
GaussianBudget75M_TOPGrowing,Deer__2022-CASRF-000712,20220826,20,pyrologix,7,26-25,2022,0.0,0.003435980004724115,0,drone,1,9.489961992702219e-05,2870,0.0046500813764240876,True
GaussianBudget75M_TOPGrowing,Delleker_2_2022-CAPNF-002299,20221030,16,pyrologix,8,73-63,2022,0.0,0.0027953539974987507,0,drone,1,9.489961992702219e-05,3170,0.0046500813764240876,True
GaussianBudget75M_TOPGrowing,Devils_2022-CAPNF-001415,20220804,15,pyrologix,11,67-62,2022,0.0,0.003775485005462542,0,drone,1,9.489961992702219e-05,4455,0.0046500813764240876,True
GaussianBudget75M_TOPGrowing,Diamond_2022-CAPNF-000316,20220325,20,pyrologix,4,63-64,2022,0.0,0.0034557629987830296,0,drone,1,9.489961992702219e-05,1760,0.0046500813764240876,True
GaussianBudget75M_TOPGrowing,Dog_2022-CASHF-001049,20220927,12,pyrologix,12,42-34,2022,0.0,0.004498377995332703,0,drone,1,9.489961992702219e-05,4730,0.0046500813764240876,True
GaussianBudget75M_TOPGrowing,Dollar_2022-CASRF-000925,20221028,17,pyrologix,12,26-25,2022,0.0,0.0030898749973857775,0,drone,1,9.489961992702219e-05,4660,0.0046500813764240876,True
GaussianBudget75M_TOPGrowing,Duzen_2022-CASRF-000830,20220923,1,pyrologix,3,47-21,2022,0.0,0.005510282004252076,1,drone,1,9.489961992702219e-05,1730,0.0046500813764240876,True
GaussianBudget75M_TOPGrowing,E-10_CAL_2022-CALNF-005001,20220914,19,pyrologix,12,50-60,2022,0.0,0.004192159991362132,0,drone,1,9.489961992702219e-05,4925,0.0046500813764240876,True
GaussianBudget75M_TOPGrowing,E-11_GRAYS_2022-CALNF-005008,20220914,15,pyrologix,1,none,2022,0.0,0.001984798989724368,-1,undetected,1,9.489961992702219e-05,0,0.0,False
GaussianBudget75M_TOPGrowing,E-1_CHAMPS_2022-CALNF-004966,20220912,19,pyrologix,8,53-62,2022,0.0,0.002948793990071863,0,drone,1,9.489961992702219e-05,3220,0.0046500813764240876,True
GaussianBudget75M_TOPGrowing,E-1_REST_2022-CALNF-004478,20220819,16,pyrologix,10,none,2022,0.0,0.0024712619924684986,-1,undetected,1,9.489961992702219e-05,0,0.0,False
GaussianBudget75M_TOPGrowing,E-2_SPRINGS_2022-CALNF-004968,20220912,22,pyrologix,3,51-53,2022,0.0,0.005349615006707609,1,drone,1,9.489961992702219e-05,1735,0.0046500813764240876,True
GaussianBudget75M_TOPGrowing,E-5_FLAT_2022-CALNF-004972,20220912,23,pyrologix,1,53-62,2022,0.0,0.004086651999386959,0,drone,1,9.489961992702219e-05,740,0.0037010851771538656,True
GaussianBudget75M_TOPGrowing,E-6_POISON_2022-CALNF-004973,20220913,23,pyrologix,3,50-60,2022,0.0,0.0028843839972978458,0,drone,1,9.489961992702219e-05,1390,0.0046500813764240876,True
GaussianBudget75M_TOPGrowing,E-7_LOGAN_2022-CALNF-004988,20220913,13,pyrologix,8,53-62,2022,0.0,0.004120533994864672,0,drone,1,9.489961992702219e-05,3370,0.0046500813764240876,True
GaussianBudget75M_TOPGrowing,E-9_SHAYS_2022-CALNF-004999,20220914,22,pyrologix,5,53-62,2022,0.0,0.0028134410094935447,0,drone,1,9.489961992702219e-05,2000,0.0046500813764240876,True
GaussianBudget75M_TOPGrowing,EAGLE_2022-CALMU-003399,20220704,19,pyrologix,1,60-61,2022,0.0,0.0027153070113854483,0,drone,1,9.489961992702219e-05,555,0.004175583276788976,True
GaussianBudget75M_TOPGrowing,EAST_2022-CAANF-002810,20220825,16,pyrologix,9,none,2022,0.0,0.001987756011658348,-1,undetected,1,9.489961992702219e-05,0,0.0,False
GaussianBudget75M_TOPGrowing,EAST_2022-CAKNF-006328,20220801,23,pyrologix,9,17-30,2022,0.0,0.0035570710024330765,0,drone,1,9.489961992702219e-05,3625,0.004555181756497065,True
GaussianBudget75M_TOPGrowing,EAST_2022-CASNF-001326,20220909,13,pyrologix,8,none,2022,0.0,0.002266858995426446,-1,undetected,1,9.489961992702219e-05,0,0.0,False
GaussianBudget75M_TOPGrowing,EDDY_2022-CAKNF-006258,20220731,20,pyrologix,9,33-29,2022,0.0,0.002899958999478258,0,drone,1,9.489961992702219e-05,3560,0.0046500813764240876,True
GaussianBudget75M_TOPGrowing,ELIZA_2022-CAKNF-007844,20220909,19,pyrologix,12,21-42,2022,0.0,0.0073290319996885955,1,drone,1,9.489961992702219e-05,5315,0.0046500813764240876,True
GaussianBudget75M_TOPGrowing,ELK_2022-CAKNF-009321,20221020,10,pyrologix,11,17-30,2022,0.0,0.004850420998991467,0,drone,1,9.489961992702219e-05,4455,0.004555181756497065,True
GaussianBudget75M_TOPGrowing,ELK_MTN_IHC_STAFFING_2022-CAMNF-000331,20220405,12,pyrologix,8,none,2022,0.0,0.0020216129923937842,-1,undetected,1,9.489961992702219e-05,0,0.0,False
GaussianBudget75M_TOPGrowing,EL_CARISO__001_2022-CACNF-000956,20220516,14,pyrologix,12,none,2022,0.0,0.001998994004679844,-1,undetected,1,9.489961992702219e-05,0,0.0,False
GaussianBudget75M_TOPGrowing,EMERALD_2_2022-CABDF-003570,20220220,14,pyrologix,9,none,2022,0.0,0.0020418049971340224,-1,undetected,1,9.489961992702219e-05,0,0.0,False
GaussianBudget75M_TOPGrowing,EMMA_2022-CAANF-002243,20220716,13,pyrologix,10,none,2022,0.0,0.002015769001445733,-1,undetected,1,9.489961992702219e-05,0,0.0,False
GaussianBudget75M_TOPGrowing,ENTRANCE_2022-CALNF-003808,20220722,19,pyrologix,4,55-47,2022,0.0,0.0030699110066052526,0,drone,1,9.489961992702219e-05,1770,0.0046500813764240876,True
GaussianBudget75M_TOPGrowing,EVANS_2022-CAKNF-006209,20220730,2,pyrologix,12,17-30,2022,0.0,0.003092605998972431,0,drone,1,9.489961992702219e-05,4610,0.004555181756497065,True
GaussianBudget75M_TOPGrowing,EVANS_2022-CASQF-001261,20220623,19,pyrologix,2,172-74,2022,0.0,0.0023261839960468933,0,drone,1,9.489961992702219e-05,895,0.0046500813764240876,True
GaussianBudget75M_TOPGrowing,EVERILL_2022-CAKNF-006625,20220807,15,pyrologix,8,18-37,2022,0.0,0.003837960000964813,0,drone,1,9.489961992702219e-05,3315,0.004175583276788976,True
GaussianBudget75M_TOPGrowing,EXCELSIOR_2022-CANEU-029246,20221025,5,pyrologix,5,87-59,2022,0.0,0.002518321998650208,0,drone,1,9.489961992702219e-05,2095,0.0046500813764240876,True
GaussianBudget75M_TOPGrowing,E_INDIAN_CREEK_DR__E_FORK_INDIAN_CREEK_RD_2022-CAKNF-002959,20220420,12,pyrologix,9,16-26,2022,0.0,0.00430611299816519,0,drone,1,9.489961992702219e-05,3675,0.004555181756497065,True
GaussianBudget75M_TOPGrowing,Eagle__2022-CAPNF-001326,20220728,19,pyrologix,6,73-63,2022,0.0,0.003938866997486912,0,drone,1,9.489961992702219e-05,2620,0.0046500813764240876,True
GaussianBudget75M_TOPGrowing,Erin__2022-CASRF-000859,20221003,22,pyrologix,2,35-16,2022,0.0,0.005492853000760078,1,drone,1,9.489961992702219e-05,1345,0.0046500813764240876,True
GaussianBudget75M_TOPGrowing,FALSE_ALARM_2022-CAANF-000915,20220407,20,pyrologix,9,none,2022,0.0,0.002024133995291777,-1,undetected,1,9.489961992702219e-05,0,0.0,False
GaussianBudget75M_TOPGrowing,FA_BC22_2022-CACNF-002548,20221026,16,pyrologix,9,none,2022,0.0,0.002383483006269671,-1,undetected,1,9.489961992702219e-05,0,0.0,False
GaussianBudget75M_TOPGrowing,FERN_2022-CACNF-001755,20220721,22,pyrologix,11,228-94,2022,0.0,0.003917426991392858,0,drone,1,9.489961992702219e-05,4500,0.004555181756497065,True
GaussianBudget75M_TOPGrowing,FERRETTI_2022-CATCU-002310,20220219,18,pyrologix,5,122-61,2022,0.0,0.0035232170048402622,0,drone,1,9.489961992702219e-05,2175,0.0046500813764240876,True
GaussianBudget75M_TOPGrowing,FISHER_2022-CAINF-000969,20220530,20,pyrologix,5,164-82,2022,0.0,0.005935709996265359,1,drone,1,9.489961992702219e-05,2540,0.0046500813764240876,True
GaussianBudget75M_TOPGrowing,FISHER_2022-CASHF-000566,20220701,22,pyrologix,7,42-41,2022,0.0,0.004245939999236725,0,drone,1,9.489961992702219e-05,3060,0.0046500813764240876,True
GaussianBudget75M_TOPGrowing,FISH_2022-CABDF-011532,20220730,19,pyrologix,5,none,2022,0.0,0.002024518995312974,-1,undetected,1,9.489961992702219e-05,0,0.0,False
GaussianBudget75M_TOPGrowing,FISH_2022-CAKNF-006310,20220731,18,pyrologix,7,17-30,2022,0.0,0.003731208009412512,0,drone,1,9.489961992702219e-05,2850,0.004460282136570043,True
GaussianBudget75M_TOPGrowing,FISH_CREEK_2022-CABDF-014175,20221012,12,pyrologix,12,none,2022,0.0,0.00205512999673374,-1,undetected,1,9.489961992702219e-05,0,0.0,False
GaussianBudget75M_TOPGrowing,FIVE_2022-CAANF-002981,20220906,15,pyrologix,5,none,2022,0.0,0.0022071999992476776,-1,undetected,1,9.489961992702219e-05,0,0.0,False
GaussianBudget75M_TOPGrowing,FLAT_2022-CALPF-000341,20220226,14,pyrologix,4,none,2022,0.0,0.002017680002609268,-1,undetected,1,9.489961992702219e-05,0,0.0,False
GaussianBudget75M_TOPGrowing,FLAT_2022-CASHF-000552,20220627,20,pyrologix,3,40-22,2022,0.0,0.002897856989875436,0,drone,1,9.489961992702219e-05,1395,0.0046500813764240876,True
GaussianBudget75M_TOPGrowing,FLAT__2022-CASQF-002038,20220810,21,pyrologix,3,174-77,2022,0.0,0.0018577560113044456,0,drone,1,9.489961992702219e-05,1205,0.0046500813764240876,True
GaussianBudget75M_TOPGrowing,FLOWER_2022-CAMDF-000939,20220920,14,pyrologix,11,none,2022,0.0,0.0020491920004133135,-1,undetected,1,9.489961992702219e-05,0,0.0,False
GaussianBudget75M_TOPGrowing,FLUME_2022-CASHF-000551,20220627,18,pyrologix,4,42-34,2022,0.0,0.002793406994896941,0,drone,1,9.489961992702219e-05,1730,0.0046500813764240876,True
GaussianBudget75M_TOPGrowing,FOLLOWS_2022-CAANF-000345,20220208,18,pyrologix,1,206-87,2022,0.0,0.006520394003018737,1,drone,1,9.489961992702219e-05,955,0.004365382516643021,True
GaussianBudget75M_TOPGrowing,FORBESTOWN_2022-CABTU-005799,20220403,6,pyrologix,3,79-47,2022,636.8532253400044,0.0028247020090930164,0,drone,1,9.489961992702219e-05,1290,0.0046500813764240876,True
GaussianBudget75M_TOPGrowing,FORK_2022-CAANF-002742,20220821,1,pyrologix,1,none,2022,0.0,0.0020805700041819364,-1,undetected,1,9.489961992702219e-05,0,0.0,False
GaussianBudget75M_TOPGrowing,FORK_2022-CAKNF-007060,20220818,11,pyrologix,12,16-26,2022,0.0,0.0037841449957340956,0,drone,1,9.489961992702219e-05,4645,0.004555181756497065,True
GaussianBudget75M_TOPGrowing,FORK_2022-CAMMU-009669,20220506,17,pyrologix,3,135-68,2022,0.0,0.002075272990623489,0,drone,1,9.489961992702219e-05,1240,0.0046500813764240876,True
GaussianBudget75M_TOPGrowing,FOSTER_2022-CAENF-025294,20220905,20,pyrologix,8,105-63,2022,0.0,0.006519870003103279,1,drone,1,9.489961992702219e-05,3640,0.0046500813764240876,True
GaussianBudget75M_TOPGrowing,FOURNIER_2022-CATNF-000379,20220418,23,pyrologix,2,79-56,2022,0.0,0.0029457859927788377,0,drone,1,9.489961992702219e-05,970,0.0046500813764240876,True
GaussianBudget75M_TOPGrowing,FOX_2022-CASHF-001180,20221029,19,pyrologix,3,37-52,2022,0.0,0.0031318190012825653,0,drone,1,9.489961992702219e-05,1390,0.0046500813764240876,True
GaussianBudget75M_TOPGrowing,FOX_2022-CATNF-000123,20220216,18,pyrologix,5,84-67,2022,0.0,0.004120115001569502,0,drone,1,9.489961992702219e-05,2315,0.004839880616278132,True
GaussianBudget75M_TOPGrowing,FRAZIER_2022-CALPF-001358,20220625,22,pyrologix,7,none,2022,0.0,0.0020370849961182103,-1,undetected,1,9.489961992702219e-05,0,0.0,False
GaussianBudget75M_TOPGrowing,FREEL_2022-CATMU-021487,20220805,0,pyrologix,1,101-70,2022,0.0,0.005546625005081296,1,drone,1,9.489961992702219e-05,1000,0.0040806836568619545,True
GaussianBudget75M_TOPGrowing,FREEMAN_2022-CASQF-002518,20220927,19,pyrologix,9,164-82,2022,0.0,0.003498582009342499,0,drone,1,9.489961992702219e-05,3665,0.0046500813764240876,True
GaussianBudget75M_TOPGrowing,FREEWAY_2022-CAANF-000339,20220207,21,pyrologix,10,none,2022,0.0,0.0020403669914230704,-1,undetected,1,9.489961992702219e-05,0,0.0,False
GaussianBudget75M_TOPGrowing,FRIDAY__2022-CASHF-001034,20220924,16,pyrologix,10,42-41,2022,0.0,0.003919720998965204,0,drone,1,9.489961992702219e-05,4145,0.0046500813764240876,True
GaussianBudget75M_TOPGrowing,FRISCO_2022-CAENF-028920,20221009,12,pyrologix,3,97-60,2022,0.0,0.003508284004055895,0,drone,1,9.489961992702219e-05,1450,0.0046500813764240876,True
GaussianBudget75M_TOPGrowing,FROG_2022-CABDF-010538,20220707,3,pyrologix,1,none,2022,0.0,0.002046850000624545,-1,undetected,1,9.489961992702219e-05,0,0.0,False
GaussianBudget75M_TOPGrowing,FROG_2022-CABDF-011327,20220724,21,pyrologix,2,none,2022,0.0,0.0020634379907278344,-1,undetected,1,9.489961992702219e-05,0,0.0,False
GaussianBudget75M_TOPGrowing,FROG_2022-CASTF-000927,20220626,17,pyrologix,4,105-63,2022,0.0,0.0037019650044385344,0,drone,1,9.489961992702219e-05,1835,0.0046500813764240876,True
GaussianBudget75M_TOPGrowing,FRONTIER_2022-CALPF-001048,20220526,14,pyrologix,10,none,2022,0.0,0.002029592011240311,-1,undetected,1,9.489961992702219e-05,0,0.0,False
GaussianBudget75M_TOPGrowing,FULLER_2022-CATNF-001346,20220905,9,pyrologix,8,87-59,2022,0.0,0.006167608007672243,1,drone,1,9.489961992702219e-05,3685,0.0046500813764240876,True
GaussianBudget75M_TOPGrowing,Fair_Oak_2022-CASRF-000804,20220912,3,pyrologix,1,35-16,2022,0.0,0.002917593010351993,0,drone,1,9.489961992702219e-05,625,0.004365382516643021,True
GaussianBudget75M_TOPGrowing,Four_2022-CAPNF-001904,20220913,21,pyrologix,6,69-50,2022,0.0,0.0027817060035886243,0,drone,1,9.489961992702219e-05,2490,0.0046500813764240876,True
GaussianBudget75M_TOPGrowing,Friday_2022-CASRF-000617,20220805,5,pyrologix,12,40-22,2022,0.0,0.004292247002013028,0,drone,1,9.489961992702219e-05,4985,0.0046500813764240876,True
GaussianBudget75M_TOPGrowing,GABRIEL_2022-CAANF-001781,20220618,7,pyrologix,3,none,2022,0.0,0.001976023006136529,-1,undetected,1,9.489961992702219e-05,0,0.0,False
GaussianBudget75M_TOPGrowing,GARROTTE_2022-CATCU-007717,20220623,18,pyrologix,9,118-56,2022,0.0,0.003788995003560558,0,drone,1,9.489961992702219e-05,3665,0.0046500813764240876,True
GaussianBudget75M_TOPGrowing,GEM_2022-CASTF-000882,20220621,19,pyrologix,9,none,2022,0.0,0.0020421570079633966,-1,undetected,1,9.489961992702219e-05,0,0.0,False
GaussianBudget75M_TOPGrowing,GEORGE_2022-CAKNF-006783,20220811,19,pyrologix,2,24-35,2022,0.0,0.007637942006113008,2,drone,1,9.489961992702219e-05,1640,0.0046500813764240876,True
GaussianBudget75M_TOPGrowing,GLASS_2022-CAINF-001162,20220619,17,pyrologix,1,none,2022,0.0,0.0020217010023770854,-1,undetected,1,9.489961992702219e-05,0,0.0,False
GaussianBudget75M_TOPGrowing,GLEASON__2022-CAANF-001044,20220417,17,pyrologix,11,none,2022,0.0,0.0020531329937512055,-1,undetected,1,9.489961992702219e-05,0,0.0,False
GaussianBudget75M_TOPGrowing,GOAT_2022-CAMMU-015329,20220713,11,pyrologix,11,135-68,2022,0.0,0.003647032004664652,0,drone,1,9.489961992702219e-05,4400,0.0046500813764240876,True
GaussianBudget75M_TOPGrowing,GOAT_2022-CAMMU-019709,20220903,15,pyrologix,1,135-68,2022,0.0,0.0016395540005760267,0,drone,1,9.489961992702219e-05,460,0.003511285937299821,True
GaussianBudget75M_TOPGrowing,GOAT_2022-CASNF-001464,20221002,18,pyrologix,7,128-67,2022,0.0,0.004688257991801947,0,drone,1,9.489961992702219e-05,3110,0.0046500813764240876,True
GaussianBudget75M_TOPGrowing,GOLDEN_2022-CATNF-000506,20220520,10,pyrologix,9,83-49,2022,0.0,0.008996844990178943,0,drone,1,9.489961992702219e-05,3710,0.0046500813764240876,True
GaussianBudget75M_TOPGrowing,GOLD_2022-CAANF-000425,20220216,13,pyrologix,7,none,2022,0.0,0.003294252004707232,-1,undetected,1,9.489961992702219e-05,0,0.0,False
GaussianBudget75M_TOPGrowing,GOLD_2022-CABDF-009730,20220622,12,pyrologix,9,none,2022,0.0,0.0020709489908767864,-1,undetected,1,9.489961992702219e-05,0,0.0,False
GaussianBudget75M_TOPGrowing,GOOSE2_2022-CAKNF-006350,20220801,14,pyrologix,4,28-45,2022,0.0,0.0031473650014959276,0,drone,1,9.489961992702219e-05,1745,0.0046500813764240876,True
GaussianBudget75M_TOPGrowing,GORDON_2022-CAKNF-007409,20220829,1,pyrologix,5,16-26,2022,0.0,0.0035420400090515614,0,drone,1,9.489961992702219e-05,2120,0.004555181756497065,True
GaussianBudget75M_TOPGrowing,GRACE_2022-CAANF-003433,20221024,18,pyrologix,9,none,2022,0.0,0.00204084200959187,-1,undetected,1,9.489961992702219e-05,0,0.0,False
GaussianBudget75M_TOPGrowing,GRADE1_2022-CACNF-002178,20220907,2,pyrologix,2,none,2022,0.0,0.0029181400022935122,-1,undetected,1,9.489961992702219e-05,0,0.0,False
GaussianBudget75M_TOPGrowing,GRADE_2022-CABDF-017250,20221128,23,pyrologix,5,206-88,2022,0.0,0.004156283990596421,0,drone,1,9.489961992702219e-05,2175,0.004365382516643021,True
GaussianBudget75M_TOPGrowing,GRADE_2022-CACNF-001011,20220523,21,pyrologix,11,230-98,2022,0.0,0.003574543006834574,0,drone,1,9.489961992702219e-05,4285,0.0046500813764240876,True
GaussianBudget75M_TOPGrowing,GRADE_2022-CAKNF-010395,20221117,20,pyrologix,3,16-26,2022,0.0,0.0032777059968793765,0,drone,1,9.489961992702219e-05,1350,0.004365382516643021,True
GaussianBudget75M_TOPGrowing,GRADE_2022-CALNF-002524,20220527,11,pyrologix,11,51-53,2022,0.0,0.004072146999533288,0,drone,1,9.489961992702219e-05,4490,0.0046500813764240876,True
GaussianBudget75M_TOPGrowing,GRAMERCY_2022-CABDF-008424,20220525,17,pyrologix,4,206-88,2022,0.0,0.0021791420003864914,0,drone,1,9.489961992702219e-05,1590,0.004365382516643021,True
GaussianBudget75M_TOPGrowing,GRAND_2022-CALPF-001329,20220622,12,pyrologix,8,none,2022,0.0,0.0020434970065252855,-1,undetected,1,9.489961992702219e-05,0,0.0,False
GaussianBudget75M_TOPGrowing,GRASS_2022-CAANF-003213,20220930,22,pyrologix,8,none,2022,0.0,0.002132448003976606,-1,undetected,1,9.489961992702219e-05,0,0.0,False
GaussianBudget75M_TOPGrowing,GRAY_2022-CABDF-009692,20220621,3,pyrologix,1,206-88,2022,0.0,0.0030314690084196627,0,drone,1,9.489961992702219e-05,580,0.004175583276788976,True
GaussianBudget75M_TOPGrowing,GREYBACK_2022-CABDF-009408,20220615,23,pyrologix,3,none,2022,0.0,0.002017050006543286,-1,undetected,1,9.489961992702219e-05,0,0.0,False
GaussianBudget75M_TOPGrowing,GRIDER_2022-CAKNF-002566,20220405,15,pyrologix,10,16-26,2022,0.0,0.0037189579888945445,0,drone,1,9.489961992702219e-05,3965,0.004555181756497065,True
GaussianBudget75M_TOPGrowing,GROUSE_2022-CAENF-021134,20220801,15,pyrologix,9,105-63,2022,0.0,0.003971842001192272,0,drone,1,9.489961992702219e-05,3640,0.0046500813764240876,True
GaussianBudget75M_TOPGrowing,GROUSE_2022-CATNF-001318,20220904,10,pyrologix,6,80-58,2022,0.0,0.009150251004029997,2,drone,1,9.489961992702219e-05,3235,0.0046500813764240876,True
GaussianBudget75M_TOPGrowing,GROUSE__2022-CASQF-001246,20220622,19,pyrologix,9,159-73,2022,0.0,0.004326504000346176,0,drone,1,9.489961992702219e-05,3815,0.0046500813764240876,True
GaussianBudget75M_TOPGrowing,GULCH_2022-CAANF-002870,20220829,17,pyrologix,3,none,2022,0.0,0.002039671002421528,-1,undetected,1,9.489961992702219e-05,0,0.0,False
GaussianBudget75M_TOPGrowing,GULCH_2022-CAKNF-006282,20220731,4,pyrologix,7,33-29,2022,0.0,0.0023308460076805204,0,drone,1,9.489961992702219e-05,2780,0.0046500813764240876,True
GaussianBudget75M_TOPGrowing,GULCH_2022-CALAC-292411,20220829,14,pyrologix,10,none,2022,0.0,0.0027640059997793287,-1,undetected,1,9.489961992702219e-05,0,0.0,False
GaussianBudget75M_TOPGrowing,GUMBOOT_2022-CASHF-000771,20220804,18,pyrologix,1,35-36,2022,0.0,0.0031794630049262196,0,drone,1,9.489961992702219e-05,690,0.0046500813764240876,True
GaussianBudget75M_TOPGrowing,GUM_2022-CASHF-001171,20221027,18,pyrologix,3,35-36,2022,0.0,0.003371240003616549,0,drone,1,9.489961992702219e-05,1405,0.0046500813764240876,True
GaussianBudget75M_TOPGrowing,Gambi_2022-CASRF-000526,20220715,17,pyrologix,11,35-16,2022,0.0,0.009023521997733042,2,drone,1,9.489961992702219e-05,5225,0.0046500813764240876,True
GaussianBudget75M_TOPGrowing,Garden_2022-CASHF-001023,20220922,16,pyrologix,5,42-41,2022,0.0,0.005725711991544813,1,drone,1,9.489961992702219e-05,2545,0.0046500813764240876,True
GaussianBudget75M_TOPGrowing,Glen_2022-CALPF-000932,20220514,22,pyrologix,3,none,2022,0.0,0.0020415459875948727,-1,undetected,1,9.489961992702219e-05,0,0.0,False
GaussianBudget75M_TOPGrowing,Golden__2022-CAPNF-001180,20220717,15,pyrologix,4,76-51,2022,0.0,0.0020614690001821145,0,drone,1,9.489961992702219e-05,1580,0.0046500813764240876,True
GaussianBudget75M_TOPGrowing,Goods_2022-CASHF-001083,20221005,19,pyrologix,11,54-26,2022,0.0,0.0070874569937586784,1,drone,1,9.489961992702219e-05,4930,0.0046500813764240876,True
GaussianBudget75M_TOPGrowing,Green_2022-CAPNF-000991,20220628,18,pyrologix,12,65-55,2022,0.0,0.006985068990616128,1,drone,1,9.489961992702219e-05,5335,0.004555181756497065,True
GaussianBudget75M_TOPGrowing,Gypo_2022-CASRF-000834,20220924,22,pyrologix,1,35-16,2022,0.0,0.002929500988102518,0,drone,1,9.489961992702219e-05,625,0.004365382516643021,True
GaussianBudget75M_TOPGrowing,H-1_ALCOHOL_2022-CALNF-004246,20220809,14,pyrologix,4,51-53,2022,0.0,0.0026986110024154186,0,drone,1,9.489961992702219e-05,1670,0.0046500813764240876,True
GaussianBudget75M_TOPGrowing,H-1_PROSPECT_2022-CALNF-004964,20220912,21,pyrologix,4,51-53,2022,0.0,0.006001761998049915,1,drone,1,9.489961992702219e-05,2160,0.0046500813764240876,True
GaussianBudget75M_TOPGrowing,H-2_CAVE_2022-CALNF-003215,20220627,21,pyrologix,9,51-53,2022,0.0,0.00508195000293199,0,drone,1,9.489961992702219e-05,3920,0.0046500813764240876,True
GaussianBudget75M_TOPGrowing,H-2_EVERETT_2022-CALNF-004274,20220810,21,pyrologix,1,48-47,2022,0.0,0.003103921000729315,0,drone,1,9.489961992702219e-05,590,0.0046500813764240876,True
GaussianBudget75M_TOPGrowing,H-3_CHAOS_2022-CALNF-005031,20220915,21,pyrologix,1,55-47,2022,0.0,0.003334020992042497,0,drone,1,9.489961992702219e-05,690,0.004555181756497065,True
GaussianBudget75M_TOPGrowing,HAGADOR_2022-CACNF-001355,20220619,15,pyrologix,10,none,2022,0.0,0.0020333220018073916,-1,undetected,1,9.489961992702219e-05,0,0.0,False
GaussianBudget75M_TOPGrowing,HAGER_2022-CAMDF-000527,20220801,22,pyrologix,10,none,2022,0.0,0.002034910998190753,-1,undetected,1,9.489961992702219e-05,0,0.0,False
GaussianBudget75M_TOPGrowing,HALFMOON_2022-CALNF-005443,20221005,16,pyrologix,1,53-62,2022,0.0,0.006100661994423717,1,drone,1,9.489961992702219e-05,1055,0.0040806836568619545,True
GaussianBudget75M_TOPGrowing,HALL_2022-CABDF-005444,20220324,1,pyrologix,5,206-88,2022,0.0,0.0022851039975648746,0,drone,1,9.489961992702219e-05,2020,0.004365382516643021,True
GaussianBudget75M_TOPGrowing,HAMBURG_2022-CAKNF-007042,20220818,3,pyrologix,4,18-37,2022,0.0,0.003087574994424358,0,drone,1,9.489961992702219e-05,1695,0.0040806836568619545,True
GaussianBudget75M_TOPGrowing,HARDEN_2022-CASTF-001614,20220829,6,pyrologix,10,118-64,2022,0.0,0.004344878005213104,0,drone,1,9.489961992702219e-05,4235,0.0046500813764240876,True
GaussianBudget75M_TOPGrowing,HARRISON_2022-CABDF-005467,20220324,18,pyrologix,4,none,2022,0.0,0.0020653289975598454,-1,undetected,1,9.489961992702219e-05,0,0.0,False
GaussianBudget75M_TOPGrowing,HARVARD_2022-CAANF-001836,20220622,13,pyrologix,6,none,2022,0.0,0.0027407229936216027,-1,undetected,1,9.489961992702219e-05,0,0.0,False
GaussianBudget75M_TOPGrowing,HAYPRESS_2022-CAKNF-008456,20220925,23,pyrologix,3,26-25,2022,0.0,0.005991985002765432,1,drone,1,9.489961992702219e-05,1765,0.0046500813764240876,True
GaussianBudget75M_TOPGrowing,HELMS_2022-CASNF-000638,20220626,19,pyrologix,1,none,2022,0.0,0.002236721004010178,-1,undetected,1,9.489961992702219e-05,0,0.0,False
GaussianBudget75M_TOPGrowing,HENRY_2022-CAANF-003381,20221017,16,pyrologix,3,none,2022,0.0,0.0021763390104752034,-1,undetected,1,9.489961992702219e-05,0,0.0,False
GaussianBudget75M_TOPGrowing,HERMAN_2022-CAANF-002582,20220806,20,pyrologix,4,none,2022,0.0,0.0021540080051636323,-1,undetected,1,9.489961992702219e-05,0,0.0,False
GaussianBudget75M_TOPGrowing,HIDDEN_2022-CAMDF-000780,20220824,7,pyrologix,12,none,2022,0.0,0.0026796019956236705,-1,undetected,1,9.489961992702219e-05,0,0.0,False
GaussianBudget75M_TOPGrowing,HIGGINS_2022-CAINF-001552,20220723,12,pyrologix,8,none,2022,0.0,0.0020234940020600334,-1,undetected,1,9.489961992702219e-05,0,0.0,False
GaussianBudget75M_TOPGrowing,HIGHWAY_2022-CAANF-003240,20221002,15,pyrologix,7,none,2022,0.0,0.002175874004024081,-1,undetected,1,9.489961992702219e-05,0,0.0,False
GaussianBudget75M_TOPGrowing,HIGHWAY_2022-CALAC-201760,20220618,2,pyrologix,12,none,2022,0.0,0.002101373000186868,-1,undetected,1,9.489961992702219e-05,0,0.0,False
GaussianBudget75M_TOPGrowing,HIGHWAY_2022-CARRU-096169,20220705,3,pyrologix,2,218-98,2022,0.0,0.005847274995176122,1,drone,1,9.489961992702219e-05,1425,0.004460282136570043,True
GaussianBudget75M_TOPGrowing,HIGH_2022-CABDF-010309,20220703,3,pyrologix,12,none,2022,0.0,0.0021623920038109645,-1,undetected,1,9.489961992702219e-05,0,0.0,False
GaussianBudget75M_TOPGrowing,HILLS_2022-CABDF-015479,20221103,16,pyrologix,2,206-88,2022,0.0,0.002368839006521739,0,drone,1,9.489961992702219e-05,860,0.004175583276788976,True
GaussianBudget75M_TOPGrowing,HILL_2022-CABDF-002525,20220210,20,pyrologix,5,none,2022,0.0,0.00259507900045719,-1,undetected,1,9.489961992702219e-05,0,0.0,False
GaussianBudget75M_TOPGrowing,HILL_2022-CASQF-002127,20220820,21,pyrologix,1,161-79,2022,0.0,0.002595679005025886,0,drone,1,9.489961992702219e-05,555,0.003985784036934932,True
GaussianBudget75M_TOPGrowing,HOGBACK_2022-CASHF-001029,20220923,18,pyrologix,6,48-47,2022,0.0,0.0031756089883856475,0,drone,1,9.489961992702219e-05,2510,0.0046500813764240876,True
GaussianBudget75M_TOPGrowing,HOKE_2022-CATNF-001407,20220914,17,pyrologix,6,84-67,2022,0.0,0.003017572991666384,0,drone,1,9.489961992702219e-05,2470,0.004839880616278132,True
GaussianBudget75M_TOPGrowing,HORN_2022-CABDF-012892,20220904,18,pyrologix,8,206-87,2022,0.0,0.003836157004116103,0,drone,1,9.489961992702219e-05,3240,0.004460282136570043,True
GaussianBudget75M_TOPGrowing,HORN_2022-CABDF-016326,20221120,20,pyrologix,3,206-88,2022,0.0,0.006077245008782484,1,drone,1,9.489961992702219e-05,1705,0.004365382516643021,True
GaussianBudget75M_TOPGrowing,HORN_2022-CASQF-002535,20220930,16,pyrologix,7,165-77,2022,0.0,0.0028283160063438118,0,drone,1,9.489961992702219e-05,2805,0.0046500813764240876,True
GaussianBudget75M_TOPGrowing,HORSE_2022-CABDF-008251,20220521,20,pyrologix,9,206-88,2022,0.0,0.002872451994335279,0,drone,1,9.489961992702219e-05,3540,0.004365382516643021,True
GaussianBudget75M_TOPGrowing,HORSE__2022-CACNF-002527,20221022,16,pyrologix,10,none,2022,0.0,0.0021064920001663268,-1,undetected,1,9.489961992702219e-05,0,0.0,False
GaussianBudget75M_TOPGrowing,HOTSPRINGS_2022-CASQF-001223,20220622,11,pyrologix,4,165-77,2022,0.0,0.002797471999656409,0,drone,1,9.489961992702219e-05,1705,0.0046500813764240876,True
GaussianBudget75M_TOPGrowing,HUCKELBERRY_2022-CAENF-027891,20220929,19,pyrologix,8,none,2022,0.0,0.002275542006827891,-1,undetected,1,9.489961992702219e-05,0,0.0,False
GaussianBudget75M_TOPGrowing,HUDSON_2022-CABDF-010893,20220715,12,pyrologix,3,none,2022,0.0,0.0020385219977470115,-1,undetected,1,9.489961992702219e-05,0,0.0,False
GaussianBudget75M_TOPGrowing,HUGHES_2022-CAANF-002583,20220806,19,pyrologix,9,none,2022,0.0,0.002278904998092912,-1,undetected,1,9.489961992702219e-05,0,0.0,False
GaussianBudget75M_TOPGrowing,HWY_138____EL_CENTRO_RD_2022-CABDU-007181,20220525,16,pyrologix,6,206-88,2022,0.0,0.004586953989928588,0,drone,1,9.489961992702219e-05,2635,0.004365382516643021,True
GaussianBudget75M_TOPGrowing,HWY_38___S_HATCHERY_DR_2022-CABDU-017193,20221129,3,pyrologix,4,none,2022,0.0,0.002171928994357586,-1,undetected,1,9.489961992702219e-05,0,0.0,False
GaussianBudget75M_TOPGrowing,HWY_41____CEDAR_VALLEY_DR_2022-CAMMU-004709,20220228,20,pyrologix,11,128-67,2022,0.0,0.006830580998212099,1,drone,1,9.489961992702219e-05,4835,0.0046500813764240876,True
GaussianBudget75M_TOPGrowing,HYAMPOM_2022-CASHF-000384,20220512,21,pyrologix,8,47-21,2022,0.0,0.0061519049922935665,1,drone,1,9.489961992702219e-05,3660,0.0046500813764240876,True
GaussianBudget75M_TOPGrowing,Hawk_2022-CAPNF-000591,20220515,17,pyrologix,1,73-63,2022,0.0,0.0031688089948147535,0,drone,1,9.489961992702219e-05,595,0.004460282136570043,True
GaussianBudget75M_TOPGrowing,Hawkins_2022-CASRF-000156,20220323,21,pyrologix,2,40-22,2022,0.0,0.0067296310007805005,1,drone,1,9.489961992702219e-05,1505,0.0046500813764240876,True
GaussianBudget75M_TOPGrowing,Hayward__2022-CASHF-000438,20220528,17,pyrologix,9,42-34,2022,0.0,0.0028551029972732067,0,drone,1,9.489961992702219e-05,3525,0.0046500813764240876,True
GaussianBudget75M_TOPGrowing,Hideaway_2022-CAPNF-001728,20220901,23,pyrologix,10,65-55,2022,0.0,0.0069152089999988675,1,drone,1,9.489961992702219e-05,4595,0.004555181756497065,True
GaussianBudget75M_TOPGrowing,Highway_2022-CASRF-000597,20220731,1,pyrologix,10,26-25,2022,0.0,0.0029209459898993373,0,drone,1,9.489961992702219e-05,3900,0.0046500813764240876,True
GaussianBudget75M_TOPGrowing,Hill__2022-CAPNF-001217,20220720,19,pyrologix,3,72-57,2022,0.0,0.00552514499577228,1,drone,1,9.489961992702219e-05,1700,0.0046500813764240876,True
GaussianBudget75M_TOPGrowing,Hirz_2022-CASHF-000974,20220912,0,pyrologix,7,42-41,2022,0.0,0.00575115300307516,1,drone,1,9.489961992702219e-05,3285,0.0046500813764240876,True
GaussianBudget75M_TOPGrowing,Honey_2022-CAPNF-001729,20220901,13,pyrologix,1,63-64,2022,0.0,0.0057324980007251725,1,drone,1,9.489961992702219e-05,995,0.0046500813764240876,True
GaussianBudget75M_TOPGrowing,Howard_2022-CALPF-000943,20220515,18,pyrologix,7,none,2022,0.0,0.003550326990080066,-1,undetected,1,9.489961992702219e-05,0,0.0,False
GaussianBudget75M_TOPGrowing,Howard_2_2022-CALPF-002477,20221008,17,pyrologix,12,none,2022,0.0,0.0026276710123056546,-1,undetected,1,9.489961992702219e-05,0,0.0,False
GaussianBudget75M_TOPGrowing,Hudson_2022-CALPF-002367,20220925,22,pyrologix,7,none,2022,0.0,0.0020736029982799664,-1,undetected,1,9.489961992702219e-05,0,0.0,False
GaussianBudget75M_TOPGrowing,Hudson__2022-CAPNF-001089,20220707,17,pyrologix,11,65-55,2022,0.0,0.004369503993075341,0,drone,1,9.489961992702219e-05,4595,0.004555181756497065,True
GaussianBudget75M_TOPGrowing,IDA_2022-CASTF-001696,20220905,22,pyrologix,5,108-64,2022,0.0,0.0020747670059790835,0,drone,1,9.489961992702219e-05,1965,0.0046500813764240876,True
GaussianBudget75M_TOPGrowing,INCINERATOR_2022-CAANF-003654,20221123,10,pyrologix,4,none,2022,0.0,0.0020763149950653315,-1,undetected,1,9.489961992702219e-05,0,0.0,False
GaussianBudget75M_TOPGrowing,INDEPENDENCE_2022-CATNF-000916,20220721,22,pyrologix,6,84-67,2022,0.0,0.004031186006614007,0,drone,1,9.489961992702219e-05,2625,0.004839880616278132,True
GaussianBudget75M_TOPGrowing,INSPIRATION_2022-CABDF-011986,20220812,22,pyrologix,5,none,2022,0.0,0.0023708360095042735,-1,undetected,1,9.489961992702219e-05,0,0.0,False
GaussianBudget75M_TOPGrowing,INTAKE_2022-CABDF-004376,20220304,13,pyrologix,8,206-87,2022,0.0,0.0038189750048331916,0,drone,1,9.489961992702219e-05,3240,0.004460282136570043,True
GaussianBudget75M_TOPGrowing,ISLAND_DR__FOREST_FALLS_2022-CABDU-006622,20220514,14,pyrologix,6,none,2022,0.0,0.002206357996328734,-1,undetected,1,9.489961992702219e-05,0,0.0,False
GaussianBudget75M_TOPGrowing,Independence_2022-CALPF-001483,20220705,16,pyrologix,4,none,2022,0.0,0.0021524260082514957,-1,undetected,1,9.489961992702219e-05,0,0.0,False
GaussianBudget75M_TOPGrowing,JACK_2022-CASQF-001260,20220623,18,pyrologix,4,172-74,2022,0.0,0.002617591992020607,0,drone,1,9.489961992702219e-05,1640,0.0046500813764240876,True
GaussianBudget75M_TOPGrowing,JACOBY_2022-CABDF-010878,20220715,21,pyrologix,7,none,2022,0.0,0.0034557409962872043,-1,undetected,1,9.489961992702219e-05,0,0.0,False
GaussianBudget75M_TOPGrowing,JANESVILLE_2022-CALMU-003556,20220712,18,pyrologix,9,63-64,2022,0.0,0.004232568011502735,0,drone,1,9.489961992702219e-05,3775,0.0046500813764240876,True
GaussianBudget75M_TOPGrowing,JIM_2022-CACNF-000406,20220302,17,pyrologix,4,none,2022,0.0,0.0021120019955560565,-1,undetected,1,9.489961992702219e-05,0,0.0,False
GaussianBudget75M_TOPGrowing,JOHNSON_2022-CAANF-001432,20220522,14,pyrologix,7,none,2022,0.0,0.0021083030005684122,-1,undetected,1,9.489961992702219e-05,0,0.0,False
GaussianBudget75M_TOPGrowing,JUAN_DIEGO_FLATS_RD___TRIPP_FLATS_RD_2022-CARRU-129826,20220906,22,pyrologix,7,225-101,2022,0.0,0.0025560389913152903,0,drone,1,9.489961992702219e-05,2855,0.0046500813764240876,True
GaussianBudget75M_TOPGrowing,JUNCTION_2022-CABDF-011531,20220730,21,pyrologix,2,none,2022,0.0,0.0026784479996422306,-1,undetected,1,9.489961992702219e-05,0,0.0,False
GaussianBudget75M_TOPGrowing,JUNCTION_2022-CAINF-000983,20220601,21,pyrologix,5,none,2022,0.0,0.002277955994941294,-1,undetected,1,9.489961992702219e-05,0,0.0,False
GaussianBudget75M_TOPGrowing,JUNE_ABC_MISC_2022-CASNF-000601,20220622,17,pyrologix,9,140-65,2022,606.4077770279982,0.0031803259917069227,0,drone,1,9.489961992702219e-05,3520,0.0046500813764240876,True
GaussianBudget75M_TOPGrowing,JUNIPER_2022-CABDF-013538,20220925,17,pyrologix,1,none,2022,0.0,0.002162271994166076,-1,undetected,1,9.489961992702219e-05,0,0.0,False
GaussianBudget75M_TOPGrowing,Jay_2022-CACNF-000248,20220207,15,pyrologix,2,none,2022,0.0,0.0021219059999566525,-1,undetected,1,9.489961992702219e-05,0,0.0,False
GaussianBudget75M_TOPGrowing,Jiggs_2022-CASRF-000658,20220813,23,pyrologix,7,47-21,2022,0.0,0.006218798996997066,1,drone,1,9.489961992702219e-05,3270,0.0046500813764240876,True
GaussianBudget75M_TOPGrowing,KAGEL_2022-CAANF-003199,20220928,19,pyrologix,3,none,2022,0.0,0.002093559000059031,-1,undetected,1,9.489961992702219e-05,0,0.0,False
GaussianBudget75M_TOPGrowing,KATE__2022-CAANF-002802,20220825,20,pyrologix,11,206-87,2022,0.0,0.006947437999770045,1,drone,1,9.489961992702219e-05,4770,0.004555181756497065,True
GaussianBudget75M_TOPGrowing,KAWEAH_2022-CASQF-002717,20221026,18,pyrologix,7,none,2022,0.0,0.0026474549958948046,-1,undetected,1,9.489961992702219e-05,0,0.0,False
GaussianBudget75M_TOPGrowing,KELSEY_2022-CAKNF-006273,20220731,22,pyrologix,12,24-35,2022,0.0,0.003947738994611427,0,drone,1,9.489961992702219e-05,4795,0.0046500813764240876,True
GaussianBudget75M_TOPGrowing,KEMPER_2022-CAKNF-007075,20220819,20,pyrologix,9,16-26,2022,0.0,0.0032383159996243194,0,drone,1,9.489961992702219e-05,3530,0.004555181756497065,True
GaussianBudget75M_TOPGrowing,KENTUCKY_2022-CAENF-021272,20220803,0,pyrologix,2,93-54,2022,0.0,0.002197954003349878,0,drone,1,9.489961992702219e-05,920,0.0037010851771538656,True
GaussianBudget75M_TOPGrowing,KITCHEN__018_2022-CACNF-001552,20220704,21,pyrologix,7,none,2022,0.0,0.002337209996767342,-1,undetected,1,9.489961992702219e-05,0,0.0,False
GaussianBudget75M_TOPGrowing,KNOB_2022-CABDF-009772,20220623,4,pyrologix,4,206-88,2022,0.0,0.004178267001407221,0,drone,1,9.489961992702219e-05,1910,0.004365382516643021,True
GaussianBudget75M_TOPGrowing,KYBURZ_2022-CAENF-017348,20220701,12,pyrologix,11,97-60,2022,0.0,0.003667905999463983,0,drone,1,9.489961992702219e-05,4485,0.0046500813764240876,True
GaussianBudget75M_TOPGrowing,Keddie_2022-CAPNF-001370,20220730,23,pyrologix,1,65-55,2022,0.0,0.0028007970104226843,0,drone,1,9.489961992702219e-05,600,0.004270482896715999,True
GaussianBudget75M_TOPGrowing,L-1_WARNER_2022-CALNF-004077,20220802,16,pyrologix,10,58-54,2022,0.0,0.0031328430050052702,0,drone,1,9.489961992702219e-05,3955,0.004555181756497065,True
GaussianBudget75M_TOPGrowing,LAC-006523_2022-CALAC-006523,20220106,2,pyrologix,6,none,2022,0.0,0.0021806799923069775,-1,undetected,1,9.489961992702219e-05,0,0.0,False
GaussianBudget75M_TOPGrowing,LAC-046964_2022-CALAC-046964,20220207,20,pyrologix,11,none,2022,0.0,0.0021123810001881793,-1,undetected,1,9.489961992702219e-05,0,0.0,False
GaussianBudget75M_TOPGrowing,LAC-061064_2022-CALAC-061064,20220218,17,pyrologix,6,none,2022,0.0,0.002121843004715629,-1,undetected,1,9.489961992702219e-05,0,0.0,False
GaussianBudget75M_TOPGrowing,LAC-090300_2022-CALAC-090300,20220316,2,pyrologix,7,none,2022,0.0,0.002329030990949832,-1,undetected,1,9.489961992702219e-05,0,0.0,False
GaussianBudget75M_TOPGrowing,LAC-160812_2022-CALAC-160812,20220515,23,pyrologix,9,none,2022,0.0,0.0026001280057244003,-1,undetected,1,9.489961992702219e-05,0,0.0,False
GaussianBudget75M_TOPGrowing,LAC-179624_2022-CALAC-179624,20220531,20,pyrologix,12,206-88,2022,0.0,0.0036636209988500923,0,drone,1,9.489961992702219e-05,4725,0.004460282136570043,True
GaussianBudget75M_TOPGrowing,LAC-246041_2022-CALAC-246041,20220723,10,pyrologix,11,none,2022,0.0,0.002122246994986199,-1,undetected,1,9.489961992702219e-05,0,0.0,False
GaussianBudget75M_TOPGrowing,LAC-382748_2022-CALAC-382748,20221110,12,pyrologix,11,none,2022,0.0,0.002162878998205997,-1,undetected,1,9.489961992702219e-05,0,0.0,False
GaussianBudget75M_TOPGrowing,LAC-403372_2022-CALAC-403372,20221127,23,pyrologix,2,none,2022,0.0,0.002130447988747619,-1,undetected,1,9.489961992702219e-05,0,0.0,False
GaussianBudget75M_TOPGrowing,LAGO_2022-CAANF-003186,20220926,12,pyrologix,11,none,2022,0.0,0.002410342000075616,-1,undetected,1,9.489961992702219e-05,0,0.0,False
GaussianBudget75M_TOPGrowing,LAKEHEAD_2022-CASHF-000793,20220807,22,pyrologix,2,42-41,2022,0.0,0.006169539992697537,1,drone,1,9.489961992702219e-05,1470,0.004555181756497065,True
GaussianBudget75M_TOPGrowing,LAKE_2022-CASHF-000461,20220601,15,pyrologix,10,35-43,2022,0.0,0.004582858004141599,0,drone,1,9.489961992702219e-05,4190,0.004839880616278132,True
GaussianBudget75M_TOPGrowing,LAKE_2022-CATNF-001256,20220830,18,pyrologix,12,84-67,2022,0.0,0.005234386000665836,0,drone,1,9.489961992702219e-05,5015,0.004934780236205154,True
GaussianBudget75M_TOPGrowing,LANE_2022-CABDF-013734,20221001,18,pyrologix,6,none,2022,0.0,0.00264309199701529,-1,undetected,1,9.489961992702219e-05,0,0.0,False
GaussianBudget75M_TOPGrowing,LAVA_2022-CALNF-005466,20221006,20,pyrologix,5,44-54,2022,0.0,0.0033297000045422465,0,drone,1,9.489961992702219e-05,2200,0.0046500813764240876,True
GaussianBudget75M_TOPGrowing,LAVA__2022-CAMDF-000214,20220607,16,pyrologix,12,38-63,2022,0.0,0.007017538999207318,1,drone,1,9.489961992702219e-05,5315,0.0046500813764240876,True
GaussianBudget75M_TOPGrowing,LEAF_2022-CATMU-020809,20220730,20,pyrologix,9,none,2022,0.0,0.002123237994965166,-1,undetected,1,9.489961992702219e-05,0,0.0,False
GaussianBudget75M_TOPGrowing,LEAF_2022-CATMU-028133,20221001,21,pyrologix,1,none,2022,0.0,0.0021035069948993623,-1,undetected,1,9.489961992702219e-05,0,0.0,False
GaussianBudget75M_TOPGrowing,LEONI_2022-CAENF-013935,20220530,19,pyrologix,2,97-60,2022,0.0,0.005760609012213536,1,drone,1,9.489961992702219e-05,1380,0.0046500813764240876,True
GaussianBudget75M_TOPGrowing,LEWIS_2022-CASNF-000452,20220528,20,pyrologix,4,128-67,2022,0.0,0.006058263999875635,1,drone,1,9.489961992702219e-05,2160,0.0046500813764240876,True
GaussianBudget75M_TOPGrowing,LICK_2022-CASHF-001145,20221021,11,pyrologix,12,47-27,2022,0.0,0.004878260995610617,0,drone,1,9.489961992702219e-05,4955,0.0046500813764240876,True
GaussianBudget75M_TOPGrowing,LIGHTNING_2022-CACNF-001398,20220623,21,pyrologix,10,none,2022,0.0,0.0021093799878144637,-1,undetected,1,9.489961992702219e-05,0,0.0,False
GaussianBudget75M_TOPGrowing,LILLY_2022-CAKNF-006430,20220803,22,pyrologix,6,35-36,2022,0.0,0.0030324899998959154,0,drone,1,9.489961992702219e-05,2515,0.0046500813764240876,True
GaussianBudget75M_TOPGrowing,LINE_2022-CAINF-001655,20220802,22,pyrologix,8,none,2022,0.0,0.002378132994635962,-1,undetected,1,9.489961992702219e-05,0,0.0,False
GaussianBudget75M_TOPGrowing,LION_2022-CAENF-007455,20220320,17,pyrologix,10,93-54,2022,0.0,0.005055205998360179,0,drone,1,9.489961992702219e-05,4330,0.0046500813764240876,True
GaussianBudget75M_TOPGrowing,LISA_2022-CALAC-213820,20220627,22,pyrologix,2,none,2022,0.0,0.002688578999368474,-1,undetected,1,9.489961992702219e-05,0,0.0,False
GaussianBudget75M_TOPGrowing,LITTLE_2022-CAKNF-001539,20220226,15,pyrologix,10,21-28,2022,0.0,0.003093400999205187,0,drone,1,9.489961992702219e-05,3865,0.0046500813764240876,True
GaussianBudget75M_TOPGrowing,LITTLE_2022-CASHF-000763,20220804,22,pyrologix,6,35-43,2022,0.0,0.002649578993441537,0,drone,1,9.489961992702219e-05,2445,0.004839880616278132,True
GaussianBudget75M_TOPGrowing,LOBO_2022-CABDF-014357,20221016,11,pyrologix,7,none,2022,0.0,0.0021066560002509505,-1,undetected,1,9.489961992702219e-05,0,0.0,False
GaussianBudget75M_TOPGrowing,LOFT_2022-CASNF-001642,20221125,19,pyrologix,4,128-67,2022,0.0,0.00528183500864543,1,drone,1,9.489961992702219e-05,2060,0.0046500813764240876,True
GaussianBudget75M_TOPGrowing,LOG_2022-CAANF-003645,20221122,1,pyrologix,8,206-87,2022,0.0,0.006742273006238975,1,drone,1,9.489961992702219e-05,3625,0.004460282136570043,True
GaussianBudget75M_TOPGrowing,LOG_2022-CATMU-030995,20221029,11,pyrologix,8,none,2022,0.0,0.002093137998599559,-1,undetected,1,9.489961992702219e-05,0,0.0,False
GaussianBudget75M_TOPGrowing,LONE_2022-CABDF-013461,20220923,22,pyrologix,1,206-88,2022,0.0,0.0033173929987242445,0,drone,1,9.489961992702219e-05,650,0.004175583276788976,True
GaussianBudget75M_TOPGrowing,LONE_2022-CAMDF-000514,20220731,22,pyrologix,4,none,2022,0.0,0.002076238000881858,-1,undetected,1,9.489961992702219e-05,0,0.0,False
GaussianBudget75M_TOPGrowing,LONGEST_2022-CABTU-015806,20220901,20,pyrologix,4,72-44,2022,578.8835522019945,0.004378950005047955,0,drone,1,9.489961992702219e-05,1780,0.004270482896715999,True
GaussianBudget75M_TOPGrowing,LONG_2022-CABDF-009757,20220622,17,pyrologix,11,none,2022,0.0,0.0025816109991865233,-1,undetected,1,9.489961992702219e-05,0,0.0,False
GaussianBudget75M_TOPGrowing,LONG_2022-CACNF-001399,20220623,2,pyrologix,3,none,2022,0.0,0.0021825519943377003,-1,undetected,1,9.489961992702219e-05,0,0.0,False
GaussianBudget75M_TOPGrowing,LONG_2022-CAENF-018477,20220710,17,pyrologix,10,90-60,2022,0.0,0.003279519994975999,0,drone,1,9.489961992702219e-05,3945,0.0046500813764240876,True
GaussianBudget75M_TOPGrowing,LONG_2022-CAINF-002266,20221021,19,pyrologix,10,none,2022,0.0,0.0021316299971658736,-1,undetected,1,9.489961992702219e-05,0,0.0,False
GaussianBudget75M_TOPGrowing,LONG_2022-CAMDF-000652,20220809,9,pyrologix,7,none,2022,0.0,0.0021237580076558515,-1,undetected,1,9.489961992702219e-05,0,0.0,False
GaussianBudget75M_TOPGrowing,LOOKOUT_2022-CAKNF-007055,20220818,9,pyrologix,12,21-28,2022,0.0,0.004205580000416376,0,drone,1,9.489961992702219e-05,4790,0.0046500813764240876,True
GaussianBudget75M_TOPGrowing,LOOP_2022-CAINF-001592,20220727,19,pyrologix,11,none,2022,0.0,0.002680486999452114,-1,undetected,1,9.489961992702219e-05,0,0.0,False
GaussianBudget75M_TOPGrowing,LOOP_2022-CALNF-003465,20220708,18,pyrologix,4,51-53,2022,0.0,0.0022224279964575544,0,drone,1,9.489961992702219e-05,1620,0.0046500813764240876,True
GaussianBudget75M_TOPGrowing,LOPEZ_2022-CALPF-001155,20220606,19,pyrologix,7,none,2022,0.0,0.0022299040138022974,-1,undetected,1,9.489961992702219e-05,0,0.0,False
GaussianBudget75M_TOPGrowing,LOST_2022-CATNF-000633,20220617,17,pyrologix,10,90-60,2022,0.0,0.004666895008995198,0,drone,1,9.489961992702219e-05,4095,0.0046500813764240876,True
GaussianBudget75M_TOPGrowing,LOS_PINOS_2022-CAORC-149035,20221106,19,pyrologix,1,none,2022,0.0,0.0020952390041202307,-1,undetected,1,9.489961992702219e-05,0,0.0,False
GaussianBudget75M_TOPGrowing,LOT_2022-CACNF-001168,20220604,3,pyrologix,6,none,2022,0.0,0.002131614994141273,-1,undetected,1,9.489961992702219e-05,0,0.0,False
GaussianBudget75M_TOPGrowing,LOVER_2022-CAKNF-006225,20220730,16,pyrologix,2,21-28,2022,0.0,0.005544765008380637,1,drone,1,9.489961992702219e-05,1395,0.0046500813764240876,True
GaussianBudget75M_TOPGrowing,LOWER_2022-CASHF-000205,20220322,13,pyrologix,7,42-41,2022,0.0,0.0039180010062409565,0,drone,1,9.489961992702219e-05,3060,0.0046500813764240876,True
GaussianBudget75M_TOPGrowing,LUPINE_2022-CAPNF-004737,20220901,10,pyrologix,1,63-64,2022,0.0,0.005743112997151911,1,drone,1,9.489961992702219e-05,995,0.0046500813764240876,True
GaussianBudget75M_TOPGrowing,LYON_2022-CATGU-011292,20220922,13,pyrologix,9,62-48,2022,0.0,0.007018873002380133,1,drone,1,9.489961992702219e-05,4080,0.0046500813764240876,True
GaussianBudget75M_TOPGrowing,Lamb_Gap_2022-CASRF-000223,20220414,9,pyrologix,11,47-21,2022,0.0,0.0068353389942785725,1,drone,1,9.489961992702219e-05,4835,0.0046500813764240876,True
GaussianBudget75M_TOPGrowing,Lamoine_2022-CASHF-000626,20220711,12,pyrologix,11,42-41,2022,0.0,0.004124433995457366,0,drone,1,9.489961992702219e-05,4525,0.0046500813764240876,True
GaussianBudget75M_TOPGrowing,Lane_2022-CAPNF-002293,20221029,18,pyrologix,5,72-57,2022,0.0,0.0030279190104920417,0,drone,1,9.489961992702219e-05,2085,0.0046500813764240876,True
GaussianBudget75M_TOPGrowing,Laporte_2022-CAPNF-001155,20220715,11,pyrologix,4,76-51,2022,0.0,0.0024259720084955916,0,drone,1,9.489961992702219e-05,1635,0.0046500813764240876,True
GaussianBudget75M_TOPGrowing,Little_2022-CAPNF-001818,20220907,16,pyrologix,8,80-58,2022,0.0,0.00643862500146497,1,drone,1,9.489961992702219e-05,3610,0.0046500813764240876,True
GaussianBudget75M_TOPGrowing,MADERA_2022-CASNF-001023,20220811,15,pyrologix,4,129-73,2022,0.0,0.005841188991325907,0,drone,1,9.489961992702219e-05,1840,0.0046500813764240876,True
GaussianBudget75M_TOPGrowing,MANOR_2022-CABDF-013776,20221002,15,pyrologix,8,206-88,2022,0.0,0.0033344329858664423,0,drone,1,9.489961992702219e-05,3225,0.004365382516643021,True
GaussianBudget75M_TOPGrowing,MANZANITA_2022-CABDF-013457,20220923,18,pyrologix,9,none,2022,0.0,0.0020709779928438365,-1,undetected,1,9.489961992702219e-05,0,0.0,False
GaussianBudget75M_TOPGrowing,MAPLE_1_2022-CACNF-001291,20220614,11,pyrologix,11,none,2022,0.0,0.002082656996208243,-1,undetected,1,9.489961992702219e-05,0,0.0,False
GaussianBudget75M_TOPGrowing,MAPLE_2022-CAORC-076966,20220614,16,pyrologix,1,none,2022,0.0,0.002076068994938396,-1,undetected,1,9.489961992702219e-05,0,0.0,False
GaussianBudget75M_TOPGrowing,MAPLE_2_2022-CACNF-001295,20220614,11,pyrologix,11,none,2022,0.0,0.0020885730045847595,-1,undetected,1,9.489961992702219e-05,0,0.0,False
GaussianBudget75M_TOPGrowing,MAPLE_3_2022-CACNF-001296,20220614,14,pyrologix,5,none,2022,0.0,0.0020815190073335543,-1,undetected,1,9.489961992702219e-05,0,0.0,False
GaussianBudget75M_TOPGrowing,MARICOPA_2022-CALPF-001282,20220618,9,pyrologix,7,none,2022,0.0,0.002115241004503332,-1,undetected,1,9.489961992702219e-05,0,0.0,False
GaussianBudget75M_TOPGrowing,MARION_2022-CABDF-007214,20220424,11,pyrologix,5,none,2022,0.0,0.0020612450025510043,-1,undetected,1,9.489961992702219e-05,0,0.0,False
GaussianBudget75M_TOPGrowing,MARIPOSA_2022-CABDF-005080,20220317,21,pyrologix,7,206-88,2022,0.0,0.00337198399938643,0,drone,1,9.489961992702219e-05,2880,0.004365382516643021,True
GaussianBudget75M_TOPGrowing,MARSHALL_2022-CASTF-001862,20220923,23,pyrologix,2,108-64,2022,0.0,0.008397306999540888,2,drone,1,9.489961992702219e-05,1740,0.0046500813764240876,True
GaussianBudget75M_TOPGrowing,MASON_2022-CATNF-000101,20220210,19,pyrologix,4,84-67,2022,0.0,0.00717609999992419,1,drone,1,9.489961992702219e-05,2315,0.004839880616278132,True
GaussianBudget75M_TOPGrowing,MATTRESS_2022-CAANF-002237,20220716,2,pyrologix,2,none,2022,0.0,0.002054405995295383,-1,undetected,1,9.489961992702219e-05,0,0.0,False
GaussianBudget75M_TOPGrowing,MAXWELL_2022-CASHU-009929,20220907,8,pyrologix,11,47-27,2022,0.0,0.00466868000512477,0,drone,1,9.489961992702219e-05,4580,0.0046500813764240876,True
GaussianBudget75M_TOPGrowing,MCGEE_2022-CAINF-001072,20220612,12,pyrologix,11,none,2022,0.0,0.0020869619911536574,-1,undetected,1,9.489961992702219e-05,0,0.0,False
GaussianBudget75M_TOPGrowing,MCGINTY_2022-CAMDF-000569,20220804,15,pyrologix,9,none,2022,0.0,0.002345622007851489,-1,undetected,1,9.489961992702219e-05,0,0.0,False
GaussianBudget75M_TOPGrowing,MCKINLEY_2022-CASNF-001368,20220915,13,pyrologix,11,140-71,2022,0.0,0.003688794997287914,0,drone,1,9.489961992702219e-05,4360,0.0046500813764240876,True
GaussianBudget75M_TOPGrowing,MCKINNEY_2022-CAKNF-006177,20220729,18,pyrologix,6,18-37,2022,0.0,0.003031205997103825,0,drone,1,9.489961992702219e-05,2390,0.0040806836568619545,True
GaussianBudget75M_TOPGrowing,MCNEAL_2022-CAKNF-006262,20220731,22,pyrologix,7,33-29,2022,0.0,0.0035134939971612766,0,drone,1,9.489961992702219e-05,2885,0.0046500813764240876,True
GaussianBudget75M_TOPGrowing,MEADOW_2022-CAENF-021439,20220804,14,pyrologix,11,105-63,2022,0.0,0.0040282080008182675,0,drone,1,9.489961992702219e-05,4365,0.0046500813764240876,True
GaussianBudget75M_TOPGrowing,MEADOW_2022-CAINF-001681,20220804,21,pyrologix,8,none,2022,0.0,0.0021610459953080863,-1,undetected,1,9.489961992702219e-05,0,0.0,False
GaussianBudget75M_TOPGrowing,MEADOW_2022-CASQF-000245,20220219,17,pyrologix,7,none,2022,0.0,0.0021151779947103932,-1,undetected,1,9.489961992702219e-05,0,0.0,False
GaussianBudget75M_TOPGrowing,MEADOW_2022-CATNF-001095,20220809,18,pyrologix,12,80-58,2022,0.0,0.003555549992597662,0,drone,1,9.489961992702219e-05,4705,0.0046500813764240876,True
GaussianBudget75M_TOPGrowing,MERRIL_2022-CATNF-001579,20221019,12,pyrologix,11,84-67,2022,0.0,0.0037536170129897073,0,drone,1,9.489961992702219e-05,4465,0.004839880616278132,True
GaussianBudget75M_TOPGrowing,MEYERS_2022-CABDF-011208,20220722,0,pyrologix,7,none,2022,0.0,0.00214144799974747,-1,undetected,1,9.489961992702219e-05,0,0.0,False
GaussianBudget75M_TOPGrowing,MEYER_2022-CABDF-012989,20220907,20,pyrologix,12,none,2022,0.0,0.002174416003981605,-1,undetected,1,9.489961992702219e-05,0,0.0,False
GaussianBudget75M_TOPGrowing,MIDPINES_2022-CAMMU-014808,20220707,18,pyrologix,6,125-65,2022,0.0,0.003366036995430477,0,drone,1,9.489961992702219e-05,2490,0.004839880616278132,True
GaussianBudget75M_TOPGrowing,MIDPINES_2022-CAMMU-015084,20220710,15,pyrologix,12,125-65,2022,0.0,0.006744112994056195,1,drone,1,9.489961992702219e-05,5175,0.004839880616278132,True
GaussianBudget75M_TOPGrowing,MILITARY_2022-CAKNF-010677,20221125,15,pyrologix,9,28-45,2022,0.0,0.007127892997232266,1,drone,1,9.489961992702219e-05,4090,0.0046500813764240876,True
GaussianBudget75M_TOPGrowing,MILLARD_2022-CAANF-001239,20220504,23,pyrologix,10,none,2022,0.0,0.0021817359956912696,-1,undetected,1,9.489961992702219e-05,0,0.0,False
GaussianBudget75M_TOPGrowing,MILLER_2022-CABDF-007690,20220507,5,pyrologix,8,206-87,2022,0.0,0.0037475810095202178,0,drone,1,9.489961992702219e-05,3240,0.004460282136570043,True
GaussianBudget75M_TOPGrowing,MILL_2022-CAKNF-001285,20220218,1,pyrologix,1,24-35,2022,0.0,0.0019083420047536492,0,drone,1,9.489961992702219e-05,510,0.0036061855572268433,True
GaussianBudget75M_TOPGrowing,MILL_2022-CASQF-001258,20220623,18,pyrologix,3,172-74,2022,0.0,0.001963956994586624,0,drone,1,9.489961992702219e-05,1185,0.0046500813764240876,True
GaussianBudget75M_TOPGrowing,MILL_2022-CASTF-001171,20220715,19,pyrologix,4,108-64,2022,0.0,0.0026406950055388734,0,drone,1,9.489961992702219e-05,1635,0.0046500813764240876,True
GaussianBudget75M_TOPGrowing,MILL__2022-CATGU-008572,20220719,1,pyrologix,2,55-47,2022,0.0,0.0026854290044866502,0,drone,1,9.489961992702219e-05,985,0.0046500813764240876,True
GaussianBudget75M_TOPGrowing,MINERAL_2022-CATGU-011262,20220921,19,pyrologix,9,55-47,2022,0.0,0.003813307994278148,0,drone,1,9.489961992702219e-05,3770,0.0046500813764240876,True
GaussianBudget75M_TOPGrowing,MM_10_2022-CASRF-000513,20220712,17,pyrologix,4,none,2022,0.0,0.002128940002876334,-1,undetected,1,9.489961992702219e-05,0,0.0,False
GaussianBudget75M_TOPGrowing,MONACHE_2022-CAINF-001667,20220802,17,pyrologix,9,164-82,2022,0.0,0.006443164005759172,1,drone,1,9.489961992702219e-05,4055,0.0046500813764240876,True
GaussianBudget75M_TOPGrowing,MONO_2022-CAINF-001496,20220717,14,pyrologix,10,none,2022,0.0,0.0021089700021548197,-1,undetected,1,9.489961992702219e-05,0,0.0,False
GaussianBudget75M_TOPGrowing,MONTE_2022-CAANF-003443,20221026,14,pyrologix,5,none,2022,0.0,0.0034547660034149885,-1,undetected,1,9.489961992702219e-05,0,0.0,False
GaussianBudget75M_TOPGrowing,MONTREAL_2022-CAAEU-029415,20221014,5,pyrologix,2,none,2022,0.0,0.0034739440015982836,-1,undetected,1,9.489961992702219e-05,0,0.0,False
GaussianBudget75M_TOPGrowing,MOON_2022-CASNF-000691,20220703,20,pyrologix,10,128-67,2022,0.0,0.003641456991317682,0,drone,1,9.489961992702219e-05,4030,0.0046500813764240876,True
GaussianBudget75M_TOPGrowing,MOORES_2022-CANEU-029518,20221028,9,pyrologix,11,79-56,2022,0.0,0.004832106991671026,0,drone,1,9.489961992702219e-05,4485,0.0046500813764240876,True
GaussianBudget75M_TOPGrowing,MOORES_2022-CATNF-001612,20221028,14,pyrologix,1,80-58,2022,0.0,0.002024255009018816,0,drone,1,9.489961992702219e-05,495,0.0036061855572268433,True
GaussianBudget75M_TOPGrowing,MORRIS_2022-CAANF-002629,20220812,1,pyrologix,3,none,2022,0.0,0.0020729800016852096,-1,undetected,1,9.489961992702219e-05,0,0.0,False
GaussianBudget75M_TOPGrowing,MORRIS_2022-CALAC-270672,20220812,2,pyrologix,1,none,2022,0.0,0.0020459910010686144,-1,undetected,1,9.489961992702219e-05,0,0.0,False
GaussianBudget75M_TOPGrowing,MOSQUITO_2022-CASTF-001234,20220721,15,pyrologix,6,108-64,2022,0.0,0.0036639889876823872,0,drone,1,9.489961992702219e-05,2525,0.0046500813764240876,True
GaussianBudget75M_TOPGrowing,MOSQUITO_2022-CATNF-001371,20220907,20,pyrologix,10,93-54,2022,0.0,0.006340712003293447,1,drone,1,9.489961992702219e-05,4440,0.0046500813764240876,True
GaussianBudget75M_TOPGrowing,MOUNTAIN_2022-CASHF-000775,20220805,1,pyrologix,12,42-41,2022,0.0,0.007173418998718262,1,drone,1,9.489961992702219e-05,5345,0.0046500813764240876,True
GaussianBudget75M_TOPGrowing,MULCH_2022-CALNF-003356,20220702,20,pyrologix,1,none,2022,0.0,0.0020734830031869933,-1,undetected,1,9.489961992702219e-05,0,0.0,False
GaussianBudget75M_TOPGrowing,MULE_2022-CASQF-002110,20220819,16,pyrologix,10,165-77,2022,0.0,0.005065783989266492,0,drone,1,9.489961992702219e-05,4250,0.0046500813764240876,True
GaussianBudget75M_TOPGrowing,MUNSON_2022-CAENF-028534,20221006,0,pyrologix,1,105-63,2022,0.0,0.002531178994104266,0,drone,1,9.489961992702219e-05,575,0.0040806836568619545,True
GaussianBudget75M_TOPGrowing,MUNZ_2022-CAANF-003073,20220913,16,pyrologix,11,none,2022,0.0,0.0020177389960736036,-1,undetected,1,9.489961992702219e-05,0,0.0,False
GaussianBudget75M_TOPGrowing,MUNZ_2022-CALAC-313159,20220913,16,pyrologix,11,none,2022,0.0,0.0033930190111277625,-1,undetected,1,9.489961992702219e-05,0,0.0,False
GaussianBudget75M_TOPGrowing,MURPHY_2022-CASQF-002470,20220921,15,pyrologix,11,174-77,2022,0.0,0.009620887998607941,2,drone,1,9.489961992702219e-05,5200,0.0046500813764240876,True
GaussianBudget75M_TOPGrowing,MUTUAL_AID_TERRAZA_2022-CACNF-000725,20220419,20,pyrologix,5,228-94,2022,0.0,0.0031272009946405888,0,drone,1,9.489961992702219e-05,2155,0.004555181756497065,True
GaussianBudget75M_TOPGrowing,Marian_2022-CALPF-001794,20220803,13,pyrologix,8,none,2022,0.0,0.0033750779984984547,-1,undetected,1,9.489961992702219e-05,0,0.0,False
GaussianBudget75M_TOPGrowing,Medicine_2022-CASRF-000602,20220801,16,pyrologix,12,26-25,2022,0.0,0.004029080999316648,0,drone,1,9.489961992702219e-05,4770,0.0046500813764240876,True
GaussianBudget75M_TOPGrowing,Mutual_Aid_SERE_2022-CACNF-000268,20220210,11,pyrologix,9,230-98,2022,0.0,0.003346230005263351,0,drone,1,9.489961992702219e-05,3505,0.0046500813764240876,True
GaussianBudget75M_TOPGrowing,NAVAJO_2022-CALPF-000869,20220508,16,pyrologix,10,none,2022,0.0,0.00278176499705296,-1,undetected,1,9.489961992702219e-05,0,0.0,False
GaussianBudget75M_TOPGrowing,NELSON_2022-CASHF-000649,20220715,16,pyrologix,10,41-47,2022,0.0,0.004758132999995723,0,drone,1,9.489961992702219e-05,4235,0.0046500813764240876,True
GaussianBudget75M_TOPGrowing,NEY_2022-CASHF-000718,20220728,0,pyrologix,1,35-43,2022,0.0,0.0022975960018811747,0,drone,1,9.489961992702219e-05,535,0.0037010851771538656,True
GaussianBudget75M_TOPGrowing,NOBLETT_2022-CAANF-001730,20220614,23,pyrologix,7,none,2022,0.0,0.0020859809883404523,-1,undetected,1,9.489961992702219e-05,0,0.0,False
GaussianBudget75M_TOPGrowing,NOBLE_2022-CACNF-001459,20220626,20,pyrologix,7,none,2022,0.0,0.0020537389937089756,-1,undetected,1,9.489961992702219e-05,0,0.0,False
GaussianBudget75M_TOPGrowing,NOB_HILL_2022-CABDF-012884,20220904,20,pyrologix,2,none,2022,0.0,0.0020912780018988997,-1,undetected,1,9.489961992702219e-05,0,0.0,False
GaussianBudget75M_TOPGrowing,NON-REPORTABLE_2022-CAANF-001293,20220509,12,pyrologix,12,none,2022,0.0,0.002708734988118522,-1,undetected,1,9.489961992702219e-05,0,0.0,False
GaussianBudget75M_TOPGrowing,NON-REPORTABLE_2022-CAANF-003057,20220912,13,pyrologix,9,206-87,2022,0.0,0.0037155919999349862,0,drone,1,9.489961992702219e-05,3625,0.004460282136570043,True
GaussianBudget75M_TOPGrowing,NON-_REPORTABLE_2022-CAANF-002824,20220826,19,pyrologix,8,none,2022,0.0,0.0019804660114459693,-1,undetected,1,9.489961992702219e-05,0,0.0,False
GaussianBudget75M_TOPGrowing,NON_REPORTABLE_2022-CAANF-003158,20220923,23,pyrologix,7,none,2022,0.0,0.0036325980036053807,-1,undetected,1,9.489961992702219e-05,0,0.0,False
GaussianBudget75M_TOPGrowing,NORTHMAIN_2022-CACNF-000917,20220514,11,pyrologix,11,none,2022,0.0,0.003599240997573361,-1,undetected,1,9.489961992702219e-05,0,0.0,False
GaussianBudget75M_TOPGrowing,NORTH_2022-CAENF-025545,20220906,19,pyrologix,4,98-62,2022,0.0,0.00580916999024339,1,drone,1,9.489961992702219e-05,2165,0.0046500813764240876,True
GaussianBudget75M_TOPGrowing,NORTH_2022-CATMU-024952,20220902,9,pyrologix,6,none,2022,0.0,0.0021355460048653185,-1,undetected,1,9.489961992702219e-05,0,0.0,False
GaussianBudget75M_TOPGrowing,NORTH__2022-CAANF-003486,20221101,2,pyrologix,1,none,2022,0.0,0.002835067003616132,-1,undetected,1,9.489961992702219e-05,0,0.0,False
GaussianBudget75M_TOPGrowing,NUTMEG_2022-CASNF-001211,20220902,16,pyrologix,11,140-71,2022,0.0,0.0032824679947225377,0,drone,1,9.489961992702219e-05,4305,0.0046500813764240876,True
GaussianBudget75M_TOPGrowing,Nelson_2022-CACNF-000234,20220206,19,pyrologix,3,none,2022,0.0,0.0019812429964076728,-1,undetected,1,9.489961992702219e-05,0,0.0,False
GaussianBudget75M_TOPGrowing,Nervino_2022-CAPNF-001140,20220713,14,pyrologix,10,73-63,2022,0.0,0.0065321540023433045,1,drone,1,9.489961992702219e-05,4470,0.0046500813764240876,True
GaussianBudget75M_TOPGrowing,OAKWILDE_2022-CAANF-003225,20221001,14,pyrologix,5,none,2022,0.0,0.002062647996353917,-1,undetected,1,9.489961992702219e-05,0,0.0,False
GaussianBudget75M_TOPGrowing,OAKWILDE_2022-CALAC-334495,20221001,14,pyrologix,5,none,2022,0.0,0.0020427740091690794,-1,undetected,1,9.489961992702219e-05,0,0.0,False
GaussianBudget75M_TOPGrowing,OAK_2022-CAANF-000662,20220313,19,pyrologix,4,none,2022,0.0,0.003526290995068848,-1,undetected,1,9.489961992702219e-05,0,0.0,False
GaussianBudget75M_TOPGrowing,OAK_2022-CABDF-000336,20220102,20,pyrologix,1,206-88,2022,0.0,0.0028563590021803975,0,drone,1,9.489961992702219e-05,650,0.004175583276788976,True
GaussianBudget75M_TOPGrowing,OBRIEN_2022-CASHF-000204,20220322,9,pyrologix,11,42-41,2022,0.0,0.0046320199908223,0,drone,1,9.489961992702219e-05,4625,0.0046500813764240876,True
GaussianBudget75M_TOPGrowing,OBrien_2022-CASHF-000431,20220526,18,pyrologix,5,42-41,2022,0.0,0.003547764994436875,0,drone,1,9.489961992702219e-05,2205,0.0046500813764240876,True
GaussianBudget75M_TOPGrowing,OH_2022-CAINF-001497,20220717,19,pyrologix,4,none,2022,0.0,0.003553561997250654,-1,undetected,1,9.489961992702219e-05,0,0.0,False
GaussianBudget75M_TOPGrowing,OLIVER_2022-CABDF-013445,20220923,12,pyrologix,2,206-88,2022,0.0,0.003223780993721448,0,drone,1,9.489961992702219e-05,965,0.004270482896715999,True
GaussianBudget75M_TOPGrowing,OMEGA_2022-CATNF-001334,20220904,16,pyrologix,11,86-54,2022,0.0,0.00462734600296244,0,drone,1,9.489961992702219e-05,4560,0.0046500813764240876,True
GaussianBudget75M_TOPGrowing,ONYX_2022-CABDF-009774,20220623,6,pyrologix,1,none,2022,0.0,0.002791930004605092,-1,undetected,1,9.489961992702219e-05,0,0.0,False
GaussianBudget75M_TOPGrowing,ORO_2022-CAANF-001921,20220627,5,pyrologix,1,none,2022,0.0,0.0020517139928415418,-1,undetected,1,9.489961992702219e-05,0,0.0,False
GaussianBudget75M_TOPGrowing,OVERLAND_2022-CAENF-027358,20220924,18,pyrologix,7,97-60,2022,0.0,0.006672308998531662,1,drone,1,9.489961992702219e-05,3395,0.0046500813764240876,True
GaussianBudget75M_TOPGrowing,OVERLOOK_2022-CAANF-000493,20220223,21,pyrologix,10,none,2022,0.0,0.002012285011005588,-1,undetected,1,9.489961992702219e-05,0,0.0,False
GaussianBudget75M_TOPGrowing,OVERLOOK_2022-CABDF-016028,20221114,15,pyrologix,12,206-88,2022,0.0,0.003979700995841995,0,drone,1,9.489961992702219e-05,4725,0.004460282136570043,True
GaussianBudget75M_TOPGrowing,O_NEIL_2022-CAKNF-006324,20220801,20,pyrologix,12,18-37,2022,0.0,0.003922347008483484,0,drone,1,9.489961992702219e-05,4855,0.004175583276788976,True
GaussianBudget75M_TOPGrowing,Oak_2022-CASHF-000841,20220818,12,pyrologix,10,41-47,2022,0.0,0.002753733002464287,0,drone,1,9.489961992702219e-05,3940,0.0046500813764240876,True
GaussianBudget75M_TOPGrowing,Oak_2022-CASRF-000621,20220805,8,pyrologix,12,40-22,2022,0.0,0.0038450069987447932,0,drone,1,9.489961992702219e-05,4950,0.0046500813764240876,True
GaussianBudget75M_TOPGrowing,Owl_2022-CASRF-000923,20221028,13,pyrologix,9,25-20,2022,0.0,0.003953043997171335,0,drone,1,9.489961992702219e-05,3665,0.0046500813764240876,True
GaussianBudget75M_TOPGrowing,PACIFIC_2022-CASHF-001182,20221030,9,pyrologix,11,35-43,2022,0.0,0.0033624750067247078,0,drone,1,9.489961992702219e-05,4400,0.004839880616278132,True
GaussianBudget75M_TOPGrowing,PACK_2022-CASQF-002206,20220829,20,pyrologix,7,165-77,2022,0.0,0.0028258090023882687,0,drone,1,9.489961992702219e-05,2805,0.0046500813764240876,True
GaussianBudget75M_TOPGrowing,PANTHER_2022-CALNF-005145,20220922,22,pyrologix,8,55-47,2022,0.0,0.006325505004497245,1,drone,1,9.489961992702219e-05,3770,0.0046500813764240876,True
GaussianBudget75M_TOPGrowing,PARADE_2022-CALNF-005173,20220923,21,pyrologix,8,62-48,2022,0.0,0.004287005009246059,0,drone,1,9.489961992702219e-05,3400,0.0046500813764240876,True
GaussianBudget75M_TOPGrowing,PARKER_2022-CAKNF-008333,20220921,17,pyrologix,11,21-49,2022,0.0,0.004396674994495697,0,drone,1,9.489961992702219e-05,4430,0.004460282136570043,True
GaussianBudget75M_TOPGrowing,PARKER_2022-CAMDF-000106,20220408,17,pyrologix,8,none,2022,0.0,0.0028013619885314256,-1,undetected,1,9.489961992702219e-05,0,0.0,False
GaussianBudget75M_TOPGrowing,PASS_2022-CABDF-009631,20220619,14,pyrologix,12,206-88,2022,0.0,0.007651904001249932,1,drone,1,9.489961992702219e-05,5215,0.004460282136570043,True
GaussianBudget75M_TOPGrowing,PAYMASTER_2022-CAENF-006355,20220308,15,pyrologix,8,93-54,2022,0.0,0.003031346990610473,0,drone,1,9.489961992702219e-05,3290,0.0046500813764240876,True
GaussianBudget75M_TOPGrowing,PEAK_2022-CASHF-000764,20220804,23,pyrologix,4,47-27,2022,0.0,0.0054132919904077426,1,drone,1,9.489961992702219e-05,2075,0.0046500813764240876,True
GaussianBudget75M_TOPGrowing,PEAK_2022-CASQF-002638,20221011,17,pyrologix,1,172-74,2022,0.0,0.0025199730007443577,0,drone,1,9.489961992702219e-05,495,0.0036061855572268433,True
GaussianBudget75M_TOPGrowing,PEAVINE_2022-CAENF-008736,20220403,20,pyrologix,3,97-60,2022,0.0,0.001985305003472604,0,drone,1,9.489961992702219e-05,1220,0.0046500813764240876,True
GaussianBudget75M_TOPGrowing,PICNIC_2022-CACNF-000485,20220314,17,pyrologix,2,none,2022,0.0,0.003250492998631671,-1,undetected,1,9.489961992702219e-05,0,0.0,False
GaussianBudget75M_TOPGrowing,PIGEON_2022-CASNF-000607,20220623,10,pyrologix,9,125-65,2022,0.0,0.002887413007556461,0,drone,1,9.489961992702219e-05,3550,0.004839880616278132,True
GaussianBudget75M_TOPGrowing,PILGRIM_2022-CASHF-000773,20220804,22,pyrologix,2,34-50,2022,0.0,0.00534301099833101,1,drone,1,9.489961992702219e-05,1335,0.0046500813764240876,True
GaussianBudget75M_TOPGrowing,PILLSBURY_2022-CAMNF-000680,20220614,20,pyrologix,3,none,2022,0.0,0.0032501590030733496,-1,undetected,1,9.489961992702219e-05,0,0.0,False
GaussianBudget75M_TOPGrowing,PINECONE_2022-CASHF-000751,20220802,20,pyrologix,8,47-21,2022,0.0,0.005820563004817814,1,drone,1,9.489961992702219e-05,3600,0.0046500813764240876,True
GaussianBudget75M_TOPGrowing,PINE_2022-CACNF-000498,20220317,19,pyrologix,6,none,2022,0.0,0.002068244997644797,-1,undetected,1,9.489961992702219e-05,0,0.0,False
GaussianBudget75M_TOPGrowing,PINE_2022-CAKNF-006086,20220727,16,pyrologix,8,16-26,2022,0.0,0.0038612039934378117,0,drone,1,9.489961992702219e-05,3235,0.004555181756497065,True
GaussianBudget75M_TOPGrowing,PINE_2022-CAMDF-000654,20220809,8,pyrologix,12,38-63,2022,0.0,0.005680741000105627,0,drone,1,9.489961992702219e-05,4740,0.0046500813764240876,True
GaussianBudget75M_TOPGrowing,PINE_2022-CATNF-000629,20220616,19,pyrologix,2,86-54,2022,0.0,0.003635864006355405,0,drone,1,9.489961992702219e-05,1055,0.0046500813764240876,True
GaussianBudget75M_TOPGrowing,PINYON_DR___HY_74__E_2022-CARRU-174457,20221129,19,pyrologix,11,none,2022,0.0,0.0020178499980829656,-1,undetected,1,9.489961992702219e-05,0,0.0,False
GaussianBudget75M_TOPGrowing,PIONEER_2022-CASTF-000035,20220109,20,pyrologix,3,115-63,2022,0.0,0.005975612992187962,1,drone,1,9.489961992702219e-05,1770,0.0046500813764240876,True
GaussianBudget75M_TOPGrowing,PIPES_2022-CABDF-011375,20220725,21,pyrologix,1,none,2022,0.0,0.0027295489999232814,-1,undetected,1,9.489961992702219e-05,0,0.0,False
GaussianBudget75M_TOPGrowing,PIT_2022-CAPNF-001320,20220728,21,pyrologix,9,69-71,2022,0.0,0.003938321999157779,0,drone,1,9.489961992702219e-05,3655,0.004365382516643021,True
GaussianBudget75M_TOPGrowing,PIUTE_2022-CAINF-002232,20221015,18,pyrologix,5,none,2022,0.0,0.0032102269906317815,-1,undetected,1,9.489961992702219e-05,0,0.0,False
GaussianBudget75M_TOPGrowing,PLUM_2022-CATNF-001110,20220811,16,pyrologix,12,79-56,2022,0.0,0.0049384909943910316,0,drone,1,9.489961992702219e-05,4875,0.0046500813764240876,True
GaussianBudget75M_TOPGrowing,PLUTO_2022-CASKU-007671,20220904,19,pyrologix,5,28-45,2022,0.0,0.004492998996283859,0,drone,1,9.489961992702219e-05,2320,0.0046500813764240876,True
GaussianBudget75M_TOPGrowing,PLUTO_2022-CASKU-007925,20220911,2,pyrologix,6,28-45,2022,0.0,0.0046284830023068935,0,drone,1,9.489961992702219e-05,2700,0.0046500813764240876,True
GaussianBudget75M_TOPGrowing,POINTS_2022-CAANF-001851,20220623,23,pyrologix,6,none,2022,0.0,0.003203944012057036,-1,undetected,1,9.489961992702219e-05,0,0.0,False
GaussianBudget75M_TOPGrowing,POISON_2022-CASNF-000308,20220424,17,pyrologix,10,none,2022,0.0,0.0027220539923291653,-1,undetected,1,9.489961992702219e-05,0,0.0,False
GaussianBudget75M_TOPGrowing,POISON_2022-CASQF-001262,20220623,15,pyrologix,12,171-80,2022,0.0,0.01013426600547973,2,drone,1,9.489961992702219e-05,5745,0.0046500813764240876,True
GaussianBudget75M_TOPGrowing,POLE_2022-CALNF-002520,20220527,9,pyrologix,9,none,2022,0.0,0.002729179002926685,-1,undetected,1,9.489961992702219e-05,0,0.0,False
GaussianBudget75M_TOPGrowing,POPLAR_2022-CABDF-000906,20220114,1,pyrologix,3,none,2022,0.0,0.0033827260049292818,-1,undetected,1,9.489961992702219e-05,0,0.0,False
GaussianBudget75M_TOPGrowing,POST_2022-CASHF-000531,20220623,23,pyrologix,4,47-27,2022,0.0,0.00623300600273069,1,drone,1,9.489961992702219e-05,2185,0.0046500813764240876,True
GaussianBudget75M_TOPGrowing,POTEM_2022-CASHF-001027,20220923,12,pyrologix,11,48-47,2022,0.0,0.0074470469990046695,0,drone,1,9.489961992702219e-05,4545,0.0046500813764240876,True
GaussianBudget75M_TOPGrowing,POWDER_2022-CASQF-001815,20220725,11,pyrologix,8,165-77,2022,0.0,0.0029309219971764833,0,drone,1,9.489961992702219e-05,3205,0.0046500813764240876,True
GaussianBudget75M_TOPGrowing,POWELL_2022-CABDF-010922,20220715,19,pyrologix,9,206-88,2022,0.0,0.0034680350072449073,0,drone,1,9.489961992702219e-05,3585,0.004365382516643021,True
GaussianBudget75M_TOPGrowing,POWERHOUSE_2022-CALAC-115324,20220406,19,pyrologix,7,none,2022,0.0,0.0033767580025596544,-1,undetected,1,9.489961992702219e-05,0,0.0,False
GaussianBudget75M_TOPGrowing,PROSSER_2022-CATNF-000712,20220629,21,pyrologix,3,84-67,2022,0.0,0.0017919070087373257,0,drone,1,9.489961992702219e-05,1215,0.004460282136570043,True
GaussianBudget75M_TOPGrowing,PROVO_2022-CASTF-002031,20221020,16,pyrologix,5,118-56,2022,0.0,0.0031246139988070354,0,drone,1,9.489961992702219e-05,2130,0.0046500813764240876,True
GaussianBudget75M_TOPGrowing,PURCELL_2022-CABDF-004201,20220302,4,pyrologix,6,206-88,2022,0.0,0.006268133001867682,1,drone,1,9.489961992702219e-05,2880,0.004365382516643021,True
GaussianBudget75M_TOPGrowing,PYRAMID__2022-CAANF-003197,20220928,1,pyrologix,3,none,2022,0.0,0.0027082729939138517,-1,undetected,1,9.489961992702219e-05,0,0.0,False
GaussianBudget75M_TOPGrowing,Panther_2022-CASRF-000523,20220715,8,pyrologix,12,26-25,2022,0.0,0.0049408810009481385,0,drone,1,9.489961992702219e-05,4875,0.0046500813764240876,True
GaussianBudget75M_TOPGrowing,Panther_2022-CASRF-000860,20221004,6,pyrologix,8,35-16,2022,0.0,0.008558343994081952,2,drone,1,9.489961992702219e-05,4020,0.0046500813764240876,True
GaussianBudget75M_TOPGrowing,Patrick_2022-CASRF-000469,20220701,14,pyrologix,9,none,2022,0.0,0.0019967550033470616,-1,undetected,1,9.489961992702219e-05,0,0.0,False
GaussianBudget75M_TOPGrowing,Pecks_2022-CAPNF-000939,20220624,15,pyrologix,10,65-55,2022,0.0,0.006828819998190738,1,drone,1,9.489961992702219e-05,4595,0.004555181756497065,True
GaussianBudget75M_TOPGrowing,Penman_2022-CAPNF-001402,20220803,14,pyrologix,10,73-63,2022,0.0,0.004824231000384316,0,drone,1,9.489961992702219e-05,4245,0.0046500813764240876,True
GaussianBudget75M_TOPGrowing,Pike_2022-CAPNF-000210,20220310,16,pyrologix,4,79-47,2022,0.0,0.0033420249965274706,0,drone,1,9.489961992702219e-05,1755,0.0046500813764240876,True
GaussianBudget75M_TOPGrowing,Pine_2022-CASHF-000915,20220902,0,pyrologix,1,47-21,2022,0.0,0.001979590000701137,0,drone,1,9.489961992702219e-05,475,0.003511285937299821,True
GaussianBudget75M_TOPGrowing,Pleasant_2022-CASRF-000589,20220730,14,pyrologix,9,28-32,2022,0.0,0.006802556003094651,1,drone,1,9.489961992702219e-05,4185,0.0046500813764240876,True
GaussianBudget75M_TOPGrowing,Pleito_2022-CALPF-001219,20220612,19,pyrologix,4,none,2022,0.0,0.002032288000918925,-1,undetected,1,9.489961992702219e-05,0,0.0,False
GaussianBudget75M_TOPGrowing,Ponderosa_2022-CAPNF-001784,20220905,22,pyrologix,8,65-55,2022,0.0,0.002842989008058794,0,drone,1,9.489961992702219e-05,3235,0.004460282136570043,True
GaussianBudget75M_TOPGrowing,Powerline_2022-CALPF-002719,20221106,13,pyrologix,7,none,2022,0.0,0.0020363209914648905,-1,undetected,1,9.489961992702219e-05,0,0.0,False
GaussianBudget75M_TOPGrowing,QUAIL_2022-CAANF-002702,20220818,0,pyrologix,2,none,2022,0.0,0.002016277998336591,-1,undetected,1,9.489961992702219e-05,0,0.0,False
GaussianBudget75M_TOPGrowing,RADFORD__2022-CABDF-012958,20220905,20,pyrologix,2,none,2022,0.0,0.001991719997022301,-1,undetected,1,9.489961992702219e-05,0,0.0,False
GaussianBudget75M_TOPGrowing,RANCHERIA_2022-CAKNF-007079,20220819,1,pyrologix,2,21-28,2022,0.0,0.00595967800472863,1,drone,1,9.489961992702219e-05,1395,0.0046500813764240876,True
GaussianBudget75M_TOPGrowing,RANCH_2022-CAANF-001111,20220423,17,pyrologix,6,none,2022,0.0,0.0020367060060380027,-1,undetected,1,9.489961992702219e-05,0,0.0,False
GaussianBudget75M_TOPGrowing,RANCH_2022-CASHF-000830,20220816,5,pyrologix,9,42-41,2022,0.0,0.004403793995152228,0,drone,1,9.489961992702219e-05,3855,0.0046500813764240876,True
GaussianBudget75M_TOPGrowing,RANCH_2022-CASHU-006486,20220620,17,pyrologix,3,42-41,2022,0.0,0.0024880279961507767,0,drone,1,9.489961992702219e-05,1305,0.004365382516643021,True
GaussianBudget75M_TOPGrowing,RANGE_2022-CAANF-003605,20221116,22,pyrologix,4,none,2022,0.0,0.002820736001012847,-1,undetected,1,9.489961992702219e-05,0,0.0,False
GaussianBudget75M_TOPGrowing,RANGE_2022-CALAC-389416,20221116,23,pyrologix,2,none,2022,0.0,0.0020350279955891892,-1,undetected,1,9.489961992702219e-05,0,0.0,False
GaussianBudget75M_TOPGrowing,RANGE_2022-CASQF-000905,20220528,15,pyrologix,12,159-73,2022,0.0,0.010099713006638922,1,drone,1,9.489961992702219e-05,5175,0.0046500813764240876,True
GaussianBudget75M_TOPGrowing,RATTLESNAKE_2022-CASQF-001256,20220623,16,pyrologix,4,171-80,2022,0.0,0.005522612002096139,1,drone,1,9.489961992702219e-05,2080,0.0046500813764240876,True
GaussianBudget75M_TOPGrowing,REDWOOD_2022-CASQF-002421,20220912,15,pyrologix,9,165-77,2022,0.0,0.002804415998980403,0,drone,1,9.489961992702219e-05,3545,0.0046500813764240876,True
GaussianBudget75M_TOPGrowing,RED_2022-CAINF-001532,20220721,17,pyrologix,2,none,2022,0.0,0.002744789991993457,-1,undetected,1,9.489961992702219e-05,0,0.0,False
GaussianBudget75M_TOPGrowing,RED_2022-CASHF-000666,20220720,20,pyrologix,12,35-43,2022,0.0,0.005036641989136115,0,drone,1,9.489961992702219e-05,4935,0.004839880616278132,True
GaussianBudget75M_TOPGrowing,RIDGE_2022-CABDF-013835,20221004,22,pyrologix,5,206-87,2022,0.0,0.0035376089945202693,0,drone,1,9.489961992702219e-05,2075,0.004460282136570043,True
GaussianBudget75M_TOPGrowing,RIDGE_2022-CAKNF-007069,20220818,18,pyrologix,4,21-28,2022,0.0,0.0034776870015775785,0,drone,1,9.489961992702219e-05,1815,0.0046500813764240876,True
GaussianBudget75M_TOPGrowing,RIDGE_2022-CASKU-004855,20220626,3,pyrologix,4,35-43,2022,0.0,0.0021917550038779154,0,drone,1,9.489961992702219e-05,1615,0.0046500813764240876,True
GaussianBudget75M_TOPGrowing,RIDGE_2022-CASQF-002016,20220808,0,pyrologix,1,148-73,2022,0.0,0.010694923010305502,1,drone,1,9.489961992702219e-05,1070,0.004555181756497065,True
GaussianBudget75M_TOPGrowing,RIVERWOOD_2022-CAANF-000805,20220327,23,pyrologix,9,none,2022,0.0,0.0020702640031231567,-1,undetected,1,9.489961992702219e-05,0,0.0,False
GaussianBudget75M_TOPGrowing,ROAD_2022-CACNF-002251,20220916,21,pyrologix,2,none,2022,0.0,0.0020418019994394854,-1,undetected,1,9.489961992702219e-05,0,0.0,False
GaussianBudget75M_TOPGrowing,ROAD_2022-CASQF-000076,20220116,7,pyrologix,9,174-77,2022,0.0,0.004862105997744948,0,drone,1,9.489961992702219e-05,3785,0.0046500813764240876,True
GaussianBudget75M_TOPGrowing,ROCK_2022-CABDF-012938,20220905,14,pyrologix,3,206-87,2022,0.0,0.0034365579922450706,0,drone,1,9.489961992702219e-05,1400,0.004460282136570043,True
GaussianBudget75M_TOPGrowing,ROCK_2022-CACNF-002771,20221127,18,pyrologix,10,none,2022,0.0,0.002783549003652297,-1,undetected,1,9.489961992702219e-05,0,0.0,False
GaussianBudget75M_TOPGrowing,ROCK_2022-CAENF-017506,20220702,15,pyrologix,11,93-54,2022,0.0,0.0046318340027937666,0,drone,1,9.489961992702219e-05,4600,0.0046500813764240876,True
GaussianBudget75M_TOPGrowing,ROCK_2022-CASQF-001645,20220714,14,pyrologix,5,148-73,2022,0.0,0.0032761780021246523,0,drone,1,9.489961992702219e-05,2105,0.0046500813764240876,True
GaussianBudget75M_TOPGrowing,ROCK__2022-CAANF-002683,20220816,0,pyrologix,10,none,2022,0.0,0.00208123899938073,-1,undetected,1,9.489961992702219e-05,0,0.0,False
GaussianBudget75M_TOPGrowing,ROLAND_2022-CASKU-000241,20220109,20,pyrologix,11,28-45,2022,0.0,0.0032371980050811544,0,drone,1,9.489961992702219e-05,4250,0.0046500813764240876,True
GaussianBudget75M_TOPGrowing,ROSASCO_2022-CASTF-000955,20220629,13,pyrologix,5,118-64,2022,0.0,0.002614009994431399,0,drone,1,9.489961992702219e-05,2090,0.0046500813764240876,True
GaussianBudget75M_TOPGrowing,ROUND__2022-CAMDF-000547,20220802,17,pyrologix,9,none,2022,0.0,0.0019686329906107858,-1,undetected,1,9.489961992702219e-05,0,0.0,False
GaussianBudget75M_TOPGrowing,ROUSEHILL_2022-CABDF-013448,20220923,11,pyrologix,9,225-101,2022,0.0,0.004566613002680242,0,drone,1,9.489961992702219e-05,3655,0.0046500813764240876,True
GaussianBudget75M_TOPGrowing,ROUSE_2022-CABDF-006304,20220403,17,pyrologix,9,225-101,2022,0.0,0.002899521990912035,0,drone,1,9.489961992702219e-05,3655,0.0046500813764240876,True
GaussianBudget75M_TOPGrowing,ROUTE_2022-CAANF-002884,20220831,14,pyrologix,10,none,2022,0.0,0.002794838001136668,-1,undetected,1,9.489961992702219e-05,0,0.0,False
GaussianBudget75M_TOPGrowing,ROWHER_2022-CALAC-279259,20220819,19,pyrologix,12,none,2022,0.0,0.002090314999804832,-1,undetected,1,9.489961992702219e-05,0,0.0,False
GaussianBudget75M_TOPGrowing,ROYAL_2022-CATNF-001126,20220814,0,pyrologix,2,87-59,2022,0.0,0.003099094989011064,0,drone,1,9.489961992702219e-05,1000,0.0046500813764240876,True
GaussianBudget75M_TOPGrowing,RUN_2022-CASQF-002636,20221011,11,pyrologix,6,172-74,2022,0.0,0.0035959259985247627,0,drone,1,9.489961992702219e-05,2520,0.0046500813764240876,True
GaussianBudget75M_TOPGrowing,RUN_2022-CASTF-001373,20220801,0,pyrologix,1,115-63,2022,0.0,0.002389070999925025,0,drone,1,9.489961992702219e-05,580,0.0040806836568619545,True
GaussianBudget75M_TOPGrowing,RUSH_2022-CAANF-002764,20220821,18,pyrologix,7,none,2022,0.0,0.0020682469912571833,-1,undetected,1,9.489961992702219e-05,0,0.0,False
GaussianBudget75M_TOPGrowing,RUSS_2022-CAANF-001361,20220515,19,pyrologix,4,none,2022,0.0,0.0027192569978069514,-1,undetected,1,9.489961992702219e-05,0,0.0,False
GaussianBudget75M_TOPGrowing,RUSS_2022-CALAC-161600,20220515,17,pyrologix,7,none,2022,0.0,0.002647593995789066,-1,undetected,1,9.489961992702219e-05,0,0.0,False
GaussianBudget75M_TOPGrowing,Ranch_2022-CAPNF-001109,20220709,16,pyrologix,7,73-63,2022,0.0,0.0030089429928921163,0,drone,1,9.489961992702219e-05,2830,0.0046500813764240876,True
GaussianBudget75M_TOPGrowing,Rattlesnake_2022-CASHF-000929,20220905,20,pyrologix,12,47-21,2022,0.0,0.004930161012453027,0,drone,1,9.489961992702219e-05,4940,0.0046500813764240876,True
GaussianBudget75M_TOPGrowing,Red_2022-CASRF-000188,20220401,2,pyrologix,4,26-25,2022,0.0,0.0023758600000292063,0,drone,1,9.489961992702219e-05,1670,0.0046500813764240876,True
GaussianBudget75M_TOPGrowing,Red_Cap_2022-CASRF-000472,20220701,17,pyrologix,9,33-23,2022,0.0,0.003657569002825767,0,drone,1,9.489961992702219e-05,3720,0.0046500813764240876,True
GaussianBudget75M_TOPGrowing,Red__2022-CAPNF-000221,20220313,22,pyrologix,6,67-62,2022,0.0,0.0042771620064741,0,drone,1,9.489961992702219e-05,2380,0.0046500813764240876,True
GaussianBudget75M_TOPGrowing,Redcap_2022-CASRF-000796,20220910,5,pyrologix,11,27-19,2022,0.0,0.00450729500153102,0,drone,1,9.489961992702219e-05,4550,0.0046500813764240876,True
GaussianBudget75M_TOPGrowing,Ridge_2022-CALPF-002776,20221112,18,pyrologix,2,none,2022,0.0,0.0020787889952771366,-1,undetected,1,9.489961992702219e-05,0,0.0,False
GaussianBudget75M_TOPGrowing,Ring_2022-CACNF-000260,20220209,14,pyrologix,8,none,2022,0.0,0.002311097996425815,-1,undetected,1,9.489961992702219e-05,0,0.0,False
GaussianBudget75M_TOPGrowing,Road_2022-CASHF-000927,20220905,21,pyrologix,9,47-21,2022,0.0,0.003585298007237725,0,drone,1,9.489961992702219e-05,3660,0.0046500813764240876,True
GaussianBudget75M_TOPGrowing,Rock_2022-CALPF-002124,20220902,13,pyrologix,10,none,2022,0.0,0.0019777790002990514,-1,undetected,1,9.489961992702219e-05,0,0.0,False
GaussianBudget75M_TOPGrowing,SADDLE_2022-CABDF-009828,20220624,15,pyrologix,2,none,2022,0.0,0.002063081003143452,-1,undetected,1,9.489961992702219e-05,0,0.0,False
GaussianBudget75M_TOPGrowing,SAGEHEN_2022-CATNF-000097,20220209,21,pyrologix,6,84-67,2022,0.0,0.0029230479995021597,0,drone,1,9.489961992702219e-05,2470,0.004839880616278132,True
GaussianBudget75M_TOPGrowing,SAGEHEN_2_2022-CATNF-001164,20220819,18,pyrologix,6,84-67,2022,0.0,0.0024380819959333166,0,drone,1,9.489961992702219e-05,2425,0.004839880616278132,True
GaussianBudget75M_TOPGrowing,SALLY_2022-CAANF-001847,20220622,20,pyrologix,7,none,2022,0.0,0.0024964719923445955,-1,undetected,1,9.489961992702219e-05,0,0.0,False
GaussianBudget75M_TOPGrowing,SALMON_2022-CAINF-002294,20221026,1,pyrologix,2,none,2022,0.0,0.0026010400033555925,-1,undetected,1,9.489961992702219e-05,0,0.0,False
GaussianBudget75M_TOPGrowing,SALT_2022-CAKNF-008368,20220922,16,pyrologix,5,17-30,2022,0.0,0.005723788010072894,1,drone,1,9.489961992702219e-05,2490,0.004460282136570043,True
GaussianBudget75M_TOPGrowing,SAM_2022-CAANF-002622,20220810,18,pyrologix,10,none,2022,0.0,0.002213291998486966,-1,undetected,1,9.489961992702219e-05,0,0.0,False
GaussianBudget75M_TOPGrowing,SAND1_2022-CAANF-002095,20220706,3,pyrologix,7,none,2022,0.0,0.002025007997872308,-1,undetected,1,9.489961992702219e-05,0,0.0,False
GaussianBudget75M_TOPGrowing,SAND2_2022-CAANF-002314,20220721,21,pyrologix,7,none,2022,0.0,0.002065467997454107,-1,undetected,1,9.489961992702219e-05,0,0.0,False
GaussianBudget75M_TOPGrowing,SANDY_2022-CASNF-001407,20220921,18,pyrologix,9,128-67,2022,0.0,0.005543310995562933,1,drone,1,9.489961992702219e-05,3905,0.0046500813764240876,True
GaussianBudget75M_TOPGrowing,SAN_JUAN_2022-CACNF-000412,20220303,14,pyrologix,12,none,2022,0.0,0.0027129160007461905,-1,undetected,1,9.489961992702219e-05,0,0.0,False
GaussianBudget75M_TOPGrowing,SAN_SIMEON_2022-CANEU-004446,20220212,18,pyrologix,8,86-54,2022,0.0,0.005898333998629823,1,drone,1,9.489961992702219e-05,3600,0.0046500813764240876,True
GaussianBudget75M_TOPGrowing,SAWMILL_2022-CAINF-001222,20220625,21,pyrologix,4,none,2022,0.0,0.00201258399465587,-1,undetected,1,9.489961992702219e-05,0,0.0,False
GaussianBudget75M_TOPGrowing,SCENIC__2022-CAINF-001983,20220906,19,pyrologix,12,none,2022,0.0,0.0027266670076642185,-1,undetected,1,9.489961992702219e-05,0,0.0,False
GaussianBudget75M_TOPGrowing,SCHOOL_2022-CASHF-000836,20220817,14,pyrologix,7,42-41,2022,0.0,0.0030306150001706555,0,drone,1,9.489961992702219e-05,2885,0.0046500813764240876,True
GaussianBudget75M_TOPGrowing,SCIARONI_2022-CAENF-025530,20220906,18,pyrologix,2,97-60,2022,0.0,0.0029980699910083786,0,drone,1,9.489961992702219e-05,995,0.0046500813764240876,True
GaussianBudget75M_TOPGrowing,SCOTT_2022-CAKNF-006525,20220804,17,pyrologix,7,28-32,2022,0.0,0.004423820995725691,0,drone,1,9.489961992702219e-05,3105,0.0046500813764240876,True
GaussianBudget75M_TOPGrowing,SECRET_2022-CACNF-000662,20220410,16,pyrologix,7,none,2022,0.0,0.0021539839945035055,-1,undetected,1,9.489961992702219e-05,0,0.0,False
GaussianBudget75M_TOPGrowing,SEMI_2022-CACNF-002905,20221230,13,pyrologix,4,none,2022,0.0,0.0020865639962721616,-1,undetected,1,9.489961992702219e-05,0,0.0,False
GaussianBudget75M_TOPGrowing,SEPTEMBER_ABC_MISC_2022-CASNF-001327,20220909,12,pyrologix,11,none,2022,0.0,0.00207503599813208,-1,undetected,1,9.489961992702219e-05,0,0.0,False
GaussianBudget75M_TOPGrowing,SERRANO_2022-CALAC-398822,20221123,4,pyrologix,6,none,2022,0.0,0.00272143300389871,-1,undetected,1,9.489961992702219e-05,0,0.0,False
GaussianBudget75M_TOPGrowing,SERRANO_2022-CALAC-404913,20221128,1,pyrologix,9,none,2022,0.0,0.0025580429937690496,-1,undetected,1,9.489961992702219e-05,0,0.0,False
GaussianBudget75M_TOPGrowing,SHACKLEFORD_2022-CASKU-006265,20220731,0,pyrologix,5,24-35,2022,0.0,0.003334547989652492,0,drone,1,9.489961992702219e-05,2115,0.0046500813764240876,True
GaussianBudget75M_TOPGrowing,SHADOW_2022-CABDF-011575,20220731,19,pyrologix,1,206-87,2022,0.0,0.0025523999938741326,0,drone,1,9.489961992702219e-05,535,0.002467390118102577,True
GaussianBudget75M_TOPGrowing,SHANTY_2022-CAKNF-007057,20220818,12,pyrologix,8,17-30,2022,0.0,0.003436566999880597,0,drone,1,9.489961992702219e-05,3280,0.004460282136570043,True
GaussianBudget75M_TOPGrowing,SHELL_2022-CASQF-002632,20221011,23,pyrologix,2,none,2022,0.0,0.0021319399966159835,-1,undetected,1,9.489961992702219e-05,0,0.0,False
GaussianBudget75M_TOPGrowing,SHERWIN_2022-CAINF-001423,20220710,20,pyrologix,8,none,2022,0.0,0.0020795040036318824,-1,undetected,1,9.489961992702219e-05,0,0.0,False
GaussianBudget75M_TOPGrowing,SHORE_2022-CASHF-000560,20220630,9,pyrologix,11,35-43,2022,0.0,0.004596694008796476,0,drone,1,9.489961992702219e-05,4545,0.004839880616278132,True
GaussianBudget75M_TOPGrowing,SHORT_2022-CASNF-001063,20220818,11,pyrologix,7,none,2022,0.0,0.0020213480020174757,-1,undetected,1,9.489961992702219e-05,0,0.0,False
GaussianBudget75M_TOPGrowing,SHOT_2022-CAENF-020552,20220727,16,pyrologix,9,98-62,2022,0.0,0.00685171500663273,1,drone,1,9.489961992702219e-05,4130,0.0046500813764240876,True
GaussianBudget75M_TOPGrowing,SIERRA_2022-CAANF-001752,20220615,18,pyrologix,6,none,2022,0.0,0.002575043006800115,-1,undetected,1,9.489961992702219e-05,0,0.0,False
GaussianBudget75M_TOPGrowing,SIERRA_2022-CAENF-029367,20221013,18,pyrologix,5,98-62,2022,0.0,0.006393277013557963,1,drone,1,9.489961992702219e-05,2595,0.0046500813764240876,True
GaussianBudget75M_TOPGrowing,SIERRA_2022-CALAC-198685,20220615,18,pyrologix,7,none,2022,0.0,0.002019546998781152,-1,undetected,1,9.489961992702219e-05,0,0.0,False
GaussianBudget75M_TOPGrowing,SIERRA_2022-CATNF-000126,20220216,18,pyrologix,11,80-65,2022,0.0,0.005414643004769459,0,drone,1,9.489961992702219e-05,4680,0.0046500813764240876,True
GaussianBudget75M_TOPGrowing,SILVERWOOD_2022-CABDU-015584,20221030,16,pyrologix,3,none,2022,0.0,0.002102393002132885,-1,undetected,1,9.489961992702219e-05,0,0.0,False
GaussianBudget75M_TOPGrowing,SIMS_2022-CASHF-000420,20220520,12,pyrologix,5,42-41,2022,0.0,0.0031597280030837283,0,drone,1,9.489961992702219e-05,2205,0.0046500813764240876,True
GaussianBudget75M_TOPGrowing,SIX__2022-CAMDF-000534,20220801,13,pyrologix,11,37-64,2022,0.0,0.00450063101015985,0,drone,1,9.489961992702219e-05,4525,0.0046500813764240876,True
GaussianBudget75M_TOPGrowing,SKIVIEW_LN__HUNTINGTON_LAKE_2022-CAFKU-009849,20220624,11,pyrologix,6,none,2022,0.0,0.0021359919919632375,-1,undetected,1,9.489961992702219e-05,0,0.0,False
GaussianBudget75M_TOPGrowing,SKUNK_2022-CABDF-009747,20220622,18,pyrologix,3,225-101,2022,0.0,0.0033019599941326305,0,drone,1,9.489961992702219e-05,1405,0.0046500813764240876,True
GaussianBudget75M_TOPGrowing,SKYWAY_2022-CABTU-010529,20220615,19,pyrologix,2,67-43,2022,582.6359154179954,0.003109013006906025,0,drone,1,9.489961992702219e-05,960,0.004270482896715999,True
GaussianBudget75M_TOPGrowing,SKY_2022-CACNF-000444,20220308,22,pyrologix,6,none,2022,0.0,0.002642478997586295,-1,undetected,1,9.489961992702219e-05,0,0.0,False
GaussianBudget75M_TOPGrowing,SLATE_2022-CASQF-002086,20220815,15,pyrologix,10,165-77,2022,0.0,0.003049246995942667,0,drone,1,9.489961992702219e-05,3930,0.0046500813764240876,True
GaussianBudget75M_TOPGrowing,SLIDE_2022-CAMNF-000341,20220409,20,pyrologix,10,none,2022,0.0,0.002100481986417435,-1,undetected,1,9.489961992702219e-05,0,0.0,False
GaussianBudget75M_TOPGrowing,SLIDE_2022-CASHF-001072,20221001,19,pyrologix,2,40-22,2022,0.0,0.004637556005036458,1,drone,1,9.489961992702219e-05,1280,0.0046500813764240876,True
GaussianBudget75M_TOPGrowing,SLINKARD_2022-CAKNF-006253,20220730,22,pyrologix,4,17-30,2022,0.0,0.0028136629989603534,0,drone,1,9.489961992702219e-05,1730,0.004460282136570043,True
GaussianBudget75M_TOPGrowing,SMOKEY_2022-CAKNF-006504,20220804,12,pyrologix,5,18-37,2022,0.0,0.003740798987564631,0,drone,1,9.489961992702219e-05,2165,0.0040806836568619545,True
GaussianBudget75M_TOPGrowing,SMOKEY_2022-CALAC-032325,20220125,14,pyrologix,4,none,2022,0.0,0.002183448988944292,-1,undetected,1,9.489961992702219e-05,0,0.0,False
GaussianBudget75M_TOPGrowing,SNF_OCTOBER_ABC_MISC_2022-CASNF-001467,20221003,15,pyrologix,3,132-72,2022,0.0,0.0023162599973147735,0,drone,1,9.489961992702219e-05,1250,0.0046500813764240876,True
GaussianBudget75M_TOPGrowing,SNOWSHOE_2022-CAKNF-007059,20220818,11,pyrologix,12,21-28,2022,0.0,0.004655661003198475,0,drone,1,9.489961992702219e-05,4855,0.0046500813764240876,True
GaussianBudget75M_TOPGrowing,SNOW_2022-CABDF-009050,20220607,15,pyrologix,12,none,2022,0.0,0.002124834994901903,-1,undetected,1,9.489961992702219e-05,0,0.0,False
GaussianBudget75M_TOPGrowing,SNOW_2022-CASNF-001565,20221026,19,pyrologix,7,125-65,2022,0.0,0.004153520989348181,0,drone,1,9.489961992702219e-05,2975,0.004839880616278132,True
GaussianBudget75M_TOPGrowing,SNOW_2022-CATNF-000427,20220430,12,pyrologix,12,86-54,2022,0.0,0.004290928001864813,0,drone,1,9.489961992702219e-05,4880,0.0046500813764240876,True
GaussianBudget75M_TOPGrowing,SNYDER_2022-CASNF-000606,20220623,11,pyrologix,6,125-65,2022,0.0,0.0024318270006915554,0,drone,1,9.489961992702219e-05,2365,0.004839880616278132,True
GaussianBudget75M_TOPGrowing,SODA_2022-CASHF-000468,20220604,20,pyrologix,8,35-43,2022,0.0,0.0028989209968131036,0,drone,1,9.489961992702219e-05,3215,0.004839880616278132,True
GaussianBudget75M_TOPGrowing,SOLDIER_2022-CAMDF-000668,20220810,11,pyrologix,4,none,2022,0.0,0.002749282997683622,-1,undetected,1,9.489961992702219e-05,0,0.0,False
GaussianBudget75M_TOPGrowing,SOLEDAD_2022-CAANF-000545,20220301,20,pyrologix,2,none,2022,0.0,0.002122740988852456,-1,undetected,1,9.489961992702219e-05,0,0.0,False
GaussianBudget75M_TOPGrowing,SONATA__2022-CAANF-000042,20220106,1,pyrologix,8,none,2022,0.0,0.0022014400019543245,-1,undetected,1,9.489961992702219e-05,0,0.0,False
GaussianBudget75M_TOPGrowing,SOQUEL_2022-CASNF-000160,20220227,16,pyrologix,6,128-67,2022,0.0,0.00401950599916745,0,drone,1,9.489961992702219e-05,2610,0.0046500813764240876,True
GaussianBudget75M_TOPGrowing,SOTCHER_2022-CAINF-001593,20220727,12,pyrologix,3,none,2022,0.0,0.002105366002069786,-1,undetected,1,9.489961992702219e-05,0,0.0,False
GaussianBudget75M_TOPGrowing,SOUTHERN_2022-CABDF-013845,20221004,12,pyrologix,4,225-101,2022,0.0,0.006052413998986594,1,drone,1,9.489961992702219e-05,2210,0.0046500813764240876,True
GaussianBudget75M_TOPGrowing,SOUTH_2022-CAKNF-004940,20220628,8,pyrologix,10,33-29,2022,0.0,0.0031019440066302195,0,drone,1,9.489961992702219e-05,3965,0.0046500813764240876,True
GaussianBudget75M_TOPGrowing,SOUTH_2022-CASHF-000766,20220804,21,pyrologix,9,54-26,2022,0.0,0.006746979997842573,0,drone,1,9.489961992702219e-05,3785,0.0046500813764240876,True
GaussianBudget75M_TOPGrowing,SOUTH_RIDGE__2022-CABDF-008956,20220605,14,pyrologix,12,225-101,2022,0.0,0.006807309997384436,1,drone,1,9.489961992702219e-05,5335,0.0046500813764240876,True
GaussianBudget75M_TOPGrowing,SPANISH_2022-CALAC-401758,20221125,12,pyrologix,11,none,2022,0.0,0.00217422099376563,-1,undetected,1,9.489961992702219e-05,0,0.0,False
GaussianBudget75M_TOPGrowing,SPICE_2022-CASTF-001736,20220907,0,pyrologix,4,108-64,2022,0.0,0.003629647006164305,0,drone,1,9.489961992702219e-05,1810,0.0046500813764240876,True
GaussianBudget75M_TOPGrowing,SPRINGS_2022-CABDF-009886,20220625,15,pyrologix,2,none,2022,0.0,0.0027218969917157665,-1,undetected,1,9.489961992702219e-05,0,0.0,False
GaussianBudget75M_TOPGrowing,SPRINGS_2022-CATCU-010416,20220816,4,pyrologix,1,108-64,2022,0.0,0.0025806709891185164,0,drone,1,9.489961992702219e-05,580,0.003985784036934932,True
GaussianBudget75M_TOPGrowing,SPRING_2022-CAANF-000333,20220206,16,pyrologix,12,none,2022,0.0,0.0022120000066934153,-1,undetected,1,9.489961992702219e-05,0,0.0,False
GaussianBudget75M_TOPGrowing,SPUR__2022-CASTF-001105,20220709,22,pyrologix,11,115-63,2022,0.0,0.007199685991508886,1,drone,1,9.489961992702219e-05,4875,0.0046500813764240876,True
GaussianBudget75M_TOPGrowing,STAGING_2022-CAANF-001720,20220613,14,pyrologix,8,none,2022,0.0,0.0021227640099823475,-1,undetected,1,9.489961992702219e-05,0,0.0,False
GaussianBudget75M_TOPGrowing,STAMPEDE_2022-CATNF-000793,20220705,16,pyrologix,2,84-67,2022,0.0,0.002267211995786056,0,drone,1,9.489961992702219e-05,875,0.004270482896715999,True
GaussianBudget75M_TOPGrowing,STANDBY_2022-CABDF-015587,20221105,18,pyrologix,7,206-88,2022,0.0,0.00360938798985444,0,drone,1,9.489961992702219e-05,2880,0.004365382516643021,True
GaussianBudget75M_TOPGrowing,STATE_2022-CABDF-013904,20221006,16,pyrologix,5,none,2022,0.0,0.0020828620035899803,-1,undetected,1,9.489961992702219e-05,0,0.0,False
GaussianBudget75M_TOPGrowing,STATION_2022-CASTF-000858,20220619,18,pyrologix,4,none,2022,0.0,0.002142035009455867,-1,undetected,1,9.489961992702219e-05,0,0.0,False
GaussianBudget75M_TOPGrowing,STOCKTON_2022-CAANF-001855,20220623,1,pyrologix,11,206-87,2022,0.0,0.0032885940017877147,0,drone,1,9.489961992702219e-05,4265,0.004555181756497065,True
GaussianBudget75M_TOPGrowing,STOCKTON_2022-CABDF-005269,20220320,13,pyrologix,10,206-87,2022,0.0,0.0035116660001222044,0,drone,1,9.489961992702219e-05,3910,0.004555181756497065,True
GaussianBudget75M_TOPGrowing,STONEY_2022-CAANF-002168,20220710,20,pyrologix,1,none,2022,0.0,0.0027263060037512332,-1,undetected,1,9.489961992702219e-05,0,0.0,False
GaussianBudget75M_TOPGrowing,STONE_2022-CABDF-011342,20220725,20,pyrologix,9,206-87,2022,0.0,0.004050799994729459,0,drone,1,9.489961992702219e-05,3665,0.004555181756497065,True
GaussianBudget75M_TOPGrowing,STONY__2022-CASQF-001949,20220804,15,pyrologix,5,164-82,2022,0.0,0.0024191349948523566,0,drone,1,9.489961992702219e-05,2040,0.0046500813764240876,True
GaussianBudget75M_TOPGrowing,STREAM_2022-CAANF-000224,20220125,19,pyrologix,10,none,2022,0.0,0.0021100679878145456,-1,undetected,1,9.489961992702219e-05,0,0.0,False
GaussianBudget75M_TOPGrowing,STUD_2022-CAKNF-007112,20220819,21,pyrologix,4,21-28,2022,0.0,0.002722126999287866,0,drone,1,9.489961992702219e-05,1720,0.0046500813764240876,True
GaussianBudget75M_TOPGrowing,SUGAR2_2022-CASQF-002374,20220908,23,pyrologix,2,172-74,2022,0.0,0.0020615789981093258,0,drone,1,9.489961992702219e-05,895,0.0046500813764240876,True
GaussianBudget75M_TOPGrowing,SUGARLOAF_2022-CATUU-000059,20220222,23,pyrologix,4,172-74,2022,0.0,0.0028637210052693263,0,drone,1,9.489961992702219e-05,1700,0.0046500813764240876,True
GaussianBudget75M_TOPGrowing,SUGAR_2022-CAMNF-000510,20220520,15,pyrologix,1,61-26,2022,621.6457905880088,0.0022412510006688535,0,drone,1,9.489961992702219e-05,485,0.003511285937299821,True
GaussianBudget75M_TOPGrowing,SUGAR_2022-CASQF-001288,20220625,16,pyrologix,5,171-80,2022,0.0,0.0031053370039444417,0,drone,1,9.489961992702219e-05,2150,0.0046500813764240876,True
GaussianBudget75M_TOPGrowing,SULFUR_2022-CAANF-001837,20220622,13,pyrologix,8,none,2022,0.0,0.002240863992483355,-1,undetected,1,9.489961992702219e-05,0,0.0,False
GaussianBudget75M_TOPGrowing,SUMMIT_2022-CASHU-000838,20220123,23,pyrologix,7,47-27,2022,0.0,0.002649732996360399,0,drone,1,9.489961992702219e-05,2795,0.0046500813764240876,True
GaussianBudget75M_TOPGrowing,SUMMIT_2022-CASQF-001726,20220720,0,pyrologix,2,none,2022,0.0,0.0021940000005997717,-1,undetected,1,9.489961992702219e-05,0,0.0,False
GaussianBudget75M_TOPGrowing,SUNDAY_2022-CASQF-002635,20221011,0,pyrologix,10,172-74,2022,0.0,0.003587346989661455,0,drone,1,9.489961992702219e-05,4060,0.0046500813764240876,True
GaussianBudget75M_TOPGrowing,SUNNY_2022-CAINF-000688,20220418,18,pyrologix,12,none,2022,0.0,0.0024275460018543527,-1,undetected,1,9.489961992702219e-05,0,0.0,False
GaussianBudget75M_TOPGrowing,SWEET_2022-CASHF-001003,20220918,22,pyrologix,5,42-41,2022,0.0,0.006476770009612665,1,drone,1,9.489961992702219e-05,2580,0.0046500813764240876,True
GaussianBudget75M_TOPGrowing,SWITCHBACK_2022-CABDF-004966,20220314,11,pyrologix,3,206-88,2022,0.0,0.0025770790089154616,0,drone,1,9.489961992702219e-05,1245,0.004270482896715999,True
GaussianBudget75M_TOPGrowing,SWITZER_2022-CAANF-002733,20220820,18,pyrologix,1,none,2022,0.0,0.0027577250002650544,-1,undetected,1,9.489961992702219e-05,0,0.0,False
GaussianBudget75M_TOPGrowing,SWORD_2022-CASTF-001771,20220910,12,pyrologix,10,105-63,2022,0.0,0.003653738007415086,0,drone,1,9.489961992702219e-05,3995,0.0046500813764240876,True
GaussianBudget75M_TOPGrowing,Salmon_2_2022-CASRF-000549,20220722,0,pyrologix,10,27-19,2022,0.0,0.0032281989988405257,0,drone,1,9.489961992702219e-05,4060,0.0046500813764240876,True
GaussianBudget75M_TOPGrowing,Salmon__2022-CASRF-000204,20220407,17,pyrologix,10,26-25,2022,0.0,0.00470395501179155,0,drone,1,9.489961992702219e-05,4165,0.0046500813764240876,True
GaussianBudget75M_TOPGrowing,Sand_2022-CAINF-001596,20220727,18,pyrologix,11,none,2022,0.0,0.00219092499173712,-1,undetected,1,9.489961992702219e-05,0,0.0,False
GaussianBudget75M_TOPGrowing,Seco_2022-CALPF-001931,20220815,15,pyrologix,2,none,2022,0.0,0.002515309999580495,-1,undetected,1,9.489961992702219e-05,0,0.0,False
GaussianBudget75M_TOPGrowing,Signal_2022-CASRF-000803,20220911,15,pyrologix,11,none,2022,0.0,0.002223075003712438,-1,undetected,1,9.489961992702219e-05,0,0.0,False
GaussianBudget75M_TOPGrowing,Smith__2022-CASRF-000713,20220827,22,pyrologix,5,none,2022,0.0,0.0022392919927369803,-1,undetected,1,9.489961992702219e-05,0,0.0,False
GaussianBudget75M_TOPGrowing,Snake_2022-CAPNF-000887,20220618,21,pyrologix,6,72-57,2022,0.0,0.0061541899922303855,1,drone,1,9.489961992702219e-05,2910,0.0046500813764240876,True
GaussianBudget75M_TOPGrowing,Spanish__2022-CAPNF-002255,20221023,18,pyrologix,9,72-57,2022,0.0,0.006780480005545542,1,drone,1,9.489961992702219e-05,4025,0.0046500813764240876,True
GaussianBudget75M_TOPGrowing,Spike_2022-CASRF-000626,20220805,12,pyrologix,9,42-15,2022,625.5491786229977,0.0038351100083673373,0,drone,1,9.489961992702219e-05,3595,0.0046500813764240876,True
GaussianBudget75M_TOPGrowing,Sportshaven_2022-CASRF-000114,20220312,1,pyrologix,2,47-21,2022,0.0,0.003591790999053046,0,drone,1,9.489961992702219e-05,1065,0.0046500813764240876,True
GaussianBudget75M_TOPGrowing,Stagecoach_2022-CALPF-001845,20220807,17,pyrologix,2,none,2022,0.0,0.002194290005718358,-1,undetected,1,9.489961992702219e-05,0,0.0,False
GaussianBudget75M_TOPGrowing,Sunrise_2022-CACNF-000024,20220103,0,pyrologix,3,none,2022,0.0,0.002405688996077515,-1,undetected,1,9.489961992702219e-05,0,0.0,False
GaussianBudget75M_TOPGrowing,TANK_2022-CAMDF-000665,20220810,19,pyrologix,10,37-64,2022,0.0,0.004328566006734036,0,drone,1,9.489961992702219e-05,4075,0.0046500813764240876,True
GaussianBudget75M_TOPGrowing,TANNERY_2022-CASHF-000273,20220409,23,pyrologix,3,40-29,2022,0.0,0.005736188002629206,0,drone,1,9.489961992702219e-05,1460,0.0046500813764240876,True
GaussianBudget75M_TOPGrowing,TAVERN_2022-CACNF-001474,20220628,3,pyrologix,1,none,2022,0.0,0.002140672004316002,-1,undetected,1,9.489961992702219e-05,0,0.0,False
GaussianBudget75M_TOPGrowing,TC_PT23_2022-CACNF-000844,20220505,11,pyrologix,11,none,2022,0.0,0.0021996050054440275,-1,undetected,1,9.489961992702219e-05,0,0.0,False
GaussianBudget75M_TOPGrowing,TEMPLIN_2022-CAANF-001185,20220430,20,pyrologix,5,none,2022,0.0,0.0021403379942057654,-1,undetected,1,9.489961992702219e-05,0,0.0,False
GaussianBudget75M_TOPGrowing,TENNANT_2022-CAKNF-004139,20220603,0,pyrologix,2,27-52,2022,0.0,0.001726243004668504,0,drone,1,9.489961992702219e-05,800,0.0046500813764240876,True
GaussianBudget75M_TOPGrowing,TEXAS_2022-CAANF-001346,20220515,3,pyrologix,2,none,2022,0.0,0.002151308988686651,-1,undetected,1,9.489961992702219e-05,0,0.0,False
GaussianBudget75M_TOPGrowing,THOMPKINS_2022-CAKNF-007031,20220818,21,pyrologix,10,24-35,2022,0.0,0.0037300119874998927,0,drone,1,9.489961992702219e-05,4050,0.0046500813764240876,True
GaussianBudget75M_TOPGrowing,THREE_2022-CACNF-002526,20221022,19,pyrologix,4,none,2022,0.0,0.0021653790026903152,-1,undetected,1,9.489961992702219e-05,0,0.0,False
GaussianBudget75M_TOPGrowing,TIGER_2022-CASQF-002634,20221011,2,pyrologix,1,172-74,2022,0.0,0.002851994999218732,0,drone,1,9.489961992702219e-05,600,0.004555181756497065,True
GaussianBudget75M_TOPGrowing,TIMBER_2022-CAMDF-000593,20220805,20,pyrologix,2,none,2022,0.0,0.002138247000402771,-1,undetected,1,9.489961992702219e-05,0,0.0,False
GaussianBudget75M_TOPGrowing,TINTA_2022-CALPF-002186,20220905,12,pyrologix,12,none,2022,0.0,0.0022490809933515266,-1,undetected,1,9.489961992702219e-05,0,0.0,False
GaussianBudget75M_TOPGrowing,TITUS_2022-CAKNF-001199,20220215,19,pyrologix,10,16-26,2022,0.0,0.003584674996091053,0,drone,1,9.489961992702219e-05,3965,0.004555181756497065,True
GaussianBudget75M_TOPGrowing,TNF_MUTUAL_AID_2022-CATNF-000081,20220204,22,pyrologix,6,86-54,2022,0.0,0.004077101999428123,0,drone,1,9.489961992702219e-05,2640,0.0046500813764240876,True
GaussianBudget75M_TOPGrowing,TNF_SEPTEMBER_LIGHTNING_2022-CATNF-001364,20220906,12,pyrologix,10,79-56,2022,0.0,0.0034849730000132695,0,drone,1,9.489961992702219e-05,3940,0.0046500813764240876,True
GaussianBudget75M_TOPGrowing,TORO_2022-CALPF-002707,20221104,20,pyrologix,5,none,2022,0.0,0.0022024049976607785,-1,undetected,1,9.489961992702219e-05,0,0.0,False
GaussianBudget75M_TOPGrowing,TOWNSEND_2022-CAKNF-007020,20220818,0,pyrologix,1,24-35,2022,0.0,0.005192258002352901,1,drone,1,9.489961992702219e-05,945,0.0046500813764240876,True
GaussianBudget75M_TOPGrowing,TRAIL_2022-CABDF-003801,20220221,17,pyrologix,11,none,2022,0.0,0.0022422040055971593,-1,undetected,1,9.489961992702219e-05,0,0.0,False
GaussianBudget75M_TOPGrowing,TRAIL_2022-CABID-000972,20220531,9,pyrologix,3,none,2022,0.0,0.002138579002348706,-1,undetected,1,9.489961992702219e-05,0,0.0,False
GaussianBudget75M_TOPGrowing,TRAINGLE_2022-CAMDF-000741,20220819,17,pyrologix,8,none,2022,0.0,0.0023085400025593117,-1,undetected,1,9.489961992702219e-05,0,0.0,False
GaussianBudget75M_TOPGrowing,TRAINING_2022-CAANF-000001,20220404,14,pyrologix,11,none,2022,0.0,0.0022210349998204038,-1,undetected,1,9.489961992702219e-05,0,0.0,False
GaussianBudget75M_TOPGrowing,TREE_2_2022-CACNF-002474,20221017,13,pyrologix,8,228-94,2022,0.0,0.003942126000765711,0,drone,1,9.489961992702219e-05,3385,0.004555181756497065,True
GaussianBudget75M_TOPGrowing,TREE_2_2022-CAMVU-022381,20221017,14,pyrologix,8,228-94,2022,0.0,0.003946087002987042,0,drone,1,9.489961992702219e-05,3385,0.004555181756497065,True
GaussianBudget75M_TOPGrowing,TROUT_2022-CALNF-005198,20220923,18,pyrologix,5,51-53,2022,0.0,0.004223327006911859,0,drone,1,9.489961992702219e-05,2285,0.0046500813764240876,True
GaussianBudget75M_TOPGrowing,TRUCKEE_2022-CATNF-000439,20220502,13,pyrologix,12,80-65,2022,0.0,0.0055053910036804155,0,drone,1,9.489961992702219e-05,5070,0.0046500813764240876,True
GaussianBudget75M_TOPGrowing,TULE_2022-CASHF-000761,20220803,18,pyrologix,12,54-26,2022,0.0,0.004002879999461584,0,drone,1,9.489961992702219e-05,4895,0.0046500813764240876,True
GaussianBudget75M_TOPGrowing,TULE_2022-CASHU-008564,20220803,20,pyrologix,7,47-21,2022,0.0,0.005556131000048481,1,drone,1,9.489961992702219e-05,3210,0.0046500813764240876,True
GaussianBudget75M_TOPGrowing,TULLAMORE_2022-CAENF-031670,20221104,14,pyrologix,12,93-54,2022,0.0,0.004803355986950919,0,drone,1,9.489961992702219e-05,4975,0.0046500813764240876,True
GaussianBudget75M_TOPGrowing,TURNER_2022-CALNF-005161,20220922,13,pyrologix,9,55-47,2022,0.0,0.0037030759995104745,0,drone,1,9.489961992702219e-05,3770,0.0046500813764240876,True
GaussianBudget75M_TOPGrowing,TWIN_2022-CASNF-001581,20221029,22,pyrologix,2,132-72,2022,0.0,0.005628836996038444,1,drone,1,9.489961992702219e-05,1415,0.0046500813764240876,True
GaussianBudget75M_TOPGrowing,TYLER_2022-CAKNF-007104,20220819,18,pyrologix,5,21-28,2022,0.0,0.005828296998515725,1,drone,1,9.489961992702219e-05,2505,0.0046500813764240876,True
GaussianBudget75M_TOPGrowing,Tamarack_2022-CASHF-001167,20221026,20,pyrologix,1,35-36,2022,0.0,0.005244443003903143,1,drone,1,9.489961992702219e-05,990,0.0046500813764240876,True
GaussianBudget75M_TOPGrowing,Texas_2022-CASHF-000953,20220909,19,pyrologix,1,54-26,2022,0.0,0.00486595300026238,1,drone,1,9.489961992702219e-05,905,0.0046500813764240876,True
GaussianBudget75M_TOPGrowing,Tobin__2022-CAPNF-001671,20220824,18,pyrologix,10,69-50,2022,0.0,0.002859554995666258,0,drone,1,9.489961992702219e-05,4000,0.0046500813764240876,True
GaussianBudget75M_TOPGrowing,Toland_2022-CALPF-001326,20220622,12,pyrologix,6,none,2022,0.0,0.002327307011000812,-1,undetected,1,9.489961992702219e-05,0,0.0,False
GaussianBudget75M_TOPGrowing,Trabuco_2022-CACNF-000194,20220130,16,pyrologix,9,none,2022,0.0,0.0022356179979396984,-1,undetected,1,9.489961992702219e-05,0,0.0,False
GaussianBudget75M_TOPGrowing,Trinity_2022-CASHF-000615,20220709,19,pyrologix,3,42-34,2022,0.0,0.005643935000989586,1,drone,1,9.489961992702219e-05,1730,0.0046500813764240876,True
GaussianBudget75M_TOPGrowing,Turkey_2022-CALPF-000224,20220207,15,pyrologix,7,none,2022,0.0,0.002187546997447498,-1,undetected,1,9.489961992702219e-05,0,0.0,False
GaussianBudget75M_TOPGrowing,UNION_2022-CATNF-001458,20220925,21,pyrologix,2,79-56,2022,0.0,0.00208079899311997,0,drone,1,9.489961992702219e-05,870,0.004555181756497065,True
GaussianBudget75M_TOPGrowing,USHER_2022-CASHF-000246,20220331,22,pyrologix,4,35-36,2022,0.0,0.006088691996410489,1,drone,1,9.489961992702219e-05,2160,0.0046500813764240876,True
GaussianBudget75M_TOPGrowing,UTL_2022-CAANF-001846,20220622,22,pyrologix,2,none,2022,0.0,0.0021636120072798803,-1,undetected,1,9.489961992702219e-05,0,0.0,False
GaussianBudget75M_TOPGrowing,UTL_KENNEDY_2022-CAINF-001196,20220623,17,pyrologix,2,none,2022,0.0,0.0022108319972176105,-1,undetected,1,9.489961992702219e-05,0,0.0,False
GaussianBudget75M_TOPGrowing,VALENTINE__2022-CAINF-001579,20220725,23,pyrologix,11,none,2022,0.0,0.002789032005239278,-1,undetected,1,9.489961992702219e-05,0,0.0,False
GaussianBudget75M_TOPGrowing,VALE_2022-CAANF-002597,20220807,18,pyrologix,9,none,2022,0.0,0.002320151004823856,-1,undetected,1,9.489961992702219e-05,0,0.0,False
GaussianBudget75M_TOPGrowing,VALLEY_2022-CACNF-002040,20220822,15,pyrologix,7,none,2022,0.0,0.0022639080125372857,-1,undetected,1,9.489961992702219e-05,0,0.0,False
GaussianBudget75M_TOPGrowing,VALLEY_2022-CAMDF-000596,20220805,19,pyrologix,8,none,2022,0.0,0.002353760995902121,-1,undetected,1,9.489961992702219e-05,0,0.0,False
GaussianBudget75M_TOPGrowing,VALLE_2022-CABDF-006784,20220414,21,pyrologix,7,206-87,2022,0.0,0.0032140929979505017,0,drone,1,9.489961992702219e-05,2780,0.004460282136570043,True
GaussianBudget75M_TOPGrowing,VAQUERO_2022-CALAC-333540,20220930,16,pyrologix,9,none,2022,0.0,0.0021654890006175265,-1,undetected,1,9.489961992702219e-05,0,0.0,False
GaussianBudget75M_TOPGrowing,VERONICA_2022-CACNF-002758,20221125,3,pyrologix,2,none,2022,0.0,0.0020856379996985197,-1,undetected,1,9.489961992702219e-05,0,0.0,False
GaussianBudget75M_TOPGrowing,VIDA_2022-CAMDF-000595,20220805,22,pyrologix,3,none,2022,0.0,0.0021276369952829555,-1,undetected,1,9.489961992702219e-05,0,0.0,False
GaussianBudget75M_TOPGrowing,VIEWPOINT_Viewpoint_2022-CACNF-000189,20220130,6,pyrologix,7,none,2022,0.0,0.0020729929965455085,-1,undetected,1,9.489961992702219e-05,0,0.0,False
GaussianBudget75M_TOPGrowing,VIEW_2022-CACNF-001931,20220809,18,pyrologix,1,none,2022,0.0,0.0021776740031782538,-1,undetected,1,9.489961992702219e-05,0,0.0,False
GaussianBudget75M_TOPGrowing,VILLA_2022-CACNF-002259,20220917,20,pyrologix,1,none,2022,0.0,0.0020995040104025975,-1,undetected,1,9.489961992702219e-05,0,0.0,False
GaussianBudget75M_TOPGrowing,VILLE_2022-CATNF-000514,20220523,16,pyrologix,5,80-65,2022,0.0,0.004397578988573514,0,drone,1,9.489961992702219e-05,2340,0.0046500813764240876,True
GaussianBudget75M_TOPGrowing,VISTA_2022-CAANF-002399,20220725,23,pyrologix,6,none,2022,0.0,0.0020650869992095977,-1,undetected,1,9.489961992702219e-05,0,0.0,False
GaussianBudget75M_TOPGrowing,VISTA_2022-CALAC-248042,20220725,21,pyrologix,10,none,2022,0.0,0.002129925007466227,-1,undetected,1,9.489961992702219e-05,0,0.0,False
GaussianBudget75M_TOPGrowing,VISTA_2022-CATNF-000829,20220710,21,pyrologix,2,73-63,2022,0.0,0.003582704986911267,0,drone,1,9.489961992702219e-05,1060,0.0046500813764240876,True
GaussianBudget75M_TOPGrowing,VOGEL_2022-CAANF-002915,20220903,5,pyrologix,3,none,2022,0.0,0.002162076998502016,-1,undetected,1,9.489961992702219e-05,0,0.0,False
GaussianBudget75M_TOPGrowing,Valley__2022-CAPNF-002301,20221030,20,pyrologix,2,65-55,2022,0.0,0.005125604002387263,1,drone,1,9.489961992702219e-05,1345,0.004365382516643021,True
GaussianBudget75M_TOPGrowing,Viejas_2022-CACNF-000175,20220128,5,pyrologix,5,none,2022,0.0,0.002222373994300142,-1,undetected,1,9.489961992702219e-05,0,0.0,False
GaussianBudget75M_TOPGrowing,WAGON_TRAIN_2022-CABDF-008317,20220522,17,pyrologix,4,206-88,2022,0.0,0.003509667993057519,0,drone,1,9.489961992702219e-05,1745,0.004365382516643021,True
GaussianBudget75M_TOPGrowing,WALKER_2022-CAINF-001691,20220804,17,pyrologix,10,none,2022,0.0,0.0021277479972923175,-1,undetected,1,9.489961992702219e-05,0,0.0,False
GaussianBudget75M_TOPGrowing,WALKER_2022-CAKNF-006588,20220806,12,pyrologix,4,17-30,2022,0.0,0.005617253002128564,1,drone,1,9.489961992702219e-05,2105,0.004460282136570043,True
GaussianBudget75M_TOPGrowing,WALTER_2022-CAANF-002025,20220703,18,pyrologix,4,none,2022,0.0,0.002136948998668231,-1,undetected,1,9.489961992702219e-05,0,0.0,False
GaussianBudget75M_TOPGrowing,WASHED_2022-CABDF-006563,20220408,21,pyrologix,5,206-87,2022,0.0,0.004295991995604709,0,drone,1,9.489961992702219e-05,2180,0.004460282136570043,True
GaussianBudget75M_TOPGrowing,WASHINGTON_2022-CATNF-001329,20220904,14,pyrologix,12,86-54,2022,0.0,0.003949317993829027,0,drone,1,9.489961992702219e-05,4845,0.0046500813764240876,True
GaussianBudget75M_TOPGrowing,WATER_2022-CAANF-003255,20221003,18,pyrologix,9,none,2022,0.0,0.00220314999751281,-1,undetected,1,9.489961992702219e-05,0,0.0,False
GaussianBudget75M_TOPGrowing,WATSON_2022-CATMU-017364,20220701,13,pyrologix,11,none,2022,0.0,0.0021040390129201114,-1,undetected,1,9.489961992702219e-05,0,0.0,False
GaussianBudget75M_TOPGrowing,WEBER_2022-CAENF-016246,20220621,17,pyrologix,5,98-62,2022,0.0,0.003952968007070012,0,drone,1,9.489961992702219e-05,2270,0.0046500813764240876,True
GaussianBudget75M_TOPGrowing,WHALE_2022-CALNF-004843,20220906,18,pyrologix,7,53-62,2022,0.0,0.004185593003057875,0,drone,1,9.489961992702219e-05,3000,0.0046500813764240876,True
GaussianBudget75M_TOPGrowing,WHEELER_2022-CASTF-002002,20221013,16,pyrologix,3,105-63,2022,0.0,0.002243219001684338,0,drone,1,9.489961992702219e-05,1255,0.0046500813764240876,True
GaussianBudget75M_TOPGrowing,WHITAKER_2022-CAANF-002287,20220718,17,pyrologix,4,none,2022,0.0,0.002119247001246549,-1,undetected,1,9.489961992702219e-05,0,0.0,False
GaussianBudget75M_TOPGrowing,WHITLOW_2022-CASKU-002274,20220326,23,pyrologix,5,37-52,2022,0.0,0.0076808050071122125,0,drone,1,9.489961992702219e-05,2280,0.0046500813764240876,True
GaussianBudget75M_TOPGrowing,WIDOW_2022-CAMDF-000524,20220801,21,pyrologix,8,37-64,2022,0.0,0.003362664006999694,0,drone,1,9.489961992702219e-05,3265,0.0046500813764240876,True
GaussianBudget75M_TOPGrowing,WILCOX_2022-CALNF-002732,20220606,12,pyrologix,11,51-53,2022,0.0,0.005101467002532445,0,drone,1,9.489961992702219e-05,4650,0.0046500813764240876,True
GaussianBudget75M_TOPGrowing,WILCOX_2022-CALNF-004513,20220821,15,pyrologix,8,51-53,2022,0.0,0.0046505140053341165,0,drone,1,9.489961992702219e-05,3480,0.0046500813764240876,True
GaussianBudget75M_TOPGrowing,WILDWOOD_2022-CABDF-002435,20220208,5,pyrologix,4,none,2022,0.0,0.0021316239872248843,-1,undetected,1,9.489961992702219e-05,0,0.0,False
GaussianBudget75M_TOPGrowing,WILLOWS_2022-CACNF-001571,20220706,0,pyrologix,2,none,2022,0.0,0.0021950569935142994,-1,undetected,1,9.489961992702219e-05,0,0.0,False
GaussianBudget75M_TOPGrowing,WILLOW_2022-CAMDF-000576,20220804,23,pyrologix,1,none,2022,0.0,0.002086617998429574,-1,undetected,1,9.489961992702219e-05,0,0.0,False
GaussianBudget75M_TOPGrowing,WILLOW_2022-CATNF-000894,20220718,22,pyrologix,4,80-65,2022,0.0,0.004327062008087523,0,drone,1,9.489961992702219e-05,1940,0.0046500813764240876,True
GaussianBudget75M_TOPGrowing,WILSON__2022-CAANF-001835,20220622,12,pyrologix,8,none,2022,0.0,0.002077030992950313,-1,undetected,1,9.489961992702219e-05,0,0.0,False
GaussianBudget75M_TOPGrowing,WINDY_2022-CALNF-003884,20220726,8,pyrologix,5,none,2022,0.0,0.002134330992703326,-1,undetected,1,9.489961992702219e-05,0,0.0,False
GaussianBudget75M_TOPGrowing,WISHON_2022-CASQF-002089,20220815,16,pyrologix,11,159-73,2022,0.0,0.0042040089902002364,0,drone,1,9.489961992702219e-05,4530,0.0046500813764240876,True
GaussianBudget75M_TOPGrowing,WOODGLEN__2022-CAANF-002637,20220813,22,pyrologix,7,none,2022,0.0,0.002193299005739391,-1,undetected,1,9.489961992702219e-05,0,0.0,False
GaussianBudget75M_TOPGrowing,WOODS_2022-CAENF-014160,20220601,18,pyrologix,3,none,2022,0.0,0.0025814669934334233,-1,undetected,1,9.489961992702219e-05,0,0.0,False
GaussianBudget75M_TOPGrowing,WOOD_2022-CASHF-000731,20220730,13,pyrologix,5,40-29,2022,0.0,0.0033379570086253807,0,drone,1,9.489961992702219e-05,2175,0.0046500813764240876,True
GaussianBudget75M_TOPGrowing,WOOLEY_2022-CAKNF-006378,20220801,20,pyrologix,6,26-25,2022,0.0,0.006154135990072973,1,drone,1,9.489961992702219e-05,2905,0.0046500813764240876,True
GaussianBudget75M_TOPGrowing,WORLDS_2022-CABDF-012272,20220821,0,pyrologix,3,none,2022,0.0,0.002208421006798744,-1,undetected,1,9.489961992702219e-05,0,0.0,False
GaussianBudget75M_TOPGrowing,WORLDS_2022-CABDU-011960,20220821,23,pyrologix,5,none,2022,0.0,0.002214020991232246,-1,undetected,1,9.489961992702219e-05,0,0.0,False
GaussianBudget75M_TOPGrowing,WRECKUM_2022-CAENF-023570,20220821,0,pyrologix,3,98-62,2022,0.0,0.0037443889887072146,0,drone,1,9.489961992702219e-05,1490,0.0046500813764240876,True
GaussianBudget75M_TOPGrowing,Waterman_2022-CASRF-000630,20220805,17,pyrologix,2,32-17,2022,0.0,0.0029070009913994,0,drone,1,9.489961992702219e-05,980,0.0046500813764240876,True
GaussianBudget75M_TOPGrowing,West_2022-CALPF-001318,20220621,18,pyrologix,11,none,2022,0.0,0.002166289006709121,-1,undetected,1,9.489961992702219e-05,0,0.0,False
GaussianBudget75M_TOPGrowing,Wildcat__2022-CAPNF-002102,20221004,22,pyrologix,11,63-64,2022,0.0,0.0033494680101284757,0,drone,1,9.489961992702219e-05,4395,0.0046500813764240876,True
GaussianBudget75M_TOPGrowing,Wildwood_2022-CAPNF-000850,20220613,16,pyrologix,4,65-55,2022,0.0,0.00584571500075981,1,drone,1,9.489961992702219e-05,2150,0.004460282136570043,True
GaussianBudget75M_TOPGrowing,Wildwood_2022-CASHF-000985,20220914,10,pyrologix,8,47-27,2022,0.0,0.004215398002997972,0,drone,1,9.489961992702219e-05,3395,0.0046500813764240876,True
GaussianBudget75M_TOPGrowing,Williams_2022-CAPNF-001235,20220722,0,pyrologix,4,65-55,2022,0.0,0.005817047000164166,1,drone,1,9.489961992702219e-05,2190,0.004460282136570043,True
GaussianBudget75M_TOPGrowing,YELLOWJACKET_2022-CAKNF-007030,20220818,21,pyrologix,9,24-35,2022,0.0,0.004054543998790905,0,drone,1,9.489961992702219e-05,3690,0.0046500813764240876,True
GaussianBudget75M_TOPGrowing,YELLOW_2022-CAKNF-006277,20220731,1,pyrologix,12,24-35,2022,0.0,0.007186239003203809,1,drone,1,9.489961992702219e-05,5175,0.0046500813764240876,True
GaussianBudget75M_TOPGrowing,YETI_2022-CAKNF-006200,20220730,22,pyrologix,12,17-30,2022,0.0,0.0031104040099307895,0,drone,1,9.489961992702219e-05,4610,0.004555181756497065,True
GaussianBudget75M_TOPGrowing,YUBA__2022-CATNF-001384,20220908,20,pyrologix,6,80-65,2022,0.0,0.0032662890007486567,0,drone,1,9.489961992702219e-05,2520,0.0046500813764240876,True
GaussianBudget75M_TOPGrowing,ZOT_2022-CASHF-000584,20220703,17,pyrologix,2,28-39,2022,642.2014962909889,0.002241053996840492,0,drone,1,9.489961992702219e-05,860,0.004460282136570043,True
GaussianBudget75M_TOPGrowing,ZUNI_2022-CAANF-001826,20220622,4,pyrologix,2,none,2022,0.0,0.00219370199192781,-1,undetected,1,9.489961992702219e-05,0,0.0,False
GaussianBudget75M_TOPGrowing,mill_creek_1_2022-CAHIA-22-001,20220131,17,pyrologix,9,33-23,2022,0.0,0.004529755999101326,0,drone,1,9.489961992702219e-05,3870,0.0046500813764240876,True
