strategy_combo,scenario_name,date,sim_start_hour,log_key,offset,cluster,year,routing_compute_seconds,sim_replay_seconds,delta_t,device,fire_size_cells,fire_size_percentage,total_distance_traveled,percentage_map_explored,routed
GaussianBudget20M_LinearMinTime,1-1_MAPES_2022-CALMU-004450,20220818,12,pyrologix,6,none,2022,0.0,0.0,-1,undetected,1,9.489961992702219e-05,0,0.0,False
GaussianBudget20M_LinearMinTime,1-5_WILDCAT_2022-CALMU-004170,20220805,20,pyrologix,4,none,2022,0.0,0.0,-1,undetected,1,9.489961992702219e-05,0,0.0,False
GaussianBudget20M_LinearMinTime,2022_SQF_ABCD_MISC__2022-CASQF-001231,20220622,13,pyrologix,6,none,2022,0.0,0.0,-1,undetected,1,9.489961992702219e-05,0,0.0,False
GaussianBudget20M_LinearMinTime,3-1_CORDER_2022-CALMU-004055,20220801,17,pyrologix,2,none,2022,0.0,0.0,-1,undetected,1,9.489961992702219e-05,0,0.0,False
GaussianBudget20M_LinearMinTime,3-1_LOST_2022-CALMU-004455,20220818,14,pyrologix,8,none,2022,0.0,0.0,-1,undetected,1,9.489961992702219e-05,0,0.0,False
GaussianBudget20M_LinearMinTime,3-3_JUNIPER_2022-CALMU-004137,20220804,21,pyrologix,4,none,2022,0.0,0.0,-1,undetected,1,9.489961992702219e-05,0,0.0,False
GaussianBudget20M_LinearMinTime,3-4_MCCLURE_2022-CALMU-004136,20220804,20,pyrologix,6,none,2022,0.0,0.0,-1,undetected,1,9.489961992702219e-05,0,0.0,False
GaussianBudget20M_LinearMinTime,3-9_EAST_2022-CALMU-004244,20220809,10,pyrologix,5,none,2022,0.0,0.0,-1,undetected,1,9.489961992702219e-05,0,0.0,False
GaussianBudget20M_LinearMinTime,79_2022-CACNF-002116,20220903,6,pyrologix,8,none,2022,0.0,0.0,-1,undetected,1,9.489961992702219e-05,0,0.0,False
GaussianBudget20M_LinearMinTime,ACORN_2022-CASHF-000422,20220521,13,pyrologix,11,43-25,2022,0.0,0.0,0,drone,1,9.489961992702219e-05,4005,0.0046500813764240876,True
GaussianBudget20M_LinearMinTime,AIRPORT_2022-CAENF-016495,20220623,21,pyrologix,5,none,2022,0.0,0.0,-1,undetected,1,9.489961992702219e-05,0,0.0,False
GaussianBudget20M_LinearMinTime,ALEX_2022-CAKNF-006290,20220731,11,pyrologix,8,none,2022,0.0,0.0,-1,undetected,1,9.489961992702219e-05,0,0.0,False
GaussianBudget20M_LinearMinTime,ALISO_2022-CAANF-003283,20221007,0,pyrologix,4,none,2022,0.0,0.0,-1,undetected,1,9.489961992702219e-05,0,0.0,False
GaussianBudget20M_LinearMinTime,ALTO_2022-CABDF-012077,20220814,20,pyrologix,7,none,2022,0.0,0.0,-1,undetected,1,9.489961992702219e-05,0,0.0,False
GaussianBudget20M_LinearMinTime,ANDERSON__2022-CACNF-001371,20220620,18,pyrologix,11,none,2022,0.0,0.0,-1,undetected,1,9.489961992702219e-05,0,0.0,False
GaussianBudget20M_LinearMinTime,ANNIE_2022-CALPF-001810,20220804,17,pyrologix,8,none,2022,0.0,0.0,-1,undetected,1,9.489961992702219e-05,0,0.0,False
GaussianBudget20M_LinearMinTime,ANTELOPE_2022-CAMDF-000323,20220628,17,pyrologix,2,none,2022,0.0,0.0,-1,undetected,1,9.489961992702219e-05,0,0.0,False
GaussianBudget20M_LinearMinTime,APPLEGATE_2022-CAKNF-002489,20220402,18,pyrologix,4,21-32,2022,0.0,0.0,1,drone,1,9.489961992702219e-05,2275,0.004555181756497065,True
GaussianBudget20M_LinearMinTime,ASH_2022-CALPF-001994,20220820,18,pyrologix,7,none,2022,0.0,0.0,-1,undetected,1,9.489961992702219e-05,0,0.0,False
GaussianBudget20M_LinearMinTime,ASH_2022-CASTF-001481,20220813,15,pyrologix,12,109-61,2022,0.0,0.0,-1,undetected,1,9.489961992702219e-05,2845,0.004460282136570043,True
GaussianBudget20M_LinearMinTime,ASH_2022-CATNF-001338,20220905,22,pyrologix,7,none,2022,0.0,0.0,-1,undetected,1,9.489961992702219e-05,0,0.0,False
GaussianBudget20M_LinearMinTime,ASPENDELL_2022-CAINF-001173,20220621,21,pyrologix,6,none,2022,0.0,0.0,-1,undetected,1,9.489961992702219e-05,0,0.0,False
GaussianBudget20M_LinearMinTime,ASPEN_2022-CAENF-017949,20220706,16,pyrologix,3,none,2022,0.0,0.0,-1,undetected,1,9.489961992702219e-05,0,0.0,False
GaussianBudget20M_LinearMinTime,ASPEN_2022-CAMDF-000643,20220808,18,pyrologix,5,none,2022,0.0,0.0,-1,undetected,1,9.489961992702219e-05,0,0.0,False
GaussianBudget20M_LinearMinTime,AUSTIN_2022-CATNF-001000,20220730,10,pyrologix,9,none,2022,0.0,0.0,-1,undetected,1,9.489961992702219e-05,0,0.0,False
GaussianBudget20M_LinearMinTime,AZALEA_2022-CABDF-012393,20220823,23,pyrologix,1,none,2022,0.0,0.0,-1,undetected,1,9.489961992702219e-05,0,0.0,False
GaussianBudget20M_LinearMinTime,Ackerson_2022-CASTF-STF-1842,20220920,11,pyrologix,12,none,2022,0.0,0.0,-1,undetected,1,9.489961992702219e-05,0,0.0,False
GaussianBudget20M_LinearMinTime,Alamo_2022-CALPF-001331,20220622,17,pyrologix,8,none,2022,0.0,0.0,-1,undetected,1,9.489961992702219e-05,0,0.0,False
GaussianBudget20M_LinearMinTime,Ammon_2022-CASRF-000635,20220805,6,pyrologix,8,36-20,2022,0.0,0.0,0,drone,1,9.489961992702219e-05,3595,0.004270482896715999,True
GaussianBudget20M_LinearMinTime,Arroyo_2022-CALPF-000376,20220303,21,pyrologix,5,none,2022,0.0,0.0,-1,undetected,1,9.489961992702219e-05,0,0.0,False
GaussianBudget20M_LinearMinTime,BABBIT_2022-CATNF-000696,20220626,22,pyrologix,5,78-68,2022,0.0,0.0,0,drone,1,9.489961992702219e-05,2040,0.004175583276788976,True
GaussianBudget20M_LinearMinTime,BAILEY_2022-CAANF-002320,20220721,13,pyrologix,12,none,2022,0.0,0.0,-1,undetected,1,9.489961992702219e-05,0,0.0,False
GaussianBudget20M_LinearMinTime,BAKER_2022-CASQF-001270,20220624,14,pyrologix,5,169-77,2022,0.0,0.0,0,drone,1,9.489961992702219e-05,1940,0.004365382516643021,True
GaussianBudget20M_LinearMinTime,BALDY_2022-CAANF-001852,20220623,23,pyrologix,9,none,2022,0.0,0.0,-1,undetected,1,9.489961992702219e-05,0,0.0,False
GaussianBudget20M_LinearMinTime,BALDY_2022-CABDF-002467,20220209,20,pyrologix,11,none,2022,0.0,0.0,-1,undetected,1,9.489961992702219e-05,0,0.0,False
GaussianBudget20M_LinearMinTime,BALD_2022-CAPNF-001357,20220730,14,pyrologix,2,74-53,2022,0.0,0.0,0,drone,1,9.489961992702219e-05,1020,0.004460282136570043,True
GaussianBudget20M_LinearMinTime,BANNER_2022-CAINF-001469,20220716,19,pyrologix,11,none,2022,0.0,0.0,-1,undetected,1,9.489961992702219e-05,0,0.0,False
GaussianBudget20M_LinearMinTime,BARNES_2022-CAMDF-000896,20220907,21,pyrologix,4,none,2022,0.0,0.0,-1,undetected,1,9.489961992702219e-05,0,0.0,False
GaussianBudget20M_LinearMinTime,BARNEY_2022-CASHF-000173,20220311,16,pyrologix,12,43-25,2022,0.0,0.0,0,drone,1,9.489961992702219e-05,4540,0.0046500813764240876,True
GaussianBudget20M_LinearMinTime,BARN_2022-CACNF-001051,20220526,18,pyrologix,8,none,2022,0.0,0.0,-1,undetected,1,9.489961992702219e-05,0,0.0,False
GaussianBudget20M_LinearMinTime,BAR_2022-CAKNF-003718,20220519,20,pyrologix,1,21-32,2022,0.0,0.0,0,drone,1,9.489961992702219e-05,645,0.0036061855572268433,True
GaussianBudget20M_LinearMinTime,BAR_2022-CASNF-000339,20220506,19,pyrologix,4,none,2022,0.0,0.0,-1,undetected,1,9.489961992702219e-05,0,0.0,False
GaussianBudget20M_LinearMinTime,BASIN_2022-CABDF-014112,20221010,16,pyrologix,10,none,2022,0.0,0.0,-1,undetected,1,9.489961992702219e-05,0,0.0,False
GaussianBudget20M_LinearMinTime,BASIN_2022-CASNF-001644,20221126,15,pyrologix,11,none,2022,0.0,0.0,-1,undetected,1,9.489961992702219e-05,0,0.0,False
GaussianBudget20M_LinearMinTime,BEACROFT_2022-CATNF-001275,20220902,14,pyrologix,2,88-57,2022,0.0,0.0,0,drone,1,9.489961992702219e-05,940,0.003985784036934932,True
GaussianBudget20M_LinearMinTime,BEAN_2022-CALPF-002662,20221030,15,pyrologix,2,none,2022,0.0,0.0,-1,undetected,1,9.489961992702219e-05,0,0.0,False
GaussianBudget20M_LinearMinTime,BEAR_2022-CAANF-001197,20220501,9,pyrologix,1,none,2022,0.0,0.0,-1,undetected,1,9.489961992702219e-05,0,0.0,False
GaussianBudget20M_LinearMinTime,BEAR_2022-CABDF-013137,20220912,20,pyrologix,10,none,2022,0.0,0.0,-1,undetected,1,9.489961992702219e-05,0,0.0,False
GaussianBudget20M_LinearMinTime,BEAR_2022-CAMDF-000592,20220805,19,pyrologix,3,none,2022,0.0,0.0,-1,undetected,1,9.489961992702219e-05,0,0.0,False
GaussianBudget20M_LinearMinTime,BEAR_2022-CASKU-006701,20220809,13,pyrologix,7,40-50,2022,0.0,0.0,0,drone,1,9.489961992702219e-05,2785,0.004555181756497065,True
GaussianBudget20M_LinearMinTime,BEAR_2022-CASQF-002485,20220924,0,pyrologix,4,none,2022,0.0,0.0,-1,undetected,1,9.489961992702219e-05,0,0.0,False
GaussianBudget20M_LinearMinTime,BEAR_2022-CASTF-000836,20220616,20,pyrologix,1,none,2022,0.0,0.0,-1,undetected,1,9.489961992702219e-05,0,0.0,False
GaussianBudget20M_LinearMinTime,BEER_2022-CAINF-001769,20220813,20,pyrologix,6,none,2022,0.0,0.0,-1,undetected,1,9.489961992702219e-05,0,0.0,False
GaussianBudget20M_LinearMinTime,BEE_2022-CABDF-002238,20220205,16,pyrologix,7,none,2022,0.0,0.0,-1,undetected,1,9.489961992702219e-05,0,0.0,False
GaussianBudget20M_LinearMinTime,BELKNAP_2022-CASQF-001805,20220724,13,pyrologix,11,none,2022,0.0,0.0,-1,undetected,1,9.489961992702219e-05,0,0.0,False
GaussianBudget20M_LinearMinTime,BELL_2022-CAMDF-000549,20220802,19,pyrologix,9,none,2022,0.0,0.0,-1,undetected,1,9.489961992702219e-05,0,0.0,False
GaussianBudget20M_LinearMinTime,BENJAMIN_2022-CAKNF-001866,20220310,17,pyrologix,4,none,2022,0.0,0.0,-1,undetected,1,9.489961992702219e-05,0,0.0,False
GaussianBudget20M_LinearMinTime,BEN_2022-CAANF-003339,20221013,16,pyrologix,3,none,2022,0.0,0.0,-1,undetected,1,9.489961992702219e-05,0,0.0,False
GaussianBudget20M_LinearMinTime,BERRY_2022-CATNF-001201,20220822,22,pyrologix,4,none,2022,0.0,0.0,-1,undetected,1,9.489961992702219e-05,0,0.0,False
GaussianBudget20M_LinearMinTime,BICHOTA_2022-CAANF-003475,20221030,13,pyrologix,9,none,2022,0.0,0.0,-1,undetected,1,9.489961992702219e-05,0,0.0,False
GaussianBudget20M_LinearMinTime,BIG_2022-CAANF-000779,20220325,21,pyrologix,8,none,2022,0.0,0.0,-1,undetected,1,9.489961992702219e-05,0,0.0,False
GaussianBudget20M_LinearMinTime,BIG_2022-CAINF-001643,20220801,21,pyrologix,9,none,2022,0.0,0.0,-1,undetected,1,9.489961992702219e-05,0,0.0,False
GaussianBudget20M_LinearMinTime,BLACKBERRY_2022-CAKNF-009020,20221011,12,pyrologix,9,none,2022,0.0,0.0,-1,undetected,1,9.489961992702219e-05,0,0.0,False
GaussianBudget20M_LinearMinTime,BLACK_2022-CABDF-010481,20220705,2,pyrologix,5,none,2022,0.0,0.0,-1,undetected,1,9.489961992702219e-05,0,0.0,False
GaussianBudget20M_LinearMinTime,BLACK_2022-CASHF-001052,20220927,17,pyrologix,11,none,2022,0.0,0.0,-1,undetected,1,9.489961992702219e-05,0,0.0,False
GaussianBudget20M_LinearMinTime,BLOSSOM_2022-CABDF-009708,20220621,16,pyrologix,6,none,2022,0.0,0.0,-1,undetected,1,9.489961992702219e-05,0,0.0,False
GaussianBudget20M_LinearMinTime,BLUE_2022-CAKNF-006308,20220731,17,pyrologix,7,21-32,2022,0.0,0.0,0,drone,1,9.489961992702219e-05,2915,0.004555181756497065,True
GaussianBudget20M_LinearMinTime,BLUE_2022-CASHF-000765,20220804,23,pyrologix,3,none,2022,0.0,0.0,-1,undetected,1,9.489961992702219e-05,0,0.0,False
GaussianBudget20M_LinearMinTime,BLUE_CANYON_2022-CAKNF-006483,20220804,22,pyrologix,6,none,2022,0.0,0.0,-1,undetected,1,9.489961992702219e-05,0,0.0,False
GaussianBudget20M_LinearMinTime,BLUE__2022-CAANF-001567,20220531,0,pyrologix,3,none,2022,0.0,0.0,-1,undetected,1,9.489961992702219e-05,0,0.0,False
GaussianBudget20M_LinearMinTime,BLUFF_2022-CAINF-001703,20220806,15,pyrologix,7,none,2022,0.0,0.0,-1,undetected,1,9.489961992702219e-05,0,0.0,False
GaussianBudget20M_LinearMinTime,BOBCAT_2022-CACNF-001542,20220703,17,pyrologix,4,none,2022,0.0,0.0,-1,undetected,1,9.489961992702219e-05,0,0.0,False
GaussianBudget20M_LinearMinTime,BOCA_2022-CATNF-000710,20220629,18,pyrologix,4,none,2022,0.0,0.0,-1,undetected,1,9.489961992702219e-05,0,0.0,False
GaussianBudget20M_LinearMinTime,BOCA_2_2022-CATNF-001022,20220801,8,pyrologix,9,none,2022,0.0,0.0,-1,undetected,1,9.489961992702219e-05,0,0.0,False
GaussianBudget20M_LinearMinTime,BORDER_2022-CAMDF-000651,20220809,9,pyrologix,8,none,2022,0.0,0.0,-1,undetected,1,9.489961992702219e-05,0,0.0,False
GaussianBudget20M_LinearMinTime,BOTANICAL_2022-CALPF-002665,20221030,14,pyrologix,10,none,2022,0.0,0.0,-1,undetected,1,9.489961992702219e-05,0,0.0,False
GaussianBudget20M_LinearMinTime,BOULDER_2022-CAINF-001582,20220725,14,pyrologix,9,none,2022,0.0,0.0,-1,undetected,1,9.489961992702219e-05,0,0.0,False
GaussianBudget20M_LinearMinTime,BOUQUET_2022-CAANF-001564,20220530,16,pyrologix,10,none,2022,0.0,0.0,-1,undetected,1,9.489961992702219e-05,0,0.0,False
GaussianBudget20M_LinearMinTime,BOX_2022-CAKNF-007027,20220818,21,pyrologix,9,21-32,2022,0.0,0.0,3,drone,1,9.489961992702219e-05,4835,0.0046500813764240876,True
GaussianBudget20M_LinearMinTime,BRADLY_2022-CABDF-009396,20220614,19,pyrologix,7,none,2022,0.0,0.0,-1,undetected,1,9.489961992702219e-05,0,0.0,False
GaussianBudget20M_LinearMinTime,BRAKE_2022-CAANF-001466,20220525,12,pyrologix,12,none,2022,0.0,0.0,-1,undetected,1,9.489961992702219e-05,0,0.0,False
GaussianBudget20M_LinearMinTime,BRONCO_2022-CABDF-012134,20220817,17,pyrologix,5,none,2022,0.0,0.0,-1,undetected,1,9.489961992702219e-05,0,0.0,False
GaussianBudget20M_LinearMinTime,BROWN_2022-CALMU-006355,20221125,3,pyrologix,4,none,2022,0.0,0.0,-1,undetected,1,9.489961992702219e-05,0,0.0,False
GaussianBudget20M_LinearMinTime,BROWN_2022-CASQF-002517,20220927,20,pyrologix,2,none,2022,0.0,0.0,-1,undetected,1,9.489961992702219e-05,0,0.0,False
GaussianBudget20M_LinearMinTime,BRUSHY_2022-CASHF-000670,20220720,19,pyrologix,6,none,2022,0.0,0.0,-1,undetected,1,9.489961992702219e-05,0,0.0,False
GaussianBudget20M_LinearMinTime,BRYANT_2022-CAANF-003714,20221130,1,pyrologix,1,none,2022,0.0,0.0,-1,undetected,1,9.489961992702219e-05,0,0.0,False
GaussianBudget20M_LinearMinTime,BULL_2022-CALPF-001028,20220524,20,pyrologix,4,none,2022,0.0,0.0,-1,undetected,1,9.489961992702219e-05,0,0.0,False
GaussianBudget20M_LinearMinTime,BURRO_2022-CAANF-003334,20221012,17,pyrologix,10,none,2022,0.0,0.0,-1,undetected,1,9.489961992702219e-05,0,0.0,False
GaussianBudget20M_LinearMinTime,BUS_2022-CAANF-003703,20221127,21,pyrologix,4,none,2022,0.0,0.0,-1,undetected,1,9.489961992702219e-05,0,0.0,False
GaussianBudget20M_LinearMinTime,BUTTE_2022-CAKNF-006557,20220805,12,pyrologix,8,23-46,2022,0.0,0.0,2,drone,1,9.489961992702219e-05,3805,0.0046500813764240876,True
GaussianBudget20M_LinearMinTime,BYPASS__2022-CABDF-002167,20220205,22,pyrologix,5,none,2022,0.0,0.0,-1,undetected,1,9.489961992702219e-05,0,0.0,False
GaussianBudget20M_LinearMinTime,Bark_Shanty_2022-CASRF-000110,20220308,18,pyrologix,8,none,2022,0.0,0.0,-1,undetected,1,9.489961992702219e-05,0,0.0,False
GaussianBudget20M_LinearMinTime,Beaver_2022-CAPNF-001186,20220717,16,pyrologix,11,74-53,2022,0.0,0.0,2,drone,1,9.489961992702219e-05,5025,0.0046500813764240876,True
GaussianBudget20M_LinearMinTime,Beebe_2022-CASRF-000349,20220527,15,pyrologix,3,36-20,2022,0.0,0.0,3,drone,1,9.489961992702219e-05,2410,0.0033214866974457763,True
GaussianBudget20M_LinearMinTime,Bell__2022-CAPNF-001745,20220903,16,pyrologix,11,67-55,2022,0.0,0.0,-1,undetected,1,9.489961992702219e-05,4645,0.004460282136570043,True
GaussianBudget20M_LinearMinTime,Big_Bar_2022-CASRF-000883,20221012,0,pyrologix,10,none,2022,0.0,0.0,-1,undetected,1,9.489961992702219e-05,0,0.0,False
GaussianBudget20M_LinearMinTime,Bison_2022-CALPF-000531,20220326,20,pyrologix,11,none,2022,0.0,0.0,-1,undetected,1,9.489961992702219e-05,0,0.0,False
GaussianBudget20M_LinearMinTime,Blue_2022-CASRF-000186,20220331,16,pyrologix,4,none,2022,0.0,0.0,-1,undetected,1,9.489961992702219e-05,0,0.0,False
GaussianBudget20M_LinearMinTime,Blue_Jay_2022-CACNF-000342,20220220,22,pyrologix,2,none,2022,0.0,0.0,-1,undetected,1,9.489961992702219e-05,0,0.0,False
GaussianBudget20M_LinearMinTime,Boatman_2022-CASRF-000619,20220805,7,pyrologix,10,36-20,2022,0.0,0.0,0,drone,1,9.489961992702219e-05,4050,0.004270482896715999,True
GaussianBudget20M_LinearMinTime,Boise_2022-CASRF-000411,20220613,18,pyrologix,10,36-20,2022,0.0,0.0,0,drone,1,9.489961992702219e-05,4050,0.004270482896715999,True
GaussianBudget20M_LinearMinTime,Bosley_2022-CACNF-000078,20220111,21,pyrologix,5,none,2022,0.0,0.0,-1,undetected,1,9.489961992702219e-05,0,0.0,False
GaussianBudget20M_LinearMinTime,Bravo_2022-CASRF-000622,20220805,10,pyrologix,9,36-20,2022,0.0,0.0,0,drone,1,9.489961992702219e-05,3710,0.004270482896715999,True
GaussianBudget20M_LinearMinTime,Bremer_2022-CASRF-000623,20220805,8,pyrologix,12,36-20,2022,0.0,0.0,1,drone,1,9.489961992702219e-05,5240,0.004460282136570043,True
GaussianBudget20M_LinearMinTime,Bridge_2022-CALPF-001017,20220522,21,pyrologix,5,none,2022,0.0,0.0,-1,undetected,1,9.489961992702219e-05,0,0.0,False
GaussianBudget20M_LinearMinTime,Bucks__2022-CAPNF-000761,20220604,10,pyrologix,10,67-55,2022,0.0,0.0,0,drone,1,9.489961992702219e-05,4085,0.004460282136570043,True
GaussianBudget20M_LinearMinTime,Butterfly_2022-CAPNF-001669,20220824,18,pyrologix,7,67-55,2022,0.0,0.0,0,drone,1,9.489961992702219e-05,2825,0.004270482896715999,True
GaussianBudget20M_LinearMinTime,Butterfly_2022-CAPNF-002295,20221030,11,pyrologix,6,67-55,2022,0.0,0.0,0,drone,1,9.489961992702219e-05,2450,0.0040806836568619545,True
GaussianBudget20M_LinearMinTime,Buzzard_2022-CATNF-001557,20221016,23,pyrologix,4,none,2022,0.0,0.0,-1,undetected,1,9.489961992702219e-05,0,0.0,False
GaussianBudget20M_LinearMinTime,CABIN_2022-CAANF-003337,20221013,13,pyrologix,6,none,2022,0.0,0.0,-1,undetected,1,9.489961992702219e-05,0,0.0,False
GaussianBudget20M_LinearMinTime,CABLE_2022-CAAEU-020435,20220726,20,pyrologix,7,95-57,2022,0.0,0.0,1,drone,1,9.489961992702219e-05,2995,0.0046500813764240876,True
GaussianBudget20M_LinearMinTime,CACTUS__2022-CABDF-007448,20220430,15,pyrologix,10,none,2022,0.0,0.0,-1,undetected,1,9.489961992702219e-05,0,0.0,False
GaussianBudget20M_LinearMinTime,CAJON_2022-CABDF-009305,20220613,8,pyrologix,6,none,2022,0.0,0.0,-1,undetected,1,9.489961992702219e-05,0,0.0,False
GaussianBudget20M_LinearMinTime,CALLAHAN_2022-CAKNF-007153,20220821,18,pyrologix,12,none,2022,0.0,0.0,-1,undetected,1,9.489961992702219e-05,0,0.0,False
GaussianBudget20M_LinearMinTime,CAMPGROUND_2022-CASQF-001266,20220624,22,pyrologix,4,none,2022,0.0,0.0,-1,undetected,1,9.489961992702219e-05,0,0.0,False
GaussianBudget20M_LinearMinTime,CAMP_2022-CAANF-001705,20220612,23,pyrologix,6,none,2022,0.0,0.0,-1,undetected,1,9.489961992702219e-05,0,0.0,False
GaussianBudget20M_LinearMinTime,CAMP_2022-CABDF-006949,20220417,18,pyrologix,6,none,2022,0.0,0.0,-1,undetected,1,9.489961992702219e-05,0,0.0,False
GaussianBudget20M_LinearMinTime,CANDY_2022-CACNF-000413,20220303,14,pyrologix,12,none,2022,0.0,0.0,-1,undetected,1,9.489961992702219e-05,0,0.0,False
GaussianBudget20M_LinearMinTime,CANNELL_2022-CASQF-001251,20220623,14,pyrologix,5,none,2022,0.0,0.0,-1,undetected,1,9.489961992702219e-05,0,0.0,False
GaussianBudget20M_LinearMinTime,CANYON_2022-CABDF-014978,20221028,21,pyrologix,3,none,2022,0.0,0.0,-1,undetected,1,9.489961992702219e-05,0,0.0,False
GaussianBudget20M_LinearMinTime,CANYON_2022-CACNF-001665,20220714,18,pyrologix,6,none,2022,0.0,0.0,-1,undetected,1,9.489961992702219e-05,0,0.0,False
GaussianBudget20M_LinearMinTime,CANYON_2022-CALPF-002421,20221001,17,pyrologix,7,none,2022,0.0,0.0,-1,undetected,1,9.489961992702219e-05,0,0.0,False
GaussianBudget20M_LinearMinTime,CAPRA_2022-CAANF-003323,20221011,13,pyrologix,12,none,2022,0.0,0.0,-1,undetected,1,9.489961992702219e-05,0,0.0,False
GaussianBudget20M_LinearMinTime,CARGO_2022-CAANF-001001,20220415,21,pyrologix,12,none,2022,0.0,0.0,-1,undetected,1,9.489961992702219e-05,0,0.0,False
GaussianBudget20M_LinearMinTime,CARISO_2022-CACNF-000934,20220515,3,pyrologix,1,none,2022,0.0,0.0,-1,undetected,1,9.489961992702219e-05,0,0.0,False
GaussianBudget20M_LinearMinTime,CARISO_2022-CARRU-069541,20220515,0,pyrologix,6,none,2022,0.0,0.0,-1,undetected,1,9.489961992702219e-05,0,0.0,False
GaussianBudget20M_LinearMinTime,CARMEL_2022-CALPF-001234,20220613,19,pyrologix,5,none,2022,0.0,0.0,-1,undetected,1,9.489961992702219e-05,0,0.0,False
GaussianBudget20M_LinearMinTime,CARMEN_2022-CAKNF-006432,20220803,23,pyrologix,5,none,2022,0.0,0.0,-1,undetected,1,9.489961992702219e-05,0,0.0,False
GaussianBudget20M_LinearMinTime,CARSON_2022-CAAEU-016273,20220621,17,pyrologix,8,95-57,2022,0.0,0.0,1,drone,1,9.489961992702219e-05,3355,0.0046500813764240876,True
GaussianBudget20M_LinearMinTime,CASTILE_2022-CABDF-007822,20220510,19,pyrologix,9,none,2022,0.0,0.0,-1,undetected,1,9.489961992702219e-05,0,0.0,False
GaussianBudget20M_LinearMinTime,CASUSE__2022-CAMDF-000350,20220703,19,pyrologix,11,none,2022,0.0,0.0,-1,undetected,1,9.489961992702219e-05,0,0.0,False
GaussianBudget20M_LinearMinTime,CAT_2022-CAANF-003131,20220918,20,pyrologix,8,none,2022,0.0,0.0,-1,undetected,1,9.489961992702219e-05,0,0.0,False
GaussianBudget20M_LinearMinTime,CAT_2022-CAENF-027328,20220924,15,pyrologix,7,102-57,2022,0.0,0.0,-1,undetected,1,9.489961992702219e-05,1395,0.0036061855572268433,True
GaussianBudget20M_LinearMinTime,CEDAR_2022-CAAEU-029099,20221011,23,pyrologix,9,95-57,2022,0.0,0.0,0,drone,1,9.489961992702219e-05,3355,0.0046500813764240876,True
GaussianBudget20M_LinearMinTime,CEDAR_2022-CALNF-005894,20221030,17,pyrologix,1,none,2022,0.0,0.0,-1,undetected,1,9.489961992702219e-05,0,0.0,False
GaussianBudget20M_LinearMinTime,CEDAR_2022-CAMDF-000650,20220809,2,pyrologix,6,none,2022,0.0,0.0,-1,undetected,1,9.489961992702219e-05,0,0.0,False
GaussianBudget20M_LinearMinTime,CEDAR_2022-CASHF-001071,20221001,11,pyrologix,12,43-18,2022,0.0,0.0,5,drone,1,9.489961992702219e-05,6910,0.0046500813764240876,True
GaussianBudget20M_LinearMinTime,CEDAR_2022-CASKU-007792,20220907,16,pyrologix,6,none,2022,0.0,0.0,-1,undetected,1,9.489961992702219e-05,0,0.0,False
GaussianBudget20M_LinearMinTime,CHASE_2022-CACNF-001567,20220705,13,pyrologix,12,none,2022,0.0,0.0,-1,undetected,1,9.489961992702219e-05,0,0.0,False
GaussianBudget20M_LinearMinTime,CHERRY_2022-CAANF-001728,20220613,20,pyrologix,5,none,2022,0.0,0.0,-1,undetected,1,9.489961992702219e-05,0,0.0,False
GaussianBudget20M_LinearMinTime,CHERRY_2022-CAKNF-007311,20220826,21,pyrologix,8,21-32,2022,0.0,0.0,0,drone,1,9.489961992702219e-05,3280,0.004555181756497065,True
GaussianBudget20M_LinearMinTime,CHERRY_2022-CASKU-007616,20220903,13,pyrologix,7,21-39,2022,0.0,0.0,0,drone,1,9.489961992702219e-05,2935,0.0046500813764240876,True
GaussianBudget20M_LinearMinTime,CHERRY_2022-CASTF-000707,20220529,21,pyrologix,4,none,2022,0.0,0.0,-1,undetected,1,9.489961992702219e-05,0,0.0,False
GaussianBudget20M_LinearMinTime,CHERRY__2022-CASQF-001669,20220716,0,pyrologix,2,none,2022,0.0,0.0,-1,undetected,1,9.489961992702219e-05,0,0.0,False
GaussianBudget20M_LinearMinTime,CHILAO_RX_2022-CAANF-000476,20220221,21,pyrologix,7,none,2022,0.0,0.0,-1,undetected,1,9.489961992702219e-05,0,0.0,False
GaussianBudget20M_LinearMinTime,CHINA_2022-CASHF-000735,20220730,21,pyrologix,5,50-25,2022,0.0,0.0,-1,undetected,1,9.489961992702219e-05,2450,0.004365382516643021,True
GaussianBudget20M_LinearMinTime,CHINA_2022-CATNF-000889,20220717,18,pyrologix,2,88-57,2022,0.0,0.0,0,drone,1,9.489961992702219e-05,780,0.00389088441700791,True
GaussianBudget20M_LinearMinTime,CHIPMUNK_2022-CASTF-001374,20220801,22,pyrologix,6,none,2022,0.0,0.0,-1,undetected,1,9.489961992702219e-05,0,0.0,False
GaussianBudget20M_LinearMinTime,CHUTE_2022-CALNF-005052,20220916,21,pyrologix,6,none,2022,0.0,0.0,-1,undetected,1,9.489961992702219e-05,0,0.0,False
GaussianBudget20M_LinearMinTime,CHUTE_2_2022-CALNF-005054,20220917,21,pyrologix,7,none,2022,0.0,0.0,-1,undetected,1,9.489961992702219e-05,0,0.0,False
GaussianBudget20M_LinearMinTime,CIENAGA_2022-CABDF-013642,20220928,21,pyrologix,1,none,2022,0.0,0.0,-1,undetected,1,9.489961992702219e-05,0,0.0,False
GaussianBudget20M_LinearMinTime,CITY_2022-CAINF-001017,20220605,22,pyrologix,3,none,2022,0.0,0.0,-1,undetected,1,9.489961992702219e-05,0,0.0,False
GaussianBudget20M_LinearMinTime,CITY_CREEK_2022-CABDF-000823,20220111,8,pyrologix,4,none,2022,0.0,0.0,-1,undetected,1,9.489961992702219e-05,0,0.0,False
GaussianBudget20M_LinearMinTime,CLARA_2022-CALAC-003782,20220104,0,pyrologix,9,none,2022,0.0,0.0,-1,undetected,1,9.489961992702219e-05,0,0.0,False
GaussianBudget20M_LinearMinTime,CLEAR_2022-CASHF-000804,20220810,17,pyrologix,7,37-43,2022,0.0,0.0,2,drone,1,9.489961992702219e-05,3690,0.0046500813764240876,True
GaussianBudget20M_LinearMinTime,CLOUDLAND__2022-CABDF-011721,20220803,16,pyrologix,12,none,2022,0.0,0.0,-1,undetected,1,9.489961992702219e-05,0,0.0,False
GaussianBudget20M_LinearMinTime,CLOUD_2022-CABDF-002605,20220212,2,pyrologix,6,none,2022,0.0,0.0,-1,undetected,1,9.489961992702219e-05,0,0.0,False
GaussianBudget20M_LinearMinTime,COBBLESTONE_2022-CAENF-014019,20220531,11,pyrologix,12,none,2022,0.0,0.0,-1,undetected,1,9.489961992702219e-05,0,0.0,False
GaussianBudget20M_LinearMinTime,COFFEE_2022-CASHF-000727,20220729,18,pyrologix,4,none,2022,0.0,0.0,-1,undetected,1,9.489961992702219e-05,0,0.0,False
GaussianBudget20M_LinearMinTime,COLDWATER_2022-CABDF-010684,20220710,16,pyrologix,3,none,2022,0.0,0.0,-1,undetected,1,9.489961992702219e-05,0,0.0,False
GaussianBudget20M_LinearMinTime,COLD_2022-CABDF-010816,20220713,4,pyrologix,5,none,2022,0.0,0.0,-1,undetected,1,9.489961992702219e-05,0,0.0,False
GaussianBudget20M_LinearMinTime,COLD_2022-CAKNF-007065,20220818,18,pyrologix,2,21-32,2022,0.0,0.0,1,drone,1,9.489961992702219e-05,1365,0.004365382516643021,True
GaussianBudget20M_LinearMinTime,COLD_2022-CASNF-001542,20221020,14,pyrologix,12,none,2022,0.0,0.0,-1,undetected,1,9.489961992702219e-05,0,0.0,False
GaussianBudget20M_LinearMinTime,CONANT_2022-CASHF-000736,20220731,10,pyrologix,4,37-43,2022,0.0,0.0,0,drone,1,9.489961992702219e-05,1960,0.004555181756497065,True
GaussianBudget20M_LinearMinTime,CONVICT_2022-CAINF-000856,20220515,19,pyrologix,2,none,2022,0.0,0.0,-1,undetected,1,9.489961992702219e-05,0,0.0,False
GaussianBudget20M_LinearMinTime,COOK_2022-CABDF-005145,20220318,14,pyrologix,6,none,2022,0.0,0.0,-1,undetected,1,9.489961992702219e-05,0,0.0,False
GaussianBudget20M_LinearMinTime,CORRAL_2022-CALNF-005348,20221001,9,pyrologix,10,none,2022,0.0,0.0,-1,undetected,1,9.489961992702219e-05,0,0.0,False
GaussianBudget20M_LinearMinTime,CORRAL_2022-CASQF-002025,20220809,16,pyrologix,11,none,2022,0.0,0.0,-1,undetected,1,9.489961992702219e-05,0,0.0,False
GaussianBudget20M_LinearMinTime,CORRINE_2022-CAMMU-019359,20220830,2,pyrologix,11,none,2022,0.0,0.0,-1,undetected,1,9.489961992702219e-05,0,0.0,False
GaussianBudget20M_LinearMinTime,COTTONWOOD_2022-CALPF-001352,20220624,17,pyrologix,4,none,2022,0.0,0.0,-1,undetected,1,9.489961992702219e-05,0,0.0,False
GaussianBudget20M_LinearMinTime,COUGAR_2022-CASQF-001733,20220720,20,pyrologix,3,none,2022,0.0,0.0,-1,undetected,1,9.489961992702219e-05,0,0.0,False
GaussianBudget20M_LinearMinTime,COVE_2022-CALNF-005200,20220923,18,pyrologix,8,none,2022,0.0,0.0,-1,undetected,1,9.489961992702219e-05,0,0.0,False
GaussianBudget20M_LinearMinTime,COW_2022-CAANF-003324,20221011,17,pyrologix,9,none,2022,0.0,0.0,-1,undetected,1,9.489961992702219e-05,0,0.0,False
GaussianBudget20M_LinearMinTime,COYOTE_2022-CAANF-002380,20220724,9,pyrologix,1,none,2022,0.0,0.0,-1,undetected,1,9.489961992702219e-05,0,0.0,False
GaussianBudget20M_LinearMinTime,CRAWFORD__2022-CASQF-001737,20220721,1,pyrologix,2,none,2022,0.0,0.0,-1,undetected,1,9.489961992702219e-05,0,0.0,False
GaussianBudget20M_LinearMinTime,CREEK_2022-CABDF-002845,20220216,0,pyrologix,12,none,2022,0.0,0.0,-1,undetected,1,9.489961992702219e-05,0,0.0,False
GaussianBudget20M_LinearMinTime,CREEK_2022-CAHUU-007532,20220806,20,pyrologix,11,36-20,2022,0.0,0.0,0,drone,1,9.489961992702219e-05,4590,0.004460282136570043,True
GaussianBudget20M_LinearMinTime,CREEK_2022-CAMDF-000679,20220810,19,pyrologix,4,none,2022,0.0,0.0,-1,undetected,1,9.489961992702219e-05,0,0.0,False
GaussianBudget20M_LinearMinTime,CREEK_2022-CAORC-014704,20220130,19,pyrologix,5,none,2022,0.0,0.0,-1,undetected,1,9.489961992702219e-05,0,0.0,False
GaussianBudget20M_LinearMinTime,CREST_2022-CABDF-013612,20220928,20,pyrologix,9,none,2022,0.0,0.0,-1,undetected,1,9.489961992702219e-05,0,0.0,False
GaussianBudget20M_LinearMinTime,CROSSING__2022-CAANF-003539,20221106,18,pyrologix,4,none,2022,0.0,0.0,-1,undetected,1,9.489961992702219e-05,0,0.0,False
GaussianBudget20M_LinearMinTime,CROSSOVER_2022-CAANF-003068,20220913,16,pyrologix,2,none,2022,0.0,0.0,-1,undetected,1,9.489961992702219e-05,0,0.0,False
GaussianBudget20M_LinearMinTime,CROSSOVER_2022-CALAC-137928,20220426,0,pyrologix,3,none,2022,0.0,0.0,-1,undetected,1,9.489961992702219e-05,0,0.0,False
GaussianBudget20M_LinearMinTime,CURLY_2022-CAKNF-006994,20220817,4,pyrologix,6,none,2022,0.0,0.0,-1,undetected,1,9.489961992702219e-05,0,0.0,False
GaussianBudget20M_LinearMinTime,Cabin_2022-CASRF-000836,20220925,6,pyrologix,7,36-20,2022,0.0,0.0,0,drone,1,9.489961992702219e-05,2900,0.00389088441700791,True
GaussianBudget20M_LinearMinTime,Campbell_2022-CASRF-000616,20220805,9,pyrologix,4,36-20,2022,0.0,0.0,0,drone,1,9.489961992702219e-05,1780,0.0033214866974457763,True
GaussianBudget20M_LinearMinTime,Cap__2022-CASRF-000846,20220928,16,pyrologix,1,none,2022,0.0,0.0,-1,undetected,1,9.489961992702219e-05,0,0.0,False
GaussianBudget20M_LinearMinTime,Cape_2022-CAPNF-001343,20220729,17,pyrologix,10,67-55,2022,0.0,0.0,-1,undetected,1,9.489961992702219e-05,4645,0.004460282136570043,True
GaussianBudget20M_LinearMinTime,Castella_2022-CASHF-000669,20220720,17,pyrologix,7,37-43,2022,0.0,0.0,0,drone,1,9.489961992702219e-05,2950,0.0046500813764240876,True
GaussianBudget20M_LinearMinTime,Castle_2022-CASHF-000509,20220615,21,pyrologix,3,37-43,2022,0.0,0.0,0,drone,1,9.489961992702219e-05,1345,0.004270482896715999,True
GaussianBudget20M_LinearMinTime,Cedar_2022-CASRF-000629,20220805,16,pyrologix,4,36-20,2022,0.0,0.0,0,drone,1,9.489961992702219e-05,1890,0.0033214866974457763,True
GaussianBudget20M_LinearMinTime,Cemetery_2022-CAPNF-000685,20220525,14,pyrologix,11,67-55,2022,0.0,0.0,-1,undetected,1,9.489961992702219e-05,4645,0.004460282136570043,True
GaussianBudget20M_LinearMinTime,Charlie_2022-CASRF-000614,20220805,4,pyrologix,12,36-20,2022,0.0,0.0,0,drone,1,9.489961992702219e-05,5080,0.004460282136570043,True
GaussianBudget20M_LinearMinTime,Christian_2022-CASRF-000504,20220711,22,pyrologix,1,36-20,2022,0.0,0.0,0,drone,1,9.489961992702219e-05,510,0.002941888217737688,True
GaussianBudget20M_LinearMinTime,Clio_2022-CAPNF-000517,20220502,11,pyrologix,12,74-61,2022,0.0,0.0,0,drone,1,9.489961992702219e-05,4430,0.004555181756497065,True
GaussianBudget20M_LinearMinTime,Coach_2022-CALPF-002163,20220904,13,pyrologix,11,none,2022,0.0,0.0,-1,undetected,1,9.489961992702219e-05,0,0.0,False
GaussianBudget20M_LinearMinTime,Coon_2022-CASRF-000562,20220725,23,pyrologix,11,36-20,2022,0.0,0.0,0,drone,1,9.489961992702219e-05,4590,0.004460282136570043,True
GaussianBudget20M_LinearMinTime,Corral_2022-CASRF-000628,20220805,12,pyrologix,11,36-20,2022,0.0,0.0,1,drone,1,9.489961992702219e-05,5175,0.004460282136570043,True
GaussianBudget20M_LinearMinTime,County_2022-CASRF-000676,20220819,19,pyrologix,10,43-18,2022,0.0,0.0,3,drone,1,9.489961992702219e-05,5270,0.004460282136570043,True
GaussianBudget20M_LinearMinTime,Creek_2022-CASHF-000785,20220806,21,pyrologix,7,none,2022,0.0,0.0,-1,undetected,1,9.489961992702219e-05,0,0.0,False
GaussianBudget20M_LinearMinTime,Creekside_2022-CASRF-000250,20220423,14,pyrologix,7,36-20,2022,0.0,0.0,0,drone,1,9.489961992702219e-05,3115,0.0040806836568619545,True
GaussianBudget20M_LinearMinTime,Creekside_2_2022-CASRF-000786,20220907,10,pyrologix,7,36-20,2022,0.0,0.0,0,drone,1,9.489961992702219e-05,2795,0.003795984797080888,True
GaussianBudget20M_LinearMinTime,Crest_2022-CAPNF-001210,20220720,19,pyrologix,12,67-55,2022,0.0,0.0,-1,undetected,1,9.489961992702219e-05,4645,0.004460282136570043,True
GaussianBudget20M_LinearMinTime,Crocker_2022-CAPNF-001409,20220804,10,pyrologix,10,none,2022,0.0,0.0,-1,undetected,1,9.489961992702219e-05,0,0.0,False
GaussianBudget20M_LinearMinTime,DARBY_2022-CASTF-002132,20221114,22,pyrologix,4,109-54,2022,0.0,0.0,0,drone,1,9.489961992702219e-05,1855,0.004555181756497065,True
GaussianBudget20M_LinearMinTime,DAVIES_2022-CATNF-001627,20221101,17,pyrologix,3,none,2022,0.0,0.0,-1,undetected,1,9.489961992702219e-05,0,0.0,False
GaussianBudget20M_LinearMinTime,DAY_2022-CALMU-000005,20221125,21,pyrologix,11,none,2022,0.0,0.0,-1,undetected,1,9.489961992702219e-05,0,0.0,False
GaussianBudget20M_LinearMinTime,DAY_2022-CALMU-006350,20221125,0,pyrologix,6,none,2022,0.0,0.0,-1,undetected,1,9.489961992702219e-05,0,0.0,False
GaussianBudget20M_LinearMinTime,DECKER_CANYON_RD___ORTEGA_HY_2022-CARRU-089641,20220623,1,pyrologix,2,none,2022,0.0,0.0,-1,undetected,1,9.489961992702219e-05,0,0.0,False
GaussianBudget20M_LinearMinTime,DEER_2022-CAENF-021135,20220801,17,pyrologix,5,none,2022,0.0,0.0,-1,undetected,1,9.489961992702219e-05,0,0.0,False
GaussianBudget20M_LinearMinTime,DEER_2022-CAMDF-000515,20220731,21,pyrologix,7,none,2022,0.0,0.0,-1,undetected,1,9.489961992702219e-05,0,0.0,False
GaussianBudget20M_LinearMinTime,DEER_2022-CASQF-001940,20220803,15,pyrologix,8,none,2022,0.0,0.0,-1,undetected,1,9.489961992702219e-05,0,0.0,False
GaussianBudget20M_LinearMinTime,DEER_HORN_2022-CAHIA-000336,20220525,1,pyrologix,8,32-27,2022,0.0,0.0,0,drone,1,9.489961992702219e-05,3060,0.004555181756497065,True
GaussianBudget20M_LinearMinTime,DEER__2022-CAPNF-002173,20221010,21,pyrologix,2,74-53,2022,0.0,0.0,1,drone,1,9.489961992702219e-05,1310,0.004460282136570043,True
GaussianBudget20M_LinearMinTime,DELONEGHA_2022-CASQF-001365,20220701,2,pyrologix,5,none,2022,0.0,0.0,-1,undetected,1,9.489961992702219e-05,0,0.0,False
GaussianBudget20M_LinearMinTime,DELTA_2022-CAANF-002969,20220905,22,pyrologix,2,none,2022,0.0,0.0,-1,undetected,1,9.489961992702219e-05,0,0.0,False
GaussianBudget20M_LinearMinTime,DELTA_2022-CALAC-302214,20220905,17,pyrologix,12,none,2022,0.0,0.0,-1,undetected,1,9.489961992702219e-05,0,0.0,False
GaussianBudget20M_LinearMinTime,DEL_2022-CAANF-002424,20220727,11,pyrologix,3,none,2022,0.0,0.0,-1,undetected,1,9.489961992702219e-05,0,0.0,False
GaussianBudget20M_LinearMinTime,DEMOCRAT_2022-CASQF-001150,20220617,23,pyrologix,3,none,2022,0.0,0.0,-1,undetected,1,9.489961992702219e-05,0,0.0,False
GaussianBudget20M_LinearMinTime,DEVILS_2022-CAANF-003338,20221013,16,pyrologix,1,none,2022,0.0,0.0,-1,undetected,1,9.489961992702219e-05,0,0.0,False
GaussianBudget20M_LinearMinTime,DEXTER_2022-CAANF-002403,20220725,15,pyrologix,5,none,2022,0.0,0.0,-1,undetected,1,9.489961992702219e-05,0,0.0,False
GaussianBudget20M_LinearMinTime,DIAMOND_2022-CATNF-001258,20220830,0,pyrologix,2,81-55,2022,0.0,0.0,0,drone,1,9.489961992702219e-05,1130,0.0040806836568619545,True
GaussianBudget20M_LinearMinTime,DILLON_2022-CALAC-087856,20220314,0,pyrologix,7,none,2022,0.0,0.0,-1,undetected,1,9.489961992702219e-05,0,0.0,False
GaussianBudget20M_LinearMinTime,DILLON__2022-CAANF-000675,20220314,1,pyrologix,6,none,2022,0.0,0.0,-1,undetected,1,9.489961992702219e-05,0,0.0,False
GaussianBudget20M_LinearMinTime,DITCH_CAMP_RD___WENTWORTH_SPRINGS_RD_2022-CAENF-014950,20220608,16,pyrologix,6,95-57,2022,0.0,0.0,1,drone,1,9.489961992702219e-05,2845,0.0046500813764240876,True
GaussianBudget20M_LinearMinTime,DIVIDE__2022-CAANF-002093,20220706,23,pyrologix,7,none,2022,0.0,0.0,-1,undetected,1,9.489961992702219e-05,0,0.0,False
GaussianBudget20M_LinearMinTime,DODGE_2022-CASTF-001595,20220825,18,pyrologix,7,109-61,2022,0.0,0.0,-1,undetected,1,9.489961992702219e-05,2845,0.004460282136570043,True
GaussianBudget20M_LinearMinTime,DOGTOWN__2022-CASTF-000276,20220310,23,pyrologix,1,125-62,2022,0.0,0.0,0,drone,1,9.489961992702219e-05,580,0.0036061855572268433,True
GaussianBudget20M_LinearMinTime,DOLLAR_2022-CABDF-011536,20220730,17,pyrologix,11,none,2022,0.0,0.0,-1,undetected,1,9.489961992702219e-05,0,0.0,False
GaussianBudget20M_LinearMinTime,DOME__2022-CASNF-001416,20220924,14,pyrologix,8,none,2022,0.0,0.0,-1,undetected,1,9.489961992702219e-05,0,0.0,False
GaussianBudget20M_LinearMinTime,DOUBLE_2022-CAMDF-000591,20220805,18,pyrologix,5,none,2022,0.0,0.0,-1,undetected,1,9.489961992702219e-05,0,0.0,False
GaussianBudget20M_LinearMinTime,DOUGLAS_2022-CAMMU-023741,20221023,6,pyrologix,4,none,2022,0.0,0.0,-1,undetected,1,9.489961992702219e-05,0,0.0,False
GaussianBudget20M_LinearMinTime,DOUGLAS_2022-CASNF-001550,20221023,3,pyrologix,12,none,2022,0.0,0.0,-1,undetected,1,9.489961992702219e-05,0,0.0,False
GaussianBudget20M_LinearMinTime,DRIP_2022-CACNF-000888,20220510,17,pyrologix,4,225-97,2022,0.0,0.0,1,drone,1,9.489961992702219e-05,1875,0.004555181756497065,True
GaussianBudget20M_LinearMinTime,DRY_2022-CASQF-001908,20220731,17,pyrologix,8,none,2022,0.0,0.0,-1,undetected,1,9.489961992702219e-05,0,0.0,False
GaussianBudget20M_LinearMinTime,DUCK_2022-CALNF-002812,20220609,20,pyrologix,2,none,2022,0.0,0.0,-1,undetected,1,9.489961992702219e-05,0,0.0,False
GaussianBudget20M_LinearMinTime,DUCK__2022-CASNF-001450,20221001,13,pyrologix,3,none,2022,0.0,0.0,-1,undetected,1,9.489961992702219e-05,0,0.0,False
GaussianBudget20M_LinearMinTime,DUMPSTER__2022-CAANF-000486,20220222,18,pyrologix,12,none,2022,0.0,0.0,-1,undetected,1,9.489961992702219e-05,0,0.0,False
GaussianBudget20M_LinearMinTime,DUMP_2022-CALNF-003654,20220717,21,pyrologix,8,60-50,2022,0.0,0.0,0,drone,1,9.489961992702219e-05,3320,0.004175583276788976,True
GaussianBudget20M_LinearMinTime,DUMP_2022-CASHF-001069,20221001,1,pyrologix,1,43-18,2022,0.0,0.0,-1,undetected,1,9.489961992702219e-05,2640,0.004365382516643021,True
GaussianBudget20M_LinearMinTime,DUNCAN_2022-CAMDF-000522,20220801,19,pyrologix,12,none,2022,0.0,0.0,-1,undetected,1,9.489961992702219e-05,0,0.0,False
GaussianBudget20M_LinearMinTime,DUNCAN_2022-CATNF-001215,20220824,21,pyrologix,6,88-57,2022,0.0,0.0,0,drone,1,9.489961992702219e-05,2510,0.0046500813764240876,True
GaussianBudget20M_LinearMinTime,DUNES_2022-CAINF-001495,20220717,13,pyrologix,11,none,2022,0.0,0.0,-1,undetected,1,9.489961992702219e-05,0,0.0,False
GaussianBudget20M_LinearMinTime,DUSEN_2022-CABDF-010770,20220711,16,pyrologix,9,none,2022,0.0,0.0,-1,undetected,1,9.489961992702219e-05,0,0.0,False
GaussianBudget20M_LinearMinTime,DUSY__2022-CASNF-000635,20220626,16,pyrologix,5,none,2022,0.0,0.0,-1,undetected,1,9.489961992702219e-05,0,0.0,False
GaussianBudget20M_LinearMinTime,DUTCH_2022-CASQF-001849,20220728,20,pyrologix,7,none,2022,0.0,0.0,-1,undetected,1,9.489961992702219e-05,0,0.0,False
GaussianBudget20M_LinearMinTime,Deer__2022-CASRF-000712,20220826,20,pyrologix,7,none,2022,0.0,0.0,-1,undetected,1,9.489961992702219e-05,0,0.0,False
GaussianBudget20M_LinearMinTime,Delleker_2_2022-CAPNF-002299,20221030,16,pyrologix,8,74-61,2022,0.0,0.0,0,drone,1,9.489961992702219e-05,3095,0.004555181756497065,True
GaussianBudget20M_LinearMinTime,Devils_2022-CAPNF-001415,20220804,15,pyrologix,11,67-62,2022,0.0,0.0,0,drone,1,9.489961992702219e-05,4290,0.0046500813764240876,True
GaussianBudget20M_LinearMinTime,Diamond_2022-CAPNF-000316,20220325,20,pyrologix,4,67-62,2022,0.0,0.0,0,drone,1,9.489961992702219e-05,1630,0.004460282136570043,True
GaussianBudget20M_LinearMinTime,Dog_2022-CASHF-001049,20220927,12,pyrologix,12,39-36,2022,0.0,0.0,0,drone,1,9.489961992702219e-05,4550,0.0046500813764240876,True
GaussianBudget20M_LinearMinTime,Dollar_2022-CASRF-000925,20221028,17,pyrologix,12,none,2022,0.0,0.0,-1,undetected,1,9.489961992702219e-05,0,0.0,False
GaussianBudget20M_LinearMinTime,Duzen_2022-CASRF-000830,20220923,1,pyrologix,3,50-18,2022,0.0,0.0,0,drone,1,9.489961992702219e-05,1425,0.004555181756497065,True
GaussianBudget20M_LinearMinTime,E-10_CAL_2022-CALNF-005001,20220914,19,pyrologix,12,none,2022,0.0,0.0,-1,undetected,1,9.489961992702219e-05,0,0.0,False
GaussianBudget20M_LinearMinTime,E-11_GRAYS_2022-CALNF-005008,20220914,15,pyrologix,1,none,2022,0.0,0.0,-1,undetected,1,9.489961992702219e-05,0,0.0,False
GaussianBudget20M_LinearMinTime,E-1_CHAMPS_2022-CALNF-004966,20220912,19,pyrologix,8,none,2022,0.0,0.0,-1,undetected,1,9.489961992702219e-05,0,0.0,False
GaussianBudget20M_LinearMinTime,E-1_REST_2022-CALNF-004478,20220819,16,pyrologix,10,none,2022,0.0,0.0,-1,undetected,1,9.489961992702219e-05,0,0.0,False
GaussianBudget20M_LinearMinTime,E-2_SPRINGS_2022-CALNF-004968,20220912,22,pyrologix,3,none,2022,0.0,0.0,-1,undetected,1,9.489961992702219e-05,0,0.0,False
GaussianBudget20M_LinearMinTime,E-5_FLAT_2022-CALNF-004972,20220912,23,pyrologix,1,none,2022,0.0,0.0,-1,undetected,1,9.489961992702219e-05,0,0.0,False
GaussianBudget20M_LinearMinTime,E-6_POISON_2022-CALNF-004973,20220913,23,pyrologix,3,none,2022,0.0,0.0,-1,undetected,1,9.489961992702219e-05,0,0.0,False
GaussianBudget20M_LinearMinTime,E-7_LOGAN_2022-CALNF-004988,20220913,13,pyrologix,8,none,2022,0.0,0.0,-1,undetected,1,9.489961992702219e-05,0,0.0,False
GaussianBudget20M_LinearMinTime,E-9_SHAYS_2022-CALNF-004999,20220914,22,pyrologix,5,none,2022,0.0,0.0,-1,undetected,1,9.489961992702219e-05,0,0.0,False
GaussianBudget20M_LinearMinTime,EAGLE_2022-CALMU-003399,20220704,19,pyrologix,1,60-65,2022,0.0,0.0,5,drone,1,9.489961992702219e-05,2155,0.004555181756497065,True
GaussianBudget20M_LinearMinTime,EAST_2022-CAANF-002810,20220825,16,pyrologix,9,none,2022,0.0,0.0,-1,undetected,1,9.489961992702219e-05,0,0.0,False
GaussianBudget20M_LinearMinTime,EAST_2022-CAKNF-006328,20220801,23,pyrologix,9,21-32,2022,0.0,0.0,0,drone,1,9.489961992702219e-05,3710,0.004555181756497065,True
GaussianBudget20M_LinearMinTime,EAST_2022-CASNF-001326,20220909,13,pyrologix,8,none,2022,0.0,0.0,-1,undetected,1,9.489961992702219e-05,0,0.0,False
GaussianBudget20M_LinearMinTime,EDDY_2022-CAKNF-006258,20220731,20,pyrologix,9,32-27,2022,0.0,0.0,0,drone,1,9.489961992702219e-05,3530,0.004555181756497065,True
GaussianBudget20M_LinearMinTime,ELIZA_2022-CAKNF-007844,20220909,19,pyrologix,12,21-39,2022,0.0,0.0,0,drone,1,9.489961992702219e-05,4705,0.0046500813764240876,True
GaussianBudget20M_LinearMinTime,ELK_2022-CAKNF-009321,20221020,10,pyrologix,11,none,2022,0.0,0.0,-1,undetected,1,9.489961992702219e-05,0,0.0,False
GaussianBudget20M_LinearMinTime,ELK_MTN_IHC_STAFFING_2022-CAMNF-000331,20220405,12,pyrologix,8,none,2022,0.0,0.0,-1,undetected,1,9.489961992702219e-05,0,0.0,False
GaussianBudget20M_LinearMinTime,EL_CARISO__001_2022-CACNF-000956,20220516,14,pyrologix,12,none,2022,0.0,0.0,-1,undetected,1,9.489961992702219e-05,0,0.0,False
GaussianBudget20M_LinearMinTime,EMERALD_2_2022-CABDF-003570,20220220,14,pyrologix,9,none,2022,0.0,0.0,-1,undetected,1,9.489961992702219e-05,0,0.0,False
GaussianBudget20M_LinearMinTime,EMMA_2022-CAANF-002243,20220716,13,pyrologix,10,none,2022,0.0,0.0,-1,undetected,1,9.489961992702219e-05,0,0.0,False
GaussianBudget20M_LinearMinTime,ENTRANCE_2022-CALNF-003808,20220722,19,pyrologix,4,60-50,2022,0.0,0.0,-1,undetected,1,9.489961992702219e-05,3750,0.004175583276788976,True
GaussianBudget20M_LinearMinTime,EVANS_2022-CAKNF-006209,20220730,2,pyrologix,12,21-32,2022,0.0,0.0,0,drone,1,9.489961992702219e-05,4835,0.0046500813764240876,True
GaussianBudget20M_LinearMinTime,EVANS_2022-CASQF-001261,20220623,19,pyrologix,2,none,2022,0.0,0.0,-1,undetected,1,9.489961992702219e-05,0,0.0,False
GaussianBudget20M_LinearMinTime,EVERILL_2022-CAKNF-006625,20220807,15,pyrologix,8,21-32,2022,0.0,0.0,0,drone,1,9.489961992702219e-05,3160,0.004555181756497065,True
GaussianBudget20M_LinearMinTime,EXCELSIOR_2022-CANEU-029246,20221025,5,pyrologix,5,88-57,2022,0.0,0.0,0,drone,1,9.489961992702219e-05,1880,0.004555181756497065,True
GaussianBudget20M_LinearMinTime,E_INDIAN_CREEK_DR__E_FORK_INDIAN_CREEK_RD_2022-CAKNF-002959,20220420,12,pyrologix,9,none,2022,0.0,0.0,-1,undetected,1,9.489961992702219e-05,0,0.0,False
GaussianBudget20M_LinearMinTime,Eagle__2022-CAPNF-001326,20220728,19,pyrologix,6,74-61,2022,0.0,0.0,0,drone,1,9.489961992702219e-05,2425,0.004555181756497065,True
GaussianBudget20M_LinearMinTime,Erin__2022-CASRF-000859,20221003,22,pyrologix,2,36-20,2022,0.0,0.0,0,drone,1,9.489961992702219e-05,970,0.0033214866974457763,True
GaussianBudget20M_LinearMinTime,FALSE_ALARM_2022-CAANF-000915,20220407,20,pyrologix,9,none,2022,0.0,0.0,-1,undetected,1,9.489961992702219e-05,0,0.0,False
GaussianBudget20M_LinearMinTime,FA_BC22_2022-CACNF-002548,20221026,16,pyrologix,9,none,2022,0.0,0.0,-1,undetected,1,9.489961992702219e-05,0,0.0,False
GaussianBudget20M_LinearMinTime,FERN_2022-CACNF-001755,20220721,22,pyrologix,11,none,2022,0.0,0.0,-1,undetected,1,9.489961992702219e-05,0,0.0,False
GaussianBudget20M_LinearMinTime,FERRETTI_2022-CATCU-002310,20220219,18,pyrologix,5,116-60,2022,0.0,0.0,-1,undetected,1,9.489961992702219e-05,4170,0.0046500813764240876,True
GaussianBudget20M_LinearMinTime,FISHER_2022-CAINF-000969,20220530,20,pyrologix,5,none,2022,0.0,0.0,-1,undetected,1,9.489961992702219e-05,0,0.0,False
GaussianBudget20M_LinearMinTime,FISHER_2022-CASHF-000566,20220701,22,pyrologix,7,39-36,2022,0.0,0.0,0,drone,1,9.489961992702219e-05,2675,0.004460282136570043,True
GaussianBudget20M_LinearMinTime,FISH_2022-CABDF-011532,20220730,19,pyrologix,5,none,2022,0.0,0.0,-1,undetected,1,9.489961992702219e-05,0,0.0,False
GaussianBudget20M_LinearMinTime,FISH_2022-CAKNF-006310,20220731,18,pyrologix,7,21-32,2022,0.0,0.0,0,drone,1,9.489961992702219e-05,2800,0.004555181756497065,True
GaussianBudget20M_LinearMinTime,FISH_CREEK_2022-CABDF-014175,20221012,12,pyrologix,12,none,2022,0.0,0.0,-1,undetected,1,9.489961992702219e-05,0,0.0,False
GaussianBudget20M_LinearMinTime,FIVE_2022-CAANF-002981,20220906,15,pyrologix,5,none,2022,0.0,0.0,-1,undetected,1,9.489961992702219e-05,0,0.0,False
GaussianBudget20M_LinearMinTime,FLAT_2022-CALPF-000341,20220226,14,pyrologix,4,none,2022,0.0,0.0,-1,undetected,1,9.489961992702219e-05,0,0.0,False
GaussianBudget20M_LinearMinTime,FLAT_2022-CASHF-000552,20220627,20,pyrologix,3,43-25,2022,0.0,0.0,0,drone,1,9.489961992702219e-05,1265,0.004460282136570043,True
GaussianBudget20M_LinearMinTime,FLAT__2022-CASQF-002038,20220810,21,pyrologix,3,none,2022,0.0,0.0,-1,undetected,1,9.489961992702219e-05,0,0.0,False
GaussianBudget20M_LinearMinTime,FLOWER_2022-CAMDF-000939,20220920,14,pyrologix,11,none,2022,0.0,0.0,-1,undetected,1,9.489961992702219e-05,0,0.0,False
GaussianBudget20M_LinearMinTime,FLUME_2022-CASHF-000551,20220627,18,pyrologix,4,39-36,2022,0.0,0.0,0,drone,1,9.489961992702219e-05,1600,0.004365382516643021,True
GaussianBudget20M_LinearMinTime,FOLLOWS_2022-CAANF-000345,20220208,18,pyrologix,1,none,2022,0.0,0.0,-1,undetected,1,9.489961992702219e-05,0,0.0,False
GaussianBudget20M_LinearMinTime,FORBESTOWN_2022-CABTU-005799,20220403,6,pyrologix,3,none,2022,0.0,0.0,-1,undetected,1,9.489961992702219e-05,0,0.0,False
GaussianBudget20M_LinearMinTime,FORK_2022-CAANF-002742,20220821,1,pyrologix,1,none,2022,0.0,0.0,-1,undetected,1,9.489961992702219e-05,0,0.0,False
GaussianBudget20M_LinearMinTime,FORK_2022-CAKNF-007060,20220818,11,pyrologix,12,none,2022,0.0,0.0,-1,undetected,1,9.489961992702219e-05,0,0.0,False
GaussianBudget20M_LinearMinTime,FORK_2022-CAMMU-009669,20220506,17,pyrologix,3,132-64,2022,0.0,0.0,1,drone,1,9.489961992702219e-05,1510,0.004460282136570043,True
GaussianBudget20M_LinearMinTime,FOSTER_2022-CAENF-025294,20220905,20,pyrologix,8,none,2022,0.0,0.0,-1,undetected,1,9.489961992702219e-05,0,0.0,False
GaussianBudget20M_LinearMinTime,FOURNIER_2022-CATNF-000379,20220418,23,pyrologix,2,none,2022,0.0,0.0,-1,undetected,1,9.489961992702219e-05,0,0.0,False
GaussianBudget20M_LinearMinTime,FOX_2022-CASHF-001180,20221029,19,pyrologix,3,none,2022,0.0,0.0,-1,undetected,1,9.489961992702219e-05,0,0.0,False
GaussianBudget20M_LinearMinTime,FOX_2022-CATNF-000123,20220216,18,pyrologix,5,none,2022,0.0,0.0,-1,undetected,1,9.489961992702219e-05,0,0.0,False
GaussianBudget20M_LinearMinTime,FRAZIER_2022-CALPF-001358,20220625,22,pyrologix,7,none,2022,0.0,0.0,-1,undetected,1,9.489961992702219e-05,0,0.0,False
GaussianBudget20M_LinearMinTime,FREEL_2022-CATMU-021487,20220805,0,pyrologix,1,none,2022,0.0,0.0,-1,undetected,1,9.489961992702219e-05,0,0.0,False
GaussianBudget20M_LinearMinTime,FREEMAN_2022-CASQF-002518,20220927,19,pyrologix,9,none,2022,0.0,0.0,-1,undetected,1,9.489961992702219e-05,0,0.0,False
GaussianBudget20M_LinearMinTime,FREEWAY_2022-CAANF-000339,20220207,21,pyrologix,10,none,2022,0.0,0.0,-1,undetected,1,9.489961992702219e-05,0,0.0,False
GaussianBudget20M_LinearMinTime,FRIDAY__2022-CASHF-001034,20220924,16,pyrologix,10,37-43,2022,0.0,0.0,2,drone,1,9.489961992702219e-05,4800,0.0046500813764240876,True
GaussianBudget20M_LinearMinTime,FRISCO_2022-CAENF-028920,20221009,12,pyrologix,3,none,2022,0.0,0.0,-1,undetected,1,9.489961992702219e-05,0,0.0,False
GaussianBudget20M_LinearMinTime,FROG_2022-CABDF-010538,20220707,3,pyrologix,1,none,2022,0.0,0.0,-1,undetected,1,9.489961992702219e-05,0,0.0,False
GaussianBudget20M_LinearMinTime,FROG_2022-CABDF-011327,20220724,21,pyrologix,2,none,2022,0.0,0.0,-1,undetected,1,9.489961992702219e-05,0,0.0,False
GaussianBudget20M_LinearMinTime,FROG_2022-CASTF-000927,20220626,17,pyrologix,4,none,2022,0.0,0.0,-1,undetected,1,9.489961992702219e-05,0,0.0,False
GaussianBudget20M_LinearMinTime,FRONTIER_2022-CALPF-001048,20220526,14,pyrologix,10,none,2022,0.0,0.0,-1,undetected,1,9.489961992702219e-05,0,0.0,False
GaussianBudget20M_LinearMinTime,FULLER_2022-CATNF-001346,20220905,9,pyrologix,8,none,2022,0.0,0.0,-1,undetected,1,9.489961992702219e-05,0,0.0,False
GaussianBudget20M_LinearMinTime,Fair_Oak_2022-CASRF-000804,20220912,3,pyrologix,1,36-20,2022,0.0,0.0,0,drone,1,9.489961992702219e-05,510,0.002941888217737688,True
GaussianBudget20M_LinearMinTime,Four_2022-CAPNF-001904,20220913,21,pyrologix,6,69-46,2022,0.0,0.0,0,drone,1,9.489961992702219e-05,2225,0.004555181756497065,True
GaussianBudget20M_LinearMinTime,Friday_2022-CASRF-000617,20220805,5,pyrologix,12,36-20,2022,0.0,0.0,0,drone,1,9.489961992702219e-05,4935,0.004460282136570043,True
GaussianBudget20M_LinearMinTime,GABRIEL_2022-CAANF-001781,20220618,7,pyrologix,3,none,2022,0.0,0.0,-1,undetected,1,9.489961992702219e-05,0,0.0,False
GaussianBudget20M_LinearMinTime,GARROTTE_2022-CATCU-007717,20220623,18,pyrologix,9,116-60,2022,0.0,0.0,0,drone,1,9.489961992702219e-05,3605,0.0046500813764240876,True
GaussianBudget20M_LinearMinTime,GEM_2022-CASTF-000882,20220621,19,pyrologix,9,none,2022,0.0,0.0,-1,undetected,1,9.489961992702219e-05,0,0.0,False
GaussianBudget20M_LinearMinTime,GEORGE_2022-CAKNF-006783,20220811,19,pyrologix,2,21-32,2022,0.0,0.0,0,drone,1,9.489961992702219e-05,845,0.003985784036934932,True
GaussianBudget20M_LinearMinTime,GLASS_2022-CAINF-001162,20220619,17,pyrologix,1,none,2022,0.0,0.0,-1,undetected,1,9.489961992702219e-05,0,0.0,False
GaussianBudget20M_LinearMinTime,GLEASON__2022-CAANF-001044,20220417,17,pyrologix,11,none,2022,0.0,0.0,-1,undetected,1,9.489961992702219e-05,0,0.0,False
GaussianBudget20M_LinearMinTime,GOAT_2022-CAMMU-015329,20220713,11,pyrologix,11,132-64,2022,0.0,0.0,0,drone,1,9.489961992702219e-05,3980,0.0046500813764240876,True
GaussianBudget20M_LinearMinTime,GOAT_2022-CAMMU-019709,20220903,15,pyrologix,1,132-64,2022,0.0,0.0,5,drone,1,9.489961992702219e-05,2220,0.004555181756497065,True
GaussianBudget20M_LinearMinTime,GOAT_2022-CASNF-001464,20221002,18,pyrologix,7,none,2022,0.0,0.0,-1,undetected,1,9.489961992702219e-05,0,0.0,False
GaussianBudget20M_LinearMinTime,GOLDEN_2022-CATNF-000506,20220520,10,pyrologix,9,81-55,2022,0.0,0.0,-1,undetected,1,9.489961992702219e-05,3300,0.004365382516643021,True
GaussianBudget20M_LinearMinTime,GOLD_2022-CAANF-000425,20220216,13,pyrologix,7,none,2022,0.0,0.0,-1,undetected,1,9.489961992702219e-05,0,0.0,False
GaussianBudget20M_LinearMinTime,GOLD_2022-CABDF-009730,20220622,12,pyrologix,9,none,2022,0.0,0.0,-1,undetected,1,9.489961992702219e-05,0,0.0,False
GaussianBudget20M_LinearMinTime,GOOSE2_2022-CAKNF-006350,20220801,14,pyrologix,4,23-46,2022,0.0,0.0,1,drone,1,9.489961992702219e-05,1875,0.0046500813764240876,True
GaussianBudget20M_LinearMinTime,GORDON_2022-CAKNF-007409,20220829,1,pyrologix,5,21-32,2022,0.0,0.0,0,drone,1,9.489961992702219e-05,2275,0.004555181756497065,True
GaussianBudget20M_LinearMinTime,GRACE_2022-CAANF-003433,20221024,18,pyrologix,9,none,2022,0.0,0.0,-1,undetected,1,9.489961992702219e-05,0,0.0,False
GaussianBudget20M_LinearMinTime,GRADE1_2022-CACNF-002178,20220907,2,pyrologix,2,none,2022,0.0,0.0,-1,undetected,1,9.489961992702219e-05,0,0.0,False
GaussianBudget20M_LinearMinTime,GRADE_2022-CABDF-017250,20221128,23,pyrologix,5,none,2022,0.0,0.0,-1,undetected,1,9.489961992702219e-05,0,0.0,False
GaussianBudget20M_LinearMinTime,GRADE_2022-CACNF-001011,20220523,21,pyrologix,11,none,2022,0.0,0.0,-1,undetected,1,9.489961992702219e-05,0,0.0,False
GaussianBudget20M_LinearMinTime,GRADE_2022-CAKNF-010395,20221117,20,pyrologix,3,21-32,2022,0.0,0.0,2,drone,1,9.489961992702219e-05,2275,0.004555181756497065,True
GaussianBudget20M_LinearMinTime,GRADE_2022-CALNF-002524,20220527,11,pyrologix,11,none,2022,0.0,0.0,-1,undetected,1,9.489961992702219e-05,0,0.0,False
GaussianBudget20M_LinearMinTime,GRAMERCY_2022-CABDF-008424,20220525,17,pyrologix,4,none,2022,0.0,0.0,-1,undetected,1,9.489961992702219e-05,0,0.0,False
GaussianBudget20M_LinearMinTime,GRAND_2022-CALPF-001329,20220622,12,pyrologix,8,none,2022,0.0,0.0,-1,undetected,1,9.489961992702219e-05,0,0.0,False
GaussianBudget20M_LinearMinTime,GRASS_2022-CAANF-003213,20220930,22,pyrologix,8,none,2022,0.0,0.0,-1,undetected,1,9.489961992702219e-05,0,0.0,False
GaussianBudget20M_LinearMinTime,GRAY_2022-CABDF-009692,20220621,3,pyrologix,1,none,2022,0.0,0.0,-1,undetected,1,9.489961992702219e-05,0,0.0,False
GaussianBudget20M_LinearMinTime,GREYBACK_2022-CABDF-009408,20220615,23,pyrologix,3,none,2022,0.0,0.0,-1,undetected,1,9.489961992702219e-05,0,0.0,False
GaussianBudget20M_LinearMinTime,GRIDER_2022-CAKNF-002566,20220405,15,pyrologix,10,none,2022,0.0,0.0,-1,undetected,1,9.489961992702219e-05,0,0.0,False
GaussianBudget20M_LinearMinTime,GROUSE_2022-CAENF-021134,20220801,15,pyrologix,9,none,2022,0.0,0.0,-1,undetected,1,9.489961992702219e-05,0,0.0,False
GaussianBudget20M_LinearMinTime,GROUSE_2022-CATNF-001318,20220904,10,pyrologix,6,none,2022,0.0,0.0,-1,undetected,1,9.489961992702219e-05,0,0.0,False
GaussianBudget20M_LinearMinTime,GROUSE__2022-CASQF-001246,20220622,19,pyrologix,9,none,2022,0.0,0.0,-1,undetected,1,9.489961992702219e-05,0,0.0,False
GaussianBudget20M_LinearMinTime,GULCH_2022-CAANF-002870,20220829,17,pyrologix,3,none,2022,0.0,0.0,-1,undetected,1,9.489961992702219e-05,0,0.0,False
GaussianBudget20M_LinearMinTime,GULCH_2022-CAKNF-006282,20220731,4,pyrologix,7,32-27,2022,0.0,0.0,0,drone,1,9.489961992702219e-05,2875,0.004555181756497065,True
GaussianBudget20M_LinearMinTime,GULCH_2022-CALAC-292411,20220829,14,pyrologix,10,none,2022,0.0,0.0,-1,undetected,1,9.489961992702219e-05,0,0.0,False
GaussianBudget20M_LinearMinTime,GUMBOOT_2022-CASHF-000771,20220804,18,pyrologix,1,39-36,2022,0.0,0.0,1,drone,1,9.489961992702219e-05,1035,0.004270482896715999,True
GaussianBudget20M_LinearMinTime,GUM_2022-CASHF-001171,20221027,18,pyrologix,3,none,2022,0.0,0.0,-1,undetected,1,9.489961992702219e-05,0,0.0,False
GaussianBudget20M_LinearMinTime,Gambi_2022-CASRF-000526,20220715,17,pyrologix,11,36-20,2022,0.0,0.0,0,drone,1,9.489961992702219e-05,4540,0.004365382516643021,True
GaussianBudget20M_LinearMinTime,Garden_2022-CASHF-001023,20220922,16,pyrologix,5,none,2022,0.0,0.0,-1,undetected,1,9.489961992702219e-05,0,0.0,False
GaussianBudget20M_LinearMinTime,Glen_2022-CALPF-000932,20220514,22,pyrologix,3,none,2022,0.0,0.0,-1,undetected,1,9.489961992702219e-05,0,0.0,False
GaussianBudget20M_LinearMinTime,Golden__2022-CAPNF-001180,20220717,15,pyrologix,4,74-53,2022,0.0,0.0,1,drone,1,9.489961992702219e-05,2115,0.0046500813764240876,True
GaussianBudget20M_LinearMinTime,Goods_2022-CASHF-001083,20221005,19,pyrologix,11,50-25,2022,0.0,0.0,-1,undetected,1,9.489961992702219e-05,2450,0.004365382516643021,True
GaussianBudget20M_LinearMinTime,Green_2022-CAPNF-000991,20220628,18,pyrologix,12,67-55,2022,0.0,0.0,-1,undetected,1,9.489961992702219e-05,4645,0.004460282136570043,True
GaussianBudget20M_LinearMinTime,Gypo_2022-CASRF-000834,20220924,22,pyrologix,1,36-20,2022,0.0,0.0,0,drone,1,9.489961992702219e-05,510,0.002941888217737688,True
GaussianBudget20M_LinearMinTime,H-1_ALCOHOL_2022-CALNF-004246,20220809,14,pyrologix,4,none,2022,0.0,0.0,-1,undetected,1,9.489961992702219e-05,0,0.0,False
GaussianBudget20M_LinearMinTime,H-1_PROSPECT_2022-CALNF-004964,20220912,21,pyrologix,4,none,2022,0.0,0.0,-1,undetected,1,9.489961992702219e-05,0,0.0,False
GaussianBudget20M_LinearMinTime,H-2_CAVE_2022-CALNF-003215,20220627,21,pyrologix,9,none,2022,0.0,0.0,-1,undetected,1,9.489961992702219e-05,0,0.0,False
GaussianBudget20M_LinearMinTime,H-2_EVERETT_2022-CALNF-004274,20220810,21,pyrologix,1,47-49,2022,0.0,0.0,2,drone,1,9.489961992702219e-05,1500,0.0040806836568619545,True
GaussianBudget20M_LinearMinTime,H-3_CHAOS_2022-CALNF-005031,20220915,21,pyrologix,1,none,2022,0.0,0.0,-1,undetected,1,9.489961992702219e-05,0,0.0,False
GaussianBudget20M_LinearMinTime,HAGADOR_2022-CACNF-001355,20220619,15,pyrologix,10,none,2022,0.0,0.0,-1,undetected,1,9.489961992702219e-05,0,0.0,False
GaussianBudget20M_LinearMinTime,HAGER_2022-CAMDF-000527,20220801,22,pyrologix,10,none,2022,0.0,0.0,-1,undetected,1,9.489961992702219e-05,0,0.0,False
GaussianBudget20M_LinearMinTime,HALFMOON_2022-CALNF-005443,20221005,16,pyrologix,1,none,2022,0.0,0.0,-1,undetected,1,9.489961992702219e-05,0,0.0,False
GaussianBudget20M_LinearMinTime,HALL_2022-CABDF-005444,20220324,1,pyrologix,5,none,2022,0.0,0.0,-1,undetected,1,9.489961992702219e-05,0,0.0,False
GaussianBudget20M_LinearMinTime,HAMBURG_2022-CAKNF-007042,20220818,3,pyrologix,4,21-32,2022,0.0,0.0,0,drone,1,9.489961992702219e-05,1895,0.004555181756497065,True
GaussianBudget20M_LinearMinTime,HARDEN_2022-CASTF-001614,20220829,6,pyrologix,10,none,2022,0.0,0.0,-1,undetected,1,9.489961992702219e-05,0,0.0,False
GaussianBudget20M_LinearMinTime,HARRISON_2022-CABDF-005467,20220324,18,pyrologix,4,none,2022,0.0,0.0,-1,undetected,1,9.489961992702219e-05,0,0.0,False
GaussianBudget20M_LinearMinTime,HARVARD_2022-CAANF-001836,20220622,13,pyrologix,6,none,2022,0.0,0.0,-1,undetected,1,9.489961992702219e-05,0,0.0,False
GaussianBudget20M_LinearMinTime,HAYPRESS_2022-CAKNF-008456,20220925,23,pyrologix,3,none,2022,0.0,0.0,-1,undetected,1,9.489961992702219e-05,0,0.0,False
GaussianBudget20M_LinearMinTime,HELMS_2022-CASNF-000638,20220626,19,pyrologix,1,none,2022,0.0,0.0,-1,undetected,1,9.489961992702219e-05,0,0.0,False
GaussianBudget20M_LinearMinTime,HENRY_2022-CAANF-003381,20221017,16,pyrologix,3,none,2022,0.0,0.0,-1,undetected,1,9.489961992702219e-05,0,0.0,False
GaussianBudget20M_LinearMinTime,HERMAN_2022-CAANF-002582,20220806,20,pyrologix,4,none,2022,0.0,0.0,-1,undetected,1,9.489961992702219e-05,0,0.0,False
GaussianBudget20M_LinearMinTime,HIDDEN_2022-CAMDF-000780,20220824,7,pyrologix,12,none,2022,0.0,0.0,-1,undetected,1,9.489961992702219e-05,0,0.0,False
GaussianBudget20M_LinearMinTime,HIGGINS_2022-CAINF-001552,20220723,12,pyrologix,8,none,2022,0.0,0.0,-1,undetected,1,9.489961992702219e-05,0,0.0,False
GaussianBudget20M_LinearMinTime,HIGHWAY_2022-CAANF-003240,20221002,15,pyrologix,7,none,2022,0.0,0.0,-1,undetected,1,9.489961992702219e-05,0,0.0,False
GaussianBudget20M_LinearMinTime,HIGHWAY_2022-CALAC-201760,20220618,2,pyrologix,12,none,2022,0.0,0.0,-1,undetected,1,9.489961992702219e-05,0,0.0,False
GaussianBudget20M_LinearMinTime,HIGHWAY_2022-CARRU-096169,20220705,3,pyrologix,2,none,2022,0.0,0.0,-1,undetected,1,9.489961992702219e-05,0,0.0,False
GaussianBudget20M_LinearMinTime,HIGH_2022-CABDF-010309,20220703,3,pyrologix,12,none,2022,0.0,0.0,-1,undetected,1,9.489961992702219e-05,0,0.0,False
GaussianBudget20M_LinearMinTime,HILLS_2022-CABDF-015479,20221103,16,pyrologix,2,none,2022,0.0,0.0,-1,undetected,1,9.489961992702219e-05,0,0.0,False
GaussianBudget20M_LinearMinTime,HILL_2022-CABDF-002525,20220210,20,pyrologix,5,none,2022,0.0,0.0,-1,undetected,1,9.489961992702219e-05,0,0.0,False
GaussianBudget20M_LinearMinTime,HILL_2022-CASQF-002127,20220820,21,pyrologix,1,none,2022,0.0,0.0,-1,undetected,1,9.489961992702219e-05,0,0.0,False
GaussianBudget20M_LinearMinTime,HOGBACK_2022-CASHF-001029,20220923,18,pyrologix,6,47-49,2022,0.0,0.0,3,drone,1,9.489961992702219e-05,3525,0.0046500813764240876,True
GaussianBudget20M_LinearMinTime,HOKE_2022-CATNF-001407,20220914,17,pyrologix,6,none,2022,0.0,0.0,-1,undetected,1,9.489961992702219e-05,0,0.0,False
GaussianBudget20M_LinearMinTime,HORN_2022-CABDF-012892,20220904,18,pyrologix,8,none,2022,0.0,0.0,-1,undetected,1,9.489961992702219e-05,0,0.0,False
GaussianBudget20M_LinearMinTime,HORN_2022-CABDF-016326,20221120,20,pyrologix,3,none,2022,0.0,0.0,-1,undetected,1,9.489961992702219e-05,0,0.0,False
GaussianBudget20M_LinearMinTime,HORN_2022-CASQF-002535,20220930,16,pyrologix,7,169-77,2022,0.0,0.0,3,drone,1,9.489961992702219e-05,4135,0.0046500813764240876,True
GaussianBudget20M_LinearMinTime,HORSE_2022-CABDF-008251,20220521,20,pyrologix,9,none,2022,0.0,0.0,-1,undetected,1,9.489961992702219e-05,0,0.0,False
GaussianBudget20M_LinearMinTime,HORSE__2022-CACNF-002527,20221022,16,pyrologix,10,none,2022,0.0,0.0,-1,undetected,1,9.489961992702219e-05,0,0.0,False
GaussianBudget20M_LinearMinTime,HOTSPRINGS_2022-CASQF-001223,20220622,11,pyrologix,4,169-77,2022,0.0,0.0,1,drone,1,9.489961992702219e-05,1995,0.004365382516643021,True
GaussianBudget20M_LinearMinTime,HUCKELBERRY_2022-CAENF-027891,20220929,19,pyrologix,8,none,2022,0.0,0.0,-1,undetected,1,9.489961992702219e-05,0,0.0,False
GaussianBudget20M_LinearMinTime,HUDSON_2022-CABDF-010893,20220715,12,pyrologix,3,none,2022,0.0,0.0,-1,undetected,1,9.489961992702219e-05,0,0.0,False
GaussianBudget20M_LinearMinTime,HUGHES_2022-CAANF-002583,20220806,19,pyrologix,9,none,2022,0.0,0.0,-1,undetected,1,9.489961992702219e-05,0,0.0,False
GaussianBudget20M_LinearMinTime,HWY_138____EL_CENTRO_RD_2022-CABDU-007181,20220525,16,pyrologix,6,none,2022,0.0,0.0,-1,undetected,1,9.489961992702219e-05,0,0.0,False
GaussianBudget20M_LinearMinTime,HWY_38___S_HATCHERY_DR_2022-CABDU-017193,20221129,3,pyrologix,4,none,2022,0.0,0.0,-1,undetected,1,9.489961992702219e-05,0,0.0,False
GaussianBudget20M_LinearMinTime,HWY_41____CEDAR_VALLEY_DR_2022-CAMMU-004709,20220228,20,pyrologix,11,132-64,2022,0.0,0.0,0,drone,1,9.489961992702219e-05,4235,0.0046500813764240876,True
GaussianBudget20M_LinearMinTime,HYAMPOM_2022-CASHF-000384,20220512,21,pyrologix,8,43-18,2022,0.0,0.0,0,drone,1,9.489961992702219e-05,3225,0.004460282136570043,True
GaussianBudget20M_LinearMinTime,Hawk_2022-CAPNF-000591,20220515,17,pyrologix,1,74-61,2022,0.0,0.0,1,drone,1,9.489961992702219e-05,1100,0.004460282136570043,True
GaussianBudget20M_LinearMinTime,Hawkins_2022-CASRF-000156,20220323,21,pyrologix,2,36-20,2022,0.0,0.0,0,drone,1,9.489961992702219e-05,1025,0.0033214866974457763,True
GaussianBudget20M_LinearMinTime,Hayward__2022-CASHF-000438,20220528,17,pyrologix,9,39-36,2022,0.0,0.0,2,drone,1,9.489961992702219e-05,4205,0.004555181756497065,True
GaussianBudget20M_LinearMinTime,Hideaway_2022-CAPNF-001728,20220901,23,pyrologix,10,67-55,2022,0.0,0.0,-1,undetected,1,9.489961992702219e-05,4645,0.004460282136570043,True
GaussianBudget20M_LinearMinTime,Highway_2022-CASRF-000597,20220731,1,pyrologix,10,none,2022,0.0,0.0,-1,undetected,1,9.489961992702219e-05,0,0.0,False
GaussianBudget20M_LinearMinTime,Hill__2022-CAPNF-001217,20220720,19,pyrologix,3,67-55,2022,0.0,0.0,0,drone,1,9.489961992702219e-05,1350,0.00389088441700791,True
GaussianBudget20M_LinearMinTime,Hirz_2022-CASHF-000974,20220912,0,pyrologix,7,none,2022,0.0,0.0,-1,undetected,1,9.489961992702219e-05,0,0.0,False
GaussianBudget20M_LinearMinTime,Honey_2022-CAPNF-001729,20220901,13,pyrologix,1,none,2022,0.0,0.0,-1,undetected,1,9.489961992702219e-05,0,0.0,False
GaussianBudget20M_LinearMinTime,Howard_2022-CALPF-000943,20220515,18,pyrologix,7,none,2022,0.0,0.0,-1,undetected,1,9.489961992702219e-05,0,0.0,False
GaussianBudget20M_LinearMinTime,Howard_2_2022-CALPF-002477,20221008,17,pyrologix,12,none,2022,0.0,0.0,-1,undetected,1,9.489961992702219e-05,0,0.0,False
GaussianBudget20M_LinearMinTime,Hudson_2022-CALPF-002367,20220925,22,pyrologix,7,none,2022,0.0,0.0,-1,undetected,1,9.489961992702219e-05,0,0.0,False
GaussianBudget20M_LinearMinTime,Hudson__2022-CAPNF-001089,20220707,17,pyrologix,11,67-55,2022,0.0,0.0,-1,undetected,1,9.489961992702219e-05,4645,0.004460282136570043,True
GaussianBudget20M_LinearMinTime,IDA_2022-CASTF-001696,20220905,22,pyrologix,5,109-61,2022,0.0,0.0,2,drone,1,9.489961992702219e-05,2595,0.004460282136570043,True
GaussianBudget20M_LinearMinTime,INCINERATOR_2022-CAANF-003654,20221123,10,pyrologix,4,none,2022,0.0,0.0,-1,undetected,1,9.489961992702219e-05,0,0.0,False
GaussianBudget20M_LinearMinTime,INDEPENDENCE_2022-CATNF-000916,20220721,22,pyrologix,6,none,2022,0.0,0.0,-1,undetected,1,9.489961992702219e-05,0,0.0,False
GaussianBudget20M_LinearMinTime,INSPIRATION_2022-CABDF-011986,20220812,22,pyrologix,5,none,2022,0.0,0.0,-1,undetected,1,9.489961992702219e-05,0,0.0,False
GaussianBudget20M_LinearMinTime,INTAKE_2022-CABDF-004376,20220304,13,pyrologix,8,none,2022,0.0,0.0,-1,undetected,1,9.489961992702219e-05,0,0.0,False
GaussianBudget20M_LinearMinTime,ISLAND_DR__FOREST_FALLS_2022-CABDU-006622,20220514,14,pyrologix,6,none,2022,0.0,0.0,-1,undetected,1,9.489961992702219e-05,0,0.0,False
GaussianBudget20M_LinearMinTime,Independence_2022-CALPF-001483,20220705,16,pyrologix,4,none,2022,0.0,0.0,-1,undetected,1,9.489961992702219e-05,0,0.0,False
GaussianBudget20M_LinearMinTime,JACK_2022-CASQF-001260,20220623,18,pyrologix,4,169-77,2022,0.0,0.0,0,drone,1,9.489961992702219e-05,1820,0.004365382516643021,True
GaussianBudget20M_LinearMinTime,JACOBY_2022-CABDF-010878,20220715,21,pyrologix,7,none,2022,0.0,0.0,-1,undetected,1,9.489961992702219e-05,0,0.0,False
GaussianBudget20M_LinearMinTime,JANESVILLE_2022-CALMU-003556,20220712,18,pyrologix,9,none,2022,0.0,0.0,-1,undetected,1,9.489961992702219e-05,0,0.0,False
GaussianBudget20M_LinearMinTime,JIM_2022-CACNF-000406,20220302,17,pyrologix,4,none,2022,0.0,0.0,-1,undetected,1,9.489961992702219e-05,0,0.0,False
GaussianBudget20M_LinearMinTime,JOHNSON_2022-CAANF-001432,20220522,14,pyrologix,7,none,2022,0.0,0.0,-1,undetected,1,9.489961992702219e-05,0,0.0,False
GaussianBudget20M_LinearMinTime,JUAN_DIEGO_FLATS_RD___TRIPP_FLATS_RD_2022-CARRU-129826,20220906,22,pyrologix,7,225-97,2022,0.0,0.0,0,drone,1,9.489961992702219e-05,2770,0.004555181756497065,True
GaussianBudget20M_LinearMinTime,JUNCTION_2022-CABDF-011531,20220730,21,pyrologix,2,none,2022,0.0,0.0,-1,undetected,1,9.489961992702219e-05,0,0.0,False
GaussianBudget20M_LinearMinTime,JUNCTION_2022-CAINF-000983,20220601,21,pyrologix,5,none,2022,0.0,0.0,-1,undetected,1,9.489961992702219e-05,0,0.0,False
GaussianBudget20M_LinearMinTime,JUNE_ABC_MISC_2022-CASNF-000601,20220622,17,pyrologix,9,none,2022,0.0,0.0,-1,undetected,1,9.489961992702219e-05,0,0.0,False
GaussianBudget20M_LinearMinTime,JUNIPER_2022-CABDF-013538,20220925,17,pyrologix,1,none,2022,0.0,0.0,-1,undetected,1,9.489961992702219e-05,0,0.0,False
GaussianBudget20M_LinearMinTime,Jay_2022-CACNF-000248,20220207,15,pyrologix,2,none,2022,0.0,0.0,-1,undetected,1,9.489961992702219e-05,0,0.0,False
GaussianBudget20M_LinearMinTime,Jiggs_2022-CASRF-000658,20220813,23,pyrologix,7,50-18,2022,0.0,0.0,0,drone,1,9.489961992702219e-05,2665,0.0046500813764240876,True
GaussianBudget20M_LinearMinTime,KAGEL_2022-CAANF-003199,20220928,19,pyrologix,3,none,2022,0.0,0.0,-1,undetected,1,9.489961992702219e-05,0,0.0,False
GaussianBudget20M_LinearMinTime,KATE__2022-CAANF-002802,20220825,20,pyrologix,11,none,2022,0.0,0.0,-1,undetected,1,9.489961992702219e-05,0,0.0,False
GaussianBudget20M_LinearMinTime,KAWEAH_2022-CASQF-002717,20221026,18,pyrologix,7,none,2022,0.0,0.0,-1,undetected,1,9.489961992702219e-05,0,0.0,False
GaussianBudget20M_LinearMinTime,KELSEY_2022-CAKNF-006273,20220731,22,pyrologix,12,21-32,2022,0.0,0.0,0,drone,1,9.489961992702219e-05,4655,0.0046500813764240876,True
GaussianBudget20M_LinearMinTime,KEMPER_2022-CAKNF-007075,20220819,20,pyrologix,9,none,2022,0.0,0.0,-1,undetected,1,9.489961992702219e-05,0,0.0,False
GaussianBudget20M_LinearMinTime,KENTUCKY_2022-CAENF-021272,20220803,0,pyrologix,2,88-57,2022,0.0,0.0,0,drone,1,9.489961992702219e-05,1000,0.004175583276788976,True
GaussianBudget20M_LinearMinTime,KITCHEN__018_2022-CACNF-001552,20220704,21,pyrologix,7,none,2022,0.0,0.0,-1,undetected,1,9.489961992702219e-05,0,0.0,False
GaussianBudget20M_LinearMinTime,KNOB_2022-CABDF-009772,20220623,4,pyrologix,4,none,2022,0.0,0.0,-1,undetected,1,9.489961992702219e-05,0,0.0,False
GaussianBudget20M_LinearMinTime,KYBURZ_2022-CAENF-017348,20220701,12,pyrologix,11,none,2022,0.0,0.0,-1,undetected,1,9.489961992702219e-05,0,0.0,False
GaussianBudget20M_LinearMinTime,Keddie_2022-CAPNF-001370,20220730,23,pyrologix,1,67-55,2022,0.0,0.0,0,drone,1,9.489961992702219e-05,845,0.0036061855572268433,True
GaussianBudget20M_LinearMinTime,L-1_WARNER_2022-CALNF-004077,20220802,16,pyrologix,10,60-50,2022,0.0,0.0,0,drone,1,9.489961992702219e-05,4025,0.004175583276788976,True
GaussianBudget20M_LinearMinTime,LAC-006523_2022-CALAC-006523,20220106,2,pyrologix,6,none,2022,0.0,0.0,-1,undetected,1,9.489961992702219e-05,0,0.0,False
GaussianBudget20M_LinearMinTime,LAC-046964_2022-CALAC-046964,20220207,20,pyrologix,11,none,2022,0.0,0.0,-1,undetected,1,9.489961992702219e-05,0,0.0,False
GaussianBudget20M_LinearMinTime,LAC-061064_2022-CALAC-061064,20220218,17,pyrologix,6,none,2022,0.0,0.0,-1,undetected,1,9.489961992702219e-05,0,0.0,False
GaussianBudget20M_LinearMinTime,LAC-090300_2022-CALAC-090300,20220316,2,pyrologix,7,none,2022,0.0,0.0,-1,undetected,1,9.489961992702219e-05,0,0.0,False
GaussianBudget20M_LinearMinTime,LAC-160812_2022-CALAC-160812,20220515,23,pyrologix,9,none,2022,0.0,0.0,-1,undetected,1,9.489961992702219e-05,0,0.0,False
GaussianBudget20M_LinearMinTime,LAC-179624_2022-CALAC-179624,20220531,20,pyrologix,12,none,2022,0.0,0.0,-1,undetected,1,9.489961992702219e-05,0,0.0,False
GaussianBudget20M_LinearMinTime,LAC-246041_2022-CALAC-246041,20220723,10,pyrologix,11,none,2022,0.0,0.0,-1,undetected,1,9.489961992702219e-05,0,0.0,False
GaussianBudget20M_LinearMinTime,LAC-382748_2022-CALAC-382748,20221110,12,pyrologix,11,none,2022,0.0,0.0,-1,undetected,1,9.489961992702219e-05,0,0.0,False
GaussianBudget20M_LinearMinTime,LAC-403372_2022-CALAC-403372,20221127,23,pyrologix,2,none,2022,0.0,0.0,-1,undetected,1,9.489961992702219e-05,0,0.0,False
GaussianBudget20M_LinearMinTime,LAGO_2022-CAANF-003186,20220926,12,pyrologix,11,none,2022,0.0,0.0,-1,undetected,1,9.489961992702219e-05,0,0.0,False
GaussianBudget20M_LinearMinTime,LAKEHEAD_2022-CASHF-000793,20220807,22,pyrologix,2,39-36,2022,0.0,0.0,5,drone,1,9.489961992702219e-05,2575,0.004460282136570043,True
GaussianBudget20M_LinearMinTime,LAKE_2022-CASHF-000461,20220601,15,pyrologix,10,37-43,2022,0.0,0.0,2,drone,1,9.489961992702219e-05,4985,0.0046500813764240876,True
GaussianBudget20M_LinearMinTime,LAKE_2022-CATNF-001256,20220830,18,pyrologix,12,none,2022,0.0,0.0,-1,undetected,1,9.489961992702219e-05,0,0.0,False
GaussianBudget20M_LinearMinTime,LANE_2022-CABDF-013734,20221001,18,pyrologix,6,none,2022,0.0,0.0,-1,undetected,1,9.489961992702219e-05,0,0.0,False
GaussianBudget20M_LinearMinTime,LAVA_2022-CALNF-005466,20221006,20,pyrologix,5,47-49,2022,0.0,0.0,0,drone,1,9.489961992702219e-05,2040,0.004460282136570043,True
GaussianBudget20M_LinearMinTime,LAVA__2022-CAMDF-000214,20220607,16,pyrologix,12,none,2022,0.0,0.0,-1,undetected,1,9.489961992702219e-05,0,0.0,False
GaussianBudget20M_LinearMinTime,LEAF_2022-CATMU-020809,20220730,20,pyrologix,9,none,2022,0.0,0.0,-1,undetected,1,9.489961992702219e-05,0,0.0,False
GaussianBudget20M_LinearMinTime,LEAF_2022-CATMU-028133,20221001,21,pyrologix,1,none,2022,0.0,0.0,-1,undetected,1,9.489961992702219e-05,0,0.0,False
GaussianBudget20M_LinearMinTime,LEONI_2022-CAENF-013935,20220530,19,pyrologix,2,102-57,2022,0.0,0.0,0,drone,1,9.489961992702219e-05,910,0.003511285937299821,True
GaussianBudget20M_LinearMinTime,LEWIS_2022-CASNF-000452,20220528,20,pyrologix,4,132-64,2022,0.0,0.0,0,drone,1,9.489961992702219e-05,1565,0.004460282136570043,True
GaussianBudget20M_LinearMinTime,LICK_2022-CASHF-001145,20221021,11,pyrologix,12,50-25,2022,0.0,0.0,-1,undetected,1,9.489961992702219e-05,2450,0.004365382516643021,True
GaussianBudget20M_LinearMinTime,LIGHTNING_2022-CACNF-001398,20220623,21,pyrologix,10,none,2022,0.0,0.0,-1,undetected,1,9.489961992702219e-05,0,0.0,False
GaussianBudget20M_LinearMinTime,LILLY_2022-CAKNF-006430,20220803,22,pyrologix,6,none,2022,0.0,0.0,-1,undetected,1,9.489961992702219e-05,0,0.0,False
GaussianBudget20M_LinearMinTime,LINE_2022-CAINF-001655,20220802,22,pyrologix,8,none,2022,0.0,0.0,-1,undetected,1,9.489961992702219e-05,0,0.0,False
GaussianBudget20M_LinearMinTime,LION_2022-CAENF-007455,20220320,17,pyrologix,10,95-57,2022,0.0,0.0,1,drone,1,9.489961992702219e-05,4070,0.0046500813764240876,True
GaussianBudget20M_LinearMinTime,LISA_2022-CALAC-213820,20220627,22,pyrologix,2,none,2022,0.0,0.0,-1,undetected,1,9.489961992702219e-05,0,0.0,False
GaussianBudget20M_LinearMinTime,LITTLE_2022-CAKNF-001539,20220226,15,pyrologix,10,21-32,2022,0.0,0.0,0,drone,1,9.489961992702219e-05,4030,0.0046500813764240876,True
GaussianBudget20M_LinearMinTime,LITTLE_2022-CASHF-000763,20220804,22,pyrologix,6,37-43,2022,0.0,0.0,0,drone,1,9.489961992702219e-05,2440,0.0046500813764240876,True
GaussianBudget20M_LinearMinTime,LOBO_2022-CABDF-014357,20221016,11,pyrologix,7,none,2022,0.0,0.0,-1,undetected,1,9.489961992702219e-05,0,0.0,False
GaussianBudget20M_LinearMinTime,LOFT_2022-CASNF-001642,20221125,19,pyrologix,4,132-64,2022,0.0,0.0,0,drone,1,9.489961992702219e-05,1810,0.004460282136570043,True
GaussianBudget20M_LinearMinTime,LOG_2022-CAANF-003645,20221122,1,pyrologix,8,none,2022,0.0,0.0,-1,undetected,1,9.489961992702219e-05,0,0.0,False
GaussianBudget20M_LinearMinTime,LOG_2022-CATMU-030995,20221029,11,pyrologix,8,none,2022,0.0,0.0,-1,undetected,1,9.489961992702219e-05,0,0.0,False
GaussianBudget20M_LinearMinTime,LONE_2022-CABDF-013461,20220923,22,pyrologix,1,none,2022,0.0,0.0,-1,undetected,1,9.489961992702219e-05,0,0.0,False
GaussianBudget20M_LinearMinTime,LONE_2022-CAMDF-000514,20220731,22,pyrologix,4,none,2022,0.0,0.0,-1,undetected,1,9.489961992702219e-05,0,0.0,False
GaussianBudget20M_LinearMinTime,LONGEST_2022-CABTU-015806,20220901,20,pyrologix,4,none,2022,0.0,0.0,-1,undetected,1,9.489961992702219e-05,0,0.0,False
GaussianBudget20M_LinearMinTime,LONG_2022-CABDF-009757,20220622,17,pyrologix,11,none,2022,0.0,0.0,-1,undetected,1,9.489961992702219e-05,0,0.0,False
GaussianBudget20M_LinearMinTime,LONG_2022-CACNF-001399,20220623,2,pyrologix,3,none,2022,0.0,0.0,-1,undetected,1,9.489961992702219e-05,0,0.0,False
GaussianBudget20M_LinearMinTime,LONG_2022-CAENF-018477,20220710,17,pyrologix,10,95-57,2022,0.0,0.0,1,drone,1,9.489961992702219e-05,4070,0.0046500813764240876,True
GaussianBudget20M_LinearMinTime,LONG_2022-CAINF-002266,20221021,19,pyrologix,10,none,2022,0.0,0.0,-1,undetected,1,9.489961992702219e-05,0,0.0,False
GaussianBudget20M_LinearMinTime,LONG_2022-CAMDF-000652,20220809,9,pyrologix,7,none,2022,0.0,0.0,-1,undetected,1,9.489961992702219e-05,0,0.0,False
GaussianBudget20M_LinearMinTime,LOOKOUT_2022-CAKNF-007055,20220818,9,pyrologix,12,21-32,2022,0.0,0.0,0,drone,1,9.489961992702219e-05,4580,0.0046500813764240876,True
GaussianBudget20M_LinearMinTime,LOOP_2022-CAINF-001592,20220727,19,pyrologix,11,none,2022,0.0,0.0,-1,undetected,1,9.489961992702219e-05,0,0.0,False
GaussianBudget20M_LinearMinTime,LOOP_2022-CALNF-003465,20220708,18,pyrologix,4,none,2022,0.0,0.0,-1,undetected,1,9.489961992702219e-05,0,0.0,False
GaussianBudget20M_LinearMinTime,LOPEZ_2022-CALPF-001155,20220606,19,pyrologix,7,none,2022,0.0,0.0,-1,undetected,1,9.489961992702219e-05,0,0.0,False
GaussianBudget20M_LinearMinTime,LOST_2022-CATNF-000633,20220617,17,pyrologix,10,88-57,2022,0.0,0.0,0,drone,1,9.489961992702219e-05,3640,0.0046500813764240876,True
GaussianBudget20M_LinearMinTime,LOS_PINOS_2022-CAORC-149035,20221106,19,pyrologix,1,none,2022,0.0,0.0,-1,undetected,1,9.489961992702219e-05,0,0.0,False
GaussianBudget20M_LinearMinTime,LOT_2022-CACNF-001168,20220604,3,pyrologix,6,none,2022,0.0,0.0,-1,undetected,1,9.489961992702219e-05,0,0.0,False
GaussianBudget20M_LinearMinTime,LOVER_2022-CAKNF-006225,20220730,16,pyrologix,2,21-32,2022,0.0,0.0,1,drone,1,9.489961992702219e-05,1415,0.004365382516643021,True
GaussianBudget20M_LinearMinTime,LOWER_2022-CASHF-000205,20220322,13,pyrologix,7,none,2022,0.0,0.0,-1,undetected,1,9.489961992702219e-05,0,0.0,False
GaussianBudget20M_LinearMinTime,LUPINE_2022-CAPNF-004737,20220901,10,pyrologix,1,none,2022,0.0,0.0,-1,undetected,1,9.489961992702219e-05,0,0.0,False
GaussianBudget20M_LinearMinTime,LYON_2022-CATGU-011292,20220922,13,pyrologix,9,59-43,2022,0.0,0.0,0,drone,1,9.489961992702219e-05,3365,0.0046500813764240876,True
GaussianBudget20M_LinearMinTime,Lamb_Gap_2022-CASRF-000223,20220414,9,pyrologix,11,50-18,2022,0.0,0.0,3,drone,1,9.489961992702219e-05,5135,0.0046500813764240876,True
GaussianBudget20M_LinearMinTime,Lamoine_2022-CASHF-000626,20220711,12,pyrologix,11,39-36,2022,0.0,0.0,2,drone,1,9.489961992702219e-05,4650,0.0046500813764240876,True
GaussianBudget20M_LinearMinTime,Lane_2022-CAPNF-002293,20221029,18,pyrologix,5,67-55,2022,0.0,0.0,1,drone,1,9.489961992702219e-05,2665,0.0040806836568619545,True
GaussianBudget20M_LinearMinTime,Laporte_2022-CAPNF-001155,20220715,11,pyrologix,4,none,2022,0.0,0.0,-1,undetected,1,9.489961992702219e-05,0,0.0,False
GaussianBudget20M_LinearMinTime,Little_2022-CAPNF-001818,20220907,16,pyrologix,8,74-61,2022,0.0,0.0,-1,undetected,1,9.489961992702219e-05,5030,0.004555181756497065,True
GaussianBudget20M_LinearMinTime,MADERA_2022-CASNF-001023,20220811,15,pyrologix,4,none,2022,0.0,0.0,-1,undetected,1,9.489961992702219e-05,0,0.0,False
GaussianBudget20M_LinearMinTime,MANOR_2022-CABDF-013776,20221002,15,pyrologix,8,none,2022,0.0,0.0,-1,undetected,1,9.489961992702219e-05,0,0.0,False
GaussianBudget20M_LinearMinTime,MANZANITA_2022-CABDF-013457,20220923,18,pyrologix,9,none,2022,0.0,0.0,-1,undetected,1,9.489961992702219e-05,0,0.0,False
GaussianBudget20M_LinearMinTime,MAPLE_1_2022-CACNF-001291,20220614,11,pyrologix,11,none,2022,0.0,0.0,-1,undetected,1,9.489961992702219e-05,0,0.0,False
GaussianBudget20M_LinearMinTime,MAPLE_2022-CAORC-076966,20220614,16,pyrologix,1,none,2022,0.0,0.0,-1,undetected,1,9.489961992702219e-05,0,0.0,False
GaussianBudget20M_LinearMinTime,MAPLE_2_2022-CACNF-001295,20220614,11,pyrologix,11,none,2022,0.0,0.0,-1,undetected,1,9.489961992702219e-05,0,0.0,False
GaussianBudget20M_LinearMinTime,MAPLE_3_2022-CACNF-001296,20220614,14,pyrologix,5,none,2022,0.0,0.0,-1,undetected,1,9.489961992702219e-05,0,0.0,False
GaussianBudget20M_LinearMinTime,MARICOPA_2022-CALPF-001282,20220618,9,pyrologix,7,none,2022,0.0,0.0,-1,undetected,1,9.489961992702219e-05,0,0.0,False
GaussianBudget20M_LinearMinTime,MARION_2022-CABDF-007214,20220424,11,pyrologix,5,none,2022,0.0,0.0,-1,undetected,1,9.489961992702219e-05,0,0.0,False
GaussianBudget20M_LinearMinTime,MARIPOSA_2022-CABDF-005080,20220317,21,pyrologix,7,none,2022,0.0,0.0,-1,undetected,1,9.489961992702219e-05,0,0.0,False
GaussianBudget20M_LinearMinTime,MARSHALL_2022-CASTF-001862,20220923,23,pyrologix,2,none,2022,0.0,0.0,-1,undetected,1,9.489961992702219e-05,0,0.0,False
GaussianBudget20M_LinearMinTime,MASON_2022-CATNF-000101,20220210,19,pyrologix,4,none,2022,0.0,0.0,-1,undetected,1,9.489961992702219e-05,0,0.0,False
GaussianBudget20M_LinearMinTime,MATTRESS_2022-CAANF-002237,20220716,2,pyrologix,2,none,2022,0.0,0.0,-1,undetected,1,9.489961992702219e-05,0,0.0,False
GaussianBudget20M_LinearMinTime,MAXWELL_2022-CASHU-009929,20220907,8,pyrologix,11,43-25,2022,0.0,0.0,1,drone,1,9.489961992702219e-05,4355,0.0046500813764240876,True
GaussianBudget20M_LinearMinTime,MCGEE_2022-CAINF-001072,20220612,12,pyrologix,11,none,2022,0.0,0.0,-1,undetected,1,9.489961992702219e-05,0,0.0,False
GaussianBudget20M_LinearMinTime,MCGINTY_2022-CAMDF-000569,20220804,15,pyrologix,9,none,2022,0.0,0.0,-1,undetected,1,9.489961992702219e-05,0,0.0,False
GaussianBudget20M_LinearMinTime,MCKINLEY_2022-CASNF-001368,20220915,13,pyrologix,11,none,2022,0.0,0.0,-1,undetected,1,9.489961992702219e-05,0,0.0,False
GaussianBudget20M_LinearMinTime,MCKINNEY_2022-CAKNF-006177,20220729,18,pyrologix,6,21-39,2022,0.0,0.0,0,drone,1,9.489961992702219e-05,2350,0.0046500813764240876,True
GaussianBudget20M_LinearMinTime,MCNEAL_2022-CAKNF-006262,20220731,22,pyrologix,7,32-27,2022,0.0,0.0,1,drone,1,9.489961992702219e-05,2935,0.004555181756497065,True
GaussianBudget20M_LinearMinTime,MEADOW_2022-CAENF-021439,20220804,14,pyrologix,11,none,2022,0.0,0.0,-1,undetected,1,9.489961992702219e-05,0,0.0,False
GaussianBudget20M_LinearMinTime,MEADOW_2022-CAINF-001681,20220804,21,pyrologix,8,none,2022,0.0,0.0,-1,undetected,1,9.489961992702219e-05,0,0.0,False
GaussianBudget20M_LinearMinTime,MEADOW_2022-CASQF-000245,20220219,17,pyrologix,7,none,2022,0.0,0.0,-1,undetected,1,9.489961992702219e-05,0,0.0,False
GaussianBudget20M_LinearMinTime,MEADOW_2022-CATNF-001095,20220809,18,pyrologix,12,none,2022,0.0,0.0,-1,undetected,1,9.489961992702219e-05,0,0.0,False
GaussianBudget20M_LinearMinTime,MERRIL_2022-CATNF-001579,20221019,12,pyrologix,11,78-68,2022,0.0,0.0,0,drone,1,9.489961992702219e-05,4440,0.0046500813764240876,True
GaussianBudget20M_LinearMinTime,MEYERS_2022-CABDF-011208,20220722,0,pyrologix,7,none,2022,0.0,0.0,-1,undetected,1,9.489961992702219e-05,0,0.0,False
GaussianBudget20M_LinearMinTime,MEYER_2022-CABDF-012989,20220907,20,pyrologix,12,none,2022,0.0,0.0,-1,undetected,1,9.489961992702219e-05,0,0.0,False
GaussianBudget20M_LinearMinTime,MIDPINES_2022-CAMMU-014808,20220707,18,pyrologix,6,125-62,2022,0.0,0.0,0,drone,1,9.489961992702219e-05,2435,0.0046500813764240876,True
GaussianBudget20M_LinearMinTime,MIDPINES_2022-CAMMU-015084,20220710,15,pyrologix,12,125-62,2022,0.0,0.0,0,drone,1,9.489961992702219e-05,4350,0.0046500813764240876,True
GaussianBudget20M_LinearMinTime,MILITARY_2022-CAKNF-010677,20221125,15,pyrologix,9,none,2022,0.0,0.0,-1,undetected,1,9.489961992702219e-05,0,0.0,False
GaussianBudget20M_LinearMinTime,MILLARD_2022-CAANF-001239,20220504,23,pyrologix,10,none,2022,0.0,0.0,-1,undetected,1,9.489961992702219e-05,0,0.0,False
GaussianBudget20M_LinearMinTime,MILLER_2022-CABDF-007690,20220507,5,pyrologix,8,none,2022,0.0,0.0,-1,undetected,1,9.489961992702219e-05,0,0.0,False
GaussianBudget20M_LinearMinTime,MILL_2022-CAKNF-001285,20220218,1,pyrologix,1,21-32,2022,0.0,0.0,0,drone,1,9.489961992702219e-05,645,0.0036061855572268433,True
GaussianBudget20M_LinearMinTime,MILL_2022-CASQF-001258,20220623,18,pyrologix,3,169-77,2022,0.0,0.0,0,drone,1,9.489961992702219e-05,1180,0.004175583276788976,True
GaussianBudget20M_LinearMinTime,MILL_2022-CASTF-001171,20220715,19,pyrologix,4,none,2022,0.0,0.0,-1,undetected,1,9.489961992702219e-05,0,0.0,False
GaussianBudget20M_LinearMinTime,MILL__2022-CATGU-008572,20220719,1,pyrologix,2,60-50,2022,0.0,0.0,-1,undetected,1,9.489961992702219e-05,3000,0.004175583276788976,True
GaussianBudget20M_LinearMinTime,MINERAL_2022-CATGU-011262,20220921,19,pyrologix,9,60-50,2022,0.0,0.0,0,drone,1,9.489961992702219e-05,3540,0.004175583276788976,True
GaussianBudget20M_LinearMinTime,MM_10_2022-CASRF-000513,20220712,17,pyrologix,4,none,2022,0.0,0.0,-1,undetected,1,9.489961992702219e-05,0,0.0,False
GaussianBudget20M_LinearMinTime,MONACHE_2022-CAINF-001667,20220802,17,pyrologix,9,none,2022,0.0,0.0,-1,undetected,1,9.489961992702219e-05,0,0.0,False
GaussianBudget20M_LinearMinTime,MONO_2022-CAINF-001496,20220717,14,pyrologix,10,none,2022,0.0,0.0,-1,undetected,1,9.489961992702219e-05,0,0.0,False
GaussianBudget20M_LinearMinTime,MONTE_2022-CAANF-003443,20221026,14,pyrologix,5,none,2022,0.0,0.0,-1,undetected,1,9.489961992702219e-05,0,0.0,False
GaussianBudget20M_LinearMinTime,MONTREAL_2022-CAAEU-029415,20221014,5,pyrologix,2,none,2022,0.0,0.0,-1,undetected,1,9.489961992702219e-05,0,0.0,False
GaussianBudget20M_LinearMinTime,MOON_2022-CASNF-000691,20220703,20,pyrologix,10,132-64,2022,0.0,0.0,0,drone,1,9.489961992702219e-05,3740,0.0046500813764240876,True
GaussianBudget20M_LinearMinTime,MOORES_2022-CANEU-029518,20221028,9,pyrologix,11,81-55,2022,0.0,0.0,0,drone,1,9.489961992702219e-05,3300,0.004365382516643021,True
GaussianBudget20M_LinearMinTime,MOORES_2022-CATNF-001612,20221028,14,pyrologix,1,81-55,2022,0.0,0.0,0,drone,1,9.489961992702219e-05,500,0.0028469885978106655,True
GaussianBudget20M_LinearMinTime,MORRIS_2022-CAANF-002629,20220812,1,pyrologix,3,none,2022,0.0,0.0,-1,undetected,1,9.489961992702219e-05,0,0.0,False
GaussianBudget20M_LinearMinTime,MORRIS_2022-CALAC-270672,20220812,2,pyrologix,1,none,2022,0.0,0.0,-1,undetected,1,9.489961992702219e-05,0,0.0,False
GaussianBudget20M_LinearMinTime,MOSQUITO_2022-CASTF-001234,20220721,15,pyrologix,6,none,2022,0.0,0.0,-1,undetected,1,9.489961992702219e-05,0,0.0,False
GaussianBudget20M_LinearMinTime,MOSQUITO_2022-CATNF-001371,20220907,20,pyrologix,10,88-57,2022,0.0,0.0,2,drone,1,9.489961992702219e-05,4420,0.0046500813764240876,True
GaussianBudget20M_LinearMinTime,MOUNTAIN_2022-CASHF-000775,20220805,1,pyrologix,12,none,2022,0.0,0.0,-1,undetected,1,9.489961992702219e-05,0,0.0,False
GaussianBudget20M_LinearMinTime,MULCH_2022-CALNF-003356,20220702,20,pyrologix,1,none,2022,0.0,0.0,-1,undetected,1,9.489961992702219e-05,0,0.0,False
GaussianBudget20M_LinearMinTime,MULE_2022-CASQF-002110,20220819,16,pyrologix,10,none,2022,0.0,0.0,-1,undetected,1,9.489961992702219e-05,0,0.0,False
GaussianBudget20M_LinearMinTime,MUNSON_2022-CAENF-028534,20221006,0,pyrologix,1,none,2022,0.0,0.0,-1,undetected,1,9.489961992702219e-05,0,0.0,False
GaussianBudget20M_LinearMinTime,MUNZ_2022-CAANF-003073,20220913,16,pyrologix,11,none,2022,0.0,0.0,-1,undetected,1,9.489961992702219e-05,0,0.0,False
GaussianBudget20M_LinearMinTime,MUNZ_2022-CALAC-313159,20220913,16,pyrologix,11,none,2022,0.0,0.0,-1,undetected,1,9.489961992702219e-05,0,0.0,False
GaussianBudget20M_LinearMinTime,MURPHY_2022-CASQF-002470,20220921,15,pyrologix,11,none,2022,0.0,0.0,-1,undetected,1,9.489961992702219e-05,0,0.0,False
GaussianBudget20M_LinearMinTime,MUTUAL_AID_TERRAZA_2022-CACNF-000725,20220419,20,pyrologix,5,none,2022,0.0,0.0,-1,undetected,1,9.489961992702219e-05,0,0.0,False
GaussianBudget20M_LinearMinTime,Marian_2022-CALPF-001794,20220803,13,pyrologix,8,none,2022,0.0,0.0,-1,undetected,1,9.489961992702219e-05,0,0.0,False
GaussianBudget20M_LinearMinTime,Medicine_2022-CASRF-000602,20220801,16,pyrologix,12,none,2022,0.0,0.0,-1,undetected,1,9.489961992702219e-05,0,0.0,False
GaussianBudget20M_LinearMinTime,Mutual_Aid_SERE_2022-CACNF-000268,20220210,11,pyrologix,9,none,2022,0.0,0.0,-1,undetected,1,9.489961992702219e-05,0,0.0,False
GaussianBudget20M_LinearMinTime,NAVAJO_2022-CALPF-000869,20220508,16,pyrologix,10,none,2022,0.0,0.0,-1,undetected,1,9.489961992702219e-05,0,0.0,False
GaussianBudget20M_LinearMinTime,NELSON_2022-CASHF-000649,20220715,16,pyrologix,10,37-43,2022,0.0,0.0,-1,undetected,1,9.489961992702219e-05,6125,0.0046500813764240876,True
GaussianBudget20M_LinearMinTime,NEY_2022-CASHF-000718,20220728,0,pyrologix,1,37-43,2022,0.0,0.0,0,drone,1,9.489961992702219e-05,565,0.00303678783766471,True
GaussianBudget20M_LinearMinTime,NOBLETT_2022-CAANF-001730,20220614,23,pyrologix,7,none,2022,0.0,0.0,-1,undetected,1,9.489961992702219e-05,0,0.0,False
GaussianBudget20M_LinearMinTime,NOBLE_2022-CACNF-001459,20220626,20,pyrologix,7,none,2022,0.0,0.0,-1,undetected,1,9.489961992702219e-05,0,0.0,False
GaussianBudget20M_LinearMinTime,NOB_HILL_2022-CABDF-012884,20220904,20,pyrologix,2,none,2022,0.0,0.0,-1,undetected,1,9.489961992702219e-05,0,0.0,False
GaussianBudget20M_LinearMinTime,NON-REPORTABLE_2022-CAANF-001293,20220509,12,pyrologix,12,none,2022,0.0,0.0,-1,undetected,1,9.489961992702219e-05,0,0.0,False
GaussianBudget20M_LinearMinTime,NON-REPORTABLE_2022-CAANF-003057,20220912,13,pyrologix,9,none,2022,0.0,0.0,-1,undetected,1,9.489961992702219e-05,0,0.0,False
GaussianBudget20M_LinearMinTime,NON-_REPORTABLE_2022-CAANF-002824,20220826,19,pyrologix,8,none,2022,0.0,0.0,-1,undetected,1,9.489961992702219e-05,0,0.0,False
GaussianBudget20M_LinearMinTime,NON_REPORTABLE_2022-CAANF-003158,20220923,23,pyrologix,7,none,2022,0.0,0.0,-1,undetected,1,9.489961992702219e-05,0,0.0,False
GaussianBudget20M_LinearMinTime,NORTHMAIN_2022-CACNF-000917,20220514,11,pyrologix,11,none,2022,0.0,0.0,-1,undetected,1,9.489961992702219e-05,0,0.0,False
GaussianBudget20M_LinearMinTime,NORTH_2022-CAENF-025545,20220906,19,pyrologix,4,102-57,2022,0.0,0.0,-1,undetected,1,9.489961992702219e-05,1395,0.0036061855572268433,True
GaussianBudget20M_LinearMinTime,NORTH_2022-CATMU-024952,20220902,9,pyrologix,6,none,2022,0.0,0.0,-1,undetected,1,9.489961992702219e-05,0,0.0,False
GaussianBudget20M_LinearMinTime,NORTH__2022-CAANF-003486,20221101,2,pyrologix,1,none,2022,0.0,0.0,-1,undetected,1,9.489961992702219e-05,0,0.0,False
GaussianBudget20M_LinearMinTime,NUTMEG_2022-CASNF-001211,20220902,16,pyrologix,11,none,2022,0.0,0.0,-1,undetected,1,9.489961992702219e-05,0,0.0,False
GaussianBudget20M_LinearMinTime,Nelson_2022-CACNF-000234,20220206,19,pyrologix,3,none,2022,0.0,0.0,-1,undetected,1,9.489961992702219e-05,0,0.0,False
GaussianBudget20M_LinearMinTime,Nervino_2022-CAPNF-001140,20220713,14,pyrologix,10,78-68,2022,0.0,0.0,3,drone,1,9.489961992702219e-05,5240,0.0046500813764240876,True
GaussianBudget20M_LinearMinTime,OAKWILDE_2022-CAANF-003225,20221001,14,pyrologix,5,none,2022,0.0,0.0,-1,undetected,1,9.489961992702219e-05,0,0.0,False
GaussianBudget20M_LinearMinTime,OAKWILDE_2022-CALAC-334495,20221001,14,pyrologix,5,none,2022,0.0,0.0,-1,undetected,1,9.489961992702219e-05,0,0.0,False
GaussianBudget20M_LinearMinTime,OAK_2022-CAANF-000662,20220313,19,pyrologix,4,none,2022,0.0,0.0,-1,undetected,1,9.489961992702219e-05,0,0.0,False
GaussianBudget20M_LinearMinTime,OAK_2022-CABDF-000336,20220102,20,pyrologix,1,none,2022,0.0,0.0,-1,undetected,1,9.489961992702219e-05,0,0.0,False
GaussianBudget20M_LinearMinTime,OBRIEN_2022-CASHF-000204,20220322,9,pyrologix,11,none,2022,0.0,0.0,-1,undetected,1,9.489961992702219e-05,0,0.0,False
GaussianBudget20M_LinearMinTime,OBrien_2022-CASHF-000431,20220526,18,pyrologix,5,none,2022,0.0,0.0,-1,undetected,1,9.489961992702219e-05,0,0.0,False
GaussianBudget20M_LinearMinTime,OH_2022-CAINF-001497,20220717,19,pyrologix,4,none,2022,0.0,0.0,-1,undetected,1,9.489961992702219e-05,0,0.0,False
GaussianBudget20M_LinearMinTime,OLIVER_2022-CABDF-013445,20220923,12,pyrologix,2,none,2022,0.0,0.0,-1,undetected,1,9.489961992702219e-05,0,0.0,False
GaussianBudget20M_LinearMinTime,OMEGA_2022-CATNF-001334,20220904,16,pyrologix,11,81-55,2022,0.0,0.0,-1,undetected,1,9.489961992702219e-05,3300,0.004365382516643021,True
GaussianBudget20M_LinearMinTime,ONYX_2022-CABDF-009774,20220623,6,pyrologix,1,none,2022,0.0,0.0,-1,undetected,1,9.489961992702219e-05,0,0.0,False
GaussianBudget20M_LinearMinTime,ORO_2022-CAANF-001921,20220627,5,pyrologix,1,none,2022,0.0,0.0,-1,undetected,1,9.489961992702219e-05,0,0.0,False
GaussianBudget20M_LinearMinTime,OVERLAND_2022-CAENF-027358,20220924,18,pyrologix,7,95-57,2022,0.0,0.0,2,drone,1,9.489961992702219e-05,3445,0.0046500813764240876,True
GaussianBudget20M_LinearMinTime,OVERLOOK_2022-CAANF-000493,20220223,21,pyrologix,10,none,2022,0.0,0.0,-1,undetected,1,9.489961992702219e-05,0,0.0,False
GaussianBudget20M_LinearMinTime,OVERLOOK_2022-CABDF-016028,20221114,15,pyrologix,12,none,2022,0.0,0.0,-1,undetected,1,9.489961992702219e-05,0,0.0,False
GaussianBudget20M_LinearMinTime,O_NEIL_2022-CAKNF-006324,20220801,20,pyrologix,12,21-32,2022,0.0,0.0,0,drone,1,9.489961992702219e-05,4835,0.0046500813764240876,True
GaussianBudget20M_LinearMinTime,Oak_2022-CASHF-000841,20220818,12,pyrologix,10,none,2022,0.0,0.0,-1,undetected,1,9.489961992702219e-05,0,0.0,False
GaussianBudget20M_LinearMinTime,Oak_2022-CASRF-000621,20220805,8,pyrologix,12,36-20,2022,0.0,0.0,0,drone,1,9.489961992702219e-05,5080,0.004460282136570043,True
GaussianBudget20M_LinearMinTime,Owl_2022-CASRF-000923,20221028,13,pyrologix,9,none,2022,0.0,0.0,-1,undetected,1,9.489961992702219e-05,0,0.0,False
GaussianBudget20M_LinearMinTime,PACIFIC_2022-CASHF-001182,20221030,9,pyrologix,11,37-43,2022,0.0,0.0,0,drone,1,9.489961992702219e-05,4565,0.0046500813764240876,True
GaussianBudget20M_LinearMinTime,PACK_2022-CASQF-002206,20220829,20,pyrologix,7,169-77,2022,0.0,0.0,3,drone,1,9.489961992702219e-05,4135,0.0046500813764240876,True
GaussianBudget20M_LinearMinTime,PANTHER_2022-CALNF-005145,20220922,22,pyrologix,8,60-50,2022,0.0,0.0,0,drone,1,9.489961992702219e-05,3110,0.004175583276788976,True
GaussianBudget20M_LinearMinTime,PARADE_2022-CALNF-005173,20220923,21,pyrologix,8,none,2022,0.0,0.0,-1,undetected,1,9.489961992702219e-05,0,0.0,False
GaussianBudget20M_LinearMinTime,PARKER_2022-CAKNF-008333,20220921,17,pyrologix,11,23-46,2022,0.0,0.0,0,drone,1,9.489961992702219e-05,4150,0.0046500813764240876,True
GaussianBudget20M_LinearMinTime,PARKER_2022-CAMDF-000106,20220408,17,pyrologix,8,none,2022,0.0,0.0,-1,undetected,1,9.489961992702219e-05,0,0.0,False
GaussianBudget20M_LinearMinTime,PASS_2022-CABDF-009631,20220619,14,pyrologix,12,none,2022,0.0,0.0,-1,undetected,1,9.489961992702219e-05,0,0.0,False
GaussianBudget20M_LinearMinTime,PAYMASTER_2022-CAENF-006355,20220308,15,pyrologix,8,88-57,2022,0.0,0.0,0,drone,1,9.489961992702219e-05,3020,0.0046500813764240876,True
GaussianBudget20M_LinearMinTime,PEAK_2022-CASHF-000764,20220804,23,pyrologix,4,50-25,2022,0.0,0.0,0,drone,1,9.489961992702219e-05,1725,0.00389088441700791,True
GaussianBudget20M_LinearMinTime,PEAK_2022-CASQF-002638,20221011,17,pyrologix,1,169-77,2022,0.0,0.0,0,drone,1,9.489961992702219e-05,680,0.00389088441700791,True
GaussianBudget20M_LinearMinTime,PEAVINE_2022-CAENF-008736,20220403,20,pyrologix,3,95-57,2022,0.0,0.0,1,drone,1,9.489961992702219e-05,1635,0.004270482896715999,True
GaussianBudget20M_LinearMinTime,PICNIC_2022-CACNF-000485,20220314,17,pyrologix,2,none,2022,0.0,0.0,-1,undetected,1,9.489961992702219e-05,0,0.0,False
GaussianBudget20M_LinearMinTime,PIGEON_2022-CASNF-000607,20220623,10,pyrologix,9,125-62,2022,0.0,0.0,0,drone,1,9.489961992702219e-05,3350,0.0046500813764240876,True
GaussianBudget20M_LinearMinTime,PILGRIM_2022-CASHF-000773,20220804,22,pyrologix,2,none,2022,0.0,0.0,-1,undetected,1,9.489961992702219e-05,0,0.0,False
GaussianBudget20M_LinearMinTime,PILLSBURY_2022-CAMNF-000680,20220614,20,pyrologix,3,none,2022,0.0,0.0,-1,undetected,1,9.489961992702219e-05,0,0.0,False
GaussianBudget20M_LinearMinTime,PINECONE_2022-CASHF-000751,20220802,20,pyrologix,8,50-25,2022,0.0,0.0,-1,undetected,1,9.489961992702219e-05,2450,0.004365382516643021,True
GaussianBudget20M_LinearMinTime,PINE_2022-CACNF-000498,20220317,19,pyrologix,6,none,2022,0.0,0.0,-1,undetected,1,9.489961992702219e-05,0,0.0,False
GaussianBudget20M_LinearMinTime,PINE_2022-CAKNF-006086,20220727,16,pyrologix,8,21-32,2022,0.0,0.0,0,drone,1,9.489961992702219e-05,3160,0.004555181756497065,True
GaussianBudget20M_LinearMinTime,PINE_2022-CAMDF-000654,20220809,8,pyrologix,12,none,2022,0.0,0.0,-1,undetected,1,9.489961992702219e-05,0,0.0,False
GaussianBudget20M_LinearMinTime,PINE_2022-CATNF-000629,20220616,19,pyrologix,2,81-55,2022,0.0,0.0,-1,undetected,1,9.489961992702219e-05,3075,0.0040806836568619545,True
GaussianBudget20M_LinearMinTime,PINYON_DR___HY_74__E_2022-CARRU-174457,20221129,19,pyrologix,11,none,2022,0.0,0.0,-1,undetected,1,9.489961992702219e-05,0,0.0,False
GaussianBudget20M_LinearMinTime,PIONEER_2022-CASTF-000035,20220109,20,pyrologix,3,109-61,2022,0.0,0.0,-1,undetected,1,9.489961992702219e-05,2845,0.004460282136570043,True
GaussianBudget20M_LinearMinTime,PIPES_2022-CABDF-011375,20220725,21,pyrologix,1,none,2022,0.0,0.0,-1,undetected,1,9.489961992702219e-05,0,0.0,False
GaussianBudget20M_LinearMinTime,PIT_2022-CAPNF-001320,20220728,21,pyrologix,9,71-69,2022,0.0,0.0,0,drone,1,9.489961992702219e-05,3320,0.004555181756497065,True
GaussianBudget20M_LinearMinTime,PIUTE_2022-CAINF-002232,20221015,18,pyrologix,5,none,2022,0.0,0.0,-1,undetected,1,9.489961992702219e-05,0,0.0,False
GaussianBudget20M_LinearMinTime,PLUM_2022-CATNF-001110,20220811,16,pyrologix,12,81-55,2022,0.0,0.0,0,drone,1,9.489961992702219e-05,3300,0.004365382516643021,True
GaussianBudget20M_LinearMinTime,PLUTO_2022-CASKU-007671,20220904,19,pyrologix,5,none,2022,0.0,0.0,-1,undetected,1,9.489961992702219e-05,0,0.0,False
GaussianBudget20M_LinearMinTime,PLUTO_2022-CASKU-007925,20220911,2,pyrologix,6,none,2022,0.0,0.0,-1,undetected,1,9.489961992702219e-05,0,0.0,False
GaussianBudget20M_LinearMinTime,POINTS_2022-CAANF-001851,20220623,23,pyrologix,6,none,2022,0.0,0.0,-1,undetected,1,9.489961992702219e-05,0,0.0,False
GaussianBudget20M_LinearMinTime,POISON_2022-CASNF-000308,20220424,17,pyrologix,10,none,2022,0.0,0.0,-1,undetected,1,9.489961992702219e-05,0,0.0,False
GaussianBudget20M_LinearMinTime,POISON_2022-CASQF-001262,20220623,15,pyrologix,12,none,2022,0.0,0.0,-1,undetected,1,9.489961992702219e-05,0,0.0,False
GaussianBudget20M_LinearMinTime,POLE_2022-CALNF-002520,20220527,9,pyrologix,9,none,2022,0.0,0.0,-1,undetected,1,9.489961992702219e-05,0,0.0,False
GaussianBudget20M_LinearMinTime,POPLAR_2022-CABDF-000906,20220114,1,pyrologix,3,none,2022,0.0,0.0,-1,undetected,1,9.489961992702219e-05,0,0.0,False
GaussianBudget20M_LinearMinTime,POST_2022-CASHF-000531,20220623,23,pyrologix,4,50-25,2022,0.0,0.0,0,drone,1,9.489961992702219e-05,1725,0.00389088441700791,True
GaussianBudget20M_LinearMinTime,POTEM_2022-CASHF-001027,20220923,12,pyrologix,11,none,2022,0.0,0.0,-1,undetected,1,9.489961992702219e-05,0,0.0,False
GaussianBudget20M_LinearMinTime,POWDER_2022-CASQF-001815,20220725,11,pyrologix,8,169-77,2022,0.0,0.0,2,drone,1,9.489961992702219e-05,4135,0.0046500813764240876,True
GaussianBudget20M_LinearMinTime,POWELL_2022-CABDF-010922,20220715,19,pyrologix,9,none,2022,0.0,0.0,-1,undetected,1,9.489961992702219e-05,0,0.0,False
GaussianBudget20M_LinearMinTime,POWERHOUSE_2022-CALAC-115324,20220406,19,pyrologix,7,none,2022,0.0,0.0,-1,undetected,1,9.489961992702219e-05,0,0.0,False
GaussianBudget20M_LinearMinTime,PROSSER_2022-CATNF-000712,20220629,21,pyrologix,3,none,2022,0.0,0.0,-1,undetected,1,9.489961992702219e-05,0,0.0,False
GaussianBudget20M_LinearMinTime,PROVO_2022-CASTF-002031,20221020,16,pyrologix,5,116-60,2022,0.0,0.0,0,drone,1,9.489961992702219e-05,1940,0.004555181756497065,True
GaussianBudget20M_LinearMinTime,PURCELL_2022-CABDF-004201,20220302,4,pyrologix,6,none,2022,0.0,0.0,-1,undetected,1,9.489961992702219e-05,0,0.0,False
GaussianBudget20M_LinearMinTime,PYRAMID__2022-CAANF-003197,20220928,1,pyrologix,3,none,2022,0.0,0.0,-1,undetected,1,9.489961992702219e-05,0,0.0,False
GaussianBudget20M_LinearMinTime,Panther_2022-CASRF-000523,20220715,8,pyrologix,12,none,2022,0.0,0.0,-1,undetected,1,9.489961992702219e-05,0,0.0,False
GaussianBudget20M_LinearMinTime,Panther_2022-CASRF-000860,20221004,6,pyrologix,8,36-20,2022,0.0,0.0,0,drone,1,9.489961992702219e-05,3295,0.0040806836568619545,True
GaussianBudget20M_LinearMinTime,Patrick_2022-CASRF-000469,20220701,14,pyrologix,9,none,2022,0.0,0.0,-1,undetected,1,9.489961992702219e-05,0,0.0,False
GaussianBudget20M_LinearMinTime,Pecks_2022-CAPNF-000939,20220624,15,pyrologix,10,67-55,2022,0.0,0.0,-1,undetected,1,9.489961992702219e-05,4645,0.004460282136570043,True
GaussianBudget20M_LinearMinTime,Penman_2022-CAPNF-001402,20220803,14,pyrologix,10,74-61,2022,0.0,0.0,0,drone,1,9.489961992702219e-05,3800,0.004555181756497065,True
GaussianBudget20M_LinearMinTime,Pike_2022-CAPNF-000210,20220310,16,pyrologix,4,none,2022,0.0,0.0,-1,undetected,1,9.489961992702219e-05,0,0.0,False
GaussianBudget20M_LinearMinTime,Pine_2022-CASHF-000915,20220902,0,pyrologix,1,50-25,2022,0.0,0.0,0,drone,1,9.489961992702219e-05,665,0.003511285937299821,True
GaussianBudget20M_LinearMinTime,Pleasant_2022-CASRF-000589,20220730,14,pyrologix,9,none,2022,0.0,0.0,-1,undetected,1,9.489961992702219e-05,0,0.0,False
GaussianBudget20M_LinearMinTime,Pleito_2022-CALPF-001219,20220612,19,pyrologix,4,none,2022,0.0,0.0,-1,undetected,1,9.489961992702219e-05,0,0.0,False
GaussianBudget20M_LinearMinTime,Ponderosa_2022-CAPNF-001784,20220905,22,pyrologix,8,67-55,2022,0.0,0.0,1,drone,1,9.489961992702219e-05,3730,0.004460282136570043,True
GaussianBudget20M_LinearMinTime,Powerline_2022-CALPF-002719,20221106,13,pyrologix,7,none,2022,0.0,0.0,-1,undetected,1,9.489961992702219e-05,0,0.0,False
GaussianBudget20M_LinearMinTime,QUAIL_2022-CAANF-002702,20220818,0,pyrologix,2,none,2022,0.0,0.0,-1,undetected,1,9.489961992702219e-05,0,0.0,False
GaussianBudget20M_LinearMinTime,RADFORD__2022-CABDF-012958,20220905,20,pyrologix,2,none,2022,0.0,0.0,-1,undetected,1,9.489961992702219e-05,0,0.0,False
GaussianBudget20M_LinearMinTime,RANCHERIA_2022-CAKNF-007079,20220819,1,pyrologix,2,21-32,2022,0.0,0.0,0,drone,1,9.489961992702219e-05,1120,0.004270482896715999,True
GaussianBudget20M_LinearMinTime,RANCH_2022-CAANF-001111,20220423,17,pyrologix,6,none,2022,0.0,0.0,-1,undetected,1,9.489961992702219e-05,0,0.0,False
GaussianBudget20M_LinearMinTime,RANCH_2022-CASHF-000830,20220816,5,pyrologix,9,none,2022,0.0,0.0,-1,undetected,1,9.489961992702219e-05,0,0.0,False
GaussianBudget20M_LinearMinTime,RANCH_2022-CASHU-006486,20220620,17,pyrologix,3,none,2022,0.0,0.0,-1,undetected,1,9.489961992702219e-05,0,0.0,False
GaussianBudget20M_LinearMinTime,RANGE_2022-CAANF-003605,20221116,22,pyrologix,4,none,2022,0.0,0.0,-1,undetected,1,9.489961992702219e-05,0,0.0,False
GaussianBudget20M_LinearMinTime,RANGE_2022-CALAC-389416,20221116,23,pyrologix,2,none,2022,0.0,0.0,-1,undetected,1,9.489961992702219e-05,0,0.0,False
GaussianBudget20M_LinearMinTime,RANGE_2022-CASQF-000905,20220528,15,pyrologix,12,none,2022,0.0,0.0,-1,undetected,1,9.489961992702219e-05,0,0.0,False
GaussianBudget20M_LinearMinTime,RATTLESNAKE_2022-CASQF-001256,20220623,16,pyrologix,4,none,2022,0.0,0.0,-1,undetected,1,9.489961992702219e-05,0,0.0,False
GaussianBudget20M_LinearMinTime,REDWOOD_2022-CASQF-002421,20220912,15,pyrologix,9,169-77,2022,0.0,0.0,3,drone,1,9.489961992702219e-05,4800,0.0046500813764240876,True
GaussianBudget20M_LinearMinTime,RED_2022-CAINF-001532,20220721,17,pyrologix,2,none,2022,0.0,0.0,-1,undetected,1,9.489961992702219e-05,0,0.0,False
GaussianBudget20M_LinearMinTime,RED_2022-CASHF-000666,20220720,20,pyrologix,12,none,2022,0.0,0.0,-1,undetected,1,9.489961992702219e-05,0,0.0,False
GaussianBudget20M_LinearMinTime,RIDGE_2022-CABDF-013835,20221004,22,pyrologix,5,none,2022,0.0,0.0,-1,undetected,1,9.489961992702219e-05,0,0.0,False
GaussianBudget20M_LinearMinTime,RIDGE_2022-CAKNF-007069,20220818,18,pyrologix,4,21-32,2022,0.0,0.0,1,drone,1,9.489961992702219e-05,2135,0.004555181756497065,True
GaussianBudget20M_LinearMinTime,RIDGE_2022-CASKU-004855,20220626,3,pyrologix,4,37-43,2022,0.0,0.0,0,drone,1,9.489961992702219e-05,1960,0.004555181756497065,True
GaussianBudget20M_LinearMinTime,RIDGE_2022-CASQF-002016,20220808,0,pyrologix,1,none,2022,0.0,0.0,-1,undetected,1,9.489961992702219e-05,0,0.0,False
GaussianBudget20M_LinearMinTime,RIVERWOOD_2022-CAANF-000805,20220327,23,pyrologix,9,none,2022,0.0,0.0,-1,undetected,1,9.489961992702219e-05,0,0.0,False
GaussianBudget20M_LinearMinTime,ROAD_2022-CACNF-002251,20220916,21,pyrologix,2,none,2022,0.0,0.0,-1,undetected,1,9.489961992702219e-05,0,0.0,False
GaussianBudget20M_LinearMinTime,ROAD_2022-CASQF-000076,20220116,7,pyrologix,9,none,2022,0.0,0.0,-1,undetected,1,9.489961992702219e-05,0,0.0,False
GaussianBudget20M_LinearMinTime,ROCK_2022-CABDF-012938,20220905,14,pyrologix,3,none,2022,0.0,0.0,-1,undetected,1,9.489961992702219e-05,0,0.0,False
GaussianBudget20M_LinearMinTime,ROCK_2022-CACNF-002771,20221127,18,pyrologix,10,none,2022,0.0,0.0,-1,undetected,1,9.489961992702219e-05,0,0.0,False
GaussianBudget20M_LinearMinTime,ROCK_2022-CAENF-017506,20220702,15,pyrologix,11,88-57,2022,0.0,0.0,1,drone,1,9.489961992702219e-05,4470,0.0046500813764240876,True
GaussianBudget20M_LinearMinTime,ROCK_2022-CASQF-001645,20220714,14,pyrologix,5,none,2022,0.0,0.0,-1,undetected,1,9.489961992702219e-05,0,0.0,False
GaussianBudget20M_LinearMinTime,ROCK__2022-CAANF-002683,20220816,0,pyrologix,10,none,2022,0.0,0.0,-1,undetected,1,9.489961992702219e-05,0,0.0,False
GaussianBudget20M_LinearMinTime,ROLAND_2022-CASKU-000241,20220109,20,pyrologix,11,none,2022,0.0,0.0,-1,undetected,1,9.489961992702219e-05,0,0.0,False
GaussianBudget20M_LinearMinTime,ROSASCO_2022-CASTF-000955,20220629,13,pyrologix,5,116-60,2022,0.0,0.0,1,drone,1,9.489961992702219e-05,2305,0.004555181756497065,True
GaussianBudget20M_LinearMinTime,ROUND__2022-CAMDF-000547,20220802,17,pyrologix,9,none,2022,0.0,0.0,-1,undetected,1,9.489961992702219e-05,0,0.0,False
GaussianBudget20M_LinearMinTime,ROUSEHILL_2022-CABDF-013448,20220923,11,pyrologix,9,none,2022,0.0,0.0,-1,undetected,1,9.489961992702219e-05,0,0.0,False
GaussianBudget20M_LinearMinTime,ROUSE_2022-CABDF-006304,20220403,17,pyrologix,9,none,2022,0.0,0.0,-1,undetected,1,9.489961992702219e-05,0,0.0,False
GaussianBudget20M_LinearMinTime,ROUTE_2022-CAANF-002884,20220831,14,pyrologix,10,none,2022,0.0,0.0,-1,undetected,1,9.489961992702219e-05,0,0.0,False
GaussianBudget20M_LinearMinTime,ROWHER_2022-CALAC-279259,20220819,19,pyrologix,12,none,2022,0.0,0.0,-1,undetected,1,9.489961992702219e-05,0,0.0,False
GaussianBudget20M_LinearMinTime,ROYAL_2022-CATNF-001126,20220814,0,pyrologix,2,none,2022,0.0,0.0,-1,undetected,1,9.489961992702219e-05,0,0.0,False
GaussianBudget20M_LinearMinTime,RUN_2022-CASQF-002636,20221011,11,pyrologix,6,169-77,2022,0.0,0.0,0,drone,1,9.489961992702219e-05,2540,0.004460282136570043,True
GaussianBudget20M_LinearMinTime,RUN_2022-CASTF-001373,20220801,0,pyrologix,1,none,2022,0.0,0.0,-1,undetected,1,9.489961992702219e-05,0,0.0,False
GaussianBudget20M_LinearMinTime,RUSH_2022-CAANF-002764,20220821,18,pyrologix,7,none,2022,0.0,0.0,-1,undetected,1,9.489961992702219e-05,0,0.0,False
GaussianBudget20M_LinearMinTime,RUSS_2022-CAANF-001361,20220515,19,pyrologix,4,none,2022,0.0,0.0,-1,undetected,1,9.489961992702219e-05,0,0.0,False
GaussianBudget20M_LinearMinTime,RUSS_2022-CALAC-161600,20220515,17,pyrologix,7,none,2022,0.0,0.0,-1,undetected,1,9.489961992702219e-05,0,0.0,False
GaussianBudget20M_LinearMinTime,Ranch_2022-CAPNF-001109,20220709,16,pyrologix,7,74-61,2022,0.0,0.0,0,drone,1,9.489961992702219e-05,2790,0.004555181756497065,True
GaussianBudget20M_LinearMinTime,Rattlesnake_2022-CASHF-000929,20220905,20,pyrologix,12,50-25,2022,0.0,0.0,-1,undetected,1,9.489961992702219e-05,2450,0.004365382516643021,True
GaussianBudget20M_LinearMinTime,Red_2022-CASRF-000188,20220401,2,pyrologix,4,none,2022,0.0,0.0,-1,undetected,1,9.489961992702219e-05,0,0.0,False
GaussianBudget20M_LinearMinTime,Red_Cap_2022-CASRF-000472,20220701,17,pyrologix,9,none,2022,0.0,0.0,-1,undetected,1,9.489961992702219e-05,0,0.0,False
GaussianBudget20M_LinearMinTime,Red__2022-CAPNF-000221,20220313,22,pyrologix,6,67-62,2022,0.0,0.0,0,drone,1,9.489961992702219e-05,2360,0.0046500813764240876,True
GaussianBudget20M_LinearMinTime,Redcap_2022-CASRF-000796,20220910,5,pyrologix,11,none,2022,0.0,0.0,-1,undetected,1,9.489961992702219e-05,0,0.0,False
GaussianBudget20M_LinearMinTime,Ridge_2022-CALPF-002776,20221112,18,pyrologix,2,none,2022,0.0,0.0,-1,undetected,1,9.489961992702219e-05,0,0.0,False
GaussianBudget20M_LinearMinTime,Ring_2022-CACNF-000260,20220209,14,pyrologix,8,none,2022,0.0,0.0,-1,undetected,1,9.489961992702219e-05,0,0.0,False
GaussianBudget20M_LinearMinTime,Road_2022-CASHF-000927,20220905,21,pyrologix,9,50-25,2022,0.0,0.0,-1,undetected,1,9.489961992702219e-05,2450,0.004365382516643021,True
GaussianBudget20M_LinearMinTime,Rock_2022-CALPF-002124,20220902,13,pyrologix,10,none,2022,0.0,0.0,-1,undetected,1,9.489961992702219e-05,0,0.0,False
GaussianBudget20M_LinearMinTime,SADDLE_2022-CABDF-009828,20220624,15,pyrologix,2,none,2022,0.0,0.0,-1,undetected,1,9.489961992702219e-05,0,0.0,False
GaussianBudget20M_LinearMinTime,SAGEHEN_2022-CATNF-000097,20220209,21,pyrologix,6,none,2022,0.0,0.0,-1,undetected,1,9.489961992702219e-05,0,0.0,False
GaussianBudget20M_LinearMinTime,SAGEHEN_2_2022-CATNF-001164,20220819,18,pyrologix,6,none,2022,0.0,0.0,-1,undetected,1,9.489961992702219e-05,0,0.0,False
GaussianBudget20M_LinearMinTime,SALLY_2022-CAANF-001847,20220622,20,pyrologix,7,none,2022,0.0,0.0,-1,undetected,1,9.489961992702219e-05,0,0.0,False
GaussianBudget20M_LinearMinTime,SALMON_2022-CAINF-002294,20221026,1,pyrologix,2,none,2022,0.0,0.0,-1,undetected,1,9.489961992702219e-05,0,0.0,False
GaussianBudget20M_LinearMinTime,SALT_2022-CAKNF-008368,20220922,16,pyrologix,5,none,2022,0.0,0.0,-1,undetected,1,9.489961992702219e-05,0,0.0,False
GaussianBudget20M_LinearMinTime,SAM_2022-CAANF-002622,20220810,18,pyrologix,10,none,2022,0.0,0.0,-1,undetected,1,9.489961992702219e-05,0,0.0,False
GaussianBudget20M_LinearMinTime,SAND1_2022-CAANF-002095,20220706,3,pyrologix,7,none,2022,0.0,0.0,-1,undetected,1,9.489961992702219e-05,0,0.0,False
GaussianBudget20M_LinearMinTime,SAND2_2022-CAANF-002314,20220721,21,pyrologix,7,none,2022,0.0,0.0,-1,undetected,1,9.489961992702219e-05,0,0.0,False
GaussianBudget20M_LinearMinTime,SANDY_2022-CASNF-001407,20220921,18,pyrologix,9,none,2022,0.0,0.0,-1,undetected,1,9.489961992702219e-05,0,0.0,False
GaussianBudget20M_LinearMinTime,SAN_JUAN_2022-CACNF-000412,20220303,14,pyrologix,12,none,2022,0.0,0.0,-1,undetected,1,9.489961992702219e-05,0,0.0,False
GaussianBudget20M_LinearMinTime,SAN_SIMEON_2022-CANEU-004446,20220212,18,pyrologix,8,81-55,2022,0.0,0.0,0,drone,1,9.489961992702219e-05,3160,0.0040806836568619545,True
GaussianBudget20M_LinearMinTime,SAWMILL_2022-CAINF-001222,20220625,21,pyrologix,4,none,2022,0.0,0.0,-1,undetected,1,9.489961992702219e-05,0,0.0,False
GaussianBudget20M_LinearMinTime,SCENIC__2022-CAINF-001983,20220906,19,pyrologix,12,none,2022,0.0,0.0,-1,undetected,1,9.489961992702219e-05,0,0.0,False
GaussianBudget20M_LinearMinTime,SCHOOL_2022-CASHF-000836,20220817,14,pyrologix,7,39-36,2022,0.0,0.0,0,drone,1,9.489961992702219e-05,2630,0.004460282136570043,True
GaussianBudget20M_LinearMinTime,SCIARONI_2022-CAENF-025530,20220906,18,pyrologix,2,102-57,2022,0.0,0.0,-1,undetected,1,9.489961992702219e-05,1395,0.0036061855572268433,True
GaussianBudget20M_LinearMinTime,SCOTT_2022-CAKNF-006525,20220804,17,pyrologix,7,28-36,2022,0.0,0.0,-1,undetected,1,9.489961992702219e-05,1985,0.004460282136570043,True
GaussianBudget20M_LinearMinTime,SECRET_2022-CACNF-000662,20220410,16,pyrologix,7,none,2022,0.0,0.0,-1,undetected,1,9.489961992702219e-05,0,0.0,False
GaussianBudget20M_LinearMinTime,SEMI_2022-CACNF-002905,20221230,13,pyrologix,4,none,2022,0.0,0.0,-1,undetected,1,9.489961992702219e-05,0,0.0,False
GaussianBudget20M_LinearMinTime,SEPTEMBER_ABC_MISC_2022-CASNF-001327,20220909,12,pyrologix,11,none,2022,0.0,0.0,-1,undetected,1,9.489961992702219e-05,0,0.0,False
GaussianBudget20M_LinearMinTime,SERRANO_2022-CALAC-398822,20221123,4,pyrologix,6,none,2022,0.0,0.0,-1,undetected,1,9.489961992702219e-05,0,0.0,False
GaussianBudget20M_LinearMinTime,SERRANO_2022-CALAC-404913,20221128,1,pyrologix,9,none,2022,0.0,0.0,-1,undetected,1,9.489961992702219e-05,0,0.0,False
GaussianBudget20M_LinearMinTime,SHACKLEFORD_2022-CASKU-006265,20220731,0,pyrologix,5,none,2022,0.0,0.0,-1,undetected,1,9.489961992702219e-05,0,0.0,False
GaussianBudget20M_LinearMinTime,SHADOW_2022-CABDF-011575,20220731,19,pyrologix,1,none,2022,0.0,0.0,-1,undetected,1,9.489961992702219e-05,0,0.0,False
GaussianBudget20M_LinearMinTime,SHANTY_2022-CAKNF-007057,20220818,12,pyrologix,8,21-32,2022,0.0,0.0,0,drone,1,9.489961992702219e-05,3280,0.004555181756497065,True
GaussianBudget20M_LinearMinTime,SHELL_2022-CASQF-002632,20221011,23,pyrologix,2,none,2022,0.0,0.0,-1,undetected,1,9.489961992702219e-05,0,0.0,False
GaussianBudget20M_LinearMinTime,SHERWIN_2022-CAINF-001423,20220710,20,pyrologix,8,none,2022,0.0,0.0,-1,undetected,1,9.489961992702219e-05,0,0.0,False
GaussianBudget20M_LinearMinTime,SHORE_2022-CASHF-000560,20220630,9,pyrologix,11,37-43,2022,0.0,0.0,1,drone,1,9.489961992702219e-05,4985,0.0046500813764240876,True
GaussianBudget20M_LinearMinTime,SHORT_2022-CASNF-001063,20220818,11,pyrologix,7,none,2022,0.0,0.0,-1,undetected,1,9.489961992702219e-05,0,0.0,False
GaussianBudget20M_LinearMinTime,SHOT_2022-CAENF-020552,20220727,16,pyrologix,9,none,2022,0.0,0.0,-1,undetected,1,9.489961992702219e-05,0,0.0,False
GaussianBudget20M_LinearMinTime,SIERRA_2022-CAANF-001752,20220615,18,pyrologix,6,none,2022,0.0,0.0,-1,undetected,1,9.489961992702219e-05,0,0.0,False
GaussianBudget20M_LinearMinTime,SIERRA_2022-CAENF-029367,20221013,18,pyrologix,5,none,2022,0.0,0.0,-1,undetected,1,9.489961992702219e-05,0,0.0,False
GaussianBudget20M_LinearMinTime,SIERRA_2022-CALAC-198685,20220615,18,pyrologix,7,none,2022,0.0,0.0,-1,undetected,1,9.489961992702219e-05,0,0.0,False
GaussianBudget20M_LinearMinTime,SIERRA_2022-CATNF-000126,20220216,18,pyrologix,11,78-68,2022,0.0,0.0,0,drone,1,9.489961992702219e-05,4500,0.0046500813764240876,True
GaussianBudget20M_LinearMinTime,SILVERWOOD_2022-CABDU-015584,20221030,16,pyrologix,3,none,2022,0.0,0.0,-1,undetected,1,9.489961992702219e-05,0,0.0,False
GaussianBudget20M_LinearMinTime,SIMS_2022-CASHF-000420,20220520,12,pyrologix,5,37-43,2022,0.0,0.0,2,drone,1,9.489961992702219e-05,2835,0.0046500813764240876,True
GaussianBudget20M_LinearMinTime,SIX__2022-CAMDF-000534,20220801,13,pyrologix,11,none,2022,0.0,0.0,-1,undetected,1,9.489961992702219e-05,0,0.0,False
GaussianBudget20M_LinearMinTime,SKIVIEW_LN__HUNTINGTON_LAKE_2022-CAFKU-009849,20220624,11,pyrologix,6,none,2022,0.0,0.0,-1,undetected,1,9.489961992702219e-05,0,0.0,False
GaussianBudget20M_LinearMinTime,SKUNK_2022-CABDF-009747,20220622,18,pyrologix,3,none,2022,0.0,0.0,-1,undetected,1,9.489961992702219e-05,0,0.0,False
GaussianBudget20M_LinearMinTime,SKYWAY_2022-CABTU-010529,20220615,19,pyrologix,2,69-46,2022,0.0,0.0,0,drone,1,9.489961992702219e-05,795,0.0040806836568619545,True
GaussianBudget20M_LinearMinTime,SKY_2022-CACNF-000444,20220308,22,pyrologix,6,none,2022,0.0,0.0,-1,undetected,1,9.489961992702219e-05,0,0.0,False
GaussianBudget20M_LinearMinTime,SLATE_2022-CASQF-002086,20220815,15,pyrologix,10,none,2022,0.0,0.0,-1,undetected,1,9.489961992702219e-05,0,0.0,False
GaussianBudget20M_LinearMinTime,SLIDE_2022-CAMNF-000341,20220409,20,pyrologix,10,none,2022,0.0,0.0,-1,undetected,1,9.489961992702219e-05,0,0.0,False
GaussianBudget20M_LinearMinTime,SLIDE_2022-CASHF-001072,20221001,19,pyrologix,2,43-18,2022,0.0,0.0,-1,undetected,1,9.489961992702219e-05,2990,0.004365382516643021,True
GaussianBudget20M_LinearMinTime,SLINKARD_2022-CAKNF-006253,20220730,22,pyrologix,4,21-32,2022,0.0,0.0,0,drone,1,9.489961992702219e-05,1610,0.004365382516643021,True
GaussianBudget20M_LinearMinTime,SMOKEY_2022-CAKNF-006504,20220804,12,pyrologix,5,none,2022,0.0,0.0,-1,undetected,1,9.489961992702219e-05,0,0.0,False
GaussianBudget20M_LinearMinTime,SMOKEY_2022-CALAC-032325,20220125,14,pyrologix,4,none,2022,0.0,0.0,-1,undetected,1,9.489961992702219e-05,0,0.0,False
GaussianBudget20M_LinearMinTime,SNF_OCTOBER_ABC_MISC_2022-CASNF-001467,20221003,15,pyrologix,3,none,2022,0.0,0.0,-1,undetected,1,9.489961992702219e-05,0,0.0,False
GaussianBudget20M_LinearMinTime,SNOWSHOE_2022-CAKNF-007059,20220818,11,pyrologix,12,21-32,2022,0.0,0.0,1,drone,1,9.489961992702219e-05,5065,0.0046500813764240876,True
GaussianBudget20M_LinearMinTime,SNOW_2022-CABDF-009050,20220607,15,pyrologix,12,none,2022,0.0,0.0,-1,undetected,1,9.489961992702219e-05,0,0.0,False
GaussianBudget20M_LinearMinTime,SNOW_2022-CASNF-001565,20221026,19,pyrologix,7,125-62,2022,0.0,0.0,0,drone,1,9.489961992702219e-05,2610,0.0046500813764240876,True
GaussianBudget20M_LinearMinTime,SNOW_2022-CATNF-000427,20220430,12,pyrologix,12,81-55,2022,0.0,0.0,-1,undetected,1,9.489961992702219e-05,3300,0.004365382516643021,True
GaussianBudget20M_LinearMinTime,SNYDER_2022-CASNF-000606,20220623,11,pyrologix,6,125-62,2022,0.0,0.0,0,drone,1,9.489961992702219e-05,2355,0.0046500813764240876,True
GaussianBudget20M_LinearMinTime,SODA_2022-CASHF-000468,20220604,20,pyrologix,8,37-43,2022,0.0,0.0,0,drone,1,9.489961992702219e-05,3300,0.0046500813764240876,True
GaussianBudget20M_LinearMinTime,SOLDIER_2022-CAMDF-000668,20220810,11,pyrologix,4,none,2022,0.0,0.0,-1,undetected,1,9.489961992702219e-05,0,0.0,False
GaussianBudget20M_LinearMinTime,SOLEDAD_2022-CAANF-000545,20220301,20,pyrologix,2,none,2022,0.0,0.0,-1,undetected,1,9.489961992702219e-05,0,0.0,False
GaussianBudget20M_LinearMinTime,SONATA__2022-CAANF-000042,20220106,1,pyrologix,8,none,2022,0.0,0.0,-1,undetected,1,9.489961992702219e-05,0,0.0,False
GaussianBudget20M_LinearMinTime,SOQUEL_2022-CASNF-000160,20220227,16,pyrologix,6,132-64,2022,0.0,0.0,1,drone,1,9.489961992702219e-05,2655,0.004555181756497065,True
GaussianBudget20M_LinearMinTime,SOTCHER_2022-CAINF-001593,20220727,12,pyrologix,3,none,2022,0.0,0.0,-1,undetected,1,9.489961992702219e-05,0,0.0,False
GaussianBudget20M_LinearMinTime,SOUTHERN_2022-CABDF-013845,20221004,12,pyrologix,4,none,2022,0.0,0.0,-1,undetected,1,9.489961992702219e-05,0,0.0,False
GaussianBudget20M_LinearMinTime,SOUTH_2022-CAKNF-004940,20220628,8,pyrologix,10,32-27,2022,0.0,0.0,0,drone,1,9.489961992702219e-05,3875,0.0046500813764240876,True
GaussianBudget20M_LinearMinTime,SOUTH_2022-CASHF-000766,20220804,21,pyrologix,9,50-25,2022,0.0,0.0,-1,undetected,1,9.489961992702219e-05,2450,0.004365382516643021,True
GaussianBudget20M_LinearMinTime,SOUTH_RIDGE__2022-CABDF-008956,20220605,14,pyrologix,12,none,2022,0.0,0.0,-1,undetected,1,9.489961992702219e-05,0,0.0,False
GaussianBudget20M_LinearMinTime,SPANISH_2022-CALAC-401758,20221125,12,pyrologix,11,none,2022,0.0,0.0,-1,undetected,1,9.489961992702219e-05,0,0.0,False
GaussianBudget20M_LinearMinTime,SPICE_2022-CASTF-001736,20220907,0,pyrologix,4,none,2022,0.0,0.0,-1,undetected,1,9.489961992702219e-05,0,0.0,False
GaussianBudget20M_LinearMinTime,SPRINGS_2022-CABDF-009886,20220625,15,pyrologix,2,none,2022,0.0,0.0,-1,undetected,1,9.489961992702219e-05,0,0.0,False
GaussianBudget20M_LinearMinTime,SPRINGS_2022-CATCU-010416,20220816,4,pyrologix,1,109-61,2022,0.0,0.0,0,drone,1,9.489961992702219e-05,460,0.0031316874575917325,True
GaussianBudget20M_LinearMinTime,SPRING_2022-CAANF-000333,20220206,16,pyrologix,12,none,2022,0.0,0.0,-1,undetected,1,9.489961992702219e-05,0,0.0,False
GaussianBudget20M_LinearMinTime,SPUR__2022-CASTF-001105,20220709,22,pyrologix,11,none,2022,0.0,0.0,-1,undetected,1,9.489961992702219e-05,0,0.0,False
GaussianBudget20M_LinearMinTime,STAGING_2022-CAANF-001720,20220613,14,pyrologix,8,none,2022,0.0,0.0,-1,undetected,1,9.489961992702219e-05,0,0.0,False
GaussianBudget20M_LinearMinTime,STAMPEDE_2022-CATNF-000793,20220705,16,pyrologix,2,none,2022,0.0,0.0,-1,undetected,1,9.489961992702219e-05,0,0.0,False
GaussianBudget20M_LinearMinTime,STANDBY_2022-CABDF-015587,20221105,18,pyrologix,7,none,2022,0.0,0.0,-1,undetected,1,9.489961992702219e-05,0,0.0,False
GaussianBudget20M_LinearMinTime,STATE_2022-CABDF-013904,20221006,16,pyrologix,5,none,2022,0.0,0.0,-1,undetected,1,9.489961992702219e-05,0,0.0,False
GaussianBudget20M_LinearMinTime,STATION_2022-CASTF-000858,20220619,18,pyrologix,4,none,2022,0.0,0.0,-1,undetected,1,9.489961992702219e-05,0,0.0,False
GaussianBudget20M_LinearMinTime,STOCKTON_2022-CAANF-001855,20220623,1,pyrologix,11,none,2022,0.0,0.0,-1,undetected,1,9.489961992702219e-05,0,0.0,False
GaussianBudget20M_LinearMinTime,STOCKTON_2022-CABDF-005269,20220320,13,pyrologix,10,none,2022,0.0,0.0,-1,undetected,1,9.489961992702219e-05,0,0.0,False
GaussianBudget20M_LinearMinTime,STONEY_2022-CAANF-002168,20220710,20,pyrologix,1,none,2022,0.0,0.0,-1,undetected,1,9.489961992702219e-05,0,0.0,False
GaussianBudget20M_LinearMinTime,STONE_2022-CABDF-011342,20220725,20,pyrologix,9,none,2022,0.0,0.0,-1,undetected,1,9.489961992702219e-05,0,0.0,False
GaussianBudget20M_LinearMinTime,STONY__2022-CASQF-001949,20220804,15,pyrologix,5,none,2022,0.0,0.0,-1,undetected,1,9.489961992702219e-05,0,0.0,False
GaussianBudget20M_LinearMinTime,STREAM_2022-CAANF-000224,20220125,19,pyrologix,10,none,2022,0.0,0.0,-1,undetected,1,9.489961992702219e-05,0,0.0,False
GaussianBudget20M_LinearMinTime,STUD_2022-CAKNF-007112,20220819,21,pyrologix,4,21-32,2022,0.0,0.0,0,drone,1,9.489961992702219e-05,1590,0.004365382516643021,True
GaussianBudget20M_LinearMinTime,SUGAR2_2022-CASQF-002374,20220908,23,pyrologix,2,169-77,2022,0.0,0.0,0,drone,1,9.489961992702219e-05,930,0.0040806836568619545,True
GaussianBudget20M_LinearMinTime,SUGARLOAF_2022-CATUU-000059,20220222,23,pyrologix,4,169-77,2022,0.0,0.0,0,drone,1,9.489961992702219e-05,1600,0.004365382516643021,True
GaussianBudget20M_LinearMinTime,SUGAR_2022-CAMNF-000510,20220520,15,pyrologix,1,62-30,2022,0.0,0.0,1,drone,1,9.489961992702219e-05,845,0.003795984797080888,True
GaussianBudget20M_LinearMinTime,SUGAR_2022-CASQF-001288,20220625,16,pyrologix,5,169-77,2022,0.0,0.0,0,drone,1,9.489961992702219e-05,2095,0.004365382516643021,True
GaussianBudget20M_LinearMinTime,SULFUR_2022-CAANF-001837,20220622,13,pyrologix,8,none,2022,0.0,0.0,-1,undetected,1,9.489961992702219e-05,0,0.0,False
GaussianBudget20M_LinearMinTime,SUMMIT_2022-CASHU-000838,20220123,23,pyrologix,7,43-25,2022,0.0,0.0,1,drone,1,9.489961992702219e-05,3070,0.0046500813764240876,True
GaussianBudget20M_LinearMinTime,SUMMIT_2022-CASQF-001726,20220720,0,pyrologix,2,none,2022,0.0,0.0,-1,undetected,1,9.489961992702219e-05,0,0.0,False
GaussianBudget20M_LinearMinTime,SUNDAY_2022-CASQF-002635,20221011,0,pyrologix,10,169-77,2022,0.0,0.0,0,drone,1,9.489961992702219e-05,3820,0.0046500813764240876,True
GaussianBudget20M_LinearMinTime,SUNNY_2022-CAINF-000688,20220418,18,pyrologix,12,none,2022,0.0,0.0,-1,undetected,1,9.489961992702219e-05,0,0.0,False
GaussianBudget20M_LinearMinTime,SWEET_2022-CASHF-001003,20220918,22,pyrologix,5,37-43,2022,0.0,0.0,0,drone,1,9.489961992702219e-05,2245,0.0046500813764240876,True
GaussianBudget20M_LinearMinTime,SWITCHBACK_2022-CABDF-004966,20220314,11,pyrologix,3,none,2022,0.0,0.0,-1,undetected,1,9.489961992702219e-05,0,0.0,False
GaussianBudget20M_LinearMinTime,SWITZER_2022-CAANF-002733,20220820,18,pyrologix,1,none,2022,0.0,0.0,-1,undetected,1,9.489961992702219e-05,0,0.0,False
GaussianBudget20M_LinearMinTime,SWORD_2022-CASTF-001771,20220910,12,pyrologix,10,none,2022,0.0,0.0,-1,undetected,1,9.489961992702219e-05,0,0.0,False
GaussianBudget20M_LinearMinTime,Salmon_2_2022-CASRF-000549,20220722,0,pyrologix,10,none,2022,0.0,0.0,-1,undetected,1,9.489961992702219e-05,0,0.0,False
GaussianBudget20M_LinearMinTime,Salmon__2022-CASRF-000204,20220407,17,pyrologix,10,none,2022,0.0,0.0,-1,undetected,1,9.489961992702219e-05,0,0.0,False
GaussianBudget20M_LinearMinTime,Sand_2022-CAINF-001596,20220727,18,pyrologix,11,none,2022,0.0,0.0,-1,undetected,1,9.489961992702219e-05,0,0.0,False
GaussianBudget20M_LinearMinTime,Seco_2022-CALPF-001931,20220815,15,pyrologix,2,none,2022,0.0,0.0,-1,undetected,1,9.489961992702219e-05,0,0.0,False
GaussianBudget20M_LinearMinTime,Signal_2022-CASRF-000803,20220911,15,pyrologix,11,none,2022,0.0,0.0,-1,undetected,1,9.489961992702219e-05,0,0.0,False
GaussianBudget20M_LinearMinTime,Smith__2022-CASRF-000713,20220827,22,pyrologix,5,none,2022,0.0,0.0,-1,undetected,1,9.489961992702219e-05,0,0.0,False
GaussianBudget20M_LinearMinTime,Snake_2022-CAPNF-000887,20220618,21,pyrologix,6,67-55,2022,0.0,0.0,0,drone,1,9.489961992702219e-05,2450,0.0040806836568619545,True
GaussianBudget20M_LinearMinTime,Spanish__2022-CAPNF-002255,20221023,18,pyrologix,9,67-55,2022,0.0,0.0,1,drone,1,9.489961992702219e-05,4140,0.004460282136570043,True
GaussianBudget20M_LinearMinTime,Spike_2022-CASRF-000626,20220805,12,pyrologix,9,36-20,2022,0.0,0.0,0,drone,1,9.489961992702219e-05,3955,0.004270482896715999,True
GaussianBudget20M_LinearMinTime,Sportshaven_2022-CASRF-000114,20220312,1,pyrologix,2,50-18,2022,0.0,0.0,2,drone,1,9.489961992702219e-05,1780,0.004555181756497065,True
GaussianBudget20M_LinearMinTime,Stagecoach_2022-CALPF-001845,20220807,17,pyrologix,2,none,2022,0.0,0.0,-1,undetected,1,9.489961992702219e-05,0,0.0,False
GaussianBudget20M_LinearMinTime,Sunrise_2022-CACNF-000024,20220103,0,pyrologix,3,none,2022,0.0,0.0,-1,undetected,1,9.489961992702219e-05,0,0.0,False
GaussianBudget20M_LinearMinTime,TANK_2022-CAMDF-000665,20220810,19,pyrologix,10,none,2022,0.0,0.0,-1,undetected,1,9.489961992702219e-05,0,0.0,False
GaussianBudget20M_LinearMinTime,TANNERY_2022-CASHF-000273,20220409,23,pyrologix,3,none,2022,0.0,0.0,-1,undetected,1,9.489961992702219e-05,0,0.0,False
GaussianBudget20M_LinearMinTime,TAVERN_2022-CACNF-001474,20220628,3,pyrologix,1,none,2022,0.0,0.0,-1,undetected,1,9.489961992702219e-05,0,0.0,False
GaussianBudget20M_LinearMinTime,TC_PT23_2022-CACNF-000844,20220505,11,pyrologix,11,none,2022,0.0,0.0,-1,undetected,1,9.489961992702219e-05,0,0.0,False
GaussianBudget20M_LinearMinTime,TEMPLIN_2022-CAANF-001185,20220430,20,pyrologix,5,none,2022,0.0,0.0,-1,undetected,1,9.489961992702219e-05,0,0.0,False
GaussianBudget20M_LinearMinTime,TENNANT_2022-CAKNF-004139,20220603,0,pyrologix,2,none,2022,0.0,0.0,-1,undetected,1,9.489961992702219e-05,0,0.0,False
GaussianBudget20M_LinearMinTime,TEXAS_2022-CAANF-001346,20220515,3,pyrologix,2,none,2022,0.0,0.0,-1,undetected,1,9.489961992702219e-05,0,0.0,False
GaussianBudget20M_LinearMinTime,THOMPKINS_2022-CAKNF-007031,20220818,21,pyrologix,10,21-32,2022,0.0,0.0,0,drone,1,9.489961992702219e-05,3815,0.004555181756497065,True
GaussianBudget20M_LinearMinTime,THREE_2022-CACNF-002526,20221022,19,pyrologix,4,none,2022,0.0,0.0,-1,undetected,1,9.489961992702219e-05,0,0.0,False
GaussianBudget20M_LinearMinTime,TIGER_2022-CASQF-002634,20221011,2,pyrologix,1,169-77,2022,0.0,0.0,0,drone,1,9.489961992702219e-05,535,0.002941888217737688,True
GaussianBudget20M_LinearMinTime,TIMBER_2022-CAMDF-000593,20220805,20,pyrologix,2,none,2022,0.0,0.0,-1,undetected,1,9.489961992702219e-05,0,0.0,False
GaussianBudget20M_LinearMinTime,TINTA_2022-CALPF-002186,20220905,12,pyrologix,12,none,2022,0.0,0.0,-1,undetected,1,9.489961992702219e-05,0,0.0,False
GaussianBudget20M_LinearMinTime,TITUS_2022-CAKNF-001199,20220215,19,pyrologix,10,none,2022,0.0,0.0,-1,undetected,1,9.489961992702219e-05,0,0.0,False
GaussianBudget20M_LinearMinTime,TNF_MUTUAL_AID_2022-CATNF-000081,20220204,22,pyrologix,6,none,2022,0.0,0.0,-1,undetected,1,9.489961992702219e-05,0,0.0,False
GaussianBudget20M_LinearMinTime,TNF_SEPTEMBER_LIGHTNING_2022-CATNF-001364,20220906,12,pyrologix,10,81-55,2022,0.0,0.0,-1,undetected,1,9.489961992702219e-05,3300,0.004365382516643021,True
GaussianBudget20M_LinearMinTime,TORO_2022-CALPF-002707,20221104,20,pyrologix,5,none,2022,0.0,0.0,-1,undetected,1,9.489961992702219e-05,0,0.0,False
GaussianBudget20M_LinearMinTime,TOWNSEND_2022-CAKNF-007020,20220818,0,pyrologix,1,21-32,2022,0.0,0.0,1,drone,1,9.489961992702219e-05,845,0.003985784036934932,True
GaussianBudget20M_LinearMinTime,TRAIL_2022-CABDF-003801,20220221,17,pyrologix,11,none,2022,0.0,0.0,-1,undetected,1,9.489961992702219e-05,0,0.0,False
GaussianBudget20M_LinearMinTime,TRAIL_2022-CABID-000972,20220531,9,pyrologix,3,none,2022,0.0,0.0,-1,undetected,1,9.489961992702219e-05,0,0.0,False
GaussianBudget20M_LinearMinTime,TRAINGLE_2022-CAMDF-000741,20220819,17,pyrologix,8,none,2022,0.0,0.0,-1,undetected,1,9.489961992702219e-05,0,0.0,False
GaussianBudget20M_LinearMinTime,TRAINING_2022-CAANF-000001,20220404,14,pyrologix,11,none,2022,0.0,0.0,-1,undetected,1,9.489961992702219e-05,0,0.0,False
GaussianBudget20M_LinearMinTime,TREE_2_2022-CACNF-002474,20221017,13,pyrologix,8,none,2022,0.0,0.0,-1,undetected,1,9.489961992702219e-05,0,0.0,False
GaussianBudget20M_LinearMinTime,TREE_2_2022-CAMVU-022381,20221017,14,pyrologix,8,none,2022,0.0,0.0,-1,undetected,1,9.489961992702219e-05,0,0.0,False
GaussianBudget20M_LinearMinTime,TROUT_2022-CALNF-005198,20220923,18,pyrologix,5,none,2022,0.0,0.0,-1,undetected,1,9.489961992702219e-05,0,0.0,False
GaussianBudget20M_LinearMinTime,TRUCKEE_2022-CATNF-000439,20220502,13,pyrologix,12,78-68,2022,0.0,0.0,4,drone,1,9.489961992702219e-05,6190,0.0046500813764240876,True
GaussianBudget20M_LinearMinTime,TULE_2022-CASHF-000761,20220803,18,pyrologix,12,50-25,2022,0.0,0.0,-1,undetected,1,9.489961992702219e-05,2450,0.004365382516643021,True
GaussianBudget20M_LinearMinTime,TULE_2022-CASHU-008564,20220803,20,pyrologix,7,50-25,2022,0.0,0.0,-1,undetected,1,9.489961992702219e-05,2450,0.004365382516643021,True
GaussianBudget20M_LinearMinTime,TULLAMORE_2022-CAENF-031670,20221104,14,pyrologix,12,88-57,2022,0.0,0.0,0,drone,1,9.489961992702219e-05,4420,0.0046500813764240876,True
GaussianBudget20M_LinearMinTime,TURNER_2022-CALNF-005161,20220922,13,pyrologix,9,60-50,2022,0.0,0.0,0,drone,1,9.489961992702219e-05,3540,0.004175583276788976,True
GaussianBudget20M_LinearMinTime,TWIN_2022-CASNF-001581,20221029,22,pyrologix,2,none,2022,0.0,0.0,-1,undetected,1,9.489961992702219e-05,0,0.0,False
GaussianBudget20M_LinearMinTime,TYLER_2022-CAKNF-007104,20220819,18,pyrologix,5,21-32,2022,0.0,0.0,0,drone,1,9.489961992702219e-05,1955,0.004555181756497065,True
GaussianBudget20M_LinearMinTime,Tamarack_2022-CASHF-001167,20221026,20,pyrologix,1,39-36,2022,0.0,0.0,0,drone,1,9.489961992702219e-05,605,0.0037010851771538656,True
GaussianBudget20M_LinearMinTime,Texas_2022-CASHF-000953,20220909,19,pyrologix,1,50-25,2022,0.0,0.0,0,drone,1,9.489961992702219e-05,765,0.003795984797080888,True
GaussianBudget20M_LinearMinTime,Tobin__2022-CAPNF-001671,20220824,18,pyrologix,10,none,2022,0.0,0.0,-1,undetected,1,9.489961992702219e-05,0,0.0,False
GaussianBudget20M_LinearMinTime,Toland_2022-CALPF-001326,20220622,12,pyrologix,6,none,2022,0.0,0.0,-1,undetected,1,9.489961992702219e-05,0,0.0,False
GaussianBudget20M_LinearMinTime,Trabuco_2022-CACNF-000194,20220130,16,pyrologix,9,none,2022,0.0,0.0,-1,undetected,1,9.489961992702219e-05,0,0.0,False
GaussianBudget20M_LinearMinTime,Trinity_2022-CASHF-000615,20220709,19,pyrologix,3,39-36,2022,0.0,0.0,0,drone,1,9.489961992702219e-05,1400,0.004365382516643021,True
GaussianBudget20M_LinearMinTime,Turkey_2022-CALPF-000224,20220207,15,pyrologix,7,none,2022,0.0,0.0,-1,undetected,1,9.489961992702219e-05,0,0.0,False
GaussianBudget20M_LinearMinTime,UNION_2022-CATNF-001458,20220925,21,pyrologix,2,81-55,2022,0.0,0.0,-1,undetected,1,9.489961992702219e-05,3075,0.0040806836568619545,True
GaussianBudget20M_LinearMinTime,USHER_2022-CASHF-000246,20220331,22,pyrologix,4,39-36,2022,0.0,0.0,0,drone,1,9.489961992702219e-05,1455,0.004365382516643021,True
GaussianBudget20M_LinearMinTime,UTL_2022-CAANF-001846,20220622,22,pyrologix,2,none,2022,0.0,0.0,-1,undetected,1,9.489961992702219e-05,0,0.0,False
GaussianBudget20M_LinearMinTime,UTL_KENNEDY_2022-CAINF-001196,20220623,17,pyrologix,2,none,2022,0.0,0.0,-1,undetected,1,9.489961992702219e-05,0,0.0,False
GaussianBudget20M_LinearMinTime,VALENTINE__2022-CAINF-001579,20220725,23,pyrologix,11,none,2022,0.0,0.0,-1,undetected,1,9.489961992702219e-05,0,0.0,False
GaussianBudget20M_LinearMinTime,VALE_2022-CAANF-002597,20220807,18,pyrologix,9,none,2022,0.0,0.0,-1,undetected,1,9.489961992702219e-05,0,0.0,False
GaussianBudget20M_LinearMinTime,VALLEY_2022-CACNF-002040,20220822,15,pyrologix,7,none,2022,0.0,0.0,-1,undetected,1,9.489961992702219e-05,0,0.0,False
GaussianBudget20M_LinearMinTime,VALLEY_2022-CAMDF-000596,20220805,19,pyrologix,8,none,2022,0.0,0.0,-1,undetected,1,9.489961992702219e-05,0,0.0,False
GaussianBudget20M_LinearMinTime,VALLE_2022-CABDF-006784,20220414,21,pyrologix,7,none,2022,0.0,0.0,-1,undetected,1,9.489961992702219e-05,0,0.0,False
GaussianBudget20M_LinearMinTime,VAQUERO_2022-CALAC-333540,20220930,16,pyrologix,9,none,2022,0.0,0.0,-1,undetected,1,9.489961992702219e-05,0,0.0,False
GaussianBudget20M_LinearMinTime,VERONICA_2022-CACNF-002758,20221125,3,pyrologix,2,none,2022,0.0,0.0,-1,undetected,1,9.489961992702219e-05,0,0.0,False
GaussianBudget20M_LinearMinTime,VIDA_2022-CAMDF-000595,20220805,22,pyrologix,3,none,2022,0.0,0.0,-1,undetected,1,9.489961992702219e-05,0,0.0,False
GaussianBudget20M_LinearMinTime,VIEWPOINT_Viewpoint_2022-CACNF-000189,20220130,6,pyrologix,7,none,2022,0.0,0.0,-1,undetected,1,9.489961992702219e-05,0,0.0,False
GaussianBudget20M_LinearMinTime,VIEW_2022-CACNF-001931,20220809,18,pyrologix,1,none,2022,0.0,0.0,-1,undetected,1,9.489961992702219e-05,0,0.0,False
GaussianBudget20M_LinearMinTime,VILLA_2022-CACNF-002259,20220917,20,pyrologix,1,none,2022,0.0,0.0,-1,undetected,1,9.489961992702219e-05,0,0.0,False
GaussianBudget20M_LinearMinTime,VILLE_2022-CATNF-000514,20220523,16,pyrologix,5,78-68,2022,0.0,0.0,1,drone,1,9.489961992702219e-05,2375,0.004175583276788976,True
GaussianBudget20M_LinearMinTime,VISTA_2022-CAANF-002399,20220725,23,pyrologix,6,none,2022,0.0,0.0,-1,undetected,1,9.489961992702219e-05,0,0.0,False
GaussianBudget20M_LinearMinTime,VISTA_2022-CALAC-248042,20220725,21,pyrologix,10,none,2022,0.0,0.0,-1,undetected,1,9.489961992702219e-05,0,0.0,False
GaussianBudget20M_LinearMinTime,VISTA_2022-CATNF-000829,20220710,21,pyrologix,2,78-68,2022,0.0,0.0,0,drone,1,9.489961992702219e-05,1030,0.0036061855572268433,True
GaussianBudget20M_LinearMinTime,VOGEL_2022-CAANF-002915,20220903,5,pyrologix,3,none,2022,0.0,0.0,-1,undetected,1,9.489961992702219e-05,0,0.0,False
GaussianBudget20M_LinearMinTime,Valley__2022-CAPNF-002301,20221030,20,pyrologix,2,67-55,2022,0.0,0.0,2,drone,1,9.489961992702219e-05,1950,0.0040806836568619545,True
GaussianBudget20M_LinearMinTime,Viejas_2022-CACNF-000175,20220128,5,pyrologix,5,none,2022,0.0,0.0,-1,undetected,1,9.489961992702219e-05,0,0.0,False
GaussianBudget20M_LinearMinTime,WAGON_TRAIN_2022-CABDF-008317,20220522,17,pyrologix,4,none,2022,0.0,0.0,-1,undetected,1,9.489961992702219e-05,0,0.0,False
GaussianBudget20M_LinearMinTime,WALKER_2022-CAINF-001691,20220804,17,pyrologix,10,none,2022,0.0,0.0,-1,undetected,1,9.489961992702219e-05,0,0.0,False
GaussianBudget20M_LinearMinTime,WALKER_2022-CAKNF-006588,20220806,12,pyrologix,4,21-32,2022,0.0,0.0,0,drone,1,9.489961992702219e-05,1655,0.004365382516643021,True
GaussianBudget20M_LinearMinTime,WALTER_2022-CAANF-002025,20220703,18,pyrologix,4,none,2022,0.0,0.0,-1,undetected,1,9.489961992702219e-05,0,0.0,False
GaussianBudget20M_LinearMinTime,WASHED_2022-CABDF-006563,20220408,21,pyrologix,5,none,2022,0.0,0.0,-1,undetected,1,9.489961992702219e-05,0,0.0,False
GaussianBudget20M_LinearMinTime,WASHINGTON_2022-CATNF-001329,20220904,14,pyrologix,12,81-55,2022,0.0,0.0,-1,undetected,1,9.489961992702219e-05,3300,0.004365382516643021,True
GaussianBudget20M_LinearMinTime,WATER_2022-CAANF-003255,20221003,18,pyrologix,9,none,2022,0.0,0.0,-1,undetected,1,9.489961992702219e-05,0,0.0,False
GaussianBudget20M_LinearMinTime,WATSON_2022-CATMU-017364,20220701,13,pyrologix,11,none,2022,0.0,0.0,-1,undetected,1,9.489961992702219e-05,0,0.0,False
GaussianBudget20M_LinearMinTime,WEBER_2022-CAENF-016246,20220621,17,pyrologix,5,95-57,2022,0.0,0.0,0,drone,1,9.489961992702219e-05,2075,0.004460282136570043,True
GaussianBudget20M_LinearMinTime,WHALE_2022-CALNF-004843,20220906,18,pyrologix,7,none,2022,0.0,0.0,-1,undetected,1,9.489961992702219e-05,0,0.0,False
GaussianBudget20M_LinearMinTime,WHEELER_2022-CASTF-002002,20221013,16,pyrologix,3,none,2022,0.0,0.0,-1,undetected,1,9.489961992702219e-05,0,0.0,False
GaussianBudget20M_LinearMinTime,WHITAKER_2022-CAANF-002287,20220718,17,pyrologix,4,none,2022,0.0,0.0,-1,undetected,1,9.489961992702219e-05,0,0.0,False
GaussianBudget20M_LinearMinTime,WHITLOW_2022-CASKU-002274,20220326,23,pyrologix,5,40-50,2022,0.0,0.0,0,drone,1,9.489961992702219e-05,2190,0.004460282136570043,True
GaussianBudget20M_LinearMinTime,WIDOW_2022-CAMDF-000524,20220801,21,pyrologix,8,none,2022,0.0,0.0,-1,undetected,1,9.489961992702219e-05,0,0.0,False
GaussianBudget20M_LinearMinTime,WILCOX_2022-CALNF-002732,20220606,12,pyrologix,11,none,2022,0.0,0.0,-1,undetected,1,9.489961992702219e-05,0,0.0,False
GaussianBudget20M_LinearMinTime,WILCOX_2022-CALNF-004513,20220821,15,pyrologix,8,none,2022,0.0,0.0,-1,undetected,1,9.489961992702219e-05,0,0.0,False
GaussianBudget20M_LinearMinTime,WILDWOOD_2022-CABDF-002435,20220208,5,pyrologix,4,none,2022,0.0,0.0,-1,undetected,1,9.489961992702219e-05,0,0.0,False
GaussianBudget20M_LinearMinTime,WILLOWS_2022-CACNF-001571,20220706,0,pyrologix,2,none,2022,0.0,0.0,-1,undetected,1,9.489961992702219e-05,0,0.0,False
GaussianBudget20M_LinearMinTime,WILLOW_2022-CAMDF-000576,20220804,23,pyrologix,1,none,2022,0.0,0.0,-1,undetected,1,9.489961992702219e-05,0,0.0,False
GaussianBudget20M_LinearMinTime,WILLOW_2022-CATNF-000894,20220718,22,pyrologix,4,78-68,2022,0.0,0.0,0,drone,1,9.489961992702219e-05,1935,0.004175583276788976,True
GaussianBudget20M_LinearMinTime,WILSON__2022-CAANF-001835,20220622,12,pyrologix,8,none,2022,0.0,0.0,-1,undetected,1,9.489961992702219e-05,0,0.0,False
GaussianBudget20M_LinearMinTime,WINDY_2022-CALNF-003884,20220726,8,pyrologix,5,none,2022,0.0,0.0,-1,undetected,1,9.489961992702219e-05,0,0.0,False
GaussianBudget20M_LinearMinTime,WISHON_2022-CASQF-002089,20220815,16,pyrologix,11,none,2022,0.0,0.0,-1,undetected,1,9.489961992702219e-05,0,0.0,False
GaussianBudget20M_LinearMinTime,WOODGLEN__2022-CAANF-002637,20220813,22,pyrologix,7,none,2022,0.0,0.0,-1,undetected,1,9.489961992702219e-05,0,0.0,False
GaussianBudget20M_LinearMinTime,WOODS_2022-CAENF-014160,20220601,18,pyrologix,3,none,2022,0.0,0.0,-1,undetected,1,9.489961992702219e-05,0,0.0,False
GaussianBudget20M_LinearMinTime,WOOD_2022-CASHF-000731,20220730,13,pyrologix,5,43-25,2022,0.0,0.0,0,drone,1,9.489961992702219e-05,2040,0.0046500813764240876,True
GaussianBudget20M_LinearMinTime,WOOLEY_2022-CAKNF-006378,20220801,20,pyrologix,6,none,2022,0.0,0.0,-1,undetected,1,9.489961992702219e-05,0,0.0,False
GaussianBudget20M_LinearMinTime,WORLDS_2022-CABDF-012272,20220821,0,pyrologix,3,none,2022,0.0,0.0,-1,undetected,1,9.489961992702219e-05,0,0.0,False
GaussianBudget20M_LinearMinTime,WORLDS_2022-CABDU-011960,20220821,23,pyrologix,5,none,2022,0.0,0.0,-1,undetected,1,9.489961992702219e-05,0,0.0,False
GaussianBudget20M_LinearMinTime,WRECKUM_2022-CAENF-023570,20220821,0,pyrologix,3,none,2022,0.0,0.0,-1,undetected,1,9.489961992702219e-05,0,0.0,False
GaussianBudget20M_LinearMinTime,Waterman_2022-CASRF-000630,20220805,17,pyrologix,2,36-20,2022,0.0,0.0,0,drone,1,9.489961992702219e-05,970,0.0033214866974457763,True
GaussianBudget20M_LinearMinTime,West_2022-CALPF-001318,20220621,18,pyrologix,11,none,2022,0.0,0.0,-1,undetected,1,9.489961992702219e-05,0,0.0,False
GaussianBudget20M_LinearMinTime,Wildcat__2022-CAPNF-002102,20221004,22,pyrologix,11,67-62,2022,0.0,0.0,0,drone,1,9.489961992702219e-05,4040,0.0046500813764240876,True
GaussianBudget20M_LinearMinTime,Wildwood_2022-CAPNF-000850,20220613,16,pyrologix,4,67-55,2022,0.0,0.0,0,drone,1,9.489961992702219e-05,1820,0.0040806836568619545,True
GaussianBudget20M_LinearMinTime,Wildwood_2022-CASHF-000985,20220914,10,pyrologix,8,50-25,2022,0.0,0.0,-1,undetected,1,9.489961992702219e-05,2450,0.004365382516643021,True
GaussianBudget20M_LinearMinTime,Williams_2022-CAPNF-001235,20220722,0,pyrologix,4,67-55,2022,0.0,0.0,0,drone,1,9.489961992702219e-05,1950,0.0040806836568619545,True
GaussianBudget20M_LinearMinTime,YELLOWJACKET_2022-CAKNF-007030,20220818,21,pyrologix,9,21-32,2022,0.0,0.0,0,drone,1,9.489961992702219e-05,3455,0.004555181756497065,True
GaussianBudget20M_LinearMinTime,YELLOW_2022-CAKNF-006277,20220731,1,pyrologix,12,21-32,2022,0.0,0.0,0,drone,1,9.489961992702219e-05,4545,0.0046500813764240876,True
GaussianBudget20M_LinearMinTime,YETI_2022-CAKNF-006200,20220730,22,pyrologix,12,21-32,2022,0.0,0.0,0,drone,1,9.489961992702219e-05,4785,0.0046500813764240876,True
GaussianBudget20M_LinearMinTime,YUBA__2022-CATNF-001384,20220908,20,pyrologix,6,none,2022,0.0,0.0,-1,undetected,1,9.489961992702219e-05,0,0.0,False
GaussianBudget20M_LinearMinTime,ZOT_2022-CASHF-000584,20220703,17,pyrologix,2,28-36,2022,0.0,0.0,0,drone,1,9.489961992702219e-05,1200,0.003795984797080888,True
GaussianBudget20M_LinearMinTime,ZUNI_2022-CAANF-001826,20220622,4,pyrologix,2,none,2022,0.0,0.0,-1,undetected,1,9.489961992702219e-05,0,0.0,False
GaussianBudget20M_LinearMinTime,mill_creek_1_2022-CAHIA-22-001,20220131,17,pyrologix,9,36-20,2022,0.0,0.0,2,drone,1,9.489961992702219e-05,4540,0.004365382516643021,True
