strategy_combo,scenario_name,date,sim_start_hour,log_key,offset,cluster,year,routing_compute_seconds,sim_replay_seconds,delta_t,device,fire_size_cells,fire_size_percentage,total_distance_traveled,percentage_map_explored,routed
GaussianBudget50M_LinearMinTime,1-3_Mccoy_2023-CALMU-003270,20230627,0,pyrologix,1,60-61,2023,0.0,0.0,0,drone,1,9.489961992702219e-05,450,0.0031316874575917325,True
GaussianBudget50M_LinearMinTime,3-1_Day_2023-CALMU-004305,20230815,2,pyrologix,2,none,2023,0.0,0.0,-1,undetected,1,9.489961992702219e-05,0,0.0,False
GaussianBudget50M_LinearMinTime,3-1_Egg_2023-CALMU-003234,20230625,16,pyrologix,2,none,2023,0.0,0.0,-1,undetected,1,9.489961992702219e-05,0,0.0,False
GaussianBudget50M_LinearMinTime,3-3_2023-CASRF-000976,20230816,19,pyrologix,2,39-18,2023,0.0,0.0,0,drone,1,9.489961992702219e-05,1035,0.003985784036934932,True
GaussianBudget50M_LinearMinTime,3-4_2023-CAHUU-008052,20230815,15,pyrologix,1,44-14,2023,0.0,0.0,0,drone,1,9.489961992702219e-05,575,0.0033214866974457763,True
GaussianBudget50M_LinearMinTime,3-5_2023-CASRF-000975,20230816,15,pyrologix,9,46-21,2023,0.0,0.0,-1,undetected,1,9.489961992702219e-05,6205,0.004555181756497065,True
GaussianBudget50M_LinearMinTime,3-5_Buck_2023-CALMU-004384,20230818,20,pyrologix,7,47-67,2023,0.0,0.0,0,drone,1,9.489961992702219e-05,2825,0.0046500813764240876,True
GaussianBudget50M_LinearMinTime,3-9_2023-CASRF-000972,20230816,4,pyrologix,11,46-21,2023,0.0,0.0,-1,undetected,1,9.489961992702219e-05,7085,0.004555181756497065,True
GaussianBudget50M_LinearMinTime,330_2023-CABDF-011118,20230807,5,pyrologix,7,none,2023,0.0,0.0,-1,undetected,1,9.489961992702219e-05,0,0.0,False
GaussianBudget50M_LinearMinTime,6-1_2023-CATCU-011048,20230820,12,pyrologix,8,118-57,2023,0.0,0.0,1,drone,1,9.489961992702219e-05,3310,0.0046500813764240876,True
GaussianBudget50M_LinearMinTime,6-6_2023-CATCU-012071,20230910,10,pyrologix,6,118-57,2023,0.0,0.0,0,drone,1,9.489961992702219e-05,2385,0.004555181756497065,True
GaussianBudget50M_LinearMinTime,Abbot_2023-CAKNF-008113,20230917,16,pyrologix,12,none,2023,0.0,0.0,-1,undetected,1,9.489961992702219e-05,0,0.0,False
GaussianBudget50M_LinearMinTime,Adits_2023-CASQF-002240,20231016,20,pyrologix,1,172-74,2023,0.0,0.0,0,drone,1,9.489961992702219e-05,520,0.0034163863173727986,True
GaussianBudget50M_LinearMinTime,Agua_2023-CAANF-232390,20230725,17,pyrologix,8,none,2023,0.0,0.0,-1,undetected,1,9.489961992702219e-05,0,0.0,False
GaussianBudget50M_LinearMinTime,Alder_2023-CAKNF-005006,20230623,11,pyrologix,10,18-33,2023,0.0,0.0,0,drone,1,9.489961992702219e-05,3905,0.004460282136570043,True
GaussianBudget50M_LinearMinTime,Alpine_2023-CABDF-009210,20230628,20,pyrologix,8,none,2023,0.0,0.0,-1,undetected,1,9.489961992702219e-05,0,0.0,False
GaussianBudget50M_LinearMinTime,Alpine_2023-CASHF-000969,20230814,19,pyrologix,5,35-47,2023,0.0,0.0,0,drone,1,9.489961992702219e-05,1895,0.004365382516643021,True
GaussianBudget50M_LinearMinTime,Alpine_2023-CASQF-001708,20230817,13,pyrologix,10,none,2023,0.0,0.0,-1,undetected,1,9.489961992702219e-05,0,0.0,False
GaussianBudget50M_LinearMinTime,Alray_2023-CABDF-011889,20230828,16,pyrologix,11,none,2023,0.0,0.0,-1,undetected,1,9.489961992702219e-05,0,0.0,False
GaussianBudget50M_LinearMinTime,Andrews_2023-CAINF-001994,20231104,10,pyrologix,11,none,2023,0.0,0.0,-1,undetected,1,9.489961992702219e-05,0,0.0,False
GaussianBudget50M_LinearMinTime,Anthony_2023-CAMNF-001204,20230917,20,pyrologix,12,60-19,2023,0.0,0.0,-1,undetected,1,9.489961992702219e-05,6640,0.004175583276788976,True
GaussianBudget50M_LinearMinTime,Antlers_2023-CASHF-000837,20230720,0,pyrologix,1,41-39,2023,0.0,0.0,-1,undetected,1,9.489961992702219e-05,2570,0.004175583276788976,True
GaussianBudget50M_LinearMinTime,Arnica_2023-CAMDF-000853,20230903,13,pyrologix,11,none,2023,0.0,0.0,-1,undetected,1,9.489961992702219e-05,0,0.0,False
GaussianBudget50M_LinearMinTime,Ash_2023-CASHF-000681,20230626,19,pyrologix,7,35-47,2023,0.0,0.0,0,drone,1,9.489961992702219e-05,2830,0.004555181756497065,True
GaussianBudget50M_LinearMinTime,Aspen_2023-CAENF-022284,20230814,17,pyrologix,9,none,2023,0.0,0.0,-1,undetected,1,9.489961992702219e-05,0,0.0,False
GaussianBudget50M_LinearMinTime,Aspen_2023-CASTF-001532,20230813,10,pyrologix,10,109-64,2023,0.0,0.0,-1,undetected,1,9.489961992702219e-05,5830,0.0040806836568619545,True
GaussianBudget50M_LinearMinTime,Aubrey_2023-CAKNF-004323,20230604,3,pyrologix,5,16-26,2023,0.0,0.0,1,drone,1,9.489961992702219e-05,2780,0.004555181756497065,True
GaussianBudget50M_LinearMinTime,Austin_2023-CATNF-000568,20230602,15,pyrologix,7,none,2023,0.0,0.0,-1,undetected,1,9.489961992702219e-05,0,0.0,False
GaussianBudget50M_LinearMinTime,Avenales_2023-CALPF-002880,20231012,12,pyrologix,12,none,2023,0.0,0.0,-1,undetected,1,9.489961992702219e-05,0,0.0,False
GaussianBudget50M_LinearMinTime,Backwards_2023-CASTF-000818,20230606,21,pyrologix,9,118-64,2023,0.0,0.0,0,drone,1,9.489961992702219e-05,3385,0.004555181756497065,True
GaussianBudget50M_LinearMinTime,Badenaugh_2023-CATNF-000609,20230605,23,pyrologix,4,77-69,2023,0.0,0.0,2,drone,1,9.489961992702219e-05,2415,0.004270482896715999,True
GaussianBudget50M_LinearMinTime,Baily_2023-CASQF-000609,20230523,17,pyrologix,7,146-71,2023,0.0,0.0,3,drone,1,9.489961992702219e-05,3855,0.004365382516643021,True
GaussianBudget50M_LinearMinTime,Baker_2023-CASTF-001946,20230910,16,pyrologix,4,none,2023,0.0,0.0,-1,undetected,1,9.489961992702219e-05,0,0.0,False
GaussianBudget50M_LinearMinTime,Baker_2023-CATNF-000321,20230421,14,pyrologix,11,77-48,2023,0.0,0.0,-1,undetected,1,9.489961992702219e-05,5910,0.004460282136570043,True
GaussianBudget50M_LinearMinTime,Bald_2023-CASHF-000982,20230815,17,pyrologix,4,42-46,2023,0.0,0.0,-1,undetected,1,9.489961992702219e-05,1440,0.0040806836568619545,True
GaussianBudget50M_LinearMinTime,Bald_2023-CATNF-001280,20230815,13,pyrologix,9,77-62,2023,0.0,0.0,0,drone,1,9.489961992702219e-05,3435,0.0046500813764240876,True
GaussianBudget50M_LinearMinTime,Baldy_2023-CABDF-011408,20230813,20,pyrologix,1,225-101,2023,0.0,0.0,0,drone,1,9.489961992702219e-05,525,0.0033214866974457763,True
GaussianBudget50M_LinearMinTime,Ball_2023-CAKNF-007178,20230821,19,pyrologix,12,21-47,2023,0.0,0.0,1,drone,1,9.489961992702219e-05,4660,0.0037010851771538656,True
GaussianBudget50M_LinearMinTime,Ballarat_2023-CAAEU-023137,20230822,21,pyrologix,4,97-54,2023,0.0,0.0,0,drone,1,9.489961992702219e-05,1525,0.004365382516643021,True
GaussianBudget50M_LinearMinTime,Ballarat_2023-CAENF-023155,20230822,21,pyrologix,4,97-54,2023,0.0,0.0,0,drone,1,9.489961992702219e-05,1525,0.004365382516643021,True
GaussianBudget50M_LinearMinTime,Bar_2023-CASRF-000078,20230203,2,pyrologix,8,32-19,2023,0.0,0.0,2,drone,1,9.489961992702219e-05,4465,0.0046500813764240876,True
GaussianBudget50M_LinearMinTime,Bar_2023-CASTF-001950,20230910,12,pyrologix,12,111-58,2023,0.0,0.0,1,drone,1,9.489961992702219e-05,4845,0.0046500813764240876,True
GaussianBudget50M_LinearMinTime,Barker_2023-CATNF-001310,20230818,21,pyrologix,4,none,2023,0.0,0.0,-1,undetected,1,9.489961992702219e-05,0,0.0,False
GaussianBudget50M_LinearMinTime,Barn_2023-CASTF-001984,20230912,18,pyrologix,9,109-64,2023,0.0,0.0,-1,undetected,1,9.489961992702219e-05,5475,0.0040806836568619545,True
GaussianBudget50M_LinearMinTime,Barn_2023-CATCU-007129,20230602,16,pyrologix,11,111-58,2023,0.0,0.0,1,drone,1,9.489961992702219e-05,4525,0.0046500813764240876,True
GaussianBudget50M_LinearMinTime,Barrett_2023-CAANF-233601,20231030,1,pyrologix,11,206-87,2023,0.0,0.0,-1,undetected,1,9.489961992702219e-05,1525,0.004270482896715999,True
GaussianBudget50M_LinearMinTime,Barton_2023-CABDF-007889,20230530,16,pyrologix,1,none,2023,0.0,0.0,-1,undetected,1,9.489961992702219e-05,0,0.0,False
GaussianBudget50M_LinearMinTime,Basin_2023-CASRF-001038,20230823,15,pyrologix,11,60-19,2023,0.0,0.0,0,drone,1,9.489961992702219e-05,4465,0.004175583276788976,True
GaussianBudget50M_LinearMinTime,Bass_2023-CAMMU-026739,20231129,17,pyrologix,6,132-67,2023,0.0,0.0,0,drone,1,9.489961992702219e-05,2415,0.0040806836568619545,True
GaussianBudget50M_LinearMinTime,Battle_2023-CALNF-005206,20230923,19,pyrologix,3,56-47,2023,0.0,0.0,0,drone,1,9.489961992702219e-05,1375,0.004555181756497065,True
GaussianBudget50M_LinearMinTime,Battle_2023-CAMDF-000290,20230627,13,pyrologix,10,none,2023,0.0,0.0,-1,undetected,1,9.489961992702219e-05,0,0.0,False
GaussianBudget50M_LinearMinTime,Baxter_2023-CATCU-016553,20231217,13,pyrologix,12,111-58,2023,0.0,0.0,0,drone,1,9.489961992702219e-05,4450,0.0046500813764240876,True
GaussianBudget50M_LinearMinTime,Beach_2023-CAINF-000389,20230430,2,pyrologix,6,none,2023,0.0,0.0,-1,undetected,1,9.489961992702219e-05,0,0.0,False
GaussianBudget50M_LinearMinTime,Bean_2023-CASHF-000582,20230613,0,pyrologix,6,53-26,2023,0.0,0.0,0,drone,1,9.489961992702219e-05,2700,0.004175583276788976,True
GaussianBudget50M_LinearMinTime,Bear_2023-CAANF-002607,20230807,19,pyrologix,6,none,2023,0.0,0.0,-1,undetected,1,9.489961992702219e-05,0,0.0,False
GaussianBudget50M_LinearMinTime,Bear_2023-CACNF-002771,20231011,14,pyrologix,8,none,2023,0.0,0.0,-1,undetected,1,9.489961992702219e-05,0,0.0,False
GaussianBudget50M_LinearMinTime,Bear_2023-CAENF-020118,20230724,18,pyrologix,12,104-58,2023,0.0,0.0,-1,undetected,1,9.489961992702219e-05,6575,0.0046500813764240876,True
GaussianBudget50M_LinearMinTime,Bear_2023-CAENF-025998,20230921,12,pyrologix,9,104-58,2023,0.0,0.0,1,drone,1,9.489961992702219e-05,3960,0.0046500813764240876,True
GaussianBudget50M_LinearMinTime,Bear_2023-CAKNF-004811,20230617,19,pyrologix,8,none,2023,0.0,0.0,-1,undetected,1,9.489961992702219e-05,0,0.0,False
GaussianBudget50M_LinearMinTime,Bear_2023-CASHF-000664,20230625,16,pyrologix,5,39-25,2023,0.0,0.0,2,drone,1,9.489961992702219e-05,3115,0.004175583276788976,True
GaussianBudget50M_LinearMinTime,Bear_2023-CASTF-001093,20230703,11,pyrologix,8,109-64,2023,0.0,0.0,-1,undetected,1,9.489961992702219e-05,5130,0.0040806836568619545,True
GaussianBudget50M_LinearMinTime,Beard_2023-CASTF-001777,20230830,13,pyrologix,5,109-64,2023,0.0,0.0,0,drone,1,9.489961992702219e-05,1890,0.0040806836568619545,True
GaussianBudget50M_LinearMinTime,Beckwourth_2023-CAPNF-001324,20230914,6,pyrologix,7,77-62,2023,0.0,0.0,0,drone,1,9.489961992702219e-05,2640,0.004460282136570043,True
GaussianBudget50M_LinearMinTime,Beeler_2023-CAMDF-000215,20230606,15,pyrologix,5,none,2023,0.0,0.0,-1,undetected,1,9.489961992702219e-05,0,0.0,False
GaussianBudget50M_LinearMinTime,Belden_2023-CAPNF-000783,20230723,10,pyrologix,10,70-50,2023,0.0,0.0,0,drone,1,9.489961992702219e-05,3700,0.004555181756497065,True
GaussianBudget50M_LinearMinTime,Bell_2023-CASTF-001536,20230813,17,pyrologix,1,109-64,2023,0.0,0.0,-1,undetected,1,9.489961992702219e-05,2565,0.0040806836568619545,True
GaussianBudget50M_LinearMinTime,Belle_2023-CAKNF-005208,20230628,0,pyrologix,3,32-33,2023,0.0,0.0,-1,undetected,1,9.489961992702219e-05,1910,0.004175583276788976,True
GaussianBudget50M_LinearMinTime,Bennett_2023-CASTF-001602,20230816,20,pyrologix,7,none,2023,0.0,0.0,-1,undetected,1,9.489961992702219e-05,0,0.0,False
GaussianBudget50M_LinearMinTime,Berg_2023-CAPNF-000600,20230627,21,pyrologix,9,70-57,2023,0.0,0.0,0,drone,1,9.489961992702219e-05,3740,0.0036061855572268433,True
GaussianBudget50M_LinearMinTime,Berry_2023-CAKNF-006953,20230815,13,pyrologix,5,none,2023,0.0,0.0,-1,undetected,1,9.489961992702219e-05,0,0.0,False
GaussianBudget50M_LinearMinTime,Berry_2023-CASRF-000641,20230704,18,pyrologix,6,39-18,2023,0.0,0.0,0,drone,1,9.489961992702219e-05,2385,0.004365382516643021,True
GaussianBudget50M_LinearMinTime,Bert_2023-CAANF-233335,20231003,22,pyrologix,4,none,2023,0.0,0.0,-1,undetected,1,9.489961992702219e-05,0,0.0,False
GaussianBudget50M_LinearMinTime,Bert_2023-CALAC-339062,20231003,18,pyrologix,10,none,2023,0.0,0.0,-1,undetected,1,9.489961992702219e-05,0,0.0,False
GaussianBudget50M_LinearMinTime,Betts_2023-CASRF-000949,20230815,16,pyrologix,3,60-19,2023,0.0,0.0,0,drone,1,9.489961992702219e-05,1525,0.004175583276788976,True
GaussianBudget50M_LinearMinTime,Big_2023-CATNF-001293,20230816,1,pyrologix,5,none,2023,0.0,0.0,-1,undetected,1,9.489961992702219e-05,0,0.0,False
GaussianBudget50M_LinearMinTime,Bigfoot_2023-CASRF-001084,20230830,20,pyrologix,9,25-20,2023,0.0,0.0,0,drone,1,9.489961992702219e-05,3540,0.0046500813764240876,True
GaussianBudget50M_LinearMinTime,Birdie_2023-CASHF-001077,20230825,19,pyrologix,2,39-25,2023,0.0,0.0,5,drone,1,9.489961992702219e-05,3230,0.004175583276788976,True
GaussianBudget50M_LinearMinTime,Black_2023-CATMU-019832,20230720,15,pyrologix,11,none,2023,0.0,0.0,-1,undetected,1,9.489961992702219e-05,0,0.0,False
GaussianBudget50M_LinearMinTime,Blackhawk_2023-CAPNF-001014,20230817,20,pyrologix,12,70-57,2023,0.0,0.0,0,drone,1,9.489961992702219e-05,4900,0.0036061855572268433,True
GaussianBudget50M_LinearMinTime,Blacksprings_2023-CASTF-001868,20230906,11,pyrologix,7,109-64,2023,0.0,0.0,0,drone,1,9.489961992702219e-05,2730,0.0040806836568619545,True
GaussianBudget50M_LinearMinTime,Blackwood_2023-CATMU-017918,20230703,19,pyrologix,2,none,2023,0.0,0.0,-1,undetected,1,9.489961992702219e-05,0,0.0,False
GaussianBudget50M_LinearMinTime,Blake_2023-CASRF-000529,20230614,17,pyrologix,9,46-21,2023,0.0,0.0,-1,undetected,1,9.489961992702219e-05,6205,0.004555181756497065,True
GaussianBudget50M_LinearMinTime,Blakes_2023-CAKNF-005203,20230628,20,pyrologix,11,32-33,2023,0.0,0.0,-1,undetected,1,9.489961992702219e-05,1910,0.004175583276788976,True
GaussianBudget50M_LinearMinTime,Blands_2023-CAMNF-001263,20230923,19,pyrologix,9,60-19,2023,0.0,0.0,-1,undetected,1,9.489961992702219e-05,5555,0.004175583276788976,True
GaussianBudget50M_LinearMinTime,Block_2023-CAKNF-007032,20230816,20,pyrologix,4,25-33,2023,0.0,0.0,0,drone,1,9.489961992702219e-05,650,0.002941888217737688,True
GaussianBudget50M_LinearMinTime,Blue_2023-CAKNF-004495,20230608,17,pyrologix,9,28-47,2023,0.0,0.0,-1,undetected,1,9.489961992702219e-05,1485,0.004270482896715999,True
GaussianBudget50M_LinearMinTime,Blue_2023-CAMNF-000497,20230626,21,pyrologix,9,67-23,2023,0.0,0.0,0,drone,1,9.489961992702219e-05,3475,0.0046500813764240876,True
GaussianBudget50M_LinearMinTime,Blue_2023-CAPNF-001040,20230817,21,pyrologix,4,77-62,2023,0.0,0.0,3,drone,1,9.489961992702219e-05,2595,0.004460282136570043,True
GaussianBudget50M_LinearMinTime,Blue_2023-CASHF-000550,20230607,0,pyrologix,3,39-25,2023,0.0,0.0,1,drone,1,9.489961992702219e-05,1730,0.00389088441700791,True
GaussianBudget50M_LinearMinTime,Blue_Creek_2_2023-CASRF-000961,20230815,17,pyrologix,7,25-20,2023,0.0,0.0,1,drone,1,9.489961992702219e-05,3250,0.0046500813764240876,True
GaussianBudget50M_LinearMinTime,Blue_Jay_2023-CAKNF-009055,20231017,15,pyrologix,11,20-40,2023,0.0,0.0,0,drone,1,9.489961992702219e-05,3905,0.004460282136570043,True
GaussianBudget50M_LinearMinTime,Bluff_2023-CAHUU-008538,20230829,6,pyrologix,4,32-19,2023,0.0,0.0,0,drone,1,9.489961992702219e-05,1785,0.0040806836568619545,True
GaussianBudget50M_LinearMinTime,Bluff__1_2023-CASRF-000957,20230815,15,pyrologix,10,25-20,2023,0.0,0.0,0,drone,1,9.489961992702219e-05,3925,0.0046500813764240876,True
GaussianBudget50M_LinearMinTime,Board_2023-CABDF-008676,20230617,15,pyrologix,3,206-87,2023,0.0,0.0,-1,undetected,1,9.489961992702219e-05,1525,0.004270482896715999,True
GaussianBudget50M_LinearMinTime,Boardman_2023-CASKU-005105,20230625,19,pyrologix,9,25-33,2023,0.0,0.0,0,drone,1,9.489961992702219e-05,650,0.002941888217737688,True
GaussianBudget50M_LinearMinTime,Boca_2023-CATNF-000400,20230512,23,pyrologix,7,84-67,2023,0.0,0.0,0,drone,1,9.489961992702219e-05,3000,0.004270482896715999,True
GaussianBudget50M_LinearMinTime,Bolam_2023-CASHF-000752,20230706,2,pyrologix,2,28-47,2023,0.0,0.0,0,drone,1,9.489961992702219e-05,855,0.0037010851771538656,True
GaussianBudget50M_LinearMinTime,Boles_2023-CAMDF-000553,20230817,19,pyrologix,8,none,2023,0.0,0.0,-1,undetected,1,9.489961992702219e-05,0,0.0,False
GaussianBudget50M_LinearMinTime,Bon_2023-CAANF-233675,20231106,0,pyrologix,3,none,2023,0.0,0.0,-1,undetected,1,9.489961992702219e-05,0,0.0,False
GaussianBudget50M_LinearMinTime,Bone_2023-CASHF-001075,20230825,18,pyrologix,3,46-21,2023,0.0,0.0,1,drone,1,9.489961992702219e-05,1705,0.004460282136570043,True
GaussianBudget50M_LinearMinTime,Bone_2023-CASTF-000896,20230616,19,pyrologix,10,118-64,2023,0.0,0.0,1,drone,1,9.489961992702219e-05,4245,0.004555181756497065,True
GaussianBudget50M_LinearMinTime,Bonetti_2023-CAENF-020947,20230801,0,pyrologix,1,97-54,2023,0.0,0.0,0,drone,1,9.489961992702219e-05,590,0.003511285937299821,True
GaussianBudget50M_LinearMinTime,Bonfire_2023-CAANF-233475,20231016,20,pyrologix,8,none,2023,0.0,0.0,-1,undetected,1,9.489961992702219e-05,0,0.0,False
GaussianBudget50M_LinearMinTime,Bonita_2023-CABDF-006537,20230426,20,pyrologix,7,206-87,2023,0.0,0.0,-1,undetected,1,9.489961992702219e-05,1525,0.004270482896715999,True
GaussianBudget50M_LinearMinTime,Bordy_2023-CASHF-000559,20230608,21,pyrologix,6,39-25,2023,0.0,0.0,2,drone,1,9.489961992702219e-05,3370,0.004175583276788976,True
GaussianBudget50M_LinearMinTime,Boulder_2023-CAKNF-006939,20230815,9,pyrologix,9,25-33,2023,0.0,0.0,-1,undetected,1,9.489961992702219e-05,650,0.002941888217737688,True
GaussianBudget50M_LinearMinTime,Boulder_2023-CAPNF-000491,20230614,15,pyrologix,6,63-64,2023,0.0,0.0,0,drone,1,9.489961992702219e-05,2440,0.004175583276788976,True
GaussianBudget50M_LinearMinTime,Boundary_2023-CAINF-001798,20230930,12,pyrologix,10,none,2023,0.0,0.0,-1,undetected,1,9.489961992702219e-05,0,0.0,False
GaussianBudget50M_LinearMinTime,Bourland_2023-CASTF-001609,20230817,15,pyrologix,2,none,2023,0.0,0.0,-1,undetected,1,9.489961992702219e-05,0,0.0,False
GaussianBudget50M_LinearMinTime,Bowl_2023-CABDF-010494,20230723,14,pyrologix,6,none,2023,0.0,0.0,-1,undetected,1,9.489961992702219e-05,0,0.0,False
GaussianBudget50M_LinearMinTime,Bowman_2023-CATNF-000552,20230601,21,pyrologix,8,83-56,2023,0.0,0.0,0,drone,1,9.489961992702219e-05,3125,0.004270482896715999,True
GaussianBudget50M_LinearMinTime,Box_2023-CAKNF-007204,20230821,16,pyrologix,4,25-33,2023,0.0,0.0,-1,undetected,1,9.489961992702219e-05,650,0.002941888217737688,True
GaussianBudget50M_LinearMinTime,Branch_2023-CASHU-004916,20230513,21,pyrologix,4,46-28,2023,0.0,0.0,0,drone,1,9.489961992702219e-05,1600,0.003985784036934932,True
GaussianBudget50M_LinearMinTime,Bridge_2023-CASNF-001041,20230809,10,pyrologix,8,132-67,2023,0.0,0.0,0,drone,1,9.489961992702219e-05,3325,0.0040806836568619545,True
GaussianBudget50M_LinearMinTime,Bridge_2023-CASRF-000653,20230705,3,pyrologix,4,none,2023,0.0,0.0,-1,undetected,1,9.489961992702219e-05,0,0.0,False
GaussianBudget50M_LinearMinTime,Brown_2023-CAKNF-006999,20230816,23,pyrologix,9,23-25,2023,0.0,0.0,3,drone,1,9.489961992702219e-05,4580,0.0046500813764240876,True
GaussianBudget50M_LinearMinTime,Browns_2023-CAKNF-007321,20230825,3,pyrologix,4,32-26,2023,0.0,0.0,1,drone,1,9.489961992702219e-05,1905,0.004460282136570043,True
GaussianBudget50M_LinearMinTime,Brushy_2023-CASHF-000579,20230612,23,pyrologix,1,39-25,2023,0.0,0.0,0,drone,1,9.489961992702219e-05,725,0.0037010851771538656,True
GaussianBudget50M_LinearMinTime,Bryant_2023-CABDF-001218,20230125,0,pyrologix,3,none,2023,0.0,0.0,-1,undetected,1,9.489961992702219e-05,0,0.0,False
GaussianBudget50M_LinearMinTime,Buck_2023-CAKNF-005054,20230624,20,pyrologix,1,16-26,2023,0.0,0.0,0,drone,1,9.489961992702219e-05,565,0.00303678783766471,True
GaussianBudget50M_LinearMinTime,Buck_2023-CASTF-001902,20230909,18,pyrologix,5,118-64,2023,0.0,0.0,0,drone,1,9.489961992702219e-05,1895,0.004555181756497065,True
GaussianBudget50M_LinearMinTime,Buckeye_2023-CASHF-000895,20230729,19,pyrologix,9,39-32,2023,0.0,0.0,0,drone,1,9.489961992702219e-05,3530,0.004460282136570043,True
GaussianBudget50M_LinearMinTime,Buckeye_2023-CATNF-000550,20230531,19,pyrologix,8,83-56,2023,0.0,0.0,0,drone,1,9.489961992702219e-05,2985,0.004270482896715999,True
GaussianBudget50M_LinearMinTime,Bule_2023-CASHF-000872,20230725,14,pyrologix,1,46-21,2023,0.0,0.0,-1,undetected,1,9.489961992702219e-05,2880,0.004555181756497065,True
GaussianBudget50M_LinearMinTime,Bull_2023-CASNF-001025,20230806,19,pyrologix,7,132-67,2023,0.0,0.0,0,drone,1,9.489961992702219e-05,2820,0.0040806836568619545,True
GaussianBudget50M_LinearMinTime,Bull_2023-CASRF-000796,20230726,18,pyrologix,3,23-25,2023,0.0,0.0,0,drone,1,9.489961992702219e-05,1130,0.0040806836568619545,True
GaussianBudget50M_LinearMinTime,Bumblebee_2023-CAKNF-004487,20230608,16,pyrologix,4,20-40,2023,0.0,0.0,0,drone,1,9.489961992702219e-05,1525,0.004270482896715999,True
GaussianBudget50M_LinearMinTime,Bunny_2023-CASHF-000871,20230725,9,pyrologix,11,35-47,2023,0.0,0.0,0,drone,1,9.489961992702219e-05,4270,0.004555181756497065,True
GaussianBudget50M_LinearMinTime,Burger_2023-CAINF-001346,20230815,12,pyrologix,1,none,2023,0.0,0.0,-1,undetected,1,9.489961992702219e-05,0,0.0,False
GaussianBudget50M_LinearMinTime,Burgson_2023-CASTF-001632,20230818,21,pyrologix,4,109-64,2023,0.0,0.0,0,drone,1,9.489961992702219e-05,1630,0.0040806836568619545,True
GaussianBudget50M_LinearMinTime,Burma_2023-CAENF-015601,20230611,20,pyrologix,7,90-60,2023,0.0,0.0,0,drone,1,9.489961992702219e-05,2980,0.004460282136570043,True
GaussianBudget50M_LinearMinTime,Burner_2023-CASRF-000752,20230719,0,pyrologix,10,44-14,2023,0.0,0.0,1,drone,1,9.489961992702219e-05,4150,0.0046500813764240876,True
GaussianBudget50M_LinearMinTime,Burney_2023-CAKNF-004138,20230529,15,pyrologix,9,none,2023,0.0,0.0,-1,undetected,1,9.489961992702219e-05,0,0.0,False
GaussianBudget50M_LinearMinTime,Burst_2023-CASTF-001673,20230820,15,pyrologix,9,109-64,2023,0.0,0.0,-1,undetected,1,9.489961992702219e-05,5475,0.0040806836568619545,True
GaussianBudget50M_LinearMinTime,Bush_2023-CACNF-001967,20230729,18,pyrologix,3,none,2023,0.0,0.0,-1,undetected,1,9.489961992702219e-05,0,0.0,False
GaussianBudget50M_LinearMinTime,Buster_2023-CAKNF-009059,20231017,22,pyrologix,1,20-40,2023,0.0,0.0,3,drone,1,9.489961992702219e-05,1525,0.004270482896715999,True
GaussianBudget50M_LinearMinTime,Butte_2023-CAMDF-000207,20230601,20,pyrologix,6,none,2023,0.0,0.0,-1,undetected,1,9.489961992702219e-05,0,0.0,False
GaussianBudget50M_LinearMinTime,Butter_2023-CAPNF-000397,20230603,21,pyrologix,4,70-57,2023,0.0,0.0,1,drone,1,9.489961992702219e-05,2045,0.0036061855572268433,True
GaussianBudget50M_LinearMinTime,Calpine_2023-CATNF-000815,20230625,21,pyrologix,6,77-62,2023,0.0,0.0,0,drone,1,9.489961992702219e-05,2430,0.004460282136570043,True
GaussianBudget50M_LinearMinTime,Camp_2023-CAANF-233354,20231006,20,pyrologix,12,none,2023,0.0,0.0,-1,undetected,1,9.489961992702219e-05,0,0.0,False
GaussianBudget50M_LinearMinTime,Campbell_2023-CASHF-000553,20230607,21,pyrologix,2,41-39,2023,0.0,0.0,-1,undetected,1,9.489961992702219e-05,2930,0.004175583276788976,True
GaussianBudget50M_LinearMinTime,Cantilles_2023-CAANF-001169,20230511,21,pyrologix,8,none,2023,0.0,0.0,-1,undetected,1,9.489961992702219e-05,0,0.0,False
GaussianBudget50M_LinearMinTime,Canyon_2023-CAKNF-007002,20230816,1,pyrologix,5,23-25,2023,0.0,0.0,0,drone,1,9.489961992702219e-05,1955,0.004175583276788976,True
GaussianBudget50M_LinearMinTime,Cap_2023-CASRF-000281,20230425,21,pyrologix,6,25-20,2023,0.0,0.0,0,drone,1,9.489961992702219e-05,2740,0.004460282136570043,True
GaussianBudget50M_LinearMinTime,Capitan_2023-CAKNF-007203,20230821,13,pyrologix,8,16-26,2023,0.0,0.0,0,drone,1,9.489961992702219e-05,3440,0.004555181756497065,True
GaussianBudget50M_LinearMinTime,Car_2023-CABDF-010788,20230730,19,pyrologix,2,206-87,2023,0.0,0.0,0,drone,1,9.489961992702219e-05,1100,0.0040806836568619545,True
GaussianBudget50M_LinearMinTime,Caraway_2023-CASHF-001104,20230828,23,pyrologix,1,39-25,2023,0.0,0.0,-1,undetected,1,9.489961992702219e-05,2825,0.00389088441700791,True
GaussianBudget50M_LinearMinTime,Caribou_2023-CABDF-010960,20230804,18,pyrologix,5,none,2023,0.0,0.0,-1,undetected,1,9.489961992702219e-05,0,0.0,False
GaussianBudget50M_LinearMinTime,Caribou_2023-CABDU-010728,20230804,20,pyrologix,1,none,2023,0.0,0.0,-1,undetected,1,9.489961992702219e-05,0,0.0,False
GaussianBudget50M_LinearMinTime,Carman_2023-CATNF-000660,20230611,23,pyrologix,3,77-62,2023,0.0,0.0,0,drone,1,9.489961992702219e-05,1420,0.004175583276788976,True
GaussianBudget50M_LinearMinTime,Carpenter_2023-CAMNF-000448,20230613,20,pyrologix,4,67-23,2023,0.0,0.0,0,drone,1,9.489961992702219e-05,1625,0.004175583276788976,True
GaussianBudget50M_LinearMinTime,Carson_2023-CAENF-022008,20230811,19,pyrologix,9,none,2023,0.0,0.0,-1,undetected,1,9.489961992702219e-05,0,0.0,False
GaussianBudget50M_LinearMinTime,Castle_2023-CABDF-009613,20230705,8,pyrologix,11,none,2023,0.0,0.0,-1,undetected,1,9.489961992702219e-05,0,0.0,False
GaussianBudget50M_LinearMinTime,Castle_2023-CASHF-000876,20230725,15,pyrologix,11,34-40,2023,0.0,0.0,0,drone,1,9.489961992702219e-05,4055,0.004555181756497065,True
GaussianBudget50M_LinearMinTime,Cathederal_2023-CATMU-031777,20231120,12,pyrologix,10,none,2023,0.0,0.0,-1,undetected,1,9.489961992702219e-05,0,0.0,False
GaussianBudget50M_LinearMinTime,Cedar_2023-CABDF-009605,20230705,1,pyrologix,9,none,2023,0.0,0.0,-1,undetected,1,9.489961992702219e-05,0,0.0,False
GaussianBudget50M_LinearMinTime,Cedar_2023-CAKNF-004741,20230615,14,pyrologix,10,25-54,2023,0.0,0.0,-1,undetected,1,9.489961992702219e-05,445,0.0026571893579566213,True
GaussianBudget50M_LinearMinTime,Cedar_2023-CASRF-000964,20230815,23,pyrologix,1,none,2023,0.0,0.0,-1,undetected,1,9.489961992702219e-05,0,0.0,False
GaussianBudget50M_LinearMinTime,Centola_2023-CABDF-008859,20230621,16,pyrologix,8,206-87,2023,0.0,0.0,0,drone,1,9.489961992702219e-05,1525,0.004270482896715999,True
GaussianBudget50M_LinearMinTime,Chain_2023-CASNF-001096,20230816,21,pyrologix,7,none,2023,0.0,0.0,-1,undetected,1,9.489961992702219e-05,0,0.0,False
GaussianBudget50M_LinearMinTime,Chandler_2023-CAPNF-000407,20230605,20,pyrologix,7,70-57,2023,0.0,0.0,0,drone,1,9.489961992702219e-05,3100,0.0036061855572268433,True
GaussianBudget50M_LinearMinTime,Chantry_2023-CAANF-231944,20230702,19,pyrologix,6,none,2023,0.0,0.0,-1,undetected,1,9.489961992702219e-05,0,0.0,False
GaussianBudget50M_LinearMinTime,Cherry_2023-CASTF-001914,20230909,19,pyrologix,7,118-64,2023,0.0,0.0,0,drone,1,9.489961992702219e-05,2730,0.004555181756497065,True
GaussianBudget50M_LinearMinTime,Chester_2023-CALPF-002951,20231020,22,pyrologix,2,none,2023,0.0,0.0,-1,undetected,1,9.489961992702219e-05,0,0.0,False
GaussianBudget50M_LinearMinTime,Chief_2023-CATNF-001426,20230905,15,pyrologix,5,90-54,2023,0.0,0.0,0,drone,1,9.489961992702219e-05,2025,0.0034163863173727986,True
GaussianBudget50M_LinearMinTime,Chilcoot_2023-CAPNF-001372,20230918,19,pyrologix,9,77-69,2023,0.0,0.0,0,drone,1,9.489961992702219e-05,3495,0.004365382516643021,True
GaussianBudget50M_LinearMinTime,China_2023-CASHF-001073,20230825,23,pyrologix,8,39-25,2023,0.0,0.0,0,drone,1,9.489961992702219e-05,3310,0.004175583276788976,True
GaussianBudget50M_LinearMinTime,Christy_2023-CALMU-002809,20230606,12,pyrologix,7,60-61,2023,0.0,0.0,2,drone,1,9.489961992702219e-05,3630,0.0046500813764240876,True
GaussianBudget50M_LinearMinTime,Christy_2023-CALNF-002809,20230606,11,pyrologix,10,53-62,2023,0.0,0.0,1,drone,1,9.489961992702219e-05,4180,0.004365382516643021,True
GaussianBudget50M_LinearMinTime,Cienaga_2023-CABDF-012339,20230915,0,pyrologix,2,none,2023,0.0,0.0,-1,undetected,1,9.489961992702219e-05,0,0.0,False
GaussianBudget50M_LinearMinTime,Claim_2023-CASTF-001955,20230910,18,pyrologix,7,118-64,2023,0.0,0.0,0,drone,1,9.489961992702219e-05,2630,0.004555181756497065,True
GaussianBudget50M_LinearMinTime,Claire_2023-CAKNF-005153,20230626,20,pyrologix,3,32-26,2023,0.0,0.0,1,drone,1,9.489961992702219e-05,1840,0.004460282136570043,True
GaussianBudget50M_LinearMinTime,Clear_2023-CAKNF-007163,20230820,15,pyrologix,1,none,2023,0.0,0.0,-1,undetected,1,9.489961992702219e-05,0,0.0,False
GaussianBudget50M_LinearMinTime,Clear_2023-CASRF-001065,20230825,20,pyrologix,2,16-26,2023,0.0,0.0,0,drone,1,9.489961992702219e-05,885,0.0037010851771538656,True
GaussianBudget50M_LinearMinTime,Cliff_2023-CASTF-001804,20230902,1,pyrologix,2,109-64,2023,0.0,0.0,0,drone,1,9.489961992702219e-05,1050,0.0040806836568619545,True
GaussianBudget50M_LinearMinTime,Club_2023-CAANF-233713,20231110,4,pyrologix,5,none,2023,0.0,0.0,-1,undetected,1,9.489961992702219e-05,0,0.0,False
GaussianBudget50M_LinearMinTime,Cobble_2_2023-CAENF-024342,20230903,17,pyrologix,4,90-60,2023,0.0,0.0,-1,undetected,1,9.489961992702219e-05,4140,0.004460282136570043,True
GaussianBudget50M_LinearMinTime,Cold_2023-CAKNF-004306,20230603,18,pyrologix,6,21-47,2023,0.0,0.0,0,drone,1,9.489961992702219e-05,2305,0.0036061855572268433,True
GaussianBudget50M_LinearMinTime,Cold_2023-CASTF-001924,20230909,19,pyrologix,10,109-64,2023,0.0,0.0,0,drone,1,9.489961992702219e-05,3935,0.0040806836568619545,True
GaussianBudget50M_LinearMinTime,Comet_2023-CASNF-000573,20230618,21,pyrologix,5,125-64,2023,0.0,0.0,0,drone,1,9.489961992702219e-05,2145,0.004555181756497065,True
GaussianBudget50M_LinearMinTime,Computer_2023-CAANF-001308,20230531,20,pyrologix,10,none,2023,0.0,0.0,-1,undetected,1,9.489961992702219e-05,0,0.0,False
GaussianBudget50M_LinearMinTime,Coon_2023-CASRF-000966,20230815,23,pyrologix,2,none,2023,0.0,0.0,-1,undetected,1,9.489961992702219e-05,0,0.0,False
GaussianBudget50M_LinearMinTime,Copper_2023-CAANF-001241,20230531,23,pyrologix,4,none,2023,0.0,0.0,-1,undetected,1,9.489961992702219e-05,0,0.0,False
GaussianBudget50M_LinearMinTime,Copper_2023-CASRF-001075,20230828,17,pyrologix,4,23-25,2023,0.0,0.0,0,drone,1,9.489961992702219e-05,1825,0.0040806836568619545,True
GaussianBudget50M_LinearMinTime,Corners_2023-CASTF-001161,20230709,11,pyrologix,12,118-64,2023,0.0,0.0,0,drone,1,9.489961992702219e-05,4585,0.004555181756497065,True
GaussianBudget50M_LinearMinTime,Corral_2023-CASHF-001024,20230818,19,pyrologix,8,39-32,2023,0.0,0.0,0,drone,1,9.489961992702219e-05,3020,0.004460282136570043,True
GaussianBudget50M_LinearMinTime,Corral_2023-CASRF-000946,20230815,14,pyrologix,4,none,2023,0.0,0.0,-1,undetected,1,9.489961992702219e-05,0,0.0,False
GaussianBudget50M_LinearMinTime,Cosy_2023-CABDF-017722,20231214,22,pyrologix,9,206-87,2023,0.0,0.0,-1,undetected,1,9.489961992702219e-05,1525,0.004270482896715999,True
GaussianBudget50M_LinearMinTime,Cotton_2023-CASNF-000773,20230711,20,pyrologix,1,146-71,2023,0.0,0.0,2,drone,1,9.489961992702219e-05,1235,0.00389088441700791,True
GaussianBudget50M_LinearMinTime,Cottonwood_2023-CASTF-001925,20230909,22,pyrologix,4,118-57,2023,0.0,0.0,0,drone,1,9.489961992702219e-05,1770,0.004555181756497065,True
GaussianBudget50M_LinearMinTime,County_2023-CASHU-010642,20230923,16,pyrologix,8,46-35,2023,0.0,0.0,0,drone,1,9.489961992702219e-05,2840,0.004175583276788976,True
GaussianBudget50M_LinearMinTime,Court_2023-CASNF-001594,20231023,1,pyrologix,2,none,2023,0.0,0.0,-1,undetected,1,9.489961992702219e-05,0,0.0,False
GaussianBudget50M_LinearMinTime,Cove_2023-CAENF-017904,20230703,13,pyrologix,11,97-61,2023,0.0,0.0,0,drone,1,9.489961992702219e-05,4140,0.0046500813764240876,True
GaussianBudget50M_LinearMinTime,Cove_2023-CATNF-001036,20230716,18,pyrologix,5,84-67,2023,0.0,0.0,0,drone,1,9.489961992702219e-05,2000,0.004270482896715999,True
GaussianBudget50M_LinearMinTime,Cow_2023-CAKNF-005188,20230627,15,pyrologix,7,32-26,2023,0.0,0.0,2,drone,1,9.489961992702219e-05,3600,0.004555181756497065,True
GaussianBudget50M_LinearMinTime,Cow_2023-CASNF-001084,20230814,15,pyrologix,3,none,2023,0.0,0.0,-1,undetected,1,9.489961992702219e-05,0,0.0,False
GaussianBudget50M_LinearMinTime,Cowtrack_2023-CAINF-001075,20230720,22,pyrologix,4,none,2023,0.0,0.0,-1,undetected,1,9.489961992702219e-05,0,0.0,False
GaussianBudget50M_LinearMinTime,Coyote_2023-CABDF-CABDF8838,20230621,12,pyrologix,5,none,2023,0.0,0.0,-1,undetected,1,9.489961992702219e-05,0,0.0,False
GaussianBudget50M_LinearMinTime,Coyote_2023-CAINF-001308,20230813,6,pyrologix,12,none,2023,0.0,0.0,-1,undetected,1,9.489961992702219e-05,0,0.0,False
GaussianBudget50M_LinearMinTime,Crab_2023-CASTF-001456,20230806,19,pyrologix,9,109-64,2023,0.0,0.0,-1,undetected,1,9.489961992702219e-05,5475,0.0040806836568619545,True
GaussianBudget50M_LinearMinTime,Crater_2023-CALNF-002767,20230604,18,pyrologix,8,53-62,2023,0.0,0.0,-1,undetected,1,9.489961992702219e-05,4925,0.004365382516643021,True
GaussianBudget50M_LinearMinTime,Creek_2023-CAKNF-003961,20230523,18,pyrologix,5,18-33,2023,0.0,0.0,0,drone,1,9.489961992702219e-05,2160,0.004175583276788976,True
GaussianBudget50M_LinearMinTime,Creek_2023-CAMDF-000611,20230820,16,pyrologix,4,none,2023,0.0,0.0,-1,undetected,1,9.489961992702219e-05,0,0.0,False
GaussianBudget50M_LinearMinTime,Creek_2023-CASRF-001068,20230826,19,pyrologix,9,32-26,2023,0.0,0.0,1,drone,1,9.489961992702219e-05,4075,0.0046500813764240876,True
GaussianBudget50M_LinearMinTime,Crescent_2023-CASTF-001916,20230909,21,pyrologix,3,118-64,2023,0.0,0.0,0,drone,1,9.489961992702219e-05,1210,0.004175583276788976,True
GaussianBudget50M_LinearMinTime,Crest_2023-CALAC-218192,20230702,2,pyrologix,4,none,2023,0.0,0.0,-1,undetected,1,9.489961992702219e-05,0,0.0,False
GaussianBudget50M_LinearMinTime,Crestview_2023-CAINF-001801,20230930,16,pyrologix,9,none,2023,0.0,0.0,-1,undetected,1,9.489961992702219e-05,0,0.0,False
GaussianBudget50M_LinearMinTime,Cristo_2023-CALAC-236491,20230716,1,pyrologix,11,none,2023,0.0,0.0,-1,undetected,1,9.489961992702219e-05,0,0.0,False
GaussianBudget50M_LinearMinTime,Cromberg_2023-CAPNF-000763,20230720,16,pyrologix,6,70-64,2023,0.0,0.0,0,drone,1,9.489961992702219e-05,2800,0.004460282136570043,True
GaussianBudget50M_LinearMinTime,Crown_2023-CASNF-000528,20230612,11,pyrologix,11,none,2023,0.0,0.0,-1,undetected,1,9.489961992702219e-05,0,0.0,False
GaussianBudget50M_LinearMinTime,Crystal_2023-CAANF-233839,20231120,17,pyrologix,3,206-87,2023,0.0,0.0,-1,undetected,1,9.489961992702219e-05,1525,0.004270482896715999,True
GaussianBudget50M_LinearMinTime,Curl_2023-CASHF-000578,20230612,20,pyrologix,1,42-46,2023,0.0,0.0,-1,undetected,1,9.489961992702219e-05,1440,0.0040806836568619545,True
GaussianBudget50M_LinearMinTime,Dairy_2023-CAKNF-004502,20230609,22,pyrologix,5,18-33,2023,0.0,0.0,0,drone,1,9.489961992702219e-05,2265,0.004175583276788976,True
GaussianBudget50M_LinearMinTime,Dark_2023-CAENF-022407,20230816,0,pyrologix,2,97-61,2023,0.0,0.0,2,drone,1,9.489961992702219e-05,1495,0.004460282136570043,True
GaussianBudget50M_LinearMinTime,Davis_2023-CAANF-233978,20231205,11,pyrologix,12,206-87,2023,0.0,0.0,-1,undetected,1,9.489961992702219e-05,1525,0.004270482896715999,True
GaussianBudget50M_LinearMinTime,Davis_2023-CASNF-000361,20230524,23,pyrologix,2,146-71,2023,0.0,0.0,0,drone,1,9.489961992702219e-05,950,0.0037010851771538656,True
GaussianBudget50M_LinearMinTime,Day_2023-CASHU-008936,20230815,14,pyrologix,8,37-52,2023,0.0,0.0,-1,undetected,1,9.489961992702219e-05,5085,0.0046500813764240876,True
GaussianBudget50M_LinearMinTime,Deacon_2023-CAKNF-008082,20230917,20,pyrologix,11,32-33,2023,0.0,0.0,-1,undetected,1,9.489961992702219e-05,1910,0.004175583276788976,True
GaussianBudget50M_LinearMinTime,Deadhorse_2023-CALNF-002797,20230606,21,pyrologix,9,62-42,2023,0.0,0.0,0,drone,1,9.489961992702219e-05,3445,0.004460282136570043,True
GaussianBudget50M_LinearMinTime,Deep_2023-CAMDF-001064,20231105,17,pyrologix,12,none,2023,0.0,0.0,-1,undetected,1,9.489961992702219e-05,0,0.0,False
GaussianBudget50M_LinearMinTime,Deep_2023-CASHF-000973,20230815,9,pyrologix,12,39-32,2023,0.0,0.0,3,drone,1,9.489961992702219e-05,5540,0.004555181756497065,True
GaussianBudget50M_LinearMinTime,Deer_2023-CASHF-001006,20230818,22,pyrologix,9,46-28,2023,0.0,0.0,0,drone,1,9.489961992702219e-05,3440,0.004555181756497065,True
GaussianBudget50M_LinearMinTime,Deer_2023-CASTF-001613,20230817,16,pyrologix,4,125-64,2023,0.0,0.0,1,drone,1,9.489961992702219e-05,2145,0.004555181756497065,True
GaussianBudget50M_LinearMinTime,Deerhart_2023-CALMU-004024,20230731,14,pyrologix,11,60-61,2023,0.0,0.0,0,drone,1,9.489961992702219e-05,4255,0.0046500813764240876,True
GaussianBudget50M_LinearMinTime,Del_2023-CALAC-238516,20230717,18,pyrologix,5,none,2023,0.0,0.0,-1,undetected,1,9.489961992702219e-05,0,0.0,False
GaussianBudget50M_LinearMinTime,Del_2023-CALAC-370918,20231029,14,pyrologix,11,none,2023,0.0,0.0,-1,undetected,1,9.489961992702219e-05,0,0.0,False
GaussianBudget50M_LinearMinTime,Delta_2023-CABDF-017370,20231207,0,pyrologix,2,none,2023,0.0,0.0,-1,undetected,1,9.489961992702219e-05,0,0.0,False
GaussianBudget50M_LinearMinTime,Democrat_2023-CASQF-001330,20230722,0,pyrologix,2,172-74,2023,0.0,0.0,-1,undetected,1,9.489961992702219e-05,845,0.003795984797080888,True
GaussianBudget50M_LinearMinTime,Den_2023-CAKNF-007072,20230818,21,pyrologix,8,18-33,2023,0.0,0.0,0,drone,1,9.489961992702219e-05,3170,0.004365382516643021,True
GaussianBudget50M_LinearMinTime,Denny_2023-CASRF-000903,20230811,17,pyrologix,8,39-18,2023,0.0,0.0,-1,undetected,1,9.489961992702219e-05,5495,0.004460282136570043,True
GaussianBudget50M_LinearMinTime,Devil_2023-CAKNF-007038,20230817,21,pyrologix,7,18-33,2023,0.0,0.0,0,drone,1,9.489961992702219e-05,2765,0.004270482896715999,True
GaussianBudget50M_LinearMinTime,Dexter_2023-CAINF-001044,20230718,23,pyrologix,8,none,2023,0.0,0.0,-1,undetected,1,9.489961992702219e-05,0,0.0,False
GaussianBudget50M_LinearMinTime,Diamond_2023-CASRF-000945,20230815,13,pyrologix,6,none,2023,0.0,0.0,-1,undetected,1,9.489961992702219e-05,0,0.0,False
GaussianBudget50M_LinearMinTime,Dillon_2023-CAKNF-007348,20230826,0,pyrologix,3,23-25,2023,0.0,0.0,1,drone,1,9.489961992702219e-05,1770,0.0040806836568619545,True
GaussianBudget50M_LinearMinTime,Dillon_2023-CASNF-001392,20230909,10,pyrologix,10,132-67,2023,0.0,0.0,0,drone,1,9.489961992702219e-05,4225,0.0040806836568619545,True
GaussianBudget50M_LinearMinTime,Dinkey_2023-CASNF-001040,20230809,23,pyrologix,9,139-70,2023,0.0,0.0,3,drone,1,9.489961992702219e-05,4615,0.0046500813764240876,True
GaussianBudget50M_LinearMinTime,Dobyns_2023-CALMU-006017,20231104,19,pyrologix,3,60-61,2023,0.0,0.0,0,drone,1,9.489961992702219e-05,1290,0.004270482896715999,True
GaussianBudget50M_LinearMinTime,Doe_2023-CASRF-000953,20230815,14,pyrologix,9,16-26,2023,0.0,0.0,4,drone,1,9.489961992702219e-05,5440,0.004555181756497065,True
GaussianBudget50M_LinearMinTime,Dog_2023-CASHF-000984,20230815,16,pyrologix,8,41-39,2023,0.0,0.0,0,drone,1,9.489961992702219e-05,2980,0.004175583276788976,True
GaussianBudget50M_LinearMinTime,Dome_2023-CASTF-001994,20230913,18,pyrologix,4,109-64,2023,0.0,0.0,-1,undetected,1,9.489961992702219e-05,3665,0.0040806836568619545,True
GaussianBudget50M_LinearMinTime,Donica_2023-CALMU-004727,20230902,15,pyrologix,11,39-63,2023,0.0,0.0,1,drone,1,9.489961992702219e-05,4575,0.0046500813764240876,True
GaussianBudget50M_LinearMinTime,Donkey_2023-CAKNF-007351,20230826,20,pyrologix,11,23-25,2023,0.0,0.0,0,drone,1,9.489961992702219e-05,4285,0.0046500813764240876,True
GaussianBudget50M_LinearMinTime,Doodlebug_2023-CASHF-000686,20230627,12,pyrologix,9,42-46,2023,0.0,0.0,-1,undetected,1,9.489961992702219e-05,1440,0.0040806836568619545,True
GaussianBudget50M_LinearMinTime,Doolittle_2023-CAKNF-008954,20231014,11,pyrologix,12,16-26,2023,0.0,0.0,0,drone,1,9.489961992702219e-05,4970,0.004555181756497065,True
GaussianBudget50M_LinearMinTime,Double_2023-CASTF-001997,20230913,21,pyrologix,5,109-64,2023,0.0,0.0,-1,undetected,1,9.489961992702219e-05,4025,0.0040806836568619545,True
GaussianBudget50M_LinearMinTime,Doyle_2023-CASQF-001776,20230823,19,pyrologix,12,none,2023,0.0,0.0,-1,undetected,1,9.489961992702219e-05,0,0.0,False
GaussianBudget50M_LinearMinTime,Druey_2023-CAKNF-004252,20230602,22,pyrologix,11,16-26,2023,0.0,0.0,0,drone,1,9.489961992702219e-05,4575,0.004555181756497065,True
GaussianBudget50M_LinearMinTime,Dry_2023-CAANF-002149,20230712,21,pyrologix,12,none,2023,0.0,0.0,-1,undetected,1,9.489961992702219e-05,0,0.0,False
GaussianBudget50M_LinearMinTime,Dry_2023-CAINF-001545,20230831,14,pyrologix,2,none,2023,0.0,0.0,-1,undetected,1,9.489961992702219e-05,0,0.0,False
GaussianBudget50M_LinearMinTime,Dry_2023-CASQF-000835,20230612,13,pyrologix,12,none,2023,0.0,0.0,-1,undetected,1,9.489961992702219e-05,0,0.0,False
GaussianBudget50M_LinearMinTime,Dry_2023-CASTF-001965,20230911,14,pyrologix,4,109-64,2023,0.0,0.0,0,drone,1,9.489961992702219e-05,1575,0.0040806836568619545,True
GaussianBudget50M_LinearMinTime,Duckwall_2023-CASTF-001920,20230909,21,pyrologix,5,118-64,2023,0.0,0.0,2,drone,1,9.489961992702219e-05,2570,0.004555181756497065,True
GaussianBudget50M_LinearMinTime,Duncan_2023-CASHF-000513,20230530,19,pyrologix,9,46-28,2023,0.0,0.0,2,drone,1,9.489961992702219e-05,4105,0.004555181756497065,True
GaussianBudget50M_LinearMinTime,Durrwood_2023-CASQF-001669,20230814,15,pyrologix,9,164-82,2023,0.0,0.0,0,drone,1,9.489961992702219e-05,3745,0.004365382516643021,True
GaussianBudget50M_LinearMinTime,Dusty_2023-CAMDF-000234,20230611,17,pyrologix,10,none,2023,0.0,0.0,-1,undetected,1,9.489961992702219e-05,0,0.0,False
GaussianBudget50M_LinearMinTime,Dutch_2023-CAKNF-007003,20230816,23,pyrologix,8,23-25,2023,0.0,0.0,2,drone,1,9.489961992702219e-05,3925,0.0046500813764240876,True
GaussianBudget50M_LinearMinTime,E-1_Schoonamaker_2023-CALNF-002969,20230614,1,pyrologix,1,53-62,2023,0.0,0.0,2,drone,1,9.489961992702219e-05,1380,0.0034163863173727986,True
GaussianBudget50M_LinearMinTime,E-2_Robbers_2023-CALNF-003013,20230615,17,pyrologix,2,51-53,2023,0.0,0.0,3,drone,1,9.489961992702219e-05,2355,0.003985784036934932,True
GaussianBudget50M_LinearMinTime,Eagle_2023-CABDF-012594,20230923,11,pyrologix,10,206-87,2023,0.0,0.0,0,drone,1,9.489961992702219e-05,1525,0.004270482896715999,True
GaussianBudget50M_LinearMinTime,Earthquake_2023-CAINF-001590,20230903,18,pyrologix,7,none,2023,0.0,0.0,-1,undetected,1,9.489961992702219e-05,0,0.0,False
GaussianBudget50M_LinearMinTime,East_2023-CAKNF-008114,20230917,21,pyrologix,4,32-33,2023,0.0,0.0,-1,undetected,1,9.489961992702219e-05,1910,0.004175583276788976,True
GaussianBudget50M_LinearMinTime,East_2023-CASHF-000512,20230530,15,pyrologix,9,41-39,2023,0.0,0.0,0,drone,1,9.489961992702219e-05,3565,0.004270482896715999,True
GaussianBudget50M_LinearMinTime,East_2023-CASNF-001397,20230909,13,pyrologix,12,131-73,2023,0.0,0.0,0,drone,1,9.489961992702219e-05,5115,0.004555181756497065,True
GaussianBudget50M_LinearMinTime,East_2023-CATNF-001781,20231103,19,pyrologix,6,84-67,2023,0.0,0.0,0,drone,1,9.489961992702219e-05,2570,0.004270482896715999,True
GaussianBudget50M_LinearMinTime,Edison_2023-CASNF-001072,20230813,13,pyrologix,9,none,2023,0.0,0.0,-1,undetected,1,9.489961992702219e-05,0,0.0,False
GaussianBudget50M_LinearMinTime,Edison_2023-CASNF-001384,20230907,18,pyrologix,10,none,2023,0.0,0.0,-1,undetected,1,9.489961992702219e-05,0,0.0,False
GaussianBudget50M_LinearMinTime,El_Cariso_2023-CACNF-000870,20230430,17,pyrologix,12,none,2023,0.0,0.0,-1,undetected,1,9.489961992702219e-05,0,0.0,False
GaussianBudget50M_LinearMinTime,Elliot_2023-CAKNF-006944,20230815,11,pyrologix,8,23-25,2023,0.0,0.0,0,drone,1,9.489961992702219e-05,3230,0.0046500813764240876,True
GaussianBudget50M_LinearMinTime,Emma_2023-CAANF-233880,20231125,18,pyrologix,2,none,2023,0.0,0.0,-1,undetected,1,9.489961992702219e-05,0,0.0,False
GaussianBudget50M_LinearMinTime,Emma_2023-CALAC-339561,20231004,6,pyrologix,12,none,2023,0.0,0.0,-1,undetected,1,9.489961992702219e-05,0,0.0,False
GaussianBudget50M_LinearMinTime,English_2023-CATNF-001273,20230814,22,pyrologix,4,none,2023,0.0,0.0,-1,undetected,1,9.489961992702219e-05,0,0.0,False
GaussianBudget50M_LinearMinTime,Escondido_2023-CAANF-233956,20231203,23,pyrologix,6,none,2023,0.0,0.0,-1,undetected,1,9.489961992702219e-05,0,0.0,False
GaussianBudget50M_LinearMinTime,Etsel_2023-CAMNF-001222,20230918,22,pyrologix,5,67-23,2023,0.0,0.0,1,drone,1,9.489961992702219e-05,2260,0.004365382516643021,True
GaussianBudget50M_LinearMinTime,Excelsior_2023-CANEU-016702,20230615,17,pyrologix,3,83-56,2023,0.0,0.0,1,drone,1,9.489961992702219e-05,1750,0.004270482896715999,True
GaussianBudget50M_LinearMinTime,Exit_2023-CASHF-000333,20230424,5,pyrologix,5,41-39,2023,0.0,0.0,0,drone,1,9.489961992702219e-05,1925,0.004175583276788976,True
GaussianBudget50M_LinearMinTime,Fairview_2023-CASHF-001248,20231006,21,pyrologix,4,39-32,2023,0.0,0.0,0,drone,1,9.489961992702219e-05,1540,0.004365382516643021,True
GaussianBudget50M_LinearMinTime,Fallen_2023-CATMU-022772,20230819,16,pyrologix,1,none,2023,0.0,0.0,-1,undetected,1,9.489961992702219e-05,0,0.0,False
GaussianBudget50M_LinearMinTime,Falls_2023-CASKU-006095,20230720,23,pyrologix,1,35-47,2023,0.0,0.0,0,drone,1,9.489961992702219e-05,545,0.0031316874575917325,True
GaussianBudget50M_LinearMinTime,Falls_2023-CASTF-001664,20230820,14,pyrologix,5,118-64,2023,0.0,0.0,0,drone,1,9.489961992702219e-05,1950,0.004555181756497065,True
GaussianBudget50M_LinearMinTime,Fast_2023-CABDF-010513,20230723,16,pyrologix,10,none,2023,0.0,0.0,-1,undetected,1,9.489961992702219e-05,0,0.0,False
GaussianBudget50M_LinearMinTime,Faulkstein_2023-CAKNF-005132,20230626,10,pyrologix,10,18-33,2023,0.0,0.0,1,drone,1,9.489961992702219e-05,4575,0.004460282136570043,True
GaussianBudget50M_LinearMinTime,Fir_2023-CAINF-002072,20231119,21,pyrologix,5,none,2023,0.0,0.0,-1,undetected,1,9.489961992702219e-05,0,0.0,False
GaussianBudget50M_LinearMinTime,First_2023-CAKNF-004376,20230605,19,pyrologix,2,16-26,2023,0.0,0.0,1,drone,1,9.489961992702219e-05,1640,0.004270482896715999,True
GaussianBudget50M_LinearMinTime,Fish_2023-CAINF-001317,20230813,15,pyrologix,4,none,2023,0.0,0.0,-1,undetected,1,9.489961992702219e-05,0,0.0,False
GaussianBudget50M_LinearMinTime,Fish_2023-CASTF-002295,20231020,21,pyrologix,6,109-64,2023,0.0,0.0,-1,undetected,1,9.489961992702219e-05,4400,0.0040806836568619545,True
GaussianBudget50M_LinearMinTime,Fisher_2023-CASTF-001961,20230911,22,pyrologix,7,109-64,2023,0.0,0.0,0,drone,1,9.489961992702219e-05,2835,0.0040806836568619545,True
GaussianBudget50M_LinearMinTime,Fishtown_2023-CAMNF-000884,20230820,21,pyrologix,10,60-26,2023,0.0,0.0,1,drone,1,9.489961992702219e-05,4470,0.0046500813764240876,True
GaussianBudget50M_LinearMinTime,Five_2023-CATNF-001031,20230716,9,pyrologix,11,none,2023,0.0,0.0,-1,undetected,1,9.489961992702219e-05,0,0.0,False
GaussianBudget50M_LinearMinTime,Flat_2023-CAANF-002740,20230815,13,pyrologix,12,none,2023,0.0,0.0,-1,undetected,1,9.489961992702219e-05,0,0.0,False
GaussianBudget50M_LinearMinTime,Flat_2023-CAENF-017405,20230630,22,pyrologix,5,90-54,2023,0.0,0.0,0,drone,1,9.489961992702219e-05,2085,0.0034163863173727986,True
GaussianBudget50M_LinearMinTime,Flat_2023-CALPF-002163,20230806,16,pyrologix,5,none,2023,0.0,0.0,-1,undetected,1,9.489961992702219e-05,0,0.0,False
GaussianBudget50M_LinearMinTime,Flat_2023-CAMDF-000050,20230215,10,pyrologix,8,none,2023,0.0,0.0,-1,undetected,1,9.489961992702219e-05,0,0.0,False
GaussianBudget50M_LinearMinTime,Flat_2023-CASHF-000942,20230810,14,pyrologix,9,35-47,2023,0.0,0.0,1,drone,1,9.489961992702219e-05,3975,0.004555181756497065,True
GaussianBudget50M_LinearMinTime,Flat_2023-CASQF-002033,20230917,13,pyrologix,10,none,2023,0.0,0.0,-1,undetected,1,9.489961992702219e-05,0,0.0,False
GaussianBudget50M_LinearMinTime,Flat_2023-CASRF-001064,20230825,17,pyrologix,7,32-26,2023,0.0,0.0,0,drone,1,9.489961992702219e-05,2785,0.004555181756497065,True
GaussianBudget50M_LinearMinTime,Flat_2023-CASTF-000607,20230517,10,pyrologix,12,109-64,2023,0.0,0.0,1,drone,1,9.489961992702219e-05,4820,0.0040806836568619545,True
GaussianBudget50M_LinearMinTime,Flats_2023-CABDF-008695,20230617,18,pyrologix,5,225-101,2023,0.0,0.0,0,drone,1,9.489961992702219e-05,1840,0.004460282136570043,True
GaussianBudget50M_LinearMinTime,Flats_2023-CABDF-010793,20230730,20,pyrologix,4,none,2023,0.0,0.0,-1,undetected,1,9.489961992702219e-05,0,0.0,False
GaussianBudget50M_LinearMinTime,Fleming_2023-CAENF-021409,20230805,14,pyrologix,9,97-54,2023,0.0,0.0,0,drone,1,9.489961992702219e-05,3535,0.0046500813764240876,True
GaussianBudget50M_LinearMinTime,Flume_2023-CASHF-000703,20230629,16,pyrologix,10,41-39,2023,0.0,0.0,0,drone,1,9.489961992702219e-05,3885,0.004365382516643021,True
GaussianBudget50M_LinearMinTime,Forest_2023-CATNF-000717,20230616,16,pyrologix,7,90-60,2023,0.0,0.0,0,drone,1,9.489961992702219e-05,3045,0.004460282136570043,True
GaussianBudget50M_LinearMinTime,Fork_2023-CAANF-001661,20230618,11,pyrologix,10,206-87,2023,0.0,0.0,-1,undetected,1,9.489961992702219e-05,1525,0.004270482896715999,True
GaussianBudget50M_LinearMinTime,Fork_2023-CASRF-000645,20230705,1,pyrologix,1,39-18,2023,0.0,0.0,2,drone,1,9.489961992702219e-05,1205,0.004365382516643021,True
GaussianBudget50M_LinearMinTime,Four_2023-CAKNF-004483,20230608,15,pyrologix,2,25-54,2023,0.0,0.0,-1,undetected,1,9.489961992702219e-05,445,0.0026571893579566213,True
GaussianBudget50M_LinearMinTime,Francis_2023-CAANF-233122,20230911,21,pyrologix,2,none,2023,0.0,0.0,-1,undetected,1,9.489961992702219e-05,0,0.0,False
GaussianBudget50M_LinearMinTime,Francis_2023-CAENF-022302,20230815,23,pyrologix,5,90-60,2023,0.0,0.0,-1,undetected,1,9.489961992702219e-05,4585,0.004460282136570043,True
GaussianBudget50M_LinearMinTime,Franklin_2023-CAKNF-005103,20230625,21,pyrologix,4,18-33,2023,0.0,0.0,0,drone,1,9.489961992702219e-05,1925,0.004175583276788976,True
GaussianBudget50M_LinearMinTime,Franklin_2023-CALAC-23215391,20230630,22,pyrologix,6,none,2023,0.0,0.0,-1,undetected,1,9.489961992702219e-05,0,0.0,False
GaussianBudget50M_LinearMinTime,Franklin_2023-CALPF-001817,20230712,16,pyrologix,7,none,2023,0.0,0.0,-1,undetected,1,9.489961992702219e-05,0,0.0,False
GaussianBudget50M_LinearMinTime,Frazier_2023-CASTF-001658,20230820,8,pyrologix,9,109-64,2023,0.0,0.0,0,drone,1,9.489961992702219e-05,3560,0.0040806836568619545,True
GaussianBudget50M_LinearMinTime,Freeway_2023-CAANF-232754,20230816,16,pyrologix,2,none,2023,0.0,0.0,-1,undetected,1,9.489961992702219e-05,0,0.0,False
GaussianBudget50M_LinearMinTime,Frenchman_2023-CAPNF-000737,20230715,21,pyrologix,4,77-69,2023,0.0,0.0,0,drone,1,9.489961992702219e-05,1595,0.004270482896715999,True
GaussianBudget50M_LinearMinTime,Friday_2023-CASRF-000890,20230809,16,pyrologix,1,39-18,2023,0.0,0.0,2,drone,1,9.489961992702219e-05,1205,0.004365382516643021,True
GaussianBudget50M_LinearMinTime,Friend_2023-CASHF-000702,20230629,20,pyrologix,1,46-21,2023,0.0,0.0,0,drone,1,9.489961992702219e-05,470,0.0033214866974457763,True
GaussianBudget50M_LinearMinTime,Frontage_2023-CABDF-007992,20230602,7,pyrologix,5,none,2023,0.0,0.0,-1,undetected,1,9.489961992702219e-05,0,0.0,False
GaussianBudget50M_LinearMinTime,Frying_2023-CAKNF-005107,20230626,21,pyrologix,7,16-26,2023,0.0,0.0,0,drone,1,9.489961992702219e-05,2830,0.004555181756497065,True
GaussianBudget50M_LinearMinTime,Fuller_2023-CABDF-014299,20231028,11,pyrologix,12,none,2023,0.0,0.0,-1,undetected,1,9.489961992702219e-05,0,0.0,False
GaussianBudget50M_LinearMinTime,Fuller_2023-CATNF-001755,20231029,15,pyrologix,5,83-56,2023,0.0,0.0,-1,undetected,1,9.489961992702219e-05,3925,0.004365382516643021,True
GaussianBudget50M_LinearMinTime,Gabriel_2023-CAANF-001433,20230529,22,pyrologix,2,none,2023,0.0,0.0,-1,undetected,1,9.489961992702219e-05,0,0.0,False
GaussianBudget50M_LinearMinTime,Gallagher_2023-CAPNF-000851,20230801,18,pyrologix,8,77-62,2023,0.0,0.0,1,drone,1,9.489961992702219e-05,3435,0.0046500813764240876,True
GaussianBudget50M_LinearMinTime,Garden_2023-CAKNF-007331,20230825,13,pyrologix,11,none,2023,0.0,0.0,-1,undetected,1,9.489961992702219e-05,0,0.0,False
GaussianBudget50M_LinearMinTime,Gas_2023-CAANF-001520,20230606,21,pyrologix,2,none,2023,0.0,0.0,-1,undetected,1,9.489961992702219e-05,0,0.0,False
GaussianBudget50M_LinearMinTime,Gerle_2023-CAENF-027748,20231009,12,pyrologix,9,90-60,2023,0.0,0.0,-1,undetected,1,9.489961992702219e-05,6290,0.004460282136570043,True
GaussianBudget50M_LinearMinTime,Giant_2023-CASQF-001242,20230715,19,pyrologix,2,165-77,2023,0.0,0.0,0,drone,1,9.489961992702219e-05,735,0.0034163863173727986,True
GaussianBudget50M_LinearMinTime,Gibson_2023-CAPNF-000955,20230814,17,pyrologix,11,76-55,2023,0.0,0.0,1,drone,1,9.489961992702219e-05,4555,0.004365382516643021,True
GaussianBudget50M_LinearMinTime,Gifford_2023-CALPF-001190,20230519,17,pyrologix,9,none,2023,0.0,0.0,-1,undetected,1,9.489961992702219e-05,0,0.0,False
GaussianBudget50M_LinearMinTime,Glass_2023-CAKNF-004674,20230613,15,pyrologix,7,none,2023,0.0,0.0,-1,undetected,1,9.489961992702219e-05,0,0.0,False
GaussianBudget50M_LinearMinTime,Gleason_2023-CAANF-232639,20230809,11,pyrologix,12,none,2023,0.0,0.0,-1,undetected,1,9.489961992702219e-05,0,0.0,False
GaussianBudget50M_LinearMinTime,Gold_2023-CAKNF-007026,20230816,16,pyrologix,5,25-33,2023,0.0,0.0,-1,undetected,1,9.489961992702219e-05,650,0.002941888217737688,True
GaussianBudget50M_LinearMinTime,Gold_2023-CATNF-001290,20230816,22,pyrologix,5,77-62,2023,0.0,0.0,0,drone,1,9.489961992702219e-05,1835,0.004365382516643021,True
GaussianBudget50M_LinearMinTime,Goldmine_2023-CABDF-009229,20230629,16,pyrologix,10,none,2023,0.0,0.0,-1,undetected,1,9.489961992702219e-05,0,0.0,False
GaussianBudget50M_LinearMinTime,Goodyear_2023-CATNF-001421,20230904,17,pyrologix,11,76-55,2023,0.0,0.0,0,drone,1,9.489961992702219e-05,4175,0.004175583276788976,True
GaussianBudget50M_LinearMinTime,Grade_2023-CACNF-002944,20231103,18,pyrologix,1,none,2023,0.0,0.0,-1,undetected,1,9.489961992702219e-05,0,0.0,False
GaussianBudget50M_LinearMinTime,Granite_2023-CASNF-000835,20230721,19,pyrologix,12,125-64,2023,0.0,0.0,0,drone,1,9.489961992702219e-05,4590,0.0046500813764240876,True
GaussianBudget50M_LinearMinTime,Granite_2023-CATNF-001270,20230814,20,pyrologix,6,none,2023,0.0,0.0,-1,undetected,1,9.489961992702219e-05,0,0.0,False
GaussianBudget50M_LinearMinTime,Graniteville_2023-CANEU-031058,20231031,10,pyrologix,4,83-56,2023,0.0,0.0,0,drone,1,9.489961992702219e-05,1590,0.004270482896715999,True
GaussianBudget50M_LinearMinTime,Graniteville_2023-CATNF-001768,20231031,9,pyrologix,8,83-56,2023,0.0,0.0,0,drone,1,9.489961992702219e-05,2925,0.004270482896715999,True
GaussianBudget50M_LinearMinTime,Grants_2023-CAKNF-008101,20230917,18,pyrologix,1,25-33,2023,0.0,0.0,-1,undetected,1,9.489961992702219e-05,650,0.002941888217737688,True
GaussianBudget50M_LinearMinTime,Grass_2023-CAPNF-000660,20230704,18,pyrologix,4,76-55,2023,0.0,0.0,-1,undetected,1,9.489961992702219e-05,3695,0.0040806836568619545,True
GaussianBudget50M_LinearMinTime,Grasshopper_2023-CASHU-007231,20230706,15,pyrologix,11,42-46,2023,0.0,0.0,-1,undetected,1,9.489961992702219e-05,1440,0.0040806836568619545,True
GaussianBudget50M_LinearMinTime,Grassy_2023-CASHF-001188,20230916,18,pyrologix,9,46-21,2023,0.0,0.0,0,drone,1,9.489961992702219e-05,3840,0.004555181756497065,True
GaussianBudget50M_LinearMinTime,Gravel_2023-CAKNF-004491,20230608,18,pyrologix,5,28-47,2023,0.0,0.0,-1,undetected,1,9.489961992702219e-05,1485,0.004270482896715999,True
GaussianBudget50M_LinearMinTime,Gravel_2023-CAPNF-000970,20230815,16,pyrologix,4,70-50,2023,0.0,0.0,2,drone,1,9.489961992702219e-05,2130,0.004555181756497065,True
GaussianBudget50M_LinearMinTime,Green_2023-CAANF-002684,20230812,3,pyrologix,1,none,2023,0.0,0.0,-1,undetected,1,9.489961992702219e-05,0,0.0,False
GaussianBudget50M_LinearMinTime,Green_2023-CAPNF-000289,20230521,16,pyrologix,11,64-56,2023,0.0,0.0,0,drone,1,9.489961992702219e-05,4330,0.0040806836568619545,True
GaussianBudget50M_LinearMinTime,Greens_2023-CASHF-000747,20230704,16,pyrologix,1,none,2023,0.0,0.0,-1,undetected,1,9.489961992702219e-05,0,0.0,False
GaussianBudget50M_LinearMinTime,Grey_2023-CASNF-001107,20230817,19,pyrologix,12,132-67,2023,0.0,0.0,-1,undetected,1,9.489961992702219e-05,7170,0.0040806836568619545,True
GaussianBudget50M_LinearMinTime,Grizzly_2023-CAKNF-007144,20230819,18,pyrologix,7,32-33,2023,0.0,0.0,-1,undetected,1,9.489961992702219e-05,1910,0.004175583276788976,True
GaussianBudget50M_LinearMinTime,Grizzly_2023-CAPNF-000305,20230524,21,pyrologix,6,77-62,2023,0.0,0.0,0,drone,1,9.489961992702219e-05,2190,0.004365382516643021,True
GaussianBudget50M_LinearMinTime,H-10_Burney_2023-CALNF-004363,20230817,15,pyrologix,6,51-53,2023,0.0,0.0,0,drone,1,9.489961992702219e-05,2785,0.004365382516643021,True
GaussianBudget50M_LinearMinTime,H-11_Cornaz_2023-CALNF-004367,20230817,18,pyrologix,6,51-53,2023,0.0,0.0,3,drone,1,9.489961992702219e-05,3650,0.004460282136570043,True
GaussianBudget50M_LinearMinTime,H-1_Honn_2023-CALNF-004135,20230805,16,pyrologix,5,51-53,2023,0.0,0.0,0,drone,1,9.489961992702219e-05,2125,0.00389088441700791,True
GaussianBudget50M_LinearMinTime,H-1_Lava_2023-CALNF-002840,20230607,16,pyrologix,3,51-53,2023,0.0,0.0,0,drone,1,9.489961992702219e-05,1630,0.00389088441700791,True
GaussianBudget50M_LinearMinTime,H-1_Tamarack_2023-CALNF-004314,20230815,15,pyrologix,5,49-48,2023,0.0,0.0,0,drone,1,9.489961992702219e-05,1905,0.004555181756497065,True
GaussianBudget50M_LinearMinTime,H-2_Freaner_2023-CALNF-004336,20230816,17,pyrologix,11,51-53,2023,0.0,0.0,0,drone,1,9.489961992702219e-05,4400,0.004460282136570043,True
GaussianBudget50M_LinearMinTime,H-2_Moon_2023-CALNF-003251,20230626,21,pyrologix,9,51-53,2023,0.0,0.0,-1,undetected,1,9.489961992702219e-05,5885,0.004460282136570043,True
GaussianBudget50M_LinearMinTime,H-3_Bald_2023-CALNF-003252,20230626,22,pyrologix,8,51-53,2023,0.0,0.0,-1,undetected,1,9.489961992702219e-05,5495,0.004460282136570043,True
GaussianBudget50M_LinearMinTime,H-3_Huckleberry_2023-CALNF-004337,20230816,19,pyrologix,7,49-48,2023,0.0,0.0,0,drone,1,9.489961992702219e-05,2840,0.0046500813764240876,True
GaussianBudget50M_LinearMinTime,H-4_Red_Rock_2023-CALNF-004338,20230816,19,pyrologix,7,51-53,2023,0.0,0.0,0,drone,1,9.489961992702219e-05,2935,0.004460282136570043,True
GaussianBudget50M_LinearMinTime,H-6_Eiler_2023-CALNF-004341,20230816,19,pyrologix,9,49-48,2023,0.0,0.0,0,drone,1,9.489961992702219e-05,3365,0.0046500813764240876,True
GaussianBudget50M_LinearMinTime,H-7_Twin_Buttes_2023-CALNF-004342,20230816,19,pyrologix,8,49-48,2023,0.0,0.0,0,drone,1,9.489961992702219e-05,3320,0.0046500813764240876,True
GaussianBudget50M_LinearMinTime,H-8_Dutch_2023-CALNF-004343,20230816,18,pyrologix,10,49-48,2023,0.0,0.0,0,drone,1,9.489961992702219e-05,3985,0.0046500813764240876,True
GaussianBudget50M_LinearMinTime,H-9_Bunchgrass_2023-CALNF-004347,20230817,22,pyrologix,6,49-48,2023,0.0,0.0,1,drone,1,9.489961992702219e-05,2840,0.0046500813764240876,True
GaussianBudget50M_LinearMinTime,Hall_2023-CALNF-005330,20230930,20,pyrologix,3,51-53,2023,0.0,0.0,0,drone,1,9.489961992702219e-05,1365,0.00389088441700791,True
GaussianBudget50M_LinearMinTime,Hallett_2023-CAPNF-000405,20230605,15,pyrologix,11,63-64,2023,0.0,0.0,0,drone,1,9.489961992702219e-05,4120,0.004175583276788976,True
GaussianBudget50M_LinearMinTime,Hambone_2023-CASHF-000520,20230531,21,pyrologix,4,37-52,2023,0.0,0.0,0,drone,1,9.489961992702219e-05,1870,0.0046500813764240876,True
GaussianBudget50M_LinearMinTime,Hancock_2023-CASRF-001016,20230821,12,pyrologix,9,23-25,2023,0.0,0.0,5,drone,1,9.489961992702219e-05,5240,0.0046500813764240876,True
GaussianBudget50M_LinearMinTime,Harlem_2023-CAPNF-000598,20230626,8,pyrologix,6,70-57,2023,0.0,0.0,0,drone,1,9.489961992702219e-05,2550,0.0036061855572268433,True
GaussianBudget50M_LinearMinTime,Harrison_2023-CABDF-009856,20230710,23,pyrologix,4,none,2023,0.0,0.0,-1,undetected,1,9.489961992702219e-05,0,0.0,False
GaussianBudget50M_LinearMinTime,Haskins_2023-CAPNF-001029,20230817,18,pyrologix,3,70-50,2023,0.0,0.0,0,drone,1,9.489961992702219e-05,1385,0.004460282136570043,True
GaussianBudget50M_LinearMinTime,Hawkins_Bar_2023-CASRF-001153,20230914,0,pyrologix,2,39-18,2023,0.0,0.0,0,drone,1,9.489961992702219e-05,1170,0.004365382516643021,True
GaussianBudget50M_LinearMinTime,Hawley_2023-CATNF-001302,20230817,14,pyrologix,8,77-62,2023,0.0,0.0,-1,undetected,1,9.489961992702219e-05,4990,0.0046500813764240876,True
GaussianBudget50M_LinearMinTime,Haydon_2023-CASRF-000915,20230813,15,pyrologix,2,39-18,2023,0.0,0.0,0,drone,1,9.489961992702219e-05,845,0.003795984797080888,True
GaussianBudget50M_LinearMinTime,Head_2023-CAKNF-006988,20230815,21,pyrologix,4,18-33,2023,0.0,0.0,0,drone,1,9.489961992702219e-05,1925,0.004175583276788976,True
GaussianBudget50M_LinearMinTime,Heath_2023-CASHF-000576,20230612,13,pyrologix,12,42-46,2023,0.0,0.0,-1,undetected,1,9.489961992702219e-05,1440,0.0040806836568619545,True
GaussianBudget50M_LinearMinTime,Heavenly_2023-CACNF-003041,20231112,22,pyrologix,5,none,2023,0.0,0.0,-1,undetected,1,9.489961992702219e-05,0,0.0,False
GaussianBudget50M_LinearMinTime,Hebron_2023-CAKNF-004493,20230608,21,pyrologix,1,28-47,2023,0.0,0.0,0,drone,1,9.489961992702219e-05,735,0.0037010851771538656,True
GaussianBudget50M_LinearMinTime,Helm_2023-CASNF-001526,20231004,18,pyrologix,8,none,2023,0.0,0.0,-1,undetected,1,9.489961992702219e-05,0,0.0,False
GaussianBudget50M_LinearMinTime,Henness_2023-CATNF-001322,20230819,16,pyrologix,11,84-67,2023,0.0,0.0,0,drone,1,9.489961992702219e-05,4500,0.004365382516643021,True
GaussianBudget50M_LinearMinTime,Hennessy_2023-CASHF-001071,20230825,22,pyrologix,7,39-18,2023,0.0,0.0,1,drone,1,9.489961992702219e-05,3185,0.004460282136570043,True
GaussianBudget50M_LinearMinTime,Henry_2023-CAKNF-007036,20230816,20,pyrologix,7,32-33,2023,0.0,0.0,-1,undetected,1,9.489961992702219e-05,1910,0.004175583276788976,True
GaussianBudget50M_LinearMinTime,Henshaw_2023-CACNF-000773,20230417,13,pyrologix,5,230-96,2023,0.0,0.0,2,drone,1,9.489961992702219e-05,2955,0.004555181756497065,True
GaussianBudget50M_LinearMinTime,Hickey_2023-CAKNF-008080,20230917,20,pyrologix,8,32-33,2023,0.0,0.0,-1,undetected,1,9.489961992702219e-05,1910,0.004175583276788976,True
GaussianBudget50M_LinearMinTime,Hidden_2023-CACNF-001596,20230704,14,pyrologix,8,none,2023,0.0,0.0,-1,undetected,1,9.489961992702219e-05,0,0.0,False
GaussianBudget50M_LinearMinTime,Highline_2023-CAANF-233907,20231128,23,pyrologix,4,none,2023,0.0,0.0,-1,undetected,1,9.489961992702219e-05,0,0.0,False
GaussianBudget50M_LinearMinTime,Highway_2023-CAANF-001901,20230702,0,pyrologix,1,none,2023,0.0,0.0,-1,undetected,1,9.489961992702219e-05,0,0.0,False
GaussianBudget50M_LinearMinTime,Highway_2023-CAPNF-006276,20231118,22,pyrologix,12,70-71,2023,0.0,0.0,0,drone,1,9.489961992702219e-05,4470,0.004175583276788976,True
GaussianBudget50M_LinearMinTime,Highway_2023-CATNF-001295,20230816,19,pyrologix,5,83-56,2023,0.0,0.0,0,drone,1,9.489961992702219e-05,2040,0.004270482896715999,True
GaussianBudget50M_LinearMinTime,Hill_2023-CAMDF-000175,20230520,18,pyrologix,4,39-63,2023,0.0,0.0,0,drone,1,9.489961992702219e-05,1485,0.004555181756497065,True
GaussianBudget50M_LinearMinTime,Hill_2023-CAMDF-000845,20230902,15,pyrologix,11,none,2023,0.0,0.0,-1,undetected,1,9.489961992702219e-05,0,0.0,False
GaussianBudget50M_LinearMinTime,Hill_2023-CATNF-000463,20230520,14,pyrologix,3,84-67,2023,0.0,0.0,0,drone,1,9.489961992702219e-05,1285,0.004270482896715999,True
GaussianBudget50M_LinearMinTime,Hilt_2023-CAKNF-004484,20230608,16,pyrologix,1,20-40,2023,0.0,0.0,3,drone,1,9.489961992702219e-05,1525,0.004270482896715999,True
GaussianBudget50M_LinearMinTime,Hoags_2023-CAKNF-005424,20230703,0,pyrologix,12,18-33,2023,0.0,0.0,0,drone,1,9.489961992702219e-05,4765,0.004460282136570043,True
GaussianBudget50M_LinearMinTime,Hobart_2023-CATNF-000772,20230623,23,pyrologix,6,84-67,2023,0.0,0.0,0,drone,1,9.489961992702219e-05,2430,0.004270482896715999,True
GaussianBudget50M_LinearMinTime,Hobo_2023-CASQF-002441,20231127,1,pyrologix,4,172-80,2023,0.0,0.0,0,drone,1,9.489961992702219e-05,1735,0.004555181756497065,True
GaussianBudget50M_LinearMinTime,Hog_2023-CAKNF-007217,20230822,22,pyrologix,6,32-26,2023,0.0,0.0,0,drone,1,9.489961992702219e-05,2385,0.004460282136570043,True
GaussianBudget50M_LinearMinTime,Hole_2023-CAMNF-000845,20230815,2,pyrologix,4,60-19,2023,0.0,0.0,-1,undetected,1,9.489961992702219e-05,3710,0.004175583276788976,True
GaussianBudget50M_LinearMinTime,Holiday_2023-CALPF-001277,20230526,19,pyrologix,3,none,2023,0.0,0.0,-1,undetected,1,9.489961992702219e-05,0,0.0,False
GaussianBudget50M_LinearMinTime,Holiday_2023-CASHF-000145,20230210,20,pyrologix,9,none,2023,0.0,0.0,-1,undetected,1,9.489961992702219e-05,0,0.0,False
GaussianBudget50M_LinearMinTime,Holiday_2023-CASRF-000952,20230815,13,pyrologix,12,none,2023,0.0,0.0,-1,undetected,1,9.489961992702219e-05,0,0.0,False
GaussianBudget50M_LinearMinTime,Hollow_2023-CASTF-001956,20230910,16,pyrologix,12,109-64,2023,0.0,0.0,0,drone,1,9.489961992702219e-05,4560,0.0040806836568619545,True
GaussianBudget50M_LinearMinTime,Hollow_2023-CATCU-013868,20231019,11,pyrologix,4,118-57,2023,0.0,0.0,0,drone,1,9.489961992702219e-05,1655,0.004555181756497065,True
GaussianBudget50M_LinearMinTime,Honey_2023-CAPNF-000663,20230705,20,pyrologix,12,70-64,2023,0.0,0.0,1,drone,1,9.489961992702219e-05,5260,0.004460282136570043,True
GaussianBudget50M_LinearMinTime,Hopkins_2023-CAPNF-001008,20230817,19,pyrologix,12,76-55,2023,0.0,0.0,1,drone,1,9.489961992702219e-05,4910,0.004460282136570043,True
GaussianBudget50M_LinearMinTime,Horse_2023-CAKNF-008106,20230917,14,pyrologix,12,18-33,2023,0.0,0.0,1,drone,1,9.489961992702219e-05,5155,0.004460282136570043,True
GaussianBudget50M_LinearMinTime,Horse_2023-CAMNF-000385,20230530,15,pyrologix,12,60-19,2023,0.0,0.0,0,drone,1,9.489961992702219e-05,4510,0.004175583276788976,True
GaussianBudget50M_LinearMinTime,Horse_2023-CAPNF-001410,20230925,22,pyrologix,1,76-55,2023,0.0,0.0,0,drone,1,9.489961992702219e-05,515,0.0034163863173727986,True
GaussianBudget50M_LinearMinTime,Hot_2023-CAINF-001668,20230910,17,pyrologix,2,none,2023,0.0,0.0,-1,undetected,1,9.489961992702219e-05,0,0.0,False
GaussianBudget50M_LinearMinTime,Huckle_2023-CAKNF-008130,20230918,1,pyrologix,4,18-33,2023,0.0,0.0,1,drone,1,9.489961992702219e-05,2100,0.004175583276788976,True
GaussianBudget50M_LinearMinTime,Huckleberry_2023-CAENF-022291,20230814,20,pyrologix,6,none,2023,0.0,0.0,-1,undetected,1,9.489961992702219e-05,0,0.0,False
GaussianBudget50M_LinearMinTime,Hughes_2023-CALAC-208600,20230624,5,pyrologix,8,none,2023,0.0,0.0,-1,undetected,1,9.489961992702219e-05,0,0.0,False
GaussianBudget50M_LinearMinTime,Hull_2023-CASTF-001546,20230814,22,pyrologix,8,none,2023,0.0,0.0,-1,undetected,1,9.489961992702219e-05,0,0.0,False
GaussianBudget50M_LinearMinTime,Humphrey_2023-CAPNF-000982,20230816,21,pyrologix,7,64-56,2023,0.0,0.0,0,drone,1,9.489961992702219e-05,2640,0.003795984797080888,True
GaussianBudget50M_LinearMinTime,Hurdy_Gurdy_2023-CASRF-000998,20230818,12,pyrologix,12,16-26,2023,0.0,0.0,1,drone,1,9.489961992702219e-05,5440,0.004555181756497065,True
GaussianBudget50M_LinearMinTime,Hwy_166____Bull_Canyon_Rd_2023-CASLU-011614,20230728,8,pyrologix,1,none,2023,0.0,0.0,-1,undetected,1,9.489961992702219e-05,0,0.0,False
GaussianBudget50M_LinearMinTime,Hy_243____Diamond_Zen_Rd_2023-CARRU-164439,20231106,0,pyrologix,4,218-98,2023,0.0,0.0,0,drone,1,9.489961992702219e-05,1655,0.0034163863173727986,True
GaussianBudget50M_LinearMinTime,Hy_74__E__Scenic_Dr_2023-CARRU-004047,20230109,0,pyrologix,2,none,2023,0.0,0.0,-1,undetected,1,9.489961992702219e-05,0,0.0,False
GaussianBudget50M_LinearMinTime,Hyampom_2023-CASHF-000285,20230412,18,pyrologix,11,46-21,2023,0.0,0.0,0,drone,1,9.489961992702219e-05,4655,0.004555181756497065,True
GaussianBudget50M_LinearMinTime,I_15__N__Hwy_138_2023-CABDU-009650,20230715,18,pyrologix,7,206-87,2023,0.0,0.0,-1,undetected,1,9.489961992702219e-05,1525,0.004270482896715999,True
GaussianBudget50M_LinearMinTime,I_15__N__Hwy_138_2023-CABDU-012586,20230907,6,pyrologix,7,206-87,2023,0.0,0.0,-1,undetected,1,9.489961992702219e-05,1525,0.004270482896715999,True
GaussianBudget50M_LinearMinTime,I_15__S__Hwy_138_2023-CABDU-006311,20230513,21,pyrologix,11,206-87,2023,0.0,0.0,-1,undetected,1,9.489961992702219e-05,1525,0.004270482896715999,True
GaussianBudget50M_LinearMinTime,Ice_2023-CAENF-018816,20230711,15,pyrologix,9,97-61,2023,0.0,0.0,0,drone,1,9.489961992702219e-05,3420,0.0046500813764240876,True
GaussianBudget50M_LinearMinTime,Ice_House_2023-CAENF-011783,20230502,16,pyrologix,2,97-61,2023,0.0,0.0,0,drone,1,9.489961992702219e-05,935,0.0040806836568619545,True
GaussianBudget50M_LinearMinTime,Icehouse_2023-CAANF-002235,20230717,11,pyrologix,11,206-87,2023,0.0,0.0,-1,undetected,1,9.489961992702219e-05,1525,0.004270482896715999,True
GaussianBudget50M_LinearMinTime,Indian_2023-CACNF-000210,20230204,12,pyrologix,12,none,2023,0.0,0.0,-1,undetected,1,9.489961992702219e-05,0,0.0,False
GaussianBudget50M_LinearMinTime,Indian_Springs_2023-CATNF-001752,20231028,20,pyrologix,5,none,2023,0.0,0.0,-1,undetected,1,9.489961992702219e-05,0,0.0,False
GaussianBudget50M_LinearMinTime,Interface_2023-CATCU-006361,20230518,1,pyrologix,8,111-58,2023,0.0,0.0,2,drone,1,9.489961992702219e-05,3915,0.0046500813764240876,True
GaussianBudget50M_LinearMinTime,Intersection_2023-CAKNF-007000,20230816,0,pyrologix,6,23-25,2023,0.0,0.0,2,drone,1,9.489961992702219e-05,3180,0.0046500813764240876,True
GaussianBudget50M_LinearMinTime,Iron_2023-CASRF-001003,20230819,13,pyrologix,11,23-25,2023,0.0,0.0,0,drone,1,9.489961992702219e-05,4070,0.0046500813764240876,True
GaussianBudget50M_LinearMinTime,Ishi_2023-CALNF-006312,20231119,13,pyrologix,7,56-40,2023,0.0,0.0,0,drone,1,9.489961992702219e-05,2515,0.004365382516643021,True
GaussianBudget50M_LinearMinTime,Ishi_2023-CATGU-013430,20231119,13,pyrologix,7,56-40,2023,0.0,0.0,0,drone,1,9.489961992702219e-05,2515,0.004365382516643021,True
GaussianBudget50M_LinearMinTime,Island_2023-CASRF-000991,20230817,19,pyrologix,9,16-26,2023,0.0,0.0,4,drone,1,9.489961992702219e-05,5395,0.004555181756497065,True
GaussianBudget50M_LinearMinTime,Jackson_2023-CAKNF-008621,20231003,18,pyrologix,10,32-33,2023,0.0,0.0,-1,undetected,1,9.489961992702219e-05,1910,0.004175583276788976,True
GaussianBudget50M_LinearMinTime,Jackson_2023-CAPNF-000523,20230617,2,pyrologix,1,70-64,2023,0.0,0.0,2,drone,1,9.489961992702219e-05,1420,0.004270482896715999,True
GaussianBudget50M_LinearMinTime,Jade_2023-CABDF-009601,20230705,3,pyrologix,3,none,2023,0.0,0.0,-1,undetected,1,9.489961992702219e-05,0,0.0,False
GaussianBudget50M_LinearMinTime,Janes_2023-CAMDF-000177,20230522,18,pyrologix,4,none,2023,0.0,0.0,-1,undetected,1,9.489961992702219e-05,0,0.0,False
GaussianBudget50M_LinearMinTime,Japatul_2023-CACNF-000744,20230415,15,pyrologix,11,none,2023,0.0,0.0,-1,undetected,1,9.489961992702219e-05,0,0.0,False
GaussianBudget50M_LinearMinTime,Japatul_2_2023-CACNF-000745,20230415,17,pyrologix,8,none,2023,0.0,0.0,-1,undetected,1,9.489961992702219e-05,0,0.0,False
GaussianBudget50M_LinearMinTime,Jaw_2023-CASTF-000895,20230616,22,pyrologix,5,118-64,2023,0.0,0.0,1,drone,1,9.489961992702219e-05,2210,0.004555181756497065,True
GaussianBudget50M_LinearMinTime,Jedediah_2023-CASRF-001058,20230825,18,pyrologix,2,16-26,2023,0.0,0.0,3,drone,1,9.489961992702219e-05,2415,0.004555181756497065,True
GaussianBudget50M_LinearMinTime,Jess_2023-CAMDF-000181,20230524,20,pyrologix,3,none,2023,0.0,0.0,-1,undetected,1,9.489961992702219e-05,0,0.0,False
GaussianBudget50M_LinearMinTime,Juergens_2023-CACNF-002409,20230831,17,pyrologix,1,none,2023,0.0,0.0,-1,undetected,1,9.489961992702219e-05,0,0.0,False
GaussianBudget50M_LinearMinTime,Juniper_2023-CASTF-001948,20230910,15,pyrologix,6,none,2023,0.0,0.0,-1,undetected,1,9.489961992702219e-05,0,0.0,False
GaussianBudget50M_LinearMinTime,Jupiter_2023-CASTF-000394,20230414,16,pyrologix,10,111-58,2023,0.0,0.0,0,drone,1,9.489961992702219e-05,3705,0.0046500813764240876,True
GaussianBudget50M_LinearMinTime,Jupiters_2023-CASTF-001133,20230706,9,pyrologix,8,111-58,2023,0.0,0.0,0,drone,1,9.489961992702219e-05,2940,0.0046500813764240876,True
GaussianBudget50M_LinearMinTime,Kaiser_2023-CASNF-001715,20231203,22,pyrologix,2,none,2023,0.0,0.0,-1,undetected,1,9.489961992702219e-05,0,0.0,False
GaussianBudget50M_LinearMinTime,Kane_2023-CAMMU-020138,20230909,13,pyrologix,4,132-67,2023,0.0,0.0,0,drone,1,9.489961992702219e-05,1650,0.0040806836568619545,True
GaussianBudget50M_LinearMinTime,Keddie_2023-CAPNF-000274,20230519,23,pyrologix,8,70-57,2023,0.0,0.0,0,drone,1,9.489961992702219e-05,3290,0.0036061855572268433,True
GaussianBudget50M_LinearMinTime,Kelly_2023-CASHF-001205,20230919,1,pyrologix,5,46-28,2023,0.0,0.0,0,drone,1,9.489961992702219e-05,2245,0.004365382516643021,True
GaussianBudget50M_LinearMinTime,Kelly_2023-CASRF-000939,20230815,10,pyrologix,8,none,2023,0.0,0.0,-1,undetected,1,9.489961992702219e-05,0,0.0,False
GaussianBudget50M_LinearMinTime,Keltz_2023-CASTF-001915,20230909,20,pyrologix,5,111-58,2023,0.0,0.0,0,drone,1,9.489961992702219e-05,2135,0.0046500813764240876,True
GaussianBudget50M_LinearMinTime,Kennedy_2023-CASQF-002149,20231001,12,pyrologix,10,none,2023,0.0,0.0,-1,undetected,1,9.489961992702219e-05,0,0.0,False
GaussianBudget50M_LinearMinTime,Kennedy_2023-CASTF-001780,20230830,13,pyrologix,7,none,2023,0.0,0.0,-1,undetected,1,9.489961992702219e-05,0,0.0,False
GaussianBudget50M_LinearMinTime,Kennedys_2023-CASTF-001947,20230910,18,pyrologix,1,none,2023,0.0,0.0,-1,undetected,1,9.489961992702219e-05,0,0.0,False
GaussianBudget50M_LinearMinTime,Kentucky_2023-CAENF-014019,20230526,19,pyrologix,4,90-54,2023,0.0,0.0,0,drone,1,9.489961992702219e-05,1665,0.0034163863173727986,True
GaussianBudget50M_LinearMinTime,Kerns_2023-CASTF-001934,20230910,12,pyrologix,6,109-64,2023,0.0,0.0,0,drone,1,9.489961992702219e-05,2265,0.0040806836568619545,True
GaussianBudget50M_LinearMinTime,Kilgore_2023-CAMNF-001227,20230918,15,pyrologix,7,67-23,2023,0.0,0.0,0,drone,1,9.489961992702219e-05,2775,0.0046500813764240876,True
GaussianBudget50M_LinearMinTime,King_2023-CASNF-001561,20231014,18,pyrologix,4,139-70,2023,0.0,0.0,5,drone,1,9.489961992702219e-05,3375,0.004555181756497065,True
GaussianBudget50M_LinearMinTime,Kings_2023-CAKNF-007503,20230830,12,pyrologix,11,none,2023,0.0,0.0,-1,undetected,1,9.489961992702219e-05,0,0.0,False
GaussianBudget50M_LinearMinTime,Kitchen_2023-CASTF-001594,20230816,16,pyrologix,6,109-64,2023,0.0,0.0,0,drone,1,9.489961992702219e-05,2470,0.0040806836568619545,True
GaussianBudget50M_LinearMinTime,Knight_2023-CASTF-001330,20230729,7,pyrologix,5,111-58,2023,0.0,0.0,0,drone,1,9.489961992702219e-05,1880,0.004460282136570043,True
GaussianBudget50M_LinearMinTime,Knoll_2023-CAINF-001125,20230725,0,pyrologix,1,none,2023,0.0,0.0,-1,undetected,1,9.489961992702219e-05,0,0.0,False
GaussianBudget50M_LinearMinTime,Knownothing_2023-CAKNF-008148,20230918,15,pyrologix,10,32-26,2023,0.0,0.0,0,drone,1,9.489961992702219e-05,3860,0.0046500813764240876,True
GaussianBudget50M_LinearMinTime,Kuntz_2023-CAKNF-005080,20230625,4,pyrologix,2,18-33,2023,0.0,0.0,0,drone,1,9.489961992702219e-05,1055,0.003795984797080888,True
GaussianBudget50M_LinearMinTime,Kyburz_2023-CAAEU-025635,20230917,22,pyrologix,11,97-61,2023,0.0,0.0,0,drone,1,9.489961992702219e-05,3980,0.0046500813764240876,True
GaussianBudget50M_LinearMinTime,L-1_Branch_Fish_2023-CALNF-004323,20230815,19,pyrologix,8,63-49,2023,0.0,0.0,0,drone,1,9.489961992702219e-05,3300,0.0046500813764240876,True
GaussianBudget50M_LinearMinTime,L-1_Pear_2023-CALNF-002954,20230613,18,pyrologix,3,56-47,2023,0.0,0.0,0,drone,1,9.489961992702219e-05,1425,0.004555181756497065,True
GaussianBudget50M_LinearMinTime,L-2_2023-CALNF-004359,20230817,16,pyrologix,2,56-47,2023,0.0,0.0,0,drone,1,9.489961992702219e-05,1020,0.004555181756497065,True
GaussianBudget50M_LinearMinTime,L-_3_2023-CALNF-004362,20230817,17,pyrologix,2,56-47,2023,0.0,0.0,0,drone,1,9.489961992702219e-05,925,0.004365382516643021,True
GaussianBudget50M_LinearMinTime,Lac-184211_2023-CALAC-184211,20230603,18,pyrologix,10,206-87,2023,0.0,0.0,-1,undetected,1,9.489961992702219e-05,1525,0.004270482896715999,True
GaussianBudget50M_LinearMinTime,Lac-248756_2023-CALAC-248756,20230725,17,pyrologix,10,206-87,2023,0.0,0.0,-1,undetected,1,9.489961992702219e-05,1525,0.004270482896715999,True
GaussianBudget50M_LinearMinTime,Lac-265965_2023-CALAC-265965,20230807,17,pyrologix,8,none,2023,0.0,0.0,-1,undetected,1,9.489961992702219e-05,0,0.0,False
GaussianBudget50M_LinearMinTime,Lac-270836_2023-CALAC-270836,20230811,15,pyrologix,9,none,2023,0.0,0.0,-1,undetected,1,9.489961992702219e-05,0,0.0,False
GaussianBudget50M_LinearMinTime,Lac-281560_2023-CALAC-281560,20230819,18,pyrologix,8,none,2023,0.0,0.0,-1,undetected,1,9.489961992702219e-05,0,0.0,False
GaussianBudget50M_LinearMinTime,Lac-291928_2023-CALAC-291928,20230827,11,pyrologix,10,none,2023,0.0,0.0,-1,undetected,1,9.489961992702219e-05,0,0.0,False
GaussianBudget50M_LinearMinTime,Lac-308780_2023-CALAC-308780,20230909,12,pyrologix,8,none,2023,0.0,0.0,-1,undetected,1,9.489961992702219e-05,0,0.0,False
GaussianBudget50M_LinearMinTime,Lac-311937_2023-CALAC-311937,20230911,21,pyrologix,2,none,2023,0.0,0.0,-1,undetected,1,9.489961992702219e-05,0,0.0,False
GaussianBudget50M_LinearMinTime,Lac-358687_2023-CALAC-358687,20231019,13,pyrologix,11,none,2023,0.0,0.0,-1,undetected,1,9.489961992702219e-05,0,0.0,False
GaussianBudget50M_LinearMinTime,Laco-_Fred_2023-CAANF-002523,20230802,16,pyrologix,9,none,2023,0.0,0.0,-1,undetected,1,9.489961992702219e-05,0,0.0,False
GaussianBudget50M_LinearMinTime,Lago_2023-CAANF-002338,20230723,6,pyrologix,2,none,2023,0.0,0.0,-1,undetected,1,9.489961992702219e-05,0,0.0,False
GaussianBudget50M_LinearMinTime,Lago_2023-CALAC-198338,20230615,18,pyrologix,8,none,2023,0.0,0.0,-1,undetected,1,9.489961992702219e-05,0,0.0,False
GaussianBudget50M_LinearMinTime,Lago_2023-CALAC-245622,20230723,2,pyrologix,11,none,2023,0.0,0.0,-1,undetected,1,9.489961992702219e-05,0,0.0,False
GaussianBudget50M_LinearMinTime,Lago_Ic_2023-CALAC-197807,20230615,11,pyrologix,2,none,2023,0.0,0.0,-1,undetected,1,9.489961992702219e-05,0,0.0,False
GaussianBudget50M_LinearMinTime,Lake_2023-CAANF-234133,20231222,14,pyrologix,6,206-87,2023,0.0,0.0,-1,undetected,1,9.489961992702219e-05,1525,0.004270482896715999,True
GaussianBudget50M_LinearMinTime,Lake_2023-CAKNF-006975,20230815,18,pyrologix,4,25-33,2023,0.0,0.0,-1,undetected,1,9.489961992702219e-05,650,0.002941888217737688,True
GaussianBudget50M_LinearMinTime,Lake_2023-CALPF-003332,20231204,11,pyrologix,1,none,2023,0.0,0.0,-1,undetected,1,9.489961992702219e-05,0,0.0,False
GaussianBudget50M_LinearMinTime,Lake_2023-CAMDF-000899,20230912,18,pyrologix,2,none,2023,0.0,0.0,-1,undetected,1,9.489961992702219e-05,0,0.0,False
GaussianBudget50M_LinearMinTime,Lake_2023-CASHF-000616,20230618,1,pyrologix,10,41-39,2023,0.0,0.0,3,drone,1,9.489961992702219e-05,4830,0.0046500813764240876,True
GaussianBudget50M_LinearMinTime,Lake_2023-CASTF-001343,20230730,15,pyrologix,12,109-64,2023,0.0,0.0,-1,undetected,1,9.489961992702219e-05,6575,0.0040806836568619545,True
GaussianBudget50M_LinearMinTime,Lamoine_2023-CASHF-000563,20230609,23,pyrologix,10,41-39,2023,0.0,0.0,0,drone,1,9.489961992702219e-05,3740,0.004365382516643021,True
GaussianBudget50M_LinearMinTime,Landing_2023-CACNF-003033,20231111,12,pyrologix,11,none,2023,0.0,0.0,-1,undetected,1,9.489961992702219e-05,0,0.0,False
GaussianBudget50M_LinearMinTime,Lane_2023-CASQF-001107,20230704,23,pyrologix,10,172-74,2023,0.0,0.0,-1,undetected,1,9.489961992702219e-05,845,0.003795984797080888,True
GaussianBudget50M_LinearMinTime,Larch_2023-CALNF-002947,20230613,15,pyrologix,4,51-53,2023,0.0,0.0,0,drone,1,9.489961992702219e-05,1755,0.00389088441700791,True
GaussianBudget50M_LinearMinTime,Lassen_2023-CAMDF-000291,20230627,13,pyrologix,12,none,2023,0.0,0.0,-1,undetected,1,9.489961992702219e-05,0,0.0,False
GaussianBudget50M_LinearMinTime,Lawson_2023-CACNF-003252,20231217,22,pyrologix,4,none,2023,0.0,0.0,-1,undetected,1,9.489961992702219e-05,0,0.0,False
GaussianBudget50M_LinearMinTime,Leaf_2023-CATMU-014379,20230530,15,pyrologix,7,none,2023,0.0,0.0,-1,undetected,1,9.489961992702219e-05,0,0.0,False
GaussianBudget50M_LinearMinTime,Leary_2023-CASRF-000487,20230606,11,pyrologix,10,32-19,2023,0.0,0.0,0,drone,1,9.489961992702219e-05,4245,0.0046500813764240876,True
GaussianBudget50M_LinearMinTime,Let_Er-Buck_2023-CASRF-000984,20230817,21,pyrologix,8,23-25,2023,0.0,0.0,1,drone,1,9.489961992702219e-05,3615,0.0046500813764240876,True
GaussianBudget50M_LinearMinTime,Lewis_2023-CASTF-001937,20230910,11,pyrologix,11,118-64,2023,0.0,0.0,3,drone,1,9.489961992702219e-05,5045,0.004555181756497065,True
GaussianBudget50M_LinearMinTime,Light_2023-CAAEU-011735,20230501,18,pyrologix,5,97-54,2023,0.0,0.0,0,drone,1,9.489961992702219e-05,1925,0.004555181756497065,True
GaussianBudget50M_LinearMinTime,Light_2023-CATCU-007305,20230606,20,pyrologix,4,111-58,2023,0.0,0.0,1,drone,1,9.489961992702219e-05,1880,0.004460282136570043,True
GaussianBudget50M_LinearMinTime,Lily_2023-CASTF-001559,20230814,17,pyrologix,2,none,2023,0.0,0.0,-1,undetected,1,9.489961992702219e-05,0,0.0,False
GaussianBudget50M_LinearMinTime,Lime_2023-CAKNF-005141,20230626,13,pyrologix,12,18-33,2023,0.0,0.0,1,drone,1,9.489961992702219e-05,5095,0.004460282136570043,True
GaussianBudget50M_LinearMinTime,Lime_2023-CASHF-000503,20230529,17,pyrologix,3,39-25,2023,0.0,0.0,0,drone,1,9.489961992702219e-05,1515,0.00389088441700791,True
GaussianBudget50M_LinearMinTime,Line_2023-CASNF-001097,20230816,20,pyrologix,11,none,2023,0.0,0.0,-1,undetected,1,9.489961992702219e-05,0,0.0,False
GaussianBudget50M_LinearMinTime,Little_2023-CAKNF-005465,20230704,20,pyrologix,9,none,2023,0.0,0.0,-1,undetected,1,9.489961992702219e-05,0,0.0,False
GaussianBudget50M_LinearMinTime,Little_2023-CASQF-001707,20230817,15,pyrologix,5,none,2023,0.0,0.0,-1,undetected,1,9.489961992702219e-05,0,0.0,False
GaussianBudget50M_LinearMinTime,Little_2023-CATNF-000567,20230602,15,pyrologix,5,90-60,2023,0.0,0.0,0,drone,1,9.489961992702219e-05,2135,0.004365382516643021,True
GaussianBudget50M_LinearMinTime,Lloyd_2023-CASQF-002068,20230921,17,pyrologix,8,165-77,2023,0.0,0.0,0,drone,1,9.489961992702219e-05,2790,0.004460282136570043,True
GaussianBudget50M_LinearMinTime,Log_Springs_2023-CAMNF-000705,20230731,14,pyrologix,9,67-23,2023,0.0,0.0,2,drone,1,9.489961992702219e-05,4215,0.0046500813764240876,True
GaussianBudget50M_LinearMinTime,Logan_2023-CAMDF-000568,20230818,22,pyrologix,10,none,2023,0.0,0.0,-1,undetected,1,9.489961992702219e-05,0,0.0,False
GaussianBudget50M_LinearMinTime,Logger_2023-CATNF-000608,20230605,22,pyrologix,6,84-67,2023,0.0,0.0,0,drone,1,9.489961992702219e-05,2570,0.004270482896715999,True
GaussianBudget50M_LinearMinTime,Lone_2023-CABDF-009173,20230627,17,pyrologix,12,206-87,2023,0.0,0.0,-1,undetected,1,9.489961992702219e-05,1525,0.004270482896715999,True
GaussianBudget50M_LinearMinTime,Lone_Pine_2023-CASRF-000931,20230815,3,pyrologix,8,32-19,2023,0.0,0.0,0,drone,1,9.489961992702219e-05,3410,0.004555181756497065,True
GaussianBudget50M_LinearMinTime,Long_2023-CAENF-025043,20230910,22,pyrologix,2,90-60,2023,0.0,0.0,0,drone,1,9.489961992702219e-05,940,0.003985784036934932,True
GaussianBudget50M_LinearMinTime,Long_2023-CASKU-006965,20230815,17,pyrologix,3,37-52,2023,0.0,0.0,0,drone,1,9.489961992702219e-05,1390,0.004555181756497065,True
GaussianBudget50M_LinearMinTime,Loon_2023-CAENF-024211,20230902,10,pyrologix,8,90-60,2023,0.0,0.0,-1,undetected,1,9.489961992702219e-05,5860,0.004460282136570043,True
GaussianBudget50M_LinearMinTime,Loop_2023-CAPNF-001011,20230817,22,pyrologix,7,70-57,2023,0.0,0.0,0,drone,1,9.489961992702219e-05,3100,0.0036061855572268433,True
GaussianBudget50M_LinearMinTime,Loop_2023-CASRF-000442,20230528,19,pyrologix,9,39-18,2023,0.0,0.0,0,drone,1,9.489961992702219e-05,3490,0.004460282136570043,True
GaussianBudget50M_LinearMinTime,Lopez_2023-CAANF-002663,20230811,20,pyrologix,9,none,2023,0.0,0.0,-1,undetected,1,9.489961992702219e-05,0,0.0,False
GaussianBudget50M_LinearMinTime,Lost_2023-CAKNF-006299,20230727,21,pyrologix,12,none,2023,0.0,0.0,-1,undetected,1,9.489961992702219e-05,0,0.0,False
GaussianBudget50M_LinearMinTime,Lost_2023-CALNF-002718,20230602,2,pyrologix,10,51-53,2023,0.0,0.0,0,drone,1,9.489961992702219e-05,3970,0.004460282136570043,True
GaussianBudget50M_LinearMinTime,Lower_2023-CASHF-000434,20230515,19,pyrologix,8,46-21,2023,0.0,0.0,0,drone,1,9.489961992702219e-05,3420,0.004555181756497065,True
GaussianBudget50M_LinearMinTime,Lower_2023-CASRF-000951,20230815,15,pyrologix,6,none,2023,0.0,0.0,-1,undetected,1,9.489961992702219e-05,0,0.0,False
GaussianBudget50M_LinearMinTime,Lucky_2023-CASQF-001260,20230716,21,pyrologix,1,165-77,2023,0.0,0.0,0,drone,1,9.489961992702219e-05,590,0.003226587077518755,True
GaussianBudget50M_LinearMinTime,Lundy_2023-CAINF-001327,20230813,19,pyrologix,4,none,2023,0.0,0.0,-1,undetected,1,9.489961992702219e-05,0,0.0,False
GaussianBudget50M_LinearMinTime,Lupine_2023-CAANF-233080,20230908,19,pyrologix,6,206-87,2023,0.0,0.0,-1,undetected,1,9.489961992702219e-05,1525,0.004270482896715999,True
GaussianBudget50M_LinearMinTime,Luther_2023-CATMU-018015,20230704,13,pyrologix,11,102-70,2023,0.0,0.0,0,drone,1,9.489961992702219e-05,4440,0.0037010851771538656,True
GaussianBudget50M_LinearMinTime,Lyon_2023-CASTF-001968,20230911,12,pyrologix,8,111-58,2023,0.0,0.0,0,drone,1,9.489961992702219e-05,2995,0.0046500813764240876,True
GaussianBudget50M_LinearMinTime,Lytle_2023-CABDF-007484,20230521,15,pyrologix,4,206-87,2023,0.0,0.0,-1,undetected,1,9.489961992702219e-05,1525,0.004270482896715999,True
GaussianBudget50M_LinearMinTime,Mabie_2023-CAPNF-000641,20230702,19,pyrologix,10,77-62,2023,0.0,0.0,1,drone,1,9.489961992702219e-05,4330,0.0046500813764240876,True
GaussianBudget50M_LinearMinTime,Maggie_2023-CASQF-001689,20230816,11,pyrologix,8,none,2023,0.0,0.0,-1,undetected,1,9.489961992702219e-05,0,0.0,False
GaussianBudget50M_LinearMinTime,Maidens_2023-CAENF-018974,20230712,15,pyrologix,12,none,2023,0.0,0.0,-1,undetected,1,9.489961992702219e-05,0,0.0,False
GaussianBudget50M_LinearMinTime,Malone_2023-CAKNF-006982,20230815,19,pyrologix,5,23-25,2023,0.0,0.0,0,drone,1,9.489961992702219e-05,1920,0.004175583276788976,True
GaussianBudget50M_LinearMinTime,Mammoth_2023-CAINF-000699,20230611,21,pyrologix,2,none,2023,0.0,0.0,-1,undetected,1,9.489961992702219e-05,0,0.0,False
GaussianBudget50M_LinearMinTime,Mapes_2023-CAPNF-001376,20230919,20,pyrologix,10,77-62,2023,0.0,0.0,0,drone,1,9.489961992702219e-05,3860,0.0046500813764240876,True
GaussianBudget50M_LinearMinTime,Maple_2023-CAKNF-007045,20230817,22,pyrologix,11,18-33,2023,0.0,0.0,0,drone,1,9.489961992702219e-05,4615,0.004460282136570043,True
GaussianBudget50M_LinearMinTime,Maple_2023-CAORC-051391,20230416,11,pyrologix,4,none,2023,0.0,0.0,-1,undetected,1,9.489961992702219e-05,0,0.0,False
GaussianBudget50M_LinearMinTime,Marble_2023-CAKNF-005350,20230701,12,pyrologix,12,none,2023,0.0,0.0,-1,undetected,1,9.489961992702219e-05,0,0.0,False
GaussianBudget50M_LinearMinTime,Marigold_2023-CASRF-000448,20230529,20,pyrologix,5,39-18,2023,0.0,0.0,0,drone,1,9.489961992702219e-05,2070,0.004365382516643021,True
GaussianBudget50M_LinearMinTime,Mariposa_2023-CABDF-009985,20230712,16,pyrologix,7,none,2023,0.0,0.0,-1,undetected,1,9.489961992702219e-05,0,0.0,False
GaussianBudget50M_LinearMinTime,Marlow_2023-CASRF-000962,20230815,20,pyrologix,3,25-20,2023,0.0,0.0,2,drone,1,9.489961992702219e-05,2065,0.004460282136570043,True
GaussianBudget50M_LinearMinTime,Mather_2023-CASTF-001309,20230726,15,pyrologix,7,118-64,2023,0.0,0.0,0,drone,1,9.489961992702219e-05,2820,0.004555181756497065,True
GaussianBudget50M_LinearMinTime,May_Valley_Truck_Trl___Saunders_Meadow_Rd_2023-CARRU-109884,20230727,20,pyrologix,6,225-101,2023,0.0,0.0,3,drone,1,9.489961992702219e-05,3380,0.004555181756497065,True
GaussianBudget50M_LinearMinTime,Mcadams_2023-CASKU-005077,20230625,1,pyrologix,7,20-40,2023,0.0,0.0,0,drone,1,9.489961992702219e-05,2555,0.004365382516643021,True
GaussianBudget50M_LinearMinTime,Mccardle_2023-CASHF-001286,20231019,15,pyrologix,5,41-39,2023,0.0,0.0,0,drone,1,9.489961992702219e-05,2050,0.004175583276788976,True
GaussianBudget50M_LinearMinTime,Mccarthy_2023-CAKNF-007323,20230825,3,pyrologix,8,25-33,2023,0.0,0.0,-1,undetected,1,9.489961992702219e-05,650,0.002941888217737688,True
GaussianBudget50M_LinearMinTime,Meadow_2023-CAKNF-008108,20230917,14,pyrologix,12,25-33,2023,0.0,0.0,-1,undetected,1,9.489961992702219e-05,650,0.002941888217737688,True
GaussianBudget50M_LinearMinTime,Meadow_2023-CASQF-000722,20230530,20,pyrologix,9,172-80,2023,0.0,0.0,0,drone,1,9.489961992702219e-05,3335,0.0046500813764240876,True
GaussianBudget50M_LinearMinTime,Meadow_2023-CASTF-001992,20230913,19,pyrologix,1,none,2023,0.0,0.0,-1,undetected,1,9.489961992702219e-05,0,0.0,False
GaussianBudget50M_LinearMinTime,Meadow_2023-CATNF-001277,20230815,22,pyrologix,8,none,2023,0.0,0.0,-1,undetected,1,9.489961992702219e-05,0,0.0,False
GaussianBudget50M_LinearMinTime,Medicine_2023-CASHF-000507,20230530,12,pyrologix,12,37-52,2023,0.0,0.0,3,drone,1,9.489961992702219e-05,5580,0.0046500813764240876,True
GaussianBudget50M_LinearMinTime,Merrill_2023-CASRF-001060,20230825,16,pyrologix,6,23-25,2023,0.0,0.0,0,drone,1,9.489961992702219e-05,2300,0.004270482896715999,True
GaussianBudget50M_LinearMinTime,Mesa_2023-CAANF-002456,20230729,20,pyrologix,2,none,2023,0.0,0.0,-1,undetected,1,9.489961992702219e-05,0,0.0,False
GaussianBudget50M_LinearMinTime,Mescal_2023-CAANF-000005,20230603,20,pyrologix,5,206-87,2023,0.0,0.0,-1,undetected,1,9.489961992702219e-05,1525,0.004270482896715999,True
GaussianBudget50M_LinearMinTime,Miami_2023-CASNF-000751,20230708,18,pyrologix,8,132-67,2023,0.0,0.0,0,drone,1,9.489961992702219e-05,3325,0.0040806836568619545,True
GaussianBudget50M_LinearMinTime,Middle_2023-CAENF-022871,20230820,5,pyrologix,2,104-58,2023,0.0,0.0,4,drone,1,9.489961992702219e-05,2295,0.004555181756497065,True
GaussianBudget50M_LinearMinTime,Middle_2023-CAKNF-003614,20230511,21,pyrologix,3,18-33,2023,0.0,0.0,0,drone,1,9.489961992702219e-05,1330,0.004175583276788976,True
GaussianBudget50M_LinearMinTime,Middle_2023-CAKNF-005149,20230626,18,pyrologix,5,25-33,2023,0.0,0.0,0,drone,1,9.489961992702219e-05,650,0.002941888217737688,True
GaussianBudget50M_LinearMinTime,Mill_2023-CAMDF-000557,20230817,19,pyrologix,8,none,2023,0.0,0.0,-1,undetected,1,9.489961992702219e-05,0,0.0,False
GaussianBudget50M_LinearMinTime,Mill_2023-CATNF-000346,20230428,23,pyrologix,5,83-56,2023,0.0,0.0,-1,undetected,1,9.489961992702219e-05,3925,0.004365382516643021,True
GaussianBudget50M_LinearMinTime,Millard_2023-CAANF-002424,20230728,22,pyrologix,5,none,2023,0.0,0.0,-1,undetected,1,9.489961992702219e-05,0,0.0,False
GaussianBudget50M_LinearMinTime,Minaret_2023-CAINF-001323,20230813,18,pyrologix,4,none,2023,0.0,0.0,-1,undetected,1,9.489961992702219e-05,0,0.0,False
GaussianBudget50M_LinearMinTime,Mine_2023-CASNF-001080,20230814,19,pyrologix,12,131-73,2023,0.0,0.0,0,drone,1,9.489961992702219e-05,4865,0.004555181756497065,True
GaussianBudget50M_LinearMinTime,Miracle_2023-CASQF-002238,20231016,12,pyrologix,12,172-80,2023,0.0,0.0,1,drone,1,9.489961992702219e-05,4810,0.0046500813764240876,True
GaussianBudget50M_LinearMinTime,Mm_11_2023-CASRF-001112,20230905,13,pyrologix,9,none,2023,0.0,0.0,-1,undetected,1,9.489961992702219e-05,0,0.0,False
GaussianBudget50M_LinearMinTime,Modjeska_2023-CACNF-001650,20230708,5,pyrologix,3,none,2023,0.0,0.0,-1,undetected,1,9.489961992702219e-05,0,0.0,False
GaussianBudget50M_LinearMinTime,Mohawk_2023-CAPNF-001356,20230916,22,pyrologix,3,77-62,2023,0.0,0.0,1,drone,1,9.489961992702219e-05,1540,0.004365382516643021,True
GaussianBudget50M_LinearMinTime,Money_2023-CATNF-000631,20230607,17,pyrologix,10,77-62,2023,0.0,0.0,0,drone,1,9.489961992702219e-05,3860,0.0046500813764240876,True
GaussianBudget50M_LinearMinTime,Monte_2023-CASRF-000486,20230606,1,pyrologix,5,none,2023,0.0,0.0,-1,undetected,1,9.489961992702219e-05,0,0.0,False
GaussianBudget50M_LinearMinTime,Monument_2023-CASRF-001061,20230825,16,pyrologix,7,23-25,2023,0.0,0.0,0,drone,1,9.489961992702219e-05,2615,0.004365382516643021,True
GaussianBudget50M_LinearMinTime,Moon_2023-CABDF-013605,20231020,15,pyrologix,7,none,2023,0.0,0.0,-1,undetected,1,9.489961992702219e-05,0,0.0,False
GaussianBudget50M_LinearMinTime,Moon_2023-CALPF-002846,20231008,22,pyrologix,6,none,2023,0.0,0.0,-1,undetected,1,9.489961992702219e-05,0,0.0,False
GaussianBudget50M_LinearMinTime,Moonshine_2023-CATNF-001344,20230822,12,pyrologix,9,83-49,2023,0.0,0.0,0,drone,1,9.489961992702219e-05,3490,0.004555181756497065,True
GaussianBudget50M_LinearMinTime,Mormon_2023-CAAEU-030167,20231102,8,pyrologix,10,97-54,2023,0.0,0.0,0,drone,1,9.489961992702219e-05,3840,0.0046500813764240876,True
GaussianBudget50M_LinearMinTime,Morris_2023-CARRU-108804,20230725,19,pyrologix,7,225-101,2023,0.0,0.0,0,drone,1,9.489961992702219e-05,2580,0.004555181756497065,True
GaussianBudget50M_LinearMinTime,Morris_2023-CASHF-000693,20230628,23,pyrologix,9,39-32,2023,0.0,0.0,1,drone,1,9.489961992702219e-05,3860,0.004460282136570043,True
GaussianBudget50M_LinearMinTime,Mosquito_2023-CASRF-000954,20230815,15,pyrologix,8,25-20,2023,0.0,0.0,0,drone,1,9.489961992702219e-05,3210,0.0046500813764240876,True
GaussianBudget50M_LinearMinTime,Motel_2023-CASRF-000534,20230614,21,pyrologix,4,39-18,2023,0.0,0.0,0,drone,1,9.489961992702219e-05,1615,0.004365382516643021,True
GaussianBudget50M_LinearMinTime,Mowery_2023-CASQF-001709,20230817,14,pyrologix,8,none,2023,0.0,0.0,-1,undetected,1,9.489961992702219e-05,0,0.0,False
GaussianBudget50M_LinearMinTime,Mowitz_2023-CAMDF-000195,20230528,20,pyrologix,11,none,2023,0.0,0.0,-1,undetected,1,9.489961992702219e-05,0,0.0,False
GaussianBudget50M_LinearMinTime,Mud_2023-CASKU-005511,20230705,1,pyrologix,3,35-47,2023,0.0,0.0,0,drone,1,9.489961992702219e-05,1220,0.004175583276788976,True
GaussianBudget50M_LinearMinTime,Muddy_2023-CASHF-000533,20230604,20,pyrologix,9,42-46,2023,0.0,0.0,-1,undetected,1,9.489961992702219e-05,1440,0.0040806836568619545,True
GaussianBudget50M_LinearMinTime,Mule_2023-CAKNF-005906,20230714,14,pyrologix,9,32-26,2023,0.0,0.0,0,drone,1,9.489961992702219e-05,3600,0.004555181756497065,True
GaussianBudget50M_LinearMinTime,Mule_2023-CASHF-000721,20230702,10,pyrologix,4,39-32,2023,0.0,0.0,0,drone,1,9.489961992702219e-05,1605,0.004365382516643021,True
GaussianBudget50M_LinearMinTime,Mule_2023-CASNF-000526,20230612,10,pyrologix,12,none,2023,0.0,0.0,-1,undetected,1,9.489961992702219e-05,0,0.0,False
GaussianBudget50M_LinearMinTime,Mule_2023-CASRF-001102,20230902,17,pyrologix,11,53-19,2023,0.0,0.0,0,drone,1,9.489961992702219e-05,4325,0.004555181756497065,True
GaussianBudget50M_LinearMinTime,Murken_2023-CALNF-002618,20230528,14,pyrologix,3,51-53,2023,0.0,0.0,2,drone,1,9.489961992702219e-05,2400,0.0040806836568619545,True
GaussianBudget50M_LinearMinTime,Nelder_2023-CASNF-000606,20230625,22,pyrologix,1,132-67,2023,0.0,0.0,0,drone,1,9.489961992702219e-05,485,0.002941888217737688,True
GaussianBudget50M_LinearMinTime,Nelson_2023-CASHU-009073,20230818,2,pyrologix,1,46-28,2023,0.0,0.0,0,drone,1,9.489961992702219e-05,665,0.003795984797080888,True
GaussianBudget50M_LinearMinTime,Niagra_2023-CASTF-001580,20230815,20,pyrologix,6,109-64,2023,0.0,0.0,-1,undetected,1,9.489961992702219e-05,4400,0.0040806836568619545,True
GaussianBudget50M_LinearMinTime,No_Bluff_2023-CASRF-001080,20230829,8,pyrologix,1,32-19,2023,0.0,0.0,0,drone,1,9.489961992702219e-05,695,0.0036061855572268433,True
GaussianBudget50M_LinearMinTime,Nob_2023-CABDF-006515,20230426,15,pyrologix,5,206-87,2023,0.0,0.0,-1,undetected,1,9.489961992702219e-05,1525,0.004270482896715999,True
GaussianBudget50M_LinearMinTime,North_2023-CAENF-020219,20230724,16,pyrologix,12,97-61,2023,0.0,0.0,0,drone,1,9.489961992702219e-05,4300,0.0046500813764240876,True
GaussianBudget50M_LinearMinTime,North_2023-CAPNF-000241,20230511,22,pyrologix,2,64-56,2023,0.0,0.0,2,drone,1,9.489961992702219e-05,1830,0.0037010851771538656,True
GaussianBudget50M_LinearMinTime,North_2023-CASQF-000844,20230613,15,pyrologix,2,164-82,2023,0.0,0.0,0,drone,1,9.489961992702219e-05,1130,0.003985784036934932,True
GaussianBudget50M_LinearMinTime,North_2023-CASTF-001273,20230721,19,pyrologix,12,109-64,2023,0.0,0.0,-1,undetected,1,9.489961992702219e-05,6575,0.0040806836568619545,True
GaussianBudget50M_LinearMinTime,Oak_2023-CAANF-233764,20231113,0,pyrologix,6,none,2023,0.0,0.0,-1,undetected,1,9.489961992702219e-05,0,0.0,False
GaussianBudget50M_LinearMinTime,Oak_2023-CALAC-388954,20231113,2,pyrologix,3,none,2023,0.0,0.0,-1,undetected,1,9.489961992702219e-05,0,0.0,False
GaussianBudget50M_LinearMinTime,Oak_2023-CATNF-000705,20230615,19,pyrologix,1,76-55,2023,0.0,0.0,0,drone,1,9.489961992702219e-05,615,0.0037010851771538656,True
GaussianBudget50M_LinearMinTime,Oaks_2023-CAPNF-000198,20230430,21,pyrologix,2,70-57,2023,0.0,0.0,0,drone,1,9.489961992702219e-05,850,0.0036061855572268433,True
GaussianBudget50M_LinearMinTime,Obelisk_2023-CASNF-001093,20230815,18,pyrologix,9,none,2023,0.0,0.0,-1,undetected,1,9.489961992702219e-05,0,0.0,False
GaussianBudget50M_LinearMinTime,Old_Mill_2023-CANEU-016843,20230616,16,pyrologix,12,83-56,2023,0.0,0.0,0,drone,1,9.489961992702219e-05,4385,0.004365382516643021,True
GaussianBudget50M_LinearMinTime,Old_State_2023-CAKNF-002771,20230411,16,pyrologix,5,28-47,2023,0.0,0.0,-1,undetected,1,9.489961992702219e-05,1485,0.004270482896715999,True
GaussianBudget50M_LinearMinTime,Olympic_2023-CATNF-001309,20230818,17,pyrologix,10,none,2023,0.0,0.0,-1,undetected,1,9.489961992702219e-05,0,0.0,False
GaussianBudget50M_LinearMinTime,Omega_2023-CATNF-001276,20230815,19,pyrologix,12,83-56,2023,0.0,0.0,0,drone,1,9.489961992702219e-05,4440,0.004365382516643021,True
GaussianBudget50M_LinearMinTime,Oneil_2023-CATCU-006373,20230518,12,pyrologix,6,111-58,2023,0.0,0.0,1,drone,1,9.489961992702219e-05,2655,0.0046500813764240876,True
GaussianBudget50M_LinearMinTime,Oregon_2023-CAPNF-001591,20231116,11,pyrologix,11,77-48,2023,0.0,0.0,0,drone,1,9.489961992702219e-05,4095,0.004460282136570043,True
GaussianBudget50M_LinearMinTime,Oro_2023-CAANF-232959,20230831,17,pyrologix,12,none,2023,0.0,0.0,-1,undetected,1,9.489961992702219e-05,0,0.0,False
GaussianBudget50M_LinearMinTime,Orr_2023-CAKNF-010545,20231130,15,pyrologix,12,28-47,2023,0.0,0.0,-1,undetected,1,9.489961992702219e-05,1485,0.004270482896715999,True
GaussianBudget50M_LinearMinTime,Otter_2023-CAENF-031294,20231115,23,pyrologix,3,90-54,2023,0.0,0.0,0,drone,1,9.489961992702219e-05,1400,0.0034163863173727986,True
GaussianBudget50M_LinearMinTime,Pack_2023-CASTF-001531,20230813,12,pyrologix,5,109-64,2023,0.0,0.0,-1,undetected,1,9.489961992702219e-05,4025,0.0040806836568619545,True
GaussianBudget50M_LinearMinTime,Packsaddle_2023-CAENF-022083,20230812,14,pyrologix,11,97-61,2023,0.0,0.0,0,drone,1,9.489961992702219e-05,4190,0.0046500813764240876,True
GaussianBudget50M_LinearMinTime,Paddle_2023-CASTF-001214,20230715,23,pyrologix,5,118-64,2023,0.0,0.0,0,drone,1,9.489961992702219e-05,1895,0.004555181756497065,True
GaussianBudget50M_LinearMinTime,Palisades_2023-CATNF-001160,20230802,13,pyrologix,5,90-60,2023,0.0,0.0,-1,undetected,1,9.489961992702219e-05,4585,0.004460282136570043,True
GaussianBudget50M_LinearMinTime,Palmetto_2023-CALNF-005592,20231014,23,pyrologix,7,53-62,2023,0.0,0.0,3,drone,1,9.489961992702219e-05,3740,0.004270482896715999,True
GaussianBudget50M_LinearMinTime,Pamo_2023-CACNF-000052,20230106,22,pyrologix,1,none,2023,0.0,0.0,-1,undetected,1,9.489961992702219e-05,0,0.0,False
GaussianBudget50M_LinearMinTime,Pan_2023-CAKNF-005138,20230626,17,pyrologix,2,none,2023,0.0,0.0,-1,undetected,1,9.489961992702219e-05,0,0.0,False
GaussianBudget50M_LinearMinTime,Paradise_2023-CALPF-002936,20231019,2,pyrologix,9,none,2023,0.0,0.0,-1,undetected,1,9.489961992702219e-05,0,0.0,False
GaussianBudget50M_LinearMinTime,Pardo_2023-CAENF-022801,20230819,17,pyrologix,6,none,2023,0.0,0.0,-1,undetected,1,9.489961992702219e-05,0,0.0,False
GaussianBudget50M_LinearMinTime,Park_2023-CAPNF-001542,20231028,20,pyrologix,6,77-62,2023,0.0,0.0,0,drone,1,9.489961992702219e-05,2390,0.004460282136570043,True
GaussianBudget50M_LinearMinTime,Parkhill_2023-CALPF-002453,20230827,16,pyrologix,7,none,2023,0.0,0.0,-1,undetected,1,9.489961992702219e-05,0,0.0,False
GaussianBudget50M_LinearMinTime,Pasqual_2023-CACNF-000871,20230430,20,pyrologix,6,none,2023,0.0,0.0,-1,undetected,1,9.489961992702219e-05,0,0.0,False
GaussianBudget50M_LinearMinTime,Patrick_2023-CASRF-000620,20230701,22,pyrologix,2,none,2023,0.0,0.0,-1,undetected,1,9.489961992702219e-05,0,0.0,False
GaussianBudget50M_LinearMinTime,Paxton_2023-CAANF-002066,20230707,5,pyrologix,5,none,2023,0.0,0.0,-1,undetected,1,9.489961992702219e-05,0,0.0,False
GaussianBudget50M_LinearMinTime,Paymaster_2023-CAENF-024531,20230905,12,pyrologix,12,90-54,2023,0.0,0.0,1,drone,1,9.489961992702219e-05,4920,0.0034163863173727986,True
GaussianBudget50M_LinearMinTime,Peak_2023-CACNF-003034,20231111,13,pyrologix,10,none,2023,0.0,0.0,-1,undetected,1,9.489961992702219e-05,0,0.0,False
GaussianBudget50M_LinearMinTime,Peak_2023-CASNF-001285,20230901,22,pyrologix,3,131-73,2023,0.0,0.0,2,drone,1,9.489961992702219e-05,2405,0.004365382516643021,True
GaussianBudget50M_LinearMinTime,Peak_2023-CASTF-001971,20230911,12,pyrologix,10,109-64,2023,0.0,0.0,-1,undetected,1,9.489961992702219e-05,5830,0.0040806836568619545,True
GaussianBudget50M_LinearMinTime,Pearch_2023-CASRF-000983,20230817,20,pyrologix,11,32-26,2023,0.0,0.0,-1,undetected,1,9.489961992702219e-05,6475,0.0046500813764240876,True
GaussianBudget50M_LinearMinTime,Pebble_2023-CAMNF-000858,20230816,21,pyrologix,9,none,2023,0.0,0.0,-1,undetected,1,9.489961992702219e-05,0,0.0,False
GaussianBudget50M_LinearMinTime,Peddler_2023-CAENF-022388,20230815,19,pyrologix,7,104-58,2023,0.0,0.0,-1,undetected,1,9.489961992702219e-05,4780,0.0046500813764240876,True
GaussianBudget50M_LinearMinTime,Pedro_2023-CASTF-001565,20230815,0,pyrologix,3,109-64,2023,0.0,0.0,0,drone,1,9.489961992702219e-05,1470,0.0040806836568619545,True
GaussianBudget50M_LinearMinTime,Pellitreau_2023-CASHF-000994,20230816,21,pyrologix,7,53-19,2023,0.0,0.0,1,drone,1,9.489961992702219e-05,3115,0.004555181756497065,True
GaussianBudget50M_LinearMinTime,Peninsula_2023-CATNF-001430,20230905,20,pyrologix,7,84-67,2023,0.0,0.0,0,drone,1,9.489961992702219e-05,2870,0.004270482896715999,True
GaussianBudget50M_LinearMinTime,Penman_2023-CAPNF-001377,20230919,23,pyrologix,3,77-62,2023,0.0,0.0,0,drone,1,9.489961992702219e-05,1375,0.004175583276788976,True
GaussianBudget50M_LinearMinTime,Pettinger_2023-CAANF-232901,20230827,15,pyrologix,4,none,2023,0.0,0.0,-1,undetected,1,9.489961992702219e-05,0,0.0,False
GaussianBudget50M_LinearMinTime,Philpot_2023-CASHF-000552,20230607,16,pyrologix,7,46-21,2023,0.0,0.0,0,drone,1,9.489961992702219e-05,3010,0.004555181756497065,True
GaussianBudget50M_LinearMinTime,Picayune_2023-CAKNF-007170,20230820,16,pyrologix,9,32-26,2023,0.0,0.0,0,drone,1,9.489961992702219e-05,3600,0.004555181756497065,True
GaussianBudget50M_LinearMinTime,Picket_2023-CAENF-022404,20230816,1,pyrologix,1,97-61,2023,0.0,0.0,0,drone,1,9.489961992702219e-05,530,0.0034163863173727986,True
GaussianBudget50M_LinearMinTime,Pierce_2023-CAKNF-008112,20230917,20,pyrologix,4,none,2023,0.0,0.0,-1,undetected,1,9.489961992702219e-05,0,0.0,False
GaussianBudget50M_LinearMinTime,Pierce_2023-CAPNF-001392,20230920,15,pyrologix,10,63-64,2023,0.0,0.0,0,drone,1,9.489961992702219e-05,3755,0.004175583276788976,True
GaussianBudget50M_LinearMinTime,Pigeon_2023-CASTF-001972,20230911,17,pyrologix,2,none,2023,0.0,0.0,-1,undetected,1,9.489961992702219e-05,0,0.0,False
GaussianBudget50M_LinearMinTime,Pike_2_2023-CATNF-001683,20231019,4,pyrologix,6,83-56,2023,0.0,0.0,0,drone,1,9.489961992702219e-05,2245,0.004270482896715999,True
GaussianBudget50M_LinearMinTime,Pilot_2023-CASRF-000932,20230815,7,pyrologix,2,44-14,2023,0.0,0.0,0,drone,1,9.489961992702219e-05,980,0.004175583276788976,True
GaussianBudget50M_LinearMinTime,Pilot_2023-CASTF-001918,20230909,20,pyrologix,5,118-64,2023,0.0,0.0,2,drone,1,9.489961992702219e-05,2630,0.004555181756497065,True
GaussianBudget50M_LinearMinTime,Pine_2023-CAANF-232780,20230818,23,pyrologix,3,none,2023,0.0,0.0,-1,undetected,1,9.489961992702219e-05,0,0.0,False
GaussianBudget50M_LinearMinTime,Pine_2023-CASNF-001456,20230919,22,pyrologix,1,132-67,2023,0.0,0.0,0,drone,1,9.489961992702219e-05,695,0.0036061855572268433,True
GaussianBudget50M_LinearMinTime,Pine_2023-CASTF-001951,20230910,15,pyrologix,8,109-64,2023,0.0,0.0,-1,undetected,1,9.489961992702219e-05,5130,0.0040806836568619545,True
GaussianBudget50M_LinearMinTime,Pine_2023-CATNF-001364,20230825,14,pyrologix,1,83-56,2023,0.0,0.0,-1,undetected,1,9.489961992702219e-05,2505,0.004270482896715999,True
GaussianBudget50M_LinearMinTime,Pinyon_2023-CAANF-232718,20230814,1,pyrologix,4,none,2023,0.0,0.0,-1,undetected,1,9.489961992702219e-05,0,0.0,False
GaussianBudget50M_LinearMinTime,Pioneer_2023-CAPNF-001522,20231022,14,pyrologix,8,64-56,2023,0.0,0.0,0,drone,1,9.489961992702219e-05,3115,0.00389088441700791,True
GaussianBudget50M_LinearMinTime,Pipe_2023-CAANF-001243,20230531,23,pyrologix,5,none,2023,0.0,0.0,-1,undetected,1,9.489961992702219e-05,0,0.0,False
GaussianBudget50M_LinearMinTime,Pipeline_2023-CAANF-232953,20230831,17,pyrologix,4,none,2023,0.0,0.0,-1,undetected,1,9.489961992702219e-05,0,0.0,False
GaussianBudget50M_LinearMinTime,Pipeline_2023-CALAC-297456,20230831,15,pyrologix,8,none,2023,0.0,0.0,-1,undetected,1,9.489961992702219e-05,0,0.0,False
GaussianBudget50M_LinearMinTime,Pipeline_2023-CASKU-006970,20230815,18,pyrologix,2,37-52,2023,0.0,0.0,0,drone,1,9.489961992702219e-05,1120,0.004555181756497065,True
GaussianBudget50M_LinearMinTime,Pit_2023-CAKNF-004496,20230608,19,pyrologix,6,25-54,2023,0.0,0.0,-1,undetected,1,9.489961992702219e-05,445,0.0026571893579566213,True
GaussianBudget50M_LinearMinTime,Pit_2023-CASHF-001220,20230924,9,pyrologix,12,49-41,2023,0.0,0.0,-1,undetected,1,9.489961992702219e-05,2765,0.0040806836568619545,True
GaussianBudget50M_LinearMinTime,Planters_2023-CAMDF-000490,20230805,14,pyrologix,11,none,2023,0.0,0.0,-1,undetected,1,9.489961992702219e-05,0,0.0,False
GaussianBudget50M_LinearMinTime,Point_2023-CASQF-000507,20230510,2,pyrologix,8,172-80,2023,0.0,0.0,1,drone,1,9.489961992702219e-05,3335,0.0046500813764240876,True
GaussianBudget50M_LinearMinTime,Point_2023-CASQF-001064,20230702,12,pyrologix,12,172-80,2023,0.0,0.0,3,drone,1,9.489961992702219e-05,5215,0.0046500813764240876,True
GaussianBudget50M_LinearMinTime,Points_2023-CAANF-233722,20231110,19,pyrologix,1,none,2023,0.0,0.0,-1,undetected,1,9.489961992702219e-05,0,0.0,False
GaussianBudget50M_LinearMinTime,Poison_2023-CASNF-001393,20230909,16,pyrologix,1,146-71,2023,0.0,0.0,0,drone,1,9.489961992702219e-05,585,0.003226587077518755,True
GaussianBudget50M_LinearMinTime,Poker_2023-CATNF-001299,20230817,21,pyrologix,9,76-55,2023,0.0,0.0,5,drone,1,9.489961992702219e-05,5260,0.004555181756497065,True
GaussianBudget50M_LinearMinTime,Poll_2023-CATNF-001271,20230814,23,pyrologix,1,none,2023,0.0,0.0,-1,undetected,1,9.489961992702219e-05,0,0.0,False
GaussianBudget50M_LinearMinTime,Pollard_2023-CABDF-015399,20231112,23,pyrologix,5,206-87,2023,0.0,0.0,-1,undetected,1,9.489961992702219e-05,1525,0.004270482896715999,True
GaussianBudget50M_LinearMinTime,Ponderosa_2023-CABDF-010684,20230728,4,pyrologix,3,none,2023,0.0,0.0,-1,undetected,1,9.489961992702219e-05,0,0.0,False
GaussianBudget50M_LinearMinTime,Ponderosa_2023-CASHF-000853,20230723,23,pyrologix,3,46-21,2023,0.0,0.0,1,drone,1,9.489961992702219e-05,1705,0.004460282136570043,True
GaussianBudget50M_LinearMinTime,Porter_2023-CASHF-000659,20230624,17,pyrologix,2,39-32,2023,0.0,0.0,0,drone,1,9.489961992702219e-05,1015,0.004270482896715999,True
GaussianBudget50M_LinearMinTime,Posey_2023-CATUU-000330,20230622,17,pyrologix,7,172-74,2023,0.0,0.0,-1,undetected,1,9.489961992702219e-05,845,0.003795984797080888,True
GaussianBudget50M_LinearMinTime,Posey_2_2023-CATUU-000332,20230623,0,pyrologix,1,172-74,2023,0.0,0.0,0,drone,1,9.489961992702219e-05,520,0.0034163863173727986,True
GaussianBudget50M_LinearMinTime,Posey_3_2023-CATUU-000333,20230623,23,pyrologix,4,172-74,2023,0.0,0.0,-1,undetected,1,9.489961992702219e-05,845,0.003795984797080888,True
GaussianBudget50M_LinearMinTime,Potter_2023-CASNF-000721,20230705,20,pyrologix,3,139-70,2023,0.0,0.0,0,drone,1,9.489961992702219e-05,1360,0.004175583276788976,True
GaussianBudget50M_LinearMinTime,Powder_2023-CASHF-000653,20230624,21,pyrologix,8,37-52,2023,0.0,0.0,2,drone,1,9.489961992702219e-05,3800,0.0046500813764240876,True
GaussianBudget50M_LinearMinTime,Power_2023-CAANF-233915,20231128,18,pyrologix,12,none,2023,0.0,0.0,-1,undetected,1,9.489961992702219e-05,0,0.0,False
GaussianBudget50M_LinearMinTime,Power_2023-CALPF-002355,20230819,17,pyrologix,5,none,2023,0.0,0.0,-1,undetected,1,9.489961992702219e-05,0,0.0,False
GaussianBudget50M_LinearMinTime,Power_2023-CASQF-000791,20230607,13,pyrologix,11,none,2023,0.0,0.0,-1,undetected,1,9.489961992702219e-05,0,0.0,False
GaussianBudget50M_LinearMinTime,Powerhouse_2023-CATNF-001545,20230919,15,pyrologix,4,83-56,2023,0.0,0.0,0,drone,1,9.489961992702219e-05,1590,0.004270482896715999,True
GaussianBudget50M_LinearMinTime,Prairie_2023-CAKNF-006092,20230720,20,pyrologix,5,none,2023,0.0,0.0,-1,undetected,1,9.489961992702219e-05,0,0.0,False
GaussianBudget50M_LinearMinTime,Preacher_2023-CASHF-000978,20230815,14,pyrologix,4,39-32,2023,0.0,0.0,0,drone,1,9.489961992702219e-05,1760,0.004365382516643021,True
GaussianBudget50M_LinearMinTime,Prescott_2023-CASRF-000989,20230817,15,pyrologix,7,16-26,2023,0.0,0.0,1,drone,1,9.489961992702219e-05,3275,0.004555181756497065,True
GaussianBudget50M_LinearMinTime,Prospects_2023-CASTF-001949,20230910,17,pyrologix,3,none,2023,0.0,0.0,-1,undetected,1,9.489961992702219e-05,0,0.0,False
GaussianBudget50M_LinearMinTime,Prosser_2023-CATNF-000773,20230623,2,pyrologix,2,84-67,2023,0.0,0.0,0,drone,1,9.489961992702219e-05,930,0.004270482896715999,True
GaussianBudget50M_LinearMinTime,Providence_2023-CASNF-001320,20230903,20,pyrologix,11,139-70,2023,0.0,0.0,0,drone,1,9.489961992702219e-05,4145,0.0046500813764240876,True
GaussianBudget50M_LinearMinTime,Pulga_2023-CABTU-014735,20230804,0,pyrologix,2,70-50,2023,0.0,0.0,0,drone,1,9.489961992702219e-05,885,0.003795984797080888,True
GaussianBudget50M_LinearMinTime,Pumice_2023-CAINF-001026,20230715,20,pyrologix,6,none,2023,0.0,0.0,-1,undetected,1,9.489961992702219e-05,0,0.0,False
GaussianBudget50M_LinearMinTime,Pumpkin_2023-CABDF-013885,20231025,17,pyrologix,10,none,2023,0.0,0.0,-1,undetected,1,9.489961992702219e-05,0,0.0,False
GaussianBudget50M_LinearMinTime,Pyramid_2023-CALAC-365725,20231025,7,pyrologix,4,none,2023,0.0,0.0,-1,undetected,1,9.489961992702219e-05,0,0.0,False
GaussianBudget50M_LinearMinTime,Quail_2023-CASQF-000771,20230605,20,pyrologix,3,none,2023,0.0,0.0,-1,undetected,1,9.489961992702219e-05,0,0.0,False
GaussianBudget50M_LinearMinTime,Quail_2023-CATMU-020956,20230801,21,pyrologix,7,none,2023,0.0,0.0,-1,undetected,1,9.489961992702219e-05,0,0.0,False
GaussianBudget50M_LinearMinTime,Quail_2_2023-CAANF-234011,20231210,16,pyrologix,5,none,2023,0.0,0.0,-1,undetected,1,9.489961992702219e-05,0,0.0,False
GaussianBudget50M_LinearMinTime,Quarry_2023-CAPNF-001633,20231216,14,pyrologix,4,64-56,2023,0.0,0.0,0,drone,1,9.489961992702219e-05,1875,0.003795984797080888,True
GaussianBudget50M_LinearMinTime,Quarry_2023-CASTF-001921,20230909,21,pyrologix,5,118-64,2023,0.0,0.0,0,drone,1,9.489961992702219e-05,1895,0.004555181756497065,True
GaussianBudget50M_LinearMinTime,Rabbit_2023-CASQF-002146,20230930,16,pyrologix,12,none,2023,0.0,0.0,-1,undetected,1,9.489961992702219e-05,0,0.0,False
GaussianBudget50M_LinearMinTime,Radio_2023-CASNF-001205,20230823,13,pyrologix,11,139-70,2023,0.0,0.0,0,drone,1,9.489961992702219e-05,4145,0.0046500813764240876,True
GaussianBudget50M_LinearMinTime,Rail_2023-CASHF-000899,20230731,15,pyrologix,11,41-39,2023,0.0,0.0,2,drone,1,9.489961992702219e-05,4830,0.0046500813764240876,True
GaussianBudget50M_LinearMinTime,Rail_2023-CASHU-008943,20230815,20,pyrologix,1,44-53,2023,0.0,0.0,0,drone,1,9.489961992702219e-05,545,0.0034163863173727986,True
GaussianBudget50M_LinearMinTime,Ram_2023-CASNF-001276,20230901,0,pyrologix,5,none,2023,0.0,0.0,-1,undetected,1,9.489961992702219e-05,0,0.0,False
GaussianBudget50M_LinearMinTime,Ramp_2023-CABDU-009817,20230718,16,pyrologix,9,206-87,2023,0.0,0.0,-1,undetected,1,9.489961992702219e-05,1525,0.004270482896715999,True
GaussianBudget50M_LinearMinTime,Ranch_2023-CASKU-006969,20230815,13,pyrologix,12,37-52,2023,0.0,0.0,0,drone,1,9.489961992702219e-05,4675,0.0046500813764240876,True
GaussianBudget50M_LinearMinTime,Ranch_2023-CASNF-000525,20230612,12,pyrologix,6,139-70,2023,0.0,0.0,0,drone,1,9.489961992702219e-05,2205,0.004555181756497065,True
GaussianBudget50M_LinearMinTime,Ranch_2023-CASTF-002377,20231103,7,pyrologix,3,118-57,2023,0.0,0.0,0,drone,1,9.489961992702219e-05,1435,0.004460282136570043,True
GaussianBudget50M_LinearMinTime,Range_2023-CABDF-002251,20230212,21,pyrologix,11,none,2023,0.0,0.0,-1,undetected,1,9.489961992702219e-05,0,0.0,False
GaussianBudget50M_LinearMinTime,Range_2023-CAENF-026345,20230925,14,pyrologix,11,97-61,2023,0.0,0.0,1,drone,1,9.489961992702219e-05,4300,0.0046500813764240876,True
GaussianBudget50M_LinearMinTime,Range_2023-CASQF-000882,20230617,21,pyrologix,2,172-80,2023,0.0,0.0,0,drone,1,9.489961992702219e-05,755,0.0037010851771538656,True
GaussianBudget50M_LinearMinTime,Rattlesnake_2023-CASTF-000861,20230612,0,pyrologix,7,109-64,2023,0.0,0.0,0,drone,1,9.489961992702219e-05,2775,0.0040806836568619545,True
GaussianBudget50M_LinearMinTime,Ravine_2023-CAMDF-000325,20230708,13,pyrologix,6,none,2023,0.0,0.0,-1,undetected,1,9.489961992702219e-05,0,0.0,False
GaussianBudget50M_LinearMinTime,Ravine_2023-CAPNF-000909,20230807,22,pyrologix,10,76-55,2023,0.0,0.0,0,drone,1,9.489961992702219e-05,3755,0.0040806836568619545,True
GaussianBudget50M_LinearMinTime,Recon_2023-CAANF-0001880,20230701,15,pyrologix,12,206-87,2023,0.0,0.0,-1,undetected,1,9.489961992702219e-05,1525,0.004270482896715999,True
GaussianBudget50M_LinearMinTime,Red_2023-CAANF-001571,20230610,14,pyrologix,11,none,2023,0.0,0.0,-1,undetected,1,9.489961992702219e-05,0,0.0,False
GaussianBudget50M_LinearMinTime,Red_2023-CAKNF-007347,20230826,22,pyrologix,6,23-25,2023,0.0,0.0,0,drone,1,9.489961992702219e-05,2560,0.004270482896715999,True
GaussianBudget50M_LinearMinTime,Red_2023-CASTF-001945,20230910,13,pyrologix,10,none,2023,0.0,0.0,-1,undetected,1,9.489961992702219e-05,0,0.0,False
GaussianBudget50M_LinearMinTime,Red_Cones_2023-CAINF-000936,20230705,16,pyrologix,3,none,2023,0.0,0.0,-1,undetected,1,9.489961992702219e-05,0,0.0,False
GaussianBudget50M_LinearMinTime,Redinger_2023-CAMMU-025615,20231115,13,pyrologix,4,139-70,2023,0.0,0.0,0,drone,1,9.489961992702219e-05,1685,0.004270482896715999,True
GaussianBudget50M_LinearMinTime,Remington_2023-CASQF-000424,20230417,22,pyrologix,2,172-74,2023,0.0,0.0,-1,undetected,1,9.489961992702219e-05,845,0.003795984797080888,True
GaussianBudget50M_LinearMinTime,Reservoir_2023-CASTF-001940,20230910,15,pyrologix,4,109-64,2023,0.0,0.0,0,drone,1,9.489961992702219e-05,1845,0.0040806836568619545,True
GaussianBudget50M_LinearMinTime,Reversed_2023-CAINF-001847,20231008,11,pyrologix,12,none,2023,0.0,0.0,-1,undetected,1,9.489961992702219e-05,0,0.0,False
GaussianBudget50M_LinearMinTime,Reynolds_2023-CASTF-001922,20230909,20,pyrologix,8,118-64,2023,0.0,0.0,0,drone,1,9.489961992702219e-05,3070,0.004555181756497065,True
GaussianBudget50M_LinearMinTime,Rich_2023-CASHF-000548,20230606,18,pyrologix,10,39-32,2023,0.0,0.0,1,drone,1,9.489961992702219e-05,4340,0.004460282136570043,True
GaussianBudget50M_LinearMinTime,Richard_2023-CAENF-022827,20230819,21,pyrologix,3,none,2023,0.0,0.0,-1,undetected,1,9.489961992702219e-05,0,0.0,False
GaussianBudget50M_LinearMinTime,Richbar_2023-CASQF-000818,20230610,12,pyrologix,4,none,2023,0.0,0.0,-1,undetected,1,9.489961992702219e-05,0,0.0,False
GaussianBudget50M_LinearMinTime,Ridge_2023-CALPF-002872,20231011,13,pyrologix,11,none,2023,0.0,0.0,-1,undetected,1,9.489961992702219e-05,0,0.0,False
GaussianBudget50M_LinearMinTime,Ridge_2023-CAPNF-000182,20230425,18,pyrologix,3,70-57,2023,0.0,0.0,0,drone,1,9.489961992702219e-05,1300,0.0036061855572268433,True
GaussianBudget50M_LinearMinTime,Ridge_2023-CAPNF-001031,20230817,18,pyrologix,4,70-57,2023,0.0,0.0,0,drone,1,9.489961992702219e-05,1750,0.0036061855572268433,True
GaussianBudget50M_LinearMinTime,Ridge_2023-CASTF-000872,20230613,11,pyrologix,12,109-64,2023,0.0,0.0,0,drone,1,9.489961992702219e-05,4775,0.0040806836568619545,True
GaussianBudget50M_LinearMinTime,Ridge_2023-CATNF-000665,20230611,14,pyrologix,3,83-56,2023,0.0,0.0,0,drone,1,9.489961992702219e-05,1410,0.004270482896715999,True
GaussianBudget50M_LinearMinTime,Right_2023-CABDF-009977,20230712,15,pyrologix,4,206-87,2023,0.0,0.0,-1,undetected,1,9.489961992702219e-05,1525,0.004270482896715999,True
GaussianBudget50M_LinearMinTime,Rim_2023-CAMDF-000938,20230919,22,pyrologix,1,none,2023,0.0,0.0,-1,undetected,1,9.489961992702219e-05,0,0.0,False
GaussianBudget50M_LinearMinTime,Rinconada_2023-CALPF-002238,20230811,20,pyrologix,6,none,2023,0.0,0.0,-1,undetected,1,9.489961992702219e-05,0,0.0,False
GaussianBudget50M_LinearMinTime,Rising_2023-CALNF-001948,20230421,11,pyrologix,12,44-53,2023,0.0,0.0,2,drone,1,9.489961992702219e-05,5035,0.0046500813764240876,True
GaussianBudget50M_LinearMinTime,River_2023-CAKRN-052312,20231115,17,pyrologix,1,165-77,2023,0.0,0.0,0,drone,1,9.489961992702219e-05,590,0.003226587077518755,True
GaussianBudget50M_LinearMinTime,River_2023-CAMDF-000222,20230607,18,pyrologix,3,39-63,2023,0.0,0.0,0,drone,1,9.489961992702219e-05,1185,0.004460282136570043,True
GaussianBudget50M_LinearMinTime,River_2023-CAPNF-000447,20230609,20,pyrologix,3,77-62,2023,0.0,0.0,0,drone,1,9.489961992702219e-05,1420,0.004175583276788976,True
GaussianBudget50M_LinearMinTime,River_2023-CASHF-000701,20230629,15,pyrologix,11,34-40,2023,0.0,0.0,3,drone,1,9.489961992702219e-05,5050,0.004555181756497065,True
GaussianBudget50M_LinearMinTime,River_2023-CASQF-000825,20230610,21,pyrologix,5,172-80,2023,0.0,0.0,0,drone,1,9.489961992702219e-05,1915,0.004555181756497065,True
GaussianBudget50M_LinearMinTime,River_2023-CASTF-001927,20230910,21,pyrologix,9,111-58,2023,0.0,0.0,1,drone,1,9.489961992702219e-05,3660,0.0046500813764240876,True
GaussianBudget50M_LinearMinTime,Riverside_2023-CASHF-000849,20230722,20,pyrologix,11,34-40,2023,0.0,0.0,3,drone,1,9.489961992702219e-05,5050,0.004555181756497065,True
GaussianBudget50M_LinearMinTime,Road_2023-CALPF-002628,20230915,1,pyrologix,2,none,2023,0.0,0.0,-1,undetected,1,9.489961992702219e-05,0,0.0,False
GaussianBudget50M_LinearMinTime,Robinson_2023-CATNF-000673,20230611,20,pyrologix,7,90-60,2023,0.0,0.0,-1,undetected,1,9.489961992702219e-05,5445,0.004460282136570043,True
GaussianBudget50M_LinearMinTime,Rock_2023-CABDF-012493,20230920,19,pyrologix,11,206-87,2023,0.0,0.0,-1,undetected,1,9.489961992702219e-05,1525,0.004270482896715999,True
GaussianBudget50M_LinearMinTime,Rock_2023-CAENF-017683,20230702,23,pyrologix,6,90-54,2023,0.0,0.0,0,drone,1,9.489961992702219e-05,2300,0.0034163863173727986,True
GaussianBudget50M_LinearMinTime,Rock_2023-CAMNF-000861,20230816,14,pyrologix,3,66-16,2023,0.0,0.0,3,drone,1,9.489961992702219e-05,2330,0.0046500813764240876,True
GaussianBudget50M_LinearMinTime,Rock_2023-CAPNF-001287,20230910,3,pyrologix,7,70-50,2023,0.0,0.0,0,drone,1,9.489961992702219e-05,2650,0.004555181756497065,True
GaussianBudget50M_LinearMinTime,Rock_2023-CASHF-000405,20230510,19,pyrologix,7,46-21,2023,0.0,0.0,0,drone,1,9.489961992702219e-05,3210,0.004555181756497065,True
GaussianBudget50M_LinearMinTime,Rock_2023-CASTF-001615,20230817,19,pyrologix,2,none,2023,0.0,0.0,-1,undetected,1,9.489961992702219e-05,0,0.0,False
GaussianBudget50M_LinearMinTime,Rock_2_2023-CAANF-233519,20231021,16,pyrologix,2,none,2023,0.0,0.0,-1,undetected,1,9.489961992702219e-05,0,0.0,False
GaussianBudget50M_LinearMinTime,Rocks_2023-CABDF-007226,20230513,10,pyrologix,7,206-87,2023,0.0,0.0,-1,undetected,1,9.489961992702219e-05,1525,0.004270482896715999,True
GaussianBudget50M_LinearMinTime,Rocky_2023-CASKU-005755,20230710,13,pyrologix,10,27-40,2023,0.0,0.0,0,drone,1,9.489961992702219e-05,4240,0.004555181756497065,True
GaussianBudget50M_LinearMinTime,Rodgers_2023-CASNF-000903,20230728,13,pyrologix,10,none,2023,0.0,0.0,-1,undetected,1,9.489961992702219e-05,0,0.0,False
GaussianBudget50M_LinearMinTime,Rogers_2023-CASQF-002393,20231114,17,pyrologix,3,165-77,2023,0.0,0.0,0,drone,1,9.489961992702219e-05,1395,0.004270482896715999,True
GaussianBudget50M_LinearMinTime,Roland_2023-CASKU-003662,20230513,17,pyrologix,4,28-47,2023,0.0,0.0,-1,undetected,1,9.489961992702219e-05,1485,0.004270482896715999,True
GaussianBudget50M_LinearMinTime,Romeo_2023-CAINF-001007,20230713,20,pyrologix,5,none,2023,0.0,0.0,-1,undetected,1,9.489961992702219e-05,0,0.0,False
GaussianBudget50M_LinearMinTime,Root_2023-CASHF-000827,20230717,16,pyrologix,10,34-40,2023,0.0,0.0,0,drone,1,9.489961992702219e-05,3895,0.004555181756497065,True
GaussianBudget50M_LinearMinTime,Rose_2023-CASTF-000422,20230420,17,pyrologix,10,111-58,2023,0.0,0.0,0,drone,1,9.489961992702219e-05,3705,0.0046500813764240876,True
GaussianBudget50M_LinearMinTime,Rough_2023-CASHF-000586,20230613,16,pyrologix,7,53-19,2023,0.0,0.0,2,drone,1,9.489961992702219e-05,3550,0.004555181756497065,True
GaussianBudget50M_LinearMinTime,Round_2023-CAKNF-005764,20230710,19,pyrologix,10,25-54,2023,0.0,0.0,-1,undetected,1,9.489961992702219e-05,445,0.0026571893579566213,True
GaussianBudget50M_LinearMinTime,Roy_2023-CASRF-000899,20230811,1,pyrologix,5,39-18,2023,0.0,0.0,0,drone,1,9.489961992702219e-05,2070,0.004365382516643021,True
GaussianBudget50M_LinearMinTime,Ruby_2023-CASTF-000355,20230406,13,pyrologix,3,111-58,2023,0.0,0.0,0,drone,1,9.489961992702219e-05,1315,0.004460282136570043,True
GaussianBudget50M_LinearMinTime,Rushing_2023-CASTF-000567,20230511,6,pyrologix,3,111-58,2023,0.0,0.0,0,drone,1,9.489961992702219e-05,1270,0.004460282136570043,True
GaussianBudget50M_LinearMinTime,Sage_2023-CAMDF-000359,20230718,19,pyrologix,4,none,2023,0.0,0.0,-1,undetected,1,9.489961992702219e-05,0,0.0,False
GaussianBudget50M_LinearMinTime,Sage_2023-CASTF-001974,20230911,13,pyrologix,9,none,2023,0.0,0.0,-1,undetected,1,9.489961992702219e-05,0,0.0,False
GaussianBudget50M_LinearMinTime,Sagebrush_2023-CASQF-002187,20231008,22,pyrologix,2,164-82,2023,0.0,0.0,-1,undetected,1,9.489961992702219e-05,3095,0.004365382516643021,True
GaussianBudget50M_LinearMinTime,Sagehen_2023-CATNF-001073,20230721,16,pyrologix,11,84-67,2023,0.0,0.0,0,drone,1,9.489961992702219e-05,4315,0.004365382516643021,True
GaussianBudget50M_LinearMinTime,Saints_2023-CAKNF-005120,20230626,23,pyrologix,10,16-26,2023,0.0,0.0,0,drone,1,9.489961992702219e-05,4200,0.004555181756497065,True
GaussianBudget50M_LinearMinTime,Salmon_2023-CASRF-000859,20230803,12,pyrologix,3,none,2023,0.0,0.0,-1,undetected,1,9.489961992702219e-05,0,0.0,False
GaussianBudget50M_LinearMinTime,Salt_2023-CAKNF-005870,20230714,20,pyrologix,9,18-33,2023,0.0,0.0,0,drone,1,9.489961992702219e-05,3565,0.004365382516643021,True
GaussianBudget50M_LinearMinTime,Salt_2023-CASHF-000594,20230615,0,pyrologix,7,41-39,2023,0.0,0.0,0,drone,1,9.489961992702219e-05,2680,0.004175583276788976,True
GaussianBudget50M_LinearMinTime,Salt_2023-CASRF-000933,20230815,5,pyrologix,7,60-19,2023,0.0,0.0,0,drone,1,9.489961992702219e-05,2785,0.004175583276788976,True
GaussianBudget50M_LinearMinTime,Salty_2023-CASHF-001007,20230818,1,pyrologix,5,53-26,2023,0.0,0.0,-1,undetected,1,9.489961992702219e-05,4280,0.004270482896715999,True
GaussianBudget50M_LinearMinTime,Sand_2023-CAANF-002373,20230724,21,pyrologix,2,none,2023,0.0,0.0,-1,undetected,1,9.489961992702219e-05,0,0.0,False
GaussianBudget50M_LinearMinTime,Sand_2023-CAENF-026944,20231001,16,pyrologix,10,97-54,2023,0.0,0.0,0,drone,1,9.489961992702219e-05,3885,0.0046500813764240876,True
GaussianBudget50M_LinearMinTime,Sand_2023-CASHF-000787,20230712,4,pyrologix,1,35-47,2023,0.0,0.0,1,drone,1,9.489961992702219e-05,1025,0.00389088441700791,True
GaussianBudget50M_LinearMinTime,Sand_2023-CASQF-001652,20230813,13,pyrologix,11,164-82,2023,0.0,0.0,0,drone,1,9.489961992702219e-05,4560,0.004555181756497065,True
GaussianBudget50M_LinearMinTime,Santiago_2023-CACNF-002138,20230808,3,pyrologix,1,none,2023,0.0,0.0,-1,undetected,1,9.489961992702219e-05,0,0.0,False
GaussianBudget50M_LinearMinTime,Santiago_2023-CARRU-115913,20230808,0,pyrologix,5,none,2023,0.0,0.0,-1,undetected,1,9.489961992702219e-05,0,0.0,False
GaussianBudget50M_LinearMinTime,Sardine_2023-CASTF-001973,20230911,17,pyrologix,1,none,2023,0.0,0.0,-1,undetected,1,9.489961992702219e-05,0,0.0,False
GaussianBudget50M_LinearMinTime,Sattley_2023-CATNF-000878,20230702,14,pyrologix,8,77-62,2023,0.0,0.0,0,drone,1,9.489961992702219e-05,3180,0.004555181756497065,True
GaussianBudget50M_LinearMinTime,Saugus_2023-CAANF-233735,20231111,1,pyrologix,7,none,2023,0.0,0.0,-1,undetected,1,9.489961992702219e-05,0,0.0,False
GaussianBudget50M_LinearMinTime,Saw_2023-CATMU-022582,20230817,15,pyrologix,9,none,2023,0.0,0.0,-1,undetected,1,9.489961992702219e-05,0,0.0,False
GaussianBudget50M_LinearMinTime,Sawmill_2023-CAINF-001691,20230914,16,pyrologix,5,none,2023,0.0,0.0,-1,undetected,1,9.489961992702219e-05,0,0.0,False
GaussianBudget50M_LinearMinTime,Sawmill_2023-CATMU-015860,20230614,22,pyrologix,2,none,2023,0.0,0.0,-1,undetected,1,9.489961992702219e-05,0,0.0,False
GaussianBudget50M_LinearMinTime,Sawmill_2023-CATMU-017755,20230702,12,pyrologix,11,none,2023,0.0,0.0,-1,undetected,1,9.489961992702219e-05,0,0.0,False
GaussianBudget50M_LinearMinTime,Sawpit_2023-CABDF-009359,20230701,17,pyrologix,9,none,2023,0.0,0.0,-1,undetected,1,9.489961992702219e-05,0,0.0,False
GaussianBudget50M_LinearMinTime,School_2023-CALPF-001981,20230724,13,pyrologix,6,none,2023,0.0,0.0,-1,undetected,1,9.489961992702219e-05,0,0.0,False
GaussianBudget50M_LinearMinTime,Scotland_2023-CABDF-006716,20230430,16,pyrologix,12,206-87,2023,0.0,0.0,-1,undetected,1,9.489961992702219e-05,1525,0.004270482896715999,True
GaussianBudget50M_LinearMinTime,Scott_2023-CAKNF-006941,20230815,12,pyrologix,4,25-33,2023,0.0,0.0,-1,undetected,1,9.489961992702219e-05,650,0.002941888217737688,True
GaussianBudget50M_LinearMinTime,Seattle_2023-CAKNF-006088,20230720,18,pyrologix,4,18-33,2023,0.0,0.0,0,drone,1,9.489961992702219e-05,1650,0.004175583276788976,True
GaussianBudget50M_LinearMinTime,Seely_2023-CASRF-000070,20230130,16,pyrologix,11,39-18,2023,0.0,0.0,-1,undetected,1,9.489961992702219e-05,6660,0.004460282136570043,True
GaussianBudget50M_LinearMinTime,Shadow_2023-CAINF-001305,20230813,2,pyrologix,3,none,2023,0.0,0.0,-1,undetected,1,9.489961992702219e-05,0,0.0,False
GaussianBudget50M_LinearMinTime,Shadow_2023-CAKNF-006974,20230815,19,pyrologix,2,25-33,2023,0.0,0.0,-1,undetected,1,9.489961992702219e-05,650,0.002941888217737688,True
GaussianBudget50M_LinearMinTime,Shake_2023-CASHF-001018,20230818,17,pyrologix,5,46-28,2023,0.0,0.0,0,drone,1,9.489961992702219e-05,2245,0.004365382516643021,True
GaussianBudget50M_LinearMinTime,Shanty_2023-CASRF-000532,20230614,19,pyrologix,5,23-25,2023,0.0,0.0,3,drone,1,9.489961992702219e-05,3040,0.0046500813764240876,True
GaussianBudget50M_LinearMinTime,Shark_2023-CASNF-001269,20230831,19,pyrologix,4,131-73,2023,0.0,0.0,1,drone,1,9.489961992702219e-05,2405,0.004365382516643021,True
GaussianBudget50M_LinearMinTime,Sheep_2023-CABDF-017505,20231208,18,pyrologix,10,206-87,2023,0.0,0.0,-1,undetected,1,9.489961992702219e-05,1525,0.004270482896715999,True
GaussianBudget50M_LinearMinTime,Sheering_2023-CASTF-002013,20230915,13,pyrologix,6,109-64,2023,0.0,0.0,-1,undetected,1,9.489961992702219e-05,4400,0.0040806836568619545,True
GaussianBudget50M_LinearMinTime,Shell_2023-CAINF-001028,20230716,2,pyrologix,3,none,2023,0.0,0.0,-1,undetected,1,9.489961992702219e-05,0,0.0,False
GaussianBudget50M_LinearMinTime,Shell_2023-CASQF-002182,20231008,15,pyrologix,7,none,2023,0.0,0.0,-1,undetected,1,9.489961992702219e-05,0,0.0,False
GaussianBudget50M_LinearMinTime,Shelly_2023-CATMU-021441,20230806,23,pyrologix,2,none,2023,0.0,0.0,-1,undetected,1,9.489961992702219e-05,0,0.0,False
GaussianBudget50M_LinearMinTime,Sherer_2023-CASHF-001032,20230819,15,pyrologix,12,34-40,2023,0.0,0.0,2,drone,1,9.489961992702219e-05,5095,0.004555181756497065,True
GaussianBudget50M_LinearMinTime,Shinn_2023-CALAC-253309,20230729,3,pyrologix,1,206-87,2023,0.0,0.0,-1,undetected,1,9.489961992702219e-05,1525,0.004270482896715999,True
GaussianBudget50M_LinearMinTime,Shoemaker_2023-CAANF-001915,20230702,10,pyrologix,9,206-87,2023,0.0,0.0,-1,undetected,1,9.489961992702219e-05,1525,0.004270482896715999,True
GaussianBudget50M_LinearMinTime,Shu_Assist_Industrial_2023-CASHF-000484,20230526,19,pyrologix,5,46-28,2023,0.0,0.0,0,drone,1,9.489961992702219e-05,1945,0.004175583276788976,True
GaussianBudget50M_LinearMinTime,Sierra_2023-CAANF-232758,20230816,20,pyrologix,7,none,2023,0.0,0.0,-1,undetected,1,9.489961992702219e-05,0,0.0,False
GaussianBudget50M_LinearMinTime,Sierra_2023-CALAC-277737,20230816,23,pyrologix,1,none,2023,0.0,0.0,-1,undetected,1,9.489961992702219e-05,0,0.0,False
GaussianBudget50M_LinearMinTime,Silver_2023-CABDF-011250,20230810,18,pyrologix,3,none,2023,0.0,0.0,-1,undetected,1,9.489961992702219e-05,0,0.0,False
GaussianBudget50M_LinearMinTime,Silver_2023-CAENF-022362,20230815,15,pyrologix,8,97-61,2023,0.0,0.0,0,drone,1,9.489961992702219e-05,2975,0.0046500813764240876,True
GaussianBudget50M_LinearMinTime,Silver_2023-CASHU-008484,20230804,23,pyrologix,12,49-41,2023,0.0,0.0,-1,undetected,1,9.489961992702219e-05,2765,0.0040806836568619545,True
GaussianBudget50M_LinearMinTime,Sims_2023-CASHF-001211,20230920,20,pyrologix,7,41-39,2023,0.0,0.0,0,drone,1,9.489961992702219e-05,2715,0.004175583276788976,True
GaussianBudget50M_LinearMinTime,Sims_2023-CATCU-010658,20230812,20,pyrologix,6,117-52,2023,0.0,0.0,0,drone,1,9.489961992702219e-05,2150,0.0040806836568619545,True
GaussianBudget50M_LinearMinTime,Single_2023-CASTF-001529,20230813,0,pyrologix,6,109-64,2023,0.0,0.0,-1,undetected,1,9.489961992702219e-05,4400,0.0040806836568619545,True
GaussianBudget50M_LinearMinTime,Sister_2023-CAKNF-004500,20230608,17,pyrologix,12,25-54,2023,0.0,0.0,-1,undetected,1,9.489961992702219e-05,445,0.0026571893579566213,True
GaussianBudget50M_LinearMinTime,Ski_2023-CASTF-001676,20230820,16,pyrologix,9,109-64,2023,0.0,0.0,-1,undetected,1,9.489961992702219e-05,5475,0.0040806836568619545,True
GaussianBudget50M_LinearMinTime,Skunk_2023-CASHF-000313,20230417,16,pyrologix,7,39-25,2023,0.0,0.0,1,drone,1,9.489961992702219e-05,3370,0.004175583276788976,True
GaussianBudget50M_LinearMinTime,Sky_2023-CASNF-000380,20230527,20,pyrologix,10,132-67,2023,0.0,0.0,0,drone,1,9.489961992702219e-05,4040,0.0040806836568619545,True
GaussianBudget50M_LinearMinTime,Sky_2023-CATCU-010394,20230807,23,pyrologix,3,118-57,2023,0.0,0.0,1,drone,1,9.489961992702219e-05,1715,0.004555181756497065,True
GaussianBudget50M_LinearMinTime,Slab_Creek_Reservoir_Camino_2023-CAAEU-010441,20230419,0,pyrologix,1,97-54,2023,0.0,0.0,0,drone,1,9.489961992702219e-05,475,0.0033214866974457763,True
GaussianBudget50M_LinearMinTime,Slide_1_2023-CAMNF-000852,20230815,13,pyrologix,10,60-26,2023,0.0,0.0,0,drone,1,9.489961992702219e-05,3865,0.0046500813764240876,True
GaussianBudget50M_LinearMinTime,Slide_2_2023-CAMNF-000854,20230815,14,pyrologix,7,67-23,2023,0.0,0.0,0,drone,1,9.489961992702219e-05,2820,0.0046500813764240876,True
GaussianBudget50M_LinearMinTime,Smith_2023-CASTF-000451,20230426,15,pyrologix,7,118-57,2023,0.0,0.0,3,drone,1,9.489961992702219e-05,3795,0.0046500813764240876,True
GaussianBudget50M_LinearMinTime,Smokey_2023-CAINF-001714,20230917,19,pyrologix,2,none,2023,0.0,0.0,-1,undetected,1,9.489961992702219e-05,0,0.0,False
GaussianBudget50M_LinearMinTime,Snag_2023-CALMU-002821,20230606,21,pyrologix,2,46-60,2023,0.0,0.0,1,drone,1,9.489961992702219e-05,1425,0.004460282136570043,True
GaussianBudget50M_LinearMinTime,Snake_2023-CAPNF-000744,20230717,13,pyrologix,11,70-57,2023,0.0,0.0,0,drone,1,9.489961992702219e-05,4450,0.0036061855572268433,True
GaussianBudget50M_LinearMinTime,Snow_2023-CABDF-015602,20231116,16,pyrologix,3,none,2023,0.0,0.0,-1,undetected,1,9.489961992702219e-05,0,0.0,False
GaussianBudget50M_LinearMinTime,Snow_2023-CASHF-001072,20230825,22,pyrologix,7,53-19,2023,0.0,0.0,2,drone,1,9.489961992702219e-05,3500,0.004555181756497065,True
GaussianBudget50M_LinearMinTime,Soda_2023-CAENF-015599,20230611,21,pyrologix,5,90-60,2023,0.0,0.0,0,drone,1,9.489961992702219e-05,2285,0.004365382516643021,True
GaussianBudget50M_LinearMinTime,Soda_2023-CASHF-000457,20230521,19,pyrologix,6,34-40,2023,0.0,0.0,3,drone,1,9.489961992702219e-05,3395,0.004555181756497065,True
GaussianBudget50M_LinearMinTime,Soldier_2023-CALAC-257321,20230801,4,pyrologix,3,206-87,2023,0.0,0.0,-1,undetected,1,9.489961992702219e-05,1525,0.004270482896715999,True
GaussianBudget50M_LinearMinTime,South_2023-CASRF-000500,20230609,19,pyrologix,4,25-20,2023,0.0,0.0,2,drone,1,9.489961992702219e-05,2740,0.004460282136570043,True
GaussianBudget50M_LinearMinTime,South_2023-CASRF-000646,20230705,0,pyrologix,5,39-18,2023,0.0,0.0,0,drone,1,9.489961992702219e-05,2105,0.004365382516643021,True
GaussianBudget50M_LinearMinTime,Spanish_2023-CASNF-000527,20230612,15,pyrologix,4,none,2023,0.0,0.0,-1,undetected,1,9.489961992702219e-05,0,0.0,False
GaussianBudget50M_LinearMinTime,Spaulding_2023-CAMDF-000211,20230605,16,pyrologix,11,39-63,2023,0.0,0.0,0,drone,1,9.489961992702219e-05,4215,0.0046500813764240876,True
GaussianBudget50M_LinearMinTime,Spillway_2023-CALAC-386515,20231111,3,pyrologix,3,none,2023,0.0,0.0,-1,undetected,1,9.489961992702219e-05,0,0.0,False
GaussianBudget50M_LinearMinTime,Spot_2023-CABDF-005844,20230408,16,pyrologix,5,225-101,2023,0.0,0.0,0,drone,1,9.489961992702219e-05,2035,0.004460282136570043,True
GaussianBudget50M_LinearMinTime,Spring_2023-CAMDF-000733,20230826,13,pyrologix,12,39-63,2023,0.0,0.0,1,drone,1,9.489961992702219e-05,4930,0.0046500813764240876,True
GaussianBudget50M_LinearMinTime,Spring_2023-CAPNF-000278,20230519,15,pyrologix,10,77-62,2023,0.0,0.0,0,drone,1,9.489961992702219e-05,3680,0.0046500813764240876,True
GaussianBudget50M_LinearMinTime,Spring_2023-CASHF-001191,20230916,20,pyrologix,6,46-21,2023,0.0,0.0,0,drone,1,9.489961992702219e-05,2530,0.004460282136570043,True
GaussianBudget50M_LinearMinTime,Spring_2023-CASTF-001996,20230913,19,pyrologix,6,118-57,2023,0.0,0.0,4,drone,1,9.489961992702219e-05,3740,0.0046500813764240876,True
GaussianBudget50M_LinearMinTime,Spring_2023-CATNF-000557,20230601,14,pyrologix,12,77-62,2023,0.0,0.0,0,drone,1,9.489961992702219e-05,4610,0.0046500813764240876,True
GaussianBudget50M_LinearMinTime,Springs_2023-CACNF-000760,20230416,7,pyrologix,11,none,2023,0.0,0.0,-1,undetected,1,9.489961992702219e-05,0,0.0,False
GaussianBudget50M_LinearMinTime,Springs_2_2023-CACNF-000822,20230425,10,pyrologix,5,none,2023,0.0,0.0,-1,undetected,1,9.489961992702219e-05,0,0.0,False
GaussianBudget50M_LinearMinTime,Spur_2023-CAPNF-000428,20230607,17,pyrologix,9,63-64,2023,0.0,0.0,0,drone,1,9.489961992702219e-05,3510,0.004175583276788976,True
GaussianBudget50M_LinearMinTime,Squaw_2023-CABTU-008770,20230514,0,pyrologix,5,77-48,2023,0.0,0.0,0,drone,1,9.489961992702219e-05,2010,0.004270482896715999,True
GaussianBudget50M_LinearMinTime,Squaw_2023-CALPF-001664,20230701,9,pyrologix,12,none,2023,0.0,0.0,-1,undetected,1,9.489961992702219e-05,0,0.0,False
GaussianBudget50M_LinearMinTime,Squirrel_2023-CASHF-000989,20230815,20,pyrologix,4,39-32,2023,0.0,0.0,0,drone,1,9.489961992702219e-05,1875,0.004365382516643021,True
GaussianBudget50M_LinearMinTime,Stage_2023-CASKU-003070,20230423,1,pyrologix,3,34-40,2023,0.0,0.0,0,drone,1,9.489961992702219e-05,1500,0.003985784036934932,True
GaussianBudget50M_LinearMinTime,Staging_2023-CALPF-002221,20230810,13,pyrologix,11,none,2023,0.0,0.0,-1,undetected,1,9.489961992702219e-05,0,0.0,False
GaussianBudget50M_LinearMinTime,Stampede_2023-CATNF-000456,20230520,16,pyrologix,11,84-67,2023,0.0,0.0,0,drone,1,9.489961992702219e-05,4315,0.004365382516643021,True
GaussianBudget50M_LinearMinTime,Stan_2023-CASTF-001612,20230817,15,pyrologix,5,109-64,2023,0.0,0.0,1,drone,1,9.489961992702219e-05,2265,0.0040806836568619545,True
GaussianBudget50M_LinearMinTime,Star_2023-CACNF-002537,20230912,16,pyrologix,8,none,2023,0.0,0.0,-1,undetected,1,9.489961992702219e-05,0,0.0,False
GaussianBudget50M_LinearMinTime,Star_2023-CASTF-000464,20230427,18,pyrologix,8,111-58,2023,0.0,0.0,0,drone,1,9.489961992702219e-05,2940,0.0046500813764240876,True
GaussianBudget50M_LinearMinTime,Stine_2023-CASQF-001101,20230703,15,pyrologix,12,172-80,2023,0.0,0.0,0,drone,1,9.489961992702219e-05,4230,0.0046500813764240876,True
GaussianBudget50M_LinearMinTime,Stock_2023-CAMDF-000937,20230919,17,pyrologix,10,none,2023,0.0,0.0,-1,undetected,1,9.489961992702219e-05,0,0.0,False
GaussianBudget50M_LinearMinTime,Stone_2023-CABDF-006328,20230421,15,pyrologix,10,none,2023,0.0,0.0,-1,undetected,1,9.489961992702219e-05,0,0.0,False
GaussianBudget50M_LinearMinTime,Stone_2023-CASHF-000695,20230628,22,pyrologix,12,53-26,2023,0.0,0.0,0,drone,1,9.489961992702219e-05,5025,0.004555181756497065,True
GaussianBudget50M_LinearMinTime,Stoneridge_2023-CACNF-001060,20230524,22,pyrologix,7,none,2023,0.0,0.0,-1,undetected,1,9.489961992702219e-05,0,0.0,False
GaussianBudget50M_LinearMinTime,Stones_2023-CAKNF-005095,20230625,17,pyrologix,3,25-33,2023,0.0,0.0,-1,undetected,1,9.489961992702219e-05,650,0.002941888217737688,True
GaussianBudget50M_LinearMinTime,Straw_2023-CASTF-001550,20230814,22,pyrologix,10,109-64,2023,0.0,0.0,0,drone,1,9.489961992702219e-05,3935,0.0040806836568619545,True
GaussianBudget50M_LinearMinTime,Stuart_2023-CASHF-000544,20230606,11,pyrologix,11,39-32,2023,0.0,0.0,0,drone,1,9.489961992702219e-05,4175,0.004460282136570043,True
GaussianBudget50M_LinearMinTime,Stump_2023-CAKNF-000706,20230125,13,pyrologix,6,20-40,2023,0.0,0.0,0,drone,1,9.489961992702219e-05,2300,0.004365382516643021,True
GaussianBudget50M_LinearMinTime,Sugar_2023-CANEU-018360,20230701,11,pyrologix,5,90-54,2023,0.0,0.0,-1,undetected,1,9.489961992702219e-05,4135,0.0034163863173727986,True
GaussianBudget50M_LinearMinTime,Sugar_2023-CASTF-001969,20230911,13,pyrologix,6,111-58,2023,0.0,0.0,2,drone,1,9.489961992702219e-05,2995,0.0046500813764240876,True
GaussianBudget50M_LinearMinTime,Sugar_2023-CATNF-000854,20230701,9,pyrologix,11,90-54,2023,0.0,0.0,2,drone,1,9.489961992702219e-05,5025,0.003511285937299821,True
GaussianBudget50M_LinearMinTime,Sugarloaf_2023-CABDF-017660,20231212,18,pyrologix,5,none,2023,0.0,0.0,-1,undetected,1,9.489961992702219e-05,0,0.0,False
GaussianBudget50M_LinearMinTime,Sulpher_2023-CASHF-000992,20230815,22,pyrologix,3,46-21,2023,0.0,0.0,1,drone,1,9.489961992702219e-05,1750,0.004460282136570043,True
GaussianBudget50M_LinearMinTime,Sulphur_2_2023-CAINF-001392,20230818,22,pyrologix,9,none,2023,0.0,0.0,-1,undetected,1,9.489961992702219e-05,0,0.0,False
GaussianBudget50M_LinearMinTime,Summit_2023-CASHU-006574,20230624,0,pyrologix,8,46-28,2023,0.0,0.0,0,drone,1,9.489961992702219e-05,3205,0.004555181756497065,True
GaussianBudget50M_LinearMinTime,Summit_2023-CASNF-001403,20230909,20,pyrologix,8,131-73,2023,0.0,0.0,1,drone,1,9.489961992702219e-05,3855,0.004460282136570043,True
GaussianBudget50M_LinearMinTime,Sunrise_2023-CACNF-002091,20230805,7,pyrologix,6,none,2023,0.0,0.0,-1,undetected,1,9.489961992702219e-05,0,0.0,False
GaussianBudget50M_LinearMinTime,Sutherland_2023-CACNF-001178,20230603,23,pyrologix,2,none,2023,0.0,0.0,-1,undetected,1,9.489961992702219e-05,0,0.0,False
GaussianBudget50M_LinearMinTime,Swanson_2023-CAKNF-005094,20230625,12,pyrologix,12,18-33,2023,0.0,0.0,0,drone,1,9.489961992702219e-05,4720,0.004460282136570043,True
GaussianBudget50M_LinearMinTime,Sweetbrier_2023-CASHF-001012,20230818,6,pyrologix,11,41-39,2023,0.0,0.0,0,drone,1,9.489961992702219e-05,4275,0.004460282136570043,True
GaussianBudget50M_LinearMinTime,Swift_2023-CASHF-000972,20230815,10,pyrologix,8,39-32,2023,0.0,0.0,0,drone,1,9.489961992702219e-05,3255,0.004460282136570043,True
GaussianBudget50M_LinearMinTime,Swillup_2023-CAKNF-006937,20230815,13,pyrologix,2,23-25,2023,0.0,0.0,0,drone,1,9.489961992702219e-05,735,0.003795984797080888,True
GaussianBudget50M_LinearMinTime,Swimming_Hole_2023-CAPNF-001425,20230930,1,pyrologix,4,64-56,2023,0.0,0.0,0,drone,1,9.489961992702219e-05,1875,0.003795984797080888,True
GaussianBudget50M_LinearMinTime,Table_2023-CATNF-000622,20230606,17,pyrologix,2,83-56,2023,0.0,0.0,0,drone,1,9.489961992702219e-05,1000,0.004175583276788976,True
GaussianBudget50M_LinearMinTime,Tadpole_2023-CATNF-001289,20230816,23,pyrologix,4,90-60,2023,0.0,0.0,-1,undetected,1,9.489961992702219e-05,4140,0.004460282136570043,True
GaussianBudget50M_LinearMinTime,Tailgate_2023-CALPF-001952,20230722,14,pyrologix,6,none,2023,0.0,0.0,-1,undetected,1,9.489961992702219e-05,0,0.0,False
GaussianBudget50M_LinearMinTime,Tamarack_2023-CAPNF-001273,20230908,18,pyrologix,1,76-55,2023,0.0,0.0,-1,undetected,1,9.489961992702219e-05,2565,0.0040806836568619545,True
GaussianBudget50M_LinearMinTime,Tank_2023-CAMDF-000569,20230818,10,pyrologix,10,none,2023,0.0,0.0,-1,undetected,1,9.489961992702219e-05,0,0.0,False
GaussianBudget50M_LinearMinTime,Tanker_2023-CAANF-002610,20230808,23,pyrologix,3,none,2023,0.0,0.0,-1,undetected,1,9.489961992702219e-05,0,0.0,False
GaussianBudget50M_LinearMinTime,Tanker_2023-CALAC-266211,20230808,0,pyrologix,1,none,2023,0.0,0.0,-1,undetected,1,9.489961992702219e-05,0,0.0,False
GaussianBudget50M_LinearMinTime,Tanner_2023-CAKNF-008087,20230917,3,pyrologix,2,32-33,2023,0.0,0.0,0,drone,1,9.489961992702219e-05,1020,0.0037010851771538656,True
GaussianBudget50M_LinearMinTime,Taylor_2023-CAINF-001071,20230719,17,pyrologix,9,none,2023,0.0,0.0,-1,undetected,1,9.489961992702219e-05,0,0.0,False
GaussianBudget50M_LinearMinTime,Taylorsville_2023-CAPNF-001563,20231105,13,pyrologix,9,64-56,2023,0.0,0.0,0,drone,1,9.489961992702219e-05,3570,0.00389088441700791,True
GaussianBudget50M_LinearMinTime,Tea_2023-CASNF-001395,20230909,13,pyrologix,11,none,2023,0.0,0.0,-1,undetected,1,9.489961992702219e-05,0,0.0,False
GaussianBudget50M_LinearMinTime,Tecuya_2023-CALPF-002100,20230802,12,pyrologix,6,none,2023,0.0,0.0,-1,undetected,1,9.489961992702219e-05,0,0.0,False
GaussianBudget50M_LinearMinTime,Telephone_2023-CASHF-001189,20230916,17,pyrologix,11,53-26,2023,0.0,0.0,2,drone,1,9.489961992702219e-05,5135,0.004555181756497065,True
GaussianBudget50M_LinearMinTime,Thatcher_2023-CAMNF-000495,20230625,20,pyrologix,5,67-23,2023,0.0,0.0,2,drone,1,9.489961992702219e-05,2775,0.0046500813764240876,True
GaussianBudget50M_LinearMinTime,Thompson_2023-CASTF-001742,20230827,0,pyrologix,6,118-64,2023,0.0,0.0,1,drone,1,9.489961992702219e-05,2570,0.004555181756497065,True
GaussianBudget50M_LinearMinTime,Three_Creeks_2023-CAKNF-007001,20230816,0,pyrologix,7,23-25,2023,0.0,0.0,0,drone,1,9.489961992702219e-05,2820,0.0046500813764240876,True
GaussianBudget50M_LinearMinTime,Thurman_2023-CABDF-017306,20231206,20,pyrologix,8,none,2023,0.0,0.0,-1,undetected,1,9.489961992702219e-05,0,0.0,False
GaussianBudget50M_LinearMinTime,Tierra_2023-CAENF-014309,20230529,18,pyrologix,12,90-54,2023,0.0,0.0,0,drone,1,9.489961992702219e-05,4880,0.0034163863173727986,True
GaussianBudget50M_LinearMinTime,Timber_2023-CAMMU-011033,20230525,19,pyrologix,12,125-57,2023,0.0,0.0,-1,undetected,1,9.489961992702219e-05,4235,0.004555181756497065,True
GaussianBudget50M_LinearMinTime,Timber_2023-CASHU-008929,20230815,12,pyrologix,2,44-53,2023,0.0,0.0,4,drone,1,9.489961992702219e-05,2235,0.004460282136570043,True
GaussianBudget50M_LinearMinTime,Tire_2023-CAANF-001601,20230618,19,pyrologix,4,none,2023,0.0,0.0,-1,undetected,1,9.489961992702219e-05,0,0.0,False
GaussianBudget50M_LinearMinTime,Titmouse_2023-CAKNF-007216,20230822,21,pyrologix,7,32-26,2023,0.0,0.0,2,drone,1,9.489961992702219e-05,3640,0.0046500813764240876,True
GaussianBudget50M_LinearMinTime,Titus_2023-CAKNF-006950,20230815,14,pyrologix,4,none,2023,0.0,0.0,-1,undetected,1,9.489961992702219e-05,0,0.0,False
GaussianBudget50M_LinearMinTime,Tnf-Forest_2023-CANEU-016816,20230616,17,pyrologix,2,90-60,2023,0.0,0.0,0,drone,1,9.489961992702219e-05,1125,0.004175583276788976,True
GaussianBudget50M_LinearMinTime,Townsend_2023-CAKNF-007031,20230816,19,pyrologix,6,25-33,2023,0.0,0.0,0,drone,1,9.489961992702219e-05,650,0.002941888217737688,True
GaussianBudget50M_LinearMinTime,Track_2023-CABDF-011906,20230829,18,pyrologix,11,206-87,2023,0.0,0.0,-1,undetected,1,9.489961992702219e-05,1525,0.004270482896715999,True
GaussianBudget50M_LinearMinTime,Trail_2023-CAKNF-004558,20230610,16,pyrologix,8,20-40,2023,0.0,0.0,0,drone,1,9.489961992702219e-05,2995,0.004460282136570043,True
GaussianBudget50M_LinearMinTime,Trail_2023-CALNF-002794,20230606,21,pyrologix,9,51-53,2023,0.0,0.0,1,drone,1,9.489961992702219e-05,4115,0.004460282136570043,True
GaussianBudget50M_LinearMinTime,Trail_2023-CASKU-006612,20230806,22,pyrologix,7,27-40,2023,0.0,0.0,0,drone,1,9.489961992702219e-05,2870,0.004460282136570043,True
GaussianBudget50M_LinearMinTime,Trail_2023-CATMU-021397,20230805,10,pyrologix,11,none,2023,0.0,0.0,-1,undetected,1,9.489961992702219e-05,0,0.0,False
GaussianBudget50M_LinearMinTime,Trail_2023-CATNF-001137,20230729,20,pyrologix,4,83-56,2023,0.0,0.0,4,drone,1,9.489961992702219e-05,3175,0.004365382516643021,True
GaussianBudget50M_LinearMinTime,Training_2_2023-CACND-000002,20230102,14,pyrologix,4,172-74,2023,0.0,0.0,-1,undetected,1,9.489961992702219e-05,845,0.003795984797080888,True
GaussianBudget50M_LinearMinTime,Trash_2023-CAINF-000843,20230629,21,pyrologix,1,none,2023,0.0,0.0,-1,undetected,1,9.489961992702219e-05,0,0.0,False
GaussianBudget50M_LinearMinTime,Treasure_2023-CATNF-001279,20230815,14,pyrologix,6,84-67,2023,0.0,0.0,0,drone,1,9.489961992702219e-05,2620,0.004270482896715999,True
GaussianBudget50M_LinearMinTime,Tree_2023-CASTF-001544,20230814,19,pyrologix,12,109-64,2023,0.0,0.0,-1,undetected,1,9.489961992702219e-05,6575,0.0040806836568619545,True
GaussianBudget50M_LinearMinTime,Trout_2023-CALNF-006021,20231104,20,pyrologix,5,51-53,2023,0.0,0.0,0,drone,1,9.489961992702219e-05,2070,0.00389088441700791,True
GaussianBudget50M_LinearMinTime,Trout_2023-CASTF-001979,20230912,22,pyrologix,6,none,2023,0.0,0.0,-1,undetected,1,9.489961992702219e-05,0,0.0,False
GaussianBudget50M_LinearMinTime,Tunnel_2023-CASQF-000909,20230620,12,pyrologix,6,none,2023,0.0,0.0,-1,undetected,1,9.489961992702219e-05,0,0.0,False
GaussianBudget50M_LinearMinTime,Tunnel_2023-CASRF-000823,20230728,20,pyrologix,7,16-26,2023,0.0,0.0,2,drone,1,9.489961992702219e-05,3740,0.004555181756497065,True
GaussianBudget50M_LinearMinTime,Turkey_2023-CALPF-000763,20230405,12,pyrologix,8,none,2023,0.0,0.0,-1,undetected,1,9.489961992702219e-05,0,0.0,False
GaussianBudget50M_LinearMinTime,Turner_2023-CAMDF-000874,20230906,20,pyrologix,6,none,2023,0.0,0.0,-1,undetected,1,9.489961992702219e-05,0,0.0,False
GaussianBudget50M_LinearMinTime,Twain_2023-CAPNF-000275,20230519,4,pyrologix,2,64-56,2023,0.0,0.0,0,drone,1,9.489961992702219e-05,1025,0.0036061855572268433,True
GaussianBudget50M_LinearMinTime,Twin_2023-CAANF-001960,20230703,17,pyrologix,4,206-87,2023,0.0,0.0,-1,undetected,1,9.489961992702219e-05,1525,0.004270482896715999,True
GaussianBudget50M_LinearMinTime,Twin_2023-CALNF-004089,20230803,16,pyrologix,10,51-53,2023,0.0,0.0,5,drone,1,9.489961992702219e-05,6045,0.004460282136570043,True
GaussianBudget50M_LinearMinTime,Tyler_2023-CAKNF-005133,20230626,9,pyrologix,12,25-33,2023,0.0,0.0,0,drone,1,9.489961992702219e-05,650,0.002941888217737688,True
GaussianBudget50M_LinearMinTime,Ufish_2023-CAKNF-007029,20230816,19,pyrologix,4,23-25,2023,0.0,0.0,0,drone,1,9.489961992702219e-05,1540,0.0040806836568619545,True
GaussianBudget50M_LinearMinTime,Uncle_2023-CAKNF-008107,20230917,19,pyrologix,2,none,2023,0.0,0.0,-1,undetected,1,9.489961992702219e-05,0,0.0,False
GaussianBudget50M_LinearMinTime,Underwood_2023-CASTF-001617,20230817,21,pyrologix,1,none,2023,0.0,0.0,-1,undetected,1,9.489961992702219e-05,0,0.0,False
GaussianBudget50M_LinearMinTime,Upper_2023-CACNF-001655,20230708,15,pyrologix,4,none,2023,0.0,0.0,-1,undetected,1,9.489961992702219e-05,0,0.0,False
GaussianBudget50M_LinearMinTime,Upper_2023-CASHF-000983,20230815,14,pyrologix,10,39-32,2023,0.0,0.0,0,drone,1,9.489961992702219e-05,3945,0.004460282136570043,True
GaussianBudget50M_LinearMinTime,Valencia_2023-CANEU-015694,20230604,18,pyrologix,12,83-56,2023,0.0,0.0,0,drone,1,9.489961992702219e-05,4440,0.004365382516643021,True
GaussianBudget50M_LinearMinTime,Valley_2023-CAKNF-005234,20230628,16,pyrologix,9,25-33,2023,0.0,0.0,0,drone,1,9.489961992702219e-05,650,0.002941888217737688,True
GaussianBudget50M_LinearMinTime,Valley_2023-CAMDF-000562,20230818,22,pyrologix,7,none,2023,0.0,0.0,-1,undetected,1,9.489961992702219e-05,0,0.0,False
GaussianBudget50M_LinearMinTime,Valley_2023-CAPNF-000709,20230711,18,pyrologix,6,76-55,2023,0.0,0.0,0,drone,1,9.489961992702219e-05,2455,0.0040806836568619545,True
GaussianBudget50M_LinearMinTime,Valley_2023-CASHF-000600,20230615,18,pyrologix,12,46-21,2023,0.0,0.0,0,drone,1,9.489961992702219e-05,5045,0.004555181756497065,True
GaussianBudget50M_LinearMinTime,Vann_2023-CAKNF-007350,20230826,20,pyrologix,11,23-25,2023,0.0,0.0,2,drone,1,9.489961992702219e-05,5015,0.0046500813764240876,True
GaussianBudget50M_LinearMinTime,Viejas_2023-CACNF-002123,20230807,22,pyrologix,9,none,2023,0.0,0.0,-1,undetected,1,9.489961992702219e-05,0,0.0,False
GaussianBudget50M_LinearMinTime,Viejas_2_2023-CACNF-002645,20230924,15,pyrologix,10,none,2023,0.0,0.0,-1,undetected,1,9.489961992702219e-05,0,0.0,False
GaussianBudget50M_LinearMinTime,Vista_2023-CAANF-002138,20230710,22,pyrologix,1,none,2023,0.0,0.0,-1,undetected,1,9.489961992702219e-05,0,0.0,False
GaussianBudget50M_LinearMinTime,Vista_2023-CAINF-001907,20231021,20,pyrologix,1,none,2023,0.0,0.0,-1,undetected,1,9.489961992702219e-05,0,0.0,False
GaussianBudget50M_LinearMinTime,Vista_2023-CALAC-216296,20230630,19,pyrologix,3,none,2023,0.0,0.0,-1,undetected,1,9.489961992702219e-05,0,0.0,False
GaussianBudget50M_LinearMinTime,Vista_2023-CASTF-001614,20230817,19,pyrologix,1,109-64,2023,0.0,0.0,-1,undetected,1,9.489961992702219e-05,2565,0.0040806836568619545,True
GaussianBudget50M_LinearMinTime,Vogel_2023-CAANF-001973,20230703,17,pyrologix,8,none,2023,0.0,0.0,-1,undetected,1,9.489961992702219e-05,0,0.0,False
GaussianBudget50M_LinearMinTime,Vogel_2023-CALAC-220317,20230703,17,pyrologix,9,none,2023,0.0,0.0,-1,undetected,1,9.489961992702219e-05,0,0.0,False
GaussianBudget50M_LinearMinTime,Volcano_2023-CASHU-001661,20230215,14,pyrologix,2,44-53,2023,0.0,0.0,0,drone,1,9.489961992702219e-05,965,0.0040806836568619545,True
GaussianBudget50M_LinearMinTime,Votaw_2023-CAENF-022401,20230816,19,pyrologix,11,none,2023,0.0,0.0,-1,undetected,1,9.489961992702219e-05,0,0.0,False
GaussianBudget50M_LinearMinTime,Wagner_2023-CAMMU-020253,20230910,21,pyrologix,1,118-57,2023,0.0,0.0,0,drone,1,9.489961992702219e-05,640,0.00389088441700791,True
GaussianBudget50M_LinearMinTime,Wagon_2_2023-CAANF-233724,20231110,20,pyrologix,1,none,2023,0.0,0.0,-1,undetected,1,9.489961992702219e-05,0,0.0,False
GaussianBudget50M_LinearMinTime,Wall_2023-CATNF-000797,20230624,12,pyrologix,9,90-54,2023,0.0,0.0,0,drone,1,9.489961992702219e-05,3485,0.0034163863173727986,True
GaussianBudget50M_LinearMinTime,Walls_2023-CANEU-018722,20230703,17,pyrologix,7,83-56,2023,0.0,0.0,0,drone,1,9.489961992702219e-05,2815,0.004270482896715999,True
GaussianBudget50M_LinearMinTime,Walter_2023-CALAC-272893,20230813,1,pyrologix,10,none,2023,0.0,0.0,-1,undetected,1,9.489961992702219e-05,0,0.0,False
GaussianBudget50M_LinearMinTime,Wash_2023-CABDF-012288,20230913,22,pyrologix,12,none,2023,0.0,0.0,-1,undetected,1,9.489961992702219e-05,0,0.0,False
GaussianBudget50M_LinearMinTime,Waterhouse_2023-CASTF-001923,20230909,20,pyrologix,7,109-64,2023,0.0,0.0,-1,undetected,1,9.489961992702219e-05,4775,0.0040806836568619545,True
GaussianBudget50M_LinearMinTime,Waterman_2023-CASHF-000540,20230606,3,pyrologix,2,41-39,2023,0.0,0.0,0,drone,1,9.489961992702219e-05,1055,0.0040806836568619545,True
GaussianBudget50M_LinearMinTime,Watson_2023-CATMU-028805,20231019,21,pyrologix,4,none,2023,0.0,0.0,-1,undetected,1,9.489961992702219e-05,0,0.0,False
GaussianBudget50M_LinearMinTime,Way_2023-CALPF-002417,20230825,20,pyrologix,9,none,2023,0.0,0.0,-1,undetected,1,9.489961992702219e-05,0,0.0,False
GaussianBudget50M_LinearMinTime,Weaver_2023-CASHU-007652,20230715,18,pyrologix,11,46-28,2023,0.0,0.0,0,drone,1,9.489961992702219e-05,4290,0.0046500813764240876,True
GaussianBudget50M_LinearMinTime,Webber_2023-CATNF-001274,20230814,23,pyrologix,2,none,2023,0.0,0.0,-1,undetected,1,9.489961992702219e-05,0,0.0,False
GaussianBudget50M_LinearMinTime,Weber_2023-CASHF-000689,20230628,0,pyrologix,1,39-32,2023,0.0,0.0,0,drone,1,9.489961992702219e-05,555,0.0034163863173727986,True
GaussianBudget50M_LinearMinTime,Wemple_2023-CAPNF-000406,20230605,17,pyrologix,8,63-64,2023,0.0,0.0,0,drone,1,9.489961992702219e-05,3280,0.004175583276788976,True
GaussianBudget50M_LinearMinTime,Wentworth_2023-CAENF-023260,20230824,20,pyrologix,9,90-60,2023,0.0,0.0,0,drone,1,9.489961992702219e-05,3890,0.004460282136570043,True
GaussianBudget50M_LinearMinTime,West_2023-CAANF-233948,20231202,15,pyrologix,8,none,2023,0.0,0.0,-1,undetected,1,9.489961992702219e-05,0,0.0,False
GaussianBudget50M_LinearMinTime,West_2023-CASHF-001013,20230818,9,pyrologix,9,34-40,2023,0.0,0.0,0,drone,1,9.489961992702219e-05,3595,0.004555181756497065,True
GaussianBudget50M_LinearMinTime,Western_2023-CABDF-010700,20230728,14,pyrologix,11,206-87,2023,0.0,0.0,-1,undetected,1,9.489961992702219e-05,1525,0.004270482896715999,True
GaussianBudget50M_LinearMinTime,Wheeler_2023-CAINF-001307,20230813,4,pyrologix,11,none,2023,0.0,0.0,-1,undetected,1,9.489961992702219e-05,0,0.0,False
GaussianBudget50M_LinearMinTime,Whiskey_2023-CAKNF-007181,20230821,19,pyrologix,12,none,2023,0.0,0.0,-1,undetected,1,9.489961992702219e-05,0,0.0,False
GaussianBudget50M_LinearMinTime,Whit_2023-CASTF-001582,20230815,22,pyrologix,2,109-64,2023,0.0,0.0,0,drone,1,9.489961992702219e-05,790,0.0040806836568619545,True
GaussianBudget50M_LinearMinTime,Whitaker_2023-CALAC-325637,20230923,1,pyrologix,1,none,2023,0.0,0.0,-1,undetected,1,9.489961992702219e-05,0,0.0,False
GaussianBudget50M_LinearMinTime,White_2023-CASKU-006984,20230815,21,pyrologix,2,37-52,2023,0.0,0.0,0,drone,1,9.489961992702219e-05,1120,0.004555181756497065,True
GaussianBudget50M_LinearMinTime,Whitlow_2023-CASHF-000977,20230815,11,pyrologix,9,41-39,2023,0.0,0.0,0,drone,1,9.489961992702219e-05,3350,0.004175583276788976,True
GaussianBudget50M_LinearMinTime,Whitney_2023-CAINF-001878,20231016,22,pyrologix,7,none,2023,0.0,0.0,-1,undetected,1,9.489961992702219e-05,0,0.0,False
GaussianBudget50M_LinearMinTime,Whitney_2023-CASHF-000753,20230706,0,pyrologix,10,28-47,2023,0.0,0.0,-1,undetected,1,9.489961992702219e-05,1485,0.004270482896715999,True
GaussianBudget50M_LinearMinTime,Wilcox_2023-CAPNF-001380,20230919,12,pyrologix,12,63-64,2023,0.0,0.0,-1,undetected,1,9.489961992702219e-05,6650,0.004175583276788976,True
GaussianBudget50M_LinearMinTime,Wild_2023-CABDF-010665,20230727,17,pyrologix,11,225-101,2023,0.0,0.0,-1,undetected,1,9.489961992702219e-05,5955,0.0046500813764240876,True
GaussianBudget50M_LinearMinTime,Wildcat_2023-CAPNF-000490,20230614,16,pyrologix,2,63-64,2023,0.0,0.0,1,drone,1,9.489961992702219e-05,1180,0.0040806836568619545,True
GaussianBudget50M_LinearMinTime,Wildcat_2023-CASHF-001011,20230818,4,pyrologix,7,41-39,2023,0.0,0.0,1,drone,1,9.489961992702219e-05,3140,0.004175583276788976,True
GaussianBudget50M_LinearMinTime,Wildcat_2023-CASNF-000555,20230617,23,pyrologix,11,146-71,2023,0.0,0.0,0,drone,1,9.489961992702219e-05,4270,0.004365382516643021,True
GaussianBudget50M_LinearMinTime,Wildwood_2023-CASHF-000646,20230622,5,pyrologix,4,46-28,2023,0.0,0.0,0,drone,1,9.489961992702219e-05,1835,0.0040806836568619545,True
GaussianBudget50M_LinearMinTime,Wilfred_2023-CAINF-001084,20230721,0,pyrologix,8,none,2023,0.0,0.0,-1,undetected,1,9.489961992702219e-05,0,0.0,False
GaussianBudget50M_LinearMinTime,Williams_2023-CAPNF-000848,20230801,15,pyrologix,9,70-57,2023,0.0,0.0,0,drone,1,9.489961992702219e-05,3740,0.0036061855572268433,True
GaussianBudget50M_LinearMinTime,Willow_2023-CAKNF-004131,20230529,14,pyrologix,4,21-47,2023,0.0,0.0,0,drone,1,9.489961992702219e-05,1700,0.0036061855572268433,True
GaussianBudget50M_LinearMinTime,Willow_2023-CALNF-004262,20230812,15,pyrologix,5,58-54,2023,0.0,0.0,0,drone,1,9.489961992702219e-05,2060,0.004365382516643021,True
GaussianBudget50M_LinearMinTime,Willow_2023-CAMDF-000586,20230819,20,pyrologix,10,47-67,2023,0.0,0.0,0,drone,1,9.489961992702219e-05,3690,0.0046500813764240876,True
GaussianBudget50M_LinearMinTime,Willow_2023-CAMDF-000932,20230919,20,pyrologix,10,none,2023,0.0,0.0,-1,undetected,1,9.489961992702219e-05,0,0.0,False
GaussianBudget50M_LinearMinTime,Willow_2023-CASQF-002141,20230930,22,pyrologix,4,172-74,2023,0.0,0.0,-1,undetected,1,9.489961992702219e-05,845,0.003795984797080888,True
GaussianBudget50M_LinearMinTime,Willow_2023-CASRF-000519,20230612,21,pyrologix,4,39-18,2023,0.0,0.0,1,drone,1,9.489961992702219e-05,1975,0.004365382516643021,True
GaussianBudget50M_LinearMinTime,Wimer_2023-CASRF-001057,20230825,13,pyrologix,12,none,2023,0.0,0.0,-1,undetected,1,9.489961992702219e-05,0,0.0,False
GaussianBudget50M_LinearMinTime,Woodchopper_2023-CAKNF-004638,20230612,14,pyrologix,12,20-40,2023,0.0,0.0,0,drone,1,9.489961992702219e-05,4310,0.004460282136570043,True
GaussianBudget50M_LinearMinTime,Woodchuck_2023-CATNF-001500,20230915,18,pyrologix,4,none,2023,0.0,0.0,-1,undetected,1,9.489961992702219e-05,0,0.0,False
GaussianBudget50M_LinearMinTime,Wooded_2023-CACNF-000705,20230409,23,pyrologix,1,none,2023,0.0,0.0,-1,undetected,1,9.489961992702219e-05,0,0.0,False
GaussianBudget50M_LinearMinTime,Woods_2023-CASHF-000928,20230807,16,pyrologix,2,49-41,2023,0.0,0.0,-1,undetected,1,9.489961992702219e-05,2765,0.0040806836568619545,True
GaussianBudget50M_LinearMinTime,Woodtick_2023-CASRF-000531,20230614,21,pyrologix,2,25-20,2023,0.0,0.0,0,drone,1,9.489961992702219e-05,815,0.0034163863173727986,True
GaussianBudget50M_LinearMinTime,Work_2023-CAANF-002022,20230705,2,pyrologix,7,none,2023,0.0,0.0,-1,undetected,1,9.489961992702219e-05,0,0.0,False
GaussianBudget50M_LinearMinTime,Yankee_2023-CASQF-000539,20230515,13,pyrologix,7,172-80,2023,0.0,0.0,0,drone,1,9.489961992702219e-05,2545,0.0046500813764240876,True
GaussianBudget50M_LinearMinTime,Yellow_2023-CASKU-005548,20230706,21,pyrologix,11,28-47,2023,0.0,0.0,-1,undetected,1,9.489961992702219e-05,1485,0.004270482896715999,True
GaussianBudget50M_LinearMinTime,Young_2023-CAMDF-000198,20230530,0,pyrologix,2,none,2023,0.0,0.0,-1,undetected,1,9.489961992702219e-05,0,0.0,False
GaussianBudget50M_LinearMinTime,Yreka_2023-CASKU-004527,20230609,22,pyrologix,1,20-40,2023,0.0,0.0,0,drone,1,9.489961992702219e-05,595,0.0034163863173727986,True
GaussianBudget50M_LinearMinTime,Zot_2023-CASHF-000494,20230528,19,pyrologix,7,35-47,2023,0.0,0.0,0,drone,1,9.489961992702219e-05,2830,0.004555181756497065,True
