strategy_combo,scenario_name,date,sim_start_hour,log_key,offset,cluster,year,routing_compute_seconds,sim_replay_seconds,delta_t,device,fire_size_cells,fire_size_percentage,total_distance_traveled,percentage_map_explored,routed
GaussianBudget75M_LinearMinTime,1-3_Mccoy_2023-CALMU-003270,20230627,0,pyrologix,1,60-61,2023,0.0,0.0017388639971613884,0,drone,1,9.489961992702219e-05,450,0.0031316874575917325,True
GaussianBudget75M_LinearMinTime,3-1_Day_2023-CALMU-004305,20230815,2,pyrologix,2,none,2023,0.0,0.0022378918947651982,-1,undetected,1,9.489961992702219e-05,0,0.0,False
GaussianBudget75M_LinearMinTime,3-1_Egg_2023-CALMU-003234,20230625,16,pyrologix,2,none,2023,0.0,0.002036208985373378,-1,undetected,1,9.489961992702219e-05,0,0.0,False
GaussianBudget75M_LinearMinTime,3-3_2023-CASRF-000976,20230816,19,pyrologix,2,44-14,2023,0.0,0.003067846060730517,0,drone,1,9.489961992702219e-05,980,0.004175583276788976,True
GaussianBudget75M_LinearMinTime,3-4_2023-CAHUU-008052,20230815,15,pyrologix,1,42-15,2023,0.0,0.004280489054508507,0,drone,1,9.489961992702219e-05,750,0.003985784036934932,True
GaussianBudget75M_LinearMinTime,3-5_2023-CASRF-000975,20230816,15,pyrologix,9,42-15,2023,0.0,0.01252696302253753,1,drone,1,9.489961992702219e-05,3785,0.0046500813764240876,True
GaussianBudget75M_LinearMinTime,3-5_Buck_2023-CALMU-004384,20230818,20,pyrologix,7,48-67,2023,0.0,0.005907709011808038,1,drone,1,9.489961992702219e-05,3030,0.004460282136570043,True
GaussianBudget75M_LinearMinTime,3-9_2023-CASRF-000972,20230816,4,pyrologix,11,42-15,2023,0.0,0.01156392996199429,2,drone,1,9.489961992702219e-05,4930,0.0046500813764240876,True
GaussianBudget75M_LinearMinTime,330_2023-CABDF-011118,20230807,5,pyrologix,7,none,2023,0.0,0.002343434956856072,-1,undetected,1,9.489961992702219e-05,0,0.0,False
GaussianBudget75M_LinearMinTime,6-1_2023-CATCU-011048,20230820,12,pyrologix,8,118-56,2023,0.0,0.019083341932855546,-1,undetected,1,9.489961992702219e-05,5450,0.004555181756497065,True
GaussianBudget75M_LinearMinTime,6-6_2023-CATCU-012071,20230910,10,pyrologix,6,118-56,2023,0.0,0.004709452041424811,0,drone,1,9.489961992702219e-05,2620,0.004365382516643021,True
GaussianBudget75M_LinearMinTime,Abbot_2023-CAKNF-008113,20230917,16,pyrologix,12,28-32,2023,0.0,0.011739120935089886,3,drone,1,9.489961992702219e-05,5370,0.0046500813764240876,True
GaussianBudget75M_LinearMinTime,Adits_2023-CASQF-002240,20231016,20,pyrologix,1,172-74,2023,0.0,0.0036657529417425394,0,drone,1,9.489961992702219e-05,520,0.0034163863173727986,True
GaussianBudget75M_LinearMinTime,Agua_2023-CAANF-232390,20230725,17,pyrologix,8,none,2023,0.0,0.0023778299801051617,-1,undetected,1,9.489961992702219e-05,0,0.0,False
GaussianBudget75M_LinearMinTime,Alder_2023-CAKNF-005006,20230623,11,pyrologix,10,17-30,2023,0.0,0.019258153974078596,-1,undetected,1,9.489961992702219e-05,1795,0.004365382516643021,True
GaussianBudget75M_LinearMinTime,Alpine_2023-CABDF-009210,20230628,20,pyrologix,8,none,2023,0.0,0.002059009042568505,-1,undetected,1,9.489961992702219e-05,0,0.0,False
GaussianBudget75M_LinearMinTime,Alpine_2023-CASHF-000969,20230814,19,pyrologix,5,35-43,2023,0.0,0.003049356979317963,0,drone,1,9.489961992702219e-05,1930,0.003985784036934932,True
GaussianBudget75M_LinearMinTime,Alpine_2023-CASQF-001708,20230817,13,pyrologix,10,161-79,2023,0.0,0.003362043993547559,0,drone,1,9.489961992702219e-05,3930,0.00389088441700791,True
GaussianBudget75M_LinearMinTime,Alray_2023-CABDF-011889,20230828,16,pyrologix,11,206-88,2023,0.0,0.012223741970956326,3,drone,1,9.489961992702219e-05,5410,0.004175583276788976,True
GaussianBudget75M_LinearMinTime,Andrews_2023-CAINF-001994,20231104,10,pyrologix,11,none,2023,0.0,0.0023039779625833035,-1,undetected,1,9.489961992702219e-05,0,0.0,False
GaussianBudget75M_LinearMinTime,Anthony_2023-CAMNF-001204,20230917,20,pyrologix,12,61-19,2023,2901.614108331967,0.0036347099812701344,0,drone,1,9.489961992702219e-05,4705,0.0040806836568619545,True
GaussianBudget75M_LinearMinTime,Antlers_2023-CASHF-000837,20230720,0,pyrologix,1,42-41,2023,0.0,0.00250896904617548,0,drone,1,9.489961992702219e-05,570,0.003511285937299821,True
GaussianBudget75M_LinearMinTime,Arnica_2023-CAMDF-000853,20230903,13,pyrologix,11,none,2023,0.0,0.0023090100148692727,-1,undetected,1,9.489961992702219e-05,0,0.0,False
GaussianBudget75M_LinearMinTime,Ash_2023-CASHF-000681,20230626,19,pyrologix,7,34-50,2023,0.0,0.002691574045456946,0,drone,1,9.489961992702219e-05,2580,0.004555181756497065,True
GaussianBudget75M_LinearMinTime,Aspen_2023-CAENF-022284,20230814,17,pyrologix,9,98-62,2023,0.0,0.0041552500333637,0,drone,1,9.489961992702219e-05,3550,0.004460282136570043,True
GaussianBudget75M_LinearMinTime,Aspen_2023-CASTF-001532,20230813,10,pyrologix,10,115-63,2023,0.0,0.012780857970938087,3,drone,1,9.489961992702219e-05,4685,0.004460282136570043,True
GaussianBudget75M_LinearMinTime,Aubrey_2023-CAKNF-004323,20230604,3,pyrologix,5,21-28,2023,0.0,0.00413871998898685,0,drone,1,9.489961992702219e-05,2060,0.004555181756497065,True
GaussianBudget75M_LinearMinTime,Austin_2023-CATNF-000568,20230602,15,pyrologix,7,80-58,2023,0.0,0.018606393947266042,-1,undetected,1,9.489961992702219e-05,2225,0.004270482896715999,True
GaussianBudget75M_LinearMinTime,Avenales_2023-CALPF-002880,20231012,12,pyrologix,12,none,2023,0.0,0.002410144079476595,-1,undetected,1,9.489961992702219e-05,0,0.0,False
GaussianBudget75M_LinearMinTime,Backwards_2023-CASTF-000818,20230606,21,pyrologix,9,118-64,2023,0.0,0.003872834029607475,0,drone,1,9.489961992702219e-05,3385,0.004555181756497065,True
GaussianBudget75M_LinearMinTime,Badenaugh_2023-CATNF-000609,20230605,23,pyrologix,4,77-70,2023,0.0,0.004424576065503061,0,drone,1,9.489961992702219e-05,1745,0.0037010851771538656,True
GaussianBudget75M_LinearMinTime,Baily_2023-CASQF-000609,20230523,17,pyrologix,7,146-69,2023,2781.35162217007,0.005993606057018042,1,drone,1,9.489961992702219e-05,3000,0.0040806836568619545,True
GaussianBudget75M_LinearMinTime,Baker_2023-CASTF-001946,20230910,16,pyrologix,4,none,2023,0.0,0.002003046916797757,-1,undetected,1,9.489961992702219e-05,0,0.0,False
GaussianBudget75M_LinearMinTime,Baker_2023-CATNF-000321,20230421,14,pyrologix,11,76-51,2023,0.0,0.01965250202920288,-1,undetected,1,9.489961992702219e-05,7110,0.0040806836568619545,True
GaussianBudget75M_LinearMinTime,Bald_2023-CASHF-000982,20230815,17,pyrologix,4,42-41,2023,0.0,0.008320583961904049,2,drone,1,9.489961992702219e-05,2335,0.004270482896715999,True
GaussianBudget75M_LinearMinTime,Bald_2023-CATNF-001280,20230815,13,pyrologix,9,80-65,2023,0.0,0.019191369065083563,-1,undetected,1,9.489961992702219e-05,5370,0.0046500813764240876,True
GaussianBudget75M_LinearMinTime,Baldy_2023-CABDF-011408,20230813,20,pyrologix,1,225-101,2023,0.0,0.0025398359866812825,0,drone,1,9.489961992702219e-05,525,0.0033214866974457763,True
GaussianBudget75M_LinearMinTime,Ball_2023-CAKNF-007178,20230821,19,pyrologix,12,21-49,2023,0.0,0.0032428489066660404,0,drone,1,9.489961992702219e-05,4265,0.003511285937299821,True
GaussianBudget75M_LinearMinTime,Ballarat_2023-CAAEU-023137,20230822,21,pyrologix,4,93-54,2023,0.0,0.003011469030752778,0,drone,1,9.489961992702219e-05,1855,0.003985784036934932,True
GaussianBudget75M_LinearMinTime,Ballarat_2023-CAENF-023155,20230822,21,pyrologix,4,93-54,2023,0.0,0.0028702529380097985,0,drone,1,9.489961992702219e-05,1855,0.003985784036934932,True
GaussianBudget75M_LinearMinTime,Bar_2023-CASRF-000078,20230203,2,pyrologix,8,27-19,2023,0.0,0.01935324806254357,-1,undetected,1,9.489961992702219e-05,3210,0.004460282136570043,True
GaussianBudget75M_LinearMinTime,Bar_2023-CASTF-001950,20230910,12,pyrologix,12,111-57,2023,0.0,0.0052097749430686235,0,drone,1,9.489961992702219e-05,5100,0.004460282136570043,True
GaussianBudget75M_LinearMinTime,Barker_2023-CATNF-001310,20230818,21,pyrologix,4,none,2023,0.0,0.0020107619930058718,-1,undetected,1,9.489961992702219e-05,0,0.0,False
GaussianBudget75M_LinearMinTime,Barn_2023-CASTF-001984,20230912,18,pyrologix,9,108-64,2023,0.0,0.005271193920634687,0,drone,1,9.489961992702219e-05,3985,0.004555181756497065,True
GaussianBudget75M_LinearMinTime,Barn_2023-CATCU-007129,20230602,16,pyrologix,11,115-63,2023,0.0,0.0037021379685029387,0,drone,1,9.489961992702219e-05,3980,0.004365382516643021,True
GaussianBudget75M_LinearMinTime,Barrett_2023-CAANF-233601,20231030,1,pyrologix,11,206-88,2023,0.0,0.003803440951742232,0,drone,1,9.489961992702219e-05,4305,0.004175583276788976,True
GaussianBudget75M_LinearMinTime,Barton_2023-CABDF-007889,20230530,16,pyrologix,1,none,2023,0.0,0.0019982500234618783,-1,undetected,1,9.489961992702219e-05,0,0.0,False
GaussianBudget75M_LinearMinTime,Basin_2023-CASRF-001038,20230823,15,pyrologix,11,54-19,2023,0.0,0.005495433928444982,0,drone,1,9.489961992702219e-05,4645,0.0046500813764240876,True
GaussianBudget75M_LinearMinTime,Bass_2023-CAMMU-026739,20231129,17,pyrologix,6,135-68,2023,0.0,0.003560843993909657,0,drone,1,9.489961992702219e-05,2355,0.0046500813764240876,True
GaussianBudget75M_LinearMinTime,Battle_2023-CALNF-005206,20230923,19,pyrologix,3,51-53,2023,0.0,0.01832029700744897,-1,undetected,1,9.489961992702219e-05,3490,0.004460282136570043,True
GaussianBudget75M_LinearMinTime,Battle_2023-CAMDF-000290,20230627,13,pyrologix,10,none,2023,0.0,0.0019997350173071027,-1,undetected,1,9.489961992702219e-05,0,0.0,False
GaussianBudget75M_LinearMinTime,Baxter_2023-CATCU-016553,20231217,13,pyrologix,12,111-57,2023,0.0,0.005236897035501897,0,drone,1,9.489961992702219e-05,5100,0.004460282136570043,True
GaussianBudget75M_LinearMinTime,Beach_2023-CAINF-000389,20230430,2,pyrologix,6,none,2023,0.0,0.0019812940154224634,-1,undetected,1,9.489961992702219e-05,0,0.0,False
GaussianBudget75M_LinearMinTime,Bean_2023-CASHF-000582,20230613,0,pyrologix,6,54-26,2023,0.0,0.003336351946927607,0,drone,1,9.489961992702219e-05,2635,0.004270482896715999,True
GaussianBudget75M_LinearMinTime,Bear_2023-CAANF-002607,20230807,19,pyrologix,6,none,2023,0.0,0.002022507949732244,-1,undetected,1,9.489961992702219e-05,0,0.0,False
GaussianBudget75M_LinearMinTime,Bear_2023-CACNF-002771,20231011,14,pyrologix,8,none,2023,0.0,0.0020636320114135742,-1,undetected,1,9.489961992702219e-05,0,0.0,False
GaussianBudget75M_LinearMinTime,Bear_2023-CAENF-020118,20230724,18,pyrologix,12,105-63,2023,0.0,0.003797764074988663,0,drone,1,9.489961992702219e-05,4980,0.004365382516643021,True
GaussianBudget75M_LinearMinTime,Bear_2023-CAENF-025998,20230921,12,pyrologix,9,105-63,2023,0.0,0.005465993075631559,0,drone,1,9.489961992702219e-05,3830,0.004365382516643021,True
GaussianBudget75M_LinearMinTime,Bear_2023-CAKNF-004811,20230617,19,pyrologix,8,28-32,2023,0.0,0.003963690018281341,0,drone,1,9.489961992702219e-05,3085,0.0046500813764240876,True
GaussianBudget75M_LinearMinTime,Bear_2023-CASHF-000664,20230625,16,pyrologix,5,40-29,2023,0.0,0.005341466050595045,1,drone,1,9.489961992702219e-05,2195,0.004460282136570043,True
GaussianBudget75M_LinearMinTime,Bear_2023-CASTF-001093,20230703,11,pyrologix,8,108-64,2023,0.0,0.003812832059338689,0,drone,1,9.489961992702219e-05,3390,0.004555181756497065,True
GaussianBudget75M_LinearMinTime,Beard_2023-CASTF-001777,20230830,13,pyrologix,5,108-64,2023,0.0,0.0037495329743251204,0,drone,1,9.489961992702219e-05,2165,0.004270482896715999,True
GaussianBudget75M_LinearMinTime,Beckwourth_2023-CAPNF-001324,20230914,6,pyrologix,7,73-63,2023,0.0,0.003174409968778491,0,drone,1,9.489961992702219e-05,2625,0.0046500813764240876,True
GaussianBudget75M_LinearMinTime,Beeler_2023-CAMDF-000215,20230606,15,pyrologix,5,38-63,2023,0.0,0.019392809947021306,-1,undetected,1,9.489961992702219e-05,4035,0.0040806836568619545,True
GaussianBudget75M_LinearMinTime,Belden_2023-CAPNF-000783,20230723,10,pyrologix,10,69-50,2023,0.0,0.00530608301050961,0,drone,1,9.489961992702219e-05,3925,0.004555181756497065,True
GaussianBudget75M_LinearMinTime,Bell_2023-CASTF-001536,20230813,17,pyrologix,1,115-63,2023,0.0,0.005547331064008176,0,drone,1,9.489961992702219e-05,645,0.003511285937299821,True
GaussianBudget75M_LinearMinTime,Belle_2023-CAKNF-005208,20230628,0,pyrologix,3,28-32,2023,0.0,0.006104447063989937,0,drone,1,9.489961992702219e-05,1440,0.004365382516643021,True
GaussianBudget75M_LinearMinTime,Bennett_2023-CASTF-001602,20230816,20,pyrologix,7,none,2023,0.0,0.0020400420762598515,-1,undetected,1,9.489961992702219e-05,0,0.0,False
GaussianBudget75M_LinearMinTime,Berg_2023-CAPNF-000600,20230627,21,pyrologix,9,72-57,2023,0.0,0.002887192997150123,0,drone,1,9.489961992702219e-05,3310,0.003985784036934932,True
GaussianBudget75M_LinearMinTime,Berry_2023-CAKNF-006953,20230815,13,pyrologix,5,21-28,2023,0.0,0.0033000430557876825,0,drone,1,9.489961992702219e-05,1920,0.004555181756497065,True
GaussianBudget75M_LinearMinTime,Berry_2023-CASRF-000641,20230704,18,pyrologix,6,35-16,2023,0.0,0.0038566120201721787,0,drone,1,9.489961992702219e-05,2405,0.0046500813764240876,True
GaussianBudget75M_LinearMinTime,Bert_2023-CAANF-233335,20231003,22,pyrologix,4,none,2023,0.0,0.001991912955418229,-1,undetected,1,9.489961992702219e-05,0,0.0,False
GaussianBudget75M_LinearMinTime,Bert_2023-CALAC-339062,20231003,18,pyrologix,10,none,2023,0.0,0.001989983022212982,-1,undetected,1,9.489961992702219e-05,0,0.0,False
GaussianBudget75M_LinearMinTime,Betts_2023-CASRF-000949,20230815,16,pyrologix,3,54-19,2023,0.0,0.016692450968548656,5,drone,1,9.489961992702219e-05,3285,0.004555181756497065,True
GaussianBudget75M_LinearMinTime,Big_2023-CATNF-001293,20230816,1,pyrologix,5,87-59,2023,0.0,0.020577269955538213,-1,undetected,1,9.489961992702219e-05,1010,0.00303678783766471,True
GaussianBudget75M_LinearMinTime,Bigfoot_2023-CASRF-001084,20230830,20,pyrologix,9,25-20,2023,0.0,0.0026596919633448124,0,drone,1,9.489961992702219e-05,3540,0.0046500813764240876,True
GaussianBudget75M_LinearMinTime,Birdie_2023-CASHF-001077,20230825,19,pyrologix,2,40-22,2023,0.0,0.004335939069278538,0,drone,1,9.489961992702219e-05,1085,0.0040806836568619545,True
GaussianBudget75M_LinearMinTime,Black_2023-CATMU-019832,20230720,15,pyrologix,11,none,2023,0.0,0.002019157982431352,-1,undetected,1,9.489961992702219e-05,0,0.0,False
GaussianBudget75M_LinearMinTime,Blackhawk_2023-CAPNF-001014,20230817,20,pyrologix,12,72-57,2023,0.0,0.0033808930311352015,0,drone,1,9.489961992702219e-05,4365,0.003985784036934932,True
GaussianBudget75M_LinearMinTime,Blacksprings_2023-CASTF-001868,20230906,11,pyrologix,7,105-63,2023,0.0,0.0026108099846169353,0,drone,1,9.489961992702219e-05,2850,0.004270482896715999,True
GaussianBudget75M_LinearMinTime,Blackwood_2023-CATMU-017918,20230703,19,pyrologix,2,none,2023,0.0,0.002016355050727725,-1,undetected,1,9.489961992702219e-05,0,0.0,False
GaussianBudget75M_LinearMinTime,Blake_2023-CASRF-000529,20230614,17,pyrologix,9,42-15,2023,0.0,0.006963938940316439,1,drone,1,9.489961992702219e-05,3785,0.0046500813764240876,True
GaussianBudget75M_LinearMinTime,Blakes_2023-CAKNF-005203,20230628,20,pyrologix,11,28-32,2023,0.0,0.00460865197237581,0,drone,1,9.489961992702219e-05,4190,0.0046500813764240876,True
GaussianBudget75M_LinearMinTime,Blands_2023-CAMNF-001263,20230923,19,pyrologix,9,61-19,2023,0.0,0.027653691009618342,-1,undetected,1,9.489961992702219e-05,5285,0.0040806836568619545,True
GaussianBudget75M_LinearMinTime,Block_2023-CAKNF-007032,20230816,20,pyrologix,4,24-35,2023,0.0,0.001994434045627713,0,drone,1,9.489961992702219e-05,1805,0.004270482896715999,True
GaussianBudget75M_LinearMinTime,Blue_2023-CAKNF-004495,20230608,17,pyrologix,9,28-45,2023,0.0,0.004792727995663881,0,drone,1,9.489961992702219e-05,3570,0.004365382516643021,True
GaussianBudget75M_LinearMinTime,Blue_2023-CAMNF-000497,20230626,21,pyrologix,9,61-26,2023,0.0,0.008406449924223125,1,drone,1,9.489961992702219e-05,4160,0.004555181756497065,True
GaussianBudget75M_LinearMinTime,Blue_2023-CAPNF-001040,20230817,21,pyrologix,4,72-57,2023,0.0,0.00593906594440341,0,drone,1,9.489961992702219e-05,1710,0.003985784036934932,True
GaussianBudget75M_LinearMinTime,Blue_2023-CASHF-000550,20230607,0,pyrologix,3,40-29,2023,0.0,0.00316368299536407,0,drone,1,9.489961992702219e-05,1270,0.004270482896715999,True
GaussianBudget75M_LinearMinTime,Blue_Creek_2_2023-CASRF-000961,20230815,17,pyrologix,7,25-20,2023,0.0,0.006090650917030871,1,drone,1,9.489961992702219e-05,3250,0.0046500813764240876,True
GaussianBudget75M_LinearMinTime,Blue_Jay_2023-CAKNF-009055,20231017,15,pyrologix,11,21-42,2023,0.0,0.004909968003630638,0,drone,1,9.489961992702219e-05,4165,0.004555181756497065,True
GaussianBudget75M_LinearMinTime,Bluff_2023-CAHUU-008538,20230829,6,pyrologix,4,33-23,2023,0.0,0.004453312954865396,0,drone,1,9.489961992702219e-05,1755,0.004365382516643021,True
GaussianBudget75M_LinearMinTime,Bluff__1_2023-CASRF-000957,20230815,15,pyrologix,10,25-20,2023,0.0,0.0028149759164080024,0,drone,1,9.489961992702219e-05,3925,0.0046500813764240876,True
GaussianBudget75M_LinearMinTime,Board_2023-CABDF-008676,20230617,15,pyrologix,3,206-88,2023,0.0,0.003648637095466256,0,drone,1,9.489961992702219e-05,1460,0.0037010851771538656,True
GaussianBudget75M_LinearMinTime,Boardman_2023-CASKU-005105,20230625,19,pyrologix,9,24-35,2023,0.0,0.003795393044129014,0,drone,1,9.489961992702219e-05,4015,0.004555181756497065,True
GaussianBudget75M_LinearMinTime,Boca_2023-CATNF-000400,20230512,23,pyrologix,7,84-67,2023,0.0,0.004881235887296498,0,drone,1,9.489961992702219e-05,3000,0.004270482896715999,True
GaussianBudget75M_LinearMinTime,Bolam_2023-CASHF-000752,20230706,2,pyrologix,2,28-45,2023,0.0,0.0016907410463318229,0,drone,1,9.489961992702219e-05,810,0.0036061855572268433,True
GaussianBudget75M_LinearMinTime,Boles_2023-CAMDF-000553,20230817,19,pyrologix,8,none,2023,0.0,0.002053003991022706,-1,undetected,1,9.489961992702219e-05,0,0.0,False
GaussianBudget75M_LinearMinTime,Bon_2023-CAANF-233675,20231106,0,pyrologix,3,none,2023,0.0,0.002024012035690248,-1,undetected,1,9.489961992702219e-05,0,0.0,False
GaussianBudget75M_LinearMinTime,Bone_2023-CASHF-001075,20230825,18,pyrologix,3,47-21,2023,0.0,0.00794816401321441,2,drone,1,9.489961992702219e-05,1935,0.0046500813764240876,True
GaussianBudget75M_LinearMinTime,Bone_2023-CASTF-000896,20230616,19,pyrologix,10,118-64,2023,0.0,0.01072782906703651,1,drone,1,9.489961992702219e-05,4245,0.004555181756497065,True
GaussianBudget75M_LinearMinTime,Bonetti_2023-CAENF-020947,20230801,0,pyrologix,1,97-60,2023,0.0,0.0027881290297955275,0,drone,1,9.489961992702219e-05,650,0.003511285937299821,True
GaussianBudget75M_LinearMinTime,Bonfire_2023-CAANF-233475,20231016,20,pyrologix,8,none,2023,0.0,0.00262379995547235,-1,undetected,1,9.489961992702219e-05,0,0.0,False
GaussianBudget75M_LinearMinTime,Bonita_2023-CABDF-006537,20230426,20,pyrologix,7,206-88,2023,0.0,0.0037694659549742937,0,drone,1,9.489961992702219e-05,2780,0.0040806836568619545,True
GaussianBudget75M_LinearMinTime,Bordy_2023-CASHF-000559,20230608,21,pyrologix,6,40-22,2023,0.0,0.002939207013696432,0,drone,1,9.489961992702219e-05,2230,0.004365382516643021,True
GaussianBudget75M_LinearMinTime,Boulder_2023-CAKNF-006939,20230815,9,pyrologix,9,24-35,2023,0.0,0.0362751679494977,-1,undetected,1,9.489961992702219e-05,6450,0.004555181756497065,True
GaussianBudget75M_LinearMinTime,Boulder_2023-CAPNF-000491,20230614,15,pyrologix,6,63-64,2023,0.0,0.0034879910526797175,0,drone,1,9.489961992702219e-05,2440,0.004175583276788976,True
GaussianBudget75M_LinearMinTime,Boundary_2023-CAINF-001798,20230930,12,pyrologix,10,none,2023,0.0,0.001985803944990039,-1,undetected,1,9.489961992702219e-05,0,0.0,False
GaussianBudget75M_LinearMinTime,Bourland_2023-CASTF-001609,20230817,15,pyrologix,2,115-63,2023,0.0,0.01848705392330885,-1,undetected,1,9.489961992702219e-05,2870,0.004270482896715999,True
GaussianBudget75M_LinearMinTime,Bowl_2023-CABDF-010494,20230723,14,pyrologix,6,none,2023,0.0,0.0019400439923629165,-1,undetected,1,9.489961992702219e-05,0,0.0,False
GaussianBudget75M_LinearMinTime,Bowman_2023-CATNF-000552,20230601,21,pyrologix,8,87-59,2023,0.0,0.018285688012838364,-1,undetected,1,9.489961992702219e-05,1010,0.00303678783766471,True
GaussianBudget75M_LinearMinTime,Box_2023-CAKNF-007204,20230821,16,pyrologix,4,21-28,2023,0.0,0.007391578983515501,2,drone,1,9.489961992702219e-05,2160,0.004555181756497065,True
GaussianBudget75M_LinearMinTime,Branch_2023-CASHU-004916,20230513,21,pyrologix,4,40-29,2023,0.0,0.006215119967237115,0,drone,1,9.489961992702219e-05,1785,0.004460282136570043,True
GaussianBudget75M_LinearMinTime,Bridge_2023-CASNF-001041,20230809,10,pyrologix,8,128-67,2023,0.0,0.0027067139744758606,0,drone,1,9.489961992702219e-05,3025,0.003985784036934932,True
GaussianBudget75M_LinearMinTime,Bridge_2023-CASRF-000653,20230705,3,pyrologix,4,26-25,2023,0.0,0.002962724072858691,0,drone,1,9.489961992702219e-05,1680,0.0040806836568619545,True
GaussianBudget75M_LinearMinTime,Brown_2023-CAKNF-006999,20230816,23,pyrologix,9,23-23,2023,0.0,0.018806211999617517,-1,undetected,1,9.489961992702219e-05,420,0.0027520889778836436,True
GaussianBudget75M_LinearMinTime,Browns_2023-CAKNF-007321,20230825,3,pyrologix,4,33-29,2023,0.0,0.0035035640466958284,0,drone,1,9.489961992702219e-05,1705,0.004270482896715999,True
GaussianBudget75M_LinearMinTime,Brushy_2023-CASHF-000579,20230612,23,pyrologix,1,40-22,2023,0.0,0.003334073000587523,0,drone,1,9.489961992702219e-05,450,0.0031316874575917325,True
GaussianBudget75M_LinearMinTime,Bryant_2023-CABDF-001218,20230125,0,pyrologix,3,none,2023,0.0,0.0020388829289004207,-1,undetected,1,9.489961992702219e-05,0,0.0,False
GaussianBudget75M_LinearMinTime,Buck_2023-CAKNF-005054,20230624,20,pyrologix,1,16-26,2023,0.0,0.0023598369443789124,0,drone,1,9.489961992702219e-05,565,0.00303678783766471,True
GaussianBudget75M_LinearMinTime,Buck_2023-CASTF-001902,20230909,18,pyrologix,5,118-64,2023,0.0,0.004041774896904826,0,drone,1,9.489961992702219e-05,1895,0.004555181756497065,True
GaussianBudget75M_LinearMinTime,Buckeye_2023-CASHF-000895,20230729,19,pyrologix,9,35-36,2023,0.0,0.021132123074494302,-1,undetected,1,9.489961992702219e-05,5850,0.004175583276788976,True
GaussianBudget75M_LinearMinTime,Buckeye_2023-CATNF-000550,20230531,19,pyrologix,8,86-54,2023,0.0,0.004195617977529764,0,drone,1,9.489961992702219e-05,3180,0.004555181756497065,True
GaussianBudget75M_LinearMinTime,Bule_2023-CASHF-000872,20230725,14,pyrologix,1,47-27,2023,0.0,0.0030994099797680974,0,drone,1,9.489961992702219e-05,610,0.0036061855572268433,True
GaussianBudget75M_LinearMinTime,Bull_2023-CASNF-001025,20230806,19,pyrologix,7,128-67,2023,0.0,0.0032113190973177552,0,drone,1,9.489961992702219e-05,2720,0.003985784036934932,True
GaussianBudget75M_LinearMinTime,Bull_2023-CASRF-000796,20230726,18,pyrologix,3,26-25,2023,0.0,0.002494320971891284,0,drone,1,9.489961992702219e-05,1240,0.003985784036934932,True
GaussianBudget75M_LinearMinTime,Bumblebee_2023-CAKNF-004487,20230608,16,pyrologix,4,18-37,2023,0.0,0.00523587700445205,1,drone,1,9.489961992702219e-05,1870,0.0036061855572268433,True
GaussianBudget75M_LinearMinTime,Bunny_2023-CASHF-000871,20230725,9,pyrologix,11,35-43,2023,0.0,0.003017848008312285,0,drone,1,9.489961992702219e-05,3900,0.003985784036934932,True
GaussianBudget75M_LinearMinTime,Burger_2023-CAINF-001346,20230815,12,pyrologix,1,none,2023,0.0,0.0019737209659069777,-1,undetected,1,9.489961992702219e-05,0,0.0,False
GaussianBudget75M_LinearMinTime,Burgson_2023-CASTF-001632,20230818,21,pyrologix,4,108-64,2023,0.0,0.004336347919888794,0,drone,1,9.489961992702219e-05,1910,0.004270482896715999,True
GaussianBudget75M_LinearMinTime,Burma_2023-CAENF-015601,20230611,20,pyrologix,7,90-60,2023,0.0,0.00274265103507787,0,drone,1,9.489961992702219e-05,2980,0.004460282136570043,True
GaussianBudget75M_LinearMinTime,Burner_2023-CASRF-000752,20230719,0,pyrologix,10,44-14,2023,0.0,0.009912514011375606,1,drone,1,9.489961992702219e-05,4150,0.0046500813764240876,True
GaussianBudget75M_LinearMinTime,Burney_2023-CAKNF-004138,20230529,15,pyrologix,9,21-28,2023,0.0,0.0032497349893674254,0,drone,1,9.489961992702219e-05,3225,0.0046500813764240876,True
GaussianBudget75M_LinearMinTime,Burst_2023-CASTF-001673,20230820,15,pyrologix,9,115-63,2023,0.0,0.010033924016170204,2,drone,1,9.489961992702219e-05,4200,0.004460282136570043,True
GaussianBudget75M_LinearMinTime,Bush_2023-CACNF-001967,20230729,18,pyrologix,3,none,2023,0.0,0.001966352923773229,-1,undetected,1,9.489961992702219e-05,0,0.0,False
GaussianBudget75M_LinearMinTime,Buster_2023-CAKNF-009059,20231017,22,pyrologix,1,18-37,2023,0.0,0.002350289956666529,0,drone,1,9.489961992702219e-05,540,0.003226587077518755,True
GaussianBudget75M_LinearMinTime,Butte_2023-CAMDF-000207,20230601,20,pyrologix,6,none,2023,0.0,0.0020203329622745514,-1,undetected,1,9.489961992702219e-05,0,0.0,False
GaussianBudget75M_LinearMinTime,Butter_2023-CAPNF-000397,20230603,21,pyrologix,4,65-55,2023,0.0,0.004934050026349723,1,drone,1,9.489961992702219e-05,1810,0.004365382516643021,True
GaussianBudget75M_LinearMinTime,Calpine_2023-CATNF-000815,20230625,21,pyrologix,6,80-65,2023,0.0,0.002434222958981991,0,drone,1,9.489961992702219e-05,2265,0.004555181756497065,True
GaussianBudget75M_LinearMinTime,Camp_2023-CAANF-233354,20231006,20,pyrologix,12,none,2023,0.0,0.002050856943242252,-1,undetected,1,9.489961992702219e-05,0,0.0,False
GaussianBudget75M_LinearMinTime,Campbell_2023-CASHF-000553,20230607,21,pyrologix,2,42-41,2023,0.0,0.01281645696144551,4,drone,1,9.489961992702219e-05,2280,0.004270482896715999,True
GaussianBudget75M_LinearMinTime,Cantilles_2023-CAANF-001169,20230511,21,pyrologix,8,none,2023,0.0,0.0020399390487000346,-1,undetected,1,9.489961992702219e-05,0,0.0,False
GaussianBudget75M_LinearMinTime,Canyon_2023-CAKNF-007002,20230816,1,pyrologix,5,23-23,2023,0.0,0.0179595589870587,-1,undetected,1,9.489961992702219e-05,420,0.0027520889778836436,True
GaussianBudget75M_LinearMinTime,Cap_2023-CASRF-000281,20230425,21,pyrologix,6,25-20,2023,0.0,0.004576550098136067,0,drone,1,9.489961992702219e-05,2740,0.004460282136570043,True
GaussianBudget75M_LinearMinTime,Capitan_2023-CAKNF-007203,20230821,13,pyrologix,8,16-26,2023,0.0,0.004178809933364391,0,drone,1,9.489961992702219e-05,3440,0.004555181756497065,True
GaussianBudget75M_LinearMinTime,Car_2023-CABDF-010788,20230730,19,pyrologix,2,206-87,2023,0.0,0.0037915760185569525,0,drone,1,9.489961992702219e-05,1100,0.0040806836568619545,True
GaussianBudget75M_LinearMinTime,Caraway_2023-CASHF-001104,20230828,23,pyrologix,1,33-23,2023,0.0,0.0031383699970319867,0,drone,1,9.489961992702219e-05,625,0.003985784036934932,True
GaussianBudget75M_LinearMinTime,Caribou_2023-CABDF-010960,20230804,18,pyrologix,5,none,2023,0.0,0.0020727410446852446,-1,undetected,1,9.489961992702219e-05,0,0.0,False
GaussianBudget75M_LinearMinTime,Caribou_2023-CABDU-010728,20230804,20,pyrologix,1,none,2023,0.0,0.002145953942090273,-1,undetected,1,9.489961992702219e-05,0,0.0,False
GaussianBudget75M_LinearMinTime,Carman_2023-CATNF-000660,20230611,23,pyrologix,3,80-65,2023,0.0,0.01329421391710639,2,drone,1,9.489961992702219e-05,1915,0.004555181756497065,True
GaussianBudget75M_LinearMinTime,Carpenter_2023-CAMNF-000448,20230613,20,pyrologix,4,68-22,2023,5061.128211299074,0.002640723017975688,0,drone,1,9.489961992702219e-05,1550,0.004270482896715999,True
GaussianBudget75M_LinearMinTime,Carson_2023-CAENF-022008,20230811,19,pyrologix,9,98-62,2023,0.0,0.018774698022753,-1,undetected,1,9.489961992702219e-05,5495,0.004460282136570043,True
GaussianBudget75M_LinearMinTime,Castle_2023-CABDF-009613,20230705,8,pyrologix,11,none,2023,0.0,0.0021154129644855857,-1,undetected,1,9.489961992702219e-05,0,0.0,False
GaussianBudget75M_LinearMinTime,Castle_2023-CASHF-000876,20230725,15,pyrologix,11,35-43,2023,0.0,0.005450000986456871,0,drone,1,9.489961992702219e-05,3900,0.003985784036934932,True
GaussianBudget75M_LinearMinTime,Cathederal_2023-CATMU-031777,20231120,12,pyrologix,10,none,2023,0.0,0.002042765961959958,-1,undetected,1,9.489961992702219e-05,0,0.0,False
GaussianBudget75M_LinearMinTime,Cedar_2023-CABDF-009605,20230705,1,pyrologix,9,none,2023,0.0,0.002195799956098199,-1,undetected,1,9.489961992702219e-05,0,0.0,False
GaussianBudget75M_LinearMinTime,Cedar_2023-CAKNF-004741,20230615,14,pyrologix,10,27-52,2023,0.0,0.003032920998521149,0,drone,1,9.489961992702219e-05,3925,0.0046500813764240876,True
GaussianBudget75M_LinearMinTime,Cedar_2023-CASRF-000964,20230815,23,pyrologix,1,none,2023,0.0,0.002084612031467259,-1,undetected,1,9.489961992702219e-05,0,0.0,False
GaussianBudget75M_LinearMinTime,Centola_2023-CABDF-008859,20230621,16,pyrologix,8,206-87,2023,0.0,0.002755005960352719,0,drone,1,9.489961992702219e-05,1525,0.004270482896715999,True
GaussianBudget75M_LinearMinTime,Chain_2023-CASNF-001096,20230816,21,pyrologix,7,none,2023,0.0,0.001983287977054715,-1,undetected,1,9.489961992702219e-05,0,0.0,False
GaussianBudget75M_LinearMinTime,Chandler_2023-CAPNF-000407,20230605,20,pyrologix,7,72-57,2023,0.0,0.003957021050155163,0,drone,1,9.489961992702219e-05,2765,0.003985784036934932,True
GaussianBudget75M_LinearMinTime,Chantry_2023-CAANF-231944,20230702,19,pyrologix,6,none,2023,0.0,0.0020246709464117885,-1,undetected,1,9.489961992702219e-05,0,0.0,False
GaussianBudget75M_LinearMinTime,Cherry_2023-CASTF-001914,20230909,19,pyrologix,7,118-64,2023,0.0,0.00374446006026119,0,drone,1,9.489961992702219e-05,2730,0.004555181756497065,True
GaussianBudget75M_LinearMinTime,Chester_2023-CALPF-002951,20231020,22,pyrologix,2,none,2023,0.0,0.002060781931504607,-1,undetected,1,9.489961992702219e-05,0,0.0,False
GaussianBudget75M_LinearMinTime,Chief_2023-CATNF-001426,20230905,15,pyrologix,5,86-54,2023,0.0,0.0023698690347373486,0,drone,1,9.489961992702219e-05,1900,0.004460282136570043,True
GaussianBudget75M_LinearMinTime,Chilcoot_2023-CAPNF-001372,20230918,19,pyrologix,9,77-70,2023,0.0,0.004725459963083267,0,drone,1,9.489961992702219e-05,3495,0.0037010851771538656,True
GaussianBudget75M_LinearMinTime,China_2023-CASHF-001073,20230825,23,pyrologix,8,40-22,2023,0.0,0.004293606034480035,0,drone,1,9.489961992702219e-05,3110,0.004555181756497065,True
GaussianBudget75M_LinearMinTime,Christy_2023-CALMU-002809,20230606,12,pyrologix,7,60-61,2023,0.0,0.00970159296412021,2,drone,1,9.489961992702219e-05,3630,0.0046500813764240876,True
GaussianBudget75M_LinearMinTime,Christy_2023-CALNF-002809,20230606,11,pyrologix,10,53-62,2023,0.0,0.007966762990690768,1,drone,1,9.489961992702219e-05,4180,0.004365382516643021,True
GaussianBudget75M_LinearMinTime,Cienaga_2023-CABDF-012339,20230915,0,pyrologix,2,none,2023,0.0,0.0020107500022277236,-1,undetected,1,9.489961992702219e-05,0,0.0,False
GaussianBudget75M_LinearMinTime,Claim_2023-CASTF-001955,20230910,18,pyrologix,7,118-64,2023,0.0,0.0035424360539764166,0,drone,1,9.489961992702219e-05,2630,0.004555181756497065,True
GaussianBudget75M_LinearMinTime,Claire_2023-CAKNF-005153,20230626,20,pyrologix,3,33-29,2023,0.0,0.004393497947603464,0,drone,1,9.489961992702219e-05,1590,0.004270482896715999,True
GaussianBudget75M_LinearMinTime,Clear_2023-CAKNF-007163,20230820,15,pyrologix,1,26-25,2023,0.0,0.012293022009544075,3,drone,1,9.489961992702219e-05,1870,0.004175583276788976,True
GaussianBudget75M_LinearMinTime,Clear_2023-CASRF-001065,20230825,20,pyrologix,2,17-30,2023,0.0,0.00358477293048054,0,drone,1,9.489961992702219e-05,905,0.003795984797080888,True
GaussianBudget75M_LinearMinTime,Cliff_2023-CASTF-001804,20230902,1,pyrologix,2,108-64,2023,0.0,0.0036892250645905733,0,drone,1,9.489961992702219e-05,1140,0.003795984797080888,True
GaussianBudget75M_LinearMinTime,Club_2023-CAANF-233713,20231110,4,pyrologix,5,none,2023,0.0,0.0022902790224179626,-1,undetected,1,9.489961992702219e-05,0,0.0,False
GaussianBudget75M_LinearMinTime,Cobble_2_2023-CAENF-024342,20230903,17,pyrologix,4,90-60,2023,0.0,0.01882722496520728,-1,undetected,1,9.489961992702219e-05,4140,0.004460282136570043,True
GaussianBudget75M_LinearMinTime,Cold_2023-CAKNF-004306,20230603,18,pyrologix,6,21-49,2023,0.0,0.002714485046453774,0,drone,1,9.489961992702219e-05,2215,0.003511285937299821,True
GaussianBudget75M_LinearMinTime,Cold_2023-CASTF-001924,20230909,19,pyrologix,10,115-63,2023,0.0,0.012944726971909404,1,drone,1,9.489961992702219e-05,4200,0.004460282136570043,True
GaussianBudget75M_LinearMinTime,Comet_2023-CASNF-000573,20230618,21,pyrologix,5,125-65,2023,0.0,0.004016095073893666,0,drone,1,9.489961992702219e-05,2105,0.004175583276788976,True
GaussianBudget75M_LinearMinTime,Computer_2023-CAANF-001308,20230531,20,pyrologix,10,none,2023,0.0,0.0020104030845686793,-1,undetected,1,9.489961992702219e-05,0,0.0,False
GaussianBudget75M_LinearMinTime,Coon_2023-CASRF-000966,20230815,23,pyrologix,2,none,2023,0.0,0.0020706370705738664,-1,undetected,1,9.489961992702219e-05,0,0.0,False
GaussianBudget75M_LinearMinTime,Copper_2023-CAANF-001241,20230531,23,pyrologix,4,none,2023,0.0,0.0020955140935257077,-1,undetected,1,9.489961992702219e-05,0,0.0,False
GaussianBudget75M_LinearMinTime,Copper_2023-CASRF-001075,20230828,17,pyrologix,4,25-20,2023,0.0,0.011324892984703183,3,drone,1,9.489961992702219e-05,2845,0.004555181756497065,True
GaussianBudget75M_LinearMinTime,Corners_2023-CASTF-001161,20230709,11,pyrologix,12,118-64,2023,0.0,0.0051639830926433206,0,drone,1,9.489961992702219e-05,4585,0.004555181756497065,True
GaussianBudget75M_LinearMinTime,Corral_2023-CASHF-001024,20230818,19,pyrologix,8,42-34,2023,0.0,0.0031956349266692996,0,drone,1,9.489961992702219e-05,3230,0.004460282136570043,True
GaussianBudget75M_LinearMinTime,Corral_2023-CASRF-000946,20230815,14,pyrologix,4,none,2023,0.0,0.002053383970633149,-1,undetected,1,9.489961992702219e-05,0,0.0,False
GaussianBudget75M_LinearMinTime,Cosy_2023-CABDF-017722,20231214,22,pyrologix,9,206-88,2023,0.0,0.0076132279355078936,0,drone,1,9.489961992702219e-05,3710,0.004175583276788976,True
GaussianBudget75M_LinearMinTime,Cotton_2023-CASNF-000773,20230711,20,pyrologix,1,146-69,2023,0.0,0.006017714040353894,1,drone,1,9.489961992702219e-05,1005,0.003795984797080888,True
GaussianBudget75M_LinearMinTime,Cottonwood_2023-CASTF-001925,20230909,22,pyrologix,4,115-63,2023,0.0,0.0077782400185242295,1,drone,1,9.489961992702219e-05,1905,0.004175583276788976,True
GaussianBudget75M_LinearMinTime,County_2023-CASHU-010642,20230923,16,pyrologix,8,42-34,2023,0.0,0.002618161030113697,0,drone,1,9.489961992702219e-05,3180,0.004460282136570043,True
GaussianBudget75M_LinearMinTime,Court_2023-CASNF-001594,20231023,1,pyrologix,2,none,2023,0.0,0.0020448400173336267,-1,undetected,1,9.489961992702219e-05,0,0.0,False
GaussianBudget75M_LinearMinTime,Cove_2023-CAENF-017904,20230703,13,pyrologix,11,97-60,2023,0.0,0.005144032998941839,0,drone,1,9.489961992702219e-05,4565,0.004460282136570043,True
GaussianBudget75M_LinearMinTime,Cove_2023-CATNF-001036,20230716,18,pyrologix,5,84-67,2023,0.0,0.002406102023087442,0,drone,1,9.489961992702219e-05,2000,0.004270482896715999,True
GaussianBudget75M_LinearMinTime,Cow_2023-CAKNF-005188,20230627,15,pyrologix,7,26-25,2023,0.0,0.0033719069324433804,0,drone,1,9.489961992702219e-05,2790,0.004270482896715999,True
GaussianBudget75M_LinearMinTime,Cow_2023-CASNF-001084,20230814,15,pyrologix,3,none,2023,0.0,0.0020355359883978963,-1,undetected,1,9.489961992702219e-05,0,0.0,False
GaussianBudget75M_LinearMinTime,Cowtrack_2023-CAINF-001075,20230720,22,pyrologix,4,none,2023,0.0,0.0030851790215820074,-1,undetected,1,9.489961992702219e-05,0,0.0,False
GaussianBudget75M_LinearMinTime,Coyote_2023-CABDF-CABDF8838,20230621,12,pyrologix,5,none,2023,0.0,0.002041990985162556,-1,undetected,1,9.489961992702219e-05,0,0.0,False
GaussianBudget75M_LinearMinTime,Coyote_2023-CAINF-001308,20230813,6,pyrologix,12,none,2023,0.0,0.002036523073911667,-1,undetected,1,9.489961992702219e-05,0,0.0,False
GaussianBudget75M_LinearMinTime,Crab_2023-CASTF-001456,20230806,19,pyrologix,9,115-63,2023,0.0,0.02505834901239723,4,drone,1,9.489961992702219e-05,4685,0.004460282136570043,True
GaussianBudget75M_LinearMinTime,Crater_2023-CALNF-002767,20230604,18,pyrologix,8,53-62,2023,0.0,0.018436398007906973,-1,undetected,1,9.489961992702219e-05,4925,0.004365382516643021,True
GaussianBudget75M_LinearMinTime,Creek_2023-CAKNF-003961,20230523,18,pyrologix,5,17-30,2023,0.0,0.01820817799307406,-1,undetected,1,9.489961992702219e-05,1795,0.004365382516643021,True
GaussianBudget75M_LinearMinTime,Creek_2023-CAMDF-000611,20230820,16,pyrologix,4,none,2023,0.0,0.0020658220164477825,-1,undetected,1,9.489961992702219e-05,0,0.0,False
GaussianBudget75M_LinearMinTime,Creek_2023-CASRF-001068,20230826,19,pyrologix,9,33-23,2023,0.0,0.011312313959933817,2,drone,1,9.489961992702219e-05,4290,0.0046500813764240876,True
GaussianBudget75M_LinearMinTime,Crescent_2023-CASTF-001916,20230909,21,pyrologix,3,118-64,2023,0.0,0.0037378360284492373,0,drone,1,9.489961992702219e-05,1210,0.004175583276788976,True
GaussianBudget75M_LinearMinTime,Crest_2023-CALAC-218192,20230702,2,pyrologix,4,none,2023,0.0,0.0029756081057712436,-1,undetected,1,9.489961992702219e-05,0,0.0,False
GaussianBudget75M_LinearMinTime,Crestview_2023-CAINF-001801,20230930,16,pyrologix,9,none,2023,0.0,0.002018529921770096,-1,undetected,1,9.489961992702219e-05,0,0.0,False
GaussianBudget75M_LinearMinTime,Cristo_2023-CALAC-236491,20230716,1,pyrologix,11,none,2023,0.0,0.0020294840214774013,-1,undetected,1,9.489961992702219e-05,0,0.0,False
GaussianBudget75M_LinearMinTime,Cromberg_2023-CAPNF-000763,20230720,16,pyrologix,6,73-63,2023,0.0,0.002259287051856518,0,drone,1,9.489961992702219e-05,2225,0.0046500813764240876,True
GaussianBudget75M_LinearMinTime,Crown_2023-CASNF-000528,20230612,11,pyrologix,11,none,2023,0.0,0.002874850993975997,-1,undetected,1,9.489961992702219e-05,0,0.0,False
GaussianBudget75M_LinearMinTime,Crystal_2023-CAANF-233839,20231120,17,pyrologix,3,206-87,2023,0.0,0.03349095396697521,-1,undetected,1,9.489961992702219e-05,1525,0.004270482896715999,True
GaussianBudget75M_LinearMinTime,Curl_2023-CASHF-000578,20230612,20,pyrologix,1,42-41,2023,0.0,0.002624697983264923,0,drone,1,9.489961992702219e-05,570,0.003511285937299821,True
GaussianBudget75M_LinearMinTime,Dairy_2023-CAKNF-004502,20230609,22,pyrologix,5,18-37,2023,0.0,0.018734737997874618,-1,undetected,1,9.489961992702219e-05,3935,0.0037010851771538656,True
GaussianBudget75M_LinearMinTime,Dark_2023-CAENF-022407,20230816,0,pyrologix,2,97-60,2023,0.0,0.00612590997479856,0,drone,1,9.489961992702219e-05,1150,0.0040806836568619545,True
GaussianBudget75M_LinearMinTime,Davis_2023-CAANF-233978,20231205,11,pyrologix,12,206-87,2023,0.0,0.03541084099560976,-1,undetected,1,9.489961992702219e-05,1525,0.004270482896715999,True
GaussianBudget75M_LinearMinTime,Davis_2023-CASNF-000361,20230524,23,pyrologix,2,146-69,2023,0.0,0.0037109788972884417,0,drone,1,9.489961992702219e-05,905,0.0037010851771538656,True
GaussianBudget75M_LinearMinTime,Day_2023-CASHU-008936,20230815,14,pyrologix,8,37-52,2023,0.0,0.019389039021916687,-1,undetected,1,9.489961992702219e-05,5085,0.0046500813764240876,True
GaussianBudget75M_LinearMinTime,Deacon_2023-CAKNF-008082,20230917,20,pyrologix,11,33-29,2023,0.0,0.019205239019356668,-1,undetected,1,9.489961992702219e-05,4270,0.0046500813764240876,True
GaussianBudget75M_LinearMinTime,Deadhorse_2023-CALNF-002797,20230606,21,pyrologix,9,62-41,2023,378.600895614014,0.018474926007911563,-1,undetected,1,9.489961992702219e-05,610,0.003226587077518755,True
GaussianBudget75M_LinearMinTime,Deep_2023-CAMDF-001064,20231105,17,pyrologix,12,none,2023,0.0,0.002005664980970323,-1,undetected,1,9.489961992702219e-05,0,0.0,False
GaussianBudget75M_LinearMinTime,Deep_2023-CASHF-000973,20230815,9,pyrologix,12,40-29,2023,0.0,0.003598224022425711,0,drone,1,9.489961992702219e-05,4375,0.0046500813764240876,True
GaussianBudget75M_LinearMinTime,Deer_2023-CASHF-001006,20230818,22,pyrologix,9,47-27,2023,0.0,0.004593717982061207,0,drone,1,9.489961992702219e-05,3545,0.004555181756497065,True
GaussianBudget75M_LinearMinTime,Deer_2023-CASTF-001613,20230817,16,pyrologix,4,122-61,2023,0.0,0.004465774982236326,0,drone,1,9.489961992702219e-05,1865,0.003795984797080888,True
GaussianBudget75M_LinearMinTime,Deerhart_2023-CALMU-004024,20230731,14,pyrologix,11,60-61,2023,0.0,0.006594405975192785,0,drone,1,9.489961992702219e-05,4255,0.0046500813764240876,True
GaussianBudget75M_LinearMinTime,Del_2023-CALAC-238516,20230717,18,pyrologix,5,none,2023,0.0,0.002802812959998846,-1,undetected,1,9.489961992702219e-05,0,0.0,False
GaussianBudget75M_LinearMinTime,Del_2023-CALAC-370918,20231029,14,pyrologix,11,none,2023,0.0,0.0023751109838485718,-1,undetected,1,9.489961992702219e-05,0,0.0,False
GaussianBudget75M_LinearMinTime,Delta_2023-CABDF-017370,20231207,0,pyrologix,2,none,2023,0.0,0.002041962929069996,-1,undetected,1,9.489961992702219e-05,0,0.0,False
GaussianBudget75M_LinearMinTime,Democrat_2023-CASQF-001330,20230722,0,pyrologix,2,174-77,2023,0.0,0.0030097420094534755,0,drone,1,9.489961992702219e-05,955,0.004175583276788976,True
GaussianBudget75M_LinearMinTime,Den_2023-CAKNF-007072,20230818,21,pyrologix,8,18-37,2023,0.0,0.004500565002672374,0,drone,1,9.489961992702219e-05,3055,0.0037010851771538656,True
GaussianBudget75M_LinearMinTime,Denny_2023-CASRF-000903,20230811,17,pyrologix,8,40-22,2023,0.0,0.0027101130690425634,0,drone,1,9.489961992702219e-05,2890,0.004555181756497065,True
GaussianBudget75M_LinearMinTime,Devil_2023-CAKNF-007038,20230817,21,pyrologix,7,17-30,2023,0.0,0.018157268990762532,-1,undetected,1,9.489961992702219e-05,1795,0.004365382516643021,True
GaussianBudget75M_LinearMinTime,Dexter_2023-CAINF-001044,20230718,23,pyrologix,8,none,2023,0.0,0.0022870789980515838,-1,undetected,1,9.489961992702219e-05,0,0.0,False
GaussianBudget75M_LinearMinTime,Diamond_2023-CASRF-000945,20230815,13,pyrologix,6,none,2023,0.0,0.00274374196305871,-1,undetected,1,9.489961992702219e-05,0,0.0,False
GaussianBudget75M_LinearMinTime,Dillon_2023-CAKNF-007348,20230826,0,pyrologix,3,23-23,2023,0.0,0.032124337973073125,-1,undetected,1,9.489961992702219e-05,420,0.0027520889778836436,True
GaussianBudget75M_LinearMinTime,Dillon_2023-CASNF-001392,20230909,10,pyrologix,10,128-67,2023,0.0,0.004610356059856713,0,drone,1,9.489961992702219e-05,3775,0.004270482896715999,True
GaussianBudget75M_LinearMinTime,Dinkey_2023-CASNF-001040,20230809,23,pyrologix,9,140-71,2023,0.0,0.003064590971916914,0,drone,1,9.489961992702219e-05,3630,0.004555181756497065,True
GaussianBudget75M_LinearMinTime,Dobyns_2023-CALMU-006017,20231104,19,pyrologix,3,60-61,2023,0.0,0.002559721004217863,0,drone,1,9.489961992702219e-05,1290,0.004270482896715999,True
GaussianBudget75M_LinearMinTime,Doe_2023-CASRF-000953,20230815,14,pyrologix,9,16-26,2023,0.0,0.01644336897879839,4,drone,1,9.489961992702219e-05,5440,0.004555181756497065,True
GaussianBudget75M_LinearMinTime,Dog_2023-CASHF-000984,20230815,16,pyrologix,8,42-41,2023,0.0,0.006829177960753441,1,drone,1,9.489961992702219e-05,3495,0.004460282136570043,True
GaussianBudget75M_LinearMinTime,Dome_2023-CASTF-001994,20230913,18,pyrologix,4,108-64,2023,0.0,0.007184649002738297,0,drone,1,9.489961992702219e-05,1960,0.004270482896715999,True
GaussianBudget75M_LinearMinTime,Donica_2023-CALMU-004727,20230902,15,pyrologix,11,38-63,2023,0.0,0.0031110390555113554,0,drone,1,9.489961992702219e-05,4100,0.0040806836568619545,True
GaussianBudget75M_LinearMinTime,Donkey_2023-CAKNF-007351,20230826,20,pyrologix,11,23-23,2023,0.0,0.03357902111019939,-1,undetected,1,9.489961992702219e-05,420,0.0027520889778836436,True
GaussianBudget75M_LinearMinTime,Doodlebug_2023-CASHF-000686,20230627,12,pyrologix,9,41-47,2023,0.0,0.01942358596716076,-1,undetected,1,9.489961992702219e-05,1590,0.004270482896715999,True
GaussianBudget75M_LinearMinTime,Doolittle_2023-CAKNF-008954,20231014,11,pyrologix,12,16-26,2023,0.0,0.005458233994431794,0,drone,1,9.489961992702219e-05,4970,0.004555181756497065,True
GaussianBudget75M_LinearMinTime,Double_2023-CASTF-001997,20230913,21,pyrologix,5,108-64,2023,0.0,0.013795786071568727,1,drone,1,9.489961992702219e-05,2810,0.004270482896715999,True
GaussianBudget75M_LinearMinTime,Doyle_2023-CASQF-001776,20230823,19,pyrologix,12,161-79,2023,0.0,0.004208696074783802,0,drone,1,9.489961992702219e-05,4810,0.00389088441700791,True
GaussianBudget75M_LinearMinTime,Druey_2023-CAKNF-004252,20230602,22,pyrologix,11,16-26,2023,0.0,0.007772790035232902,0,drone,1,9.489961992702219e-05,4575,0.004555181756497065,True
GaussianBudget75M_LinearMinTime,Dry_2023-CAANF-002149,20230712,21,pyrologix,12,none,2023,0.0,0.002231193007901311,-1,undetected,1,9.489961992702219e-05,0,0.0,False
GaussianBudget75M_LinearMinTime,Dry_2023-CAINF-001545,20230831,14,pyrologix,2,none,2023,0.0,0.002757463022135198,-1,undetected,1,9.489961992702219e-05,0,0.0,False
GaussianBudget75M_LinearMinTime,Dry_2023-CASQF-000835,20230612,13,pyrologix,12,174-77,2023,0.0,0.007518202997744083,0,drone,1,9.489961992702219e-05,4375,0.0046500813764240876,True
GaussianBudget75M_LinearMinTime,Dry_2023-CASTF-001965,20230911,14,pyrologix,4,108-64,2023,0.0,0.0041024560341611505,0,drone,1,9.489961992702219e-05,1735,0.004175583276788976,True
GaussianBudget75M_LinearMinTime,Duckwall_2023-CASTF-001920,20230909,21,pyrologix,5,115-63,2023,0.0,0.0033275099704042077,0,drone,1,9.489961992702219e-05,2020,0.004175583276788976,True
GaussianBudget75M_LinearMinTime,Duncan_2023-CASHF-000513,20230530,19,pyrologix,9,47-27,2023,0.0,0.0053521639201790094,0,drone,1,9.489961992702219e-05,3385,0.004555181756497065,True
GaussianBudget75M_LinearMinTime,Durrwood_2023-CASQF-001669,20230814,15,pyrologix,9,164-82,2023,0.0,0.0076291150180622935,0,drone,1,9.489961992702219e-05,3745,0.004365382516643021,True
GaussianBudget75M_LinearMinTime,Dusty_2023-CAMDF-000234,20230611,17,pyrologix,10,none,2023,0.0,0.0020627090707421303,-1,undetected,1,9.489961992702219e-05,0,0.0,False
GaussianBudget75M_LinearMinTime,Dutch_2023-CAKNF-007003,20230816,23,pyrologix,8,21-28,2023,0.0,0.003801207058131695,0,drone,1,9.489961992702219e-05,2825,0.004555181756497065,True
GaussianBudget75M_LinearMinTime,E-1_Schoonamaker_2023-CALNF-002969,20230614,1,pyrologix,1,50-60,2023,0.0,0.0058028739877045155,1,drone,1,9.489961992702219e-05,1025,0.004365382516643021,True
GaussianBudget75M_LinearMinTime,E-2_Robbers_2023-CALNF-003013,20230615,17,pyrologix,2,51-53,2023,0.0,0.011649499996565282,3,drone,1,9.489961992702219e-05,2355,0.003985784036934932,True
GaussianBudget75M_LinearMinTime,Eagle_2023-CABDF-012594,20230923,11,pyrologix,10,206-87,2023,0.0,0.004674256080761552,0,drone,1,9.489961992702219e-05,1525,0.004270482896715999,True
GaussianBudget75M_LinearMinTime,Earthquake_2023-CAINF-001590,20230903,18,pyrologix,7,none,2023,0.0,0.0020967520540580153,-1,undetected,1,9.489961992702219e-05,0,0.0,False
GaussianBudget75M_LinearMinTime,East_2023-CAKNF-008114,20230917,21,pyrologix,4,33-29,2023,0.0,0.00447046896442771,0,drone,1,9.489961992702219e-05,1970,0.004460282136570043,True
GaussianBudget75M_LinearMinTime,East_2023-CASHF-000512,20230530,15,pyrologix,9,42-34,2023,0.0,0.0065534349996596575,0,drone,1,9.489961992702219e-05,3750,0.004460282136570043,True
GaussianBudget75M_LinearMinTime,East_2023-CASNF-001397,20230909,13,pyrologix,12,132-72,2023,0.0,0.004754527006298304,0,drone,1,9.489961992702219e-05,5055,0.004555181756497065,True
GaussianBudget75M_LinearMinTime,East_2023-CATNF-001781,20231103,19,pyrologix,6,84-67,2023,0.0,0.007286113919690251,0,drone,1,9.489961992702219e-05,2570,0.004270482896715999,True
GaussianBudget75M_LinearMinTime,Edison_2023-CASNF-001072,20230813,13,pyrologix,9,none,2023,0.0,0.002000999986194074,-1,undetected,1,9.489961992702219e-05,0,0.0,False
GaussianBudget75M_LinearMinTime,Edison_2023-CASNF-001384,20230907,18,pyrologix,10,none,2023,0.0,0.001992770005017519,-1,undetected,1,9.489961992702219e-05,0,0.0,False
GaussianBudget75M_LinearMinTime,El_Cariso_2023-CACNF-000870,20230430,17,pyrologix,12,none,2023,0.0,0.00194658397231251,-1,undetected,1,9.489961992702219e-05,0,0.0,False
GaussianBudget75M_LinearMinTime,Elliot_2023-CAKNF-006944,20230815,11,pyrologix,8,21-28,2023,0.0,0.010922802961431444,1,drone,1,9.489961992702219e-05,3335,0.0046500813764240876,True
GaussianBudget75M_LinearMinTime,Emma_2023-CAANF-233880,20231125,18,pyrologix,2,none,2023,0.0,0.002068735077045858,-1,undetected,1,9.489961992702219e-05,0,0.0,False
GaussianBudget75M_LinearMinTime,Emma_2023-CALAC-339561,20231004,6,pyrologix,12,none,2023,0.0,0.0020522669656202197,-1,undetected,1,9.489961992702219e-05,0,0.0,False
GaussianBudget75M_LinearMinTime,English_2023-CATNF-001273,20230814,22,pyrologix,4,80-58,2023,0.0,0.01869671989697963,-1,undetected,1,9.489961992702219e-05,2225,0.004270482896715999,True
GaussianBudget75M_LinearMinTime,Escondido_2023-CAANF-233956,20231203,23,pyrologix,6,none,2023,0.0,0.0020749090472236276,-1,undetected,1,9.489961992702219e-05,0,0.0,False
GaussianBudget75M_LinearMinTime,Etsel_2023-CAMNF-001222,20230918,22,pyrologix,5,61-19,2023,0.0,0.004790384089574218,0,drone,1,9.489961992702219e-05,2070,0.003985784036934932,True
GaussianBudget75M_LinearMinTime,Excelsior_2023-CANEU-016702,20230615,17,pyrologix,3,86-54,2023,0.0,0.03476292104460299,-1,undetected,1,9.489961992702219e-05,3305,0.0046500813764240876,True
GaussianBudget75M_LinearMinTime,Exit_2023-CASHF-000333,20230424,5,pyrologix,5,42-41,2023,0.0,0.011246312991715968,3,drone,1,9.489961992702219e-05,3075,0.004460282136570043,True
GaussianBudget75M_LinearMinTime,Fairview_2023-CASHF-001248,20231006,21,pyrologix,4,42-34,2023,0.0,0.0022425130009651184,0,drone,1,9.489961992702219e-05,1655,0.0040806836568619545,True
GaussianBudget75M_LinearMinTime,Fallen_2023-CATMU-022772,20230819,16,pyrologix,1,none,2023,0.0,0.0020118539687246084,-1,undetected,1,9.489961992702219e-05,0,0.0,False
GaussianBudget75M_LinearMinTime,Falls_2023-CASKU-006095,20230720,23,pyrologix,1,34-50,2023,0.0,0.0028110049897804856,0,drone,1,9.489961992702219e-05,595,0.003511285937299821,True
GaussianBudget75M_LinearMinTime,Falls_2023-CASTF-001664,20230820,14,pyrologix,5,118-64,2023,0.0,0.005203163949772716,0,drone,1,9.489961992702219e-05,1950,0.004555181756497065,True
GaussianBudget75M_LinearMinTime,Fast_2023-CABDF-010513,20230723,16,pyrologix,10,none,2023,0.0,0.002074668067507446,-1,undetected,1,9.489961992702219e-05,0,0.0,False
GaussianBudget75M_LinearMinTime,Faulkstein_2023-CAKNF-005132,20230626,10,pyrologix,10,21-28,2023,0.0,0.009002657956443727,2,drone,1,9.489961992702219e-05,4260,0.0046500813764240876,True
GaussianBudget75M_LinearMinTime,Fir_2023-CAINF-002072,20231119,21,pyrologix,5,none,2023,0.0,0.0020503310952335596,-1,undetected,1,9.489961992702219e-05,0,0.0,False
GaussianBudget75M_LinearMinTime,First_2023-CAKNF-004376,20230605,19,pyrologix,2,17-30,2023,0.0,0.005649908096529543,0,drone,1,9.489961992702219e-05,1030,0.00389088441700791,True
GaussianBudget75M_LinearMinTime,Fish_2023-CAINF-001317,20230813,15,pyrologix,4,none,2023,0.0,0.0020662799943238497,-1,undetected,1,9.489961992702219e-05,0,0.0,False
GaussianBudget75M_LinearMinTime,Fish_2023-CASTF-002295,20231020,21,pyrologix,6,115-63,2023,0.0,0.002661990001797676,0,drone,1,9.489961992702219e-05,2285,0.004175583276788976,True
GaussianBudget75M_LinearMinTime,Fisher_2023-CASTF-001961,20230911,22,pyrologix,7,108-64,2023,0.0,0.0032061050878837705,0,drone,1,9.489961992702219e-05,2925,0.004460282136570043,True
GaussianBudget75M_LinearMinTime,Fishtown_2023-CAMNF-000884,20230820,21,pyrologix,10,61-26,2023,0.0,0.0047074740286916494,0,drone,1,9.489961992702219e-05,4110,0.004555181756497065,True
GaussianBudget75M_LinearMinTime,Five_2023-CATNF-001031,20230716,9,pyrologix,11,none,2023,0.0,0.002097340067848563,-1,undetected,1,9.489961992702219e-05,0,0.0,False
GaussianBudget75M_LinearMinTime,Flat_2023-CAANF-002740,20230815,13,pyrologix,12,none,2023,0.0,0.002077333047054708,-1,undetected,1,9.489961992702219e-05,0,0.0,False
GaussianBudget75M_LinearMinTime,Flat_2023-CAENF-017405,20230630,22,pyrologix,5,93-54,2023,0.0,0.003631340921856463,0,drone,1,9.489961992702219e-05,2115,0.003985784036934932,True
GaussianBudget75M_LinearMinTime,Flat_2023-CALPF-002163,20230806,16,pyrologix,5,none,2023,0.0,0.0019996409537270665,-1,undetected,1,9.489961992702219e-05,0,0.0,False
GaussianBudget75M_LinearMinTime,Flat_2023-CAMDF-000050,20230215,10,pyrologix,8,none,2023,0.0,0.002089021960273385,-1,undetected,1,9.489961992702219e-05,0,0.0,False
GaussianBudget75M_LinearMinTime,Flat_2023-CASHF-000942,20230810,14,pyrologix,9,35-43,2023,0.0,0.0073514149989932775,1,drone,1,9.489961992702219e-05,3750,0.003985784036934932,True
GaussianBudget75M_LinearMinTime,Flat_2023-CASQF-002033,20230917,13,pyrologix,10,174-77,2023,0.0,0.005018254974856973,0,drone,1,9.489961992702219e-05,3840,0.0046500813764240876,True
GaussianBudget75M_LinearMinTime,Flat_2023-CASRF-001064,20230825,17,pyrologix,7,33-23,2023,0.0,0.016207633074373007,5,drone,1,9.489961992702219e-05,4335,0.0046500813764240876,True
GaussianBudget75M_LinearMinTime,Flat_2023-CASTF-000607,20230517,10,pyrologix,12,115-63,2023,0.0,0.004868027055636048,0,drone,1,9.489961992702219e-05,4535,0.004460282136570043,True
GaussianBudget75M_LinearMinTime,Flats_2023-CABDF-008695,20230617,18,pyrologix,5,225-101,2023,0.0,0.0023615509271621704,0,drone,1,9.489961992702219e-05,1840,0.004460282136570043,True
GaussianBudget75M_LinearMinTime,Flats_2023-CABDF-010793,20230730,20,pyrologix,4,none,2023,0.0,0.002128063002601266,-1,undetected,1,9.489961992702219e-05,0,0.0,False
GaussianBudget75M_LinearMinTime,Fleming_2023-CAENF-021409,20230805,14,pyrologix,9,97-60,2023,0.0,0.003941501025110483,0,drone,1,9.489961992702219e-05,3735,0.004460282136570043,True
GaussianBudget75M_LinearMinTime,Flume_2023-CASHF-000703,20230629,16,pyrologix,10,35-43,2023,0.0,0.005064447992481291,0,drone,1,9.489961992702219e-05,3790,0.003985784036934932,True
GaussianBudget75M_LinearMinTime,Forest_2023-CATNF-000717,20230616,16,pyrologix,7,90-60,2023,0.0,0.005020130076445639,0,drone,1,9.489961992702219e-05,3045,0.004460282136570043,True
GaussianBudget75M_LinearMinTime,Fork_2023-CAANF-001661,20230618,11,pyrologix,10,206-87,2023,0.0,0.018929306999780238,-1,undetected,1,9.489961992702219e-05,1525,0.004270482896715999,True
GaussianBudget75M_LinearMinTime,Fork_2023-CASRF-000645,20230705,1,pyrologix,1,35-16,2023,0.0,0.003507580026052892,0,drone,1,9.489961992702219e-05,675,0.0033214866974457763,True
GaussianBudget75M_LinearMinTime,Four_2023-CAKNF-004483,20230608,15,pyrologix,2,27-52,2023,0.0,0.0022790320217609406,0,drone,1,9.489961992702219e-05,855,0.003226587077518755,True
GaussianBudget75M_LinearMinTime,Francis_2023-CAANF-233122,20230911,21,pyrologix,2,none,2023,0.0,0.002057128935121,-1,undetected,1,9.489961992702219e-05,0,0.0,False
GaussianBudget75M_LinearMinTime,Francis_2023-CAENF-022302,20230815,23,pyrologix,5,90-60,2023,0.0,0.019623507978394628,-1,undetected,1,9.489961992702219e-05,4585,0.004460282136570043,True
GaussianBudget75M_LinearMinTime,Franklin_2023-CAKNF-005103,20230625,21,pyrologix,4,18-37,2023,0.0,0.004315385944209993,0,drone,1,9.489961992702219e-05,1820,0.0036061855572268433,True
GaussianBudget75M_LinearMinTime,Franklin_2023-CALAC-23215391,20230630,22,pyrologix,6,none,2023,0.0,0.002043426036834717,-1,undetected,1,9.489961992702219e-05,0,0.0,False
GaussianBudget75M_LinearMinTime,Franklin_2023-CALPF-001817,20230712,16,pyrologix,7,none,2023,0.0,0.002049045986495912,-1,undetected,1,9.489961992702219e-05,0,0.0,False
GaussianBudget75M_LinearMinTime,Frazier_2023-CASTF-001658,20230820,8,pyrologix,9,115-63,2023,0.0,0.004926574998535216,0,drone,1,9.489961992702219e-05,3455,0.004365382516643021,True
GaussianBudget75M_LinearMinTime,Freeway_2023-CAANF-232754,20230816,16,pyrologix,2,none,2023,0.0,0.002037225989624858,-1,undetected,1,9.489961992702219e-05,0,0.0,False
GaussianBudget75M_LinearMinTime,Frenchman_2023-CAPNF-000737,20230715,21,pyrologix,4,77-70,2023,0.0,0.008226949954405427,1,drone,1,9.489961992702219e-05,1795,0.0037010851771538656,True
GaussianBudget75M_LinearMinTime,Friday_2023-CASRF-000890,20230809,16,pyrologix,1,35-16,2023,0.0,0.005392623948864639,0,drone,1,9.489961992702219e-05,675,0.0033214866974457763,True
GaussianBudget75M_LinearMinTime,Friend_2023-CASHF-000702,20230629,20,pyrologix,1,47-21,2023,0.0,0.002039239974692464,0,drone,1,9.489961992702219e-05,415,0.003226587077518755,True
GaussianBudget75M_LinearMinTime,Frontage_2023-CABDF-007992,20230602,7,pyrologix,5,none,2023,0.0,0.0020730120595544577,-1,undetected,1,9.489961992702219e-05,0,0.0,False
GaussianBudget75M_LinearMinTime,Frying_2023-CAKNF-005107,20230626,21,pyrologix,7,16-26,2023,0.0,0.004288363037630916,0,drone,1,9.489961992702219e-05,2830,0.004555181756497065,True
GaussianBudget75M_LinearMinTime,Fuller_2023-CABDF-014299,20231028,11,pyrologix,12,none,2023,0.0,0.0020709449891000986,-1,undetected,1,9.489961992702219e-05,0,0.0,False
GaussianBudget75M_LinearMinTime,Fuller_2023-CATNF-001755,20231029,15,pyrologix,5,87-59,2023,0.0,0.018418214051052928,-1,undetected,1,9.489961992702219e-05,1010,0.00303678783766471,True
GaussianBudget75M_LinearMinTime,Gabriel_2023-CAANF-001433,20230529,22,pyrologix,2,none,2023,0.0,0.0020575260277837515,-1,undetected,1,9.489961992702219e-05,0,0.0,False
GaussianBudget75M_LinearMinTime,Gallagher_2023-CAPNF-000851,20230801,18,pyrologix,8,72-57,2023,0.0,0.003377346904017031,0,drone,1,9.489961992702219e-05,3015,0.003985784036934932,True
GaussianBudget75M_LinearMinTime,Garden_2023-CAKNF-007331,20230825,13,pyrologix,11,26-25,2023,0.0,0.0055699009681120515,0,drone,1,9.489961992702219e-05,4580,0.004365382516643021,True
GaussianBudget75M_LinearMinTime,Gas_2023-CAANF-001520,20230606,21,pyrologix,2,none,2023,0.0,0.0027174109127372503,-1,undetected,1,9.489961992702219e-05,0,0.0,False
GaussianBudget75M_LinearMinTime,Gerle_2023-CAENF-027748,20231009,12,pyrologix,9,90-60,2023,0.0,0.01957112702075392,-1,undetected,1,9.489961992702219e-05,6290,0.004460282136570043,True
GaussianBudget75M_LinearMinTime,Giant_2023-CASQF-001242,20230715,19,pyrologix,2,165-77,2023,0.0,0.0018546069040894508,0,drone,1,9.489961992702219e-05,735,0.0034163863173727986,True
GaussianBudget75M_LinearMinTime,Gibson_2023-CAPNF-000955,20230814,17,pyrologix,11,72-57,2023,0.0,0.0031915749423205853,0,drone,1,9.489961992702219e-05,3995,0.003985784036934932,True
GaussianBudget75M_LinearMinTime,Gifford_2023-CALPF-001190,20230519,17,pyrologix,9,none,2023,0.0,0.0021162579068914056,-1,undetected,1,9.489961992702219e-05,0,0.0,False
GaussianBudget75M_LinearMinTime,Glass_2023-CAKNF-004674,20230613,15,pyrologix,7,none,2023,0.0,0.001983002061024308,-1,undetected,1,9.489961992702219e-05,0,0.0,False
GaussianBudget75M_LinearMinTime,Gleason_2023-CAANF-232639,20230809,11,pyrologix,12,none,2023,0.0,0.002716439077630639,-1,undetected,1,9.489961992702219e-05,0,0.0,False
GaussianBudget75M_LinearMinTime,Gold_2023-CAKNF-007026,20230816,16,pyrologix,5,24-35,2023,0.0,0.0025346529437229037,0,drone,1,9.489961992702219e-05,2305,0.004270482896715999,True
GaussianBudget75M_LinearMinTime,Gold_2023-CATNF-001290,20230816,22,pyrologix,5,79-56,2023,0.0,0.005047585931606591,1,drone,1,9.489961992702219e-05,2235,0.004460282136570043,True
GaussianBudget75M_LinearMinTime,Goldmine_2023-CABDF-009229,20230629,16,pyrologix,10,none,2023,0.0,0.0020710210083052516,-1,undetected,1,9.489961992702219e-05,0,0.0,False
GaussianBudget75M_LinearMinTime,Goodyear_2023-CATNF-001421,20230904,17,pyrologix,11,79-56,2023,0.0,0.010405936976894736,2,drone,1,9.489961992702219e-05,4985,0.0046500813764240876,True
GaussianBudget75M_LinearMinTime,Grade_2023-CACNF-002944,20231103,18,pyrologix,1,none,2023,0.0,0.002031418029218912,-1,undetected,1,9.489961992702219e-05,0,0.0,False
GaussianBudget75M_LinearMinTime,Granite_2023-CASNF-000835,20230721,19,pyrologix,12,125-65,2023,0.0,0.010255197063088417,1,drone,1,9.489961992702219e-05,4955,0.004555181756497065,True
GaussianBudget75M_LinearMinTime,Granite_2023-CATNF-001270,20230814,20,pyrologix,6,none,2023,0.0,0.00268673209939152,-1,undetected,1,9.489961992702219e-05,0,0.0,False
GaussianBudget75M_LinearMinTime,Graniteville_2023-CANEU-031058,20231031,10,pyrologix,4,80-58,2023,0.0,0.0024195730220526457,0,drone,1,9.489961992702219e-05,1690,0.0040806836568619545,True
GaussianBudget75M_LinearMinTime,Graniteville_2023-CATNF-001768,20231031,9,pyrologix,8,79-56,2023,0.0,0.004996874020434916,0,drone,1,9.489961992702219e-05,3310,0.0046500813764240876,True
GaussianBudget75M_LinearMinTime,Grants_2023-CAKNF-008101,20230917,18,pyrologix,1,28-32,2023,0.0,0.008572075981646776,2,drone,1,9.489961992702219e-05,1360,0.004270482896715999,True
GaussianBudget75M_LinearMinTime,Grass_2023-CAPNF-000660,20230704,18,pyrologix,4,72-57,2023,0.0,0.006849657045677304,0,drone,1,9.489961992702219e-05,1815,0.003985784036934932,True
GaussianBudget75M_LinearMinTime,Grasshopper_2023-CASHU-007231,20230706,15,pyrologix,11,41-47,2023,0.0,0.036031208001077175,-1,undetected,1,9.489961992702219e-05,1590,0.004270482896715999,True
GaussianBudget75M_LinearMinTime,Grassy_2023-CASHF-001188,20230916,18,pyrologix,9,47-21,2023,0.0,0.0037809560308232903,0,drone,1,9.489961992702219e-05,3365,0.0046500813764240876,True
GaussianBudget75M_LinearMinTime,Gravel_2023-CAKNF-004491,20230608,18,pyrologix,5,27-52,2023,0.0,0.013626030995510519,1,drone,1,9.489961992702219e-05,2735,0.004365382516643021,True
GaussianBudget75M_LinearMinTime,Gravel_2023-CAPNF-000970,20230815,16,pyrologix,4,69-50,2023,0.0,0.004830896970815957,0,drone,1,9.489961992702219e-05,1865,0.004365382516643021,True
GaussianBudget75M_LinearMinTime,Green_2023-CAANF-002684,20230812,3,pyrologix,1,none,2023,0.0,0.001988345058634877,-1,undetected,1,9.489961992702219e-05,0,0.0,False
GaussianBudget75M_LinearMinTime,Green_2023-CAPNF-000289,20230521,16,pyrologix,11,65-55,2023,0.0,0.005145653034560382,0,drone,1,9.489961992702219e-05,4115,0.004460282136570043,True
GaussianBudget75M_LinearMinTime,Greens_2023-CASHF-000747,20230704,16,pyrologix,1,42-41,2023,0.0,0.03275909402873367,-1,undetected,1,9.489961992702219e-05,2590,0.004270482896715999,True
GaussianBudget75M_LinearMinTime,Grey_2023-CASNF-001107,20230817,19,pyrologix,12,128-67,2023,0.0,0.003990860073827207,0,drone,1,9.489961992702219e-05,4565,0.004365382516643021,True
GaussianBudget75M_LinearMinTime,Grizzly_2023-CAKNF-007144,20230819,18,pyrologix,7,33-29,2023,0.0,0.011776827042922378,1,drone,1,9.489961992702219e-05,3535,0.0046500813764240876,True
GaussianBudget75M_LinearMinTime,Grizzly_2023-CAPNF-000305,20230524,21,pyrologix,6,73-63,2023,0.0,0.0026072210166603327,0,drone,1,9.489961992702219e-05,2225,0.0046500813764240876,True
GaussianBudget75M_LinearMinTime,H-10_Burney_2023-CALNF-004363,20230817,15,pyrologix,6,51-53,2023,0.0,0.008500138996168971,0,drone,1,9.489961992702219e-05,2785,0.004365382516643021,True
GaussianBudget75M_LinearMinTime,H-11_Cornaz_2023-CALNF-004367,20230817,18,pyrologix,6,51-53,2023,0.0,0.011799740022979677,3,drone,1,9.489961992702219e-05,3650,0.004460282136570043,True
GaussianBudget75M_LinearMinTime,H-1_Honn_2023-CALNF-004135,20230805,16,pyrologix,5,51-53,2023,0.0,0.002733681001700461,0,drone,1,9.489961992702219e-05,2125,0.00389088441700791,True
GaussianBudget75M_LinearMinTime,H-1_Lava_2023-CALNF-002840,20230607,16,pyrologix,3,51-53,2023,0.0,0.004423624952323735,0,drone,1,9.489961992702219e-05,1630,0.00389088441700791,True
GaussianBudget75M_LinearMinTime,H-1_Tamarack_2023-CALNF-004314,20230815,15,pyrologix,5,51-53,2023,0.0,0.01257413998246193,1,drone,1,9.489961992702219e-05,2695,0.004175583276788976,True
GaussianBudget75M_LinearMinTime,H-2_Freaner_2023-CALNF-004336,20230816,17,pyrologix,11,51-53,2023,0.0,0.006015590974129736,0,drone,1,9.489961992702219e-05,4400,0.004460282136570043,True
GaussianBudget75M_LinearMinTime,H-2_Moon_2023-CALNF-003251,20230626,21,pyrologix,9,51-53,2023,0.0,0.034900287981145084,-1,undetected,1,9.489961992702219e-05,5885,0.004460282136570043,True
GaussianBudget75M_LinearMinTime,H-3_Bald_2023-CALNF-003252,20230626,22,pyrologix,8,51-53,2023,0.0,0.019287000061012805,-1,undetected,1,9.489961992702219e-05,5495,0.004460282136570043,True
GaussianBudget75M_LinearMinTime,H-3_Huckleberry_2023-CALNF-004337,20230816,19,pyrologix,7,48-47,2023,0.0,0.003926845034584403,0,drone,1,9.489961992702219e-05,2775,0.004460282136570043,True
GaussianBudget75M_LinearMinTime,H-4_Red_Rock_2023-CALNF-004338,20230816,19,pyrologix,7,51-53,2023,0.0,0.0033124320907518268,0,drone,1,9.489961992702219e-05,2935,0.004460282136570043,True
GaussianBudget75M_LinearMinTime,H-6_Eiler_2023-CALNF-004341,20230816,19,pyrologix,9,51-53,2023,0.0,0.0065787589410319924,1,drone,1,9.489961992702219e-05,4160,0.004460282136570043,True
GaussianBudget75M_LinearMinTime,H-7_Twin_Buttes_2023-CALNF-004342,20230816,19,pyrologix,8,51-53,2023,0.0,0.0027835109503939748,0,drone,1,9.489961992702219e-05,3205,0.004460282136570043,True
GaussianBudget75M_LinearMinTime,H-8_Dutch_2023-CALNF-004343,20230816,18,pyrologix,10,51-53,2023,0.0,0.003986475057899952,0,drone,1,9.489961992702219e-05,4115,0.004460282136570043,True
GaussianBudget75M_LinearMinTime,H-9_Bunchgrass_2023-CALNF-004347,20230817,22,pyrologix,6,48-47,2023,0.0,0.00626276305411011,1,drone,1,9.489961992702219e-05,2775,0.004460282136570043,True
GaussianBudget75M_LinearMinTime,Hall_2023-CALNF-005330,20230930,20,pyrologix,3,51-53,2023,0.0,0.003344011027365923,0,drone,1,9.489961992702219e-05,1365,0.00389088441700791,True
GaussianBudget75M_LinearMinTime,Hallett_2023-CAPNF-000405,20230605,15,pyrologix,11,67-62,2023,0.0,0.0029674730030819774,0,drone,1,9.489961992702219e-05,4040,0.0046500813764240876,True
GaussianBudget75M_LinearMinTime,Hambone_2023-CASHF-000520,20230531,21,pyrologix,4,37-52,2023,0.0,0.0045701899798586965,0,drone,1,9.489961992702219e-05,1870,0.0046500813764240876,True
GaussianBudget75M_LinearMinTime,Hancock_2023-CASRF-001016,20230821,12,pyrologix,9,26-25,2023,0.0,0.006905138958245516,0,drone,1,9.489961992702219e-05,3685,0.004270482896715999,True
GaussianBudget75M_LinearMinTime,Harlem_2023-CAPNF-000598,20230626,8,pyrologix,6,72-57,2023,0.0,0.004039030987769365,0,drone,1,9.489961992702219e-05,2270,0.003985784036934932,True
GaussianBudget75M_LinearMinTime,Harrison_2023-CABDF-009856,20230710,23,pyrologix,4,none,2023,0.0,0.002071341034024954,-1,undetected,1,9.489961992702219e-05,0,0.0,False
GaussianBudget75M_LinearMinTime,Haskins_2023-CAPNF-001029,20230817,18,pyrologix,3,69-50,2023,0.0,0.006672677001915872,0,drone,1,9.489961992702219e-05,1445,0.004365382516643021,True
GaussianBudget75M_LinearMinTime,Hawkins_Bar_2023-CASRF-001153,20230914,0,pyrologix,2,40-22,2023,0.0,0.011942001059651375,1,drone,1,9.489961992702219e-05,1455,0.004175583276788976,True
GaussianBudget75M_LinearMinTime,Hawley_2023-CATNF-001302,20230817,14,pyrologix,8,79-56,2023,0.0,0.00713371904566884,1,drone,1,9.489961992702219e-05,3560,0.0046500813764240876,True
GaussianBudget75M_LinearMinTime,Haydon_2023-CASRF-000915,20230813,15,pyrologix,2,42-15,2023,0.0,0.012257750029675663,3,drone,1,9.489961992702219e-05,2165,0.004460282136570043,True
GaussianBudget75M_LinearMinTime,Head_2023-CAKNF-006988,20230815,21,pyrologix,4,18-37,2023,0.0,0.007243558997288346,0,drone,1,9.489961992702219e-05,1820,0.0036061855572268433,True
GaussianBudget75M_LinearMinTime,Heath_2023-CASHF-000576,20230612,13,pyrologix,12,41-47,2023,0.0,0.019575892947614193,-1,undetected,1,9.489961992702219e-05,1590,0.004270482896715999,True
GaussianBudget75M_LinearMinTime,Heavenly_2023-CACNF-003041,20231112,22,pyrologix,5,none,2023,0.0,0.0027263190131634474,-1,undetected,1,9.489961992702219e-05,0,0.0,False
GaussianBudget75M_LinearMinTime,Hebron_2023-CAKNF-004493,20230608,21,pyrologix,1,27-52,2023,0.0,0.002485844073817134,0,drone,1,9.489961992702219e-05,570,0.002941888217737688,True
GaussianBudget75M_LinearMinTime,Helm_2023-CASNF-001526,20231004,18,pyrologix,8,none,2023,0.0,0.0020131339551880956,-1,undetected,1,9.489961992702219e-05,0,0.0,False
GaussianBudget75M_LinearMinTime,Henness_2023-CATNF-001322,20230819,16,pyrologix,11,84-67,2023,0.0,0.004538196022622287,0,drone,1,9.489961992702219e-05,4500,0.004365382516643021,True
GaussianBudget75M_LinearMinTime,Hennessy_2023-CASHF-001071,20230825,22,pyrologix,7,40-22,2023,0.0,0.00677956105209887,0,drone,1,9.489961992702219e-05,2750,0.004555181756497065,True
GaussianBudget75M_LinearMinTime,Henry_2023-CAKNF-007036,20230816,20,pyrologix,7,33-29,2023,0.0,0.00602774100843817,0,drone,1,9.489961992702219e-05,2950,0.004460282136570043,True
GaussianBudget75M_LinearMinTime,Henshaw_2023-CACNF-000773,20230417,13,pyrologix,5,230-98,2023,0.0,0.0030926590552553535,0,drone,1,9.489961992702219e-05,1940,0.004270482896715999,True
GaussianBudget75M_LinearMinTime,Hickey_2023-CAKNF-008080,20230917,20,pyrologix,8,28-32,2023,0.0,0.022650236962363124,3,drone,1,9.489961992702219e-05,4190,0.0046500813764240876,True
GaussianBudget75M_LinearMinTime,Hidden_2023-CACNF-001596,20230704,14,pyrologix,8,none,2023,0.0,0.0019294950179755688,-1,undetected,1,9.489961992702219e-05,0,0.0,False
GaussianBudget75M_LinearMinTime,Highline_2023-CAANF-233907,20231128,23,pyrologix,4,none,2023,0.0,0.002743980032391846,-1,undetected,1,9.489961992702219e-05,0,0.0,False
GaussianBudget75M_LinearMinTime,Highway_2023-CAANF-001901,20230702,0,pyrologix,1,none,2023,0.0,0.0020163210574537516,-1,undetected,1,9.489961992702219e-05,0,0.0,False
GaussianBudget75M_LinearMinTime,Highway_2023-CAPNF-006276,20231118,22,pyrologix,12,70-69,2023,0.0,0.005616194917820394,0,drone,1,9.489961992702219e-05,4520,0.004460282136570043,True
GaussianBudget75M_LinearMinTime,Highway_2023-CATNF-001295,20230816,19,pyrologix,5,86-54,2023,0.0,0.004119927063584328,0,drone,1,9.489961992702219e-05,2200,0.004460282136570043,True
GaussianBudget75M_LinearMinTime,Hill_2023-CAMDF-000175,20230520,18,pyrologix,4,38-63,2023,0.0,0.005057657021097839,0,drone,1,9.489961992702219e-05,1635,0.0040806836568619545,True
GaussianBudget75M_LinearMinTime,Hill_2023-CAMDF-000845,20230902,15,pyrologix,11,38-63,2023,0.0,0.020206773071549833,-1,undetected,1,9.489961992702219e-05,6255,0.0040806836568619545,True
GaussianBudget75M_LinearMinTime,Hill_2023-CATNF-000463,20230520,14,pyrologix,3,84-67,2023,0.0,0.002446829923428595,0,drone,1,9.489961992702219e-05,1285,0.004270482896715999,True
GaussianBudget75M_LinearMinTime,Hilt_2023-CAKNF-004484,20230608,16,pyrologix,1,18-37,2023,0.0,0.003684708965010941,0,drone,1,9.489961992702219e-05,540,0.003226587077518755,True
GaussianBudget75M_LinearMinTime,Hoags_2023-CAKNF-005424,20230703,0,pyrologix,12,21-28,2023,0.0,0.0051365100080147386,0,drone,1,9.489961992702219e-05,4500,0.0046500813764240876,True
GaussianBudget75M_LinearMinTime,Hobart_2023-CATNF-000772,20230623,23,pyrologix,6,84-67,2023,0.0,0.0030225529335439205,0,drone,1,9.489961992702219e-05,2430,0.004270482896715999,True
GaussianBudget75M_LinearMinTime,Hobo_2023-CASQF-002441,20231127,1,pyrologix,4,174-77,2023,0.0,0.0020150289637967944,0,drone,1,9.489961992702219e-05,1510,0.004460282136570043,True
GaussianBudget75M_LinearMinTime,Hog_2023-CAKNF-007217,20230822,22,pyrologix,6,33-29,2023,0.0,0.0048060930566862226,0,drone,1,9.489961992702219e-05,2810,0.004460282136570043,True
GaussianBudget75M_LinearMinTime,Hole_2023-CAMNF-000845,20230815,2,pyrologix,4,61-19,2023,0.0,0.004860637942329049,1,drone,1,9.489961992702219e-05,1990,0.003985784036934932,True
GaussianBudget75M_LinearMinTime,Holiday_2023-CALPF-001277,20230526,19,pyrologix,3,none,2023,0.0,0.0020055979257449508,-1,undetected,1,9.489961992702219e-05,0,0.0,False
GaussianBudget75M_LinearMinTime,Holiday_2023-CASHF-000145,20230210,20,pyrologix,9,42-41,2023,0.0,0.0302084400318563,5,drone,1,9.489961992702219e-05,5115,0.004460282136570043,True
GaussianBudget75M_LinearMinTime,Holiday_2023-CASRF-000952,20230815,13,pyrologix,12,none,2023,0.0,0.002020615036599338,-1,undetected,1,9.489961992702219e-05,0,0.0,False
GaussianBudget75M_LinearMinTime,Hollow_2023-CASTF-001956,20230910,16,pyrologix,12,108-64,2023,0.0,0.0037668970180675387,0,drone,1,9.489961992702219e-05,4860,0.004555181756497065,True
GaussianBudget75M_LinearMinTime,Hollow_2023-CATCU-013868,20231019,11,pyrologix,4,118-56,2023,0.0,0.004759678966365755,0,drone,1,9.489961992702219e-05,1630,0.004270482896715999,True
GaussianBudget75M_LinearMinTime,Honey_2023-CAPNF-000663,20230705,20,pyrologix,12,70-69,2023,0.0,0.02027219405863434,-1,undetected,1,9.489961992702219e-05,6320,0.004460282136570043,True
GaussianBudget75M_LinearMinTime,Hopkins_2023-CAPNF-001008,20230817,19,pyrologix,12,72-57,2023,0.0,0.03610504907555878,-1,undetected,1,9.489961992702219e-05,6395,0.003985784036934932,True
GaussianBudget75M_LinearMinTime,Horse_2023-CAKNF-008106,20230917,14,pyrologix,12,18-37,2023,0.0,0.015176160959526896,2,drone,1,9.489961992702219e-05,5110,0.0037010851771538656,True
GaussianBudget75M_LinearMinTime,Horse_2023-CAMNF-000385,20230530,15,pyrologix,12,61-19,2023,0.0,0.01938188006170094,-1,undetected,1,9.489961992702219e-05,5285,0.0040806836568619545,True
GaussianBudget75M_LinearMinTime,Horse_2023-CAPNF-001410,20230925,22,pyrologix,1,72-57,2023,0.0,0.002372098038904369,0,drone,1,9.489961992702219e-05,530,0.0026571893579566213,True
GaussianBudget75M_LinearMinTime,Hot_2023-CAINF-001668,20230910,17,pyrologix,2,none,2023,0.0,0.0020673179533332586,-1,undetected,1,9.489961992702219e-05,0,0.0,False
GaussianBudget75M_LinearMinTime,Huckle_2023-CAKNF-008130,20230918,1,pyrologix,4,21-28,2023,0.0,0.004483495955355465,0,drone,1,9.489961992702219e-05,1770,0.004555181756497065,True
GaussianBudget75M_LinearMinTime,Huckleberry_2023-CAENF-022291,20230814,20,pyrologix,6,none,2023,0.0,0.0020791819551959634,-1,undetected,1,9.489961992702219e-05,0,0.0,False
GaussianBudget75M_LinearMinTime,Hughes_2023-CALAC-208600,20230624,5,pyrologix,8,none,2023,0.0,0.002630457980558276,-1,undetected,1,9.489961992702219e-05,0,0.0,False
GaussianBudget75M_LinearMinTime,Hull_2023-CASTF-001546,20230814,22,pyrologix,8,115-63,2023,0.0,0.010742802056483924,2,drone,1,9.489961992702219e-05,3875,0.004365382516643021,True
GaussianBudget75M_LinearMinTime,Humphrey_2023-CAPNF-000982,20230816,21,pyrologix,7,67-62,2023,0.0,0.005336223053745925,0,drone,1,9.489961992702219e-05,2650,0.0046500813764240876,True
GaussianBudget75M_LinearMinTime,Hurdy_Gurdy_2023-CASRF-000998,20230818,12,pyrologix,12,16-26,2023,0.0,0.008293532999232411,1,drone,1,9.489961992702219e-05,5440,0.004555181756497065,True
GaussianBudget75M_LinearMinTime,Hwy_166____Bull_Canyon_Rd_2023-CASLU-011614,20230728,8,pyrologix,1,none,2023,0.0,0.0020664080511778593,-1,undetected,1,9.489961992702219e-05,0,0.0,False
GaussianBudget75M_LinearMinTime,Hy_243____Diamond_Zen_Rd_2023-CARRU-164439,20231106,0,pyrologix,4,218-98,2023,0.0,0.002452502027153969,0,drone,1,9.489961992702219e-05,1655,0.0034163863173727986,True
GaussianBudget75M_LinearMinTime,Hy_74__E__Scenic_Dr_2023-CARRU-004047,20230109,0,pyrologix,2,none,2023,0.0,0.0023154820082709193,-1,undetected,1,9.489961992702219e-05,0,0.0,False
GaussianBudget75M_LinearMinTime,Hyampom_2023-CASHF-000285,20230412,18,pyrologix,11,47-21,2023,0.0,0.009975624037906528,2,drone,1,9.489961992702219e-05,4810,0.0046500813764240876,True
GaussianBudget75M_LinearMinTime,I_15__N__Hwy_138_2023-CABDU-009650,20230715,18,pyrologix,7,206-88,2023,0.0,0.004057164071127772,0,drone,1,9.489961992702219e-05,2675,0.0040806836568619545,True
GaussianBudget75M_LinearMinTime,I_15__N__Hwy_138_2023-CABDU-012586,20230907,6,pyrologix,7,206-88,2023,0.0,0.0026045069098472595,0,drone,1,9.489961992702219e-05,2675,0.0040806836568619545,True
GaussianBudget75M_LinearMinTime,I_15__S__Hwy_138_2023-CABDU-006311,20230513,21,pyrologix,11,206-88,2023,0.0,0.004324372974224389,0,drone,1,9.489961992702219e-05,4435,0.004175583276788976,True
GaussianBudget75M_LinearMinTime,Ice_2023-CAENF-018816,20230711,15,pyrologix,9,98-62,2023,0.0,0.0035794569412246346,0,drone,1,9.489961992702219e-05,3480,0.004460282136570043,True
GaussianBudget75M_LinearMinTime,Ice_House_2023-CAENF-011783,20230502,16,pyrologix,2,97-60,2023,0.0,0.0016183729749172926,0,drone,1,9.489961992702219e-05,910,0.00389088441700791,True
GaussianBudget75M_LinearMinTime,Icehouse_2023-CAANF-002235,20230717,11,pyrologix,11,206-88,2023,0.0,0.0040456309216097,0,drone,1,9.489961992702219e-05,4350,0.004175583276788976,True
GaussianBudget75M_LinearMinTime,Indian_2023-CACNF-000210,20230204,12,pyrologix,12,230-98,2023,0.0,0.01578865898773074,4,drone,1,9.489961992702219e-05,5790,0.0046500813764240876,True
GaussianBudget75M_LinearMinTime,Indian_Springs_2023-CATNF-001752,20231028,20,pyrologix,5,87-59,2023,0.0,0.033905099029652774,-1,undetected,1,9.489961992702219e-05,1010,0.00303678783766471,True
GaussianBudget75M_LinearMinTime,Interface_2023-CATCU-006361,20230518,1,pyrologix,8,111-57,2023,0.0,0.010948439012281597,1,drone,1,9.489961992702219e-05,3855,0.004460282136570043,True
GaussianBudget75M_LinearMinTime,Intersection_2023-CAKNF-007000,20230816,0,pyrologix,6,21-28,2023,0.0,0.0032317079603672028,0,drone,1,9.489961992702219e-05,2250,0.004555181756497065,True
GaussianBudget75M_LinearMinTime,Iron_2023-CASRF-001003,20230819,13,pyrologix,11,21-28,2023,0.0,0.008510238025337458,1,drone,1,9.489961992702219e-05,4550,0.0046500813764240876,True
GaussianBudget75M_LinearMinTime,Ishi_2023-CALNF-006312,20231119,13,pyrologix,7,56-40,2023,0.0,0.003186094923876226,0,drone,1,9.489961992702219e-05,2515,0.004365382516643021,True
GaussianBudget75M_LinearMinTime,Ishi_2023-CATGU-013430,20231119,13,pyrologix,7,56-40,2023,0.0,0.003181565902195871,0,drone,1,9.489961992702219e-05,2515,0.004365382516643021,True
GaussianBudget75M_LinearMinTime,Island_2023-CASRF-000991,20230817,19,pyrologix,9,16-26,2023,0.0,0.015551527962088585,4,drone,1,9.489961992702219e-05,5395,0.004555181756497065,True
GaussianBudget75M_LinearMinTime,Jackson_2023-CAKNF-008621,20231003,18,pyrologix,10,33-29,2023,0.0,0.019595277961343527,-1,undetected,1,9.489961992702219e-05,4270,0.0046500813764240876,True
GaussianBudget75M_LinearMinTime,Jackson_2023-CAPNF-000523,20230617,2,pyrologix,1,73-63,2023,0.0,0.0024845959851518273,0,drone,1,9.489961992702219e-05,550,0.003226587077518755,True
GaussianBudget75M_LinearMinTime,Jade_2023-CABDF-009601,20230705,3,pyrologix,3,none,2023,0.0,0.002080723992548883,-1,undetected,1,9.489961992702219e-05,0,0.0,False
GaussianBudget75M_LinearMinTime,Janes_2023-CAMDF-000177,20230522,18,pyrologix,4,none,2023,0.0,0.0021965409396216273,-1,undetected,1,9.489961992702219e-05,0,0.0,False
GaussianBudget75M_LinearMinTime,Japatul_2023-CACNF-000744,20230415,15,pyrologix,11,none,2023,0.0,0.0020863229874521494,-1,undetected,1,9.489961992702219e-05,0,0.0,False
GaussianBudget75M_LinearMinTime,Japatul_2_2023-CACNF-000745,20230415,17,pyrologix,8,none,2023,0.0,0.0021003459114581347,-1,undetected,1,9.489961992702219e-05,0,0.0,False
GaussianBudget75M_LinearMinTime,Jaw_2023-CASTF-000895,20230616,22,pyrologix,5,118-64,2023,0.0,0.005173614947125316,1,drone,1,9.489961992702219e-05,2210,0.004555181756497065,True
GaussianBudget75M_LinearMinTime,Jedediah_2023-CASRF-001058,20230825,18,pyrologix,2,16-26,2023,0.0,0.012122649932280183,3,drone,1,9.489961992702219e-05,2415,0.004555181756497065,True
GaussianBudget75M_LinearMinTime,Jess_2023-CAMDF-000181,20230524,20,pyrologix,3,none,2023,0.0,0.002121706958860159,-1,undetected,1,9.489961992702219e-05,0,0.0,False
GaussianBudget75M_LinearMinTime,Juergens_2023-CACNF-002409,20230831,17,pyrologix,1,none,2023,0.0,0.0020497420337051153,-1,undetected,1,9.489961992702219e-05,0,0.0,False
GaussianBudget75M_LinearMinTime,Juniper_2023-CASTF-001948,20230910,15,pyrologix,6,none,2023,0.0,0.0021214629523456097,-1,undetected,1,9.489961992702219e-05,0,0.0,False
GaussianBudget75M_LinearMinTime,Jupiter_2023-CASTF-000394,20230414,16,pyrologix,10,111-57,2023,0.0,0.0035903670359402895,0,drone,1,9.489961992702219e-05,4170,0.004460282136570043,True
GaussianBudget75M_LinearMinTime,Jupiters_2023-CASTF-001133,20230706,9,pyrologix,8,111-57,2023,0.0,0.003755862941034138,0,drone,1,9.489961992702219e-05,3560,0.004460282136570043,True
GaussianBudget75M_LinearMinTime,Kaiser_2023-CASNF-001715,20231203,22,pyrologix,2,132-72,2023,0.0,0.013062276993878186,4,drone,1,9.489961992702219e-05,2790,0.00389088441700791,True
GaussianBudget75M_LinearMinTime,Kane_2023-CAMMU-020138,20230909,13,pyrologix,4,128-67,2023,0.0,0.0025786880869418383,0,drone,1,9.489961992702219e-05,1605,0.0034163863173727986,True
GaussianBudget75M_LinearMinTime,Keddie_2023-CAPNF-000274,20230519,23,pyrologix,8,65-55,2023,0.0,0.003606181009672582,0,drone,1,9.489961992702219e-05,2945,0.004460282136570043,True
GaussianBudget75M_LinearMinTime,Kelly_2023-CASHF-001205,20230919,1,pyrologix,5,47-27,2023,0.0,0.002786301076412201,0,drone,1,9.489961992702219e-05,1955,0.004460282136570043,True
GaussianBudget75M_LinearMinTime,Kelly_2023-CASRF-000939,20230815,10,pyrologix,8,none,2023,0.0,0.002100449986755848,-1,undetected,1,9.489961992702219e-05,0,0.0,False
GaussianBudget75M_LinearMinTime,Keltz_2023-CASTF-001915,20230909,20,pyrologix,5,111-57,2023,0.0,0.004484729026444256,0,drone,1,9.489961992702219e-05,2600,0.004175583276788976,True
GaussianBudget75M_LinearMinTime,Kennedy_2023-CASQF-002149,20231001,12,pyrologix,10,none,2023,0.0,0.0021090259542688727,-1,undetected,1,9.489961992702219e-05,0,0.0,False
GaussianBudget75M_LinearMinTime,Kennedy_2023-CASTF-001780,20230830,13,pyrologix,7,none,2023,0.0,0.002086521009914577,-1,undetected,1,9.489961992702219e-05,0,0.0,False
GaussianBudget75M_LinearMinTime,Kennedys_2023-CASTF-001947,20230910,18,pyrologix,1,none,2023,0.0,0.0021864089649170637,-1,undetected,1,9.489961992702219e-05,0,0.0,False
GaussianBudget75M_LinearMinTime,Kentucky_2023-CAENF-014019,20230526,19,pyrologix,4,93-54,2023,0.0,0.004935672972351313,1,drone,1,9.489961992702219e-05,2115,0.003985784036934932,True
GaussianBudget75M_LinearMinTime,Kerns_2023-CASTF-001934,20230910,12,pyrologix,6,115-63,2023,0.0,0.003520793979987502,0,drone,1,9.489961992702219e-05,2335,0.004270482896715999,True
GaussianBudget75M_LinearMinTime,Kilgore_2023-CAMNF-001227,20230918,15,pyrologix,7,68-22,2023,0.0,0.006282764952629805,1,drone,1,9.489961992702219e-05,3105,0.004555181756497065,True
GaussianBudget75M_LinearMinTime,King_2023-CASNF-001561,20231014,18,pyrologix,4,135-68,2023,0.0,0.0021179349860176444,0,drone,1,9.489961992702219e-05,1540,0.004555181756497065,True
GaussianBudget75M_LinearMinTime,Kings_2023-CAKNF-007503,20230830,12,pyrologix,11,21-28,2023,0.0,0.007463010028004646,1,drone,1,9.489961992702219e-05,4390,0.0046500813764240876,True
GaussianBudget75M_LinearMinTime,Kitchen_2023-CASTF-001594,20230816,16,pyrologix,6,108-64,2023,0.0,0.0025104850064963102,0,drone,1,9.489961992702219e-05,2475,0.004270482896715999,True
GaussianBudget75M_LinearMinTime,Knight_2023-CASTF-001330,20230729,7,pyrologix,5,111-57,2023,0.0,0.003509292029775679,0,drone,1,9.489961992702219e-05,2195,0.004175583276788976,True
GaussianBudget75M_LinearMinTime,Knoll_2023-CAINF-001125,20230725,0,pyrologix,1,none,2023,0.0,0.0020822989754378796,-1,undetected,1,9.489961992702219e-05,0,0.0,False
GaussianBudget75M_LinearMinTime,Knownothing_2023-CAKNF-008148,20230918,15,pyrologix,10,33-23,2023,0.0,0.00716849195305258,0,drone,1,9.489961992702219e-05,3780,0.0046500813764240876,True
GaussianBudget75M_LinearMinTime,Kuntz_2023-CAKNF-005080,20230625,4,pyrologix,2,17-30,2023,0.0,0.003295155009254813,0,drone,1,9.489961992702219e-05,1030,0.00389088441700791,True
GaussianBudget75M_LinearMinTime,Kyburz_2023-CAAEU-025635,20230917,22,pyrologix,11,98-62,2023,0.0,0.005226867040619254,0,drone,1,9.489961992702219e-05,4100,0.004460282136570043,True
GaussianBudget75M_LinearMinTime,L-1_Branch_Fish_2023-CALNF-004323,20230815,19,pyrologix,8,62-48,2023,0.0,0.007282524020411074,1,drone,1,9.489961992702219e-05,3515,0.0046500813764240876,True
GaussianBudget75M_LinearMinTime,L-1_Pear_2023-CALNF-002954,20230613,18,pyrologix,3,62-48,2023,0.0,0.006920876097865403,1,drone,1,9.489961992702219e-05,1835,0.004555181756497065,True
GaussianBudget75M_LinearMinTime,L-2_2023-CALNF-004359,20230817,16,pyrologix,2,55-47,2023,0.0,0.017473175073973835,-1,undetected,1,9.489961992702219e-05,1095,0.003985784036934932,True
GaussianBudget75M_LinearMinTime,L-_3_2023-CALNF-004362,20230817,17,pyrologix,2,55-47,2023,0.0,0.006767372018657625,0,drone,1,9.489961992702219e-05,1095,0.003985784036934932,True
GaussianBudget75M_LinearMinTime,Lac-184211_2023-CALAC-184211,20230603,18,pyrologix,10,206-88,2023,0.0,0.007545491098426282,1,drone,1,9.489961992702219e-05,4520,0.004175583276788976,True
GaussianBudget75M_LinearMinTime,Lac-248756_2023-CALAC-248756,20230725,17,pyrologix,10,206-88,2023,0.0,0.0037278549280017614,0,drone,1,9.489961992702219e-05,4010,0.004175583276788976,True
GaussianBudget75M_LinearMinTime,Lac-265965_2023-CALAC-265965,20230807,17,pyrologix,8,none,2023,0.0,0.0020552290370687842,-1,undetected,1,9.489961992702219e-05,0,0.0,False
GaussianBudget75M_LinearMinTime,Lac-270836_2023-CALAC-270836,20230811,15,pyrologix,9,none,2023,0.0,0.0020698519656434655,-1,undetected,1,9.489961992702219e-05,0,0.0,False
GaussianBudget75M_LinearMinTime,Lac-281560_2023-CALAC-281560,20230819,18,pyrologix,8,none,2023,0.0,0.0020245229825377464,-1,undetected,1,9.489961992702219e-05,0,0.0,False
GaussianBudget75M_LinearMinTime,Lac-291928_2023-CALAC-291928,20230827,11,pyrologix,10,none,2023,0.0,0.0020607650512829423,-1,undetected,1,9.489961992702219e-05,0,0.0,False
GaussianBudget75M_LinearMinTime,Lac-308780_2023-CALAC-308780,20230909,12,pyrologix,8,none,2023,0.0,0.0020521730184555054,-1,undetected,1,9.489961992702219e-05,0,0.0,False
GaussianBudget75M_LinearMinTime,Lac-311937_2023-CALAC-311937,20230911,21,pyrologix,2,none,2023,0.0,0.0020683780312538147,-1,undetected,1,9.489961992702219e-05,0,0.0,False
GaussianBudget75M_LinearMinTime,Lac-358687_2023-CALAC-358687,20231019,13,pyrologix,11,none,2023,0.0,0.0023208949714899063,-1,undetected,1,9.489961992702219e-05,0,0.0,False
GaussianBudget75M_LinearMinTime,Laco-_Fred_2023-CAANF-002523,20230802,16,pyrologix,9,none,2023,0.0,0.00232893496286124,-1,undetected,1,9.489961992702219e-05,0,0.0,False
GaussianBudget75M_LinearMinTime,Lago_2023-CAANF-002338,20230723,6,pyrologix,2,none,2023,0.0,0.0027667019749060273,-1,undetected,1,9.489961992702219e-05,0,0.0,False
GaussianBudget75M_LinearMinTime,Lago_2023-CALAC-198338,20230615,18,pyrologix,8,none,2023,0.0,0.0021952110109850764,-1,undetected,1,9.489961992702219e-05,0,0.0,False
GaussianBudget75M_LinearMinTime,Lago_2023-CALAC-245622,20230723,2,pyrologix,11,none,2023,0.0,0.00202285498380661,-1,undetected,1,9.489961992702219e-05,0,0.0,False
GaussianBudget75M_LinearMinTime,Lago_Ic_2023-CALAC-197807,20230615,11,pyrologix,2,none,2023,0.0,0.0021090699592605233,-1,undetected,1,9.489961992702219e-05,0,0.0,False
GaussianBudget75M_LinearMinTime,Lake_2023-CAANF-234133,20231222,14,pyrologix,6,206-87,2023,0.0,0.017955065006390214,-1,undetected,1,9.489961992702219e-05,1525,0.004270482896715999,True
GaussianBudget75M_LinearMinTime,Lake_2023-CAKNF-006975,20230815,18,pyrologix,4,28-32,2023,0.0,0.018054142012260854,3,drone,1,9.489961992702219e-05,2685,0.0046500813764240876,True
GaussianBudget75M_LinearMinTime,Lake_2023-CALPF-003332,20231204,11,pyrologix,1,none,2023,0.0,0.0021563549526035786,-1,undetected,1,9.489961992702219e-05,0,0.0,False
GaussianBudget75M_LinearMinTime,Lake_2023-CAMDF-000899,20230912,18,pyrologix,2,38-63,2023,0.0,0.004036140977405012,0,drone,1,9.489961992702219e-05,1095,0.0040806836568619545,True
GaussianBudget75M_LinearMinTime,Lake_2023-CASHF-000616,20230618,1,pyrologix,10,42-41,2023,0.0,0.0074342789594084024,0,drone,1,9.489961992702219e-05,3900,0.004460282136570043,True
GaussianBudget75M_LinearMinTime,Lake_2023-CASTF-001343,20230730,15,pyrologix,12,115-63,2023,0.0,0.0062892279820516706,1,drone,1,9.489961992702219e-05,4685,0.004460282136570043,True
GaussianBudget75M_LinearMinTime,Lamoine_2023-CASHF-000563,20230609,23,pyrologix,10,42-41,2023,0.0,0.004317637998610735,0,drone,1,9.489961992702219e-05,3900,0.004460282136570043,True
GaussianBudget75M_LinearMinTime,Landing_2023-CACNF-003033,20231111,12,pyrologix,11,none,2023,0.0,0.002738369978033006,-1,undetected,1,9.489961992702219e-05,0,0.0,False
GaussianBudget75M_LinearMinTime,Lane_2023-CASQF-001107,20230704,23,pyrologix,10,174-77,2023,0.0,0.010849580983631313,2,drone,1,9.489961992702219e-05,4570,0.0046500813764240876,True
GaussianBudget75M_LinearMinTime,Larch_2023-CALNF-002947,20230613,15,pyrologix,4,51-53,2023,0.0,0.0027821690309792757,0,drone,1,9.489961992702219e-05,1755,0.00389088441700791,True
GaussianBudget75M_LinearMinTime,Lassen_2023-CAMDF-000291,20230627,13,pyrologix,12,none,2023,0.0,0.002006434020586312,-1,undetected,1,9.489961992702219e-05,0,0.0,False
GaussianBudget75M_LinearMinTime,Lawson_2023-CACNF-003252,20231217,22,pyrologix,4,none,2023,0.0,0.0028224079869687557,-1,undetected,1,9.489961992702219e-05,0,0.0,False
GaussianBudget75M_LinearMinTime,Leaf_2023-CATMU-014379,20230530,15,pyrologix,7,none,2023,0.0,0.0020804719533771276,-1,undetected,1,9.489961992702219e-05,0,0.0,False
GaussianBudget75M_LinearMinTime,Leary_2023-CASRF-000487,20230606,11,pyrologix,10,33-23,2023,0.0,0.012515497975982726,1,drone,1,9.489961992702219e-05,4240,0.0046500813764240876,True
GaussianBudget75M_LinearMinTime,Let_Er-Buck_2023-CASRF-000984,20230817,21,pyrologix,8,26-25,2023,0.0,0.005110031925141811,0,drone,1,9.489961992702219e-05,3135,0.004270482896715999,True
GaussianBudget75M_LinearMinTime,Lewis_2023-CASTF-001937,20230910,11,pyrologix,11,115-63,2023,0.0,0.007859166013076901,1,drone,1,9.489961992702219e-05,4490,0.004460282136570043,True
GaussianBudget75M_LinearMinTime,Light_2023-CAAEU-011735,20230501,18,pyrologix,5,93-54,2023,0.0,0.018857036950066686,-1,undetected,1,9.489961992702219e-05,4455,0.003985784036934932,True
GaussianBudget75M_LinearMinTime,Light_2023-CATCU-007305,20230606,20,pyrologix,4,105-63,2023,0.0,0.020064553013071418,3,drone,1,9.489961992702219e-05,3060,0.004365382516643021,True
GaussianBudget75M_LinearMinTime,Lily_2023-CASTF-001559,20230814,17,pyrologix,2,115-63,2023,0.0,0.013293766067363322,4,drone,1,9.489961992702219e-05,2335,0.004270482896715999,True
GaussianBudget75M_LinearMinTime,Lime_2023-CAKNF-005141,20230626,13,pyrologix,12,17-30,2023,0.0,0.0030874479562044144,0,drone,1,9.489961992702219e-05,1795,0.004365382516643021,True
GaussianBudget75M_LinearMinTime,Lime_2023-CASHF-000503,20230529,17,pyrologix,3,40-29,2023,0.0,0.0034075649455189705,0,drone,1,9.489961992702219e-05,1330,0.004270482896715999,True
GaussianBudget75M_LinearMinTime,Line_2023-CASNF-001097,20230816,20,pyrologix,11,132-72,2023,0.0,0.00741257902700454,0,drone,1,9.489961992702219e-05,4765,0.004555181756497065,True
GaussianBudget75M_LinearMinTime,Little_2023-CAKNF-005465,20230704,20,pyrologix,9,21-28,2023,0.0,0.0034204398980364203,0,drone,1,9.489961992702219e-05,3225,0.0046500813764240876,True
GaussianBudget75M_LinearMinTime,Little_2023-CASQF-001707,20230817,15,pyrologix,5,161-79,2023,0.0,0.03544831706676632,-1,undetected,1,9.489961992702219e-05,4245,0.00389088441700791,True
GaussianBudget75M_LinearMinTime,Little_2023-CATNF-000567,20230602,15,pyrologix,5,90-60,2023,0.0,0.0023110179463401437,0,drone,1,9.489961992702219e-05,2135,0.004365382516643021,True
GaussianBudget75M_LinearMinTime,Lloyd_2023-CASQF-002068,20230921,17,pyrologix,8,165-77,2023,0.0,0.002776585053652525,0,drone,1,9.489961992702219e-05,2790,0.004460282136570043,True
GaussianBudget75M_LinearMinTime,Log_Springs_2023-CAMNF-000705,20230731,14,pyrologix,9,61-26,2023,0.0,0.007261866005137563,0,drone,1,9.489961992702219e-05,3670,0.004555181756497065,True
GaussianBudget75M_LinearMinTime,Logan_2023-CAMDF-000568,20230818,22,pyrologix,10,none,2023,0.0,0.0020920890383422375,-1,undetected,1,9.489961992702219e-05,0,0.0,False
GaussianBudget75M_LinearMinTime,Logger_2023-CATNF-000608,20230605,22,pyrologix,6,80-65,2023,0.0,0.002461257972754538,0,drone,1,9.489961992702219e-05,2265,0.004555181756497065,True
GaussianBudget75M_LinearMinTime,Lone_2023-CABDF-009173,20230627,17,pyrologix,12,206-88,2023,0.0,0.0032419940689578652,0,drone,1,9.489961992702219e-05,4630,0.004175583276788976,True
GaussianBudget75M_LinearMinTime,Lone_Pine_2023-CASRF-000931,20230815,3,pyrologix,8,32-17,2023,0.0,0.00342493096832186,0,drone,1,9.489961992702219e-05,3245,0.0036061855572268433,True
GaussianBudget75M_LinearMinTime,Long_2023-CAENF-025043,20230910,22,pyrologix,2,90-60,2023,0.0,0.00381480494979769,0,drone,1,9.489961992702219e-05,940,0.003985784036934932,True
GaussianBudget75M_LinearMinTime,Long_2023-CASKU-006965,20230815,17,pyrologix,3,37-52,2023,0.0,0.005419649067334831,0,drone,1,9.489961992702219e-05,1390,0.004555181756497065,True
GaussianBudget75M_LinearMinTime,Loon_2023-CAENF-024211,20230902,10,pyrologix,8,90-60,2023,0.0,0.033771874965168536,-1,undetected,1,9.489961992702219e-05,5860,0.004460282136570043,True
GaussianBudget75M_LinearMinTime,Loop_2023-CAPNF-001011,20230817,22,pyrologix,7,72-57,2023,0.0,0.0039251199923455715,0,drone,1,9.489961992702219e-05,2765,0.003985784036934932,True
GaussianBudget75M_LinearMinTime,Loop_2023-CASRF-000442,20230528,19,pyrologix,9,40-22,2023,0.0,0.0055302680702880025,1,drone,1,9.489961992702219e-05,3605,0.004555181756497065,True
GaussianBudget75M_LinearMinTime,Lopez_2023-CAANF-002663,20230811,20,pyrologix,9,none,2023,0.0,0.0027203080244362354,-1,undetected,1,9.489961992702219e-05,0,0.0,False
GaussianBudget75M_LinearMinTime,Lost_2023-CAKNF-006299,20230727,21,pyrologix,12,26-25,2023,0.0,0.006107653025537729,1,drone,1,9.489961992702219e-05,5020,0.004365382516643021,True
GaussianBudget75M_LinearMinTime,Lost_2023-CALNF-002718,20230602,2,pyrologix,10,51-53,2023,0.0,0.0032779360190033913,0,drone,1,9.489961992702219e-05,3970,0.004460282136570043,True
GaussianBudget75M_LinearMinTime,Lower_2023-CASHF-000434,20230515,19,pyrologix,8,47-21,2023,0.0,0.009704104042612016,2,drone,1,9.489961992702219e-05,3825,0.0046500813764240876,True
GaussianBudget75M_LinearMinTime,Lower_2023-CASRF-000951,20230815,15,pyrologix,6,none,2023,0.0,0.0024356109788641334,-1,undetected,1,9.489961992702219e-05,0,0.0,False
GaussianBudget75M_LinearMinTime,Lucky_2023-CASQF-001260,20230716,21,pyrologix,1,165-77,2023,0.0,0.005846946034580469,0,drone,1,9.489961992702219e-05,590,0.003226587077518755,True
GaussianBudget75M_LinearMinTime,Lundy_2023-CAINF-001327,20230813,19,pyrologix,4,none,2023,0.0,0.0020620200084522367,-1,undetected,1,9.489961992702219e-05,0,0.0,False
GaussianBudget75M_LinearMinTime,Lupine_2023-CAANF-233080,20230908,19,pyrologix,6,206-88,2023,0.0,0.0036109869834035635,0,drone,1,9.489961992702219e-05,2490,0.003985784036934932,True
GaussianBudget75M_LinearMinTime,Luther_2023-CATMU-018015,20230704,13,pyrologix,11,101-70,2023,0.0,0.008902888046577573,2,drone,1,9.489961992702219e-05,4785,0.004175583276788976,True
GaussianBudget75M_LinearMinTime,Lyon_2023-CASTF-001968,20230911,12,pyrologix,8,115-63,2023,0.0,0.00268532894551754,0,drone,1,9.489961992702219e-05,2930,0.004365382516643021,True
GaussianBudget75M_LinearMinTime,Lytle_2023-CABDF-007484,20230521,15,pyrologix,4,206-88,2023,0.0,0.003216120065189898,0,drone,1,9.489961992702219e-05,1750,0.003795984797080888,True
GaussianBudget75M_LinearMinTime,Mabie_2023-CAPNF-000641,20230702,19,pyrologix,10,73-63,2023,0.0,0.004331622971221805,0,drone,1,9.489961992702219e-05,3760,0.0046500813764240876,True
GaussianBudget75M_LinearMinTime,Maggie_2023-CASQF-001689,20230816,11,pyrologix,8,161-79,2023,0.0,0.0027229120023548603,0,drone,1,9.489961992702219e-05,3140,0.00389088441700791,True
GaussianBudget75M_LinearMinTime,Maidens_2023-CAENF-018974,20230712,15,pyrologix,12,98-62,2023,0.0,0.03720186103601009,-1,undetected,1,9.489961992702219e-05,6600,0.004460282136570043,True
GaussianBudget75M_LinearMinTime,Malone_2023-CAKNF-006982,20230815,19,pyrologix,5,21-28,2023,0.0,0.0026921050157397985,0,drone,1,9.489961992702219e-05,1865,0.004555181756497065,True
GaussianBudget75M_LinearMinTime,Mammoth_2023-CAINF-000699,20230611,21,pyrologix,2,none,2023,0.0,0.002054337994195521,-1,undetected,1,9.489961992702219e-05,0,0.0,False
GaussianBudget75M_LinearMinTime,Mapes_2023-CAPNF-001376,20230919,20,pyrologix,10,73-63,2023,0.0,0.007811038987711072,0,drone,1,9.489961992702219e-05,3815,0.0046500813764240876,True
GaussianBudget75M_LinearMinTime,Maple_2023-CAKNF-007045,20230817,22,pyrologix,11,18-37,2023,0.0,0.004102458944544196,0,drone,1,9.489961992702219e-05,4075,0.0037010851771538656,True
GaussianBudget75M_LinearMinTime,Maple_2023-CAORC-051391,20230416,11,pyrologix,4,none,2023,0.0,0.0020766720408573747,-1,undetected,1,9.489961992702219e-05,0,0.0,False
GaussianBudget75M_LinearMinTime,Marble_2023-CAKNF-005350,20230701,12,pyrologix,12,21-28,2023,0.0,0.004852139973081648,0,drone,1,9.489961992702219e-05,4390,0.0046500813764240876,True
GaussianBudget75M_LinearMinTime,Marigold_2023-CASRF-000448,20230529,20,pyrologix,5,35-16,2023,0.0,0.0040903519839048386,0,drone,1,9.489961992702219e-05,2150,0.004460282136570043,True
GaussianBudget75M_LinearMinTime,Mariposa_2023-CABDF-009985,20230712,16,pyrologix,7,206-88,2023,0.0,0.003784865024499595,0,drone,1,9.489961992702219e-05,2845,0.004175583276788976,True
GaussianBudget75M_LinearMinTime,Marlow_2023-CASRF-000962,20230815,20,pyrologix,3,25-20,2023,0.0,0.008190353983081877,2,drone,1,9.489961992702219e-05,2065,0.004460282136570043,True
GaussianBudget75M_LinearMinTime,Mather_2023-CASTF-001309,20230726,15,pyrologix,7,118-64,2023,0.0,0.00452593807131052,0,drone,1,9.489961992702219e-05,2820,0.004555181756497065,True
GaussianBudget75M_LinearMinTime,May_Valley_Truck_Trl___Saunders_Meadow_Rd_2023-CARRU-109884,20230727,20,pyrologix,6,225-101,2023,0.0,0.021381768048740923,3,drone,1,9.489961992702219e-05,3380,0.004555181756497065,True
GaussianBudget75M_LinearMinTime,Mcadams_2023-CASKU-005077,20230625,1,pyrologix,7,24-35,2023,0.0,0.005102848983369768,0,drone,1,9.489961992702219e-05,3100,0.004555181756497065,True
GaussianBudget75M_LinearMinTime,Mccardle_2023-CASHF-001286,20231019,15,pyrologix,5,42-41,2023,0.0,0.002544046030379832,0,drone,1,9.489961992702219e-05,1925,0.004270482896715999,True
GaussianBudget75M_LinearMinTime,Mccarthy_2023-CAKNF-007323,20230825,3,pyrologix,8,24-35,2023,0.0,0.005387570941820741,0,drone,1,9.489961992702219e-05,3655,0.004555181756497065,True
GaussianBudget75M_LinearMinTime,Meadow_2023-CAKNF-008108,20230917,14,pyrologix,12,28-32,2023,0.0,0.018849448999390006,2,drone,1,9.489961992702219e-05,5255,0.0046500813764240876,True
GaussianBudget75M_LinearMinTime,Meadow_2023-CASQF-000722,20230530,20,pyrologix,9,171-80,2023,0.0,0.020376221975311637,3,drone,1,9.489961992702219e-05,4645,0.004555181756497065,True
GaussianBudget75M_LinearMinTime,Meadow_2023-CASTF-001992,20230913,19,pyrologix,1,none,2023,0.0,0.0020220649894326925,-1,undetected,1,9.489961992702219e-05,0,0.0,False
GaussianBudget75M_LinearMinTime,Meadow_2023-CATNF-001277,20230815,22,pyrologix,8,80-65,2023,0.0,0.006949294009245932,1,drone,1,9.489961992702219e-05,3570,0.0046500813764240876,True
GaussianBudget75M_LinearMinTime,Medicine_2023-CASHF-000507,20230530,12,pyrologix,12,37-52,2023,0.0,0.012650483986362815,3,drone,1,9.489961992702219e-05,5580,0.0046500813764240876,True
GaussianBudget75M_LinearMinTime,Merrill_2023-CASRF-001060,20230825,16,pyrologix,6,26-25,2023,0.0,0.004084366024471819,0,drone,1,9.489961992702219e-05,2550,0.004270482896715999,True
GaussianBudget75M_LinearMinTime,Mesa_2023-CAANF-002456,20230729,20,pyrologix,2,none,2023,0.0,0.002017984981648624,-1,undetected,1,9.489961992702219e-05,0,0.0,False
GaussianBudget75M_LinearMinTime,Mescal_2023-CAANF-000005,20230603,20,pyrologix,5,206-88,2023,0.0,0.009805507026612759,2,drone,1,9.489961992702219e-05,2990,0.004175583276788976,True
GaussianBudget75M_LinearMinTime,Miami_2023-CASNF-000751,20230708,18,pyrologix,8,128-67,2023,0.0,0.0035184629959985614,0,drone,1,9.489961992702219e-05,3025,0.003985784036934932,True
GaussianBudget75M_LinearMinTime,Middle_2023-CAENF-022871,20230820,5,pyrologix,2,105-63,2023,0.0,0.03336323099210858,-1,undetected,1,9.489961992702219e-05,3210,0.004365382516643021,True
GaussianBudget75M_LinearMinTime,Middle_2023-CAKNF-003614,20230511,21,pyrologix,3,18-37,2023,0.0,0.0067057820269837976,1,drone,1,9.489961992702219e-05,1780,0.0036061855572268433,True
GaussianBudget75M_LinearMinTime,Middle_2023-CAKNF-005149,20230626,18,pyrologix,5,21-28,2023,0.0,0.008239860064350069,2,drone,1,9.489961992702219e-05,2535,0.004555181756497065,True
GaussianBudget75M_LinearMinTime,Mill_2023-CAMDF-000557,20230817,19,pyrologix,8,none,2023,0.0,0.0020619049901142716,-1,undetected,1,9.489961992702219e-05,0,0.0,False
GaussianBudget75M_LinearMinTime,Mill_2023-CATNF-000346,20230428,23,pyrologix,5,79-56,2023,0.0,0.0047129140002653,0,drone,1,9.489961992702219e-05,2195,0.004460282136570043,True
GaussianBudget75M_LinearMinTime,Millard_2023-CAANF-002424,20230728,22,pyrologix,5,none,2023,0.0,0.002058946993201971,-1,undetected,1,9.489961992702219e-05,0,0.0,False
GaussianBudget75M_LinearMinTime,Minaret_2023-CAINF-001323,20230813,18,pyrologix,4,129-73,2023,0.0,0.0021851289784535766,0,drone,1,9.489961992702219e-05,1610,0.003985784036934932,True
GaussianBudget75M_LinearMinTime,Mine_2023-CASNF-001080,20230814,19,pyrologix,12,132-72,2023,0.0,0.004933965974487364,0,drone,1,9.489961992702219e-05,5140,0.004555181756497065,True
GaussianBudget75M_LinearMinTime,Miracle_2023-CASQF-002238,20231016,12,pyrologix,12,174-77,2023,0.0,0.008867561002261937,0,drone,1,9.489961992702219e-05,4465,0.0046500813764240876,True
GaussianBudget75M_LinearMinTime,Mm_11_2023-CASRF-001112,20230905,13,pyrologix,9,none,2023,0.0,0.002035786979831755,-1,undetected,1,9.489961992702219e-05,0,0.0,False
GaussianBudget75M_LinearMinTime,Modjeska_2023-CACNF-001650,20230708,5,pyrologix,3,none,2023,0.0,0.002047172049060464,-1,undetected,1,9.489961992702219e-05,0,0.0,False
GaussianBudget75M_LinearMinTime,Mohawk_2023-CAPNF-001356,20230916,22,pyrologix,3,73-63,2023,0.0,0.013996970956213772,2,drone,1,9.489961992702219e-05,1865,0.004555181756497065,True
GaussianBudget75M_LinearMinTime,Money_2023-CATNF-000631,20230607,17,pyrologix,10,73-63,2023,0.0,0.006923958077095449,0,drone,1,9.489961992702219e-05,3760,0.0046500813764240876,True
GaussianBudget75M_LinearMinTime,Monte_2023-CASRF-000486,20230606,1,pyrologix,5,26-25,2023,0.0,0.005563016980886459,1,drone,1,9.489961992702219e-05,2450,0.004270482896715999,True
GaussianBudget75M_LinearMinTime,Monument_2023-CASRF-001061,20230825,16,pyrologix,7,26-25,2023,0.0,0.00343856995459646,0,drone,1,9.489961992702219e-05,2790,0.004270482896715999,True
GaussianBudget75M_LinearMinTime,Moon_2023-CABDF-013605,20231020,15,pyrologix,7,none,2023,0.0,0.0020301620243117213,-1,undetected,1,9.489961992702219e-05,0,0.0,False
GaussianBudget75M_LinearMinTime,Moon_2023-CALPF-002846,20231008,22,pyrologix,6,none,2023,0.0,0.002005674992688,-1,undetected,1,9.489961992702219e-05,0,0.0,False
GaussianBudget75M_LinearMinTime,Moonshine_2023-CATNF-001344,20230822,12,pyrologix,9,83-49,2023,0.0,0.004684680956415832,0,drone,1,9.489961992702219e-05,3490,0.004555181756497065,True
GaussianBudget75M_LinearMinTime,Mormon_2023-CAAEU-030167,20231102,8,pyrologix,10,97-60,2023,0.0,0.00801800296176225,0,drone,1,9.489961992702219e-05,4155,0.004460282136570043,True
GaussianBudget75M_LinearMinTime,Morris_2023-CARRU-108804,20230725,19,pyrologix,7,225-101,2023,0.0,0.0024460519198328257,0,drone,1,9.489961992702219e-05,2580,0.004555181756497065,True
GaussianBudget75M_LinearMinTime,Morris_2023-CASHF-000693,20230628,23,pyrologix,9,40-29,2023,0.0,0.005252731963992119,0,drone,1,9.489961992702219e-05,3350,0.0046500813764240876,True
GaussianBudget75M_LinearMinTime,Mosquito_2023-CASRF-000954,20230815,15,pyrologix,8,25-20,2023,0.0,0.003813736024312675,0,drone,1,9.489961992702219e-05,3210,0.0046500813764240876,True
GaussianBudget75M_LinearMinTime,Motel_2023-CASRF-000534,20230614,21,pyrologix,4,35-16,2023,0.0,0.0022323509911075234,0,drone,1,9.489961992702219e-05,1540,0.004460282136570043,True
GaussianBudget75M_LinearMinTime,Mowery_2023-CASQF-001709,20230817,14,pyrologix,8,161-79,2023,0.0,0.0026736159343272448,0,drone,1,9.489961992702219e-05,3140,0.00389088441700791,True
GaussianBudget75M_LinearMinTime,Mowitz_2023-CAMDF-000195,20230528,20,pyrologix,11,none,2023,0.0,0.00204736297018826,-1,undetected,1,9.489961992702219e-05,0,0.0,False
GaussianBudget75M_LinearMinTime,Mud_2023-CASKU-005511,20230705,1,pyrologix,3,35-43,2023,0.0,0.003967092954553664,0,drone,1,9.489961992702219e-05,1390,0.003985784036934932,True
GaussianBudget75M_LinearMinTime,Muddy_2023-CASHF-000533,20230604,20,pyrologix,9,41-47,2023,0.0,0.019357047975063324,-1,undetected,1,9.489961992702219e-05,1590,0.004270482896715999,True
GaussianBudget75M_LinearMinTime,Mule_2023-CAKNF-005906,20230714,14,pyrologix,9,33-29,2023,0.0,0.0031356950057670474,0,drone,1,9.489961992702219e-05,3705,0.0046500813764240876,True
GaussianBudget75M_LinearMinTime,Mule_2023-CASHF-000721,20230702,10,pyrologix,4,42-34,2023,0.0,0.0026129749603569508,0,drone,1,9.489961992702219e-05,1705,0.0040806836568619545,True
GaussianBudget75M_LinearMinTime,Mule_2023-CASNF-000526,20230612,10,pyrologix,12,none,2023,0.0,0.0020228750072419643,-1,undetected,1,9.489961992702219e-05,0,0.0,False
GaussianBudget75M_LinearMinTime,Mule_2023-CASRF-001102,20230902,17,pyrologix,11,50-14,2023,0.0,0.0063299089670181274,1,drone,1,9.489961992702219e-05,4565,0.00389088441700791,True
GaussianBudget75M_LinearMinTime,Murken_2023-CALNF-002618,20230528,14,pyrologix,3,51-53,2023,0.0,0.010000362992286682,2,drone,1,9.489961992702219e-05,2400,0.0040806836568619545,True
GaussianBudget75M_LinearMinTime,Nelder_2023-CASNF-000606,20230625,22,pyrologix,1,128-67,2023,0.0,0.00537042401265353,0,drone,1,9.489961992702219e-05,665,0.002941888217737688,True
GaussianBudget75M_LinearMinTime,Nelson_2023-CASHU-009073,20230818,2,pyrologix,1,47-27,2023,0.0,0.002279460080899298,0,drone,1,9.489961992702219e-05,495,0.0033214866974457763,True
GaussianBudget75M_LinearMinTime,Niagra_2023-CASTF-001580,20230815,20,pyrologix,6,108-64,2023,0.0,0.0037427019560709596,0,drone,1,9.489961992702219e-05,2665,0.004270482896715999,True
GaussianBudget75M_LinearMinTime,No_Bluff_2023-CASRF-001080,20230829,8,pyrologix,1,27-19,2023,0.0,0.004777643014676869,0,drone,1,9.489961992702219e-05,640,0.003511285937299821,True
GaussianBudget75M_LinearMinTime,Nob_2023-CABDF-006515,20230426,15,pyrologix,5,206-88,2023,0.0,0.003380640991963446,0,drone,1,9.489961992702219e-05,2130,0.00389088441700791,True
GaussianBudget75M_LinearMinTime,North_2023-CAENF-020219,20230724,16,pyrologix,12,98-62,2023,0.0,0.035074438084848225,-1,undetected,1,9.489961992702219e-05,6600,0.004460282136570043,True
GaussianBudget75M_LinearMinTime,North_2023-CAPNF-000241,20230511,22,pyrologix,2,67-62,2023,0.0,0.016496101045049727,5,drone,1,9.489961992702219e-05,2650,0.0046500813764240876,True
GaussianBudget75M_LinearMinTime,North_2023-CASQF-000844,20230613,15,pyrologix,2,164-82,2023,0.0,0.005928208935074508,0,drone,1,9.489961992702219e-05,1130,0.003985784036934932,True
GaussianBudget75M_LinearMinTime,North_2023-CASTF-001273,20230721,19,pyrologix,12,115-63,2023,0.0,0.005945806042291224,1,drone,1,9.489961992702219e-05,4685,0.004460282136570043,True
GaussianBudget75M_LinearMinTime,Oak_2023-CAANF-233764,20231113,0,pyrologix,6,none,2023,0.0,0.0020675481064245105,-1,undetected,1,9.489961992702219e-05,0,0.0,False
GaussianBudget75M_LinearMinTime,Oak_2023-CALAC-388954,20231113,2,pyrologix,3,none,2023,0.0,0.002053544973023236,-1,undetected,1,9.489961992702219e-05,0,0.0,False
GaussianBudget75M_LinearMinTime,Oak_2023-CATNF-000705,20230615,19,pyrologix,1,76-51,2023,0.0,0.0032513230107724667,0,drone,1,9.489961992702219e-05,595,0.002941888217737688,True
GaussianBudget75M_LinearMinTime,Oaks_2023-CAPNF-000198,20230430,21,pyrologix,2,72-57,2023,0.0,0.0030692119617015123,0,drone,1,9.489961992702219e-05,1015,0.003795984797080888,True
GaussianBudget75M_LinearMinTime,Obelisk_2023-CASNF-001093,20230815,18,pyrologix,9,none,2023,0.0,0.0020239640725776553,-1,undetected,1,9.489961992702219e-05,0,0.0,False
GaussianBudget75M_LinearMinTime,Old_Mill_2023-CANEU-016843,20230616,16,pyrologix,12,79-56,2023,0.0,0.007915524998679757,0,drone,1,9.489961992702219e-05,4585,0.0046500813764240876,True
GaussianBudget75M_LinearMinTime,Old_State_2023-CAKNF-002771,20230411,16,pyrologix,5,27-52,2023,0.0,0.01130806200671941,3,drone,1,9.489961992702219e-05,3295,0.004460282136570043,True
GaussianBudget75M_LinearMinTime,Olympic_2023-CATNF-001309,20230818,17,pyrologix,10,none,2023,0.0,0.0020150860073044896,-1,undetected,1,9.489961992702219e-05,0,0.0,False
GaussianBudget75M_LinearMinTime,Omega_2023-CATNF-001276,20230815,19,pyrologix,12,86-54,2023,0.0,0.0048912850907072425,0,drone,1,9.489961992702219e-05,4680,0.0046500813764240876,True
GaussianBudget75M_LinearMinTime,Oneil_2023-CATCU-006373,20230518,12,pyrologix,6,111-57,2023,0.0,0.008025615010410547,0,drone,1,9.489961992702219e-05,3015,0.004270482896715999,True
GaussianBudget75M_LinearMinTime,Oregon_2023-CAPNF-001591,20231116,11,pyrologix,11,79-47,2023,0.0,0.01879254204686731,-1,undetected,1,9.489961992702219e-05,430,0.002941888217737688,True
GaussianBudget75M_LinearMinTime,Oro_2023-CAANF-232959,20230831,17,pyrologix,12,none,2023,0.0,0.0020201270235702395,-1,undetected,1,9.489961992702219e-05,0,0.0,False
GaussianBudget75M_LinearMinTime,Orr_2023-CAKNF-010545,20231130,15,pyrologix,12,27-52,2023,0.0,0.00822165806312114,1,drone,1,9.489961992702219e-05,5400,0.0046500813764240876,True
GaussianBudget75M_LinearMinTime,Otter_2023-CAENF-031294,20231115,23,pyrologix,3,93-54,2023,0.0,0.004268174059689045,0,drone,1,9.489961992702219e-05,1615,0.00389088441700791,True
GaussianBudget75M_LinearMinTime,Pack_2023-CASTF-001531,20230813,12,pyrologix,5,115-63,2023,0.0,0.0051384210819378495,1,drone,1,9.489961992702219e-05,2285,0.004175583276788976,True
GaussianBudget75M_LinearMinTime,Packsaddle_2023-CAENF-022083,20230812,14,pyrologix,11,98-62,2023,0.0,0.0033310119761154056,0,drone,1,9.489961992702219e-05,4100,0.004460282136570043,True
GaussianBudget75M_LinearMinTime,Paddle_2023-CASTF-001214,20230715,23,pyrologix,5,118-64,2023,0.0,0.0037019200390204787,0,drone,1,9.489961992702219e-05,1895,0.004555181756497065,True
GaussianBudget75M_LinearMinTime,Palisades_2023-CATNF-001160,20230802,13,pyrologix,5,87-59,2023,0.0,0.003294090973213315,0,drone,1,9.489961992702219e-05,1010,0.00303678783766471,True
GaussianBudget75M_LinearMinTime,Palmetto_2023-CALNF-005592,20231014,23,pyrologix,7,53-62,2023,0.0,0.011821866966784,3,drone,1,9.489961992702219e-05,3740,0.004270482896715999,True
GaussianBudget75M_LinearMinTime,Pamo_2023-CACNF-000052,20230106,22,pyrologix,1,none,2023,0.0,0.0020730129908770323,-1,undetected,1,9.489961992702219e-05,0,0.0,False
GaussianBudget75M_LinearMinTime,Pan_2023-CAKNF-005138,20230626,17,pyrologix,2,21-28,2023,0.0,0.0015221659559756517,0,drone,1,9.489961992702219e-05,780,0.003985784036934932,True
GaussianBudget75M_LinearMinTime,Paradise_2023-CALPF-002936,20231019,2,pyrologix,9,none,2023,0.0,0.0020395340397953987,-1,undetected,1,9.489961992702219e-05,0,0.0,False
GaussianBudget75M_LinearMinTime,Pardo_2023-CAENF-022801,20230819,17,pyrologix,6,105-63,2023,0.0,0.007016950054094195,0,drone,1,9.489961992702219e-05,2740,0.004270482896715999,True
GaussianBudget75M_LinearMinTime,Park_2023-CAPNF-001542,20231028,20,pyrologix,6,73-63,2023,0.0,0.002407622989267111,0,drone,1,9.489961992702219e-05,2225,0.0046500813764240876,True
GaussianBudget75M_LinearMinTime,Parkhill_2023-CALPF-002453,20230827,16,pyrologix,7,none,2023,0.0,0.002071560942567885,-1,undetected,1,9.489961992702219e-05,0,0.0,False
GaussianBudget75M_LinearMinTime,Pasqual_2023-CACNF-000871,20230430,20,pyrologix,6,none,2023,0.0,0.0021116120042279363,-1,undetected,1,9.489961992702219e-05,0,0.0,False
GaussianBudget75M_LinearMinTime,Patrick_2023-CASRF-000620,20230701,22,pyrologix,2,none,2023,0.0,0.0020730639807879925,-1,undetected,1,9.489961992702219e-05,0,0.0,False
GaussianBudget75M_LinearMinTime,Paxton_2023-CAANF-002066,20230707,5,pyrologix,5,none,2023,0.0,0.002044769935309887,-1,undetected,1,9.489961992702219e-05,0,0.0,False
GaussianBudget75M_LinearMinTime,Paymaster_2023-CAENF-024531,20230905,12,pyrologix,12,93-54,2023,0.0,0.01105448801536113,1,drone,1,9.489961992702219e-05,5265,0.003985784036934932,True
GaussianBudget75M_LinearMinTime,Peak_2023-CACNF-003034,20231111,13,pyrologix,10,none,2023,0.0,0.002034688019193709,-1,undetected,1,9.489961992702219e-05,0,0.0,False
GaussianBudget75M_LinearMinTime,Peak_2023-CASNF-001285,20230901,22,pyrologix,3,129-73,2023,0.0,0.0037866650382056832,0,drone,1,9.489961992702219e-05,1440,0.003985784036934932,True
GaussianBudget75M_LinearMinTime,Peak_2023-CASTF-001971,20230911,12,pyrologix,10,108-64,2023,0.0,0.009869024041108787,2,drone,1,9.489961992702219e-05,4920,0.004555181756497065,True
GaussianBudget75M_LinearMinTime,Pearch_2023-CASRF-000983,20230817,20,pyrologix,11,26-25,2023,0.0,0.020175446989014745,-1,undetected,1,9.489961992702219e-05,6545,0.004365382516643021,True
GaussianBudget75M_LinearMinTime,Pebble_2023-CAMNF-000858,20230816,21,pyrologix,9,none,2023,0.0,0.0020087339216843247,-1,undetected,1,9.489961992702219e-05,0,0.0,False
GaussianBudget75M_LinearMinTime,Peddler_2023-CAENF-022388,20230815,19,pyrologix,7,105-63,2023,0.0,0.018957964959554374,-1,undetected,1,9.489961992702219e-05,5265,0.004365382516643021,True
GaussianBudget75M_LinearMinTime,Pedro_2023-CASTF-001565,20230815,0,pyrologix,3,108-64,2023,0.0,0.0028919560136273503,0,drone,1,9.489961992702219e-05,1415,0.00389088441700791,True
GaussianBudget75M_LinearMinTime,Pellitreau_2023-CASHF-000994,20230816,21,pyrologix,7,47-21,2023,0.0,0.010537052061408758,1,drone,1,9.489961992702219e-05,2940,0.0046500813764240876,True
GaussianBudget75M_LinearMinTime,Peninsula_2023-CATNF-001430,20230905,20,pyrologix,7,80-65,2023,0.0,0.004770311061292887,0,drone,1,9.489961992702219e-05,2685,0.0046500813764240876,True
GaussianBudget75M_LinearMinTime,Penman_2023-CAPNF-001377,20230919,23,pyrologix,3,73-63,2023,0.0,0.0025640709791332483,0,drone,1,9.489961992702219e-05,1205,0.004175583276788976,True
GaussianBudget75M_LinearMinTime,Pettinger_2023-CAANF-232901,20230827,15,pyrologix,4,none,2023,0.0,0.0020213599782437086,-1,undetected,1,9.489961992702219e-05,0,0.0,False
GaussianBudget75M_LinearMinTime,Philpot_2023-CASHF-000552,20230607,16,pyrologix,7,47-21,2023,0.0,0.007129742996767163,0,drone,1,9.489961992702219e-05,2755,0.0046500813764240876,True
GaussianBudget75M_LinearMinTime,Picayune_2023-CAKNF-007170,20230820,16,pyrologix,9,33-29,2023,0.0,0.0038961770478636026,0,drone,1,9.489961992702219e-05,3805,0.0046500813764240876,True
GaussianBudget75M_LinearMinTime,Picket_2023-CAENF-022404,20230816,1,pyrologix,1,98-62,2023,0.0,0.003424856928177178,0,drone,1,9.489961992702219e-05,645,0.003985784036934932,True
GaussianBudget75M_LinearMinTime,Pierce_2023-CAKNF-008112,20230917,20,pyrologix,4,28-32,2023,0.0,0.004316525999456644,0,drone,1,9.489961992702219e-05,1805,0.004460282136570043,True
GaussianBudget75M_LinearMinTime,Pierce_2023-CAPNF-001392,20230920,15,pyrologix,10,63-64,2023,0.0,0.0048065700102597475,0,drone,1,9.489961992702219e-05,3755,0.004175583276788976,True
GaussianBudget75M_LinearMinTime,Pigeon_2023-CASTF-001972,20230911,17,pyrologix,2,none,2023,0.0,0.002040512044914067,-1,undetected,1,9.489961992702219e-05,0,0.0,False
GaussianBudget75M_LinearMinTime,Pike_2_2023-CATNF-001683,20231019,4,pyrologix,6,79-56,2023,0.0,0.00490445492323488,0,drone,1,9.489961992702219e-05,2350,0.004460282136570043,True
GaussianBudget75M_LinearMinTime,Pilot_2023-CASRF-000932,20230815,7,pyrologix,2,44-14,2023,0.0,0.003077132976613939,0,drone,1,9.489961992702219e-05,980,0.004175583276788976,True
GaussianBudget75M_LinearMinTime,Pilot_2023-CASTF-001918,20230909,20,pyrologix,5,122-61,2023,0.0,0.0030657659517601132,0,drone,1,9.489961992702219e-05,2290,0.00389088441700791,True
GaussianBudget75M_LinearMinTime,Pine_2023-CAANF-232780,20230818,23,pyrologix,3,none,2023,0.0,0.002017061924561858,-1,undetected,1,9.489961992702219e-05,0,0.0,False
GaussianBudget75M_LinearMinTime,Pine_2023-CASNF-001456,20230919,22,pyrologix,1,128-67,2023,0.0,0.0029202630976215005,0,drone,1,9.489961992702219e-05,490,0.0026571893579566213,True
GaussianBudget75M_LinearMinTime,Pine_2023-CASTF-001951,20230910,15,pyrologix,8,115-63,2023,0.0,0.017284066998399794,5,drone,1,9.489961992702219e-05,4685,0.004460282136570043,True
GaussianBudget75M_LinearMinTime,Pine_2023-CATNF-001364,20230825,14,pyrologix,1,86-54,2023,0.0,0.002655229065567255,0,drone,1,9.489961992702219e-05,545,0.0034163863173727986,True
GaussianBudget75M_LinearMinTime,Pinyon_2023-CAANF-232718,20230814,1,pyrologix,4,none,2023,0.0,0.0020739040337502956,-1,undetected,1,9.489961992702219e-05,0,0.0,False
GaussianBudget75M_LinearMinTime,Pioneer_2023-CAPNF-001522,20231022,14,pyrologix,8,67-62,2023,0.0,0.0034668559674173594,0,drone,1,9.489961992702219e-05,3050,0.0046500813764240876,True
GaussianBudget75M_LinearMinTime,Pipe_2023-CAANF-001243,20230531,23,pyrologix,5,none,2023,0.0,0.002101246966049075,-1,undetected,1,9.489961992702219e-05,0,0.0,False
GaussianBudget75M_LinearMinTime,Pipeline_2023-CAANF-232953,20230831,17,pyrologix,4,none,2023,0.0,0.002072008093819022,-1,undetected,1,9.489961992702219e-05,0,0.0,False
GaussianBudget75M_LinearMinTime,Pipeline_2023-CALAC-297456,20230831,15,pyrologix,8,none,2023,0.0,0.002066418994218111,-1,undetected,1,9.489961992702219e-05,0,0.0,False
GaussianBudget75M_LinearMinTime,Pipeline_2023-CASKU-006970,20230815,18,pyrologix,2,37-52,2023,0.0,0.004083832027390599,0,drone,1,9.489961992702219e-05,1120,0.004555181756497065,True
GaussianBudget75M_LinearMinTime,Pit_2023-CAKNF-004496,20230608,19,pyrologix,6,27-52,2023,0.0,0.00965933594852686,1,drone,1,9.489961992702219e-05,2855,0.004460282136570043,True
GaussianBudget75M_LinearMinTime,Pit_2023-CASHF-001220,20230924,9,pyrologix,12,49-41,2023,0.0,0.019104936975054443,-1,undetected,1,9.489961992702219e-05,2765,0.0040806836568619545,True
GaussianBudget75M_LinearMinTime,Planters_2023-CAMDF-000490,20230805,14,pyrologix,11,none,2023,0.0,0.0020224059699103236,-1,undetected,1,9.489961992702219e-05,0,0.0,False
GaussianBudget75M_LinearMinTime,Point_2023-CASQF-000507,20230510,2,pyrologix,8,171-80,2023,0.0,0.003212692914530635,0,drone,1,9.489961992702219e-05,3160,0.004555181756497065,True
GaussianBudget75M_LinearMinTime,Point_2023-CASQF-001064,20230702,12,pyrologix,12,174-77,2023,0.0,0.006991983973421156,0,drone,1,9.489961992702219e-05,4410,0.0046500813764240876,True
GaussianBudget75M_LinearMinTime,Points_2023-CAANF-233722,20231110,19,pyrologix,1,none,2023,0.0,0.002065449021756649,-1,undetected,1,9.489961992702219e-05,0,0.0,False
GaussianBudget75M_LinearMinTime,Poison_2023-CASNF-001393,20230909,16,pyrologix,1,140-71,2023,0.0,0.01309209002647549,3,drone,1,9.489961992702219e-05,2025,0.004365382516643021,True
GaussianBudget75M_LinearMinTime,Poker_2023-CATNF-001299,20230817,21,pyrologix,9,79-56,2023,0.0,0.006656995974481106,1,drone,1,9.489961992702219e-05,3740,0.0046500813764240876,True
GaussianBudget75M_LinearMinTime,Poll_2023-CATNF-001271,20230814,23,pyrologix,1,none,2023,0.0,0.00204598403070122,-1,undetected,1,9.489961992702219e-05,0,0.0,False
GaussianBudget75M_LinearMinTime,Pollard_2023-CABDF-015399,20231112,23,pyrologix,5,206-88,2023,0.0,0.002511251950636506,0,drone,1,9.489961992702219e-05,2055,0.00389088441700791,True
GaussianBudget75M_LinearMinTime,Ponderosa_2023-CABDF-010684,20230728,4,pyrologix,3,none,2023,0.0,0.0020979850087314844,-1,undetected,1,9.489961992702219e-05,0,0.0,False
GaussianBudget75M_LinearMinTime,Ponderosa_2023-CASHF-000853,20230723,23,pyrologix,3,47-21,2023,0.0,0.013297190074808896,2,drone,1,9.489961992702219e-05,1935,0.0046500813764240876,True
GaussianBudget75M_LinearMinTime,Porter_2023-CASHF-000659,20230624,17,pyrologix,2,35-36,2023,0.0,0.018518416094593704,-1,undetected,1,9.489961992702219e-05,3095,0.004175583276788976,True
GaussianBudget75M_LinearMinTime,Posey_2023-CATUU-000330,20230622,17,pyrologix,7,172-74,2023,0.0,0.01832744595594704,-1,undetected,1,9.489961992702219e-05,845,0.003795984797080888,True
GaussianBudget75M_LinearMinTime,Posey_2_2023-CATUU-000332,20230623,0,pyrologix,1,172-74,2023,0.0,0.004657504032365978,0,drone,1,9.489961992702219e-05,520,0.0034163863173727986,True
GaussianBudget75M_LinearMinTime,Posey_3_2023-CATUU-000333,20230623,23,pyrologix,4,172-74,2023,0.0,0.031565504032187164,-1,undetected,1,9.489961992702219e-05,845,0.003795984797080888,True
GaussianBudget75M_LinearMinTime,Potter_2023-CASNF-000721,20230705,20,pyrologix,3,none,2023,0.0,0.002057508914731443,-1,undetected,1,9.489961992702219e-05,0,0.0,False
GaussianBudget75M_LinearMinTime,Powder_2023-CASHF-000653,20230624,21,pyrologix,8,37-52,2023,0.0,0.009155192994512618,2,drone,1,9.489961992702219e-05,3800,0.0046500813764240876,True
GaussianBudget75M_LinearMinTime,Power_2023-CAANF-233915,20231128,18,pyrologix,12,none,2023,0.0,0.0020873260218650103,-1,undetected,1,9.489961992702219e-05,0,0.0,False
GaussianBudget75M_LinearMinTime,Power_2023-CALPF-002355,20230819,17,pyrologix,5,none,2023,0.0,0.0020212240051478148,-1,undetected,1,9.489961992702219e-05,0,0.0,False
GaussianBudget75M_LinearMinTime,Power_2023-CASQF-000791,20230607,13,pyrologix,11,none,2023,0.0,0.0020448029972612858,-1,undetected,1,9.489961992702219e-05,0,0.0,False
GaussianBudget75M_LinearMinTime,Powerhouse_2023-CATNF-001545,20230919,15,pyrologix,4,86-54,2023,0.0,0.004225499927997589,0,drone,1,9.489961992702219e-05,1580,0.004365382516643021,True
GaussianBudget75M_LinearMinTime,Prairie_2023-CAKNF-006092,20230720,20,pyrologix,5,27-52,2023,0.0,0.025398180936463177,4,drone,1,9.489961992702219e-05,3620,0.004460282136570043,True
GaussianBudget75M_LinearMinTime,Preacher_2023-CASHF-000978,20230815,14,pyrologix,4,42-34,2023,0.0,0.0036916580284014344,0,drone,1,9.489961992702219e-05,1870,0.0040806836568619545,True
GaussianBudget75M_LinearMinTime,Prescott_2023-CASRF-000989,20230817,15,pyrologix,7,16-26,2023,0.0,0.006148718995973468,1,drone,1,9.489961992702219e-05,3275,0.004555181756497065,True
GaussianBudget75M_LinearMinTime,Prospects_2023-CASTF-001949,20230910,17,pyrologix,3,none,2023,0.0,0.002028092974796891,-1,undetected,1,9.489961992702219e-05,0,0.0,False
GaussianBudget75M_LinearMinTime,Prosser_2023-CATNF-000773,20230623,2,pyrologix,2,84-67,2023,0.0,0.0039188009686768055,0,drone,1,9.489961992702219e-05,930,0.004270482896715999,True
GaussianBudget75M_LinearMinTime,Providence_2023-CASNF-001320,20230903,20,pyrologix,11,140-71,2023,0.0,0.006101406994275749,0,drone,1,9.489961992702219e-05,4420,0.004555181756497065,True
GaussianBudget75M_LinearMinTime,Pulga_2023-CABTU-014735,20230804,0,pyrologix,2,69-50,2023,0.0,0.003100898931734264,0,drone,1,9.489961992702219e-05,985,0.00389088441700791,True
GaussianBudget75M_LinearMinTime,Pumice_2023-CAINF-001026,20230715,20,pyrologix,6,none,2023,0.0,0.0026796760503202677,-1,undetected,1,9.489961992702219e-05,0,0.0,False
GaussianBudget75M_LinearMinTime,Pumpkin_2023-CABDF-013885,20231025,17,pyrologix,10,none,2023,0.0,0.0020618790294975042,-1,undetected,1,9.489961992702219e-05,0,0.0,False
GaussianBudget75M_LinearMinTime,Pyramid_2023-CALAC-365725,20231025,7,pyrologix,4,none,2023,0.0,0.0020092789782211185,-1,undetected,1,9.489961992702219e-05,0,0.0,False
GaussianBudget75M_LinearMinTime,Quail_2023-CASQF-000771,20230605,20,pyrologix,3,148-73,2023,0.0,0.018532678950577974,-1,undetected,1,9.489961992702219e-05,1220,0.003511285937299821,True
GaussianBudget75M_LinearMinTime,Quail_2023-CATMU-020956,20230801,21,pyrologix,7,none,2023,0.0,0.002756464993581176,-1,undetected,1,9.489961992702219e-05,0,0.0,False
GaussianBudget75M_LinearMinTime,Quail_2_2023-CAANF-234011,20231210,16,pyrologix,5,none,2023,0.0,0.0020335630979388952,-1,undetected,1,9.489961992702219e-05,0,0.0,False
GaussianBudget75M_LinearMinTime,Quarry_2023-CAPNF-001633,20231216,14,pyrologix,4,65-55,2023,0.0,0.004230307065881789,0,drone,1,9.489961992702219e-05,1645,0.004365382516643021,True
GaussianBudget75M_LinearMinTime,Quarry_2023-CASTF-001921,20230909,21,pyrologix,5,118-64,2023,0.0,0.002752530970610678,0,drone,1,9.489961992702219e-05,1895,0.004555181756497065,True
GaussianBudget75M_LinearMinTime,Rabbit_2023-CASQF-002146,20230930,16,pyrologix,12,148-73,2023,0.0,0.019155681016854942,-1,undetected,1,9.489961992702219e-05,1220,0.003511285937299821,True
GaussianBudget75M_LinearMinTime,Radio_2023-CASNF-001205,20230823,13,pyrologix,11,140-71,2023,0.0,0.0037213049363344908,0,drone,1,9.489961992702219e-05,4420,0.004555181756497065,True
GaussianBudget75M_LinearMinTime,Rail_2023-CASHF-000899,20230731,15,pyrologix,11,42-41,2023,0.0,0.004762609023600817,0,drone,1,9.489961992702219e-05,4270,0.004460282136570043,True
GaussianBudget75M_LinearMinTime,Rail_2023-CASHU-008943,20230815,20,pyrologix,1,44-54,2023,0.0,0.0027634110301733017,0,drone,1,9.489961992702219e-05,580,0.003511285937299821,True
GaussianBudget75M_LinearMinTime,Ram_2023-CASNF-001276,20230901,0,pyrologix,5,none,2023,0.0,0.002697955002076924,-1,undetected,1,9.489961992702219e-05,0,0.0,False
GaussianBudget75M_LinearMinTime,Ramp_2023-CABDU-009817,20230718,16,pyrologix,9,206-88,2023,0.0,0.004120009019970894,0,drone,1,9.489961992702219e-05,3710,0.004175583276788976,True
GaussianBudget75M_LinearMinTime,Ranch_2023-CASKU-006969,20230815,13,pyrologix,12,37-52,2023,0.0,0.009112899075262249,0,drone,1,9.489961992702219e-05,4675,0.0046500813764240876,True
GaussianBudget75M_LinearMinTime,Ranch_2023-CASNF-000525,20230612,12,pyrologix,6,140-71,2023,0.0,0.002247616066597402,0,drone,1,9.489961992702219e-05,2480,0.004460282136570043,True
GaussianBudget75M_LinearMinTime,Ranch_2023-CASTF-002377,20231103,7,pyrologix,3,118-56,2023,0.0,0.0038790180115029216,0,drone,1,9.489961992702219e-05,1415,0.004270482896715999,True
GaussianBudget75M_LinearMinTime,Range_2023-CABDF-002251,20230212,21,pyrologix,11,none,2023,0.0,0.0020219970028847456,-1,undetected,1,9.489961992702219e-05,0,0.0,False
GaussianBudget75M_LinearMinTime,Range_2023-CAENF-026345,20230925,14,pyrologix,11,97-60,2023,0.0,0.004505294025875628,0,drone,1,9.489961992702219e-05,4510,0.004460282136570043,True
GaussianBudget75M_LinearMinTime,Range_2023-CASQF-000882,20230617,21,pyrologix,2,171-80,2023,0.0,0.0031886210199445486,0,drone,1,9.489961992702219e-05,1005,0.0037010851771538656,True
GaussianBudget75M_LinearMinTime,Rattlesnake_2023-CASTF-000861,20230612,0,pyrologix,7,108-64,2023,0.0,0.0024634479777887464,0,drone,1,9.489961992702219e-05,2870,0.004270482896715999,True
GaussianBudget75M_LinearMinTime,Ravine_2023-CAMDF-000325,20230708,13,pyrologix,6,none,2023,0.0,0.0020103780552744865,-1,undetected,1,9.489961992702219e-05,0,0.0,False
GaussianBudget75M_LinearMinTime,Ravine_2023-CAPNF-000909,20230807,22,pyrologix,10,76-51,2023,0.0,0.0052668750286102295,0,drone,1,9.489961992702219e-05,4480,0.0040806836568619545,True
GaussianBudget75M_LinearMinTime,Recon_2023-CAANF-0001880,20230701,15,pyrologix,12,206-88,2023,0.0,0.011951652937568724,3,drone,1,9.489961992702219e-05,5810,0.004175583276788976,True
GaussianBudget75M_LinearMinTime,Red_2023-CAANF-001571,20230610,14,pyrologix,11,none,2023,0.0,0.0027268860721960664,-1,undetected,1,9.489961992702219e-05,0,0.0,False
GaussianBudget75M_LinearMinTime,Red_2023-CAKNF-007347,20230826,22,pyrologix,6,23-23,2023,0.0,0.01824571401812136,-1,undetected,1,9.489961992702219e-05,420,0.0027520889778836436,True
GaussianBudget75M_LinearMinTime,Red_2023-CASTF-001945,20230910,13,pyrologix,10,none,2023,0.0,0.0020467840367928147,-1,undetected,1,9.489961992702219e-05,0,0.0,False
GaussianBudget75M_LinearMinTime,Red_Cones_2023-CAINF-000936,20230705,16,pyrologix,3,none,2023,0.0,0.0019448600942268968,-1,undetected,1,9.489961992702219e-05,0,0.0,False
GaussianBudget75M_LinearMinTime,Redinger_2023-CAMMU-025615,20231115,13,pyrologix,4,135-68,2023,0.0,0.003743219072930515,0,drone,1,9.489961992702219e-05,1575,0.004555181756497065,True
GaussianBudget75M_LinearMinTime,Remington_2023-CASQF-000424,20230417,22,pyrologix,2,174-77,2023,0.0,0.0021318229846656322,0,drone,1,9.489961992702219e-05,850,0.004175583276788976,True
GaussianBudget75M_LinearMinTime,Reservoir_2023-CASTF-001940,20230910,15,pyrologix,4,115-63,2023,0.0,0.008467626990750432,2,drone,1,9.489961992702219e-05,2335,0.004270482896715999,True
GaussianBudget75M_LinearMinTime,Reversed_2023-CAINF-001847,20231008,11,pyrologix,12,none,2023,0.0,0.002014665980823338,-1,undetected,1,9.489961992702219e-05,0,0.0,False
GaussianBudget75M_LinearMinTime,Reynolds_2023-CASTF-001922,20230909,20,pyrologix,8,118-64,2023,0.0,0.0037717620143666863,0,drone,1,9.489961992702219e-05,3070,0.004555181756497065,True
GaussianBudget75M_LinearMinTime,Rich_2023-CASHF-000548,20230606,18,pyrologix,10,42-34,2023,0.0,0.00802564900368452,0,drone,1,9.489961992702219e-05,4200,0.004460282136570043,True
GaussianBudget75M_LinearMinTime,Richard_2023-CAENF-022827,20230819,21,pyrologix,3,none,2023,0.0,0.0026920230593532324,-1,undetected,1,9.489961992702219e-05,0,0.0,False
GaussianBudget75M_LinearMinTime,Richbar_2023-CASQF-000818,20230610,12,pyrologix,4,none,2023,0.0,0.0020552510395646095,-1,undetected,1,9.489961992702219e-05,0,0.0,False
GaussianBudget75M_LinearMinTime,Ridge_2023-CALPF-002872,20231011,13,pyrologix,11,none,2023,0.0,0.0019674099748954177,-1,undetected,1,9.489961992702219e-05,0,0.0,False
GaussianBudget75M_LinearMinTime,Ridge_2023-CAPNF-000182,20230425,18,pyrologix,3,72-57,2023,0.0,0.002268029027618468,0,drone,1,9.489961992702219e-05,1195,0.003985784036934932,True
GaussianBudget75M_LinearMinTime,Ridge_2023-CAPNF-001031,20230817,18,pyrologix,4,72-57,2023,0.0,0.0021594850113615394,0,drone,1,9.489961992702219e-05,1570,0.003985784036934932,True
GaussianBudget75M_LinearMinTime,Ridge_2023-CASTF-000872,20230613,11,pyrologix,12,115-63,2023,0.0,0.008684103027917445,1,drone,1,9.489961992702219e-05,4975,0.004460282136570043,True
GaussianBudget75M_LinearMinTime,Ridge_2023-CATNF-000665,20230611,14,pyrologix,3,79-56,2023,0.0,0.0028894320130348206,0,drone,1,9.489961992702219e-05,1285,0.004270482896715999,True
GaussianBudget75M_LinearMinTime,Right_2023-CABDF-009977,20230712,15,pyrologix,4,206-88,2023,0.0,0.004547914955765009,1,drone,1,9.489961992702219e-05,2000,0.00389088441700791,True
GaussianBudget75M_LinearMinTime,Rim_2023-CAMDF-000938,20230919,22,pyrologix,1,none,2023,0.0,0.002704331069253385,-1,undetected,1,9.489961992702219e-05,0,0.0,False
GaussianBudget75M_LinearMinTime,Rinconada_2023-CALPF-002238,20230811,20,pyrologix,6,none,2023,0.0,0.002048998954705894,-1,undetected,1,9.489961992702219e-05,0,0.0,False
GaussianBudget75M_LinearMinTime,Rising_2023-CALNF-001948,20230421,11,pyrologix,12,44-54,2023,0.0,0.0038909110007807612,0,drone,1,9.489961992702219e-05,4475,0.004555181756497065,True
GaussianBudget75M_LinearMinTime,River_2023-CAKRN-052312,20231115,17,pyrologix,1,165-77,2023,0.0,0.0033299389760941267,0,drone,1,9.489961992702219e-05,590,0.003226587077518755,True
GaussianBudget75M_LinearMinTime,River_2023-CAMDF-000222,20230607,18,pyrologix,3,38-63,2023,0.0,0.002442606957629323,0,drone,1,9.489961992702219e-05,1215,0.0040806836568619545,True
GaussianBudget75M_LinearMinTime,River_2023-CAPNF-000447,20230609,20,pyrologix,3,73-63,2023,0.0,0.006671996088698506,1,drone,1,9.489961992702219e-05,1750,0.004365382516643021,True
GaussianBudget75M_LinearMinTime,River_2023-CASHF-000701,20230629,15,pyrologix,11,35-43,2023,0.0,0.03493304492440075,-1,undetected,1,9.489961992702219e-05,5915,0.003985784036934932,True
GaussianBudget75M_LinearMinTime,River_2023-CASQF-000825,20230610,21,pyrologix,5,171-80,2023,0.0,0.003587294020690024,0,drone,1,9.489961992702219e-05,2100,0.004555181756497065,True
GaussianBudget75M_LinearMinTime,River_2023-CASTF-001927,20230910,21,pyrologix,9,115-63,2023,0.0,0.005770983058027923,1,drone,1,9.489961992702219e-05,3615,0.004365382516643021,True
GaussianBudget75M_LinearMinTime,Riverside_2023-CASHF-000849,20230722,20,pyrologix,11,35-43,2023,0.0,0.03375509998295456,-1,undetected,1,9.489961992702219e-05,5915,0.003985784036934932,True
GaussianBudget75M_LinearMinTime,Road_2023-CALPF-002628,20230915,1,pyrologix,2,none,2023,0.0,0.0020286019425839186,-1,undetected,1,9.489961992702219e-05,0,0.0,False
GaussianBudget75M_LinearMinTime,Robinson_2023-CATNF-000673,20230611,20,pyrologix,7,87-59,2023,0.0,0.0026258890284225345,0,drone,1,9.489961992702219e-05,1010,0.00303678783766471,True
GaussianBudget75M_LinearMinTime,Rock_2023-CABDF-012493,20230920,19,pyrologix,11,206-88,2023,0.0,0.004607751965522766,0,drone,1,9.489961992702219e-05,4475,0.004175583276788976,True
GaussianBudget75M_LinearMinTime,Rock_2023-CAENF-017683,20230702,23,pyrologix,6,93-54,2023,0.0,0.007779299048706889,0,drone,1,9.489961992702219e-05,2810,0.003985784036934932,True
GaussianBudget75M_LinearMinTime,Rock_2023-CAMNF-000861,20230816,14,pyrologix,3,67-17,2023,1463.8115861329716,0.0023858390050008893,0,drone,1,9.489961992702219e-05,1430,0.004270482896715999,True
GaussianBudget75M_LinearMinTime,Rock_2023-CAPNF-001287,20230910,3,pyrologix,7,69-50,2023,0.0,0.0039044059813022614,0,drone,1,9.489961992702219e-05,2830,0.004365382516643021,True
GaussianBudget75M_LinearMinTime,Rock_2023-CASHF-000405,20230510,19,pyrologix,7,47-21,2023,0.0,0.004192215041257441,0,drone,1,9.489961992702219e-05,2755,0.0046500813764240876,True
GaussianBudget75M_LinearMinTime,Rock_2023-CASTF-001615,20230817,19,pyrologix,2,115-63,2023,0.0,0.002295600948855281,0,drone,1,9.489961992702219e-05,820,0.0036061855572268433,True
GaussianBudget75M_LinearMinTime,Rock_2_2023-CAANF-233519,20231021,16,pyrologix,2,none,2023,0.0,0.0020269040251150727,-1,undetected,1,9.489961992702219e-05,0,0.0,False
GaussianBudget75M_LinearMinTime,Rocks_2023-CABDF-007226,20230513,10,pyrologix,7,206-88,2023,0.0,0.004132737056352198,0,drone,1,9.489961992702219e-05,2895,0.004175583276788976,True
GaussianBudget75M_LinearMinTime,Rocky_2023-CASKU-005755,20230710,13,pyrologix,10,24-35,2023,0.0,0.008680583909153938,0,drone,1,9.489961992702219e-05,4765,0.004555181756497065,True
GaussianBudget75M_LinearMinTime,Rodgers_2023-CASNF-000903,20230728,13,pyrologix,10,none,2023,0.0,0.0019911789568141103,-1,undetected,1,9.489961992702219e-05,0,0.0,False
GaussianBudget75M_LinearMinTime,Rogers_2023-CASQF-002393,20231114,17,pyrologix,3,165-77,2023,0.0,0.0042766520055010915,0,drone,1,9.489961992702219e-05,1395,0.004270482896715999,True
GaussianBudget75M_LinearMinTime,Roland_2023-CASKU-003662,20230513,17,pyrologix,4,28-45,2023,0.0,0.004327923059463501,0,drone,1,9.489961992702219e-05,1630,0.0036061855572268433,True
GaussianBudget75M_LinearMinTime,Romeo_2023-CAINF-001007,20230713,20,pyrologix,5,none,2023,0.0,0.0020060070091858506,-1,undetected,1,9.489961992702219e-05,0,0.0,False
GaussianBudget75M_LinearMinTime,Root_2023-CASHF-000827,20230717,16,pyrologix,10,35-43,2023,0.0,0.033097875071689487,-1,undetected,1,9.489961992702219e-05,5565,0.003985784036934932,True
GaussianBudget75M_LinearMinTime,Rose_2023-CASTF-000422,20230420,17,pyrologix,10,111-57,2023,0.0,0.003478260012343526,0,drone,1,9.489961992702219e-05,4170,0.004460282136570043,True
GaussianBudget75M_LinearMinTime,Rough_2023-CASHF-000586,20230613,16,pyrologix,7,54-19,2023,0.0,0.015951841953210533,2,drone,1,9.489961992702219e-05,3760,0.0046500813764240876,True
GaussianBudget75M_LinearMinTime,Round_2023-CAKNF-005764,20230710,19,pyrologix,10,27-52,2023,0.0,0.00492053700145334,0,drone,1,9.489961992702219e-05,3925,0.0046500813764240876,True
GaussianBudget75M_LinearMinTime,Roy_2023-CASRF-000899,20230811,1,pyrologix,5,35-16,2023,0.0,0.004140799981541932,0,drone,1,9.489961992702219e-05,2150,0.004460282136570043,True
GaussianBudget75M_LinearMinTime,Ruby_2023-CASTF-000355,20230406,13,pyrologix,3,111-57,2023,0.0,0.0029396630125120282,0,drone,1,9.489961992702219e-05,1425,0.003985784036934932,True
GaussianBudget75M_LinearMinTime,Rushing_2023-CASTF-000567,20230511,6,pyrologix,3,115-63,2023,0.0,0.004300890024751425,0,drone,1,9.489961992702219e-05,1450,0.0040806836568619545,True
GaussianBudget75M_LinearMinTime,Sage_2023-CAMDF-000359,20230718,19,pyrologix,4,none,2023,0.0,0.00200358300935477,-1,undetected,1,9.489961992702219e-05,0,0.0,False
GaussianBudget75M_LinearMinTime,Sage_2023-CASTF-001974,20230911,13,pyrologix,9,none,2023,0.0,0.0020907000871375203,-1,undetected,1,9.489961992702219e-05,0,0.0,False
GaussianBudget75M_LinearMinTime,Sagebrush_2023-CASQF-002187,20231008,22,pyrologix,2,161-79,2023,0.0,0.0023333540884777904,0,drone,1,9.489961992702219e-05,850,0.00389088441700791,True
GaussianBudget75M_LinearMinTime,Sagehen_2023-CATNF-001073,20230721,16,pyrologix,11,80-65,2023,0.0,0.010199266020208597,0,drone,1,9.489961992702219e-05,4375,0.0046500813764240876,True
GaussianBudget75M_LinearMinTime,Saints_2023-CAKNF-005120,20230626,23,pyrologix,10,16-26,2023,0.0,0.0047081150114536285,0,drone,1,9.489961992702219e-05,4200,0.004555181756497065,True
GaussianBudget75M_LinearMinTime,Salmon_2023-CASRF-000859,20230803,12,pyrologix,3,26-25,2023,0.0,0.002272445010021329,0,drone,1,9.489961992702219e-05,1240,0.003985784036934932,True
GaussianBudget75M_LinearMinTime,Salt_2023-CAKNF-005870,20230714,20,pyrologix,9,17-30,2023,0.0,0.018846116960048676,-1,undetected,1,9.489961992702219e-05,1795,0.004365382516643021,True
GaussianBudget75M_LinearMinTime,Salt_2023-CASHF-000594,20230615,0,pyrologix,7,42-41,2023,0.0,0.00618795701302588,1,drone,1,9.489961992702219e-05,3075,0.004460282136570043,True
GaussianBudget75M_LinearMinTime,Salt_2023-CASRF-000933,20230815,5,pyrologix,7,54-19,2023,0.0,0.006264918949455023,1,drone,1,9.489961992702219e-05,3285,0.004555181756497065,True
GaussianBudget75M_LinearMinTime,Salty_2023-CASHF-001007,20230818,1,pyrologix,5,47-27,2023,0.0,0.005298081086948514,1,drone,1,9.489961992702219e-05,2310,0.004555181756497065,True
GaussianBudget75M_LinearMinTime,Sand_2023-CAANF-002373,20230724,21,pyrologix,2,none,2023,0.0,0.0021033099619671702,-1,undetected,1,9.489961992702219e-05,0,0.0,False
GaussianBudget75M_LinearMinTime,Sand_2023-CAENF-026944,20231001,16,pyrologix,10,93-54,2023,0.0,0.004897641018033028,0,drone,1,9.489961992702219e-05,4110,0.003985784036934932,True
GaussianBudget75M_LinearMinTime,Sand_2023-CASHF-000787,20230712,4,pyrologix,1,35-43,2023,0.0,0.00589480996131897,1,drone,1,9.489961992702219e-05,980,0.003985784036934932,True
GaussianBudget75M_LinearMinTime,Sand_2023-CASQF-001652,20230813,13,pyrologix,11,164-82,2023,0.0,0.005006190971471369,0,drone,1,9.489961992702219e-05,4560,0.004555181756497065,True
GaussianBudget75M_LinearMinTime,Santiago_2023-CACNF-002138,20230808,3,pyrologix,1,none,2023,0.0,0.00207314093131572,-1,undetected,1,9.489961992702219e-05,0,0.0,False
GaussianBudget75M_LinearMinTime,Santiago_2023-CARRU-115913,20230808,0,pyrologix,5,none,2023,0.0,0.0020347899990156293,-1,undetected,1,9.489961992702219e-05,0,0.0,False
GaussianBudget75M_LinearMinTime,Sardine_2023-CASTF-001973,20230911,17,pyrologix,1,none,2023,0.0,0.002047488000243902,-1,undetected,1,9.489961992702219e-05,0,0.0,False
GaussianBudget75M_LinearMinTime,Sattley_2023-CATNF-000878,20230702,14,pyrologix,8,80-65,2023,0.0,0.006776374997571111,0,drone,1,9.489961992702219e-05,3210,0.0046500813764240876,True
GaussianBudget75M_LinearMinTime,Saugus_2023-CAANF-233735,20231111,1,pyrologix,7,none,2023,0.0,0.0020438239444047213,-1,undetected,1,9.489961992702219e-05,0,0.0,False
GaussianBudget75M_LinearMinTime,Saw_2023-CATMU-022582,20230817,15,pyrologix,9,none,2023,0.0,0.0020531429909169674,-1,undetected,1,9.489961992702219e-05,0,0.0,False
GaussianBudget75M_LinearMinTime,Sawmill_2023-CAINF-001691,20230914,16,pyrologix,5,none,2023,0.0,0.0025075789308175445,-1,undetected,1,9.489961992702219e-05,0,0.0,False
GaussianBudget75M_LinearMinTime,Sawmill_2023-CATMU-015860,20230614,22,pyrologix,2,none,2023,0.0,0.002045567031018436,-1,undetected,1,9.489961992702219e-05,0,0.0,False
GaussianBudget75M_LinearMinTime,Sawmill_2023-CATMU-017755,20230702,12,pyrologix,11,none,2023,0.0,0.002140684984624386,-1,undetected,1,9.489961992702219e-05,0,0.0,False
GaussianBudget75M_LinearMinTime,Sawpit_2023-CABDF-009359,20230701,17,pyrologix,9,none,2023,0.0,0.002120665041729808,-1,undetected,1,9.489961992702219e-05,0,0.0,False
GaussianBudget75M_LinearMinTime,School_2023-CALPF-001981,20230724,13,pyrologix,6,none,2023,0.0,0.0021358609665185213,-1,undetected,1,9.489961992702219e-05,0,0.0,False
GaussianBudget75M_LinearMinTime,Scotland_2023-CABDF-006716,20230430,16,pyrologix,12,206-88,2023,0.0,0.0037115130107849836,0,drone,1,9.489961992702219e-05,4690,0.004175583276788976,True
GaussianBudget75M_LinearMinTime,Scott_2023-CAKNF-006941,20230815,12,pyrologix,4,24-35,2023,0.0,0.005372290965169668,1,drone,1,9.489961992702219e-05,2305,0.004270482896715999,True
GaussianBudget75M_LinearMinTime,Seattle_2023-CAKNF-006088,20230720,18,pyrologix,4,17-30,2023,0.0,0.002948101027868688,0,drone,1,9.489961992702219e-05,1755,0.004365382516643021,True
GaussianBudget75M_LinearMinTime,Seely_2023-CASRF-000070,20230130,16,pyrologix,11,35-16,2023,0.0,0.008172639063559473,0,drone,1,9.489961992702219e-05,4335,0.0046500813764240876,True
GaussianBudget75M_LinearMinTime,Shadow_2023-CAINF-001305,20230813,2,pyrologix,3,129-73,2023,0.0,0.018465842003934085,-1,undetected,1,9.489961992702219e-05,2875,0.003985784036934932,True
GaussianBudget75M_LinearMinTime,Shadow_2023-CAKNF-006974,20230815,19,pyrologix,2,28-32,2023,0.0,0.003985133022069931,0,drone,1,9.489961992702219e-05,1105,0.004175583276788976,True
GaussianBudget75M_LinearMinTime,Shake_2023-CASHF-001018,20230818,17,pyrologix,5,47-27,2023,0.0,0.004561693989671767,0,drone,1,9.489961992702219e-05,1955,0.004460282136570043,True
GaussianBudget75M_LinearMinTime,Shanty_2023-CASRF-000532,20230614,19,pyrologix,5,26-25,2023,0.0,0.0035534179769456387,0,drone,1,9.489961992702219e-05,2135,0.004270482896715999,True
GaussianBudget75M_LinearMinTime,Shark_2023-CASNF-001269,20230831,19,pyrologix,4,132-72,2023,0.0,0.0024805429857224226,0,drone,1,9.489961992702219e-05,1915,0.003511285937299821,True
GaussianBudget75M_LinearMinTime,Sheep_2023-CABDF-017505,20231208,18,pyrologix,10,206-88,2023,0.0,0.005090981954708695,0,drone,1,9.489961992702219e-05,4135,0.004175583276788976,True
GaussianBudget75M_LinearMinTime,Sheering_2023-CASTF-002013,20230915,13,pyrologix,6,115-63,2023,0.0,0.0030046880710870028,0,drone,1,9.489961992702219e-05,2285,0.004175583276788976,True
GaussianBudget75M_LinearMinTime,Shell_2023-CAINF-001028,20230716,2,pyrologix,3,none,2023,0.0,0.00208899297285825,-1,undetected,1,9.489961992702219e-05,0,0.0,False
GaussianBudget75M_LinearMinTime,Shell_2023-CASQF-002182,20231008,15,pyrologix,7,none,2023,0.0,0.0020697229774668813,-1,undetected,1,9.489961992702219e-05,0,0.0,False
GaussianBudget75M_LinearMinTime,Shelly_2023-CATMU-021441,20230806,23,pyrologix,2,none,2023,0.0,0.0020848079584538937,-1,undetected,1,9.489961992702219e-05,0,0.0,False
GaussianBudget75M_LinearMinTime,Sherer_2023-CASHF-001032,20230819,15,pyrologix,12,35-36,2023,0.0,0.0064118580194190145,0,drone,1,9.489961992702219e-05,4805,0.004175583276788976,True
GaussianBudget75M_LinearMinTime,Shinn_2023-CALAC-253309,20230729,3,pyrologix,1,206-88,2023,0.0,0.0062978899804875255,1,drone,1,9.489961992702219e-05,1025,0.0036061855572268433,True
GaussianBudget75M_LinearMinTime,Shoemaker_2023-CAANF-001915,20230702,10,pyrologix,9,206-87,2023,0.0,0.019232563907280564,-1,undetected,1,9.489961992702219e-05,1525,0.004270482896715999,True
GaussianBudget75M_LinearMinTime,Shu_Assist_Industrial_2023-CASHF-000484,20230526,19,pyrologix,5,47-27,2023,0.0,0.008065722067840397,0,drone,1,9.489961992702219e-05,2205,0.004460282136570043,True
GaussianBudget75M_LinearMinTime,Sierra_2023-CAANF-232758,20230816,20,pyrologix,7,none,2023,0.0,0.002072172937914729,-1,undetected,1,9.489961992702219e-05,0,0.0,False
GaussianBudget75M_LinearMinTime,Sierra_2023-CALAC-277737,20230816,23,pyrologix,1,none,2023,0.0,0.0020490799797698855,-1,undetected,1,9.489961992702219e-05,0,0.0,False
GaussianBudget75M_LinearMinTime,Silver_2023-CABDF-011250,20230810,18,pyrologix,3,none,2023,0.0,0.002085802028886974,-1,undetected,1,9.489961992702219e-05,0,0.0,False
GaussianBudget75M_LinearMinTime,Silver_2023-CAENF-022362,20230815,15,pyrologix,8,98-62,2023,0.0,0.0041080539813265204,0,drone,1,9.489961992702219e-05,3215,0.004460282136570043,True
GaussianBudget75M_LinearMinTime,Silver_2023-CASHU-008484,20230804,23,pyrologix,12,49-41,2023,0.0,0.018427727045491338,-1,undetected,1,9.489961992702219e-05,2765,0.0040806836568619545,True
GaussianBudget75M_LinearMinTime,Sims_2023-CASHF-001211,20230920,20,pyrologix,7,42-41,2023,0.0,0.0030642839847132564,0,drone,1,9.489961992702219e-05,2700,0.004365382516643021,True
GaussianBudget75M_LinearMinTime,Sims_2023-CATCU-010658,20230812,20,pyrologix,6,117-52,2023,0.0,0.0027286879485473037,0,drone,1,9.489961992702219e-05,2150,0.0040806836568619545,True
GaussianBudget75M_LinearMinTime,Single_2023-CASTF-001529,20230813,0,pyrologix,6,115-63,2023,0.0,0.002538540051318705,0,drone,1,9.489961992702219e-05,2285,0.004175583276788976,True
GaussianBudget75M_LinearMinTime,Sister_2023-CAKNF-004500,20230608,17,pyrologix,12,27-52,2023,0.0,0.008878540014848113,2,drone,1,9.489961992702219e-05,5500,0.0046500813764240876,True
GaussianBudget75M_LinearMinTime,Ski_2023-CASTF-001676,20230820,16,pyrologix,9,115-63,2023,0.0,0.015581245999783278,4,drone,1,9.489961992702219e-05,4855,0.004460282136570043,True
GaussianBudget75M_LinearMinTime,Skunk_2023-CASHF-000313,20230417,16,pyrologix,7,40-22,2023,0.0,0.003450553980655968,0,drone,1,9.489961992702219e-05,2640,0.004555181756497065,True
GaussianBudget75M_LinearMinTime,Sky_2023-CASNF-000380,20230527,20,pyrologix,10,128-67,2023,0.0,0.00488020502962172,0,drone,1,9.489961992702219e-05,4025,0.004365382516643021,True
GaussianBudget75M_LinearMinTime,Sky_2023-CATCU-010394,20230807,23,pyrologix,3,118-56,2023,0.0,0.004324444103986025,0,drone,1,9.489961992702219e-05,1470,0.004270482896715999,True
GaussianBudget75M_LinearMinTime,Slab_Creek_Reservoir_Camino_2023-CAAEU-010441,20230419,0,pyrologix,1,99-53,2023,0.0,0.0028530879644677043,0,drone,1,9.489961992702219e-05,610,0.003511285937299821,True
GaussianBudget75M_LinearMinTime,Slide_1_2023-CAMNF-000852,20230815,13,pyrologix,10,61-26,2023,0.0,0.0035457760095596313,0,drone,1,9.489961992702219e-05,3900,0.004555181756497065,True
GaussianBudget75M_LinearMinTime,Slide_2_2023-CAMNF-000854,20230815,14,pyrologix,7,69-27,2023,0.0,0.003210569964721799,0,drone,1,9.489961992702219e-05,2465,0.004460282136570043,True
GaussianBudget75M_LinearMinTime,Smith_2023-CASTF-000451,20230426,15,pyrologix,7,122-61,2023,0.0,0.0026434450410306454,0,drone,1,9.489961992702219e-05,2975,0.00389088441700791,True
GaussianBudget75M_LinearMinTime,Smokey_2023-CAINF-001714,20230917,19,pyrologix,2,none,2023,0.0,0.0020482830004766583,-1,undetected,1,9.489961992702219e-05,0,0.0,False
GaussianBudget75M_LinearMinTime,Snag_2023-CALMU-002821,20230606,21,pyrologix,2,45-66,2023,0.0,0.0025724199367687106,0,drone,1,9.489961992702219e-05,905,0.00389088441700791,True
GaussianBudget75M_LinearMinTime,Snake_2023-CAPNF-000744,20230717,13,pyrologix,11,72-57,2023,0.0,0.004849356948398054,0,drone,1,9.489961992702219e-05,4270,0.003985784036934932,True
GaussianBudget75M_LinearMinTime,Snow_2023-CABDF-015602,20231116,16,pyrologix,3,none,2023,0.0,0.0020902889082208276,-1,undetected,1,9.489961992702219e-05,0,0.0,False
GaussianBudget75M_LinearMinTime,Snow_2023-CASHF-001072,20230825,22,pyrologix,7,54-19,2023,0.0,0.009854482021182775,2,drone,1,9.489961992702219e-05,3810,0.0046500813764240876,True
GaussianBudget75M_LinearMinTime,Soda_2023-CAENF-015599,20230611,21,pyrologix,5,90-60,2023,0.0,0.0035810109693557024,0,drone,1,9.489961992702219e-05,2285,0.004365382516643021,True
GaussianBudget75M_LinearMinTime,Soda_2023-CASHF-000457,20230521,19,pyrologix,6,35-43,2023,0.0,0.008813273045234382,2,drone,1,9.489961992702219e-05,2965,0.003985784036934932,True
GaussianBudget75M_LinearMinTime,Soldier_2023-CALAC-257321,20230801,4,pyrologix,3,206-87,2023,0.0,0.018052352010272443,-1,undetected,1,9.489961992702219e-05,1525,0.004270482896715999,True
GaussianBudget75M_LinearMinTime,South_2023-CASRF-000500,20230609,19,pyrologix,4,26-25,2023,0.0,0.0038106029387563467,0,drone,1,9.489961992702219e-05,1820,0.0040806836568619545,True
GaussianBudget75M_LinearMinTime,South_2023-CASRF-000646,20230705,0,pyrologix,5,35-16,2023,0.0,0.019537918036803603,3,drone,1,9.489961992702219e-05,3120,0.0046500813764240876,True
GaussianBudget75M_LinearMinTime,Spanish_2023-CASNF-000527,20230612,15,pyrologix,4,none,2023,0.0,0.002037615980952978,-1,undetected,1,9.489961992702219e-05,0,0.0,False
GaussianBudget75M_LinearMinTime,Spaulding_2023-CAMDF-000211,20230605,16,pyrologix,11,38-63,2023,0.0,0.005211121984757483,0,drone,1,9.489961992702219e-05,4100,0.0040806836568619545,True
GaussianBudget75M_LinearMinTime,Spillway_2023-CALAC-386515,20231111,3,pyrologix,3,none,2023,0.0,0.0020548320608213544,-1,undetected,1,9.489961992702219e-05,0,0.0,False
GaussianBudget75M_LinearMinTime,Spot_2023-CABDF-005844,20230408,16,pyrologix,5,225-101,2023,0.0,0.0039482120191678405,0,drone,1,9.489961992702219e-05,2035,0.004460282136570043,True
GaussianBudget75M_LinearMinTime,Spring_2023-CAMDF-000733,20230826,13,pyrologix,12,38-63,2023,0.0,0.006746242055669427,0,drone,1,9.489961992702219e-05,4520,0.0040806836568619545,True
GaussianBudget75M_LinearMinTime,Spring_2023-CAPNF-000278,20230519,15,pyrologix,10,80-65,2023,0.0,0.0047477929620072246,0,drone,1,9.489961992702219e-05,3935,0.0046500813764240876,True
GaussianBudget75M_LinearMinTime,Spring_2023-CASHF-001191,20230916,20,pyrologix,6,47-21,2023,0.0,0.002669747918844223,0,drone,1,9.489961992702219e-05,2280,0.0046500813764240876,True
GaussianBudget75M_LinearMinTime,Spring_2023-CASTF-001996,20230913,19,pyrologix,6,122-61,2023,0.0,0.0030132069950923324,0,drone,1,9.489961992702219e-05,2600,0.00389088441700791,True
GaussianBudget75M_LinearMinTime,Spring_2023-CATNF-000557,20230601,14,pyrologix,12,73-63,2023,0.0,0.005086731049232185,0,drone,1,9.489961992702219e-05,4540,0.0046500813764240876,True
GaussianBudget75M_LinearMinTime,Springs_2023-CACNF-000760,20230416,7,pyrologix,11,none,2023,0.0,0.0020519739482551813,-1,undetected,1,9.489961992702219e-05,0,0.0,False
GaussianBudget75M_LinearMinTime,Springs_2_2023-CACNF-000822,20230425,10,pyrologix,5,none,2023,0.0,0.0020764200016856194,-1,undetected,1,9.489961992702219e-05,0,0.0,False
GaussianBudget75M_LinearMinTime,Spur_2023-CAPNF-000428,20230607,17,pyrologix,9,63-64,2023,0.0,0.0036094420356675982,0,drone,1,9.489961992702219e-05,3510,0.004175583276788976,True
GaussianBudget75M_LinearMinTime,Squaw_2023-CABTU-008770,20230514,0,pyrologix,5,76-51,2023,0.0,0.0031747310422360897,0,drone,1,9.489961992702219e-05,2260,0.0037010851771538656,True
GaussianBudget75M_LinearMinTime,Squaw_2023-CALPF-001664,20230701,9,pyrologix,12,none,2023,0.0,0.0021716560004279017,-1,undetected,1,9.489961992702219e-05,0,0.0,False
GaussianBudget75M_LinearMinTime,Squirrel_2023-CASHF-000989,20230815,20,pyrologix,4,35-36,2023,0.0,0.03389105701353401,-1,undetected,1,9.489961992702219e-05,3860,0.004175583276788976,True
GaussianBudget75M_LinearMinTime,Stage_2023-CASKU-003070,20230423,1,pyrologix,3,35-43,2023,0.0,0.0018555769929662347,0,drone,1,9.489961992702219e-05,1130,0.003985784036934932,True
GaussianBudget75M_LinearMinTime,Staging_2023-CALPF-002221,20230810,13,pyrologix,11,none,2023,0.0,0.0020338030299171805,-1,undetected,1,9.489961992702219e-05,0,0.0,False
GaussianBudget75M_LinearMinTime,Stampede_2023-CATNF-000456,20230520,16,pyrologix,11,84-67,2023,0.0,0.0034051310503855348,0,drone,1,9.489961992702219e-05,4315,0.004365382516643021,True
GaussianBudget75M_LinearMinTime,Stan_2023-CASTF-001612,20230817,15,pyrologix,5,108-64,2023,0.0,0.004106768989004195,0,drone,1,9.489961992702219e-05,2360,0.004270482896715999,True
GaussianBudget75M_LinearMinTime,Star_2023-CACNF-002537,20230912,16,pyrologix,8,none,2023,0.0,0.0022874429123476148,-1,undetected,1,9.489961992702219e-05,0,0.0,False
GaussianBudget75M_LinearMinTime,Star_2023-CASTF-000464,20230427,18,pyrologix,8,111-57,2023,0.0,0.0033417980885133147,0,drone,1,9.489961992702219e-05,3500,0.004460282136570043,True
GaussianBudget75M_LinearMinTime,Stine_2023-CASQF-001101,20230703,15,pyrologix,12,174-77,2023,0.0,0.013563881046138704,3,drone,1,9.489961992702219e-05,5520,0.0046500813764240876,True
GaussianBudget75M_LinearMinTime,Stock_2023-CAMDF-000937,20230919,17,pyrologix,10,none,2023,0.0,0.0020580539712682366,-1,undetected,1,9.489961992702219e-05,0,0.0,False
GaussianBudget75M_LinearMinTime,Stone_2023-CABDF-006328,20230421,15,pyrologix,10,206-88,2023,0.0,0.00458477798383683,0,drone,1,9.489961992702219e-05,4095,0.004175583276788976,True
GaussianBudget75M_LinearMinTime,Stone_2023-CASHF-000695,20230628,22,pyrologix,12,47-27,2023,0.0,0.006146100931800902,0,drone,1,9.489961992702219e-05,4410,0.004555181756497065,True
GaussianBudget75M_LinearMinTime,Stoneridge_2023-CACNF-001060,20230524,22,pyrologix,7,230-98,2023,0.0,0.021404341096058488,3,drone,1,9.489961992702219e-05,3755,0.004555181756497065,True
GaussianBudget75M_LinearMinTime,Stones_2023-CAKNF-005095,20230625,17,pyrologix,3,21-28,2023,0.0,0.0017974370857700706,0,drone,1,9.489961992702219e-05,1150,0.004175583276788976,True
GaussianBudget75M_LinearMinTime,Straw_2023-CASTF-001550,20230814,22,pyrologix,10,115-63,2023,0.0,0.007440170040354133,1,drone,1,9.489961992702219e-05,4200,0.004460282136570043,True
GaussianBudget75M_LinearMinTime,Stuart_2023-CASHF-000544,20230606,11,pyrologix,11,40-29,2023,0.0,0.0036899609258398414,0,drone,1,9.489961992702219e-05,4025,0.0046500813764240876,True
GaussianBudget75M_LinearMinTime,Stump_2023-CAKNF-000706,20230125,13,pyrologix,6,18-37,2023,0.0,0.0033680839696899056,0,drone,1,9.489961992702219e-05,2360,0.0036061855572268433,True
GaussianBudget75M_LinearMinTime,Sugar_2023-CANEU-018360,20230701,11,pyrologix,5,86-54,2023,0.0,0.0054815709590911865,0,drone,1,9.489961992702219e-05,2010,0.004460282136570043,True
GaussianBudget75M_LinearMinTime,Sugar_2023-CASTF-001969,20230911,13,pyrologix,6,115-63,2023,0.0,0.004027582006528974,0,drone,1,9.489961992702219e-05,2430,0.004270482896715999,True
GaussianBudget75M_LinearMinTime,Sugar_2023-CATNF-000854,20230701,9,pyrologix,11,86-54,2023,0.0,0.008568966994062066,0,drone,1,9.489961992702219e-05,4370,0.0046500813764240876,True
GaussianBudget75M_LinearMinTime,Sugarloaf_2023-CABDF-017660,20231212,18,pyrologix,5,none,2023,0.0,0.0020724580390378833,-1,undetected,1,9.489961992702219e-05,0,0.0,False
GaussianBudget75M_LinearMinTime,Sulpher_2023-CASHF-000992,20230815,22,pyrologix,3,47-21,2023,0.0,0.004109258996322751,0,drone,1,9.489961992702219e-05,1470,0.004460282136570043,True
GaussianBudget75M_LinearMinTime,Sulphur_2_2023-CAINF-001392,20230818,22,pyrologix,9,none,2023,0.0,0.002043696935288608,-1,undetected,1,9.489961992702219e-05,0,0.0,False
GaussianBudget75M_LinearMinTime,Summit_2023-CASHU-006574,20230624,0,pyrologix,8,47-27,2023,0.0,0.0027726399712264538,0,drone,1,9.489961992702219e-05,2965,0.004555181756497065,True
GaussianBudget75M_LinearMinTime,Summit_2023-CASNF-001403,20230909,20,pyrologix,8,132-72,2023,0.0,0.0112065119901672,1,drone,1,9.489961992702219e-05,3990,0.004555181756497065,True
GaussianBudget75M_LinearMinTime,Sunrise_2023-CACNF-002091,20230805,7,pyrologix,6,none,2023,0.0,0.002129098051227629,-1,undetected,1,9.489961992702219e-05,0,0.0,False
GaussianBudget75M_LinearMinTime,Sutherland_2023-CACNF-001178,20230603,23,pyrologix,2,none,2023,0.0,0.0020754350116476417,-1,undetected,1,9.489961992702219e-05,0,0.0,False
GaussianBudget75M_LinearMinTime,Swanson_2023-CAKNF-005094,20230625,12,pyrologix,12,24-35,2023,0.0,0.003574928967282176,0,drone,1,9.489961992702219e-05,5310,0.004555181756497065,True
GaussianBudget75M_LinearMinTime,Sweetbrier_2023-CASHF-001012,20230818,6,pyrologix,11,35-43,2023,0.0,0.005510641960427165,0,drone,1,9.489961992702219e-05,4200,0.003985784036934932,True
GaussianBudget75M_LinearMinTime,Swift_2023-CASHF-000972,20230815,10,pyrologix,8,42-34,2023,0.0,0.02529008698184043,4,drone,1,9.489961992702219e-05,4730,0.004555181756497065,True
GaussianBudget75M_LinearMinTime,Swillup_2023-CAKNF-006937,20230815,13,pyrologix,2,21-28,2023,0.0,0.00371468102093786,0,drone,1,9.489961992702219e-05,1045,0.004175583276788976,True
GaussianBudget75M_LinearMinTime,Swimming_Hole_2023-CAPNF-001425,20230930,1,pyrologix,4,65-55,2023,0.0,0.007311021094210446,0,drone,1,9.489961992702219e-05,1645,0.004365382516643021,True
GaussianBudget75M_LinearMinTime,Table_2023-CATNF-000622,20230606,17,pyrologix,2,80-58,2023,0.0,0.006906610913574696,0,drone,1,9.489961992702219e-05,1180,0.0037010851771538656,True
GaussianBudget75M_LinearMinTime,Tadpole_2023-CATNF-001289,20230816,23,pyrologix,4,87-59,2023,0.0,0.018133828998543322,-1,undetected,1,9.489961992702219e-05,1010,0.00303678783766471,True
GaussianBudget75M_LinearMinTime,Tailgate_2023-CALPF-001952,20230722,14,pyrologix,6,none,2023,0.0,0.00199316896032542,-1,undetected,1,9.489961992702219e-05,0,0.0,False
GaussianBudget75M_LinearMinTime,Tamarack_2023-CAPNF-001273,20230908,18,pyrologix,1,76-51,2023,0.0,0.01826264802366495,-1,undetected,1,9.489961992702219e-05,2895,0.003795984797080888,True
GaussianBudget75M_LinearMinTime,Tank_2023-CAMDF-000569,20230818,10,pyrologix,10,none,2023,0.0,0.0020675150444731116,-1,undetected,1,9.489961992702219e-05,0,0.0,False
GaussianBudget75M_LinearMinTime,Tanker_2023-CAANF-002610,20230808,23,pyrologix,3,none,2023,0.0,0.002072111004963517,-1,undetected,1,9.489961992702219e-05,0,0.0,False
GaussianBudget75M_LinearMinTime,Tanker_2023-CALAC-266211,20230808,0,pyrologix,1,none,2023,0.0,0.0021301800152286887,-1,undetected,1,9.489961992702219e-05,0,0.0,False
GaussianBudget75M_LinearMinTime,Tanner_2023-CAKNF-008087,20230917,3,pyrologix,2,28-32,2023,0.0,0.0028406860074028373,0,drone,1,9.489961992702219e-05,980,0.0036061855572268433,True
GaussianBudget75M_LinearMinTime,Taylor_2023-CAINF-001071,20230719,17,pyrologix,9,none,2023,0.0,0.002052861964330077,-1,undetected,1,9.489961992702219e-05,0,0.0,False
GaussianBudget75M_LinearMinTime,Taylorsville_2023-CAPNF-001563,20231105,13,pyrologix,9,67-62,2023,0.0,0.006466774037107825,0,drone,1,9.489961992702219e-05,3390,0.0046500813764240876,True
GaussianBudget75M_LinearMinTime,Tea_2023-CASNF-001395,20230909,13,pyrologix,11,140-71,2023,0.0,0.006792647996917367,0,drone,1,9.489961992702219e-05,4580,0.004555181756497065,True
GaussianBudget75M_LinearMinTime,Tecuya_2023-CALPF-002100,20230802,12,pyrologix,6,none,2023,0.0,0.002018778002820909,-1,undetected,1,9.489961992702219e-05,0,0.0,False
GaussianBudget75M_LinearMinTime,Telephone_2023-CASHF-001189,20230916,17,pyrologix,11,47-21,2023,0.0,0.0046140559716150165,0,drone,1,9.489961992702219e-05,4180,0.0046500813764240876,True
GaussianBudget75M_LinearMinTime,Thatcher_2023-CAMNF-000495,20230625,20,pyrologix,5,68-22,2023,0.0,0.0033569439547136426,0,drone,1,9.489961992702219e-05,2050,0.004365382516643021,True
GaussianBudget75M_LinearMinTime,Thompson_2023-CASTF-001742,20230827,0,pyrologix,6,118-64,2023,0.0,0.005043742014095187,1,drone,1,9.489961992702219e-05,2570,0.004555181756497065,True
GaussianBudget75M_LinearMinTime,Three_Creeks_2023-CAKNF-007001,20230816,0,pyrologix,7,21-28,2023,0.0,0.0031794430688023567,0,drone,1,9.489961992702219e-05,2580,0.004555181756497065,True
GaussianBudget75M_LinearMinTime,Thurman_2023-CABDF-017306,20231206,20,pyrologix,8,none,2023,0.0,0.0020569590851664543,-1,undetected,1,9.489961992702219e-05,0,0.0,False
GaussianBudget75M_LinearMinTime,Tierra_2023-CAENF-014309,20230529,18,pyrologix,12,93-54,2023,0.0,0.00448826199863106,0,drone,1,9.489961992702219e-05,5060,0.003985784036934932,True
GaussianBudget75M_LinearMinTime,Timber_2023-CAMMU-011033,20230525,19,pyrologix,12,125-56,2023,0.0,0.00493153091520071,0,drone,1,9.489961992702219e-05,4570,0.004555181756497065,True
GaussianBudget75M_LinearMinTime,Timber_2023-CASHU-008929,20230815,12,pyrologix,2,44-54,2023,0.0,0.005013220012187958,0,drone,1,9.489961992702219e-05,1035,0.003985784036934932,True
GaussianBudget75M_LinearMinTime,Tire_2023-CAANF-001601,20230618,19,pyrologix,4,none,2023,0.0,0.002056437893770635,-1,undetected,1,9.489961992702219e-05,0,0.0,False
GaussianBudget75M_LinearMinTime,Titmouse_2023-CAKNF-007216,20230822,21,pyrologix,7,28-32,2023,0.0,0.015220765955746174,4,drone,1,9.489961992702219e-05,4255,0.0046500813764240876,True
GaussianBudget75M_LinearMinTime,Titus_2023-CAKNF-006950,20230815,14,pyrologix,4,21-28,2023,0.0,0.009618384065106511,2,drone,1,9.489961992702219e-05,2370,0.004555181756497065,True
GaussianBudget75M_LinearMinTime,Tnf-Forest_2023-CANEU-016816,20230616,17,pyrologix,2,90-60,2023,0.0,0.003673044964671135,0,drone,1,9.489961992702219e-05,1125,0.004175583276788976,True
GaussianBudget75M_LinearMinTime,Townsend_2023-CAKNF-007031,20230816,19,pyrologix,6,24-35,2023,0.0,0.003138644970022142,0,drone,1,9.489961992702219e-05,2800,0.004460282136570043,True
GaussianBudget75M_LinearMinTime,Track_2023-CABDF-011906,20230829,18,pyrologix,11,206-88,2023,0.0,0.005357849062420428,0,drone,1,9.489961992702219e-05,4565,0.004175583276788976,True
GaussianBudget75M_LinearMinTime,Trail_2023-CAKNF-004558,20230610,16,pyrologix,8,18-37,2023,0.0,0.0031013530679047108,0,drone,1,9.489961992702219e-05,2950,0.0037010851771538656,True
GaussianBudget75M_LinearMinTime,Trail_2023-CALNF-002794,20230606,21,pyrologix,9,51-53,2023,0.0,0.0064274059841409326,1,drone,1,9.489961992702219e-05,4115,0.004460282136570043,True
GaussianBudget75M_LinearMinTime,Trail_2023-CASKU-006612,20230806,22,pyrologix,7,24-35,2023,0.0,0.003855841001495719,0,drone,1,9.489961992702219e-05,3285,0.004555181756497065,True
GaussianBudget75M_LinearMinTime,Trail_2023-CATMU-021397,20230805,10,pyrologix,11,none,2023,0.0,0.0020642930176109076,-1,undetected,1,9.489961992702219e-05,0,0.0,False
GaussianBudget75M_LinearMinTime,Trail_2023-CATNF-001137,20230729,20,pyrologix,4,80-58,2023,0.0,0.03260670998133719,-1,undetected,1,9.489961992702219e-05,2225,0.004270482896715999,True
GaussianBudget75M_LinearMinTime,Training_2_2023-CACND-000002,20230102,14,pyrologix,4,172-74,2023,0.0,0.01817304699216038,-1,undetected,1,9.489961992702219e-05,845,0.003795984797080888,True
GaussianBudget75M_LinearMinTime,Trash_2023-CAINF-000843,20230629,21,pyrologix,1,none,2023,0.0,0.0021058900747448206,-1,undetected,1,9.489961992702219e-05,0,0.0,False
GaussianBudget75M_LinearMinTime,Treasure_2023-CATNF-001279,20230815,14,pyrologix,6,84-67,2023,0.0,0.0050053499871864915,0,drone,1,9.489961992702219e-05,2620,0.004270482896715999,True
GaussianBudget75M_LinearMinTime,Tree_2023-CASTF-001544,20230814,19,pyrologix,12,115-63,2023,0.0,0.006175281014293432,1,drone,1,9.489961992702219e-05,4685,0.004460282136570043,True
GaussianBudget75M_LinearMinTime,Trout_2023-CALNF-006021,20231104,20,pyrologix,5,51-53,2023,0.0,0.00225977401714772,0,drone,1,9.489961992702219e-05,2070,0.00389088441700791,True
GaussianBudget75M_LinearMinTime,Trout_2023-CASTF-001979,20230912,22,pyrologix,6,115-63,2023,0.0,0.003058983013033867,0,drone,1,9.489961992702219e-05,2335,0.004270482896715999,True
GaussianBudget75M_LinearMinTime,Tunnel_2023-CASQF-000909,20230620,12,pyrologix,6,none,2023,0.0,0.002076063072308898,-1,undetected,1,9.489961992702219e-05,0,0.0,False
GaussianBudget75M_LinearMinTime,Tunnel_2023-CASRF-000823,20230728,20,pyrologix,7,16-26,2023,0.0,0.00884615199174732,2,drone,1,9.489961992702219e-05,3740,0.004555181756497065,True
GaussianBudget75M_LinearMinTime,Turkey_2023-CALPF-000763,20230405,12,pyrologix,8,none,2023,0.0,0.0020209039794281125,-1,undetected,1,9.489961992702219e-05,0,0.0,False
GaussianBudget75M_LinearMinTime,Turner_2023-CAMDF-000874,20230906,20,pyrologix,6,38-63,2023,0.0,0.03336746001150459,-1,undetected,1,9.489961992702219e-05,4405,0.0040806836568619545,True
GaussianBudget75M_LinearMinTime,Twain_2023-CAPNF-000275,20230519,4,pyrologix,2,65-55,2023,0.0,0.004784249002113938,0,drone,1,9.489961992702219e-05,910,0.004175583276788976,True
GaussianBudget75M_LinearMinTime,Twin_2023-CAANF-001960,20230703,17,pyrologix,4,206-88,2023,0.0,0.003080114023759961,0,drone,1,9.489961992702219e-05,1750,0.003795984797080888,True
GaussianBudget75M_LinearMinTime,Twin_2023-CALNF-004089,20230803,16,pyrologix,10,51-53,2023,0.0,0.017946926993317902,5,drone,1,9.489961992702219e-05,6045,0.004460282136570043,True
GaussianBudget75M_LinearMinTime,Tyler_2023-CAKNF-005133,20230626,9,pyrologix,12,21-28,2023,0.0,0.006664915941655636,1,drone,1,9.489961992702219e-05,4660,0.0046500813764240876,True
GaussianBudget75M_LinearMinTime,Ufish_2023-CAKNF-007029,20230816,19,pyrologix,4,21-28,2023,0.0,0.0024511850206181407,0,drone,1,9.489961992702219e-05,1545,0.004365382516643021,True
GaussianBudget75M_LinearMinTime,Uncle_2023-CAKNF-008107,20230917,19,pyrologix,2,28-32,2023,0.0,0.003556489944458008,0,drone,1,9.489961992702219e-05,1030,0.003795984797080888,True
GaussianBudget75M_LinearMinTime,Underwood_2023-CASTF-001617,20230817,21,pyrologix,1,105-63,2023,0.0,0.013724836986511946,3,drone,1,9.489961992702219e-05,1800,0.003985784036934932,True
GaussianBudget75M_LinearMinTime,Upper_2023-CACNF-001655,20230708,15,pyrologix,4,none,2023,0.0,0.0020705059869214892,-1,undetected,1,9.489961992702219e-05,0,0.0,False
GaussianBudget75M_LinearMinTime,Upper_2023-CASHF-000983,20230815,14,pyrologix,10,40-29,2023,0.0,0.005290635977871716,0,drone,1,9.489961992702219e-05,3920,0.0046500813764240876,True
GaussianBudget75M_LinearMinTime,Valencia_2023-CANEU-015694,20230604,18,pyrologix,12,86-54,2023,0.0,0.00576923496555537,0,drone,1,9.489961992702219e-05,4785,0.0046500813764240876,True
GaussianBudget75M_LinearMinTime,Valley_2023-CAKNF-005234,20230628,16,pyrologix,9,21-28,2023,0.0,0.013466642005369067,4,drone,1,9.489961992702219e-05,4660,0.0046500813764240876,True
GaussianBudget75M_LinearMinTime,Valley_2023-CAMDF-000562,20230818,22,pyrologix,7,none,2023,0.0,0.0021182589698582888,-1,undetected,1,9.489961992702219e-05,0,0.0,False
GaussianBudget75M_LinearMinTime,Valley_2023-CAPNF-000709,20230711,18,pyrologix,6,76-51,2023,0.0,0.003954521031118929,0,drone,1,9.489961992702219e-05,2535,0.0037010851771538656,True
GaussianBudget75M_LinearMinTime,Valley_2023-CASHF-000600,20230615,18,pyrologix,12,47-21,2023,0.0,0.0031322370050475,0,drone,1,9.489961992702219e-05,4340,0.0046500813764240876,True
GaussianBudget75M_LinearMinTime,Vann_2023-CAKNF-007350,20230826,20,pyrologix,11,23-23,2023,0.0,0.018373862956650555,-1,undetected,1,9.489961992702219e-05,420,0.0027520889778836436,True
GaussianBudget75M_LinearMinTime,Viejas_2023-CACNF-002123,20230807,22,pyrologix,9,none,2023,0.0,0.0020854430040344596,-1,undetected,1,9.489961992702219e-05,0,0.0,False
GaussianBudget75M_LinearMinTime,Viejas_2_2023-CACNF-002645,20230924,15,pyrologix,10,none,2023,0.0,0.0020600120769813657,-1,undetected,1,9.489961992702219e-05,0,0.0,False
GaussianBudget75M_LinearMinTime,Vista_2023-CAANF-002138,20230710,22,pyrologix,1,none,2023,0.0,0.002051352057605982,-1,undetected,1,9.489961992702219e-05,0,0.0,False
GaussianBudget75M_LinearMinTime,Vista_2023-CAINF-001907,20231021,20,pyrologix,1,none,2023,0.0,0.0020495379576459527,-1,undetected,1,9.489961992702219e-05,0,0.0,False
GaussianBudget75M_LinearMinTime,Vista_2023-CALAC-216296,20230630,19,pyrologix,3,none,2023,0.0,0.0021007140167057514,-1,undetected,1,9.489961992702219e-05,0,0.0,False
GaussianBudget75M_LinearMinTime,Vista_2023-CASTF-001614,20230817,19,pyrologix,1,108-64,2023,0.0,0.002121019992046058,0,drone,1,9.489961992702219e-05,460,0.0028469885978106655,True
GaussianBudget75M_LinearMinTime,Vogel_2023-CAANF-001973,20230703,17,pyrologix,8,none,2023,0.0,0.0020218139979988337,-1,undetected,1,9.489961992702219e-05,0,0.0,False
GaussianBudget75M_LinearMinTime,Vogel_2023-CALAC-220317,20230703,17,pyrologix,9,none,2023,0.0,0.0020797959296032786,-1,undetected,1,9.489961992702219e-05,0,0.0,False
GaussianBudget75M_LinearMinTime,Volcano_2023-CASHU-001661,20230215,14,pyrologix,2,44-54,2023,0.0,0.003779422026127577,0,drone,1,9.489961992702219e-05,1080,0.003985784036934932,True
GaussianBudget75M_LinearMinTime,Votaw_2023-CAENF-022401,20230816,19,pyrologix,11,105-63,2023,0.0,0.0048731849528849125,0,drone,1,9.489961992702219e-05,4775,0.004365382516643021,True
GaussianBudget75M_LinearMinTime,Wagner_2023-CAMMU-020253,20230910,21,pyrologix,1,122-61,2023,0.0,0.004179523908533156,0,drone,1,9.489961992702219e-05,795,0.0034163863173727986,True
GaussianBudget75M_LinearMinTime,Wagon_2_2023-CAANF-233724,20231110,20,pyrologix,1,none,2023,0.0,0.002073667012155056,-1,undetected,1,9.489961992702219e-05,0,0.0,False
GaussianBudget75M_LinearMinTime,Wall_2023-CATNF-000797,20230624,12,pyrologix,9,90-60,2023,0.0,0.003221173072233796,0,drone,1,9.489961992702219e-05,3890,0.004460282136570043,True
GaussianBudget75M_LinearMinTime,Walls_2023-CANEU-018722,20230703,17,pyrologix,7,79-56,2023,0.0,0.005516619072295725,1,drone,1,9.489961992702219e-05,2995,0.004555181756497065,True
GaussianBudget75M_LinearMinTime,Walter_2023-CALAC-272893,20230813,1,pyrologix,10,none,2023,0.0,0.0020938259549438953,-1,undetected,1,9.489961992702219e-05,0,0.0,False
GaussianBudget75M_LinearMinTime,Wash_2023-CABDF-012288,20230913,22,pyrologix,12,206-88,2023,0.0,0.009000004036352038,2,drone,1,9.489961992702219e-05,5410,0.004175583276788976,True
GaussianBudget75M_LinearMinTime,Waterhouse_2023-CASTF-001923,20230909,20,pyrologix,7,108-64,2023,0.0,0.0034735839581117034,0,drone,1,9.489961992702219e-05,2970,0.004555181756497065,True
GaussianBudget75M_LinearMinTime,Waterman_2023-CASHF-000540,20230606,3,pyrologix,2,42-41,2023,0.0,0.016741141909733415,5,drone,1,9.489961992702219e-05,2835,0.004460282136570043,True
GaussianBudget75M_LinearMinTime,Watson_2023-CATMU-028805,20231019,21,pyrologix,4,none,2023,0.0,0.0020896749338135123,-1,undetected,1,9.489961992702219e-05,0,0.0,False
GaussianBudget75M_LinearMinTime,Way_2023-CALPF-002417,20230825,20,pyrologix,9,none,2023,0.0,0.002081621903926134,-1,undetected,1,9.489961992702219e-05,0,0.0,False
GaussianBudget75M_LinearMinTime,Weaver_2023-CASHU-007652,20230715,18,pyrologix,11,40-29,2023,0.0,0.004665527958422899,0,drone,1,9.489961992702219e-05,4160,0.0046500813764240876,True
GaussianBudget75M_LinearMinTime,Webber_2023-CATNF-001274,20230814,23,pyrologix,2,80-65,2023,0.0,0.0061180079355835915,1,drone,1,9.489961992702219e-05,1415,0.0040806836568619545,True
GaussianBudget75M_LinearMinTime,Weber_2023-CASHF-000689,20230628,0,pyrologix,1,40-29,2023,0.0,0.0022176839411258698,0,drone,1,9.489961992702219e-05,465,0.0034163863173727986,True
GaussianBudget75M_LinearMinTime,Wemple_2023-CAPNF-000406,20230605,17,pyrologix,8,63-64,2023,0.0,0.0045714640291407704,0,drone,1,9.489961992702219e-05,3280,0.004175583276788976,True
GaussianBudget75M_LinearMinTime,Wentworth_2023-CAENF-023260,20230824,20,pyrologix,9,90-60,2023,0.0,0.003403091919608414,0,drone,1,9.489961992702219e-05,3890,0.004460282136570043,True
GaussianBudget75M_LinearMinTime,West_2023-CAANF-233948,20231202,15,pyrologix,8,none,2023,0.0,0.002084871055558324,-1,undetected,1,9.489961992702219e-05,0,0.0,False
GaussianBudget75M_LinearMinTime,West_2023-CASHF-001013,20230818,9,pyrologix,9,35-36,2023,0.0,0.0026881129015237093,0,drone,1,9.489961992702219e-05,3525,0.004175583276788976,True
GaussianBudget75M_LinearMinTime,Western_2023-CABDF-010700,20230728,14,pyrologix,11,206-88,2023,0.0,0.004884381894953549,0,drone,1,9.489961992702219e-05,4475,0.004175583276788976,True
GaussianBudget75M_LinearMinTime,Wheeler_2023-CAINF-001307,20230813,4,pyrologix,11,none,2023,0.0,0.0020901570096611977,-1,undetected,1,9.489961992702219e-05,0,0.0,False
GaussianBudget75M_LinearMinTime,Whiskey_2023-CAKNF-007181,20230821,19,pyrologix,12,21-28,2023,0.0,0.009363873046822846,2,drone,1,9.489961992702219e-05,5020,0.0046500813764240876,True
GaussianBudget75M_LinearMinTime,Whit_2023-CASTF-001582,20230815,22,pyrologix,2,105-63,2023,0.0,0.004201635019853711,0,drone,1,9.489961992702219e-05,1215,0.0036061855572268433,True
GaussianBudget75M_LinearMinTime,Whitaker_2023-CALAC-325637,20230923,1,pyrologix,1,none,2023,0.0,0.0021489160135388374,-1,undetected,1,9.489961992702219e-05,0,0.0,False
GaussianBudget75M_LinearMinTime,White_2023-CASKU-006984,20230815,21,pyrologix,2,37-52,2023,0.0,0.007068813079968095,0,drone,1,9.489961992702219e-05,1120,0.004555181756497065,True
GaussianBudget75M_LinearMinTime,Whitlow_2023-CASHF-000977,20230815,11,pyrologix,9,42-41,2023,0.0,0.0037676700158044696,0,drone,1,9.489961992702219e-05,3455,0.004460282136570043,True
GaussianBudget75M_LinearMinTime,Whitney_2023-CAINF-001878,20231016,22,pyrologix,7,none,2023,0.0,0.0020353220170363784,-1,undetected,1,9.489961992702219e-05,0,0.0,False
GaussianBudget75M_LinearMinTime,Whitney_2023-CASHF-000753,20230706,0,pyrologix,10,28-45,2023,0.0,0.0037446600617840886,0,drone,1,9.489961992702219e-05,3750,0.004365382516643021,True
GaussianBudget75M_LinearMinTime,Wilcox_2023-CAPNF-001380,20230919,12,pyrologix,12,67-62,2023,0.0,0.0074850639794021845,1,drone,1,9.489961992702219e-05,4900,0.0046500813764240876,True
GaussianBudget75M_LinearMinTime,Wild_2023-CABDF-010665,20230727,17,pyrologix,11,225-101,2023,0.0,0.01985018397681415,-1,undetected,1,9.489961992702219e-05,5955,0.0046500813764240876,True
GaussianBudget75M_LinearMinTime,Wildcat_2023-CAPNF-000490,20230614,16,pyrologix,2,63-64,2023,0.0,0.007472052006050944,1,drone,1,9.489961992702219e-05,1180,0.0040806836568619545,True
GaussianBudget75M_LinearMinTime,Wildcat_2023-CASHF-001011,20230818,4,pyrologix,7,35-36,2023,0.0,0.005413790000602603,1,drone,1,9.489961992702219e-05,3200,0.004175583276788976,True
GaussianBudget75M_LinearMinTime,Wildcat_2023-CASNF-000555,20230617,23,pyrologix,11,140-71,2023,0.0,0.008533615036867559,0,drone,1,9.489961992702219e-05,4690,0.004555181756497065,True
GaussianBudget75M_LinearMinTime,Wildwood_2023-CASHF-000646,20230622,5,pyrologix,4,47-27,2023,0.0,0.005212734919041395,1,drone,1,9.489961992702219e-05,1955,0.004460282136570043,True
GaussianBudget75M_LinearMinTime,Wilfred_2023-CAINF-001084,20230721,0,pyrologix,8,none,2023,0.0,0.0020364169031381607,-1,undetected,1,9.489961992702219e-05,0,0.0,False
GaussianBudget75M_LinearMinTime,Williams_2023-CAPNF-000848,20230801,15,pyrologix,9,72-57,2023,0.0,0.002754751010797918,0,drone,1,9.489961992702219e-05,3310,0.003985784036934932,True
GaussianBudget75M_LinearMinTime,Willow_2023-CAKNF-004131,20230529,14,pyrologix,4,21-49,2023,0.0,0.007956793997436762,1,drone,1,9.489961992702219e-05,1835,0.003511285937299821,True
GaussianBudget75M_LinearMinTime,Willow_2023-CALNF-004262,20230812,15,pyrologix,5,58-54,2023,0.0,0.003023080062121153,0,drone,1,9.489961992702219e-05,2060,0.004365382516643021,True
GaussianBudget75M_LinearMinTime,Willow_2023-CAMDF-000586,20230819,20,pyrologix,10,48-67,2023,0.0,0.004111523972824216,0,drone,1,9.489961992702219e-05,3850,0.004555181756497065,True
GaussianBudget75M_LinearMinTime,Willow_2023-CAMDF-000932,20230919,20,pyrologix,10,none,2023,0.0,0.0021220040507614613,-1,undetected,1,9.489961992702219e-05,0,0.0,False
GaussianBudget75M_LinearMinTime,Willow_2023-CASQF-002141,20230930,22,pyrologix,4,174-77,2023,0.0,0.01146124501246959,3,drone,1,9.489961992702219e-05,2590,0.0046500813764240876,True
GaussianBudget75M_LinearMinTime,Willow_2023-CASRF-000519,20230612,21,pyrologix,4,35-16,2023,0.0,0.005042074015364051,0,drone,1,9.489961992702219e-05,1670,0.004460282136570043,True
GaussianBudget75M_LinearMinTime,Wimer_2023-CASRF-001057,20230825,13,pyrologix,12,none,2023,0.0,0.002114711911417544,-1,undetected,1,9.489961992702219e-05,0,0.0,False
GaussianBudget75M_LinearMinTime,Woodchopper_2023-CAKNF-004638,20230612,14,pyrologix,12,21-42,2023,0.0,0.005296522984281182,0,drone,1,9.489961992702219e-05,4565,0.004555181756497065,True
GaussianBudget75M_LinearMinTime,Woodchuck_2023-CATNF-001500,20230915,18,pyrologix,4,87-59,2023,0.0,0.01895252102985978,-1,undetected,1,9.489961992702219e-05,1010,0.00303678783766471,True
GaussianBudget75M_LinearMinTime,Wooded_2023-CACNF-000705,20230409,23,pyrologix,1,none,2023,0.0,0.002048055990599096,-1,undetected,1,9.489961992702219e-05,0,0.0,False
GaussianBudget75M_LinearMinTime,Woods_2023-CASHF-000928,20230807,16,pyrologix,2,49-41,2023,0.0,0.03168694407213479,-1,undetected,1,9.489961992702219e-05,2765,0.0040806836568619545,True
GaussianBudget75M_LinearMinTime,Woodtick_2023-CASRF-000531,20230614,21,pyrologix,2,27-19,2023,0.0,0.00665201700758189,0,drone,1,9.489961992702219e-05,1220,0.004270482896715999,True
GaussianBudget75M_LinearMinTime,Work_2023-CAANF-002022,20230705,2,pyrologix,7,none,2023,0.0,0.0020322100026533008,-1,undetected,1,9.489961992702219e-05,0,0.0,False
GaussianBudget75M_LinearMinTime,Yankee_2023-CASQF-000539,20230515,13,pyrologix,7,171-80,2023,0.0,0.005594839109107852,0,drone,1,9.489961992702219e-05,2830,0.004555181756497065,True
GaussianBudget75M_LinearMinTime,Yellow_2023-CASKU-005548,20230706,21,pyrologix,11,28-45,2023,0.0,0.003683620016090572,0,drone,1,9.489961992702219e-05,4050,0.004365382516643021,True
GaussianBudget75M_LinearMinTime,Young_2023-CAMDF-000198,20230530,0,pyrologix,2,none,2023,0.0,0.002035244950093329,-1,undetected,1,9.489961992702219e-05,0,0.0,False
GaussianBudget75M_LinearMinTime,Yreka_2023-CASKU-004527,20230609,22,pyrologix,1,21-42,2023,0.0,0.0038334280252456665,0,drone,1,9.489961992702219e-05,555,0.00303678783766471,True
GaussianBudget75M_LinearMinTime,Zot_2023-CASHF-000494,20230528,19,pyrologix,7,34-50,2023,0.0,0.003694607992656529,0,drone,1,9.489961992702219e-05,2580,0.004555181756497065,True
