strategy_combo,scenario_name,date,sim_start_hour,log_key,offset,cluster,year,routing_compute_seconds,sim_replay_seconds,delta_t,device,fire_size_cells,fire_size_percentage,total_distance_traveled,percentage_map_explored,routed
GaussianBudget50M_LinearMinTime,1-8_Jessen_2024-CALMU-004352,20240723,19,pyrologix,9,53-62,2024,0.0,0.0,0,drone,1,9.489961992702219e-05,3375,0.004175583276788976,True
GaussianBudget50M_LinearMinTime,4-1_2024-CATCU-006043,20240515,23,pyrologix,7,109-64,2024,0.0,0.0,0,drone,1,9.489961992702219e-05,2775,0.0040806836568619545,True
GaussianBudget50M_LinearMinTime,5-1_2024-CAMMU-016051,20240714,12,pyrologix,6,132-67,2024,0.0,0.0,-1,undetected,1,9.489961992702219e-05,4730,0.0040806836568619545,True
GaussianBudget50M_LinearMinTime,5-2_2024-CAMMU-016053,20240714,9,pyrologix,12,139-70,2024,0.0,0.0,-1,undetected,1,9.489961992702219e-05,5145,0.0046500813764240876,True
GaussianBudget50M_LinearMinTime,5-2_2024-CASHU-009215,20240818,19,pyrologix,10,46-35,2024,0.0,0.0,0,drone,1,9.489961992702219e-05,3650,0.004175583276788976,True
GaussianBudget50M_LinearMinTime,5-4_2024-CAMMU-016086,20240714,19,pyrologix,3,139-70,2024,0.0,0.0,0,drone,1,9.489961992702219e-05,1360,0.004175583276788976,True
GaussianBudget50M_LinearMinTime,Ackerson_2024-CASTF-001399,20240716,23,pyrologix,3,118-64,2024,0.0,0.0,0,drone,1,9.489961992702219e-05,1310,0.004175583276788976,True
GaussianBudget50M_LinearMinTime,Acorn_2024-CACNF-002683,20241124,20,pyrologix,8,none,2024,0.0,0.0,-1,undetected,1,9.489961992702219e-05,0,0.0,False
GaussianBudget50M_LinearMinTime,Acorn_2024-CASQF-001270,20240714,19,pyrologix,7,none,2024,0.0,0.0,-1,undetected,1,9.489961992702219e-05,0,0.0,False
GaussianBudget50M_LinearMinTime,Airport_2024-CAKNF-009324,20241110,16,pyrologix,5,16-26,2024,0.0,0.0,0,drone,1,9.489961992702219e-05,2415,0.004555181756497065,True
GaussianBudget50M_LinearMinTime,Alder_2024-CAANF-244447,20241205,5,pyrologix,8,none,2024,0.0,0.0,-1,undetected,1,9.489961992702219e-05,0,0.0,False
GaussianBudget50M_LinearMinTime,Alder_2024-CASHF-000370,20240606,20,pyrologix,7,39-32,2024,0.0,0.0,0,drone,1,9.489961992702219e-05,2660,0.004460282136570043,True
GaussianBudget50M_LinearMinTime,Aliso_2024-CALPF-002588,20241010,2,pyrologix,3,none,2024,0.0,0.0,-1,undetected,1,9.489961992702219e-05,0,0.0,False
GaussianBudget50M_LinearMinTime,Alpine_2024-CASTF-002246,20240924,13,pyrologix,8,109-64,2024,0.0,0.0,0,drone,1,9.489961992702219e-05,3150,0.0040806836568619545,True
GaussianBudget50M_LinearMinTime,Alpine_2024-CATNF-000884,20240714,23,pyrologix,7,none,2024,0.0,0.0,-1,undetected,1,9.489961992702219e-05,0,0.0,False
GaussianBudget50M_LinearMinTime,Alray_2024-CABDF-015057,20241027,21,pyrologix,8,206-87,2024,0.0,0.0,-1,undetected,1,9.489961992702219e-05,1525,0.004270482896715999,True
GaussianBudget50M_LinearMinTime,Antelope_2024-CAPNF-000395,20240612,3,pyrologix,3,70-64,2024,0.0,0.0,0,drone,1,9.489961992702219e-05,1525,0.004270482896715999,True
GaussianBudget50M_LinearMinTime,Apache_2024-CALPF-001757,20240724,1,pyrologix,1,none,2024,0.0,0.0,-1,undetected,1,9.489961992702219e-05,0,0.0,False
GaussianBudget50M_LinearMinTime,Applegate_2024-CAMDF-000802,20240829,19,pyrologix,6,none,2024,0.0,0.0,-1,undetected,1,9.489961992702219e-05,0,0.0,False
GaussianBudget50M_LinearMinTime,Archer_2024-CAANF-243524,20240927,6,pyrologix,6,none,2024,0.0,0.0,-1,undetected,1,9.489961992702219e-05,0,0.0,False
GaussianBudget50M_LinearMinTime,Argentine_2024-CAPNF-000269,20240515,17,pyrologix,4,70-57,2024,0.0,0.0,0,drone,1,9.489961992702219e-05,1650,0.0036061855572268433,True
GaussianBudget50M_LinearMinTime,Arnot_2024-CASTF-001473,20240721,16,pyrologix,2,none,2024,0.0,0.0,-1,undetected,1,9.489961992702219e-05,0,0.0,False
GaussianBudget50M_LinearMinTime,Ash_2024-CAMDF-000501,20240724,17,pyrologix,7,47-67,2024,0.0,0.0,0,drone,1,9.489961992702219e-05,2770,0.0046500813764240876,True
GaussianBudget50M_LinearMinTime,Ashpan_2024-CALNF-003573,20240627,19,pyrologix,3,51-53,2024,0.0,0.0,0,drone,1,9.489961992702219e-05,1630,0.00389088441700791,True
GaussianBudget50M_LinearMinTime,Aspen_2024-CAINF-000889,20240625,10,pyrologix,9,none,2024,0.0,0.0,-1,undetected,1,9.489961992702219e-05,0,0.0,False
GaussianBudget50M_LinearMinTime,Azalea_2024-CASRF-000964,20241005,13,pyrologix,4,none,2024,0.0,0.0,-1,undetected,1,9.489961992702219e-05,0,0.0,False
GaussianBudget50M_LinearMinTime,Babbit_2024-CATNF-001465,20241007,18,pyrologix,6,84-67,2024,0.0,0.0,0,drone,1,9.489961992702219e-05,2385,0.004270482896715999,True
GaussianBudget50M_LinearMinTime,Babcock_2024-CAPNF-000739,20240714,21,pyrologix,11,70-64,2024,0.0,0.0,-1,undetected,1,9.489961992702219e-05,6835,0.004460282136570043,True
GaussianBudget50M_LinearMinTime,Back_Bone_2024-CANEU-015937,20240607,21,pyrologix,6,83-56,2024,0.0,0.0,0,drone,1,9.489961992702219e-05,2395,0.004270482896715999,True
GaussianBudget50M_LinearMinTime,Badger_2024-CASNF-000935,20240714,22,pyrologix,8,none,2024,0.0,0.0,-1,undetected,1,9.489961992702219e-05,0,0.0,False
GaussianBudget50M_LinearMinTime,Bailey_2024-CABDF-005862,20240414,1,pyrologix,6,none,2024,0.0,0.0,-1,undetected,1,9.489961992702219e-05,0,0.0,False
GaussianBudget50M_LinearMinTime,Bailey_2024-CASRF-000702,20240803,20,pyrologix,4,53-19,2024,0.0,0.0,0,drone,1,9.489961992702219e-05,1860,0.004460282136570043,True
GaussianBudget50M_LinearMinTime,Baldwin_2024-CABDF-006762,20240506,16,pyrologix,2,none,2024,0.0,0.0,-1,undetected,1,9.489961992702219e-05,0,0.0,False
GaussianBudget50M_LinearMinTime,Baldy_2024-CAANF-242409,20240715,4,pyrologix,1,206-87,2024,0.0,0.0,1,drone,1,9.489961992702219e-05,995,0.0036061855572268433,True
GaussianBudget50M_LinearMinTime,Baldy_2024-CAMNF-000884,20240730,0,pyrologix,2,60-26,2024,0.0,0.0,0,drone,1,9.489961992702219e-05,845,0.004175583276788976,True
GaussianBudget50M_LinearMinTime,Banner_2024-CATNF-001676,20241207,17,pyrologix,12,83-56,2024,0.0,0.0,0,drone,1,9.489961992702219e-05,4440,0.004365382516643021,True
GaussianBudget50M_LinearMinTime,Barbosa_2024-CAANF-242899,20240810,4,pyrologix,12,none,2024,0.0,0.0,-1,undetected,1,9.489961992702219e-05,0,0.0,False
GaussianBudget50M_LinearMinTime,Barlow_2024-CASQF-001046,20240627,0,pyrologix,2,172-80,2024,0.0,0.0,0,drone,1,9.489961992702219e-05,1040,0.004270482896715999,True
GaussianBudget50M_LinearMinTime,Barrett_2024-CACNF-000708,20240518,15,pyrologix,11,none,2024,0.0,0.0,-1,undetected,1,9.489961992702219e-05,0,0.0,False
GaussianBudget50M_LinearMinTime,Base_2024-CABDF-012513,20240906,0,pyrologix,1,none,2024,0.0,0.0,-1,undetected,1,9.489961992702219e-05,0,0.0,False
GaussianBudget50M_LinearMinTime,Basin_2024-CASHF-000799,20240826,18,pyrologix,12,46-21,2024,0.0,0.0,0,drone,1,9.489961992702219e-05,5045,0.004555181756497065,True
GaussianBudget50M_LinearMinTime,Basin_2024-CASNF-000731,20240626,13,pyrologix,9,146-71,2024,0.0,0.0,0,drone,1,9.489961992702219e-05,3380,0.004365382516643021,True
GaussianBudget50M_LinearMinTime,Bass_2024-CAMMU-023926,20241012,19,pyrologix,9,132-67,2024,0.0,0.0,-1,undetected,1,9.489961992702219e-05,5955,0.0040806836568619545,True
GaussianBudget50M_LinearMinTime,Bassetts_2024-CATNF-001538,20241025,21,pyrologix,3,77-62,2024,0.0,0.0,3,drone,1,9.489961992702219e-05,2350,0.004460282136570043,True
GaussianBudget50M_LinearMinTime,Bautista_2024-CABDF-011458,20240813,15,pyrologix,7,225-101,2024,0.0,0.0,0,drone,1,9.489961992702219e-05,2780,0.004555181756497065,True
GaussianBudget50M_LinearMinTime,Bawdy_2024-CASNF-001693,20241008,17,pyrologix,6,139-70,2024,0.0,0.0,0,drone,1,9.489961992702219e-05,2260,0.004555181756497065,True
GaussianBudget50M_LinearMinTime,Beach_2024-CASQF-001885,20241006,15,pyrologix,11,172-74,2024,0.0,0.0,-1,undetected,1,9.489961992702219e-05,845,0.003795984797080888,True
GaussianBudget50M_LinearMinTime,Beal_2024-CAFKU-012210,20240614,19,pyrologix,12,139-70,2024,0.0,0.0,0,drone,1,9.489961992702219e-05,4615,0.0046500813764240876,True
GaussianBudget50M_LinearMinTime,Bear_2024-CAANF-243255,20240904,4,pyrologix,1,206-87,2024,0.0,0.0,2,drone,1,9.489961992702219e-05,1245,0.004175583276788976,True
GaussianBudget50M_LinearMinTime,Bear_2024-CAMDF-000407,20240716,19,pyrologix,9,none,2024,0.0,0.0,-1,undetected,1,9.489961992702219e-05,0,0.0,False
GaussianBudget50M_LinearMinTime,Bear_2024-CASKU-008015,20240926,8,pyrologix,7,37-52,2024,0.0,0.0,0,drone,1,9.489961992702219e-05,2910,0.0046500813764240876,True
GaussianBudget50M_LinearMinTime,Bear_2024-CASRF-000951,20241002,19,pyrologix,5,46-21,2024,0.0,0.0,-1,undetected,1,9.489961992702219e-05,4605,0.004555181756497065,True
GaussianBudget50M_LinearMinTime,Bear_2024-CATNF-001251,20240902,16,pyrologix,10,77-69,2024,0.0,0.0,1,drone,1,9.489961992702219e-05,4420,0.004365382516643021,True
GaussianBudget50M_LinearMinTime,Bear_2_2024-CAENF-031901,20241110,13,pyrologix,12,97-54,2024,0.0,0.0,1,drone,1,9.489961992702219e-05,4810,0.0046500813764240876,True
GaussianBudget50M_LinearMinTime,Bear_Dam_2024-CABDF-015192,20241028,23,pyrologix,12,none,2024,0.0,0.0,-1,undetected,1,9.489961992702219e-05,0,0.0,False
GaussianBudget50M_LinearMinTime,Bear_Lake_2024-CASTF-001903,20240823,14,pyrologix,4,none,2024,0.0,0.0,-1,undetected,1,9.489961992702219e-05,0,0.0,False
GaussianBudget50M_LinearMinTime,Beardsley_2024-CASTF-002557,20241102,22,pyrologix,3,109-64,2024,0.0,0.0,0,drone,1,9.489961992702219e-05,1370,0.0040806836568619545,True
GaussianBudget50M_LinearMinTime,Bee_2024-CAKNF-005736,20240716,19,pyrologix,7,20-40,2024,0.0,0.0,3,drone,1,9.489961992702219e-05,3595,0.004460282136570043,True
GaussianBudget50M_LinearMinTime,Bell_2024-CASTF-001979,20240830,21,pyrologix,2,none,2024,0.0,0.0,-1,undetected,1,9.489961992702219e-05,0,0.0,False
GaussianBudget50M_LinearMinTime,Bench_2024-CACNF-002603,20241110,11,pyrologix,11,none,2024,0.0,0.0,-1,undetected,1,9.489961992702219e-05,0,0.0,False
GaussianBudget50M_LinearMinTime,Berry_2024-CASRF-001009,20241017,14,pyrologix,9,46-21,2024,0.0,0.0,-1,undetected,1,9.489961992702219e-05,6205,0.004555181756497065,True
GaussianBudget50M_LinearMinTime,Big_2024-CAANF-243530,20240927,19,pyrologix,1,none,2024,0.0,0.0,-1,undetected,1,9.489961992702219e-05,0,0.0,False
GaussianBudget50M_LinearMinTime,Big_2024-CASQF-000665,20240526,16,pyrologix,9,none,2024,0.0,0.0,-1,undetected,1,9.489961992702219e-05,0,0.0,False
GaussianBudget50M_LinearMinTime,Billy_2024-CASNF-001544,20240915,18,pyrologix,1,139-70,2024,0.0,0.0,3,drone,1,9.489961992702219e-05,1750,0.004365382516643021,True
GaussianBudget50M_LinearMinTime,Bingham_2024-CAKNF-006782,20240817,22,pyrologix,4,32-33,2024,0.0,0.0,0,drone,1,9.489961992702219e-05,1580,0.0040806836568619545,True
GaussianBudget50M_LinearMinTime,Bitter_2024-CAANF-244511,20241211,10,pyrologix,10,none,2024,0.0,0.0,-1,undetected,1,9.489961992702219e-05,0,0.0,False
GaussianBudget50M_LinearMinTime,Bizz_2024-CALMU-003272,20240615,11,pyrologix,6,60-61,2024,0.0,0.0,0,drone,1,9.489961992702219e-05,2370,0.004460282136570043,True
GaussianBudget50M_LinearMinTime,Black_2024-CAENF-020571,20240721,23,pyrologix,1,90-60,2024,0.0,0.0,0,drone,1,9.489961992702219e-05,600,0.002941888217737688,True
GaussianBudget50M_LinearMinTime,Black_2024-CAPNF-000439,20240619,20,pyrologix,4,76-55,2024,0.0,0.0,-1,undetected,1,9.489961992702219e-05,3695,0.0040806836568619545,True
GaussianBudget50M_LinearMinTime,Blackhawk_2024-CAPNF-000215,20240429,15,pyrologix,6,70-57,2024,0.0,0.0,0,drone,1,9.489961992702219e-05,2650,0.0036061855572268433,True
GaussianBudget50M_LinearMinTime,Blue_2024-CAANF-242070,20240702,17,pyrologix,4,206-87,2024,0.0,0.0,-1,undetected,1,9.489961992702219e-05,1525,0.004270482896715999,True
GaussianBudget50M_LinearMinTime,Blue_2024-CABDF-010473,20240721,21,pyrologix,1,none,2024,0.0,0.0,-1,undetected,1,9.489961992702219e-05,0,0.0,False
GaussianBudget50M_LinearMinTime,Blue_2024-CAKNF-005703,20240716,0,pyrologix,2,18-33,2024,0.0,0.0,1,drone,1,9.489961992702219e-05,1405,0.004175583276788976,True
GaussianBudget50M_LinearMinTime,Blue_2024-CANEU-024723,20240819,5,pyrologix,10,83-56,2024,0.0,0.0,0,drone,1,9.489961992702219e-05,3885,0.004365382516643021,True
GaussianBudget50M_LinearMinTime,Blue_2024-CASTF-001688,20240803,15,pyrologix,11,none,2024,0.0,0.0,-1,undetected,1,9.489961992702219e-05,0,0.0,False
GaussianBudget50M_LinearMinTime,Blue_2024-CATNF-000587,20240615,15,pyrologix,2,83-56,2024,0.0,0.0,-1,undetected,1,9.489961992702219e-05,2870,0.004270482896715999,True
GaussianBudget50M_LinearMinTime,Blue_2024-CATNF-001491,20241013,17,pyrologix,4,83-56,2024,0.0,0.0,-1,undetected,1,9.489961992702219e-05,3570,0.004365382516643021,True
GaussianBudget50M_LinearMinTime,Bluff_2024-CABDF-012418,20240903,22,pyrologix,8,none,2024,0.0,0.0,-1,undetected,1,9.489961992702219e-05,0,0.0,False
GaussianBudget50M_LinearMinTime,Bluff_2024-CASNF-000709,20240625,20,pyrologix,11,146-71,2024,0.0,0.0,2,drone,1,9.489961992702219e-05,5115,0.004365382516643021,True
GaussianBudget50M_LinearMinTime,Board_2024-CAMNF-001150,20240905,22,pyrologix,11,67-23,2024,0.0,0.0,1,drone,1,9.489961992702219e-05,4680,0.0046500813764240876,True
GaussianBudget50M_LinearMinTime,Bobcat_2024-CABDF-012662,20240909,13,pyrologix,4,none,2024,0.0,0.0,-1,undetected,1,9.489961992702219e-05,0,0.0,False
GaussianBudget50M_LinearMinTime,Boca_2024-CATNF-000758,20240702,0,pyrologix,2,84-67,2024,0.0,0.0,0,drone,1,9.489961992702219e-05,840,0.004270482896715999,True
GaussianBudget50M_LinearMinTime,Boise_2024-CASRF-000729,20240809,14,pyrologix,4,32-26,2024,0.0,0.0,4,drone,1,9.489961992702219e-05,3230,0.004555181756497065,True
GaussianBudget50M_LinearMinTime,Bolam_2024-CASHF-000046,20240120,14,pyrologix,10,28-47,2024,0.0,0.0,-1,undetected,1,9.489961992702219e-05,1485,0.004270482896715999,True
GaussianBudget50M_LinearMinTime,Borel_2024-CASQF-001362,20240724,17,pyrologix,6,none,2024,0.0,0.0,-1,undetected,1,9.489961992702219e-05,0,0.0,False
GaussianBudget50M_LinearMinTime,Boulder_2024-CASQF-001251,20240713,20,pyrologix,5,none,2024,0.0,0.0,-1,undetected,1,9.489961992702219e-05,0,0.0,False
GaussianBudget50M_LinearMinTime,Bouquet_2024-CAANF-242717,20240730,11,pyrologix,6,none,2024,0.0,0.0,-1,undetected,1,9.489961992702219e-05,0,0.0,False
GaussianBudget50M_LinearMinTime,Bradley_2024-CASHF-000897,20240915,20,pyrologix,7,34-40,2024,0.0,0.0,1,drone,1,9.489961992702219e-05,3050,0.004555181756497065,True
GaussianBudget50M_LinearMinTime,Bragdon_2024-CASHF-000759,20240818,22,pyrologix,7,39-32,2024,0.0,0.0,0,drone,1,9.489961992702219e-05,2760,0.004460282136570043,True
GaussianBudget50M_LinearMinTime,Bremer_2024-CASRF-000319,20240606,19,pyrologix,7,39-18,2024,0.0,0.0,-1,undetected,1,9.489961992702219e-05,5100,0.004460282136570043,True
GaussianBudget50M_LinearMinTime,Brewer_2024-CASNF-000936,20240714,1,pyrologix,4,none,2024,0.0,0.0,-1,undetected,1,9.489961992702219e-05,0,0.0,False
GaussianBudget50M_LinearMinTime,Bridge_2024-CAANF-243334,20240908,18,pyrologix,7,206-87,2024,0.0,0.0,-1,undetected,1,9.489961992702219e-05,1525,0.004270482896715999,True
GaussianBudget50M_LinearMinTime,Bridge_2024-CAKNF-002497,20240408,21,pyrologix,5,20-40,2024,0.0,0.0,1,drone,1,9.489961992702219e-05,2245,0.004365382516643021,True
GaussianBudget50M_LinearMinTime,Brimstone_2024-CATNF-000879,20240713,19,pyrologix,4,90-54,2024,0.0,0.0,0,drone,1,9.489961992702219e-05,1665,0.0034163863173727986,True
GaussianBudget50M_LinearMinTime,Brook_2024-CABDF-008848,20240616,19,pyrologix,5,206-87,2024,0.0,0.0,-1,undetected,1,9.489961992702219e-05,1525,0.004270482896715999,True
GaussianBudget50M_LinearMinTime,Brooks_2024-CATNF-000530,20240606,23,pyrologix,6,77-69,2024,0.0,0.0,0,drone,1,9.489961992702219e-05,2365,0.004270482896715999,True
GaussianBudget50M_LinearMinTime,Browns_2024-CABTU-017716,20240919,16,pyrologix,6,63-49,2024,0.0,0.0,0,drone,1,9.489961992702219e-05,2690,0.004460282136570043,True
GaussianBudget50M_LinearMinTime,Browns_2024-CALNF-005269,20240902,14,pyrologix,7,63-49,2024,0.0,0.0,1,drone,1,9.489961992702219e-05,3300,0.0046500813764240876,True
GaussianBudget50M_LinearMinTime,Brubaker_2024-CALPF-002880,20241111,23,pyrologix,7,none,2024,0.0,0.0,-1,undetected,1,9.489961992702219e-05,0,0.0,False
GaussianBudget50M_LinearMinTime,Buck_2024-CAANF-244182,20241111,21,pyrologix,4,none,2024,0.0,0.0,-1,undetected,1,9.489961992702219e-05,0,0.0,False
GaussianBudget50M_LinearMinTime,Bucks_2024-CAPNF-000224,20240501,19,pyrologix,5,70-57,2024,0.0,0.0,0,drone,1,9.489961992702219e-05,2390,0.0036061855572268433,True
GaussianBudget50M_LinearMinTime,Buena_2024-CAANF-242408,20240715,0,pyrologix,7,none,2024,0.0,0.0,-1,undetected,1,9.489961992702219e-05,0,0.0,False
GaussianBudget50M_LinearMinTime,Bug_2024-CAANF-242377,20240714,4,pyrologix,12,none,2024,0.0,0.0,-1,undetected,1,9.489961992702219e-05,0,0.0,False
GaussianBudget50M_LinearMinTime,Bull_2024-CASTF-001058,20240625,22,pyrologix,9,118-64,2024,0.0,0.0,1,drone,1,9.489961992702219e-05,3780,0.004555181756497065,True
GaussianBudget50M_LinearMinTime,Bull_2024-CATNF-000923,20240718,14,pyrologix,2,84-67,2024,0.0,0.0,0,drone,1,9.489961992702219e-05,840,0.004270482896715999,True
GaussianBudget50M_LinearMinTime,Bunker_2024-CAENF-031192,20241103,12,pyrologix,7,90-60,2024,0.0,0.0,0,drone,1,9.489961992702219e-05,2980,0.004460282136570043,True
GaussianBudget50M_LinearMinTime,Burro_2024-CAANF-241787,20240616,17,pyrologix,8,none,2024,0.0,0.0,-1,undetected,1,9.489961992702219e-05,0,0.0,False
GaussianBudget50M_LinearMinTime,Butte_2024-CAKNF-008406,20241009,18,pyrologix,4,28-47,2024,0.0,0.0,-1,undetected,1,9.489961992702219e-05,1485,0.004270482896715999,True
GaussianBudget50M_LinearMinTime,Buttermilks_2024-CAINF-001887,20241010,18,pyrologix,3,none,2024,0.0,0.0,-1,undetected,1,9.489961992702219e-05,0,0.0,False
GaussianBudget50M_LinearMinTime,Buzzard_2024-CATNF-001488,20241012,16,pyrologix,12,none,2024,0.0,0.0,-1,undetected,1,9.489961992702219e-05,0,0.0,False
GaussianBudget50M_LinearMinTime,Cable_2024-CALPF-001257,20240614,16,pyrologix,11,none,2024,0.0,0.0,-1,undetected,1,9.489961992702219e-05,0,0.0,False
GaussianBudget50M_LinearMinTime,Cachuma_2024-CALPF-002151,20240826,18,pyrologix,9,none,2024,0.0,0.0,-1,undetected,1,9.489961992702219e-05,0,0.0,False
GaussianBudget50M_LinearMinTime,Cactus_2024-CABDF-013456,20240927,17,pyrologix,8,none,2024,0.0,0.0,-1,undetected,1,9.489961992702219e-05,0,0.0,False
GaussianBudget50M_LinearMinTime,Campfire_2024-CASQF-000561,20240514,22,pyrologix,12,172-74,2024,0.0,0.0,-1,undetected,1,9.489961992702219e-05,845,0.003795984797080888,True
GaussianBudget50M_LinearMinTime,Campground_2024-CAINF-001022,20240706,14,pyrologix,2,none,2024,0.0,0.0,-1,undetected,1,9.489961992702219e-05,0,0.0,False
GaussianBudget50M_LinearMinTime,Canal_2024-CABDF-016192,20241109,14,pyrologix,5,none,2024,0.0,0.0,-1,undetected,1,9.489961992702219e-05,0,0.0,False
GaussianBudget50M_LinearMinTime,Canyon_2024-CAANF-243072,20240822,20,pyrologix,8,none,2024,0.0,0.0,-1,undetected,1,9.489961992702219e-05,0,0.0,False
GaussianBudget50M_LinearMinTime,Canyon_2024-CACNF-000183,20240207,4,pyrologix,12,none,2024,0.0,0.0,-1,undetected,1,9.489961992702219e-05,0,0.0,False
GaussianBudget50M_LinearMinTime,Canyon_2024-CAKNF-006803,20240818,11,pyrologix,7,25-33,2024,0.0,0.0,0,drone,1,9.489961992702219e-05,650,0.002941888217737688,True
GaussianBudget50M_LinearMinTime,Canyon_2024-CALPF-001838,20240801,9,pyrologix,11,none,2024,0.0,0.0,-1,undetected,1,9.489961992702219e-05,0,0.0,False
GaussianBudget50M_LinearMinTime,Canyon_2024-CASHF-000754,20240817,20,pyrologix,5,39-25,2024,0.0,0.0,1,drone,1,9.489961992702219e-05,2465,0.00389088441700791,True
GaussianBudget50M_LinearMinTime,Canyon_2024-CASTF-001749,20240809,5,pyrologix,6,118-57,2024,0.0,0.0,0,drone,1,9.489961992702219e-05,2290,0.004555181756497065,True
GaussianBudget50M_LinearMinTime,Canyon_2024-CATMU-024403,20240827,17,pyrologix,4,none,2024,0.0,0.0,-1,undetected,1,9.489961992702219e-05,0,0.0,False
GaussianBudget50M_LinearMinTime,Capitan_2024-CACNF-001149,20240628,15,pyrologix,8,none,2024,0.0,0.0,-1,undetected,1,9.489961992702219e-05,0,0.0,False
GaussianBudget50M_LinearMinTime,Capps_2024-CAENF-021415,20240729,2,pyrologix,10,97-61,2024,0.0,0.0,3,drone,1,9.489961992702219e-05,4575,0.0046500813764240876,True
GaussianBudget50M_LinearMinTime,Carmen_2024-CAPNF-000932,20240805,18,pyrologix,2,77-62,2024,0.0,0.0,0,drone,1,9.489961992702219e-05,865,0.003985784036934932,True
GaussianBudget50M_LinearMinTime,Carmen_2024-CATNF-001052,20240804,16,pyrologix,2,77-62,2024,0.0,0.0,0,drone,1,9.489961992702219e-05,1070,0.004175583276788976,True
GaussianBudget50M_LinearMinTime,Cassel_2024-CASHU-011470,20241008,20,pyrologix,2,44-53,2024,0.0,0.0,0,drone,1,9.489961992702219e-05,800,0.003985784036934932,True
GaussianBudget50M_LinearMinTime,Castle_2024-CASNF-000932,20240714,22,pyrologix,6,none,2024,0.0,0.0,-1,undetected,1,9.489961992702219e-05,0,0.0,False
GaussianBudget50M_LinearMinTime,Cattle_2024-CAANF-242372,20240714,0,pyrologix,11,206-87,2024,0.0,0.0,-1,undetected,1,9.489961992702219e-05,1525,0.004270482896715999,True
GaussianBudget50M_LinearMinTime,Cave_2024-CALPF-002253,20240904,23,pyrologix,1,none,2024,0.0,0.0,-1,undetected,1,9.489961992702219e-05,0,0.0,False
GaussianBudget50M_LinearMinTime,Caves_2024-CAINF-000643,20240526,12,pyrologix,11,none,2024,0.0,0.0,-1,undetected,1,9.489961992702219e-05,0,0.0,False
GaussianBudget50M_LinearMinTime,Cayuse_2024-CAKNF-002498,20240409,21,pyrologix,8,20-40,2024,0.0,0.0,0,drone,1,9.489961992702219e-05,2835,0.004460282136570043,True
GaussianBudget50M_LinearMinTime,Cedar_2024-CABDF-006927,20240510,13,pyrologix,5,225-101,2024,0.0,0.0,2,drone,1,9.489961992702219e-05,2580,0.004555181756497065,True
GaussianBudget50M_LinearMinTime,Cedar_2024-CASRF-000606,20240717,19,pyrologix,9,39-18,2024,0.0,0.0,0,drone,1,9.489961992702219e-05,3590,0.004460282136570043,True
GaussianBudget50M_LinearMinTime,Cemetery_2024-CAINF-001307,20240730,20,pyrologix,1,none,2024,0.0,0.0,-1,undetected,1,9.489961992702219e-05,0,0.0,False
GaussianBudget50M_LinearMinTime,Center_2024-CAANF-241387,20240521,20,pyrologix,1,none,2024,0.0,0.0,-1,undetected,1,9.489961992702219e-05,0,0.0,False
GaussianBudget50M_LinearMinTime,Chandler_2024-CAPNF-000653,20240706,4,pyrologix,11,70-57,2024,0.0,0.0,0,drone,1,9.489961992702219e-05,4450,0.0036061855572268433,True
GaussianBudget50M_LinearMinTime,Cherry_2024-CAANF-241157,20240501,23,pyrologix,4,none,2024,0.0,0.0,-1,undetected,1,9.489961992702219e-05,0,0.0,False
GaussianBudget50M_LinearMinTime,Cherry_2024-CASTF-001057,20240625,18,pyrologix,12,118-64,2024,0.0,0.0,0,drone,1,9.489961992702219e-05,4395,0.004555181756497065,True
GaussianBudget50M_LinearMinTime,Chilao_2024-CAANF-244171,20241111,19,pyrologix,10,none,2024,0.0,0.0,-1,undetected,1,9.489961992702219e-05,0,0.0,False
GaussianBudget50M_LinearMinTime,Chip_2024-CAKNF-000790,20240130,17,pyrologix,3,20-40,2024,0.0,0.0,0,drone,1,9.489961992702219e-05,1305,0.003985784036934932,True
GaussianBudget50M_LinearMinTime,Chipmunk_2024-CAKNF-006947,20240822,16,pyrologix,4,25-33,2024,0.0,0.0,-1,undetected,1,9.489961992702219e-05,650,0.002941888217737688,True
GaussianBudget50M_LinearMinTime,Cinder_2024-CASHF-000109,20240227,14,pyrologix,12,28-47,2024,0.0,0.0,-1,undetected,1,9.489961992702219e-05,1485,0.004270482896715999,True
GaussianBudget50M_LinearMinTime,Circle_2024-CABDF-011098,20240805,4,pyrologix,9,206-87,2024,0.0,0.0,-1,undetected,1,9.489961992702219e-05,1525,0.004270482896715999,True
GaussianBudget50M_LinearMinTime,Cisco_2024-CATNF-000949,20240721,20,pyrologix,5,none,2024,0.0,0.0,-1,undetected,1,9.489961992702219e-05,0,0.0,False
GaussianBudget50M_LinearMinTime,City_2024-CABDF-008910,20240618,15,pyrologix,3,none,2024,0.0,0.0,-1,undetected,1,9.489961992702219e-05,0,0.0,False
GaussianBudget50M_LinearMinTime,Clavey_2024-CASTF-001059,20240625,2,pyrologix,1,118-64,2024,0.0,0.0,0,drone,1,9.489961992702219e-05,600,0.003795984797080888,True
GaussianBudget50M_LinearMinTime,Claw_2024-CASNF-001572,20240920,13,pyrologix,9,none,2024,0.0,0.0,-1,undetected,1,9.489961992702219e-05,0,0.0,False
GaussianBudget50M_LinearMinTime,Clear_2024-CAMDF-000244,20240626,18,pyrologix,7,none,2024,0.0,0.0,-1,undetected,1,9.489961992702219e-05,0,0.0,False
GaussianBudget50M_LinearMinTime,Clear_2024-CATNF-001267,20240906,20,pyrologix,2,83-56,2024,0.0,0.0,-1,undetected,1,9.489961992702219e-05,2870,0.004270482896715999,True
GaussianBudget50M_LinearMinTime,Clearwater_2024-CAANF-242776,20240803,21,pyrologix,9,none,2024,0.0,0.0,-1,undetected,1,9.489961992702219e-05,0,0.0,False
GaussianBudget50M_LinearMinTime,Cleghorn_2024-CABDF-010652,20240726,3,pyrologix,5,206-87,2024,0.0,0.0,-1,undetected,1,9.489961992702219e-05,1525,0.004270482896715999,True
GaussianBudget50M_LinearMinTime,Cliff_2024-CASNF-000512,20240602,14,pyrologix,12,none,2024,0.0,0.0,-1,undetected,1,9.489961992702219e-05,0,0.0,False
GaussianBudget50M_LinearMinTime,Cloud_2024-CAMDF-000692,20240817,18,pyrologix,8,none,2024,0.0,0.0,-1,undetected,1,9.489961992702219e-05,0,0.0,False
GaussianBudget50M_LinearMinTime,Club_2024-CASRF-000156,20240412,16,pyrologix,11,39-18,2024,0.0,0.0,-1,undetected,1,9.489961992702219e-05,6660,0.004460282136570043,True
GaussianBudget50M_LinearMinTime,Coarse_2024-CAANF-244555,20241215,1,pyrologix,7,none,2024,0.0,0.0,-1,undetected,1,9.489961992702219e-05,0,0.0,False
GaussianBudget50M_LinearMinTime,Coast_2024-CALPF-001296,20240617,19,pyrologix,4,none,2024,0.0,0.0,-1,undetected,1,9.489961992702219e-05,0,0.0,False
GaussianBudget50M_LinearMinTime,Coble_Spring_2024-CALNF-002129,20240424,21,pyrologix,9,44-53,2024,0.0,0.0,2,drone,1,9.489961992702219e-05,4210,0.0046500813764240876,True
GaussianBudget50M_LinearMinTime,Coffee_2024-CASRF-001103,20241209,16,pyrologix,8,32-19,2024,0.0,0.0,1,drone,1,9.489961992702219e-05,3840,0.0046500813764240876,True
GaussianBudget50M_LinearMinTime,Cold_2024-CAANF-244599,20241219,4,pyrologix,8,none,2024,0.0,0.0,-1,undetected,1,9.489961992702219e-05,0,0.0,False
GaussianBudget50M_LinearMinTime,Cold_2024-CASQF-001253,20240713,22,pyrologix,1,none,2024,0.0,0.0,-1,undetected,1,9.489961992702219e-05,0,0.0,False
GaussianBudget50M_LinearMinTime,Cole_2024-CAENF-027933,20240930,15,pyrologix,5,104-58,2024,0.0,0.0,1,drone,1,9.489961992702219e-05,2295,0.004555181756497065,True
GaussianBudget50M_LinearMinTime,College_2024-CAINF-001563,20240827,14,pyrologix,3,none,2024,0.0,0.0,-1,undetected,1,9.489961992702219e-05,0,0.0,False
GaussianBudget50M_LinearMinTime,Coloma_2024-CATNF-001057,20240804,18,pyrologix,10,76-55,2024,0.0,0.0,0,drone,1,9.489961992702219e-05,3985,0.0040806836568619545,True
GaussianBudget50M_LinearMinTime,Con_2024-CAFKU-019749,20240910,15,pyrologix,9,146-71,2024,0.0,0.0,0,drone,1,9.489961992702219e-05,3455,0.004365382516643021,True
GaussianBudget50M_LinearMinTime,Cone_2024-CAINF-001223,20240722,22,pyrologix,9,none,2024,0.0,0.0,-1,undetected,1,9.489961992702219e-05,0,0.0,False
GaussianBudget50M_LinearMinTime,Connection_2024-CAINF-001054,20240708,20,pyrologix,8,none,2024,0.0,0.0,-1,undetected,1,9.489961992702219e-05,0,0.0,False
GaussianBudget50M_LinearMinTime,Conrad_2024-CASHF-000596,20240718,7,pyrologix,8,39-25,2024,0.0,0.0,-1,undetected,1,9.489961992702219e-05,5685,0.004365382516643021,True
GaussianBudget50M_LinearMinTime,Copper_2024-CAANF-242334,20240713,23,pyrologix,9,none,2024,0.0,0.0,-1,undetected,1,9.489961992702219e-05,0,0.0,False
GaussianBudget50M_LinearMinTime,Copper_2024-CAKNF-007887,20240921,20,pyrologix,6,18-33,2024,0.0,0.0,0,drone,1,9.489961992702219e-05,2595,0.004270482896715999,True
GaussianBudget50M_LinearMinTime,Coppins_2024-CATNF-000957,20240722,23,pyrologix,1,84-67,2024,0.0,0.0,0,drone,1,9.489961992702219e-05,625,0.0037010851771538656,True
GaussianBudget50M_LinearMinTime,Cougar_2024-CABDF-010555,20240723,16,pyrologix,10,none,2024,0.0,0.0,-1,undetected,1,9.489961992702219e-05,0,0.0,False
GaussianBudget50M_LinearMinTime,Cougar_2024-CAKNF-005306,20240706,18,pyrologix,4,23-25,2024,0.0,0.0,1,drone,1,9.489961992702219e-05,2195,0.004270482896715999,True
GaussianBudget50M_LinearMinTime,Cow_2024-CASQF-000568,20240515,13,pyrologix,12,none,2024,0.0,0.0,-1,undetected,1,9.489961992702219e-05,0,0.0,False
GaussianBudget50M_LinearMinTime,Coyote_2024-CAINF-001280,20240726,12,pyrologix,11,none,2024,0.0,0.0,-1,undetected,1,9.489961992702219e-05,0,0.0,False
GaussianBudget50M_LinearMinTime,Craigs_2024-CASRF-000026,20240128,14,pyrologix,10,none,2024,0.0,0.0,-1,undetected,1,9.489961992702219e-05,0,0.0,False
GaussianBudget50M_LinearMinTime,Craigs_Access_2024-CASRF-000181,20240421,19,pyrologix,4,none,2024,0.0,0.0,-1,undetected,1,9.489961992702219e-05,0,0.0,False
GaussianBudget50M_LinearMinTime,Crater_2024-CAINF-001082,20240710,17,pyrologix,6,none,2024,0.0,0.0,-1,undetected,1,9.489961992702219e-05,0,0.0,False
GaussianBudget50M_LinearMinTime,Crater_2024-CASNF-000937,20240714,21,pyrologix,11,none,2024,0.0,0.0,-1,undetected,1,9.489961992702219e-05,0,0.0,False
GaussianBudget50M_LinearMinTime,Creek_2024-CAANF-242047,20240701,3,pyrologix,2,none,2024,0.0,0.0,-1,undetected,1,9.489961992702219e-05,0,0.0,False
GaussianBudget50M_LinearMinTime,Creek_2024-CABDF-007154,20240514,19,pyrologix,8,none,2024,0.0,0.0,-1,undetected,1,9.489961992702219e-05,0,0.0,False
GaussianBudget50M_LinearMinTime,Creek_2024-CAINF-001185,20240719,22,pyrologix,6,none,2024,0.0,0.0,-1,undetected,1,9.489961992702219e-05,0,0.0,False
GaussianBudget50M_LinearMinTime,Creek_2024-CAKNF-002761,20240418,16,pyrologix,9,16-26,2024,0.0,0.0,0,drone,1,9.489961992702219e-05,3785,0.004555181756497065,True
GaussianBudget50M_LinearMinTime,Crest_2024-CAANF-241274,20240514,2,pyrologix,9,none,2024,0.0,0.0,-1,undetected,1,9.489961992702219e-05,0,0.0,False
GaussianBudget50M_LinearMinTime,Crozier_2024-CAAEU-022341,20240807,4,pyrologix,3,97-54,2024,0.0,0.0,0,drone,1,9.489961992702219e-05,1145,0.0040806836568619545,True
GaussianBudget50M_LinearMinTime,Crystal_2024-CATNF-000881,20240713,21,pyrologix,5,84-67,2024,0.0,0.0,0,drone,1,9.489961992702219e-05,2195,0.004270482896715999,True
GaussianBudget50M_LinearMinTime,Cuesta_2024-CAPNF-001560,20241206,15,pyrologix,11,77-62,2024,0.0,0.0,0,drone,1,9.489961992702219e-05,4275,0.0046500813764240876,True
GaussianBudget50M_LinearMinTime,Curl_2024-CASHF-000768,20240819,22,pyrologix,7,42-46,2024,0.0,0.0,-1,undetected,1,9.489961992702219e-05,1440,0.0040806836568619545,True
GaussianBudget50M_LinearMinTime,Cyrus_2024-CASQF-001912,20241011,20,pyrologix,2,172-80,2024,0.0,0.0,0,drone,1,9.489961992702219e-05,755,0.0037010851771538656,True
GaussianBudget50M_LinearMinTime,Dam_2024-CAANF-242212,20240707,23,pyrologix,7,206-87,2024,0.0,0.0,-1,undetected,1,9.489961992702219e-05,1525,0.004270482896715999,True
GaussianBudget50M_LinearMinTime,Dam_2024-CASRF-000556,20240714,9,pyrologix,4,46-21,2024,0.0,0.0,-1,undetected,1,9.489961992702219e-05,4170,0.004555181756497065,True
GaussianBudget50M_LinearMinTime,Dark_2024-CAKNF-006777,20240817,17,pyrologix,9,32-33,2024,0.0,0.0,-1,undetected,1,9.489961992702219e-05,1910,0.004175583276788976,True
GaussianBudget50M_LinearMinTime,Darling_2024-CAENF-030342,20241024,17,pyrologix,11,97-54,2024,0.0,0.0,4,drone,1,9.489961992702219e-05,5490,0.0046500813764240876,True
GaussianBudget50M_LinearMinTime,Deadman_2024-CAINF-001614,20240831,18,pyrologix,8,none,2024,0.0,0.0,-1,undetected,1,9.489961992702219e-05,0,0.0,False
GaussianBudget50M_LinearMinTime,Deer_2024-CAINF-001323,20240801,21,pyrologix,2,none,2024,0.0,0.0,-1,undetected,1,9.489961992702219e-05,0,0.0,False
GaussianBudget50M_LinearMinTime,Deer_2024-CALNF-003958,20240710,14,pyrologix,12,58-54,2024,0.0,0.0,0,drone,1,9.489961992702219e-05,4980,0.004365382516643021,True
GaussianBudget50M_LinearMinTime,Deer_2024-CATMU-022426,20240807,17,pyrologix,12,none,2024,0.0,0.0,-1,undetected,1,9.489961992702219e-05,0,0.0,False
GaussianBudget50M_LinearMinTime,Del_Sur_2024-CAANF-242021,20240630,20,pyrologix,12,none,2024,0.0,0.0,-1,undetected,1,9.489961992702219e-05,0,0.0,False
GaussianBudget50M_LinearMinTime,Dell_2024-CABDF-011704,20240819,1,pyrologix,10,206-87,2024,0.0,0.0,-1,undetected,1,9.489961992702219e-05,1525,0.004270482896715999,True
GaussianBudget50M_LinearMinTime,Delonegha_2024-CASQF-001752,20240920,17,pyrologix,11,172-74,2024,0.0,0.0,-1,undetected,1,9.489961992702219e-05,845,0.003795984797080888,True
GaussianBudget50M_LinearMinTime,Desert_2024-CACNF-000097,20240116,19,pyrologix,2,none,2024,0.0,0.0,-1,undetected,1,9.489961992702219e-05,0,0.0,False
GaussianBudget50M_LinearMinTime,Dime_2024-CAANF-242179,20240706,23,pyrologix,11,206-87,2024,0.0,0.0,-1,undetected,1,9.489961992702219e-05,1525,0.004270482896715999,True
GaussianBudget50M_LinearMinTime,Dinkey_2024-CASNF-001040,20240722,16,pyrologix,5,139-70,2024,0.0,0.0,0,drone,1,9.489961992702219e-05,2170,0.004555181756497065,True
GaussianBudget50M_LinearMinTime,Dodge_2024-CASTF-001338,20240713,0,pyrologix,1,109-64,2024,0.0,0.0,-1,undetected,1,9.489961992702219e-05,2565,0.0040806836568619545,True
GaussianBudget50M_LinearMinTime,Dog_2024-CATNF-000540,20240607,20,pyrologix,4,84-67,2024,0.0,0.0,0,drone,1,9.489961992702219e-05,1615,0.004270482896715999,True
GaussianBudget50M_LinearMinTime,Dog_2024-CATNF-001401,20240929,1,pyrologix,11,84-67,2024,0.0,0.0,0,drone,1,9.489961992702219e-05,4315,0.004365382516643021,True
GaussianBudget50M_LinearMinTime,Don_2024-CASQF-001286,20240716,14,pyrologix,5,none,2024,0.0,0.0,-1,undetected,1,9.489961992702219e-05,0,0.0,False
GaussianBudget50M_LinearMinTime,Donahue_2024-CASRF-000457,20240705,2,pyrologix,7,none,2024,0.0,0.0,-1,undetected,1,9.489961992702219e-05,0,0.0,False
GaussianBudget50M_LinearMinTime,Doski_2024-CAANF-244398,20241129,16,pyrologix,11,none,2024,0.0,0.0,-1,undetected,1,9.489961992702219e-05,0,0.0,False
GaussianBudget50M_LinearMinTime,Double_2024-CASTF-002437,20241013,19,pyrologix,7,109-64,2024,0.0,0.0,0,drone,1,9.489961992702219e-05,2835,0.0040806836568619545,True
GaussianBudget50M_LinearMinTime,Drink_2024-CAANF-243958,20241027,14,pyrologix,7,none,2024,0.0,0.0,-1,undetected,1,9.489961992702219e-05,0,0.0,False
GaussianBudget50M_LinearMinTime,Duck_2024-CASTF-001404,20240716,12,pyrologix,11,109-64,2024,0.0,0.0,0,drone,1,9.489961992702219e-05,4355,0.0040806836568619545,True
GaussianBudget50M_LinearMinTime,Duckwall_2024-CASTF-001025,20240622,15,pyrologix,12,118-64,2024,0.0,0.0,0,drone,1,9.489961992702219e-05,4645,0.004555181756497065,True
GaussianBudget50M_LinearMinTime,Dump_2024-CASNF-001076,20240727,23,pyrologix,5,132-67,2024,0.0,0.0,0,drone,1,9.489961992702219e-05,2110,0.0040806836568619545,True
GaussianBudget50M_LinearMinTime,E-1_Logan_2024-CALNF-006082,20241007,17,pyrologix,7,53-62,2024,0.0,0.0,0,drone,1,9.489961992702219e-05,2625,0.0040806836568619545,True
GaussianBudget50M_LinearMinTime,E-1_Martin_2024-CALNF-003136,20240610,21,pyrologix,3,53-62,2024,0.0,0.0,0,drone,1,9.489961992702219e-05,1180,0.003226587077518755,True
GaussianBudget50M_LinearMinTime,E-3_2024-CALNF-005586,20240916,23,pyrologix,6,53-62,2024,0.0,0.0,1,drone,1,9.489961992702219e-05,2525,0.0040806836568619545,True
GaussianBudget50M_LinearMinTime,Eagle_2024-CALMU-002928,20240601,0,pyrologix,4,60-61,2024,0.0,0.0,1,drone,1,9.489961992702219e-05,1995,0.004460282136570043,True
GaussianBudget50M_LinearMinTime,Eagle_2024-CALNF-006194,20241013,14,pyrologix,9,53-62,2024,0.0,0.0,0,drone,1,9.489961992702219e-05,3205,0.0040806836568619545,True
GaussianBudget50M_LinearMinTime,Eagle_2024-CAPNF-000654,20240706,6,pyrologix,10,77-62,2024,0.0,0.0,0,drone,1,9.489961992702219e-05,3970,0.0046500813764240876,True
GaussianBudget50M_LinearMinTime,Eagle_2024-CATNF-000988,20240728,18,pyrologix,1,none,2024,0.0,0.0,-1,undetected,1,9.489961992702219e-05,0,0.0,False
GaussianBudget50M_LinearMinTime,Elk_2024-CAKNF-005252,20240705,20,pyrologix,4,23-25,2024,0.0,0.0,1,drone,1,9.489961992702219e-05,2195,0.004270482896715999,True
GaussianBudget50M_LinearMinTime,Ellis_2024-CAENF-024318,20240826,20,pyrologix,2,104-58,2024,0.0,0.0,4,drone,1,9.489961992702219e-05,2295,0.004555181756497065,True
GaussianBudget50M_LinearMinTime,Ember_2024-CAANF-244124,20241108,16,pyrologix,2,none,2024,0.0,0.0,-1,undetected,1,9.489961992702219e-05,0,0.0,False
GaussianBudget50M_LinearMinTime,Emma_2024-CAANF-240327,20240202,20,pyrologix,5,none,2024,0.0,0.0,-1,undetected,1,9.489961992702219e-05,0,0.0,False
GaussianBudget50M_LinearMinTime,Enchanted_2024-CASRF-000253,20240518,13,pyrologix,2,39-18,2024,0.0,0.0,0,drone,1,9.489961992702219e-05,1170,0.004365382516643021,True
GaussianBudget50M_LinearMinTime,Engineer_1_2024-CASQF-001166,20240707,2,pyrologix,4,172-80,2024,0.0,0.0,1,drone,1,9.489961992702219e-05,2060,0.004555181756497065,True
GaussianBudget50M_LinearMinTime,Engineer_2_2024-CASQF-001167,20240707,3,pyrologix,3,172-80,2024,0.0,0.0,0,drone,1,9.489961992702219e-05,1285,0.004365382516643021,True
GaussianBudget50M_LinearMinTime,Engineer_4_2024-CASQF-001169,20240707,0,pyrologix,8,172-80,2024,0.0,0.0,1,drone,1,9.489961992702219e-05,3335,0.0046500813764240876,True
GaussianBudget50M_LinearMinTime,Evergreen_2024-CASTF-002534,20241030,21,pyrologix,9,118-64,2024,0.0,0.0,1,drone,1,9.489961992702219e-05,3715,0.004555181756497065,True
GaussianBudget50M_LinearMinTime,Fallen_2024-CATMU-024996,20240901,16,pyrologix,6,none,2024,0.0,0.0,-1,undetected,1,9.489961992702219e-05,0,0.0,False
GaussianBudget50M_LinearMinTime,Falls_2024-CABDF-013114,20240921,22,pyrologix,6,none,2024,0.0,0.0,-1,undetected,1,9.489961992702219e-05,0,0.0,False
GaussianBudget50M_LinearMinTime,Falls_2024-CACNF-000358,20240316,18,pyrologix,1,none,2024,0.0,0.0,-1,undetected,1,9.489961992702219e-05,0,0.0,False
GaussianBudget50M_LinearMinTime,Far_2024-CASKU-007796,20240918,18,pyrologix,4,37-52,2024,0.0,0.0,0,drone,1,9.489961992702219e-05,1525,0.004555181756497065,True
GaussianBudget50M_LinearMinTime,Fern_2024-CABDF-013311,20240923,19,pyrologix,10,none,2024,0.0,0.0,-1,undetected,1,9.489961992702219e-05,0,0.0,False
GaussianBudget50M_LinearMinTime,Fern_2024-CAPNF-000244,20240508,6,pyrologix,10,70-57,2024,0.0,0.0,0,drone,1,9.489961992702219e-05,4250,0.0036061855572268433,True
GaussianBudget50M_LinearMinTime,Fern_2024-CASHF-000787,20240822,16,pyrologix,8,35-47,2024,0.0,0.0,0,drone,1,9.489961992702219e-05,3135,0.004555181756497065,True
GaussianBudget50M_LinearMinTime,Fiddle_2024-CATNF-001348,20240919,0,pyrologix,2,76-55,2024,0.0,0.0,0,drone,1,9.489961992702219e-05,935,0.0040806836568619545,True
GaussianBudget50M_LinearMinTime,Fir_2024-CASHF-000698,20240806,1,pyrologix,6,35-47,2024,0.0,0.0,2,drone,1,9.489961992702219e-05,3020,0.004555181756497065,True
GaussianBudget50M_LinearMinTime,Fir_2024-CASNF-000725,20240625,14,pyrologix,11,139-70,2024,0.0,0.0,1,drone,1,9.489961992702219e-05,4670,0.0046500813764240876,True
GaussianBudget50M_LinearMinTime,Five_2024-CAANF-243304,20240907,3,pyrologix,10,none,2024,0.0,0.0,-1,undetected,1,9.489961992702219e-05,0,0.0,False
GaussianBudget50M_LinearMinTime,Flat_2024-CALNF-004249,20240720,16,pyrologix,4,44-53,2024,0.0,0.0,0,drone,1,9.489961992702219e-05,1830,0.004460282136570043,True
GaussianBudget50M_LinearMinTime,Flat_2024-CALPF-000089,20240113,17,pyrologix,4,none,2024,0.0,0.0,-1,undetected,1,9.489961992702219e-05,0,0.0,False
GaussianBudget50M_LinearMinTime,Flat_2024-CASQF-000728,20240531,20,pyrologix,10,none,2024,0.0,0.0,-1,undetected,1,9.489961992702219e-05,0,0.0,False
GaussianBudget50M_LinearMinTime,Flat_Camp_2024-CALPF-001612,20240713,13,pyrologix,10,none,2024,0.0,0.0,-1,undetected,1,9.489961992702219e-05,0,0.0,False
GaussianBudget50M_LinearMinTime,Fleischmann_2024-CALNF-002561,20240515,21,pyrologix,4,58-54,2024,0.0,0.0,0,drone,1,9.489961992702219e-05,1615,0.0040806836568619545,True
GaussianBudget50M_LinearMinTime,Flume_2024-CASHF-000822,20240831,11,pyrologix,8,41-39,2024,0.0,0.0,1,drone,1,9.489961992702219e-05,3625,0.004270482896715999,True
GaussianBudget50M_LinearMinTime,Fly_2024-CAMNF-000926,20240805,17,pyrologix,8,60-19,2024,0.0,0.0,-1,undetected,1,9.489961992702219e-05,5185,0.004175583276788976,True
GaussianBudget50M_LinearMinTime,Fordyce_2024-CATNF-000990,20240728,15,pyrologix,10,none,2024,0.0,0.0,-1,undetected,1,9.489961992702219e-05,0,0.0,False
GaussianBudget50M_LinearMinTime,Forebay_2024-CAENF-026969,20240920,12,pyrologix,7,97-61,2024,0.0,0.0,0,drone,1,9.489961992702219e-05,2590,0.0046500813764240876,True
GaussianBudget50M_LinearMinTime,Forebay_2024-CAENF-028748,20241008,15,pyrologix,2,97-54,2024,0.0,0.0,0,drone,1,9.489961992702219e-05,1015,0.00389088441700791,True
GaussianBudget50M_LinearMinTime,Forgay_2024-CAPNF-001231,20240915,19,pyrologix,4,64-56,2024,0.0,0.0,1,drone,1,9.489961992702219e-05,2220,0.003795984797080888,True
GaussianBudget50M_LinearMinTime,Fork_2024-CAANF-242484,20240719,20,pyrologix,5,206-87,2024,0.0,0.0,-1,undetected,1,9.489961992702219e-05,1525,0.004270482896715999,True
GaussianBudget50M_LinearMinTime,Fork_2024-CABDF-005677,20240409,14,pyrologix,6,206-87,2024,0.0,0.0,-1,undetected,1,9.489961992702219e-05,1525,0.004270482896715999,True
GaussianBudget50M_LinearMinTime,Fort_2024-CAKNF-005171,20240704,23,pyrologix,9,18-33,2024,0.0,0.0,1,drone,1,9.489961992702219e-05,4075,0.004460282136570043,True
GaussianBudget50M_LinearMinTime,Fox_2024-CALPF-001870,20240804,18,pyrologix,5,none,2024,0.0,0.0,-1,undetected,1,9.489961992702219e-05,0,0.0,False
GaussianBudget50M_LinearMinTime,Fox_2024-CAMDF-000950,20240916,16,pyrologix,5,39-63,2024,0.0,0.0,0,drone,1,9.489961992702219e-05,2070,0.004555181756497065,True
GaussianBudget50M_LinearMinTime,Fraser_2024-CALPF-002400,20240920,20,pyrologix,4,none,2024,0.0,0.0,-1,undetected,1,9.489961992702219e-05,0,0.0,False
GaussianBudget50M_LinearMinTime,French_2024-CAANF-242303,20240712,3,pyrologix,3,none,2024,0.0,0.0,-1,undetected,1,9.489961992702219e-05,0,0.0,False
GaussianBudget50M_LinearMinTime,French_2024-CATNF-000762,20240702,11,pyrologix,11,90-60,2024,0.0,0.0,-1,undetected,1,9.489961992702219e-05,7075,0.004460282136570043,True
GaussianBudget50M_LinearMinTime,Frenchman_2024-CAANF-244116,20241107,19,pyrologix,3,none,2024,0.0,0.0,-1,undetected,1,9.489961992702219e-05,0,0.0,False
GaussianBudget50M_LinearMinTime,Frying_Pan_2024-CAKNF-008910,20241027,22,pyrologix,12,16-26,2024,0.0,0.0,0,drone,1,9.489961992702219e-05,5015,0.004555181756497065,True
GaussianBudget50M_LinearMinTime,Gabriel_2024-CAANF-242668,20240728,7,pyrologix,4,none,2024,0.0,0.0,-1,undetected,1,9.489961992702219e-05,0,0.0,False
GaussianBudget50M_LinearMinTime,Garlic_2024-CASNF-000716,20240625,12,pyrologix,5,none,2024,0.0,0.0,-1,undetected,1,9.489961992702219e-05,0,0.0,False
GaussianBudget50M_LinearMinTime,Gate_2024-CAANF-244178,20241111,11,pyrologix,11,none,2024,0.0,0.0,-1,undetected,1,9.489961992702219e-05,0,0.0,False
GaussianBudget50M_LinearMinTime,Gateway_2024-CASKU-008878,20241025,22,pyrologix,2,34-40,2024,0.0,0.0,0,drone,1,9.489961992702219e-05,1025,0.003985784036934932,True
GaussianBudget50M_LinearMinTime,Genesee_2024-CAPNF-000194,20240419,18,pyrologix,4,77-69,2024,0.0,0.0,0,drone,1,9.489961992702219e-05,1900,0.004270482896715999,True
GaussianBudget50M_LinearMinTime,George_2024-CAINF-002041,20241109,20,pyrologix,4,none,2024,0.0,0.0,-1,undetected,1,9.489961992702219e-05,0,0.0,False
GaussianBudget50M_LinearMinTime,Gilmore_2024-CATMU-031223,20241103,18,pyrologix,9,none,2024,0.0,0.0,-1,undetected,1,9.489961992702219e-05,0,0.0,False
GaussianBudget50M_LinearMinTime,Glade_2024-CAINF-001979,20241026,18,pyrologix,1,none,2024,0.0,0.0,-1,undetected,1,9.489961992702219e-05,0,0.0,False
GaussianBudget50M_LinearMinTime,Glass_2024-CAINF-000547,20240515,19,pyrologix,10,none,2024,0.0,0.0,-1,undetected,1,9.489961992702219e-05,0,0.0,False
GaussianBudget50M_LinearMinTime,Glass_2024-CAMDF-000275,20240701,17,pyrologix,3,none,2024,0.0,0.0,-1,undetected,1,9.489961992702219e-05,0,0.0,False
GaussianBudget50M_LinearMinTime,Glen_2024-CATMU-030944,20241031,14,pyrologix,9,none,2024,0.0,0.0,-1,undetected,1,9.489961992702219e-05,0,0.0,False
GaussianBudget50M_LinearMinTime,Goat_2024-CAPNF-000340,20240531,14,pyrologix,9,70-57,2024,0.0,0.0,0,drone,1,9.489961992702219e-05,3740,0.0036061855572268433,True
GaussianBudget50M_LinearMinTime,Goat_2024-CASNF-000908,20240712,13,pyrologix,8,132-67,2024,0.0,0.0,0,drone,1,9.489961992702219e-05,3480,0.0040806836568619545,True
GaussianBudget50M_LinearMinTime,Gold_2024-CAANF-241424,20240525,1,pyrologix,4,none,2024,0.0,0.0,-1,undetected,1,9.489961992702219e-05,0,0.0,False
GaussianBudget50M_LinearMinTime,Gold_2024-CAPNF-000300,20240524,2,pyrologix,4,77-62,2024,0.0,0.0,0,drone,1,9.489961992702219e-05,1735,0.004365382516643021,True
GaussianBudget50M_LinearMinTime,Golden_2024-CASQF-002007,20241031,18,pyrologix,1,164-82,2024,0.0,0.0,0,drone,1,9.489961992702219e-05,545,0.00303678783766471,True
GaussianBudget50M_LinearMinTime,Goose_2024-CASTF-000999,20240620,18,pyrologix,2,109-64,2024,0.0,0.0,-1,undetected,1,9.489961992702219e-05,2930,0.0040806836568619545,True
GaussianBudget50M_LinearMinTime,Grade_2024-CACNF-001239,20240705,1,pyrologix,6,none,2024,0.0,0.0,-1,undetected,1,9.489961992702219e-05,0,0.0,False
GaussianBudget50M_LinearMinTime,Grade_2024-CAKNF-002952,20240425,1,pyrologix,3,18-33,2024,0.0,0.0,2,drone,1,9.489961992702219e-05,2265,0.004175583276788976,True
GaussianBudget50M_LinearMinTime,Graffiti_2024-CACNF-001011,20240618,23,pyrologix,6,none,2024,0.0,0.0,-1,undetected,1,9.489961992702219e-05,0,0.0,False
GaussianBudget50M_LinearMinTime,Granlibakken_2024-CATMU-030319,20241024,13,pyrologix,11,none,2024,0.0,0.0,-1,undetected,1,9.489961992702219e-05,0,0.0,False
GaussianBudget50M_LinearMinTime,Grass_2024-CASTF-000851,20240604,17,pyrologix,6,109-64,2024,0.0,0.0,-1,undetected,1,9.489961992702219e-05,4400,0.0040806836568619545,True
GaussianBudget50M_LinearMinTime,Grassy_1_2024-CASRF-000448,20240704,21,pyrologix,3,none,2024,0.0,0.0,-1,undetected,1,9.489961992702219e-05,0,0.0,False
GaussianBudget50M_LinearMinTime,Grassy_Flat_2024-CASRF-000629,20240722,21,pyrologix,4,none,2024,0.0,0.0,-1,undetected,1,9.489961992702219e-05,0,0.0,False
GaussianBudget50M_LinearMinTime,Grays_2024-CASRF-001014,20241019,15,pyrologix,11,39-18,2024,0.0,0.0,-1,undetected,1,9.489961992702219e-05,6660,0.004460282136570043,True
GaussianBudget50M_LinearMinTime,Green_2024-CABDF-011293,20240810,17,pyrologix,4,206-87,2024,0.0,0.0,-1,undetected,1,9.489961992702219e-05,1525,0.004270482896715999,True
GaussianBudget50M_LinearMinTime,Green_2024-CASNF-001198,20240807,22,pyrologix,1,131-73,2024,0.0,0.0,1,drone,1,9.489961992702219e-05,1115,0.003985784036934932,True
GaussianBudget50M_LinearMinTime,Grey_2024-CASHF-000904,20240916,14,pyrologix,10,34-40,2024,0.0,0.0,1,drone,1,9.489961992702219e-05,4135,0.004555181756497065,True
GaussianBudget50M_LinearMinTime,Grey_2024-CASNF-001571,20240920,13,pyrologix,9,132-67,2024,0.0,0.0,0,drone,1,9.489961992702219e-05,3685,0.0040806836568619545,True
GaussianBudget50M_LinearMinTime,Grider_2024-CAKNF-003315,20240508,16,pyrologix,9,16-26,2024,0.0,0.0,0,drone,1,9.489961992702219e-05,3740,0.004555181756497065,True
GaussianBudget50M_LinearMinTime,Grider_2024-CAKNF-005709,20240716,1,pyrologix,5,18-33,2024,0.0,0.0,0,drone,1,9.489961992702219e-05,2160,0.004175583276788976,True
GaussianBudget50M_LinearMinTime,Griffin_2024-CASRF-000861,20240910,0,pyrologix,2,16-26,2024,0.0,0.0,0,drone,1,9.489961992702219e-05,1205,0.004175583276788976,True
GaussianBudget50M_LinearMinTime,Grizzly_2024-CASNF-001681,20241006,16,pyrologix,11,132-67,2024,0.0,0.0,0,drone,1,9.489961992702219e-05,4625,0.0040806836568619545,True
GaussianBudget50M_LinearMinTime,Grizzly_2024-CASTF-001646,20240731,18,pyrologix,3,none,2024,0.0,0.0,-1,undetected,1,9.489961992702219e-05,0,0.0,False
GaussianBudget50M_LinearMinTime,Grove_2024-CASNF-001698,20241010,19,pyrologix,5,none,2024,0.0,0.0,-1,undetected,1,9.489961992702219e-05,0,0.0,False
GaussianBudget50M_LinearMinTime,Gulch-Ref_3101_2024-CAANF-243107,20240824,16,pyrologix,2,none,2024,0.0,0.0,-1,undetected,1,9.489961992702219e-05,0,0.0,False
GaussianBudget50M_LinearMinTime,Gulch_2024-CAANF-243101,20240824,8,pyrologix,3,none,2024,0.0,0.0,-1,undetected,1,9.489961992702219e-05,0,0.0,False
GaussianBudget50M_LinearMinTime,Gypsum_2024-CABDF-016290,20241110,11,pyrologix,9,none,2024,0.0,0.0,-1,undetected,1,9.489961992702219e-05,0,0.0,False
GaussianBudget50M_LinearMinTime,H-2_Busters_2024-CALNF-005584,20240916,0,pyrologix,2,none,2024,0.0,0.0,-1,undetected,1,9.489961992702219e-05,0,0.0,False
GaussianBudget50M_LinearMinTime,Hackamore_2024-CAMDF-000669,20240816,7,pyrologix,7,none,2024,0.0,0.0,-1,undetected,1,9.489961992702219e-05,0,0.0,False
GaussianBudget50M_LinearMinTime,Haight_2024-CAKNF-005992,20240724,17,pyrologix,10,28-47,2024,0.0,0.0,-1,undetected,1,9.489961992702219e-05,1485,0.004270482896715999,True
GaussianBudget50M_LinearMinTime,Hall_2024-CABDF-009898,20240707,6,pyrologix,12,none,2024,0.0,0.0,-1,undetected,1,9.489961992702219e-05,0,0.0,False
GaussianBudget50M_LinearMinTime,Hall_2024-CAKNF-004218,20240607,18,pyrologix,9,20-40,2024,0.0,0.0,0,drone,1,9.489961992702219e-05,3305,0.004460282136570043,True
GaussianBudget50M_LinearMinTime,Halls_2024-CAMDF-000389,20240715,0,pyrologix,3,39-63,2024,0.0,0.0,0,drone,1,9.489961992702219e-05,1185,0.004460282136570043,True
GaussianBudget50M_LinearMinTime,Hambone_2024-CASKU-008314,20241006,15,pyrologix,11,37-52,2024,0.0,0.0,0,drone,1,9.489961992702219e-05,4100,0.0046500813764240876,True
GaussianBudget50M_LinearMinTime,Happy_2024-CASQF-001285,20240716,11,pyrologix,10,none,2024,0.0,0.0,-1,undetected,1,9.489961992702219e-05,0,0.0,False
GaussianBudget50M_LinearMinTime,Hard_2024-CAANF-241934,20240625,22,pyrologix,12,none,2024,0.0,0.0,-1,undetected,1,9.489961992702219e-05,0,0.0,False
GaussianBudget50M_LinearMinTime,Harding_2024-CATNF-001046,20240804,23,pyrologix,6,77-69,2024,0.0,0.0,0,drone,1,9.489961992702219e-05,2700,0.004270482896715999,True
GaussianBudget50M_LinearMinTime,Harris_2024-CAMDF-000518,20240726,12,pyrologix,4,39-63,2024,0.0,0.0,0,drone,1,9.489961992702219e-05,1735,0.004555181756497065,True
GaussianBudget50M_LinearMinTime,Hartley_2024-CAINF-001179,20240718,18,pyrologix,10,none,2024,0.0,0.0,-1,undetected,1,9.489961992702219e-05,0,0.0,False
GaussianBudget50M_LinearMinTime,Hathaway_2024-CAANF-243176,20240829,21,pyrologix,1,none,2024,0.0,0.0,-1,undetected,1,9.489961992702219e-05,0,0.0,False
GaussianBudget50M_LinearMinTime,Hawk_2024-CAPNF-000410,20240615,21,pyrologix,11,77-62,2024,0.0,0.0,0,drone,1,9.489961992702219e-05,4230,0.0046500813764240876,True
GaussianBudget50M_LinearMinTime,Hawkins_2024-CASRF-000904,20240920,20,pyrologix,4,39-18,2024,0.0,0.0,4,drone,1,9.489961992702219e-05,3130,0.004365382516643021,True
GaussianBudget50M_LinearMinTime,Haypress_2024-CASTF-001351,20240713,18,pyrologix,9,none,2024,0.0,0.0,-1,undetected,1,9.489961992702219e-05,0,0.0,False
GaussianBudget50M_LinearMinTime,Hazel_2024-CABDF-012873,20240914,19,pyrologix,9,206-87,2024,0.0,0.0,-1,undetected,1,9.489961992702219e-05,1525,0.004270482896715999,True
GaussianBudget50M_LinearMinTime,Headwaters_2024-CASTF-001965,20240829,16,pyrologix,3,118-64,2024,0.0,0.0,0,drone,1,9.489961992702219e-05,1310,0.004175583276788976,True
GaussianBudget50M_LinearMinTime,Heather_2024-CASNF-001017,20240720,18,pyrologix,4,none,2024,0.0,0.0,-1,undetected,1,9.489961992702219e-05,0,0.0,False
GaussianBudget50M_LinearMinTime,Heel_2024-CASHF-001031,20241019,11,pyrologix,11,42-46,2024,0.0,0.0,-1,undetected,1,9.489961992702219e-05,1440,0.0040806836568619545,True
GaussianBudget50M_LinearMinTime,Hennessy_2024-CASRF-000447,20240704,17,pyrologix,7,39-18,2024,0.0,0.0,0,drone,1,9.489961992702219e-05,2935,0.004365382516643021,True
GaussianBudget50M_LinearMinTime,Hennessy_2_2024-CASRF-000592,20240716,22,pyrologix,9,39-18,2024,0.0,0.0,0,drone,1,9.489961992702219e-05,3645,0.004460282136570043,True
GaussianBudget50M_LinearMinTime,Highway_2024-CACNF-001204,20240703,13,pyrologix,1,none,2024,0.0,0.0,-1,undetected,1,9.489961992702219e-05,0,0.0,False
GaussianBudget50M_LinearMinTime,Highway_2024-CAINF-001777,20240921,5,pyrologix,1,none,2024,0.0,0.0,-1,undetected,1,9.489961992702219e-05,0,0.0,False
GaussianBudget50M_LinearMinTime,Highway_2024-CAKNF-003856,20240527,1,pyrologix,2,28-47,2024,0.0,0.0,1,drone,1,9.489961992702219e-05,1450,0.004175583276788976,True
GaussianBudget50M_LinearMinTime,Highway_2024-CALPF-002498,20241001,1,pyrologix,8,none,2024,0.0,0.0,-1,undetected,1,9.489961992702219e-05,0,0.0,False
GaussianBudget50M_LinearMinTime,Highway_2024-CASHF-000549,20240708,21,pyrologix,11,41-39,2024,0.0,0.0,0,drone,1,9.489961992702219e-05,4130,0.004460282136570043,True
GaussianBudget50M_LinearMinTime,Hill_2024-CANEU-017006,20240617,7,pyrologix,8,77-48,2024,0.0,0.0,0,drone,1,9.489961992702219e-05,3020,0.004460282136570043,True
GaussianBudget50M_LinearMinTime,Hill_2024-CASRF-000586,20240716,23,pyrologix,3,39-18,2024,0.0,0.0,0,drone,1,9.489961992702219e-05,1365,0.004365382516643021,True
GaussianBudget50M_LinearMinTime,Hill_2024-CATNF-001473,20241010,10,pyrologix,12,84-67,2024,0.0,0.0,0,drone,1,9.489961992702219e-05,4660,0.004365382516643021,True
GaussianBudget50M_LinearMinTime,Hillcrest_2024-CABDF-012201,20240831,18,pyrologix,10,none,2024,0.0,0.0,-1,undetected,1,9.489961992702219e-05,0,0.0,False
GaussianBudget50M_LinearMinTime,Hobart_2024-CATNF-001416,20241001,17,pyrologix,9,84-67,2024,0.0,0.0,0,drone,1,9.489961992702219e-05,3490,0.004270482896715999,True
GaussianBudget50M_LinearMinTime,Hobo_2024-CASQF-000345,20240402,15,pyrologix,5,172-80,2024,0.0,0.0,1,drone,1,9.489961992702219e-05,2150,0.0046500813764240876,True
GaussianBudget50M_LinearMinTime,Honn_2024-CALNF-001473,20240322,22,pyrologix,3,51-53,2024,0.0,0.0,0,drone,1,9.489961992702219e-05,1630,0.00389088441700791,True
GaussianBudget50M_LinearMinTime,Hopkins_2024-CASRF-000293,20240528,17,pyrologix,9,32-19,2024,0.0,0.0,1,drone,1,9.489961992702219e-05,4465,0.0046500813764240876,True
GaussianBudget50M_LinearMinTime,Horse_2024-CAANF-242667,20240728,8,pyrologix,2,206-87,2024,0.0,0.0,-1,undetected,1,9.489961992702219e-05,1525,0.004270482896715999,True
GaussianBudget50M_LinearMinTime,Horse_2024-CAKNF-006775,20240817,19,pyrologix,4,18-33,2024,0.0,0.0,0,drone,1,9.489961992702219e-05,1650,0.004175583276788976,True
GaussianBudget50M_LinearMinTime,Horse_2024-CAMDF-000500,20240724,15,pyrologix,11,none,2024,0.0,0.0,-1,undetected,1,9.489961992702219e-05,0,0.0,False
GaussianBudget50M_LinearMinTime,Horse_2024-CAMNF-001382,20241004,9,pyrologix,12,none,2024,0.0,0.0,-1,undetected,1,9.489961992702219e-05,0,0.0,False
GaussianBudget50M_LinearMinTime,Horse_2024-CASHF-000582,20240716,22,pyrologix,4,53-19,2024,0.0,0.0,0,drone,1,9.489961992702219e-05,1860,0.004460282136570043,True
GaussianBudget50M_LinearMinTime,Horse_2024-CASRF-000317,20240606,16,pyrologix,5,32-19,2024,0.0,0.0,1,drone,1,9.489961992702219e-05,2540,0.0040806836568619545,True
GaussianBudget50M_LinearMinTime,Horseshoe_2024-CAINF-001995,20241030,13,pyrologix,10,none,2024,0.0,0.0,-1,undetected,1,9.489961992702219e-05,0,0.0,False
GaussianBudget50M_LinearMinTime,Hotlum_2024-CASHF-000139,20240308,19,pyrologix,2,28-47,2024,0.0,0.0,0,drone,1,9.489961992702219e-05,960,0.003985784036934932,True
GaussianBudget50M_LinearMinTime,Hughes_2_2024-CAANF-243305,20240907,4,pyrologix,11,none,2024,0.0,0.0,-1,undetected,1,9.489961992702219e-05,0,0.0,False
GaussianBudget50M_LinearMinTime,Hulburd_2024-CACNF-002587,20241109,10,pyrologix,10,none,2024,0.0,0.0,-1,undetected,1,9.489961992702219e-05,0,0.0,False
GaussianBudget50M_LinearMinTime,Hull_2024-CAMNF-001169,20240907,22,pyrologix,3,67-23,2024,0.0,0.0,4,drone,1,9.489961992702219e-05,2775,0.0046500813764240876,True
GaussianBudget50M_LinearMinTime,Hume_2024-CASQF-001379,20240726,16,pyrologix,12,none,2024,0.0,0.0,-1,undetected,1,9.489961992702219e-05,0,0.0,False
GaussianBudget50M_LinearMinTime,Hunters2_2024-CAMDF-000808,20240828,14,pyrologix,6,39-63,2024,0.0,0.0,1,drone,1,9.489961992702219e-05,2700,0.0046500813764240876,True
GaussianBudget50M_LinearMinTime,Hunters_2024-CAMDF-000718,20240821,20,pyrologix,4,39-63,2024,0.0,0.0,1,drone,1,9.489961992702219e-05,1830,0.004555181756497065,True
GaussianBudget50M_LinearMinTime,I_15__S__Cleghorn_Rd_2024-CABDU-014682,20240927,10,pyrologix,2,206-87,2024,0.0,0.0,-1,undetected,1,9.489961992702219e-05,1525,0.004270482896715999,True
GaussianBudget50M_LinearMinTime,Ice_2024-CAENF-015964,20240615,20,pyrologix,7,97-61,2024,0.0,0.0,0,drone,1,9.489961992702219e-05,2630,0.0046500813764240876,True
GaussianBudget50M_LinearMinTime,Ice_2024-CAENF-020980,20240725,23,pyrologix,11,97-61,2024,0.0,0.0,0,drone,1,9.489961992702219e-05,4190,0.0046500813764240876,True
GaussianBudget50M_LinearMinTime,Ikes_2024-CASRF-000549,20240713,6,pyrologix,3,none,2024,0.0,0.0,-1,undetected,1,9.489961992702219e-05,0,0.0,False
GaussianBudget50M_LinearMinTime,Indian_2024-CAANF-242599,20240725,18,pyrologix,2,none,2024,0.0,0.0,-1,undetected,1,9.489961992702219e-05,0,0.0,False
GaussianBudget50M_LinearMinTime,Industrial_2024-CATMU-015789,20240614,13,pyrologix,8,none,2024,0.0,0.0,-1,undetected,1,9.489961992702219e-05,0,0.0,False
GaussianBudget50M_LinearMinTime,Interstate_2024-CAANF-243338,20240908,18,pyrologix,10,none,2024,0.0,0.0,-1,undetected,1,9.489961992702219e-05,0,0.0,False
GaussianBudget50M_LinearMinTime,Interstate_2024-CACNF-002439,20241020,16,pyrologix,8,none,2024,0.0,0.0,-1,undetected,1,9.489961992702219e-05,0,0.0,False
GaussianBudget50M_LinearMinTime,Interstate_2024-CASHF-001074,20241029,9,pyrologix,10,34-40,2024,0.0,0.0,0,drone,1,9.489961992702219e-05,3895,0.004555181756497065,True
GaussianBudget50M_LinearMinTime,Iowa_2024-CATNF-001295,20240910,20,pyrologix,5,90-54,2024,0.0,0.0,0,drone,1,9.489961992702219e-05,1920,0.0034163863173727986,True
GaussianBudget50M_LinearMinTime,Iron_2024-CASNF-000942,20240714,13,pyrologix,5,125-64,2024,0.0,0.0,0,drone,1,9.489961992702219e-05,2265,0.0046500813764240876,True
GaussianBudget50M_LinearMinTime,Ironwood_2024-CABDF-012667,20240909,12,pyrologix,11,none,2024,0.0,0.0,-1,undetected,1,9.489961992702219e-05,0,0.0,False
GaussianBudget50M_LinearMinTime,Italian_2024-CASNF-001114,20240729,19,pyrologix,2,139-70,2024,0.0,0.0,1,drone,1,9.489961992702219e-05,1175,0.00389088441700791,True
GaussianBudget50M_LinearMinTime,Jack_2024-CAKNF-008927,20241027,18,pyrologix,1,16-26,2024,0.0,0.0,2,drone,1,9.489961992702219e-05,1640,0.004270482896715999,True
GaussianBudget50M_LinearMinTime,Jackson_2024-CAANF-241547,20240531,14,pyrologix,7,206-87,2024,0.0,0.0,-1,undetected,1,9.489961992702219e-05,1525,0.004270482896715999,True
GaussianBudget50M_LinearMinTime,Jackson_2024-CAKNF-005648,20240714,23,pyrologix,1,32-33,2024,0.0,0.0,0,drone,1,9.489961992702219e-05,425,0.0028469885978106655,True
GaussianBudget50M_LinearMinTime,Japatul_2024-CACNF-002835,20241220,1,pyrologix,1,none,2024,0.0,0.0,-1,undetected,1,9.489961992702219e-05,0,0.0,False
GaussianBudget50M_LinearMinTime,Jeffery_2024-CAINF-002015,20241103,10,pyrologix,12,none,2024,0.0,0.0,-1,undetected,1,9.489961992702219e-05,0,0.0,False
GaussianBudget50M_LinearMinTime,Jones_2024-CAHUU-007537,20240813,13,pyrologix,5,53-19,2024,0.0,0.0,-1,undetected,1,9.489961992702219e-05,4120,0.004555181756497065,True
GaussianBudget50M_LinearMinTime,Jora_2024-CAANF-243511,20240926,4,pyrologix,10,none,2024,0.0,0.0,-1,undetected,1,9.489961992702219e-05,0,0.0,False
GaussianBudget50M_LinearMinTime,Jordan_2024-CASTF-001053,20240624,17,pyrologix,12,118-57,2024,0.0,0.0,1,drone,1,9.489961992702219e-05,5060,0.0046500813764240876,True
GaussianBudget50M_LinearMinTime,Joshua_2024-CAANF-243099,20240824,7,pyrologix,3,none,2024,0.0,0.0,-1,undetected,1,9.489961992702219e-05,0,0.0,False
GaussianBudget50M_LinearMinTime,Junction_2024-CAINF-001506,20240820,19,pyrologix,5,none,2024,0.0,0.0,-1,undetected,1,9.489961992702219e-05,0,0.0,False
GaussianBudget50M_LinearMinTime,June_2024-CAINF-001029,20240706,16,pyrologix,11,none,2024,0.0,0.0,-1,undetected,1,9.489961992702219e-05,0,0.0,False
GaussianBudget50M_LinearMinTime,Kagel_2024-CAANF-242295,20240711,19,pyrologix,6,none,2024,0.0,0.0,-1,undetected,1,9.489961992702219e-05,0,0.0,False
GaussianBudget50M_LinearMinTime,Kaiser_2024-CASNF-001496,20240908,21,pyrologix,1,131-73,2024,0.0,0.0,1,drone,1,9.489961992702219e-05,1275,0.0040806836568619545,True
GaussianBudget50M_LinearMinTime,Kangaroo_2024-CAKNF-009316,20241110,12,pyrologix,1,34-40,2024,0.0,0.0,0,drone,1,9.489961992702219e-05,570,0.0034163863173727986,True
GaussianBudget50M_LinearMinTime,Kellogg_2024-CAMDF-000377,20240714,0,pyrologix,1,none,2024,0.0,0.0,-1,undetected,1,9.489961992702219e-05,0,0.0,False
GaussianBudget50M_LinearMinTime,Kelly_2024-CAKNF-006047,20240726,4,pyrologix,3,16-26,2024,0.0,0.0,0,drone,1,9.489961992702219e-05,1290,0.004175583276788976,True
GaussianBudget50M_LinearMinTime,Kelsey_2024-CASRF-000523,20240709,18,pyrologix,8,none,2024,0.0,0.0,-1,undetected,1,9.489961992702219e-05,0,0.0,False
GaussianBudget50M_LinearMinTime,Kinevan_2024-CALPF-001022,20240522,20,pyrologix,4,none,2024,0.0,0.0,-1,undetected,1,9.489961992702219e-05,0,0.0,False
GaussianBudget50M_LinearMinTime,Kings_2024-CASNF-000919,20240713,18,pyrologix,1,none,2024,0.0,0.0,-1,undetected,1,9.489961992702219e-05,0,0.0,False
GaussianBudget50M_LinearMinTime,Kitchen_2024-CACNF-001184,20240701,17,pyrologix,2,none,2024,0.0,0.0,-1,undetected,1,9.489961992702219e-05,0,0.0,False
GaussianBudget50M_LinearMinTime,Knob_2024-CAINF-000901,20240626,21,pyrologix,7,none,2024,0.0,0.0,-1,undetected,1,9.489961992702219e-05,0,0.0,False
GaussianBudget50M_LinearMinTime,Knob_2024-CASQF-001233,20240713,23,pyrologix,4,164-82,2024,0.0,0.0,1,drone,1,9.489961992702219e-05,2310,0.004270482896715999,True
GaussianBudget50M_LinearMinTime,L-2_Carter_2024-CALNF-004138,20240716,22,pyrologix,12,63-49,2024,0.0,0.0,0,drone,1,9.489961992702219e-05,4880,0.0046500813764240876,True
GaussianBudget50M_LinearMinTime,L1Buzzard_2024-CALNF-003550,20240627,20,pyrologix,10,58-54,2024,0.0,0.0,0,drone,1,9.489961992702219e-05,4050,0.004365382516643021,True
GaussianBudget50M_LinearMinTime,Lac_-_Soledad_2024-CAANF-243141,20240826,17,pyrologix,7,none,2024,0.0,0.0,-1,undetected,1,9.489961992702219e-05,0,0.0,False
GaussianBudget50M_LinearMinTime,Lac_Bert_2024-CAANF-242764,20240802,19,pyrologix,1,none,2024,0.0,0.0,-1,undetected,1,9.489961992702219e-05,0,0.0,False
GaussianBudget50M_LinearMinTime,Ladybug_2024-CAANF-243459,20240921,8,pyrologix,3,none,2024,0.0,0.0,-1,undetected,1,9.489961992702219e-05,0,0.0,False
GaussianBudget50M_LinearMinTime,Ladybug_2024-CATNF-000976,20240726,13,pyrologix,12,84-67,2024,0.0,0.0,0,drone,1,9.489961992702219e-05,4720,0.004365382516643021,True
GaussianBudget50M_LinearMinTime,Lake_2024-CABDF-001298,20240127,15,pyrologix,12,225-101,2024,0.0,0.0,0,drone,1,9.489961992702219e-05,4345,0.004555181756497065,True
GaussianBudget50M_LinearMinTime,Lake_2024-CALPF-001542,20240705,17,pyrologix,11,none,2024,0.0,0.0,-1,undetected,1,9.489961992702219e-05,0,0.0,False
GaussianBudget50M_LinearMinTime,Lake_2024-CASRF-001056,20241105,15,pyrologix,12,53-19,2024,0.0,0.0,0,drone,1,9.489961992702219e-05,4535,0.004555181756497065,True
GaussianBudget50M_LinearMinTime,Lake_2024-CASTF-000674,20240514,23,pyrologix,1,109-64,2024,0.0,0.0,-1,undetected,1,9.489961992702219e-05,2565,0.0040806836568619545,True
GaussianBudget50M_LinearMinTime,Landing_2024-CATNF-000745,20240630,3,pyrologix,1,77-62,2024,0.0,0.0,0,drone,1,9.489961992702219e-05,570,0.0037010851771538656,True
GaussianBudget50M_LinearMinTime,Lava_2024-CASHF-000905,20240916,14,pyrologix,10,37-52,2024,0.0,0.0,1,drone,1,9.489961992702219e-05,4265,0.0046500813764240876,True
GaussianBudget50M_LinearMinTime,Leaf_2024-CATMU-011294,20240504,1,pyrologix,1,none,2024,0.0,0.0,-1,undetected,1,9.489961992702219e-05,0,0.0,False
GaussianBudget50M_LinearMinTime,Lemon_2024-CATNF-001043,20240804,18,pyrologix,12,77-69,2024,0.0,0.0,5,drone,1,9.489961992702219e-05,6390,0.004365382516643021,True
GaussianBudget50M_LinearMinTime,Liberty_2024-CASTF-001974,20240830,17,pyrologix,2,109-64,2024,0.0,0.0,0,drone,1,9.489961992702219e-05,950,0.0040806836568619545,True
GaussianBudget50M_LinearMinTime,Lightning_2024-CACNF-001050,20240620,13,pyrologix,12,none,2024,0.0,0.0,-1,undetected,1,9.489961992702219e-05,0,0.0,False
GaussianBudget50M_LinearMinTime,Lights_2024-CAPNF-000857,20240725,19,pyrologix,7,63-64,2024,0.0,0.0,0,drone,1,9.489961992702219e-05,2860,0.004175583276788976,True
GaussianBudget50M_LinearMinTime,Lime_2024-CAKNF-004659,20240620,16,pyrologix,2,20-40,2024,0.0,0.0,0,drone,1,9.489961992702219e-05,775,0.0034163863173727986,True
GaussianBudget50M_LinearMinTime,Linda_2024-CAMMU-025337,20241030,21,pyrologix,1,132-67,2024,0.0,0.0,0,drone,1,9.489961992702219e-05,695,0.0036061855572268433,True
GaussianBudget50M_LinearMinTime,Line_2024-CABDF-012520,20240906,20,pyrologix,11,none,2024,0.0,0.0,-1,undetected,1,9.489961992702219e-05,0,0.0,False
GaussianBudget50M_LinearMinTime,Lion_2024-CASNF-000946,20240714,17,pyrologix,4,131-73,2024,0.0,0.0,0,drone,1,9.489961992702219e-05,1675,0.004175583276788976,True
GaussianBudget50M_LinearMinTime,Lisa_2024-CAANF-242066,20240702,7,pyrologix,5,none,2024,0.0,0.0,-1,undetected,1,9.489961992702219e-05,0,0.0,False
GaussianBudget50M_LinearMinTime,Little_2024-CAANF-241849,20240620,19,pyrologix,1,none,2024,0.0,0.0,-1,undetected,1,9.489961992702219e-05,0,0.0,False
GaussianBudget50M_LinearMinTime,Little_2024-CAKNF-003131,20240501,18,pyrologix,10,16-26,2024,0.0,0.0,0,drone,1,9.489961992702219e-05,4200,0.004555181756497065,True
GaussianBudget50M_LinearMinTime,Little_2024-CALAC-211628,20240620,18,pyrologix,3,none,2024,0.0,0.0,-1,undetected,1,9.489961992702219e-05,0,0.0,False
GaussianBudget50M_LinearMinTime,Little_2024-CAPNF-001091,20240901,14,pyrologix,4,70-50,2024,0.0,0.0,1,drone,1,9.489961992702219e-05,1780,0.004555181756497065,True
GaussianBudget50M_LinearMinTime,Log_2024-CASHF-000146,20240310,22,pyrologix,12,28-47,2024,0.0,0.0,-1,undetected,1,9.489961992702219e-05,1485,0.004270482896715999,True
GaussianBudget50M_LinearMinTime,Logging_Fire_2024-CAMDF-001049,20241007,15,pyrologix,8,46-60,2024,0.0,0.0,0,drone,1,9.489961992702219e-05,3085,0.0046500813764240876,True
GaussianBudget50M_LinearMinTime,Lone_2024-CABDF-009497,20240701,5,pyrologix,1,206-87,2024,0.0,0.0,0,drone,1,9.489961992702219e-05,720,0.003511285937299821,True
GaussianBudget50M_LinearMinTime,Long_2024-CABDF-014560,20241019,4,pyrologix,12,206-87,2024,0.0,0.0,-1,undetected,1,9.489961992702219e-05,1525,0.004270482896715999,True
GaussianBudget50M_LinearMinTime,Long_2024-CACNF-002802,20241213,17,pyrologix,9,none,2024,0.0,0.0,-1,undetected,1,9.489961992702219e-05,0,0.0,False
GaussianBudget50M_LinearMinTime,Long_2024-CASHF-001059,20241028,21,pyrologix,8,39-32,2024,0.0,0.0,0,drone,1,9.489961992702219e-05,3020,0.004460282136570043,True
GaussianBudget50M_LinearMinTime,Long_2024-CASQF-001281,20240715,16,pyrologix,11,none,2024,0.0,0.0,-1,undetected,1,9.489961992702219e-05,0,0.0,False
GaussianBudget50M_LinearMinTime,Lookout_2024-CAINF-001757,20240917,20,pyrologix,2,none,2024,0.0,0.0,-1,undetected,1,9.489961992702219e-05,0,0.0,False
GaussianBudget50M_LinearMinTime,Loon_2024-CAENF-018656,20240706,20,pyrologix,1,90-60,2024,0.0,0.0,-1,undetected,1,9.489961992702219e-05,2930,0.004460282136570043,True
GaussianBudget50M_LinearMinTime,Loon_2024-CAENF-025020,20240901,20,pyrologix,2,90-60,2024,0.0,0.0,-1,undetected,1,9.489961992702219e-05,3285,0.004460282136570043,True
GaussianBudget50M_LinearMinTime,Loop_2024-CAINF-000654,20240527,19,pyrologix,12,none,2024,0.0,0.0,-1,undetected,1,9.489961992702219e-05,0,0.0,False
GaussianBudget50M_LinearMinTime,Lower_2024-CAENF-013979,20240529,17,pyrologix,4,104-58,2024,0.0,0.0,2,drone,1,9.489961992702219e-05,2295,0.004555181756497065,True
GaussianBudget50M_LinearMinTime,Lower_2024-CASNF-000705,20240624,23,pyrologix,1,139-70,2024,0.0,0.0,0,drone,1,9.489961992702219e-05,500,0.0031316874575917325,True
GaussianBudget50M_LinearMinTime,Lukens_2024-CAANF-241820,20240618,21,pyrologix,3,none,2024,0.0,0.0,-1,undetected,1,9.489961992702219e-05,0,0.0,False
GaussianBudget50M_LinearMinTime,Lunch_2024-CATNF-001045,20240804,0,pyrologix,2,77-62,2024,0.0,0.0,0,drone,1,9.489961992702219e-05,775,0.003985784036934932,True
GaussianBudget50M_LinearMinTime,Luther_2024-CATMU-022161,20240805,14,pyrologix,10,102-70,2024,0.0,0.0,0,drone,1,9.489961992702219e-05,4020,0.0037010851771538656,True
GaussianBudget50M_LinearMinTime,Lyons_2024-CACNF-002195,20240921,14,pyrologix,10,none,2024,0.0,0.0,-1,undetected,1,9.489961992702219e-05,0,0.0,False
GaussianBudget50M_LinearMinTime,Lyons_2024-CAENF-023259,20240815,20,pyrologix,2,97-61,2024,0.0,0.0,4,drone,1,9.489961992702219e-05,2240,0.0046500813764240876,True
GaussianBudget50M_LinearMinTime,Lyons_2024-CASTF-000827,20240601,12,pyrologix,11,111-58,2024,0.0,0.0,0,drone,1,9.489961992702219e-05,4055,0.0046500813764240876,True
GaussianBudget50M_LinearMinTime,Lytle_2024-CABDF-008512,20240609,20,pyrologix,4,206-87,2024,0.0,0.0,-1,undetected,1,9.489961992702219e-05,1525,0.004270482896715999,True
GaussianBudget50M_LinearMinTime,Mace_2024-CAAEU-021087,20240726,6,pyrologix,4,97-54,2024,0.0,0.0,0,drone,1,9.489961992702219e-05,1525,0.004365382516643021,True
GaussianBudget50M_LinearMinTime,Mad_Rock_2024-CASRF-000359,20240619,6,pyrologix,10,46-21,2024,0.0,0.0,0,drone,1,9.489961992702219e-05,4500,0.004555181756497065,True
GaussianBudget50M_LinearMinTime,Maddalena_2024-CAPNF-000657,20240706,13,pyrologix,10,77-69,2024,0.0,0.0,0,drone,1,9.489961992702219e-05,3850,0.004365382516643021,True
GaussianBudget50M_LinearMinTime,Madrone_2024-CATNF-000478,20240530,19,pyrologix,2,77-48,2024,0.0,0.0,1,drone,1,9.489961992702219e-05,1425,0.004175583276788976,True
GaussianBudget50M_LinearMinTime,Main_2024-CATNF-001408,20240930,3,pyrologix,6,77-62,2024,0.0,0.0,1,drone,1,9.489961992702219e-05,2540,0.004460282136570043,True
GaussianBudget50M_LinearMinTime,Manzanita_2024-CAANF-242218,20240707,10,pyrologix,1,206-87,2024,0.0,0.0,0,drone,1,9.489961992702219e-05,485,0.002941888217737688,True
GaussianBudget50M_LinearMinTime,Manzanita_2024-CAINF-001157,20240716,14,pyrologix,7,164-82,2024,0.0,0.0,0,drone,1,9.489961992702219e-05,3095,0.004365382516643021,True
GaussianBudget50M_LinearMinTime,Maple_2024-CAANF-243443,20240918,22,pyrologix,3,none,2024,0.0,0.0,-1,undetected,1,9.489961992702219e-05,0,0.0,False
GaussianBudget50M_LinearMinTime,Marina_2024-CASQF-001396,20240729,12,pyrologix,5,172-80,2024,0.0,0.0,0,drone,1,9.489961992702219e-05,2060,0.004555181756497065,True
GaussianBudget50M_LinearMinTime,Maxon_2024-CASNF-000940,20240714,13,pyrologix,5,none,2024,0.0,0.0,-1,undetected,1,9.489961992702219e-05,0,0.0,False
GaussianBudget50M_LinearMinTime,Mcculloh_2024-CAENF-021466,20240729,19,pyrologix,2,90-60,2024,0.0,0.0,0,drone,1,9.489961992702219e-05,1255,0.004270482896715999,True
GaussianBudget50M_LinearMinTime,Mckenzie_2024-CASHF-001018,20241016,21,pyrologix,2,42-46,2024,0.0,0.0,0,drone,1,9.489961992702219e-05,965,0.00389088441700791,True
GaussianBudget50M_LinearMinTime,Mckinstry_2024-CAENF-019734,20240714,18,pyrologix,8,90-60,2024,0.0,0.0,-1,undetected,1,9.489961992702219e-05,5860,0.004460282136570043,True
GaussianBudget50M_LinearMinTime,Mclain_2024-CATNF-000486,20240531,13,pyrologix,7,77-48,2024,0.0,0.0,-1,undetected,1,9.489961992702219e-05,4545,0.004460282136570043,True
GaussianBudget50M_LinearMinTime,Mcleod_2024-CAINF-000910,20240626,17,pyrologix,3,none,2024,0.0,0.0,-1,undetected,1,9.489961992702219e-05,0,0.0,False
GaussianBudget50M_LinearMinTime,Mcnair_2024-CAPNF-000934,20240805,16,pyrologix,7,77-62,2024,0.0,0.0,0,drone,1,9.489961992702219e-05,2835,0.004460282136570043,True
GaussianBudget50M_LinearMinTime,Meadow_2024-CAENF-019852,20240715,18,pyrologix,3,none,2024,0.0,0.0,-1,undetected,1,9.489961992702219e-05,0,0.0,False
GaussianBudget50M_LinearMinTime,Meadow_2024-CAKNF-001865,20240315,14,pyrologix,11,16-26,2024,0.0,0.0,0,drone,1,9.489961992702219e-05,4635,0.004555181756497065,True
GaussianBudget50M_LinearMinTime,Meadow_2024-CAPNF-000360,20240605,23,pyrologix,5,70-57,2024,0.0,0.0,0,drone,1,9.489961992702219e-05,2390,0.0036061855572268433,True
GaussianBudget50M_LinearMinTime,Meadow_2024-CASTF-002049,20240903,20,pyrologix,7,109-64,2024,0.0,0.0,-1,undetected,1,9.489961992702219e-05,4775,0.0040806836568619545,True
GaussianBudget50M_LinearMinTime,Meadow_2024-CATNF-001058,20240805,19,pyrologix,10,none,2024,0.0,0.0,-1,undetected,1,9.489961992702219e-05,0,0.0,False
GaussianBudget50M_LinearMinTime,Merrill_2024-CATNF-001451,20241006,6,pyrologix,9,84-67,2024,0.0,0.0,0,drone,1,9.489961992702219e-05,3670,0.004270482896715999,True
GaussianBudget50M_LinearMinTime,Mesa_2024-CABDF-004531,20240318,15,pyrologix,2,206-87,2024,0.0,0.0,-1,undetected,1,9.489961992702219e-05,1525,0.004270482896715999,True
GaussianBudget50M_LinearMinTime,Meyers_2024-CABDF-007436,20240519,15,pyrologix,11,206-87,2024,0.0,0.0,-1,undetected,1,9.489961992702219e-05,1525,0.004270482896715999,True
GaussianBudget50M_LinearMinTime,Middle_2024-CAPNF-000738,20240714,0,pyrologix,4,70-64,2024,0.0,0.0,-1,undetected,1,9.489961992702219e-05,4010,0.004460282136570043,True
GaussianBudget50M_LinearMinTime,Midnight_2024-CAKNF-008589,20241016,4,pyrologix,5,18-33,2024,0.0,0.0,0,drone,1,9.489961992702219e-05,2160,0.004175583276788976,True
GaussianBudget50M_LinearMinTime,Mike_2024-CALPF-002094,20240820,16,pyrologix,8,none,2024,0.0,0.0,-1,undetected,1,9.489961992702219e-05,0,0.0,False
GaussianBudget50M_LinearMinTime,Milcha_2024-CACNF-002764,20241208,12,pyrologix,9,none,2024,0.0,0.0,-1,undetected,1,9.489961992702219e-05,0,0.0,False
GaussianBudget50M_LinearMinTime,Milford_2024-CAPNF-000276,20240518,1,pyrologix,7,70-64,2024,0.0,0.0,-1,undetected,1,9.489961992702219e-05,5205,0.004460282136570043,True
GaussianBudget50M_LinearMinTime,Mill_2024-CABDF-007176,20240515,18,pyrologix,5,none,2024,0.0,0.0,-1,undetected,1,9.489961992702219e-05,0,0.0,False
GaussianBudget50M_LinearMinTime,Mill_2024-CALPF-000981,20240518,13,pyrologix,6,none,2024,0.0,0.0,-1,undetected,1,9.489961992702219e-05,0,0.0,False
GaussianBudget50M_LinearMinTime,Mill_2024-CAPNF-000832,20240722,20,pyrologix,3,77-62,2024,0.0,0.0,0,drone,1,9.489961992702219e-05,1170,0.004175583276788976,True
GaussianBudget50M_LinearMinTime,Mill_2024-CATNF-000939,20240720,7,pyrologix,2,83-56,2024,0.0,0.0,-1,undetected,1,9.489961992702219e-05,2870,0.004270482896715999,True
GaussianBudget50M_LinearMinTime,Miller_2024-CAMDF-000945,20240916,8,pyrologix,10,39-63,2024,0.0,0.0,0,drone,1,9.489961992702219e-05,3585,0.0046500813764240876,True
GaussianBudget50M_LinearMinTime,Mine_2024-CAPNF-001477,20241030,17,pyrologix,12,64-56,2024,0.0,0.0,0,drone,1,9.489961992702219e-05,4650,0.0040806836568619545,True
GaussianBudget50M_LinearMinTime,Mine_2024-CASNF-000951,20240714,18,pyrologix,9,125-64,2024,0.0,0.0,0,drone,1,9.489961992702219e-05,3785,0.0046500813764240876,True
GaussianBudget50M_LinearMinTime,Miners_2024-CACNF-002617,20241113,17,pyrologix,11,none,2024,0.0,0.0,-1,undetected,1,9.489961992702219e-05,0,0.0,False
GaussianBudget50M_LinearMinTime,Mission_2024-CAMMU-024236,20241017,19,pyrologix,10,132-67,2024,0.0,0.0,0,drone,1,9.489961992702219e-05,4380,0.0040806836568619545,True
GaussianBudget50M_LinearMinTime,Mnf1_2024-CALNU-019072,20241004,22,pyrologix,9,none,2024,0.0,0.0,-1,undetected,1,9.489961992702219e-05,0,0.0,False
GaussianBudget50M_LinearMinTime,Modin_2024-CASHF-001020,20241016,22,pyrologix,2,42-46,2024,0.0,0.0,0,drone,1,9.489961992702219e-05,965,0.00389088441700791,True
GaussianBudget50M_LinearMinTime,Mohawk_2024-CAPNF-000665,20240707,8,pyrologix,1,77-62,2024,0.0,0.0,0,drone,1,9.489961992702219e-05,515,0.003226587077518755,True
GaussianBudget50M_LinearMinTime,Monkey_2024-CAANF-242139,20240705,8,pyrologix,5,none,2024,0.0,0.0,-1,undetected,1,9.489961992702219e-05,0,0.0,False
GaussianBudget50M_LinearMinTime,Moon_2024-CAANF-242974,20240813,18,pyrologix,7,none,2024,0.0,0.0,-1,undetected,1,9.489961992702219e-05,0,0.0,False
GaussianBudget50M_LinearMinTime,Moon_2024-CALNF-000997,20240226,18,pyrologix,2,51-53,2024,0.0,0.0,3,drone,1,9.489961992702219e-05,2400,0.0040806836568619545,True
GaussianBudget50M_LinearMinTime,Moonshine_2024-CATNF-000243,20240321,22,pyrologix,1,83-49,2024,0.0,0.0,0,drone,1,9.489961992702219e-05,630,0.00389088441700791,True
GaussianBudget50M_LinearMinTime,Moore_2024-CASTF-001052,20240624,19,pyrologix,9,118-64,2024,0.0,0.0,0,drone,1,9.489961992702219e-05,3525,0.004555181756497065,True
GaussianBudget50M_LinearMinTime,Morris_2024-CAANF-242830,20240804,22,pyrologix,4,none,2024,0.0,0.0,-1,undetected,1,9.489961992702219e-05,0,0.0,False
GaussianBudget50M_LinearMinTime,Morris_2024-CALAC-271876,20240804,18,pyrologix,11,none,2024,0.0,0.0,-1,undetected,1,9.489961992702219e-05,0,0.0,False
GaussianBudget50M_LinearMinTime,Morris_2024-CASHF-000448,20240621,22,pyrologix,2,39-32,2024,0.0,0.0,4,drone,1,9.489961992702219e-05,2455,0.004460282136570043,True
GaussianBudget50M_LinearMinTime,Mosquito_2024-CAAEU-022315,20240807,0,pyrologix,5,97-54,2024,0.0,0.0,0,drone,1,9.489961992702219e-05,1975,0.004555181756497065,True
GaussianBudget50M_LinearMinTime,Mosquito_2024-CATNF-000771,20240702,18,pyrologix,11,90-54,2024,0.0,0.0,0,drone,1,9.489961992702219e-05,4460,0.0034163863173727986,True
GaussianBudget50M_LinearMinTime,Motor_2024-CAANF-243087,20240823,12,pyrologix,11,none,2024,0.0,0.0,-1,undetected,1,9.489961992702219e-05,0,0.0,False
GaussianBudget50M_LinearMinTime,Mount_2024-CALPF-002316,20240910,15,pyrologix,12,none,2024,0.0,0.0,-1,undetected,1,9.489961992702219e-05,0,0.0,False
GaussianBudget50M_LinearMinTime,Mountain_2024-CATNF-000760,20240702,13,pyrologix,3,83-56,2024,0.0,0.0,-1,undetected,1,9.489961992702219e-05,3230,0.004365382516643021,True
GaussianBudget50M_LinearMinTime,Mouse_2024-CAKNF-006814,20240818,18,pyrologix,5,32-26,2024,0.0,0.0,4,drone,1,9.489961992702219e-05,3600,0.004555181756497065,True
GaussianBudget50M_LinearMinTime,Mp_243-16_Pinc_2024-CARRU-197199,20241222,0,pyrologix,10,218-98,2024,0.0,0.0,0,drone,1,9.489961992702219e-05,4125,0.0034163863173727986,True
GaussianBudget50M_LinearMinTime,Mud_2024-CAMDF-000496,20240724,15,pyrologix,5,none,2024,0.0,0.0,-1,undetected,1,9.489961992702219e-05,0,0.0,False
GaussianBudget50M_LinearMinTime,Mumbo_2024-CASHF-000581,20240715,19,pyrologix,12,34-40,2024,0.0,0.0,0,drone,1,9.489961992702219e-05,4530,0.004555181756497065,True
GaussianBudget50M_LinearMinTime,Muse_2024-CAKNF-006808,20240818,12,pyrologix,10,25-33,2024,0.0,0.0,0,drone,1,9.489961992702219e-05,650,0.002941888217737688,True
GaussianBudget50M_LinearMinTime,Myrtle_2024-CASRF-000727,20240808,18,pyrologix,12,none,2024,0.0,0.0,-1,undetected,1,9.489961992702219e-05,0,0.0,False
GaussianBudget50M_LinearMinTime,Mystery_2024-CASNF-000889,20240710,23,pyrologix,3,none,2024,0.0,0.0,-1,undetected,1,9.489961992702219e-05,0,0.0,False
GaussianBudget50M_LinearMinTime,N_Hwy_138___Old_Mill_Rd_2024-CABDU-010726,20240718,5,pyrologix,7,none,2024,0.0,0.0,-1,undetected,1,9.489961992702219e-05,0,0.0,False
GaussianBudget50M_LinearMinTime,Non_Reportable_2024-CAANF-241146,20240429,16,pyrologix,10,none,2024,0.0,0.0,-1,undetected,1,9.489961992702219e-05,0,0.0,False
GaussianBudget50M_LinearMinTime,North_2024-CAPNF-001479,20241031,23,pyrologix,2,64-56,2024,0.0,0.0,0,drone,1,9.489961992702219e-05,965,0.0036061855572268433,True
GaussianBudget50M_LinearMinTime,North_2024-CASTF-001411,20240716,23,pyrologix,1,none,2024,0.0,0.0,-1,undetected,1,9.489961992702219e-05,0,0.0,False
GaussianBudget50M_LinearMinTime,North_2024-CATNF-001110,20240813,15,pyrologix,4,none,2024,0.0,0.0,-1,undetected,1,9.489961992702219e-05,0,0.0,False
GaussianBudget50M_LinearMinTime,Northern_2024-CAMDF-000879,20240909,12,pyrologix,6,none,2024,0.0,0.0,-1,undetected,1,9.489961992702219e-05,0,0.0,False
GaussianBudget50M_LinearMinTime,Nose_2024-CASRF-000338,20240613,12,pyrologix,10,39-18,2024,0.0,0.0,-1,undetected,1,9.489961992702219e-05,6240,0.004460282136570043,True
GaussianBudget50M_LinearMinTime,Nutmeg_2024-CASNF-000953,20240714,20,pyrologix,7,125-64,2024,0.0,0.0,0,drone,1,9.489961992702219e-05,2810,0.0046500813764240876,True
GaussianBudget50M_LinearMinTime,O_Brien_2024-CASHF-000939,20240924,9,pyrologix,12,none,2024,0.0,0.0,-1,undetected,1,9.489961992702219e-05,0,0.0,False
GaussianBudget50M_LinearMinTime,Oak_2024-CAANF-240330,20240203,0,pyrologix,12,none,2024,0.0,0.0,-1,undetected,1,9.489961992702219e-05,0,0.0,False
GaussianBudget50M_LinearMinTime,Oak_2024-CALPF-002314,20240910,12,pyrologix,10,none,2024,0.0,0.0,-1,undetected,1,9.489961992702219e-05,0,0.0,False
GaussianBudget50M_LinearMinTime,Oaks_2024-CABDF-016085,20241106,12,pyrologix,9,206-87,2024,0.0,0.0,-1,undetected,1,9.489961992702219e-05,1525,0.004270482896715999,True
GaussianBudget50M_LinearMinTime,Old_2024-CABTU-006472,20240412,22,pyrologix,5,77-48,2024,0.0,0.0,0,drone,1,9.489961992702219e-05,2010,0.004270482896715999,True
GaussianBudget50M_LinearMinTime,Old_2024-CASRF-000385,20240623,20,pyrologix,12,none,2024,0.0,0.0,-1,undetected,1,9.489961992702219e-05,0,0.0,False
GaussianBudget50M_LinearMinTime,Olga_2024-CAANF-243956,20241027,7,pyrologix,7,none,2024,0.0,0.0,-1,undetected,1,9.489961992702219e-05,0,0.0,False
GaussianBudget50M_LinearMinTime,Onion_2024-CATNF-001280,20240908,18,pyrologix,2,90-60,2024,0.0,0.0,-1,undetected,1,9.489961992702219e-05,3285,0.004460282136570043,True
GaussianBudget50M_LinearMinTime,Oregon_2024-CAPNF-001514,20241111,22,pyrologix,4,77-48,2024,0.0,0.0,0,drone,1,9.489961992702219e-05,1575,0.004175583276788976,True
GaussianBudget50M_LinearMinTime,Oregon_2024-CASHU-007131,20240704,9,pyrologix,12,46-28,2024,0.0,0.0,0,drone,1,9.489961992702219e-05,4640,0.0046500813764240876,True
GaussianBudget50M_LinearMinTime,Orosco_2024-CACNF-001338,20240712,1,pyrologix,9,none,2024,0.0,0.0,-1,undetected,1,9.489961992702219e-05,0,0.0,False
GaussianBudget50M_LinearMinTime,Osborne_2024-CASTF-001964,20240829,14,pyrologix,1,109-64,2024,0.0,0.0,-1,undetected,1,9.489961992702219e-05,2565,0.0040806836568619545,True
GaussianBudget50M_LinearMinTime,Overlook_2024-CAANF-242134,20240705,1,pyrologix,9,none,2024,0.0,0.0,-1,undetected,1,9.489961992702219e-05,0,0.0,False
GaussianBudget50M_LinearMinTime,Overlook_2024-CACNF-001752,20240810,19,pyrologix,9,none,2024,0.0,0.0,-1,undetected,1,9.489961992702219e-05,0,0.0,False
GaussianBudget50M_LinearMinTime,Owens_River_2024-CAINF-001553,20240826,2,pyrologix,2,none,2024,0.0,0.0,-1,undetected,1,9.489961992702219e-05,0,0.0,False
GaussianBudget50M_LinearMinTime,Owl_2024-CASNF-000945,20240714,18,pyrologix,1,132-67,2024,0.0,0.0,-1,undetected,1,9.489961992702219e-05,2775,0.0040806836568619545,True
GaussianBudget50M_LinearMinTime,Owl_2024-CASRF-000935,20240928,21,pyrologix,5,25-20,2024,0.0,0.0,0,drone,1,9.489961992702219e-05,2350,0.004460282136570043,True
GaussianBudget50M_LinearMinTime,Packsaddle_2024-CASQF-001250,20240713,20,pyrologix,2,165-77,2024,0.0,0.0,0,drone,1,9.489961992702219e-05,995,0.00389088441700791,True
GaussianBudget50M_LinearMinTime,Paddle_2024-CASRF-000778,20240819,11,pyrologix,11,16-26,2024,0.0,0.0,1,drone,1,9.489961992702219e-05,4970,0.004555181756497065,True
GaussianBudget50M_LinearMinTime,Palen_2024-CATNF-000883,20240714,21,pyrologix,10,77-69,2024,0.0,0.0,0,drone,1,9.489961992702219e-05,3930,0.004365382516643021,True
GaussianBudget50M_LinearMinTime,Paloma_2024-CAANF-244637,20241222,23,pyrologix,7,none,2024,0.0,0.0,-1,undetected,1,9.489961992702219e-05,0,0.0,False
GaussianBudget50M_LinearMinTime,Pancake_2024-CAPNF-000473,20240623,11,pyrologix,11,76-55,2024,0.0,0.0,-1,undetected,1,9.489961992702219e-05,6280,0.004555181756497065,True
GaussianBudget50M_LinearMinTime,Panoramic_2024-CABDF-001975,20240206,21,pyrologix,8,225-101,2024,0.0,0.0,1,drone,1,9.489961992702219e-05,3325,0.004555181756497065,True
GaussianBudget50M_LinearMinTime,Park_Creek_Rd___Sly_Park_Rd_2024-CAAEU-009199,20240412,8,pyrologix,12,97-54,2024,0.0,0.0,0,drone,1,9.489961992702219e-05,4700,0.0046500813764240876,True
GaussianBudget50M_LinearMinTime,Pass_2024-CASQF-001363,20240724,17,pyrologix,7,none,2024,0.0,0.0,-1,undetected,1,9.489961992702219e-05,0,0.0,False
GaussianBudget50M_LinearMinTime,Patricks_2024-CASRF-000944,20241001,19,pyrologix,7,none,2024,0.0,0.0,-1,undetected,1,9.489961992702219e-05,0,0.0,False
GaussianBudget50M_LinearMinTime,Patterson_2024-CAMDF-000408,20240717,22,pyrologix,8,none,2024,0.0,0.0,-1,undetected,1,9.489961992702219e-05,0,0.0,False
GaussianBudget50M_LinearMinTime,Patterson_2024-CATNF-001415,20241001,16,pyrologix,8,90-60,2024,0.0,0.0,-1,undetected,1,9.489961992702219e-05,5860,0.004460282136570043,True
GaussianBudget50M_LinearMinTime,Peak_2024-CASTF-002313,20241002,13,pyrologix,12,109-64,2024,0.0,0.0,-1,undetected,1,9.489961992702219e-05,6575,0.0040806836568619545,True
GaussianBudget50M_LinearMinTime,Pearl_2024-CAENF-019645,20240714,1,pyrologix,1,97-61,2024,0.0,0.0,0,drone,1,9.489961992702219e-05,630,0.00389088441700791,True
GaussianBudget50M_LinearMinTime,Peavine_2024-CAENF-030576,20241027,15,pyrologix,8,97-61,2024,0.0,0.0,0,drone,1,9.489961992702219e-05,3075,0.0046500813764240876,True
GaussianBudget50M_LinearMinTime,Pecks_2024-CAPNF-001478,20241030,22,pyrologix,2,64-56,2024,0.0,0.0,0,drone,1,9.489961992702219e-05,965,0.0036061855572268433,True
GaussianBudget50M_LinearMinTime,Pelona_2024-CAANF-243346,20240909,11,pyrologix,9,none,2024,0.0,0.0,-1,undetected,1,9.489961992702219e-05,0,0.0,False
GaussianBudget50M_LinearMinTime,Pencil_2024-CAMDF-000481,20240722,19,pyrologix,4,none,2024,0.0,0.0,-1,undetected,1,9.489961992702219e-05,0,0.0,False
GaussianBudget50M_LinearMinTime,Pendola_2024-CATNF-000345,20240421,14,pyrologix,12,76-55,2024,0.0,0.0,-1,undetected,1,9.489961992702219e-05,6640,0.004555181756497065,True
GaussianBudget50M_LinearMinTime,Perdew_2024-CABDF-014445,20241016,19,pyrologix,11,206-87,2024,0.0,0.0,-1,undetected,1,9.489961992702219e-05,1525,0.004270482896715999,True
GaussianBudget50M_LinearMinTime,Perkins_2024-CASNF-000978,20240717,19,pyrologix,12,none,2024,0.0,0.0,-1,undetected,1,9.489961992702219e-05,0,0.0,False
GaussianBudget50M_LinearMinTime,Phipps_2024-CAENF-019712,20240714,17,pyrologix,6,none,2024,0.0,0.0,-1,undetected,1,9.489961992702219e-05,0,0.0,False
GaussianBudget50M_LinearMinTime,Phipps_2024-CATMU-019712,20240714,18,pyrologix,4,none,2024,0.0,0.0,-1,undetected,1,9.489961992702219e-05,0,0.0,False
GaussianBudget50M_LinearMinTime,Picket_2024-CAENF-026879,20240919,17,pyrologix,1,97-61,2024,0.0,0.0,0,drone,1,9.489961992702219e-05,675,0.003985784036934932,True
GaussianBudget50M_LinearMinTime,Pickett_2024-CASRF-000557,20240714,10,pyrologix,5,53-19,2024,0.0,0.0,1,drone,1,9.489961992702219e-05,2390,0.004460282136570043,True
GaussianBudget50M_LinearMinTime,Picnic_2024-CACNF-002561,20241107,15,pyrologix,12,none,2024,0.0,0.0,-1,undetected,1,9.489961992702219e-05,0,0.0,False
GaussianBudget50M_LinearMinTime,Piedras_2024-CALPF-001480,20240701,12,pyrologix,8,none,2024,0.0,0.0,-1,undetected,1,9.489961992702219e-05,0,0.0,False
GaussianBudget50M_LinearMinTime,Pine_2024-CALPF-002058,20240817,15,pyrologix,1,none,2024,0.0,0.0,-1,undetected,1,9.489961992702219e-05,0,0.0,False
GaussianBudget50M_LinearMinTime,Pine_2024-CATNF-000921,20240718,14,pyrologix,1,83-56,2024,0.0,0.0,-1,undetected,1,9.489961992702219e-05,2505,0.004270482896715999,True
GaussianBudget50M_LinearMinTime,Pinecrest_2024-CASTF-000673,20240514,17,pyrologix,12,109-64,2024,0.0,0.0,-1,undetected,1,9.489961992702219e-05,6575,0.0040806836568619545,True
GaussianBudget50M_LinearMinTime,Pines_2024-CAANF-242216,20240707,7,pyrologix,4,206-87,2024,0.0,0.0,-1,undetected,1,9.489961992702219e-05,1525,0.004270482896715999,True
GaussianBudget50M_LinearMinTime,Pinewood_2024-CABDF-007893,20240527,12,pyrologix,7,218-98,2024,0.0,0.0,0,drone,1,9.489961992702219e-05,2850,0.0034163863173727986,True
GaussianBudget50M_LinearMinTime,Pipe_2024-CAANF-242836,20240805,21,pyrologix,11,none,2024,0.0,0.0,-1,undetected,1,9.489961992702219e-05,0,0.0,False
GaussianBudget50M_LinearMinTime,Pipeline_2024-CASHF-000628,20240724,16,pyrologix,9,46-21,2024,0.0,0.0,0,drone,1,9.489961992702219e-05,3970,0.004555181756497065,True
GaussianBudget50M_LinearMinTime,Pipi_2024-CAENF-018817,20240707,15,pyrologix,9,104-58,2024,0.0,0.0,0,drone,1,9.489961992702219e-05,3460,0.0046500813764240876,True
GaussianBudget50M_LinearMinTime,Pit_2024-CALPF-002505,20241002,22,pyrologix,9,none,2024,0.0,0.0,-1,undetected,1,9.489961992702219e-05,0,0.0,False
GaussianBudget50M_LinearMinTime,Pitman_2024-CABDF-009013,20240621,13,pyrologix,5,206-87,2024,0.0,0.0,-1,undetected,1,9.489961992702219e-05,1525,0.004270482896715999,True
GaussianBudget50M_LinearMinTime,Piute_2024-CASTF-002034,20240902,16,pyrologix,11,none,2024,0.0,0.0,-1,undetected,1,9.489961992702219e-05,0,0.0,False
GaussianBudget50M_LinearMinTime,Plantation_2024-CAMDF-000415,20240717,13,pyrologix,11,none,2024,0.0,0.0,-1,undetected,1,9.489961992702219e-05,0,0.0,False
GaussianBudget50M_LinearMinTime,Plenty_2024-CAANF-242169,20240705,21,pyrologix,4,none,2024,0.0,0.0,-1,undetected,1,9.489961992702219e-05,0,0.0,False
GaussianBudget50M_LinearMinTime,Point_2024-CAMDF-000395,20240715,16,pyrologix,10,none,2024,0.0,0.0,-1,undetected,1,9.489961992702219e-05,0,0.0,False
GaussianBudget50M_LinearMinTime,Point_2024-CASHU-006836,20240627,17,pyrologix,7,44-53,2024,0.0,0.0,0,drone,1,9.489961992702219e-05,2735,0.004555181756497065,True
GaussianBudget50M_LinearMinTime,Point_2024-CASQF-001303,20240718,6,pyrologix,4,172-80,2024,0.0,0.0,0,drone,1,9.489961992702219e-05,1490,0.004460282136570043,True
GaussianBudget50M_LinearMinTime,Poison_2024-CALNF-005125,20240827,18,pyrologix,4,51-53,2024,0.0,0.0,1,drone,1,9.489961992702219e-05,2400,0.0040806836568619545,True
GaussianBudget50M_LinearMinTime,Poison_2024-CASNF-001054,20240724,22,pyrologix,1,none,2024,0.0,0.0,-1,undetected,1,9.489961992702219e-05,0,0.0,False
GaussianBudget50M_LinearMinTime,Poison_2024-CASQF-001232,20240713,21,pyrologix,6,165-77,2024,0.0,0.0,1,drone,1,9.489961992702219e-05,2460,0.004460282136570043,True
GaussianBudget50M_LinearMinTime,Poker_2024-CAKNF-006795,20240818,22,pyrologix,10,16-26,2024,0.0,0.0,0,drone,1,9.489961992702219e-05,4250,0.004555181756497065,True
GaussianBudget50M_LinearMinTime,Porka_2024-CASTF-001365,20240714,11,pyrologix,10,none,2024,0.0,0.0,-1,undetected,1,9.489961992702219e-05,0,0.0,False
GaussianBudget50M_LinearMinTime,Portal_2024-CAANF-242662,20240727,20,pyrologix,7,none,2024,0.0,0.0,-1,undetected,1,9.489961992702219e-05,0,0.0,False
GaussianBudget50M_LinearMinTime,Portal_2024-CAINF-002022,20241104,19,pyrologix,1,none,2024,0.0,0.0,-1,undetected,1,9.489961992702219e-05,0,0.0,False
GaussianBudget50M_LinearMinTime,Portuguese_2024-CAKNF-006636,20240814,0,pyrologix,3,18-33,2024,0.0,0.0,0,drone,1,9.489961992702219e-05,1520,0.004175583276788976,True
GaussianBudget50M_LinearMinTime,Poso_2024-CATUU-000791,20240719,8,pyrologix,4,172-74,2024,0.0,0.0,-1,undetected,1,9.489961992702219e-05,845,0.003795984797080888,True
GaussianBudget50M_LinearMinTime,Post_2024-CASHF-000586,20240716,0,pyrologix,5,46-21,2024,0.0,0.0,1,drone,1,9.489961992702219e-05,2530,0.004460282136570043,True
GaussianBudget50M_LinearMinTime,Power_2024-CAMMU-023174,20241004,22,pyrologix,6,139-70,2024,0.0,0.0,0,drone,1,9.489961992702219e-05,2260,0.004555181756497065,True
GaussianBudget50M_LinearMinTime,Power_2024-CASNF-001545,20240915,14,pyrologix,12,146-71,2024,0.0,0.0,1,drone,1,9.489961992702219e-05,5025,0.004365382516643021,True
GaussianBudget50M_LinearMinTime,Power_2024-CASQF-001097,20240703,0,pyrologix,1,none,2024,0.0,0.0,-1,undetected,1,9.489961992702219e-05,0,0.0,False
GaussianBudget50M_LinearMinTime,Powerhouse_2024-CAANF-242656,20240727,17,pyrologix,6,none,2024,0.0,0.0,-1,undetected,1,9.489961992702219e-05,0,0.0,False
GaussianBudget50M_LinearMinTime,Propane_2024-CASQF-001598,20240830,22,pyrologix,9,none,2024,0.0,0.0,-1,undetected,1,9.489961992702219e-05,0,0.0,False
GaussianBudget50M_LinearMinTime,Prospect_2024-CAPNF-000095,20240226,16,pyrologix,5,77-62,2024,0.0,0.0,0,drone,1,9.489961992702219e-05,1935,0.004365382516643021,True
GaussianBudget50M_LinearMinTime,Prospect_2024-CASHF-001019,20241016,20,pyrologix,3,42-46,2024,0.0,0.0,-1,undetected,1,9.489961992702219e-05,1440,0.0040806836568619545,True
GaussianBudget50M_LinearMinTime,Prosser_2024-CATNF-000497,20240601,15,pyrologix,11,84-67,2024,0.0,0.0,0,drone,1,9.489961992702219e-05,4315,0.004365382516643021,True
GaussianBudget50M_LinearMinTime,Provo_2024-CASTF-000370,20240311,23,pyrologix,7,118-57,2024,0.0,0.0,0,drone,1,9.489961992702219e-05,2695,0.0046500813764240876,True
GaussianBudget50M_LinearMinTime,Punch_2024-CASNF-000934,20240714,20,pyrologix,12,none,2024,0.0,0.0,-1,undetected,1,9.489961992702219e-05,0,0.0,False
GaussianBudget50M_LinearMinTime,Quartz_2024-CASNF-001057,20240725,22,pyrologix,11,131-73,2024,0.0,0.0,0,drone,1,9.489961992702219e-05,4745,0.004555181756497065,True
GaussianBudget50M_LinearMinTime,Rail_2024-CAPNF-000256,20240511,18,pyrologix,2,77-69,2024,0.0,0.0,1,drone,1,9.489961992702219e-05,1535,0.004270482896715999,True
GaussianBudget50M_LinearMinTime,Rainbow_2024-CASHF-000869,20240909,17,pyrologix,1,46-21,2024,0.0,0.0,0,drone,1,9.489961992702219e-05,640,0.003795984797080888,True
GaussianBudget50M_LinearMinTime,Ramp_2024-CATNF-000446,20240525,19,pyrologix,3,84-67,2024,0.0,0.0,0,drone,1,9.489961992702219e-05,1285,0.004270482896715999,True
GaussianBudget50M_LinearMinTime,Ramparts_2024-CATMU-021980,20240803,17,pyrologix,10,none,2024,0.0,0.0,-1,undetected,1,9.489961992702219e-05,0,0.0,False
GaussianBudget50M_LinearMinTime,Ranch_2024-CATNF-001414,20241001,16,pyrologix,5,77-62,2024,0.0,0.0,2,drone,1,9.489961992702219e-05,2540,0.004460282136570043,True
GaussianBudget50M_LinearMinTime,Rancheria_2024-CACNF-002722,20241201,15,pyrologix,3,none,2024,0.0,0.0,-1,undetected,1,9.489961992702219e-05,0,0.0,False
GaussianBudget50M_LinearMinTime,Range_2024-CAANF-243749,20241011,16,pyrologix,2,none,2024,0.0,0.0,-1,undetected,1,9.489961992702219e-05,0,0.0,False
GaussianBudget50M_LinearMinTime,Rattlesnake_2024-CASTF-001325,20240712,23,pyrologix,8,109-64,2024,0.0,0.0,0,drone,1,9.489961992702219e-05,3105,0.0040806836568619545,True
GaussianBudget50M_LinearMinTime,Raymond_2024-CASNF-001072,20240726,16,pyrologix,10,132-67,2024,0.0,0.0,0,drone,1,9.489961992702219e-05,4380,0.0040806836568619545,True
GaussianBudget50M_LinearMinTime,Raywood_2024-CABDF-012213,20240901,21,pyrologix,8,218-98,2024,0.0,0.0,0,drone,1,9.489961992702219e-05,3335,0.0034163863173727986,True
GaussianBudget50M_LinearMinTime,Red_2024-CASHF-000767,20240818,20,pyrologix,7,35-47,2024,0.0,0.0,1,drone,1,9.489961992702219e-05,3135,0.004555181756497065,True
GaussianBudget50M_LinearMinTime,Red_2024-CATNF-000906,20240717,0,pyrologix,4,90-60,2024,0.0,0.0,-1,undetected,1,9.489961992702219e-05,4140,0.004460282136570043,True
GaussianBudget50M_LinearMinTime,Red_2024-CATNF-001349,20240919,12,pyrologix,2,90-60,2024,0.0,0.0,0,drone,1,9.489961992702219e-05,940,0.003985784036934932,True
GaussianBudget50M_LinearMinTime,Redgrove_2024-CASQF-001170,20240708,10,pyrologix,9,165-77,2024,0.0,0.0,0,drone,1,9.489961992702219e-05,3175,0.0046500813764240876,True
GaussianBudget50M_LinearMinTime,Redinger_2024-CASNF-001840,20241115,16,pyrologix,12,139-70,2024,0.0,0.0,-1,undetected,1,9.489961992702219e-05,5145,0.0046500813764240876,True
GaussianBudget50M_LinearMinTime,Redonda_2024-CABDF-015968,20241103,14,pyrologix,8,none,2024,0.0,0.0,-1,undetected,1,9.489961992702219e-05,0,0.0,False
GaussianBudget50M_LinearMinTime,Redwood_2024-CASRF-000862,20240910,10,pyrologix,12,none,2024,0.0,0.0,-1,undetected,1,9.489961992702219e-05,0,0.0,False
GaussianBudget50M_LinearMinTime,Reeves_2024-CAKNF-006815,20240818,19,pyrologix,4,18-33,2024,0.0,0.0,0,drone,1,9.489961992702219e-05,1600,0.004175583276788976,True
GaussianBudget50M_LinearMinTime,Refugio_2024-CALPF-002117,20240823,5,pyrologix,4,none,2024,0.0,0.0,-1,undetected,1,9.489961992702219e-05,0,0.0,False
GaussianBudget50M_LinearMinTime,Remann_2024-CALNF-005700,20240921,11,pyrologix,10,51-53,2024,0.0,0.0,0,drone,1,9.489961992702219e-05,4115,0.004460282136570043,True
GaussianBudget50M_LinearMinTime,Reservoir_2024-CAANF-243574,20240930,16,pyrologix,3,none,2024,0.0,0.0,-1,undetected,1,9.489961992702219e-05,0,0.0,False
GaussianBudget50M_LinearMinTime,Resort_2024-CACNF-002865,20241228,17,pyrologix,7,230-96,2024,0.0,0.0,0,drone,1,9.489961992702219e-05,2955,0.004555181756497065,True
GaussianBudget50M_LinearMinTime,Rest_2024-CAINF-001411,20240810,12,pyrologix,8,none,2024,0.0,0.0,-1,undetected,1,9.489961992702219e-05,0,0.0,False
GaussianBudget50M_LinearMinTime,Rest_2024-CALNF-005560,20240915,0,pyrologix,1,none,2024,0.0,0.0,-1,undetected,1,9.489961992702219e-05,0,0.0,False
GaussianBudget50M_LinearMinTime,Reynolds_2024-CASRF-000287,20240527,1,pyrologix,4,23-25,2024,0.0,0.0,0,drone,1,9.489961992702219e-05,1510,0.0040806836568619545,True
GaussianBudget50M_LinearMinTime,Ridge_2024-CABDF-010876,20240731,14,pyrologix,4,218-98,2024,0.0,0.0,0,drone,1,9.489961992702219e-05,1655,0.0034163863173727986,True
GaussianBudget50M_LinearMinTime,Ridge_2024-CANEU-030573,20241012,22,pyrologix,3,90-54,2024,0.0,0.0,0,drone,1,9.489961992702219e-05,1175,0.0034163863173727986,True
GaussianBudget50M_LinearMinTime,Ridge_2_2024-CASRF-000580,20240715,23,pyrologix,2,39-18,2024,0.0,0.0,1,drone,1,9.489961992702219e-05,1205,0.004365382516643021,True
GaussianBudget50M_LinearMinTime,Rim_2024-CABDF-000408,20240109,16,pyrologix,3,none,2024,0.0,0.0,-1,undetected,1,9.489961992702219e-05,0,0.0,False
GaussianBudget50M_LinearMinTime,River_2024-CAANF-242928,20240811,11,pyrologix,9,none,2024,0.0,0.0,-1,undetected,1,9.489961992702219e-05,0,0.0,False
GaussianBudget50M_LinearMinTime,River_2024-CASHF-000226,20240427,20,pyrologix,2,41-39,2024,0.0,0.0,-1,undetected,1,9.489961992702219e-05,2930,0.004175583276788976,True
GaussianBudget50M_LinearMinTime,River_Park_2024-CAKNF-009213,20241107,20,pyrologix,9,16-26,2024,0.0,0.0,0,drone,1,9.489961992702219e-05,3740,0.004555181756497065,True
GaussianBudget50M_LinearMinTime,Road_2024-CAANF-243400,20240914,11,pyrologix,9,none,2024,0.0,0.0,-1,undetected,1,9.489961992702219e-05,0,0.0,False
GaussianBudget50M_LinearMinTime,Rock_2024-CABDF-009734,20240725,18,pyrologix,8,none,2024,0.0,0.0,-1,undetected,1,9.489961992702219e-05,0,0.0,False
GaussianBudget50M_LinearMinTime,Rock_2024-CALPF-002208,20240902,21,pyrologix,7,none,2024,0.0,0.0,-1,undetected,1,9.489961992702219e-05,0,0.0,False
GaussianBudget50M_LinearMinTime,Rock_2024-CAMDF-000170,20240610,19,pyrologix,11,none,2024,0.0,0.0,-1,undetected,1,9.489961992702219e-05,0,0.0,False
GaussianBudget50M_LinearMinTime,Rock_2024-CASHF-000761,20240818,10,pyrologix,8,46-35,2024,0.0,0.0,0,drone,1,9.489961992702219e-05,2950,0.004175583276788976,True
GaussianBudget50M_LinearMinTime,Rock_2024-CASNF-000717,20240625,15,pyrologix,1,146-71,2024,0.0,0.0,0,drone,1,9.489961992702219e-05,635,0.003511285937299821,True
GaussianBudget50M_LinearMinTime,Rock_2024-CASRF-000607,20240718,13,pyrologix,10,none,2024,0.0,0.0,-1,undetected,1,9.489961992702219e-05,0,0.0,False
GaussianBudget50M_LinearMinTime,Rocky_2024-CATNF-001017,20240803,22,pyrologix,9,84-67,2024,0.0,0.0,0,drone,1,9.489961992702219e-05,3615,0.004270482896715999,True
GaussianBudget50M_LinearMinTime,Rodeo_2024-CASQF-001344,20240718,22,pyrologix,2,164-82,2024,0.0,0.0,0,drone,1,9.489961992702219e-05,1080,0.003795984797080888,True
GaussianBudget50M_LinearMinTime,Rodgers_2024-CASNF-001798,20241103,9,pyrologix,11,146-71,2024,0.0,0.0,5,drone,1,9.489961992702219e-05,6020,0.004460282136570043,True
GaussianBudget50M_LinearMinTime,Root_2024-CASHF-001002,20241010,19,pyrologix,6,34-40,2024,0.0,0.0,0,drone,1,9.489961992702219e-05,2335,0.004555181756497065,True
GaussianBudget50M_LinearMinTime,Rosa_2024-CABDF-017160,20241126,1,pyrologix,7,none,2024,0.0,0.0,-1,undetected,1,9.489961992702219e-05,0,0.0,False
GaussianBudget50M_LinearMinTime,Round_2024-CABDF-007414,20240519,13,pyrologix,6,none,2024,0.0,0.0,-1,undetected,1,9.489961992702219e-05,0,0.0,False
GaussianBudget50M_LinearMinTime,Round_2024-CAPNF-000719,20240711,16,pyrologix,12,64-56,2024,0.0,0.0,0,drone,1,9.489961992702219e-05,4650,0.0040806836568619545,True
GaussianBudget50M_LinearMinTime,Royal_2024-CATNF-000855,20240707,20,pyrologix,6,90-60,2024,0.0,0.0,-1,undetected,1,9.489961992702219e-05,5010,0.004460282136570043,True
GaussianBudget50M_LinearMinTime,Rru_Cove_2024-CABDF-014860,20241025,9,pyrologix,10,218-98,2024,0.0,0.0,0,drone,1,9.489961992702219e-05,4180,0.0034163863173727986,True
GaussianBudget50M_LinearMinTime,Rru_Howard_2024-CABDF-008044,20240530,18,pyrologix,3,225-101,2024,0.0,0.0,0,drone,1,9.489961992702219e-05,1195,0.0040806836568619545,True
GaussianBudget50M_LinearMinTime,Rubbish_2024-CAANF-240976,20240412,14,pyrologix,7,206-87,2024,0.0,0.0,-1,undetected,1,9.489961992702219e-05,1525,0.004270482896715999,True
GaussianBudget50M_LinearMinTime,Ruby_2024-CAANF-242657,20240727,15,pyrologix,12,none,2024,0.0,0.0,-1,undetected,1,9.489961992702219e-05,0,0.0,False
GaussianBudget50M_LinearMinTime,Rucker_2024-CATNF-000985,20240727,17,pyrologix,6,83-56,2024,0.0,0.0,-1,undetected,1,9.489961992702219e-05,4295,0.004365382516643021,True
GaussianBudget50M_LinearMinTime,Ruffey_2024-CAKNF-005725,20240716,16,pyrologix,4,32-33,2024,0.0,0.0,-1,undetected,1,9.489961992702219e-05,1910,0.004175583276788976,True
GaussianBudget50M_LinearMinTime,Runner_2024-CAANF-242659,20240727,17,pyrologix,11,none,2024,0.0,0.0,-1,undetected,1,9.489961992702219e-05,0,0.0,False
GaussianBudget50M_LinearMinTime,Runner_2_2024-CAANF-243959,20241027,14,pyrologix,8,none,2024,0.0,0.0,-1,undetected,1,9.489961992702219e-05,0,0.0,False
GaussianBudget50M_LinearMinTime,Saddle_2024-CAPNF-001253,20240919,22,pyrologix,6,76-55,2024,0.0,0.0,0,drone,1,9.489961992702219e-05,2455,0.0040806836568619545,True
GaussianBudget50M_LinearMinTime,Salt_2024-CAENF-017809,20240630,13,pyrologix,11,none,2024,0.0,0.0,-1,undetected,1,9.489961992702219e-05,0,0.0,False
GaussianBudget50M_LinearMinTime,Sand_2024-CATNF-000885,20240714,0,pyrologix,9,none,2024,0.0,0.0,-1,undetected,1,9.489961992702219e-05,0,0.0,False
GaussianBudget50M_LinearMinTime,Sanhedrin_2024-CAMNF-001449,20241012,20,pyrologix,7,none,2024,0.0,0.0,-1,undetected,1,9.489961992702219e-05,0,0.0,False
GaussianBudget50M_LinearMinTime,Sardine_2024-CASTF-001400,20240716,22,pyrologix,6,none,2024,0.0,0.0,-1,undetected,1,9.489961992702219e-05,0,0.0,False
GaussianBudget50M_LinearMinTime,Scenic_2024-CAINF-000736,20240608,13,pyrologix,12,none,2024,0.0,0.0,-1,undetected,1,9.489961992702219e-05,0,0.0,False
GaussianBudget50M_LinearMinTime,Scotland_2024-CABDF-012756,20240912,21,pyrologix,8,206-87,2024,0.0,0.0,-1,undetected,1,9.489961992702219e-05,1525,0.004270482896715999,True
GaussianBudget50M_LinearMinTime,Scott_2024-CABDF-014959,20241026,1,pyrologix,12,206-87,2024,0.0,0.0,-1,undetected,1,9.489961992702219e-05,1525,0.004270482896715999,True
GaussianBudget50M_LinearMinTime,Seeley_2024-CABDF-015160,20241027,20,pyrologix,5,none,2024,0.0,0.0,-1,undetected,1,9.489961992702219e-05,0,0.0,False
GaussianBudget50M_LinearMinTime,Seiad_2024-CAKNF-007154,20240829,13,pyrologix,11,18-33,2024,0.0,0.0,1,drone,1,9.489961992702219e-05,4880,0.004460282136570043,True
GaussianBudget50M_LinearMinTime,Sepulveda_2024-CABDF-009699,20240705,23,pyrologix,7,none,2024,0.0,0.0,-1,undetected,1,9.489961992702219e-05,0,0.0,False
GaussianBudget50M_LinearMinTime,Shake_2024-CAMDF-000947,20240916,15,pyrologix,3,39-63,2024,0.0,0.0,0,drone,1,9.489961992702219e-05,1430,0.004555181756497065,True
GaussianBudget50M_LinearMinTime,Shanty_2024-CASRF-000614,20240720,1,pyrologix,7,46-21,2024,0.0,0.0,3,drone,1,9.489961992702219e-05,4450,0.004555181756497065,True
GaussianBudget50M_LinearMinTime,Sheep_2024-CABDF-011109,20240805,18,pyrologix,5,206-87,2024,0.0,0.0,-1,undetected,1,9.489961992702219e-05,1525,0.004270482896715999,True
GaussianBudget50M_LinearMinTime,Sheep_2024-CASHF-000789,20240823,1,pyrologix,4,46-35,2024,0.0,0.0,1,drone,1,9.489961992702219e-05,2055,0.003985784036934932,True
GaussianBudget50M_LinearMinTime,Sheephead_2024-CACNF-001245,20240705,6,pyrologix,1,none,2024,0.0,0.0,-1,undetected,1,9.489961992702219e-05,0,0.0,False
GaussianBudget50M_LinearMinTime,Sheering_2024-CASTF-001060,20240625,0,pyrologix,5,118-64,2024,0.0,0.0,0,drone,1,9.489961992702219e-05,1895,0.004555181756497065,True
GaussianBudget50M_LinearMinTime,Shell_2024-CASQF-001024,20240625,22,pyrologix,7,none,2024,0.0,0.0,-1,undetected,1,9.489961992702219e-05,0,0.0,False
GaussianBudget50M_LinearMinTime,Shelley_2024-CATMU-030116,20241022,16,pyrologix,3,none,2024,0.0,0.0,-1,undetected,1,9.489961992702219e-05,0,0.0,False
GaussianBudget50M_LinearMinTime,Shelly_2024-CAKNF-005159,20240703,16,pyrologix,9,25-33,2024,0.0,0.0,-1,undetected,1,9.489961992702219e-05,650,0.002941888217737688,True
GaussianBudget50M_LinearMinTime,Sherwin_2024-CAINF-001851,20241003,19,pyrologix,10,none,2024,0.0,0.0,-1,undetected,1,9.489961992702219e-05,0,0.0,False
GaussianBudget50M_LinearMinTime,Shinn_2024-CASNF-000977,20240716,22,pyrologix,2,none,2024,0.0,0.0,-1,undetected,1,9.489961992702219e-05,0,0.0,False
GaussianBudget50M_LinearMinTime,Shoe_2024-CASHF-000996,20241009,17,pyrologix,6,42-46,2024,0.0,0.0,0,drone,1,9.489961992702219e-05,1440,0.0040806836568619545,True
GaussianBudget50M_LinearMinTime,Shore_2024-CATNF-001163,20240822,2,pyrologix,11,84-67,2024,0.0,0.0,0,drone,1,9.489961992702219e-05,4445,0.004365382516643021,True
GaussianBudget50M_LinearMinTime,Siberia_2024-CABDF-010843,20240730,15,pyrologix,8,none,2024,0.0,0.0,-1,undetected,1,9.489961992702219e-05,0,0.0,False
GaussianBudget50M_LinearMinTime,Sierra_2024-CAANF-242698,20240729,9,pyrologix,11,none,2024,0.0,0.0,-1,undetected,1,9.489961992702219e-05,0,0.0,False
GaussianBudget50M_LinearMinTime,Sierra_2024-CAMMU-018562,20240811,4,pyrologix,1,132-67,2024,0.0,0.0,0,drone,1,9.489961992702219e-05,420,0.0028469885978106655,True
GaussianBudget50M_LinearMinTime,Signal_2024-CASRF-000713,20240805,13,pyrologix,9,none,2024,0.0,0.0,-1,undetected,1,9.489961992702219e-05,0,0.0,False
GaussianBudget50M_LinearMinTime,Silverado_2024-CAANF-243644,20241005,7,pyrologix,9,none,2024,0.0,0.0,-1,undetected,1,9.489961992702219e-05,0,0.0,False
GaussianBudget50M_LinearMinTime,Sirretta_2024-CASQF-001263,20240714,16,pyrologix,4,164-82,2024,0.0,0.0,0,drone,1,9.489961992702219e-05,1985,0.004270482896715999,True
GaussianBudget50M_LinearMinTime,Skyland_2024-CABDF-009823,20240706,10,pyrologix,12,218-98,2024,0.0,0.0,0,drone,1,9.489961992702219e-05,4775,0.0034163863173727986,True
GaussianBudget50M_LinearMinTime,Skyline_2024-CASHF-001147,20241207,17,pyrologix,5,41-39,2024,0.0,0.0,0,drone,1,9.489961992702219e-05,1885,0.004175583276788976,True
GaussianBudget50M_LinearMinTime,Slate_2024-CASRF-000624,20240721,17,pyrologix,2,32-19,2024,0.0,0.0,2,drone,1,9.489961992702219e-05,1725,0.0040806836568619545,True
GaussianBudget50M_LinearMinTime,Sloat_2024-CATNF-001054,20240804,16,pyrologix,7,77-62,2024,0.0,0.0,0,drone,1,9.489961992702219e-05,2595,0.004460282136570043,True
GaussianBudget50M_LinearMinTime,Smith_2024-CAPNF-000834,20240722,21,pyrologix,3,77-62,2024,0.0,0.0,0,drone,1,9.489961992702219e-05,1375,0.004175583276788976,True
GaussianBudget50M_LinearMinTime,Snag_2024-CAMDF-000416,20240717,17,pyrologix,5,none,2024,0.0,0.0,-1,undetected,1,9.489961992702219e-05,0,0.0,False
GaussianBudget50M_LinearMinTime,Snell_2024-CAMDF-000949,20240916,16,pyrologix,4,none,2024,0.0,0.0,-1,undetected,1,9.489961992702219e-05,0,0.0,False
GaussianBudget50M_LinearMinTime,Snow_2024-CABDF-012275,20240901,16,pyrologix,8,none,2024,0.0,0.0,-1,undetected,1,9.489961992702219e-05,0,0.0,False
GaussianBudget50M_LinearMinTime,Snowbird_2024-CASHF-000647,20240727,16,pyrologix,9,41-39,2024,0.0,0.0,0,drone,1,9.489961992702219e-05,3690,0.004365382516643021,True
GaussianBudget50M_LinearMinTime,Soap_2024-CASTF-002267,20240927,17,pyrologix,3,111-58,2024,0.0,0.0,0,drone,1,9.489961992702219e-05,1210,0.004460282136570043,True
GaussianBudget50M_LinearMinTime,Somes_2024-CASRF-000901,20240920,1,pyrologix,4,none,2024,0.0,0.0,-1,undetected,1,9.489961992702219e-05,0,0.0,False
GaussianBudget50M_LinearMinTime,South_2024-CAINF-001975,20241025,15,pyrologix,12,none,2024,0.0,0.0,-1,undetected,1,9.489961992702219e-05,0,0.0,False
GaussianBudget50M_LinearMinTime,South_2024-CASKU-003966,20240530,17,pyrologix,11,34-40,2024,0.0,0.0,2,drone,1,9.489961992702219e-05,4690,0.004555181756497065,True
GaussianBudget50M_LinearMinTime,South_Crater_2024-CAINF-001246,20240723,1,pyrologix,6,none,2024,0.0,0.0,-1,undetected,1,9.489961992702219e-05,0,0.0,False
GaussianBudget50M_LinearMinTime,Spaulding_2024-CATNF-000682,20240623,19,pyrologix,4,83-56,2024,0.0,0.0,-1,undetected,1,9.489961992702219e-05,3570,0.004365382516643021,True
GaussianBudget50M_LinearMinTime,Spider_2024-CASHF-000844,20240904,14,pyrologix,8,39-32,2024,0.0,0.0,-1,undetected,1,9.489961992702219e-05,5040,0.004555181756497065,True
GaussianBudget50M_LinearMinTime,Spillway_2024-CABDF-007081,20240512,22,pyrologix,2,225-101,2024,0.0,0.0,0,drone,1,9.489961992702219e-05,775,0.003985784036934932,True
GaussianBudget50M_LinearMinTime,Spring_2024-CAENF-016530,20240620,22,pyrologix,6,97-61,2024,0.0,0.0,0,drone,1,9.489961992702219e-05,2240,0.0046500813764240876,True
GaussianBudget50M_LinearMinTime,Spring_2024-CAKNF-006816,20240818,20,pyrologix,2,18-33,2024,0.0,0.0,0,drone,1,9.489961992702219e-05,1055,0.003795984797080888,True
GaussianBudget50M_LinearMinTime,Spring_2024-CAMDF-000414,20240717,16,pyrologix,2,none,2024,0.0,0.0,-1,undetected,1,9.489961992702219e-05,0,0.0,False
GaussianBudget50M_LinearMinTime,Spring_2024-CAPNF-001286,20240927,0,pyrologix,1,70-64,2024,0.0,0.0,0,drone,1,9.489961992702219e-05,725,0.0037010851771538656,True
GaussianBudget50M_LinearMinTime,Spring_2024-CASQF-001764,20240923,7,pyrologix,7,165-77,2024,0.0,0.0,0,drone,1,9.489961992702219e-05,2515,0.004460282136570043,True
GaussianBudget50M_LinearMinTime,Springs_2024-CATNF-001018,20240803,22,pyrologix,11,84-67,2024,0.0,0.0,0,drone,1,9.489961992702219e-05,4500,0.004365382516643021,True
GaussianBudget50M_LinearMinTime,Spunky_2024-CAANF-242018,20240630,21,pyrologix,10,none,2024,0.0,0.0,-1,undetected,1,9.489961992702219e-05,0,0.0,False
GaussianBudget50M_LinearMinTime,Spur_2024-CAINF-001424,20240811,10,pyrologix,12,none,2024,0.0,0.0,-1,undetected,1,9.489961992702219e-05,0,0.0,False
GaussianBudget50M_LinearMinTime,Spur_2024-CAMDF-000346,20240710,12,pyrologix,10,39-63,2024,0.0,0.0,0,drone,1,9.489961992702219e-05,3855,0.0046500813764240876,True
GaussianBudget50M_LinearMinTime,Star_2024-CASHF-000450,20240622,15,pyrologix,12,46-21,2024,0.0,0.0,0,drone,1,9.489961992702219e-05,5045,0.004555181756497065,True
GaussianBudget50M_LinearMinTime,Starvation_2024-CASQF-001512,20240818,0,pyrologix,9,165-77,2024,0.0,0.0,0,drone,1,9.489961992702219e-05,3330,0.0046500813764240876,True
GaussianBudget50M_LinearMinTime,Stead_2024-CAMDF-000982,20240920,21,pyrologix,1,none,2024,0.0,0.0,-1,undetected,1,9.489961992702219e-05,0,0.0,False
GaussianBudget50M_LinearMinTime,Steep_2024-CABDF-012020,20240827,9,pyrologix,7,none,2024,0.0,0.0,-1,undetected,1,9.489961992702219e-05,0,0.0,False
GaussianBudget50M_LinearMinTime,Stick_2024-CABDF-012596,20240907,20,pyrologix,6,none,2024,0.0,0.0,-1,undetected,1,9.489961992702219e-05,0,0.0,False
GaussianBudget50M_LinearMinTime,Stock_2024-CAMDF-000592,20240805,22,pyrologix,4,none,2024,0.0,0.0,-1,undetected,1,9.489961992702219e-05,0,0.0,False
GaussianBudget50M_LinearMinTime,Stokes_2024-CACNF-001574,20240727,18,pyrologix,4,none,2024,0.0,0.0,-1,undetected,1,9.489961992702219e-05,0,0.0,False
GaussianBudget50M_LinearMinTime,Strawberry_2024-CAPNF-000895,20240731,16,pyrologix,4,76-55,2024,0.0,0.0,4,drone,1,9.489961992702219e-05,3255,0.0040806836568619545,True
GaussianBudget50M_LinearMinTime,Strike_2024-CABDF-012602,20240908,19,pyrologix,11,none,2024,0.0,0.0,-1,undetected,1,9.489961992702219e-05,0,0.0,False
GaussianBudget50M_LinearMinTime,Stuart_2024-CASHF-000414,20240616,17,pyrologix,7,39-32,2024,0.0,0.0,-1,undetected,1,9.489961992702219e-05,4680,0.004460282136570043,True
GaussianBudget50M_LinearMinTime,Stump_2024-CASRF-000684,20240731,21,pyrologix,5,none,2024,0.0,0.0,-1,undetected,1,9.489961992702219e-05,0,0.0,False
GaussianBudget50M_LinearMinTime,Stump_2024-CASTF-001458,20240720,17,pyrologix,12,109-64,2024,0.0,0.0,-1,undetected,1,9.489961992702219e-05,6575,0.0040806836568619545,True
GaussianBudget50M_LinearMinTime,Sugar_2024-CABDF-010319,20240717,13,pyrologix,11,none,2024,0.0,0.0,-1,undetected,1,9.489961992702219e-05,0,0.0,False
GaussianBudget50M_LinearMinTime,Sugar_2024-CATNF-001025,20240803,6,pyrologix,2,90-54,2024,0.0,0.0,-1,undetected,1,9.489961992702219e-05,3000,0.0034163863173727986,True
GaussianBudget50M_LinearMinTime,Sugar_2024-CATNF-001197,20240826,18,pyrologix,3,83-56,2024,0.0,0.0,0,drone,1,9.489961992702219e-05,1410,0.004270482896715999,True
GaussianBudget50M_LinearMinTime,Sugarloaf_2024-CAANF-243521,20240926,21,pyrologix,5,206-87,2024,0.0,0.0,-1,undetected,1,9.489961992702219e-05,1525,0.004270482896715999,True
GaussianBudget50M_LinearMinTime,Sulphur_2024-CAKNF-004181,20240606,20,pyrologix,7,23-25,2024,0.0,0.0,-1,undetected,1,9.489961992702219e-05,4780,0.0046500813764240876,True
GaussianBudget50M_LinearMinTime,Summit_2024-CASQF-001071,20240629,17,pyrologix,7,none,2024,0.0,0.0,-1,undetected,1,9.489961992702219e-05,0,0.0,False
GaussianBudget50M_LinearMinTime,Sun_2024-CATCU-003101,20240311,22,pyrologix,9,118-57,2024,0.0,0.0,0,drone,1,9.489961992702219e-05,3420,0.0046500813764240876,True
GaussianBudget50M_LinearMinTime,Sunrise_2024-CAANF-241996,20240628,21,pyrologix,1,none,2024,0.0,0.0,-1,undetected,1,9.489961992702219e-05,0,0.0,False
GaussianBudget50M_LinearMinTime,Sunrise_2_2024-CAANF-242055,20240701,16,pyrologix,10,206-87,2024,0.0,0.0,-1,undetected,1,9.489961992702219e-05,1525,0.004270482896715999,True
GaussianBudget50M_LinearMinTime,Sunset_2024-CAENF-024412,20240827,17,pyrologix,6,97-61,2024,0.0,0.0,2,drone,1,9.489961992702219e-05,2975,0.0046500813764240876,True
GaussianBudget50M_LinearMinTime,Sunshine_2024-CAANF-244639,20241222,2,pyrologix,5,none,2024,0.0,0.0,-1,undetected,1,9.489961992702219e-05,0,0.0,False
GaussianBudget50M_LinearMinTime,Suzy_2024-CASRF-000368,20240621,0,pyrologix,5,39-18,2024,0.0,0.0,0,drone,1,9.489961992702219e-05,2105,0.004365382516643021,True
GaussianBudget50M_LinearMinTime,Swaggert_Timber_Sale_2024-CAMDF-000887,20240910,14,pyrologix,5,none,2024,0.0,0.0,-1,undetected,1,9.489961992702219e-05,0,0.0,False
GaussianBudget50M_LinearMinTime,Swarthout_2024-CABDF-016024,20241104,4,pyrologix,4,206-87,2024,0.0,0.0,-1,undetected,1,9.489961992702219e-05,1525,0.004270482896715999,True
GaussianBudget50M_LinearMinTime,Sycamore_2024-CABDF-001018,20240121,20,pyrologix,6,none,2024,0.0,0.0,-1,undetected,1,9.489961992702219e-05,0,0.0,False
GaussianBudget50M_LinearMinTime,Talbot_2024-CATNF-000904,20240716,16,pyrologix,1,90-60,2024,0.0,0.0,-1,undetected,1,9.489961992702219e-05,2930,0.004460282136570043,True
GaussianBudget50M_LinearMinTime,Tamarack_2024-CASHF-000630,20240724,17,pyrologix,11,41-39,2024,0.0,0.0,3,drone,1,9.489961992702219e-05,5175,0.0046500813764240876,True
GaussianBudget50M_LinearMinTime,Tamarack_2024-CASNF-000704,20240624,23,pyrologix,2,139-70,2024,0.0,0.0,0,drone,1,9.489961992702219e-05,930,0.003795984797080888,True
GaussianBudget50M_LinearMinTime,Tank_2024-CAANF-243112,20240824,17,pyrologix,9,none,2024,0.0,0.0,-1,undetected,1,9.489961992702219e-05,0,0.0,False
GaussianBudget50M_LinearMinTime,Tar_2024-CALPF-001515,20240704,4,pyrologix,6,none,2024,0.0,0.0,-1,undetected,1,9.489961992702219e-05,0,0.0,False
GaussianBudget50M_LinearMinTime,Taylors_2024-CAPNF-000831,20240722,18,pyrologix,6,63-64,2024,0.0,0.0,-1,undetected,1,9.489961992702219e-05,4445,0.004175583276788976,True
GaussianBudget50M_LinearMinTime,Tecuya_2024-CALPF-002553,20241006,13,pyrologix,7,none,2024,0.0,0.0,-1,undetected,1,9.489961992702219e-05,0,0.0,False
GaussianBudget50M_LinearMinTime,Telegraph_2024-CAANF-243254,20240903,20,pyrologix,3,206-87,2024,0.0,0.0,0,drone,1,9.489961992702219e-05,1245,0.004175583276788976,True
GaussianBudget50M_LinearMinTime,Tells_2024-CAENF-023159,20240814,22,pyrologix,3,97-61,2024,0.0,0.0,1,drone,1,9.489961992702219e-05,1555,0.004460282136570043,True
GaussianBudget50M_LinearMinTime,Temple_2024-CAKNF-003997,20240531,16,pyrologix,8,28-47,2024,0.0,0.0,-1,undetected,1,9.489961992702219e-05,1485,0.004270482896715999,True
GaussianBudget50M_LinearMinTime,Templin_2024-CAANF-241629,20240607,1,pyrologix,5,none,2024,0.0,0.0,-1,undetected,1,9.489961992702219e-05,0,0.0,False
GaussianBudget50M_LinearMinTime,Ten_Mile_2024-CASQF-000670,20240526,18,pyrologix,7,none,2024,0.0,0.0,-1,undetected,1,9.489961992702219e-05,0,0.0,False
GaussianBudget50M_LinearMinTime,Tenaja_2024-CACNF-001874,20240825,16,pyrologix,5,none,2024,0.0,0.0,-1,undetected,1,9.489961992702219e-05,0,0.0,False
GaussianBudget50M_LinearMinTime,Thousand_2024-CAINF-001270,20240725,10,pyrologix,11,none,2024,0.0,0.0,-1,undetected,1,9.489961992702219e-05,0,0.0,False
GaussianBudget50M_LinearMinTime,Thunder_2024-CAENF-025870,20240909,17,pyrologix,7,none,2024,0.0,0.0,-1,undetected,1,9.489961992702219e-05,0,0.0,False
GaussianBudget50M_LinearMinTime,Timber_2024-CASHF-000912,20240918,14,pyrologix,6,37-52,2024,0.0,0.0,0,drone,1,9.489961992702219e-05,2280,0.0046500813764240876,True
GaussianBudget50M_LinearMinTime,Timber_2024-CASHU-004313,20240429,23,pyrologix,7,44-53,2024,0.0,0.0,2,drone,1,9.489961992702219e-05,3490,0.004555181756497065,True
GaussianBudget50M_LinearMinTime,Timber_2024-CASHU-013961,20241208,19,pyrologix,3,44-53,2024,0.0,0.0,-1,undetected,1,9.489961992702219e-05,3240,0.004555181756497065,True
GaussianBudget50M_LinearMinTime,Tnf-Madrone_2024-CANEU-014985,20240530,19,pyrologix,4,77-48,2024,0.0,0.0,-1,undetected,1,9.489961992702219e-05,3520,0.004460282136570043,True
GaussianBudget50M_LinearMinTime,Tom_2024-CAKNF-005764,20240717,14,pyrologix,9,18-33,2024,0.0,0.0,2,drone,1,9.489961992702219e-05,4295,0.004460282136570043,True
GaussianBudget50M_LinearMinTime,Tom_2024-CASNF-000726,20240625,18,pyrologix,6,131-73,2024,0.0,0.0,0,drone,1,9.489961992702219e-05,2765,0.004460282136570043,True
GaussianBudget50M_LinearMinTime,Track_2024-CATNF-001069,20240806,17,pyrologix,4,77-62,2024,0.0,0.0,0,drone,1,9.489961992702219e-05,1540,0.004365382516643021,True
GaussianBudget50M_LinearMinTime,Trail_2024-CAKNF-006785,20240818,20,pyrologix,9,32-33,2024,0.0,0.0,-1,undetected,1,9.489961992702219e-05,1910,0.004175583276788976,True
GaussianBudget50M_LinearMinTime,Trail_2024-CALPF-000839,20240430,18,pyrologix,6,none,2024,0.0,0.0,-1,undetected,1,9.489961992702219e-05,0,0.0,False
GaussianBudget50M_LinearMinTime,Trailhead_2024-CASTF-002413,20241012,15,pyrologix,9,none,2024,0.0,0.0,-1,undetected,1,9.489961992702219e-05,0,0.0,False
GaussianBudget50M_LinearMinTime,Train_2024-CABDF-011648,20240817,18,pyrologix,10,none,2024,0.0,0.0,-1,undetected,1,9.489961992702219e-05,0,0.0,False
GaussianBudget50M_LinearMinTime,Trinity_2024-CASRF-000333,20240612,15,pyrologix,11,39-18,2024,0.0,0.0,-1,undetected,1,9.489961992702219e-05,6660,0.004460282136570043,True
GaussianBudget50M_LinearMinTime,Trinity_River_Camp_Shfweavville_2024-CASHU-009224,20240818,3,pyrologix,1,46-35,2024,0.0,0.0,0,drone,1,9.489961992702219e-05,580,0.00303678783766471,True
GaussianBudget50M_LinearMinTime,Trout_2024-CASQF-001240,20240713,10,pyrologix,12,164-82,2024,0.0,0.0,0,drone,1,9.489961992702219e-05,4695,0.004555181756497065,True
GaussianBudget50M_LinearMinTime,Turk_2024-CABDF-004555,20240319,10,pyrologix,5,206-87,2024,0.0,0.0,-1,undetected,1,9.489961992702219e-05,1525,0.004270482896715999,True
GaussianBudget50M_LinearMinTime,Turkey_2024-CALPF-001493,20240702,12,pyrologix,11,none,2024,0.0,0.0,-1,undetected,1,9.489961992702219e-05,0,0.0,False
GaussianBudget50M_LinearMinTime,Tv_2024-CATNF-001039,20240803,18,pyrologix,9,77-69,2024,0.0,0.0,1,drone,1,9.489961992702219e-05,4025,0.004365382516643021,True
GaussianBudget50M_LinearMinTime,Twin_2024-CAPNF-000339,20240531,23,pyrologix,3,77-62,2024,0.0,0.0,0,drone,1,9.489961992702219e-05,1120,0.004175583276788976,True
GaussianBudget50M_LinearMinTime,Ullathorne_2024-CASRF-000882,20240914,0,pyrologix,8,32-19,2024,0.0,0.0,1,drone,1,9.489961992702219e-05,3840,0.0046500813764240876,True
GaussianBudget50M_LinearMinTime,Unattended_2024-CASTF-002156,20240914,18,pyrologix,2,none,2024,0.0,0.0,-1,undetected,1,9.489961992702219e-05,0,0.0,False
GaussianBudget50M_LinearMinTime,Under_2024-CASHF-000423,20240618,23,pyrologix,3,39-18,2024,0.0,0.0,-1,undetected,1,9.489961992702219e-05,3440,0.004460282136570043,True
GaussianBudget50M_LinearMinTime,Union_2024-CASTF-002004,20240901,23,pyrologix,2,109-64,2024,0.0,0.0,0,drone,1,9.489961992702219e-05,1050,0.0040806836568619545,True
GaussianBudget50M_LinearMinTime,Union_2024-CATNF-000234,20240321,21,pyrologix,7,76-55,2024,0.0,0.0,4,drone,1,9.489961992702219e-05,4440,0.004365382516643021,True
GaussianBudget50M_LinearMinTime,Upper_2024-CAANF-243923,20241025,9,pyrologix,12,none,2024,0.0,0.0,-1,undetected,1,9.489961992702219e-05,0,0.0,False
GaussianBudget50M_LinearMinTime,Upper_2024-CABDF-014731,20241021,21,pyrologix,3,206-87,2024,0.0,0.0,-1,undetected,1,9.489961992702219e-05,1525,0.004270482896715999,True
GaussianBudget50M_LinearMinTime,Upper_2024-CATMU-026524,20240916,20,pyrologix,11,none,2024,0.0,0.0,-1,undetected,1,9.489961992702219e-05,0,0.0,False
GaussianBudget50M_LinearMinTime,Utica_2024-CASTF-001848,20240816,17,pyrologix,4,109-64,2024,0.0,0.0,0,drone,1,9.489961992702219e-05,1515,0.0040806836568619545,True
GaussianBudget50M_LinearMinTime,Valentine_2024-CAINF-000771,20240612,21,pyrologix,11,none,2024,0.0,0.0,-1,undetected,1,9.489961992702219e-05,0,0.0,False
GaussianBudget50M_LinearMinTime,Valley_2024-CAMDF-000116,20240521,17,pyrologix,8,none,2024,0.0,0.0,-1,undetected,1,9.489961992702219e-05,0,0.0,False
GaussianBudget50M_LinearMinTime,Valley_2024-CATMU-016096,20240616,16,pyrologix,12,none,2024,0.0,0.0,-1,undetected,1,9.489961992702219e-05,0,0.0,False
GaussianBudget50M_LinearMinTime,Valley_2024-CATNF-001417,20241002,6,pyrologix,1,84-67,2024,0.0,0.0,0,drone,1,9.489961992702219e-05,450,0.0031316874575917325,True
GaussianBudget50M_LinearMinTime,Van_Sickle_2024-CATMU-010359,20240424,13,pyrologix,9,none,2024,0.0,0.0,-1,undetected,1,9.489961992702219e-05,0,0.0,False
GaussianBudget50M_LinearMinTime,Veronica_2024-CAANF-243913,20241024,16,pyrologix,2,none,2024,0.0,0.0,-1,undetected,1,9.489961992702219e-05,0,0.0,False
GaussianBudget50M_LinearMinTime,Viejas_2024-CACNF-001834,20240821,12,pyrologix,8,none,2024,0.0,0.0,-1,undetected,1,9.489961992702219e-05,0,0.0,False
GaussianBudget50M_LinearMinTime,View_2024-CABDF-017150,20241126,23,pyrologix,4,225-101,2024,0.0,0.0,0,drone,1,9.489961992702219e-05,1540,0.004365382516643021,True
GaussianBudget50M_LinearMinTime,View_2024-CACNF-002168,20240918,19,pyrologix,2,none,2024,0.0,0.0,-1,undetected,1,9.489961992702219e-05,0,0.0,False
GaussianBudget50M_LinearMinTime,Village_2024-CASRF-000143,20240408,16,pyrologix,8,39-18,2024,0.0,0.0,-1,undetected,1,9.489961992702219e-05,5495,0.004460282136570043,True
GaussianBudget50M_LinearMinTime,Violin_2024-CAANF-244304,20241123,22,pyrologix,9,none,2024,0.0,0.0,-1,undetected,1,9.489961992702219e-05,0,0.0,False
GaussianBudget50M_LinearMinTime,Vista_2024-CAANF-241533,20240530,7,pyrologix,2,none,2024,0.0,0.0,-1,undetected,1,9.489961992702219e-05,0,0.0,False
GaussianBudget50M_LinearMinTime,Vista_2024-CABDF-009908,20240707,15,pyrologix,3,206-87,2024,0.0,0.0,0,drone,1,9.489961992702219e-05,1430,0.004270482896715999,True
GaussianBudget50M_LinearMinTime,Vista_2024-CAPNF-000281,20240520,1,pyrologix,5,77-62,2024,0.0,0.0,1,drone,1,9.489961992702219e-05,2350,0.004460282136570043,True
GaussianBudget50M_LinearMinTime,Vogel_2024-CAANF-244517,20241212,19,pyrologix,11,none,2024,0.0,0.0,-1,undetected,1,9.489961992702219e-05,0,0.0,False
GaussianBudget50M_LinearMinTime,Volcanoville_2024-CAENF-012090,20240511,21,pyrologix,5,90-54,2024,0.0,0.0,0,drone,1,9.489961992702219e-05,2085,0.0034163863173727986,True
GaussianBudget50M_LinearMinTime,Votaw_2024-CAENF-019847,20240715,17,pyrologix,3,none,2024,0.0,0.0,-1,undetected,1,9.489961992702219e-05,0,0.0,False
GaussianBudget50M_LinearMinTime,Warm_2024-CAANF-242190,20240706,12,pyrologix,10,none,2024,0.0,0.0,-1,undetected,1,9.489961992702219e-05,0,0.0,False
GaussianBudget50M_LinearMinTime,Warner_2024-CAMDF-000173,20240610,17,pyrologix,11,none,2024,0.0,0.0,-1,undetected,1,9.489961992702219e-05,0,0.0,False
GaussianBudget50M_LinearMinTime,Waterfall_2024-CASRF-000018,20240115,9,pyrologix,5,39-18,2024,0.0,0.0,0,drone,1,9.489961992702219e-05,2105,0.004365382516643021,True
GaussianBudget50M_LinearMinTime,Waterman_2024-CASRF-000591,20240716,23,pyrologix,5,39-18,2024,0.0,0.0,3,drone,1,9.489961992702219e-05,3185,0.004460282136570043,True
GaussianBudget50M_LinearMinTime,Waterman_2_2024-CABDF-011489,20240814,13,pyrologix,11,none,2024,0.0,0.0,-1,undetected,1,9.489961992702219e-05,0,0.0,False
GaussianBudget50M_LinearMinTime,Waucoba_2024-CAINF-002044,20241111,14,pyrologix,7,none,2024,0.0,0.0,-1,undetected,1,9.489961992702219e-05,0,0.0,False
GaussianBudget50M_LinearMinTime,Weaver_2024-CASQF-002014,20241101,17,pyrologix,8,none,2024,0.0,0.0,-1,undetected,1,9.489961992702219e-05,0,0.0,False
GaussianBudget50M_LinearMinTime,Webber_2024-CATNF-000788,20240704,18,pyrologix,10,none,2024,0.0,0.0,-1,undetected,1,9.489961992702219e-05,0,0.0,False
GaussianBudget50M_LinearMinTime,Weeds_2024-CATNF-000824,20240706,7,pyrologix,11,83-56,2024,0.0,0.0,5,drone,1,9.489961992702219e-05,5940,0.004555181756497065,True
GaussianBudget50M_LinearMinTime,Weigh_2024-CABDF-010655,20240726,10,pyrologix,5,206-87,2024,0.0,0.0,-1,undetected,1,9.489961992702219e-05,1525,0.004270482896715999,True
GaussianBudget50M_LinearMinTime,Weiser_2024-CASTF-001952,20240827,18,pyrologix,3,109-64,2024,0.0,0.0,-1,undetected,1,9.489961992702219e-05,3300,0.0040806836568619545,True
GaussianBudget50M_LinearMinTime,West_2024-CALNF-003765,20240704,1,pyrologix,6,64-56,2024,0.0,0.0,0,drone,1,9.489961992702219e-05,2470,0.003795984797080888,True
GaussianBudget50M_LinearMinTime,West_2024-CASHF-000756,20240818,22,pyrologix,5,53-26,2024,0.0,0.0,1,drone,1,9.489961992702219e-05,2530,0.004175583276788976,True
GaussianBudget50M_LinearMinTime,West_2024-CASNF-001345,20240827,18,pyrologix,8,none,2024,0.0,0.0,-1,undetected,1,9.489961992702219e-05,0,0.0,False
GaussianBudget50M_LinearMinTime,Whaleback_E-2_2024-CALNF-004085,20240714,7,pyrologix,9,53-62,2024,0.0,0.0,0,drone,1,9.489961992702219e-05,3420,0.004175583276788976,True
GaussianBudget50M_LinearMinTime,Wheeler_2024-CAINF-000885,20240624,19,pyrologix,6,none,2024,0.0,0.0,-1,undetected,1,9.489961992702219e-05,0,0.0,False
GaussianBudget50M_LinearMinTime,Wheeler_2024-CASTF-001396,20240715,17,pyrologix,5,none,2024,0.0,0.0,-1,undetected,1,9.489961992702219e-05,0,0.0,False
GaussianBudget50M_LinearMinTime,Wheeler_2024-CATNF-001278,20240908,0,pyrologix,7,90-60,2024,0.0,0.0,-1,undetected,1,9.489961992702219e-05,5445,0.004460282136570043,True
GaussianBudget50M_LinearMinTime,Whitaker_2024-CAANF-242087,20240703,14,pyrologix,10,none,2024,0.0,0.0,-1,undetected,1,9.489961992702219e-05,0,0.0,False
GaussianBudget50M_LinearMinTime,Whitney_2024-CASHF-000106,20240226,21,pyrologix,2,28-47,2024,0.0,0.0,0,drone,1,9.489961992702219e-05,960,0.003985784036934932,True
GaussianBudget50M_LinearMinTime,Whitney_2024-CASRF-000393,20240624,11,pyrologix,7,32-19,2024,0.0,0.0,2,drone,1,9.489961992702219e-05,3840,0.0046500813764240876,True
GaussianBudget50M_LinearMinTime,Wildwood_2024-CAENF-031373,20241105,15,pyrologix,5,97-61,2024,0.0,0.0,0,drone,1,9.489961992702219e-05,2085,0.004555181756497065,True
GaussianBudget50M_LinearMinTime,Wildwood_2024-CASHF-000354,20240531,19,pyrologix,1,53-26,2024,0.0,0.0,0,drone,1,9.489961992702219e-05,485,0.00303678783766471,True
GaussianBudget50M_LinearMinTime,Williams_2024-CAANF-243831,20241017,21,pyrologix,6,206-87,2024,0.0,0.0,-1,undetected,1,9.489961992702219e-05,1525,0.004270482896715999,True
GaussianBudget50M_LinearMinTime,Willow_2024-CALPF-002515,20241002,21,pyrologix,4,none,2024,0.0,0.0,-1,undetected,1,9.489961992702219e-05,0,0.0,False
GaussianBudget50M_LinearMinTime,Willow_2024-CAMDF-001006,20240925,18,pyrologix,7,none,2024,0.0,0.0,-1,undetected,1,9.489961992702219e-05,0,0.0,False
GaussianBudget50M_LinearMinTime,Willow_2024-CAPNF-001522,20241113,21,pyrologix,8,77-62,2024,0.0,0.0,0,drone,1,9.489961992702219e-05,3015,0.004460282136570043,True
GaussianBudget50M_LinearMinTime,Willow_2024-CASQF-001294,20240717,3,pyrologix,7,none,2024,0.0,0.0,-1,undetected,1,9.489961992702219e-05,0,0.0,False
GaussianBudget50M_LinearMinTime,Willow_2024-CASRF-000670,20240729,21,pyrologix,6,39-18,2024,0.0,0.0,1,drone,1,9.489961992702219e-05,2735,0.004365382516643021,True
GaussianBudget50M_LinearMinTime,Wilson_2024-CAKNF-005121,20240702,20,pyrologix,4,23-25,2024,0.0,0.0,0,drone,1,9.489961992702219e-05,1770,0.0040806836568619545,True
GaussianBudget50M_LinearMinTime,Wintun_2024-CASRF-000477,20240706,23,pyrologix,4,46-21,2024,0.0,0.0,-1,undetected,1,9.489961992702219e-05,4170,0.004555181756497065,True
GaussianBudget50M_LinearMinTime,Woodward_2024-CASQF-000683,20240527,18,pyrologix,12,none,2024,0.0,0.0,-1,undetected,1,9.489961992702219e-05,0,0.0,False
GaussianBudget50M_LinearMinTime,Works_2024-CAANF-243724,20241009,2,pyrologix,8,none,2024,0.0,0.0,-1,undetected,1,9.489961992702219e-05,0,0.0,False
GaussianBudget50M_LinearMinTime,World_2024-CABDF-006869,20240508,20,pyrologix,7,none,2024,0.0,0.0,-1,undetected,1,9.489961992702219e-05,0,0.0,False
GaussianBudget50M_LinearMinTime,Wright_2024-CASRF-000474,20240706,23,pyrologix,3,25-20,2024,0.0,0.0,0,drone,1,9.489961992702219e-05,1525,0.004175583276788976,True
GaussianBudget50M_LinearMinTime,Yacht_2024-CASHF-001049,20241025,15,pyrologix,8,49-41,2024,0.0,0.0,-1,undetected,1,9.489961992702219e-05,2765,0.0040806836568619545,True
GaussianBudget50M_LinearMinTime,Yard_2024-CAKNF-005935,20240723,21,pyrologix,8,16-26,2024,0.0,0.0,1,drone,1,9.489961992702219e-05,3685,0.004555181756497065,True
GaussianBudget50M_LinearMinTime,Yellow_2024-CABDF-003193,20240222,14,pyrologix,5,none,2024,0.0,0.0,-1,undetected,1,9.489961992702219e-05,0,0.0,False
GaussianBudget50M_LinearMinTime,York_2024-CAANF-242684,20240728,18,pyrologix,9,206-87,2024,0.0,0.0,-1,undetected,1,9.489961992702219e-05,1525,0.004270482896715999,True
GaussianBudget50M_LinearMinTime,Zot_2024-CASHF-000381,20240608,18,pyrologix,1,34-40,2024,0.0,0.0,0,drone,1,9.489961992702219e-05,445,0.002941888217737688,True
