strategy_combo,scenario_name,date,sim_start_hour,log_key,offset,cluster,year,routing_compute_seconds,sim_replay_seconds,delta_t,device,fire_size_cells,fire_size_percentage,total_distance_traveled,percentage_map_explored,routed
GaussianBudget75M_MaxCov,1-8_Jessen_2024-CALMU-004352,20240723,19,pyrologix,9,50-60,2024,0.0,0.005099482950754464,0,drone,1,9.489961992702219e-05,3245,0.0046500813764240876,True
GaussianBudget75M_MaxCov,4-1_2024-CATCU-006043,20240515,23,pyrologix,7,108-64,2024,0.0,0.004247328033670783,0,drone,1,9.489961992702219e-05,2715,0.004555181756497065,True
GaussianBudget75M_MaxCov,5-1_2024-CAMMU-016051,20240714,12,pyrologix,6,135-68,2024,0.0,0.0031914650462567806,0,drone,1,9.489961992702219e-05,2060,0.004555181756497065,True
GaussianBudget75M_MaxCov,5-2_2024-CAMMU-016053,20240714,9,pyrologix,12,135-68,2024,0.0,0.01996141904965043,-1,undetected,1,9.489961992702219e-05,4340,0.0046500813764240876,True
GaussianBudget75M_MaxCov,5-2_2024-CASHU-009215,20240818,19,pyrologix,10,49-34,2024,2267.5854978449643,0.005169121082872152,0,drone,1,9.489961992702219e-05,4060,0.0046500813764240876,True
GaussianBudget75M_MaxCov,5-4_2024-CAMMU-016086,20240714,19,pyrologix,3,135-68,2024,0.0,0.005010336986742914,1,drone,1,9.489961992702219e-05,1310,0.004365382516643021,True
GaussianBudget75M_MaxCov,Ackerson_2024-CASTF-001399,20240716,23,pyrologix,3,118-64,2024,0.0,0.0023719380842521787,0,drone,1,9.489961992702219e-05,1065,0.004555181756497065,True
GaussianBudget75M_MaxCov,Acorn_2024-CACNF-002683,20241124,20,pyrologix,8,none,2024,0.0,0.0025644610868766904,-1,undetected,1,9.489961992702219e-05,0,0.0,False
GaussianBudget75M_MaxCov,Acorn_2024-CASQF-001270,20240714,19,pyrologix,7,174-77,2024,0.0,0.006613873061724007,1,drone,1,9.489961992702219e-05,2845,0.0046500813764240876,True
GaussianBudget75M_MaxCov,Airport_2024-CAKNF-009324,20241110,16,pyrologix,5,17-30,2024,0.0,0.003166527021676302,0,drone,1,9.489961992702219e-05,2030,0.004555181756497065,True
GaussianBudget75M_MaxCov,Alder_2024-CAANF-244447,20241205,5,pyrologix,8,none,2024,0.0,0.002027593902312219,-1,undetected,1,9.489961992702219e-05,0,0.0,False
GaussianBudget75M_MaxCov,Alder_2024-CASHF-000370,20240606,20,pyrologix,7,35-36,2024,0.0,0.0032363070640712976,0,drone,1,9.489961992702219e-05,2520,0.0046500813764240876,True
GaussianBudget75M_MaxCov,Aliso_2024-CALPF-002588,20241010,2,pyrologix,3,none,2024,0.0,0.0020803139777854085,-1,undetected,1,9.489961992702219e-05,0,0.0,False
GaussianBudget75M_MaxCov,Alpine_2024-CASTF-002246,20240924,13,pyrologix,8,115-63,2024,0.0,0.002861069981008768,0,drone,1,9.489961992702219e-05,2800,0.0046500813764240876,True
GaussianBudget75M_MaxCov,Alpine_2024-CATNF-000884,20240714,23,pyrologix,7,none,2024,0.0,0.0020330939441919327,-1,undetected,1,9.489961992702219e-05,0,0.0,False
GaussianBudget75M_MaxCov,Alray_2024-CABDF-015057,20241027,21,pyrologix,8,206-87,2024,0.0,0.005022770958021283,0,drone,1,9.489961992702219e-05,3000,0.004555181756497065,True
GaussianBudget75M_MaxCov,Antelope_2024-CAPNF-000395,20240612,3,pyrologix,3,67-62,2024,0.0,0.0057202179450541735,1,drone,1,9.489961992702219e-05,1715,0.004555181756497065,True
GaussianBudget75M_MaxCov,Apache_2024-CALPF-001757,20240724,1,pyrologix,1,none,2024,0.0,0.002036185935139656,-1,undetected,1,9.489961992702219e-05,0,0.0,False
GaussianBudget75M_MaxCov,Applegate_2024-CAMDF-000802,20240829,19,pyrologix,6,none,2024,0.0,0.0020240460289642215,-1,undetected,1,9.489961992702219e-05,0,0.0,False
GaussianBudget75M_MaxCov,Archer_2024-CAANF-243524,20240927,6,pyrologix,6,none,2024,0.0,0.0020673340186476707,-1,undetected,1,9.489961992702219e-05,0,0.0,False
GaussianBudget75M_MaxCov,Argentine_2024-CAPNF-000269,20240515,17,pyrologix,4,73-63,2024,0.0,0.0038524599513038993,0,drone,1,9.489961992702219e-05,1630,0.004555181756497065,True
GaussianBudget75M_MaxCov,Arnot_2024-CASTF-001473,20240721,16,pyrologix,2,none,2024,0.0,0.0020143709843978286,-1,undetected,1,9.489961992702219e-05,0,0.0,False
GaussianBudget75M_MaxCov,Ash_2024-CAMDF-000501,20240724,17,pyrologix,7,45-66,2024,0.0,0.004698678967542946,0,drone,1,9.489961992702219e-05,3205,0.0046500813764240876,True
GaussianBudget75M_MaxCov,Ashpan_2024-CALNF-003573,20240627,19,pyrologix,3,51-53,2024,0.0,0.0071900199400261045,1,drone,1,9.489961992702219e-05,1780,0.0046500813764240876,True
GaussianBudget75M_MaxCov,Aspen_2024-CAINF-000889,20240625,10,pyrologix,9,none,2024,0.0,0.0020294690039008856,-1,undetected,1,9.489961992702219e-05,0,0.0,False
GaussianBudget75M_MaxCov,Azalea_2024-CASRF-000964,20241005,13,pyrologix,4,none,2024,0.0,0.0019829990342259407,-1,undetected,1,9.489961992702219e-05,0,0.0,False
GaussianBudget75M_MaxCov,Babbit_2024-CATNF-001465,20241007,18,pyrologix,6,84-67,2024,0.0,0.0038015960017219186,0,drone,1,9.489961992702219e-05,2210,0.0046500813764240876,True
GaussianBudget75M_MaxCov,Babcock_2024-CAPNF-000739,20240714,21,pyrologix,11,67-62,2024,0.0,0.007409409969113767,1,drone,1,9.489961992702219e-05,4735,0.0046500813764240876,True
GaussianBudget75M_MaxCov,Back_Bone_2024-CANEU-015937,20240607,21,pyrologix,6,79-56,2024,0.0,0.004166251048445702,0,drone,1,9.489961992702219e-05,2245,0.0046500813764240876,True
GaussianBudget75M_MaxCov,Badger_2024-CASNF-000935,20240714,22,pyrologix,8,none,2024,0.0,0.002017547027207911,-1,undetected,1,9.489961992702219e-05,0,0.0,False
GaussianBudget75M_MaxCov,Bailey_2024-CABDF-005862,20240414,1,pyrologix,6,none,2024,0.0,0.0020015710033476353,-1,undetected,1,9.489961992702219e-05,0,0.0,False
GaussianBudget75M_MaxCov,Bailey_2024-CASRF-000702,20240803,20,pyrologix,4,47-21,2024,0.0,0.0029107879381626844,0,drone,1,9.489961992702219e-05,1635,0.004555181756497065,True
GaussianBudget75M_MaxCov,Baldwin_2024-CABDF-006762,20240506,16,pyrologix,2,none,2024,0.0,0.002025533001869917,-1,undetected,1,9.489961992702219e-05,0,0.0,False
GaussianBudget75M_MaxCov,Baldy_2024-CAANF-242409,20240715,4,pyrologix,1,206-88,2024,0.0,0.0062818051083013415,1,drone,1,9.489961992702219e-05,1060,0.004460282136570043,True
GaussianBudget75M_MaxCov,Baldy_2024-CAMNF-000884,20240730,0,pyrologix,2,61-26,2024,0.0,0.005441649002023041,1,drone,1,9.489961992702219e-05,1380,0.004555181756497065,True
GaussianBudget75M_MaxCov,Banner_2024-CATNF-001676,20241207,17,pyrologix,12,86-54,2024,0.0,0.0031666139839217067,0,drone,1,9.489961992702219e-05,4360,0.0046500813764240876,True
GaussianBudget75M_MaxCov,Barbosa_2024-CAANF-242899,20240810,4,pyrologix,12,none,2024,0.0,0.002109025022946298,-1,undetected,1,9.489961992702219e-05,0,0.0,False
GaussianBudget75M_MaxCov,Barlow_2024-CASQF-001046,20240627,0,pyrologix,2,171-80,2024,0.0,0.002980278921313584,0,drone,1,9.489961992702219e-05,840,0.004555181756497065,True
GaussianBudget75M_MaxCov,Barrett_2024-CACNF-000708,20240518,15,pyrologix,11,none,2024,0.0,0.001999614993110299,-1,undetected,1,9.489961992702219e-05,0,0.0,False
GaussianBudget75M_MaxCov,Base_2024-CABDF-012513,20240906,0,pyrologix,1,none,2024,0.0,0.0020297690061852336,-1,undetected,1,9.489961992702219e-05,0,0.0,False
GaussianBudget75M_MaxCov,Basin_2024-CASHF-000799,20240826,18,pyrologix,12,47-21,2024,0.0,0.0033114729449152946,0,drone,1,9.489961992702219e-05,4550,0.0046500813764240876,True
GaussianBudget75M_MaxCov,Basin_2024-CASNF-000731,20240626,13,pyrologix,9,none,2024,0.0,0.0020239800214767456,-1,undetected,1,9.489961992702219e-05,0,0.0,False
GaussianBudget75M_MaxCov,Bass_2024-CAMMU-023926,20241012,19,pyrologix,9,135-68,2024,0.0,0.004716782015748322,0,drone,1,9.489961992702219e-05,3115,0.004555181756497065,True
GaussianBudget75M_MaxCov,Bassetts_2024-CATNF-001538,20241025,21,pyrologix,3,80-58,2024,0.0,0.0038091189926490188,0,drone,1,9.489961992702219e-05,1395,0.0046500813764240876,True
GaussianBudget75M_MaxCov,Bautista_2024-CABDF-011458,20240813,15,pyrologix,7,225-101,2024,0.0,0.007426984957419336,1,drone,1,9.489961992702219e-05,3065,0.0046500813764240876,True
GaussianBudget75M_MaxCov,Bawdy_2024-CASNF-001693,20241008,17,pyrologix,6,140-71,2024,0.0,0.0024038369301706553,0,drone,1,9.489961992702219e-05,2050,0.0046500813764240876,True
GaussianBudget75M_MaxCov,Beach_2024-CASQF-001885,20241006,15,pyrologix,11,172-74,2024,0.0,0.005981165100820363,1,drone,1,9.489961992702219e-05,4290,0.0046500813764240876,True
GaussianBudget75M_MaxCov,Beal_2024-CAFKU-012210,20240614,19,pyrologix,12,140-65,2024,0.0,0.0031738560646772385,0,drone,1,9.489961992702219e-05,4135,0.004555181756497065,True
GaussianBudget75M_MaxCov,Bear_2024-CAANF-243255,20240904,4,pyrologix,1,206-88,2024,0.0,0.0057616310659796,1,drone,1,9.489961992702219e-05,1010,0.004460282136570043,True
GaussianBudget75M_MaxCov,Bear_2024-CAMDF-000407,20240716,19,pyrologix,9,none,2024,0.0,0.002022347063757479,-1,undetected,1,9.489961992702219e-05,0,0.0,False
GaussianBudget75M_MaxCov,Bear_2024-CASKU-008015,20240926,8,pyrologix,7,37-52,2024,0.0,0.0030766389099881053,0,drone,1,9.489961992702219e-05,2350,0.004555181756497065,True
GaussianBudget75M_MaxCov,Bear_2024-CASRF-000951,20241002,19,pyrologix,5,47-21,2024,0.0,0.003496111952699721,0,drone,1,9.489961992702219e-05,2040,0.004555181756497065,True
GaussianBudget75M_MaxCov,Bear_2024-CATNF-001251,20240902,16,pyrologix,10,80-65,2024,0.0,0.005986968986690044,1,drone,1,9.489961992702219e-05,3980,0.0046500813764240876,True
GaussianBudget75M_MaxCov,Bear_2_2024-CAENF-031901,20241110,13,pyrologix,12,93-54,2024,0.0,0.019548707990907133,-1,undetected,1,9.489961992702219e-05,4870,0.0046500813764240876,True
GaussianBudget75M_MaxCov,Bear_Dam_2024-CABDF-015192,20241028,23,pyrologix,12,none,2024,0.0,0.0020367400720715523,-1,undetected,1,9.489961992702219e-05,0,0.0,False
GaussianBudget75M_MaxCov,Bear_Lake_2024-CASTF-001903,20240823,14,pyrologix,4,115-63,2024,0.0,0.005154786049388349,1,drone,1,9.489961992702219e-05,1835,0.0046500813764240876,True
GaussianBudget75M_MaxCov,Beardsley_2024-CASTF-002557,20241102,22,pyrologix,3,108-64,2024,0.0,0.0033190330723300576,0,drone,1,9.489961992702219e-05,1305,0.004365382516643021,True
GaussianBudget75M_MaxCov,Bee_2024-CAKNF-005736,20240716,19,pyrologix,7,18-37,2024,0.0,0.002913509961217642,0,drone,1,9.489961992702219e-05,2690,0.0040806836568619545,True
GaussianBudget75M_MaxCov,Bell_2024-CASTF-001979,20240830,21,pyrologix,2,115-63,2024,0.0,0.004291731049306691,0,drone,1,9.489961992702219e-05,1050,0.004365382516643021,True
GaussianBudget75M_MaxCov,Bench_2024-CACNF-002603,20241110,11,pyrologix,11,none,2024,0.0,0.002011044998653233,-1,undetected,1,9.489961992702219e-05,0,0.0,False
GaussianBudget75M_MaxCov,Berry_2024-CASRF-001009,20241017,14,pyrologix,9,47-21,2024,0.0,0.004720628960058093,0,drone,1,9.489961992702219e-05,3665,0.0046500813764240876,True
GaussianBudget75M_MaxCov,Big_2024-CAANF-243530,20240927,19,pyrologix,1,none,2024,0.0,0.001988318981602788,-1,undetected,1,9.489961992702219e-05,0,0.0,False
GaussianBudget75M_MaxCov,Big_2024-CASQF-000665,20240526,16,pyrologix,9,148-73,2024,0.0,0.011930032982490957,3,drone,1,9.489961992702219e-05,4850,0.0046500813764240876,True
GaussianBudget75M_MaxCov,Billy_2024-CASNF-001544,20240915,18,pyrologix,1,none,2024,0.0,0.002055141027085483,-1,undetected,1,9.489961992702219e-05,0,0.0,False
GaussianBudget75M_MaxCov,Bingham_2024-CAKNF-006782,20240817,22,pyrologix,4,33-29,2024,0.0,0.006041273940354586,1,drone,1,9.489961992702219e-05,2145,0.0046500813764240876,True
GaussianBudget75M_MaxCov,Bitter_2024-CAANF-244511,20241211,10,pyrologix,10,none,2024,0.0,0.0020143830915912986,-1,undetected,1,9.489961992702219e-05,0,0.0,False
GaussianBudget75M_MaxCov,Bizz_2024-CALMU-003272,20240615,11,pyrologix,6,63-64,2024,0.0,0.0033427970483899117,0,drone,1,9.489961992702219e-05,2460,0.0046500813764240876,True
GaussianBudget75M_MaxCov,Black_2024-CAENF-020571,20240721,23,pyrologix,1,90-60,2024,0.0,0.0032920200610533357,0,drone,1,9.489961992702219e-05,605,0.004270482896715999,True
GaussianBudget75M_MaxCov,Black_2024-CAPNF-000439,20240619,20,pyrologix,4,72-57,2024,0.0,0.00600725004915148,1,drone,1,9.489961992702219e-05,1965,0.0046500813764240876,True
GaussianBudget75M_MaxCov,Blackhawk_2024-CAPNF-000215,20240429,15,pyrologix,6,72-57,2024,0.0,0.004480839008465409,0,drone,1,9.489961992702219e-05,2445,0.0046500813764240876,True
GaussianBudget75M_MaxCov,Blue_2024-CAANF-242070,20240702,17,pyrologix,4,206-87,2024,0.0,0.002507080906070769,0,drone,1,9.489961992702219e-05,1435,0.004555181756497065,True
GaussianBudget75M_MaxCov,Blue_2024-CABDF-010473,20240721,21,pyrologix,1,none,2024,0.0,0.0020410279976204038,-1,undetected,1,9.489961992702219e-05,0,0.0,False
GaussianBudget75M_MaxCov,Blue_2024-CAKNF-005703,20240716,0,pyrologix,2,21-28,2024,0.0,0.003672734019346535,0,drone,1,9.489961992702219e-05,1040,0.004555181756497065,True
GaussianBudget75M_MaxCov,Blue_2024-CANEU-024723,20240819,5,pyrologix,10,87-59,2024,0.0,0.00578025309368968,1,drone,1,9.489961992702219e-05,3800,0.0046500813764240876,True
GaussianBudget75M_MaxCov,Blue_2024-CASTF-001688,20240803,15,pyrologix,11,none,2024,0.0,0.0020309030078351498,-1,undetected,1,9.489961992702219e-05,0,0.0,False
GaussianBudget75M_MaxCov,Blue_2024-CATNF-000587,20240615,15,pyrologix,2,87-59,2024,0.0,0.002112220972776413,0,drone,1,9.489961992702219e-05,830,0.0046500813764240876,True
GaussianBudget75M_MaxCov,Blue_2024-CATNF-001491,20241013,17,pyrologix,4,87-59,2024,0.0,0.0021443070145323873,0,drone,1,9.489961992702219e-05,1425,0.0046500813764240876,True
GaussianBudget75M_MaxCov,Bluff_2024-CABDF-012418,20240903,22,pyrologix,8,none,2024,0.0,0.0025702810380607843,-1,undetected,1,9.489961992702219e-05,0,0.0,False
GaussianBudget75M_MaxCov,Bluff_2024-CASNF-000709,20240625,20,pyrologix,11,140-71,2024,0.0,0.004366048029623926,0,drone,1,9.489961992702219e-05,3690,0.0046500813764240876,True
GaussianBudget75M_MaxCov,Board_2024-CAMNF-001150,20240905,22,pyrologix,11,61-26,2024,0.0,0.007475354941561818,1,drone,1,9.489961992702219e-05,5120,0.0046500813764240876,True
GaussianBudget75M_MaxCov,Bobcat_2024-CABDF-012662,20240909,13,pyrologix,4,none,2024,0.0,0.0020091530168429017,-1,undetected,1,9.489961992702219e-05,0,0.0,False
GaussianBudget75M_MaxCov,Boca_2024-CATNF-000758,20240702,0,pyrologix,2,84-67,2024,0.0,0.0016717640683054924,0,drone,1,9.489961992702219e-05,745,0.004365382516643021,True
GaussianBudget75M_MaxCov,Boise_2024-CASRF-000729,20240809,14,pyrologix,4,33-23,2024,0.0,0.003775274963118136,0,drone,1,9.489961992702219e-05,1715,0.0046500813764240876,True
GaussianBudget75M_MaxCov,Bolam_2024-CASHF-000046,20240120,14,pyrologix,10,28-45,2024,0.0,0.007040651980787516,1,drone,1,9.489961992702219e-05,3925,0.0046500813764240876,True
GaussianBudget75M_MaxCov,Borel_2024-CASQF-001362,20240724,17,pyrologix,6,174-77,2024,0.0,0.0029764390783384442,0,drone,1,9.489961992702219e-05,2115,0.0046500813764240876,True
GaussianBudget75M_MaxCov,Boulder_2024-CASQF-001251,20240713,20,pyrologix,5,none,2024,0.0,0.0020249539520591497,-1,undetected,1,9.489961992702219e-05,0,0.0,False
GaussianBudget75M_MaxCov,Bouquet_2024-CAANF-242717,20240730,11,pyrologix,6,none,2024,0.0,0.0020320710027590394,-1,undetected,1,9.489961992702219e-05,0,0.0,False
GaussianBudget75M_MaxCov,Bradley_2024-CASHF-000897,20240915,20,pyrologix,7,35-43,2024,0.0,0.0026615429669618607,0,drone,1,9.489961992702219e-05,2585,0.0046500813764240876,True
GaussianBudget75M_MaxCov,Bragdon_2024-CASHF-000759,20240818,22,pyrologix,7,42-34,2024,0.0,0.003494748962111771,0,drone,1,9.489961992702219e-05,2575,0.0046500813764240876,True
GaussianBudget75M_MaxCov,Bremer_2024-CASRF-000319,20240606,19,pyrologix,7,33-23,2024,0.0,0.0033782609971240163,0,drone,1,9.489961992702219e-05,2780,0.0046500813764240876,True
GaussianBudget75M_MaxCov,Brewer_2024-CASNF-000936,20240714,1,pyrologix,4,140-71,2024,0.0,0.005975998006761074,1,drone,1,9.489961992702219e-05,1870,0.0046500813764240876,True
GaussianBudget75M_MaxCov,Bridge_2024-CAANF-243334,20240908,18,pyrologix,7,206-88,2024,0.0,0.003909204970113933,0,drone,1,9.489961992702219e-05,2925,0.004460282136570043,True
GaussianBudget75M_MaxCov,Bridge_2024-CAKNF-002497,20240408,21,pyrologix,5,18-37,2024,0.0,0.006147444015368819,1,drone,1,9.489961992702219e-05,2410,0.0040806836568619545,True
GaussianBudget75M_MaxCov,Brimstone_2024-CATNF-000879,20240713,19,pyrologix,4,86-54,2024,0.0,0.004074895055964589,0,drone,1,9.489961992702219e-05,1760,0.004555181756497065,True
GaussianBudget75M_MaxCov,Brook_2024-CABDF-008848,20240616,19,pyrologix,5,206-88,2024,0.0,0.002712985035032034,0,drone,1,9.489961992702219e-05,2110,0.004460282136570043,True
GaussianBudget75M_MaxCov,Brooks_2024-CATNF-000530,20240606,23,pyrologix,6,80-65,2024,0.0,0.0038988180458545685,0,drone,1,9.489961992702219e-05,2300,0.0046500813764240876,True
GaussianBudget75M_MaxCov,Browns_2024-CABTU-017716,20240919,16,pyrologix,6,69-50,2024,0.0,0.004740852047689259,0,drone,1,9.489961992702219e-05,2625,0.0046500813764240876,True
GaussianBudget75M_MaxCov,Browns_2024-CALNF-005269,20240902,14,pyrologix,7,69-50,2024,0.0,0.00829662091564387,2,drone,1,9.489961992702219e-05,3405,0.0046500813764240876,True
GaussianBudget75M_MaxCov,Brubaker_2024-CALPF-002880,20241111,23,pyrologix,7,none,2024,0.0,0.002080945996567607,-1,undetected,1,9.489961992702219e-05,0,0.0,False
GaussianBudget75M_MaxCov,Buck_2024-CAANF-244182,20241111,21,pyrologix,4,none,2024,0.0,0.0019384109182283282,-1,undetected,1,9.489961992702219e-05,0,0.0,False
GaussianBudget75M_MaxCov,Bucks_2024-CAPNF-000224,20240501,19,pyrologix,5,72-57,2024,0.0,0.0032050570007413626,0,drone,1,9.489961992702219e-05,1930,0.0046500813764240876,True
GaussianBudget75M_MaxCov,Buena_2024-CAANF-242408,20240715,0,pyrologix,7,none,2024,0.0,0.0020672340178862214,-1,undetected,1,9.489961992702219e-05,0,0.0,False
GaussianBudget75M_MaxCov,Bug_2024-CAANF-242377,20240714,4,pyrologix,12,none,2024,0.0,0.002096831100061536,-1,undetected,1,9.489961992702219e-05,0,0.0,False
GaussianBudget75M_MaxCov,Bull_2024-CASTF-001058,20240625,22,pyrologix,9,118-64,2024,0.0,0.004664557985961437,0,drone,1,9.489961992702219e-05,3265,0.0046500813764240876,True
GaussianBudget75M_MaxCov,Bull_2024-CATNF-000923,20240718,14,pyrologix,2,84-67,2024,0.0,0.007909849053248763,2,drone,1,9.489961992702219e-05,1485,0.004555181756497065,True
GaussianBudget75M_MaxCov,Bunker_2024-CAENF-031192,20241103,12,pyrologix,7,90-60,2024,0.0,0.006069769966416061,1,drone,1,9.489961992702219e-05,3010,0.0046500813764240876,True
GaussianBudget75M_MaxCov,Burro_2024-CAANF-241787,20240616,17,pyrologix,8,none,2024,0.0,0.0019469120306894183,-1,undetected,1,9.489961992702219e-05,0,0.0,False
GaussianBudget75M_MaxCov,Butte_2024-CAKNF-008406,20241009,18,pyrologix,4,27-52,2024,0.0,0.002602278022095561,0,drone,1,9.489961992702219e-05,1620,0.0046500813764240876,True
GaussianBudget75M_MaxCov,Buttermilks_2024-CAINF-001887,20241010,18,pyrologix,3,none,2024,0.0,0.0021077600540593266,-1,undetected,1,9.489961992702219e-05,0,0.0,False
GaussianBudget75M_MaxCov,Buzzard_2024-CATNF-001488,20241012,16,pyrologix,12,87-59,2024,0.0,0.004218089976347983,0,drone,1,9.489961992702219e-05,4285,0.0046500813764240876,True
GaussianBudget75M_MaxCov,Cable_2024-CALPF-001257,20240614,16,pyrologix,11,none,2024,0.0,0.0020616479450836778,-1,undetected,1,9.489961992702219e-05,0,0.0,False
GaussianBudget75M_MaxCov,Cachuma_2024-CALPF-002151,20240826,18,pyrologix,9,none,2024,0.0,0.0020607149926945567,-1,undetected,1,9.489961992702219e-05,0,0.0,False
GaussianBudget75M_MaxCov,Cactus_2024-CABDF-013456,20240927,17,pyrologix,8,none,2024,0.0,0.0020921260584145784,-1,undetected,1,9.489961992702219e-05,0,0.0,False
GaussianBudget75M_MaxCov,Campfire_2024-CASQF-000561,20240514,22,pyrologix,12,172-74,2024,0.0,0.003489217022433877,0,drone,1,9.489961992702219e-05,4340,0.0046500813764240876,True
GaussianBudget75M_MaxCov,Campground_2024-CAINF-001022,20240706,14,pyrologix,2,none,2024,0.0,0.0019723690347746015,-1,undetected,1,9.489961992702219e-05,0,0.0,False
GaussianBudget75M_MaxCov,Canal_2024-CABDF-016192,20241109,14,pyrologix,5,none,2024,0.0,0.002063032006844878,-1,undetected,1,9.489961992702219e-05,0,0.0,False
GaussianBudget75M_MaxCov,Canyon_2024-CAANF-243072,20240822,20,pyrologix,8,none,2024,0.0,0.0020479171071201563,-1,undetected,1,9.489961992702219e-05,0,0.0,False
GaussianBudget75M_MaxCov,Canyon_2024-CACNF-000183,20240207,4,pyrologix,12,none,2024,0.0,0.0020744940266013145,-1,undetected,1,9.489961992702219e-05,0,0.0,False
GaussianBudget75M_MaxCov,Canyon_2024-CAKNF-006803,20240818,11,pyrologix,7,21-28,2024,0.0,0.003101687994785607,0,drone,1,9.489961992702219e-05,2675,0.0046500813764240876,True
GaussianBudget75M_MaxCov,Canyon_2024-CALPF-001838,20240801,9,pyrologix,11,none,2024,0.0,0.0019663809798657894,-1,undetected,1,9.489961992702219e-05,0,0.0,False
GaussianBudget75M_MaxCov,Canyon_2024-CASHF-000754,20240817,20,pyrologix,5,40-29,2024,0.0,0.002050352981314063,0,drone,1,9.489961992702219e-05,1835,0.0046500813764240876,True
GaussianBudget75M_MaxCov,Canyon_2024-CASTF-001749,20240809,5,pyrologix,6,118-56,2024,0.0,0.004937368910759687,1,drone,1,9.489961992702219e-05,2420,0.0046500813764240876,True
GaussianBudget75M_MaxCov,Canyon_2024-CATMU-024403,20240827,17,pyrologix,4,none,2024,0.0,0.002049561939202249,-1,undetected,1,9.489961992702219e-05,0,0.0,False
GaussianBudget75M_MaxCov,Capitan_2024-CACNF-001149,20240628,15,pyrologix,8,none,2024,0.0,0.0019511639839038253,-1,undetected,1,9.489961992702219e-05,0,0.0,False
GaussianBudget75M_MaxCov,Capps_2024-CAENF-021415,20240729,2,pyrologix,10,97-60,2024,0.0,0.0036846590228378773,0,drone,1,9.489961992702219e-05,3325,0.0046500813764240876,True
GaussianBudget75M_MaxCov,Carmen_2024-CAPNF-000932,20240805,18,pyrologix,2,73-63,2024,0.0,0.004671931965276599,1,drone,1,9.489961992702219e-05,1100,0.004460282136570043,True
GaussianBudget75M_MaxCov,Carmen_2024-CATNF-001052,20240804,16,pyrologix,2,80-65,2024,0.0,0.0024349020095542073,0,drone,1,9.489961992702219e-05,725,0.0040806836568619545,True
GaussianBudget75M_MaxCov,Cassel_2024-CASHU-011470,20241008,20,pyrologix,2,44-54,2024,0.0,0.002095137955620885,0,drone,1,9.489961992702219e-05,875,0.004555181756497065,True
GaussianBudget75M_MaxCov,Castle_2024-CASNF-000932,20240714,22,pyrologix,6,none,2024,0.0,0.0020820830250158906,-1,undetected,1,9.489961992702219e-05,0,0.0,False
GaussianBudget75M_MaxCov,Cattle_2024-CAANF-242372,20240714,0,pyrologix,11,206-87,2024,0.0,0.006368695059791207,1,drone,1,9.489961992702219e-05,4040,0.004555181756497065,True
GaussianBudget75M_MaxCov,Cave_2024-CALPF-002253,20240904,23,pyrologix,1,none,2024,0.0,0.0020365730160847306,-1,undetected,1,9.489961992702219e-05,0,0.0,False
GaussianBudget75M_MaxCov,Caves_2024-CAINF-000643,20240526,12,pyrologix,11,none,2024,0.0,0.002026194939389825,-1,undetected,1,9.489961992702219e-05,0,0.0,False
GaussianBudget75M_MaxCov,Cayuse_2024-CAKNF-002498,20240409,21,pyrologix,8,21-42,2024,0.0,0.0033962770830839872,0,drone,1,9.489961992702219e-05,2865,0.0046500813764240876,True
GaussianBudget75M_MaxCov,Cedar_2024-CABDF-006927,20240510,13,pyrologix,5,225-101,2024,0.0,0.0045696699526160955,0,drone,1,9.489961992702219e-05,2065,0.0046500813764240876,True
GaussianBudget75M_MaxCov,Cedar_2024-CASRF-000606,20240717,19,pyrologix,9,35-16,2024,0.0,0.009608475025743246,2,drone,1,9.489961992702219e-05,4210,0.0046500813764240876,True
GaussianBudget75M_MaxCov,Cemetery_2024-CAINF-001307,20240730,20,pyrologix,1,none,2024,0.0,0.0020282769110053778,-1,undetected,1,9.489961992702219e-05,0,0.0,False
GaussianBudget75M_MaxCov,Center_2024-CAANF-241387,20240521,20,pyrologix,1,none,2024,0.0,0.0020835479954257607,-1,undetected,1,9.489961992702219e-05,0,0.0,False
GaussianBudget75M_MaxCov,Chandler_2024-CAPNF-000653,20240706,4,pyrologix,11,72-57,2024,0.0,0.005355707020498812,0,drone,1,9.489961992702219e-05,4205,0.0046500813764240876,True
GaussianBudget75M_MaxCov,Cherry_2024-CAANF-241157,20240501,23,pyrologix,4,none,2024,0.0,0.00210289703682065,-1,undetected,1,9.489961992702219e-05,0,0.0,False
GaussianBudget75M_MaxCov,Cherry_2024-CASTF-001057,20240625,18,pyrologix,12,118-64,2024,0.0,0.004406439024023712,0,drone,1,9.489961992702219e-05,4175,0.0046500813764240876,True
GaussianBudget75M_MaxCov,Chilao_2024-CAANF-244171,20241111,19,pyrologix,10,none,2024,0.0,0.002034547971561551,-1,undetected,1,9.489961992702219e-05,0,0.0,False
GaussianBudget75M_MaxCov,Chip_2024-CAKNF-000790,20240130,17,pyrologix,3,24-35,2024,0.0,0.006534197949804366,1,drone,1,9.489961992702219e-05,1910,0.0046500813764240876,True
GaussianBudget75M_MaxCov,Chipmunk_2024-CAKNF-006947,20240822,16,pyrologix,4,24-35,2024,0.0,0.003247075015679002,0,drone,1,9.489961992702219e-05,1770,0.0046500813764240876,True
GaussianBudget75M_MaxCov,Cinder_2024-CASHF-000109,20240227,14,pyrologix,12,28-45,2024,0.0,0.02071438101120293,-1,undetected,1,9.489961992702219e-05,4430,0.0046500813764240876,True
GaussianBudget75M_MaxCov,Circle_2024-CABDF-011098,20240805,4,pyrologix,9,206-88,2024,0.0,0.003681787056848407,0,drone,1,9.489961992702219e-05,3555,0.004460282136570043,True
GaussianBudget75M_MaxCov,Cisco_2024-CATNF-000949,20240721,20,pyrologix,5,87-59,2024,0.0,0.0030563650652766228,0,drone,1,9.489961992702219e-05,1860,0.0046500813764240876,True
GaussianBudget75M_MaxCov,City_2024-CABDF-008910,20240618,15,pyrologix,3,none,2024,0.0,0.0019655049545690417,-1,undetected,1,9.489961992702219e-05,0,0.0,False
GaussianBudget75M_MaxCov,Clavey_2024-CASTF-001059,20240625,2,pyrologix,1,118-64,2024,0.0,0.00283517106436193,0,drone,1,9.489961992702219e-05,565,0.003985784036934932,True
GaussianBudget75M_MaxCov,Claw_2024-CASNF-001572,20240920,13,pyrologix,9,none,2024,0.0,0.0020257000578567386,-1,undetected,1,9.489961992702219e-05,0,0.0,False
GaussianBudget75M_MaxCov,Clear_2024-CAMDF-000244,20240626,18,pyrologix,7,none,2024,0.0,0.002033847034908831,-1,undetected,1,9.489961992702219e-05,0,0.0,False
GaussianBudget75M_MaxCov,Clear_2024-CATNF-001267,20240906,20,pyrologix,2,80-58,2024,0.0,0.004026813083328307,0,drone,1,9.489961992702219e-05,1120,0.0046500813764240876,True
GaussianBudget75M_MaxCov,Clearwater_2024-CAANF-242776,20240803,21,pyrologix,9,none,2024,0.0,0.001990496995858848,-1,undetected,1,9.489961992702219e-05,0,0.0,False
GaussianBudget75M_MaxCov,Cleghorn_2024-CABDF-010652,20240726,3,pyrologix,5,206-88,2024,0.0,0.002587093971669674,0,drone,1,9.489961992702219e-05,2110,0.004460282136570043,True
GaussianBudget75M_MaxCov,Cliff_2024-CASNF-000512,20240602,14,pyrologix,12,140-71,2024,0.0,0.019380737910978496,-1,undetected,1,9.489961992702219e-05,4570,0.0046500813764240876,True
GaussianBudget75M_MaxCov,Cloud_2024-CAMDF-000692,20240817,18,pyrologix,8,none,2024,0.0,0.0020967560121789575,-1,undetected,1,9.489961992702219e-05,0,0.0,False
GaussianBudget75M_MaxCov,Club_2024-CASRF-000156,20240412,16,pyrologix,11,35-16,2024,0.0,0.007451795041561127,1,drone,1,9.489961992702219e-05,4500,0.0046500813764240876,True
GaussianBudget75M_MaxCov,Coarse_2024-CAANF-244555,20241215,1,pyrologix,7,none,2024,0.0,0.0020845120307058096,-1,undetected,1,9.489961992702219e-05,0,0.0,False
GaussianBudget75M_MaxCov,Coast_2024-CALPF-001296,20240617,19,pyrologix,4,none,2024,0.0,0.0021106440108269453,-1,undetected,1,9.489961992702219e-05,0,0.0,False
GaussianBudget75M_MaxCov,Coble_Spring_2024-CALNF-002129,20240424,21,pyrologix,9,45-59,2024,0.0,0.006845984025858343,1,drone,1,9.489961992702219e-05,3625,0.0046500813764240876,True
GaussianBudget75M_MaxCov,Coffee_2024-CASRF-001103,20241209,16,pyrologix,8,26-25,2024,0.0,0.004401033045724034,0,drone,1,9.489961992702219e-05,3500,0.0046500813764240876,True
GaussianBudget75M_MaxCov,Cold_2024-CAANF-244599,20241219,4,pyrologix,8,none,2024,0.0,0.001986676943488419,-1,undetected,1,9.489961992702219e-05,0,0.0,False
GaussianBudget75M_MaxCov,Cold_2024-CASQF-001253,20240713,22,pyrologix,1,161-79,2024,0.0,0.003909246996045113,0,drone,1,9.489961992702219e-05,660,0.003985784036934932,True
GaussianBudget75M_MaxCov,Cole_2024-CAENF-027933,20240930,15,pyrologix,5,105-63,2024,0.0,0.0063311869744211435,1,drone,1,9.489961992702219e-05,2410,0.0046500813764240876,True
GaussianBudget75M_MaxCov,College_2024-CAINF-001563,20240827,14,pyrologix,3,none,2024,0.0,0.0020349430851638317,-1,undetected,1,9.489961992702219e-05,0,0.0,False
GaussianBudget75M_MaxCov,Coloma_2024-CATNF-001057,20240804,18,pyrologix,10,76-51,2024,0.0,0.007831044029444456,1,drone,1,9.489961992702219e-05,4985,0.0046500813764240876,True
GaussianBudget75M_MaxCov,Con_2024-CAFKU-019749,20240910,15,pyrologix,9,148-73,2024,0.0,0.007494985009543598,1,drone,1,9.489961992702219e-05,4110,0.0046500813764240876,True
GaussianBudget75M_MaxCov,Cone_2024-CAINF-001223,20240722,22,pyrologix,9,none,2024,0.0,0.002055307966656983,-1,undetected,1,9.489961992702219e-05,0,0.0,False
GaussianBudget75M_MaxCov,Connection_2024-CAINF-001054,20240708,20,pyrologix,8,none,2024,0.0,0.0019971620058640838,-1,undetected,1,9.489961992702219e-05,0,0.0,False
GaussianBudget75M_MaxCov,Conrad_2024-CASHF-000596,20240718,7,pyrologix,8,40-29,2024,0.0,0.003532972070388496,0,drone,1,9.489961992702219e-05,2935,0.0046500813764240876,True
GaussianBudget75M_MaxCov,Copper_2024-CAANF-242334,20240713,23,pyrologix,9,none,2024,0.0,0.0019607360009104013,-1,undetected,1,9.489961992702219e-05,0,0.0,False
GaussianBudget75M_MaxCov,Copper_2024-CAKNF-007887,20240921,20,pyrologix,6,18-37,2024,0.0,0.008272006059996784,2,drone,1,9.489961992702219e-05,2985,0.0040806836568619545,True
GaussianBudget75M_MaxCov,Coppins_2024-CATNF-000957,20240722,23,pyrologix,1,80-65,2024,0.0,0.0019216720247641206,0,drone,1,9.489961992702219e-05,505,0.0036061855572268433,True
GaussianBudget75M_MaxCov,Cougar_2024-CABDF-010555,20240723,16,pyrologix,10,none,2024,0.0,0.002054565935395658,-1,undetected,1,9.489961992702219e-05,0,0.0,False
GaussianBudget75M_MaxCov,Cougar_2024-CAKNF-005306,20240706,18,pyrologix,4,17-30,2024,0.0,0.004060014965943992,0,drone,1,9.489961992702219e-05,1845,0.004460282136570043,True
GaussianBudget75M_MaxCov,Cow_2024-CASQF-000568,20240515,13,pyrologix,12,none,2024,0.0,0.0020566130988299847,-1,undetected,1,9.489961992702219e-05,0,0.0,False
GaussianBudget75M_MaxCov,Coyote_2024-CAINF-001280,20240726,12,pyrologix,11,none,2024,0.0,0.001957942033186555,-1,undetected,1,9.489961992702219e-05,0,0.0,False
GaussianBudget75M_MaxCov,Craigs_2024-CASRF-000026,20240128,14,pyrologix,10,none,2024,0.0,0.0020588849438354373,-1,undetected,1,9.489961992702219e-05,0,0.0,False
GaussianBudget75M_MaxCov,Craigs_Access_2024-CASRF-000181,20240421,19,pyrologix,4,none,2024,0.0,0.0020575629314407706,-1,undetected,1,9.489961992702219e-05,0,0.0,False
GaussianBudget75M_MaxCov,Crater_2024-CAINF-001082,20240710,17,pyrologix,6,none,2024,0.0,0.0019807860953733325,-1,undetected,1,9.489961992702219e-05,0,0.0,False
GaussianBudget75M_MaxCov,Crater_2024-CASNF-000937,20240714,21,pyrologix,11,none,2024,0.0,0.002017542952671647,-1,undetected,1,9.489961992702219e-05,0,0.0,False
GaussianBudget75M_MaxCov,Creek_2024-CAANF-242047,20240701,3,pyrologix,2,none,2024,0.0,0.0020302010234445333,-1,undetected,1,9.489961992702219e-05,0,0.0,False
GaussianBudget75M_MaxCov,Creek_2024-CABDF-007154,20240514,19,pyrologix,8,none,2024,0.0,0.0019561820663511753,-1,undetected,1,9.489961992702219e-05,0,0.0,False
GaussianBudget75M_MaxCov,Creek_2024-CAINF-001185,20240719,22,pyrologix,6,none,2024,0.0,0.002071552909910679,-1,undetected,1,9.489961992702219e-05,0,0.0,False
GaussianBudget75M_MaxCov,Creek_2024-CAKNF-002761,20240418,16,pyrologix,9,16-26,2024,0.0,0.0046393919037655,0,drone,1,9.489961992702219e-05,3705,0.004555181756497065,True
GaussianBudget75M_MaxCov,Crest_2024-CAANF-241274,20240514,2,pyrologix,9,none,2024,0.0,0.0020919349044561386,-1,undetected,1,9.489961992702219e-05,0,0.0,False
GaussianBudget75M_MaxCov,Crozier_2024-CAAEU-022341,20240807,4,pyrologix,3,93-54,2024,0.0,0.006337482016533613,1,drone,1,9.489961992702219e-05,1455,0.0046500813764240876,True
GaussianBudget75M_MaxCov,Crystal_2024-CATNF-000881,20240713,21,pyrologix,5,84-67,2024,0.0,0.0034286740701645613,0,drone,1,9.489961992702219e-05,1815,0.0046500813764240876,True
GaussianBudget75M_MaxCov,Cuesta_2024-CAPNF-001560,20241206,15,pyrologix,11,73-63,2024,0.0,0.004066674038767815,0,drone,1,9.489961992702219e-05,3885,0.004555181756497065,True
GaussianBudget75M_MaxCov,Curl_2024-CASHF-000768,20240819,22,pyrologix,7,42-41,2024,0.0,0.004456241964362562,0,drone,1,9.489961992702219e-05,2785,0.0046500813764240876,True
GaussianBudget75M_MaxCov,Cyrus_2024-CASQF-001912,20241011,20,pyrologix,2,171-80,2024,0.0,0.0028091619024053216,0,drone,1,9.489961992702219e-05,840,0.004555181756497065,True
GaussianBudget75M_MaxCov,Dam_2024-CAANF-242212,20240707,23,pyrologix,7,206-87,2024,0.0,0.01990871294401586,-1,undetected,1,9.489961992702219e-05,4270,0.004555181756497065,True
GaussianBudget75M_MaxCov,Dam_2024-CASRF-000556,20240714,9,pyrologix,4,47-21,2024,0.0,0.0023942850530147552,0,drone,1,9.489961992702219e-05,1595,0.004460282136570043,True
GaussianBudget75M_MaxCov,Dark_2024-CAKNF-006777,20240817,17,pyrologix,9,33-29,2024,0.0,0.003652412910014391,0,drone,1,9.489961992702219e-05,3475,0.0046500813764240876,True
GaussianBudget75M_MaxCov,Darling_2024-CAENF-030342,20241024,17,pyrologix,11,93-54,2024,0.0,0.00473699695430696,0,drone,1,9.489961992702219e-05,4000,0.0046500813764240876,True
GaussianBudget75M_MaxCov,Deadman_2024-CAINF-001614,20240831,18,pyrologix,8,none,2024,0.0,0.0019516759784892201,-1,undetected,1,9.489961992702219e-05,0,0.0,False
GaussianBudget75M_MaxCov,Deer_2024-CAINF-001323,20240801,21,pyrologix,2,none,2024,0.0,0.0020497089717537165,-1,undetected,1,9.489961992702219e-05,0,0.0,False
GaussianBudget75M_MaxCov,Deer_2024-CALNF-003958,20240710,14,pyrologix,12,58-54,2024,0.0,0.004157576011493802,0,drone,1,9.489961992702219e-05,4595,0.0046500813764240876,True
GaussianBudget75M_MaxCov,Deer_2024-CATMU-022426,20240807,17,pyrologix,12,none,2024,0.0,0.001991417957469821,-1,undetected,1,9.489961992702219e-05,0,0.0,False
GaussianBudget75M_MaxCov,Del_Sur_2024-CAANF-242021,20240630,20,pyrologix,12,none,2024,0.0,0.002022966044023633,-1,undetected,1,9.489961992702219e-05,0,0.0,False
GaussianBudget75M_MaxCov,Dell_2024-CABDF-011704,20240819,1,pyrologix,10,206-88,2024,0.0,0.006037444924004376,1,drone,1,9.489961992702219e-05,4115,0.004460282136570043,True
GaussianBudget75M_MaxCov,Delonegha_2024-CASQF-001752,20240920,17,pyrologix,11,172-74,2024,0.0,0.006315088947303593,1,drone,1,9.489961992702219e-05,4340,0.0046500813764240876,True
GaussianBudget75M_MaxCov,Desert_2024-CACNF-000097,20240116,19,pyrologix,2,none,2024,0.0,0.002058125101029873,-1,undetected,1,9.489961992702219e-05,0,0.0,False
GaussianBudget75M_MaxCov,Dime_2024-CAANF-242179,20240706,23,pyrologix,11,206-88,2024,0.0,0.004063048050738871,0,drone,1,9.489961992702219e-05,4220,0.004460282136570043,True
GaussianBudget75M_MaxCov,Dinkey_2024-CASNF-001040,20240722,16,pyrologix,5,140-71,2024,0.0,0.0034617939963936806,0,drone,1,9.489961992702219e-05,1870,0.0046500813764240876,True
GaussianBudget75M_MaxCov,Dodge_2024-CASTF-001338,20240713,0,pyrologix,1,115-63,2024,0.0,0.005994373932480812,1,drone,1,9.489961992702219e-05,945,0.004270482896715999,True
GaussianBudget75M_MaxCov,Dog_2024-CATNF-000540,20240607,20,pyrologix,4,84-67,2024,0.0,0.002019235980696976,0,drone,1,9.489961992702219e-05,1375,0.004555181756497065,True
GaussianBudget75M_MaxCov,Dog_2024-CATNF-001401,20240929,1,pyrologix,11,84-67,2024,0.0,0.004132147063501179,0,drone,1,9.489961992702219e-05,3805,0.0046500813764240876,True
GaussianBudget75M_MaxCov,Don_2024-CASQF-001286,20240716,14,pyrologix,5,none,2024,0.0,0.0019506310345605016,-1,undetected,1,9.489961992702219e-05,0,0.0,False
GaussianBudget75M_MaxCov,Donahue_2024-CASRF-000457,20240705,2,pyrologix,7,26-25,2024,0.0,0.002997591975145042,0,drone,1,9.489961992702219e-05,2935,0.0046500813764240876,True
GaussianBudget75M_MaxCov,Doski_2024-CAANF-244398,20241129,16,pyrologix,11,none,2024,0.0,0.0020328829996287823,-1,undetected,1,9.489961992702219e-05,0,0.0,False
GaussianBudget75M_MaxCov,Double_2024-CASTF-002437,20241013,19,pyrologix,7,108-64,2024,0.0,0.0076606039656326175,1,drone,1,9.489961992702219e-05,3130,0.0046500813764240876,True
GaussianBudget75M_MaxCov,Drink_2024-CAANF-243958,20241027,14,pyrologix,7,none,2024,0.0,0.0020367850083857775,-1,undetected,1,9.489961992702219e-05,0,0.0,False
GaussianBudget75M_MaxCov,Duck_2024-CASTF-001404,20240716,12,pyrologix,11,108-64,2024,0.0,0.0030545039335265756,0,drone,1,9.489961992702219e-05,3860,0.0046500813764240876,True
GaussianBudget75M_MaxCov,Duckwall_2024-CASTF-001025,20240622,15,pyrologix,12,118-64,2024,0.0,0.01938172394875437,-1,undetected,1,9.489961992702219e-05,4210,0.0046500813764240876,True
GaussianBudget75M_MaxCov,Dump_2024-CASNF-001076,20240727,23,pyrologix,5,128-67,2024,0.0,0.005244862055405974,1,drone,1,9.489961992702219e-05,2450,0.0046500813764240876,True
GaussianBudget75M_MaxCov,E-1_Logan_2024-CALNF-006082,20241007,17,pyrologix,7,53-62,2024,0.0,0.00496409204788506,0,drone,1,9.489961992702219e-05,3140,0.0046500813764240876,True
GaussianBudget75M_MaxCov,E-1_Martin_2024-CALNF-003136,20240610,21,pyrologix,3,53-62,2024,0.0,0.0034432909451425076,0,drone,1,9.489961992702219e-05,1435,0.0046500813764240876,True
GaussianBudget75M_MaxCov,E-3_2024-CALNF-005586,20240916,23,pyrologix,6,50-60,2024,0.0,0.0054560559801757336,1,drone,1,9.489961992702219e-05,2530,0.0046500813764240876,True
GaussianBudget75M_MaxCov,Eagle_2024-CALMU-002928,20240601,0,pyrologix,4,60-61,2024,0.0,0.004783198935911059,1,drone,1,9.489961992702219e-05,1895,0.0046500813764240876,True
GaussianBudget75M_MaxCov,Eagle_2024-CALNF-006194,20241013,14,pyrologix,9,53-62,2024,0.0,0.003186924965120852,0,drone,1,9.489961992702219e-05,3725,0.0046500813764240876,True
GaussianBudget75M_MaxCov,Eagle_2024-CAPNF-000654,20240706,6,pyrologix,10,73-63,2024,0.0,0.009219311061315238,2,drone,1,9.489961992702219e-05,4235,0.004555181756497065,True
GaussianBudget75M_MaxCov,Eagle_2024-CATNF-000988,20240728,18,pyrologix,1,87-59,2024,0.0,0.005620512994937599,1,drone,1,9.489961992702219e-05,910,0.0046500813764240876,True
GaussianBudget75M_MaxCov,Elk_2024-CAKNF-005252,20240705,20,pyrologix,4,17-30,2024,0.0,0.004101127968169749,0,drone,1,9.489961992702219e-05,1845,0.004460282136570043,True
GaussianBudget75M_MaxCov,Ellis_2024-CAENF-024318,20240826,20,pyrologix,2,105-63,2024,0.0,0.0032888909336179495,0,drone,1,9.489961992702219e-05,990,0.004365382516643021,True
GaussianBudget75M_MaxCov,Ember_2024-CAANF-244124,20241108,16,pyrologix,2,none,2024,0.0,0.0020090900361537933,-1,undetected,1,9.489961992702219e-05,0,0.0,False
GaussianBudget75M_MaxCov,Emma_2024-CAANF-240327,20240202,20,pyrologix,5,none,2024,0.0,0.002013806952163577,-1,undetected,1,9.489961992702219e-05,0,0.0,False
GaussianBudget75M_MaxCov,Enchanted_2024-CASRF-000253,20240518,13,pyrologix,2,35-16,2024,0.0,0.005738378968089819,1,drone,1,9.489961992702219e-05,1240,0.0046500813764240876,True
GaussianBudget75M_MaxCov,Engineer_1_2024-CASQF-001166,20240707,2,pyrologix,4,174-77,2024,0.0,0.0022189049050211906,0,drone,1,9.489961992702219e-05,1450,0.0046500813764240876,True
GaussianBudget75M_MaxCov,Engineer_2_2024-CASQF-001167,20240707,3,pyrologix,3,174-77,2024,0.0,0.002581532928161323,0,drone,1,9.489961992702219e-05,1170,0.0046500813764240876,True
GaussianBudget75M_MaxCov,Engineer_4_2024-CASQF-001169,20240707,0,pyrologix,8,171-80,2024,0.0,0.006383826956152916,1,drone,1,9.489961992702219e-05,3230,0.0046500813764240876,True
GaussianBudget75M_MaxCov,Evergreen_2024-CASTF-002534,20241030,21,pyrologix,9,118-64,2024,0.0,0.0037030470557510853,0,drone,1,9.489961992702219e-05,3110,0.0046500813764240876,True
GaussianBudget75M_MaxCov,Fallen_2024-CATMU-024996,20240901,16,pyrologix,6,none,2024,0.0,0.002028797985985875,-1,undetected,1,9.489961992702219e-05,0,0.0,False
GaussianBudget75M_MaxCov,Falls_2024-CABDF-013114,20240921,22,pyrologix,6,none,2024,0.0,0.002042790991254151,-1,undetected,1,9.489961992702219e-05,0,0.0,False
GaussianBudget75M_MaxCov,Falls_2024-CACNF-000358,20240316,18,pyrologix,1,none,2024,0.0,0.0020127060124650598,-1,undetected,1,9.489961992702219e-05,0,0.0,False
GaussianBudget75M_MaxCov,Far_2024-CASKU-007796,20240918,18,pyrologix,4,37-52,2024,0.0,0.0021567560033872724,0,drone,1,9.489961992702219e-05,1305,0.004365382516643021,True
GaussianBudget75M_MaxCov,Fern_2024-CABDF-013311,20240923,19,pyrologix,10,none,2024,0.0,0.00201245304197073,-1,undetected,1,9.489961992702219e-05,0,0.0,False
GaussianBudget75M_MaxCov,Fern_2024-CAPNF-000244,20240508,6,pyrologix,10,73-63,2024,0.0,0.0069679770385846496,1,drone,1,9.489961992702219e-05,3950,0.004555181756497065,True
GaussianBudget75M_MaxCov,Fern_2024-CASHF-000787,20240822,16,pyrologix,8,35-43,2024,0.0,0.0070430460618808866,1,drone,1,9.489961992702219e-05,3485,0.0046500813764240876,True
GaussianBudget75M_MaxCov,Fiddle_2024-CATNF-001348,20240919,0,pyrologix,2,79-56,2024,0.0,0.004222327959723771,0,drone,1,9.489961992702219e-05,1050,0.0046500813764240876,True
GaussianBudget75M_MaxCov,Fir_2024-CASHF-000698,20240806,1,pyrologix,6,35-43,2024,0.0,0.0060881589306518435,1,drone,1,9.489961992702219e-05,2740,0.0046500813764240876,True
GaussianBudget75M_MaxCov,Fir_2024-CASNF-000725,20240625,14,pyrologix,11,140-71,2024,0.0,0.0031940259505063295,0,drone,1,9.489961992702219e-05,3565,0.0046500813764240876,True
GaussianBudget75M_MaxCov,Five_2024-CAANF-243304,20240907,3,pyrologix,10,none,2024,0.0,0.0020730869146063924,-1,undetected,1,9.489961992702219e-05,0,0.0,False
GaussianBudget75M_MaxCov,Flat_2024-CALNF-004249,20240720,16,pyrologix,4,44-54,2024,0.0,0.003656758926808834,0,drone,1,9.489961992702219e-05,1730,0.0046500813764240876,True
GaussianBudget75M_MaxCov,Flat_2024-CALPF-000089,20240113,17,pyrologix,4,none,2024,0.0,0.002035027020610869,-1,undetected,1,9.489961992702219e-05,0,0.0,False
GaussianBudget75M_MaxCov,Flat_2024-CASQF-000728,20240531,20,pyrologix,10,174-77,2024,0.0,0.005579398013651371,0,drone,1,9.489961992702219e-05,3695,0.0046500813764240876,True
GaussianBudget75M_MaxCov,Flat_Camp_2024-CALPF-001612,20240713,13,pyrologix,10,none,2024,0.0,0.002028236980549991,-1,undetected,1,9.489961992702219e-05,0,0.0,False
GaussianBudget75M_MaxCov,Fleischmann_2024-CALNF-002561,20240515,21,pyrologix,4,58-54,2024,0.0,0.0022419780725613236,0,drone,1,9.489961992702219e-05,1535,0.0046500813764240876,True
GaussianBudget75M_MaxCov,Flume_2024-CASHF-000822,20240831,11,pyrologix,8,35-43,2024,0.0,0.002847889089025557,0,drone,1,9.489961992702219e-05,2940,0.0046500813764240876,True
GaussianBudget75M_MaxCov,Fly_2024-CAMNF-000926,20240805,17,pyrologix,8,61-19,2024,0.0,0.0068904259242117405,1,drone,1,9.489961992702219e-05,3750,0.0046500813764240876,True
GaussianBudget75M_MaxCov,Fordyce_2024-CATNF-000990,20240728,15,pyrologix,10,87-59,2024,0.0,0.005099150934256613,0,drone,1,9.489961992702219e-05,3755,0.0046500813764240876,True
GaussianBudget75M_MaxCov,Forebay_2024-CAENF-026969,20240920,12,pyrologix,7,97-60,2024,0.0,0.0024466210743412375,0,drone,1,9.489961992702219e-05,2190,0.0046500813764240876,True
GaussianBudget75M_MaxCov,Forebay_2024-CAENF-028748,20241008,15,pyrologix,2,97-60,2024,0.0,0.0038014299934729934,0,drone,1,9.489961992702219e-05,820,0.003985784036934932,True
GaussianBudget75M_MaxCov,Forgay_2024-CAPNF-001231,20240915,19,pyrologix,4,67-62,2024,0.0,0.004331340896897018,0,drone,1,9.489961992702219e-05,1900,0.0046500813764240876,True
GaussianBudget75M_MaxCov,Fork_2024-CAANF-242484,20240719,20,pyrologix,5,206-87,2024,0.0,0.013466633972711861,4,drone,1,9.489961992702219e-05,3045,0.004555181756497065,True
GaussianBudget75M_MaxCov,Fork_2024-CABDF-005677,20240409,14,pyrologix,6,206-88,2024,0.0,0.0023834280436858535,0,drone,1,9.489961992702219e-05,2390,0.004460282136570043,True
GaussianBudget75M_MaxCov,Fort_2024-CAKNF-005171,20240704,23,pyrologix,9,17-30,2024,0.0,0.0034143769880756736,0,drone,1,9.489961992702219e-05,3460,0.004555181756497065,True
GaussianBudget75M_MaxCov,Fox_2024-CALPF-001870,20240804,18,pyrologix,5,none,2024,0.0,0.0020215780241414905,-1,undetected,1,9.489961992702219e-05,0,0.0,False
GaussianBudget75M_MaxCov,Fox_2024-CAMDF-000950,20240916,16,pyrologix,5,37-64,2024,0.0,0.0044580569956451654,0,drone,1,9.489961992702219e-05,2235,0.0046500813764240876,True
GaussianBudget75M_MaxCov,Fraser_2024-CALPF-002400,20240920,20,pyrologix,4,none,2024,0.0,0.002028377028182149,-1,undetected,1,9.489961992702219e-05,0,0.0,False
GaussianBudget75M_MaxCov,French_2024-CAANF-242303,20240712,3,pyrologix,3,none,2024,0.0,0.0020302649354562163,-1,undetected,1,9.489961992702219e-05,0,0.0,False
GaussianBudget75M_MaxCov,French_2024-CATNF-000762,20240702,11,pyrologix,11,90-60,2024,0.0,0.004338904982432723,0,drone,1,9.489961992702219e-05,4165,0.0046500813764240876,True
GaussianBudget75M_MaxCov,Frenchman_2024-CAANF-244116,20241107,19,pyrologix,3,none,2024,0.0,0.0020350980339571834,-1,undetected,1,9.489961992702219e-05,0,0.0,False
GaussianBudget75M_MaxCov,Frying_Pan_2024-CAKNF-008910,20241027,22,pyrologix,12,21-28,2024,0.0,0.003912832937203348,0,drone,1,9.489961992702219e-05,4535,0.0046500813764240876,True
GaussianBudget75M_MaxCov,Gabriel_2024-CAANF-242668,20240728,7,pyrologix,4,none,2024,0.0,0.0021739000221714377,-1,undetected,1,9.489961992702219e-05,0,0.0,False
GaussianBudget75M_MaxCov,Garlic_2024-CASNF-000716,20240625,12,pyrologix,5,none,2024,0.0,0.0020626879995688796,-1,undetected,1,9.489961992702219e-05,0,0.0,False
GaussianBudget75M_MaxCov,Gate_2024-CAANF-244178,20241111,11,pyrologix,11,none,2024,0.0,0.002052005031146109,-1,undetected,1,9.489961992702219e-05,0,0.0,False
GaussianBudget75M_MaxCov,Gateway_2024-CASKU-008878,20241025,22,pyrologix,2,35-43,2024,0.0,0.004607598064467311,1,drone,1,9.489961992702219e-05,1130,0.004365382516643021,True
GaussianBudget75M_MaxCov,Genesee_2024-CAPNF-000194,20240419,18,pyrologix,4,73-63,2024,0.0,0.0022045689402148128,0,drone,1,9.489961992702219e-05,1415,0.004555181756497065,True
GaussianBudget75M_MaxCov,George_2024-CAINF-002041,20241109,20,pyrologix,4,none,2024,0.0,0.0020481960382312536,-1,undetected,1,9.489961992702219e-05,0,0.0,False
GaussianBudget75M_MaxCov,Gilmore_2024-CATMU-031223,20241103,18,pyrologix,9,98-62,2024,0.0,0.004082169965840876,0,drone,1,9.489961992702219e-05,3125,0.0046500813764240876,True
GaussianBudget75M_MaxCov,Glade_2024-CAINF-001979,20241026,18,pyrologix,1,none,2024,0.0,0.002070504939183593,-1,undetected,1,9.489961992702219e-05,0,0.0,False
GaussianBudget75M_MaxCov,Glass_2024-CAINF-000547,20240515,19,pyrologix,10,none,2024,0.0,0.002033908967860043,-1,undetected,1,9.489961992702219e-05,0,0.0,False
GaussianBudget75M_MaxCov,Glass_2024-CAMDF-000275,20240701,17,pyrologix,3,none,2024,0.0,0.002036371035501361,-1,undetected,1,9.489961992702219e-05,0,0.0,False
GaussianBudget75M_MaxCov,Glen_2024-CATMU-030944,20241031,14,pyrologix,9,none,2024,0.0,0.002097388030961156,-1,undetected,1,9.489961992702219e-05,0,0.0,False
GaussianBudget75M_MaxCov,Goat_2024-CAPNF-000340,20240531,14,pyrologix,9,65-55,2024,0.0,0.004589456017129123,0,drone,1,9.489961992702219e-05,3335,0.0046500813764240876,True
GaussianBudget75M_MaxCov,Goat_2024-CASNF-000908,20240712,13,pyrologix,8,128-67,2024,0.0,0.004912560107186437,0,drone,1,9.489961992702219e-05,3500,0.0046500813764240876,True
GaussianBudget75M_MaxCov,Gold_2024-CAANF-241424,20240525,1,pyrologix,4,none,2024,0.0,0.0020341610070317984,-1,undetected,1,9.489961992702219e-05,0,0.0,False
GaussianBudget75M_MaxCov,Gold_2024-CAPNF-000300,20240524,2,pyrologix,4,80-58,2024,0.0,0.00460904196370393,1,drone,1,9.489961992702219e-05,1850,0.0046500813764240876,True
GaussianBudget75M_MaxCov,Golden_2024-CASQF-002007,20241031,18,pyrologix,1,164-82,2024,0.0,0.002107506967149675,0,drone,1,9.489961992702219e-05,480,0.0034163863173727986,True
GaussianBudget75M_MaxCov,Goose_2024-CASTF-000999,20240620,18,pyrologix,2,115-63,2024,0.0,0.003533590934239328,0,drone,1,9.489961992702219e-05,945,0.004270482896715999,True
GaussianBudget75M_MaxCov,Grade_2024-CACNF-001239,20240705,1,pyrologix,6,none,2024,0.0,0.0020486980210989714,-1,undetected,1,9.489961992702219e-05,0,0.0,False
GaussianBudget75M_MaxCov,Grade_2024-CAKNF-002952,20240425,1,pyrologix,3,21-28,2024,0.0,0.0019260490080341697,0,drone,1,9.489961992702219e-05,1155,0.004555181756497065,True
GaussianBudget75M_MaxCov,Graffiti_2024-CACNF-001011,20240618,23,pyrologix,6,none,2024,0.0,0.0019731929060071707,-1,undetected,1,9.489961992702219e-05,0,0.0,False
GaussianBudget75M_MaxCov,Granlibakken_2024-CATMU-030319,20241024,13,pyrologix,11,none,2024,0.0,0.0020611960208043456,-1,undetected,1,9.489961992702219e-05,0,0.0,False
GaussianBudget75M_MaxCov,Grass_2024-CASTF-000851,20240604,17,pyrologix,6,115-63,2024,0.0,0.008249434060417116,2,drone,1,9.489961992702219e-05,2800,0.0046500813764240876,True
GaussianBudget75M_MaxCov,Grassy_1_2024-CASRF-000448,20240704,21,pyrologix,3,none,2024,0.0,0.0020508930319920182,-1,undetected,1,9.489961992702219e-05,0,0.0,False
GaussianBudget75M_MaxCov,Grassy_Flat_2024-CASRF-000629,20240722,21,pyrologix,4,none,2024,0.0,0.002000258071348071,-1,undetected,1,9.489961992702219e-05,0,0.0,False
GaussianBudget75M_MaxCov,Grays_2024-CASRF-001014,20241019,15,pyrologix,11,40-22,2024,0.0,0.00650122098159045,1,drone,1,9.489961992702219e-05,4460,0.0046500813764240876,True
GaussianBudget75M_MaxCov,Green_2024-CABDF-011293,20240810,17,pyrologix,4,206-88,2024,0.0,0.005278686061501503,1,drone,1,9.489961992702219e-05,2060,0.004460282136570043,True
GaussianBudget75M_MaxCov,Green_2024-CASNF-001198,20240807,22,pyrologix,1,132-72,2024,0.0,0.002104040002450347,0,drone,1,9.489961992702219e-05,525,0.00389088441700791,True
GaussianBudget75M_MaxCov,Grey_2024-CASHF-000904,20240916,14,pyrologix,10,35-36,2024,0.0,0.005331509979441762,0,drone,1,9.489961992702219e-05,3740,0.0046500813764240876,True
GaussianBudget75M_MaxCov,Grey_2024-CASNF-001571,20240920,13,pyrologix,9,128-67,2024,0.0,0.008460393990390003,2,drone,1,9.489961992702219e-05,4365,0.0046500813764240876,True
GaussianBudget75M_MaxCov,Grider_2024-CAKNF-003315,20240508,16,pyrologix,9,16-26,2024,0.0,0.0051946419989690185,0,drone,1,9.489961992702219e-05,3750,0.004555181756497065,True
GaussianBudget75M_MaxCov,Grider_2024-CAKNF-005709,20240716,1,pyrologix,5,17-30,2024,0.0,0.0027891560457646847,0,drone,1,9.489961992702219e-05,1990,0.004555181756497065,True
GaussianBudget75M_MaxCov,Griffin_2024-CASRF-000861,20240910,0,pyrologix,2,16-26,2024,0.0,0.003219746984541416,0,drone,1,9.489961992702219e-05,1080,0.004460282136570043,True
GaussianBudget75M_MaxCov,Grizzly_2024-CASNF-001681,20241006,16,pyrologix,11,132-72,2024,0.0,0.00305766798555851,0,drone,1,9.489961992702219e-05,4290,0.0046500813764240876,True
GaussianBudget75M_MaxCov,Grizzly_2024-CASTF-001646,20240731,18,pyrologix,3,none,2024,0.0,0.0020812409929931164,-1,undetected,1,9.489961992702219e-05,0,0.0,False
GaussianBudget75M_MaxCov,Grove_2024-CASNF-001698,20241010,19,pyrologix,5,none,2024,0.0,0.0019796789856627584,-1,undetected,1,9.489961992702219e-05,0,0.0,False
GaussianBudget75M_MaxCov,Gulch-Ref_3101_2024-CAANF-243107,20240824,16,pyrologix,2,none,2024,0.0,0.0027215590234845877,-1,undetected,1,9.489961992702219e-05,0,0.0,False
GaussianBudget75M_MaxCov,Gulch_2024-CAANF-243101,20240824,8,pyrologix,3,none,2024,0.0,0.0020546300802379847,-1,undetected,1,9.489961992702219e-05,0,0.0,False
GaussianBudget75M_MaxCov,Gypsum_2024-CABDF-016290,20241110,11,pyrologix,9,none,2024,0.0,0.0020477219950407743,-1,undetected,1,9.489961992702219e-05,0,0.0,False
GaussianBudget75M_MaxCov,H-2_Busters_2024-CALNF-005584,20240916,0,pyrologix,2,50-60,2024,0.0,0.006305808085016906,1,drone,1,9.489961992702219e-05,1300,0.0046500813764240876,True
GaussianBudget75M_MaxCov,Hackamore_2024-CAMDF-000669,20240816,7,pyrologix,7,37-64,2024,0.0,0.005932149011641741,1,drone,1,9.489961992702219e-05,3095,0.0046500813764240876,True
GaussianBudget75M_MaxCov,Haight_2024-CAKNF-005992,20240724,17,pyrologix,10,28-45,2024,0.0,0.0043079250026494265,0,drone,1,9.489961992702219e-05,3685,0.0046500813764240876,True
GaussianBudget75M_MaxCov,Hall_2024-CABDF-009898,20240707,6,pyrologix,12,206-88,2024,0.0,0.02231051493436098,-1,undetected,1,9.489961992702219e-05,5155,0.004460282136570043,True
GaussianBudget75M_MaxCov,Hall_2024-CAKNF-004218,20240607,18,pyrologix,9,18-37,2024,0.0,0.005796262063086033,1,drone,1,9.489961992702219e-05,3710,0.0040806836568619545,True
GaussianBudget75M_MaxCov,Halls_2024-CAMDF-000389,20240715,0,pyrologix,3,38-63,2024,0.0,0.0023004779359325767,0,drone,1,9.489961992702219e-05,1320,0.0046500813764240876,True
GaussianBudget75M_MaxCov,Hambone_2024-CASKU-008314,20241006,15,pyrologix,11,37-52,2024,0.0,0.002937640994787216,0,drone,1,9.489961992702219e-05,3715,0.0046500813764240876,True
GaussianBudget75M_MaxCov,Happy_2024-CASQF-001285,20240716,11,pyrologix,10,none,2024,0.0,0.0020278380252420902,-1,undetected,1,9.489961992702219e-05,0,0.0,False
GaussianBudget75M_MaxCov,Hard_2024-CAANF-241934,20240625,22,pyrologix,12,none,2024,0.0,0.0025341770378872752,-1,undetected,1,9.489961992702219e-05,0,0.0,False
GaussianBudget75M_MaxCov,Harding_2024-CATNF-001046,20240804,23,pyrologix,6,80-65,2024,0.0,0.0030028809560462832,0,drone,1,9.489961992702219e-05,2130,0.004555181756497065,True
GaussianBudget75M_MaxCov,Harris_2024-CAMDF-000518,20240726,12,pyrologix,4,38-63,2024,0.0,0.005296732997521758,1,drone,1,9.489961992702219e-05,2010,0.0046500813764240876,True
GaussianBudget75M_MaxCov,Hartley_2024-CAINF-001179,20240718,18,pyrologix,10,none,2024,0.0,0.0021291300654411316,-1,undetected,1,9.489961992702219e-05,0,0.0,False
GaussianBudget75M_MaxCov,Hathaway_2024-CAANF-243176,20240829,21,pyrologix,1,none,2024,0.0,0.002130190026946366,-1,undetected,1,9.489961992702219e-05,0,0.0,False
GaussianBudget75M_MaxCov,Hawk_2024-CAPNF-000410,20240615,21,pyrologix,11,73-63,2024,0.0,0.00584870798047632,1,drone,1,9.489961992702219e-05,4150,0.004555181756497065,True
GaussianBudget75M_MaxCov,Hawkins_2024-CASRF-000904,20240920,20,pyrologix,4,40-22,2024,0.0,0.003212559036910534,0,drone,1,9.489961992702219e-05,1705,0.0046500813764240876,True
GaussianBudget75M_MaxCov,Haypress_2024-CASTF-001351,20240713,18,pyrologix,9,none,2024,0.0,0.002105608000420034,-1,undetected,1,9.489961992702219e-05,0,0.0,False
GaussianBudget75M_MaxCov,Hazel_2024-CABDF-012873,20240914,19,pyrologix,9,206-88,2024,0.0,0.0041209839982911944,0,drone,1,9.489961992702219e-05,3555,0.004460282136570043,True
GaussianBudget75M_MaxCov,Headwaters_2024-CASTF-001965,20240829,16,pyrologix,3,115-63,2024,0.0,0.0030055430252104998,0,drone,1,9.489961992702219e-05,1240,0.0046500813764240876,True
GaussianBudget75M_MaxCov,Heather_2024-CASNF-001017,20240720,18,pyrologix,4,none,2024,0.0,0.0020685369381681085,-1,undetected,1,9.489961992702219e-05,0,0.0,False
GaussianBudget75M_MaxCov,Heel_2024-CASHF-001031,20241019,11,pyrologix,11,42-41,2024,0.0,0.004098954028449953,0,drone,1,9.489961992702219e-05,4020,0.0046500813764240876,True
GaussianBudget75M_MaxCov,Hennessy_2024-CASRF-000447,20240704,17,pyrologix,7,42-15,2024,0.0,0.003971607075072825,0,drone,1,9.489961992702219e-05,2870,0.0046500813764240876,True
GaussianBudget75M_MaxCov,Hennessy_2_2024-CASRF-000592,20240716,22,pyrologix,9,40-22,2024,0.0,0.008295004023239017,2,drone,1,9.489961992702219e-05,4040,0.0046500813764240876,True
GaussianBudget75M_MaxCov,Highway_2024-CACNF-001204,20240703,13,pyrologix,1,none,2024,0.0,0.0020027250284329057,-1,undetected,1,9.489961992702219e-05,0,0.0,False
GaussianBudget75M_MaxCov,Highway_2024-CAINF-001777,20240921,5,pyrologix,1,none,2024,0.0,0.0021079910220578313,-1,undetected,1,9.489961992702219e-05,0,0.0,False
GaussianBudget75M_MaxCov,Highway_2024-CAKNF-003856,20240527,1,pyrologix,2,27-52,2024,0.0,0.002504189033061266,0,drone,1,9.489961992702219e-05,915,0.004460282136570043,True
GaussianBudget75M_MaxCov,Highway_2024-CALPF-002498,20241001,1,pyrologix,8,none,2024,0.0,0.002073950949124992,-1,undetected,1,9.489961992702219e-05,0,0.0,False
GaussianBudget75M_MaxCov,Highway_2024-CASHF-000549,20240708,21,pyrologix,11,42-41,2024,0.0,0.006767790066078305,1,drone,1,9.489961992702219e-05,4445,0.0046500813764240876,True
GaussianBudget75M_MaxCov,Hill_2024-CANEU-017006,20240617,7,pyrologix,8,83-49,2024,0.0,0.002577770035713911,0,drone,1,9.489961992702219e-05,2910,0.0046500813764240876,True
GaussianBudget75M_MaxCov,Hill_2024-CASRF-000586,20240716,23,pyrologix,3,42-15,2024,0.0,0.0026769089745357633,0,drone,1,9.489961992702219e-05,1295,0.004460282136570043,True
GaussianBudget75M_MaxCov,Hill_2024-CATNF-001473,20241010,10,pyrologix,12,84-67,2024,0.0,0.0030935410177335143,0,drone,1,9.489961992702219e-05,3985,0.0046500813764240876,True
GaussianBudget75M_MaxCov,Hillcrest_2024-CABDF-012201,20240831,18,pyrologix,10,none,2024,0.0,0.0020540449768304825,-1,undetected,1,9.489961992702219e-05,0,0.0,False
GaussianBudget75M_MaxCov,Hobart_2024-CATNF-001416,20241001,17,pyrologix,9,84-67,2024,0.0,0.0026349230902269483,0,drone,1,9.489961992702219e-05,3055,0.0046500813764240876,True
GaussianBudget75M_MaxCov,Hobo_2024-CASQF-000345,20240402,15,pyrologix,5,172-74,2024,0.0,0.0026930650928989053,0,drone,1,9.489961992702219e-05,1920,0.0046500813764240876,True
GaussianBudget75M_MaxCov,Honn_2024-CALNF-001473,20240322,22,pyrologix,3,51-53,2024,0.0,0.0026853139279410243,0,drone,1,9.489961992702219e-05,1235,0.004555181756497065,True
GaussianBudget75M_MaxCov,Hopkins_2024-CASRF-000293,20240528,17,pyrologix,9,27-19,2024,0.0,0.0028147679986432195,0,drone,1,9.489961992702219e-05,3060,0.0046500813764240876,True
GaussianBudget75M_MaxCov,Horse_2024-CAANF-242667,20240728,8,pyrologix,2,206-87,2024,0.0,0.006133457995019853,1,drone,1,9.489961992702219e-05,1240,0.004555181756497065,True
GaussianBudget75M_MaxCov,Horse_2024-CAKNF-006775,20240817,19,pyrologix,4,18-37,2024,0.0,0.006657780962996185,1,drone,1,9.489961992702219e-05,2150,0.0040806836568619545,True
GaussianBudget75M_MaxCov,Horse_2024-CAMDF-000500,20240724,15,pyrologix,11,none,2024,0.0,0.0019747059559449553,-1,undetected,1,9.489961992702219e-05,0,0.0,False
GaussianBudget75M_MaxCov,Horse_2024-CAMNF-001382,20241004,9,pyrologix,12,none,2024,0.0,0.002058509038761258,-1,undetected,1,9.489961992702219e-05,0,0.0,False
GaussianBudget75M_MaxCov,Horse_2024-CASHF-000582,20240716,22,pyrologix,4,54-19,2024,0.0,0.003388721030205488,0,drone,1,9.489961992702219e-05,1510,0.004460282136570043,True
GaussianBudget75M_MaxCov,Horse_2024-CASRF-000317,20240606,16,pyrologix,5,32-17,2024,0.0,0.0031660700915381312,0,drone,1,9.489961992702219e-05,2005,0.0046500813764240876,True
GaussianBudget75M_MaxCov,Horseshoe_2024-CAINF-001995,20241030,13,pyrologix,10,none,2024,0.0,0.001932359067723155,-1,undetected,1,9.489961992702219e-05,0,0.0,False
GaussianBudget75M_MaxCov,Hotlum_2024-CASHF-000139,20240308,19,pyrologix,2,28-45,2024,0.0,0.0056841709883883595,1,drone,1,9.489961992702219e-05,1230,0.004365382516643021,True
GaussianBudget75M_MaxCov,Hughes_2_2024-CAANF-243305,20240907,4,pyrologix,11,none,2024,0.0,0.0020059869857504964,-1,undetected,1,9.489961992702219e-05,0,0.0,False
GaussianBudget75M_MaxCov,Hulburd_2024-CACNF-002587,20241109,10,pyrologix,10,none,2024,0.0,0.0019080869387835264,-1,undetected,1,9.489961992702219e-05,0,0.0,False
GaussianBudget75M_MaxCov,Hull_2024-CAMNF-001169,20240907,22,pyrologix,3,68-22,2024,0.0,0.0021786560537293553,0,drone,1,9.489961992702219e-05,1245,0.0046500813764240876,True
GaussianBudget75M_MaxCov,Hume_2024-CASQF-001379,20240726,16,pyrologix,12,148-73,2024,0.0,0.01894940692000091,-1,undetected,1,9.489961992702219e-05,5610,0.0046500813764240876,True
GaussianBudget75M_MaxCov,Hunters2_2024-CAMDF-000808,20240828,14,pyrologix,6,38-63,2024,0.0,0.006433089030906558,1,drone,1,9.489961992702219e-05,2790,0.0046500813764240876,True
GaussianBudget75M_MaxCov,Hunters_2024-CAMDF-000718,20240821,20,pyrologix,4,38-63,2024,0.0,0.003786414978094399,0,drone,1,9.489961992702219e-05,1820,0.0046500813764240876,True
GaussianBudget75M_MaxCov,I_15__S__Cleghorn_Rd_2024-CABDU-014682,20240927,10,pyrologix,2,206-88,2024,0.0,0.0033547920174896717,0,drone,1,9.489961992702219e-05,960,0.004460282136570043,True
GaussianBudget75M_MaxCov,Ice_2024-CAENF-015964,20240615,20,pyrologix,7,97-60,2024,0.0,0.0025762999430298805,0,drone,1,9.489961992702219e-05,2190,0.0046500813764240876,True
GaussianBudget75M_MaxCov,Ice_2024-CAENF-020980,20240725,23,pyrologix,11,97-60,2024,0.0,0.003636484034359455,0,drone,1,9.489961992702219e-05,3575,0.0046500813764240876,True
GaussianBudget75M_MaxCov,Ikes_2024-CASRF-000549,20240713,6,pyrologix,3,26-25,2024,0.0,0.003731783013790846,0,drone,1,9.489961992702219e-05,1580,0.0046500813764240876,True
GaussianBudget75M_MaxCov,Indian_2024-CAANF-242599,20240725,18,pyrologix,2,none,2024,0.0,0.0019176040077582002,-1,undetected,1,9.489961992702219e-05,0,0.0,False
GaussianBudget75M_MaxCov,Industrial_2024-CATMU-015789,20240614,13,pyrologix,8,none,2024,0.0,0.0019373149843886495,-1,undetected,1,9.489961992702219e-05,0,0.0,False
GaussianBudget75M_MaxCov,Interstate_2024-CAANF-243338,20240908,18,pyrologix,10,none,2024,0.0,0.0019403620390221477,-1,undetected,1,9.489961992702219e-05,0,0.0,False
GaussianBudget75M_MaxCov,Interstate_2024-CACNF-002439,20241020,16,pyrologix,8,none,2024,0.0,0.0020479810191318393,-1,undetected,1,9.489961992702219e-05,0,0.0,False
GaussianBudget75M_MaxCov,Interstate_2024-CASHF-001074,20241029,9,pyrologix,10,35-43,2024,0.0,0.003043056931346655,0,drone,1,9.489961992702219e-05,3610,0.0046500813764240876,True
GaussianBudget75M_MaxCov,Iowa_2024-CATNF-001295,20240910,20,pyrologix,5,86-54,2024,0.0,0.01405323704238981,4,drone,1,9.489961992702219e-05,3425,0.0046500813764240876,True
GaussianBudget75M_MaxCov,Iron_2024-CASNF-000942,20240714,13,pyrologix,5,125-65,2024,0.0,0.003960417001508176,0,drone,1,9.489961992702219e-05,2155,0.0046500813764240876,True
GaussianBudget75M_MaxCov,Ironwood_2024-CABDF-012667,20240909,12,pyrologix,11,none,2024,0.0,0.002053944976069033,-1,undetected,1,9.489961992702219e-05,0,0.0,False
GaussianBudget75M_MaxCov,Italian_2024-CASNF-001114,20240729,19,pyrologix,2,140-71,2024,0.0,0.004056488047353923,0,drone,1,9.489961992702219e-05,1060,0.004555181756497065,True
GaussianBudget75M_MaxCov,Jack_2024-CAKNF-008927,20241027,18,pyrologix,1,21-28,2024,0.0,0.002996700000949204,0,drone,1,9.489961992702219e-05,630,0.004365382516643021,True
GaussianBudget75M_MaxCov,Jackson_2024-CAANF-241547,20240531,14,pyrologix,7,206-88,2024,0.0,0.006285310024395585,1,drone,1,9.489961992702219e-05,3215,0.004460282136570043,True
GaussianBudget75M_MaxCov,Jackson_2024-CAKNF-005648,20240714,23,pyrologix,1,35-36,2024,0.0,0.0025587260024622083,0,drone,1,9.489961992702219e-05,525,0.0037010851771538656,True
GaussianBudget75M_MaxCov,Japatul_2024-CACNF-002835,20241220,1,pyrologix,1,none,2024,0.0,0.0020221270387992263,-1,undetected,1,9.489961992702219e-05,0,0.0,False
GaussianBudget75M_MaxCov,Jeffery_2024-CAINF-002015,20241103,10,pyrologix,12,none,2024,0.0,0.002045942936092615,-1,undetected,1,9.489961992702219e-05,0,0.0,False
GaussianBudget75M_MaxCov,Jones_2024-CAHUU-007537,20240813,13,pyrologix,5,54-19,2024,0.0,0.004444821970537305,0,drone,1,9.489961992702219e-05,2020,0.004555181756497065,True
GaussianBudget75M_MaxCov,Jora_2024-CAANF-243511,20240926,4,pyrologix,10,none,2024,0.0,0.0020753940334543586,-1,undetected,1,9.489961992702219e-05,0,0.0,False
GaussianBudget75M_MaxCov,Jordan_2024-CASTF-001053,20240624,17,pyrologix,12,122-61,2024,0.0,0.004797172965481877,0,drone,1,9.489961992702219e-05,4310,0.0046500813764240876,True
GaussianBudget75M_MaxCov,Joshua_2024-CAANF-243099,20240824,7,pyrologix,3,none,2024,0.0,0.0020795889431610703,-1,undetected,1,9.489961992702219e-05,0,0.0,False
GaussianBudget75M_MaxCov,Junction_2024-CAINF-001506,20240820,19,pyrologix,5,none,2024,0.0,0.00204176502302289,-1,undetected,1,9.489961992702219e-05,0,0.0,False
GaussianBudget75M_MaxCov,June_2024-CAINF-001029,20240706,16,pyrologix,11,none,2024,0.0,0.0020696469582617283,-1,undetected,1,9.489961992702219e-05,0,0.0,False
GaussianBudget75M_MaxCov,Kagel_2024-CAANF-242295,20240711,19,pyrologix,6,none,2024,0.0,0.0020429580472409725,-1,undetected,1,9.489961992702219e-05,0,0.0,False
GaussianBudget75M_MaxCov,Kaiser_2024-CASNF-001496,20240908,21,pyrologix,1,132-72,2024,0.0,0.00534471299033612,1,drone,1,9.489961992702219e-05,985,0.004365382516643021,True
GaussianBudget75M_MaxCov,Kangaroo_2024-CAKNF-009316,20241110,12,pyrologix,1,28-39,2024,0.0,0.006530083017423749,1,drone,1,9.489961992702219e-05,1090,0.0046500813764240876,True
GaussianBudget75M_MaxCov,Kellogg_2024-CAMDF-000377,20240714,0,pyrologix,1,none,2024,0.0,0.0020768160466104746,-1,undetected,1,9.489961992702219e-05,0,0.0,False
GaussianBudget75M_MaxCov,Kelly_2024-CAKNF-006047,20240726,4,pyrologix,3,16-26,2024,0.0,0.0019479290349408984,0,drone,1,9.489961992702219e-05,1230,0.004460282136570043,True
GaussianBudget75M_MaxCov,Kelsey_2024-CASRF-000523,20240709,18,pyrologix,8,23-23,2024,0.0,0.006857836036942899,1,drone,1,9.489961992702219e-05,3285,0.0046500813764240876,True
GaussianBudget75M_MaxCov,Kinevan_2024-CALPF-001022,20240522,20,pyrologix,4,none,2024,0.0,0.0020477049984037876,-1,undetected,1,9.489961992702219e-05,0,0.0,False
GaussianBudget75M_MaxCov,Kings_2024-CASNF-000919,20240713,18,pyrologix,1,none,2024,0.0,0.0020319910254329443,-1,undetected,1,9.489961992702219e-05,0,0.0,False
GaussianBudget75M_MaxCov,Kitchen_2024-CACNF-001184,20240701,17,pyrologix,2,none,2024,0.0,0.002025900990702212,-1,undetected,1,9.489961992702219e-05,0,0.0,False
GaussianBudget75M_MaxCov,Knob_2024-CAINF-000901,20240626,21,pyrologix,7,none,2024,0.0,0.002102022059261799,-1,undetected,1,9.489961992702219e-05,0,0.0,False
GaussianBudget75M_MaxCov,Knob_2024-CASQF-001233,20240713,23,pyrologix,4,164-82,2024,0.0,0.008567461976781487,2,drone,1,9.489961992702219e-05,2195,0.004555181756497065,True
GaussianBudget75M_MaxCov,L-2_Carter_2024-CALNF-004138,20240716,22,pyrologix,12,62-48,2024,0.0,0.01969117799308151,-1,undetected,1,9.489961992702219e-05,6175,0.0046500813764240876,True
GaussianBudget75M_MaxCov,L1Buzzard_2024-CALNF-003550,20240627,20,pyrologix,10,58-54,2024,0.0,0.007355498033575714,1,drone,1,9.489961992702219e-05,4310,0.0046500813764240876,True
GaussianBudget75M_MaxCov,Lac_-_Soledad_2024-CAANF-243141,20240826,17,pyrologix,7,none,2024,0.0,0.002093430026434362,-1,undetected,1,9.489961992702219e-05,0,0.0,False
GaussianBudget75M_MaxCov,Lac_Bert_2024-CAANF-242764,20240802,19,pyrologix,1,none,2024,0.0,0.0027192059205845,-1,undetected,1,9.489961992702219e-05,0,0.0,False
GaussianBudget75M_MaxCov,Ladybug_2024-CAANF-243459,20240921,8,pyrologix,3,none,2024,0.0,0.002038074075244367,-1,undetected,1,9.489961992702219e-05,0,0.0,False
GaussianBudget75M_MaxCov,Ladybug_2024-CATNF-000976,20240726,13,pyrologix,12,84-67,2024,0.0,0.02022344502620399,-1,undetected,1,9.489961992702219e-05,4440,0.0046500813764240876,True
GaussianBudget75M_MaxCov,Lake_2024-CABDF-001298,20240127,15,pyrologix,12,225-101,2024,0.0,0.003443254972808063,0,drone,1,9.489961992702219e-05,4180,0.0046500813764240876,True
GaussianBudget75M_MaxCov,Lake_2024-CALPF-001542,20240705,17,pyrologix,11,none,2024,0.0,0.0020779441110789776,-1,undetected,1,9.489961992702219e-05,0,0.0,False
GaussianBudget75M_MaxCov,Lake_2024-CASRF-001056,20241105,15,pyrologix,12,54-19,2024,0.0,0.004359035054221749,0,drone,1,9.489961992702219e-05,4095,0.0046500813764240876,True
GaussianBudget75M_MaxCov,Lake_2024-CASTF-000674,20240514,23,pyrologix,1,115-63,2024,0.0,0.006082884036004543,1,drone,1,9.489961992702219e-05,945,0.004270482896715999,True
GaussianBudget75M_MaxCov,Landing_2024-CATNF-000745,20240630,3,pyrologix,1,73-63,2024,0.0,0.005388480029068887,1,drone,1,9.489961992702219e-05,850,0.004175583276788976,True
GaussianBudget75M_MaxCov,Lava_2024-CASHF-000905,20240916,14,pyrologix,10,37-52,2024,0.0,0.007445253082551062,1,drone,1,9.489961992702219e-05,3900,0.0046500813764240876,True
GaussianBudget75M_MaxCov,Leaf_2024-CATMU-011294,20240504,1,pyrologix,1,none,2024,0.0,0.002054187934845686,-1,undetected,1,9.489961992702219e-05,0,0.0,False
GaussianBudget75M_MaxCov,Lemon_2024-CATNF-001043,20240804,18,pyrologix,12,80-65,2024,0.0,0.019979252014309168,-1,undetected,1,9.489961992702219e-05,4985,0.0046500813764240876,True
GaussianBudget75M_MaxCov,Liberty_2024-CASTF-001974,20240830,17,pyrologix,2,105-63,2024,0.0,0.0024150899844244123,0,drone,1,9.489961992702219e-05,800,0.004365382516643021,True
GaussianBudget75M_MaxCov,Lightning_2024-CACNF-001050,20240620,13,pyrologix,12,none,2024,0.0,0.0022975889733061194,-1,undetected,1,9.489961992702219e-05,0,0.0,False
GaussianBudget75M_MaxCov,Lights_2024-CAPNF-000857,20240725,19,pyrologix,7,63-64,2024,0.0,0.0048639290034770966,0,drone,1,9.489961992702219e-05,3020,0.0046500813764240876,True
GaussianBudget75M_MaxCov,Lime_2024-CAKNF-004659,20240620,16,pyrologix,2,21-42,2024,0.0,0.002563414047472179,0,drone,1,9.489961992702219e-05,825,0.004365382516643021,True
GaussianBudget75M_MaxCov,Linda_2024-CAMMU-025337,20241030,21,pyrologix,1,135-68,2024,0.0,0.005790941999293864,1,drone,1,9.489961992702219e-05,835,0.003795984797080888,True
GaussianBudget75M_MaxCov,Line_2024-CABDF-012520,20240906,20,pyrologix,11,none,2024,0.0,0.002046423964202404,-1,undetected,1,9.489961992702219e-05,0,0.0,False
GaussianBudget75M_MaxCov,Lion_2024-CASNF-000946,20240714,17,pyrologix,4,129-73,2024,0.0,0.004801800008863211,1,drone,1,9.489961992702219e-05,1855,0.004555181756497065,True
GaussianBudget75M_MaxCov,Lisa_2024-CAANF-242066,20240702,7,pyrologix,5,none,2024,0.0,0.0020999700063839555,-1,undetected,1,9.489961992702219e-05,0,0.0,False
GaussianBudget75M_MaxCov,Little_2024-CAANF-241849,20240620,19,pyrologix,1,none,2024,0.0,0.002093106973916292,-1,undetected,1,9.489961992702219e-05,0,0.0,False
GaussianBudget75M_MaxCov,Little_2024-CAKNF-003131,20240501,18,pyrologix,10,16-26,2024,0.0,0.004835276980884373,0,drone,1,9.489961992702219e-05,4025,0.004555181756497065,True
GaussianBudget75M_MaxCov,Little_2024-CALAC-211628,20240620,18,pyrologix,3,none,2024,0.0,0.0020875660702586174,-1,undetected,1,9.489961992702219e-05,0,0.0,False
GaussianBudget75M_MaxCov,Little_2024-CAPNF-001091,20240901,14,pyrologix,4,69-50,2024,0.0,0.0032061340752989054,0,drone,1,9.489961992702219e-05,1660,0.0046500813764240876,True
GaussianBudget75M_MaxCov,Log_2024-CASHF-000146,20240310,22,pyrologix,12,28-45,2024,0.0,0.019053532974794507,-1,undetected,1,9.489961992702219e-05,4430,0.0046500813764240876,True
GaussianBudget75M_MaxCov,Logging_Fire_2024-CAMDF-001049,20241007,15,pyrologix,8,50-60,2024,0.0,0.005106330965645611,0,drone,1,9.489961992702219e-05,3060,0.0046500813764240876,True
GaussianBudget75M_MaxCov,Lone_2024-CABDF-009497,20240701,5,pyrologix,1,206-88,2024,0.0,0.0018319489900022745,0,drone,1,9.489961992702219e-05,490,0.003511285937299821,True
GaussianBudget75M_MaxCov,Long_2024-CABDF-014560,20241019,4,pyrologix,12,206-87,2024,0.0,0.0033716129837557673,0,drone,1,9.489961992702219e-05,3995,0.004555181756497065,True
GaussianBudget75M_MaxCov,Long_2024-CACNF-002802,20241213,17,pyrologix,9,none,2024,0.0,0.0020358910551294684,-1,undetected,1,9.489961992702219e-05,0,0.0,False
GaussianBudget75M_MaxCov,Long_2024-CASHF-001059,20241028,21,pyrologix,8,42-34,2024,0.0,0.005291335051879287,1,drone,1,9.489961992702219e-05,3160,0.0046500813764240876,True
GaussianBudget75M_MaxCov,Long_2024-CASQF-001281,20240715,16,pyrologix,11,none,2024,0.0,0.0020531900227069855,-1,undetected,1,9.489961992702219e-05,0,0.0,False
GaussianBudget75M_MaxCov,Lookout_2024-CAINF-001757,20240917,20,pyrologix,2,none,2024,0.0,0.0021123510086908937,-1,undetected,1,9.489961992702219e-05,0,0.0,False
GaussianBudget75M_MaxCov,Loon_2024-CAENF-018656,20240706,20,pyrologix,1,90-60,2024,0.0,0.00432185095269233,1,drone,1,9.489961992702219e-05,765,0.004555181756497065,True
GaussianBudget75M_MaxCov,Loon_2024-CAENF-025020,20240901,20,pyrologix,2,90-60,2024,0.0,0.0017074900679290295,0,drone,1,9.489961992702219e-05,765,0.004555181756497065,True
GaussianBudget75M_MaxCov,Loop_2024-CAINF-000654,20240527,19,pyrologix,12,none,2024,0.0,0.0020715040154755116,-1,undetected,1,9.489961992702219e-05,0,0.0,False
GaussianBudget75M_MaxCov,Lower_2024-CAENF-013979,20240529,17,pyrologix,4,105-63,2024,0.0,0.0034101339988410473,0,drone,1,9.489961992702219e-05,1680,0.004555181756497065,True
GaussianBudget75M_MaxCov,Lower_2024-CASNF-000705,20240624,23,pyrologix,1,140-71,2024,0.0,0.002557861036621034,0,drone,1,9.489961992702219e-05,495,0.003985784036934932,True
GaussianBudget75M_MaxCov,Lukens_2024-CAANF-241820,20240618,21,pyrologix,3,none,2024,0.0,0.0021207539830356836,-1,undetected,1,9.489961992702219e-05,0,0.0,False
GaussianBudget75M_MaxCov,Lunch_2024-CATNF-001045,20240804,0,pyrologix,2,80-65,2024,0.0,0.0027717100456357002,0,drone,1,9.489961992702219e-05,770,0.0040806836568619545,True
GaussianBudget75M_MaxCov,Luther_2024-CATMU-022161,20240805,14,pyrologix,10,101-70,2024,0.0,0.008002746035344899,1,drone,1,9.489961992702219e-05,4800,0.004270482896715999,True
GaussianBudget75M_MaxCov,Lyons_2024-CACNF-002195,20240921,14,pyrologix,10,none,2024,0.0,0.0021045469911769032,-1,undetected,1,9.489961992702219e-05,0,0.0,False
GaussianBudget75M_MaxCov,Lyons_2024-CAENF-023259,20240815,20,pyrologix,2,98-62,2024,0.0,0.0032907930435612798,0,drone,1,9.489961992702219e-05,885,0.004365382516643021,True
GaussianBudget75M_MaxCov,Lyons_2024-CASTF-000827,20240601,12,pyrologix,11,115-63,2024,0.0,0.006322912056930363,1,drone,1,9.489961992702219e-05,4120,0.0046500813764240876,True
GaussianBudget75M_MaxCov,Lytle_2024-CABDF-008512,20240609,20,pyrologix,4,206-87,2024,0.0,0.004545309930108488,0,drone,1,9.489961992702219e-05,1660,0.004555181756497065,True
GaussianBudget75M_MaxCov,Mace_2024-CAAEU-021087,20240726,6,pyrologix,4,93-54,2024,0.0,0.003606729907914996,0,drone,1,9.489961992702219e-05,1510,0.0046500813764240876,True
GaussianBudget75M_MaxCov,Mad_Rock_2024-CASRF-000359,20240619,6,pyrologix,10,47-21,2024,0.0,0.006994945928454399,1,drone,1,9.489961992702219e-05,4310,0.0046500813764240876,True
GaussianBudget75M_MaxCov,Maddalena_2024-CAPNF-000657,20240706,13,pyrologix,10,77-70,2024,0.0,0.006031077937223017,1,drone,1,9.489961992702219e-05,4240,0.003985784036934932,True
GaussianBudget75M_MaxCov,Madrone_2024-CATNF-000478,20240530,19,pyrologix,2,76-51,2024,0.0,0.011892376933246851,3,drone,1,9.489961992702219e-05,2420,0.0046500813764240876,True
GaussianBudget75M_MaxCov,Main_2024-CATNF-001408,20240930,3,pyrologix,6,80-65,2024,0.0,0.0046190379653126,0,drone,1,9.489961992702219e-05,2340,0.0046500813764240876,True
GaussianBudget75M_MaxCov,Manzanita_2024-CAANF-242218,20240707,10,pyrologix,1,206-88,2024,0.0,0.002670742920599878,0,drone,1,9.489961992702219e-05,590,0.003985784036934932,True
GaussianBudget75M_MaxCov,Manzanita_2024-CAINF-001157,20240716,14,pyrologix,7,164-82,2024,0.0,0.003115682047791779,0,drone,1,9.489961992702219e-05,2540,0.004555181756497065,True
GaussianBudget75M_MaxCov,Maple_2024-CAANF-243443,20240918,22,pyrologix,3,none,2024,0.0,0.0020332380663603544,-1,undetected,1,9.489961992702219e-05,0,0.0,False
GaussianBudget75M_MaxCov,Marina_2024-CASQF-001396,20240729,12,pyrologix,5,171-80,2024,0.0,0.0024123030016198754,0,drone,1,9.489961992702219e-05,1725,0.0046500813764240876,True
GaussianBudget75M_MaxCov,Maxon_2024-CASNF-000940,20240714,13,pyrologix,5,none,2024,0.0,0.0020229070214554667,-1,undetected,1,9.489961992702219e-05,0,0.0,False
GaussianBudget75M_MaxCov,Mcculloh_2024-CAENF-021466,20240729,19,pyrologix,2,90-60,2024,0.0,0.005640077986754477,1,drone,1,9.489961992702219e-05,1305,0.0046500813764240876,True
GaussianBudget75M_MaxCov,Mckenzie_2024-CASHF-001018,20241016,21,pyrologix,2,41-47,2024,0.0,0.002564328955486417,0,drone,1,9.489961992702219e-05,910,0.004555181756497065,True
GaussianBudget75M_MaxCov,Mckinstry_2024-CAENF-019734,20240714,18,pyrologix,8,90-60,2024,0.0,0.0026037400821223855,0,drone,1,9.489961992702219e-05,2940,0.0046500813764240876,True
GaussianBudget75M_MaxCov,Mclain_2024-CATNF-000486,20240531,13,pyrologix,7,76-51,2024,0.0,0.004096792894415557,0,drone,1,9.489961992702219e-05,3185,0.0046500813764240876,True
GaussianBudget75M_MaxCov,Mcleod_2024-CAINF-000910,20240626,17,pyrologix,3,none,2024,0.0,0.002119585988111794,-1,undetected,1,9.489961992702219e-05,0,0.0,False
GaussianBudget75M_MaxCov,Mcnair_2024-CAPNF-000934,20240805,16,pyrologix,7,80-65,2024,0.0,0.007259757025167346,1,drone,1,9.489961992702219e-05,3095,0.0046500813764240876,True
GaussianBudget75M_MaxCov,Meadow_2024-CAENF-019852,20240715,18,pyrologix,3,105-63,2024,0.0,0.005234182113781571,1,drone,1,9.489961992702219e-05,1585,0.004555181756497065,True
GaussianBudget75M_MaxCov,Meadow_2024-CAKNF-001865,20240315,14,pyrologix,11,16-26,2024,0.0,0.0031391408992931247,0,drone,1,9.489961992702219e-05,4120,0.004555181756497065,True
GaussianBudget75M_MaxCov,Meadow_2024-CAPNF-000360,20240605,23,pyrologix,5,72-57,2024,0.0,0.003138400032185018,0,drone,1,9.489961992702219e-05,1930,0.0046500813764240876,True
GaussianBudget75M_MaxCov,Meadow_2024-CASTF-002049,20240903,20,pyrologix,7,105-63,2024,0.0,0.004164139972999692,0,drone,1,9.489961992702219e-05,2830,0.0046500813764240876,True
GaussianBudget75M_MaxCov,Meadow_2024-CATNF-001058,20240805,19,pyrologix,10,80-65,2024,0.0,0.004641712992452085,0,drone,1,9.489961992702219e-05,3805,0.0046500813764240876,True
GaussianBudget75M_MaxCov,Merrill_2024-CATNF-001451,20241006,6,pyrologix,9,84-67,2024,0.0,0.0038275880506262183,0,drone,1,9.489961992702219e-05,3155,0.0046500813764240876,True
GaussianBudget75M_MaxCov,Mesa_2024-CABDF-004531,20240318,15,pyrologix,2,206-88,2024,0.0,0.0031048180535435677,0,drone,1,9.489961992702219e-05,1010,0.004460282136570043,True
GaussianBudget75M_MaxCov,Meyers_2024-CABDF-007436,20240519,15,pyrologix,11,206-88,2024,0.0,0.0038719770964235067,0,drone,1,9.489961992702219e-05,4220,0.004460282136570043,True
GaussianBudget75M_MaxCov,Middle_2024-CAPNF-000738,20240714,0,pyrologix,4,67-62,2024,0.0,0.007574339979328215,2,drone,1,9.489961992702219e-05,2370,0.0046500813764240876,True
GaussianBudget75M_MaxCov,Midnight_2024-CAKNF-008589,20241016,4,pyrologix,5,17-30,2024,0.0,0.006189794046804309,1,drone,1,9.489961992702219e-05,2370,0.004555181756497065,True
GaussianBudget75M_MaxCov,Mike_2024-CALPF-002094,20240820,16,pyrologix,8,none,2024,0.0,0.0020797530887648463,-1,undetected,1,9.489961992702219e-05,0,0.0,False
GaussianBudget75M_MaxCov,Milcha_2024-CACNF-002764,20241208,12,pyrologix,9,none,2024,0.0,0.0020708420779556036,-1,undetected,1,9.489961992702219e-05,0,0.0,False
GaussianBudget75M_MaxCov,Milford_2024-CAPNF-000276,20240518,1,pyrologix,7,70-69,2024,0.0,0.007123389048501849,1,drone,1,9.489961992702219e-05,3185,0.0046500813764240876,True
GaussianBudget75M_MaxCov,Mill_2024-CABDF-007176,20240515,18,pyrologix,5,none,2024,0.0,0.0020210930379107594,-1,undetected,1,9.489961992702219e-05,0,0.0,False
GaussianBudget75M_MaxCov,Mill_2024-CALPF-000981,20240518,13,pyrologix,6,none,2024,0.0,0.002030279953032732,-1,undetected,1,9.489961992702219e-05,0,0.0,False
GaussianBudget75M_MaxCov,Mill_2024-CAPNF-000832,20240722,20,pyrologix,3,73-63,2024,0.0,0.006320719025097787,1,drone,1,9.489961992702219e-05,1630,0.004555181756497065,True
GaussianBudget75M_MaxCov,Mill_2024-CATNF-000939,20240720,7,pyrologix,2,79-56,2024,0.0,0.0029252410167828202,0,drone,1,9.489961992702219e-05,885,0.0046500813764240876,True
GaussianBudget75M_MaxCov,Miller_2024-CAMDF-000945,20240916,8,pyrologix,10,38-63,2024,0.0,0.0028579499339684844,0,drone,1,9.489961992702219e-05,3695,0.0046500813764240876,True
GaussianBudget75M_MaxCov,Mine_2024-CAPNF-001477,20241030,17,pyrologix,12,65-55,2024,0.0,0.019468076061457396,-1,undetected,1,9.489961992702219e-05,4400,0.0046500813764240876,True
GaussianBudget75M_MaxCov,Mine_2024-CASNF-000951,20240714,18,pyrologix,9,125-65,2024,0.0,0.004149276064708829,0,drone,1,9.489961992702219e-05,3720,0.0046500813764240876,True
GaussianBudget75M_MaxCov,Miners_2024-CACNF-002617,20241113,17,pyrologix,11,none,2024,0.0,0.0020295450231060386,-1,undetected,1,9.489961992702219e-05,0,0.0,False
GaussianBudget75M_MaxCov,Mission_2024-CAMMU-024236,20241017,19,pyrologix,10,135-68,2024,0.0,0.002880787942558527,0,drone,1,9.489961992702219e-05,3335,0.004555181756497065,True
GaussianBudget75M_MaxCov,Mnf1_2024-CALNU-019072,20241004,22,pyrologix,9,none,2024,0.0,0.002038761042058468,-1,undetected,1,9.489961992702219e-05,0,0.0,False
GaussianBudget75M_MaxCov,Modin_2024-CASHF-001020,20241016,22,pyrologix,2,41-47,2024,0.0,0.0043160319328308105,1,drone,1,9.489961992702219e-05,1125,0.0046500813764240876,True
GaussianBudget75M_MaxCov,Mohawk_2024-CAPNF-000665,20240707,8,pyrologix,1,73-63,2024,0.0,0.007285682950168848,2,drone,1,9.489961992702219e-05,1100,0.004460282136570043,True
GaussianBudget75M_MaxCov,Monkey_2024-CAANF-242139,20240705,8,pyrologix,5,none,2024,0.0,0.002039575017988682,-1,undetected,1,9.489961992702219e-05,0,0.0,False
GaussianBudget75M_MaxCov,Moon_2024-CAANF-242974,20240813,18,pyrologix,7,none,2024,0.0,0.0020802320213988423,-1,undetected,1,9.489961992702219e-05,0,0.0,False
GaussianBudget75M_MaxCov,Moon_2024-CALNF-000997,20240226,18,pyrologix,2,51-53,2024,0.0,0.00608378101605922,1,drone,1,9.489961992702219e-05,1330,0.0046500813764240876,True
GaussianBudget75M_MaxCov,Moonshine_2024-CATNF-000243,20240321,22,pyrologix,1,83-49,2024,0.0,0.008096781093627214,2,drone,1,9.489961992702219e-05,1175,0.004555181756497065,True
GaussianBudget75M_MaxCov,Moore_2024-CASTF-001052,20240624,19,pyrologix,9,118-64,2024,0.0,0.003428393043577671,0,drone,1,9.489961992702219e-05,3075,0.0046500813764240876,True
GaussianBudget75M_MaxCov,Morris_2024-CAANF-242830,20240804,22,pyrologix,4,none,2024,0.0,0.0020996580133214593,-1,undetected,1,9.489961992702219e-05,0,0.0,False
GaussianBudget75M_MaxCov,Morris_2024-CALAC-271876,20240804,18,pyrologix,11,none,2024,0.0,0.002107301028445363,-1,undetected,1,9.489961992702219e-05,0,0.0,False
GaussianBudget75M_MaxCov,Morris_2024-CASHF-000448,20240621,22,pyrologix,2,40-29,2024,0.0,0.004600315005518496,1,drone,1,9.489961992702219e-05,1135,0.004555181756497065,True
GaussianBudget75M_MaxCov,Mosquito_2024-CAAEU-022315,20240807,0,pyrologix,5,93-54,2024,0.0,0.007119490997865796,1,drone,1,9.489961992702219e-05,2340,0.0046500813764240876,True
GaussianBudget75M_MaxCov,Mosquito_2024-CATNF-000771,20240702,18,pyrologix,11,93-54,2024,0.0,0.0030660900520160794,0,drone,1,9.489961992702219e-05,3785,0.0046500813764240876,True
GaussianBudget75M_MaxCov,Motor_2024-CAANF-243087,20240823,12,pyrologix,11,none,2024,0.0,0.002115170005708933,-1,undetected,1,9.489961992702219e-05,0,0.0,False
GaussianBudget75M_MaxCov,Mount_2024-CALPF-002316,20240910,15,pyrologix,12,none,2024,0.0,0.0020994009682908654,-1,undetected,1,9.489961992702219e-05,0,0.0,False
GaussianBudget75M_MaxCov,Mountain_2024-CATNF-000760,20240702,13,pyrologix,3,79-56,2024,0.0,0.00607361807487905,1,drone,1,9.489961992702219e-05,1635,0.0046500813764240876,True
GaussianBudget75M_MaxCov,Mouse_2024-CAKNF-006814,20240818,18,pyrologix,5,26-25,2024,0.0,0.004844043985940516,1,drone,1,9.489961992702219e-05,2440,0.0046500813764240876,True
GaussianBudget75M_MaxCov,Mp_243-16_Pinc_2024-CARRU-197199,20241222,0,pyrologix,10,218-98,2024,0.0,0.0047344129998236895,0,drone,1,9.489961992702219e-05,4205,0.0046500813764240876,True
GaussianBudget75M_MaxCov,Mud_2024-CAMDF-000496,20240724,15,pyrologix,5,none,2024,0.0,0.0020248860819265246,-1,undetected,1,9.489961992702219e-05,0,0.0,False
GaussianBudget75M_MaxCov,Mumbo_2024-CASHF-000581,20240715,19,pyrologix,12,35-36,2024,0.0,0.0032044380204752088,0,drone,1,9.489961992702219e-05,4175,0.0046500813764240876,True
GaussianBudget75M_MaxCov,Muse_2024-CAKNF-006808,20240818,12,pyrologix,10,21-28,2024,0.0,0.005811071954667568,1,drone,1,9.489961992702219e-05,4090,0.0046500813764240876,True
GaussianBudget75M_MaxCov,Myrtle_2024-CASRF-000727,20240808,18,pyrologix,12,none,2024,0.0,0.0020481409737840295,-1,undetected,1,9.489961992702219e-05,0,0.0,False
GaussianBudget75M_MaxCov,Mystery_2024-CASNF-000889,20240710,23,pyrologix,3,140-71,2024,0.0,0.003154692007228732,0,drone,1,9.489961992702219e-05,1260,0.0046500813764240876,True
GaussianBudget75M_MaxCov,N_Hwy_138___Old_Mill_Rd_2024-CABDU-010726,20240718,5,pyrologix,7,none,2024,0.0,0.002048154012300074,-1,undetected,1,9.489961992702219e-05,0,0.0,False
GaussianBudget75M_MaxCov,Non_Reportable_2024-CAANF-241146,20240429,16,pyrologix,10,none,2024,0.0,0.002127164974808693,-1,undetected,1,9.489961992702219e-05,0,0.0,False
GaussianBudget75M_MaxCov,North_2024-CAPNF-001479,20241031,23,pyrologix,2,65-55,2024,0.0,0.003030790016055107,0,drone,1,9.489961992702219e-05,895,0.004460282136570043,True
GaussianBudget75M_MaxCov,North_2024-CASTF-001411,20240716,23,pyrologix,1,105-63,2024,0.0,0.00559768290258944,1,drone,1,9.489961992702219e-05,940,0.004365382516643021,True
GaussianBudget75M_MaxCov,North_2024-CATNF-001110,20240813,15,pyrologix,4,none,2024,0.0,0.002123231068253517,-1,undetected,1,9.489961992702219e-05,0,0.0,False
GaussianBudget75M_MaxCov,Northern_2024-CAMDF-000879,20240909,12,pyrologix,6,none,2024,0.0,0.0022132510785013437,-1,undetected,1,9.489961992702219e-05,0,0.0,False
GaussianBudget75M_MaxCov,Nose_2024-CASRF-000338,20240613,12,pyrologix,10,35-16,2024,0.0,0.0039994369726628065,0,drone,1,9.489961992702219e-05,3830,0.0046500813764240876,True
GaussianBudget75M_MaxCov,Nutmeg_2024-CASNF-000953,20240714,20,pyrologix,7,122-61,2024,0.0,0.006957250996492803,1,drone,1,9.489961992702219e-05,2955,0.0046500813764240876,True
GaussianBudget75M_MaxCov,O_Brien_2024-CASHF-000939,20240924,9,pyrologix,12,42-41,2024,0.0,0.006419931072741747,1,drone,1,9.489961992702219e-05,4650,0.0046500813764240876,True
GaussianBudget75M_MaxCov,Oak_2024-CAANF-240330,20240203,0,pyrologix,12,none,2024,0.0,0.002169459010474384,-1,undetected,1,9.489961992702219e-05,0,0.0,False
GaussianBudget75M_MaxCov,Oak_2024-CALPF-002314,20240910,12,pyrologix,10,none,2024,0.0,0.00218889897223562,-1,undetected,1,9.489961992702219e-05,0,0.0,False
GaussianBudget75M_MaxCov,Oaks_2024-CABDF-016085,20241106,12,pyrologix,9,206-88,2024,0.0,0.00436405697837472,0,drone,1,9.489961992702219e-05,3600,0.004460282136570043,True
GaussianBudget75M_MaxCov,Old_2024-CABTU-006472,20240412,22,pyrologix,5,79-47,2024,0.0,0.003139758948236704,0,drone,1,9.489961992702219e-05,2040,0.0046500813764240876,True
GaussianBudget75M_MaxCov,Old_2024-CASRF-000385,20240623,20,pyrologix,12,26-25,2024,0.0,0.004655055934563279,0,drone,1,9.489961992702219e-05,4960,0.0046500813764240876,True
GaussianBudget75M_MaxCov,Olga_2024-CAANF-243956,20241027,7,pyrologix,7,none,2024,0.0,0.002131287008523941,-1,undetected,1,9.489961992702219e-05,0,0.0,False
GaussianBudget75M_MaxCov,Onion_2024-CATNF-001280,20240908,18,pyrologix,2,90-60,2024,0.0,0.008058728999458253,2,drone,1,9.489961992702219e-05,1615,0.0046500813764240876,True
GaussianBudget75M_MaxCov,Oregon_2024-CAPNF-001514,20241111,22,pyrologix,4,79-47,2024,0.0,0.0038424679078161716,0,drone,1,9.489961992702219e-05,1850,0.0046500813764240876,True
GaussianBudget75M_MaxCov,Oregon_2024-CASHU-007131,20240704,9,pyrologix,12,40-29,2024,0.0,0.018943832023069263,-1,undetected,1,9.489961992702219e-05,5055,0.0046500813764240876,True
GaussianBudget75M_MaxCov,Orosco_2024-CACNF-001338,20240712,1,pyrologix,9,none,2024,0.0,0.0021192129934206605,-1,undetected,1,9.489961992702219e-05,0,0.0,False
GaussianBudget75M_MaxCov,Osborne_2024-CASTF-001964,20240829,14,pyrologix,1,108-64,2024,0.0,0.007887542014941573,2,drone,1,9.489961992702219e-05,1245,0.004365382516643021,True
GaussianBudget75M_MaxCov,Overlook_2024-CAANF-242134,20240705,1,pyrologix,9,none,2024,0.0,0.0022093940060585737,-1,undetected,1,9.489961992702219e-05,0,0.0,False
GaussianBudget75M_MaxCov,Overlook_2024-CACNF-001752,20240810,19,pyrologix,9,none,2024,0.0,0.0021118669537827373,-1,undetected,1,9.489961992702219e-05,0,0.0,False
GaussianBudget75M_MaxCov,Owens_River_2024-CAINF-001553,20240826,2,pyrologix,2,none,2024,0.0,0.002148621017113328,-1,undetected,1,9.489961992702219e-05,0,0.0,False
GaussianBudget75M_MaxCov,Owl_2024-CASNF-000945,20240714,18,pyrologix,1,132-72,2024,0.0,0.006108792033046484,1,drone,1,9.489961992702219e-05,1055,0.004555181756497065,True
GaussianBudget75M_MaxCov,Owl_2024-CASRF-000935,20240928,21,pyrologix,5,25-20,2024,0.0,0.004922806052491069,0,drone,1,9.489961992702219e-05,2100,0.0046500813764240876,True
GaussianBudget75M_MaxCov,Packsaddle_2024-CASQF-001250,20240713,20,pyrologix,2,171-80,2024,0.0,0.006646493915468454,1,drone,1,9.489961992702219e-05,1370,0.0046500813764240876,True
GaussianBudget75M_MaxCov,Paddle_2024-CASRF-000778,20240819,11,pyrologix,11,16-26,2024,0.0,0.006899696076288819,1,drone,1,9.489961992702219e-05,4585,0.004555181756497065,True
GaussianBudget75M_MaxCov,Palen_2024-CATNF-000883,20240714,21,pyrologix,10,80-65,2024,0.0,0.0030446950113400817,0,drone,1,9.489961992702219e-05,3580,0.0046500813764240876,True
GaussianBudget75M_MaxCov,Paloma_2024-CAANF-244637,20241222,23,pyrologix,7,none,2024,0.0,0.0023075350327417254,-1,undetected,1,9.489961992702219e-05,0,0.0,False
GaussianBudget75M_MaxCov,Pancake_2024-CAPNF-000473,20240623,11,pyrologix,11,72-57,2024,0.0,0.0036314099561423063,0,drone,1,9.489961992702219e-05,3995,0.0046500813764240876,True
GaussianBudget75M_MaxCov,Panoramic_2024-CABDF-001975,20240206,21,pyrologix,8,225-101,2024,0.0,0.003305715974420309,0,drone,1,9.489961992702219e-05,2900,0.0046500813764240876,True
GaussianBudget75M_MaxCov,Park_Creek_Rd___Sly_Park_Rd_2024-CAAEU-009199,20240412,8,pyrologix,12,97-60,2024,0.0,0.01936300005763769,-1,undetected,1,9.489961992702219e-05,4180,0.0046500813764240876,True
GaussianBudget75M_MaxCov,Pass_2024-CASQF-001363,20240724,17,pyrologix,7,none,2024,0.0,0.002399618038907647,-1,undetected,1,9.489961992702219e-05,0,0.0,False
GaussianBudget75M_MaxCov,Patricks_2024-CASRF-000944,20241001,19,pyrologix,7,none,2024,0.0,0.002119624987244606,-1,undetected,1,9.489961992702219e-05,0,0.0,False
GaussianBudget75M_MaxCov,Patterson_2024-CAMDF-000408,20240717,22,pyrologix,8,none,2024,0.0,0.0022883410565555096,-1,undetected,1,9.489961992702219e-05,0,0.0,False
GaussianBudget75M_MaxCov,Patterson_2024-CATNF-001415,20241001,16,pyrologix,8,90-60,2024,0.0,0.006515290937386453,1,drone,1,9.489961992702219e-05,3380,0.0046500813764240876,True
GaussianBudget75M_MaxCov,Peak_2024-CASTF-002313,20241002,13,pyrologix,12,108-64,2024,0.0,0.003967499942518771,0,drone,1,9.489961992702219e-05,4300,0.0046500813764240876,True
GaussianBudget75M_MaxCov,Pearl_2024-CAENF-019645,20240714,1,pyrologix,1,98-62,2024,0.0,0.002502196002751589,0,drone,1,9.489961992702219e-05,490,0.003795984797080888,True
GaussianBudget75M_MaxCov,Peavine_2024-CAENF-030576,20241027,15,pyrologix,8,98-62,2024,0.0,0.003527343040332198,0,drone,1,9.489961992702219e-05,2785,0.0046500813764240876,True
GaussianBudget75M_MaxCov,Pecks_2024-CAPNF-001478,20241030,22,pyrologix,2,65-55,2024,0.0,0.003058400936424732,0,drone,1,9.489961992702219e-05,895,0.004460282136570043,True
GaussianBudget75M_MaxCov,Pelona_2024-CAANF-243346,20240909,11,pyrologix,9,none,2024,0.0,0.00210948393214494,-1,undetected,1,9.489961992702219e-05,0,0.0,False
GaussianBudget75M_MaxCov,Pencil_2024-CAMDF-000481,20240722,19,pyrologix,4,none,2024,0.0,0.002118495060130954,-1,undetected,1,9.489961992702219e-05,0,0.0,False
GaussianBudget75M_MaxCov,Pendola_2024-CATNF-000345,20240421,14,pyrologix,12,76-51,2024,0.0,0.004321887041442096,0,drone,1,9.489961992702219e-05,5260,0.0046500813764240876,True
GaussianBudget75M_MaxCov,Perdew_2024-CABDF-014445,20241016,19,pyrologix,11,206-88,2024,0.0,0.0035677390405908227,0,drone,1,9.489961992702219e-05,4115,0.004460282136570043,True
GaussianBudget75M_MaxCov,Perkins_2024-CASNF-000978,20240717,19,pyrologix,12,140-71,2024,0.0,0.0195335210300982,-1,undetected,1,9.489961992702219e-05,4570,0.0046500813764240876,True
GaussianBudget75M_MaxCov,Phipps_2024-CAENF-019712,20240714,17,pyrologix,6,none,2024,0.0,0.0020583559526130557,-1,undetected,1,9.489961992702219e-05,0,0.0,False
GaussianBudget75M_MaxCov,Phipps_2024-CATMU-019712,20240714,18,pyrologix,4,none,2024,0.0,0.002177692949771881,-1,undetected,1,9.489961992702219e-05,0,0.0,False
GaussianBudget75M_MaxCov,Picket_2024-CAENF-026879,20240919,17,pyrologix,1,98-62,2024,0.0,0.002830158919095993,0,drone,1,9.489961992702219e-05,530,0.003985784036934932,True
GaussianBudget75M_MaxCov,Pickett_2024-CASRF-000557,20240714,10,pyrologix,5,47-21,2024,0.0,0.011223562993109226,3,drone,1,9.489961992702219e-05,3210,0.004555181756497065,True
GaussianBudget75M_MaxCov,Picnic_2024-CACNF-002561,20241107,15,pyrologix,12,none,2024,0.0,0.002076772041618824,-1,undetected,1,9.489961992702219e-05,0,0.0,False
GaussianBudget75M_MaxCov,Piedras_2024-CALPF-001480,20240701,12,pyrologix,8,none,2024,0.0,0.0021403650753200054,-1,undetected,1,9.489961992702219e-05,0,0.0,False
GaussianBudget75M_MaxCov,Pine_2024-CALPF-002058,20240817,15,pyrologix,1,none,2024,0.0,0.002221408998593688,-1,undetected,1,9.489961992702219e-05,0,0.0,False
GaussianBudget75M_MaxCov,Pine_2024-CATNF-000921,20240718,14,pyrologix,1,86-54,2024,0.0,0.007162912981584668,2,drone,1,9.489961992702219e-05,1170,0.004555181756497065,True
GaussianBudget75M_MaxCov,Pinecrest_2024-CASTF-000673,20240514,17,pyrologix,12,115-63,2024,0.0,0.0038531729951500893,0,drone,1,9.489961992702219e-05,4120,0.0046500813764240876,True
GaussianBudget75M_MaxCov,Pines_2024-CAANF-242216,20240707,7,pyrologix,4,206-87,2024,0.0,0.002615761011838913,0,drone,1,9.489961992702219e-05,1435,0.004555181756497065,True
GaussianBudget75M_MaxCov,Pinewood_2024-CABDF-007893,20240527,12,pyrologix,7,218-98,2024,0.0,0.006923837936483324,1,drone,1,9.489961992702219e-05,3430,0.0046500813764240876,True
GaussianBudget75M_MaxCov,Pipe_2024-CAANF-242836,20240805,21,pyrologix,11,none,2024,0.0,0.002207021927461028,-1,undetected,1,9.489961992702219e-05,0,0.0,False
GaussianBudget75M_MaxCov,Pipeline_2024-CASHF-000628,20240724,16,pyrologix,9,47-21,2024,0.0,0.007144261966459453,1,drone,1,9.489961992702219e-05,4080,0.0046500813764240876,True
GaussianBudget75M_MaxCov,Pipi_2024-CAENF-018817,20240707,15,pyrologix,9,104-57,2024,0.0,0.0030031059868633747,0,drone,1,9.489961992702219e-05,3205,0.0046500813764240876,True
GaussianBudget75M_MaxCov,Pit_2024-CALPF-002505,20241002,22,pyrologix,9,none,2024,0.0,0.002408543019555509,-1,undetected,1,9.489961992702219e-05,0,0.0,False
GaussianBudget75M_MaxCov,Pitman_2024-CABDF-009013,20240621,13,pyrologix,5,206-88,2024,0.0,0.007106343051418662,1,drone,1,9.489961992702219e-05,2575,0.004460282136570043,True
GaussianBudget75M_MaxCov,Piute_2024-CASTF-002034,20240902,16,pyrologix,11,none,2024,0.0,0.0021185269579291344,-1,undetected,1,9.489961992702219e-05,0,0.0,False
GaussianBudget75M_MaxCov,Plantation_2024-CAMDF-000415,20240717,13,pyrologix,11,none,2024,0.0,0.0022184719564393163,-1,undetected,1,9.489961992702219e-05,0,0.0,False
GaussianBudget75M_MaxCov,Plenty_2024-CAANF-242169,20240705,21,pyrologix,4,none,2024,0.0,0.0020847360137850046,-1,undetected,1,9.489961992702219e-05,0,0.0,False
GaussianBudget75M_MaxCov,Point_2024-CAMDF-000395,20240715,16,pyrologix,10,none,2024,0.0,0.0021434499649330974,-1,undetected,1,9.489961992702219e-05,0,0.0,False
GaussianBudget75M_MaxCov,Point_2024-CASHU-006836,20240627,17,pyrologix,7,44-54,2024,0.0,0.005795758916065097,1,drone,1,9.489961992702219e-05,3075,0.0046500813764240876,True
GaussianBudget75M_MaxCov,Point_2024-CASQF-001303,20240718,6,pyrologix,4,174-77,2024,0.0,0.0030685430392622948,0,drone,1,9.489961992702219e-05,1535,0.0046500813764240876,True
GaussianBudget75M_MaxCov,Poison_2024-CALNF-005125,20240827,18,pyrologix,4,51-53,2024,0.0,0.003720020060427487,0,drone,1,9.489961992702219e-05,1690,0.0046500813764240876,True
GaussianBudget75M_MaxCov,Poison_2024-CASNF-001054,20240724,22,pyrologix,1,none,2024,0.0,0.0021827209275215864,-1,undetected,1,9.489961992702219e-05,0,0.0,False
GaussianBudget75M_MaxCov,Poison_2024-CASQF-001232,20240713,21,pyrologix,6,165-77,2024,0.0,0.004904070985503495,0,drone,1,9.489961992702219e-05,2425,0.0046500813764240876,True
GaussianBudget75M_MaxCov,Poker_2024-CAKNF-006795,20240818,22,pyrologix,10,17-30,2024,0.0,0.004358744015917182,0,drone,1,9.489961992702219e-05,3940,0.004555181756497065,True
GaussianBudget75M_MaxCov,Porka_2024-CASTF-001365,20240714,11,pyrologix,10,none,2024,0.0,0.0021845928858965635,-1,undetected,1,9.489961992702219e-05,0,0.0,False
GaussianBudget75M_MaxCov,Portal_2024-CAANF-242662,20240727,20,pyrologix,7,none,2024,0.0,0.0022352990927174687,-1,undetected,1,9.489961992702219e-05,0,0.0,False
GaussianBudget75M_MaxCov,Portal_2024-CAINF-002022,20241104,19,pyrologix,1,none,2024,0.0,0.0020567390602082014,-1,undetected,1,9.489961992702219e-05,0,0.0,False
GaussianBudget75M_MaxCov,Portuguese_2024-CAKNF-006636,20240814,0,pyrologix,3,21-28,2024,0.0,0.004167141974903643,0,drone,1,9.489961992702219e-05,1475,0.0046500813764240876,True
GaussianBudget75M_MaxCov,Poso_2024-CATUU-000791,20240719,8,pyrologix,4,172-74,2024,0.0,0.0029311319813132286,0,drone,1,9.489961992702219e-05,1590,0.0046500813764240876,True
GaussianBudget75M_MaxCov,Post_2024-CASHF-000586,20240716,0,pyrologix,5,47-21,2024,0.0,0.006035712081938982,1,drone,1,9.489961992702219e-05,2505,0.004555181756497065,True
GaussianBudget75M_MaxCov,Power_2024-CAMMU-023174,20241004,22,pyrologix,6,140-65,2024,0.0,0.006271384074352682,1,drone,1,9.489961992702219e-05,2765,0.004555181756497065,True
GaussianBudget75M_MaxCov,Power_2024-CASNF-001545,20240915,14,pyrologix,12,146-69,2024,0.0,0.003320489078760147,0,drone,1,9.489961992702219e-05,4315,0.004270482896715999,True
GaussianBudget75M_MaxCov,Power_2024-CASQF-001097,20240703,0,pyrologix,1,none,2024,0.0,0.0020905419951304793,-1,undetected,1,9.489961992702219e-05,0,0.0,False
GaussianBudget75M_MaxCov,Powerhouse_2024-CAANF-242656,20240727,17,pyrologix,6,none,2024,0.0,0.002121293917298317,-1,undetected,1,9.489961992702219e-05,0,0.0,False
GaussianBudget75M_MaxCov,Propane_2024-CASQF-001598,20240830,22,pyrologix,9,none,2024,0.0,0.002187440055422485,-1,undetected,1,9.489961992702219e-05,0,0.0,False
GaussianBudget75M_MaxCov,Prospect_2024-CAPNF-000095,20240226,16,pyrologix,5,80-58,2024,0.0,0.0020263800397515297,0,drone,1,9.489961992702219e-05,1850,0.0046500813764240876,True
GaussianBudget75M_MaxCov,Prospect_2024-CASHF-001019,20241016,20,pyrologix,3,41-47,2024,0.0,0.005149682052433491,1,drone,1,9.489961992702219e-05,1525,0.0046500813764240876,True
GaussianBudget75M_MaxCov,Prosser_2024-CATNF-000497,20240601,15,pyrologix,11,84-67,2024,0.0,0.004116558935493231,0,drone,1,9.489961992702219e-05,3805,0.0046500813764240876,True
GaussianBudget75M_MaxCov,Provo_2024-CASTF-000370,20240311,23,pyrologix,7,118-56,2024,0.0,0.004560670000500977,0,drone,1,9.489961992702219e-05,2675,0.0046500813764240876,True
GaussianBudget75M_MaxCov,Punch_2024-CASNF-000934,20240714,20,pyrologix,12,none,2024,0.0,0.0021658409386873245,-1,undetected,1,9.489961992702219e-05,0,0.0,False
GaussianBudget75M_MaxCov,Quartz_2024-CASNF-001057,20240725,22,pyrologix,11,129-73,2024,0.0,0.004989135079085827,0,drone,1,9.489961992702219e-05,4305,0.0046500813764240876,True
GaussianBudget75M_MaxCov,Rail_2024-CAPNF-000256,20240511,18,pyrologix,2,73-63,2024,0.0,0.006923721986822784,1,drone,1,9.489961992702219e-05,1370,0.004555181756497065,True
GaussianBudget75M_MaxCov,Rainbow_2024-CASHF-000869,20240909,17,pyrologix,1,47-21,2024,0.0,0.007454406004399061,2,drone,1,9.489961992702219e-05,1185,0.004460282136570043,True
GaussianBudget75M_MaxCov,Ramp_2024-CATNF-000446,20240525,19,pyrologix,3,84-67,2024,0.0,0.006853105966001749,1,drone,1,9.489961992702219e-05,1565,0.0046500813764240876,True
GaussianBudget75M_MaxCov,Ramparts_2024-CATMU-021980,20240803,17,pyrologix,10,none,2024,0.0,0.0024192589335143566,-1,undetected,1,9.489961992702219e-05,0,0.0,False
GaussianBudget75M_MaxCov,Ranch_2024-CATNF-001414,20241001,16,pyrologix,5,80-65,2024,0.0,0.00700202991720289,1,drone,1,9.489961992702219e-05,2340,0.0046500813764240876,True
GaussianBudget75M_MaxCov,Rancheria_2024-CACNF-002722,20241201,15,pyrologix,3,none,2024,0.0,0.0021332099568098783,-1,undetected,1,9.489961992702219e-05,0,0.0,False
GaussianBudget75M_MaxCov,Range_2024-CAANF-243749,20241011,16,pyrologix,2,none,2024,0.0,0.0020608219783753157,-1,undetected,1,9.489961992702219e-05,0,0.0,False
GaussianBudget75M_MaxCov,Rattlesnake_2024-CASTF-001325,20240712,23,pyrologix,8,108-64,2024,0.0,0.006100766942836344,1,drone,1,9.489961992702219e-05,3255,0.0046500813764240876,True
GaussianBudget75M_MaxCov,Raymond_2024-CASNF-001072,20240726,16,pyrologix,10,128-67,2024,0.0,0.005096539971418679,0,drone,1,9.489961992702219e-05,4310,0.0046500813764240876,True
GaussianBudget75M_MaxCov,Raywood_2024-CABDF-012213,20240901,21,pyrologix,8,218-98,2024,0.0,0.005671618971973658,1,drone,1,9.489961992702219e-05,3690,0.0046500813764240876,True
GaussianBudget75M_MaxCov,Red_2024-CASHF-000767,20240818,20,pyrologix,7,35-43,2024,0.0,0.007431984995491803,0,drone,1,9.489961992702219e-05,2835,0.0046500813764240876,True
GaussianBudget75M_MaxCov,Red_2024-CATNF-000906,20240717,0,pyrologix,4,90-60,2024,0.0,0.0028374739922583103,0,drone,1,9.489961992702219e-05,1615,0.0046500813764240876,True
GaussianBudget75M_MaxCov,Red_2024-CATNF-001349,20240919,12,pyrologix,2,90-60,2024,0.0,0.0019479410257190466,0,drone,1,9.489961992702219e-05,765,0.004555181756497065,True
GaussianBudget75M_MaxCov,Redgrove_2024-CASQF-001170,20240708,10,pyrologix,9,165-77,2024,0.0,0.004494706052355468,0,drone,1,9.489961992702219e-05,3395,0.0046500813764240876,True
GaussianBudget75M_MaxCov,Redinger_2024-CASNF-001840,20241115,16,pyrologix,12,135-68,2024,0.0,0.0043477179715409875,0,drone,1,9.489961992702219e-05,4215,0.0046500813764240876,True
GaussianBudget75M_MaxCov,Redonda_2024-CABDF-015968,20241103,14,pyrologix,8,none,2024,0.0,0.00212389905937016,-1,undetected,1,9.489961992702219e-05,0,0.0,False
GaussianBudget75M_MaxCov,Redwood_2024-CASRF-000862,20240910,10,pyrologix,12,none,2024,0.0,0.002204140997491777,-1,undetected,1,9.489961992702219e-05,0,0.0,False
GaussianBudget75M_MaxCov,Reeves_2024-CAKNF-006815,20240818,19,pyrologix,4,18-37,2024,0.0,0.007404027972370386,2,drone,1,9.489961992702219e-05,2260,0.0040806836568619545,True
GaussianBudget75M_MaxCov,Refugio_2024-CALPF-002117,20240823,5,pyrologix,4,none,2024,0.0,0.0021708160638809204,-1,undetected,1,9.489961992702219e-05,0,0.0,False
GaussianBudget75M_MaxCov,Remann_2024-CALNF-005700,20240921,11,pyrologix,10,51-53,2024,0.0,0.0032297669677063823,0,drone,1,9.489961992702219e-05,3580,0.0046500813764240876,True
GaussianBudget75M_MaxCov,Reservoir_2024-CAANF-243574,20240930,16,pyrologix,3,none,2024,0.0,0.002185542951337993,-1,undetected,1,9.489961992702219e-05,0,0.0,False
GaussianBudget75M_MaxCov,Resort_2024-CACNF-002865,20241228,17,pyrologix,7,230-98,2024,0.0,0.006467452039942145,1,drone,1,9.489961992702219e-05,2845,0.0046500813764240876,True
GaussianBudget75M_MaxCov,Rest_2024-CAINF-001411,20240810,12,pyrologix,8,none,2024,0.0,0.002104200073517859,-1,undetected,1,9.489961992702219e-05,0,0.0,False
GaussianBudget75M_MaxCov,Rest_2024-CALNF-005560,20240915,0,pyrologix,1,none,2024,0.0,0.002032681950367987,-1,undetected,1,9.489961992702219e-05,0,0.0,False
GaussianBudget75M_MaxCov,Reynolds_2024-CASRF-000287,20240527,1,pyrologix,4,23-23,2024,0.0,0.00460231804754585,0,drone,1,9.489961992702219e-05,1765,0.0046500813764240876,True
GaussianBudget75M_MaxCov,Ridge_2024-CABDF-010876,20240731,14,pyrologix,4,218-98,2024,0.0,0.002992304041981697,0,drone,1,9.489961992702219e-05,1740,0.004555181756497065,True
GaussianBudget75M_MaxCov,Ridge_2024-CANEU-030573,20241012,22,pyrologix,3,93-54,2024,0.0,0.0018184040673077106,0,drone,1,9.489961992702219e-05,1025,0.004555181756497065,True
GaussianBudget75M_MaxCov,Ridge_2_2024-CASRF-000580,20240715,23,pyrologix,2,40-22,2024,0.0,0.0037246999563649297,0,drone,1,9.489961992702219e-05,1045,0.0046500813764240876,True
GaussianBudget75M_MaxCov,Rim_2024-CABDF-000408,20240109,16,pyrologix,3,none,2024,0.0,0.002073856070637703,-1,undetected,1,9.489961992702219e-05,0,0.0,False
GaussianBudget75M_MaxCov,River_2024-CAANF-242928,20240811,11,pyrologix,9,none,2024,0.0,0.0020810760324820876,-1,undetected,1,9.489961992702219e-05,0,0.0,False
GaussianBudget75M_MaxCov,River_2024-CASHF-000226,20240427,20,pyrologix,2,42-41,2024,0.0,0.009003240964375436,1,drone,1,9.489961992702219e-05,1215,0.0046500813764240876,True
GaussianBudget75M_MaxCov,River_Park_2024-CAKNF-009213,20241107,20,pyrologix,9,17-30,2024,0.0,0.0028283210704103112,0,drone,1,9.489961992702219e-05,3360,0.004555181756497065,True
GaussianBudget75M_MaxCov,Road_2024-CAANF-243400,20240914,11,pyrologix,9,none,2024,0.0,0.002130137989297509,-1,undetected,1,9.489961992702219e-05,0,0.0,False
GaussianBudget75M_MaxCov,Rock_2024-CABDF-009734,20240725,18,pyrologix,8,none,2024,0.0,0.002152203000150621,-1,undetected,1,9.489961992702219e-05,0,0.0,False
GaussianBudget75M_MaxCov,Rock_2024-CALPF-002208,20240902,21,pyrologix,7,none,2024,0.0,0.0021112069953233004,-1,undetected,1,9.489961992702219e-05,0,0.0,False
GaussianBudget75M_MaxCov,Rock_2024-CAMDF-000170,20240610,19,pyrologix,11,none,2024,0.0,0.002088912995532155,-1,undetected,1,9.489961992702219e-05,0,0.0,False
GaussianBudget75M_MaxCov,Rock_2024-CASHF-000761,20240818,10,pyrologix,8,42-34,2024,0.0,0.004532883991487324,0,drone,1,9.489961992702219e-05,3075,0.0046500813764240876,True
GaussianBudget75M_MaxCov,Rock_2024-CASNF-000717,20240625,15,pyrologix,1,140-71,2024,0.0,0.005658786976709962,1,drone,1,9.489961992702219e-05,875,0.004460282136570043,True
GaussianBudget75M_MaxCov,Rock_2024-CASRF-000607,20240718,13,pyrologix,10,26-25,2024,0.0,0.003474834025837481,0,drone,1,9.489961992702219e-05,4025,0.0046500813764240876,True
GaussianBudget75M_MaxCov,Rocky_2024-CATNF-001017,20240803,22,pyrologix,9,84-67,2024,0.0,0.005453713005408645,1,drone,1,9.489961992702219e-05,3370,0.0046500813764240876,True
GaussianBudget75M_MaxCov,Rodeo_2024-CASQF-001344,20240718,22,pyrologix,2,164-82,2024,0.0,0.004105438012629747,0,drone,1,9.489961992702219e-05,1110,0.004460282136570043,True
GaussianBudget75M_MaxCov,Rodgers_2024-CASNF-001798,20241103,9,pyrologix,11,none,2024,0.0,0.002117131953127682,-1,undetected,1,9.489961992702219e-05,0,0.0,False
GaussianBudget75M_MaxCov,Root_2024-CASHF-001002,20241010,19,pyrologix,6,35-43,2024,0.0,0.007126718992367387,1,drone,1,9.489961992702219e-05,2835,0.0046500813764240876,True
GaussianBudget75M_MaxCov,Rosa_2024-CABDF-017160,20241126,1,pyrologix,7,none,2024,0.0,0.0021780269453302026,-1,undetected,1,9.489961992702219e-05,0,0.0,False
GaussianBudget75M_MaxCov,Round_2024-CABDF-007414,20240519,13,pyrologix,6,none,2024,0.0,0.0021582149202004075,-1,undetected,1,9.489961992702219e-05,0,0.0,False
GaussianBudget75M_MaxCov,Round_2024-CAPNF-000719,20240711,16,pyrologix,12,65-55,2024,0.0,0.01905675104353577,-1,undetected,1,9.489961992702219e-05,4400,0.0046500813764240876,True
GaussianBudget75M_MaxCov,Royal_2024-CATNF-000855,20240707,20,pyrologix,6,90-60,2024,0.0,0.0025608509313315153,0,drone,1,9.489961992702219e-05,2205,0.0046500813764240876,True
GaussianBudget75M_MaxCov,Rru_Cove_2024-CABDF-014860,20241025,9,pyrologix,10,218-98,2024,0.0,0.008167607942596078,2,drone,1,9.489961992702219e-05,4750,0.0046500813764240876,True
GaussianBudget75M_MaxCov,Rru_Howard_2024-CABDF-008044,20240530,18,pyrologix,3,225-101,2024,0.0,0.003873782930895686,0,drone,1,9.489961992702219e-05,1335,0.004555181756497065,True
GaussianBudget75M_MaxCov,Rubbish_2024-CAANF-240976,20240412,14,pyrologix,7,206-87,2024,0.0,0.008442432968877256,2,drone,1,9.489961992702219e-05,3045,0.004555181756497065,True
GaussianBudget75M_MaxCov,Ruby_2024-CAANF-242657,20240727,15,pyrologix,12,none,2024,0.0,0.0022031940752640367,-1,undetected,1,9.489961992702219e-05,0,0.0,False
GaussianBudget75M_MaxCov,Rucker_2024-CATNF-000985,20240727,17,pyrologix,6,87-59,2024,0.0,0.0028054231079295278,0,drone,1,9.489961992702219e-05,2150,0.0046500813764240876,True
GaussianBudget75M_MaxCov,Ruffey_2024-CAKNF-005725,20240716,16,pyrologix,4,28-32,2024,0.0,0.0031159219797700644,0,drone,1,9.489961992702219e-05,1720,0.0046500813764240876,True
GaussianBudget75M_MaxCov,Runner_2024-CAANF-242659,20240727,17,pyrologix,11,none,2024,0.0,0.00206280208658427,-1,undetected,1,9.489961992702219e-05,0,0.0,False
GaussianBudget75M_MaxCov,Runner_2_2024-CAANF-243959,20241027,14,pyrologix,8,none,2024,0.0,0.002101169084198773,-1,undetected,1,9.489961992702219e-05,0,0.0,False
GaussianBudget75M_MaxCov,Saddle_2024-CAPNF-001253,20240919,22,pyrologix,6,72-57,2024,0.0,0.003991995006799698,0,drone,1,9.489961992702219e-05,2290,0.0046500813764240876,True
GaussianBudget75M_MaxCov,Salt_2024-CAENF-017809,20240630,13,pyrologix,11,105-63,2024,0.0,0.0036909099435433745,0,drone,1,9.489961992702219e-05,4035,0.0046500813764240876,True
GaussianBudget75M_MaxCov,Sand_2024-CATNF-000885,20240714,0,pyrologix,9,none,2024,0.0,0.0021699819481000304,-1,undetected,1,9.489961992702219e-05,0,0.0,False
GaussianBudget75M_MaxCov,Sanhedrin_2024-CAMNF-001449,20241012,20,pyrologix,7,68-22,2024,0.0,0.006446804036386311,1,drone,1,9.489961992702219e-05,3075,0.0046500813764240876,True
GaussianBudget75M_MaxCov,Sardine_2024-CASTF-001400,20240716,22,pyrologix,6,none,2024,0.0,0.002164501929655671,-1,undetected,1,9.489961992702219e-05,0,0.0,False
GaussianBudget75M_MaxCov,Scenic_2024-CAINF-000736,20240608,13,pyrologix,12,none,2024,0.0,0.0021709060529246926,-1,undetected,1,9.489961992702219e-05,0,0.0,False
GaussianBudget75M_MaxCov,Scotland_2024-CABDF-012756,20240912,21,pyrologix,8,206-87,2024,0.0,0.0034334310330450535,0,drone,1,9.489961992702219e-05,2745,0.004555181756497065,True
GaussianBudget75M_MaxCov,Scott_2024-CABDF-014959,20241026,1,pyrologix,12,206-88,2024,0.0,0.004864152986556292,0,drone,1,9.489961992702219e-05,4765,0.004460282136570043,True
GaussianBudget75M_MaxCov,Seeley_2024-CABDF-015160,20241027,20,pyrologix,5,none,2024,0.0,0.002107487991452217,-1,undetected,1,9.489961992702219e-05,0,0.0,False
GaussianBudget75M_MaxCov,Seiad_2024-CAKNF-007154,20240829,13,pyrologix,11,17-30,2024,0.0,0.0035637470427900553,0,drone,1,9.489961992702219e-05,4105,0.004555181756497065,True
GaussianBudget75M_MaxCov,Sepulveda_2024-CABDF-009699,20240705,23,pyrologix,7,none,2024,0.0,0.002384900930337608,-1,undetected,1,9.489961992702219e-05,0,0.0,False
GaussianBudget75M_MaxCov,Shake_2024-CAMDF-000947,20240916,15,pyrologix,3,37-64,2024,0.0,0.003722521010786295,0,drone,1,9.489961992702219e-05,1465,0.004555181756497065,True
GaussianBudget75M_MaxCov,Shanty_2024-CASRF-000614,20240720,1,pyrologix,7,47-21,2024,0.0,0.006925871013663709,1,drone,1,9.489961992702219e-05,3310,0.004555181756497065,True
GaussianBudget75M_MaxCov,Sheep_2024-CABDF-011109,20240805,18,pyrologix,5,206-88,2024,0.0,0.0024464840535074472,0,drone,1,9.489961992702219e-05,2110,0.004460282136570043,True
GaussianBudget75M_MaxCov,Sheep_2024-CASHF-000789,20240823,1,pyrologix,4,42-34,2024,0.0,0.004610946052707732,1,drone,1,9.489961992702219e-05,1820,0.004555181756497065,True
GaussianBudget75M_MaxCov,Sheephead_2024-CACNF-001245,20240705,6,pyrologix,1,none,2024,0.0,0.0022448949748650193,-1,undetected,1,9.489961992702219e-05,0,0.0,False
GaussianBudget75M_MaxCov,Sheering_2024-CASTF-001060,20240625,0,pyrologix,5,115-63,2024,0.0,0.001927188946865499,0,charging station,1,9.489961992702219e-05,1745,0.0046500813764240876,True
GaussianBudget75M_MaxCov,Shell_2024-CASQF-001024,20240625,22,pyrologix,7,none,2024,0.0,0.0022738120751455426,-1,undetected,1,9.489961992702219e-05,0,0.0,False
GaussianBudget75M_MaxCov,Shelley_2024-CATMU-030116,20241022,16,pyrologix,3,none,2024,0.0,0.002182330936193466,-1,undetected,1,9.489961992702219e-05,0,0.0,False
GaussianBudget75M_MaxCov,Shelly_2024-CAKNF-005159,20240703,16,pyrologix,9,28-32,2024,0.0,0.006334536941722035,1,drone,1,9.489961992702219e-05,3840,0.0046500813764240876,True
GaussianBudget75M_MaxCov,Sherwin_2024-CAINF-001851,20241003,19,pyrologix,10,none,2024,0.0,0.0022117329062893987,-1,undetected,1,9.489961992702219e-05,0,0.0,False
GaussianBudget75M_MaxCov,Shinn_2024-CASNF-000977,20240716,22,pyrologix,2,none,2024,0.0,0.002210741979070008,-1,undetected,1,9.489961992702219e-05,0,0.0,False
GaussianBudget75M_MaxCov,Shoe_2024-CASHF-000996,20241009,17,pyrologix,6,41-47,2024,0.0,0.00344774906989187,0,drone,1,9.489961992702219e-05,2295,0.0046500813764240876,True
GaussianBudget75M_MaxCov,Shore_2024-CATNF-001163,20240822,2,pyrologix,11,84-67,2024,0.0,0.0034125129459425807,0,drone,1,9.489961992702219e-05,3715,0.0046500813764240876,True
GaussianBudget75M_MaxCov,Siberia_2024-CABDF-010843,20240730,15,pyrologix,8,none,2024,0.0,0.002033742959611118,-1,undetected,1,9.489961992702219e-05,0,0.0,False
GaussianBudget75M_MaxCov,Sierra_2024-CAANF-242698,20240729,9,pyrologix,11,none,2024,0.0,0.0022328150225803256,-1,undetected,1,9.489961992702219e-05,0,0.0,False
GaussianBudget75M_MaxCov,Sierra_2024-CAMMU-018562,20240811,4,pyrologix,1,135-68,2024,0.0,0.006227131001651287,1,drone,1,9.489961992702219e-05,835,0.003795984797080888,True
GaussianBudget75M_MaxCov,Signal_2024-CASRF-000713,20240805,13,pyrologix,9,none,2024,0.0,0.002136263996362686,-1,undetected,1,9.489961992702219e-05,0,0.0,False
GaussianBudget75M_MaxCov,Silverado_2024-CAANF-243644,20241005,7,pyrologix,9,none,2024,0.0,0.0022073319414630532,-1,undetected,1,9.489961992702219e-05,0,0.0,False
GaussianBudget75M_MaxCov,Sirretta_2024-CASQF-001263,20240714,16,pyrologix,4,164-82,2024,0.0,0.005408590077422559,1,drone,1,9.489961992702219e-05,1790,0.004555181756497065,True
GaussianBudget75M_MaxCov,Skyland_2024-CABDF-009823,20240706,10,pyrologix,12,218-98,2024,0.0,0.008251194027252495,0,drone,1,9.489961992702219e-05,4995,0.0046500813764240876,True
GaussianBudget75M_MaxCov,Skyline_2024-CASHF-001147,20241207,17,pyrologix,5,42-41,2024,0.0,0.005683273077011108,1,drone,1,9.489961992702219e-05,2175,0.0046500813764240876,True
GaussianBudget75M_MaxCov,Slate_2024-CASRF-000624,20240721,17,pyrologix,2,27-19,2024,0.0,0.0034601400839164853,0,drone,1,9.489961992702219e-05,890,0.004460282136570043,True
GaussianBudget75M_MaxCov,Sloat_2024-CATNF-001054,20240804,16,pyrologix,7,79-56,2024,0.0,0.0263673709705472,4,drone,1,9.489961992702219e-05,3830,0.0046500813764240876,True
GaussianBudget75M_MaxCov,Smith_2024-CAPNF-000834,20240722,21,pyrologix,3,73-63,2024,0.0,0.0018950171070173383,0,drone,1,9.489961992702219e-05,1100,0.004460282136570043,True
GaussianBudget75M_MaxCov,Snag_2024-CAMDF-000416,20240717,17,pyrologix,5,none,2024,0.0,0.00208761403337121,-1,undetected,1,9.489961992702219e-05,0,0.0,False
GaussianBudget75M_MaxCov,Snell_2024-CAMDF-000949,20240916,16,pyrologix,4,none,2024,0.0,0.002077436074614525,-1,undetected,1,9.489961992702219e-05,0,0.0,False
GaussianBudget75M_MaxCov,Snow_2024-CABDF-012275,20240901,16,pyrologix,8,none,2024,0.0,0.002095075906254351,-1,undetected,1,9.489961992702219e-05,0,0.0,False
GaussianBudget75M_MaxCov,Snowbird_2024-CASHF-000647,20240727,16,pyrologix,9,42-41,2024,0.0,0.007427608943544328,1,drone,1,9.489961992702219e-05,3820,0.0046500813764240876,True
GaussianBudget75M_MaxCov,Soap_2024-CASTF-002267,20240927,17,pyrologix,3,111-57,2024,0.0,0.0037967630196362734,0,drone,1,9.489961992702219e-05,1320,0.004365382516643021,True
GaussianBudget75M_MaxCov,Somes_2024-CASRF-000901,20240920,1,pyrologix,4,26-25,2024,0.0,0.0019966280087828636,0,drone,1,9.489961992702219e-05,1685,0.0046500813764240876,True
GaussianBudget75M_MaxCov,South_2024-CAINF-001975,20241025,15,pyrologix,12,none,2024,0.0,0.00231272098608315,-1,undetected,1,9.489961992702219e-05,0,0.0,False
GaussianBudget75M_MaxCov,South_2024-CASKU-003966,20240530,17,pyrologix,11,35-43,2024,0.0,0.0029792189598083496,0,drone,1,9.489961992702219e-05,3920,0.0046500813764240876,True
GaussianBudget75M_MaxCov,South_Crater_2024-CAINF-001246,20240723,1,pyrologix,6,none,2024,0.0,0.0021569860400632024,-1,undetected,1,9.489961992702219e-05,0,0.0,False
GaussianBudget75M_MaxCov,Spaulding_2024-CATNF-000682,20240623,19,pyrologix,4,87-59,2024,0.0,0.0021489099599421024,0,drone,1,9.489961992702219e-05,1425,0.0046500813764240876,True
GaussianBudget75M_MaxCov,Spider_2024-CASHF-000844,20240904,14,pyrologix,8,42-34,2024,0.0,0.003711146069690585,0,drone,1,9.489961992702219e-05,2985,0.0046500813764240876,True
GaussianBudget75M_MaxCov,Spillway_2024-CABDF-007081,20240512,22,pyrologix,2,225-101,2024,0.0,0.0053797849686816335,0,drone,1,9.489961992702219e-05,950,0.004175583276788976,True
GaussianBudget75M_MaxCov,Spring_2024-CAENF-016530,20240620,22,pyrologix,6,97-60,2024,0.0,0.007492214906960726,1,drone,1,9.489961992702219e-05,2500,0.0046500813764240876,True
GaussianBudget75M_MaxCov,Spring_2024-CAKNF-006816,20240818,20,pyrologix,2,18-37,2024,0.0,0.006426759995520115,1,drone,1,9.489961992702219e-05,1470,0.0040806836568619545,True
GaussianBudget75M_MaxCov,Spring_2024-CAMDF-000414,20240717,16,pyrologix,2,none,2024,0.0,0.0021824160357937217,-1,undetected,1,9.489961992702219e-05,0,0.0,False
GaussianBudget75M_MaxCov,Spring_2024-CAPNF-001286,20240927,0,pyrologix,1,70-69,2024,0.0,0.0040822060545906425,0,drone,1,9.489961992702219e-05,700,0.0040806836568619545,True
GaussianBudget75M_MaxCov,Spring_2024-CASQF-001764,20240923,7,pyrologix,7,161-79,2024,0.0,0.004773661028593779,0,drone,1,9.489961992702219e-05,2820,0.0046500813764240876,True
GaussianBudget75M_MaxCov,Springs_2024-CATNF-001018,20240803,22,pyrologix,11,84-67,2024,0.0,0.006458353949710727,1,drone,1,9.489961992702219e-05,4025,0.0046500813764240876,True
GaussianBudget75M_MaxCov,Spunky_2024-CAANF-242018,20240630,21,pyrologix,10,none,2024,0.0,0.0021634860895574093,-1,undetected,1,9.489961992702219e-05,0,0.0,False
GaussianBudget75M_MaxCov,Spur_2024-CAINF-001424,20240811,10,pyrologix,12,none,2024,0.0,0.00211958191357553,-1,undetected,1,9.489961992702219e-05,0,0.0,False
GaussianBudget75M_MaxCov,Spur_2024-CAMDF-000346,20240710,12,pyrologix,10,37-64,2024,0.0,0.005201244028285146,0,drone,1,9.489961992702219e-05,3820,0.0046500813764240876,True
GaussianBudget75M_MaxCov,Star_2024-CASHF-000450,20240622,15,pyrologix,12,47-21,2024,0.0,0.0032872799783945084,0,drone,1,9.489961992702219e-05,4550,0.0046500813764240876,True
GaussianBudget75M_MaxCov,Starvation_2024-CASQF-001512,20240818,0,pyrologix,9,165-77,2024,0.0,0.003558433963917196,0,drone,1,9.489961992702219e-05,3335,0.0046500813764240876,True
GaussianBudget75M_MaxCov,Stead_2024-CAMDF-000982,20240920,21,pyrologix,1,none,2024,0.0,0.0021285590482875705,-1,undetected,1,9.489961992702219e-05,0,0.0,False
GaussianBudget75M_MaxCov,Steep_2024-CABDF-012020,20240827,9,pyrologix,7,none,2024,0.0,0.002093152026645839,-1,undetected,1,9.489961992702219e-05,0,0.0,False
GaussianBudget75M_MaxCov,Stick_2024-CABDF-012596,20240907,20,pyrologix,6,none,2024,0.0,0.002263520029373467,-1,undetected,1,9.489961992702219e-05,0,0.0,False
GaussianBudget75M_MaxCov,Stock_2024-CAMDF-000592,20240805,22,pyrologix,4,none,2024,0.0,0.002140752039849758,-1,undetected,1,9.489961992702219e-05,0,0.0,False
GaussianBudget75M_MaxCov,Stokes_2024-CACNF-001574,20240727,18,pyrologix,4,none,2024,0.0,0.002149311942048371,-1,undetected,1,9.489961992702219e-05,0,0.0,False
GaussianBudget75M_MaxCov,Strawberry_2024-CAPNF-000895,20240731,16,pyrologix,4,79-56,2024,0.0,0.0069095740327611566,0,drone,1,9.489961992702219e-05,1675,0.0046500813764240876,True
GaussianBudget75M_MaxCov,Strike_2024-CABDF-012602,20240908,19,pyrologix,11,none,2024,0.0,0.0021443020086735487,-1,undetected,1,9.489961992702219e-05,0,0.0,False
GaussianBudget75M_MaxCov,Stuart_2024-CASHF-000414,20240616,17,pyrologix,7,40-29,2024,0.0,0.0024485309841111302,0,drone,1,9.489961992702219e-05,2535,0.0046500813764240876,True
GaussianBudget75M_MaxCov,Stump_2024-CASRF-000684,20240731,21,pyrologix,5,none,2024,0.0,0.00209406903013587,-1,undetected,1,9.489961992702219e-05,0,0.0,False
GaussianBudget75M_MaxCov,Stump_2024-CASTF-001458,20240720,17,pyrologix,12,115-63,2024,0.0,0.004464818048290908,0,drone,1,9.489961992702219e-05,4220,0.0046500813764240876,True
GaussianBudget75M_MaxCov,Sugar_2024-CABDF-010319,20240717,13,pyrologix,11,none,2024,0.0,0.0021038620034232736,-1,undetected,1,9.489961992702219e-05,0,0.0,False
GaussianBudget75M_MaxCov,Sugar_2024-CATNF-001025,20240803,6,pyrologix,2,86-54,2024,0.0,0.0019153209868818521,0,drone,1,9.489961992702219e-05,795,0.0040806836568619545,True
GaussianBudget75M_MaxCov,Sugar_2024-CATNF-001197,20240826,18,pyrologix,3,87-59,2024,0.0,0.0027816189685836434,0,drone,1,9.489961992702219e-05,1185,0.0046500813764240876,True
GaussianBudget75M_MaxCov,Sugarloaf_2024-CAANF-243521,20240926,21,pyrologix,5,206-88,2024,0.0,0.0036868860479444265,0,drone,1,9.489961992702219e-05,2195,0.004460282136570043,True
GaussianBudget75M_MaxCov,Sulphur_2024-CAKNF-004181,20240606,20,pyrologix,7,17-30,2024,0.0,0.0022438049782067537,0,drone,1,9.489961992702219e-05,2590,0.004555181756497065,True
GaussianBudget75M_MaxCov,Summit_2024-CASQF-001071,20240629,17,pyrologix,7,none,2024,0.0,0.002099336008541286,-1,undetected,1,9.489961992702219e-05,0,0.0,False
GaussianBudget75M_MaxCov,Sun_2024-CATCU-003101,20240311,22,pyrologix,9,118-56,2024,0.0,0.005532905925065279,1,drone,1,9.489961992702219e-05,3455,0.0046500813764240876,True
GaussianBudget75M_MaxCov,Sunrise_2024-CAANF-241996,20240628,21,pyrologix,1,none,2024,0.0,0.0021436770912259817,-1,undetected,1,9.489961992702219e-05,0,0.0,False
GaussianBudget75M_MaxCov,Sunrise_2_2024-CAANF-242055,20240701,16,pyrologix,10,206-87,2024,0.0,0.005333049106411636,0,drone,1,9.489961992702219e-05,3660,0.004555181756497065,True
GaussianBudget75M_MaxCov,Sunset_2024-CAENF-024412,20240827,17,pyrologix,6,97-60,2024,0.0,0.006453164969570935,1,drone,1,9.489961992702219e-05,2355,0.0046500813764240876,True
GaussianBudget75M_MaxCov,Sunshine_2024-CAANF-244639,20241222,2,pyrologix,5,none,2024,0.0,0.0021350920433178544,-1,undetected,1,9.489961992702219e-05,0,0.0,False
GaussianBudget75M_MaxCov,Suzy_2024-CASRF-000368,20240621,0,pyrologix,5,40-22,2024,0.0,0.011822400032542646,1,drone,1,9.489961992702219e-05,2495,0.0046500813764240876,True
GaussianBudget75M_MaxCov,Swaggert_Timber_Sale_2024-CAMDF-000887,20240910,14,pyrologix,5,45-66,2024,0.0,0.0026675598928704858,0,drone,1,9.489961992702219e-05,2215,0.0046500813764240876,True
GaussianBudget75M_MaxCov,Swarthout_2024-CABDF-016024,20241104,4,pyrologix,4,206-88,2024,0.0,0.004384562955237925,0,drone,1,9.489961992702219e-05,1960,0.004460282136570043,True
GaussianBudget75M_MaxCov,Sycamore_2024-CABDF-001018,20240121,20,pyrologix,6,206-88,2024,0.0,0.0071519630728289485,1,drone,1,9.489961992702219e-05,2970,0.004460282136570043,True
GaussianBudget75M_MaxCov,Talbot_2024-CATNF-000904,20240716,16,pyrologix,1,90-60,2024,0.0,0.005997433909215033,1,drone,1,9.489961992702219e-05,990,0.0046500813764240876,True
GaussianBudget75M_MaxCov,Tamarack_2024-CASHF-000630,20240724,17,pyrologix,11,35-36,2024,0.0,0.007124228053726256,1,drone,1,9.489961992702219e-05,4310,0.0046500813764240876,True
GaussianBudget75M_MaxCov,Tamarack_2024-CASNF-000704,20240624,23,pyrologix,2,140-71,2024,0.0,0.0059023110661655664,1,drone,1,9.489961992702219e-05,1260,0.0046500813764240876,True
GaussianBudget75M_MaxCov,Tank_2024-CAANF-243112,20240824,17,pyrologix,9,none,2024,0.0,0.0021551490062847733,-1,undetected,1,9.489961992702219e-05,0,0.0,False
GaussianBudget75M_MaxCov,Tar_2024-CALPF-001515,20240704,4,pyrologix,6,none,2024,0.0,0.0022138929925858974,-1,undetected,1,9.489961992702219e-05,0,0.0,False
GaussianBudget75M_MaxCov,Taylors_2024-CAPNF-000831,20240722,18,pyrologix,6,63-64,2024,0.0,0.0033416629303246737,0,drone,1,9.489961992702219e-05,2460,0.0046500813764240876,True
GaussianBudget75M_MaxCov,Tecuya_2024-CALPF-002553,20241006,13,pyrologix,7,none,2024,0.0,0.0020859650103375316,-1,undetected,1,9.489961992702219e-05,0,0.0,False
GaussianBudget75M_MaxCov,Telegraph_2024-CAANF-243254,20240903,20,pyrologix,3,206-88,2024,0.0,0.003902865923009813,0,drone,1,9.489961992702219e-05,1410,0.004460282136570043,True
GaussianBudget75M_MaxCov,Tells_2024-CAENF-023159,20240814,22,pyrologix,3,97-60,2024,0.0,0.0025910440599545836,0,drone,1,9.489961992702219e-05,1010,0.004175583276788976,True
GaussianBudget75M_MaxCov,Temple_2024-CAKNF-003997,20240531,16,pyrologix,8,28-45,2024,0.0,0.013011243077926338,1,drone,1,9.489961992702219e-05,3405,0.0046500813764240876,True
GaussianBudget75M_MaxCov,Templin_2024-CAANF-241629,20240607,1,pyrologix,5,none,2024,0.0,0.0020738879684358835,-1,undetected,1,9.489961992702219e-05,0,0.0,False
GaussianBudget75M_MaxCov,Ten_Mile_2024-CASQF-000670,20240526,18,pyrologix,7,148-73,2024,0.0,0.0037597649497911334,0,drone,1,9.489961992702219e-05,2920,0.0046500813764240876,True
GaussianBudget75M_MaxCov,Tenaja_2024-CACNF-001874,20240825,16,pyrologix,5,none,2024,0.0,0.0020733049605041742,-1,undetected,1,9.489961992702219e-05,0,0.0,False
GaussianBudget75M_MaxCov,Thousand_2024-CAINF-001270,20240725,10,pyrologix,11,129-73,2024,0.0,0.018846805091015995,-1,undetected,1,9.489961992702219e-05,5040,0.0046500813764240876,True
GaussianBudget75M_MaxCov,Thunder_2024-CAENF-025870,20240909,17,pyrologix,7,98-62,2024,0.0,0.002278533997014165,0,drone,1,9.489961992702219e-05,2360,0.0046500813764240876,True
GaussianBudget75M_MaxCov,Timber_2024-CASHF-000912,20240918,14,pyrologix,6,37-52,2024,0.0,0.008310133940540254,2,drone,1,9.489961992702219e-05,2685,0.0046500813764240876,True
GaussianBudget75M_MaxCov,Timber_2024-CASHU-004313,20240429,23,pyrologix,7,44-54,2024,0.0,0.007064883946441114,1,drone,1,9.489961992702219e-05,3255,0.0046500813764240876,True
GaussianBudget75M_MaxCov,Timber_2024-CASHU-013961,20241208,19,pyrologix,3,44-54,2024,0.0,0.010778383002616465,1,drone,1,9.489961992702219e-05,1730,0.0046500813764240876,True
GaussianBudget75M_MaxCov,Tnf-Madrone_2024-CANEU-014985,20240530,19,pyrologix,4,76-51,2024,0.0,0.0067626769887283444,1,drone,1,9.489961992702219e-05,2420,0.0046500813764240876,True
GaussianBudget75M_MaxCov,Tom_2024-CAKNF-005764,20240717,14,pyrologix,9,21-28,2024,0.0,0.004634398967027664,0,drone,1,9.489961992702219e-05,3680,0.0046500813764240876,True
GaussianBudget75M_MaxCov,Tom_2024-CASNF-000726,20240625,18,pyrologix,6,132-72,2024,0.0,0.005196030018851161,0,drone,1,9.489961992702219e-05,2570,0.0046500813764240876,True
GaussianBudget75M_MaxCov,Track_2024-CATNF-001069,20240806,17,pyrologix,4,80-65,2024,0.0,0.0020605380414053798,0,drone,1,9.489961992702219e-05,1415,0.004460282136570043,True
GaussianBudget75M_MaxCov,Trail_2024-CAKNF-006785,20240818,20,pyrologix,9,33-29,2024,0.0,0.002807102049700916,0,drone,1,9.489961992702219e-05,3330,0.0046500813764240876,True
GaussianBudget75M_MaxCov,Trail_2024-CALPF-000839,20240430,18,pyrologix,6,none,2024,0.0,0.002182240947149694,-1,undetected,1,9.489961992702219e-05,0,0.0,False
GaussianBudget75M_MaxCov,Trailhead_2024-CASTF-002413,20241012,15,pyrologix,9,115-63,2024,0.0,0.003385985968634486,0,drone,1,9.489961992702219e-05,3215,0.0046500813764240876,True
GaussianBudget75M_MaxCov,Train_2024-CABDF-011648,20240817,18,pyrologix,10,206-88,2024,0.0,0.0053027089452371,0,drone,1,9.489961992702219e-05,4085,0.004460282136570043,True
GaussianBudget75M_MaxCov,Trinity_2024-CASRF-000333,20240612,15,pyrologix,11,35-16,2024,0.0,0.006491994019597769,1,drone,1,9.489961992702219e-05,4500,0.0046500813764240876,True
GaussianBudget75M_MaxCov,Trinity_River_Camp_Shfweavville_2024-CASHU-009224,20240818,3,pyrologix,1,42-34,2024,0.0,0.007910768035799265,1,drone,1,9.489961992702219e-05,785,0.004460282136570043,True
GaussianBudget75M_MaxCov,Trout_2024-CASQF-001240,20240713,10,pyrologix,12,164-82,2024,0.0,0.006258987006731331,0,drone,1,9.489961992702219e-05,4300,0.0046500813764240876,True
GaussianBudget75M_MaxCov,Turk_2024-CABDF-004555,20240319,10,pyrologix,5,206-88,2024,0.0,0.002623578067868948,0,drone,1,9.489961992702219e-05,2110,0.004460282136570043,True
GaussianBudget75M_MaxCov,Turkey_2024-CALPF-001493,20240702,12,pyrologix,11,none,2024,0.0,0.0022938449401408434,-1,undetected,1,9.489961992702219e-05,0,0.0,False
GaussianBudget75M_MaxCov,Tv_2024-CATNF-001039,20240803,18,pyrologix,9,77-70,2024,0.0,0.003232005052268505,0,drone,1,9.489961992702219e-05,3495,0.003985784036934932,True
GaussianBudget75M_MaxCov,Twin_2024-CAPNF-000339,20240531,23,pyrologix,3,73-63,2024,0.0,0.006186129990965128,1,drone,1,9.489961992702219e-05,1630,0.004555181756497065,True
GaussianBudget75M_MaxCov,Ullathorne_2024-CASRF-000882,20240914,0,pyrologix,8,26-25,2024,0.0,0.004289009026251733,0,drone,1,9.489961992702219e-05,3500,0.0046500813764240876,True
GaussianBudget75M_MaxCov,Unattended_2024-CASTF-002156,20240914,18,pyrologix,2,none,2024,0.0,0.0021720569347962737,-1,undetected,1,9.489961992702219e-05,0,0.0,False
GaussianBudget75M_MaxCov,Under_2024-CASHF-000423,20240618,23,pyrologix,3,40-22,2024,0.0,0.003206443041563034,0,drone,1,9.489961992702219e-05,1185,0.0046500813764240876,True
GaussianBudget75M_MaxCov,Union_2024-CASTF-002004,20240901,23,pyrologix,2,108-64,2024,0.0,0.0016507268883287907,0,drone,1,9.489961992702219e-05,785,0.003985784036934932,True
GaussianBudget75M_MaxCov,Union_2024-CATNF-000234,20240321,21,pyrologix,7,80-58,2024,0.0,0.004964050953276455,0,drone,1,9.489961992702219e-05,2600,0.0046500813764240876,True
GaussianBudget75M_MaxCov,Upper_2024-CAANF-243923,20241025,9,pyrologix,12,none,2024,0.0,0.002194022061303258,-1,undetected,1,9.489961992702219e-05,0,0.0,False
GaussianBudget75M_MaxCov,Upper_2024-CABDF-014731,20241021,21,pyrologix,3,206-88,2024,0.0,0.0021808439632877707,0,drone,1,9.489961992702219e-05,1240,0.004460282136570043,True
GaussianBudget75M_MaxCov,Upper_2024-CATMU-026524,20240916,20,pyrologix,11,none,2024,0.0,0.0021148150553926826,-1,undetected,1,9.489961992702219e-05,0,0.0,False
GaussianBudget75M_MaxCov,Utica_2024-CASTF-001848,20240816,17,pyrologix,4,108-64,2024,0.0,0.002546383999288082,0,drone,1,9.489961992702219e-05,1565,0.004365382516643021,True
GaussianBudget75M_MaxCov,Valentine_2024-CAINF-000771,20240612,21,pyrologix,11,none,2024,0.0,0.0021014759549871087,-1,undetected,1,9.489961992702219e-05,0,0.0,False
GaussianBudget75M_MaxCov,Valley_2024-CAMDF-000116,20240521,17,pyrologix,8,none,2024,0.0,0.002101261983625591,-1,undetected,1,9.489961992702219e-05,0,0.0,False
GaussianBudget75M_MaxCov,Valley_2024-CATMU-016096,20240616,16,pyrologix,12,none,2024,0.0,0.0021426689345389605,-1,undetected,1,9.489961992702219e-05,0,0.0,False
GaussianBudget75M_MaxCov,Valley_2024-CATNF-001417,20241002,6,pyrologix,1,84-67,2024,0.0,0.0014926500152796507,0,drone,1,9.489961992702219e-05,450,0.0036061855572268433,True
GaussianBudget75M_MaxCov,Van_Sickle_2024-CATMU-010359,20240424,13,pyrologix,9,none,2024,0.0,0.002196899033151567,-1,undetected,1,9.489961992702219e-05,0,0.0,False
GaussianBudget75M_MaxCov,Veronica_2024-CAANF-243913,20241024,16,pyrologix,2,none,2024,0.0,0.0022483349312096834,-1,undetected,1,9.489961992702219e-05,0,0.0,False
GaussianBudget75M_MaxCov,Viejas_2024-CACNF-001834,20240821,12,pyrologix,8,none,2024,0.0,0.002172520966269076,-1,undetected,1,9.489961992702219e-05,0,0.0,False
GaussianBudget75M_MaxCov,View_2024-CABDF-017150,20241126,23,pyrologix,4,225-101,2024,0.0,0.0072140940465033054,1,drone,1,9.489961992702219e-05,2065,0.0046500813764240876,True
GaussianBudget75M_MaxCov,View_2024-CACNF-002168,20240918,19,pyrologix,2,none,2024,0.0,0.002113817958161235,-1,undetected,1,9.489961992702219e-05,0,0.0,False
GaussianBudget75M_MaxCov,Village_2024-CASRF-000143,20240408,16,pyrologix,8,40-22,2024,0.0,0.003950951038859785,0,drone,1,9.489961992702219e-05,3135,0.0046500813764240876,True
GaussianBudget75M_MaxCov,Violin_2024-CAANF-244304,20241123,22,pyrologix,9,none,2024,0.0,0.0021121989702805877,-1,undetected,1,9.489961992702219e-05,0,0.0,False
GaussianBudget75M_MaxCov,Vista_2024-CAANF-241533,20240530,7,pyrologix,2,none,2024,0.0,0.0020969780161976814,-1,undetected,1,9.489961992702219e-05,0,0.0,False
GaussianBudget75M_MaxCov,Vista_2024-CABDF-009908,20240707,15,pyrologix,3,206-88,2024,0.0,0.002090740017592907,0,drone,1,9.489961992702219e-05,1200,0.004460282136570043,True
GaussianBudget75M_MaxCov,Vista_2024-CAPNF-000281,20240520,1,pyrologix,5,73-63,2024,0.0,0.00642432807944715,1,drone,1,9.489961992702219e-05,2240,0.004555181756497065,True
GaussianBudget75M_MaxCov,Vogel_2024-CAANF-244517,20241212,19,pyrologix,11,none,2024,0.0,0.0021660219645127654,-1,undetected,1,9.489961992702219e-05,0,0.0,False
GaussianBudget75M_MaxCov,Volcanoville_2024-CAENF-012090,20240511,21,pyrologix,5,93-54,2024,0.0,0.006614076904952526,1,drone,1,9.489961992702219e-05,2250,0.0046500813764240876,True
GaussianBudget75M_MaxCov,Votaw_2024-CAENF-019847,20240715,17,pyrologix,3,105-63,2024,0.0,0.002285021939314902,0,drone,1,9.489961992702219e-05,1200,0.004460282136570043,True
GaussianBudget75M_MaxCov,Warm_2024-CAANF-242190,20240706,12,pyrologix,10,none,2024,0.0,0.0021849279291927814,-1,undetected,1,9.489961992702219e-05,0,0.0,False
GaussianBudget75M_MaxCov,Warner_2024-CAMDF-000173,20240610,17,pyrologix,11,none,2024,0.0,0.0021804559510201216,-1,undetected,1,9.489961992702219e-05,0,0.0,False
GaussianBudget75M_MaxCov,Waterfall_2024-CASRF-000018,20240115,9,pyrologix,5,35-16,2024,0.0,0.00546262098941952,0,drone,1,9.489961992702219e-05,2015,0.0046500813764240876,True
GaussianBudget75M_MaxCov,Waterman_2024-CASRF-000591,20240716,23,pyrologix,5,33-23,2024,0.0,0.006728279055096209,1,drone,1,9.489961992702219e-05,2520,0.0046500813764240876,True
GaussianBudget75M_MaxCov,Waterman_2_2024-CABDF-011489,20240814,13,pyrologix,11,none,2024,0.0,0.0021126989740878344,-1,undetected,1,9.489961992702219e-05,0,0.0,False
GaussianBudget75M_MaxCov,Waucoba_2024-CAINF-002044,20241111,14,pyrologix,7,none,2024,0.0,0.0020704061025753617,-1,undetected,1,9.489961992702219e-05,0,0.0,False
GaussianBudget75M_MaxCov,Weaver_2024-CASQF-002014,20241101,17,pyrologix,8,none,2024,0.0,0.002121745957992971,-1,undetected,1,9.489961992702219e-05,0,0.0,False
GaussianBudget75M_MaxCov,Webber_2024-CATNF-000788,20240704,18,pyrologix,10,80-65,2024,0.0,0.00663898594211787,1,drone,1,9.489961992702219e-05,4070,0.0046500813764240876,True
GaussianBudget75M_MaxCov,Weeds_2024-CATNF-000824,20240706,7,pyrologix,11,79-56,2024,0.0,0.005234094918705523,0,drone,1,9.489961992702219e-05,3935,0.0046500813764240876,True
GaussianBudget75M_MaxCov,Weigh_2024-CABDF-010655,20240726,10,pyrologix,5,206-88,2024,0.0,0.002843335038051009,0,drone,1,9.489961992702219e-05,2110,0.004460282136570043,True
GaussianBudget75M_MaxCov,Weiser_2024-CASTF-001952,20240827,18,pyrologix,3,108-64,2024,0.0,0.00586225395090878,1,drone,1,9.489961992702219e-05,1655,0.004460282136570043,True
GaussianBudget75M_MaxCov,West_2024-CALNF-003765,20240704,1,pyrologix,6,65-55,2024,0.0,0.0032546319998800755,0,drone,1,9.489961992702219e-05,2085,0.004460282136570043,True
GaussianBudget75M_MaxCov,West_2024-CASHF-000756,20240818,22,pyrologix,5,54-26,2024,0.0,0.0036904449807479978,0,drone,1,9.489961992702219e-05,2070,0.0046500813764240876,True
GaussianBudget75M_MaxCov,West_2024-CASNF-001345,20240827,18,pyrologix,8,140-71,2024,0.0,0.008341156993992627,2,drone,1,9.489961992702219e-05,3285,0.0046500813764240876,True
GaussianBudget75M_MaxCov,Whaleback_E-2_2024-CALNF-004085,20240714,7,pyrologix,9,53-62,2024,0.0,0.01212878804653883,1,drone,1,9.489961992702219e-05,4190,0.0046500813764240876,True
GaussianBudget75M_MaxCov,Wheeler_2024-CAINF-000885,20240624,19,pyrologix,6,none,2024,0.0,0.0021127279615029693,-1,undetected,1,9.489961992702219e-05,0,0.0,False
GaussianBudget75M_MaxCov,Wheeler_2024-CASTF-001396,20240715,17,pyrologix,5,108-64,2024,0.0,0.0061212939908728,1,drone,1,9.489961992702219e-05,2310,0.004555181756497065,True
GaussianBudget75M_MaxCov,Wheeler_2024-CATNF-001278,20240908,0,pyrologix,7,90-60,2024,0.0,0.008986018016003072,2,drone,1,9.489961992702219e-05,3380,0.0046500813764240876,True
GaussianBudget75M_MaxCov,Whitaker_2024-CAANF-242087,20240703,14,pyrologix,10,none,2024,0.0,0.002082349034026265,-1,undetected,1,9.489961992702219e-05,0,0.0,False
GaussianBudget75M_MaxCov,Whitney_2024-CASHF-000106,20240226,21,pyrologix,2,28-45,2024,0.0,0.009918286930769682,1,drone,1,9.489961992702219e-05,1230,0.004365382516643021,True
GaussianBudget75M_MaxCov,Whitney_2024-CASRF-000393,20240624,11,pyrologix,7,27-19,2024,0.0,0.0051435650093480945,0,drone,1,9.489961992702219e-05,2510,0.0046500813764240876,True
GaussianBudget75M_MaxCov,Wildwood_2024-CAENF-031373,20241105,15,pyrologix,5,97-60,2024,0.0,0.004492611042223871,0,drone,1,9.489961992702219e-05,1775,0.004460282136570043,True
GaussianBudget75M_MaxCov,Wildwood_2024-CASHF-000354,20240531,19,pyrologix,1,54-26,2024,0.0,0.007898651994764805,2,drone,1,9.489961992702219e-05,1205,0.004555181756497065,True
GaussianBudget75M_MaxCov,Williams_2024-CAANF-243831,20241017,21,pyrologix,6,206-87,2024,0.0,0.010788265033625066,3,drone,1,9.489961992702219e-05,3045,0.004555181756497065,True
GaussianBudget75M_MaxCov,Willow_2024-CALPF-002515,20241002,21,pyrologix,4,none,2024,0.0,0.0020886309212073684,-1,undetected,1,9.489961992702219e-05,0,0.0,False
GaussianBudget75M_MaxCov,Willow_2024-CAMDF-001006,20240925,18,pyrologix,7,none,2024,0.0,0.0020913570187985897,-1,undetected,1,9.489961992702219e-05,0,0.0,False
GaussianBudget75M_MaxCov,Willow_2024-CAPNF-001522,20241113,21,pyrologix,8,73-63,2024,0.0,0.005632429965771735,1,drone,1,9.489961992702219e-05,3240,0.004555181756497065,True
GaussianBudget75M_MaxCov,Willow_2024-CASQF-001294,20240717,3,pyrologix,7,174-77,2024,0.0,0.006891752011142671,1,drone,1,9.489961992702219e-05,2890,0.0046500813764240876,True
GaussianBudget75M_MaxCov,Willow_2024-CASRF-000670,20240729,21,pyrologix,6,35-16,2024,0.0,0.008973893010988832,1,drone,1,9.489961992702219e-05,2655,0.0046500813764240876,True
GaussianBudget75M_MaxCov,Wilson_2024-CAKNF-005121,20240702,20,pyrologix,4,21-28,2024,0.0,0.00509262306150049,1,drone,1,9.489961992702219e-05,1920,0.0046500813764240876,True
GaussianBudget75M_MaxCov,Wintun_2024-CASRF-000477,20240706,23,pyrologix,4,47-21,2024,0.0,0.002353834919631481,0,drone,1,9.489961992702219e-05,1595,0.004460282136570043,True
GaussianBudget75M_MaxCov,Woodward_2024-CASQF-000683,20240527,18,pyrologix,12,148-73,2024,0.0,0.0037677979562431574,0,drone,1,9.489961992702219e-05,4785,0.0046500813764240876,True
GaussianBudget75M_MaxCov,Works_2024-CAANF-243724,20241009,2,pyrologix,8,none,2024,0.0,0.002106730011291802,-1,undetected,1,9.489961992702219e-05,0,0.0,False
GaussianBudget75M_MaxCov,World_2024-CABDF-006869,20240508,20,pyrologix,7,206-88,2024,0.0,0.002679248107597232,0,drone,1,9.489961992702219e-05,2750,0.004460282136570043,True
GaussianBudget75M_MaxCov,Wright_2024-CASRF-000474,20240706,23,pyrologix,3,27-19,2024,0.0,0.007347073988057673,0,drone,1,9.489961992702219e-05,1300,0.004555181756497065,True
GaussianBudget75M_MaxCov,Yacht_2024-CASHF-001049,20241025,15,pyrologix,8,49-41,2024,0.0,0.007083966978825629,1,drone,1,9.489961992702219e-05,3090,0.0046500813764240876,True
GaussianBudget75M_MaxCov,Yard_2024-CAKNF-005935,20240723,21,pyrologix,8,21-28,2024,0.0,0.003287511062808335,0,drone,1,9.489961992702219e-05,3145,0.0046500813764240876,True
GaussianBudget75M_MaxCov,Yellow_2024-CABDF-003193,20240222,14,pyrologix,5,206-88,2024,0.0,0.01011552195996046,2,drone,1,9.489961992702219e-05,2970,0.004460282136570043,True
GaussianBudget75M_MaxCov,York_2024-CAANF-242684,20240728,18,pyrologix,9,206-87,2024,0.0,0.011895889998413622,3,drone,1,9.489961992702219e-05,3995,0.004555181756497065,True
GaussianBudget75M_MaxCov,Zot_2024-CASHF-000381,20240608,18,pyrologix,1,35-43,2024,0.0,0.007654463988728821,2,drone,1,9.489961992702219e-05,1180,0.004365382516643021,True
