strategy_combo,scenario_name,date,sim_start_hour,log_key,offset,cluster,year,routing_compute_seconds,sim_replay_seconds,delta_t,device,fire_size_cells,fire_size_percentage,total_distance_traveled,percentage_map_explored,routed
GaussianBudget20M_TOPGrowing,1-3_Mccoy_2023-CALMU-003270,20230627,0,pyrologix,1,none,2023,0.0,0.0,-1,undetected,1,9.489961992702219e-05,0,0.0,False
GaussianBudget20M_TOPGrowing,3-1_Day_2023-CALMU-004305,20230815,2,pyrologix,2,none,2023,0.0,0.0,-1,undetected,1,9.489961992702219e-05,0,0.0,False
GaussianBudget20M_TOPGrowing,3-1_Egg_2023-CALMU-003234,20230625,16,pyrologix,2,none,2023,0.0,0.0,-1,undetected,1,9.489961992702219e-05,0,0.0,False
GaussianBudget20M_TOPGrowing,3-3_2023-CASRF-000976,20230816,19,pyrologix,2,43-18,2023,0.0,0.0,1,drone,1,9.489961992702219e-05,1525,0.0046500813764240876,True
GaussianBudget20M_TOPGrowing,3-4_2023-CAHUU-008052,20230815,15,pyrologix,1,43-18,2023,0.0,0.0,0,drone,1,9.489961992702219e-05,440,0.003511285937299821,True
GaussianBudget20M_TOPGrowing,3-5_2023-CASRF-000975,20230816,15,pyrologix,9,43-18,2023,0.0,0.0,0,drone,1,9.489961992702219e-05,3890,0.0046500813764240876,True
GaussianBudget20M_TOPGrowing,3-5_Buck_2023-CALMU-004384,20230818,20,pyrologix,7,none,2023,0.0,0.0,-1,undetected,1,9.489961992702219e-05,0,0.0,False
GaussianBudget20M_TOPGrowing,3-9_2023-CASRF-000972,20230816,4,pyrologix,11,43-18,2023,0.0,0.0,0,drone,1,9.489961992702219e-05,4670,0.0046500813764240876,True
GaussianBudget20M_TOPGrowing,330_2023-CABDF-011118,20230807,5,pyrologix,7,none,2023,0.0,0.0,-1,undetected,1,9.489961992702219e-05,0,0.0,False
GaussianBudget20M_TOPGrowing,6-1_2023-CATCU-011048,20230820,12,pyrologix,8,116-60,2023,0.0,0.0,1,drone,1,9.489961992702219e-05,3670,0.0046500813764240876,True
GaussianBudget20M_TOPGrowing,6-6_2023-CATCU-012071,20230910,10,pyrologix,6,116-60,2023,0.0,0.0,0,drone,1,9.489961992702219e-05,2500,0.0046500813764240876,True
GaussianBudget20M_TOPGrowing,Abbot_2023-CAKNF-008113,20230917,16,pyrologix,12,none,2023,0.0,0.0,-1,undetected,1,9.489961992702219e-05,0,0.0,False
GaussianBudget20M_TOPGrowing,Adits_2023-CASQF-002240,20231016,20,pyrologix,1,none,2023,0.0,0.0,-1,undetected,1,9.489961992702219e-05,0,0.0,False
GaussianBudget20M_TOPGrowing,Agua_2023-CAANF-232390,20230725,17,pyrologix,8,none,2023,0.0,0.0,-1,undetected,1,9.489961992702219e-05,0,0.0,False
GaussianBudget20M_TOPGrowing,Alder_2023-CAKNF-005006,20230623,11,pyrologix,10,21-32,2023,0.0,0.0,1,drone,1,9.489961992702219e-05,4460,0.0046500813764240876,True
GaussianBudget20M_TOPGrowing,Alpine_2023-CABDF-009210,20230628,20,pyrologix,8,none,2023,0.0,0.0,-1,undetected,1,9.489961992702219e-05,0,0.0,False
GaussianBudget20M_TOPGrowing,Alpine_2023-CASHF-000969,20230814,19,pyrologix,5,none,2023,0.0,0.0,-1,undetected,1,9.489961992702219e-05,0,0.0,False
GaussianBudget20M_TOPGrowing,Alpine_2023-CASQF-001708,20230817,13,pyrologix,10,none,2023,0.0,0.0,-1,undetected,1,9.489961992702219e-05,0,0.0,False
GaussianBudget20M_TOPGrowing,Alray_2023-CABDF-011889,20230828,16,pyrologix,11,none,2023,0.0,0.0,-1,undetected,1,9.489961992702219e-05,0,0.0,False
GaussianBudget20M_TOPGrowing,Andrews_2023-CAINF-001994,20231104,10,pyrologix,11,none,2023,0.0,0.0,-1,undetected,1,9.489961992702219e-05,0,0.0,False
GaussianBudget20M_TOPGrowing,Anthony_2023-CAMNF-001204,20230917,20,pyrologix,12,64-23,2023,0.0,0.0,0,drone,1,9.489961992702219e-05,4670,0.0046500813764240876,True
GaussianBudget20M_TOPGrowing,Antlers_2023-CASHF-000837,20230720,0,pyrologix,1,none,2023,0.0,0.0,-1,undetected,1,9.489961992702219e-05,0,0.0,False
GaussianBudget20M_TOPGrowing,Arnica_2023-CAMDF-000853,20230903,13,pyrologix,11,none,2023,0.0,0.0,-1,undetected,1,9.489961992702219e-05,0,0.0,False
GaussianBudget20M_TOPGrowing,Ash_2023-CASHF-000681,20230626,19,pyrologix,7,none,2023,0.0,0.0,-1,undetected,1,9.489961992702219e-05,0,0.0,False
GaussianBudget20M_TOPGrowing,Aspen_2023-CAENF-022284,20230814,17,pyrologix,9,none,2023,0.0,0.0,-1,undetected,1,9.489961992702219e-05,0,0.0,False
GaussianBudget20M_TOPGrowing,Aspen_2023-CASTF-001532,20230813,10,pyrologix,10,109-61,2023,0.0,0.0,0,drone,1,9.489961992702219e-05,4060,0.0046500813764240876,True
GaussianBudget20M_TOPGrowing,Aubrey_2023-CAKNF-004323,20230604,3,pyrologix,5,21-32,2023,0.0,0.0,1,drone,1,9.489961992702219e-05,2490,0.0046500813764240876,True
GaussianBudget20M_TOPGrowing,Austin_2023-CATNF-000568,20230602,15,pyrologix,7,none,2023,0.0,0.0,-1,undetected,1,9.489961992702219e-05,0,0.0,False
GaussianBudget20M_TOPGrowing,Avenales_2023-CALPF-002880,20231012,12,pyrologix,12,none,2023,0.0,0.0,-1,undetected,1,9.489961992702219e-05,0,0.0,False
GaussianBudget20M_TOPGrowing,Backwards_2023-CASTF-000818,20230606,21,pyrologix,9,none,2023,0.0,0.0,-1,undetected,1,9.489961992702219e-05,0,0.0,False
GaussianBudget20M_TOPGrowing,Badenaugh_2023-CATNF-000609,20230605,23,pyrologix,4,78-68,2023,0.0,0.0,0,drone,1,9.489961992702219e-05,1675,0.0046500813764240876,True
GaussianBudget20M_TOPGrowing,Baily_2023-CASQF-000609,20230523,17,pyrologix,7,none,2023,0.0,0.0,-1,undetected,1,9.489961992702219e-05,0,0.0,False
GaussianBudget20M_TOPGrowing,Baker_2023-CASTF-001946,20230910,16,pyrologix,4,none,2023,0.0,0.0,-1,undetected,1,9.489961992702219e-05,0,0.0,False
GaussianBudget20M_TOPGrowing,Baker_2023-CATNF-000321,20230421,14,pyrologix,11,none,2023,0.0,0.0,-1,undetected,1,9.489961992702219e-05,0,0.0,False
GaussianBudget20M_TOPGrowing,Bald_2023-CASHF-000982,20230815,17,pyrologix,4,37-43,2023,0.0,0.0,0,drone,1,9.489961992702219e-05,1645,0.0046500813764240876,True
GaussianBudget20M_TOPGrowing,Bald_2023-CATNF-001280,20230815,13,pyrologix,9,none,2023,0.0,0.0,-1,undetected,1,9.489961992702219e-05,0,0.0,False
GaussianBudget20M_TOPGrowing,Baldy_2023-CABDF-011408,20230813,20,pyrologix,1,none,2023,0.0,0.0,-1,undetected,1,9.489961992702219e-05,0,0.0,False
GaussianBudget20M_TOPGrowing,Ball_2023-CAKNF-007178,20230821,19,pyrologix,12,23-46,2023,0.0,0.0,1,drone,1,9.489961992702219e-05,5225,0.0046500813764240876,True
GaussianBudget20M_TOPGrowing,Ballarat_2023-CAAEU-023137,20230822,21,pyrologix,4,95-57,2023,0.0,0.0,0,drone,1,9.489961992702219e-05,1820,0.0046500813764240876,True
GaussianBudget20M_TOPGrowing,Ballarat_2023-CAENF-023155,20230822,21,pyrologix,4,95-57,2023,0.0,0.0,0,drone,1,9.489961992702219e-05,1820,0.0046500813764240876,True
GaussianBudget20M_TOPGrowing,Bar_2023-CASRF-000078,20230203,2,pyrologix,8,none,2023,0.0,0.0,-1,undetected,1,9.489961992702219e-05,0,0.0,False
GaussianBudget20M_TOPGrowing,Bar_2023-CASTF-001950,20230910,12,pyrologix,12,116-60,2023,0.0,0.0,1,drone,1,9.489961992702219e-05,5325,0.0046500813764240876,True
GaussianBudget20M_TOPGrowing,Barker_2023-CATNF-001310,20230818,21,pyrologix,4,none,2023,0.0,0.0,-1,undetected,1,9.489961992702219e-05,0,0.0,False
GaussianBudget20M_TOPGrowing,Barn_2023-CASTF-001984,20230912,18,pyrologix,9,none,2023,0.0,0.0,-1,undetected,1,9.489961992702219e-05,0,0.0,False
GaussianBudget20M_TOPGrowing,Barn_2023-CATCU-007129,20230602,16,pyrologix,11,116-60,2023,0.0,0.0,2,drone,1,9.489961992702219e-05,5285,0.0046500813764240876,True
GaussianBudget20M_TOPGrowing,Barrett_2023-CAANF-233601,20231030,1,pyrologix,11,none,2023,0.0,0.0,-1,undetected,1,9.489961992702219e-05,0,0.0,False
GaussianBudget20M_TOPGrowing,Barton_2023-CABDF-007889,20230530,16,pyrologix,1,none,2023,0.0,0.0,-1,undetected,1,9.489961992702219e-05,0,0.0,False
GaussianBudget20M_TOPGrowing,Basin_2023-CASRF-001038,20230823,15,pyrologix,11,57-19,2023,0.0,0.0,0,drone,1,9.489961992702219e-05,4365,0.0046500813764240876,True
GaussianBudget20M_TOPGrowing,Bass_2023-CAMMU-026739,20231129,17,pyrologix,6,132-64,2023,0.0,0.0,0,drone,1,9.489961992702219e-05,2480,0.0046500813764240876,True
GaussianBudget20M_TOPGrowing,Battle_2023-CALNF-005206,20230923,19,pyrologix,3,none,2023,0.0,0.0,-1,undetected,1,9.489961992702219e-05,0,0.0,False
GaussianBudget20M_TOPGrowing,Battle_2023-CAMDF-000290,20230627,13,pyrologix,10,none,2023,0.0,0.0,-1,undetected,1,9.489961992702219e-05,0,0.0,False
GaussianBudget20M_TOPGrowing,Baxter_2023-CATCU-016553,20231217,13,pyrologix,12,116-60,2023,0.0,0.0,0,drone,1,9.489961992702219e-05,4885,0.0046500813764240876,True
GaussianBudget20M_TOPGrowing,Beach_2023-CAINF-000389,20230430,2,pyrologix,6,none,2023,0.0,0.0,-1,undetected,1,9.489961992702219e-05,0,0.0,False
GaussianBudget20M_TOPGrowing,Bean_2023-CASHF-000582,20230613,0,pyrologix,6,50-25,2023,0.0,0.0,0,drone,1,9.489961992702219e-05,2390,0.0046500813764240876,True
GaussianBudget20M_TOPGrowing,Bear_2023-CAANF-002607,20230807,19,pyrologix,6,none,2023,0.0,0.0,-1,undetected,1,9.489961992702219e-05,0,0.0,False
GaussianBudget20M_TOPGrowing,Bear_2023-CACNF-002771,20231011,14,pyrologix,8,none,2023,0.0,0.0,-1,undetected,1,9.489961992702219e-05,0,0.0,False
GaussianBudget20M_TOPGrowing,Bear_2023-CAENF-020118,20230724,18,pyrologix,12,none,2023,0.0,0.0,-1,undetected,1,9.489961992702219e-05,0,0.0,False
GaussianBudget20M_TOPGrowing,Bear_2023-CAENF-025998,20230921,12,pyrologix,9,none,2023,0.0,0.0,-1,undetected,1,9.489961992702219e-05,0,0.0,False
GaussianBudget20M_TOPGrowing,Bear_2023-CAKNF-004811,20230617,19,pyrologix,8,none,2023,0.0,0.0,-1,undetected,1,9.489961992702219e-05,0,0.0,False
GaussianBudget20M_TOPGrowing,Bear_2023-CASHF-000664,20230625,16,pyrologix,5,none,2023,0.0,0.0,-1,undetected,1,9.489961992702219e-05,0,0.0,False
GaussianBudget20M_TOPGrowing,Bear_2023-CASTF-001093,20230703,11,pyrologix,8,109-61,2023,0.0,0.0,1,drone,1,9.489961992702219e-05,3690,0.0046500813764240876,True
GaussianBudget20M_TOPGrowing,Beard_2023-CASTF-001777,20230830,13,pyrologix,5,109-61,2023,0.0,0.0,0,drone,1,9.489961992702219e-05,2080,0.0046500813764240876,True
GaussianBudget20M_TOPGrowing,Beckwourth_2023-CAPNF-001324,20230914,6,pyrologix,7,74-61,2023,0.0,0.0,0,drone,1,9.489961992702219e-05,2830,0.0046500813764240876,True
GaussianBudget20M_TOPGrowing,Beeler_2023-CAMDF-000215,20230606,15,pyrologix,5,none,2023,0.0,0.0,-1,undetected,1,9.489961992702219e-05,0,0.0,False
GaussianBudget20M_TOPGrowing,Belden_2023-CAPNF-000783,20230723,10,pyrologix,10,67-55,2023,0.0,0.0,1,drone,1,9.489961992702219e-05,4390,0.0046500813764240876,True
GaussianBudget20M_TOPGrowing,Bell_2023-CASTF-001536,20230813,17,pyrologix,1,none,2023,0.0,0.0,-1,undetected,1,9.489961992702219e-05,0,0.0,False
GaussianBudget20M_TOPGrowing,Belle_2023-CAKNF-005208,20230628,0,pyrologix,3,none,2023,0.0,0.0,-1,undetected,1,9.489961992702219e-05,0,0.0,False
GaussianBudget20M_TOPGrowing,Bennett_2023-CASTF-001602,20230816,20,pyrologix,7,none,2023,0.0,0.0,-1,undetected,1,9.489961992702219e-05,0,0.0,False
GaussianBudget20M_TOPGrowing,Berg_2023-CAPNF-000600,20230627,21,pyrologix,9,74-61,2023,0.0,0.0,1,drone,1,9.489961992702219e-05,3990,0.0046500813764240876,True
GaussianBudget20M_TOPGrowing,Berry_2023-CAKNF-006953,20230815,13,pyrologix,5,21-32,2023,0.0,0.0,0,drone,1,9.489961992702219e-05,2115,0.0046500813764240876,True
GaussianBudget20M_TOPGrowing,Berry_2023-CASRF-000641,20230704,18,pyrologix,6,36-20,2023,0.0,0.0,0,drone,1,9.489961992702219e-05,2560,0.0046500813764240876,True
GaussianBudget20M_TOPGrowing,Bert_2023-CAANF-233335,20231003,22,pyrologix,4,none,2023,0.0,0.0,-1,undetected,1,9.489961992702219e-05,0,0.0,False
GaussianBudget20M_TOPGrowing,Bert_2023-CALAC-339062,20231003,18,pyrologix,10,none,2023,0.0,0.0,-1,undetected,1,9.489961992702219e-05,0,0.0,False
GaussianBudget20M_TOPGrowing,Betts_2023-CASRF-000949,20230815,16,pyrologix,3,57-19,2023,0.0,0.0,0,drone,1,9.489961992702219e-05,1535,0.0046500813764240876,True
GaussianBudget20M_TOPGrowing,Big_2023-CATNF-001293,20230816,1,pyrologix,5,88-57,2023,0.0,0.0,0,drone,1,9.489961992702219e-05,2085,0.0046500813764240876,True
GaussianBudget20M_TOPGrowing,Bigfoot_2023-CASRF-001084,20230830,20,pyrologix,9,none,2023,0.0,0.0,-1,undetected,1,9.489961992702219e-05,0,0.0,False
GaussianBudget20M_TOPGrowing,Birdie_2023-CASHF-001077,20230825,19,pyrologix,2,none,2023,0.0,0.0,-1,undetected,1,9.489961992702219e-05,0,0.0,False
GaussianBudget20M_TOPGrowing,Black_2023-CATMU-019832,20230720,15,pyrologix,11,none,2023,0.0,0.0,-1,undetected,1,9.489961992702219e-05,0,0.0,False
GaussianBudget20M_TOPGrowing,Blackhawk_2023-CAPNF-001014,20230817,20,pyrologix,12,67-55,2023,0.0,0.0,0,drone,1,9.489961992702219e-05,4705,0.0046500813764240876,True
GaussianBudget20M_TOPGrowing,Blacksprings_2023-CASTF-001868,20230906,11,pyrologix,7,109-61,2023,0.0,0.0,0,drone,1,9.489961992702219e-05,2980,0.0046500813764240876,True
GaussianBudget20M_TOPGrowing,Blackwood_2023-CATMU-017918,20230703,19,pyrologix,2,none,2023,0.0,0.0,-1,undetected,1,9.489961992702219e-05,0,0.0,False
GaussianBudget20M_TOPGrowing,Blake_2023-CASRF-000529,20230614,17,pyrologix,9,43-18,2023,0.0,0.0,0,drone,1,9.489961992702219e-05,3890,0.0046500813764240876,True
GaussianBudget20M_TOPGrowing,Blakes_2023-CAKNF-005203,20230628,20,pyrologix,11,none,2023,0.0,0.0,-1,undetected,1,9.489961992702219e-05,0,0.0,False
GaussianBudget20M_TOPGrowing,Blands_2023-CAMNF-001263,20230923,19,pyrologix,9,64-23,2023,0.0,0.0,1,drone,1,9.489961992702219e-05,4060,0.0046500813764240876,True
GaussianBudget20M_TOPGrowing,Block_2023-CAKNF-007032,20230816,20,pyrologix,4,21-32,2023,0.0,0.0,1,drone,1,9.489961992702219e-05,2230,0.0046500813764240876,True
GaussianBudget20M_TOPGrowing,Blue_2023-CAKNF-004495,20230608,17,pyrologix,9,none,2023,0.0,0.0,-1,undetected,1,9.489961992702219e-05,0,0.0,False
GaussianBudget20M_TOPGrowing,Blue_2023-CAMNF-000497,20230626,21,pyrologix,9,64-23,2023,0.0,0.0,0,drone,1,9.489961992702219e-05,3840,0.0046500813764240876,True
GaussianBudget20M_TOPGrowing,Blue_2023-CAPNF-001040,20230817,21,pyrologix,4,74-61,2023,0.0,0.0,1,drone,1,9.489961992702219e-05,2050,0.0046500813764240876,True
GaussianBudget20M_TOPGrowing,Blue_2023-CASHF-000550,20230607,0,pyrologix,3,none,2023,0.0,0.0,-1,undetected,1,9.489961992702219e-05,0,0.0,False
GaussianBudget20M_TOPGrowing,Blue_Creek_2_2023-CASRF-000961,20230815,17,pyrologix,7,none,2023,0.0,0.0,-1,undetected,1,9.489961992702219e-05,0,0.0,False
GaussianBudget20M_TOPGrowing,Blue_Jay_2023-CAKNF-009055,20231017,15,pyrologix,11,21-39,2023,0.0,0.0,0,drone,1,9.489961992702219e-05,4570,0.0046500813764240876,True
GaussianBudget20M_TOPGrowing,Bluff_2023-CAHUU-008538,20230829,6,pyrologix,4,none,2023,0.0,0.0,-1,undetected,1,9.489961992702219e-05,0,0.0,False
GaussianBudget20M_TOPGrowing,Bluff__1_2023-CASRF-000957,20230815,15,pyrologix,10,none,2023,0.0,0.0,-1,undetected,1,9.489961992702219e-05,0,0.0,False
GaussianBudget20M_TOPGrowing,Board_2023-CABDF-008676,20230617,15,pyrologix,3,none,2023,0.0,0.0,-1,undetected,1,9.489961992702219e-05,0,0.0,False
GaussianBudget20M_TOPGrowing,Boardman_2023-CASKU-005105,20230625,19,pyrologix,9,21-39,2023,0.0,0.0,1,drone,1,9.489961992702219e-05,4130,0.0046500813764240876,True
GaussianBudget20M_TOPGrowing,Boca_2023-CATNF-000400,20230512,23,pyrologix,7,none,2023,0.0,0.0,-1,undetected,1,9.489961992702219e-05,0,0.0,False
GaussianBudget20M_TOPGrowing,Bolam_2023-CASHF-000752,20230706,2,pyrologix,2,none,2023,0.0,0.0,-1,undetected,1,9.489961992702219e-05,0,0.0,False
GaussianBudget20M_TOPGrowing,Boles_2023-CAMDF-000553,20230817,19,pyrologix,8,none,2023,0.0,0.0,-1,undetected,1,9.489961992702219e-05,0,0.0,False
GaussianBudget20M_TOPGrowing,Bon_2023-CAANF-233675,20231106,0,pyrologix,3,none,2023,0.0,0.0,-1,undetected,1,9.489961992702219e-05,0,0.0,False
GaussianBudget20M_TOPGrowing,Bone_2023-CASHF-001075,20230825,18,pyrologix,3,50-25,2023,0.0,0.0,1,drone,1,9.489961992702219e-05,1745,0.0046500813764240876,True
GaussianBudget20M_TOPGrowing,Bone_2023-CASTF-000896,20230616,19,pyrologix,10,none,2023,0.0,0.0,-1,undetected,1,9.489961992702219e-05,0,0.0,False
GaussianBudget20M_TOPGrowing,Bonetti_2023-CAENF-020947,20230801,0,pyrologix,1,95-57,2023,0.0,0.0,0,drone,1,9.489961992702219e-05,655,0.004460282136570043,True
GaussianBudget20M_TOPGrowing,Bonfire_2023-CAANF-233475,20231016,20,pyrologix,8,none,2023,0.0,0.0,-1,undetected,1,9.489961992702219e-05,0,0.0,False
GaussianBudget20M_TOPGrowing,Bonita_2023-CABDF-006537,20230426,20,pyrologix,7,none,2023,0.0,0.0,-1,undetected,1,9.489961992702219e-05,0,0.0,False
GaussianBudget20M_TOPGrowing,Bordy_2023-CASHF-000559,20230608,21,pyrologix,6,43-25,2023,0.0,0.0,0,drone,1,9.489961992702219e-05,2345,0.0046500813764240876,True
GaussianBudget20M_TOPGrowing,Boulder_2023-CAKNF-006939,20230815,9,pyrologix,9,21-32,2023,0.0,0.0,0,drone,1,9.489961992702219e-05,3770,0.0046500813764240876,True
GaussianBudget20M_TOPGrowing,Boulder_2023-CAPNF-000491,20230614,15,pyrologix,6,67-62,2023,0.0,0.0,0,drone,1,9.489961992702219e-05,2595,0.0046500813764240876,True
GaussianBudget20M_TOPGrowing,Boundary_2023-CAINF-001798,20230930,12,pyrologix,10,none,2023,0.0,0.0,-1,undetected,1,9.489961992702219e-05,0,0.0,False
GaussianBudget20M_TOPGrowing,Bourland_2023-CASTF-001609,20230817,15,pyrologix,2,none,2023,0.0,0.0,-1,undetected,1,9.489961992702219e-05,0,0.0,False
GaussianBudget20M_TOPGrowing,Bowl_2023-CABDF-010494,20230723,14,pyrologix,6,none,2023,0.0,0.0,-1,undetected,1,9.489961992702219e-05,0,0.0,False
GaussianBudget20M_TOPGrowing,Bowman_2023-CATNF-000552,20230601,21,pyrologix,8,81-55,2023,0.0,0.0,1,drone,1,9.489961992702219e-05,3645,0.0046500813764240876,True
GaussianBudget20M_TOPGrowing,Box_2023-CAKNF-007204,20230821,16,pyrologix,4,21-32,2023,0.0,0.0,1,drone,1,9.489961992702219e-05,2115,0.0046500813764240876,True
GaussianBudget20M_TOPGrowing,Branch_2023-CASHU-004916,20230513,21,pyrologix,4,46-32,2023,0.0,0.0,0,drone,1,9.489961992702219e-05,1750,0.0046500813764240876,True
GaussianBudget20M_TOPGrowing,Bridge_2023-CASNF-001041,20230809,10,pyrologix,8,132-64,2023,0.0,0.0,0,drone,1,9.489961992702219e-05,3215,0.0046500813764240876,True
GaussianBudget20M_TOPGrowing,Bridge_2023-CASRF-000653,20230705,3,pyrologix,4,none,2023,0.0,0.0,-1,undetected,1,9.489961992702219e-05,0,0.0,False
GaussianBudget20M_TOPGrowing,Brown_2023-CAKNF-006999,20230816,23,pyrologix,9,none,2023,0.0,0.0,-1,undetected,1,9.489961992702219e-05,0,0.0,False
GaussianBudget20M_TOPGrowing,Browns_2023-CAKNF-007321,20230825,3,pyrologix,4,32-27,2023,0.0,0.0,0,drone,1,9.489961992702219e-05,1850,0.0046500813764240876,True
GaussianBudget20M_TOPGrowing,Brushy_2023-CASHF-000579,20230612,23,pyrologix,1,36-20,2023,0.0,0.0,0,drone,1,9.489961992702219e-05,625,0.0036061855572268433,True
GaussianBudget20M_TOPGrowing,Bryant_2023-CABDF-001218,20230125,0,pyrologix,3,none,2023,0.0,0.0,-1,undetected,1,9.489961992702219e-05,0,0.0,False
GaussianBudget20M_TOPGrowing,Buck_2023-CAKNF-005054,20230624,20,pyrologix,1,none,2023,0.0,0.0,-1,undetected,1,9.489961992702219e-05,0,0.0,False
GaussianBudget20M_TOPGrowing,Buck_2023-CASTF-001902,20230909,18,pyrologix,5,none,2023,0.0,0.0,-1,undetected,1,9.489961992702219e-05,0,0.0,False
GaussianBudget20M_TOPGrowing,Buckeye_2023-CASHF-000895,20230729,19,pyrologix,9,39-36,2023,0.0,0.0,0,drone,1,9.489961992702219e-05,3550,0.0046500813764240876,True
GaussianBudget20M_TOPGrowing,Buckeye_2023-CATNF-000550,20230531,19,pyrologix,8,88-57,2023,0.0,0.0,1,drone,1,9.489961992702219e-05,3645,0.0046500813764240876,True
GaussianBudget20M_TOPGrowing,Bule_2023-CASHF-000872,20230725,14,pyrologix,1,50-25,2023,0.0,0.0,0,drone,1,9.489961992702219e-05,425,0.0014234942989053328,True
GaussianBudget20M_TOPGrowing,Bull_2023-CASNF-001025,20230806,19,pyrologix,7,132-64,2023,0.0,0.0,1,drone,1,9.489961992702219e-05,3310,0.0046500813764240876,True
GaussianBudget20M_TOPGrowing,Bull_2023-CASRF-000796,20230726,18,pyrologix,3,none,2023,0.0,0.0,-1,undetected,1,9.489961992702219e-05,0,0.0,False
GaussianBudget20M_TOPGrowing,Bumblebee_2023-CAKNF-004487,20230608,16,pyrologix,4,21-39,2023,0.0,0.0,0,drone,1,9.489961992702219e-05,1765,0.0046500813764240876,True
GaussianBudget20M_TOPGrowing,Bunny_2023-CASHF-000871,20230725,9,pyrologix,11,none,2023,0.0,0.0,-1,undetected,1,9.489961992702219e-05,0,0.0,False
GaussianBudget20M_TOPGrowing,Burger_2023-CAINF-001346,20230815,12,pyrologix,1,none,2023,0.0,0.0,-1,undetected,1,9.489961992702219e-05,0,0.0,False
GaussianBudget20M_TOPGrowing,Burgson_2023-CASTF-001632,20230818,21,pyrologix,4,none,2023,0.0,0.0,-1,undetected,1,9.489961992702219e-05,0,0.0,False
GaussianBudget20M_TOPGrowing,Burma_2023-CAENF-015601,20230611,20,pyrologix,7,95-57,2023,0.0,0.0,0,drone,1,9.489961992702219e-05,2905,0.0046500813764240876,True
GaussianBudget20M_TOPGrowing,Burner_2023-CASRF-000752,20230719,0,pyrologix,10,43-18,2023,0.0,0.0,1,drone,1,9.489961992702219e-05,4485,0.0046500813764240876,True
GaussianBudget20M_TOPGrowing,Burney_2023-CAKNF-004138,20230529,15,pyrologix,9,21-32,2023,0.0,0.0,0,drone,1,9.489961992702219e-05,3665,0.0046500813764240876,True
GaussianBudget20M_TOPGrowing,Burst_2023-CASTF-001673,20230820,15,pyrologix,9,none,2023,0.0,0.0,-1,undetected,1,9.489961992702219e-05,0,0.0,False
GaussianBudget20M_TOPGrowing,Bush_2023-CACNF-001967,20230729,18,pyrologix,3,none,2023,0.0,0.0,-1,undetected,1,9.489961992702219e-05,0,0.0,False
GaussianBudget20M_TOPGrowing,Buster_2023-CAKNF-009059,20231017,22,pyrologix,1,21-39,2023,0.0,0.0,1,drone,1,9.489961992702219e-05,955,0.004555181756497065,True
GaussianBudget20M_TOPGrowing,Butte_2023-CAMDF-000207,20230601,20,pyrologix,6,none,2023,0.0,0.0,-1,undetected,1,9.489961992702219e-05,0,0.0,False
GaussianBudget20M_TOPGrowing,Butter_2023-CAPNF-000397,20230603,21,pyrologix,4,67-55,2023,0.0,0.0,0,drone,1,9.489961992702219e-05,1565,0.0046500813764240876,True
GaussianBudget20M_TOPGrowing,Calpine_2023-CATNF-000815,20230625,21,pyrologix,6,74-61,2023,0.0,0.0,2,drone,1,9.489961992702219e-05,3215,0.0046500813764240876,True
GaussianBudget20M_TOPGrowing,Camp_2023-CAANF-233354,20231006,20,pyrologix,12,none,2023,0.0,0.0,-1,undetected,1,9.489961992702219e-05,0,0.0,False
GaussianBudget20M_TOPGrowing,Campbell_2023-CASHF-000553,20230607,21,pyrologix,2,none,2023,0.0,0.0,-1,undetected,1,9.489961992702219e-05,0,0.0,False
GaussianBudget20M_TOPGrowing,Cantilles_2023-CAANF-001169,20230511,21,pyrologix,8,none,2023,0.0,0.0,-1,undetected,1,9.489961992702219e-05,0,0.0,False
GaussianBudget20M_TOPGrowing,Canyon_2023-CAKNF-007002,20230816,1,pyrologix,5,none,2023,0.0,0.0,-1,undetected,1,9.489961992702219e-05,0,0.0,False
GaussianBudget20M_TOPGrowing,Cap_2023-CASRF-000281,20230425,21,pyrologix,6,none,2023,0.0,0.0,-1,undetected,1,9.489961992702219e-05,0,0.0,False
GaussianBudget20M_TOPGrowing,Capitan_2023-CAKNF-007203,20230821,13,pyrologix,8,none,2023,0.0,0.0,-1,undetected,1,9.489961992702219e-05,0,0.0,False
GaussianBudget20M_TOPGrowing,Car_2023-CABDF-010788,20230730,19,pyrologix,2,none,2023,0.0,0.0,-1,undetected,1,9.489961992702219e-05,0,0.0,False
GaussianBudget20M_TOPGrowing,Caraway_2023-CASHF-001104,20230828,23,pyrologix,1,none,2023,0.0,0.0,-1,undetected,1,9.489961992702219e-05,0,0.0,False
GaussianBudget20M_TOPGrowing,Caribou_2023-CABDF-010960,20230804,18,pyrologix,5,none,2023,0.0,0.0,-1,undetected,1,9.489961992702219e-05,0,0.0,False
GaussianBudget20M_TOPGrowing,Caribou_2023-CABDU-010728,20230804,20,pyrologix,1,none,2023,0.0,0.0,-1,undetected,1,9.489961992702219e-05,0,0.0,False
GaussianBudget20M_TOPGrowing,Carman_2023-CATNF-000660,20230611,23,pyrologix,3,74-61,2023,0.0,0.0,1,drone,1,9.489961992702219e-05,1730,0.0046500813764240876,True
GaussianBudget20M_TOPGrowing,Carpenter_2023-CAMNF-000448,20230613,20,pyrologix,4,64-23,2023,0.0,0.0,0,drone,1,9.489961992702219e-05,1660,0.0046500813764240876,True
GaussianBudget20M_TOPGrowing,Carson_2023-CAENF-022008,20230811,19,pyrologix,9,none,2023,0.0,0.0,-1,undetected,1,9.489961992702219e-05,0,0.0,False
GaussianBudget20M_TOPGrowing,Castle_2023-CABDF-009613,20230705,8,pyrologix,11,none,2023,0.0,0.0,-1,undetected,1,9.489961992702219e-05,0,0.0,False
GaussianBudget20M_TOPGrowing,Castle_2023-CASHF-000876,20230725,15,pyrologix,11,37-43,2023,0.0,0.0,0,drone,1,9.489961992702219e-05,4520,0.0046500813764240876,True
GaussianBudget20M_TOPGrowing,Cathederal_2023-CATMU-031777,20231120,12,pyrologix,10,none,2023,0.0,0.0,-1,undetected,1,9.489961992702219e-05,0,0.0,False
GaussianBudget20M_TOPGrowing,Cedar_2023-CABDF-009605,20230705,1,pyrologix,9,none,2023,0.0,0.0,-1,undetected,1,9.489961992702219e-05,0,0.0,False
GaussianBudget20M_TOPGrowing,Cedar_2023-CAKNF-004741,20230615,14,pyrologix,10,none,2023,0.0,0.0,-1,undetected,1,9.489961992702219e-05,0,0.0,False
GaussianBudget20M_TOPGrowing,Cedar_2023-CASRF-000964,20230815,23,pyrologix,1,none,2023,0.0,0.0,-1,undetected,1,9.489961992702219e-05,0,0.0,False
GaussianBudget20M_TOPGrowing,Centola_2023-CABDF-008859,20230621,16,pyrologix,8,none,2023,0.0,0.0,-1,undetected,1,9.489961992702219e-05,0,0.0,False
GaussianBudget20M_TOPGrowing,Chain_2023-CASNF-001096,20230816,21,pyrologix,7,none,2023,0.0,0.0,-1,undetected,1,9.489961992702219e-05,0,0.0,False
GaussianBudget20M_TOPGrowing,Chandler_2023-CAPNF-000407,20230605,20,pyrologix,7,67-55,2023,0.0,0.0,0,drone,1,9.489961992702219e-05,2765,0.0046500813764240876,True
GaussianBudget20M_TOPGrowing,Chantry_2023-CAANF-231944,20230702,19,pyrologix,6,none,2023,0.0,0.0,-1,undetected,1,9.489961992702219e-05,0,0.0,False
GaussianBudget20M_TOPGrowing,Cherry_2023-CASTF-001914,20230909,19,pyrologix,7,116-60,2023,0.0,0.0,0,drone,1,9.489961992702219e-05,2900,0.0046500813764240876,True
GaussianBudget20M_TOPGrowing,Chester_2023-CALPF-002951,20231020,22,pyrologix,2,none,2023,0.0,0.0,-1,undetected,1,9.489961992702219e-05,0,0.0,False
GaussianBudget20M_TOPGrowing,Chief_2023-CATNF-001426,20230905,15,pyrologix,5,88-57,2023,0.0,0.0,1,drone,1,9.489961992702219e-05,2355,0.0046500813764240876,True
GaussianBudget20M_TOPGrowing,Chilcoot_2023-CAPNF-001372,20230918,19,pyrologix,9,78-68,2023,0.0,0.0,0,drone,1,9.489961992702219e-05,3705,0.0046500813764240876,True
GaussianBudget20M_TOPGrowing,China_2023-CASHF-001073,20230825,23,pyrologix,8,none,2023,0.0,0.0,-1,undetected,1,9.489961992702219e-05,0,0.0,False
GaussianBudget20M_TOPGrowing,Christy_2023-CALMU-002809,20230606,12,pyrologix,7,60-65,2023,0.0,0.0,0,drone,1,9.489961992702219e-05,2905,0.0046500813764240876,True
GaussianBudget20M_TOPGrowing,Christy_2023-CALNF-002809,20230606,11,pyrologix,10,none,2023,0.0,0.0,-1,undetected,1,9.489961992702219e-05,0,0.0,False
GaussianBudget20M_TOPGrowing,Cienaga_2023-CABDF-012339,20230915,0,pyrologix,2,none,2023,0.0,0.0,-1,undetected,1,9.489961992702219e-05,0,0.0,False
GaussianBudget20M_TOPGrowing,Claim_2023-CASTF-001955,20230910,18,pyrologix,7,116-60,2023,0.0,0.0,1,drone,1,9.489961992702219e-05,3285,0.0046500813764240876,True
GaussianBudget20M_TOPGrowing,Claire_2023-CAKNF-005153,20230626,20,pyrologix,3,32-27,2023,0.0,0.0,0,drone,1,9.489961992702219e-05,1395,0.0046500813764240876,True
GaussianBudget20M_TOPGrowing,Clear_2023-CAKNF-007163,20230820,15,pyrologix,1,none,2023,0.0,0.0,-1,undetected,1,9.489961992702219e-05,0,0.0,False
GaussianBudget20M_TOPGrowing,Clear_2023-CASRF-001065,20230825,20,pyrologix,2,none,2023,0.0,0.0,-1,undetected,1,9.489961992702219e-05,0,0.0,False
GaussianBudget20M_TOPGrowing,Cliff_2023-CASTF-001804,20230902,1,pyrologix,2,109-61,2023,0.0,0.0,0,drone,1,9.489961992702219e-05,885,0.004555181756497065,True
GaussianBudget20M_TOPGrowing,Club_2023-CAANF-233713,20231110,4,pyrologix,5,none,2023,0.0,0.0,-1,undetected,1,9.489961992702219e-05,0,0.0,False
GaussianBudget20M_TOPGrowing,Cobble_2_2023-CAENF-024342,20230903,17,pyrologix,4,none,2023,0.0,0.0,-1,undetected,1,9.489961992702219e-05,0,0.0,False
GaussianBudget20M_TOPGrowing,Cold_2023-CAKNF-004306,20230603,18,pyrologix,6,23-46,2023,0.0,0.0,0,drone,1,9.489961992702219e-05,2410,0.0046500813764240876,True
GaussianBudget20M_TOPGrowing,Cold_2023-CASTF-001924,20230909,19,pyrologix,10,109-61,2023,0.0,0.0,0,drone,1,9.489961992702219e-05,4020,0.0046500813764240876,True
GaussianBudget20M_TOPGrowing,Comet_2023-CASNF-000573,20230618,21,pyrologix,5,125-62,2023,0.0,0.0,0,drone,1,9.489961992702219e-05,2000,0.0046500813764240876,True
GaussianBudget20M_TOPGrowing,Computer_2023-CAANF-001308,20230531,20,pyrologix,10,none,2023,0.0,0.0,-1,undetected,1,9.489961992702219e-05,0,0.0,False
GaussianBudget20M_TOPGrowing,Coon_2023-CASRF-000966,20230815,23,pyrologix,2,none,2023,0.0,0.0,-1,undetected,1,9.489961992702219e-05,0,0.0,False
GaussianBudget20M_TOPGrowing,Copper_2023-CAANF-001241,20230531,23,pyrologix,4,none,2023,0.0,0.0,-1,undetected,1,9.489961992702219e-05,0,0.0,False
GaussianBudget20M_TOPGrowing,Copper_2023-CASRF-001075,20230828,17,pyrologix,4,none,2023,0.0,0.0,-1,undetected,1,9.489961992702219e-05,0,0.0,False
GaussianBudget20M_TOPGrowing,Corners_2023-CASTF-001161,20230709,11,pyrologix,12,none,2023,0.0,0.0,-1,undetected,1,9.489961992702219e-05,0,0.0,False
GaussianBudget20M_TOPGrowing,Corral_2023-CASHF-001024,20230818,19,pyrologix,8,none,2023,0.0,0.0,-1,undetected,1,9.489961992702219e-05,0,0.0,False
GaussianBudget20M_TOPGrowing,Corral_2023-CASRF-000946,20230815,14,pyrologix,4,none,2023,0.0,0.0,-1,undetected,1,9.489961992702219e-05,0,0.0,False
GaussianBudget20M_TOPGrowing,Cosy_2023-CABDF-017722,20231214,22,pyrologix,9,none,2023,0.0,0.0,-1,undetected,1,9.489961992702219e-05,0,0.0,False
GaussianBudget20M_TOPGrowing,Cotton_2023-CASNF-000773,20230711,20,pyrologix,1,none,2023,0.0,0.0,-1,undetected,1,9.489961992702219e-05,0,0.0,False
GaussianBudget20M_TOPGrowing,Cottonwood_2023-CASTF-001925,20230909,22,pyrologix,4,116-60,2023,0.0,0.0,0,drone,1,9.489961992702219e-05,1940,0.0046500813764240876,True
GaussianBudget20M_TOPGrowing,County_2023-CASHU-010642,20230923,16,pyrologix,8,46-32,2023,0.0,0.0,0,drone,1,9.489961992702219e-05,3385,0.0046500813764240876,True
GaussianBudget20M_TOPGrowing,Court_2023-CASNF-001594,20231023,1,pyrologix,2,none,2023,0.0,0.0,-1,undetected,1,9.489961992702219e-05,0,0.0,False
GaussianBudget20M_TOPGrowing,Cove_2023-CAENF-017904,20230703,13,pyrologix,11,95-57,2023,0.0,0.0,2,drone,1,9.489961992702219e-05,5265,0.0046500813764240876,True
GaussianBudget20M_TOPGrowing,Cove_2023-CATNF-001036,20230716,18,pyrologix,5,none,2023,0.0,0.0,-1,undetected,1,9.489961992702219e-05,0,0.0,False
GaussianBudget20M_TOPGrowing,Cow_2023-CAKNF-005188,20230627,15,pyrologix,7,32-27,2023,0.0,0.0,2,drone,1,9.489961992702219e-05,3795,0.0046500813764240876,True
GaussianBudget20M_TOPGrowing,Cow_2023-CASNF-001084,20230814,15,pyrologix,3,none,2023,0.0,0.0,-1,undetected,1,9.489961992702219e-05,0,0.0,False
GaussianBudget20M_TOPGrowing,Cowtrack_2023-CAINF-001075,20230720,22,pyrologix,4,none,2023,0.0,0.0,-1,undetected,1,9.489961992702219e-05,0,0.0,False
GaussianBudget20M_TOPGrowing,Coyote_2023-CABDF-CABDF8838,20230621,12,pyrologix,5,none,2023,0.0,0.0,-1,undetected,1,9.489961992702219e-05,0,0.0,False
GaussianBudget20M_TOPGrowing,Coyote_2023-CAINF-001308,20230813,6,pyrologix,12,none,2023,0.0,0.0,-1,undetected,1,9.489961992702219e-05,0,0.0,False
GaussianBudget20M_TOPGrowing,Crab_2023-CASTF-001456,20230806,19,pyrologix,9,109-61,2023,0.0,0.0,1,drone,1,9.489961992702219e-05,4060,0.0046500813764240876,True
GaussianBudget20M_TOPGrowing,Crater_2023-CALNF-002767,20230604,18,pyrologix,8,none,2023,0.0,0.0,-1,undetected,1,9.489961992702219e-05,0,0.0,False
GaussianBudget20M_TOPGrowing,Creek_2023-CAKNF-003961,20230523,18,pyrologix,5,21-32,2023,0.0,0.0,0,drone,1,9.489961992702219e-05,2080,0.0046500813764240876,True
GaussianBudget20M_TOPGrowing,Creek_2023-CAMDF-000611,20230820,16,pyrologix,4,none,2023,0.0,0.0,-1,undetected,1,9.489961992702219e-05,0,0.0,False
GaussianBudget20M_TOPGrowing,Creek_2023-CASRF-001068,20230826,19,pyrologix,9,none,2023,0.0,0.0,-1,undetected,1,9.489961992702219e-05,0,0.0,False
GaussianBudget20M_TOPGrowing,Crescent_2023-CASTF-001916,20230909,21,pyrologix,3,116-60,2023,0.0,0.0,0,drone,1,9.489961992702219e-05,1345,0.0046500813764240876,True
GaussianBudget20M_TOPGrowing,Crest_2023-CALAC-218192,20230702,2,pyrologix,4,none,2023,0.0,0.0,-1,undetected,1,9.489961992702219e-05,0,0.0,False
GaussianBudget20M_TOPGrowing,Crestview_2023-CAINF-001801,20230930,16,pyrologix,9,none,2023,0.0,0.0,-1,undetected,1,9.489961992702219e-05,0,0.0,False
GaussianBudget20M_TOPGrowing,Cristo_2023-CALAC-236491,20230716,1,pyrologix,11,none,2023,0.0,0.0,-1,undetected,1,9.489961992702219e-05,0,0.0,False
GaussianBudget20M_TOPGrowing,Cromberg_2023-CAPNF-000763,20230720,16,pyrologix,6,74-61,2023,0.0,0.0,1,drone,1,9.489961992702219e-05,2980,0.0046500813764240876,True
GaussianBudget20M_TOPGrowing,Crown_2023-CASNF-000528,20230612,11,pyrologix,11,none,2023,0.0,0.0,-1,undetected,1,9.489961992702219e-05,0,0.0,False
GaussianBudget20M_TOPGrowing,Crystal_2023-CAANF-233839,20231120,17,pyrologix,3,none,2023,0.0,0.0,-1,undetected,1,9.489961992702219e-05,0,0.0,False
GaussianBudget20M_TOPGrowing,Curl_2023-CASHF-000578,20230612,20,pyrologix,1,none,2023,0.0,0.0,-1,undetected,1,9.489961992702219e-05,0,0.0,False
GaussianBudget20M_TOPGrowing,Dairy_2023-CAKNF-004502,20230609,22,pyrologix,5,none,2023,0.0,0.0,-1,undetected,1,9.489961992702219e-05,0,0.0,False
GaussianBudget20M_TOPGrowing,Dark_2023-CAENF-022407,20230816,0,pyrologix,2,none,2023,0.0,0.0,-1,undetected,1,9.489961992702219e-05,0,0.0,False
GaussianBudget20M_TOPGrowing,Davis_2023-CAANF-233978,20231205,11,pyrologix,12,none,2023,0.0,0.0,-1,undetected,1,9.489961992702219e-05,0,0.0,False
GaussianBudget20M_TOPGrowing,Davis_2023-CASNF-000361,20230524,23,pyrologix,2,none,2023,0.0,0.0,-1,undetected,1,9.489961992702219e-05,0,0.0,False
GaussianBudget20M_TOPGrowing,Day_2023-CASHU-008936,20230815,14,pyrologix,8,none,2023,0.0,0.0,-1,undetected,1,9.489961992702219e-05,0,0.0,False
GaussianBudget20M_TOPGrowing,Deacon_2023-CAKNF-008082,20230917,20,pyrologix,11,none,2023,0.0,0.0,-1,undetected,1,9.489961992702219e-05,0,0.0,False
GaussianBudget20M_TOPGrowing,Deadhorse_2023-CALNF-002797,20230606,21,pyrologix,9,59-43,2023,0.0,0.0,0,drone,1,9.489961992702219e-05,3870,0.0046500813764240876,True
GaussianBudget20M_TOPGrowing,Deep_2023-CAMDF-001064,20231105,17,pyrologix,12,none,2023,0.0,0.0,-1,undetected,1,9.489961992702219e-05,0,0.0,False
GaussianBudget20M_TOPGrowing,Deep_2023-CASHF-000973,20230815,9,pyrologix,12,none,2023,0.0,0.0,-1,undetected,1,9.489961992702219e-05,0,0.0,False
GaussianBudget20M_TOPGrowing,Deer_2023-CASHF-001006,20230818,22,pyrologix,9,50-25,2023,0.0,0.0,0,drone,1,9.489961992702219e-05,3570,0.0046500813764240876,True
GaussianBudget20M_TOPGrowing,Deer_2023-CASTF-001613,20230817,16,pyrologix,4,125-62,2023,0.0,0.0,1,drone,1,9.489961992702219e-05,2115,0.0046500813764240876,True
GaussianBudget20M_TOPGrowing,Deerhart_2023-CALMU-004024,20230731,14,pyrologix,11,none,2023,0.0,0.0,-1,undetected,1,9.489961992702219e-05,0,0.0,False
GaussianBudget20M_TOPGrowing,Del_2023-CALAC-238516,20230717,18,pyrologix,5,none,2023,0.0,0.0,-1,undetected,1,9.489961992702219e-05,0,0.0,False
GaussianBudget20M_TOPGrowing,Del_2023-CALAC-370918,20231029,14,pyrologix,11,none,2023,0.0,0.0,-1,undetected,1,9.489961992702219e-05,0,0.0,False
GaussianBudget20M_TOPGrowing,Delta_2023-CABDF-017370,20231207,0,pyrologix,2,none,2023,0.0,0.0,-1,undetected,1,9.489961992702219e-05,0,0.0,False
GaussianBudget20M_TOPGrowing,Democrat_2023-CASQF-001330,20230722,0,pyrologix,2,none,2023,0.0,0.0,-1,undetected,1,9.489961992702219e-05,0,0.0,False
GaussianBudget20M_TOPGrowing,Den_2023-CAKNF-007072,20230818,21,pyrologix,8,21-32,2023,0.0,0.0,0,drone,1,9.489961992702219e-05,3305,0.0046500813764240876,True
GaussianBudget20M_TOPGrowing,Denny_2023-CASRF-000903,20230811,17,pyrologix,8,36-20,2023,0.0,0.0,1,drone,1,9.489961992702219e-05,3835,0.0046500813764240876,True
GaussianBudget20M_TOPGrowing,Devil_2023-CAKNF-007038,20230817,21,pyrologix,7,21-32,2023,0.0,0.0,0,drone,1,9.489961992702219e-05,2865,0.0046500813764240876,True
GaussianBudget20M_TOPGrowing,Dexter_2023-CAINF-001044,20230718,23,pyrologix,8,none,2023,0.0,0.0,-1,undetected,1,9.489961992702219e-05,0,0.0,False
GaussianBudget20M_TOPGrowing,Diamond_2023-CASRF-000945,20230815,13,pyrologix,6,none,2023,0.0,0.0,-1,undetected,1,9.489961992702219e-05,0,0.0,False
GaussianBudget20M_TOPGrowing,Dillon_2023-CAKNF-007348,20230826,0,pyrologix,3,none,2023,0.0,0.0,-1,undetected,1,9.489961992702219e-05,0,0.0,False
GaussianBudget20M_TOPGrowing,Dillon_2023-CASNF-001392,20230909,10,pyrologix,10,132-64,2023,0.0,0.0,1,drone,1,9.489961992702219e-05,4485,0.0046500813764240876,True
GaussianBudget20M_TOPGrowing,Dinkey_2023-CASNF-001040,20230809,23,pyrologix,9,none,2023,0.0,0.0,-1,undetected,1,9.489961992702219e-05,0,0.0,False
GaussianBudget20M_TOPGrowing,Dobyns_2023-CALMU-006017,20231104,19,pyrologix,3,none,2023,0.0,0.0,-1,undetected,1,9.489961992702219e-05,0,0.0,False
GaussianBudget20M_TOPGrowing,Doe_2023-CASRF-000953,20230815,14,pyrologix,9,none,2023,0.0,0.0,-1,undetected,1,9.489961992702219e-05,0,0.0,False
GaussianBudget20M_TOPGrowing,Dog_2023-CASHF-000984,20230815,16,pyrologix,8,39-36,2023,0.0,0.0,0,drone,1,9.489961992702219e-05,3195,0.0046500813764240876,True
GaussianBudget20M_TOPGrowing,Dome_2023-CASTF-001994,20230913,18,pyrologix,4,none,2023,0.0,0.0,-1,undetected,1,9.489961992702219e-05,0,0.0,False
GaussianBudget20M_TOPGrowing,Donica_2023-CALMU-004727,20230902,15,pyrologix,11,none,2023,0.0,0.0,-1,undetected,1,9.489961992702219e-05,0,0.0,False
GaussianBudget20M_TOPGrowing,Donkey_2023-CAKNF-007351,20230826,20,pyrologix,11,none,2023,0.0,0.0,-1,undetected,1,9.489961992702219e-05,0,0.0,False
GaussianBudget20M_TOPGrowing,Doodlebug_2023-CASHF-000686,20230627,12,pyrologix,9,37-43,2023,0.0,0.0,0,drone,1,9.489961992702219e-05,3645,0.0046500813764240876,True
GaussianBudget20M_TOPGrowing,Doolittle_2023-CAKNF-008954,20231014,11,pyrologix,12,none,2023,0.0,0.0,-1,undetected,1,9.489961992702219e-05,0,0.0,False
GaussianBudget20M_TOPGrowing,Double_2023-CASTF-001997,20230913,21,pyrologix,5,none,2023,0.0,0.0,-1,undetected,1,9.489961992702219e-05,0,0.0,False
GaussianBudget20M_TOPGrowing,Doyle_2023-CASQF-001776,20230823,19,pyrologix,12,none,2023,0.0,0.0,-1,undetected,1,9.489961992702219e-05,0,0.0,False
GaussianBudget20M_TOPGrowing,Druey_2023-CAKNF-004252,20230602,22,pyrologix,11,none,2023,0.0,0.0,-1,undetected,1,9.489961992702219e-05,0,0.0,False
GaussianBudget20M_TOPGrowing,Dry_2023-CAANF-002149,20230712,21,pyrologix,12,none,2023,0.0,0.0,-1,undetected,1,9.489961992702219e-05,0,0.0,False
GaussianBudget20M_TOPGrowing,Dry_2023-CAINF-001545,20230831,14,pyrologix,2,none,2023,0.0,0.0,-1,undetected,1,9.489961992702219e-05,0,0.0,False
GaussianBudget20M_TOPGrowing,Dry_2023-CASQF-000835,20230612,13,pyrologix,12,none,2023,0.0,0.0,-1,undetected,1,9.489961992702219e-05,0,0.0,False
GaussianBudget20M_TOPGrowing,Dry_2023-CASTF-001965,20230911,14,pyrologix,4,109-61,2023,0.0,0.0,0,drone,1,9.489961992702219e-05,1625,0.0046500813764240876,True
GaussianBudget20M_TOPGrowing,Duckwall_2023-CASTF-001920,20230909,21,pyrologix,5,116-60,2023,0.0,0.0,0,drone,1,9.489961992702219e-05,2000,0.0046500813764240876,True
GaussianBudget20M_TOPGrowing,Duncan_2023-CASHF-000513,20230530,19,pyrologix,9,50-25,2023,0.0,0.0,0,drone,1,9.489961992702219e-05,3690,0.0046500813764240876,True
GaussianBudget20M_TOPGrowing,Durrwood_2023-CASQF-001669,20230814,15,pyrologix,9,none,2023,0.0,0.0,-1,undetected,1,9.489961992702219e-05,0,0.0,False
GaussianBudget20M_TOPGrowing,Dusty_2023-CAMDF-000234,20230611,17,pyrologix,10,none,2023,0.0,0.0,-1,undetected,1,9.489961992702219e-05,0,0.0,False
GaussianBudget20M_TOPGrowing,Dutch_2023-CAKNF-007003,20230816,23,pyrologix,8,none,2023,0.0,0.0,-1,undetected,1,9.489961992702219e-05,0,0.0,False
GaussianBudget20M_TOPGrowing,E-1_Schoonamaker_2023-CALNF-002969,20230614,1,pyrologix,1,none,2023,0.0,0.0,-1,undetected,1,9.489961992702219e-05,0,0.0,False
GaussianBudget20M_TOPGrowing,E-2_Robbers_2023-CALNF-003013,20230615,17,pyrologix,2,none,2023,0.0,0.0,-1,undetected,1,9.489961992702219e-05,0,0.0,False
GaussianBudget20M_TOPGrowing,Eagle_2023-CABDF-012594,20230923,11,pyrologix,10,none,2023,0.0,0.0,-1,undetected,1,9.489961992702219e-05,0,0.0,False
GaussianBudget20M_TOPGrowing,Earthquake_2023-CAINF-001590,20230903,18,pyrologix,7,none,2023,0.0,0.0,-1,undetected,1,9.489961992702219e-05,0,0.0,False
GaussianBudget20M_TOPGrowing,East_2023-CAKNF-008114,20230917,21,pyrologix,4,none,2023,0.0,0.0,-1,undetected,1,9.489961992702219e-05,0,0.0,False
GaussianBudget20M_TOPGrowing,East_2023-CASHF-000512,20230530,15,pyrologix,9,39-36,2023,0.0,0.0,0,drone,1,9.489961992702219e-05,3890,0.0046500813764240876,True
GaussianBudget20M_TOPGrowing,East_2023-CASNF-001397,20230909,13,pyrologix,12,none,2023,0.0,0.0,-1,undetected,1,9.489961992702219e-05,0,0.0,False
GaussianBudget20M_TOPGrowing,East_2023-CATNF-001781,20231103,19,pyrologix,6,none,2023,0.0,0.0,-1,undetected,1,9.489961992702219e-05,0,0.0,False
GaussianBudget20M_TOPGrowing,Edison_2023-CASNF-001072,20230813,13,pyrologix,9,none,2023,0.0,0.0,-1,undetected,1,9.489961992702219e-05,0,0.0,False
GaussianBudget20M_TOPGrowing,Edison_2023-CASNF-001384,20230907,18,pyrologix,10,none,2023,0.0,0.0,-1,undetected,1,9.489961992702219e-05,0,0.0,False
GaussianBudget20M_TOPGrowing,El_Cariso_2023-CACNF-000870,20230430,17,pyrologix,12,none,2023,0.0,0.0,-1,undetected,1,9.489961992702219e-05,0,0.0,False
GaussianBudget20M_TOPGrowing,Elliot_2023-CAKNF-006944,20230815,11,pyrologix,8,none,2023,0.0,0.0,-1,undetected,1,9.489961992702219e-05,0,0.0,False
GaussianBudget20M_TOPGrowing,Emma_2023-CAANF-233880,20231125,18,pyrologix,2,none,2023,0.0,0.0,-1,undetected,1,9.489961992702219e-05,0,0.0,False
GaussianBudget20M_TOPGrowing,Emma_2023-CALAC-339561,20231004,6,pyrologix,12,none,2023,0.0,0.0,-1,undetected,1,9.489961992702219e-05,0,0.0,False
GaussianBudget20M_TOPGrowing,English_2023-CATNF-001273,20230814,22,pyrologix,4,none,2023,0.0,0.0,-1,undetected,1,9.489961992702219e-05,0,0.0,False
GaussianBudget20M_TOPGrowing,Escondido_2023-CAANF-233956,20231203,23,pyrologix,6,none,2023,0.0,0.0,-1,undetected,1,9.489961992702219e-05,0,0.0,False
GaussianBudget20M_TOPGrowing,Etsel_2023-CAMNF-001222,20230918,22,pyrologix,5,64-23,2023,0.0,0.0,0,drone,1,9.489961992702219e-05,2030,0.0046500813764240876,True
GaussianBudget20M_TOPGrowing,Excelsior_2023-CANEU-016702,20230615,17,pyrologix,3,88-57,2023,0.0,0.0,0,drone,1,9.489961992702219e-05,1300,0.0046500813764240876,True
GaussianBudget20M_TOPGrowing,Exit_2023-CASHF-000333,20230424,5,pyrologix,5,none,2023,0.0,0.0,-1,undetected,1,9.489961992702219e-05,0,0.0,False
GaussianBudget20M_TOPGrowing,Fairview_2023-CASHF-001248,20231006,21,pyrologix,4,39-36,2023,0.0,0.0,1,drone,1,9.489961992702219e-05,2145,0.0046500813764240876,True
GaussianBudget20M_TOPGrowing,Fallen_2023-CATMU-022772,20230819,16,pyrologix,1,none,2023,0.0,0.0,-1,undetected,1,9.489961992702219e-05,0,0.0,False
GaussianBudget20M_TOPGrowing,Falls_2023-CASKU-006095,20230720,23,pyrologix,1,40-50,2023,0.0,0.0,1,drone,1,9.489961992702219e-05,995,0.0046500813764240876,True
GaussianBudget20M_TOPGrowing,Falls_2023-CASTF-001664,20230820,14,pyrologix,5,116-60,2023,0.0,0.0,1,drone,1,9.489961992702219e-05,2545,0.0046500813764240876,True
GaussianBudget20M_TOPGrowing,Fast_2023-CABDF-010513,20230723,16,pyrologix,10,none,2023,0.0,0.0,-1,undetected,1,9.489961992702219e-05,0,0.0,False
GaussianBudget20M_TOPGrowing,Faulkstein_2023-CAKNF-005132,20230626,10,pyrologix,10,21-32,2023,0.0,0.0,0,drone,1,9.489961992702219e-05,3935,0.0046500813764240876,True
GaussianBudget20M_TOPGrowing,Fir_2023-CAINF-002072,20231119,21,pyrologix,5,none,2023,0.0,0.0,-1,undetected,1,9.489961992702219e-05,0,0.0,False
GaussianBudget20M_TOPGrowing,First_2023-CAKNF-004376,20230605,19,pyrologix,2,none,2023,0.0,0.0,-1,undetected,1,9.489961992702219e-05,0,0.0,False
GaussianBudget20M_TOPGrowing,Fish_2023-CAINF-001317,20230813,15,pyrologix,4,none,2023,0.0,0.0,-1,undetected,1,9.489961992702219e-05,0,0.0,False
GaussianBudget20M_TOPGrowing,Fish_2023-CASTF-002295,20231020,21,pyrologix,6,109-61,2023,0.0,0.0,0,drone,1,9.489961992702219e-05,2510,0.0046500813764240876,True
GaussianBudget20M_TOPGrowing,Fisher_2023-CASTF-001961,20230911,22,pyrologix,7,109-61,2023,0.0,0.0,0,drone,1,9.489961992702219e-05,2775,0.0046500813764240876,True
GaussianBudget20M_TOPGrowing,Fishtown_2023-CAMNF-000884,20230820,21,pyrologix,10,64-23,2023,0.0,0.0,0,drone,1,9.489961992702219e-05,4020,0.0046500813764240876,True
GaussianBudget20M_TOPGrowing,Five_2023-CATNF-001031,20230716,9,pyrologix,11,none,2023,0.0,0.0,-1,undetected,1,9.489961992702219e-05,0,0.0,False
GaussianBudget20M_TOPGrowing,Flat_2023-CAANF-002740,20230815,13,pyrologix,12,none,2023,0.0,0.0,-1,undetected,1,9.489961992702219e-05,0,0.0,False
GaussianBudget20M_TOPGrowing,Flat_2023-CAENF-017405,20230630,22,pyrologix,5,88-57,2023,0.0,0.0,2,drone,1,9.489961992702219e-05,2875,0.0046500813764240876,True
GaussianBudget20M_TOPGrowing,Flat_2023-CALPF-002163,20230806,16,pyrologix,5,none,2023,0.0,0.0,-1,undetected,1,9.489961992702219e-05,0,0.0,False
GaussianBudget20M_TOPGrowing,Flat_2023-CAMDF-000050,20230215,10,pyrologix,8,none,2023,0.0,0.0,-1,undetected,1,9.489961992702219e-05,0,0.0,False
GaussianBudget20M_TOPGrowing,Flat_2023-CASHF-000942,20230810,14,pyrologix,9,none,2023,0.0,0.0,-1,undetected,1,9.489961992702219e-05,0,0.0,False
GaussianBudget20M_TOPGrowing,Flat_2023-CASQF-002033,20230917,13,pyrologix,10,none,2023,0.0,0.0,-1,undetected,1,9.489961992702219e-05,0,0.0,False
GaussianBudget20M_TOPGrowing,Flat_2023-CASRF-001064,20230825,17,pyrologix,7,32-27,2023,0.0,0.0,1,drone,1,9.489961992702219e-05,3410,0.0046500813764240876,True
GaussianBudget20M_TOPGrowing,Flat_2023-CASTF-000607,20230517,10,pyrologix,12,109-61,2023,0.0,0.0,1,drone,1,9.489961992702219e-05,5200,0.0046500813764240876,True
GaussianBudget20M_TOPGrowing,Flats_2023-CABDF-008695,20230617,18,pyrologix,5,none,2023,0.0,0.0,-1,undetected,1,9.489961992702219e-05,0,0.0,False
GaussianBudget20M_TOPGrowing,Flats_2023-CABDF-010793,20230730,20,pyrologix,4,none,2023,0.0,0.0,-1,undetected,1,9.489961992702219e-05,0,0.0,False
GaussianBudget20M_TOPGrowing,Fleming_2023-CAENF-021409,20230805,14,pyrologix,9,95-57,2023,0.0,0.0,0,drone,1,9.489961992702219e-05,3715,0.0046500813764240876,True
GaussianBudget20M_TOPGrowing,Flume_2023-CASHF-000703,20230629,16,pyrologix,10,37-43,2023,0.0,0.0,0,drone,1,9.489961992702219e-05,3970,0.0046500813764240876,True
GaussianBudget20M_TOPGrowing,Forest_2023-CATNF-000717,20230616,16,pyrologix,7,88-57,2023,0.0,0.0,0,drone,1,9.489961992702219e-05,2935,0.0046500813764240876,True
GaussianBudget20M_TOPGrowing,Fork_2023-CAANF-001661,20230618,11,pyrologix,10,none,2023,0.0,0.0,-1,undetected,1,9.489961992702219e-05,0,0.0,False
GaussianBudget20M_TOPGrowing,Fork_2023-CASRF-000645,20230705,1,pyrologix,1,36-20,2023,0.0,0.0,0,drone,1,9.489961992702219e-05,745,0.003985784036934932,True
GaussianBudget20M_TOPGrowing,Four_2023-CAKNF-004483,20230608,15,pyrologix,2,none,2023,0.0,0.0,-1,undetected,1,9.489961992702219e-05,0,0.0,False
GaussianBudget20M_TOPGrowing,Francis_2023-CAANF-233122,20230911,21,pyrologix,2,none,2023,0.0,0.0,-1,undetected,1,9.489961992702219e-05,0,0.0,False
GaussianBudget20M_TOPGrowing,Francis_2023-CAENF-022302,20230815,23,pyrologix,5,none,2023,0.0,0.0,-1,undetected,1,9.489961992702219e-05,0,0.0,False
GaussianBudget20M_TOPGrowing,Franklin_2023-CAKNF-005103,20230625,21,pyrologix,4,21-32,2023,0.0,0.0,1,drone,1,9.489961992702219e-05,2175,0.0046500813764240876,True
GaussianBudget20M_TOPGrowing,Franklin_2023-CALAC-23215391,20230630,22,pyrologix,6,none,2023,0.0,0.0,-1,undetected,1,9.489961992702219e-05,0,0.0,False
GaussianBudget20M_TOPGrowing,Franklin_2023-CALPF-001817,20230712,16,pyrologix,7,none,2023,0.0,0.0,-1,undetected,1,9.489961992702219e-05,0,0.0,False
GaussianBudget20M_TOPGrowing,Frazier_2023-CASTF-001658,20230820,8,pyrologix,9,109-61,2023,0.0,0.0,0,drone,1,9.489961992702219e-05,3690,0.0046500813764240876,True
GaussianBudget20M_TOPGrowing,Freeway_2023-CAANF-232754,20230816,16,pyrologix,2,none,2023,0.0,0.0,-1,undetected,1,9.489961992702219e-05,0,0.0,False
GaussianBudget20M_TOPGrowing,Frenchman_2023-CAPNF-000737,20230715,21,pyrologix,4,71-69,2023,0.0,0.0,0,drone,1,9.489961992702219e-05,1695,0.0046500813764240876,True
GaussianBudget20M_TOPGrowing,Friday_2023-CASRF-000890,20230809,16,pyrologix,1,36-20,2023,0.0,0.0,0,drone,1,9.489961992702219e-05,745,0.003985784036934932,True
GaussianBudget20M_TOPGrowing,Friend_2023-CASHF-000702,20230629,20,pyrologix,1,50-18,2023,0.0,0.0,0,drone,1,9.489961992702219e-05,585,0.003985784036934932,True
GaussianBudget20M_TOPGrowing,Frontage_2023-CABDF-007992,20230602,7,pyrologix,5,none,2023,0.0,0.0,-1,undetected,1,9.489961992702219e-05,0,0.0,False
GaussianBudget20M_TOPGrowing,Frying_2023-CAKNF-005107,20230626,21,pyrologix,7,21-32,2023,0.0,0.0,0,drone,1,9.489961992702219e-05,2905,0.0046500813764240876,True
GaussianBudget20M_TOPGrowing,Fuller_2023-CABDF-014299,20231028,11,pyrologix,12,none,2023,0.0,0.0,-1,undetected,1,9.489961992702219e-05,0,0.0,False
GaussianBudget20M_TOPGrowing,Fuller_2023-CATNF-001755,20231029,15,pyrologix,5,none,2023,0.0,0.0,-1,undetected,1,9.489961992702219e-05,0,0.0,False
GaussianBudget20M_TOPGrowing,Gabriel_2023-CAANF-001433,20230529,22,pyrologix,2,none,2023,0.0,0.0,-1,undetected,1,9.489961992702219e-05,0,0.0,False
GaussianBudget20M_TOPGrowing,Gallagher_2023-CAPNF-000851,20230801,18,pyrologix,8,74-61,2023,0.0,0.0,0,drone,1,9.489961992702219e-05,3375,0.0046500813764240876,True
GaussianBudget20M_TOPGrowing,Garden_2023-CAKNF-007331,20230825,13,pyrologix,11,none,2023,0.0,0.0,-1,undetected,1,9.489961992702219e-05,0,0.0,False
GaussianBudget20M_TOPGrowing,Gas_2023-CAANF-001520,20230606,21,pyrologix,2,none,2023,0.0,0.0,-1,undetected,1,9.489961992702219e-05,0,0.0,False
GaussianBudget20M_TOPGrowing,Gerle_2023-CAENF-027748,20231009,12,pyrologix,9,none,2023,0.0,0.0,-1,undetected,1,9.489961992702219e-05,0,0.0,False
GaussianBudget20M_TOPGrowing,Giant_2023-CASQF-001242,20230715,19,pyrologix,2,none,2023,0.0,0.0,-1,undetected,1,9.489961992702219e-05,0,0.0,False
GaussianBudget20M_TOPGrowing,Gibson_2023-CAPNF-000955,20230814,17,pyrologix,11,74-53,2023,0.0,0.0,1,drone,1,9.489961992702219e-05,4790,0.0046500813764240876,True
GaussianBudget20M_TOPGrowing,Gifford_2023-CALPF-001190,20230519,17,pyrologix,9,none,2023,0.0,0.0,-1,undetected,1,9.489961992702219e-05,0,0.0,False
GaussianBudget20M_TOPGrowing,Glass_2023-CAKNF-004674,20230613,15,pyrologix,7,none,2023,0.0,0.0,-1,undetected,1,9.489961992702219e-05,0,0.0,False
GaussianBudget20M_TOPGrowing,Gleason_2023-CAANF-232639,20230809,11,pyrologix,12,none,2023,0.0,0.0,-1,undetected,1,9.489961992702219e-05,0,0.0,False
GaussianBudget20M_TOPGrowing,Gold_2023-CAKNF-007026,20230816,16,pyrologix,5,21-32,2023,0.0,0.0,0,drone,1,9.489961992702219e-05,2010,0.0046500813764240876,True
GaussianBudget20M_TOPGrowing,Gold_2023-CATNF-001290,20230816,22,pyrologix,5,74-61,2023,0.0,0.0,0,drone,1,9.489961992702219e-05,2110,0.0046500813764240876,True
GaussianBudget20M_TOPGrowing,Goldmine_2023-CABDF-009229,20230629,16,pyrologix,10,none,2023,0.0,0.0,-1,undetected,1,9.489961992702219e-05,0,0.0,False
GaussianBudget20M_TOPGrowing,Goodyear_2023-CATNF-001421,20230904,17,pyrologix,11,74-53,2023,0.0,0.0,0,drone,1,9.489961992702219e-05,4425,0.0046500813764240876,True
GaussianBudget20M_TOPGrowing,Grade_2023-CACNF-002944,20231103,18,pyrologix,1,none,2023,0.0,0.0,-1,undetected,1,9.489961992702219e-05,0,0.0,False
GaussianBudget20M_TOPGrowing,Granite_2023-CASNF-000835,20230721,19,pyrologix,12,125-62,2023,0.0,0.0,0,drone,1,9.489961992702219e-05,4950,0.0046500813764240876,True
GaussianBudget20M_TOPGrowing,Granite_2023-CATNF-001270,20230814,20,pyrologix,6,none,2023,0.0,0.0,-1,undetected,1,9.489961992702219e-05,0,0.0,False
GaussianBudget20M_TOPGrowing,Graniteville_2023-CANEU-031058,20231031,10,pyrologix,4,81-55,2023,0.0,0.0,0,drone,1,9.489961992702219e-05,1635,0.0046500813764240876,True
GaussianBudget20M_TOPGrowing,Graniteville_2023-CATNF-001768,20231031,9,pyrologix,8,81-55,2023,0.0,0.0,0,drone,1,9.489961992702219e-05,3185,0.0046500813764240876,True
GaussianBudget20M_TOPGrowing,Grants_2023-CAKNF-008101,20230917,18,pyrologix,1,none,2023,0.0,0.0,-1,undetected,1,9.489961992702219e-05,0,0.0,False
GaussianBudget20M_TOPGrowing,Grass_2023-CAPNF-000660,20230704,18,pyrologix,4,74-53,2023,0.0,0.0,0,drone,1,9.489961992702219e-05,1835,0.0046500813764240876,True
GaussianBudget20M_TOPGrowing,Grasshopper_2023-CASHU-007231,20230706,15,pyrologix,11,40-50,2023,0.0,0.0,0,drone,1,9.489961992702219e-05,4515,0.0046500813764240876,True
GaussianBudget20M_TOPGrowing,Grassy_2023-CASHF-001188,20230916,18,pyrologix,9,43-18,2023,0.0,0.0,0,drone,1,9.489961992702219e-05,3680,0.0046500813764240876,True
GaussianBudget20M_TOPGrowing,Gravel_2023-CAKNF-004491,20230608,18,pyrologix,5,none,2023,0.0,0.0,-1,undetected,1,9.489961992702219e-05,0,0.0,False
GaussianBudget20M_TOPGrowing,Gravel_2023-CAPNF-000970,20230815,16,pyrologix,4,74-53,2023,0.0,0.0,0,drone,1,9.489961992702219e-05,1835,0.0046500813764240876,True
GaussianBudget20M_TOPGrowing,Green_2023-CAANF-002684,20230812,3,pyrologix,1,none,2023,0.0,0.0,-1,undetected,1,9.489961992702219e-05,0,0.0,False
GaussianBudget20M_TOPGrowing,Green_2023-CAPNF-000289,20230521,16,pyrologix,11,67-55,2023,0.0,0.0,0,drone,1,9.489961992702219e-05,4425,0.0046500813764240876,True
GaussianBudget20M_TOPGrowing,Greens_2023-CASHF-000747,20230704,16,pyrologix,1,none,2023,0.0,0.0,-1,undetected,1,9.489961992702219e-05,0,0.0,False
GaussianBudget20M_TOPGrowing,Grey_2023-CASNF-001107,20230817,19,pyrologix,12,none,2023,0.0,0.0,-1,undetected,1,9.489961992702219e-05,0,0.0,False
GaussianBudget20M_TOPGrowing,Grizzly_2023-CAKNF-007144,20230819,18,pyrologix,7,none,2023,0.0,0.0,-1,undetected,1,9.489961992702219e-05,0,0.0,False
GaussianBudget20M_TOPGrowing,Grizzly_2023-CAPNF-000305,20230524,21,pyrologix,6,none,2023,0.0,0.0,-1,undetected,1,9.489961992702219e-05,0,0.0,False
GaussianBudget20M_TOPGrowing,H-10_Burney_2023-CALNF-004363,20230817,15,pyrologix,6,47-49,2023,0.0,0.0,0,drone,1,9.489961992702219e-05,2510,0.0046500813764240876,True
GaussianBudget20M_TOPGrowing,H-11_Cornaz_2023-CALNF-004367,20230817,18,pyrologix,6,47-49,2023,0.0,0.0,0,drone,1,9.489961992702219e-05,2570,0.0046500813764240876,True
GaussianBudget20M_TOPGrowing,H-1_Honn_2023-CALNF-004135,20230805,16,pyrologix,5,47-49,2023,0.0,0.0,0,drone,1,9.489961992702219e-05,2175,0.0046500813764240876,True
GaussianBudget20M_TOPGrowing,H-1_Lava_2023-CALNF-002840,20230607,16,pyrologix,3,none,2023,0.0,0.0,-1,undetected,1,9.489961992702219e-05,0,0.0,False
GaussianBudget20M_TOPGrowing,H-1_Tamarack_2023-CALNF-004314,20230815,15,pyrologix,5,47-49,2023,0.0,0.0,0,drone,1,9.489961992702219e-05,2210,0.0046500813764240876,True
GaussianBudget20M_TOPGrowing,H-2_Freaner_2023-CALNF-004336,20230816,17,pyrologix,11,47-49,2023,0.0,0.0,1,drone,1,9.489961992702219e-05,4985,0.0046500813764240876,True
GaussianBudget20M_TOPGrowing,H-2_Moon_2023-CALNF-003251,20230626,21,pyrologix,9,none,2023,0.0,0.0,-1,undetected,1,9.489961992702219e-05,0,0.0,False
GaussianBudget20M_TOPGrowing,H-3_Bald_2023-CALNF-003252,20230626,22,pyrologix,8,none,2023,0.0,0.0,-1,undetected,1,9.489961992702219e-05,0,0.0,False
GaussianBudget20M_TOPGrowing,H-3_Huckleberry_2023-CALNF-004337,20230816,19,pyrologix,7,none,2023,0.0,0.0,-1,undetected,1,9.489961992702219e-05,0,0.0,False
GaussianBudget20M_TOPGrowing,H-4_Red_Rock_2023-CALNF-004338,20230816,19,pyrologix,7,47-49,2023,0.0,0.0,0,drone,1,9.489961992702219e-05,3020,0.0046500813764240876,True
GaussianBudget20M_TOPGrowing,H-6_Eiler_2023-CALNF-004341,20230816,19,pyrologix,9,47-49,2023,0.0,0.0,0,drone,1,9.489961992702219e-05,3795,0.0046500813764240876,True
GaussianBudget20M_TOPGrowing,H-7_Twin_Buttes_2023-CALNF-004342,20230816,19,pyrologix,8,47-49,2023,0.0,0.0,1,drone,1,9.489961992702219e-05,3900,0.0046500813764240876,True
GaussianBudget20M_TOPGrowing,H-8_Dutch_2023-CALNF-004343,20230816,18,pyrologix,10,47-49,2023,0.0,0.0,0,drone,1,9.489961992702219e-05,4300,0.0046500813764240876,True
GaussianBudget20M_TOPGrowing,H-9_Bunchgrass_2023-CALNF-004347,20230817,22,pyrologix,6,none,2023,0.0,0.0,-1,undetected,1,9.489961992702219e-05,0,0.0,False
GaussianBudget20M_TOPGrowing,Hall_2023-CALNF-005330,20230930,20,pyrologix,3,none,2023,0.0,0.0,-1,undetected,1,9.489961992702219e-05,0,0.0,False
GaussianBudget20M_TOPGrowing,Hallett_2023-CAPNF-000405,20230605,15,pyrologix,11,67-62,2023,0.0,0.0,1,drone,1,9.489961992702219e-05,4810,0.0046500813764240876,True
GaussianBudget20M_TOPGrowing,Hambone_2023-CASHF-000520,20230531,21,pyrologix,4,none,2023,0.0,0.0,-1,undetected,1,9.489961992702219e-05,0,0.0,False
GaussianBudget20M_TOPGrowing,Hancock_2023-CASRF-001016,20230821,12,pyrologix,9,none,2023,0.0,0.0,-1,undetected,1,9.489961992702219e-05,0,0.0,False
GaussianBudget20M_TOPGrowing,Harlem_2023-CAPNF-000598,20230626,8,pyrologix,6,67-55,2023,0.0,0.0,0,drone,1,9.489961992702219e-05,2415,0.0046500813764240876,True
GaussianBudget20M_TOPGrowing,Harrison_2023-CABDF-009856,20230710,23,pyrologix,4,none,2023,0.0,0.0,-1,undetected,1,9.489961992702219e-05,0,0.0,False
GaussianBudget20M_TOPGrowing,Haskins_2023-CAPNF-001029,20230817,18,pyrologix,3,67-55,2023,0.0,0.0,0,drone,1,9.489961992702219e-05,1300,0.0046500813764240876,True
GaussianBudget20M_TOPGrowing,Hawkins_Bar_2023-CASRF-001153,20230914,0,pyrologix,2,36-20,2023,0.0,0.0,1,drone,1,9.489961992702219e-05,1510,0.0046500813764240876,True
GaussianBudget20M_TOPGrowing,Hawley_2023-CATNF-001302,20230817,14,pyrologix,8,74-61,2023,0.0,0.0,0,drone,1,9.489961992702219e-05,3145,0.0046500813764240876,True
GaussianBudget20M_TOPGrowing,Haydon_2023-CASRF-000915,20230813,15,pyrologix,2,36-20,2023,0.0,0.0,2,drone,1,9.489961992702219e-05,1800,0.0046500813764240876,True
GaussianBudget20M_TOPGrowing,Head_2023-CAKNF-006988,20230815,21,pyrologix,4,21-32,2023,0.0,0.0,1,drone,1,9.489961992702219e-05,2175,0.0046500813764240876,True
GaussianBudget20M_TOPGrowing,Heath_2023-CASHF-000576,20230612,13,pyrologix,12,none,2023,0.0,0.0,-1,undetected,1,9.489961992702219e-05,0,0.0,False
GaussianBudget20M_TOPGrowing,Heavenly_2023-CACNF-003041,20231112,22,pyrologix,5,none,2023,0.0,0.0,-1,undetected,1,9.489961992702219e-05,0,0.0,False
GaussianBudget20M_TOPGrowing,Hebron_2023-CAKNF-004493,20230608,21,pyrologix,1,none,2023,0.0,0.0,-1,undetected,1,9.489961992702219e-05,0,0.0,False
GaussianBudget20M_TOPGrowing,Helm_2023-CASNF-001526,20231004,18,pyrologix,8,none,2023,0.0,0.0,-1,undetected,1,9.489961992702219e-05,0,0.0,False
GaussianBudget20M_TOPGrowing,Henness_2023-CATNF-001322,20230819,16,pyrologix,11,none,2023,0.0,0.0,-1,undetected,1,9.489961992702219e-05,0,0.0,False
GaussianBudget20M_TOPGrowing,Hennessy_2023-CASHF-001071,20230825,22,pyrologix,7,36-20,2023,0.0,0.0,0,drone,1,9.489961992702219e-05,2960,0.0046500813764240876,True
GaussianBudget20M_TOPGrowing,Henry_2023-CAKNF-007036,20230816,20,pyrologix,7,32-27,2023,0.0,0.0,1,drone,1,9.489961992702219e-05,3360,0.0046500813764240876,True
GaussianBudget20M_TOPGrowing,Henshaw_2023-CACNF-000773,20230417,13,pyrologix,5,none,2023,0.0,0.0,-1,undetected,1,9.489961992702219e-05,0,0.0,False
GaussianBudget20M_TOPGrowing,Hickey_2023-CAKNF-008080,20230917,20,pyrologix,8,none,2023,0.0,0.0,-1,undetected,1,9.489961992702219e-05,0,0.0,False
GaussianBudget20M_TOPGrowing,Hidden_2023-CACNF-001596,20230704,14,pyrologix,8,none,2023,0.0,0.0,-1,undetected,1,9.489961992702219e-05,0,0.0,False
GaussianBudget20M_TOPGrowing,Highline_2023-CAANF-233907,20231128,23,pyrologix,4,none,2023,0.0,0.0,-1,undetected,1,9.489961992702219e-05,0,0.0,False
GaussianBudget20M_TOPGrowing,Highway_2023-CAANF-001901,20230702,0,pyrologix,1,none,2023,0.0,0.0,-1,undetected,1,9.489961992702219e-05,0,0.0,False
GaussianBudget20M_TOPGrowing,Highway_2023-CAPNF-006276,20231118,22,pyrologix,12,71-69,2023,0.0,0.0,0,drone,1,9.489961992702219e-05,4845,0.0046500813764240876,True
GaussianBudget20M_TOPGrowing,Highway_2023-CATNF-001295,20230816,19,pyrologix,5,81-55,2023,0.0,0.0,0,drone,1,9.489961992702219e-05,2030,0.0046500813764240876,True
GaussianBudget20M_TOPGrowing,Hill_2023-CAMDF-000175,20230520,18,pyrologix,4,none,2023,0.0,0.0,-1,undetected,1,9.489961992702219e-05,0,0.0,False
GaussianBudget20M_TOPGrowing,Hill_2023-CAMDF-000845,20230902,15,pyrologix,11,none,2023,0.0,0.0,-1,undetected,1,9.489961992702219e-05,0,0.0,False
GaussianBudget20M_TOPGrowing,Hill_2023-CATNF-000463,20230520,14,pyrologix,3,none,2023,0.0,0.0,-1,undetected,1,9.489961992702219e-05,0,0.0,False
GaussianBudget20M_TOPGrowing,Hilt_2023-CAKNF-004484,20230608,16,pyrologix,1,21-39,2023,0.0,0.0,1,drone,1,9.489961992702219e-05,955,0.004555181756497065,True
GaussianBudget20M_TOPGrowing,Hoags_2023-CAKNF-005424,20230703,0,pyrologix,12,21-32,2023,0.0,0.0,0,drone,1,9.489961992702219e-05,4940,0.0046500813764240876,True
GaussianBudget20M_TOPGrowing,Hobart_2023-CATNF-000772,20230623,23,pyrologix,6,none,2023,0.0,0.0,-1,undetected,1,9.489961992702219e-05,0,0.0,False
GaussianBudget20M_TOPGrowing,Hobo_2023-CASQF-002441,20231127,1,pyrologix,4,none,2023,0.0,0.0,-1,undetected,1,9.489961992702219e-05,0,0.0,False
GaussianBudget20M_TOPGrowing,Hog_2023-CAKNF-007217,20230822,22,pyrologix,6,32-27,2023,0.0,0.0,0,drone,1,9.489961992702219e-05,2490,0.0046500813764240876,True
GaussianBudget20M_TOPGrowing,Hole_2023-CAMNF-000845,20230815,2,pyrologix,4,64-23,2023,0.0,0.0,0,drone,1,9.489961992702219e-05,1660,0.0046500813764240876,True
GaussianBudget20M_TOPGrowing,Holiday_2023-CALPF-001277,20230526,19,pyrologix,3,none,2023,0.0,0.0,-1,undetected,1,9.489961992702219e-05,0,0.0,False
GaussianBudget20M_TOPGrowing,Holiday_2023-CASHF-000145,20230210,20,pyrologix,9,none,2023,0.0,0.0,-1,undetected,1,9.489961992702219e-05,0,0.0,False
GaussianBudget20M_TOPGrowing,Holiday_2023-CASRF-000952,20230815,13,pyrologix,12,none,2023,0.0,0.0,-1,undetected,1,9.489961992702219e-05,0,0.0,False
GaussianBudget20M_TOPGrowing,Hollow_2023-CASTF-001956,20230910,16,pyrologix,12,109-61,2023,0.0,0.0,0,drone,1,9.489961992702219e-05,4740,0.0046500813764240876,True
GaussianBudget20M_TOPGrowing,Hollow_2023-CATCU-013868,20231019,11,pyrologix,4,116-60,2023,0.0,0.0,0,drone,1,9.489961992702219e-05,1740,0.0046500813764240876,True
GaussianBudget20M_TOPGrowing,Honey_2023-CAPNF-000663,20230705,20,pyrologix,12,none,2023,0.0,0.0,-1,undetected,1,9.489961992702219e-05,0,0.0,False
GaussianBudget20M_TOPGrowing,Hopkins_2023-CAPNF-001008,20230817,19,pyrologix,12,74-61,2023,0.0,0.0,2,drone,1,9.489961992702219e-05,5645,0.0046500813764240876,True
GaussianBudget20M_TOPGrowing,Horse_2023-CAKNF-008106,20230917,14,pyrologix,12,21-32,2023,0.0,0.0,1,drone,1,9.489961992702219e-05,5275,0.0046500813764240876,True
GaussianBudget20M_TOPGrowing,Horse_2023-CAMNF-000385,20230530,15,pyrologix,12,57-19,2023,0.0,0.0,0,drone,1,9.489961992702219e-05,4985,0.0046500813764240876,True
GaussianBudget20M_TOPGrowing,Horse_2023-CAPNF-001410,20230925,22,pyrologix,1,74-53,2023,0.0,0.0,1,drone,1,9.489961992702219e-05,955,0.0046500813764240876,True
GaussianBudget20M_TOPGrowing,Hot_2023-CAINF-001668,20230910,17,pyrologix,2,none,2023,0.0,0.0,-1,undetected,1,9.489961992702219e-05,0,0.0,False
GaussianBudget20M_TOPGrowing,Huckle_2023-CAKNF-008130,20230918,1,pyrologix,4,21-32,2023,0.0,0.0,0,drone,1,9.489961992702219e-05,1580,0.0046500813764240876,True
GaussianBudget20M_TOPGrowing,Huckleberry_2023-CAENF-022291,20230814,20,pyrologix,6,none,2023,0.0,0.0,-1,undetected,1,9.489961992702219e-05,0,0.0,False
GaussianBudget20M_TOPGrowing,Hughes_2023-CALAC-208600,20230624,5,pyrologix,8,none,2023,0.0,0.0,-1,undetected,1,9.489961992702219e-05,0,0.0,False
GaussianBudget20M_TOPGrowing,Hull_2023-CASTF-001546,20230814,22,pyrologix,8,none,2023,0.0,0.0,-1,undetected,1,9.489961992702219e-05,0,0.0,False
GaussianBudget20M_TOPGrowing,Humphrey_2023-CAPNF-000982,20230816,21,pyrologix,7,67-62,2023,0.0,0.0,0,drone,1,9.489961992702219e-05,2885,0.0046500813764240876,True
GaussianBudget20M_TOPGrowing,Hurdy_Gurdy_2023-CASRF-000998,20230818,12,pyrologix,12,none,2023,0.0,0.0,-1,undetected,1,9.489961992702219e-05,0,0.0,False
GaussianBudget20M_TOPGrowing,Hwy_166____Bull_Canyon_Rd_2023-CASLU-011614,20230728,8,pyrologix,1,none,2023,0.0,0.0,-1,undetected,1,9.489961992702219e-05,0,0.0,False
GaussianBudget20M_TOPGrowing,Hy_243____Diamond_Zen_Rd_2023-CARRU-164439,20231106,0,pyrologix,4,none,2023,0.0,0.0,-1,undetected,1,9.489961992702219e-05,0,0.0,False
GaussianBudget20M_TOPGrowing,Hy_74__E__Scenic_Dr_2023-CARRU-004047,20230109,0,pyrologix,2,none,2023,0.0,0.0,-1,undetected,1,9.489961992702219e-05,0,0.0,False
GaussianBudget20M_TOPGrowing,Hyampom_2023-CASHF-000285,20230412,18,pyrologix,11,43-18,2023,0.0,0.0,0,drone,1,9.489961992702219e-05,4380,0.0046500813764240876,True
GaussianBudget20M_TOPGrowing,I_15__N__Hwy_138_2023-CABDU-009650,20230715,18,pyrologix,7,none,2023,0.0,0.0,-1,undetected,1,9.489961992702219e-05,0,0.0,False
GaussianBudget20M_TOPGrowing,I_15__N__Hwy_138_2023-CABDU-012586,20230907,6,pyrologix,7,none,2023,0.0,0.0,-1,undetected,1,9.489961992702219e-05,0,0.0,False
GaussianBudget20M_TOPGrowing,I_15__S__Hwy_138_2023-CABDU-006311,20230513,21,pyrologix,11,none,2023,0.0,0.0,-1,undetected,1,9.489961992702219e-05,0,0.0,False
GaussianBudget20M_TOPGrowing,Ice_2023-CAENF-018816,20230711,15,pyrologix,9,95-57,2023,0.0,0.0,1,drone,1,9.489961992702219e-05,4100,0.0046500813764240876,True
GaussianBudget20M_TOPGrowing,Ice_House_2023-CAENF-011783,20230502,16,pyrologix,2,95-57,2023,0.0,0.0,0,drone,1,9.489961992702219e-05,1050,0.0046500813764240876,True
GaussianBudget20M_TOPGrowing,Icehouse_2023-CAANF-002235,20230717,11,pyrologix,11,none,2023,0.0,0.0,-1,undetected,1,9.489961992702219e-05,0,0.0,False
GaussianBudget20M_TOPGrowing,Indian_2023-CACNF-000210,20230204,12,pyrologix,12,none,2023,0.0,0.0,-1,undetected,1,9.489961992702219e-05,0,0.0,False
GaussianBudget20M_TOPGrowing,Indian_Springs_2023-CATNF-001752,20231028,20,pyrologix,5,88-57,2023,0.0,0.0,0,drone,1,9.489961992702219e-05,2120,0.0046500813764240876,True
GaussianBudget20M_TOPGrowing,Interface_2023-CATCU-006361,20230518,1,pyrologix,8,109-61,2023,0.0,0.0,1,drone,1,9.489961992702219e-05,3690,0.0046500813764240876,True
GaussianBudget20M_TOPGrowing,Intersection_2023-CAKNF-007000,20230816,0,pyrologix,6,none,2023,0.0,0.0,-1,undetected,1,9.489961992702219e-05,0,0.0,False
GaussianBudget20M_TOPGrowing,Iron_2023-CASRF-001003,20230819,13,pyrologix,11,none,2023,0.0,0.0,-1,undetected,1,9.489961992702219e-05,0,0.0,False
GaussianBudget20M_TOPGrowing,Ishi_2023-CALNF-006312,20231119,13,pyrologix,7,59-43,2023,0.0,0.0,0,drone,1,9.489961992702219e-05,3140,0.0046500813764240876,True
GaussianBudget20M_TOPGrowing,Ishi_2023-CATGU-013430,20231119,13,pyrologix,7,59-43,2023,0.0,0.0,0,drone,1,9.489961992702219e-05,3140,0.0046500813764240876,True
GaussianBudget20M_TOPGrowing,Island_2023-CASRF-000991,20230817,19,pyrologix,9,none,2023,0.0,0.0,-1,undetected,1,9.489961992702219e-05,0,0.0,False
GaussianBudget20M_TOPGrowing,Jackson_2023-CAKNF-008621,20231003,18,pyrologix,10,none,2023,0.0,0.0,-1,undetected,1,9.489961992702219e-05,0,0.0,False
GaussianBudget20M_TOPGrowing,Jackson_2023-CAPNF-000523,20230617,2,pyrologix,1,74-61,2023,0.0,0.0,0,drone,1,9.489961992702219e-05,720,0.004555181756497065,True
GaussianBudget20M_TOPGrowing,Jade_2023-CABDF-009601,20230705,3,pyrologix,3,none,2023,0.0,0.0,-1,undetected,1,9.489961992702219e-05,0,0.0,False
GaussianBudget20M_TOPGrowing,Janes_2023-CAMDF-000177,20230522,18,pyrologix,4,none,2023,0.0,0.0,-1,undetected,1,9.489961992702219e-05,0,0.0,False
GaussianBudget20M_TOPGrowing,Japatul_2023-CACNF-000744,20230415,15,pyrologix,11,none,2023,0.0,0.0,-1,undetected,1,9.489961992702219e-05,0,0.0,False
GaussianBudget20M_TOPGrowing,Japatul_2_2023-CACNF-000745,20230415,17,pyrologix,8,none,2023,0.0,0.0,-1,undetected,1,9.489961992702219e-05,0,0.0,False
GaussianBudget20M_TOPGrowing,Jaw_2023-CASTF-000895,20230616,22,pyrologix,5,none,2023,0.0,0.0,-1,undetected,1,9.489961992702219e-05,0,0.0,False
GaussianBudget20M_TOPGrowing,Jedediah_2023-CASRF-001058,20230825,18,pyrologix,2,none,2023,0.0,0.0,-1,undetected,1,9.489961992702219e-05,0,0.0,False
GaussianBudget20M_TOPGrowing,Jess_2023-CAMDF-000181,20230524,20,pyrologix,3,none,2023,0.0,0.0,-1,undetected,1,9.489961992702219e-05,0,0.0,False
GaussianBudget20M_TOPGrowing,Juergens_2023-CACNF-002409,20230831,17,pyrologix,1,none,2023,0.0,0.0,-1,undetected,1,9.489961992702219e-05,0,0.0,False
GaussianBudget20M_TOPGrowing,Juniper_2023-CASTF-001948,20230910,15,pyrologix,6,none,2023,0.0,0.0,-1,undetected,1,9.489961992702219e-05,0,0.0,False
GaussianBudget20M_TOPGrowing,Jupiter_2023-CASTF-000394,20230414,16,pyrologix,10,109-61,2023,0.0,0.0,0,drone,1,9.489961992702219e-05,4060,0.0046500813764240876,True
GaussianBudget20M_TOPGrowing,Jupiters_2023-CASTF-001133,20230706,9,pyrologix,8,109-61,2023,0.0,0.0,0,drone,1,9.489961992702219e-05,3300,0.0046500813764240876,True
GaussianBudget20M_TOPGrowing,Kaiser_2023-CASNF-001715,20231203,22,pyrologix,2,none,2023,0.0,0.0,-1,undetected,1,9.489961992702219e-05,0,0.0,False
GaussianBudget20M_TOPGrowing,Kane_2023-CAMMU-020138,20230909,13,pyrologix,4,132-64,2023,0.0,0.0,0,drone,1,9.489961992702219e-05,1735,0.0046500813764240876,True
GaussianBudget20M_TOPGrowing,Keddie_2023-CAPNF-000274,20230519,23,pyrologix,8,67-55,2023,0.0,0.0,0,drone,1,9.489961992702219e-05,3150,0.0046500813764240876,True
GaussianBudget20M_TOPGrowing,Kelly_2023-CASHF-001205,20230919,1,pyrologix,5,50-25,2023,0.0,0.0,2,drone,1,9.489961992702219e-05,2955,0.0046500813764240876,True
GaussianBudget20M_TOPGrowing,Kelly_2023-CASRF-000939,20230815,10,pyrologix,8,none,2023,0.0,0.0,-1,undetected,1,9.489961992702219e-05,0,0.0,False
GaussianBudget20M_TOPGrowing,Keltz_2023-CASTF-001915,20230909,20,pyrologix,5,116-60,2023,0.0,0.0,0,drone,1,9.489961992702219e-05,2115,0.0046500813764240876,True
GaussianBudget20M_TOPGrowing,Kennedy_2023-CASQF-002149,20231001,12,pyrologix,10,none,2023,0.0,0.0,-1,undetected,1,9.489961992702219e-05,0,0.0,False
GaussianBudget20M_TOPGrowing,Kennedy_2023-CASTF-001780,20230830,13,pyrologix,7,none,2023,0.0,0.0,-1,undetected,1,9.489961992702219e-05,0,0.0,False
GaussianBudget20M_TOPGrowing,Kennedys_2023-CASTF-001947,20230910,18,pyrologix,1,none,2023,0.0,0.0,-1,undetected,1,9.489961992702219e-05,0,0.0,False
GaussianBudget20M_TOPGrowing,Kentucky_2023-CAENF-014019,20230526,19,pyrologix,4,88-57,2023,0.0,0.0,0,drone,1,9.489961992702219e-05,1700,0.0046500813764240876,True
GaussianBudget20M_TOPGrowing,Kerns_2023-CASTF-001934,20230910,12,pyrologix,6,109-61,2023,0.0,0.0,0,drone,1,9.489961992702219e-05,2545,0.0046500813764240876,True
GaussianBudget20M_TOPGrowing,Kilgore_2023-CAMNF-001227,20230918,15,pyrologix,7,64-23,2023,0.0,0.0,0,drone,1,9.489961992702219e-05,2955,0.0046500813764240876,True
GaussianBudget20M_TOPGrowing,King_2023-CASNF-001561,20231014,18,pyrologix,4,none,2023,0.0,0.0,-1,undetected,1,9.489961992702219e-05,0,0.0,False
GaussianBudget20M_TOPGrowing,Kings_2023-CAKNF-007503,20230830,12,pyrologix,11,21-32,2023,0.0,0.0,0,drone,1,9.489961992702219e-05,4500,0.0046500813764240876,True
GaussianBudget20M_TOPGrowing,Kitchen_2023-CASTF-001594,20230816,16,pyrologix,6,109-61,2023,0.0,0.0,0,drone,1,9.489961992702219e-05,2510,0.0046500813764240876,True
GaussianBudget20M_TOPGrowing,Knight_2023-CASTF-001330,20230729,7,pyrologix,5,109-61,2023,0.0,0.0,0,drone,1,9.489961992702219e-05,2230,0.0046500813764240876,True
GaussianBudget20M_TOPGrowing,Knoll_2023-CAINF-001125,20230725,0,pyrologix,1,none,2023,0.0,0.0,-1,undetected,1,9.489961992702219e-05,0,0.0,False
GaussianBudget20M_TOPGrowing,Knownothing_2023-CAKNF-008148,20230918,15,pyrologix,10,32-27,2023,0.0,0.0,0,drone,1,9.489961992702219e-05,4260,0.0046500813764240876,True
GaussianBudget20M_TOPGrowing,Kuntz_2023-CAKNF-005080,20230625,4,pyrologix,2,21-32,2023,0.0,0.0,0,drone,1,9.489961992702219e-05,820,0.004460282136570043,True
GaussianBudget20M_TOPGrowing,Kyburz_2023-CAAEU-025635,20230917,22,pyrologix,11,none,2023,0.0,0.0,-1,undetected,1,9.489961992702219e-05,0,0.0,False
GaussianBudget20M_TOPGrowing,L-1_Branch_Fish_2023-CALNF-004323,20230815,19,pyrologix,8,none,2023,0.0,0.0,-1,undetected,1,9.489961992702219e-05,0,0.0,False
GaussianBudget20M_TOPGrowing,L-1_Pear_2023-CALNF-002954,20230613,18,pyrologix,3,60-50,2023,0.0,0.0,0,drone,1,9.489961992702219e-05,1440,0.0046500813764240876,True
GaussianBudget20M_TOPGrowing,L-2_2023-CALNF-004359,20230817,16,pyrologix,2,60-50,2023,0.0,0.0,0,drone,1,9.489961992702219e-05,970,0.0046500813764240876,True
GaussianBudget20M_TOPGrowing,L-_3_2023-CALNF-004362,20230817,17,pyrologix,2,60-50,2023,0.0,0.0,0,drone,1,9.489961992702219e-05,1005,0.0046500813764240876,True
GaussianBudget20M_TOPGrowing,Lac-184211_2023-CALAC-184211,20230603,18,pyrologix,10,none,2023,0.0,0.0,-1,undetected,1,9.489961992702219e-05,0,0.0,False
GaussianBudget20M_TOPGrowing,Lac-248756_2023-CALAC-248756,20230725,17,pyrologix,10,none,2023,0.0,0.0,-1,undetected,1,9.489961992702219e-05,0,0.0,False
GaussianBudget20M_TOPGrowing,Lac-265965_2023-CALAC-265965,20230807,17,pyrologix,8,none,2023,0.0,0.0,-1,undetected,1,9.489961992702219e-05,0,0.0,False
GaussianBudget20M_TOPGrowing,Lac-270836_2023-CALAC-270836,20230811,15,pyrologix,9,none,2023,0.0,0.0,-1,undetected,1,9.489961992702219e-05,0,0.0,False
GaussianBudget20M_TOPGrowing,Lac-281560_2023-CALAC-281560,20230819,18,pyrologix,8,none,2023,0.0,0.0,-1,undetected,1,9.489961992702219e-05,0,0.0,False
GaussianBudget20M_TOPGrowing,Lac-291928_2023-CALAC-291928,20230827,11,pyrologix,10,none,2023,0.0,0.0,-1,undetected,1,9.489961992702219e-05,0,0.0,False
GaussianBudget20M_TOPGrowing,Lac-308780_2023-CALAC-308780,20230909,12,pyrologix,8,none,2023,0.0,0.0,-1,undetected,1,9.489961992702219e-05,0,0.0,False
GaussianBudget20M_TOPGrowing,Lac-311937_2023-CALAC-311937,20230911,21,pyrologix,2,none,2023,0.0,0.0,-1,undetected,1,9.489961992702219e-05,0,0.0,False
GaussianBudget20M_TOPGrowing,Lac-358687_2023-CALAC-358687,20231019,13,pyrologix,11,none,2023,0.0,0.0,-1,undetected,1,9.489961992702219e-05,0,0.0,False
GaussianBudget20M_TOPGrowing,Laco-_Fred_2023-CAANF-002523,20230802,16,pyrologix,9,none,2023,0.0,0.0,-1,undetected,1,9.489961992702219e-05,0,0.0,False
GaussianBudget20M_TOPGrowing,Lago_2023-CAANF-002338,20230723,6,pyrologix,2,none,2023,0.0,0.0,-1,undetected,1,9.489961992702219e-05,0,0.0,False
GaussianBudget20M_TOPGrowing,Lago_2023-CALAC-198338,20230615,18,pyrologix,8,none,2023,0.0,0.0,-1,undetected,1,9.489961992702219e-05,0,0.0,False
GaussianBudget20M_TOPGrowing,Lago_2023-CALAC-245622,20230723,2,pyrologix,11,none,2023,0.0,0.0,-1,undetected,1,9.489961992702219e-05,0,0.0,False
GaussianBudget20M_TOPGrowing,Lago_Ic_2023-CALAC-197807,20230615,11,pyrologix,2,none,2023,0.0,0.0,-1,undetected,1,9.489961992702219e-05,0,0.0,False
GaussianBudget20M_TOPGrowing,Lake_2023-CAANF-234133,20231222,14,pyrologix,6,none,2023,0.0,0.0,-1,undetected,1,9.489961992702219e-05,0,0.0,False
GaussianBudget20M_TOPGrowing,Lake_2023-CAKNF-006975,20230815,18,pyrologix,4,none,2023,0.0,0.0,-1,undetected,1,9.489961992702219e-05,0,0.0,False
GaussianBudget20M_TOPGrowing,Lake_2023-CALPF-003332,20231204,11,pyrologix,1,none,2023,0.0,0.0,-1,undetected,1,9.489961992702219e-05,0,0.0,False
GaussianBudget20M_TOPGrowing,Lake_2023-CAMDF-000899,20230912,18,pyrologix,2,none,2023,0.0,0.0,-1,undetected,1,9.489961992702219e-05,0,0.0,False
GaussianBudget20M_TOPGrowing,Lake_2023-CASHF-000616,20230618,1,pyrologix,10,none,2023,0.0,0.0,-1,undetected,1,9.489961992702219e-05,0,0.0,False
GaussianBudget20M_TOPGrowing,Lake_2023-CASTF-001343,20230730,15,pyrologix,12,109-61,2023,0.0,0.0,0,drone,1,9.489961992702219e-05,4810,0.0046500813764240876,True
GaussianBudget20M_TOPGrowing,Lamoine_2023-CASHF-000563,20230609,23,pyrologix,10,39-36,2023,0.0,0.0,1,drone,1,9.489961992702219e-05,4485,0.0046500813764240876,True
GaussianBudget20M_TOPGrowing,Landing_2023-CACNF-003033,20231111,12,pyrologix,11,none,2023,0.0,0.0,-1,undetected,1,9.489961992702219e-05,0,0.0,False
GaussianBudget20M_TOPGrowing,Lane_2023-CASQF-001107,20230704,23,pyrologix,10,none,2023,0.0,0.0,-1,undetected,1,9.489961992702219e-05,0,0.0,False
GaussianBudget20M_TOPGrowing,Larch_2023-CALNF-002947,20230613,15,pyrologix,4,none,2023,0.0,0.0,-1,undetected,1,9.489961992702219e-05,0,0.0,False
GaussianBudget20M_TOPGrowing,Lassen_2023-CAMDF-000291,20230627,13,pyrologix,12,none,2023,0.0,0.0,-1,undetected,1,9.489961992702219e-05,0,0.0,False
GaussianBudget20M_TOPGrowing,Lawson_2023-CACNF-003252,20231217,22,pyrologix,4,none,2023,0.0,0.0,-1,undetected,1,9.489961992702219e-05,0,0.0,False
GaussianBudget20M_TOPGrowing,Leaf_2023-CATMU-014379,20230530,15,pyrologix,7,none,2023,0.0,0.0,-1,undetected,1,9.489961992702219e-05,0,0.0,False
GaussianBudget20M_TOPGrowing,Leary_2023-CASRF-000487,20230606,11,pyrologix,10,none,2023,0.0,0.0,-1,undetected,1,9.489961992702219e-05,0,0.0,False
GaussianBudget20M_TOPGrowing,Let_Er-Buck_2023-CASRF-000984,20230817,21,pyrologix,8,none,2023,0.0,0.0,-1,undetected,1,9.489961992702219e-05,0,0.0,False
GaussianBudget20M_TOPGrowing,Lewis_2023-CASTF-001937,20230910,11,pyrologix,11,116-60,2023,0.0,0.0,0,drone,1,9.489961992702219e-05,4375,0.0046500813764240876,True
GaussianBudget20M_TOPGrowing,Light_2023-CAAEU-011735,20230501,18,pyrologix,5,none,2023,0.0,0.0,-1,undetected,1,9.489961992702219e-05,0,0.0,False
GaussianBudget20M_TOPGrowing,Light_2023-CATCU-007305,20230606,20,pyrologix,4,109-61,2023,0.0,0.0,0,drone,1,9.489961992702219e-05,1625,0.0046500813764240876,True
GaussianBudget20M_TOPGrowing,Lily_2023-CASTF-001559,20230814,17,pyrologix,2,none,2023,0.0,0.0,-1,undetected,1,9.489961992702219e-05,0,0.0,False
GaussianBudget20M_TOPGrowing,Lime_2023-CAKNF-005141,20230626,13,pyrologix,12,21-32,2023,0.0,0.0,0,drone,1,9.489961992702219e-05,4775,0.0046500813764240876,True
GaussianBudget20M_TOPGrowing,Lime_2023-CASHF-000503,20230529,17,pyrologix,3,43-25,2023,0.0,0.0,0,drone,1,9.489961992702219e-05,1415,0.0046500813764240876,True
GaussianBudget20M_TOPGrowing,Line_2023-CASNF-001097,20230816,20,pyrologix,11,none,2023,0.0,0.0,-1,undetected,1,9.489961992702219e-05,0,0.0,False
GaussianBudget20M_TOPGrowing,Little_2023-CAKNF-005465,20230704,20,pyrologix,9,21-32,2023,0.0,0.0,1,drone,1,9.489961992702219e-05,4050,0.0046500813764240876,True
GaussianBudget20M_TOPGrowing,Little_2023-CASQF-001707,20230817,15,pyrologix,5,none,2023,0.0,0.0,-1,undetected,1,9.489961992702219e-05,0,0.0,False
GaussianBudget20M_TOPGrowing,Little_2023-CATNF-000567,20230602,15,pyrologix,5,none,2023,0.0,0.0,-1,undetected,1,9.489961992702219e-05,0,0.0,False
GaussianBudget20M_TOPGrowing,Lloyd_2023-CASQF-002068,20230921,17,pyrologix,8,none,2023,0.0,0.0,-1,undetected,1,9.489961992702219e-05,0,0.0,False
GaussianBudget20M_TOPGrowing,Log_Springs_2023-CAMNF-000705,20230731,14,pyrologix,9,64-23,2023,0.0,0.0,0,drone,1,9.489961992702219e-05,3665,0.0046500813764240876,True
GaussianBudget20M_TOPGrowing,Logan_2023-CAMDF-000568,20230818,22,pyrologix,10,none,2023,0.0,0.0,-1,undetected,1,9.489961992702219e-05,0,0.0,False
GaussianBudget20M_TOPGrowing,Logger_2023-CATNF-000608,20230605,22,pyrologix,6,none,2023,0.0,0.0,-1,undetected,1,9.489961992702219e-05,0,0.0,False
GaussianBudget20M_TOPGrowing,Lone_2023-CABDF-009173,20230627,17,pyrologix,12,none,2023,0.0,0.0,-1,undetected,1,9.489961992702219e-05,0,0.0,False
GaussianBudget20M_TOPGrowing,Lone_Pine_2023-CASRF-000931,20230815,3,pyrologix,8,36-20,2023,0.0,0.0,0,drone,1,9.489961992702219e-05,3435,0.0046500813764240876,True
GaussianBudget20M_TOPGrowing,Long_2023-CAENF-025043,20230910,22,pyrologix,2,95-57,2023,0.0,0.0,1,drone,1,9.489961992702219e-05,1370,0.0046500813764240876,True
GaussianBudget20M_TOPGrowing,Long_2023-CASKU-006965,20230815,17,pyrologix,3,none,2023,0.0,0.0,-1,undetected,1,9.489961992702219e-05,0,0.0,False
GaussianBudget20M_TOPGrowing,Loon_2023-CAENF-024211,20230902,10,pyrologix,8,none,2023,0.0,0.0,-1,undetected,1,9.489961992702219e-05,0,0.0,False
GaussianBudget20M_TOPGrowing,Loop_2023-CAPNF-001011,20230817,22,pyrologix,7,67-55,2023,0.0,0.0,0,drone,1,9.489961992702219e-05,2765,0.0046500813764240876,True
GaussianBudget20M_TOPGrowing,Loop_2023-CASRF-000442,20230528,19,pyrologix,9,36-20,2023,0.0,0.0,0,drone,1,9.489961992702219e-05,3895,0.0046500813764240876,True
GaussianBudget20M_TOPGrowing,Lopez_2023-CAANF-002663,20230811,20,pyrologix,9,none,2023,0.0,0.0,-1,undetected,1,9.489961992702219e-05,0,0.0,False
GaussianBudget20M_TOPGrowing,Lost_2023-CAKNF-006299,20230727,21,pyrologix,12,none,2023,0.0,0.0,-1,undetected,1,9.489961992702219e-05,0,0.0,False
GaussianBudget20M_TOPGrowing,Lost_2023-CALNF-002718,20230602,2,pyrologix,10,none,2023,0.0,0.0,-1,undetected,1,9.489961992702219e-05,0,0.0,False
GaussianBudget20M_TOPGrowing,Lower_2023-CASHF-000434,20230515,19,pyrologix,8,43-18,2023,0.0,0.0,0,drone,1,9.489961992702219e-05,3390,0.0046500813764240876,True
GaussianBudget20M_TOPGrowing,Lower_2023-CASRF-000951,20230815,15,pyrologix,6,none,2023,0.0,0.0,-1,undetected,1,9.489961992702219e-05,0,0.0,False
GaussianBudget20M_TOPGrowing,Lucky_2023-CASQF-001260,20230716,21,pyrologix,1,169-77,2023,0.0,0.0,0,drone,1,9.489961992702219e-05,425,0.003511285937299821,True
GaussianBudget20M_TOPGrowing,Lundy_2023-CAINF-001327,20230813,19,pyrologix,4,none,2023,0.0,0.0,-1,undetected,1,9.489961992702219e-05,0,0.0,False
GaussianBudget20M_TOPGrowing,Lupine_2023-CAANF-233080,20230908,19,pyrologix,6,none,2023,0.0,0.0,-1,undetected,1,9.489961992702219e-05,0,0.0,False
GaussianBudget20M_TOPGrowing,Luther_2023-CATMU-018015,20230704,13,pyrologix,11,none,2023,0.0,0.0,-1,undetected,1,9.489961992702219e-05,0,0.0,False
GaussianBudget20M_TOPGrowing,Lyon_2023-CASTF-001968,20230911,12,pyrologix,8,116-60,2023,0.0,0.0,0,drone,1,9.489961992702219e-05,3285,0.0046500813764240876,True
GaussianBudget20M_TOPGrowing,Lytle_2023-CABDF-007484,20230521,15,pyrologix,4,none,2023,0.0,0.0,-1,undetected,1,9.489961992702219e-05,0,0.0,False
GaussianBudget20M_TOPGrowing,Mabie_2023-CAPNF-000641,20230702,19,pyrologix,10,74-61,2023,0.0,0.0,1,drone,1,9.489961992702219e-05,4345,0.0046500813764240876,True
GaussianBudget20M_TOPGrowing,Maggie_2023-CASQF-001689,20230816,11,pyrologix,8,none,2023,0.0,0.0,-1,undetected,1,9.489961992702219e-05,0,0.0,False
GaussianBudget20M_TOPGrowing,Maidens_2023-CAENF-018974,20230712,15,pyrologix,12,none,2023,0.0,0.0,-1,undetected,1,9.489961992702219e-05,0,0.0,False
GaussianBudget20M_TOPGrowing,Malone_2023-CAKNF-006982,20230815,19,pyrologix,5,none,2023,0.0,0.0,-1,undetected,1,9.489961992702219e-05,0,0.0,False
GaussianBudget20M_TOPGrowing,Mammoth_2023-CAINF-000699,20230611,21,pyrologix,2,none,2023,0.0,0.0,-1,undetected,1,9.489961992702219e-05,0,0.0,False
GaussianBudget20M_TOPGrowing,Mapes_2023-CAPNF-001376,20230919,20,pyrologix,10,none,2023,0.0,0.0,-1,undetected,1,9.489961992702219e-05,0,0.0,False
GaussianBudget20M_TOPGrowing,Maple_2023-CAKNF-007045,20230817,22,pyrologix,11,21-32,2023,0.0,0.0,1,drone,1,9.489961992702219e-05,4840,0.0046500813764240876,True
GaussianBudget20M_TOPGrowing,Maple_2023-CAORC-051391,20230416,11,pyrologix,4,none,2023,0.0,0.0,-1,undetected,1,9.489961992702219e-05,0,0.0,False
GaussianBudget20M_TOPGrowing,Marble_2023-CAKNF-005350,20230701,12,pyrologix,12,21-32,2023,0.0,0.0,1,drone,1,9.489961992702219e-05,5275,0.0046500813764240876,True
GaussianBudget20M_TOPGrowing,Marigold_2023-CASRF-000448,20230529,20,pyrologix,5,36-20,2023,0.0,0.0,0,drone,1,9.489961992702219e-05,2075,0.0046500813764240876,True
GaussianBudget20M_TOPGrowing,Mariposa_2023-CABDF-009985,20230712,16,pyrologix,7,none,2023,0.0,0.0,-1,undetected,1,9.489961992702219e-05,0,0.0,False
GaussianBudget20M_TOPGrowing,Marlow_2023-CASRF-000962,20230815,20,pyrologix,3,none,2023,0.0,0.0,-1,undetected,1,9.489961992702219e-05,0,0.0,False
GaussianBudget20M_TOPGrowing,Mather_2023-CASTF-001309,20230726,15,pyrologix,7,none,2023,0.0,0.0,-1,undetected,1,9.489961992702219e-05,0,0.0,False
GaussianBudget20M_TOPGrowing,May_Valley_Truck_Trl___Saunders_Meadow_Rd_2023-CARRU-109884,20230727,20,pyrologix,6,none,2023,0.0,0.0,-1,undetected,1,9.489961992702219e-05,0,0.0,False
GaussianBudget20M_TOPGrowing,Mcadams_2023-CASKU-005077,20230625,1,pyrologix,7,21-39,2023,0.0,0.0,0,drone,1,9.489961992702219e-05,3025,0.0046500813764240876,True
GaussianBudget20M_TOPGrowing,Mccardle_2023-CASHF-001286,20231019,15,pyrologix,5,39-36,2023,0.0,0.0,0,drone,1,9.489961992702219e-05,2045,0.0046500813764240876,True
GaussianBudget20M_TOPGrowing,Mccarthy_2023-CAKNF-007323,20230825,3,pyrologix,8,21-32,2023,0.0,0.0,0,drone,1,9.489961992702219e-05,3140,0.0046500813764240876,True
GaussianBudget20M_TOPGrowing,Meadow_2023-CAKNF-008108,20230917,14,pyrologix,12,none,2023,0.0,0.0,-1,undetected,1,9.489961992702219e-05,0,0.0,False
GaussianBudget20M_TOPGrowing,Meadow_2023-CASQF-000722,20230530,20,pyrologix,9,none,2023,0.0,0.0,-1,undetected,1,9.489961992702219e-05,0,0.0,False
GaussianBudget20M_TOPGrowing,Meadow_2023-CASTF-001992,20230913,19,pyrologix,1,none,2023,0.0,0.0,-1,undetected,1,9.489961992702219e-05,0,0.0,False
GaussianBudget20M_TOPGrowing,Meadow_2023-CATNF-001277,20230815,22,pyrologix,8,none,2023,0.0,0.0,-1,undetected,1,9.489961992702219e-05,0,0.0,False
GaussianBudget20M_TOPGrowing,Medicine_2023-CASHF-000507,20230530,12,pyrologix,12,none,2023,0.0,0.0,-1,undetected,1,9.489961992702219e-05,0,0.0,False
GaussianBudget20M_TOPGrowing,Merrill_2023-CASRF-001060,20230825,16,pyrologix,6,none,2023,0.0,0.0,-1,undetected,1,9.489961992702219e-05,0,0.0,False
GaussianBudget20M_TOPGrowing,Mesa_2023-CAANF-002456,20230729,20,pyrologix,2,none,2023,0.0,0.0,-1,undetected,1,9.489961992702219e-05,0,0.0,False
GaussianBudget20M_TOPGrowing,Mescal_2023-CAANF-000005,20230603,20,pyrologix,5,none,2023,0.0,0.0,-1,undetected,1,9.489961992702219e-05,0,0.0,False
GaussianBudget20M_TOPGrowing,Miami_2023-CASNF-000751,20230708,18,pyrologix,8,132-64,2023,0.0,0.0,0,drone,1,9.489961992702219e-05,3215,0.0046500813764240876,True
GaussianBudget20M_TOPGrowing,Middle_2023-CAENF-022871,20230820,5,pyrologix,2,none,2023,0.0,0.0,-1,undetected,1,9.489961992702219e-05,0,0.0,False
GaussianBudget20M_TOPGrowing,Middle_2023-CAKNF-003614,20230511,21,pyrologix,3,21-32,2023,0.0,0.0,0,drone,1,9.489961992702219e-05,1435,0.0046500813764240876,True
GaussianBudget20M_TOPGrowing,Middle_2023-CAKNF-005149,20230626,18,pyrologix,5,21-32,2023,0.0,0.0,0,drone,1,9.489961992702219e-05,1945,0.0046500813764240876,True
GaussianBudget20M_TOPGrowing,Mill_2023-CAMDF-000557,20230817,19,pyrologix,8,none,2023,0.0,0.0,-1,undetected,1,9.489961992702219e-05,0,0.0,False
GaussianBudget20M_TOPGrowing,Mill_2023-CATNF-000346,20230428,23,pyrologix,5,81-55,2023,0.0,0.0,1,drone,1,9.489961992702219e-05,2400,0.0046500813764240876,True
GaussianBudget20M_TOPGrowing,Millard_2023-CAANF-002424,20230728,22,pyrologix,5,none,2023,0.0,0.0,-1,undetected,1,9.489961992702219e-05,0,0.0,False
GaussianBudget20M_TOPGrowing,Minaret_2023-CAINF-001323,20230813,18,pyrologix,4,none,2023,0.0,0.0,-1,undetected,1,9.489961992702219e-05,0,0.0,False
GaussianBudget20M_TOPGrowing,Mine_2023-CASNF-001080,20230814,19,pyrologix,12,none,2023,0.0,0.0,-1,undetected,1,9.489961992702219e-05,0,0.0,False
GaussianBudget20M_TOPGrowing,Miracle_2023-CASQF-002238,20231016,12,pyrologix,12,none,2023,0.0,0.0,-1,undetected,1,9.489961992702219e-05,0,0.0,False
GaussianBudget20M_TOPGrowing,Mm_11_2023-CASRF-001112,20230905,13,pyrologix,9,none,2023,0.0,0.0,-1,undetected,1,9.489961992702219e-05,0,0.0,False
GaussianBudget20M_TOPGrowing,Modjeska_2023-CACNF-001650,20230708,5,pyrologix,3,none,2023,0.0,0.0,-1,undetected,1,9.489961992702219e-05,0,0.0,False
GaussianBudget20M_TOPGrowing,Mohawk_2023-CAPNF-001356,20230916,22,pyrologix,3,74-61,2023,0.0,0.0,0,drone,1,9.489961992702219e-05,1270,0.0046500813764240876,True
GaussianBudget20M_TOPGrowing,Money_2023-CATNF-000631,20230607,17,pyrologix,10,78-68,2023,0.0,0.0,0,drone,1,9.489961992702219e-05,4130,0.0046500813764240876,True
GaussianBudget20M_TOPGrowing,Monte_2023-CASRF-000486,20230606,1,pyrologix,5,none,2023,0.0,0.0,-1,undetected,1,9.489961992702219e-05,0,0.0,False
GaussianBudget20M_TOPGrowing,Monument_2023-CASRF-001061,20230825,16,pyrologix,7,none,2023,0.0,0.0,-1,undetected,1,9.489961992702219e-05,0,0.0,False
GaussianBudget20M_TOPGrowing,Moon_2023-CABDF-013605,20231020,15,pyrologix,7,none,2023,0.0,0.0,-1,undetected,1,9.489961992702219e-05,0,0.0,False
GaussianBudget20M_TOPGrowing,Moon_2023-CALPF-002846,20231008,22,pyrologix,6,none,2023,0.0,0.0,-1,undetected,1,9.489961992702219e-05,0,0.0,False
GaussianBudget20M_TOPGrowing,Moonshine_2023-CATNF-001344,20230822,12,pyrologix,9,none,2023,0.0,0.0,-1,undetected,1,9.489961992702219e-05,0,0.0,False
GaussianBudget20M_TOPGrowing,Mormon_2023-CAAEU-030167,20231102,8,pyrologix,10,95-57,2023,0.0,0.0,0,drone,1,9.489961992702219e-05,4140,0.0046500813764240876,True
GaussianBudget20M_TOPGrowing,Morris_2023-CARRU-108804,20230725,19,pyrologix,7,none,2023,0.0,0.0,-1,undetected,1,9.489961992702219e-05,0,0.0,False
GaussianBudget20M_TOPGrowing,Morris_2023-CASHF-000693,20230628,23,pyrologix,9,none,2023,0.0,0.0,-1,undetected,1,9.489961992702219e-05,0,0.0,False
GaussianBudget20M_TOPGrowing,Mosquito_2023-CASRF-000954,20230815,15,pyrologix,8,none,2023,0.0,0.0,-1,undetected,1,9.489961992702219e-05,0,0.0,False
GaussianBudget20M_TOPGrowing,Motel_2023-CASRF-000534,20230614,21,pyrologix,4,36-20,2023,0.0,0.0,0,drone,1,9.489961992702219e-05,1665,0.0046500813764240876,True
GaussianBudget20M_TOPGrowing,Mowery_2023-CASQF-001709,20230817,14,pyrologix,8,none,2023,0.0,0.0,-1,undetected,1,9.489961992702219e-05,0,0.0,False
GaussianBudget20M_TOPGrowing,Mowitz_2023-CAMDF-000195,20230528,20,pyrologix,11,none,2023,0.0,0.0,-1,undetected,1,9.489961992702219e-05,0,0.0,False
GaussianBudget20M_TOPGrowing,Mud_2023-CASKU-005511,20230705,1,pyrologix,3,37-43,2023,0.0,0.0,0,drone,1,9.489961992702219e-05,1335,0.0046500813764240876,True
GaussianBudget20M_TOPGrowing,Muddy_2023-CASHF-000533,20230604,20,pyrologix,9,none,2023,0.0,0.0,-1,undetected,1,9.489961992702219e-05,0,0.0,False
GaussianBudget20M_TOPGrowing,Mule_2023-CAKNF-005906,20230714,14,pyrologix,9,32-27,2023,0.0,0.0,0,drone,1,9.489961992702219e-05,3695,0.0046500813764240876,True
GaussianBudget20M_TOPGrowing,Mule_2023-CASHF-000721,20230702,10,pyrologix,4,none,2023,0.0,0.0,-1,undetected,1,9.489961992702219e-05,0,0.0,False
GaussianBudget20M_TOPGrowing,Mule_2023-CASNF-000526,20230612,10,pyrologix,12,none,2023,0.0,0.0,-1,undetected,1,9.489961992702219e-05,0,0.0,False
GaussianBudget20M_TOPGrowing,Mule_2023-CASRF-001102,20230902,17,pyrologix,11,50-18,2023,0.0,0.0,0,drone,1,9.489961992702219e-05,4400,0.0046500813764240876,True
GaussianBudget20M_TOPGrowing,Murken_2023-CALNF-002618,20230528,14,pyrologix,3,none,2023,0.0,0.0,-1,undetected,1,9.489961992702219e-05,0,0.0,False
GaussianBudget20M_TOPGrowing,Nelder_2023-CASNF-000606,20230625,22,pyrologix,1,132-64,2023,0.0,0.0,0,drone,1,9.489961992702219e-05,520,0.003985784036934932,True
GaussianBudget20M_TOPGrowing,Nelson_2023-CASHU-009073,20230818,2,pyrologix,1,50-25,2023,0.0,0.0,0,drone,1,9.489961992702219e-05,580,0.003226587077518755,True
GaussianBudget20M_TOPGrowing,Niagra_2023-CASTF-001580,20230815,20,pyrologix,6,none,2023,0.0,0.0,-1,undetected,1,9.489961992702219e-05,0,0.0,False
GaussianBudget20M_TOPGrowing,No_Bluff_2023-CASRF-001080,20230829,8,pyrologix,1,none,2023,0.0,0.0,-1,undetected,1,9.489961992702219e-05,0,0.0,False
GaussianBudget20M_TOPGrowing,Nob_2023-CABDF-006515,20230426,15,pyrologix,5,none,2023,0.0,0.0,-1,undetected,1,9.489961992702219e-05,0,0.0,False
GaussianBudget20M_TOPGrowing,North_2023-CAENF-020219,20230724,16,pyrologix,12,102-57,2023,0.0,0.0,2,drone,1,9.489961992702219e-05,5660,0.0046500813764240876,True
GaussianBudget20M_TOPGrowing,North_2023-CAPNF-000241,20230511,22,pyrologix,2,67-62,2023,0.0,0.0,1,drone,1,9.489961992702219e-05,1370,0.0046500813764240876,True
GaussianBudget20M_TOPGrowing,North_2023-CASQF-000844,20230613,15,pyrologix,2,none,2023,0.0,0.0,-1,undetected,1,9.489961992702219e-05,0,0.0,False
GaussianBudget20M_TOPGrowing,North_2023-CASTF-001273,20230721,19,pyrologix,12,109-61,2023,0.0,0.0,0,drone,1,9.489961992702219e-05,4810,0.0046500813764240876,True
GaussianBudget20M_TOPGrowing,Oak_2023-CAANF-233764,20231113,0,pyrologix,6,none,2023,0.0,0.0,-1,undetected,1,9.489961992702219e-05,0,0.0,False
GaussianBudget20M_TOPGrowing,Oak_2023-CALAC-388954,20231113,2,pyrologix,3,none,2023,0.0,0.0,-1,undetected,1,9.489961992702219e-05,0,0.0,False
GaussianBudget20M_TOPGrowing,Oak_2023-CATNF-000705,20230615,19,pyrologix,1,81-55,2023,0.0,0.0,0,drone,1,9.489961992702219e-05,675,0.004460282136570043,True
GaussianBudget20M_TOPGrowing,Oaks_2023-CAPNF-000198,20230430,21,pyrologix,2,67-55,2023,0.0,0.0,0,drone,1,9.489961992702219e-05,940,0.0046500813764240876,True
GaussianBudget20M_TOPGrowing,Obelisk_2023-CASNF-001093,20230815,18,pyrologix,9,none,2023,0.0,0.0,-1,undetected,1,9.489961992702219e-05,0,0.0,False
GaussianBudget20M_TOPGrowing,Old_Mill_2023-CANEU-016843,20230616,16,pyrologix,12,81-55,2023,0.0,0.0,0,drone,1,9.489961992702219e-05,4950,0.0046500813764240876,True
GaussianBudget20M_TOPGrowing,Old_State_2023-CAKNF-002771,20230411,16,pyrologix,5,none,2023,0.0,0.0,-1,undetected,1,9.489961992702219e-05,0,0.0,False
GaussianBudget20M_TOPGrowing,Olympic_2023-CATNF-001309,20230818,17,pyrologix,10,none,2023,0.0,0.0,-1,undetected,1,9.489961992702219e-05,0,0.0,False
GaussianBudget20M_TOPGrowing,Omega_2023-CATNF-001276,20230815,19,pyrologix,12,81-55,2023,0.0,0.0,1,drone,1,9.489961992702219e-05,5165,0.0046500813764240876,True
GaussianBudget20M_TOPGrowing,Oneil_2023-CATCU-006373,20230518,12,pyrologix,6,109-61,2023,0.0,0.0,0,drone,1,9.489961992702219e-05,2510,0.0046500813764240876,True
GaussianBudget20M_TOPGrowing,Oregon_2023-CAPNF-001591,20231116,11,pyrologix,11,none,2023,0.0,0.0,-1,undetected,1,9.489961992702219e-05,0,0.0,False
GaussianBudget20M_TOPGrowing,Oro_2023-CAANF-232959,20230831,17,pyrologix,12,none,2023,0.0,0.0,-1,undetected,1,9.489961992702219e-05,0,0.0,False
GaussianBudget20M_TOPGrowing,Orr_2023-CAKNF-010545,20231130,15,pyrologix,12,none,2023,0.0,0.0,-1,undetected,1,9.489961992702219e-05,0,0.0,False
GaussianBudget20M_TOPGrowing,Otter_2023-CAENF-031294,20231115,23,pyrologix,3,95-57,2023,0.0,0.0,1,drone,1,9.489961992702219e-05,1755,0.0046500813764240876,True
GaussianBudget20M_TOPGrowing,Pack_2023-CASTF-001531,20230813,12,pyrologix,5,109-61,2023,0.0,0.0,1,drone,1,9.489961992702219e-05,2510,0.0046500813764240876,True
GaussianBudget20M_TOPGrowing,Packsaddle_2023-CAENF-022083,20230812,14,pyrologix,11,none,2023,0.0,0.0,-1,undetected,1,9.489961992702219e-05,0,0.0,False
GaussianBudget20M_TOPGrowing,Paddle_2023-CASTF-001214,20230715,23,pyrologix,5,116-60,2023,0.0,0.0,0,drone,1,9.489961992702219e-05,2115,0.0046500813764240876,True
GaussianBudget20M_TOPGrowing,Palisades_2023-CATNF-001160,20230802,13,pyrologix,5,none,2023,0.0,0.0,-1,undetected,1,9.489961992702219e-05,0,0.0,False
GaussianBudget20M_TOPGrowing,Palmetto_2023-CALNF-005592,20231014,23,pyrologix,7,none,2023,0.0,0.0,-1,undetected,1,9.489961992702219e-05,0,0.0,False
GaussianBudget20M_TOPGrowing,Pamo_2023-CACNF-000052,20230106,22,pyrologix,1,none,2023,0.0,0.0,-1,undetected,1,9.489961992702219e-05,0,0.0,False
GaussianBudget20M_TOPGrowing,Pan_2023-CAKNF-005138,20230626,17,pyrologix,2,21-32,2023,0.0,0.0,0,drone,1,9.489961992702219e-05,940,0.004555181756497065,True
GaussianBudget20M_TOPGrowing,Paradise_2023-CALPF-002936,20231019,2,pyrologix,9,none,2023,0.0,0.0,-1,undetected,1,9.489961992702219e-05,0,0.0,False
GaussianBudget20M_TOPGrowing,Pardo_2023-CAENF-022801,20230819,17,pyrologix,6,none,2023,0.0,0.0,-1,undetected,1,9.489961992702219e-05,0,0.0,False
GaussianBudget20M_TOPGrowing,Park_2023-CAPNF-001542,20231028,20,pyrologix,6,74-61,2023,0.0,0.0,1,drone,1,9.489961992702219e-05,2765,0.0046500813764240876,True
GaussianBudget20M_TOPGrowing,Parkhill_2023-CALPF-002453,20230827,16,pyrologix,7,none,2023,0.0,0.0,-1,undetected,1,9.489961992702219e-05,0,0.0,False
GaussianBudget20M_TOPGrowing,Pasqual_2023-CACNF-000871,20230430,20,pyrologix,6,none,2023,0.0,0.0,-1,undetected,1,9.489961992702219e-05,0,0.0,False
GaussianBudget20M_TOPGrowing,Patrick_2023-CASRF-000620,20230701,22,pyrologix,2,none,2023,0.0,0.0,-1,undetected,1,9.489961992702219e-05,0,0.0,False
GaussianBudget20M_TOPGrowing,Paxton_2023-CAANF-002066,20230707,5,pyrologix,5,none,2023,0.0,0.0,-1,undetected,1,9.489961992702219e-05,0,0.0,False
GaussianBudget20M_TOPGrowing,Paymaster_2023-CAENF-024531,20230905,12,pyrologix,12,88-57,2023,0.0,0.0,1,drone,1,9.489961992702219e-05,5175,0.0046500813764240876,True
GaussianBudget20M_TOPGrowing,Peak_2023-CACNF-003034,20231111,13,pyrologix,10,none,2023,0.0,0.0,-1,undetected,1,9.489961992702219e-05,0,0.0,False
GaussianBudget20M_TOPGrowing,Peak_2023-CASNF-001285,20230901,22,pyrologix,3,none,2023,0.0,0.0,-1,undetected,1,9.489961992702219e-05,0,0.0,False
GaussianBudget20M_TOPGrowing,Peak_2023-CASTF-001971,20230911,12,pyrologix,10,none,2023,0.0,0.0,-1,undetected,1,9.489961992702219e-05,0,0.0,False
GaussianBudget20M_TOPGrowing,Pearch_2023-CASRF-000983,20230817,20,pyrologix,11,32-27,2023,0.0,0.0,0,drone,1,9.489961992702219e-05,4580,0.0046500813764240876,True
GaussianBudget20M_TOPGrowing,Pebble_2023-CAMNF-000858,20230816,21,pyrologix,9,none,2023,0.0,0.0,-1,undetected,1,9.489961992702219e-05,0,0.0,False
GaussianBudget20M_TOPGrowing,Peddler_2023-CAENF-022388,20230815,19,pyrologix,7,none,2023,0.0,0.0,-1,undetected,1,9.489961992702219e-05,0,0.0,False
GaussianBudget20M_TOPGrowing,Pedro_2023-CASTF-001565,20230815,0,pyrologix,3,109-61,2023,0.0,0.0,0,drone,1,9.489961992702219e-05,1450,0.0046500813764240876,True
GaussianBudget20M_TOPGrowing,Pellitreau_2023-CASHF-000994,20230816,21,pyrologix,7,50-18,2023,0.0,0.0,1,drone,1,9.489961992702219e-05,3385,0.0046500813764240876,True
GaussianBudget20M_TOPGrowing,Peninsula_2023-CATNF-001430,20230905,20,pyrologix,7,none,2023,0.0,0.0,-1,undetected,1,9.489961992702219e-05,0,0.0,False
GaussianBudget20M_TOPGrowing,Penman_2023-CAPNF-001377,20230919,23,pyrologix,3,74-61,2023,0.0,0.0,0,drone,1,9.489961992702219e-05,1225,0.0046500813764240876,True
GaussianBudget20M_TOPGrowing,Pettinger_2023-CAANF-232901,20230827,15,pyrologix,4,none,2023,0.0,0.0,-1,undetected,1,9.489961992702219e-05,0,0.0,False
GaussianBudget20M_TOPGrowing,Philpot_2023-CASHF-000552,20230607,16,pyrologix,7,50-25,2023,0.0,0.0,0,drone,1,9.489961992702219e-05,2855,0.0046500813764240876,True
GaussianBudget20M_TOPGrowing,Picayune_2023-CAKNF-007170,20230820,16,pyrologix,9,32-27,2023,0.0,0.0,0,drone,1,9.489961992702219e-05,3910,0.0046500813764240876,True
GaussianBudget20M_TOPGrowing,Picket_2023-CAENF-022404,20230816,1,pyrologix,1,none,2023,0.0,0.0,-1,undetected,1,9.489961992702219e-05,0,0.0,False
GaussianBudget20M_TOPGrowing,Pierce_2023-CAKNF-008112,20230917,20,pyrologix,4,none,2023,0.0,0.0,-1,undetected,1,9.489961992702219e-05,0,0.0,False
GaussianBudget20M_TOPGrowing,Pierce_2023-CAPNF-001392,20230920,15,pyrologix,10,67-62,2023,0.0,0.0,2,drone,1,9.489961992702219e-05,4880,0.0046500813764240876,True
GaussianBudget20M_TOPGrowing,Pigeon_2023-CASTF-001972,20230911,17,pyrologix,2,none,2023,0.0,0.0,-1,undetected,1,9.489961992702219e-05,0,0.0,False
GaussianBudget20M_TOPGrowing,Pike_2_2023-CATNF-001683,20231019,4,pyrologix,6,81-55,2023,0.0,0.0,0,drone,1,9.489961992702219e-05,2400,0.0046500813764240876,True
GaussianBudget20M_TOPGrowing,Pilot_2023-CASRF-000932,20230815,7,pyrologix,2,43-18,2023,0.0,0.0,1,drone,1,9.489961992702219e-05,1525,0.0046500813764240876,True
GaussianBudget20M_TOPGrowing,Pilot_2023-CASTF-001918,20230909,20,pyrologix,5,none,2023,0.0,0.0,-1,undetected,1,9.489961992702219e-05,0,0.0,False
GaussianBudget20M_TOPGrowing,Pine_2023-CAANF-232780,20230818,23,pyrologix,3,none,2023,0.0,0.0,-1,undetected,1,9.489961992702219e-05,0,0.0,False
GaussianBudget20M_TOPGrowing,Pine_2023-CASNF-001456,20230919,22,pyrologix,1,132-64,2023,0.0,0.0,1,drone,1,9.489961992702219e-05,895,0.0046500813764240876,True
GaussianBudget20M_TOPGrowing,Pine_2023-CASTF-001951,20230910,15,pyrologix,8,109-61,2023,0.0,0.0,0,drone,1,9.489961992702219e-05,3300,0.0046500813764240876,True
GaussianBudget20M_TOPGrowing,Pine_2023-CATNF-001364,20230825,14,pyrologix,1,81-55,2023,0.0,0.0,1,drone,1,9.489961992702219e-05,955,0.004460282136570043,True
GaussianBudget20M_TOPGrowing,Pinyon_2023-CAANF-232718,20230814,1,pyrologix,4,none,2023,0.0,0.0,-1,undetected,1,9.489961992702219e-05,0,0.0,False
GaussianBudget20M_TOPGrowing,Pioneer_2023-CAPNF-001522,20231022,14,pyrologix,8,67-62,2023,0.0,0.0,1,drone,1,9.489961992702219e-05,3670,0.0046500813764240876,True
GaussianBudget20M_TOPGrowing,Pipe_2023-CAANF-001243,20230531,23,pyrologix,5,none,2023,0.0,0.0,-1,undetected,1,9.489961992702219e-05,0,0.0,False
GaussianBudget20M_TOPGrowing,Pipeline_2023-CAANF-232953,20230831,17,pyrologix,4,none,2023,0.0,0.0,-1,undetected,1,9.489961992702219e-05,0,0.0,False
GaussianBudget20M_TOPGrowing,Pipeline_2023-CALAC-297456,20230831,15,pyrologix,8,none,2023,0.0,0.0,-1,undetected,1,9.489961992702219e-05,0,0.0,False
GaussianBudget20M_TOPGrowing,Pipeline_2023-CASKU-006970,20230815,18,pyrologix,2,none,2023,0.0,0.0,-1,undetected,1,9.489961992702219e-05,0,0.0,False
GaussianBudget20M_TOPGrowing,Pit_2023-CAKNF-004496,20230608,19,pyrologix,6,none,2023,0.0,0.0,-1,undetected,1,9.489961992702219e-05,0,0.0,False
GaussianBudget20M_TOPGrowing,Pit_2023-CASHF-001220,20230924,9,pyrologix,12,none,2023,0.0,0.0,-1,undetected,1,9.489961992702219e-05,0,0.0,False
GaussianBudget20M_TOPGrowing,Planters_2023-CAMDF-000490,20230805,14,pyrologix,11,none,2023,0.0,0.0,-1,undetected,1,9.489961992702219e-05,0,0.0,False
GaussianBudget20M_TOPGrowing,Point_2023-CASQF-000507,20230510,2,pyrologix,8,none,2023,0.0,0.0,-1,undetected,1,9.489961992702219e-05,0,0.0,False
GaussianBudget20M_TOPGrowing,Point_2023-CASQF-001064,20230702,12,pyrologix,12,none,2023,0.0,0.0,-1,undetected,1,9.489961992702219e-05,0,0.0,False
GaussianBudget20M_TOPGrowing,Points_2023-CAANF-233722,20231110,19,pyrologix,1,none,2023,0.0,0.0,-1,undetected,1,9.489961992702219e-05,0,0.0,False
GaussianBudget20M_TOPGrowing,Poison_2023-CASNF-001393,20230909,16,pyrologix,1,none,2023,0.0,0.0,-1,undetected,1,9.489961992702219e-05,0,0.0,False
GaussianBudget20M_TOPGrowing,Poker_2023-CATNF-001299,20230817,21,pyrologix,9,74-61,2023,0.0,0.0,0,drone,1,9.489961992702219e-05,3645,0.0046500813764240876,True
GaussianBudget20M_TOPGrowing,Poll_2023-CATNF-001271,20230814,23,pyrologix,1,none,2023,0.0,0.0,-1,undetected,1,9.489961992702219e-05,0,0.0,False
GaussianBudget20M_TOPGrowing,Pollard_2023-CABDF-015399,20231112,23,pyrologix,5,none,2023,0.0,0.0,-1,undetected,1,9.489961992702219e-05,0,0.0,False
GaussianBudget20M_TOPGrowing,Ponderosa_2023-CABDF-010684,20230728,4,pyrologix,3,none,2023,0.0,0.0,-1,undetected,1,9.489961992702219e-05,0,0.0,False
GaussianBudget20M_TOPGrowing,Ponderosa_2023-CASHF-000853,20230723,23,pyrologix,3,50-25,2023,0.0,0.0,1,drone,1,9.489961992702219e-05,1745,0.0046500813764240876,True
GaussianBudget20M_TOPGrowing,Porter_2023-CASHF-000659,20230624,17,pyrologix,2,39-36,2023,0.0,0.0,0,drone,1,9.489961992702219e-05,830,0.004460282136570043,True
GaussianBudget20M_TOPGrowing,Posey_2023-CATUU-000330,20230622,17,pyrologix,7,169-77,2023,0.0,0.0,0,drone,1,9.489961992702219e-05,3085,0.0046500813764240876,True
GaussianBudget20M_TOPGrowing,Posey_2_2023-CATUU-000332,20230623,0,pyrologix,1,169-77,2023,0.0,0.0,0,drone,1,9.489961992702219e-05,425,0.003511285937299821,True
GaussianBudget20M_TOPGrowing,Posey_3_2023-CATUU-000333,20230623,23,pyrologix,4,169-77,2023,0.0,0.0,0,drone,1,9.489961992702219e-05,1600,0.0046500813764240876,True
GaussianBudget20M_TOPGrowing,Potter_2023-CASNF-000721,20230705,20,pyrologix,3,none,2023,0.0,0.0,-1,undetected,1,9.489961992702219e-05,0,0.0,False
GaussianBudget20M_TOPGrowing,Powder_2023-CASHF-000653,20230624,21,pyrologix,8,none,2023,0.0,0.0,-1,undetected,1,9.489961992702219e-05,0,0.0,False
GaussianBudget20M_TOPGrowing,Power_2023-CAANF-233915,20231128,18,pyrologix,12,none,2023,0.0,0.0,-1,undetected,1,9.489961992702219e-05,0,0.0,False
GaussianBudget20M_TOPGrowing,Power_2023-CALPF-002355,20230819,17,pyrologix,5,none,2023,0.0,0.0,-1,undetected,1,9.489961992702219e-05,0,0.0,False
GaussianBudget20M_TOPGrowing,Power_2023-CASQF-000791,20230607,13,pyrologix,11,none,2023,0.0,0.0,-1,undetected,1,9.489961992702219e-05,0,0.0,False
GaussianBudget20M_TOPGrowing,Powerhouse_2023-CATNF-001545,20230919,15,pyrologix,4,81-55,2023,0.0,0.0,0,drone,1,9.489961992702219e-05,1735,0.0046500813764240876,True
GaussianBudget20M_TOPGrowing,Prairie_2023-CAKNF-006092,20230720,20,pyrologix,5,none,2023,0.0,0.0,-1,undetected,1,9.489961992702219e-05,0,0.0,False
GaussianBudget20M_TOPGrowing,Preacher_2023-CASHF-000978,20230815,14,pyrologix,4,39-36,2023,0.0,0.0,0,drone,1,9.489961992702219e-05,1765,0.0046500813764240876,True
GaussianBudget20M_TOPGrowing,Prescott_2023-CASRF-000989,20230817,15,pyrologix,7,none,2023,0.0,0.0,-1,undetected,1,9.489961992702219e-05,0,0.0,False
GaussianBudget20M_TOPGrowing,Prospects_2023-CASTF-001949,20230910,17,pyrologix,3,none,2023,0.0,0.0,-1,undetected,1,9.489961992702219e-05,0,0.0,False
GaussianBudget20M_TOPGrowing,Prosser_2023-CATNF-000773,20230623,2,pyrologix,2,none,2023,0.0,0.0,-1,undetected,1,9.489961992702219e-05,0,0.0,False
GaussianBudget20M_TOPGrowing,Providence_2023-CASNF-001320,20230903,20,pyrologix,11,none,2023,0.0,0.0,-1,undetected,1,9.489961992702219e-05,0,0.0,False
GaussianBudget20M_TOPGrowing,Pulga_2023-CABTU-014735,20230804,0,pyrologix,2,69-46,2023,0.0,0.0,0,drone,1,9.489961992702219e-05,1065,0.0046500813764240876,True
GaussianBudget20M_TOPGrowing,Pumice_2023-CAINF-001026,20230715,20,pyrologix,6,none,2023,0.0,0.0,-1,undetected,1,9.489961992702219e-05,0,0.0,False
GaussianBudget20M_TOPGrowing,Pumpkin_2023-CABDF-013885,20231025,17,pyrologix,10,none,2023,0.0,0.0,-1,undetected,1,9.489961992702219e-05,0,0.0,False
GaussianBudget20M_TOPGrowing,Pyramid_2023-CALAC-365725,20231025,7,pyrologix,4,none,2023,0.0,0.0,-1,undetected,1,9.489961992702219e-05,0,0.0,False
GaussianBudget20M_TOPGrowing,Quail_2023-CASQF-000771,20230605,20,pyrologix,3,none,2023,0.0,0.0,-1,undetected,1,9.489961992702219e-05,0,0.0,False
GaussianBudget20M_TOPGrowing,Quail_2023-CATMU-020956,20230801,21,pyrologix,7,none,2023,0.0,0.0,-1,undetected,1,9.489961992702219e-05,0,0.0,False
GaussianBudget20M_TOPGrowing,Quail_2_2023-CAANF-234011,20231210,16,pyrologix,5,none,2023,0.0,0.0,-1,undetected,1,9.489961992702219e-05,0,0.0,False
GaussianBudget20M_TOPGrowing,Quarry_2023-CAPNF-001633,20231216,14,pyrologix,4,67-55,2023,0.0,0.0,0,drone,1,9.489961992702219e-05,1785,0.0046500813764240876,True
GaussianBudget20M_TOPGrowing,Quarry_2023-CASTF-001921,20230909,21,pyrologix,5,116-60,2023,0.0,0.0,0,drone,1,9.489961992702219e-05,2115,0.0046500813764240876,True
GaussianBudget20M_TOPGrowing,Rabbit_2023-CASQF-002146,20230930,16,pyrologix,12,none,2023,0.0,0.0,-1,undetected,1,9.489961992702219e-05,0,0.0,False
GaussianBudget20M_TOPGrowing,Radio_2023-CASNF-001205,20230823,13,pyrologix,11,none,2023,0.0,0.0,-1,undetected,1,9.489961992702219e-05,0,0.0,False
GaussianBudget20M_TOPGrowing,Rail_2023-CASHF-000899,20230731,15,pyrologix,11,none,2023,0.0,0.0,-1,undetected,1,9.489961992702219e-05,0,0.0,False
GaussianBudget20M_TOPGrowing,Rail_2023-CASHU-008943,20230815,20,pyrologix,1,40-50,2023,0.0,0.0,0,drone,1,9.489961992702219e-05,660,0.004555181756497065,True
GaussianBudget20M_TOPGrowing,Ram_2023-CASNF-001276,20230901,0,pyrologix,5,none,2023,0.0,0.0,-1,undetected,1,9.489961992702219e-05,0,0.0,False
GaussianBudget20M_TOPGrowing,Ramp_2023-CABDU-009817,20230718,16,pyrologix,9,none,2023,0.0,0.0,-1,undetected,1,9.489961992702219e-05,0,0.0,False
GaussianBudget20M_TOPGrowing,Ranch_2023-CASKU-006969,20230815,13,pyrologix,12,none,2023,0.0,0.0,-1,undetected,1,9.489961992702219e-05,0,0.0,False
GaussianBudget20M_TOPGrowing,Ranch_2023-CASNF-000525,20230612,12,pyrologix,6,none,2023,0.0,0.0,-1,undetected,1,9.489961992702219e-05,0,0.0,False
GaussianBudget20M_TOPGrowing,Ranch_2023-CASTF-002377,20231103,7,pyrologix,3,116-60,2023,0.0,0.0,0,drone,1,9.489961992702219e-05,1210,0.0046500813764240876,True
GaussianBudget20M_TOPGrowing,Range_2023-CABDF-002251,20230212,21,pyrologix,11,none,2023,0.0,0.0,-1,undetected,1,9.489961992702219e-05,0,0.0,False
GaussianBudget20M_TOPGrowing,Range_2023-CAENF-026345,20230925,14,pyrologix,11,95-57,2023,0.0,0.0,1,drone,1,9.489961992702219e-05,4880,0.0046500813764240876,True
GaussianBudget20M_TOPGrowing,Range_2023-CASQF-000882,20230617,21,pyrologix,2,none,2023,0.0,0.0,-1,undetected,1,9.489961992702219e-05,0,0.0,False
GaussianBudget20M_TOPGrowing,Rattlesnake_2023-CASTF-000861,20230612,0,pyrologix,7,109-61,2023,0.0,0.0,0,drone,1,9.489961992702219e-05,3035,0.0046500813764240876,True
GaussianBudget20M_TOPGrowing,Ravine_2023-CAMDF-000325,20230708,13,pyrologix,6,none,2023,0.0,0.0,-1,undetected,1,9.489961992702219e-05,0,0.0,False
GaussianBudget20M_TOPGrowing,Ravine_2023-CAPNF-000909,20230807,22,pyrologix,10,74-53,2023,0.0,0.0,0,drone,1,9.489961992702219e-05,3930,0.0046500813764240876,True
GaussianBudget20M_TOPGrowing,Recon_2023-CAANF-0001880,20230701,15,pyrologix,12,none,2023,0.0,0.0,-1,undetected,1,9.489961992702219e-05,0,0.0,False
GaussianBudget20M_TOPGrowing,Red_2023-CAANF-001571,20230610,14,pyrologix,11,none,2023,0.0,0.0,-1,undetected,1,9.489961992702219e-05,0,0.0,False
GaussianBudget20M_TOPGrowing,Red_2023-CAKNF-007347,20230826,22,pyrologix,6,none,2023,0.0,0.0,-1,undetected,1,9.489961992702219e-05,0,0.0,False
GaussianBudget20M_TOPGrowing,Red_2023-CASTF-001945,20230910,13,pyrologix,10,none,2023,0.0,0.0,-1,undetected,1,9.489961992702219e-05,0,0.0,False
GaussianBudget20M_TOPGrowing,Red_Cones_2023-CAINF-000936,20230705,16,pyrologix,3,none,2023,0.0,0.0,-1,undetected,1,9.489961992702219e-05,0,0.0,False
GaussianBudget20M_TOPGrowing,Redinger_2023-CAMMU-025615,20231115,13,pyrologix,4,none,2023,0.0,0.0,-1,undetected,1,9.489961992702219e-05,0,0.0,False
GaussianBudget20M_TOPGrowing,Remington_2023-CASQF-000424,20230417,22,pyrologix,2,none,2023,0.0,0.0,-1,undetected,1,9.489961992702219e-05,0,0.0,False
GaussianBudget20M_TOPGrowing,Reservoir_2023-CASTF-001940,20230910,15,pyrologix,4,109-61,2023,0.0,0.0,0,drone,1,9.489961992702219e-05,1790,0.0046500813764240876,True
GaussianBudget20M_TOPGrowing,Reversed_2023-CAINF-001847,20231008,11,pyrologix,12,none,2023,0.0,0.0,-1,undetected,1,9.489961992702219e-05,0,0.0,False
GaussianBudget20M_TOPGrowing,Reynolds_2023-CASTF-001922,20230909,20,pyrologix,8,116-60,2023,0.0,0.0,0,drone,1,9.489961992702219e-05,3325,0.0046500813764240876,True
GaussianBudget20M_TOPGrowing,Rich_2023-CASHF-000548,20230606,18,pyrologix,10,none,2023,0.0,0.0,-1,undetected,1,9.489961992702219e-05,0,0.0,False
GaussianBudget20M_TOPGrowing,Richard_2023-CAENF-022827,20230819,21,pyrologix,3,none,2023,0.0,0.0,-1,undetected,1,9.489961992702219e-05,0,0.0,False
GaussianBudget20M_TOPGrowing,Richbar_2023-CASQF-000818,20230610,12,pyrologix,4,none,2023,0.0,0.0,-1,undetected,1,9.489961992702219e-05,0,0.0,False
GaussianBudget20M_TOPGrowing,Ridge_2023-CALPF-002872,20231011,13,pyrologix,11,none,2023,0.0,0.0,-1,undetected,1,9.489961992702219e-05,0,0.0,False
GaussianBudget20M_TOPGrowing,Ridge_2023-CAPNF-000182,20230425,18,pyrologix,3,67-55,2023,0.0,0.0,0,drone,1,9.489961992702219e-05,1300,0.0046500813764240876,True
GaussianBudget20M_TOPGrowing,Ridge_2023-CAPNF-001031,20230817,18,pyrologix,4,67-55,2023,0.0,0.0,0,drone,1,9.489961992702219e-05,1620,0.0046500813764240876,True
GaussianBudget20M_TOPGrowing,Ridge_2023-CASTF-000872,20230613,11,pyrologix,12,109-61,2023,0.0,0.0,0,drone,1,9.489961992702219e-05,4845,0.0046500813764240876,True
GaussianBudget20M_TOPGrowing,Ridge_2023-CATNF-000665,20230611,14,pyrologix,3,81-55,2023,0.0,0.0,1,drone,1,9.489961992702219e-05,1575,0.0046500813764240876,True
GaussianBudget20M_TOPGrowing,Right_2023-CABDF-009977,20230712,15,pyrologix,4,none,2023,0.0,0.0,-1,undetected,1,9.489961992702219e-05,0,0.0,False
GaussianBudget20M_TOPGrowing,Rim_2023-CAMDF-000938,20230919,22,pyrologix,1,none,2023,0.0,0.0,-1,undetected,1,9.489961992702219e-05,0,0.0,False
GaussianBudget20M_TOPGrowing,Rinconada_2023-CALPF-002238,20230811,20,pyrologix,6,none,2023,0.0,0.0,-1,undetected,1,9.489961992702219e-05,0,0.0,False
GaussianBudget20M_TOPGrowing,Rising_2023-CALNF-001948,20230421,11,pyrologix,12,none,2023,0.0,0.0,-1,undetected,1,9.489961992702219e-05,0,0.0,False
GaussianBudget20M_TOPGrowing,River_2023-CAKRN-052312,20231115,17,pyrologix,1,169-77,2023,0.0,0.0,0,drone,1,9.489961992702219e-05,425,0.003511285937299821,True
GaussianBudget20M_TOPGrowing,River_2023-CAMDF-000222,20230607,18,pyrologix,3,none,2023,0.0,0.0,-1,undetected,1,9.489961992702219e-05,0,0.0,False
GaussianBudget20M_TOPGrowing,River_2023-CAPNF-000447,20230609,20,pyrologix,3,74-61,2023,0.0,0.0,0,drone,1,9.489961992702219e-05,1225,0.0046500813764240876,True
GaussianBudget20M_TOPGrowing,River_2023-CASHF-000701,20230629,15,pyrologix,11,37-43,2023,0.0,0.0,0,drone,1,9.489961992702219e-05,4575,0.0046500813764240876,True
GaussianBudget20M_TOPGrowing,River_2023-CASQF-000825,20230610,21,pyrologix,5,169-77,2023,0.0,0.0,0,drone,1,9.489961992702219e-05,2070,0.0046500813764240876,True
GaussianBudget20M_TOPGrowing,River_2023-CASTF-001927,20230910,21,pyrologix,9,116-60,2023,0.0,0.0,1,drone,1,9.489961992702219e-05,4085,0.0046500813764240876,True
GaussianBudget20M_TOPGrowing,Riverside_2023-CASHF-000849,20230722,20,pyrologix,11,37-43,2023,0.0,0.0,0,drone,1,9.489961992702219e-05,4575,0.0046500813764240876,True
GaussianBudget20M_TOPGrowing,Road_2023-CALPF-002628,20230915,1,pyrologix,2,none,2023,0.0,0.0,-1,undetected,1,9.489961992702219e-05,0,0.0,False
GaussianBudget20M_TOPGrowing,Robinson_2023-CATNF-000673,20230611,20,pyrologix,7,88-57,2023,0.0,0.0,1,drone,1,9.489961992702219e-05,3220,0.0046500813764240876,True
GaussianBudget20M_TOPGrowing,Rock_2023-CABDF-012493,20230920,19,pyrologix,11,none,2023,0.0,0.0,-1,undetected,1,9.489961992702219e-05,0,0.0,False
GaussianBudget20M_TOPGrowing,Rock_2023-CAENF-017683,20230702,23,pyrologix,6,95-57,2023,0.0,0.0,0,drone,1,9.489961992702219e-05,2560,0.0046500813764240876,True
GaussianBudget20M_TOPGrowing,Rock_2023-CAMNF-000861,20230816,14,pyrologix,3,none,2023,0.0,0.0,-1,undetected,1,9.489961992702219e-05,0,0.0,False
GaussianBudget20M_TOPGrowing,Rock_2023-CAPNF-001287,20230910,3,pyrologix,7,none,2023,0.0,0.0,-1,undetected,1,9.489961992702219e-05,0,0.0,False
GaussianBudget20M_TOPGrowing,Rock_2023-CASHF-000405,20230510,19,pyrologix,7,43-25,2023,0.0,0.0,1,drone,1,9.489961992702219e-05,3200,0.0046500813764240876,True
GaussianBudget20M_TOPGrowing,Rock_2023-CASTF-001615,20230817,19,pyrologix,2,none,2023,0.0,0.0,-1,undetected,1,9.489961992702219e-05,0,0.0,False
GaussianBudget20M_TOPGrowing,Rock_2_2023-CAANF-233519,20231021,16,pyrologix,2,none,2023,0.0,0.0,-1,undetected,1,9.489961992702219e-05,0,0.0,False
GaussianBudget20M_TOPGrowing,Rocks_2023-CABDF-007226,20230513,10,pyrologix,7,none,2023,0.0,0.0,-1,undetected,1,9.489961992702219e-05,0,0.0,False
GaussianBudget20M_TOPGrowing,Rocky_2023-CASKU-005755,20230710,13,pyrologix,10,28-36,2023,0.0,0.0,0,drone,1,9.489961992702219e-05,4145,0.0046500813764240876,True
GaussianBudget20M_TOPGrowing,Rodgers_2023-CASNF-000903,20230728,13,pyrologix,10,none,2023,0.0,0.0,-1,undetected,1,9.489961992702219e-05,0,0.0,False
GaussianBudget20M_TOPGrowing,Rogers_2023-CASQF-002393,20231114,17,pyrologix,3,none,2023,0.0,0.0,-1,undetected,1,9.489961992702219e-05,0,0.0,False
GaussianBudget20M_TOPGrowing,Roland_2023-CASKU-003662,20230513,17,pyrologix,4,none,2023,0.0,0.0,-1,undetected,1,9.489961992702219e-05,0,0.0,False
GaussianBudget20M_TOPGrowing,Romeo_2023-CAINF-001007,20230713,20,pyrologix,5,none,2023,0.0,0.0,-1,undetected,1,9.489961992702219e-05,0,0.0,False
GaussianBudget20M_TOPGrowing,Root_2023-CASHF-000827,20230717,16,pyrologix,10,37-43,2023,0.0,0.0,0,drone,1,9.489961992702219e-05,3915,0.0046500813764240876,True
GaussianBudget20M_TOPGrowing,Rose_2023-CASTF-000422,20230420,17,pyrologix,10,109-61,2023,0.0,0.0,0,drone,1,9.489961992702219e-05,4060,0.0046500813764240876,True
GaussianBudget20M_TOPGrowing,Rough_2023-CASHF-000586,20230613,16,pyrologix,7,50-25,2023,0.0,0.0,0,drone,1,9.489961992702219e-05,2920,0.0046500813764240876,True
GaussianBudget20M_TOPGrowing,Round_2023-CAKNF-005764,20230710,19,pyrologix,10,none,2023,0.0,0.0,-1,undetected,1,9.489961992702219e-05,0,0.0,False
GaussianBudget20M_TOPGrowing,Roy_2023-CASRF-000899,20230811,1,pyrologix,5,36-20,2023,0.0,0.0,0,drone,1,9.489961992702219e-05,2075,0.0046500813764240876,True
GaussianBudget20M_TOPGrowing,Ruby_2023-CASTF-000355,20230406,13,pyrologix,3,116-60,2023,0.0,0.0,1,drone,1,9.489961992702219e-05,1740,0.0046500813764240876,True
GaussianBudget20M_TOPGrowing,Rushing_2023-CASTF-000567,20230511,6,pyrologix,3,116-60,2023,0.0,0.0,1,drone,1,9.489961992702219e-05,1775,0.0046500813764240876,True
GaussianBudget20M_TOPGrowing,Sage_2023-CAMDF-000359,20230718,19,pyrologix,4,none,2023,0.0,0.0,-1,undetected,1,9.489961992702219e-05,0,0.0,False
GaussianBudget20M_TOPGrowing,Sage_2023-CASTF-001974,20230911,13,pyrologix,9,none,2023,0.0,0.0,-1,undetected,1,9.489961992702219e-05,0,0.0,False
GaussianBudget20M_TOPGrowing,Sagebrush_2023-CASQF-002187,20231008,22,pyrologix,2,none,2023,0.0,0.0,-1,undetected,1,9.489961992702219e-05,0,0.0,False
GaussianBudget20M_TOPGrowing,Sagehen_2023-CATNF-001073,20230721,16,pyrologix,11,none,2023,0.0,0.0,-1,undetected,1,9.489961992702219e-05,0,0.0,False
GaussianBudget20M_TOPGrowing,Saints_2023-CAKNF-005120,20230626,23,pyrologix,10,none,2023,0.0,0.0,-1,undetected,1,9.489961992702219e-05,0,0.0,False
GaussianBudget20M_TOPGrowing,Salmon_2023-CASRF-000859,20230803,12,pyrologix,3,none,2023,0.0,0.0,-1,undetected,1,9.489961992702219e-05,0,0.0,False
GaussianBudget20M_TOPGrowing,Salt_2023-CAKNF-005870,20230714,20,pyrologix,9,21-32,2023,0.0,0.0,1,drone,1,9.489961992702219e-05,3985,0.0046500813764240876,True
GaussianBudget20M_TOPGrowing,Salt_2023-CASHF-000594,20230615,0,pyrologix,7,none,2023,0.0,0.0,-1,undetected,1,9.489961992702219e-05,0,0.0,False
GaussianBudget20M_TOPGrowing,Salt_2023-CASRF-000933,20230815,5,pyrologix,7,57-19,2023,0.0,0.0,0,drone,1,9.489961992702219e-05,3090,0.0046500813764240876,True
GaussianBudget20M_TOPGrowing,Salty_2023-CASHF-001007,20230818,1,pyrologix,5,50-25,2023,0.0,0.0,0,drone,1,9.489961992702219e-05,2320,0.0046500813764240876,True
GaussianBudget20M_TOPGrowing,Sand_2023-CAANF-002373,20230724,21,pyrologix,2,none,2023,0.0,0.0,-1,undetected,1,9.489961992702219e-05,0,0.0,False
GaussianBudget20M_TOPGrowing,Sand_2023-CAENF-026944,20231001,16,pyrologix,10,95-57,2023,0.0,0.0,0,drone,1,9.489961992702219e-05,3975,0.0046500813764240876,True
GaussianBudget20M_TOPGrowing,Sand_2023-CASHF-000787,20230712,4,pyrologix,1,none,2023,0.0,0.0,-1,undetected,1,9.489961992702219e-05,0,0.0,False
GaussianBudget20M_TOPGrowing,Sand_2023-CASQF-001652,20230813,13,pyrologix,11,169-77,2023,0.0,0.0,1,drone,1,9.489961992702219e-05,4820,0.0046500813764240876,True
GaussianBudget20M_TOPGrowing,Santiago_2023-CACNF-002138,20230808,3,pyrologix,1,none,2023,0.0,0.0,-1,undetected,1,9.489961992702219e-05,0,0.0,False
GaussianBudget20M_TOPGrowing,Santiago_2023-CARRU-115913,20230808,0,pyrologix,5,none,2023,0.0,0.0,-1,undetected,1,9.489961992702219e-05,0,0.0,False
GaussianBudget20M_TOPGrowing,Sardine_2023-CASTF-001973,20230911,17,pyrologix,1,none,2023,0.0,0.0,-1,undetected,1,9.489961992702219e-05,0,0.0,False
GaussianBudget20M_TOPGrowing,Sattley_2023-CATNF-000878,20230702,14,pyrologix,8,none,2023,0.0,0.0,-1,undetected,1,9.489961992702219e-05,0,0.0,False
GaussianBudget20M_TOPGrowing,Saugus_2023-CAANF-233735,20231111,1,pyrologix,7,none,2023,0.0,0.0,-1,undetected,1,9.489961992702219e-05,0,0.0,False
GaussianBudget20M_TOPGrowing,Saw_2023-CATMU-022582,20230817,15,pyrologix,9,none,2023,0.0,0.0,-1,undetected,1,9.489961992702219e-05,0,0.0,False
GaussianBudget20M_TOPGrowing,Sawmill_2023-CAINF-001691,20230914,16,pyrologix,5,none,2023,0.0,0.0,-1,undetected,1,9.489961992702219e-05,0,0.0,False
GaussianBudget20M_TOPGrowing,Sawmill_2023-CATMU-015860,20230614,22,pyrologix,2,none,2023,0.0,0.0,-1,undetected,1,9.489961992702219e-05,0,0.0,False
GaussianBudget20M_TOPGrowing,Sawmill_2023-CATMU-017755,20230702,12,pyrologix,11,none,2023,0.0,0.0,-1,undetected,1,9.489961992702219e-05,0,0.0,False
GaussianBudget20M_TOPGrowing,Sawpit_2023-CABDF-009359,20230701,17,pyrologix,9,none,2023,0.0,0.0,-1,undetected,1,9.489961992702219e-05,0,0.0,False
GaussianBudget20M_TOPGrowing,School_2023-CALPF-001981,20230724,13,pyrologix,6,none,2023,0.0,0.0,-1,undetected,1,9.489961992702219e-05,0,0.0,False
GaussianBudget20M_TOPGrowing,Scotland_2023-CABDF-006716,20230430,16,pyrologix,12,none,2023,0.0,0.0,-1,undetected,1,9.489961992702219e-05,0,0.0,False
GaussianBudget20M_TOPGrowing,Scott_2023-CAKNF-006941,20230815,12,pyrologix,4,21-32,2023,0.0,0.0,1,drone,1,9.489961992702219e-05,2010,0.0046500813764240876,True
GaussianBudget20M_TOPGrowing,Seattle_2023-CAKNF-006088,20230720,18,pyrologix,4,none,2023,0.0,0.0,-1,undetected,1,9.489961992702219e-05,0,0.0,False
GaussianBudget20M_TOPGrowing,Seely_2023-CASRF-000070,20230130,16,pyrologix,11,36-20,2023,0.0,0.0,0,drone,1,9.489961992702219e-05,4375,0.0046500813764240876,True
GaussianBudget20M_TOPGrowing,Shadow_2023-CAINF-001305,20230813,2,pyrologix,3,none,2023,0.0,0.0,-1,undetected,1,9.489961992702219e-05,0,0.0,False
GaussianBudget20M_TOPGrowing,Shadow_2023-CAKNF-006974,20230815,19,pyrologix,2,none,2023,0.0,0.0,-1,undetected,1,9.489961992702219e-05,0,0.0,False
GaussianBudget20M_TOPGrowing,Shake_2023-CASHF-001018,20230818,17,pyrologix,5,50-25,2023,0.0,0.0,2,drone,1,9.489961992702219e-05,2955,0.0046500813764240876,True
GaussianBudget20M_TOPGrowing,Shanty_2023-CASRF-000532,20230614,19,pyrologix,5,none,2023,0.0,0.0,-1,undetected,1,9.489961992702219e-05,0,0.0,False
GaussianBudget20M_TOPGrowing,Shark_2023-CASNF-001269,20230831,19,pyrologix,4,none,2023,0.0,0.0,-1,undetected,1,9.489961992702219e-05,0,0.0,False
GaussianBudget20M_TOPGrowing,Sheep_2023-CABDF-017505,20231208,18,pyrologix,10,none,2023,0.0,0.0,-1,undetected,1,9.489961992702219e-05,0,0.0,False
GaussianBudget20M_TOPGrowing,Sheering_2023-CASTF-002013,20230915,13,pyrologix,6,109-61,2023,0.0,0.0,0,drone,1,9.489961992702219e-05,2510,0.0046500813764240876,True
GaussianBudget20M_TOPGrowing,Shell_2023-CAINF-001028,20230716,2,pyrologix,3,none,2023,0.0,0.0,-1,undetected,1,9.489961992702219e-05,0,0.0,False
GaussianBudget20M_TOPGrowing,Shell_2023-CASQF-002182,20231008,15,pyrologix,7,none,2023,0.0,0.0,-1,undetected,1,9.489961992702219e-05,0,0.0,False
GaussianBudget20M_TOPGrowing,Shelly_2023-CATMU-021441,20230806,23,pyrologix,2,none,2023,0.0,0.0,-1,undetected,1,9.489961992702219e-05,0,0.0,False
GaussianBudget20M_TOPGrowing,Sherer_2023-CASHF-001032,20230819,15,pyrologix,12,none,2023,0.0,0.0,-1,undetected,1,9.489961992702219e-05,0,0.0,False
GaussianBudget20M_TOPGrowing,Shinn_2023-CALAC-253309,20230729,3,pyrologix,1,none,2023,0.0,0.0,-1,undetected,1,9.489961992702219e-05,0,0.0,False
GaussianBudget20M_TOPGrowing,Shoemaker_2023-CAANF-001915,20230702,10,pyrologix,9,none,2023,0.0,0.0,-1,undetected,1,9.489961992702219e-05,0,0.0,False
GaussianBudget20M_TOPGrowing,Shu_Assist_Industrial_2023-CASHF-000484,20230526,19,pyrologix,5,46-32,2023,0.0,0.0,1,drone,1,9.489961992702219e-05,2595,0.0046500813764240876,True
GaussianBudget20M_TOPGrowing,Sierra_2023-CAANF-232758,20230816,20,pyrologix,7,none,2023,0.0,0.0,-1,undetected,1,9.489961992702219e-05,0,0.0,False
GaussianBudget20M_TOPGrowing,Sierra_2023-CALAC-277737,20230816,23,pyrologix,1,none,2023,0.0,0.0,-1,undetected,1,9.489961992702219e-05,0,0.0,False
GaussianBudget20M_TOPGrowing,Silver_2023-CABDF-011250,20230810,18,pyrologix,3,none,2023,0.0,0.0,-1,undetected,1,9.489961992702219e-05,0,0.0,False
GaussianBudget20M_TOPGrowing,Silver_2023-CAENF-022362,20230815,15,pyrologix,8,none,2023,0.0,0.0,-1,undetected,1,9.489961992702219e-05,0,0.0,False
GaussianBudget20M_TOPGrowing,Silver_2023-CASHU-008484,20230804,23,pyrologix,12,none,2023,0.0,0.0,-1,undetected,1,9.489961992702219e-05,0,0.0,False
GaussianBudget20M_TOPGrowing,Sims_2023-CASHF-001211,20230920,20,pyrologix,7,37-43,2023,0.0,0.0,0,drone,1,9.489961992702219e-05,2950,0.0046500813764240876,True
GaussianBudget20M_TOPGrowing,Sims_2023-CATCU-010658,20230812,20,pyrologix,6,none,2023,0.0,0.0,-1,undetected,1,9.489961992702219e-05,0,0.0,False
GaussianBudget20M_TOPGrowing,Single_2023-CASTF-001529,20230813,0,pyrologix,6,109-61,2023,0.0,0.0,0,drone,1,9.489961992702219e-05,2510,0.0046500813764240876,True
GaussianBudget20M_TOPGrowing,Sister_2023-CAKNF-004500,20230608,17,pyrologix,12,none,2023,0.0,0.0,-1,undetected,1,9.489961992702219e-05,0,0.0,False
GaussianBudget20M_TOPGrowing,Ski_2023-CASTF-001676,20230820,16,pyrologix,9,none,2023,0.0,0.0,-1,undetected,1,9.489961992702219e-05,0,0.0,False
GaussianBudget20M_TOPGrowing,Skunk_2023-CASHF-000313,20230417,16,pyrologix,7,43-25,2023,0.0,0.0,1,drone,1,9.489961992702219e-05,3145,0.0046500813764240876,True
GaussianBudget20M_TOPGrowing,Sky_2023-CASNF-000380,20230527,20,pyrologix,10,132-64,2023,0.0,0.0,0,drone,1,9.489961992702219e-05,4160,0.0046500813764240876,True
GaussianBudget20M_TOPGrowing,Sky_2023-CATCU-010394,20230807,23,pyrologix,3,none,2023,0.0,0.0,-1,undetected,1,9.489961992702219e-05,0,0.0,False
GaussianBudget20M_TOPGrowing,Slab_Creek_Reservoir_Camino_2023-CAAEU-010441,20230419,0,pyrologix,1,95-57,2023,0.0,0.0,1,drone,1,9.489961992702219e-05,1050,0.0046500813764240876,True
GaussianBudget20M_TOPGrowing,Slide_1_2023-CAMNF-000852,20230815,13,pyrologix,10,62-30,2023,0.0,0.0,0,drone,1,9.489961992702219e-05,4070,0.0046500813764240876,True
GaussianBudget20M_TOPGrowing,Slide_2_2023-CAMNF-000854,20230815,14,pyrologix,7,64-23,2023,0.0,0.0,1,drone,1,9.489961992702219e-05,3190,0.0046500813764240876,True
GaussianBudget20M_TOPGrowing,Smith_2023-CASTF-000451,20230426,15,pyrologix,7,none,2023,0.0,0.0,-1,undetected,1,9.489961992702219e-05,0,0.0,False
GaussianBudget20M_TOPGrowing,Smokey_2023-CAINF-001714,20230917,19,pyrologix,2,none,2023,0.0,0.0,-1,undetected,1,9.489961992702219e-05,0,0.0,False
GaussianBudget20M_TOPGrowing,Snag_2023-CALMU-002821,20230606,21,pyrologix,2,none,2023,0.0,0.0,-1,undetected,1,9.489961992702219e-05,0,0.0,False
GaussianBudget20M_TOPGrowing,Snake_2023-CAPNF-000744,20230717,13,pyrologix,11,67-55,2023,0.0,0.0,0,drone,1,9.489961992702219e-05,4485,0.0046500813764240876,True
GaussianBudget20M_TOPGrowing,Snow_2023-CABDF-015602,20231116,16,pyrologix,3,none,2023,0.0,0.0,-1,undetected,1,9.489961992702219e-05,0,0.0,False
GaussianBudget20M_TOPGrowing,Snow_2023-CASHF-001072,20230825,22,pyrologix,7,50-25,2023,0.0,0.0,0,drone,1,9.489961992702219e-05,2955,0.0046500813764240876,True
GaussianBudget20M_TOPGrowing,Soda_2023-CAENF-015599,20230611,21,pyrologix,5,88-57,2023,0.0,0.0,2,drone,1,9.489961992702219e-05,2840,0.0046500813764240876,True
GaussianBudget20M_TOPGrowing,Soda_2023-CASHF-000457,20230521,19,pyrologix,6,37-43,2023,0.0,0.0,0,drone,1,9.489961992702219e-05,2350,0.0046500813764240876,True
GaussianBudget20M_TOPGrowing,Soldier_2023-CALAC-257321,20230801,4,pyrologix,3,none,2023,0.0,0.0,-1,undetected,1,9.489961992702219e-05,0,0.0,False
GaussianBudget20M_TOPGrowing,South_2023-CASRF-000500,20230609,19,pyrologix,4,none,2023,0.0,0.0,-1,undetected,1,9.489961992702219e-05,0,0.0,False
GaussianBudget20M_TOPGrowing,South_2023-CASRF-000646,20230705,0,pyrologix,5,36-20,2023,0.0,0.0,0,drone,1,9.489961992702219e-05,2345,0.0046500813764240876,True
GaussianBudget20M_TOPGrowing,Spanish_2023-CASNF-000527,20230612,15,pyrologix,4,none,2023,0.0,0.0,-1,undetected,1,9.489961992702219e-05,0,0.0,False
GaussianBudget20M_TOPGrowing,Spaulding_2023-CAMDF-000211,20230605,16,pyrologix,11,none,2023,0.0,0.0,-1,undetected,1,9.489961992702219e-05,0,0.0,False
GaussianBudget20M_TOPGrowing,Spillway_2023-CALAC-386515,20231111,3,pyrologix,3,none,2023,0.0,0.0,-1,undetected,1,9.489961992702219e-05,0,0.0,False
GaussianBudget20M_TOPGrowing,Spot_2023-CABDF-005844,20230408,16,pyrologix,5,none,2023,0.0,0.0,-1,undetected,1,9.489961992702219e-05,0,0.0,False
GaussianBudget20M_TOPGrowing,Spring_2023-CAMDF-000733,20230826,13,pyrologix,12,none,2023,0.0,0.0,-1,undetected,1,9.489961992702219e-05,0,0.0,False
GaussianBudget20M_TOPGrowing,Spring_2023-CAPNF-000278,20230519,15,pyrologix,10,74-61,2023,0.0,0.0,1,drone,1,9.489961992702219e-05,4405,0.0046500813764240876,True
GaussianBudget20M_TOPGrowing,Spring_2023-CASHF-001191,20230916,20,pyrologix,6,50-25,2023,0.0,0.0,1,drone,1,9.489961992702219e-05,2955,0.0046500813764240876,True
GaussianBudget20M_TOPGrowing,Spring_2023-CASTF-001996,20230913,19,pyrologix,6,116-60,2023,0.0,0.0,1,drone,1,9.489961992702219e-05,2900,0.0046500813764240876,True
GaussianBudget20M_TOPGrowing,Spring_2023-CATNF-000557,20230601,14,pyrologix,12,74-61,2023,0.0,0.0,0,drone,1,9.489961992702219e-05,4785,0.0046500813764240876,True
GaussianBudget20M_TOPGrowing,Springs_2023-CACNF-000760,20230416,7,pyrologix,11,none,2023,0.0,0.0,-1,undetected,1,9.489961992702219e-05,0,0.0,False
GaussianBudget20M_TOPGrowing,Springs_2_2023-CACNF-000822,20230425,10,pyrologix,5,none,2023,0.0,0.0,-1,undetected,1,9.489961992702219e-05,0,0.0,False
GaussianBudget20M_TOPGrowing,Spur_2023-CAPNF-000428,20230607,17,pyrologix,9,67-62,2023,0.0,0.0,0,drone,1,9.489961992702219e-05,3670,0.0046500813764240876,True
GaussianBudget20M_TOPGrowing,Squaw_2023-CABTU-008770,20230514,0,pyrologix,5,none,2023,0.0,0.0,-1,undetected,1,9.489961992702219e-05,0,0.0,False
GaussianBudget20M_TOPGrowing,Squaw_2023-CALPF-001664,20230701,9,pyrologix,12,none,2023,0.0,0.0,-1,undetected,1,9.489961992702219e-05,0,0.0,False
GaussianBudget20M_TOPGrowing,Squirrel_2023-CASHF-000989,20230815,20,pyrologix,4,39-36,2023,0.0,0.0,0,drone,1,9.489961992702219e-05,1605,0.0046500813764240876,True
GaussianBudget20M_TOPGrowing,Stage_2023-CASKU-003070,20230423,1,pyrologix,3,37-43,2023,0.0,0.0,0,drone,1,9.489961992702219e-05,1265,0.0046500813764240876,True
GaussianBudget20M_TOPGrowing,Staging_2023-CALPF-002221,20230810,13,pyrologix,11,none,2023,0.0,0.0,-1,undetected,1,9.489961992702219e-05,0,0.0,False
GaussianBudget20M_TOPGrowing,Stampede_2023-CATNF-000456,20230520,16,pyrologix,11,none,2023,0.0,0.0,-1,undetected,1,9.489961992702219e-05,0,0.0,False
GaussianBudget20M_TOPGrowing,Stan_2023-CASTF-001612,20230817,15,pyrologix,5,none,2023,0.0,0.0,-1,undetected,1,9.489961992702219e-05,0,0.0,False
GaussianBudget20M_TOPGrowing,Star_2023-CACNF-002537,20230912,16,pyrologix,8,none,2023,0.0,0.0,-1,undetected,1,9.489961992702219e-05,0,0.0,False
GaussianBudget20M_TOPGrowing,Star_2023-CASTF-000464,20230427,18,pyrologix,8,109-61,2023,0.0,0.0,0,drone,1,9.489961992702219e-05,3255,0.0046500813764240876,True
GaussianBudget20M_TOPGrowing,Stine_2023-CASQF-001101,20230703,15,pyrologix,12,none,2023,0.0,0.0,-1,undetected,1,9.489961992702219e-05,0,0.0,False
GaussianBudget20M_TOPGrowing,Stock_2023-CAMDF-000937,20230919,17,pyrologix,10,none,2023,0.0,0.0,-1,undetected,1,9.489961992702219e-05,0,0.0,False
GaussianBudget20M_TOPGrowing,Stone_2023-CABDF-006328,20230421,15,pyrologix,10,none,2023,0.0,0.0,-1,undetected,1,9.489961992702219e-05,0,0.0,False
GaussianBudget20M_TOPGrowing,Stone_2023-CASHF-000695,20230628,22,pyrologix,12,50-25,2023,0.0,0.0,0,drone,1,9.489961992702219e-05,4740,0.0046500813764240876,True
GaussianBudget20M_TOPGrowing,Stoneridge_2023-CACNF-001060,20230524,22,pyrologix,7,none,2023,0.0,0.0,-1,undetected,1,9.489961992702219e-05,0,0.0,False
GaussianBudget20M_TOPGrowing,Stones_2023-CAKNF-005095,20230625,17,pyrologix,3,21-32,2023,0.0,0.0,2,drone,1,9.489961992702219e-05,2175,0.0046500813764240876,True
GaussianBudget20M_TOPGrowing,Straw_2023-CASTF-001550,20230814,22,pyrologix,10,109-61,2023,0.0,0.0,0,drone,1,9.489961992702219e-05,4020,0.0046500813764240876,True
GaussianBudget20M_TOPGrowing,Stuart_2023-CASHF-000544,20230606,11,pyrologix,11,none,2023,0.0,0.0,-1,undetected,1,9.489961992702219e-05,0,0.0,False
GaussianBudget20M_TOPGrowing,Stump_2023-CAKNF-000706,20230125,13,pyrologix,6,21-39,2023,0.0,0.0,0,drone,1,9.489961992702219e-05,2400,0.0046500813764240876,True
GaussianBudget20M_TOPGrowing,Sugar_2023-CANEU-018360,20230701,11,pyrologix,5,88-57,2023,0.0,0.0,1,drone,1,9.489961992702219e-05,2405,0.0046500813764240876,True
GaussianBudget20M_TOPGrowing,Sugar_2023-CASTF-001969,20230911,13,pyrologix,6,116-60,2023,0.0,0.0,0,drone,1,9.489961992702219e-05,2500,0.0046500813764240876,True
GaussianBudget20M_TOPGrowing,Sugar_2023-CATNF-000854,20230701,9,pyrologix,11,88-57,2023,0.0,0.0,0,drone,1,9.489961992702219e-05,4505,0.0046500813764240876,True
GaussianBudget20M_TOPGrowing,Sugarloaf_2023-CABDF-017660,20231212,18,pyrologix,5,none,2023,0.0,0.0,-1,undetected,1,9.489961992702219e-05,0,0.0,False
GaussianBudget20M_TOPGrowing,Sulpher_2023-CASHF-000992,20230815,22,pyrologix,3,43-18,2023,0.0,0.0,0,drone,1,9.489961992702219e-05,1400,0.0046500813764240876,True
GaussianBudget20M_TOPGrowing,Sulphur_2_2023-CAINF-001392,20230818,22,pyrologix,9,none,2023,0.0,0.0,-1,undetected,1,9.489961992702219e-05,0,0.0,False
GaussianBudget20M_TOPGrowing,Summit_2023-CASHU-006574,20230624,0,pyrologix,8,43-25,2023,0.0,0.0,1,drone,1,9.489961992702219e-05,3710,0.0046500813764240876,True
GaussianBudget20M_TOPGrowing,Summit_2023-CASNF-001403,20230909,20,pyrologix,8,none,2023,0.0,0.0,-1,undetected,1,9.489961992702219e-05,0,0.0,False
GaussianBudget20M_TOPGrowing,Sunrise_2023-CACNF-002091,20230805,7,pyrologix,6,none,2023,0.0,0.0,-1,undetected,1,9.489961992702219e-05,0,0.0,False
GaussianBudget20M_TOPGrowing,Sutherland_2023-CACNF-001178,20230603,23,pyrologix,2,none,2023,0.0,0.0,-1,undetected,1,9.489961992702219e-05,0,0.0,False
GaussianBudget20M_TOPGrowing,Swanson_2023-CAKNF-005094,20230625,12,pyrologix,12,21-32,2023,0.0,0.0,0,drone,1,9.489961992702219e-05,4725,0.0046500813764240876,True
GaussianBudget20M_TOPGrowing,Sweetbrier_2023-CASHF-001012,20230818,6,pyrologix,11,37-43,2023,0.0,0.0,0,drone,1,9.489961992702219e-05,4365,0.0046500813764240876,True
GaussianBudget20M_TOPGrowing,Swift_2023-CASHF-000972,20230815,10,pyrologix,8,39-36,2023,0.0,0.0,0,drone,1,9.489961992702219e-05,3300,0.0046500813764240876,True
GaussianBudget20M_TOPGrowing,Swillup_2023-CAKNF-006937,20230815,13,pyrologix,2,none,2023,0.0,0.0,-1,undetected,1,9.489961992702219e-05,0,0.0,False
GaussianBudget20M_TOPGrowing,Swimming_Hole_2023-CAPNF-001425,20230930,1,pyrologix,4,67-55,2023,0.0,0.0,0,drone,1,9.489961992702219e-05,1785,0.0046500813764240876,True
GaussianBudget20M_TOPGrowing,Table_2023-CATNF-000622,20230606,17,pyrologix,2,81-55,2023,0.0,0.0,0,drone,1,9.489961992702219e-05,845,0.004460282136570043,True
GaussianBudget20M_TOPGrowing,Tadpole_2023-CATNF-001289,20230816,23,pyrologix,4,88-57,2023,0.0,0.0,3,drone,1,9.489961992702219e-05,2840,0.0046500813764240876,True
GaussianBudget20M_TOPGrowing,Tailgate_2023-CALPF-001952,20230722,14,pyrologix,6,none,2023,0.0,0.0,-1,undetected,1,9.489961992702219e-05,0,0.0,False
GaussianBudget20M_TOPGrowing,Tamarack_2023-CAPNF-001273,20230908,18,pyrologix,1,74-53,2023,0.0,0.0,0,drone,1,9.489961992702219e-05,460,0.003511285937299821,True
GaussianBudget20M_TOPGrowing,Tank_2023-CAMDF-000569,20230818,10,pyrologix,10,none,2023,0.0,0.0,-1,undetected,1,9.489961992702219e-05,0,0.0,False
GaussianBudget20M_TOPGrowing,Tanker_2023-CAANF-002610,20230808,23,pyrologix,3,none,2023,0.0,0.0,-1,undetected,1,9.489961992702219e-05,0,0.0,False
GaussianBudget20M_TOPGrowing,Tanker_2023-CALAC-266211,20230808,0,pyrologix,1,none,2023,0.0,0.0,-1,undetected,1,9.489961992702219e-05,0,0.0,False
GaussianBudget20M_TOPGrowing,Tanner_2023-CAKNF-008087,20230917,3,pyrologix,2,32-27,2023,0.0,0.0,0,drone,1,9.489961992702219e-05,965,0.004555181756497065,True
GaussianBudget20M_TOPGrowing,Taylor_2023-CAINF-001071,20230719,17,pyrologix,9,none,2023,0.0,0.0,-1,undetected,1,9.489961992702219e-05,0,0.0,False
GaussianBudget20M_TOPGrowing,Taylorsville_2023-CAPNF-001563,20231105,13,pyrologix,9,67-62,2023,0.0,0.0,1,drone,1,9.489961992702219e-05,4105,0.0046500813764240876,True
GaussianBudget20M_TOPGrowing,Tea_2023-CASNF-001395,20230909,13,pyrologix,11,none,2023,0.0,0.0,-1,undetected,1,9.489961992702219e-05,0,0.0,False
GaussianBudget20M_TOPGrowing,Tecuya_2023-CALPF-002100,20230802,12,pyrologix,6,none,2023,0.0,0.0,-1,undetected,1,9.489961992702219e-05,0,0.0,False
GaussianBudget20M_TOPGrowing,Telephone_2023-CASHF-001189,20230916,17,pyrologix,11,50-25,2023,0.0,0.0,0,drone,1,9.489961992702219e-05,4310,0.0046500813764240876,True
GaussianBudget20M_TOPGrowing,Thatcher_2023-CAMNF-000495,20230625,20,pyrologix,5,64-23,2023,0.0,0.0,0,drone,1,9.489961992702219e-05,2135,0.0046500813764240876,True
GaussianBudget20M_TOPGrowing,Thompson_2023-CASTF-001742,20230827,0,pyrologix,6,116-60,2023,0.0,0.0,0,drone,1,9.489961992702219e-05,2645,0.0046500813764240876,True
GaussianBudget20M_TOPGrowing,Three_Creeks_2023-CAKNF-007001,20230816,0,pyrologix,7,none,2023,0.0,0.0,-1,undetected,1,9.489961992702219e-05,0,0.0,False
GaussianBudget20M_TOPGrowing,Thurman_2023-CABDF-017306,20231206,20,pyrologix,8,none,2023,0.0,0.0,-1,undetected,1,9.489961992702219e-05,0,0.0,False
GaussianBudget20M_TOPGrowing,Tierra_2023-CAENF-014309,20230529,18,pyrologix,12,95-57,2023,0.0,0.0,1,drone,1,9.489961992702219e-05,5305,0.0046500813764240876,True
GaussianBudget20M_TOPGrowing,Timber_2023-CAMMU-011033,20230525,19,pyrologix,12,125-62,2023,0.0,0.0,1,drone,1,9.489961992702219e-05,5240,0.0046500813764240876,True
GaussianBudget20M_TOPGrowing,Timber_2023-CASHU-008929,20230815,12,pyrologix,2,none,2023,0.0,0.0,-1,undetected,1,9.489961992702219e-05,0,0.0,False
GaussianBudget20M_TOPGrowing,Tire_2023-CAANF-001601,20230618,19,pyrologix,4,none,2023,0.0,0.0,-1,undetected,1,9.489961992702219e-05,0,0.0,False
GaussianBudget20M_TOPGrowing,Titmouse_2023-CAKNF-007216,20230822,21,pyrologix,7,32-27,2023,0.0,0.0,1,drone,1,9.489961992702219e-05,3410,0.0046500813764240876,True
GaussianBudget20M_TOPGrowing,Titus_2023-CAKNF-006950,20230815,14,pyrologix,4,21-32,2023,0.0,0.0,3,drone,1,9.489961992702219e-05,2905,0.0046500813764240876,True
GaussianBudget20M_TOPGrowing,Tnf-Forest_2023-CANEU-016816,20230616,17,pyrologix,2,88-57,2023,0.0,0.0,1,drone,1,9.489961992702219e-05,1235,0.0046500813764240876,True
GaussianBudget20M_TOPGrowing,Townsend_2023-CAKNF-007031,20230816,19,pyrologix,6,21-32,2023,0.0,0.0,1,drone,1,9.489961992702219e-05,2755,0.0046500813764240876,True
GaussianBudget20M_TOPGrowing,Track_2023-CABDF-011906,20230829,18,pyrologix,11,none,2023,0.0,0.0,-1,undetected,1,9.489961992702219e-05,0,0.0,False
GaussianBudget20M_TOPGrowing,Trail_2023-CAKNF-004558,20230610,16,pyrologix,8,21-39,2023,0.0,0.0,0,drone,1,9.489961992702219e-05,3415,0.0046500813764240876,True
GaussianBudget20M_TOPGrowing,Trail_2023-CALNF-002794,20230606,21,pyrologix,9,none,2023,0.0,0.0,-1,undetected,1,9.489961992702219e-05,0,0.0,False
GaussianBudget20M_TOPGrowing,Trail_2023-CASKU-006612,20230806,22,pyrologix,7,28-36,2023,0.0,0.0,0,drone,1,9.489961992702219e-05,2980,0.0046500813764240876,True
GaussianBudget20M_TOPGrowing,Trail_2023-CATMU-021397,20230805,10,pyrologix,11,none,2023,0.0,0.0,-1,undetected,1,9.489961992702219e-05,0,0.0,False
GaussianBudget20M_TOPGrowing,Trail_2023-CATNF-001137,20230729,20,pyrologix,4,81-55,2023,0.0,0.0,0,drone,1,9.489961992702219e-05,1695,0.0046500813764240876,True
GaussianBudget20M_TOPGrowing,Training_2_2023-CACND-000002,20230102,14,pyrologix,4,none,2023,0.0,0.0,-1,undetected,1,9.489961992702219e-05,0,0.0,False
GaussianBudget20M_TOPGrowing,Trash_2023-CAINF-000843,20230629,21,pyrologix,1,none,2023,0.0,0.0,-1,undetected,1,9.489961992702219e-05,0,0.0,False
GaussianBudget20M_TOPGrowing,Treasure_2023-CATNF-001279,20230815,14,pyrologix,6,none,2023,0.0,0.0,-1,undetected,1,9.489961992702219e-05,0,0.0,False
GaussianBudget20M_TOPGrowing,Tree_2023-CASTF-001544,20230814,19,pyrologix,12,109-61,2023,0.0,0.0,0,drone,1,9.489961992702219e-05,4810,0.0046500813764240876,True
GaussianBudget20M_TOPGrowing,Trout_2023-CALNF-006021,20231104,20,pyrologix,5,none,2023,0.0,0.0,-1,undetected,1,9.489961992702219e-05,0,0.0,False
GaussianBudget20M_TOPGrowing,Trout_2023-CASTF-001979,20230912,22,pyrologix,6,none,2023,0.0,0.0,-1,undetected,1,9.489961992702219e-05,0,0.0,False
GaussianBudget20M_TOPGrowing,Tunnel_2023-CASQF-000909,20230620,12,pyrologix,6,none,2023,0.0,0.0,-1,undetected,1,9.489961992702219e-05,0,0.0,False
GaussianBudget20M_TOPGrowing,Tunnel_2023-CASRF-000823,20230728,20,pyrologix,7,none,2023,0.0,0.0,-1,undetected,1,9.489961992702219e-05,0,0.0,False
GaussianBudget20M_TOPGrowing,Turkey_2023-CALPF-000763,20230405,12,pyrologix,8,none,2023,0.0,0.0,-1,undetected,1,9.489961992702219e-05,0,0.0,False
GaussianBudget20M_TOPGrowing,Turner_2023-CAMDF-000874,20230906,20,pyrologix,6,none,2023,0.0,0.0,-1,undetected,1,9.489961992702219e-05,0,0.0,False
GaussianBudget20M_TOPGrowing,Twain_2023-CAPNF-000275,20230519,4,pyrologix,2,67-55,2023,0.0,0.0,0,drone,1,9.489961992702219e-05,1140,0.0046500813764240876,True
GaussianBudget20M_TOPGrowing,Twin_2023-CAANF-001960,20230703,17,pyrologix,4,none,2023,0.0,0.0,-1,undetected,1,9.489961992702219e-05,0,0.0,False
GaussianBudget20M_TOPGrowing,Twin_2023-CALNF-004089,20230803,16,pyrologix,10,none,2023,0.0,0.0,-1,undetected,1,9.489961992702219e-05,0,0.0,False
GaussianBudget20M_TOPGrowing,Tyler_2023-CAKNF-005133,20230626,9,pyrologix,12,21-32,2023,0.0,0.0,0,drone,1,9.489961992702219e-05,4725,0.0046500813764240876,True
GaussianBudget20M_TOPGrowing,Ufish_2023-CAKNF-007029,20230816,19,pyrologix,4,none,2023,0.0,0.0,-1,undetected,1,9.489961992702219e-05,0,0.0,False
GaussianBudget20M_TOPGrowing,Uncle_2023-CAKNF-008107,20230917,19,pyrologix,2,none,2023,0.0,0.0,-1,undetected,1,9.489961992702219e-05,0,0.0,False
GaussianBudget20M_TOPGrowing,Underwood_2023-CASTF-001617,20230817,21,pyrologix,1,none,2023,0.0,0.0,-1,undetected,1,9.489961992702219e-05,0,0.0,False
GaussianBudget20M_TOPGrowing,Upper_2023-CACNF-001655,20230708,15,pyrologix,4,none,2023,0.0,0.0,-1,undetected,1,9.489961992702219e-05,0,0.0,False
GaussianBudget20M_TOPGrowing,Upper_2023-CASHF-000983,20230815,14,pyrologix,10,none,2023,0.0,0.0,-1,undetected,1,9.489961992702219e-05,0,0.0,False
GaussianBudget20M_TOPGrowing,Valencia_2023-CANEU-015694,20230604,18,pyrologix,12,81-55,2023,0.0,0.0,1,drone,1,9.489961992702219e-05,5200,0.0046500813764240876,True
GaussianBudget20M_TOPGrowing,Valley_2023-CAKNF-005234,20230628,16,pyrologix,9,21-32,2023,0.0,0.0,0,drone,1,9.489961992702219e-05,3545,0.0046500813764240876,True
GaussianBudget20M_TOPGrowing,Valley_2023-CAMDF-000562,20230818,22,pyrologix,7,none,2023,0.0,0.0,-1,undetected,1,9.489961992702219e-05,0,0.0,False
GaussianBudget20M_TOPGrowing,Valley_2023-CAPNF-000709,20230711,18,pyrologix,6,74-53,2023,0.0,0.0,0,drone,1,9.489961992702219e-05,2350,0.0046500813764240876,True
GaussianBudget20M_TOPGrowing,Valley_2023-CASHF-000600,20230615,18,pyrologix,12,43-18,2023,0.0,0.0,0,drone,1,9.489961992702219e-05,4885,0.0046500813764240876,True
GaussianBudget20M_TOPGrowing,Vann_2023-CAKNF-007350,20230826,20,pyrologix,11,none,2023,0.0,0.0,-1,undetected,1,9.489961992702219e-05,0,0.0,False
GaussianBudget20M_TOPGrowing,Viejas_2023-CACNF-002123,20230807,22,pyrologix,9,none,2023,0.0,0.0,-1,undetected,1,9.489961992702219e-05,0,0.0,False
GaussianBudget20M_TOPGrowing,Viejas_2_2023-CACNF-002645,20230924,15,pyrologix,10,none,2023,0.0,0.0,-1,undetected,1,9.489961992702219e-05,0,0.0,False
GaussianBudget20M_TOPGrowing,Vista_2023-CAANF-002138,20230710,22,pyrologix,1,none,2023,0.0,0.0,-1,undetected,1,9.489961992702219e-05,0,0.0,False
GaussianBudget20M_TOPGrowing,Vista_2023-CAINF-001907,20231021,20,pyrologix,1,none,2023,0.0,0.0,-1,undetected,1,9.489961992702219e-05,0,0.0,False
GaussianBudget20M_TOPGrowing,Vista_2023-CALAC-216296,20230630,19,pyrologix,3,none,2023,0.0,0.0,-1,undetected,1,9.489961992702219e-05,0,0.0,False
GaussianBudget20M_TOPGrowing,Vista_2023-CASTF-001614,20230817,19,pyrologix,1,none,2023,0.0,0.0,-1,undetected,1,9.489961992702219e-05,0,0.0,False
GaussianBudget20M_TOPGrowing,Vogel_2023-CAANF-001973,20230703,17,pyrologix,8,none,2023,0.0,0.0,-1,undetected,1,9.489961992702219e-05,0,0.0,False
GaussianBudget20M_TOPGrowing,Vogel_2023-CALAC-220317,20230703,17,pyrologix,9,none,2023,0.0,0.0,-1,undetected,1,9.489961992702219e-05,0,0.0,False
GaussianBudget20M_TOPGrowing,Volcano_2023-CASHU-001661,20230215,14,pyrologix,2,47-49,2023,0.0,0.0,0,drone,1,9.489961992702219e-05,995,0.0046500813764240876,True
GaussianBudget20M_TOPGrowing,Votaw_2023-CAENF-022401,20230816,19,pyrologix,11,none,2023,0.0,0.0,-1,undetected,1,9.489961992702219e-05,0,0.0,False
GaussianBudget20M_TOPGrowing,Wagner_2023-CAMMU-020253,20230910,21,pyrologix,1,none,2023,0.0,0.0,-1,undetected,1,9.489961992702219e-05,0,0.0,False
GaussianBudget20M_TOPGrowing,Wagon_2_2023-CAANF-233724,20231110,20,pyrologix,1,none,2023,0.0,0.0,-1,undetected,1,9.489961992702219e-05,0,0.0,False
GaussianBudget20M_TOPGrowing,Wall_2023-CATNF-000797,20230624,12,pyrologix,9,88-57,2023,0.0,0.0,0,drone,1,9.489961992702219e-05,3840,0.0046500813764240876,True
GaussianBudget20M_TOPGrowing,Walls_2023-CANEU-018722,20230703,17,pyrologix,7,81-55,2023,0.0,0.0,0,drone,1,9.489961992702219e-05,2730,0.0046500813764240876,True
GaussianBudget20M_TOPGrowing,Walter_2023-CALAC-272893,20230813,1,pyrologix,10,none,2023,0.0,0.0,-1,undetected,1,9.489961992702219e-05,0,0.0,False
GaussianBudget20M_TOPGrowing,Wash_2023-CABDF-012288,20230913,22,pyrologix,12,none,2023,0.0,0.0,-1,undetected,1,9.489961992702219e-05,0,0.0,False
GaussianBudget20M_TOPGrowing,Waterhouse_2023-CASTF-001923,20230909,20,pyrologix,7,none,2023,0.0,0.0,-1,undetected,1,9.489961992702219e-05,0,0.0,False
GaussianBudget20M_TOPGrowing,Waterman_2023-CASHF-000540,20230606,3,pyrologix,2,none,2023,0.0,0.0,-1,undetected,1,9.489961992702219e-05,0,0.0,False
GaussianBudget20M_TOPGrowing,Watson_2023-CATMU-028805,20231019,21,pyrologix,4,none,2023,0.0,0.0,-1,undetected,1,9.489961992702219e-05,0,0.0,False
GaussianBudget20M_TOPGrowing,Way_2023-CALPF-002417,20230825,20,pyrologix,9,none,2023,0.0,0.0,-1,undetected,1,9.489961992702219e-05,0,0.0,False
GaussianBudget20M_TOPGrowing,Weaver_2023-CASHU-007652,20230715,18,pyrologix,11,46-32,2023,0.0,0.0,0,drone,1,9.489961992702219e-05,4575,0.0046500813764240876,True
GaussianBudget20M_TOPGrowing,Webber_2023-CATNF-001274,20230814,23,pyrologix,2,none,2023,0.0,0.0,-1,undetected,1,9.489961992702219e-05,0,0.0,False
GaussianBudget20M_TOPGrowing,Weber_2023-CASHF-000689,20230628,0,pyrologix,1,none,2023,0.0,0.0,-1,undetected,1,9.489961992702219e-05,0,0.0,False
GaussianBudget20M_TOPGrowing,Wemple_2023-CAPNF-000406,20230605,17,pyrologix,8,67-62,2023,0.0,0.0,0,drone,1,9.489961992702219e-05,3200,0.0046500813764240876,True
GaussianBudget20M_TOPGrowing,Wentworth_2023-CAENF-023260,20230824,20,pyrologix,9,95-57,2023,0.0,0.0,0,drone,1,9.489961992702219e-05,3815,0.0046500813764240876,True
GaussianBudget20M_TOPGrowing,West_2023-CAANF-233948,20231202,15,pyrologix,8,none,2023,0.0,0.0,-1,undetected,1,9.489961992702219e-05,0,0.0,False
GaussianBudget20M_TOPGrowing,West_2023-CASHF-001013,20230818,9,pyrologix,9,39-36,2023,0.0,0.0,0,drone,1,9.489961992702219e-05,3715,0.0046500813764240876,True
GaussianBudget20M_TOPGrowing,Western_2023-CABDF-010700,20230728,14,pyrologix,11,none,2023,0.0,0.0,-1,undetected,1,9.489961992702219e-05,0,0.0,False
GaussianBudget20M_TOPGrowing,Wheeler_2023-CAINF-001307,20230813,4,pyrologix,11,none,2023,0.0,0.0,-1,undetected,1,9.489961992702219e-05,0,0.0,False
GaussianBudget20M_TOPGrowing,Whiskey_2023-CAKNF-007181,20230821,19,pyrologix,12,21-32,2023,0.0,0.0,0,drone,1,9.489961992702219e-05,4880,0.0046500813764240876,True
GaussianBudget20M_TOPGrowing,Whit_2023-CASTF-001582,20230815,22,pyrologix,2,none,2023,0.0,0.0,-1,undetected,1,9.489961992702219e-05,0,0.0,False
GaussianBudget20M_TOPGrowing,Whitaker_2023-CALAC-325637,20230923,1,pyrologix,1,none,2023,0.0,0.0,-1,undetected,1,9.489961992702219e-05,0,0.0,False
GaussianBudget20M_TOPGrowing,White_2023-CASKU-006984,20230815,21,pyrologix,2,none,2023,0.0,0.0,-1,undetected,1,9.489961992702219e-05,0,0.0,False
GaussianBudget20M_TOPGrowing,Whitlow_2023-CASHF-000977,20230815,11,pyrologix,9,39-36,2023,0.0,0.0,0,drone,1,9.489961992702219e-05,3675,0.0046500813764240876,True
GaussianBudget20M_TOPGrowing,Whitney_2023-CAINF-001878,20231016,22,pyrologix,7,none,2023,0.0,0.0,-1,undetected,1,9.489961992702219e-05,0,0.0,False
GaussianBudget20M_TOPGrowing,Whitney_2023-CASHF-000753,20230706,0,pyrologix,10,none,2023,0.0,0.0,-1,undetected,1,9.489961992702219e-05,0,0.0,False
GaussianBudget20M_TOPGrowing,Wilcox_2023-CAPNF-001380,20230919,12,pyrologix,12,67-62,2023,0.0,0.0,0,drone,1,9.489961992702219e-05,4810,0.0046500813764240876,True
GaussianBudget20M_TOPGrowing,Wild_2023-CABDF-010665,20230727,17,pyrologix,11,none,2023,0.0,0.0,-1,undetected,1,9.489961992702219e-05,0,0.0,False
GaussianBudget20M_TOPGrowing,Wildcat_2023-CAPNF-000490,20230614,16,pyrologix,2,67-62,2023,0.0,0.0,0,drone,1,9.489961992702219e-05,855,0.004460282136570043,True
GaussianBudget20M_TOPGrowing,Wildcat_2023-CASHF-001011,20230818,4,pyrologix,7,39-36,2023,0.0,0.0,0,drone,1,9.489961992702219e-05,2760,0.0046500813764240876,True
GaussianBudget20M_TOPGrowing,Wildcat_2023-CASNF-000555,20230617,23,pyrologix,11,none,2023,0.0,0.0,-1,undetected,1,9.489961992702219e-05,0,0.0,False
GaussianBudget20M_TOPGrowing,Wildwood_2023-CASHF-000646,20230622,5,pyrologix,4,50-25,2023,0.0,0.0,0,drone,1,9.489961992702219e-05,1745,0.0046500813764240876,True
GaussianBudget20M_TOPGrowing,Wilfred_2023-CAINF-001084,20230721,0,pyrologix,8,none,2023,0.0,0.0,-1,undetected,1,9.489961992702219e-05,0,0.0,False
GaussianBudget20M_TOPGrowing,Williams_2023-CAPNF-000848,20230801,15,pyrologix,9,74-61,2023,0.0,0.0,1,drone,1,9.489961992702219e-05,3990,0.0046500813764240876,True
GaussianBudget20M_TOPGrowing,Willow_2023-CAKNF-004131,20230529,14,pyrologix,4,23-46,2023,0.0,0.0,0,drone,1,9.489961992702219e-05,1960,0.0046500813764240876,True
GaussianBudget20M_TOPGrowing,Willow_2023-CALNF-004262,20230812,15,pyrologix,5,60-50,2023,0.0,0.0,1,drone,1,9.489961992702219e-05,2570,0.0046500813764240876,True
GaussianBudget20M_TOPGrowing,Willow_2023-CAMDF-000586,20230819,20,pyrologix,10,none,2023,0.0,0.0,-1,undetected,1,9.489961992702219e-05,0,0.0,False
GaussianBudget20M_TOPGrowing,Willow_2023-CAMDF-000932,20230919,20,pyrologix,10,none,2023,0.0,0.0,-1,undetected,1,9.489961992702219e-05,0,0.0,False
GaussianBudget20M_TOPGrowing,Willow_2023-CASQF-002141,20230930,22,pyrologix,4,none,2023,0.0,0.0,-1,undetected,1,9.489961992702219e-05,0,0.0,False
GaussianBudget20M_TOPGrowing,Willow_2023-CASRF-000519,20230612,21,pyrologix,4,36-20,2023,0.0,0.0,0,drone,1,9.489961992702219e-05,1730,0.0046500813764240876,True
GaussianBudget20M_TOPGrowing,Wimer_2023-CASRF-001057,20230825,13,pyrologix,12,none,2023,0.0,0.0,-1,undetected,1,9.489961992702219e-05,0,0.0,False
GaussianBudget20M_TOPGrowing,Woodchopper_2023-CAKNF-004638,20230612,14,pyrologix,12,21-39,2023,0.0,0.0,0,drone,1,9.489961992702219e-05,4730,0.0046500813764240876,True
GaussianBudget20M_TOPGrowing,Woodchuck_2023-CATNF-001500,20230915,18,pyrologix,4,none,2023,0.0,0.0,-1,undetected,1,9.489961992702219e-05,0,0.0,False
GaussianBudget20M_TOPGrowing,Wooded_2023-CACNF-000705,20230409,23,pyrologix,1,none,2023,0.0,0.0,-1,undetected,1,9.489961992702219e-05,0,0.0,False
GaussianBudget20M_TOPGrowing,Woods_2023-CASHF-000928,20230807,16,pyrologix,2,none,2023,0.0,0.0,-1,undetected,1,9.489961992702219e-05,0,0.0,False
GaussianBudget20M_TOPGrowing,Woodtick_2023-CASRF-000531,20230614,21,pyrologix,2,none,2023,0.0,0.0,-1,undetected,1,9.489961992702219e-05,0,0.0,False
GaussianBudget20M_TOPGrowing,Work_2023-CAANF-002022,20230705,2,pyrologix,7,none,2023,0.0,0.0,-1,undetected,1,9.489961992702219e-05,0,0.0,False
GaussianBudget20M_TOPGrowing,Yankee_2023-CASQF-000539,20230515,13,pyrologix,7,none,2023,0.0,0.0,-1,undetected,1,9.489961992702219e-05,0,0.0,False
GaussianBudget20M_TOPGrowing,Yellow_2023-CASKU-005548,20230706,21,pyrologix,11,none,2023,0.0,0.0,-1,undetected,1,9.489961992702219e-05,0,0.0,False
GaussianBudget20M_TOPGrowing,Young_2023-CAMDF-000198,20230530,0,pyrologix,2,none,2023,0.0,0.0,-1,undetected,1,9.489961992702219e-05,0,0.0,False
GaussianBudget20M_TOPGrowing,Yreka_2023-CASKU-004527,20230609,22,pyrologix,1,21-39,2023,0.0,0.0,0,drone,1,9.489961992702219e-05,675,0.004555181756497065,True
GaussianBudget20M_TOPGrowing,Zot_2023-CASHF-000494,20230528,19,pyrologix,7,none,2023,0.0,0.0,-1,undetected,1,9.489961992702219e-05,0,0.0,False
