strategy_combo,scenario_name,date,sim_start_hour,log_key,offset,cluster,year,routing_compute_seconds,sim_replay_seconds,delta_t,device,fire_size_cells,fire_size_percentage,total_distance_traveled,percentage_map_explored,routed
GaussianBudget50M_TOPGrowing,1-1_MAPES_2022-CALMU-004450,20220818,12,pyrologix,6,47-67,2022,0.0,0.0,0,drone,1,9.489961992702219e-05,2485,0.0046500813764240876,True
GaussianBudget50M_TOPGrowing,1-5_WILDCAT_2022-CALMU-004170,20220805,20,pyrologix,4,47-67,2022,0.0,0.0,0,drone,1,9.489961992702219e-05,1855,0.0046500813764240876,True
GaussianBudget50M_TOPGrowing,2022_SQF_ABCD_MISC__2022-CASQF-001231,20220622,13,pyrologix,6,159-73,2022,0.0,0.0,0,drone,1,9.489961992702219e-05,2525,0.0046500813764240876,True
GaussianBudget50M_TOPGrowing,3-1_CORDER_2022-CALMU-004055,20220801,17,pyrologix,2,46-60,2022,0.0,0.0,0,drone,1,9.489961992702219e-05,920,0.004555181756497065,True
GaussianBudget50M_TOPGrowing,3-1_LOST_2022-CALMU-004455,20220818,14,pyrologix,8,46-60,2022,0.0,0.0,0,drone,1,9.489961992702219e-05,3370,0.0046500813764240876,True
GaussianBudget50M_TOPGrowing,3-3_JUNIPER_2022-CALMU-004137,20220804,21,pyrologix,4,46-60,2022,0.0,0.0,0,drone,1,9.489961992702219e-05,1635,0.0046500813764240876,True
GaussianBudget50M_TOPGrowing,3-4_MCCLURE_2022-CALMU-004136,20220804,20,pyrologix,6,53-62,2022,0.0,0.0,0,drone,1,9.489961992702219e-05,2450,0.0046500813764240876,True
GaussianBudget50M_TOPGrowing,3-9_EAST_2022-CALMU-004244,20220809,10,pyrologix,5,46-60,2022,0.0,0.0,2,drone,1,9.489961992702219e-05,2815,0.0046500813764240876,True
GaussianBudget50M_TOPGrowing,79_2022-CACNF-002116,20220903,6,pyrologix,8,230-96,2022,0.0,0.0,0,drone,1,9.489961992702219e-05,3390,0.0046500813764240876,True
GaussianBudget50M_TOPGrowing,ACORN_2022-CASHF-000422,20220521,13,pyrologix,11,39-25,2022,0.0,0.0,0,drone,1,9.489961992702219e-05,4405,0.0046500813764240876,True
GaussianBudget50M_TOPGrowing,AIRPORT_2022-CAENF-016495,20220623,21,pyrologix,5,90-60,2022,0.0,0.0,0,drone,1,9.489961992702219e-05,2110,0.0046500813764240876,True
GaussianBudget50M_TOPGrowing,ALEX_2022-CAKNF-006290,20220731,11,pyrologix,8,18-33,2022,0.0,0.0,0,drone,1,9.489961992702219e-05,3290,0.004555181756497065,True
GaussianBudget50M_TOPGrowing,ALISO_2022-CAANF-003283,20221007,0,pyrologix,4,none,2022,0.0,0.0,-1,undetected,1,9.489961992702219e-05,0,0.0,False
GaussianBudget50M_TOPGrowing,ALTO_2022-CABDF-012077,20220814,20,pyrologix,7,none,2022,0.0,0.0,-1,undetected,1,9.489961992702219e-05,0,0.0,False
GaussianBudget50M_TOPGrowing,ANDERSON__2022-CACNF-001371,20220620,18,pyrologix,11,none,2022,0.0,0.0,-1,undetected,1,9.489961992702219e-05,0,0.0,False
GaussianBudget50M_TOPGrowing,ANNIE_2022-CALPF-001810,20220804,17,pyrologix,8,none,2022,0.0,0.0,-1,undetected,1,9.489961992702219e-05,0,0.0,False
GaussianBudget50M_TOPGrowing,ANTELOPE_2022-CAMDF-000323,20220628,17,pyrologix,2,none,2022,0.0,0.0,-1,undetected,1,9.489961992702219e-05,0,0.0,False
GaussianBudget50M_TOPGrowing,APPLEGATE_2022-CAKNF-002489,20220402,18,pyrologix,4,16-26,2022,0.0,0.0,1,drone,1,9.489961992702219e-05,2120,0.004555181756497065,True
GaussianBudget50M_TOPGrowing,ASH_2022-CALPF-001994,20220820,18,pyrologix,7,none,2022,0.0,0.0,-1,undetected,1,9.489961992702219e-05,0,0.0,False
GaussianBudget50M_TOPGrowing,ASH_2022-CASTF-001481,20220813,15,pyrologix,12,109-64,2022,0.0,0.0,0,drone,1,9.489961992702219e-05,4915,0.0046500813764240876,True
GaussianBudget50M_TOPGrowing,ASH_2022-CATNF-001338,20220905,22,pyrologix,7,84-67,2022,0.0,0.0,0,drone,1,9.489961992702219e-05,2800,0.004839880616278132,True
GaussianBudget50M_TOPGrowing,ASPENDELL_2022-CAINF-001173,20220621,21,pyrologix,6,none,2022,0.0,0.0,-1,undetected,1,9.489961992702219e-05,0,0.0,False
GaussianBudget50M_TOPGrowing,ASPEN_2022-CAENF-017949,20220706,16,pyrologix,3,none,2022,0.0,0.0,-1,undetected,1,9.489961992702219e-05,0,0.0,False
GaussianBudget50M_TOPGrowing,ASPEN_2022-CAMDF-000643,20220808,18,pyrologix,5,none,2022,0.0,0.0,-1,undetected,1,9.489961992702219e-05,0,0.0,False
GaussianBudget50M_TOPGrowing,AUSTIN_2022-CATNF-001000,20220730,10,pyrologix,9,none,2022,0.0,0.0,-1,undetected,1,9.489961992702219e-05,0,0.0,False
GaussianBudget50M_TOPGrowing,AZALEA_2022-CABDF-012393,20220823,23,pyrologix,1,218-98,2022,0.0,0.0,0,drone,1,9.489961992702219e-05,625,0.004365382516643021,True
GaussianBudget50M_TOPGrowing,Ackerson_2022-CASTF-STF-1842,20220920,11,pyrologix,12,118-64,2022,0.0,0.0,0,drone,1,9.489961992702219e-05,4855,0.0046500813764240876,True
GaussianBudget50M_TOPGrowing,Alamo_2022-CALPF-001331,20220622,17,pyrologix,8,none,2022,0.0,0.0,-1,undetected,1,9.489961992702219e-05,0,0.0,False
GaussianBudget50M_TOPGrowing,Ammon_2022-CASRF-000635,20220805,6,pyrologix,8,39-18,2022,0.0,0.0,0,drone,1,9.489961992702219e-05,3220,0.0046500813764240876,True
GaussianBudget50M_TOPGrowing,Arroyo_2022-CALPF-000376,20220303,21,pyrologix,5,none,2022,0.0,0.0,-1,undetected,1,9.489961992702219e-05,0,0.0,False
GaussianBudget50M_TOPGrowing,BABBIT_2022-CATNF-000696,20220626,22,pyrologix,5,84-67,2022,0.0,0.0,1,drone,1,9.489961992702219e-05,2530,0.004839880616278132,True
GaussianBudget50M_TOPGrowing,BAILEY_2022-CAANF-002320,20220721,13,pyrologix,12,none,2022,0.0,0.0,-1,undetected,1,9.489961992702219e-05,0,0.0,False
GaussianBudget50M_TOPGrowing,BAKER_2022-CASQF-001270,20220624,14,pyrologix,5,172-80,2022,0.0,0.0,0,drone,1,9.489961992702219e-05,2130,0.0046500813764240876,True
GaussianBudget50M_TOPGrowing,BALDY_2022-CAANF-001852,20220623,23,pyrologix,9,206-87,2022,0.0,0.0,0,drone,1,9.489961992702219e-05,3790,0.004555181756497065,True
GaussianBudget50M_TOPGrowing,BALDY_2022-CABDF-002467,20220209,20,pyrologix,11,206-87,2022,0.0,0.0,0,drone,1,9.489961992702219e-05,4380,0.004555181756497065,True
GaussianBudget50M_TOPGrowing,BALD_2022-CAPNF-001357,20220730,14,pyrologix,2,77-48,2022,0.0,0.0,1,drone,1,9.489961992702219e-05,1350,0.004555181756497065,True
GaussianBudget50M_TOPGrowing,BANNER_2022-CAINF-001469,20220716,19,pyrologix,11,none,2022,0.0,0.0,-1,undetected,1,9.489961992702219e-05,0,0.0,False
GaussianBudget50M_TOPGrowing,BARNES_2022-CAMDF-000896,20220907,21,pyrologix,4,none,2022,0.0,0.0,-1,undetected,1,9.489961992702219e-05,0,0.0,False
GaussianBudget50M_TOPGrowing,BARNEY_2022-CASHF-000173,20220311,16,pyrologix,12,39-25,2022,0.0,0.0,0,drone,1,9.489961992702219e-05,4755,0.0046500813764240876,True
GaussianBudget50M_TOPGrowing,BARN_2022-CACNF-001051,20220526,18,pyrologix,8,none,2022,0.0,0.0,-1,undetected,1,9.489961992702219e-05,0,0.0,False
GaussianBudget50M_TOPGrowing,BAR_2022-CAKNF-003718,20220519,20,pyrologix,1,25-33,2022,0.0,0.0,1,drone,1,9.489961992702219e-05,975,0.0046500813764240876,True
GaussianBudget50M_TOPGrowing,BAR_2022-CASNF-000339,20220506,19,pyrologix,4,139-70,2022,0.0,0.0,0,drone,1,9.489961992702219e-05,1650,0.0046500813764240876,True
GaussianBudget50M_TOPGrowing,BASIN_2022-CABDF-014112,20221010,16,pyrologix,10,206-87,2022,0.0,0.0,1,drone,1,9.489961992702219e-05,4315,0.004555181756497065,True
GaussianBudget50M_TOPGrowing,BASIN_2022-CASNF-001644,20221126,15,pyrologix,11,139-70,2022,0.0,0.0,0,drone,1,9.489961992702219e-05,4295,0.0046500813764240876,True
GaussianBudget50M_TOPGrowing,BEACROFT_2022-CATNF-001275,20220902,14,pyrologix,2,90-60,2022,0.0,0.0,1,drone,1,9.489961992702219e-05,1260,0.004460282136570043,True
GaussianBudget50M_TOPGrowing,BEAN_2022-CALPF-002662,20221030,15,pyrologix,2,none,2022,0.0,0.0,-1,undetected,1,9.489961992702219e-05,0,0.0,False
GaussianBudget50M_TOPGrowing,BEAR_2022-CAANF-001197,20220501,9,pyrologix,1,none,2022,0.0,0.0,-1,undetected,1,9.489961992702219e-05,0,0.0,False
GaussianBudget50M_TOPGrowing,BEAR_2022-CABDF-013137,20220912,20,pyrologix,10,none,2022,0.0,0.0,-1,undetected,1,9.489961992702219e-05,0,0.0,False
GaussianBudget50M_TOPGrowing,BEAR_2022-CAMDF-000592,20220805,19,pyrologix,3,40-70,2022,0.0,0.0,0,drone,1,9.489961992702219e-05,1365,0.0046500813764240876,True
GaussianBudget50M_TOPGrowing,BEAR_2022-CASKU-006701,20220809,13,pyrologix,7,37-52,2022,0.0,0.0,0,drone,1,9.489961992702219e-05,2790,0.0046500813764240876,True
GaussianBudget50M_TOPGrowing,BEAR_2022-CASQF-002485,20220924,0,pyrologix,4,none,2022,0.0,0.0,-1,undetected,1,9.489961992702219e-05,0,0.0,False
GaussianBudget50M_TOPGrowing,BEAR_2022-CASTF-000836,20220616,20,pyrologix,1,none,2022,0.0,0.0,-1,undetected,1,9.489961992702219e-05,0,0.0,False
GaussianBudget50M_TOPGrowing,BEER_2022-CAINF-001769,20220813,20,pyrologix,6,164-82,2022,0.0,0.0,0,drone,1,9.489961992702219e-05,2540,0.0046500813764240876,True
GaussianBudget50M_TOPGrowing,BEE_2022-CABDF-002238,20220205,16,pyrologix,7,218-98,2022,0.0,0.0,0,drone,1,9.489961992702219e-05,2955,0.0046500813764240876,True
GaussianBudget50M_TOPGrowing,BELKNAP_2022-CASQF-001805,20220724,13,pyrologix,11,165-77,2022,0.0,0.0,1,drone,1,9.489961992702219e-05,4860,0.0046500813764240876,True
GaussianBudget50M_TOPGrowing,BELL_2022-CAMDF-000549,20220802,19,pyrologix,9,none,2022,0.0,0.0,-1,undetected,1,9.489961992702219e-05,0,0.0,False
GaussianBudget50M_TOPGrowing,BENJAMIN_2022-CAKNF-001866,20220310,17,pyrologix,4,16-26,2022,0.0,0.0,0,drone,1,9.489961992702219e-05,1745,0.004555181756497065,True
GaussianBudget50M_TOPGrowing,BEN_2022-CAANF-003339,20221013,16,pyrologix,3,none,2022,0.0,0.0,-1,undetected,1,9.489961992702219e-05,0,0.0,False
GaussianBudget50M_TOPGrowing,BERRY_2022-CATNF-001201,20220822,22,pyrologix,4,77-62,2022,0.0,0.0,0,drone,1,9.489961992702219e-05,1690,0.0046500813764240876,True
GaussianBudget50M_TOPGrowing,BICHOTA_2022-CAANF-003475,20221030,13,pyrologix,9,none,2022,0.0,0.0,-1,undetected,1,9.489961992702219e-05,0,0.0,False
GaussianBudget50M_TOPGrowing,BIG_2022-CAANF-000779,20220325,21,pyrologix,8,none,2022,0.0,0.0,-1,undetected,1,9.489961992702219e-05,0,0.0,False
GaussianBudget50M_TOPGrowing,BIG_2022-CAINF-001643,20220801,21,pyrologix,9,none,2022,0.0,0.0,-1,undetected,1,9.489961992702219e-05,0,0.0,False
GaussianBudget50M_TOPGrowing,BLACKBERRY_2022-CAKNF-009020,20221011,12,pyrologix,9,16-26,2022,0.0,0.0,0,drone,1,9.489961992702219e-05,3590,0.004555181756497065,True
GaussianBudget50M_TOPGrowing,BLACK_2022-CABDF-010481,20220705,2,pyrologix,5,218-98,2022,0.0,0.0,0,drone,1,9.489961992702219e-05,2190,0.0046500813764240876,True
GaussianBudget50M_TOPGrowing,BLACK_2022-CASHF-001052,20220927,17,pyrologix,11,35-47,2022,0.0,0.0,0,drone,1,9.489961992702219e-05,4570,0.0046500813764240876,True
GaussianBudget50M_TOPGrowing,BLOSSOM_2022-CABDF-009708,20220621,16,pyrologix,6,206-87,2022,0.0,0.0,0,drone,1,9.489961992702219e-05,2580,0.004460282136570043,True
GaussianBudget50M_TOPGrowing,BLUE_2022-CAKNF-006308,20220731,17,pyrologix,7,18-33,2022,0.0,0.0,0,drone,1,9.489961992702219e-05,2910,0.004555181756497065,True
GaussianBudget50M_TOPGrowing,BLUE_2022-CASHF-000765,20220804,23,pyrologix,3,32-33,2022,0.0,0.0,0,drone,1,9.489961992702219e-05,1400,0.0046500813764240876,True
GaussianBudget50M_TOPGrowing,BLUE_CANYON_2022-CAKNF-006483,20220804,22,pyrologix,6,28-47,2022,0.0,0.0,0,drone,1,9.489961992702219e-05,2605,0.0046500813764240876,True
GaussianBudget50M_TOPGrowing,BLUE__2022-CAANF-001567,20220531,0,pyrologix,3,206-87,2022,0.0,0.0,0,drone,1,9.489961992702219e-05,1235,0.004460282136570043,True
GaussianBudget50M_TOPGrowing,BLUFF_2022-CAINF-001703,20220806,15,pyrologix,7,none,2022,0.0,0.0,-1,undetected,1,9.489961992702219e-05,0,0.0,False
GaussianBudget50M_TOPGrowing,BOBCAT_2022-CACNF-001542,20220703,17,pyrologix,4,none,2022,0.0,0.0,-1,undetected,1,9.489961992702219e-05,0,0.0,False
GaussianBudget50M_TOPGrowing,BOCA_2022-CATNF-000710,20220629,18,pyrologix,4,84-67,2022,0.0,0.0,1,drone,1,9.489961992702219e-05,2045,0.004839880616278132,True
GaussianBudget50M_TOPGrowing,BOCA_2_2022-CATNF-001022,20220801,8,pyrologix,9,84-67,2022,0.0,0.0,0,drone,1,9.489961992702219e-05,3580,0.004839880616278132,True
GaussianBudget50M_TOPGrowing,BORDER_2022-CAMDF-000651,20220809,9,pyrologix,8,none,2022,0.0,0.0,-1,undetected,1,9.489961992702219e-05,0,0.0,False
GaussianBudget50M_TOPGrowing,BOTANICAL_2022-CALPF-002665,20221030,14,pyrologix,10,none,2022,0.0,0.0,-1,undetected,1,9.489961992702219e-05,0,0.0,False
GaussianBudget50M_TOPGrowing,BOULDER_2022-CAINF-001582,20220725,14,pyrologix,9,none,2022,0.0,0.0,-1,undetected,1,9.489961992702219e-05,0,0.0,False
GaussianBudget50M_TOPGrowing,BOUQUET_2022-CAANF-001564,20220530,16,pyrologix,10,none,2022,0.0,0.0,-1,undetected,1,9.489961992702219e-05,0,0.0,False
GaussianBudget50M_TOPGrowing,BOX_2022-CAKNF-007027,20220818,21,pyrologix,9,25-33,2022,0.0,0.0,0,drone,1,9.489961992702219e-05,3855,0.0046500813764240876,True
GaussianBudget50M_TOPGrowing,BRADLY_2022-CABDF-009396,20220614,19,pyrologix,7,206-87,2022,0.0,0.0,0,drone,1,9.489961992702219e-05,2840,0.004460282136570043,True
GaussianBudget50M_TOPGrowing,BRAKE_2022-CAANF-001466,20220525,12,pyrologix,12,none,2022,0.0,0.0,-1,undetected,1,9.489961992702219e-05,0,0.0,False
GaussianBudget50M_TOPGrowing,BRONCO_2022-CABDF-012134,20220817,17,pyrologix,5,206-87,2022,0.0,0.0,0,drone,1,9.489961992702219e-05,2075,0.004460282136570043,True
GaussianBudget50M_TOPGrowing,BROWN_2022-CALMU-006355,20221125,3,pyrologix,4,none,2022,0.0,0.0,-1,undetected,1,9.489961992702219e-05,0,0.0,False
GaussianBudget50M_TOPGrowing,BROWN_2022-CASQF-002517,20220927,20,pyrologix,2,none,2022,0.0,0.0,-1,undetected,1,9.489961992702219e-05,0,0.0,False
GaussianBudget50M_TOPGrowing,BRUSHY_2022-CASHF-000670,20220720,19,pyrologix,6,53-26,2022,0.0,0.0,1,drone,1,9.489961992702219e-05,2940,0.0046500813764240876,True
GaussianBudget50M_TOPGrowing,BRYANT_2022-CAANF-003714,20221130,1,pyrologix,1,none,2022,0.0,0.0,-1,undetected,1,9.489961992702219e-05,0,0.0,False
GaussianBudget50M_TOPGrowing,BULL_2022-CALPF-001028,20220524,20,pyrologix,4,none,2022,0.0,0.0,-1,undetected,1,9.489961992702219e-05,0,0.0,False
GaussianBudget50M_TOPGrowing,BURRO_2022-CAANF-003334,20221012,17,pyrologix,10,none,2022,0.0,0.0,-1,undetected,1,9.489961992702219e-05,0,0.0,False
GaussianBudget50M_TOPGrowing,BUS_2022-CAANF-003703,20221127,21,pyrologix,4,none,2022,0.0,0.0,-1,undetected,1,9.489961992702219e-05,0,0.0,False
GaussianBudget50M_TOPGrowing,BUTTE_2022-CAKNF-006557,20220805,12,pyrologix,8,21-47,2022,0.0,0.0,0,drone,1,9.489961992702219e-05,3345,0.004270482896715999,True
GaussianBudget50M_TOPGrowing,BYPASS__2022-CABDF-002167,20220205,22,pyrologix,5,none,2022,0.0,0.0,-1,undetected,1,9.489961992702219e-05,0,0.0,False
GaussianBudget50M_TOPGrowing,Bark_Shanty_2022-CASRF-000110,20220308,18,pyrologix,8,25-20,2022,0.0,0.0,1,drone,1,9.489961992702219e-05,3630,0.0046500813764240876,True
GaussianBudget50M_TOPGrowing,Beaver_2022-CAPNF-001186,20220717,16,pyrologix,11,76-55,2022,0.0,0.0,0,drone,1,9.489961992702219e-05,4390,0.0046500813764240876,True
GaussianBudget50M_TOPGrowing,Beebe_2022-CASRF-000349,20220527,15,pyrologix,3,32-19,2022,0.0,0.0,0,drone,1,9.489961992702219e-05,1340,0.0046500813764240876,True
GaussianBudget50M_TOPGrowing,Bell__2022-CAPNF-001745,20220903,16,pyrologix,11,70-57,2022,0.0,0.0,0,drone,1,9.489961992702219e-05,4285,0.0046500813764240876,True
GaussianBudget50M_TOPGrowing,Big_Bar_2022-CASRF-000883,20221012,0,pyrologix,10,32-19,2022,0.0,0.0,1,drone,1,9.489961992702219e-05,4435,0.0046500813764240876,True
GaussianBudget50M_TOPGrowing,Bison_2022-CALPF-000531,20220326,20,pyrologix,11,none,2022,0.0,0.0,-1,undetected,1,9.489961992702219e-05,0,0.0,False
GaussianBudget50M_TOPGrowing,Blue_2022-CASRF-000186,20220331,16,pyrologix,4,none,2022,0.0,0.0,-1,undetected,1,9.489961992702219e-05,0,0.0,False
GaussianBudget50M_TOPGrowing,Blue_Jay_2022-CACNF-000342,20220220,22,pyrologix,2,none,2022,0.0,0.0,-1,undetected,1,9.489961992702219e-05,0,0.0,False
GaussianBudget50M_TOPGrowing,Boatman_2022-CASRF-000619,20220805,7,pyrologix,10,32-19,2022,0.0,0.0,0,drone,1,9.489961992702219e-05,4025,0.0046500813764240876,True
GaussianBudget50M_TOPGrowing,Boise_2022-CASRF-000411,20220613,18,pyrologix,10,39-18,2022,0.0,0.0,0,drone,1,9.489961992702219e-05,4150,0.0046500813764240876,True
GaussianBudget50M_TOPGrowing,Bosley_2022-CACNF-000078,20220111,21,pyrologix,5,none,2022,0.0,0.0,-1,undetected,1,9.489961992702219e-05,0,0.0,False
GaussianBudget50M_TOPGrowing,Bravo_2022-CASRF-000622,20220805,10,pyrologix,9,39-18,2022,0.0,0.0,0,drone,1,9.489961992702219e-05,3755,0.0046500813764240876,True
GaussianBudget50M_TOPGrowing,Bremer_2022-CASRF-000623,20220805,8,pyrologix,12,32-19,2022,0.0,0.0,1,drone,1,9.489961992702219e-05,5155,0.0046500813764240876,True
GaussianBudget50M_TOPGrowing,Bridge_2022-CALPF-001017,20220522,21,pyrologix,5,none,2022,0.0,0.0,-1,undetected,1,9.489961992702219e-05,0,0.0,False
GaussianBudget50M_TOPGrowing,Bucks__2022-CAPNF-000761,20220604,10,pyrologix,10,70-57,2022,0.0,0.0,0,drone,1,9.489961992702219e-05,3975,0.0046500813764240876,True
GaussianBudget50M_TOPGrowing,Butterfly_2022-CAPNF-001669,20220824,18,pyrologix,7,70-57,2022,0.0,0.0,0,drone,1,9.489961992702219e-05,2810,0.0046500813764240876,True
GaussianBudget50M_TOPGrowing,Butterfly_2022-CAPNF-002295,20221030,11,pyrologix,6,70-57,2022,0.0,0.0,0,drone,1,9.489961992702219e-05,2590,0.0046500813764240876,True
GaussianBudget50M_TOPGrowing,Buzzard_2022-CATNF-001557,20221016,23,pyrologix,4,none,2022,0.0,0.0,-1,undetected,1,9.489961992702219e-05,0,0.0,False
GaussianBudget50M_TOPGrowing,CABIN_2022-CAANF-003337,20221013,13,pyrologix,6,206-87,2022,0.0,0.0,0,drone,1,9.489961992702219e-05,2360,0.004460282136570043,True
GaussianBudget50M_TOPGrowing,CABLE_2022-CAAEU-020435,20220726,20,pyrologix,7,97-54,2022,0.0,0.0,0,drone,1,9.489961992702219e-05,2845,0.0046500813764240876,True
GaussianBudget50M_TOPGrowing,CACTUS__2022-CABDF-007448,20220430,15,pyrologix,10,none,2022,0.0,0.0,-1,undetected,1,9.489961992702219e-05,0,0.0,False
GaussianBudget50M_TOPGrowing,CAJON_2022-CABDF-009305,20220613,8,pyrologix,6,206-87,2022,0.0,0.0,0,drone,1,9.489961992702219e-05,2515,0.004460282136570043,True
GaussianBudget50M_TOPGrowing,CALLAHAN_2022-CAKNF-007153,20220821,18,pyrologix,12,34-40,2022,0.0,0.0,0,drone,1,9.489961992702219e-05,4935,0.0046500813764240876,True
GaussianBudget50M_TOPGrowing,CAMPGROUND_2022-CASQF-001266,20220624,22,pyrologix,4,none,2022,0.0,0.0,-1,undetected,1,9.489961992702219e-05,0,0.0,False
GaussianBudget50M_TOPGrowing,CAMP_2022-CAANF-001705,20220612,23,pyrologix,6,206-87,2022,0.0,0.0,1,drone,1,9.489961992702219e-05,2880,0.004460282136570043,True
GaussianBudget50M_TOPGrowing,CAMP_2022-CABDF-006949,20220417,18,pyrologix,6,225-101,2022,0.0,0.0,0,drone,1,9.489961992702219e-05,2455,0.0046500813764240876,True
GaussianBudget50M_TOPGrowing,CANDY_2022-CACNF-000413,20220303,14,pyrologix,12,none,2022,0.0,0.0,-1,undetected,1,9.489961992702219e-05,0,0.0,False
GaussianBudget50M_TOPGrowing,CANNELL_2022-CASQF-001251,20220623,14,pyrologix,5,172-80,2022,0.0,0.0,0,drone,1,9.489961992702219e-05,2095,0.0046500813764240876,True
GaussianBudget50M_TOPGrowing,CANYON_2022-CABDF-014978,20221028,21,pyrologix,3,206-87,2022,0.0,0.0,0,drone,1,9.489961992702219e-05,1235,0.004460282136570043,True
GaussianBudget50M_TOPGrowing,CANYON_2022-CACNF-001665,20220714,18,pyrologix,6,none,2022,0.0,0.0,-1,undetected,1,9.489961992702219e-05,0,0.0,False
GaussianBudget50M_TOPGrowing,CANYON_2022-CALPF-002421,20221001,17,pyrologix,7,none,2022,0.0,0.0,-1,undetected,1,9.489961992702219e-05,0,0.0,False
GaussianBudget50M_TOPGrowing,CAPRA_2022-CAANF-003323,20221011,13,pyrologix,12,none,2022,0.0,0.0,-1,undetected,1,9.489961992702219e-05,0,0.0,False
GaussianBudget50M_TOPGrowing,CARGO_2022-CAANF-001001,20220415,21,pyrologix,12,none,2022,0.0,0.0,-1,undetected,1,9.489961992702219e-05,0,0.0,False
GaussianBudget50M_TOPGrowing,CARISO_2022-CACNF-000934,20220515,3,pyrologix,1,none,2022,0.0,0.0,-1,undetected,1,9.489961992702219e-05,0,0.0,False
GaussianBudget50M_TOPGrowing,CARISO_2022-CARRU-069541,20220515,0,pyrologix,6,none,2022,0.0,0.0,-1,undetected,1,9.489961992702219e-05,0,0.0,False
GaussianBudget50M_TOPGrowing,CARMEL_2022-CALPF-001234,20220613,19,pyrologix,5,none,2022,0.0,0.0,-1,undetected,1,9.489961992702219e-05,0,0.0,False
GaussianBudget50M_TOPGrowing,CARMEN_2022-CAKNF-006432,20220803,23,pyrologix,5,34-40,2022,0.0,0.0,2,drone,1,9.489961992702219e-05,2935,0.0046500813764240876,True
GaussianBudget50M_TOPGrowing,CARSON_2022-CAAEU-016273,20220621,17,pyrologix,8,97-54,2022,0.0,0.0,0,drone,1,9.489961992702219e-05,3450,0.0046500813764240876,True
GaussianBudget50M_TOPGrowing,CASTILE_2022-CABDF-007822,20220510,19,pyrologix,9,218-98,2022,0.0,0.0,0,drone,1,9.489961992702219e-05,3810,0.0046500813764240876,True
GaussianBudget50M_TOPGrowing,CASUSE__2022-CAMDF-000350,20220703,19,pyrologix,11,none,2022,0.0,0.0,-1,undetected,1,9.489961992702219e-05,0,0.0,False
GaussianBudget50M_TOPGrowing,CAT_2022-CAANF-003131,20220918,20,pyrologix,8,206-87,2022,0.0,0.0,0,drone,1,9.489961992702219e-05,3350,0.004460282136570043,True
GaussianBudget50M_TOPGrowing,CAT_2022-CAENF-027328,20220924,15,pyrologix,7,104-58,2022,0.0,0.0,1,drone,1,9.489961992702219e-05,3210,0.0046500813764240876,True
GaussianBudget50M_TOPGrowing,CEDAR_2022-CAAEU-029099,20221011,23,pyrologix,9,97-54,2022,0.0,0.0,0,drone,1,9.489961992702219e-05,3550,0.0046500813764240876,True
GaussianBudget50M_TOPGrowing,CEDAR_2022-CALNF-005894,20221030,17,pyrologix,1,53-62,2022,0.0,0.0,1,drone,1,9.489961992702219e-05,880,0.003795984797080888,True
GaussianBudget50M_TOPGrowing,CEDAR_2022-CAMDF-000650,20220809,2,pyrologix,6,none,2022,0.0,0.0,-1,undetected,1,9.489961992702219e-05,0,0.0,False
GaussianBudget50M_TOPGrowing,CEDAR_2022-CASHF-001071,20221001,11,pyrologix,12,39-18,2022,0.0,0.0,0,drone,1,9.489961992702219e-05,4885,0.0046500813764240876,True
GaussianBudget50M_TOPGrowing,CEDAR_2022-CASKU-007792,20220907,16,pyrologix,6,25-54,2022,0.0,0.0,0,drone,1,9.489961992702219e-05,2485,0.0046500813764240876,True
GaussianBudget50M_TOPGrowing,CHASE_2022-CACNF-001567,20220705,13,pyrologix,12,none,2022,0.0,0.0,-1,undetected,1,9.489961992702219e-05,0,0.0,False
GaussianBudget50M_TOPGrowing,CHERRY_2022-CAANF-001728,20220613,20,pyrologix,5,none,2022,0.0,0.0,-1,undetected,1,9.489961992702219e-05,0,0.0,False
GaussianBudget50M_TOPGrowing,CHERRY_2022-CAKNF-007311,20220826,21,pyrologix,8,18-33,2022,0.0,0.0,0,drone,1,9.489961992702219e-05,3330,0.004555181756497065,True
GaussianBudget50M_TOPGrowing,CHERRY_2022-CASKU-007616,20220903,13,pyrologix,7,20-40,2022,0.0,0.0,0,drone,1,9.489961992702219e-05,2960,0.004555181756497065,True
GaussianBudget50M_TOPGrowing,CHERRY_2022-CASTF-000707,20220529,21,pyrologix,4,118-64,2022,0.0,0.0,1,drone,1,9.489961992702219e-05,2320,0.0046500813764240876,True
GaussianBudget50M_TOPGrowing,CHERRY__2022-CASQF-001669,20220716,0,pyrologix,2,152-72,2022,0.0,0.0,0,drone,1,9.489961992702219e-05,935,0.004365382516643021,True
GaussianBudget50M_TOPGrowing,CHILAO_RX_2022-CAANF-000476,20220221,21,pyrologix,7,none,2022,0.0,0.0,-1,undetected,1,9.489961992702219e-05,0,0.0,False
GaussianBudget50M_TOPGrowing,CHINA_2022-CASHF-000735,20220730,21,pyrologix,5,46-28,2022,0.0,0.0,0,drone,1,9.489961992702219e-05,2175,0.0046500813764240876,True
GaussianBudget50M_TOPGrowing,CHINA_2022-CATNF-000889,20220717,18,pyrologix,2,90-54,2022,0.0,0.0,0,drone,1,9.489961992702219e-05,1000,0.0046500813764240876,True
GaussianBudget50M_TOPGrowing,CHIPMUNK_2022-CASTF-001374,20220801,22,pyrologix,6,none,2022,0.0,0.0,-1,undetected,1,9.489961992702219e-05,0,0.0,False
GaussianBudget50M_TOPGrowing,CHUTE_2022-CALNF-005052,20220916,21,pyrologix,6,56-47,2022,0.0,0.0,0,drone,1,9.489961992702219e-05,2665,0.0046500813764240876,True
GaussianBudget50M_TOPGrowing,CHUTE_2_2022-CALNF-005054,20220917,21,pyrologix,7,56-47,2022,0.0,0.0,0,drone,1,9.489961992702219e-05,2890,0.0046500813764240876,True
GaussianBudget50M_TOPGrowing,CIENAGA_2022-CABDF-013642,20220928,21,pyrologix,1,none,2022,0.0,0.0,-1,undetected,1,9.489961992702219e-05,0,0.0,False
GaussianBudget50M_TOPGrowing,CITY_2022-CAINF-001017,20220605,22,pyrologix,3,none,2022,0.0,0.0,-1,undetected,1,9.489961992702219e-05,0,0.0,False
GaussianBudget50M_TOPGrowing,CITY_CREEK_2022-CABDF-000823,20220111,8,pyrologix,4,none,2022,0.0,0.0,-1,undetected,1,9.489961992702219e-05,0,0.0,False
GaussianBudget50M_TOPGrowing,CLARA_2022-CALAC-003782,20220104,0,pyrologix,9,none,2022,0.0,0.0,-1,undetected,1,9.489961992702219e-05,0,0.0,False
GaussianBudget50M_TOPGrowing,CLEAR_2022-CASHF-000804,20220810,17,pyrologix,7,35-47,2022,0.0,0.0,0,drone,1,9.489961992702219e-05,2965,0.0046500813764240876,True
GaussianBudget50M_TOPGrowing,CLOUDLAND__2022-CABDF-011721,20220803,16,pyrologix,12,none,2022,0.0,0.0,-1,undetected,1,9.489961992702219e-05,0,0.0,False
GaussianBudget50M_TOPGrowing,CLOUD_2022-CABDF-002605,20220212,2,pyrologix,6,none,2022,0.0,0.0,-1,undetected,1,9.489961992702219e-05,0,0.0,False
GaussianBudget50M_TOPGrowing,COBBLESTONE_2022-CAENF-014019,20220531,11,pyrologix,12,90-60,2022,0.0,0.0,1,drone,1,9.489961992702219e-05,5210,0.0046500813764240876,True
GaussianBudget50M_TOPGrowing,COFFEE_2022-CASHF-000727,20220729,18,pyrologix,4,32-33,2022,0.0,0.0,0,drone,1,9.489961992702219e-05,1755,0.0046500813764240876,True
GaussianBudget50M_TOPGrowing,COLDWATER_2022-CABDF-010684,20220710,16,pyrologix,3,none,2022,0.0,0.0,-1,undetected,1,9.489961992702219e-05,0,0.0,False
GaussianBudget50M_TOPGrowing,COLD_2022-CABDF-010816,20220713,4,pyrologix,5,206-87,2022,0.0,0.0,0,drone,1,9.489961992702219e-05,1955,0.004460282136570043,True
GaussianBudget50M_TOPGrowing,COLD_2022-CAKNF-007065,20220818,18,pyrologix,2,25-33,2022,0.0,0.0,1,drone,1,9.489961992702219e-05,1420,0.0046500813764240876,True
GaussianBudget50M_TOPGrowing,COLD_2022-CASNF-001542,20221020,14,pyrologix,12,132-67,2022,0.0,0.0,1,drone,1,9.489961992702219e-05,5240,0.0046500813764240876,True
GaussianBudget50M_TOPGrowing,CONANT_2022-CASHF-000736,20220731,10,pyrologix,4,41-39,2022,0.0,0.0,1,drone,1,9.489961992702219e-05,2155,0.0046500813764240876,True
GaussianBudget50M_TOPGrowing,CONVICT_2022-CAINF-000856,20220515,19,pyrologix,2,none,2022,0.0,0.0,-1,undetected,1,9.489961992702219e-05,0,0.0,False
GaussianBudget50M_TOPGrowing,COOK_2022-CABDF-005145,20220318,14,pyrologix,6,none,2022,0.0,0.0,-1,undetected,1,9.489961992702219e-05,0,0.0,False
GaussianBudget50M_TOPGrowing,CORRAL_2022-CALNF-005348,20221001,9,pyrologix,10,51-53,2022,0.0,0.0,0,drone,1,9.489961992702219e-05,4190,0.0046500813764240876,True
GaussianBudget50M_TOPGrowing,CORRAL_2022-CASQF-002025,20220809,16,pyrologix,11,164-82,2022,0.0,0.0,0,drone,1,9.489961992702219e-05,4485,0.0046500813764240876,True
GaussianBudget50M_TOPGrowing,CORRINE_2022-CAMMU-019359,20220830,2,pyrologix,11,139-64,2022,0.0,0.0,0,drone,1,9.489961992702219e-05,4465,0.004555181756497065,True
GaussianBudget50M_TOPGrowing,COTTONWOOD_2022-CALPF-001352,20220624,17,pyrologix,4,none,2022,0.0,0.0,-1,undetected,1,9.489961992702219e-05,0,0.0,False
GaussianBudget50M_TOPGrowing,COUGAR_2022-CASQF-001733,20220720,20,pyrologix,3,165-77,2022,0.0,0.0,1,drone,1,9.489961992702219e-05,1875,0.0046500813764240876,True
GaussianBudget50M_TOPGrowing,COVE_2022-CALNF-005200,20220923,18,pyrologix,8,53-62,2022,0.0,0.0,0,drone,1,9.489961992702219e-05,3220,0.0046500813764240876,True
GaussianBudget50M_TOPGrowing,COW_2022-CAANF-003324,20221011,17,pyrologix,9,206-87,2022,0.0,0.0,0,drone,1,9.489961992702219e-05,3735,0.004555181756497065,True
GaussianBudget50M_TOPGrowing,COYOTE_2022-CAANF-002380,20220724,9,pyrologix,1,none,2022,0.0,0.0,-1,undetected,1,9.489961992702219e-05,0,0.0,False
GaussianBudget50M_TOPGrowing,CRAWFORD__2022-CASQF-001737,20220721,1,pyrologix,2,165-77,2022,0.0,0.0,0,drone,1,9.489961992702219e-05,830,0.004555181756497065,True
GaussianBudget50M_TOPGrowing,CREEK_2022-CABDF-002845,20220216,0,pyrologix,12,none,2022,0.0,0.0,-1,undetected,1,9.489961992702219e-05,0,0.0,False
GaussianBudget50M_TOPGrowing,CREEK_2022-CAHUU-007532,20220806,20,pyrologix,11,39-18,2022,0.0,0.0,1,drone,1,9.489961992702219e-05,4920,0.0046500813764240876,True
GaussianBudget50M_TOPGrowing,CREEK_2022-CAMDF-000679,20220810,19,pyrologix,4,none,2022,0.0,0.0,-1,undetected,1,9.489961992702219e-05,0,0.0,False
GaussianBudget50M_TOPGrowing,CREEK_2022-CAORC-014704,20220130,19,pyrologix,5,none,2022,0.0,0.0,-1,undetected,1,9.489961992702219e-05,0,0.0,False
GaussianBudget50M_TOPGrowing,CREST_2022-CABDF-013612,20220928,20,pyrologix,9,206-87,2022,0.0,0.0,0,drone,1,9.489961992702219e-05,3665,0.004555181756497065,True
GaussianBudget50M_TOPGrowing,CROSSING__2022-CAANF-003539,20221106,18,pyrologix,4,none,2022,0.0,0.0,-1,undetected,1,9.489961992702219e-05,0,0.0,False
GaussianBudget50M_TOPGrowing,CROSSOVER_2022-CAANF-003068,20220913,16,pyrologix,2,none,2022,0.0,0.0,-1,undetected,1,9.489961992702219e-05,0,0.0,False
GaussianBudget50M_TOPGrowing,CROSSOVER_2022-CALAC-137928,20220426,0,pyrologix,3,none,2022,0.0,0.0,-1,undetected,1,9.489961992702219e-05,0,0.0,False
GaussianBudget50M_TOPGrowing,CURLY_2022-CAKNF-006994,20220817,4,pyrologix,6,16-26,2022,0.0,0.0,0,drone,1,9.489961992702219e-05,2470,0.004555181756497065,True
GaussianBudget50M_TOPGrowing,Cabin_2022-CASRF-000836,20220925,6,pyrologix,7,32-26,2022,0.0,0.0,0,drone,1,9.489961992702219e-05,3035,0.0046500813764240876,True
GaussianBudget50M_TOPGrowing,Campbell_2022-CASRF-000616,20220805,9,pyrologix,4,39-18,2022,0.0,0.0,0,drone,1,9.489961992702219e-05,1870,0.0046500813764240876,True
GaussianBudget50M_TOPGrowing,Cap__2022-CASRF-000846,20220928,16,pyrologix,1,32-19,2022,0.0,0.0,1,drone,1,9.489961992702219e-05,985,0.0046500813764240876,True
GaussianBudget50M_TOPGrowing,Cape_2022-CAPNF-001343,20220729,17,pyrologix,10,70-50,2022,0.0,0.0,1,drone,1,9.489961992702219e-05,4370,0.0046500813764240876,True
GaussianBudget50M_TOPGrowing,Castella_2022-CASHF-000669,20220720,17,pyrologix,7,34-40,2022,0.0,0.0,0,drone,1,9.489961992702219e-05,2835,0.0046500813764240876,True
GaussianBudget50M_TOPGrowing,Castle_2022-CASHF-000509,20220615,21,pyrologix,3,34-40,2022,0.0,0.0,0,drone,1,9.489961992702219e-05,1445,0.0046500813764240876,True
GaussianBudget50M_TOPGrowing,Cedar_2022-CASRF-000629,20220805,16,pyrologix,4,32-19,2022,0.0,0.0,0,drone,1,9.489961992702219e-05,1740,0.0046500813764240876,True
GaussianBudget50M_TOPGrowing,Cemetery_2022-CAPNF-000685,20220525,14,pyrologix,11,64-56,2022,0.0,0.0,0,drone,1,9.489961992702219e-05,4355,0.004555181756497065,True
GaussianBudget50M_TOPGrowing,Charlie_2022-CASRF-000614,20220805,4,pyrologix,12,39-18,2022,0.0,0.0,0,drone,1,9.489961992702219e-05,4760,0.0046500813764240876,True
GaussianBudget50M_TOPGrowing,Christian_2022-CASRF-000504,20220711,22,pyrologix,1,39-18,2022,0.0,0.0,0,drone,1,9.489961992702219e-05,505,0.003511285937299821,True
GaussianBudget50M_TOPGrowing,Clio_2022-CAPNF-000517,20220502,11,pyrologix,12,77-62,2022,0.0,0.0,0,drone,1,9.489961992702219e-05,5095,0.0046500813764240876,True
GaussianBudget50M_TOPGrowing,Coach_2022-CALPF-002163,20220904,13,pyrologix,11,none,2022,0.0,0.0,-1,undetected,1,9.489961992702219e-05,0,0.0,False
GaussianBudget50M_TOPGrowing,Coon_2022-CASRF-000562,20220725,23,pyrologix,11,39-18,2022,0.0,0.0,1,drone,1,9.489961992702219e-05,4885,0.0046500813764240876,True
GaussianBudget50M_TOPGrowing,Corral_2022-CASRF-000628,20220805,12,pyrologix,11,32-19,2022,0.0,0.0,0,drone,1,9.489961992702219e-05,4435,0.0046500813764240876,True
GaussianBudget50M_TOPGrowing,County_2022-CASRF-000676,20220819,19,pyrologix,10,46-21,2022,0.0,0.0,2,drone,1,9.489961992702219e-05,4885,0.0046500813764240876,True
GaussianBudget50M_TOPGrowing,Creek_2022-CASHF-000785,20220806,21,pyrologix,7,35-47,2022,0.0,0.0,0,drone,1,9.489961992702219e-05,2745,0.0046500813764240876,True
GaussianBudget50M_TOPGrowing,Creekside_2022-CASRF-000250,20220423,14,pyrologix,7,39-18,2022,0.0,0.0,0,drone,1,9.489961992702219e-05,3055,0.0046500813764240876,True
GaussianBudget50M_TOPGrowing,Creekside_2_2022-CASRF-000786,20220907,10,pyrologix,7,39-18,2022,0.0,0.0,0,drone,1,9.489961992702219e-05,2950,0.0046500813764240876,True
GaussianBudget50M_TOPGrowing,Crest_2022-CAPNF-001210,20220720,19,pyrologix,12,70-50,2022,0.0,0.0,1,drone,1,9.489961992702219e-05,5255,0.0046500813764240876,True
GaussianBudget50M_TOPGrowing,Crocker_2022-CAPNF-001409,20220804,10,pyrologix,10,70-64,2022,0.0,0.0,0,drone,1,9.489961992702219e-05,4120,0.0046500813764240876,True
GaussianBudget50M_TOPGrowing,DARBY_2022-CASTF-002132,20221114,22,pyrologix,4,111-58,2022,0.0,0.0,0,drone,1,9.489961992702219e-05,1865,0.0046500813764240876,True
GaussianBudget50M_TOPGrowing,DAVIES_2022-CATNF-001627,20221101,17,pyrologix,3,84-67,2022,0.0,0.0,0,drone,1,9.489961992702219e-05,1445,0.004555181756497065,True
GaussianBudget50M_TOPGrowing,DAY_2022-CALMU-000005,20221125,21,pyrologix,11,none,2022,0.0,0.0,-1,undetected,1,9.489961992702219e-05,0,0.0,False
GaussianBudget50M_TOPGrowing,DAY_2022-CALMU-006350,20221125,0,pyrologix,6,none,2022,0.0,0.0,-1,undetected,1,9.489961992702219e-05,0,0.0,False
GaussianBudget50M_TOPGrowing,DECKER_CANYON_RD___ORTEGA_HY_2022-CARRU-089641,20220623,1,pyrologix,2,none,2022,0.0,0.0,-1,undetected,1,9.489961992702219e-05,0,0.0,False
GaussianBudget50M_TOPGrowing,DEER_2022-CAENF-021135,20220801,17,pyrologix,5,102-70,2022,0.0,0.0,0,drone,1,9.489961992702219e-05,2175,0.004365382516643021,True
GaussianBudget50M_TOPGrowing,DEER_2022-CAMDF-000515,20220731,21,pyrologix,7,none,2022,0.0,0.0,-1,undetected,1,9.489961992702219e-05,0,0.0,False
GaussianBudget50M_TOPGrowing,DEER_2022-CASQF-001940,20220803,15,pyrologix,8,none,2022,0.0,0.0,-1,undetected,1,9.489961992702219e-05,0,0.0,False
GaussianBudget50M_TOPGrowing,DEER_HORN_2022-CAHIA-000336,20220525,1,pyrologix,8,32-26,2022,0.0,0.0,0,drone,1,9.489961992702219e-05,3485,0.0046500813764240876,True
GaussianBudget50M_TOPGrowing,DEER__2022-CAPNF-002173,20221010,21,pyrologix,2,76-55,2022,0.0,0.0,1,drone,1,9.489961992702219e-05,1260,0.0046500813764240876,True
GaussianBudget50M_TOPGrowing,DELONEGHA_2022-CASQF-001365,20220701,2,pyrologix,5,172-74,2022,0.0,0.0,1,drone,1,9.489961992702219e-05,2520,0.0046500813764240876,True
GaussianBudget50M_TOPGrowing,DELTA_2022-CAANF-002969,20220905,22,pyrologix,2,none,2022,0.0,0.0,-1,undetected,1,9.489961992702219e-05,0,0.0,False
GaussianBudget50M_TOPGrowing,DELTA_2022-CALAC-302214,20220905,17,pyrologix,12,none,2022,0.0,0.0,-1,undetected,1,9.489961992702219e-05,0,0.0,False
GaussianBudget50M_TOPGrowing,DEL_2022-CAANF-002424,20220727,11,pyrologix,3,none,2022,0.0,0.0,-1,undetected,1,9.489961992702219e-05,0,0.0,False
GaussianBudget50M_TOPGrowing,DEMOCRAT_2022-CASQF-001150,20220617,23,pyrologix,3,172-74,2022,0.0,0.0,0,drone,1,9.489961992702219e-05,1335,0.0046500813764240876,True
GaussianBudget50M_TOPGrowing,DEVILS_2022-CAANF-003338,20221013,16,pyrologix,1,206-87,2022,0.0,0.0,1,drone,1,9.489961992702219e-05,915,0.003985784036934932,True
GaussianBudget50M_TOPGrowing,DEXTER_2022-CAANF-002403,20220725,15,pyrologix,5,none,2022,0.0,0.0,-1,undetected,1,9.489961992702219e-05,0,0.0,False
GaussianBudget50M_TOPGrowing,DIAMOND_2022-CATNF-001258,20220830,0,pyrologix,2,83-56,2022,0.0,0.0,1,drone,1,9.489961992702219e-05,1440,0.0046500813764240876,True
GaussianBudget50M_TOPGrowing,DILLON_2022-CALAC-087856,20220314,0,pyrologix,7,none,2022,0.0,0.0,-1,undetected,1,9.489961992702219e-05,0,0.0,False
GaussianBudget50M_TOPGrowing,DILLON__2022-CAANF-000675,20220314,1,pyrologix,6,none,2022,0.0,0.0,-1,undetected,1,9.489961992702219e-05,0,0.0,False
GaussianBudget50M_TOPGrowing,DITCH_CAMP_RD___WENTWORTH_SPRINGS_RD_2022-CAENF-014950,20220608,16,pyrologix,6,90-54,2022,0.0,0.0,1,drone,1,9.489961992702219e-05,2895,0.0046500813764240876,True
GaussianBudget50M_TOPGrowing,DIVIDE__2022-CAANF-002093,20220706,23,pyrologix,7,none,2022,0.0,0.0,-1,undetected,1,9.489961992702219e-05,0,0.0,False
GaussianBudget50M_TOPGrowing,DODGE_2022-CASTF-001595,20220825,18,pyrologix,7,109-64,2022,0.0,0.0,1,drone,1,9.489961992702219e-05,3350,0.0046500813764240876,True
GaussianBudget50M_TOPGrowing,DOGTOWN__2022-CASTF-000276,20220310,23,pyrologix,1,125-57,2022,0.0,0.0,0,drone,1,9.489961992702219e-05,610,0.0046500813764240876,True
GaussianBudget50M_TOPGrowing,DOLLAR_2022-CABDF-011536,20220730,17,pyrologix,11,none,2022,0.0,0.0,-1,undetected,1,9.489961992702219e-05,0,0.0,False
GaussianBudget50M_TOPGrowing,DOME__2022-CASNF-001416,20220924,14,pyrologix,8,132-67,2022,0.0,0.0,1,drone,1,9.489961992702219e-05,3865,0.0046500813764240876,True
GaussianBudget50M_TOPGrowing,DOUBLE_2022-CAMDF-000591,20220805,18,pyrologix,5,none,2022,0.0,0.0,-1,undetected,1,9.489961992702219e-05,0,0.0,False
GaussianBudget50M_TOPGrowing,DOUGLAS_2022-CAMMU-023741,20221023,6,pyrologix,4,132-67,2022,0.0,0.0,1,drone,1,9.489961992702219e-05,2305,0.0046500813764240876,True
GaussianBudget50M_TOPGrowing,DOUGLAS_2022-CASNF-001550,20221023,3,pyrologix,12,132-67,2022,0.0,0.0,0,drone,1,9.489961992702219e-05,4860,0.0046500813764240876,True
GaussianBudget50M_TOPGrowing,DRIP_2022-CACNF-000888,20220510,17,pyrologix,4,230-96,2022,0.0,0.0,0,drone,1,9.489961992702219e-05,1705,0.0046500813764240876,True
GaussianBudget50M_TOPGrowing,DRY_2022-CASQF-001908,20220731,17,pyrologix,8,172-80,2022,0.0,0.0,0,drone,1,9.489961992702219e-05,3235,0.0046500813764240876,True
GaussianBudget50M_TOPGrowing,DUCK_2022-CALNF-002812,20220609,20,pyrologix,2,51-53,2022,0.0,0.0,0,drone,1,9.489961992702219e-05,1015,0.0046500813764240876,True
GaussianBudget50M_TOPGrowing,DUCK__2022-CASNF-001450,20221001,13,pyrologix,3,none,2022,0.0,0.0,-1,undetected,1,9.489961992702219e-05,0,0.0,False
GaussianBudget50M_TOPGrowing,DUMPSTER__2022-CAANF-000486,20220222,18,pyrologix,12,none,2022,0.0,0.0,-1,undetected,1,9.489961992702219e-05,0,0.0,False
GaussianBudget50M_TOPGrowing,DUMP_2022-CALNF-003654,20220717,21,pyrologix,8,56-47,2022,0.0,0.0,0,drone,1,9.489961992702219e-05,3275,0.0046500813764240876,True
GaussianBudget50M_TOPGrowing,DUMP_2022-CASHF-001069,20221001,1,pyrologix,1,39-18,2022,0.0,0.0,0,drone,1,9.489961992702219e-05,610,0.004460282136570043,True
GaussianBudget50M_TOPGrowing,DUNCAN_2022-CAMDF-000522,20220801,19,pyrologix,12,39-63,2022,0.0,0.0,2,drone,1,9.489961992702219e-05,5650,0.0046500813764240876,True
GaussianBudget50M_TOPGrowing,DUNCAN_2022-CATNF-001215,20220824,21,pyrologix,6,90-60,2022,0.0,0.0,0,drone,1,9.489961992702219e-05,2375,0.0046500813764240876,True
GaussianBudget50M_TOPGrowing,DUNES_2022-CAINF-001495,20220717,13,pyrologix,11,none,2022,0.0,0.0,-1,undetected,1,9.489961992702219e-05,0,0.0,False
GaussianBudget50M_TOPGrowing,DUSEN_2022-CABDF-010770,20220711,16,pyrologix,9,none,2022,0.0,0.0,-1,undetected,1,9.489961992702219e-05,0,0.0,False
GaussianBudget50M_TOPGrowing,DUSY__2022-CASNF-000635,20220626,16,pyrologix,5,none,2022,0.0,0.0,-1,undetected,1,9.489961992702219e-05,0,0.0,False
GaussianBudget50M_TOPGrowing,DUTCH_2022-CASQF-001849,20220728,20,pyrologix,7,172-80,2022,0.0,0.0,0,drone,1,9.489961992702219e-05,2955,0.0046500813764240876,True
GaussianBudget50M_TOPGrowing,Deer__2022-CASRF-000712,20220826,20,pyrologix,7,32-26,2022,0.0,0.0,1,drone,1,9.489961992702219e-05,3385,0.0046500813764240876,True
GaussianBudget50M_TOPGrowing,Delleker_2_2022-CAPNF-002299,20221030,16,pyrologix,8,77-62,2022,0.0,0.0,0,drone,1,9.489961992702219e-05,3365,0.0046500813764240876,True
GaussianBudget50M_TOPGrowing,Devils_2022-CAPNF-001415,20220804,15,pyrologix,11,70-57,2022,0.0,0.0,0,drone,1,9.489961992702219e-05,4340,0.0046500813764240876,True
GaussianBudget50M_TOPGrowing,Diamond_2022-CAPNF-000316,20220325,20,pyrologix,4,63-64,2022,0.0,0.0,0,drone,1,9.489961992702219e-05,1760,0.0046500813764240876,True
GaussianBudget50M_TOPGrowing,Dog_2022-CASHF-001049,20220927,12,pyrologix,12,41-39,2022,0.0,0.0,0,drone,1,9.489961992702219e-05,4890,0.0047449809963511095,True
GaussianBudget50M_TOPGrowing,Dollar_2022-CASRF-000925,20221028,17,pyrologix,12,none,2022,0.0,0.0,-1,undetected,1,9.489961992702219e-05,0,0.0,False
GaussianBudget50M_TOPGrowing,Duzen_2022-CASRF-000830,20220923,1,pyrologix,3,46-21,2022,0.0,0.0,1,drone,1,9.489961992702219e-05,1760,0.0046500813764240876,True
GaussianBudget50M_TOPGrowing,E-10_CAL_2022-CALNF-005001,20220914,19,pyrologix,12,none,2022,0.0,0.0,-1,undetected,1,9.489961992702219e-05,0,0.0,False
GaussianBudget50M_TOPGrowing,E-11_GRAYS_2022-CALNF-005008,20220914,15,pyrologix,1,none,2022,0.0,0.0,-1,undetected,1,9.489961992702219e-05,0,0.0,False
GaussianBudget50M_TOPGrowing,E-1_CHAMPS_2022-CALNF-004966,20220912,19,pyrologix,8,53-62,2022,0.0,0.0,0,drone,1,9.489961992702219e-05,3220,0.0046500813764240876,True
GaussianBudget50M_TOPGrowing,E-1_REST_2022-CALNF-004478,20220819,16,pyrologix,10,none,2022,0.0,0.0,-1,undetected,1,9.489961992702219e-05,0,0.0,False
GaussianBudget50M_TOPGrowing,E-2_SPRINGS_2022-CALNF-004968,20220912,22,pyrologix,3,51-53,2022,0.0,0.0,1,drone,1,9.489961992702219e-05,1735,0.0046500813764240876,True
GaussianBudget50M_TOPGrowing,E-5_FLAT_2022-CALNF-004972,20220912,23,pyrologix,1,53-62,2022,0.0,0.0,0,drone,1,9.489961992702219e-05,740,0.0037010851771538656,True
GaussianBudget50M_TOPGrowing,E-6_POISON_2022-CALNF-004973,20220913,23,pyrologix,3,none,2022,0.0,0.0,-1,undetected,1,9.489961992702219e-05,0,0.0,False
GaussianBudget50M_TOPGrowing,E-7_LOGAN_2022-CALNF-004988,20220913,13,pyrologix,8,53-62,2022,0.0,0.0,0,drone,1,9.489961992702219e-05,3370,0.0046500813764240876,True
GaussianBudget50M_TOPGrowing,E-9_SHAYS_2022-CALNF-004999,20220914,22,pyrologix,5,53-62,2022,0.0,0.0,0,drone,1,9.489961992702219e-05,2000,0.0046500813764240876,True
GaussianBudget50M_TOPGrowing,EAGLE_2022-CALMU-003399,20220704,19,pyrologix,1,60-61,2022,0.0,0.0,0,drone,1,9.489961992702219e-05,555,0.004175583276788976,True
GaussianBudget50M_TOPGrowing,EAST_2022-CAANF-002810,20220825,16,pyrologix,9,none,2022,0.0,0.0,-1,undetected,1,9.489961992702219e-05,0,0.0,False
GaussianBudget50M_TOPGrowing,EAST_2022-CAKNF-006328,20220801,23,pyrologix,9,18-33,2022,0.0,0.0,0,drone,1,9.489961992702219e-05,3765,0.0046500813764240876,True
GaussianBudget50M_TOPGrowing,EAST_2022-CASNF-001326,20220909,13,pyrologix,8,none,2022,0.0,0.0,-1,undetected,1,9.489961992702219e-05,0,0.0,False
GaussianBudget50M_TOPGrowing,EDDY_2022-CAKNF-006258,20220731,20,pyrologix,9,32-33,2022,0.0,0.0,0,drone,1,9.489961992702219e-05,3770,0.0046500813764240876,True
GaussianBudget50M_TOPGrowing,ELIZA_2022-CAKNF-007844,20220909,19,pyrologix,12,20-40,2022,0.0,0.0,0,drone,1,9.489961992702219e-05,4935,0.004555181756497065,True
GaussianBudget50M_TOPGrowing,ELK_2022-CAKNF-009321,20221020,10,pyrologix,11,16-26,2022,0.0,0.0,1,drone,1,9.489961992702219e-05,4755,0.004555181756497065,True
GaussianBudget50M_TOPGrowing,ELK_MTN_IHC_STAFFING_2022-CAMNF-000331,20220405,12,pyrologix,8,none,2022,0.0,0.0,-1,undetected,1,9.489961992702219e-05,0,0.0,False
GaussianBudget50M_TOPGrowing,EL_CARISO__001_2022-CACNF-000956,20220516,14,pyrologix,12,none,2022,0.0,0.0,-1,undetected,1,9.489961992702219e-05,0,0.0,False
GaussianBudget50M_TOPGrowing,EMERALD_2_2022-CABDF-003570,20220220,14,pyrologix,9,none,2022,0.0,0.0,-1,undetected,1,9.489961992702219e-05,0,0.0,False
GaussianBudget50M_TOPGrowing,EMMA_2022-CAANF-002243,20220716,13,pyrologix,10,none,2022,0.0,0.0,-1,undetected,1,9.489961992702219e-05,0,0.0,False
GaussianBudget50M_TOPGrowing,ENTRANCE_2022-CALNF-003808,20220722,19,pyrologix,4,56-47,2022,0.0,0.0,0,drone,1,9.489961992702219e-05,1760,0.0046500813764240876,True
GaussianBudget50M_TOPGrowing,EVANS_2022-CAKNF-006209,20220730,2,pyrologix,12,18-33,2022,0.0,0.0,0,drone,1,9.489961992702219e-05,4825,0.0046500813764240876,True
GaussianBudget50M_TOPGrowing,EVANS_2022-CASQF-001261,20220623,19,pyrologix,2,172-74,2022,0.0,0.0,0,drone,1,9.489961992702219e-05,895,0.0046500813764240876,True
GaussianBudget50M_TOPGrowing,EVERILL_2022-CAKNF-006625,20220807,15,pyrologix,8,18-33,2022,0.0,0.0,0,drone,1,9.489961992702219e-05,3160,0.004555181756497065,True
GaussianBudget50M_TOPGrowing,EXCELSIOR_2022-CANEU-029246,20221025,5,pyrologix,5,83-56,2022,0.0,0.0,0,drone,1,9.489961992702219e-05,2065,0.0046500813764240876,True
GaussianBudget50M_TOPGrowing,E_INDIAN_CREEK_DR__E_FORK_INDIAN_CREEK_RD_2022-CAKNF-002959,20220420,12,pyrologix,9,16-26,2022,0.0,0.0,0,drone,1,9.489961992702219e-05,3675,0.004555181756497065,True
GaussianBudget50M_TOPGrowing,Eagle__2022-CAPNF-001326,20220728,19,pyrologix,6,77-62,2022,0.0,0.0,1,drone,1,9.489961992702219e-05,2865,0.0046500813764240876,True
GaussianBudget50M_TOPGrowing,Erin__2022-CASRF-000859,20221003,22,pyrologix,2,39-18,2022,0.0,0.0,1,drone,1,9.489961992702219e-05,1410,0.0046500813764240876,True
GaussianBudget50M_TOPGrowing,FALSE_ALARM_2022-CAANF-000915,20220407,20,pyrologix,9,none,2022,0.0,0.0,-1,undetected,1,9.489961992702219e-05,0,0.0,False
GaussianBudget50M_TOPGrowing,FA_BC22_2022-CACNF-002548,20221026,16,pyrologix,9,none,2022,0.0,0.0,-1,undetected,1,9.489961992702219e-05,0,0.0,False
GaussianBudget50M_TOPGrowing,FERN_2022-CACNF-001755,20220721,22,pyrologix,11,230-96,2022,0.0,0.0,0,drone,1,9.489961992702219e-05,4635,0.0046500813764240876,True
GaussianBudget50M_TOPGrowing,FERRETTI_2022-CATCU-002310,20220219,18,pyrologix,5,118-57,2022,0.0,0.0,0,drone,1,9.489961992702219e-05,2145,0.0046500813764240876,True
GaussianBudget50M_TOPGrowing,FISHER_2022-CAINF-000969,20220530,20,pyrologix,5,164-82,2022,0.0,0.0,1,drone,1,9.489961992702219e-05,2540,0.0046500813764240876,True
GaussianBudget50M_TOPGrowing,FISHER_2022-CASHF-000566,20220701,22,pyrologix,7,41-39,2022,0.0,0.0,0,drone,1,9.489961992702219e-05,3015,0.0047449809963511095,True
GaussianBudget50M_TOPGrowing,FISH_2022-CABDF-011532,20220730,19,pyrologix,5,none,2022,0.0,0.0,-1,undetected,1,9.489961992702219e-05,0,0.0,False
GaussianBudget50M_TOPGrowing,FISH_2022-CAKNF-006310,20220731,18,pyrologix,7,18-33,2022,0.0,0.0,0,drone,1,9.489961992702219e-05,2720,0.004555181756497065,True
GaussianBudget50M_TOPGrowing,FISH_CREEK_2022-CABDF-014175,20221012,12,pyrologix,12,none,2022,0.0,0.0,-1,undetected,1,9.489961992702219e-05,0,0.0,False
GaussianBudget50M_TOPGrowing,FIVE_2022-CAANF-002981,20220906,15,pyrologix,5,none,2022,0.0,0.0,-1,undetected,1,9.489961992702219e-05,0,0.0,False
GaussianBudget50M_TOPGrowing,FLAT_2022-CALPF-000341,20220226,14,pyrologix,4,none,2022,0.0,0.0,-1,undetected,1,9.489961992702219e-05,0,0.0,False
GaussianBudget50M_TOPGrowing,FLAT_2022-CASHF-000552,20220627,20,pyrologix,3,39-25,2022,0.0,0.0,0,drone,1,9.489961992702219e-05,1320,0.0046500813764240876,True
GaussianBudget50M_TOPGrowing,FLAT__2022-CASQF-002038,20220810,21,pyrologix,3,172-74,2022,0.0,0.0,1,drone,1,9.489961992702219e-05,1735,0.0046500813764240876,True
GaussianBudget50M_TOPGrowing,FLOWER_2022-CAMDF-000939,20220920,14,pyrologix,11,none,2022,0.0,0.0,-1,undetected,1,9.489961992702219e-05,0,0.0,False
GaussianBudget50M_TOPGrowing,FLUME_2022-CASHF-000551,20220627,18,pyrologix,4,39-32,2022,0.0,0.0,0,drone,1,9.489961992702219e-05,1790,0.0046500813764240876,True
GaussianBudget50M_TOPGrowing,FOLLOWS_2022-CAANF-000345,20220208,18,pyrologix,1,206-87,2022,0.0,0.0,1,drone,1,9.489961992702219e-05,955,0.004365382516643021,True
GaussianBudget50M_TOPGrowing,FORBESTOWN_2022-CABTU-005799,20220403,6,pyrologix,3,77-48,2022,0.0,0.0,0,drone,1,9.489961992702219e-05,1510,0.0046500813764240876,True
GaussianBudget50M_TOPGrowing,FORK_2022-CAANF-002742,20220821,1,pyrologix,1,none,2022,0.0,0.0,-1,undetected,1,9.489961992702219e-05,0,0.0,False
GaussianBudget50M_TOPGrowing,FORK_2022-CAKNF-007060,20220818,11,pyrologix,12,16-26,2022,0.0,0.0,0,drone,1,9.489961992702219e-05,4645,0.004555181756497065,True
GaussianBudget50M_TOPGrowing,FORK_2022-CAMMU-009669,20220506,17,pyrologix,3,132-67,2022,0.0,0.0,0,drone,1,9.489961992702219e-05,1420,0.0046500813764240876,True
GaussianBudget50M_TOPGrowing,FOSTER_2022-CAENF-025294,20220905,20,pyrologix,8,104-58,2022,0.0,0.0,1,drone,1,9.489961992702219e-05,3675,0.0046500813764240876,True
GaussianBudget50M_TOPGrowing,FOURNIER_2022-CATNF-000379,20220418,23,pyrologix,2,77-62,2022,0.0,0.0,0,drone,1,9.489961992702219e-05,1010,0.0046500813764240876,True
GaussianBudget50M_TOPGrowing,FOX_2022-CASHF-001180,20221029,19,pyrologix,3,37-52,2022,0.0,0.0,0,drone,1,9.489961992702219e-05,1390,0.0046500813764240876,True
GaussianBudget50M_TOPGrowing,FOX_2022-CATNF-000123,20220216,18,pyrologix,5,84-67,2022,0.0,0.0,0,drone,1,9.489961992702219e-05,2315,0.004839880616278132,True
GaussianBudget50M_TOPGrowing,FRAZIER_2022-CALPF-001358,20220625,22,pyrologix,7,none,2022,0.0,0.0,-1,undetected,1,9.489961992702219e-05,0,0.0,False
GaussianBudget50M_TOPGrowing,FREEL_2022-CATMU-021487,20220805,0,pyrologix,1,none,2022,0.0,0.0,-1,undetected,1,9.489961992702219e-05,0,0.0,False
GaussianBudget50M_TOPGrowing,FREEMAN_2022-CASQF-002518,20220927,19,pyrologix,9,164-82,2022,0.0,0.0,0,drone,1,9.489961992702219e-05,3665,0.0046500813764240876,True
GaussianBudget50M_TOPGrowing,FREEWAY_2022-CAANF-000339,20220207,21,pyrologix,10,none,2022,0.0,0.0,-1,undetected,1,9.489961992702219e-05,0,0.0,False
GaussianBudget50M_TOPGrowing,FRIDAY__2022-CASHF-001034,20220924,16,pyrologix,10,42-46,2022,0.0,0.0,1,drone,1,9.489961992702219e-05,4475,0.0046500813764240876,True
GaussianBudget50M_TOPGrowing,FRISCO_2022-CAENF-028920,20221009,12,pyrologix,3,97-61,2022,0.0,0.0,0,drone,1,9.489961992702219e-05,1495,0.0046500813764240876,True
GaussianBudget50M_TOPGrowing,FROG_2022-CABDF-010538,20220707,3,pyrologix,1,none,2022,0.0,0.0,-1,undetected,1,9.489961992702219e-05,0,0.0,False
GaussianBudget50M_TOPGrowing,FROG_2022-CABDF-011327,20220724,21,pyrologix,2,none,2022,0.0,0.0,-1,undetected,1,9.489961992702219e-05,0,0.0,False
GaussianBudget50M_TOPGrowing,FROG_2022-CASTF-000927,20220626,17,pyrologix,4,none,2022,0.0,0.0,-1,undetected,1,9.489961992702219e-05,0,0.0,False
GaussianBudget50M_TOPGrowing,FRONTIER_2022-CALPF-001048,20220526,14,pyrologix,10,none,2022,0.0,0.0,-1,undetected,1,9.489961992702219e-05,0,0.0,False
GaussianBudget50M_TOPGrowing,FULLER_2022-CATNF-001346,20220905,9,pyrologix,8,83-56,2022,0.0,0.0,0,drone,1,9.489961992702219e-05,3290,0.0046500813764240876,True
GaussianBudget50M_TOPGrowing,Fair_Oak_2022-CASRF-000804,20220912,3,pyrologix,1,39-18,2022,0.0,0.0,0,drone,1,9.489961992702219e-05,610,0.004460282136570043,True
GaussianBudget50M_TOPGrowing,Four_2022-CAPNF-001904,20220913,21,pyrologix,6,70-50,2022,0.0,0.0,0,drone,1,9.489961992702219e-05,2450,0.0046500813764240876,True
GaussianBudget50M_TOPGrowing,Friday_2022-CASRF-000617,20220805,5,pyrologix,12,39-18,2022,0.0,0.0,1,drone,1,9.489961992702219e-05,5215,0.0046500813764240876,True
GaussianBudget50M_TOPGrowing,GABRIEL_2022-CAANF-001781,20220618,7,pyrologix,3,none,2022,0.0,0.0,-1,undetected,1,9.489961992702219e-05,0,0.0,False
GaussianBudget50M_TOPGrowing,GARROTTE_2022-CATCU-007717,20220623,18,pyrologix,9,118-57,2022,0.0,0.0,0,drone,1,9.489961992702219e-05,3855,0.0046500813764240876,True
GaussianBudget50M_TOPGrowing,GEM_2022-CASTF-000882,20220621,19,pyrologix,9,none,2022,0.0,0.0,-1,undetected,1,9.489961992702219e-05,0,0.0,False
GaussianBudget50M_TOPGrowing,GEORGE_2022-CAKNF-006783,20220811,19,pyrologix,2,25-33,2022,0.0,0.0,1,drone,1,9.489961992702219e-05,1420,0.0046500813764240876,True
GaussianBudget50M_TOPGrowing,GLASS_2022-CAINF-001162,20220619,17,pyrologix,1,none,2022,0.0,0.0,-1,undetected,1,9.489961992702219e-05,0,0.0,False
GaussianBudget50M_TOPGrowing,GLEASON__2022-CAANF-001044,20220417,17,pyrologix,11,none,2022,0.0,0.0,-1,undetected,1,9.489961992702219e-05,0,0.0,False
GaussianBudget50M_TOPGrowing,GOAT_2022-CAMMU-015329,20220713,11,pyrologix,11,132-67,2022,0.0,0.0,0,drone,1,9.489961992702219e-05,4410,0.0046500813764240876,True
GaussianBudget50M_TOPGrowing,GOAT_2022-CAMMU-019709,20220903,15,pyrologix,1,132-67,2022,0.0,0.0,0,drone,1,9.489961992702219e-05,515,0.0036061855572268433,True
GaussianBudget50M_TOPGrowing,GOAT_2022-CASNF-001464,20221002,18,pyrologix,7,125-64,2022,0.0,0.0,0,drone,1,9.489961992702219e-05,2935,0.0046500813764240876,True
GaussianBudget50M_TOPGrowing,GOLDEN_2022-CATNF-000506,20220520,10,pyrologix,9,83-49,2022,0.0,0.0,0,drone,1,9.489961992702219e-05,3710,0.0046500813764240876,True
GaussianBudget50M_TOPGrowing,GOLD_2022-CAANF-000425,20220216,13,pyrologix,7,none,2022,0.0,0.0,-1,undetected,1,9.489961992702219e-05,0,0.0,False
GaussianBudget50M_TOPGrowing,GOLD_2022-CABDF-009730,20220622,12,pyrologix,9,none,2022,0.0,0.0,-1,undetected,1,9.489961992702219e-05,0,0.0,False
GaussianBudget50M_TOPGrowing,GOOSE2_2022-CAKNF-006350,20220801,14,pyrologix,4,28-47,2022,0.0,0.0,0,drone,1,9.489961992702219e-05,1715,0.0046500813764240876,True
GaussianBudget50M_TOPGrowing,GORDON_2022-CAKNF-007409,20220829,1,pyrologix,5,16-26,2022,0.0,0.0,0,drone,1,9.489961992702219e-05,2120,0.004555181756497065,True
GaussianBudget50M_TOPGrowing,GRACE_2022-CAANF-003433,20221024,18,pyrologix,9,none,2022,0.0,0.0,-1,undetected,1,9.489961992702219e-05,0,0.0,False
GaussianBudget50M_TOPGrowing,GRADE1_2022-CACNF-002178,20220907,2,pyrologix,2,none,2022,0.0,0.0,-1,undetected,1,9.489961992702219e-05,0,0.0,False
GaussianBudget50M_TOPGrowing,GRADE_2022-CABDF-017250,20221128,23,pyrologix,5,206-87,2022,0.0,0.0,0,drone,1,9.489961992702219e-05,2075,0.004460282136570043,True
GaussianBudget50M_TOPGrowing,GRADE_2022-CACNF-001011,20220523,21,pyrologix,11,230-96,2022,0.0,0.0,0,drone,1,9.489961992702219e-05,4405,0.0046500813764240876,True
GaussianBudget50M_TOPGrowing,GRADE_2022-CAKNF-010395,20221117,20,pyrologix,3,16-26,2022,0.0,0.0,0,drone,1,9.489961992702219e-05,1350,0.004365382516643021,True
GaussianBudget50M_TOPGrowing,GRADE_2022-CALNF-002524,20220527,11,pyrologix,11,51-53,2022,0.0,0.0,0,drone,1,9.489961992702219e-05,4490,0.0046500813764240876,True
GaussianBudget50M_TOPGrowing,GRAMERCY_2022-CABDF-008424,20220525,17,pyrologix,4,206-87,2022,0.0,0.0,0,drone,1,9.489961992702219e-05,1625,0.004460282136570043,True
GaussianBudget50M_TOPGrowing,GRAND_2022-CALPF-001329,20220622,12,pyrologix,8,none,2022,0.0,0.0,-1,undetected,1,9.489961992702219e-05,0,0.0,False
GaussianBudget50M_TOPGrowing,GRASS_2022-CAANF-003213,20220930,22,pyrologix,8,none,2022,0.0,0.0,-1,undetected,1,9.489961992702219e-05,0,0.0,False
GaussianBudget50M_TOPGrowing,GRAY_2022-CABDF-009692,20220621,3,pyrologix,1,none,2022,0.0,0.0,-1,undetected,1,9.489961992702219e-05,0,0.0,False
GaussianBudget50M_TOPGrowing,GREYBACK_2022-CABDF-009408,20220615,23,pyrologix,3,none,2022,0.0,0.0,-1,undetected,1,9.489961992702219e-05,0,0.0,False
GaussianBudget50M_TOPGrowing,GRIDER_2022-CAKNF-002566,20220405,15,pyrologix,10,16-26,2022,0.0,0.0,0,drone,1,9.489961992702219e-05,3965,0.004555181756497065,True
GaussianBudget50M_TOPGrowing,GROUSE_2022-CAENF-021134,20220801,15,pyrologix,9,none,2022,0.0,0.0,-1,undetected,1,9.489961992702219e-05,0,0.0,False
GaussianBudget50M_TOPGrowing,GROUSE_2022-CATNF-001318,20220904,10,pyrologix,6,none,2022,0.0,0.0,-1,undetected,1,9.489961992702219e-05,0,0.0,False
GaussianBudget50M_TOPGrowing,GROUSE__2022-CASQF-001246,20220622,19,pyrologix,9,159-73,2022,0.0,0.0,0,drone,1,9.489961992702219e-05,3815,0.0046500813764240876,True
GaussianBudget50M_TOPGrowing,GULCH_2022-CAANF-002870,20220829,17,pyrologix,3,none,2022,0.0,0.0,-1,undetected,1,9.489961992702219e-05,0,0.0,False
GaussianBudget50M_TOPGrowing,GULCH_2022-CAKNF-006282,20220731,4,pyrologix,7,32-33,2022,0.0,0.0,0,drone,1,9.489961992702219e-05,2915,0.0046500813764240876,True
GaussianBudget50M_TOPGrowing,GULCH_2022-CALAC-292411,20220829,14,pyrologix,10,none,2022,0.0,0.0,-1,undetected,1,9.489961992702219e-05,0,0.0,False
GaussianBudget50M_TOPGrowing,GUMBOOT_2022-CASHF-000771,20220804,18,pyrologix,1,34-40,2022,0.0,0.0,0,drone,1,9.489961992702219e-05,685,0.0046500813764240876,True
GaussianBudget50M_TOPGrowing,GUM_2022-CASHF-001171,20221027,18,pyrologix,3,34-40,2022,0.0,0.0,0,drone,1,9.489961992702219e-05,1285,0.0046500813764240876,True
GaussianBudget50M_TOPGrowing,Gambi_2022-CASRF-000526,20220715,17,pyrologix,11,39-18,2022,0.0,0.0,2,drone,1,9.489961992702219e-05,5255,0.0046500813764240876,True
GaussianBudget50M_TOPGrowing,Garden_2022-CASHF-001023,20220922,16,pyrologix,5,42-46,2022,0.0,0.0,0,drone,1,9.489961992702219e-05,2210,0.0046500813764240876,True
GaussianBudget50M_TOPGrowing,Glen_2022-CALPF-000932,20220514,22,pyrologix,3,none,2022,0.0,0.0,-1,undetected,1,9.489961992702219e-05,0,0.0,False
GaussianBudget50M_TOPGrowing,Golden__2022-CAPNF-001180,20220717,15,pyrologix,4,76-55,2022,0.0,0.0,0,drone,1,9.489961992702219e-05,1730,0.0046500813764240876,True
GaussianBudget50M_TOPGrowing,Goods_2022-CASHF-001083,20221005,19,pyrologix,11,53-26,2022,0.0,0.0,0,drone,1,9.489961992702219e-05,4405,0.0046500813764240876,True
GaussianBudget50M_TOPGrowing,Green_2022-CAPNF-000991,20220628,18,pyrologix,12,64-56,2022,0.0,0.0,0,drone,1,9.489961992702219e-05,4920,0.0046500813764240876,True
GaussianBudget50M_TOPGrowing,Gypo_2022-CASRF-000834,20220924,22,pyrologix,1,39-18,2022,0.0,0.0,0,drone,1,9.489961992702219e-05,610,0.004460282136570043,True
GaussianBudget50M_TOPGrowing,H-1_ALCOHOL_2022-CALNF-004246,20220809,14,pyrologix,4,51-53,2022,0.0,0.0,0,drone,1,9.489961992702219e-05,1670,0.0046500813764240876,True
GaussianBudget50M_TOPGrowing,H-1_PROSPECT_2022-CALNF-004964,20220912,21,pyrologix,4,51-53,2022,0.0,0.0,1,drone,1,9.489961992702219e-05,2160,0.0046500813764240876,True
GaussianBudget50M_TOPGrowing,H-2_CAVE_2022-CALNF-003215,20220627,21,pyrologix,9,51-53,2022,0.0,0.0,0,drone,1,9.489961992702219e-05,3920,0.0046500813764240876,True
GaussianBudget50M_TOPGrowing,H-2_EVERETT_2022-CALNF-004274,20220810,21,pyrologix,1,49-48,2022,0.0,0.0,0,drone,1,9.489961992702219e-05,515,0.0036061855572268433,True
GaussianBudget50M_TOPGrowing,H-3_CHAOS_2022-CALNF-005031,20220915,21,pyrologix,1,56-47,2022,0.0,0.0,0,drone,1,9.489961992702219e-05,510,0.003511285937299821,True
GaussianBudget50M_TOPGrowing,HAGADOR_2022-CACNF-001355,20220619,15,pyrologix,10,none,2022,0.0,0.0,-1,undetected,1,9.489961992702219e-05,0,0.0,False
GaussianBudget50M_TOPGrowing,HAGER_2022-CAMDF-000527,20220801,22,pyrologix,10,none,2022,0.0,0.0,-1,undetected,1,9.489961992702219e-05,0,0.0,False
GaussianBudget50M_TOPGrowing,HALFMOON_2022-CALNF-005443,20221005,16,pyrologix,1,53-62,2022,0.0,0.0,1,drone,1,9.489961992702219e-05,1055,0.0040806836568619545,True
GaussianBudget50M_TOPGrowing,HALL_2022-CABDF-005444,20220324,1,pyrologix,5,206-87,2022,0.0,0.0,0,drone,1,9.489961992702219e-05,2075,0.004460282136570043,True
GaussianBudget50M_TOPGrowing,HAMBURG_2022-CAKNF-007042,20220818,3,pyrologix,4,18-33,2022,0.0,0.0,0,drone,1,9.489961992702219e-05,1575,0.004555181756497065,True
GaussianBudget50M_TOPGrowing,HARDEN_2022-CASTF-001614,20220829,6,pyrologix,10,118-64,2022,0.0,0.0,0,drone,1,9.489961992702219e-05,4235,0.0046500813764240876,True
GaussianBudget50M_TOPGrowing,HARRISON_2022-CABDF-005467,20220324,18,pyrologix,4,none,2022,0.0,0.0,-1,undetected,1,9.489961992702219e-05,0,0.0,False
GaussianBudget50M_TOPGrowing,HARVARD_2022-CAANF-001836,20220622,13,pyrologix,6,none,2022,0.0,0.0,-1,undetected,1,9.489961992702219e-05,0,0.0,False
GaussianBudget50M_TOPGrowing,HAYPRESS_2022-CAKNF-008456,20220925,23,pyrologix,3,23-25,2022,0.0,0.0,1,drone,1,9.489961992702219e-05,1785,0.0046500813764240876,True
GaussianBudget50M_TOPGrowing,HELMS_2022-CASNF-000638,20220626,19,pyrologix,1,none,2022,0.0,0.0,-1,undetected,1,9.489961992702219e-05,0,0.0,False
GaussianBudget50M_TOPGrowing,HENRY_2022-CAANF-003381,20221017,16,pyrologix,3,none,2022,0.0,0.0,-1,undetected,1,9.489961992702219e-05,0,0.0,False
GaussianBudget50M_TOPGrowing,HERMAN_2022-CAANF-002582,20220806,20,pyrologix,4,none,2022,0.0,0.0,-1,undetected,1,9.489961992702219e-05,0,0.0,False
GaussianBudget50M_TOPGrowing,HIDDEN_2022-CAMDF-000780,20220824,7,pyrologix,12,none,2022,0.0,0.0,-1,undetected,1,9.489961992702219e-05,0,0.0,False
GaussianBudget50M_TOPGrowing,HIGGINS_2022-CAINF-001552,20220723,12,pyrologix,8,none,2022,0.0,0.0,-1,undetected,1,9.489961992702219e-05,0,0.0,False
GaussianBudget50M_TOPGrowing,HIGHWAY_2022-CAANF-003240,20221002,15,pyrologix,7,none,2022,0.0,0.0,-1,undetected,1,9.489961992702219e-05,0,0.0,False
GaussianBudget50M_TOPGrowing,HIGHWAY_2022-CALAC-201760,20220618,2,pyrologix,12,none,2022,0.0,0.0,-1,undetected,1,9.489961992702219e-05,0,0.0,False
GaussianBudget50M_TOPGrowing,HIGHWAY_2022-CARRU-096169,20220705,3,pyrologix,2,218-98,2022,0.0,0.0,1,drone,1,9.489961992702219e-05,1425,0.004460282136570043,True
GaussianBudget50M_TOPGrowing,HIGH_2022-CABDF-010309,20220703,3,pyrologix,12,none,2022,0.0,0.0,-1,undetected,1,9.489961992702219e-05,0,0.0,False
GaussianBudget50M_TOPGrowing,HILLS_2022-CABDF-015479,20221103,16,pyrologix,2,206-87,2022,0.0,0.0,0,drone,1,9.489961992702219e-05,915,0.003985784036934932,True
GaussianBudget50M_TOPGrowing,HILL_2022-CABDF-002525,20220210,20,pyrologix,5,none,2022,0.0,0.0,-1,undetected,1,9.489961992702219e-05,0,0.0,False
GaussianBudget50M_TOPGrowing,HILL_2022-CASQF-002127,20220820,21,pyrologix,1,165-77,2022,0.0,0.0,0,drone,1,9.489961992702219e-05,715,0.004555181756497065,True
GaussianBudget50M_TOPGrowing,HOGBACK_2022-CASHF-001029,20220923,18,pyrologix,6,42-46,2022,0.0,0.0,2,drone,1,9.489961992702219e-05,3325,0.0046500813764240876,True
GaussianBudget50M_TOPGrowing,HOKE_2022-CATNF-001407,20220914,17,pyrologix,6,84-67,2022,0.0,0.0,0,drone,1,9.489961992702219e-05,2470,0.004839880616278132,True
GaussianBudget50M_TOPGrowing,HORN_2022-CABDF-012892,20220904,18,pyrologix,8,206-87,2022,0.0,0.0,0,drone,1,9.489961992702219e-05,3240,0.004460282136570043,True
GaussianBudget50M_TOPGrowing,HORN_2022-CABDF-016326,20221120,20,pyrologix,3,none,2022,0.0,0.0,-1,undetected,1,9.489961992702219e-05,0,0.0,False
GaussianBudget50M_TOPGrowing,HORN_2022-CASQF-002535,20220930,16,pyrologix,7,165-77,2022,0.0,0.0,0,drone,1,9.489961992702219e-05,2805,0.0046500813764240876,True
GaussianBudget50M_TOPGrowing,HORSE_2022-CABDF-008251,20220521,20,pyrologix,9,206-87,2022,0.0,0.0,0,drone,1,9.489961992702219e-05,3735,0.004555181756497065,True
GaussianBudget50M_TOPGrowing,HORSE__2022-CACNF-002527,20221022,16,pyrologix,10,none,2022,0.0,0.0,-1,undetected,1,9.489961992702219e-05,0,0.0,False
GaussianBudget50M_TOPGrowing,HOTSPRINGS_2022-CASQF-001223,20220622,11,pyrologix,4,165-77,2022,0.0,0.0,0,drone,1,9.489961992702219e-05,1705,0.0046500813764240876,True
GaussianBudget50M_TOPGrowing,HUCKELBERRY_2022-CAENF-027891,20220929,19,pyrologix,8,none,2022,0.0,0.0,-1,undetected,1,9.489961992702219e-05,0,0.0,False
GaussianBudget50M_TOPGrowing,HUDSON_2022-CABDF-010893,20220715,12,pyrologix,3,none,2022,0.0,0.0,-1,undetected,1,9.489961992702219e-05,0,0.0,False
GaussianBudget50M_TOPGrowing,HUGHES_2022-CAANF-002583,20220806,19,pyrologix,9,none,2022,0.0,0.0,-1,undetected,1,9.489961992702219e-05,0,0.0,False
GaussianBudget50M_TOPGrowing,HWY_138____EL_CENTRO_RD_2022-CABDU-007181,20220525,16,pyrologix,6,206-87,2022,0.0,0.0,0,drone,1,9.489961992702219e-05,2580,0.004460282136570043,True
GaussianBudget50M_TOPGrowing,HWY_38___S_HATCHERY_DR_2022-CABDU-017193,20221129,3,pyrologix,4,none,2022,0.0,0.0,-1,undetected,1,9.489961992702219e-05,0,0.0,False
GaussianBudget50M_TOPGrowing,HWY_41____CEDAR_VALLEY_DR_2022-CAMMU-004709,20220228,20,pyrologix,11,132-67,2022,0.0,0.0,0,drone,1,9.489961992702219e-05,4410,0.0046500813764240876,True
GaussianBudget50M_TOPGrowing,HYAMPOM_2022-CASHF-000384,20220512,21,pyrologix,8,46-21,2022,0.0,0.0,0,drone,1,9.489961992702219e-05,3450,0.0046500813764240876,True
GaussianBudget50M_TOPGrowing,Hawk_2022-CAPNF-000591,20220515,17,pyrologix,1,77-62,2022,0.0,0.0,0,drone,1,9.489961992702219e-05,745,0.004555181756497065,True
GaussianBudget50M_TOPGrowing,Hawkins_2022-CASRF-000156,20220323,21,pyrologix,2,39-18,2022,0.0,0.0,1,drone,1,9.489961992702219e-05,1305,0.0046500813764240876,True
GaussianBudget50M_TOPGrowing,Hayward__2022-CASHF-000438,20220528,17,pyrologix,9,39-32,2022,0.0,0.0,0,drone,1,9.489961992702219e-05,3830,0.0046500813764240876,True
GaussianBudget50M_TOPGrowing,Hideaway_2022-CAPNF-001728,20220901,23,pyrologix,10,64-56,2022,0.0,0.0,0,drone,1,9.489961992702219e-05,3950,0.004555181756497065,True
GaussianBudget50M_TOPGrowing,Highway_2022-CASRF-000597,20220731,1,pyrologix,10,none,2022,0.0,0.0,-1,undetected,1,9.489961992702219e-05,0,0.0,False
GaussianBudget50M_TOPGrowing,Hill__2022-CAPNF-001217,20220720,19,pyrologix,3,70-57,2022,0.0,0.0,0,drone,1,9.489961992702219e-05,1190,0.0046500813764240876,True
GaussianBudget50M_TOPGrowing,Hirz_2022-CASHF-000974,20220912,0,pyrologix,7,41-39,2022,0.0,0.0,2,drone,1,9.489961992702219e-05,3670,0.0047449809963511095,True
GaussianBudget50M_TOPGrowing,Honey_2022-CAPNF-001729,20220901,13,pyrologix,1,63-64,2022,0.0,0.0,1,drone,1,9.489961992702219e-05,995,0.0046500813764240876,True
GaussianBudget50M_TOPGrowing,Howard_2022-CALPF-000943,20220515,18,pyrologix,7,none,2022,0.0,0.0,-1,undetected,1,9.489961992702219e-05,0,0.0,False
GaussianBudget50M_TOPGrowing,Howard_2_2022-CALPF-002477,20221008,17,pyrologix,12,none,2022,0.0,0.0,-1,undetected,1,9.489961992702219e-05,0,0.0,False
GaussianBudget50M_TOPGrowing,Hudson_2022-CALPF-002367,20220925,22,pyrologix,7,none,2022,0.0,0.0,-1,undetected,1,9.489961992702219e-05,0,0.0,False
GaussianBudget50M_TOPGrowing,Hudson__2022-CAPNF-001089,20220707,17,pyrologix,11,64-56,2022,0.0,0.0,0,drone,1,9.489961992702219e-05,4355,0.004555181756497065,True
GaussianBudget50M_TOPGrowing,IDA_2022-CASTF-001696,20220905,22,pyrologix,5,109-64,2022,0.0,0.0,0,drone,1,9.489961992702219e-05,2075,0.0046500813764240876,True
GaussianBudget50M_TOPGrowing,INCINERATOR_2022-CAANF-003654,20221123,10,pyrologix,4,none,2022,0.0,0.0,-1,undetected,1,9.489961992702219e-05,0,0.0,False
GaussianBudget50M_TOPGrowing,INDEPENDENCE_2022-CATNF-000916,20220721,22,pyrologix,6,84-67,2022,0.0,0.0,0,drone,1,9.489961992702219e-05,2625,0.004839880616278132,True
GaussianBudget50M_TOPGrowing,INSPIRATION_2022-CABDF-011986,20220812,22,pyrologix,5,none,2022,0.0,0.0,-1,undetected,1,9.489961992702219e-05,0,0.0,False
GaussianBudget50M_TOPGrowing,INTAKE_2022-CABDF-004376,20220304,13,pyrologix,8,206-87,2022,0.0,0.0,0,drone,1,9.489961992702219e-05,3240,0.004460282136570043,True
GaussianBudget50M_TOPGrowing,ISLAND_DR__FOREST_FALLS_2022-CABDU-006622,20220514,14,pyrologix,6,none,2022,0.0,0.0,-1,undetected,1,9.489961992702219e-05,0,0.0,False
GaussianBudget50M_TOPGrowing,Independence_2022-CALPF-001483,20220705,16,pyrologix,4,none,2022,0.0,0.0,-1,undetected,1,9.489961992702219e-05,0,0.0,False
GaussianBudget50M_TOPGrowing,JACK_2022-CASQF-001260,20220623,18,pyrologix,4,172-74,2022,0.0,0.0,0,drone,1,9.489961992702219e-05,1640,0.0046500813764240876,True
GaussianBudget50M_TOPGrowing,JACOBY_2022-CABDF-010878,20220715,21,pyrologix,7,none,2022,0.0,0.0,-1,undetected,1,9.489961992702219e-05,0,0.0,False
GaussianBudget50M_TOPGrowing,JANESVILLE_2022-CALMU-003556,20220712,18,pyrologix,9,63-64,2022,0.0,0.0,0,drone,1,9.489961992702219e-05,3775,0.0046500813764240876,True
GaussianBudget50M_TOPGrowing,JIM_2022-CACNF-000406,20220302,17,pyrologix,4,none,2022,0.0,0.0,-1,undetected,1,9.489961992702219e-05,0,0.0,False
GaussianBudget50M_TOPGrowing,JOHNSON_2022-CAANF-001432,20220522,14,pyrologix,7,none,2022,0.0,0.0,-1,undetected,1,9.489961992702219e-05,0,0.0,False
GaussianBudget50M_TOPGrowing,JUAN_DIEGO_FLATS_RD___TRIPP_FLATS_RD_2022-CARRU-129826,20220906,22,pyrologix,7,225-101,2022,0.0,0.0,0,drone,1,9.489961992702219e-05,2855,0.0046500813764240876,True
GaussianBudget50M_TOPGrowing,JUNCTION_2022-CABDF-011531,20220730,21,pyrologix,2,none,2022,0.0,0.0,-1,undetected,1,9.489961992702219e-05,0,0.0,False
GaussianBudget50M_TOPGrowing,JUNCTION_2022-CAINF-000983,20220601,21,pyrologix,5,none,2022,0.0,0.0,-1,undetected,1,9.489961992702219e-05,0,0.0,False
GaussianBudget50M_TOPGrowing,JUNE_ABC_MISC_2022-CASNF-000601,20220622,17,pyrologix,9,139-64,2022,0.0,0.0,0,drone,1,9.489961992702219e-05,3615,0.004460282136570043,True
GaussianBudget50M_TOPGrowing,JUNIPER_2022-CABDF-013538,20220925,17,pyrologix,1,none,2022,0.0,0.0,-1,undetected,1,9.489961992702219e-05,0,0.0,False
GaussianBudget50M_TOPGrowing,Jay_2022-CACNF-000248,20220207,15,pyrologix,2,none,2022,0.0,0.0,-1,undetected,1,9.489961992702219e-05,0,0.0,False
GaussianBudget50M_TOPGrowing,Jiggs_2022-CASRF-000658,20220813,23,pyrologix,7,53-19,2022,0.0,0.0,1,drone,1,9.489961992702219e-05,3325,0.0046500813764240876,True
GaussianBudget50M_TOPGrowing,KAGEL_2022-CAANF-003199,20220928,19,pyrologix,3,none,2022,0.0,0.0,-1,undetected,1,9.489961992702219e-05,0,0.0,False
GaussianBudget50M_TOPGrowing,KATE__2022-CAANF-002802,20220825,20,pyrologix,11,206-87,2022,0.0,0.0,1,drone,1,9.489961992702219e-05,4770,0.004555181756497065,True
GaussianBudget50M_TOPGrowing,KAWEAH_2022-CASQF-002717,20221026,18,pyrologix,7,none,2022,0.0,0.0,-1,undetected,1,9.489961992702219e-05,0,0.0,False
GaussianBudget50M_TOPGrowing,KELSEY_2022-CAKNF-006273,20220731,22,pyrologix,12,25-33,2022,0.0,0.0,0,drone,1,9.489961992702219e-05,5015,0.0046500813764240876,True
GaussianBudget50M_TOPGrowing,KEMPER_2022-CAKNF-007075,20220819,20,pyrologix,9,16-26,2022,0.0,0.0,0,drone,1,9.489961992702219e-05,3530,0.004555181756497065,True
GaussianBudget50M_TOPGrowing,KENTUCKY_2022-CAENF-021272,20220803,0,pyrologix,2,90-54,2022,0.0,0.0,0,drone,1,9.489961992702219e-05,1110,0.0046500813764240876,True
GaussianBudget50M_TOPGrowing,KITCHEN__018_2022-CACNF-001552,20220704,21,pyrologix,7,none,2022,0.0,0.0,-1,undetected,1,9.489961992702219e-05,0,0.0,False
GaussianBudget50M_TOPGrowing,KNOB_2022-CABDF-009772,20220623,4,pyrologix,4,206-87,2022,0.0,0.0,0,drone,1,9.489961992702219e-05,1855,0.004460282136570043,True
GaussianBudget50M_TOPGrowing,KYBURZ_2022-CAENF-017348,20220701,12,pyrologix,11,97-61,2022,0.0,0.0,0,drone,1,9.489961992702219e-05,4340,0.0046500813764240876,True
GaussianBudget50M_TOPGrowing,Keddie_2022-CAPNF-001370,20220730,23,pyrologix,1,70-57,2022,0.0,0.0,0,drone,1,9.489961992702219e-05,490,0.003511285937299821,True
GaussianBudget50M_TOPGrowing,L-1_WARNER_2022-CALNF-004077,20220802,16,pyrologix,10,58-54,2022,0.0,0.0,0,drone,1,9.489961992702219e-05,3955,0.004555181756497065,True
GaussianBudget50M_TOPGrowing,LAC-006523_2022-CALAC-006523,20220106,2,pyrologix,6,none,2022,0.0,0.0,-1,undetected,1,9.489961992702219e-05,0,0.0,False
GaussianBudget50M_TOPGrowing,LAC-046964_2022-CALAC-046964,20220207,20,pyrologix,11,none,2022,0.0,0.0,-1,undetected,1,9.489961992702219e-05,0,0.0,False
GaussianBudget50M_TOPGrowing,LAC-061064_2022-CALAC-061064,20220218,17,pyrologix,6,none,2022,0.0,0.0,-1,undetected,1,9.489961992702219e-05,0,0.0,False
GaussianBudget50M_TOPGrowing,LAC-090300_2022-CALAC-090300,20220316,2,pyrologix,7,none,2022,0.0,0.0,-1,undetected,1,9.489961992702219e-05,0,0.0,False
GaussianBudget50M_TOPGrowing,LAC-160812_2022-CALAC-160812,20220515,23,pyrologix,9,none,2022,0.0,0.0,-1,undetected,1,9.489961992702219e-05,0,0.0,False
GaussianBudget50M_TOPGrowing,LAC-179624_2022-CALAC-179624,20220531,20,pyrologix,12,206-87,2022,0.0,0.0,1,drone,1,9.489961992702219e-05,5100,0.004555181756497065,True
GaussianBudget50M_TOPGrowing,LAC-246041_2022-CALAC-246041,20220723,10,pyrologix,11,none,2022,0.0,0.0,-1,undetected,1,9.489961992702219e-05,0,0.0,False
GaussianBudget50M_TOPGrowing,LAC-382748_2022-CALAC-382748,20221110,12,pyrologix,11,none,2022,0.0,0.0,-1,undetected,1,9.489961992702219e-05,0,0.0,False
GaussianBudget50M_TOPGrowing,LAC-403372_2022-CALAC-403372,20221127,23,pyrologix,2,none,2022,0.0,0.0,-1,undetected,1,9.489961992702219e-05,0,0.0,False
GaussianBudget50M_TOPGrowing,LAGO_2022-CAANF-003186,20220926,12,pyrologix,11,none,2022,0.0,0.0,-1,undetected,1,9.489961992702219e-05,0,0.0,False
GaussianBudget50M_TOPGrowing,LAKEHEAD_2022-CASHF-000793,20220807,22,pyrologix,2,41-39,2022,0.0,0.0,0,drone,1,9.489961992702219e-05,1130,0.004555181756497065,True
GaussianBudget50M_TOPGrowing,LAKE_2022-CASHF-000461,20220601,15,pyrologix,10,34-40,2022,0.0,0.0,0,drone,1,9.489961992702219e-05,3955,0.0046500813764240876,True
GaussianBudget50M_TOPGrowing,LAKE_2022-CATNF-001256,20220830,18,pyrologix,12,84-67,2022,0.0,0.0,0,drone,1,9.489961992702219e-05,5015,0.004934780236205154,True
GaussianBudget50M_TOPGrowing,LANE_2022-CABDF-013734,20221001,18,pyrologix,6,none,2022,0.0,0.0,-1,undetected,1,9.489961992702219e-05,0,0.0,False
GaussianBudget50M_TOPGrowing,LAVA_2022-CALNF-005466,20221006,20,pyrologix,5,44-53,2022,0.0,0.0,0,drone,1,9.489961992702219e-05,2280,0.0046500813764240876,True
GaussianBudget50M_TOPGrowing,LAVA__2022-CAMDF-000214,20220607,16,pyrologix,12,none,2022,0.0,0.0,-1,undetected,1,9.489961992702219e-05,0,0.0,False
GaussianBudget50M_TOPGrowing,LEAF_2022-CATMU-020809,20220730,20,pyrologix,9,none,2022,0.0,0.0,-1,undetected,1,9.489961992702219e-05,0,0.0,False
GaussianBudget50M_TOPGrowing,LEAF_2022-CATMU-028133,20221001,21,pyrologix,1,none,2022,0.0,0.0,-1,undetected,1,9.489961992702219e-05,0,0.0,False
GaussianBudget50M_TOPGrowing,LEONI_2022-CAENF-013935,20220530,19,pyrologix,2,97-61,2022,0.0,0.0,1,drone,1,9.489961992702219e-05,1335,0.0046500813764240876,True
GaussianBudget50M_TOPGrowing,LEWIS_2022-CASNF-000452,20220528,20,pyrologix,4,132-67,2022,0.0,0.0,0,drone,1,9.489961992702219e-05,1670,0.0046500813764240876,True
GaussianBudget50M_TOPGrowing,LICK_2022-CASHF-001145,20221021,11,pyrologix,12,46-28,2022,0.0,0.0,1,drone,1,9.489961992702219e-05,5235,0.0046500813764240876,True
GaussianBudget50M_TOPGrowing,LIGHTNING_2022-CACNF-001398,20220623,21,pyrologix,10,none,2022,0.0,0.0,-1,undetected,1,9.489961992702219e-05,0,0.0,False
GaussianBudget50M_TOPGrowing,LILLY_2022-CAKNF-006430,20220803,22,pyrologix,6,34-40,2022,0.0,0.0,1,drone,1,9.489961992702219e-05,2935,0.0046500813764240876,True
GaussianBudget50M_TOPGrowing,LINE_2022-CAINF-001655,20220802,22,pyrologix,8,none,2022,0.0,0.0,-1,undetected,1,9.489961992702219e-05,0,0.0,False
GaussianBudget50M_TOPGrowing,LION_2022-CAENF-007455,20220320,17,pyrologix,10,90-54,2022,0.0,0.0,1,drone,1,9.489961992702219e-05,4485,0.0046500813764240876,True
GaussianBudget50M_TOPGrowing,LISA_2022-CALAC-213820,20220627,22,pyrologix,2,none,2022,0.0,0.0,-1,undetected,1,9.489961992702219e-05,0,0.0,False
GaussianBudget50M_TOPGrowing,LITTLE_2022-CAKNF-001539,20220226,15,pyrologix,10,none,2022,0.0,0.0,-1,undetected,1,9.489961992702219e-05,0,0.0,False
GaussianBudget50M_TOPGrowing,LITTLE_2022-CASHF-000763,20220804,22,pyrologix,6,34-40,2022,0.0,0.0,1,drone,1,9.489961992702219e-05,2775,0.0046500813764240876,True
GaussianBudget50M_TOPGrowing,LOBO_2022-CABDF-014357,20221016,11,pyrologix,7,none,2022,0.0,0.0,-1,undetected,1,9.489961992702219e-05,0,0.0,False
GaussianBudget50M_TOPGrowing,LOFT_2022-CASNF-001642,20221125,19,pyrologix,4,132-67,2022,0.0,0.0,0,drone,1,9.489961992702219e-05,1780,0.0046500813764240876,True
GaussianBudget50M_TOPGrowing,LOG_2022-CAANF-003645,20221122,1,pyrologix,8,206-87,2022,0.0,0.0,1,drone,1,9.489961992702219e-05,3625,0.004460282136570043,True
GaussianBudget50M_TOPGrowing,LOG_2022-CATMU-030995,20221029,11,pyrologix,8,none,2022,0.0,0.0,-1,undetected,1,9.489961992702219e-05,0,0.0,False
GaussianBudget50M_TOPGrowing,LONE_2022-CABDF-013461,20220923,22,pyrologix,1,206-87,2022,0.0,0.0,0,drone,1,9.489961992702219e-05,535,0.002467390118102577,True
GaussianBudget50M_TOPGrowing,LONE_2022-CAMDF-000514,20220731,22,pyrologix,4,none,2022,0.0,0.0,-1,undetected,1,9.489961992702219e-05,0,0.0,False
GaussianBudget50M_TOPGrowing,LONGEST_2022-CABTU-015806,20220901,20,pyrologix,4,69-43,2022,0.0,0.0,0,drone,1,9.489961992702219e-05,1670,0.003985784036934932,True
GaussianBudget50M_TOPGrowing,LONG_2022-CABDF-009757,20220622,17,pyrologix,11,none,2022,0.0,0.0,-1,undetected,1,9.489961992702219e-05,0,0.0,False
GaussianBudget50M_TOPGrowing,LONG_2022-CACNF-001399,20220623,2,pyrologix,3,none,2022,0.0,0.0,-1,undetected,1,9.489961992702219e-05,0,0.0,False
GaussianBudget50M_TOPGrowing,LONG_2022-CAENF-018477,20220710,17,pyrologix,10,90-60,2022,0.0,0.0,0,drone,1,9.489961992702219e-05,3945,0.0046500813764240876,True
GaussianBudget50M_TOPGrowing,LONG_2022-CAINF-002266,20221021,19,pyrologix,10,none,2022,0.0,0.0,-1,undetected,1,9.489961992702219e-05,0,0.0,False
GaussianBudget50M_TOPGrowing,LONG_2022-CAMDF-000652,20220809,9,pyrologix,7,none,2022,0.0,0.0,-1,undetected,1,9.489961992702219e-05,0,0.0,False
GaussianBudget50M_TOPGrowing,LOOKOUT_2022-CAKNF-007055,20220818,9,pyrologix,12,18-33,2022,0.0,0.0,1,drone,1,9.489961992702219e-05,5255,0.0046500813764240876,True
GaussianBudget50M_TOPGrowing,LOOP_2022-CAINF-001592,20220727,19,pyrologix,11,none,2022,0.0,0.0,-1,undetected,1,9.489961992702219e-05,0,0.0,False
GaussianBudget50M_TOPGrowing,LOOP_2022-CALNF-003465,20220708,18,pyrologix,4,51-53,2022,0.0,0.0,0,drone,1,9.489961992702219e-05,1620,0.0046500813764240876,True
GaussianBudget50M_TOPGrowing,LOPEZ_2022-CALPF-001155,20220606,19,pyrologix,7,none,2022,0.0,0.0,-1,undetected,1,9.489961992702219e-05,0,0.0,False
GaussianBudget50M_TOPGrowing,LOST_2022-CATNF-000633,20220617,17,pyrologix,10,90-60,2022,0.0,0.0,0,drone,1,9.489961992702219e-05,4095,0.0046500813764240876,True
GaussianBudget50M_TOPGrowing,LOS_PINOS_2022-CAORC-149035,20221106,19,pyrologix,1,none,2022,0.0,0.0,-1,undetected,1,9.489961992702219e-05,0,0.0,False
GaussianBudget50M_TOPGrowing,LOT_2022-CACNF-001168,20220604,3,pyrologix,6,none,2022,0.0,0.0,-1,undetected,1,9.489961992702219e-05,0,0.0,False
GaussianBudget50M_TOPGrowing,LOVER_2022-CAKNF-006225,20220730,16,pyrologix,2,25-33,2022,0.0,0.0,0,drone,1,9.489961992702219e-05,1080,0.0046500813764240876,True
GaussianBudget50M_TOPGrowing,LOWER_2022-CASHF-000205,20220322,13,pyrologix,7,41-39,2022,0.0,0.0,1,drone,1,9.489961992702219e-05,3275,0.0047449809963511095,True
GaussianBudget50M_TOPGrowing,LUPINE_2022-CAPNF-004737,20220901,10,pyrologix,1,63-64,2022,0.0,0.0,1,drone,1,9.489961992702219e-05,995,0.0046500813764240876,True
GaussianBudget50M_TOPGrowing,LYON_2022-CATGU-011292,20220922,13,pyrologix,9,56-47,2022,0.0,0.0,0,drone,1,9.489961992702219e-05,3745,0.0046500813764240876,True
GaussianBudget50M_TOPGrowing,Lamb_Gap_2022-CASRF-000223,20220414,9,pyrologix,11,46-21,2022,0.0,0.0,1,drone,1,9.489961992702219e-05,4920,0.0046500813764240876,True
GaussianBudget50M_TOPGrowing,Lamoine_2022-CASHF-000626,20220711,12,pyrologix,11,41-39,2022,0.0,0.0,0,drone,1,9.489961992702219e-05,4330,0.0047449809963511095,True
GaussianBudget50M_TOPGrowing,Lane_2022-CAPNF-002293,20221029,18,pyrologix,5,70-57,2022,0.0,0.0,0,drone,1,9.489961992702219e-05,2025,0.0046500813764240876,True
GaussianBudget50M_TOPGrowing,Laporte_2022-CAPNF-001155,20220715,11,pyrologix,4,77-48,2022,0.0,0.0,0,drone,1,9.489961992702219e-05,1775,0.0046500813764240876,True
GaussianBudget50M_TOPGrowing,Little_2022-CAPNF-001818,20220907,16,pyrologix,8,77-62,2022,0.0,0.0,0,drone,1,9.489961992702219e-05,3430,0.0046500813764240876,True
GaussianBudget50M_TOPGrowing,MADERA_2022-CASNF-001023,20220811,15,pyrologix,4,131-73,2022,0.0,0.0,0,drone,1,9.489961992702219e-05,1580,0.004839880616278132,True
GaussianBudget50M_TOPGrowing,MANOR_2022-CABDF-013776,20221002,15,pyrologix,8,206-87,2022,0.0,0.0,0,drone,1,9.489961992702219e-05,3280,0.004460282136570043,True
GaussianBudget50M_TOPGrowing,MANZANITA_2022-CABDF-013457,20220923,18,pyrologix,9,none,2022,0.0,0.0,-1,undetected,1,9.489961992702219e-05,0,0.0,False
GaussianBudget50M_TOPGrowing,MAPLE_1_2022-CACNF-001291,20220614,11,pyrologix,11,none,2022,0.0,0.0,-1,undetected,1,9.489961992702219e-05,0,0.0,False
GaussianBudget50M_TOPGrowing,MAPLE_2022-CAORC-076966,20220614,16,pyrologix,1,none,2022,0.0,0.0,-1,undetected,1,9.489961992702219e-05,0,0.0,False
GaussianBudget50M_TOPGrowing,MAPLE_2_2022-CACNF-001295,20220614,11,pyrologix,11,none,2022,0.0,0.0,-1,undetected,1,9.489961992702219e-05,0,0.0,False
GaussianBudget50M_TOPGrowing,MAPLE_3_2022-CACNF-001296,20220614,14,pyrologix,5,none,2022,0.0,0.0,-1,undetected,1,9.489961992702219e-05,0,0.0,False
GaussianBudget50M_TOPGrowing,MARICOPA_2022-CALPF-001282,20220618,9,pyrologix,7,none,2022,0.0,0.0,-1,undetected,1,9.489961992702219e-05,0,0.0,False
GaussianBudget50M_TOPGrowing,MARION_2022-CABDF-007214,20220424,11,pyrologix,5,none,2022,0.0,0.0,-1,undetected,1,9.489961992702219e-05,0,0.0,False
GaussianBudget50M_TOPGrowing,MARIPOSA_2022-CABDF-005080,20220317,21,pyrologix,7,none,2022,0.0,0.0,-1,undetected,1,9.489961992702219e-05,0,0.0,False
GaussianBudget50M_TOPGrowing,MARSHALL_2022-CASTF-001862,20220923,23,pyrologix,2,109-64,2022,0.0,0.0,1,drone,1,9.489961992702219e-05,1395,0.0046500813764240876,True
GaussianBudget50M_TOPGrowing,MASON_2022-CATNF-000101,20220210,19,pyrologix,4,84-67,2022,0.0,0.0,1,drone,1,9.489961992702219e-05,2315,0.004839880616278132,True
GaussianBudget50M_TOPGrowing,MATTRESS_2022-CAANF-002237,20220716,2,pyrologix,2,none,2022,0.0,0.0,-1,undetected,1,9.489961992702219e-05,0,0.0,False
GaussianBudget50M_TOPGrowing,MAXWELL_2022-CASHU-009929,20220907,8,pyrologix,11,46-28,2022,0.0,0.0,0,drone,1,9.489961992702219e-05,4565,0.0046500813764240876,True
GaussianBudget50M_TOPGrowing,MCGEE_2022-CAINF-001072,20220612,12,pyrologix,11,none,2022,0.0,0.0,-1,undetected,1,9.489961992702219e-05,0,0.0,False
GaussianBudget50M_TOPGrowing,MCGINTY_2022-CAMDF-000569,20220804,15,pyrologix,9,none,2022,0.0,0.0,-1,undetected,1,9.489961992702219e-05,0,0.0,False
GaussianBudget50M_TOPGrowing,MCKINLEY_2022-CASNF-001368,20220915,13,pyrologix,11,139-70,2022,0.0,0.0,0,drone,1,9.489961992702219e-05,4405,0.0046500813764240876,True
GaussianBudget50M_TOPGrowing,MCKINNEY_2022-CAKNF-006177,20220729,18,pyrologix,6,18-33,2022,0.0,0.0,0,drone,1,9.489961992702219e-05,2465,0.004555181756497065,True
GaussianBudget50M_TOPGrowing,MCNEAL_2022-CAKNF-006262,20220731,22,pyrologix,7,32-26,2022,0.0,0.0,0,drone,1,9.489961992702219e-05,2870,0.0046500813764240876,True
GaussianBudget50M_TOPGrowing,MEADOW_2022-CAENF-021439,20220804,14,pyrologix,11,none,2022,0.0,0.0,-1,undetected,1,9.489961992702219e-05,0,0.0,False
GaussianBudget50M_TOPGrowing,MEADOW_2022-CAINF-001681,20220804,21,pyrologix,8,none,2022,0.0,0.0,-1,undetected,1,9.489961992702219e-05,0,0.0,False
GaussianBudget50M_TOPGrowing,MEADOW_2022-CASQF-000245,20220219,17,pyrologix,7,none,2022,0.0,0.0,-1,undetected,1,9.489961992702219e-05,0,0.0,False
GaussianBudget50M_TOPGrowing,MEADOW_2022-CATNF-001095,20220809,18,pyrologix,12,none,2022,0.0,0.0,-1,undetected,1,9.489961992702219e-05,0,0.0,False
GaussianBudget50M_TOPGrowing,MERRIL_2022-CATNF-001579,20221019,12,pyrologix,11,84-67,2022,0.0,0.0,0,drone,1,9.489961992702219e-05,4465,0.004839880616278132,True
GaussianBudget50M_TOPGrowing,MEYERS_2022-CABDF-011208,20220722,0,pyrologix,7,none,2022,0.0,0.0,-1,undetected,1,9.489961992702219e-05,0,0.0,False
GaussianBudget50M_TOPGrowing,MEYER_2022-CABDF-012989,20220907,20,pyrologix,12,none,2022,0.0,0.0,-1,undetected,1,9.489961992702219e-05,0,0.0,False
GaussianBudget50M_TOPGrowing,MIDPINES_2022-CAMMU-014808,20220707,18,pyrologix,6,125-64,2022,0.0,0.0,0,drone,1,9.489961992702219e-05,2490,0.0046500813764240876,True
GaussianBudget50M_TOPGrowing,MIDPINES_2022-CAMMU-015084,20220710,15,pyrologix,12,125-64,2022,0.0,0.0,0,drone,1,9.489961992702219e-05,5010,0.0046500813764240876,True
GaussianBudget50M_TOPGrowing,MILITARY_2022-CAKNF-010677,20221125,15,pyrologix,9,28-47,2022,0.0,0.0,0,drone,1,9.489961992702219e-05,3760,0.0046500813764240876,True
GaussianBudget50M_TOPGrowing,MILLARD_2022-CAANF-001239,20220504,23,pyrologix,10,none,2022,0.0,0.0,-1,undetected,1,9.489961992702219e-05,0,0.0,False
GaussianBudget50M_TOPGrowing,MILLER_2022-CABDF-007690,20220507,5,pyrologix,8,206-87,2022,0.0,0.0,0,drone,1,9.489961992702219e-05,3240,0.004460282136570043,True
GaussianBudget50M_TOPGrowing,MILL_2022-CAKNF-001285,20220218,1,pyrologix,1,25-33,2022,0.0,0.0,1,drone,1,9.489961992702219e-05,975,0.0046500813764240876,True
GaussianBudget50M_TOPGrowing,MILL_2022-CASQF-001258,20220623,18,pyrologix,3,172-74,2022,0.0,0.0,0,drone,1,9.489961992702219e-05,1185,0.0046500813764240876,True
GaussianBudget50M_TOPGrowing,MILL_2022-CASTF-001171,20220715,19,pyrologix,4,109-64,2022,0.0,0.0,0,drone,1,9.489961992702219e-05,1620,0.0046500813764240876,True
GaussianBudget50M_TOPGrowing,MILL__2022-CATGU-008572,20220719,1,pyrologix,2,56-47,2022,0.0,0.0,0,drone,1,9.489961992702219e-05,975,0.0046500813764240876,True
GaussianBudget50M_TOPGrowing,MINERAL_2022-CATGU-011262,20220921,19,pyrologix,9,56-47,2022,0.0,0.0,1,drone,1,9.489961992702219e-05,4210,0.0046500813764240876,True
GaussianBudget50M_TOPGrowing,MM_10_2022-CASRF-000513,20220712,17,pyrologix,4,none,2022,0.0,0.0,-1,undetected,1,9.489961992702219e-05,0,0.0,False
GaussianBudget50M_TOPGrowing,MONACHE_2022-CAINF-001667,20220802,17,pyrologix,9,164-82,2022,0.0,0.0,1,drone,1,9.489961992702219e-05,4055,0.0046500813764240876,True
GaussianBudget50M_TOPGrowing,MONO_2022-CAINF-001496,20220717,14,pyrologix,10,none,2022,0.0,0.0,-1,undetected,1,9.489961992702219e-05,0,0.0,False
GaussianBudget50M_TOPGrowing,MONTE_2022-CAANF-003443,20221026,14,pyrologix,5,none,2022,0.0,0.0,-1,undetected,1,9.489961992702219e-05,0,0.0,False
GaussianBudget50M_TOPGrowing,MONTREAL_2022-CAAEU-029415,20221014,5,pyrologix,2,none,2022,0.0,0.0,-1,undetected,1,9.489961992702219e-05,0,0.0,False
GaussianBudget50M_TOPGrowing,MOON_2022-CASNF-000691,20220703,20,pyrologix,10,132-67,2022,0.0,0.0,0,drone,1,9.489961992702219e-05,4300,0.0046500813764240876,True
GaussianBudget50M_TOPGrowing,MOORES_2022-CANEU-029518,20221028,9,pyrologix,11,83-56,2022,0.0,0.0,0,drone,1,9.489961992702219e-05,4565,0.0046500813764240876,True
GaussianBudget50M_TOPGrowing,MOORES_2022-CATNF-001612,20221028,14,pyrologix,1,83-56,2022,0.0,0.0,0,drone,1,9.489961992702219e-05,680,0.004460282136570043,True
GaussianBudget50M_TOPGrowing,MORRIS_2022-CAANF-002629,20220812,1,pyrologix,3,none,2022,0.0,0.0,-1,undetected,1,9.489961992702219e-05,0,0.0,False
GaussianBudget50M_TOPGrowing,MORRIS_2022-CALAC-270672,20220812,2,pyrologix,1,none,2022,0.0,0.0,-1,undetected,1,9.489961992702219e-05,0,0.0,False
GaussianBudget50M_TOPGrowing,MOSQUITO_2022-CASTF-001234,20220721,15,pyrologix,6,102-70,2022,0.0,0.0,0,drone,1,9.489961992702219e-05,2510,0.004365382516643021,True
GaussianBudget50M_TOPGrowing,MOSQUITO_2022-CATNF-001371,20220907,20,pyrologix,10,90-54,2022,0.0,0.0,0,drone,1,9.489961992702219e-05,3930,0.0046500813764240876,True
GaussianBudget50M_TOPGrowing,MOUNTAIN_2022-CASHF-000775,20220805,1,pyrologix,12,none,2022,0.0,0.0,-1,undetected,1,9.489961992702219e-05,0,0.0,False
GaussianBudget50M_TOPGrowing,MULCH_2022-CALNF-003356,20220702,20,pyrologix,1,none,2022,0.0,0.0,-1,undetected,1,9.489961992702219e-05,0,0.0,False
GaussianBudget50M_TOPGrowing,MULE_2022-CASQF-002110,20220819,16,pyrologix,10,165-77,2022,0.0,0.0,0,drone,1,9.489961992702219e-05,4250,0.0046500813764240876,True
GaussianBudget50M_TOPGrowing,MUNSON_2022-CAENF-028534,20221006,0,pyrologix,1,none,2022,0.0,0.0,-1,undetected,1,9.489961992702219e-05,0,0.0,False
GaussianBudget50M_TOPGrowing,MUNZ_2022-CAANF-003073,20220913,16,pyrologix,11,none,2022,0.0,0.0,-1,undetected,1,9.489961992702219e-05,0,0.0,False
GaussianBudget50M_TOPGrowing,MUNZ_2022-CALAC-313159,20220913,16,pyrologix,11,none,2022,0.0,0.0,-1,undetected,1,9.489961992702219e-05,0,0.0,False
GaussianBudget50M_TOPGrowing,MURPHY_2022-CASQF-002470,20220921,15,pyrologix,11,none,2022,0.0,0.0,-1,undetected,1,9.489961992702219e-05,0,0.0,False
GaussianBudget50M_TOPGrowing,MUTUAL_AID_TERRAZA_2022-CACNF-000725,20220419,20,pyrologix,5,230-96,2022,0.0,0.0,1,drone,1,9.489961992702219e-05,2500,0.0046500813764240876,True
GaussianBudget50M_TOPGrowing,Marian_2022-CALPF-001794,20220803,13,pyrologix,8,none,2022,0.0,0.0,-1,undetected,1,9.489961992702219e-05,0,0.0,False
GaussianBudget50M_TOPGrowing,Medicine_2022-CASRF-000602,20220801,16,pyrologix,12,23-25,2022,0.0,0.0,0,drone,1,9.489961992702219e-05,4865,0.0046500813764240876,True
GaussianBudget50M_TOPGrowing,Mutual_Aid_SERE_2022-CACNF-000268,20220210,11,pyrologix,9,none,2022,0.0,0.0,-1,undetected,1,9.489961992702219e-05,0,0.0,False
GaussianBudget50M_TOPGrowing,NAVAJO_2022-CALPF-000869,20220508,16,pyrologix,10,none,2022,0.0,0.0,-1,undetected,1,9.489961992702219e-05,0,0.0,False
GaussianBudget50M_TOPGrowing,NELSON_2022-CASHF-000649,20220715,16,pyrologix,10,42-46,2022,0.0,0.0,0,drone,1,9.489961992702219e-05,3995,0.0046500813764240876,True
GaussianBudget50M_TOPGrowing,NEY_2022-CASHF-000718,20220728,0,pyrologix,1,34-40,2022,0.0,0.0,0,drone,1,9.489961992702219e-05,450,0.003511285937299821,True
GaussianBudget50M_TOPGrowing,NOBLETT_2022-CAANF-001730,20220614,23,pyrologix,7,none,2022,0.0,0.0,-1,undetected,1,9.489961992702219e-05,0,0.0,False
GaussianBudget50M_TOPGrowing,NOBLE_2022-CACNF-001459,20220626,20,pyrologix,7,none,2022,0.0,0.0,-1,undetected,1,9.489961992702219e-05,0,0.0,False
GaussianBudget50M_TOPGrowing,NOB_HILL_2022-CABDF-012884,20220904,20,pyrologix,2,none,2022,0.0,0.0,-1,undetected,1,9.489961992702219e-05,0,0.0,False
GaussianBudget50M_TOPGrowing,NON-REPORTABLE_2022-CAANF-001293,20220509,12,pyrologix,12,none,2022,0.0,0.0,-1,undetected,1,9.489961992702219e-05,0,0.0,False
GaussianBudget50M_TOPGrowing,NON-REPORTABLE_2022-CAANF-003057,20220912,13,pyrologix,9,206-87,2022,0.0,0.0,0,drone,1,9.489961992702219e-05,3625,0.004460282136570043,True
GaussianBudget50M_TOPGrowing,NON-_REPORTABLE_2022-CAANF-002824,20220826,19,pyrologix,8,none,2022,0.0,0.0,-1,undetected,1,9.489961992702219e-05,0,0.0,False
GaussianBudget50M_TOPGrowing,NON_REPORTABLE_2022-CAANF-003158,20220923,23,pyrologix,7,none,2022,0.0,0.0,-1,undetected,1,9.489961992702219e-05,0,0.0,False
GaussianBudget50M_TOPGrowing,NORTHMAIN_2022-CACNF-000917,20220514,11,pyrologix,11,none,2022,0.0,0.0,-1,undetected,1,9.489961992702219e-05,0,0.0,False
GaussianBudget50M_TOPGrowing,NORTH_2022-CAENF-025545,20220906,19,pyrologix,4,97-61,2022,0.0,0.0,0,drone,1,9.489961992702219e-05,1720,0.0046500813764240876,True
GaussianBudget50M_TOPGrowing,NORTH_2022-CATMU-024952,20220902,9,pyrologix,6,none,2022,0.0,0.0,-1,undetected,1,9.489961992702219e-05,0,0.0,False
GaussianBudget50M_TOPGrowing,NORTH__2022-CAANF-003486,20221101,2,pyrologix,1,none,2022,0.0,0.0,-1,undetected,1,9.489961992702219e-05,0,0.0,False
GaussianBudget50M_TOPGrowing,NUTMEG_2022-CASNF-001211,20220902,16,pyrologix,11,139-70,2022,0.0,0.0,0,drone,1,9.489961992702219e-05,4495,0.0046500813764240876,True
GaussianBudget50M_TOPGrowing,Nelson_2022-CACNF-000234,20220206,19,pyrologix,3,none,2022,0.0,0.0,-1,undetected,1,9.489961992702219e-05,0,0.0,False
GaussianBudget50M_TOPGrowing,Nervino_2022-CAPNF-001140,20220713,14,pyrologix,10,77-69,2022,0.0,0.0,0,drone,1,9.489961992702219e-05,4030,0.004460282136570043,True
GaussianBudget50M_TOPGrowing,OAKWILDE_2022-CAANF-003225,20221001,14,pyrologix,5,none,2022,0.0,0.0,-1,undetected,1,9.489961992702219e-05,0,0.0,False
GaussianBudget50M_TOPGrowing,OAKWILDE_2022-CALAC-334495,20221001,14,pyrologix,5,none,2022,0.0,0.0,-1,undetected,1,9.489961992702219e-05,0,0.0,False
GaussianBudget50M_TOPGrowing,OAK_2022-CAANF-000662,20220313,19,pyrologix,4,none,2022,0.0,0.0,-1,undetected,1,9.489961992702219e-05,0,0.0,False
GaussianBudget50M_TOPGrowing,OAK_2022-CABDF-000336,20220102,20,pyrologix,1,206-87,2022,0.0,0.0,0,drone,1,9.489961992702219e-05,535,0.002467390118102577,True
GaussianBudget50M_TOPGrowing,OBRIEN_2022-CASHF-000204,20220322,9,pyrologix,11,41-39,2022,0.0,0.0,0,drone,1,9.489961992702219e-05,4490,0.0047449809963511095,True
GaussianBudget50M_TOPGrowing,OBrien_2022-CASHF-000431,20220526,18,pyrologix,5,none,2022,0.0,0.0,-1,undetected,1,9.489961992702219e-05,0,0.0,False
GaussianBudget50M_TOPGrowing,OH_2022-CAINF-001497,20220717,19,pyrologix,4,none,2022,0.0,0.0,-1,undetected,1,9.489961992702219e-05,0,0.0,False
GaussianBudget50M_TOPGrowing,OLIVER_2022-CABDF-013445,20220923,12,pyrologix,2,none,2022,0.0,0.0,-1,undetected,1,9.489961992702219e-05,0,0.0,False
GaussianBudget50M_TOPGrowing,OMEGA_2022-CATNF-001334,20220904,16,pyrologix,11,83-56,2022,0.0,0.0,0,drone,1,9.489961992702219e-05,4615,0.0046500813764240876,True
GaussianBudget50M_TOPGrowing,ONYX_2022-CABDF-009774,20220623,6,pyrologix,1,none,2022,0.0,0.0,-1,undetected,1,9.489961992702219e-05,0,0.0,False
GaussianBudget50M_TOPGrowing,ORO_2022-CAANF-001921,20220627,5,pyrologix,1,none,2022,0.0,0.0,-1,undetected,1,9.489961992702219e-05,0,0.0,False
GaussianBudget50M_TOPGrowing,OVERLAND_2022-CAENF-027358,20220924,18,pyrologix,7,97-54,2022,0.0,0.0,0,drone,1,9.489961992702219e-05,2895,0.0046500813764240876,True
GaussianBudget50M_TOPGrowing,OVERLOOK_2022-CAANF-000493,20220223,21,pyrologix,10,none,2022,0.0,0.0,-1,undetected,1,9.489961992702219e-05,0,0.0,False
GaussianBudget50M_TOPGrowing,OVERLOOK_2022-CABDF-016028,20221114,15,pyrologix,12,206-87,2022,0.0,0.0,1,drone,1,9.489961992702219e-05,5200,0.004555181756497065,True
GaussianBudget50M_TOPGrowing,O_NEIL_2022-CAKNF-006324,20220801,20,pyrologix,12,18-33,2022,0.0,0.0,0,drone,1,9.489961992702219e-05,4715,0.0046500813764240876,True
GaussianBudget50M_TOPGrowing,Oak_2022-CASHF-000841,20220818,12,pyrologix,10,42-46,2022,0.0,0.0,0,drone,1,9.489961992702219e-05,4280,0.0046500813764240876,True
GaussianBudget50M_TOPGrowing,Oak_2022-CASRF-000621,20220805,8,pyrologix,12,39-18,2022,0.0,0.0,0,drone,1,9.489961992702219e-05,4760,0.0046500813764240876,True
GaussianBudget50M_TOPGrowing,Owl_2022-CASRF-000923,20221028,13,pyrologix,9,25-20,2022,0.0,0.0,0,drone,1,9.489961992702219e-05,3665,0.0046500813764240876,True
GaussianBudget50M_TOPGrowing,PACIFIC_2022-CASHF-001182,20221030,9,pyrologix,11,34-40,2022,0.0,0.0,1,drone,1,9.489961992702219e-05,4830,0.0046500813764240876,True
GaussianBudget50M_TOPGrowing,PACK_2022-CASQF-002206,20220829,20,pyrologix,7,165-77,2022,0.0,0.0,0,drone,1,9.489961992702219e-05,2805,0.0046500813764240876,True
GaussianBudget50M_TOPGrowing,PANTHER_2022-CALNF-005145,20220922,22,pyrologix,8,56-47,2022,0.0,0.0,0,drone,1,9.489961992702219e-05,3450,0.0046500813764240876,True
GaussianBudget50M_TOPGrowing,PARADE_2022-CALNF-005173,20220923,21,pyrologix,8,63-49,2022,0.0,0.0,1,drone,1,9.489961992702219e-05,3650,0.0046500813764240876,True
GaussianBudget50M_TOPGrowing,PARKER_2022-CAKNF-008333,20220921,17,pyrologix,11,21-47,2022,0.0,0.0,0,drone,1,9.489961992702219e-05,4595,0.004270482896715999,True
GaussianBudget50M_TOPGrowing,PARKER_2022-CAMDF-000106,20220408,17,pyrologix,8,none,2022,0.0,0.0,-1,undetected,1,9.489961992702219e-05,0,0.0,False
GaussianBudget50M_TOPGrowing,PASS_2022-CABDF-009631,20220619,14,pyrologix,12,none,2022,0.0,0.0,-1,undetected,1,9.489961992702219e-05,0,0.0,False
GaussianBudget50M_TOPGrowing,PAYMASTER_2022-CAENF-006355,20220308,15,pyrologix,8,90-54,2022,0.0,0.0,0,drone,1,9.489961992702219e-05,3180,0.0046500813764240876,True
GaussianBudget50M_TOPGrowing,PEAK_2022-CASHF-000764,20220804,23,pyrologix,4,46-28,2022,0.0,0.0,0,drone,1,9.489961992702219e-05,1755,0.0046500813764240876,True
GaussianBudget50M_TOPGrowing,PEAK_2022-CASQF-002638,20221011,17,pyrologix,1,172-74,2022,0.0,0.0,0,drone,1,9.489961992702219e-05,495,0.0036061855572268433,True
GaussianBudget50M_TOPGrowing,PEAVINE_2022-CAENF-008736,20220403,20,pyrologix,3,97-61,2022,0.0,0.0,0,drone,1,9.489961992702219e-05,1270,0.0046500813764240876,True
GaussianBudget50M_TOPGrowing,PICNIC_2022-CACNF-000485,20220314,17,pyrologix,2,none,2022,0.0,0.0,-1,undetected,1,9.489961992702219e-05,0,0.0,False
GaussianBudget50M_TOPGrowing,PIGEON_2022-CASNF-000607,20220623,10,pyrologix,9,125-64,2022,0.0,0.0,0,drone,1,9.489961992702219e-05,3580,0.0046500813764240876,True
GaussianBudget50M_TOPGrowing,PILGRIM_2022-CASHF-000773,20220804,22,pyrologix,2,35-47,2022,0.0,0.0,0,drone,1,9.489961992702219e-05,1130,0.004555181756497065,True
GaussianBudget50M_TOPGrowing,PILLSBURY_2022-CAMNF-000680,20220614,20,pyrologix,3,none,2022,0.0,0.0,-1,undetected,1,9.489961992702219e-05,0,0.0,False
GaussianBudget50M_TOPGrowing,PINECONE_2022-CASHF-000751,20220802,20,pyrologix,8,46-21,2022,0.0,0.0,0,drone,1,9.489961992702219e-05,3345,0.0046500813764240876,True
GaussianBudget50M_TOPGrowing,PINE_2022-CACNF-000498,20220317,19,pyrologix,6,none,2022,0.0,0.0,-1,undetected,1,9.489961992702219e-05,0,0.0,False
GaussianBudget50M_TOPGrowing,PINE_2022-CAKNF-006086,20220727,16,pyrologix,8,16-26,2022,0.0,0.0,0,drone,1,9.489961992702219e-05,3235,0.004555181756497065,True
GaussianBudget50M_TOPGrowing,PINE_2022-CAMDF-000654,20220809,8,pyrologix,12,39-63,2022,0.0,0.0,0,drone,1,9.489961992702219e-05,5110,0.0046500813764240876,True
GaussianBudget50M_TOPGrowing,PINE_2022-CATNF-000629,20220616,19,pyrologix,2,83-56,2022,0.0,0.0,0,drone,1,9.489961992702219e-05,1040,0.0046500813764240876,True
GaussianBudget50M_TOPGrowing,PINYON_DR___HY_74__E_2022-CARRU-174457,20221129,19,pyrologix,11,none,2022,0.0,0.0,-1,undetected,1,9.489961992702219e-05,0,0.0,False
GaussianBudget50M_TOPGrowing,PIONEER_2022-CASTF-000035,20220109,20,pyrologix,3,109-64,2022,0.0,0.0,1,drone,1,9.489961992702219e-05,1740,0.0046500813764240876,True
GaussianBudget50M_TOPGrowing,PIPES_2022-CABDF-011375,20220725,21,pyrologix,1,none,2022,0.0,0.0,-1,undetected,1,9.489961992702219e-05,0,0.0,False
GaussianBudget50M_TOPGrowing,PIT_2022-CAPNF-001320,20220728,21,pyrologix,9,70-71,2022,0.0,0.0,0,drone,1,9.489961992702219e-05,3740,0.004365382516643021,True
GaussianBudget50M_TOPGrowing,PIUTE_2022-CAINF-002232,20221015,18,pyrologix,5,none,2022,0.0,0.0,-1,undetected,1,9.489961992702219e-05,0,0.0,False
GaussianBudget50M_TOPGrowing,PLUM_2022-CATNF-001110,20220811,16,pyrologix,12,83-56,2022,0.0,0.0,1,drone,1,9.489961992702219e-05,5115,0.0046500813764240876,True
GaussianBudget50M_TOPGrowing,PLUTO_2022-CASKU-007671,20220904,19,pyrologix,5,28-47,2022,0.0,0.0,0,drone,1,9.489961992702219e-05,2220,0.0046500813764240876,True
GaussianBudget50M_TOPGrowing,PLUTO_2022-CASKU-007925,20220911,2,pyrologix,6,28-47,2022,0.0,0.0,0,drone,1,9.489961992702219e-05,2605,0.0046500813764240876,True
GaussianBudget50M_TOPGrowing,POINTS_2022-CAANF-001851,20220623,23,pyrologix,6,none,2022,0.0,0.0,-1,undetected,1,9.489961992702219e-05,0,0.0,False
GaussianBudget50M_TOPGrowing,POISON_2022-CASNF-000308,20220424,17,pyrologix,10,none,2022,0.0,0.0,-1,undetected,1,9.489961992702219e-05,0,0.0,False
GaussianBudget50M_TOPGrowing,POISON_2022-CASQF-001262,20220623,15,pyrologix,12,none,2022,0.0,0.0,-1,undetected,1,9.489961992702219e-05,0,0.0,False
GaussianBudget50M_TOPGrowing,POLE_2022-CALNF-002520,20220527,9,pyrologix,9,none,2022,0.0,0.0,-1,undetected,1,9.489961992702219e-05,0,0.0,False
GaussianBudget50M_TOPGrowing,POPLAR_2022-CABDF-000906,20220114,1,pyrologix,3,none,2022,0.0,0.0,-1,undetected,1,9.489961992702219e-05,0,0.0,False
GaussianBudget50M_TOPGrowing,POST_2022-CASHF-000531,20220623,23,pyrologix,4,53-26,2022,0.0,0.0,0,drone,1,9.489961992702219e-05,1720,0.0046500813764240876,True
GaussianBudget50M_TOPGrowing,POTEM_2022-CASHF-001027,20220923,12,pyrologix,11,42-46,2022,0.0,0.0,0,drone,1,9.489961992702219e-05,4440,0.0046500813764240876,True
GaussianBudget50M_TOPGrowing,POWDER_2022-CASQF-001815,20220725,11,pyrologix,8,165-77,2022,0.0,0.0,0,drone,1,9.489961992702219e-05,3205,0.0046500813764240876,True
GaussianBudget50M_TOPGrowing,POWELL_2022-CABDF-010922,20220715,19,pyrologix,9,206-87,2022,0.0,0.0,0,drone,1,9.489961992702219e-05,3625,0.004460282136570043,True
GaussianBudget50M_TOPGrowing,POWERHOUSE_2022-CALAC-115324,20220406,19,pyrologix,7,none,2022,0.0,0.0,-1,undetected,1,9.489961992702219e-05,0,0.0,False
GaussianBudget50M_TOPGrowing,PROSSER_2022-CATNF-000712,20220629,21,pyrologix,3,84-67,2022,0.0,0.0,0,drone,1,9.489961992702219e-05,1215,0.004460282136570043,True
GaussianBudget50M_TOPGrowing,PROVO_2022-CASTF-002031,20221020,16,pyrologix,5,118-57,2022,0.0,0.0,0,drone,1,9.489961992702219e-05,2185,0.0046500813764240876,True
GaussianBudget50M_TOPGrowing,PURCELL_2022-CABDF-004201,20220302,4,pyrologix,6,none,2022,0.0,0.0,-1,undetected,1,9.489961992702219e-05,0,0.0,False
GaussianBudget50M_TOPGrowing,PYRAMID__2022-CAANF-003197,20220928,1,pyrologix,3,none,2022,0.0,0.0,-1,undetected,1,9.489961992702219e-05,0,0.0,False
GaussianBudget50M_TOPGrowing,Panther_2022-CASRF-000523,20220715,8,pyrologix,12,23-25,2022,0.0,0.0,0,drone,1,9.489961992702219e-05,4720,0.0046500813764240876,True
GaussianBudget50M_TOPGrowing,Panther_2022-CASRF-000860,20221004,6,pyrologix,8,39-18,2022,0.0,0.0,0,drone,1,9.489961992702219e-05,3335,0.0046500813764240876,True
GaussianBudget50M_TOPGrowing,Patrick_2022-CASRF-000469,20220701,14,pyrologix,9,none,2022,0.0,0.0,-1,undetected,1,9.489961992702219e-05,0,0.0,False
GaussianBudget50M_TOPGrowing,Pecks_2022-CAPNF-000939,20220624,15,pyrologix,10,64-56,2022,0.0,0.0,0,drone,1,9.489961992702219e-05,3950,0.004555181756497065,True
GaussianBudget50M_TOPGrowing,Penman_2022-CAPNF-001402,20220803,14,pyrologix,10,77-62,2022,0.0,0.0,0,drone,1,9.489961992702219e-05,4155,0.0046500813764240876,True
GaussianBudget50M_TOPGrowing,Pike_2022-CAPNF-000210,20220310,16,pyrologix,4,77-48,2022,0.0,0.0,0,drone,1,9.489961992702219e-05,1845,0.0046500813764240876,True
GaussianBudget50M_TOPGrowing,Pine_2022-CASHF-000915,20220902,0,pyrologix,1,46-21,2022,0.0,0.0,0,drone,1,9.489961992702219e-05,520,0.0026571893579566213,True
GaussianBudget50M_TOPGrowing,Pleasant_2022-CASRF-000589,20220730,14,pyrologix,9,none,2022,0.0,0.0,-1,undetected,1,9.489961992702219e-05,0,0.0,False
GaussianBudget50M_TOPGrowing,Pleito_2022-CALPF-001219,20220612,19,pyrologix,4,none,2022,0.0,0.0,-1,undetected,1,9.489961992702219e-05,0,0.0,False
GaussianBudget50M_TOPGrowing,Ponderosa_2022-CAPNF-001784,20220905,22,pyrologix,8,64-56,2022,0.0,0.0,0,drone,1,9.489961992702219e-05,3425,0.004555181756497065,True
GaussianBudget50M_TOPGrowing,Powerline_2022-CALPF-002719,20221106,13,pyrologix,7,none,2022,0.0,0.0,-1,undetected,1,9.489961992702219e-05,0,0.0,False
GaussianBudget50M_TOPGrowing,QUAIL_2022-CAANF-002702,20220818,0,pyrologix,2,none,2022,0.0,0.0,-1,undetected,1,9.489961992702219e-05,0,0.0,False
GaussianBudget50M_TOPGrowing,RADFORD__2022-CABDF-012958,20220905,20,pyrologix,2,none,2022,0.0,0.0,-1,undetected,1,9.489961992702219e-05,0,0.0,False
GaussianBudget50M_TOPGrowing,RANCHERIA_2022-CAKNF-007079,20220819,1,pyrologix,2,18-33,2022,0.0,0.0,1,drone,1,9.489961992702219e-05,1360,0.004555181756497065,True
GaussianBudget50M_TOPGrowing,RANCH_2022-CAANF-001111,20220423,17,pyrologix,6,none,2022,0.0,0.0,-1,undetected,1,9.489961992702219e-05,0,0.0,False
GaussianBudget50M_TOPGrowing,RANCH_2022-CASHF-000830,20220816,5,pyrologix,9,41-39,2022,0.0,0.0,0,drone,1,9.489961992702219e-05,3600,0.0047449809963511095,True
GaussianBudget50M_TOPGrowing,RANCH_2022-CASHU-006486,20220620,17,pyrologix,3,41-39,2022,0.0,0.0,1,drone,1,9.489961992702219e-05,1670,0.004555181756497065,True
GaussianBudget50M_TOPGrowing,RANGE_2022-CAANF-003605,20221116,22,pyrologix,4,none,2022,0.0,0.0,-1,undetected,1,9.489961992702219e-05,0,0.0,False
GaussianBudget50M_TOPGrowing,RANGE_2022-CALAC-389416,20221116,23,pyrologix,2,none,2022,0.0,0.0,-1,undetected,1,9.489961992702219e-05,0,0.0,False
GaussianBudget50M_TOPGrowing,RANGE_2022-CASQF-000905,20220528,15,pyrologix,12,159-73,2022,0.0,0.0,1,drone,1,9.489961992702219e-05,5175,0.0046500813764240876,True
GaussianBudget50M_TOPGrowing,RATTLESNAKE_2022-CASQF-001256,20220623,16,pyrologix,4,172-80,2022,0.0,0.0,0,drone,1,9.489961992702219e-05,1635,0.0046500813764240876,True
GaussianBudget50M_TOPGrowing,REDWOOD_2022-CASQF-002421,20220912,15,pyrologix,9,165-77,2022,0.0,0.0,0,drone,1,9.489961992702219e-05,3545,0.0046500813764240876,True
GaussianBudget50M_TOPGrowing,RED_2022-CAINF-001532,20220721,17,pyrologix,2,none,2022,0.0,0.0,-1,undetected,1,9.489961992702219e-05,0,0.0,False
GaussianBudget50M_TOPGrowing,RED_2022-CASHF-000666,20220720,20,pyrologix,12,35-47,2022,0.0,0.0,2,drone,1,9.489961992702219e-05,5710,0.0046500813764240876,True
GaussianBudget50M_TOPGrowing,RIDGE_2022-CABDF-013835,20221004,22,pyrologix,5,206-87,2022,0.0,0.0,0,drone,1,9.489961992702219e-05,2075,0.004460282136570043,True
GaussianBudget50M_TOPGrowing,RIDGE_2022-CAKNF-007069,20220818,18,pyrologix,4,25-33,2022,0.0,0.0,1,drone,1,9.489961992702219e-05,2175,0.0046500813764240876,True
GaussianBudget50M_TOPGrowing,RIDGE_2022-CASKU-004855,20220626,3,pyrologix,4,34-40,2022,0.0,0.0,1,drone,1,9.489961992702219e-05,2150,0.0046500813764240876,True
GaussianBudget50M_TOPGrowing,RIDGE_2022-CASQF-002016,20220808,0,pyrologix,1,none,2022,0.0,0.0,-1,undetected,1,9.489961992702219e-05,0,0.0,False
GaussianBudget50M_TOPGrowing,RIVERWOOD_2022-CAANF-000805,20220327,23,pyrologix,9,none,2022,0.0,0.0,-1,undetected,1,9.489961992702219e-05,0,0.0,False
GaussianBudget50M_TOPGrowing,ROAD_2022-CACNF-002251,20220916,21,pyrologix,2,none,2022,0.0,0.0,-1,undetected,1,9.489961992702219e-05,0,0.0,False
GaussianBudget50M_TOPGrowing,ROAD_2022-CASQF-000076,20220116,7,pyrologix,9,172-74,2022,0.0,0.0,1,drone,1,9.489961992702219e-05,4095,0.0046500813764240876,True
GaussianBudget50M_TOPGrowing,ROCK_2022-CABDF-012938,20220905,14,pyrologix,3,206-87,2022,0.0,0.0,0,drone,1,9.489961992702219e-05,1400,0.004460282136570043,True
GaussianBudget50M_TOPGrowing,ROCK_2022-CACNF-002771,20221127,18,pyrologix,10,none,2022,0.0,0.0,-1,undetected,1,9.489961992702219e-05,0,0.0,False
GaussianBudget50M_TOPGrowing,ROCK_2022-CAENF-017506,20220702,15,pyrologix,11,90-54,2022,0.0,0.0,0,drone,1,9.489961992702219e-05,4330,0.0046500813764240876,True
GaussianBudget50M_TOPGrowing,ROCK_2022-CASQF-001645,20220714,14,pyrologix,5,none,2022,0.0,0.0,-1,undetected,1,9.489961992702219e-05,0,0.0,False
GaussianBudget50M_TOPGrowing,ROCK__2022-CAANF-002683,20220816,0,pyrologix,10,none,2022,0.0,0.0,-1,undetected,1,9.489961992702219e-05,0,0.0,False
GaussianBudget50M_TOPGrowing,ROLAND_2022-CASKU-000241,20220109,20,pyrologix,11,28-47,2022,0.0,0.0,1,drone,1,9.489961992702219e-05,4860,0.0046500813764240876,True
GaussianBudget50M_TOPGrowing,ROSASCO_2022-CASTF-000955,20220629,13,pyrologix,5,118-64,2022,0.0,0.0,0,drone,1,9.489961992702219e-05,2090,0.0046500813764240876,True
GaussianBudget50M_TOPGrowing,ROUND__2022-CAMDF-000547,20220802,17,pyrologix,9,none,2022,0.0,0.0,-1,undetected,1,9.489961992702219e-05,0,0.0,False
GaussianBudget50M_TOPGrowing,ROUSEHILL_2022-CABDF-013448,20220923,11,pyrologix,9,225-101,2022,0.0,0.0,0,drone,1,9.489961992702219e-05,3655,0.0046500813764240876,True
GaussianBudget50M_TOPGrowing,ROUSE_2022-CABDF-006304,20220403,17,pyrologix,9,225-101,2022,0.0,0.0,0,drone,1,9.489961992702219e-05,3655,0.0046500813764240876,True
GaussianBudget50M_TOPGrowing,ROUTE_2022-CAANF-002884,20220831,14,pyrologix,10,none,2022,0.0,0.0,-1,undetected,1,9.489961992702219e-05,0,0.0,False
GaussianBudget50M_TOPGrowing,ROWHER_2022-CALAC-279259,20220819,19,pyrologix,12,none,2022,0.0,0.0,-1,undetected,1,9.489961992702219e-05,0,0.0,False
GaussianBudget50M_TOPGrowing,ROYAL_2022-CATNF-001126,20220814,0,pyrologix,2,90-60,2022,0.0,0.0,1,drone,1,9.489961992702219e-05,1330,0.004555181756497065,True
GaussianBudget50M_TOPGrowing,RUN_2022-CASQF-002636,20221011,11,pyrologix,6,172-80,2022,0.0,0.0,0,drone,1,9.489961992702219e-05,2515,0.0046500813764240876,True
GaussianBudget50M_TOPGrowing,RUN_2022-CASTF-001373,20220801,0,pyrologix,1,109-64,2022,0.0,0.0,0,drone,1,9.489961992702219e-05,620,0.0046500813764240876,True
GaussianBudget50M_TOPGrowing,RUSH_2022-CAANF-002764,20220821,18,pyrologix,7,none,2022,0.0,0.0,-1,undetected,1,9.489961992702219e-05,0,0.0,False
GaussianBudget50M_TOPGrowing,RUSS_2022-CAANF-001361,20220515,19,pyrologix,4,none,2022,0.0,0.0,-1,undetected,1,9.489961992702219e-05,0,0.0,False
GaussianBudget50M_TOPGrowing,RUSS_2022-CALAC-161600,20220515,17,pyrologix,7,none,2022,0.0,0.0,-1,undetected,1,9.489961992702219e-05,0,0.0,False
GaussianBudget50M_TOPGrowing,Ranch_2022-CAPNF-001109,20220709,16,pyrologix,7,70-64,2022,0.0,0.0,1,drone,1,9.489961992702219e-05,3345,0.0046500813764240876,True
GaussianBudget50M_TOPGrowing,Rattlesnake_2022-CASHF-000929,20220905,20,pyrologix,12,46-21,2022,0.0,0.0,1,drone,1,9.489961992702219e-05,5305,0.0046500813764240876,True
GaussianBudget50M_TOPGrowing,Red_2022-CASRF-000188,20220401,2,pyrologix,4,25-20,2022,0.0,0.0,1,drone,1,9.489961992702219e-05,2125,0.0046500813764240876,True
GaussianBudget50M_TOPGrowing,Red_Cap_2022-CASRF-000472,20220701,17,pyrologix,9,32-26,2022,0.0,0.0,1,drone,1,9.489961992702219e-05,4165,0.0046500813764240876,True
GaussianBudget50M_TOPGrowing,Red__2022-CAPNF-000221,20220313,22,pyrologix,6,70-64,2022,0.0,0.0,0,drone,1,9.489961992702219e-05,2650,0.0046500813764240876,True
GaussianBudget50M_TOPGrowing,Redcap_2022-CASRF-000796,20220910,5,pyrologix,11,32-19,2022,0.0,0.0,1,drone,1,9.489961992702219e-05,4800,0.0046500813764240876,True
GaussianBudget50M_TOPGrowing,Ridge_2022-CALPF-002776,20221112,18,pyrologix,2,none,2022,0.0,0.0,-1,undetected,1,9.489961992702219e-05,0,0.0,False
GaussianBudget50M_TOPGrowing,Ring_2022-CACNF-000260,20220209,14,pyrologix,8,none,2022,0.0,0.0,-1,undetected,1,9.489961992702219e-05,0,0.0,False
GaussianBudget50M_TOPGrowing,Road_2022-CASHF-000927,20220905,21,pyrologix,9,53-26,2022,0.0,0.0,1,drone,1,9.489961992702219e-05,4055,0.0046500813764240876,True
GaussianBudget50M_TOPGrowing,Rock_2022-CALPF-002124,20220902,13,pyrologix,10,none,2022,0.0,0.0,-1,undetected,1,9.489961992702219e-05,0,0.0,False
GaussianBudget50M_TOPGrowing,SADDLE_2022-CABDF-009828,20220624,15,pyrologix,2,none,2022,0.0,0.0,-1,undetected,1,9.489961992702219e-05,0,0.0,False
GaussianBudget50M_TOPGrowing,SAGEHEN_2022-CATNF-000097,20220209,21,pyrologix,6,84-67,2022,0.0,0.0,0,drone,1,9.489961992702219e-05,2470,0.004839880616278132,True
GaussianBudget50M_TOPGrowing,SAGEHEN_2_2022-CATNF-001164,20220819,18,pyrologix,6,84-67,2022,0.0,0.0,0,drone,1,9.489961992702219e-05,2425,0.004839880616278132,True
GaussianBudget50M_TOPGrowing,SALLY_2022-CAANF-001847,20220622,20,pyrologix,7,none,2022,0.0,0.0,-1,undetected,1,9.489961992702219e-05,0,0.0,False
GaussianBudget50M_TOPGrowing,SALMON_2022-CAINF-002294,20221026,1,pyrologix,2,none,2022,0.0,0.0,-1,undetected,1,9.489961992702219e-05,0,0.0,False
GaussianBudget50M_TOPGrowing,SALT_2022-CAKNF-008368,20220922,16,pyrologix,5,18-33,2022,0.0,0.0,0,drone,1,9.489961992702219e-05,2220,0.004555181756497065,True
GaussianBudget50M_TOPGrowing,SAM_2022-CAANF-002622,20220810,18,pyrologix,10,none,2022,0.0,0.0,-1,undetected,1,9.489961992702219e-05,0,0.0,False
GaussianBudget50M_TOPGrowing,SAND1_2022-CAANF-002095,20220706,3,pyrologix,7,none,2022,0.0,0.0,-1,undetected,1,9.489961992702219e-05,0,0.0,False
GaussianBudget50M_TOPGrowing,SAND2_2022-CAANF-002314,20220721,21,pyrologix,7,none,2022,0.0,0.0,-1,undetected,1,9.489961992702219e-05,0,0.0,False
GaussianBudget50M_TOPGrowing,SANDY_2022-CASNF-001407,20220921,18,pyrologix,9,132-67,2022,0.0,0.0,1,drone,1,9.489961992702219e-05,4180,0.0046500813764240876,True
GaussianBudget50M_TOPGrowing,SAN_JUAN_2022-CACNF-000412,20220303,14,pyrologix,12,none,2022,0.0,0.0,-1,undetected,1,9.489961992702219e-05,0,0.0,False
GaussianBudget50M_TOPGrowing,SAN_SIMEON_2022-CANEU-004446,20220212,18,pyrologix,8,83-56,2022,0.0,0.0,0,drone,1,9.489961992702219e-05,3165,0.0046500813764240876,True
GaussianBudget50M_TOPGrowing,SAWMILL_2022-CAINF-001222,20220625,21,pyrologix,4,none,2022,0.0,0.0,-1,undetected,1,9.489961992702219e-05,0,0.0,False
GaussianBudget50M_TOPGrowing,SCENIC__2022-CAINF-001983,20220906,19,pyrologix,12,none,2022,0.0,0.0,-1,undetected,1,9.489961992702219e-05,0,0.0,False
GaussianBudget50M_TOPGrowing,SCHOOL_2022-CASHF-000836,20220817,14,pyrologix,7,41-39,2022,0.0,0.0,0,drone,1,9.489961992702219e-05,3090,0.0047449809963511095,True
GaussianBudget50M_TOPGrowing,SCIARONI_2022-CAENF-025530,20220906,18,pyrologix,2,97-54,2022,0.0,0.0,1,drone,1,9.489961992702219e-05,1360,0.0046500813764240876,True
GaussianBudget50M_TOPGrowing,SCOTT_2022-CAKNF-006525,20220804,17,pyrologix,7,32-33,2022,0.0,0.0,0,drone,1,9.489961992702219e-05,2915,0.0046500813764240876,True
GaussianBudget50M_TOPGrowing,SECRET_2022-CACNF-000662,20220410,16,pyrologix,7,none,2022,0.0,0.0,-1,undetected,1,9.489961992702219e-05,0,0.0,False
GaussianBudget50M_TOPGrowing,SEMI_2022-CACNF-002905,20221230,13,pyrologix,4,none,2022,0.0,0.0,-1,undetected,1,9.489961992702219e-05,0,0.0,False
GaussianBudget50M_TOPGrowing,SEPTEMBER_ABC_MISC_2022-CASNF-001327,20220909,12,pyrologix,11,none,2022,0.0,0.0,-1,undetected,1,9.489961992702219e-05,0,0.0,False
GaussianBudget50M_TOPGrowing,SERRANO_2022-CALAC-398822,20221123,4,pyrologix,6,none,2022,0.0,0.0,-1,undetected,1,9.489961992702219e-05,0,0.0,False
GaussianBudget50M_TOPGrowing,SERRANO_2022-CALAC-404913,20221128,1,pyrologix,9,none,2022,0.0,0.0,-1,undetected,1,9.489961992702219e-05,0,0.0,False
GaussianBudget50M_TOPGrowing,SHACKLEFORD_2022-CASKU-006265,20220731,0,pyrologix,5,25-33,2022,0.0,0.0,0,drone,1,9.489961992702219e-05,2020,0.0046500813764240876,True
GaussianBudget50M_TOPGrowing,SHADOW_2022-CABDF-011575,20220731,19,pyrologix,1,206-87,2022,0.0,0.0,0,drone,1,9.489961992702219e-05,535,0.002467390118102577,True
GaussianBudget50M_TOPGrowing,SHANTY_2022-CAKNF-007057,20220818,12,pyrologix,8,18-33,2022,0.0,0.0,1,drone,1,9.489961992702219e-05,3595,0.0046500813764240876,True
GaussianBudget50M_TOPGrowing,SHELL_2022-CASQF-002632,20221011,23,pyrologix,2,none,2022,0.0,0.0,-1,undetected,1,9.489961992702219e-05,0,0.0,False
GaussianBudget50M_TOPGrowing,SHERWIN_2022-CAINF-001423,20220710,20,pyrologix,8,none,2022,0.0,0.0,-1,undetected,1,9.489961992702219e-05,0,0.0,False
GaussianBudget50M_TOPGrowing,SHORE_2022-CASHF-000560,20220630,9,pyrologix,11,34-40,2022,0.0,0.0,0,drone,1,9.489961992702219e-05,4365,0.0046500813764240876,True
GaussianBudget50M_TOPGrowing,SHORT_2022-CASNF-001063,20220818,11,pyrologix,7,none,2022,0.0,0.0,-1,undetected,1,9.489961992702219e-05,0,0.0,False
GaussianBudget50M_TOPGrowing,SHOT_2022-CAENF-020552,20220727,16,pyrologix,9,none,2022,0.0,0.0,-1,undetected,1,9.489961992702219e-05,0,0.0,False
GaussianBudget50M_TOPGrowing,SIERRA_2022-CAANF-001752,20220615,18,pyrologix,6,none,2022,0.0,0.0,-1,undetected,1,9.489961992702219e-05,0,0.0,False
GaussianBudget50M_TOPGrowing,SIERRA_2022-CAENF-029367,20221013,18,pyrologix,5,none,2022,0.0,0.0,-1,undetected,1,9.489961992702219e-05,0,0.0,False
GaussianBudget50M_TOPGrowing,SIERRA_2022-CALAC-198685,20220615,18,pyrologix,7,none,2022,0.0,0.0,-1,undetected,1,9.489961992702219e-05,0,0.0,False
GaussianBudget50M_TOPGrowing,SIERRA_2022-CATNF-000126,20220216,18,pyrologix,11,77-62,2022,0.0,0.0,0,drone,1,9.489961992702219e-05,4525,0.0046500813764240876,True
GaussianBudget50M_TOPGrowing,SILVERWOOD_2022-CABDU-015584,20221030,16,pyrologix,3,none,2022,0.0,0.0,-1,undetected,1,9.489961992702219e-05,0,0.0,False
GaussianBudget50M_TOPGrowing,SIMS_2022-CASHF-000420,20220520,12,pyrologix,5,41-39,2022,0.0,0.0,0,drone,1,9.489961992702219e-05,2225,0.0046500813764240876,True
GaussianBudget50M_TOPGrowing,SIX__2022-CAMDF-000534,20220801,13,pyrologix,11,none,2022,0.0,0.0,-1,undetected,1,9.489961992702219e-05,0,0.0,False
GaussianBudget50M_TOPGrowing,SKIVIEW_LN__HUNTINGTON_LAKE_2022-CAFKU-009849,20220624,11,pyrologix,6,139-70,2022,0.0,0.0,1,drone,1,9.489961992702219e-05,2885,0.0046500813764240876,True
GaussianBudget50M_TOPGrowing,SKUNK_2022-CABDF-009747,20220622,18,pyrologix,3,225-101,2022,0.0,0.0,0,drone,1,9.489961992702219e-05,1405,0.0046500813764240876,True
GaussianBudget50M_TOPGrowing,SKYWAY_2022-CABTU-010529,20220615,19,pyrologix,2,69-43,2022,0.0,0.0,0,drone,1,9.489961992702219e-05,965,0.00389088441700791,True
GaussianBudget50M_TOPGrowing,SKY_2022-CACNF-000444,20220308,22,pyrologix,6,none,2022,0.0,0.0,-1,undetected,1,9.489961992702219e-05,0,0.0,False
GaussianBudget50M_TOPGrowing,SLATE_2022-CASQF-002086,20220815,15,pyrologix,10,165-77,2022,0.0,0.0,0,drone,1,9.489961992702219e-05,3930,0.0046500813764240876,True
GaussianBudget50M_TOPGrowing,SLIDE_2022-CAMNF-000341,20220409,20,pyrologix,10,none,2022,0.0,0.0,-1,undetected,1,9.489961992702219e-05,0,0.0,False
GaussianBudget50M_TOPGrowing,SLIDE_2022-CASHF-001072,20221001,19,pyrologix,2,39-18,2022,0.0,0.0,1,drone,1,9.489961992702219e-05,1375,0.0046500813764240876,True
GaussianBudget50M_TOPGrowing,SLINKARD_2022-CAKNF-006253,20220730,22,pyrologix,4,18-33,2022,0.0,0.0,0,drone,1,9.489961992702219e-05,1805,0.004555181756497065,True
GaussianBudget50M_TOPGrowing,SMOKEY_2022-CAKNF-006504,20220804,12,pyrologix,5,20-40,2022,0.0,0.0,0,drone,1,9.489961992702219e-05,2215,0.004555181756497065,True
GaussianBudget50M_TOPGrowing,SMOKEY_2022-CALAC-032325,20220125,14,pyrologix,4,none,2022,0.0,0.0,-1,undetected,1,9.489961992702219e-05,0,0.0,False
GaussianBudget50M_TOPGrowing,SNF_OCTOBER_ABC_MISC_2022-CASNF-001467,20221003,15,pyrologix,3,131-73,2022,0.0,0.0,0,drone,1,9.489961992702219e-05,1195,0.0047449809963511095,True
GaussianBudget50M_TOPGrowing,SNOWSHOE_2022-CAKNF-007059,20220818,11,pyrologix,12,25-33,2022,0.0,0.0,0,drone,1,9.489961992702219e-05,4915,0.0046500813764240876,True
GaussianBudget50M_TOPGrowing,SNOW_2022-CABDF-009050,20220607,15,pyrologix,12,none,2022,0.0,0.0,-1,undetected,1,9.489961992702219e-05,0,0.0,False
GaussianBudget50M_TOPGrowing,SNOW_2022-CASNF-001565,20221026,19,pyrologix,7,125-64,2022,0.0,0.0,0,drone,1,9.489961992702219e-05,3045,0.0046500813764240876,True
GaussianBudget50M_TOPGrowing,SNOW_2022-CATNF-000427,20220430,12,pyrologix,12,83-56,2022,0.0,0.0,1,drone,1,9.489961992702219e-05,5335,0.0046500813764240876,True
GaussianBudget50M_TOPGrowing,SNYDER_2022-CASNF-000606,20220623,11,pyrologix,6,125-64,2022,0.0,0.0,0,drone,1,9.489961992702219e-05,2440,0.0046500813764240876,True
GaussianBudget50M_TOPGrowing,SODA_2022-CASHF-000468,20220604,20,pyrologix,8,34-40,2022,0.0,0.0,0,drone,1,9.489961992702219e-05,3305,0.0046500813764240876,True
GaussianBudget50M_TOPGrowing,SOLDIER_2022-CAMDF-000668,20220810,11,pyrologix,4,none,2022,0.0,0.0,-1,undetected,1,9.489961992702219e-05,0,0.0,False
GaussianBudget50M_TOPGrowing,SOLEDAD_2022-CAANF-000545,20220301,20,pyrologix,2,none,2022,0.0,0.0,-1,undetected,1,9.489961992702219e-05,0,0.0,False
GaussianBudget50M_TOPGrowing,SONATA__2022-CAANF-000042,20220106,1,pyrologix,8,none,2022,0.0,0.0,-1,undetected,1,9.489961992702219e-05,0,0.0,False
GaussianBudget50M_TOPGrowing,SOQUEL_2022-CASNF-000160,20220227,16,pyrologix,6,132-67,2022,0.0,0.0,1,drone,1,9.489961992702219e-05,2930,0.0046500813764240876,True
GaussianBudget50M_TOPGrowing,SOTCHER_2022-CAINF-001593,20220727,12,pyrologix,3,none,2022,0.0,0.0,-1,undetected,1,9.489961992702219e-05,0,0.0,False
GaussianBudget50M_TOPGrowing,SOUTHERN_2022-CABDF-013845,20221004,12,pyrologix,4,225-101,2022,0.0,0.0,1,drone,1,9.489961992702219e-05,2210,0.0046500813764240876,True
GaussianBudget50M_TOPGrowing,SOUTH_2022-CAKNF-004940,20220628,8,pyrologix,10,32-33,2022,0.0,0.0,0,drone,1,9.489961992702219e-05,4150,0.0046500813764240876,True
GaussianBudget50M_TOPGrowing,SOUTH_2022-CASHF-000766,20220804,21,pyrologix,9,53-26,2022,0.0,0.0,0,drone,1,9.489961992702219e-05,3760,0.0046500813764240876,True
GaussianBudget50M_TOPGrowing,SOUTH_RIDGE__2022-CABDF-008956,20220605,14,pyrologix,12,225-101,2022,0.0,0.0,1,drone,1,9.489961992702219e-05,5335,0.0046500813764240876,True
GaussianBudget50M_TOPGrowing,SPANISH_2022-CALAC-401758,20221125,12,pyrologix,11,none,2022,0.0,0.0,-1,undetected,1,9.489961992702219e-05,0,0.0,False
GaussianBudget50M_TOPGrowing,SPICE_2022-CASTF-001736,20220907,0,pyrologix,4,109-64,2022,0.0,0.0,1,drone,1,9.489961992702219e-05,2075,0.0046500813764240876,True
GaussianBudget50M_TOPGrowing,SPRINGS_2022-CABDF-009886,20220625,15,pyrologix,2,none,2022,0.0,0.0,-1,undetected,1,9.489961992702219e-05,0,0.0,False
GaussianBudget50M_TOPGrowing,SPRINGS_2022-CATCU-010416,20220816,4,pyrologix,1,104-58,2022,0.0,0.0,0,drone,1,9.489961992702219e-05,615,0.004365382516643021,True
GaussianBudget50M_TOPGrowing,SPRING_2022-CAANF-000333,20220206,16,pyrologix,12,none,2022,0.0,0.0,-1,undetected,1,9.489961992702219e-05,0,0.0,False
GaussianBudget50M_TOPGrowing,SPUR__2022-CASTF-001105,20220709,22,pyrologix,11,109-64,2022,0.0,0.0,1,drone,1,9.489961992702219e-05,4880,0.0046500813764240876,True
GaussianBudget50M_TOPGrowing,STAGING_2022-CAANF-001720,20220613,14,pyrologix,8,none,2022,0.0,0.0,-1,undetected,1,9.489961992702219e-05,0,0.0,False
GaussianBudget50M_TOPGrowing,STAMPEDE_2022-CATNF-000793,20220705,16,pyrologix,2,84-67,2022,0.0,0.0,0,drone,1,9.489961992702219e-05,875,0.004270482896715999,True
GaussianBudget50M_TOPGrowing,STANDBY_2022-CABDF-015587,20221105,18,pyrologix,7,none,2022,0.0,0.0,-1,undetected,1,9.489961992702219e-05,0,0.0,False
GaussianBudget50M_TOPGrowing,STATE_2022-CABDF-013904,20221006,16,pyrologix,5,none,2022,0.0,0.0,-1,undetected,1,9.489961992702219e-05,0,0.0,False
GaussianBudget50M_TOPGrowing,STATION_2022-CASTF-000858,20220619,18,pyrologix,4,none,2022,0.0,0.0,-1,undetected,1,9.489961992702219e-05,0,0.0,False
GaussianBudget50M_TOPGrowing,STOCKTON_2022-CAANF-001855,20220623,1,pyrologix,11,206-87,2022,0.0,0.0,0,drone,1,9.489961992702219e-05,4265,0.004555181756497065,True
GaussianBudget50M_TOPGrowing,STOCKTON_2022-CABDF-005269,20220320,13,pyrologix,10,206-87,2022,0.0,0.0,0,drone,1,9.489961992702219e-05,3910,0.004555181756497065,True
GaussianBudget50M_TOPGrowing,STONEY_2022-CAANF-002168,20220710,20,pyrologix,1,none,2022,0.0,0.0,-1,undetected,1,9.489961992702219e-05,0,0.0,False
GaussianBudget50M_TOPGrowing,STONE_2022-CABDF-011342,20220725,20,pyrologix,9,206-87,2022,0.0,0.0,0,drone,1,9.489961992702219e-05,3665,0.004555181756497065,True
GaussianBudget50M_TOPGrowing,STONY__2022-CASQF-001949,20220804,15,pyrologix,5,164-82,2022,0.0,0.0,0,drone,1,9.489961992702219e-05,2040,0.0046500813764240876,True
GaussianBudget50M_TOPGrowing,STREAM_2022-CAANF-000224,20220125,19,pyrologix,10,none,2022,0.0,0.0,-1,undetected,1,9.489961992702219e-05,0,0.0,False
GaussianBudget50M_TOPGrowing,STUD_2022-CAKNF-007112,20220819,21,pyrologix,4,25-33,2022,0.0,0.0,0,drone,1,9.489961992702219e-05,1780,0.0046500813764240876,True
GaussianBudget50M_TOPGrowing,SUGAR2_2022-CASQF-002374,20220908,23,pyrologix,2,172-74,2022,0.0,0.0,0,drone,1,9.489961992702219e-05,895,0.0046500813764240876,True
GaussianBudget50M_TOPGrowing,SUGARLOAF_2022-CATUU-000059,20220222,23,pyrologix,4,172-74,2022,0.0,0.0,0,drone,1,9.489961992702219e-05,1700,0.0046500813764240876,True
GaussianBudget50M_TOPGrowing,SUGAR_2022-CAMNF-000510,20220520,15,pyrologix,1,60-26,2022,0.0,0.0,0,drone,1,9.489961992702219e-05,525,0.0036061855572268433,True
GaussianBudget50M_TOPGrowing,SUGAR_2022-CASQF-001288,20220625,16,pyrologix,5,172-80,2022,0.0,0.0,0,drone,1,9.489961992702219e-05,2095,0.0046500813764240876,True
GaussianBudget50M_TOPGrowing,SULFUR_2022-CAANF-001837,20220622,13,pyrologix,8,none,2022,0.0,0.0,-1,undetected,1,9.489961992702219e-05,0,0.0,False
GaussianBudget50M_TOPGrowing,SUMMIT_2022-CASHU-000838,20220123,23,pyrologix,7,46-28,2022,0.0,0.0,0,drone,1,9.489961992702219e-05,2705,0.0046500813764240876,True
GaussianBudget50M_TOPGrowing,SUMMIT_2022-CASQF-001726,20220720,0,pyrologix,2,none,2022,0.0,0.0,-1,undetected,1,9.489961992702219e-05,0,0.0,False
GaussianBudget50M_TOPGrowing,SUNDAY_2022-CASQF-002635,20221011,0,pyrologix,10,172-80,2022,0.0,0.0,0,drone,1,9.489961992702219e-05,4020,0.0046500813764240876,True
GaussianBudget50M_TOPGrowing,SUNNY_2022-CAINF-000688,20220418,18,pyrologix,12,none,2022,0.0,0.0,-1,undetected,1,9.489961992702219e-05,0,0.0,False
GaussianBudget50M_TOPGrowing,SWEET_2022-CASHF-001003,20220918,22,pyrologix,5,41-39,2022,0.0,0.0,0,drone,1,9.489961992702219e-05,2225,0.0046500813764240876,True
GaussianBudget50M_TOPGrowing,SWITCHBACK_2022-CABDF-004966,20220314,11,pyrologix,3,206-87,2022,0.0,0.0,1,drone,1,9.489961992702219e-05,1685,0.004460282136570043,True
GaussianBudget50M_TOPGrowing,SWITZER_2022-CAANF-002733,20220820,18,pyrologix,1,none,2022,0.0,0.0,-1,undetected,1,9.489961992702219e-05,0,0.0,False
GaussianBudget50M_TOPGrowing,SWORD_2022-CASTF-001771,20220910,12,pyrologix,10,109-64,2022,0.0,0.0,1,drone,1,9.489961992702219e-05,4600,0.0046500813764240876,True
GaussianBudget50M_TOPGrowing,Salmon_2_2022-CASRF-000549,20220722,0,pyrologix,10,32-19,2022,0.0,0.0,1,drone,1,9.489961992702219e-05,4435,0.0046500813764240876,True
GaussianBudget50M_TOPGrowing,Salmon__2022-CASRF-000204,20220407,17,pyrologix,10,none,2022,0.0,0.0,-1,undetected,1,9.489961992702219e-05,0,0.0,False
GaussianBudget50M_TOPGrowing,Sand_2022-CAINF-001596,20220727,18,pyrologix,11,none,2022,0.0,0.0,-1,undetected,1,9.489961992702219e-05,0,0.0,False
GaussianBudget50M_TOPGrowing,Seco_2022-CALPF-001931,20220815,15,pyrologix,2,none,2022,0.0,0.0,-1,undetected,1,9.489961992702219e-05,0,0.0,False
GaussianBudget50M_TOPGrowing,Signal_2022-CASRF-000803,20220911,15,pyrologix,11,none,2022,0.0,0.0,-1,undetected,1,9.489961992702219e-05,0,0.0,False
GaussianBudget50M_TOPGrowing,Smith__2022-CASRF-000713,20220827,22,pyrologix,5,none,2022,0.0,0.0,-1,undetected,1,9.489961992702219e-05,0,0.0,False
GaussianBudget50M_TOPGrowing,Snake_2022-CAPNF-000887,20220618,21,pyrologix,6,70-57,2022,0.0,0.0,0,drone,1,9.489961992702219e-05,2360,0.0046500813764240876,True
GaussianBudget50M_TOPGrowing,Spanish__2022-CAPNF-002255,20221023,18,pyrologix,9,70-57,2022,0.0,0.0,0,drone,1,9.489961992702219e-05,3550,0.0046500813764240876,True
GaussianBudget50M_TOPGrowing,Spike_2022-CASRF-000626,20220805,12,pyrologix,9,39-18,2022,0.0,0.0,0,drone,1,9.489961992702219e-05,3600,0.0046500813764240876,True
GaussianBudget50M_TOPGrowing,Sportshaven_2022-CASRF-000114,20220312,1,pyrologix,2,46-21,2022,0.0,0.0,1,drone,1,9.489961992702219e-05,1435,0.004555181756497065,True
GaussianBudget50M_TOPGrowing,Stagecoach_2022-CALPF-001845,20220807,17,pyrologix,2,none,2022,0.0,0.0,-1,undetected,1,9.489961992702219e-05,0,0.0,False
GaussianBudget50M_TOPGrowing,Sunrise_2022-CACNF-000024,20220103,0,pyrologix,3,none,2022,0.0,0.0,-1,undetected,1,9.489961992702219e-05,0,0.0,False
GaussianBudget50M_TOPGrowing,TANK_2022-CAMDF-000665,20220810,19,pyrologix,10,none,2022,0.0,0.0,-1,undetected,1,9.489961992702219e-05,0,0.0,False
GaussianBudget50M_TOPGrowing,TANNERY_2022-CASHF-000273,20220409,23,pyrologix,3,39-32,2022,0.0,0.0,0,drone,1,9.489961992702219e-05,1380,0.0046500813764240876,True
GaussianBudget50M_TOPGrowing,TAVERN_2022-CACNF-001474,20220628,3,pyrologix,1,none,2022,0.0,0.0,-1,undetected,1,9.489961992702219e-05,0,0.0,False
GaussianBudget50M_TOPGrowing,TC_PT23_2022-CACNF-000844,20220505,11,pyrologix,11,none,2022,0.0,0.0,-1,undetected,1,9.489961992702219e-05,0,0.0,False
GaussianBudget50M_TOPGrowing,TEMPLIN_2022-CAANF-001185,20220430,20,pyrologix,5,none,2022,0.0,0.0,-1,undetected,1,9.489961992702219e-05,0,0.0,False
GaussianBudget50M_TOPGrowing,TENNANT_2022-CAKNF-004139,20220603,0,pyrologix,2,25-54,2022,0.0,0.0,1,drone,1,9.489961992702219e-05,1350,0.0046500813764240876,True
GaussianBudget50M_TOPGrowing,TEXAS_2022-CAANF-001346,20220515,3,pyrologix,2,none,2022,0.0,0.0,-1,undetected,1,9.489961992702219e-05,0,0.0,False
GaussianBudget50M_TOPGrowing,THOMPKINS_2022-CAKNF-007031,20220818,21,pyrologix,10,25-33,2022,0.0,0.0,1,drone,1,9.489961992702219e-05,4590,0.0046500813764240876,True
GaussianBudget50M_TOPGrowing,THREE_2022-CACNF-002526,20221022,19,pyrologix,4,none,2022,0.0,0.0,-1,undetected,1,9.489961992702219e-05,0,0.0,False
GaussianBudget50M_TOPGrowing,TIGER_2022-CASQF-002634,20221011,2,pyrologix,1,172-80,2022,0.0,0.0,0,drone,1,9.489961992702219e-05,590,0.004365382516643021,True
GaussianBudget50M_TOPGrowing,TIMBER_2022-CAMDF-000593,20220805,20,pyrologix,2,none,2022,0.0,0.0,-1,undetected,1,9.489961992702219e-05,0,0.0,False
GaussianBudget50M_TOPGrowing,TINTA_2022-CALPF-002186,20220905,12,pyrologix,12,none,2022,0.0,0.0,-1,undetected,1,9.489961992702219e-05,0,0.0,False
GaussianBudget50M_TOPGrowing,TITUS_2022-CAKNF-001199,20220215,19,pyrologix,10,16-26,2022,0.0,0.0,0,drone,1,9.489961992702219e-05,3965,0.004555181756497065,True
GaussianBudget50M_TOPGrowing,TNF_MUTUAL_AID_2022-CATNF-000081,20220204,22,pyrologix,6,83-49,2022,0.0,0.0,1,drone,1,9.489961992702219e-05,2950,0.0046500813764240876,True
GaussianBudget50M_TOPGrowing,TNF_SEPTEMBER_LIGHTNING_2022-CATNF-001364,20220906,12,pyrologix,10,83-56,2022,0.0,0.0,1,drone,1,9.489961992702219e-05,4460,0.0046500813764240876,True
GaussianBudget50M_TOPGrowing,TORO_2022-CALPF-002707,20221104,20,pyrologix,5,none,2022,0.0,0.0,-1,undetected,1,9.489961992702219e-05,0,0.0,False
GaussianBudget50M_TOPGrowing,TOWNSEND_2022-CAKNF-007020,20220818,0,pyrologix,1,25-33,2022,0.0,0.0,0,drone,1,9.489961992702219e-05,570,0.004175583276788976,True
GaussianBudget50M_TOPGrowing,TRAIL_2022-CABDF-003801,20220221,17,pyrologix,11,none,2022,0.0,0.0,-1,undetected,1,9.489961992702219e-05,0,0.0,False
GaussianBudget50M_TOPGrowing,TRAIL_2022-CABID-000972,20220531,9,pyrologix,3,none,2022,0.0,0.0,-1,undetected,1,9.489961992702219e-05,0,0.0,False
GaussianBudget50M_TOPGrowing,TRAINGLE_2022-CAMDF-000741,20220819,17,pyrologix,8,none,2022,0.0,0.0,-1,undetected,1,9.489961992702219e-05,0,0.0,False
GaussianBudget50M_TOPGrowing,TRAINING_2022-CAANF-000001,20220404,14,pyrologix,11,none,2022,0.0,0.0,-1,undetected,1,9.489961992702219e-05,0,0.0,False
GaussianBudget50M_TOPGrowing,TREE_2_2022-CACNF-002474,20221017,13,pyrologix,8,230-96,2022,0.0,0.0,0,drone,1,9.489961992702219e-05,3175,0.0046500813764240876,True
GaussianBudget50M_TOPGrowing,TREE_2_2022-CAMVU-022381,20221017,14,pyrologix,8,230-96,2022,0.0,0.0,0,drone,1,9.489961992702219e-05,3175,0.0046500813764240876,True
GaussianBudget50M_TOPGrowing,TROUT_2022-CALNF-005198,20220923,18,pyrologix,5,51-53,2022,0.0,0.0,0,drone,1,9.489961992702219e-05,2285,0.0046500813764240876,True
GaussianBudget50M_TOPGrowing,TRUCKEE_2022-CATNF-000439,20220502,13,pyrologix,12,77-62,2022,0.0,0.0,1,drone,1,9.489961992702219e-05,5345,0.0046500813764240876,True
GaussianBudget50M_TOPGrowing,TULE_2022-CASHF-000761,20220803,18,pyrologix,12,53-26,2022,0.0,0.0,1,drone,1,9.489961992702219e-05,5235,0.0046500813764240876,True
GaussianBudget50M_TOPGrowing,TULE_2022-CASHU-008564,20220803,20,pyrologix,7,46-21,2022,0.0,0.0,0,drone,1,9.489961992702219e-05,3030,0.0046500813764240876,True
GaussianBudget50M_TOPGrowing,TULLAMORE_2022-CAENF-031670,20221104,14,pyrologix,12,90-54,2022,0.0,0.0,0,drone,1,9.489961992702219e-05,4725,0.0046500813764240876,True
GaussianBudget50M_TOPGrowing,TURNER_2022-CALNF-005161,20220922,13,pyrologix,9,56-47,2022,0.0,0.0,1,drone,1,9.489961992702219e-05,4210,0.0046500813764240876,True
GaussianBudget50M_TOPGrowing,TWIN_2022-CASNF-001581,20221029,22,pyrologix,2,none,2022,0.0,0.0,-1,undetected,1,9.489961992702219e-05,0,0.0,False
GaussianBudget50M_TOPGrowing,TYLER_2022-CAKNF-007104,20220819,18,pyrologix,5,25-33,2022,0.0,0.0,0,drone,1,9.489961992702219e-05,2135,0.0046500813764240876,True
GaussianBudget50M_TOPGrowing,Tamarack_2022-CASHF-001167,20221026,20,pyrologix,1,41-39,2022,0.0,0.0,1,drone,1,9.489961992702219e-05,990,0.004555181756497065,True
GaussianBudget50M_TOPGrowing,Texas_2022-CASHF-000953,20220909,19,pyrologix,1,53-26,2022,0.0,0.0,0,drone,1,9.489961992702219e-05,470,0.0036061855572268433,True
GaussianBudget50M_TOPGrowing,Tobin__2022-CAPNF-001671,20220824,18,pyrologix,10,70-50,2022,0.0,0.0,0,drone,1,9.489961992702219e-05,3980,0.0046500813764240876,True
GaussianBudget50M_TOPGrowing,Toland_2022-CALPF-001326,20220622,12,pyrologix,6,none,2022,0.0,0.0,-1,undetected,1,9.489961992702219e-05,0,0.0,False
GaussianBudget50M_TOPGrowing,Trabuco_2022-CACNF-000194,20220130,16,pyrologix,9,none,2022,0.0,0.0,-1,undetected,1,9.489961992702219e-05,0,0.0,False
GaussianBudget50M_TOPGrowing,Trinity_2022-CASHF-000615,20220709,19,pyrologix,3,39-32,2022,0.0,0.0,2,drone,1,9.489961992702219e-05,2080,0.0046500813764240876,True
GaussianBudget50M_TOPGrowing,Turkey_2022-CALPF-000224,20220207,15,pyrologix,7,none,2022,0.0,0.0,-1,undetected,1,9.489961992702219e-05,0,0.0,False
GaussianBudget50M_TOPGrowing,UNION_2022-CATNF-001458,20220925,21,pyrologix,2,76-55,2022,0.0,0.0,2,drone,1,9.489961992702219e-05,1695,0.0046500813764240876,True
GaussianBudget50M_TOPGrowing,USHER_2022-CASHF-000246,20220331,22,pyrologix,4,39-32,2022,0.0,0.0,0,drone,1,9.489961992702219e-05,1755,0.0046500813764240876,True
GaussianBudget50M_TOPGrowing,UTL_2022-CAANF-001846,20220622,22,pyrologix,2,none,2022,0.0,0.0,-1,undetected,1,9.489961992702219e-05,0,0.0,False
GaussianBudget50M_TOPGrowing,UTL_KENNEDY_2022-CAINF-001196,20220623,17,pyrologix,2,none,2022,0.0,0.0,-1,undetected,1,9.489961992702219e-05,0,0.0,False
GaussianBudget50M_TOPGrowing,VALENTINE__2022-CAINF-001579,20220725,23,pyrologix,11,none,2022,0.0,0.0,-1,undetected,1,9.489961992702219e-05,0,0.0,False
GaussianBudget50M_TOPGrowing,VALE_2022-CAANF-002597,20220807,18,pyrologix,9,none,2022,0.0,0.0,-1,undetected,1,9.489961992702219e-05,0,0.0,False
GaussianBudget50M_TOPGrowing,VALLEY_2022-CACNF-002040,20220822,15,pyrologix,7,none,2022,0.0,0.0,-1,undetected,1,9.489961992702219e-05,0,0.0,False
GaussianBudget50M_TOPGrowing,VALLEY_2022-CAMDF-000596,20220805,19,pyrologix,8,none,2022,0.0,0.0,-1,undetected,1,9.489961992702219e-05,0,0.0,False
GaussianBudget50M_TOPGrowing,VALLE_2022-CABDF-006784,20220414,21,pyrologix,7,206-87,2022,0.0,0.0,0,drone,1,9.489961992702219e-05,2780,0.004460282136570043,True
GaussianBudget50M_TOPGrowing,VAQUERO_2022-CALAC-333540,20220930,16,pyrologix,9,none,2022,0.0,0.0,-1,undetected,1,9.489961992702219e-05,0,0.0,False
GaussianBudget50M_TOPGrowing,VERONICA_2022-CACNF-002758,20221125,3,pyrologix,2,none,2022,0.0,0.0,-1,undetected,1,9.489961992702219e-05,0,0.0,False
GaussianBudget50M_TOPGrowing,VIDA_2022-CAMDF-000595,20220805,22,pyrologix,3,none,2022,0.0,0.0,-1,undetected,1,9.489961992702219e-05,0,0.0,False
GaussianBudget50M_TOPGrowing,VIEWPOINT_Viewpoint_2022-CACNF-000189,20220130,6,pyrologix,7,none,2022,0.0,0.0,-1,undetected,1,9.489961992702219e-05,0,0.0,False
GaussianBudget50M_TOPGrowing,VIEW_2022-CACNF-001931,20220809,18,pyrologix,1,none,2022,0.0,0.0,-1,undetected,1,9.489961992702219e-05,0,0.0,False
GaussianBudget50M_TOPGrowing,VILLA_2022-CACNF-002259,20220917,20,pyrologix,1,none,2022,0.0,0.0,-1,undetected,1,9.489961992702219e-05,0,0.0,False
GaussianBudget50M_TOPGrowing,VILLE_2022-CATNF-000514,20220523,16,pyrologix,5,77-62,2022,0.0,0.0,0,drone,1,9.489961992702219e-05,2150,0.0046500813764240876,True
GaussianBudget50M_TOPGrowing,VISTA_2022-CAANF-002399,20220725,23,pyrologix,6,none,2022,0.0,0.0,-1,undetected,1,9.489961992702219e-05,0,0.0,False
GaussianBudget50M_TOPGrowing,VISTA_2022-CALAC-248042,20220725,21,pyrologix,10,none,2022,0.0,0.0,-1,undetected,1,9.489961992702219e-05,0,0.0,False
GaussianBudget50M_TOPGrowing,VISTA_2022-CATNF-000829,20220710,21,pyrologix,2,77-62,2022,0.0,0.0,0,drone,1,9.489961992702219e-05,970,0.004555181756497065,True
GaussianBudget50M_TOPGrowing,VOGEL_2022-CAANF-002915,20220903,5,pyrologix,3,none,2022,0.0,0.0,-1,undetected,1,9.489961992702219e-05,0,0.0,False
GaussianBudget50M_TOPGrowing,Valley__2022-CAPNF-002301,20221030,20,pyrologix,2,64-56,2022,0.0,0.0,0,drone,1,9.489961992702219e-05,1050,0.004270482896715999,True
GaussianBudget50M_TOPGrowing,Viejas_2022-CACNF-000175,20220128,5,pyrologix,5,none,2022,0.0,0.0,-1,undetected,1,9.489961992702219e-05,0,0.0,False
GaussianBudget50M_TOPGrowing,WAGON_TRAIN_2022-CABDF-008317,20220522,17,pyrologix,4,none,2022,0.0,0.0,-1,undetected,1,9.489961992702219e-05,0,0.0,False
GaussianBudget50M_TOPGrowing,WALKER_2022-CAINF-001691,20220804,17,pyrologix,10,none,2022,0.0,0.0,-1,undetected,1,9.489961992702219e-05,0,0.0,False
GaussianBudget50M_TOPGrowing,WALKER_2022-CAKNF-006588,20220806,12,pyrologix,4,18-33,2022,0.0,0.0,0,drone,1,9.489961992702219e-05,1640,0.004555181756497065,True
GaussianBudget50M_TOPGrowing,WALTER_2022-CAANF-002025,20220703,18,pyrologix,4,none,2022,0.0,0.0,-1,undetected,1,9.489961992702219e-05,0,0.0,False
GaussianBudget50M_TOPGrowing,WASHED_2022-CABDF-006563,20220408,21,pyrologix,5,206-87,2022,0.0,0.0,0,drone,1,9.489961992702219e-05,2180,0.004460282136570043,True
GaussianBudget50M_TOPGrowing,WASHINGTON_2022-CATNF-001329,20220904,14,pyrologix,12,83-56,2022,0.0,0.0,0,drone,1,9.489961992702219e-05,5020,0.0046500813764240876,True
GaussianBudget50M_TOPGrowing,WATER_2022-CAANF-003255,20221003,18,pyrologix,9,none,2022,0.0,0.0,-1,undetected,1,9.489961992702219e-05,0,0.0,False
GaussianBudget50M_TOPGrowing,WATSON_2022-CATMU-017364,20220701,13,pyrologix,11,none,2022,0.0,0.0,-1,undetected,1,9.489961992702219e-05,0,0.0,False
GaussianBudget50M_TOPGrowing,WEBER_2022-CAENF-016246,20220621,17,pyrologix,5,97-61,2022,0.0,0.0,0,drone,1,9.489961992702219e-05,2000,0.0046500813764240876,True
GaussianBudget50M_TOPGrowing,WHALE_2022-CALNF-004843,20220906,18,pyrologix,7,53-62,2022,0.0,0.0,0,drone,1,9.489961992702219e-05,3000,0.0046500813764240876,True
GaussianBudget50M_TOPGrowing,WHEELER_2022-CASTF-002002,20221013,16,pyrologix,3,none,2022,0.0,0.0,-1,undetected,1,9.489961992702219e-05,0,0.0,False
GaussianBudget50M_TOPGrowing,WHITAKER_2022-CAANF-002287,20220718,17,pyrologix,4,none,2022,0.0,0.0,-1,undetected,1,9.489961992702219e-05,0,0.0,False
GaussianBudget50M_TOPGrowing,WHITLOW_2022-CASKU-002274,20220326,23,pyrologix,5,37-52,2022,0.0,0.0,0,drone,1,9.489961992702219e-05,2280,0.0046500813764240876,True
GaussianBudget50M_TOPGrowing,WIDOW_2022-CAMDF-000524,20220801,21,pyrologix,8,none,2022,0.0,0.0,-1,undetected,1,9.489961992702219e-05,0,0.0,False
GaussianBudget50M_TOPGrowing,WILCOX_2022-CALNF-002732,20220606,12,pyrologix,11,51-53,2022,0.0,0.0,0,drone,1,9.489961992702219e-05,4650,0.0046500813764240876,True
GaussianBudget50M_TOPGrowing,WILCOX_2022-CALNF-004513,20220821,15,pyrologix,8,51-53,2022,0.0,0.0,0,drone,1,9.489961992702219e-05,3480,0.0046500813764240876,True
GaussianBudget50M_TOPGrowing,WILDWOOD_2022-CABDF-002435,20220208,5,pyrologix,4,none,2022,0.0,0.0,-1,undetected,1,9.489961992702219e-05,0,0.0,False
GaussianBudget50M_TOPGrowing,WILLOWS_2022-CACNF-001571,20220706,0,pyrologix,2,none,2022,0.0,0.0,-1,undetected,1,9.489961992702219e-05,0,0.0,False
GaussianBudget50M_TOPGrowing,WILLOW_2022-CAMDF-000576,20220804,23,pyrologix,1,none,2022,0.0,0.0,-1,undetected,1,9.489961992702219e-05,0,0.0,False
GaussianBudget50M_TOPGrowing,WILLOW_2022-CATNF-000894,20220718,22,pyrologix,4,77-62,2022,0.0,0.0,0,drone,1,9.489961992702219e-05,1760,0.0046500813764240876,True
GaussianBudget50M_TOPGrowing,WILSON__2022-CAANF-001835,20220622,12,pyrologix,8,none,2022,0.0,0.0,-1,undetected,1,9.489961992702219e-05,0,0.0,False
GaussianBudget50M_TOPGrowing,WINDY_2022-CALNF-003884,20220726,8,pyrologix,5,none,2022,0.0,0.0,-1,undetected,1,9.489961992702219e-05,0,0.0,False
GaussianBudget50M_TOPGrowing,WISHON_2022-CASQF-002089,20220815,16,pyrologix,11,159-73,2022,0.0,0.0,0,drone,1,9.489961992702219e-05,4530,0.0046500813764240876,True
GaussianBudget50M_TOPGrowing,WOODGLEN__2022-CAANF-002637,20220813,22,pyrologix,7,none,2022,0.0,0.0,-1,undetected,1,9.489961992702219e-05,0,0.0,False
GaussianBudget50M_TOPGrowing,WOODS_2022-CAENF-014160,20220601,18,pyrologix,3,none,2022,0.0,0.0,-1,undetected,1,9.489961992702219e-05,0,0.0,False
GaussianBudget50M_TOPGrowing,WOOD_2022-CASHF-000731,20220730,13,pyrologix,5,39-25,2022,0.0,0.0,1,drone,1,9.489961992702219e-05,2460,0.0046500813764240876,True
GaussianBudget50M_TOPGrowing,WOOLEY_2022-CAKNF-006378,20220801,20,pyrologix,6,none,2022,0.0,0.0,-1,undetected,1,9.489961992702219e-05,0,0.0,False
GaussianBudget50M_TOPGrowing,WORLDS_2022-CABDF-012272,20220821,0,pyrologix,3,none,2022,0.0,0.0,-1,undetected,1,9.489961992702219e-05,0,0.0,False
GaussianBudget50M_TOPGrowing,WORLDS_2022-CABDU-011960,20220821,23,pyrologix,5,none,2022,0.0,0.0,-1,undetected,1,9.489961992702219e-05,0,0.0,False
GaussianBudget50M_TOPGrowing,WRECKUM_2022-CAENF-023570,20220821,0,pyrologix,3,97-61,2022,0.0,0.0,0,drone,1,9.489961992702219e-05,1210,0.0046500813764240876,True
GaussianBudget50M_TOPGrowing,Waterman_2022-CASRF-000630,20220805,17,pyrologix,2,32-19,2022,0.0,0.0,0,drone,1,9.489961992702219e-05,950,0.0046500813764240876,True
GaussianBudget50M_TOPGrowing,West_2022-CALPF-001318,20220621,18,pyrologix,11,none,2022,0.0,0.0,-1,undetected,1,9.489961992702219e-05,0,0.0,False
GaussianBudget50M_TOPGrowing,Wildcat__2022-CAPNF-002102,20221004,22,pyrologix,11,63-64,2022,0.0,0.0,0,drone,1,9.489961992702219e-05,4395,0.0046500813764240876,True
GaussianBudget50M_TOPGrowing,Wildwood_2022-CAPNF-000850,20220613,16,pyrologix,4,70-57,2022,0.0,0.0,0,drone,1,9.489961992702219e-05,1630,0.0046500813764240876,True
GaussianBudget50M_TOPGrowing,Wildwood_2022-CASHF-000985,20220914,10,pyrologix,8,46-28,2022,0.0,0.0,1,drone,1,9.489961992702219e-05,3640,0.0046500813764240876,True
GaussianBudget50M_TOPGrowing,Williams_2022-CAPNF-001235,20220722,0,pyrologix,4,64-56,2022,0.0,0.0,0,drone,1,9.489961992702219e-05,1655,0.004460282136570043,True
GaussianBudget50M_TOPGrowing,YELLOWJACKET_2022-CAKNF-007030,20220818,21,pyrologix,9,18-33,2022,0.0,0.0,0,drone,1,9.489961992702219e-05,3695,0.0046500813764240876,True
GaussianBudget50M_TOPGrowing,YELLOW_2022-CAKNF-006277,20220731,1,pyrologix,12,18-33,2022,0.0,0.0,1,drone,1,9.489961992702219e-05,5210,0.0046500813764240876,True
GaussianBudget50M_TOPGrowing,YETI_2022-CAKNF-006200,20220730,22,pyrologix,12,18-33,2022,0.0,0.0,0,drone,1,9.489961992702219e-05,4765,0.0046500813764240876,True
GaussianBudget50M_TOPGrowing,YUBA__2022-CATNF-001384,20220908,20,pyrologix,6,77-62,2022,0.0,0.0,0,drone,1,9.489961992702219e-05,2530,0.0046500813764240876,True
GaussianBudget50M_TOPGrowing,ZOT_2022-CASHF-000584,20220703,17,pyrologix,2,27-40,2022,0.0,0.0,0,drone,1,9.489961992702219e-05,1060,0.0046500813764240876,True
GaussianBudget50M_TOPGrowing,ZUNI_2022-CAANF-001826,20220622,4,pyrologix,2,none,2022,0.0,0.0,-1,undetected,1,9.489961992702219e-05,0,0.0,False
GaussianBudget50M_TOPGrowing,mill_creek_1_2022-CAHIA-22-001,20220131,17,pyrologix,9,32-19,2022,0.0,0.0,0,drone,1,9.489961992702219e-05,3645,0.0046500813764240876,True
